path,label,generator
/workspace/data/genbuster-mini/extracted/train/real/cb5a6a26bfe064afdf706b585897d97c9e22b716499dfc6f823e819a7e2d8824.mp4,0,real
/workspace/data/genbuster-mini/extracted/train/fake/cogvideox/45286f27a2ffe5afdc586576e0e8f53e7c626b4ae6be624d73842cc5c912d304.mp4,1,cogvideox
/workspace/data/genbuster-mini/extracted/train/fake/cogvideox/074abf402452f997395ae6f9171d0b989f19536c5ff1e7b09c0c780ed6309b7b.mp4,1,cogvideox
/workspace/data/genbuster-mini/extracted/train/real/b6c27b3e2439d760648b5e9186bc310289a52ea1d67685be27b75e09d0dac859.mp4,0,real
/workspace/data/genbuster-mini/extracted/train/real/b621685ec1f3d3f582a639209ad516574ecaf7304c627d5bc42170142c337805.mp4,0,real
/workspace/data/genbuster-mini/extracted/train/fake/easyanimate/0ca49c02a0225378c765f664e9272478c916e070015d5417a325ed5fc393f9d4.mp4,1,easyanimate
/workspace/data/genbuster-mini/extracted/train/real/761e51a22a311dfc7926e50c409348d3cbea50127d96bb54d28a358299de66e9.mp4,0,real
/workspace/data/genbuster-mini/extracted/train/real/3eaf57bcfe3d67b4059b2a66534a7a6e5a066fff98f17385e8a6186ea9d7343d.mp4,0,real
/workspace/data/genbuster-mini/extracted/train/fake/easyanimate/3ce49278099f660a042a4fbbee8583cc22006e25df916f28690fed05e0b758f9.mp4,1,easyanimate
/workspace/data/genbuster-mini/extracted/train/real/56d6c40cf673d1d5d1e97f42f55495b3439e17fcd2848c66a3b99bd4e7d7fb0f.mp4,0,real
/workspace/data/genbuster-mini/extracted/train/real/e953f0fd988e471c80dd3f66357fa92bee74c0dd378dbbd2e7d8cf6aa4d9315f.mp4,0,real
/workspace/data/genbuster-mini/extracted/train/real/b112bba9501aa9b37ec9834fc3c892247b720309f91bb8b1e7bd145e83dac7d7.mp4,0,real
/workspace/data/genbuster-mini/extracted/train/fake/hunyuanvideo/081cec2236213c9e5c276672121a31771893bec2eac360b05bb1782b0067423d.mp4,1,hunyuanvideo
/workspace/data/genbuster-mini/extracted/train/real/4be7d00a1a8c2e66820d5c1dfb939bf6a3e974fb0ec595f1e7fbbb4f9cc8c90c.mp4,0,real
/workspace/data/genbuster-mini/extracted/train/fake/cogvideox/721aa91ad1273a994aabd45097778e5c4d1df3246a14945a675d4d23c2abfd2c.mp4,1,cogvideox
/workspace/data/genbuster-mini/extracted/train/fake/ltxvideo/9c967063f2b461e8892506aa6ce8376fb1aa76a63a0b99224718610da4760c04.mp4,1,ltxvideo
/workspace/data/genbuster-mini/extracted/train/real/d7383175bca2ae83b889d02090787f5414006a59843c608a276fca2c12353d2b.mp4,0,real
/workspace/data/genbuster-mini/extracted/train/real/a49feca5fb3a2c935b55a6e2c2d30b9c84634a9f45b720d288d5dc229deb04de.mp4,0,real
/workspace/data/genbuster-mini/extracted/train/fake/cogvideox/00adf18e4ce78bd8d1eb747112df66671b90828a3079268ffecda36745be3b67.mp4,1,cogvideox
/workspace/data/genbuster-mini/extracted/train/fake/ltxvideo/00e43a52a8aecddad59deae634a68c0aa52f211592a652cdd271195f6a260879.mp4,1,ltxvideo
/workspace/data/genbuster-mini/extracted/train/real/512ab4232a292551e7e14d4b17dc158d0f567fd584f9c9f5a2e5e1c3881a32fb.mp4,0,real
/workspace/data/genbuster-mini/extracted/train/fake/easyanimate/9297c356f2e60ab206a702555082a4f40d38a3f006cf86c2b41d4caa0eaef508.mp4,1,easyanimate
/workspace/data/genbuster-mini/extracted/train/fake/cogvideox/5bbe46728870aff55109bdb5c969704d3ade680ea3cfc6e7d712faaa54f021ea.mp4,1,cogvideox
/workspace/data/genbuster-mini/extracted/train/real/7beb81f386a854eb230755a655033f599300e7368cc0ecdd28f2d4e2585de05a.mp4,0,real
/workspace/data/genbuster-mini/extracted/train/fake/cogvideox/df35f8bc85986b15f3c69ce06d5f97fad243f14f7908dbae77a325acff922975.mp4,1,cogvideox
/workspace/data/genbuster-mini/extracted/train/fake/cogvideox/49e2a2abf1357dacb50fa5532008385a16616d0ba2f8b93378a4cbb56eeb4cee.mp4,1,cogvideox
/workspace/data/genbuster-mini/extracted/train/fake/ltxvideo/539687cb361d91cd55a347f0ddc6c675bef8817de89179164de402333807f3db.mp4,1,ltxvideo
/workspace/data/genbuster-mini/extracted/train/fake/cogvideox/7a7ab303fd2c9e29e6231c53c6cdc5b2de9e2ebff11ccc575f91b5208a00cc56.mp4,1,cogvideox
/workspace/data/genbuster-mini/extracted/train/real/00f69451f1069eb6cca61119d8f97c02f9e7532d8ae2c38b013c3bb91c27dabc.mp4,0,real
/workspace/data/genbuster-mini/extracted/train/fake/easyanimate/f816912f08c4350d840e24630077dc0d070ab6ac61948ef5e2d4b414315e83ce.mp4,1,easyanimate
/workspace/data/genbuster-mini/extracted/train/fake/easyanimate/ca97fbb85762a813369959e7108e86f3e1ac5eb13abc3c717cba633a4955fe90.mp4,1,easyanimate
/workspace/data/genbuster-mini/extracted/train/real/951f70487e340ee6ec0b075be11b18ceeb04daca63461b4b39152a1b7ff2ca37.mp4,0,real
/workspace/data/genbuster-mini/extracted/train/real/9a85d0a170a92e69d4517c1faf7bdfad57706779f81b3727226fa0ee4f8413db.mp4,0,real
/workspace/data/genbuster-mini/extracted/train/fake/cogvideox/e5a165e0ef1b4f91ece770f3348a4440b636938a81528594334bc4a2712e0e88.mp4,1,cogvideox
/workspace/data/genbuster-mini/extracted/train/fake/ltxvideo/b6713ad9b5b1bbea300f670e471e0f40493ce3ccd111828541e9f645e04fb462.mp4,1,ltxvideo
/workspace/data/genbuster-mini/extracted/train/fake/cogvideox/4abcd5b223555007c811015c18b64cb98bb8aef712b9216e673ba9e1bf92c99f.mp4,1,cogvideox
/workspace/data/genbuster-mini/extracted/train/real/6474db3daee5dad31c34e2a5f97c96923e8b154c5ca8f79b3cae94d2ac9ecf81.mp4,0,real
/workspace/data/genbuster-mini/extracted/train/fake/easyanimate/8ee18eea758e46c229530f25f8c8f800cca09c179045d0241c8d05df1d811874.mp4,1,easyanimate
/workspace/data/genbuster-mini/extracted/train/real/45ea9f5029ed79bcc904b5403c12d88e4f584cfab4833d0e3de3e769c8229337.mp4,0,real
/workspace/data/genbuster-mini/extracted/train/fake/cogvideox/aa043a86089364f0001de80d2d90a9776d9580877a8f21d98def36f75756db6e.mp4,1,cogvideox
/workspace/data/genbuster-mini/extracted/train/real/a869139af7fa045316ee9b4d164ab247b38b597aa7ffe92881a59e659fcbd075.mp4,0,real
/workspace/data/genbuster-mini/extracted/train/real/8155f438a4531dcea791e800aa998933e9402f88c857558a47672a1a4d9c69ea.mp4,0,real
/workspace/data/genbuster-mini/extracted/train/fake/hunyuanvideo/de659ab1defd77454e07b0b3d119f73478723868329aae5face5283e0fc25f86.mp4,1,hunyuanvideo
/workspace/data/genbuster-mini/extracted/train/fake/ltxvideo/6d9cfd9ea98f356b9afcec96f6a75a068d2e96653e32078302a8bd6479e5bb9b.mp4,1,ltxvideo
/workspace/data/genbuster-mini/extracted/train/real/9f8c4c2fe0679a0ce24e5f4fd4be76f8658a6dee434f8c6806bab9f47d0f06d0.mp4,0,real
/workspace/data/genbuster-mini/extracted/train/fake/ltxvideo/378660b603287ac4cb4c98add21c63e3a08eae4bc62ae46224877b8617b2f7c4.mp4,1,ltxvideo
/workspace/data/genbuster-mini/extracted/train/real/a87e014bae0d44a71df98f4045971e6527a1983c57b4b11d30c309e3b216880d.mp4,0,real
/workspace/data/genbuster-mini/extracted/train/fake/easyanimate/95650c3912326ad13f79e57e7f89bd8c724e2141d45c0456b11c475891f7a314.mp4,1,easyanimate
/workspace/data/genbuster-mini/extracted/train/real/7f84d5694c4b60ae8ca37a43ed755a29e69ad5832b45e12b4989021b487e2681.mp4,0,real
/workspace/data/genbuster-mini/extracted/train/real/519159015ef250536346469263d525d6b52eb690477de88c5612133a50939a88.mp4,0,real
/workspace/data/genbuster-mini/extracted/train/fake/ltxvideo/7917dea2a1cc862c8e6e4ed457c3a9deae76e13f3ae0f3c6b526d4fc9b4a5862.mp4,1,ltxvideo
/workspace/data/genbuster-mini/extracted/train/fake/cogvideox/ca99a702bd9c88a1d1f754674f7591e3ec68e5d10c89f5bf4355c8319c36b655.mp4,1,cogvideox
/workspace/data/genbuster-mini/extracted/train/real/2bec40568e36e75966e8694aef0aa85d3b526c4469bd513d68529c608b649878.mp4,0,real
/workspace/data/genbuster-mini/extracted/train/fake/ltxvideo/9a8ba688c2c53e11f42ced1aafd679c9f34e43174bfa2c555576d8ee8919e8a1.mp4,1,ltxvideo
/workspace/data/genbuster-mini/extracted/train/real/9d1af5d960514dd35c3db3175639a324720ee69051c2de05dbaa962640c43cea.mp4,0,real
/workspace/data/genbuster-mini/extracted/train/real/ba44e9ef23f1284a3e4f31282afef6c26f049081a646ab339198308d228094da.mp4,0,real
/workspace/data/genbuster-mini/extracted/train/fake/hunyuanvideo/95e20ddade3c3b54403b32259514e91969106990047458048f88a7c1fa2273c0.mp4,1,hunyuanvideo
/workspace/data/genbuster-mini/extracted/train/real/2fee759d8d67993122f2bb2183f59315b01ca0dac4a16b7648cc420b76429e42.mp4,0,real
/workspace/data/genbuster-mini/extracted/train/fake/cogvideox/706063ba86ed02f78873807497d9560e53a98fd3954d7948879194cee86264a0.mp4,1,cogvideox
/workspace/data/genbuster-mini/extracted/train/fake/ltxvideo/6c97c8be2728587d54827c63edeef901a71a59cddfda07bb15a5b99a99237f59.mp4,1,ltxvideo
/workspace/data/genbuster-mini/extracted/train/real/38122f3e4e29df06059a134baf5f870a7905a85f567242660d98ee796b6b17e1.mp4,0,real
/workspace/data/genbuster-mini/extracted/train/real/dc89ff85787d209d9e6dd19cd09995ae008f64170634e74ca363d7aeb3248f96.mp4,0,real
/workspace/data/genbuster-mini/extracted/train/real/b93122719ae8b308fe608ae320d1b9b3a59333f362206d6cbd9f2a93b196f863.mp4,0,real
/workspace/data/genbuster-mini/extracted/train/fake/ltxvideo/057a37d6fe29acf57559ed87b5355eb1112741f18c9d545e613781a472ad603c.mp4,1,ltxvideo
/workspace/data/genbuster-mini/extracted/train/real/b3d374f4c7d91b4fc178ae6ceb08322a458daf6b019bcc278d7915417919aa5c.mp4,0,real
/workspace/data/genbuster-mini/extracted/train/real/0d7d3ab0b3af25f956a592e0f2db888d9cfc7907776149409fb8033013461413.mp4,0,real
/workspace/data/genbuster-mini/extracted/train/real/ecdac13e7a2ed07ed8a42f021d627fb7e7a4a67347f6a09ffaa6e30365fded12.mp4,0,real
/workspace/data/genbuster-mini/extracted/train/fake/easyanimate/c5d934a733b8ea3d4425c2d394ab68325fbf6fea6f6e438e5dc4d6fe161f9c7b.mp4,1,easyanimate
/workspace/data/genbuster-mini/extracted/train/fake/cogvideox/33f9b8a36e526d80bd97bf1e48b0eedc4e635b45f662508448c3b403b047c961.mp4,1,cogvideox
/workspace/data/genbuster-mini/extracted/train/fake/cogvideox/22eacca9096f2a1a0792ae1d9ef744725a90e26c8e1f68dee6add11de477ba40.mp4,1,cogvideox
/workspace/data/genbuster-mini/extracted/train/real/3cdebed661935398e4952b8d578c5733061208e9642d613e3d84b3a430720fd4.mp4,0,real
/workspace/data/genbuster-mini/extracted/train/fake/easyanimate/5e42de59810d3dd5eaa71d565a909729339c283b5c1f11414de92af2313f7791.mp4,1,easyanimate
/workspace/data/genbuster-mini/extracted/train/real/e50223b9310bb49565af3c7d66370689ba989da897a2cf6de366e2ef8302c75e.mp4,0,real
/workspace/data/genbuster-mini/extracted/train/real/60b141a46341d6ba6a335354679a5f0f3562ea610c3b86ccb74a92132f0c8775.mp4,0,real
/workspace/data/genbuster-mini/extracted/train/fake/hunyuanvideo/d072467934ee05a78f7db389773ec115e759360872e5878bcb10759b98050200.mp4,1,hunyuanvideo
/workspace/data/genbuster-mini/extracted/train/fake/ltxvideo/2b15c113716aa369dfedc23d244bdfeea75b11c05085809ed80bbb1a58d8dd4f.mp4,1,ltxvideo
/workspace/data/genbuster-mini/extracted/train/fake/easyanimate/f4c732af6516d0ad05422f172edf806bd68daf645aad960b525c347f5c1ba886.mp4,1,easyanimate
/workspace/data/genbuster-mini/extracted/train/real/9a6941ed975b0bea4b4c9a294fe555707d67a0fe9f8dc3fab818cacc674803d8.mp4,0,real
/workspace/data/genbuster-mini/extracted/train/real/7349fff2d008fc340608783f7143efa5c18067a0f478214211cc559ad9608d4f.mp4,0,real
/workspace/data/genbuster-mini/extracted/train/fake/hunyuanvideo/76cef0da08f8962549339c21afcc49c3f4d3e4c5f9d52acd55c2a1d1348567bc.mp4,1,hunyuanvideo
/workspace/data/genbuster-mini/extracted/train/fake/cogvideox/9defa67d4b5f3e3dcf8335d2116251faf09efca89800957227c9ceb1d8570ae6.mp4,1,cogvideox
/workspace/data/genbuster-mini/extracted/train/real/06a50a3f158b7f332e5b7010e5a3bf12e9b0b26ded1b75898259c72151321211.mp4,0,real
/workspace/data/genbuster-mini/extracted/train/real/6d1025b4c54acd71bca0a19f8d09b2432fead37121e9223c57d7860fa38d7b07.mp4,0,real
/workspace/data/genbuster-mini/extracted/train/real/99e283217265f488bb549abfd13a6137245d7a97637d1f8292cc77a010912ae8.mp4,0,real
/workspace/data/genbuster-mini/extracted/train/real/dbf7b9d3eca3139892e9a9396fb9662e6e409737f4d514d3879b86b4c99170da.mp4,0,real
/workspace/data/genbuster-mini/extracted/train/real/89d2b32fa6a179b6975adcb1cb594313bd6043c242b77853523ee7fe512d3aaf.mp4,0,real
/workspace/data/genbuster-mini/extracted/train/fake/cogvideox/1499a57a495cc7960cd594f1fa4ee59be525c8da9f5c7ff2e8946cb8c34066b3.mp4,1,cogvideox
/workspace/data/genbuster-mini/extracted/train/fake/easyanimate/2875375fbb52f750b6239cf1b9f90e4db1365686a24c6008cfdf2f4485f208e9.mp4,1,easyanimate
/workspace/data/genbuster-mini/extracted/train/real/bc7e6c64319045ed9b06be439fa5fd9607046160aa5f87251e89795e7205144b.mp4,0,real
/workspace/data/genbuster-mini/extracted/train/real/6aea7c70e179e4cfff3da0ea694f81f42372dff5cbc1cfd0e35c8ed13328f90d.mp4,0,real
/workspace/data/genbuster-mini/extracted/train/fake/ltxvideo/c2da7ef27c1f6f5f281c0ced4da55cbcaaaf06e02283e5601812b51d0cc0cf17.mp4,1,ltxvideo
/workspace/data/genbuster-mini/extracted/train/fake/easyanimate/0d64c11ccdaf938bd0203744100929f28e0f860f42300b01ee3ffc6f1315777a.mp4,1,easyanimate
/workspace/data/genbuster-mini/extracted/train/real/3de6cc9e6ef0d857eedb40cf09511951f96cf38b28da26d376a00ffd2b51c95f.mp4,0,real
/workspace/data/genbuster-mini/extracted/train/real/d33cb1976847c5a78c5f59d6712ef08266f7e415b37dbea2f99680cd976df046.mp4,0,real
/workspace/data/genbuster-mini/extracted/train/real/69d20fb22d046a2d850ed2015c8688244f7bac33f30823a7a0fa299e909eab71.mp4,0,real
/workspace/data/genbuster-mini/extracted/train/real/4d726ccfe259c7fdf2b12c09a25ed249475c67c352a1b6d31f80c6de88cb9320.mp4,0,real
/workspace/data/genbuster-mini/extracted/train/real/1e708e10bcc4231357f8f43ee8c710b300b5f8b35f6cfe491170c3631f09a0e6.mp4,0,real
/workspace/data/genbuster-mini/extracted/train/fake/cogvideox/c1fe6161138e02439e7a79ec8207145cef66085ce07e27484ecf622b5322aaca.mp4,1,cogvideox
/workspace/data/genbuster-mini/extracted/train/fake/easyanimate/15c2af1df3520f742cafef8e3347ab0a1f2a57b39293740bfeefcdbe062bf952.mp4,1,easyanimate
/workspace/data/genbuster-mini/extracted/train/fake/cogvideox/203d1a8abd70d258dbdb4330ea5c294b9c7615045592bf47bb7e667cedb36650.mp4,1,cogvideox
/workspace/data/genbuster-mini/extracted/train/fake/ltxvideo/088339adb08ff525b280efeb4faae69015a69c3560c68ebc31865dd5c8fa9f42.mp4,1,ltxvideo
/workspace/data/genbuster-mini/extracted/train/real/f33d50f4efd3cf7f1c30254761ba0ae0a70dfb914988248143caaaea46b6865a.mp4,0,real
/workspace/data/genbuster-mini/extracted/train/fake/cogvideox/45c4ec2a929a01be5a6d6274a4c89219d5288b00b789d488a146215d9e16931a.mp4,1,cogvideox
/workspace/data/genbuster-mini/extracted/train/fake/cogvideox/a5bd00ebd16958edcb31cebbe35e55ce106df30c3efe0f77c59f0598eace8753.mp4,1,cogvideox
/workspace/data/genbuster-mini/extracted/train/fake/cogvideox/56274826d505bec5a2f02051f0db1668bc1a649ecfc1aeeb71ac3f6d0552bfd3.mp4,1,cogvideox
/workspace/data/genbuster-mini/extracted/train/real/e124d08a9410df9afa19a6ed4bc162301d5184c896d4029e5e45d046be515524.mp4,0,real
/workspace/data/genbuster-mini/extracted/train/real/8a3711a9944468d0a2ffb7fc002e2b02641501529674b86c3db7e2d6583c23a6.mp4,0,real
/workspace/data/genbuster-mini/extracted/train/fake/easyanimate/7a4cb4e082bcd02f1216ae0a75ccb748ed90d79cb3713eaf4035cb0d83d29fe5.mp4,1,easyanimate
/workspace/data/genbuster-mini/extracted/train/real/27b3a7fea17e85ef0184cebc3361c05ab09ced84b1d876702b3d0f782f565323.mp4,0,real
/workspace/data/genbuster-mini/extracted/train/fake/cogvideox/75d5edd5b15cc10eac96d586eed3b9d693edeb93f158788d192117d1f3094131.mp4,1,cogvideox
/workspace/data/genbuster-mini/extracted/train/real/72285b9c52a15baebe234a64a91dc1ee60c5d09982c6d8c02991980c79ce92c0.mp4,0,real
/workspace/data/genbuster-mini/extracted/train/real/101aa0ad4774d68d932cbe771c9cd2e8e1be351c067cf41ee0ca16467a1b182d.mp4,0,real
/workspace/data/genbuster-mini/extracted/train/fake/ltxvideo/56553b5bcddb9fb72ee99c8276443d9bc28f8478e5b9b4f87855d0cd1c642d04.mp4,1,ltxvideo
/workspace/data/genbuster-mini/extracted/train/real/f467358cb886909888f87bf785e43c3aab2c972487995f1cb3219ba5b10667c6.mp4,0,real
/workspace/data/genbuster-mini/extracted/train/real/260616e48f2d154ce42d3a1b4b8c2f5bca599d0bd0f72edad29abb0e9068c39a.mp4,0,real
/workspace/data/genbuster-mini/extracted/train/fake/cogvideox/df8208560b36b8687b1f36e95887e9d31a559b9efc4db40690d68d065eabd301.mp4,1,cogvideox
/workspace/data/genbuster-mini/extracted/train/fake/hunyuanvideo/f10086edf16a415bacbadfcb22316e0580a483b1f668d65504cedd1ed2ba7415.mp4,1,hunyuanvideo
/workspace/data/genbuster-mini/extracted/train/real/c63377c00984cb842d128cf10a880cdb9cd863babfaf42be1deba89558fe7c29.mp4,0,real
/workspace/data/genbuster-mini/extracted/train/fake/easyanimate/2b87dec8abc99cf4453123bbc03178541c929bd614304d6dc8749f232812d0c9.mp4,1,easyanimate
/workspace/data/genbuster-mini/extracted/train/real/9c3017dc1403d4c5cef76600698ae1b6c856aee7fa48017644ee8b239e872d0c.mp4,0,real
/workspace/data/genbuster-mini/extracted/train/fake/hunyuanvideo/b10850f20ec245e39e8a921a94add97ddd4769668723046a498337728bb9aaf2.mp4,1,hunyuanvideo
/workspace/data/genbuster-mini/extracted/train/real/985ec53eff34b9dc1770c62df87d2f83eb00aa72c87fa648b0e01abbd5653888.mp4,0,real
/workspace/data/genbuster-mini/extracted/train/fake/cogvideox/9ae1032656767e2126cb1a0723a58a8e11c1205c377f8bd5cf808fa541c2a3a1.mp4,1,cogvideox
/workspace/data/genbuster-mini/extracted/train/real/52251f3e1ab4a754bf4941d803435bf86772dd77c29d812052b7a751449e42f1.mp4,0,real
/workspace/data/genbuster-mini/extracted/train/real/c44deebc9e35cfa5e880ea71c83f059cf7fc73d1f8f36d6d61005e4a7e0c23dd.mp4,0,real
/workspace/data/genbuster-mini/extracted/train/real/fd2bf8a5bbb46f1849a54448c80a805a456207d002aca1337795ee31af5152dd.mp4,0,real
/workspace/data/genbuster-mini/extracted/train/real/499b2fbf2063032d87037b7db481877bc6d8b8506e8441b2cd349fb9e0961436.mp4,0,real
/workspace/data/genbuster-mini/extracted/train/fake/cogvideox/8dd9abec6250eb66354f331b6cfac14b1514cb37a7fa4149ad6c477e0c66833b.mp4,1,cogvideox
/workspace/data/genbuster-mini/extracted/train/fake/ltxvideo/aa30f473f60f12f148f1f5e3c77c73446af3a5e77ecfd18efabd484e8cd6a1ce.mp4,1,ltxvideo
/workspace/data/genbuster-mini/extracted/train/fake/easyanimate/47e8764863ddb6d8410a83b589f0d8edc58a4ec44d774e4e485475819cc97b95.mp4,1,easyanimate
/workspace/data/genbuster-mini/extracted/train/real/9c71841e63c2c90279466f0503c329b17a09fdfde5afdbfd4d23072431488b7b.mp4,0,real
/workspace/data/genbuster-mini/extracted/train/real/0e5be2863c86bc4618b8d35c703bf34d11b2cbed278bca54cde05551131e5d0b.mp4,0,real
/workspace/data/genbuster-mini/extracted/train/real/3b04216ccfc1ae686be820c04191964aff36eb42e7cb7322a781ac9b9f4ad6e0.mp4,0,real
/workspace/data/genbuster-mini/extracted/train/fake/cogvideox/38f7ef2e245ab707aa962495cc54e48b6f77249017c9390d3d7264e5ab9ff049.mp4,1,cogvideox
/workspace/data/genbuster-mini/extracted/train/fake/ltxvideo/400582eafbc4978c2a95877ab043c116065bb64a63457a0b8d99e3a8e3b1d3f8.mp4,1,ltxvideo
/workspace/data/genbuster-mini/extracted/train/real/aeb21f1abbebaf82986d05267ac5915c6dee793d7f5f02c62b34c1886b1de13c.mp4,0,real
/workspace/data/genbuster-mini/extracted/train/real/8c68f3e6400b14894cd204f11f7d066bf073efa6aae5cea25020a9b85ee3a1c1.mp4,0,real
/workspace/data/genbuster-mini/extracted/train/real/66eb09c797e894a8ac043f486c5512734a1a0774f54e24c1124117bb244355d0.mp4,0,real
/workspace/data/genbuster-mini/extracted/train/fake/ltxvideo/b956a65a8805acfe2b68ba3fd1e82a463d3bb6fb326eb6f824b08050db349363.mp4,1,ltxvideo
/workspace/data/genbuster-mini/extracted/train/real/29b366c058bfa12e881a127b24e3bf2989e025dd0b3b82583ab3382eba7b7c03.mp4,0,real
/workspace/data/genbuster-mini/extracted/train/fake/easyanimate/605db2cc6929c5225a6f6f459321ce3f3a3792fe20c68f0950e25599c049d21b.mp4,1,easyanimate
/workspace/data/genbuster-mini/extracted/train/real/d63a6480244ff8338980566b0d9ac6f857e75e705e68f2332139399decf6a07d.mp4,0,real
/workspace/data/genbuster-mini/extracted/train/real/9518c0aa702b56a7f12fa781940b2a6ac1e1ff58e2d05877b525084bc3ec36d5.mp4,0,real
/workspace/data/genbuster-mini/extracted/train/real/03d77dffd64cb412fb50c86a1dd886858522870c0b0ca965673edb53e47336cb.mp4,0,real
/workspace/data/genbuster-mini/extracted/train/real/2d18a1e794f05d6fb8a14d8fe0e4e965c143c7554c0107dc35cad4f6e3974f49.mp4,0,real
/workspace/data/genbuster-mini/extracted/train/real/90784ff3b8de5cb060ed4ce87384e1e38828ff17e103ba59ebe9c0a0459c1a1a.mp4,0,real
/workspace/data/genbuster-mini/extracted/train/real/c09a38808fc1057d9adc2c977772dcf5b67bcd0ffbc6c4491536d87cdd7bf514.mp4,0,real
/workspace/data/genbuster-mini/extracted/train/fake/easyanimate/6b01ccf0aab8c358e1896ceac91451958881ff23d7000fe84fe4f9f206745480.mp4,1,easyanimate
/workspace/data/genbuster-mini/extracted/train/real/cbacab9ffc6c2adedf77fbeda5ae1b94301b087bcc6d0067bdea4816c8097340.mp4,0,real
/workspace/data/genbuster-mini/extracted/train/real/578473558a4584cb8bc6a7ddae8c8a635a70a78d153ed84072969fdfe2d61162.mp4,0,real
/workspace/data/genbuster-mini/extracted/train/real/de6558d2e7a6f7a7891935309f92d695466938170192b7f2333499a6089ddae1.mp4,0,real
/workspace/data/genbuster-mini/extracted/train/real/83840ebbb6a9f16d99aeda7b982ea4a3499afabaa39b7b72297969e1806fa50c.mp4,0,real
/workspace/data/genbuster-mini/extracted/train/real/ce3959a8a612291377466c438a0a1afb011e097abc463241f1b0670409e8df3d.mp4,0,real
/workspace/data/genbuster-mini/extracted/train/fake/easyanimate/2d5929bd24b445afdd386006bb84955437dceff167c066b98565458e70088fff.mp4,1,easyanimate
/workspace/data/genbuster-mini/extracted/train/real/356e784c5f0fbb07b0dc72d834e0ed258b4eb0af5431fce8751b4a0cbc8330d3.mp4,0,real
/workspace/data/genbuster-mini/extracted/train/real/3b0f797656ac36289ba368e08194790bd5cb98076674349fd1bc0ce70755b8a2.mp4,0,real
/workspace/data/genbuster-mini/extracted/train/fake/cogvideox/c221d6adffa697830cbbbecba5738678fbe5ec8bd728c7e4c64e5b57a8c90415.mp4,1,cogvideox
/workspace/data/genbuster-mini/extracted/train/real/bb719a2c888d3fcf4399062df9c4c380206c49625bec23237d8c9810cd4947d2.mp4,0,real
/workspace/data/genbuster-mini/extracted/train/real/952a785b7cfe3e13bbd84052bab57faba67bb8f4c8710578df2caeb6d93dbd53.mp4,0,real
/workspace/data/genbuster-mini/extracted/train/fake/ltxvideo/4d3fa5d1e6484525a5a589440ca3093353bc86506786271fd06b28f6b1ac28be.mp4,1,ltxvideo
/workspace/data/genbuster-mini/extracted/train/fake/easyanimate/0a95b672d15ac9ab9bb58d401119694adc98214b183f9ca1d42d1f9407904437.mp4,1,easyanimate
/workspace/data/genbuster-mini/extracted/train/real/0c9e38910b69f6ca8f0df8bcb31e83902e167f01eb4b0d8a133eff8058050825.mp4,0,real
/workspace/data/genbuster-mini/extracted/train/real/8da87310d1a38192332a0e17ace608489e7589a62dd6edc4cca3335f8c1bcb3a.mp4,0,real
/workspace/data/genbuster-mini/extracted/train/fake/hunyuanvideo/54908b150844f2361d24bb42ee5b581b3f6ddf02f8075647231b78edbb2f4cd5.mp4,1,hunyuanvideo
/workspace/data/genbuster-mini/extracted/train/fake/ltxvideo/912b7e36000b86b760f03d4709fa5b9386978d2e9f7539290387bbe071a9e06e.mp4,1,ltxvideo
/workspace/data/genbuster-mini/extracted/train/fake/easyanimate/6acd59408cc23ad603e2257b5717422c3531b5275166d10498163bcce4c3103b.mp4,1,easyanimate
/workspace/data/genbuster-mini/extracted/train/fake/cogvideox/4c5c170a91591c18434b24d93c53ca6f565033ca99c7283f5d2fd25e89533cfc.mp4,1,cogvideox
/workspace/data/genbuster-mini/extracted/train/real/df886dbf6ad92070582264c1b18032df9809aad0d8cfdfd146553232f70c1314.mp4,0,real
/workspace/data/genbuster-mini/extracted/train/real/0085e1f12f4275e276f6d93a2dae322f878fd4650cbbdb9e5718411611270be4.mp4,0,real
/workspace/data/genbuster-mini/extracted/train/fake/easyanimate/524790dd50d84263da75978a47ace6c65bb75d7cd4fdaebeae1ded4c71199782.mp4,1,easyanimate
/workspace/data/genbuster-mini/extracted/train/real/b8108052ab14e861d1c6d26ca96b23705086206719bcfc35ebfa569fc01bd998.mp4,0,real
/workspace/data/genbuster-mini/extracted/train/fake/easyanimate/c7879edb03a7af7f51a3e182499c3261c79c7b851b8c63713a2364de9aa1cbc8.mp4,1,easyanimate
/workspace/data/genbuster-mini/extracted/train/real/1288280227231b8a10f6d8d6873e2bdcd4b148640b674e2d8b261a500457dd16.mp4,0,real
/workspace/data/genbuster-mini/extracted/train/fake/cogvideox/3dca6a08934deeda0b873b1136ff4abe328d398615d0791b40d6d66cbb5836d9.mp4,1,cogvideox
/workspace/data/genbuster-mini/extracted/train/real/d2c77def81aabd8562227af714cd08d0c4676e710eb2ac2c9cba3d1343489969.mp4,0,real
/workspace/data/genbuster-mini/extracted/train/real/c60114eb96dd2eff2e2baf545a9f70feb6f91acc3129b6fc3d5499505af3ff5b.mp4,0,real
/workspace/data/genbuster-mini/extracted/train/fake/hunyuanvideo/06415926a756bd8cb24f84262aa49e8607865695ecd47bc74badce584bab5bc0.mp4,1,hunyuanvideo
/workspace/data/genbuster-mini/extracted/train/fake/cogvideox/77e8dfc3ec6f30421de1d05d325e3cfd64d7c9375e766829c667842a863d583d.mp4,1,cogvideox
/workspace/data/genbuster-mini/extracted/train/fake/cogvideox/02e34f86e9d1d11c874c6828fa48573a5c86704706dd9438d69bf094ccbb57df.mp4,1,cogvideox
/workspace/data/genbuster-mini/extracted/train/fake/easyanimate/3626b38bd48ab1e9d771989f4c1409261a45b64199825a49f848e3b078c960bb.mp4,1,easyanimate
/workspace/data/genbuster-mini/extracted/train/real/445764717ee8a7d3194c8e1decd3c9cbd790f18966469b4e70f825101ae67e4b.mp4,0,real
/workspace/data/genbuster-mini/extracted/train/real/3e5e86b8718b9ca6ad5956e0a9ede4bc09496122b76b6c8144499a586b8ace75.mp4,0,real
/workspace/data/genbuster-mini/extracted/train/fake/cogvideox/e7e239ca7c3bc5e7a0646c033e65c423df4f169c958d9c8cc0979667e9a16307.mp4,1,cogvideox
/workspace/data/genbuster-mini/extracted/train/fake/cogvideox/90637b6e855c2513743f650c6a8ad9a2a07b88e173150541ffb58e360bbd49ee.mp4,1,cogvideox
/workspace/data/genbuster-mini/extracted/train/real/fb0b5033c7ae780631de80cd016af76b3ef2b1aa91b93302583cf92b1fd1e60c.mp4,0,real
/workspace/data/genbuster-mini/extracted/train/real/870f4baf243a9cae32643c18c5ce6d94b5b790940d5d54c8bdcf031c4dee11e7.mp4,0,real
/workspace/data/genbuster-mini/extracted/train/fake/easyanimate/4377c2f82aba1cf9c8ddc4184692a8aff6a7a9bdfdf29de1280388c9e8e453d3.mp4,1,easyanimate
/workspace/data/genbuster-mini/extracted/train/fake/easyanimate/d0527ca091618878dd0c0599825dc6515a5c92e280e7f56a9e504ccd520238f9.mp4,1,easyanimate
/workspace/data/genbuster-mini/extracted/train/real/dfee194f97d72f3f35ab9283f3cda47e4908389dd6d99a8378314796ab0fd296.mp4,0,real
/workspace/data/genbuster-mini/extracted/train/fake/ltxvideo/85c56d2032b1f9c0faaf4b1afe7ec0bc8cc13a2c86d7e05b7a7460dd60a557e3.mp4,1,ltxvideo
/workspace/data/genbuster-mini/extracted/train/real/415bd8deac1c5848e834930a58e6a27d94c2b3839b41f6753c466c9a2d2724e6.mp4,0,real
/workspace/data/genbuster-mini/extracted/train/fake/easyanimate/427c587a7af14670245b84b06287439f8b618f969a0e7b5a57f77a8fa56f8ec7.mp4,1,easyanimate
/workspace/data/genbuster-mini/extracted/train/real/1328f131308b149c09e07ae1d2efaa47731e6b2635a0aab2dd2c73f74edc2278.mp4,0,real
/workspace/data/genbuster-mini/extracted/train/real/7aa15395200f1fd5091939b31f91a8756a3bd31a3309ec7402b024009ee08ae0.mp4,0,real
/workspace/data/genbuster-mini/extracted/train/real/6f4c028aa272a7d4ce3ac61db61c86a66f112e71058467c6f402fa5cee564488.mp4,0,real
/workspace/data/genbuster-mini/extracted/train/fake/cogvideox/dd69467487c7c76ba819d630f72af3f357b043566195ca49c23766fff76e0459.mp4,1,cogvideox
/workspace/data/genbuster-mini/extracted/train/real/9dcfc773e243999f454019093f25060521e0c8ec2a6dae1d26003cef0169e01a.mp4,0,real
/workspace/data/genbuster-mini/extracted/train/real/4097dd9eb457c66a5fc62e04023021c5245a0095daa78ab1fe0ff4f18bb82a6f.mp4,0,real
/workspace/data/genbuster-mini/extracted/train/fake/easyanimate/f86957a368560ad6f2360af6798790c1ab44fa852c644469a70ba70e702fdc6d.mp4,1,easyanimate
/workspace/data/genbuster-mini/extracted/train/real/a781c39c3075867c7423995b189897ca7f2fc40a0b8ee0d67cd5f90c5eb3eb5f.mp4,0,real
/workspace/data/genbuster-mini/extracted/train/real/808ce281b1028d196c4c72d125505e36a9a090ed3ecdabc53841983de18f7714.mp4,0,real
/workspace/data/genbuster-mini/extracted/train/real/309c54a532ae396af024fe3dd5d7c811b914dad7f483aa112f41cf4585623993.mp4,0,real
/workspace/data/genbuster-mini/extracted/train/fake/cogvideox/46818fa3f4660698cca18519d3e2ca337b96355eff80f6caf292e422c217eb9a.mp4,1,cogvideox
/workspace/data/genbuster-mini/extracted/train/real/926fb797ed076bf078b17b3fac594c6c5a6af7be4072e0913e9cd4bdc1d5fe74.mp4,0,real
/workspace/data/genbuster-mini/extracted/train/real/8fb9a6018801b82faf1472073050bc470a19b84e978362ce26b5e5642937863f.mp4,0,real
/workspace/data/genbuster-mini/extracted/train/fake/cogvideox/926255b23e619ab6c990d59fd0553dec663f5512fc8f768358d60fe60d454119.mp4,1,cogvideox
/workspace/data/genbuster-mini/extracted/train/fake/easyanimate/be891f63cfc92304c0c3c5dc135dac1a175d841a571769f48af8d4cc94d21ce5.mp4,1,easyanimate
/workspace/data/genbuster-mini/extracted/train/real/01442fdccb4bc3ed7aa9aa9d95cf118287c8425e48249771a2360fc367c2c154.mp4,0,real
/workspace/data/genbuster-mini/extracted/train/fake/easyanimate/4a15e58ca287c2149c7fa8bac6033e43512067faf7f131c887402efbae57b797.mp4,1,easyanimate
/workspace/data/genbuster-mini/extracted/train/fake/easyanimate/6c67f4651c23c86dddcbda1b2eca45b57169c47d918118dec978e1d07eaf01de.mp4,1,easyanimate
/workspace/data/genbuster-mini/extracted/train/real/6f5059e69d73e62ee6d869513648c5aa051d859867e0e286d67436db48adf04a.mp4,0,real
/workspace/data/genbuster-mini/extracted/train/fake/easyanimate/9a0a256f3bafba1888b0566bb22996ac4c7fbf63370c9ea90995feb2981c62c6.mp4,1,easyanimate
/workspace/data/genbuster-mini/extracted/train/fake/easyanimate/d2fb844f4755364b8f0d3f9cebe7fb2cd9a6d38838f05ccf42f01893f0b94966.mp4,1,easyanimate
/workspace/data/genbuster-mini/extracted/train/fake/cogvideox/f21ee3dba5a7bc3cb6965cbb20ee44bd407c21914ee3b0a59d8c2174d74024a9.mp4,1,cogvideox
/workspace/data/genbuster-mini/extracted/train/real/cad3b3e1e70ffc0c2c85950fc9c6f2969bb690c493adb38f8cac2536a3ed02df.mp4,0,real
/workspace/data/genbuster-mini/extracted/train/real/7000af8a4dfb553620cbf5a6951795d22c992999aedfe3354a9918c551b3c06f.mp4,0,real
/workspace/data/genbuster-mini/extracted/train/real/5015e955da0ef03234661b6f24ef38bba99b41e2f8f08f6ee0302dfb1e2008f9.mp4,0,real
/workspace/data/genbuster-mini/extracted/train/real/df75e635abf3b467ab0f97ccc077191a0b857c7c8cdeab235b44ce12844d4f25.mp4,0,real
/workspace/data/genbuster-mini/extracted/train/fake/easyanimate/5501d781537bf7aa25187c043e1abad68fd525535ec1708c0680a2745e75aa10.mp4,1,easyanimate
/workspace/data/genbuster-mini/extracted/train/real/4f2bd2a0f1d138cb7cfca6a35ccd6e438b14420ff96ccee71fb6d297bdc8d6c2.mp4,0,real
/workspace/data/genbuster-mini/extracted/train/fake/hunyuanvideo/dc2cd0744d56474763243e838a610e128ec04657ae598196ba6ca388c98c073e.mp4,1,hunyuanvideo
/workspace/data/genbuster-mini/extracted/train/fake/cogvideox/392def192e58b260ab2aa4a1416be2c996ba60260eba6fcd4308644bc73248d6.mp4,1,cogvideox
/workspace/data/genbuster-mini/extracted/train/fake/ltxvideo/16c3ffb0a2ee90cea59d62f06ec4b900e9b71415d0285d40ccf4743018292967.mp4,1,ltxvideo
/workspace/data/genbuster-mini/extracted/train/real/92363bf6da4ca40a127d4df9056459491bd543c9bfcf40812b20d49f31313b74.mp4,0,real
/workspace/data/genbuster-mini/extracted/train/fake/easyanimate/532be139316059d9f93f7fe826dfd376cf7c59b50c07dec0581e2cb26bd1d7c8.mp4,1,easyanimate
/workspace/data/genbuster-mini/extracted/train/fake/easyanimate/fb273e79abf825a7ea4527a574eca633c4542df1a272e986563a3cc1b97fc1cb.mp4,1,easyanimate
/workspace/data/genbuster-mini/extracted/train/fake/hunyuanvideo/96c30a3b1416c1095ffc6ed77142b43dec1e5193522ba5def74604e4298168e5.mp4,1,hunyuanvideo
/workspace/data/genbuster-mini/extracted/train/fake/cogvideox/bac05d3d251fa61009327bd37486f94af1c2699dff963dd1649e6da56d1153fb.mp4,1,cogvideox
/workspace/data/genbuster-mini/extracted/train/fake/easyanimate/6b9a33ba25d996f19b89461a546c392667ad60b742ac4ae2784cffbc7b19a761.mp4,1,easyanimate
/workspace/data/genbuster-mini/extracted/train/fake/easyanimate/94c8cf18cab8e9419d73b28e7d00daef5a1f8fb94fcfbe7743ecf0f813928cab.mp4,1,easyanimate
/workspace/data/genbuster-mini/extracted/train/real/2408607b06c086169428468c41f264835598602704bdc75c84b09f459ea268ec.mp4,0,real
/workspace/data/genbuster-mini/extracted/train/fake/hunyuanvideo/727e2b18d480c7e49467d8d5e32430f8b1d71178eae780c72afa939f3b75b02f.mp4,1,hunyuanvideo
/workspace/data/genbuster-mini/extracted/train/real/dc1160663a1e53288d4f7068da9f3360f6b510fdcd8210ff806a1768aa2fd6e2.mp4,0,real
/workspace/data/genbuster-mini/extracted/train/real/c73f1e1e6e66259fc9cd88b5a369cf01fdbc9aa285c82edff183496cf1f54d99.mp4,0,real
/workspace/data/genbuster-mini/extracted/train/fake/easyanimate/b8dbf7d602ffd1d0fb2c4070bcc27bf9f715fd69f6d5b49f339944136183381b.mp4,1,easyanimate
/workspace/data/genbuster-mini/extracted/train/fake/cogvideox/f095b12a3be04f3a2d5fb97f3688a49e5969612c2d55b30593a5a32d704c32a2.mp4,1,cogvideox
/workspace/data/genbuster-mini/extracted/train/real/2025b5cbe066ba832ba33f81b537a90e1b900ad71cfa1449a9dd1d1d050a86e4.mp4,0,real
/workspace/data/genbuster-mini/extracted/train/real/82f0f069c93791a566c79aa41a879052adced0077f86229ead77b99ae17fe701.mp4,0,real
/workspace/data/genbuster-mini/extracted/train/real/6ac1c07f1a14d52eb5e4a1797b321befa043a6ce6210a1b9c6b82156721c4b98.mp4,0,real
/workspace/data/genbuster-mini/extracted/train/real/0bf361b34df10e72ffb0968f96e09777ec20dc71bfd5cc358de882e60f1cf82d.mp4,0,real
/workspace/data/genbuster-mini/extracted/train/real/4f4d0b07a014d3a19dc1eee8a3c2d86cfc23654c42b098f5f6b1901787aa3cb9.mp4,0,real
/workspace/data/genbuster-mini/extracted/train/real/fb755dfd014e1a2aa231b72b23e579fc20f431ec328b43cab490882ad4314efd.mp4,0,real
/workspace/data/genbuster-mini/extracted/train/real/1038a16a458194608dfd6211f5e2343ff4d82a1068689d8145e8c262677ee0c6.mp4,0,real
/workspace/data/genbuster-mini/extracted/train/real/aee967f7c8b5b80305afebec4086707c74540488a2860c1da62a1fc276fe46b8.mp4,0,real
/workspace/data/genbuster-mini/extracted/train/real/1345def6fe1cd5e3c26234803f0b6382a58c544177fd0f4fd0b00184306e5b2b.mp4,0,real
/workspace/data/genbuster-mini/extracted/train/real/f61797f404dadd76b6abfbd384c57e7f63262570af8cd5d8eb9879765d865c01.mp4,0,real
/workspace/data/genbuster-mini/extracted/train/fake/cogvideox/029eeec48aaff1fbab3f49ebc41a027c7bf0d962016a82e026a7e5681bc503d6.mp4,1,cogvideox
/workspace/data/genbuster-mini/extracted/train/fake/cogvideox/d3be6d448cc3edf0739e62c3c3a0b34188aa21f9377716d0d7d105bb6b9d3a27.mp4,1,cogvideox
/workspace/data/genbuster-mini/extracted/train/fake/hunyuanvideo/fe1a5b30fcd6972ba11b2d299f4f8010c3a3254e2792077d691532290512760d.mp4,1,hunyuanvideo
/workspace/data/genbuster-mini/extracted/train/real/6a54b12f184431621996b999e6f7e6410939ccb7565106ea92d2ab2d18af0c30.mp4,0,real
/workspace/data/genbuster-mini/extracted/train/real/5d651156837c78f43ade080dd3d725ae8d06f75e0aed4091d04edd3764a51365.mp4,0,real
/workspace/data/genbuster-mini/extracted/train/real/60909990ce80beec5e9c53a517d295e2b977abbcb1b99b5fc393971335b510ca.mp4,0,real
/workspace/data/genbuster-mini/extracted/train/real/484a6cfa969fb0ed581426aea97637fa6e4cba46d2d81035bfd56f616a3373c8.mp4,0,real
/workspace/data/genbuster-mini/extracted/train/real/a588a0717c8a3952f35eb02d53ec067de13424f2312d90cf62bd149f45603474.mp4,0,real
/workspace/data/genbuster-mini/extracted/train/real/603842d22d216a1c127f6affa81831a120c6a0a2ed4e301b03e055b0564bab67.mp4,0,real
/workspace/data/genbuster-mini/extracted/train/fake/ltxvideo/996c93a1b891ab440d62916f694a067f2b28405951ce10d610ac9cdfb753699d.mp4,1,ltxvideo
/workspace/data/genbuster-mini/extracted/train/fake/easyanimate/6ff2650ee65fd463ade9d2f73309ff85b6f0bac81267ddd0dd855e20961e919e.mp4,1,easyanimate
/workspace/data/genbuster-mini/extracted/train/fake/hunyuanvideo/9d87926f7ffdc61597f8f27ebab1ae853496f4f778e8a9b86abac37ee217599d.mp4,1,hunyuanvideo
/workspace/data/genbuster-mini/extracted/train/real/828d8234b42cd35104d0a7433da521cc24ae61d1bbe6b493e53cae02de35c363.mp4,0,real
/workspace/data/genbuster-mini/extracted/train/real/29d2ab00e196cda443e7c34af1e6a5d1a695e55827f401f54747977a1f4fad90.mp4,0,real
/workspace/data/genbuster-mini/extracted/train/real/1760ef31f389353400fd52b1be460c71ec4f5629bde7947c887e47c5c3b2432e.mp4,0,real
/workspace/data/genbuster-mini/extracted/train/real/d1b942d06a3f3a04610183f05bfd8813c16dc270a5b4aafe9a6a0b39872ef4f7.mp4,0,real
/workspace/data/genbuster-mini/extracted/train/fake/cogvideox/98e340c63e00a481cd9a82565b817453792fc10eebc9acc2b2d302c03d5f8eae.mp4,1,cogvideox
/workspace/data/genbuster-mini/extracted/train/fake/ltxvideo/7b7a0e521fd433ab3972a15820738f9e456d0df5ba038511534ba057d3e64296.mp4,1,ltxvideo
/workspace/data/genbuster-mini/extracted/train/fake/easyanimate/90e94bee04578af29955fc00ad5b54e5b6d32aecb4b54d55cded7d618a718d8a.mp4,1,easyanimate
/workspace/data/genbuster-mini/extracted/train/real/e7ad8980f43eb6a7b2d4c6e6e15e6e1a08a63a0c09ad6bc99b8300150cf9aca4.mp4,0,real
/workspace/data/genbuster-mini/extracted/train/fake/cogvideox/80dee2350235fd4dac2028ba36c662bf3435222899359e164341ec2eae3c7908.mp4,1,cogvideox
/workspace/data/genbuster-mini/extracted/train/fake/ltxvideo/5ce41ac4cbd23f574400f1c5209867882e4bb9e1b4c859d8530f22e6b0473079.mp4,1,ltxvideo
/workspace/data/genbuster-mini/extracted/train/fake/easyanimate/930b5abe5cb69b93f530a5344c2c151dc3d172b0f97023edea59755bb166c57e.mp4,1,easyanimate
/workspace/data/genbuster-mini/extracted/train/real/c1f7daef8984511f934d4752c4151090450643cc68e26b4261a409b47c7aa67d.mp4,0,real
/workspace/data/genbuster-mini/extracted/train/real/f6882c4b21ad8f046c773f3f942aa2325178a6022e8b3ef541620b5999e26079.mp4,0,real
/workspace/data/genbuster-mini/extracted/train/real/de28aac80c58e2500a73c87b4638b6377d2b4e9bda2bd0bca2bafcb5b5db0191.mp4,0,real
/workspace/data/genbuster-mini/extracted/train/real/d004496755a5541869afaf608739ee74c3b644c965e0da218213252960fbc6a1.mp4,0,real
/workspace/data/genbuster-mini/extracted/train/real/f2723c509d8b47282d881df5fa7ac6b7dcd773af2614056488f6773d622dae2c.mp4,0,real
/workspace/data/genbuster-mini/extracted/train/fake/hunyuanvideo/2d8dff130f2907693363543ea97a0a017b4aaa2443bdd803f8eea0279321ab64.mp4,1,hunyuanvideo
/workspace/data/genbuster-mini/extracted/train/real/64a461652b7e81938052ec007af73cfe42da2e68e5485cc748a8cf0475b83b29.mp4,0,real
/workspace/data/genbuster-mini/extracted/train/real/d7b3b04e448513071d2793c960c33406946c6b80c8a7ecf99d5ffbc788906d6e.mp4,0,real
/workspace/data/genbuster-mini/extracted/train/fake/ltxvideo/ce3515d29e2e554562c518d3c48252e9430cd38cca027e2aa9535bd05910b720.mp4,1,ltxvideo
/workspace/data/genbuster-mini/extracted/train/fake/cogvideox/3610ae22c6d0c5c91ae5746816721cd228b972ed7327db53452ccbf0746ca5ff.mp4,1,cogvideox
/workspace/data/genbuster-mini/extracted/train/real/e8f5a65ff1e006e69795d60449a595ce8ecefdbbfaf99484fd25cc3e5e998357.mp4,0,real
/workspace/data/genbuster-mini/extracted/train/real/315c0cfd6f151a4ba7c4607a73c9b2567879d17c0c30d3fbb3fffbeba6fd3b95.mp4,0,real
/workspace/data/genbuster-mini/extracted/train/fake/easyanimate/76f7ff0be31acdc94c4434589dd1425bd77e9b8b45f038a138266011358f54b1.mp4,1,easyanimate
/workspace/data/genbuster-mini/extracted/train/real/f0906adf04fc21552605a5766f6f7918826ebb67ea143fd114b3e09c21cd941f.mp4,0,real
/workspace/data/genbuster-mini/extracted/train/real/8fbf08cf41cbbecfbb1fb3dd5f18f101c11241c6b1ff890939dd453f3c5d7850.mp4,0,real
/workspace/data/genbuster-mini/extracted/train/fake/ltxvideo/6259a011e592b22899f9c1975483b1d891bbd5c0c38ca45207937b0cbd47c997.mp4,1,ltxvideo
/workspace/data/genbuster-mini/extracted/train/fake/cogvideox/da1042f0d62398f4eb5a788d6474365b8c945c166f9359fce3f4e8b3df6713f2.mp4,1,cogvideox
/workspace/data/genbuster-mini/extracted/train/fake/cogvideox/aa2bdfe17c62130a73b92ae38994dedcde93afac5266f3a09f0045255ba84852.mp4,1,cogvideox
/workspace/data/genbuster-mini/extracted/train/fake/cogvideox/ec78b60ecbc0c24b59d701a281c56b8c09cf4b1e0e4fa9f9ae76588e971b81c7.mp4,1,cogvideox
/workspace/data/genbuster-mini/extracted/train/real/6cd6d17e8a40d335c202fbc86a3755ecdb2c0a884fdcc8250b6072af2158acf1.mp4,0,real
/workspace/data/genbuster-mini/extracted/train/fake/cogvideox/4573d490252da6d57c9e291898a0fcc344ea675a91b5e485b2cc30d665019830.mp4,1,cogvideox
/workspace/data/genbuster-mini/extracted/train/fake/easyanimate/3b1fd13fbbf937c360947da09d98c744806547fd6e1c0038b77d806decab0425.mp4,1,easyanimate
/workspace/data/genbuster-mini/extracted/train/fake/hunyuanvideo/7a4315020d03d0985de0b0391beb40002d6ad688c1c11d79b8aab198401478a0.mp4,1,hunyuanvideo
/workspace/data/genbuster-mini/extracted/train/real/8b14321479cda041af65239e7ea2630f4cccc4fbdf9d9d49f29b6d068e13b62c.mp4,0,real
/workspace/data/genbuster-mini/extracted/train/real/d103e45874302e7441cd129fbff6fa6bfe89b2ecf86d9d879c15340c374906c1.mp4,0,real
/workspace/data/genbuster-mini/extracted/train/fake/ltxvideo/9041d15feb48edb16a83a63b2ba1324426f1b004d24c810b30ed09a742f76d46.mp4,1,ltxvideo
/workspace/data/genbuster-mini/extracted/train/real/2c8da8657f1f6d2ef8e4b6cbb8ca1f3729a2c9044a0410452d5b467a230bf25e.mp4,0,real
/workspace/data/genbuster-mini/extracted/train/fake/easyanimate/635e0b95a6eae4cdef17b2d0410cfbba724c932cb548208cd154be2912ff2135.mp4,1,easyanimate
/workspace/data/genbuster-mini/extracted/train/fake/ltxvideo/efe952d875c0cc0c2d8faf09377caff8947530addedd5c9fb739d1f492bab4ca.mp4,1,ltxvideo
/workspace/data/genbuster-mini/extracted/train/real/bc7a1db5e09274d883ca30890a041e948bc0c3d895cf66d313172d5a6ff6a4b6.mp4,0,real
/workspace/data/genbuster-mini/extracted/train/real/ad5e2f181f245f50acd15f0ee70adb2a0b723feced6cb23dad45ba0643ebe528.mp4,0,real
/workspace/data/genbuster-mini/extracted/train/fake/ltxvideo/4839bad477c4880289d13a71111fb56e2702f7166f11b1589821ed5a883d583a.mp4,1,ltxvideo
/workspace/data/genbuster-mini/extracted/train/fake/cogvideox/1c47072d2a6efd8db7938d5f88c6337ffafeab4333714d4de363ba9101d1d0af.mp4,1,cogvideox
/workspace/data/genbuster-mini/extracted/train/real/6773f2bcae0697c28d99b160701c736b21076f581f2a9c865bc57148974bceea.mp4,0,real
/workspace/data/genbuster-mini/extracted/train/real/2c3965409233bf755d12b954d96a7ecf1179ef097b190da2c693514e3c30d539.mp4,0,real
/workspace/data/genbuster-mini/extracted/train/fake/cogvideox/12ff3c774e700f6cf0cf91012f9f8289954c4ddfe1e118b77eb89825d1756958.mp4,1,cogvideox
/workspace/data/genbuster-mini/extracted/train/real/348a197590868e681381f56b1de13b3127a7d1d021750595a85af7cf2302ac0e.mp4,0,real
/workspace/data/genbuster-mini/extracted/train/fake/easyanimate/287e3dc518b8d0ef258a5b2bfda779b548ec338b7b25ec0e4578e5bf2192510d.mp4,1,easyanimate
/workspace/data/genbuster-mini/extracted/train/real/c445cad6a21b3ff8430882006c9f3f9fb0ef7bef4cfc60e3f9b057048467bb0a.mp4,0,real
/workspace/data/genbuster-mini/extracted/train/fake/easyanimate/2ff5e2db1df0bf5c546cab735f100261db8de33ccc073dc129fe69e2e58c230f.mp4,1,easyanimate
/workspace/data/genbuster-mini/extracted/train/fake/easyanimate/13a22ec7f6c8783948bb9750c7b7d879396a2ecff0746fdfd739ad2b3c9bca0d.mp4,1,easyanimate
/workspace/data/genbuster-mini/extracted/train/real/a7fd114c41199e9f717fd4d4dc61529e90d027b9edd9d8ac2de7d088c9b28511.mp4,0,real
/workspace/data/genbuster-mini/extracted/train/fake/cogvideox/a74fa2069e0758315c74cd20d403a4ba75eb43ced575178da335ad5e7da29e79.mp4,1,cogvideox
/workspace/data/genbuster-mini/extracted/train/real/536ef60eade85723ede83e418998c996cffaa71f5714fae89f96274cb705c35d.mp4,0,real
/workspace/data/genbuster-mini/extracted/train/real/f708ba3d84397ab017036b30c23bec50abb83433db0c83a57aca91f1ca619969.mp4,0,real
/workspace/data/genbuster-mini/extracted/train/real/9badc691ddce314f99b7ec5ec631aa93e4a7527242ac46f76bfc73b97cff01a5.mp4,0,real
/workspace/data/genbuster-mini/extracted/train/real/55524fe5213c6975bd95ba761699badf52bf3a8f026e9d76280b6e242f5dd4b3.mp4,0,real
/workspace/data/genbuster-mini/extracted/train/fake/ltxvideo/f04668a1b2755a682068a24d4d72a6694f209be0c20c670a7883f529e333ee81.mp4,1,ltxvideo
/workspace/data/genbuster-mini/extracted/train/fake/ltxvideo/2bdacb448ca85bfc8375a4f8105cb0af1c990e800f0fbff9b1b6c9bf11537c3f.mp4,1,ltxvideo
/workspace/data/genbuster-mini/extracted/train/real/9325d1bfd5846583bc067536948287e298dd76509e31bcceed227eec0f2bb13f.mp4,0,real
/workspace/data/genbuster-mini/extracted/train/real/f8915fb8f9a7467a36e60b0f23e7241f49a6713855142942dcda6b50a4d5f6b6.mp4,0,real
/workspace/data/genbuster-mini/extracted/train/real/40a7f1b586c628c247817fd5be62741117c605d7447ae67cf18a9cc6813e4d83.mp4,0,real
/workspace/data/genbuster-mini/extracted/train/fake/easyanimate/9ee3dbb63700ecc360310f64a4bee3baa6d2a2da6ba71f3f2aaacc99215f27cb.mp4,1,easyanimate
/workspace/data/genbuster-mini/extracted/train/real/9759eb859ebbce1b4268700fe243b2adc59204a4799385aa1489e0bc3f331bf6.mp4,0,real
/workspace/data/genbuster-mini/extracted/train/real/59a66cd87d51b7b145dc84cfd41c15ccf6979ded560dfc7838300034fad08d30.mp4,0,real
/workspace/data/genbuster-mini/extracted/train/fake/hunyuanvideo/a3202ab6e0e9c8ad59f53bf59afbcbc49584f010853aa432086196f82ecbb20c.mp4,1,hunyuanvideo
/workspace/data/genbuster-mini/extracted/train/real/806219d89b1ae0cd0998cbab7ab7d499e031a5f650b3d1d20724045d972f3d00.mp4,0,real
/workspace/data/genbuster-mini/extracted/train/fake/easyanimate/f231b9cf8dbbf17cdd9f6105b83209304c025fdb73c995a4ac8d7257d2d74760.mp4,1,easyanimate
/workspace/data/genbuster-mini/extracted/train/fake/cogvideox/9401390e81f127cc29ee4924015a1f15922150f5503001b47b7f717e9a9067f4.mp4,1,cogvideox
/workspace/data/genbuster-mini/extracted/train/real/229bdbeb63011b817399f964462e00b654ff2be1e41ea06d2ccfeb9f02349d83.mp4,0,real
/workspace/data/genbuster-mini/extracted/train/real/805166904e73cbb499f03da32b862c4b82f1aee42c1838f0483e47ba3ef1f85d.mp4,0,real
/workspace/data/genbuster-mini/extracted/train/fake/cogvideox/8eff1ef1122d652e4f28be7ba47d3308b223336f764b44d0fbd5a6559ca5d40d.mp4,1,cogvideox
/workspace/data/genbuster-mini/extracted/train/fake/easyanimate/c2b765fe3641924b06e947a9e9c8ee48b0e307587eda474740a9e7f42961f601.mp4,1,easyanimate
/workspace/data/genbuster-mini/extracted/train/fake/cogvideox/0e9ba1de07f92ddbfbb098e69c3e0aeb77c6128aa70c1c359c898429bf898f69.mp4,1,cogvideox
/workspace/data/genbuster-mini/extracted/train/fake/cogvideox/98796f836931d27684b7639c101fba65fb6affc0a13bb034dcea6acbe1aee7c8.mp4,1,cogvideox
/workspace/data/genbuster-mini/extracted/train/real/db4a759ec94d0808582528daf5098654ba9f17f80481414608e60574d64ff14b.mp4,0,real
/workspace/data/genbuster-mini/extracted/train/real/8a1832fc95427216a083a2f57750cc67dd129886cbd2297c4de7dee62b4db801.mp4,0,real
/workspace/data/genbuster-mini/extracted/train/real/88380afe4a63076faffacd3ddc861452d1f2ce1daad4c8732fd43cb577249fe6.mp4,0,real
/workspace/data/genbuster-mini/extracted/train/real/5ee7825c17b90f965a69e668590d37a61af02275ea98bec0b7d56d1410401fb5.mp4,0,real
/workspace/data/genbuster-mini/extracted/train/fake/cogvideox/be9b97997537fe7f31cc42a4c7a594b1ea3cc261ef2025a7c5c74d1259eb6864.mp4,1,cogvideox
/workspace/data/genbuster-mini/extracted/train/fake/cogvideox/19c46fd2ed171c3bd31b12ddc593c889d56a610a73de24837f7454ee53db9558.mp4,1,cogvideox
/workspace/data/genbuster-mini/extracted/train/fake/ltxvideo/3ffa53cf4e89250565717b4afafc30847b140d0c3e91ffaf10ea308d4cd833da.mp4,1,ltxvideo
/workspace/data/genbuster-mini/extracted/train/fake/hunyuanvideo/aebc1d660023f02cea85eb95b4eb87d5397c6b284c8b4a276f1972798b848a0a.mp4,1,hunyuanvideo
/workspace/data/genbuster-mini/extracted/train/fake/cogvideox/a3d490e7a9b3a71cba41b39eab113b9a092a9e905390c8278d0938c561377842.mp4,1,cogvideox
/workspace/data/genbuster-mini/extracted/train/real/a7d2a52f74a8f491f241b9f5d1e4724fae4c1e8319ddb87674a0922ee297ece8.mp4,0,real
/workspace/data/genbuster-mini/extracted/train/real/d971af3e6d3c6201a4e3dd766e522c1f3fd7d112bac5839f3aac12957d1677fb.mp4,0,real
/workspace/data/genbuster-mini/extracted/train/real/8e409eeb48c3f4a36af695ebaebd5a2e3bbde6dd803f5c35b30f995d7195efc8.mp4,0,real
/workspace/data/genbuster-mini/extracted/train/real/bca1259380e0f2c92533d05951d1effff932cde9431d114b441e14545674e44d.mp4,0,real
/workspace/data/genbuster-mini/extracted/train/fake/easyanimate/ca9d500d9dd1e7fa3f43ebf28c07a82ab508320c2e98a753e01de814975a599f.mp4,1,easyanimate
/workspace/data/genbuster-mini/extracted/train/fake/easyanimate/383b0caac6a1c17e3933a3b05b06df37d1e2f835382c9df2cdb27777978e6497.mp4,1,easyanimate
/workspace/data/genbuster-mini/extracted/train/real/e2621502593e368ae5086c4fe6bc054a9ab57a09ca9c98c7351ecb4262673299.mp4,0,real
/workspace/data/genbuster-mini/extracted/train/real/d2cde75b3f192c9159c7057ed2852aae954e5bd66ef300321c869bae30c376ac.mp4,0,real
/workspace/data/genbuster-mini/extracted/train/real/2dbfa3f5d799b9b7d354c35e6ffb55336a478b715bdaefa27cac1857a7fdfe0e.mp4,0,real
/workspace/data/genbuster-mini/extracted/train/real/83e918c236fc3f725c6386e95fd51ba41d13af02328aa326420c447d92551972.mp4,0,real
/workspace/data/genbuster-mini/extracted/train/fake/ltxvideo/33a49ffe8668d500ec624b2d4712ef6cb73120c9d8ab39f71687b1397b448e6d.mp4,1,ltxvideo
/workspace/data/genbuster-mini/extracted/train/fake/hunyuanvideo/075423705a5c09b076953194274ae751d22cb624af9a31153001f2429987f5e0.mp4,1,hunyuanvideo
/workspace/data/genbuster-mini/extracted/train/real/0f97dff6e68bccd00f50f14ef7bc09e8cac60ffb193c879f1ad403ae2d3a9cd9.mp4,0,real
/workspace/data/genbuster-mini/extracted/train/real/83420ab23150de7bca6e1448de13ca750d2aa9500cc627e07c8271d17d7e4ae1.mp4,0,real
/workspace/data/genbuster-mini/extracted/train/fake/easyanimate/6f4d801c06335d636a6202ccb6e894c04b8c439a28b9757f0327a339025d4694.mp4,1,easyanimate
/workspace/data/genbuster-mini/extracted/train/real/6c63090b9fe377a22e7527c7af3cb568d9a82a16f449ff98fcd4be15d6a20fb8.mp4,0,real
/workspace/data/genbuster-mini/extracted/train/real/850ba8c015f177b478a9565abe0bd906f15d3c6c65ac09f477cbcef3a57177ec.mp4,0,real
/workspace/data/genbuster-mini/extracted/train/real/14b87c1fd81a1c9a919e957c6d81f3bc36017c64d731084d16c84e25a6ce331e.mp4,0,real
/workspace/data/genbuster-mini/extracted/train/fake/easyanimate/b75490c2929607cd87231ee50380d50967334abd14dec7856d9b5b63fce45bcf.mp4,1,easyanimate
/workspace/data/genbuster-mini/extracted/train/fake/cogvideox/d6a5abb5550bf2060acf4a932c644fe428a54f335661783e458e4490b2858adf.mp4,1,cogvideox
/workspace/data/genbuster-mini/extracted/train/fake/easyanimate/7be2555fdd584d6d3b48472df969b6aac8aa263a233ede6fb6865c3755184816.mp4,1,easyanimate
/workspace/data/genbuster-mini/extracted/train/fake/easyanimate/c11813133d683b2077df92b6e7b91a099315643d8e58a6a241f173e54505d0d5.mp4,1,easyanimate
/workspace/data/genbuster-mini/extracted/train/fake/easyanimate/0c3b6e07ee6eb7c8aa3e8eac6fe9b9001109421753605da8c43bcf5b304d94e6.mp4,1,easyanimate
/workspace/data/genbuster-mini/extracted/train/real/78aaba165e4a1728b077ef8a3195c2d5364b146559bdf4394ace20054eb4bd63.mp4,0,real
/workspace/data/genbuster-mini/extracted/train/fake/hunyuanvideo/a669e6d70afb4832abe8dddb4d76d179ccd1eb63ab1f392ae670cb8fa8fd4a36.mp4,1,hunyuanvideo
/workspace/data/genbuster-mini/extracted/train/real/7a603d4ae533a538941a7de643c06efb23c8db39d1716cf96e2657e103e6032b.mp4,0,real
/workspace/data/genbuster-mini/extracted/train/real/bf17335855e79842ca2407385c95634e5c160b965ab40624e66e7ebf659f5cf3.mp4,0,real
/workspace/data/genbuster-mini/extracted/train/fake/easyanimate/1c9dcd31415e83092b569649a0d718dc80ca6e13f90c7120e209a49627830bf6.mp4,1,easyanimate
/workspace/data/genbuster-mini/extracted/train/fake/easyanimate/c58e3a271a4cf1eaf643ac7c47ffc9ce10fbe564a2767b386d3a1e49f91b9a5a.mp4,1,easyanimate
/workspace/data/genbuster-mini/extracted/train/fake/easyanimate/35a4168a06f5a6593ef190af67265988aa17b594b51e4ecad0f60764963e1669.mp4,1,easyanimate
/workspace/data/genbuster-mini/extracted/train/fake/cogvideox/e4f18eb5fe6e1066a33c84f1ee9874a6bf892dbafc9e041c98c8ca0c8ffcc53e.mp4,1,cogvideox
/workspace/data/genbuster-mini/extracted/train/fake/ltxvideo/b8fd303cbef14edaecf713df7cbed6e60c594b0782116e96a6383a76d42e797a.mp4,1,ltxvideo
/workspace/data/genbuster-mini/extracted/train/real/eb4382dcd277fd9cb03d940621163dbaa45710c916a22ec54c12715eb229ffdd.mp4,0,real
/workspace/data/genbuster-mini/extracted/train/real/4b8922971b94d4fed2bf692bfb04516f471d57b8dcb97f1314dadd1a44d7dcee.mp4,0,real
/workspace/data/genbuster-mini/extracted/train/fake/easyanimate/60181c6d7b71fd9bac0eef1819169f995f7fd3d5a4e27157968eb2564c4d81ae.mp4,1,easyanimate
/workspace/data/genbuster-mini/extracted/train/real/0a1abdad87a99508b65d081a46f2411d504e908c1eabae7b9c5abf471ef81d5a.mp4,0,real
/workspace/data/genbuster-mini/extracted/train/real/1d72902c75c752c117c1daf9a9ea4d3a007e1eee3c464fbb75fd0b3fc21987b2.mp4,0,real
/workspace/data/genbuster-mini/extracted/train/fake/ltxvideo/42611551a8548b88d296c5c8c3aae8be38efa12509fc0c998e7442b43465e5a2.mp4,1,ltxvideo
/workspace/data/genbuster-mini/extracted/train/fake/cogvideox/ea08a2385f9ee85219e16699fc5776ec07b393d2faa0b72107eceadb6e672c70.mp4,1,cogvideox
/workspace/data/genbuster-mini/extracted/train/real/814e9e7fda1f460d105773f4e3663bacc048a9751bda12bcf7326ccb0278f0e1.mp4,0,real
/workspace/data/genbuster-mini/extracted/train/real/fcded654bfa1f167354db656f5b64c1967a37e699badd2733df2bbc3c90ed16f.mp4,0,real
/workspace/data/genbuster-mini/extracted/train/real/d72da24aef907744556b560f0bdf9a1975e1134f0711210c1efec2552dcec2ee.mp4,0,real
/workspace/data/genbuster-mini/extracted/train/real/691f56a3a5143de68a75c294abf0032daec44ac5c5544c7f86a92778a511a6b6.mp4,0,real
/workspace/data/genbuster-mini/extracted/train/fake/cogvideox/528e4e4a0fcac123797350b16c996457763a8a608ac48797cc3450d639c1f0a5.mp4,1,cogvideox
/workspace/data/genbuster-mini/extracted/train/fake/cogvideox/b98cfc09527013062a743116fb45e2cc8fd7596a0dd8e8b22513ac1477e4450e.mp4,1,cogvideox
/workspace/data/genbuster-mini/extracted/train/fake/ltxvideo/c224dd986b225732f0c55a1bf12c919481a1dac17227f407f9cede204370b411.mp4,1,ltxvideo
/workspace/data/genbuster-mini/extracted/train/fake/easyanimate/b8d8bb57bf8d01f1b5b152f98fb092a641a5f6af35b4ba4f63293f30fca5f6d0.mp4,1,easyanimate
/workspace/data/genbuster-mini/extracted/train/real/ed01b2f2a10faf26f8a64a7b213fab2625cd55e8249110e6d5929582d39e3bdd.mp4,0,real
/workspace/data/genbuster-mini/extracted/train/real/97e1154fe30e9cc5b9109c36ffe4345f6af88cb556e9464a6dc6b73820ea72bf.mp4,0,real
/workspace/data/genbuster-mini/extracted/train/fake/easyanimate/0a31476c1e8883748245aa1884e53c5507c8235f21f9b5567ac17096646251f5.mp4,1,easyanimate
/workspace/data/genbuster-mini/extracted/train/real/c06e43eae4d16f2490712979e25b64b893266489da42be65f167410f10ddf8a9.mp4,0,real
/workspace/data/genbuster-mini/extracted/train/fake/ltxvideo/9b773b66d0ee46a218324f8145a50df00c7f5fac1713c04226d320fd8acb6b48.mp4,1,ltxvideo
/workspace/data/genbuster-mini/extracted/train/real/6d50fd5eae2b5e43325fbf7f45ead625b63cd1fa15cf6b072721338157a7e93b.mp4,0,real
/workspace/data/genbuster-mini/extracted/train/fake/cogvideox/1b66926bdedd92d87042ab0f21ebc0cd109e7a71df82c2b0e4fc79b9fec1231e.mp4,1,cogvideox
/workspace/data/genbuster-mini/extracted/train/fake/easyanimate/b2e8c95238e68bec42aa4480af1741488bfc81e58f0cfcd56eb3cae876a9df3d.mp4,1,easyanimate
/workspace/data/genbuster-mini/extracted/train/fake/easyanimate/75946a6e6202ef6578d64301bc7f137c4532bfbf5d6865e874b368ebc32caae9.mp4,1,easyanimate
/workspace/data/genbuster-mini/extracted/train/fake/ltxvideo/9e3a286f1947c14dbbd0e9115b2a618f7d8fe9dcd3bbd8cee8381e5f2bd439d8.mp4,1,ltxvideo
/workspace/data/genbuster-mini/extracted/train/fake/cogvideox/732995556d8d804bfc58f22b7dafead68d0b857519ab2d1bd87123e43cf19e8c.mp4,1,cogvideox
/workspace/data/genbuster-mini/extracted/train/fake/cogvideox/cd1e06ec21830e317bdab8f81bb40ce4a019b84c03197ec637271c638c42a177.mp4,1,cogvideox
/workspace/data/genbuster-mini/extracted/train/fake/cogvideox/0724d02ca3b285192a35f278045d62cac2a96ba692f8ea5df7071e5f634bf9cd.mp4,1,cogvideox
/workspace/data/genbuster-mini/extracted/train/real/f4902043bb6a0338a6ec380c3cefbca8fc30cbb976a8b3c6aa1260eda4239799.mp4,0,real
/workspace/data/genbuster-mini/extracted/train/fake/cogvideox/0147a6a47fd6c3d880f772534bf1128d05ea2ee26d07598c272d4e05e8ae6159.mp4,1,cogvideox
/workspace/data/genbuster-mini/extracted/train/real/210e9c492f0b6dd193ee3a591c7ec12086221f2f354634cb2ae64714327431ef.mp4,0,real
/workspace/data/genbuster-mini/extracted/train/real/0d491eb5631f9c8994f72e75eec0ba320c521d7917c207e6044bca4ead789a2c.mp4,0,real
/workspace/data/genbuster-mini/extracted/train/fake/easyanimate/714be7bec25d8b25363d9400e0da9525bff2677f735e70fa75a6034f027db3de.mp4,1,easyanimate
/workspace/data/genbuster-mini/extracted/train/fake/cogvideox/e9414f2dcecca0806a348f84528b677be99bfc490843333cbcf13dd83b51a7ca.mp4,1,cogvideox
/workspace/data/genbuster-mini/extracted/train/real/586a0288dbd43b8d533090cdb35599d48148fbd4cdc63eb7c10bb5b97c081773.mp4,0,real
/workspace/data/genbuster-mini/extracted/train/real/9100a90d264cdea023468b25765b294702e58b9b0144da7c4e7a42be954d25e1.mp4,0,real
/workspace/data/genbuster-mini/extracted/train/real/f53c651217fa91d53d2540ab17e2c5f1acb21bf4724e89b48ecb5c58570db06a.mp4,0,real
/workspace/data/genbuster-mini/extracted/train/real/1382efbde7d5abc52353fd8bd2cda1ca619d9aeec01182dff8f0c4860e1774d4.mp4,0,real
/workspace/data/genbuster-mini/extracted/train/fake/easyanimate/2873d2d660eeeb305f3dc4dab67306bad0e8ba8d7bd461f8472b1a9facb72570.mp4,1,easyanimate
/workspace/data/genbuster-mini/extracted/train/fake/ltxvideo/8c26966dd2d91acb8e9ebe4792e6219dff3f2c8b6fe3759459927ad131183b53.mp4,1,ltxvideo
/workspace/data/genbuster-mini/extracted/train/real/ced971357e4c5a71550906f7dff9eecc4a81f18c122632f5dd03479f5328f14e.mp4,0,real
/workspace/data/genbuster-mini/extracted/train/fake/easyanimate/ffc947e72b7378a9fbe349152be69d1e2dc051703887b251e61490677584f196.mp4,1,easyanimate
/workspace/data/genbuster-mini/extracted/train/fake/easyanimate/c1ad264c6be31f80679bce07650a9f7dc380f4931b263e29754ee02e2e5c8a38.mp4,1,easyanimate
/workspace/data/genbuster-mini/extracted/train/fake/easyanimate/a2981a080b7163da09b6f05d99172f3589c46d4999c2d0a0cf9ffe985da57726.mp4,1,easyanimate
/workspace/data/genbuster-mini/extracted/train/real/1c3880528498d3ffa59569e978542d25dc55e3c068d263a4b059679177de4c04.mp4,0,real
/workspace/data/genbuster-mini/extracted/train/real/df303e069149c03aa156189ca79d6d196dac622209cc833829849b5128e0057c.mp4,0,real
/workspace/data/genbuster-mini/extracted/train/fake/cogvideox/f3a6726e29d8c9d5f86ccbaeb0e276f8e3cc037d70bcecff5b38584edbf4a8d6.mp4,1,cogvideox
/workspace/data/genbuster-mini/extracted/train/fake/ltxvideo/f60306541b3bb3c7f6bec2b22ba2b0795a058c0da339ea266b44651bd18a8140.mp4,1,ltxvideo
/workspace/data/genbuster-mini/extracted/train/real/fc8edebbf2c4156e4e725d9707df98f043901e405e78b336bba096fba591740c.mp4,0,real
/workspace/data/genbuster-mini/extracted/train/fake/easyanimate/04b11f4aa4975535bdc3260a670733f385d89f3688a55bcea914bf76ae797b35.mp4,1,easyanimate
/workspace/data/genbuster-mini/extracted/train/fake/easyanimate/a2061770a4ad2480bb9b608a689c32ca7127684e0c7cdd2564d417296a31135d.mp4,1,easyanimate
/workspace/data/genbuster-mini/extracted/train/fake/easyanimate/f01cce70ad7aaf2d80741e2a1e7d8e7c0629fa7b6c1b9c47c54b7f2c08e88b84.mp4,1,easyanimate
/workspace/data/genbuster-mini/extracted/train/fake/ltxvideo/6376a8fa2179e55280c4a03ec796397655593928203eff4c4514aea60f5137df.mp4,1,ltxvideo
/workspace/data/genbuster-mini/extracted/train/fake/easyanimate/c24d39ae8e8d2c995b852bfaee0527986c4e59d2c1fdb41e25e8f0570c1dd5eb.mp4,1,easyanimate
/workspace/data/genbuster-mini/extracted/train/fake/easyanimate/494b12c4cdc6e1239bf452d8101bd1761c21c06cd3da035b918866f050fa8ab4.mp4,1,easyanimate
/workspace/data/genbuster-mini/extracted/train/real/3f242a6a35631eb2fe6f90f66184c77bcf477f5315ecb883738a4f2a0700f5af.mp4,0,real
/workspace/data/genbuster-mini/extracted/train/fake/ltxvideo/874b4f155486cb69afca965028f528902c55d28702f2c5f64f92a33b0f5ab29e.mp4,1,ltxvideo
/workspace/data/genbuster-mini/extracted/train/real/0c965cb4a3f22367e92abab2f2e7e83b52038f2bfbba4f15ad4f83de0cc2ab68.mp4,0,real
/workspace/data/genbuster-mini/extracted/train/real/7b33762a5d02cd072fe5184667917e8e8477f4b39ebf099e9b0b3f560962a9ff.mp4,0,real
/workspace/data/genbuster-mini/extracted/train/real/664813ac03d5a6f1b0616420ffdf09466e04f45f4ef4e1b886bd9bedcfe6fb99.mp4,0,real
/workspace/data/genbuster-mini/extracted/train/fake/easyanimate/420241d8b03fc5b2996ee73d0d74e813129f76832704dde7b88e6929c58485c1.mp4,1,easyanimate
/workspace/data/genbuster-mini/extracted/train/real/701bfd54081540293a4e7b41afcbca5ac2926bc84abe9ff55dc7fcf11eed1785.mp4,0,real
/workspace/data/genbuster-mini/extracted/train/fake/easyanimate/35aca2041b43bac640b75688af1469c8f1350a25987395b71d1204969da5dbef.mp4,1,easyanimate
/workspace/data/genbuster-mini/extracted/train/fake/ltxvideo/abed3a575535ccdf310a4580944f5c66e573f4e04ab3d06c16e1e310b45e3a62.mp4,1,ltxvideo
/workspace/data/genbuster-mini/extracted/train/fake/cogvideox/f907af954b8af6b7e7bdf04b3870f2d6e3dbd164ffb706eb04a436152c9fd115.mp4,1,cogvideox
/workspace/data/genbuster-mini/extracted/train/real/851bd61219cd8e2801e8fd0ac0bf3b0b2d985aeb3ab62a95675fd9af75ff499f.mp4,0,real
/workspace/data/genbuster-mini/extracted/train/real/836a931a90d746d15eeaecdaf0db1a204d2754c2706105b739a6c9516c360ac3.mp4,0,real
/workspace/data/genbuster-mini/extracted/train/real/47474986e0dc6a8b0d8d14579d1c0018069851ed1377180a3859023ebc40ab14.mp4,0,real
/workspace/data/genbuster-mini/extracted/train/real/80ddf80550cf75af1f5dc073fb3fa329629aa75b4605384e8b87198d44750994.mp4,0,real
/workspace/data/genbuster-mini/extracted/train/real/fc06599e9ab744079806e512387eb846e4196fa1678a72338988b7fc8738bfe2.mp4,0,real
/workspace/data/genbuster-mini/extracted/train/fake/easyanimate/1f1438385c2e80b725aabb93a7d13d18d22ee0d03ecd0f36a2fc5cbdaa3b165b.mp4,1,easyanimate
/workspace/data/genbuster-mini/extracted/train/fake/cogvideox/c9e759a520bc852ad4c024ed0b74ff9b7bf62c4d4df271032e47f86b4c1d2140.mp4,1,cogvideox
/workspace/data/genbuster-mini/extracted/train/fake/cogvideox/5667b5b686c32fc5eeaa906d4a3f2e5b46dc630b5eb7e15e66a8c7033183cca0.mp4,1,cogvideox
/workspace/data/genbuster-mini/extracted/train/real/6773b9df3e308ddd54cb2fd35b2a6859b0a3bf40e07e165ac12b9b5ab3a65e2c.mp4,0,real
/workspace/data/genbuster-mini/extracted/train/fake/easyanimate/125b15f9ac6f242bed3ed0959aef71a097e2783b287cbb4a78226a22ab470ed1.mp4,1,easyanimate
/workspace/data/genbuster-mini/extracted/train/real/799ff1b059e90539b75d68db8649b37b8fa0610928af98fef3837e832570a837.mp4,0,real
/workspace/data/genbuster-mini/extracted/train/real/deb9b716e561c5b4f35b84c1211fecc139d0c25dafd3af1420b2eab50c6ffcdc.mp4,0,real
/workspace/data/genbuster-mini/extracted/train/fake/easyanimate/971303d0c7514a217384f64e42c3160ed51201baaca5c5053fcd85eb6007a694.mp4,1,easyanimate
/workspace/data/genbuster-mini/extracted/train/fake/easyanimate/03ab5b846aaedb84a1c6868e4091d47ad457a3f09eed8ddea53c032bae722ec2.mp4,1,easyanimate
/workspace/data/genbuster-mini/extracted/train/fake/easyanimate/fa078a3553e9349ba96d48b7201fc0237bbd480eca7bfc28b27192613f39ac2d.mp4,1,easyanimate
/workspace/data/genbuster-mini/extracted/train/fake/easyanimate/1acea84a370d6a622de2aa8e6fef577918f1a9f420a018cdafd2e7a6bdc633c2.mp4,1,easyanimate
/workspace/data/genbuster-mini/extracted/train/fake/cogvideox/dfc0c87cc4b23ed20a4e9d436bfc3e2d8126ef79ba84bc940056c2f6f4cdfba9.mp4,1,cogvideox
/workspace/data/genbuster-mini/extracted/train/real/d31f999471a43d16873760d1081b6404c7e2a78670761e80742a9badb1eef2d9.mp4,0,real
/workspace/data/genbuster-mini/extracted/train/fake/easyanimate/17cf82b7961616018f0a57757b29d88475ee960b55bd93949625db0df1c769a1.mp4,1,easyanimate
/workspace/data/genbuster-mini/extracted/train/fake/ltxvideo/8ad0c3bad060a4d02aecb27a777937cd80d8d61ae145935fc241c611fab0f073.mp4,1,ltxvideo
/workspace/data/genbuster-mini/extracted/train/fake/easyanimate/1af02acefc1b3963de301980c67bce26ea511dc36b34c74c499bd4338034b6f4.mp4,1,easyanimate
/workspace/data/genbuster-mini/extracted/train/fake/easyanimate/a7f0e017314db56a48c63c6183e2922011c9e492bac41a4b44fe4693c76ffb9e.mp4,1,easyanimate
/workspace/data/genbuster-mini/extracted/train/real/383138e8fca8de0531e87362132847124088c37703074208be8616deb1cf0b5f.mp4,0,real
/workspace/data/genbuster-mini/extracted/train/real/24e186894024f14c163557aaa675a82c3f45d400cc43f477dc139e79fd454124.mp4,0,real
/workspace/data/genbuster-mini/extracted/train/real/c64858c98785c05814a34f7acba5f8abff7bc885dca1cb910bd8255cbd218428.mp4,0,real
/workspace/data/genbuster-mini/extracted/train/fake/easyanimate/1d59da871ee3530c1dbe5c795c836aeb83580a6d2532dce618a2327c028e4009.mp4,1,easyanimate
/workspace/data/genbuster-mini/extracted/train/fake/cogvideox/9a594e1fa50e0c9a1e7e4a727fb9ba47abc250001774944393c85f7055a546fd.mp4,1,cogvideox
/workspace/data/genbuster-mini/extracted/train/fake/easyanimate/75c8cb7decd9d8d309a728f5234fe44c6069624110abaf101720744bb08e3774.mp4,1,easyanimate
/workspace/data/genbuster-mini/extracted/train/fake/cogvideox/2aaaaceb098f9757fd752e0b89906c3527329e6fbda388310aa025d38f58774d.mp4,1,cogvideox
/workspace/data/genbuster-mini/extracted/train/real/2a3e6221d0cec33d08fc0c94a4ee7d9ea62639be2dd49d3f7449c9aaf2ec1279.mp4,0,real
/workspace/data/genbuster-mini/extracted/train/real/c11f3f5ee107c32e0c76ba2ff0b9677883faa63b546d3ead77f4e341c9cf8ef5.mp4,0,real
/workspace/data/genbuster-mini/extracted/train/real/d8c2465cb51b4973878fa0bcf834eafe0b454f500e4f710989c9d9dc5d9f7860.mp4,0,real
/workspace/data/genbuster-mini/extracted/train/real/5d7fe37ba561f3ef4b1cec9ef0593f0ad3d44d212853321d204cfa9ef681331d.mp4,0,real
/workspace/data/genbuster-mini/extracted/train/fake/easyanimate/ab168898f50972f159622ac4e1fdfdb195b7323f2afd2477b23a4d8f6ee9bc0e.mp4,1,easyanimate
/workspace/data/genbuster-mini/extracted/train/real/cd84d522af703c5f4fb6364eb7b355044039c4f4a89c8653b1a7a8ff25cc8b45.mp4,0,real
/workspace/data/genbuster-mini/extracted/train/real/e8672ea4cdc05ee21590eb723ef0e674edad30c2e0dd7d0eaf438cd5e921c5ba.mp4,0,real
/workspace/data/genbuster-mini/extracted/train/real/25652043fb194ae67ce69a831f82e51c6c3e91f93bc827560019882550fb896c.mp4,0,real
/workspace/data/genbuster-mini/extracted/train/fake/easyanimate/65b79f870adf50c7bb7c0fbb052d38d93dcbd2b8f3eddbe2d59746566fa3c29b.mp4,1,easyanimate
/workspace/data/genbuster-mini/extracted/train/real/e3c200e16104a82cde6c3cae89d1eefe43b6c50ba65ad68be6631c016b55cedc.mp4,0,real
/workspace/data/genbuster-mini/extracted/train/fake/easyanimate/58dd9a70d73145036584b34124c2a51128094e223c05bc731862cfb8fbc26b32.mp4,1,easyanimate
/workspace/data/genbuster-mini/extracted/train/real/fa70d6eac5a18698bed5565e5241f8b5c42cc349a4cdee9bd0e885e40b3c6d08.mp4,0,real
/workspace/data/genbuster-mini/extracted/train/real/8391483e6712a00473744940da3959c78bab0dab803c3df68c1d1fcd372150ee.mp4,0,real
/workspace/data/genbuster-mini/extracted/train/fake/ltxvideo/55e9d24053d2d254024be4b501ca82a50367fce9f94772594c4e0c9c28e6b9b8.mp4,1,ltxvideo
/workspace/data/genbuster-mini/extracted/train/fake/cogvideox/48ddf44eb0bb3a302dfffeecb13cd5337aed3da339296cc2939cd302b9d15e8f.mp4,1,cogvideox
/workspace/data/genbuster-mini/extracted/train/real/c58bc474f20e4ba2ebb8756ca0d3e28f5922aea33a8bf4765aa44a9ee45dea12.mp4,0,real
/workspace/data/genbuster-mini/extracted/train/real/7d61324e3a5c03d73c3b959196e837b3583a9e7b533b3cc34397d59e319790b4.mp4,0,real
/workspace/data/genbuster-mini/extracted/train/real/305330d0b335c0d63b8c7cfdb1cab6dfb06dfb9d0213b58af1f75fbc783fcccd.mp4,0,real
/workspace/data/genbuster-mini/extracted/train/real/383d10f358bcf53c6b08da7601561e67ef087cadef45b17e546ccdb562b1f692.mp4,0,real
/workspace/data/genbuster-mini/extracted/train/real/a9346f4be5e9dd5839c160986ea30e7e6fb78532922cd9c6c5b90355e66ae3fd.mp4,0,real
/workspace/data/genbuster-mini/extracted/train/fake/ltxvideo/dbf2a28e3c4320c83820cfc4487b46bc034aea2d90b0fce97922ac2b800e350d.mp4,1,ltxvideo
/workspace/data/genbuster-mini/extracted/train/real/2643acea121c5a65525463278a78cc229dbe75de0e625c337655f97b94054346.mp4,0,real
/workspace/data/genbuster-mini/extracted/train/real/75556e940ec08721d9e862a811313c4c528dea2e31997198ee86cd227093590a.mp4,0,real
/workspace/data/genbuster-mini/extracted/train/real/f3477fc6b735dd5e47f011d9182a2fb1423e03797eeb04e434483be8cf9c2841.mp4,0,real
/workspace/data/genbuster-mini/extracted/train/fake/easyanimate/c4c2bb4cd72c36c6ef3bf5b52f22b0589f3f3b2c5f09467703c3821a7c41b029.mp4,1,easyanimate
/workspace/data/genbuster-mini/extracted/train/real/143bab68d6edee176a644ed5c96b52daf2a5c7ff7f0cd4d753e6b41443946243.mp4,0,real
/workspace/data/genbuster-mini/extracted/train/fake/hunyuanvideo/c18bcd8ceb3bdbe53d8546abadc0b2a1246ddfe6fa58f4ee9c91eb17e7f56074.mp4,1,hunyuanvideo
/workspace/data/genbuster-mini/extracted/train/real/734ffa786c8bda37bcbf4b04c71423562306eca9dae47399f3fb284a49963260.mp4,0,real
/workspace/data/genbuster-mini/extracted/train/fake/ltxvideo/248f5ba9435f605ed4d982c373ae5a55b78327417070e200251f5632b3221d1c.mp4,1,ltxvideo
/workspace/data/genbuster-mini/extracted/train/fake/ltxvideo/c91812cc53115264e06e847e4cc0a510bcbcd75feb21993d3efb942c7cd4648b.mp4,1,ltxvideo
/workspace/data/genbuster-mini/extracted/train/real/97a85a73d37845313c34b1495028b507149cbdc5f1be8f1451e6a364ae602610.mp4,0,real
/workspace/data/genbuster-mini/extracted/train/fake/easyanimate/5b7a9d172935c54017686079a9c1626f7db524c51f5685c577298a8f430a68ca.mp4,1,easyanimate
/workspace/data/genbuster-mini/extracted/train/real/905ecf2630816ddd565d05c7f1b135ff7c5b48b10567af939477021efc1e62a8.mp4,0,real
/workspace/data/genbuster-mini/extracted/train/real/7aaa07a1f1311231c7f208e71edc894f127f9bcec544ffc7408457dd7f0f7a1b.mp4,0,real
/workspace/data/genbuster-mini/extracted/train/fake/ltxvideo/cc4b05a8a7e526cf5a5dee4f122a1825ba9ba6a962fcf3fa28e5587939fa3422.mp4,1,ltxvideo
/workspace/data/genbuster-mini/extracted/train/real/8f20d6f02d1fba65b37e5261702305f20f024ac8cd385b4e24578791a50e97d7.mp4,0,real
/workspace/data/genbuster-mini/extracted/train/real/da1f71f75569d285c2269bf87a79bc4a0dfd4cb168d1f7de6b8f87778f2efce8.mp4,0,real
/workspace/data/genbuster-mini/extracted/train/fake/cogvideox/5d7afbfd9c0b99afed468adf2824d1e26f36fc177615b8239adbc087022d5063.mp4,1,cogvideox
/workspace/data/genbuster-mini/extracted/train/real/d1c2e0f24196c0d42be66633de191a3f3e327a6ec4a177769344dac7043a3ba6.mp4,0,real
/workspace/data/genbuster-mini/extracted/train/real/a92fd78f1300350251f5f5de76703be267072c06bdaeb775d1202583ca3e1e57.mp4,0,real
/workspace/data/genbuster-mini/extracted/train/real/17f16251839255bb9d40d12f358640229e5708a8a2c09f0bffa2d6ae64790873.mp4,0,real
/workspace/data/genbuster-mini/extracted/train/real/9fd081a0b1fef5f9e6b146c4db5bb097d337272423a926ef466e9cba81611c5f.mp4,0,real
/workspace/data/genbuster-mini/extracted/train/fake/ltxvideo/4fe962697ddbaf79b5ed14682f5b0cdd623cf9fee416213417be7d43f5ef5668.mp4,1,ltxvideo
/workspace/data/genbuster-mini/extracted/train/real/98f953cc6072470fabb1d1f1945bc67d70276684e5c358cf6521a4b19a9939fd.mp4,0,real
/workspace/data/genbuster-mini/extracted/train/real/6a0bbc84b328b2200ec02a0525cc5b6773dd29b1a510b71f0fc1f7e879db6d80.mp4,0,real
/workspace/data/genbuster-mini/extracted/train/fake/cogvideox/e084756333f0e0fc92bf0ae44dc705c37b9114b06386f404eafc49808c247168.mp4,1,cogvideox
/workspace/data/genbuster-mini/extracted/train/fake/easyanimate/a06123050c822a80549ef212c5a948399d2ff3a8bba9b83db13dbeddc5089a9b.mp4,1,easyanimate
/workspace/data/genbuster-mini/extracted/train/real/002bfee4647dbba28ea769aff10cb6c81ea46e8af371b3f81660e3789ccab1b6.mp4,0,real
/workspace/data/genbuster-mini/extracted/train/real/58e656bde34082b35d954ac81a262795384c5f04bfe5af068d4d3368c613ac82.mp4,0,real
/workspace/data/genbuster-mini/extracted/train/fake/ltxvideo/1016e17bff7de43aeac249c56b5b3c53a2893b215464d165220450cf10ba644b.mp4,1,ltxvideo
/workspace/data/genbuster-mini/extracted/train/real/6c70da62daa78e6dbe9e6fcc63ba17a0a2d069dbe8e7635e4f4dc9a988fa1c79.mp4,0,real
/workspace/data/genbuster-mini/extracted/train/fake/easyanimate/d823891bf8316e7a24b641b34d7ba78a65aab5f12ea4c89c379bcd72aa6f0bde.mp4,1,easyanimate
/workspace/data/genbuster-mini/extracted/train/fake/cogvideox/ccf2c0a424d0586ec4092d160c9887eb697c0b8ac610db778b4304b8d6ebb36d.mp4,1,cogvideox
/workspace/data/genbuster-mini/extracted/train/real/46a949e30c84d93e1e03745615cb26a07eed8b0120243800090930f53ba0741b.mp4,0,real
/workspace/data/genbuster-mini/extracted/train/fake/cogvideox/e88a0da7c0afbfb2bc9023e467c5e45d6ed247ab426f7b1edf4ee0760b8ca764.mp4,1,cogvideox
/workspace/data/genbuster-mini/extracted/train/fake/hunyuanvideo/2d75b7b1b27513e3cc7c309c068934632b17ab961e87b3d62ac2ba1f24a453bd.mp4,1,hunyuanvideo
/workspace/data/genbuster-mini/extracted/train/real/b83f27d67a83815bcbc139e97e8662718b5a1db3f257b2bca4151ae31bf3f9c1.mp4,0,real
/workspace/data/genbuster-mini/extracted/train/fake/cogvideox/9eb065b64209971fcc12e2721479ee2f389da54e68db4e029bfafce93948a860.mp4,1,cogvideox
/workspace/data/genbuster-mini/extracted/train/fake/cogvideox/88a67e46a8c1b42eac9b8ddb935a1e3bbfe79c06f29d0fa32c40abc746eac5a8.mp4,1,cogvideox
/workspace/data/genbuster-mini/extracted/train/real/a08bcb7eb2a6df9013a08a394bd15dc6b2b8334f71d5d0ad26759b048718755e.mp4,0,real
/workspace/data/genbuster-mini/extracted/train/real/904e48594dcace772ba21f7d634130703e48d1e13f8bf0d6e8c5cd03c5a8f597.mp4,0,real
/workspace/data/genbuster-mini/extracted/train/real/6823b819fe8faaca8b02c2ae5ddff4906a9a1f062b28495f1e3ba53741137f62.mp4,0,real
/workspace/data/genbuster-mini/extracted/train/real/46d5eff73455ed76e115bc07b419d499c52ddb100374602725dbe534198dd8a5.mp4,0,real
/workspace/data/genbuster-mini/extracted/train/real/e62b53b66571cbdb9fc0d41fae67f1b362ddad7e5a09d8754101ff6e17ef3155.mp4,0,real
/workspace/data/genbuster-mini/extracted/train/real/072a2fe05c28558d002a74a32c75b4a91f970585fc2f6caf234645b8a041f25f.mp4,0,real
/workspace/data/genbuster-mini/extracted/train/real/f41591cd41c8227ea40e4168b720447577dd3dcc0193dc9e013d1813fd72b04a.mp4,0,real
/workspace/data/genbuster-mini/extracted/train/fake/easyanimate/1c28314a777ec40fb0f228172541d9cbcbbf9f17504ab7cdbd7552b4672c488c.mp4,1,easyanimate
/workspace/data/genbuster-mini/extracted/train/real/0bce68b917ffe3508823983b180ffc234cd8779984b2bdca8422d8c1a7189053.mp4,0,real
/workspace/data/genbuster-mini/extracted/train/real/436be1dda7ad3205f7cb87ed9578d27989f08e618e00a3785b8e4140a98e468b.mp4,0,real
/workspace/data/genbuster-mini/extracted/train/fake/hunyuanvideo/f1e51fc139fe9671a04ab299d986ec6426da79f633c9ee7b4a5a739c036da197.mp4,1,hunyuanvideo
/workspace/data/genbuster-mini/extracted/train/real/346eb36ff20d7b5b530e2059ef464d408b074c39db26a5bbc2349af37e717d93.mp4,0,real
/workspace/data/genbuster-mini/extracted/train/fake/hunyuanvideo/6f627f5bba2e48b6c9fb23eab8eb3e481b2945adac153df2164ee2e3f32fb578.mp4,1,hunyuanvideo
/workspace/data/genbuster-mini/extracted/train/fake/easyanimate/c37646ed614d75f84bad5e6416c79572082422df8f1ba3722757d271a72e03a2.mp4,1,easyanimate
/workspace/data/genbuster-mini/extracted/train/fake/cogvideox/07088ac3a5ea8f34cdc931a3a65525efcc9b4b1705e9faf0ee18ad9037651f56.mp4,1,cogvideox
/workspace/data/genbuster-mini/extracted/train/fake/easyanimate/c538ab4fae3d7d3af7547cfe2c9a8d3fbd2e84319820cf9018f84bbec8536afe.mp4,1,easyanimate
/workspace/data/genbuster-mini/extracted/train/fake/ltxvideo/2e60c078b7443e6c6e594d5a907ec53c5218f7ef819f41c2027245087aab2bd6.mp4,1,ltxvideo
/workspace/data/genbuster-mini/extracted/train/real/d4cd400580d37091b019d64ad6e05a7afa227c9a755adb822d354a15065ec070.mp4,0,real
/workspace/data/genbuster-mini/extracted/train/fake/cogvideox/ea3827398787fb6350d3071e76dfe352cb693562d1e2347d4f2cd46af1364871.mp4,1,cogvideox
/workspace/data/genbuster-mini/extracted/train/fake/cogvideox/48dbdca48fc3387779c1ac088f6595c62ad2bcbbd047c46e8a6cd93da49f11f3.mp4,1,cogvideox
/workspace/data/genbuster-mini/extracted/train/real/0dcab8354483d410f7010d18eac0534425b4d6e8f9a0dfe7f905ae183bde8f99.mp4,0,real
/workspace/data/genbuster-mini/extracted/train/real/f4460daa61a691db7ec037dd03bf0bc16c0081619919b64e23774717bd4b9ca4.mp4,0,real
/workspace/data/genbuster-mini/extracted/train/real/52a4dba2635b7493047cb0fa7475d979bc642a40bf44bfbc5d8b28c14be570cc.mp4,0,real
/workspace/data/genbuster-mini/extracted/train/real/5d1abf8e9b7a5217a5383c4987b9ae6bef798ed30ec37abd3f06dd974813cfd4.mp4,0,real
/workspace/data/genbuster-mini/extracted/train/fake/ltxvideo/1dc9d373a0eac988a5a04e3abe2ce80e30420f7ac3b0ef6eddb62f68c2169dc9.mp4,1,ltxvideo
/workspace/data/genbuster-mini/extracted/train/real/3e78b55d0d077b35efa069f96daafde1fbb6c92368dbec18f39597a12efbdb17.mp4,0,real
/workspace/data/genbuster-mini/extracted/train/real/dd73593d2e40a26b6c858f39c9e9232045cdb5548c1eaeb92167e66381e01016.mp4,0,real
/workspace/data/genbuster-mini/extracted/train/fake/easyanimate/c6b0ebe478e814c5cfbc4a6baf56d54069b961dfbbc6df076b42c724df28a43f.mp4,1,easyanimate
/workspace/data/genbuster-mini/extracted/train/fake/easyanimate/6d575524ea63b03282ebca14ad9f667dc27d0be0b47ba6627694b0a0adc432e5.mp4,1,easyanimate
/workspace/data/genbuster-mini/extracted/train/fake/easyanimate/adf5531f5bfb5576a347be5ff876ed6d732b82bad98124eeb92e917663e5c79d.mp4,1,easyanimate
/workspace/data/genbuster-mini/extracted/train/fake/cogvideox/de72d0d0b6a98f09159965a6354ee73e0aa7a200ad3fe8550fae76a9cef1cb81.mp4,1,cogvideox
/workspace/data/genbuster-mini/extracted/train/fake/ltxvideo/9d081a105a5e0dbe28d6f19246c1a8f4c2ce29696312de5465150f16676ba217.mp4,1,ltxvideo
/workspace/data/genbuster-mini/extracted/train/real/83f2f3d2e00293091e37feba900267901a24412a6a002bf273d07f35120c604e.mp4,0,real
/workspace/data/genbuster-mini/extracted/train/fake/ltxvideo/aca6de8880e8e1721ca8314f631b6801c32cc8fff701bb35198f7629664660dc.mp4,1,ltxvideo
/workspace/data/genbuster-mini/extracted/train/fake/cogvideox/02b77a7f83174aad461abcdb5a5185e2594dcf0272ec75e791daee872df14cc0.mp4,1,cogvideox
/workspace/data/genbuster-mini/extracted/train/fake/cogvideox/9e7e1430f672d26496007bfd9d6a8695ef08fe6ad13118d36cf3a8ec8f69f81c.mp4,1,cogvideox
/workspace/data/genbuster-mini/extracted/train/real/640a2ef88ddb8b1b8b1c72fca02335fd331d46925ba1e785a18124b218391e74.mp4,0,real
/workspace/data/genbuster-mini/extracted/train/real/6c46f5a272ab894fd8c26d1ddde0fa84d4cc1c59070748012d74802965431a88.mp4,0,real
/workspace/data/genbuster-mini/extracted/train/real/47e5e1c34bbff79fba8e9f4c331c08106db329ba54b76c9de808302a95b7cd69.mp4,0,real
/workspace/data/genbuster-mini/extracted/train/real/8ff66cd6a8ddf80f364aa5ce094f1f44df8a26401bad3205297336536a8d6668.mp4,0,real
/workspace/data/genbuster-mini/extracted/train/fake/cogvideox/52fc4309c44db7248317dc0f96a1a4fdb1a72f26d16ba17be71275047ffdcc02.mp4,1,cogvideox
/workspace/data/genbuster-mini/extracted/train/fake/easyanimate/3cee7bab7a19ff115ee877925bdbc84e70613fa6d6079c5b89e91970f91e16da.mp4,1,easyanimate
/workspace/data/genbuster-mini/extracted/train/fake/ltxvideo/f3866227f3c4595077a73480364f3135156fbff85c58f0a392023f7b628b9247.mp4,1,ltxvideo
/workspace/data/genbuster-mini/extracted/train/real/ffc83f1627317cca13c9c2dc6bb26ac3983e849bf073b77ec298c17b1d7bec24.mp4,0,real
/workspace/data/genbuster-mini/extracted/train/real/3abb281608c92ec285b54d4c30d3f126ec77327b369c2ade4cb1a4cddc6c59da.mp4,0,real
/workspace/data/genbuster-mini/extracted/train/real/ebe10ae8c738633e85ea86fdb20d8b3f83ae888bbaa87398b9606b728547c147.mp4,0,real
/workspace/data/genbuster-mini/extracted/train/real/a779d1ae1f68a7fd3a173416d74f3567afa66d8250337384769c5b6d63dc2f72.mp4,0,real
/workspace/data/genbuster-mini/extracted/train/real/5a266db0641d252e003ebb09c944494bbdc5e9edfc5930c6052501772944b01b.mp4,0,real
/workspace/data/genbuster-mini/extracted/train/real/7cd710502971e4cb50701d25d01b24477fb209476fa8eb30aaa51cf4acd116e7.mp4,0,real
/workspace/data/genbuster-mini/extracted/train/fake/easyanimate/51aa2318fe0268541b1345471da4eb59f8e839921d603355f16b19401e5b43eb.mp4,1,easyanimate
/workspace/data/genbuster-mini/extracted/train/fake/easyanimate/16e6a73674207ef8f8b77185e6050775be430d3e6bdade42983a593fd1b96c0e.mp4,1,easyanimate
/workspace/data/genbuster-mini/extracted/train/real/2528f3829f336482421d570550b13f1067e8b895f1a1f77a9d16dcc791cd0f9b.mp4,0,real
/workspace/data/genbuster-mini/extracted/train/fake/ltxvideo/a4a4b92c121e075eaa325be5273ac74cee82a9d3b339c8392be6a784e2b1bac5.mp4,1,ltxvideo
/workspace/data/genbuster-mini/extracted/train/real/3103771adcc82b70d1eb8e6d7d21fd928722fc68655e869aaa1dd3a4e3aa86b2.mp4,0,real
/workspace/data/genbuster-mini/extracted/train/fake/cogvideox/761a675154087009a7bd00fb61976df0d6019efbe699d8650bb0db85f962ec2f.mp4,1,cogvideox
/workspace/data/genbuster-mini/extracted/train/real/3b7c3970b316829c9392e98e5e8251ed142ea92c119a3360ee948afba0780ec2.mp4,0,real
/workspace/data/genbuster-mini/extracted/train/real/7ff9041a119e7b256ec40b4319ef7921226bf1f2c60ae2623a730d34cf99ff17.mp4,0,real
/workspace/data/genbuster-mini/extracted/train/fake/ltxvideo/402999726934727791d1ef69442e31465f16b609b046f506214ae3a7a7c34a32.mp4,1,ltxvideo
/workspace/data/genbuster-mini/extracted/train/real/c4261879aba036c6902e87e345f36184ccc22175dd93b226178c4578ea3b7ff8.mp4,0,real
/workspace/data/genbuster-mini/extracted/train/fake/easyanimate/47d94e96113e7390107bb9cbd5f2d57d9252b967105ea40a6d457ae65079bbc2.mp4,1,easyanimate
/workspace/data/genbuster-mini/extracted/train/real/e8729168760baff91de27d9e690e951badb360859318134f9537a559de33c1a0.mp4,0,real
/workspace/data/genbuster-mini/extracted/train/real/a9088f733f1a680b4dd6f1856999b1901f3d75f8f2b2cc6c58be06910fdb61a2.mp4,0,real
/workspace/data/genbuster-mini/extracted/train/fake/cogvideox/436a27e2622a07bf9c0d60e4148b2d2ff9c75228402757078d988bd49ab2aae5.mp4,1,cogvideox
/workspace/data/genbuster-mini/extracted/train/real/0e93177091eaaa223140f9abf7bdcdab8ba2fbac5294dc82801474996b6136a2.mp4,0,real
/workspace/data/genbuster-mini/extracted/train/real/858ef3626484ca92d0599457d97adf28e697ad036c828cc93e5508da4810a4b1.mp4,0,real
/workspace/data/genbuster-mini/extracted/train/fake/easyanimate/d2a9bd1e767e1e8e75cc3e156cadff8e003618fe1fb20a641cce0f3d97f5d5a2.mp4,1,easyanimate
/workspace/data/genbuster-mini/extracted/train/fake/ltxvideo/5df93b4c89c36f7e07e48608fe232f4b1e9378f5804017d441c88d4b0693348e.mp4,1,ltxvideo
/workspace/data/genbuster-mini/extracted/train/fake/hunyuanvideo/c5ad96a6e06e5636703dfb5cda491a0450dd6a691b43fec54cfb110e04a12ac2.mp4,1,hunyuanvideo
/workspace/data/genbuster-mini/extracted/train/real/02a1425d023fdbd745f7ad4708f4f98b781bf156834e49ab4c5e124ff0813a62.mp4,0,real
/workspace/data/genbuster-mini/extracted/train/fake/easyanimate/8c06daec72adfb6ac67283ae3a97ce0a2d3e23e35f16784197e0b8597c9afe95.mp4,1,easyanimate
/workspace/data/genbuster-mini/extracted/train/fake/cogvideox/9750da4131b3214367dad55b9bb157bdfb80fc81fc5ddd9aad86bced64cd0f48.mp4,1,cogvideox
/workspace/data/genbuster-mini/extracted/train/real/e6427fe933a52df6f401f5474a75e2b58f1ccd4cbd0bed220345b3881909f995.mp4,0,real
/workspace/data/genbuster-mini/extracted/train/fake/cogvideox/30316d8625f0509da78f2255e24e11bffa814e8728af4c559f764d59a0c58fbe.mp4,1,cogvideox
/workspace/data/genbuster-mini/extracted/train/fake/ltxvideo/9ea8cc8433a10591a9888a3b1f77217f3d592f3b7780634899d6336c0d55cbf5.mp4,1,ltxvideo
/workspace/data/genbuster-mini/extracted/train/real/8cd256afad73cb0ec257795b3001a91ffba91566a26aa1f688cdb5e172a8f530.mp4,0,real
/workspace/data/genbuster-mini/extracted/train/fake/easyanimate/274f8ef74890f707ec3e5c2b1f8e18ab0b2bbfdb93f1ec874cc0cc83c3cd2345.mp4,1,easyanimate
/workspace/data/genbuster-mini/extracted/train/fake/ltxvideo/0806bf874cbd82e47bb5412a1830e8933334659b20d8682570260cb65403194e.mp4,1,ltxvideo
/workspace/data/genbuster-mini/extracted/train/fake/ltxvideo/28b4a1fbd38ec683b022fcfad1ef187132eff8f0c70446ba5f38abcfec9f87a1.mp4,1,ltxvideo
/workspace/data/genbuster-mini/extracted/train/real/b7dc87f8fa1e6d1a7df3ddc770d4d117b752df8ed7e2cf2a0ab812e2f270ad01.mp4,0,real
/workspace/data/genbuster-mini/extracted/train/real/d4c60b2a6d1b19f7051a4d8fc48339147b942c7824d16dae22b53d7e85af87ad.mp4,0,real
/workspace/data/genbuster-mini/extracted/train/fake/easyanimate/d944cc7f82fef6fcbead443af643f3570712e6dfcc9df0d40939585e7d857c3c.mp4,1,easyanimate
/workspace/data/genbuster-mini/extracted/train/real/4d08ea8b040f09962fc9563502221bc3963e26ec1d958754adc5d8353a406839.mp4,0,real
/workspace/data/genbuster-mini/extracted/train/fake/easyanimate/d84354f1cd1a48a6264e05d49dcfce160360f8c5238a575bc68b1c79e361593b.mp4,1,easyanimate
/workspace/data/genbuster-mini/extracted/train/real/b9c7222e767c6e1779b6bd39af884010a0c56bdf6860e30224ac99b80cd90951.mp4,0,real
/workspace/data/genbuster-mini/extracted/train/real/778c30919c4c17f21aa3c5bbf5be14273af3e6020e1cbc8c93f0f9849df0eb67.mp4,0,real
/workspace/data/genbuster-mini/extracted/train/fake/easyanimate/ded0b8d453df30663cf6f5b39ef870f5e12233fef2090b04165cecf27b8c4e43.mp4,1,easyanimate
/workspace/data/genbuster-mini/extracted/train/fake/cogvideox/f28afedca99c3085f019e988b14c50e91e8bb966dcafd21074870d8f9da88aa2.mp4,1,cogvideox
/workspace/data/genbuster-mini/extracted/train/real/e2e02ec7787739f7319447988e17f36679ef965ba710a47426948b2661d3c008.mp4,0,real
/workspace/data/genbuster-mini/extracted/train/real/063ad8e44f7822812e801aba34571731382b672fdc540bfe722ef6f015243cfc.mp4,0,real
/workspace/data/genbuster-mini/extracted/train/real/14f13b88ae6dcfd694ff8504e9178bc9830785c40e65bc3c4a06b7ae11a9b429.mp4,0,real
/workspace/data/genbuster-mini/extracted/train/real/d0301ee4d3deb49ebab7c44fa49e145901f485bde94e5a4cc3d04f27a319e945.mp4,0,real
/workspace/data/genbuster-mini/extracted/train/fake/cogvideox/6e9c1811030c6dc9910398eb3000ffb1fc790eb4e0a800458b08593345387455.mp4,1,cogvideox
/workspace/data/genbuster-mini/extracted/train/real/10e0cd95537fc52090e5c58509c9d54c44fd95aa778cdb39e1dea5d26d5119ba.mp4,0,real
/workspace/data/genbuster-mini/extracted/train/fake/ltxvideo/e08cf9d2c6c86fcaba06318917ff8a49b463a68b8521909a9269199102b02c63.mp4,1,ltxvideo
/workspace/data/genbuster-mini/extracted/train/fake/ltxvideo/dc2b8490a7f0eab7e9368142f890d9e419175ac28accc84eae8a5b288413d0fd.mp4,1,ltxvideo
/workspace/data/genbuster-mini/extracted/train/fake/easyanimate/4f0eab00c5d9a260d6570e94e36b796246e08cd41611d0cc352cfef3703aee1a.mp4,1,easyanimate
/workspace/data/genbuster-mini/extracted/train/fake/ltxvideo/c42029cb8a6185b3399d3a0fa2676952497e09946fdc2529e9a2fc06f22f5dd3.mp4,1,ltxvideo
/workspace/data/genbuster-mini/extracted/train/fake/easyanimate/40c34d61fa7598efe623366ea3426a6132285351193e72f5ba942089373928f4.mp4,1,easyanimate
/workspace/data/genbuster-mini/extracted/train/fake/ltxvideo/08e993d55d26e01fef2e5191413077ffc13beec406280edcb54bb4a66fca2131.mp4,1,ltxvideo
/workspace/data/genbuster-mini/extracted/train/real/e55582d5395b7082552576e4772c332d24fd5dc89c50b0fca9f9b9d74f0bc662.mp4,0,real
/workspace/data/genbuster-mini/extracted/train/real/b59646f41908c47e56654c471222665bf1d2c0f05cf81267e37ad701f88b7e70.mp4,0,real
/workspace/data/genbuster-mini/extracted/train/fake/cogvideox/e863d1d78e43a3a2e99b9a47bc467913616bd8dde3c680dd0de4b42a48da21c5.mp4,1,cogvideox
/workspace/data/genbuster-mini/extracted/train/real/b4d6ed0d9aa6e4710e416d26eed8d5622daf07a35437a15ac5bfcdbf8cc8e99b.mp4,0,real
/workspace/data/genbuster-mini/extracted/train/fake/ltxvideo/bdaec96499fc4404b76ed50a6548399d8e994ee8b9ed2e5b9ae5f7ac990df5cc.mp4,1,ltxvideo
/workspace/data/genbuster-mini/extracted/train/real/cba3cecc0a72c21bb62ed0ef6c8fe65f52aa751133b6b0ba085b54cce8b0fa46.mp4,0,real
/workspace/data/genbuster-mini/extracted/train/real/bd127c88bec249c04a0099866ce0310927d23474c9f6190bb494d2cb78c555ae.mp4,0,real
/workspace/data/genbuster-mini/extracted/train/fake/easyanimate/8bad0f1095aebf3d5526425e6a1768d6b82349ad9d6fe3c08abdc521ac828167.mp4,1,easyanimate
/workspace/data/genbuster-mini/extracted/train/real/2d35b5a82b3ff4164ea8cc083d303ac02f877910d6ddb8710554c226b2bc262a.mp4,0,real
/workspace/data/genbuster-mini/extracted/train/real/cdf786e0b69f772c38bb5d07252d9df3e60ceccc8127351b5af7615aa9db99fa.mp4,0,real
/workspace/data/genbuster-mini/extracted/train/fake/cogvideox/9b768fd6ee6df9c33e3b97b97e19b9cd61a9eb84dcc05ddd781dc01957767331.mp4,1,cogvideox
/workspace/data/genbuster-mini/extracted/train/real/470fa44b9f43fe6d05138dddedd86f2a6e669d698c187e7bf2cafc8e4c54151f.mp4,0,real
/workspace/data/genbuster-mini/extracted/train/fake/easyanimate/3e909443dffb096d553f34b85ff3afeb6b662f0bf80d012a6f22cc3bb1b38921.mp4,1,easyanimate
/workspace/data/genbuster-mini/extracted/train/fake/ltxvideo/b9861f0ce43a81365d39accde4b239be36850aba3aa8dce8652f99ebcaa19ac5.mp4,1,ltxvideo
/workspace/data/genbuster-mini/extracted/train/real/46a057497f4f5ad597d8668522041a5c92459920491b68a7effa0b0eacb04688.mp4,0,real
/workspace/data/genbuster-mini/extracted/train/real/e91fb06bd18ab4374deb54b756f4a1f0ff2a0f356eb39f578d51d6e10eef6f8b.mp4,0,real
/workspace/data/genbuster-mini/extracted/train/fake/hunyuanvideo/2944bdecffe4917d930f1ae83c4880c711e2e8fbab3422a838518a5b42f90f8d.mp4,1,hunyuanvideo
/workspace/data/genbuster-mini/extracted/train/fake/easyanimate/8961798b0cb276ec14c1c9b83415759c371a1273c5047c8e149777cbdda5c4f0.mp4,1,easyanimate
/workspace/data/genbuster-mini/extracted/train/real/a59e62f3c305a1355704207aa4bf5788929385f4ddff954a239aef76521dd6a3.mp4,0,real
/workspace/data/genbuster-mini/extracted/train/fake/ltxvideo/af0f6419b60790fa16ff5b698bd2bed101fd7dff15f8e64f3e3badf424ff9378.mp4,1,ltxvideo
/workspace/data/genbuster-mini/extracted/train/fake/easyanimate/4b42930b558a24707befa0d5d9f2fa59aaa07d110d93d2e2d03ff9445e69b36e.mp4,1,easyanimate
/workspace/data/genbuster-mini/extracted/train/real/89d94da2ad733d99eb35e27c485a87b609dcb8a7a64694ff8a828c3917c519bc.mp4,0,real
/workspace/data/genbuster-mini/extracted/train/real/ae1019a9cd09664c09b5e6bc88dbba90bd528ff44ead1be4e0b7fc90eec176b1.mp4,0,real
/workspace/data/genbuster-mini/extracted/train/fake/easyanimate/ddbb169b6c0a08f455502bb2ab8b8a5e8840c65a72c2bfb9757a77fba26fc7c8.mp4,1,easyanimate
/workspace/data/genbuster-mini/extracted/train/fake/ltxvideo/7c7558d8627f4f7ec8785653b79a310fa5e0008a262588888329eb7e79f3814a.mp4,1,ltxvideo
/workspace/data/genbuster-mini/extracted/train/fake/easyanimate/28d51e8c3abcd87df214fe80cf461b67085827461e459ea239c4d92d9e96707c.mp4,1,easyanimate
/workspace/data/genbuster-mini/extracted/train/real/2199a48a381e7fdeb9e58b98e1fc4571260603a7ce9e3ebff88defa8ef5fcbbd.mp4,0,real
/workspace/data/genbuster-mini/extracted/train/real/7fe0751d7d8c5132e0a3ef9e6e0ea3365cf8d35db7f5a111100b417464fdbc8e.mp4,0,real
/workspace/data/genbuster-mini/extracted/train/fake/easyanimate/5c5d7896cae462b4ef28ef606b9ada133e539780a7d18be9a53851af3d5c61b8.mp4,1,easyanimate
/workspace/data/genbuster-mini/extracted/train/real/e145d6d6cbbb0525b326066d737012bb8bcae6a8f3df5997df5f80ff008f5a20.mp4,0,real
/workspace/data/genbuster-mini/extracted/train/real/d21282d20a3c3f3f909f0805571674f2bdbd4aab742d9fa88ab4b5c21f300b7b.mp4,0,real
/workspace/data/genbuster-mini/extracted/train/real/6f4e8a6965d4f50deb5cdbc059312a5b36074c3e8f1354742ebadfcafca16ae3.mp4,0,real
/workspace/data/genbuster-mini/extracted/train/fake/easyanimate/9b1428cf5a26fcf7b25fd7ad14f65d5d8058f023bee6f9c095f8de8bc5780595.mp4,1,easyanimate
/workspace/data/genbuster-mini/extracted/train/fake/easyanimate/95bd74792702ce75542c9381cf8af21c3af4a4bb26e44de788a3bc7387676714.mp4,1,easyanimate
/workspace/data/genbuster-mini/extracted/train/real/ea2385e8ac06137488f745c7078fc26bd466aa8de1d3615d7aa258d5dd1c7e37.mp4,0,real
/workspace/data/genbuster-mini/extracted/train/fake/cogvideox/1ffa5506de40dba6096e4d9fe1793fe3b057ff106383597aaf6b4542ad0f4484.mp4,1,cogvideox
/workspace/data/genbuster-mini/extracted/train/fake/cogvideox/80e7d86be712f4422dcdc7c11fb4c6a343fb4f8deaf153fff792ead5b37d2cc2.mp4,1,cogvideox
/workspace/data/genbuster-mini/extracted/train/real/5da2c7863efa41a89e5d257223624afb2fc83669eb2b2d6e3ccf16751de6968a.mp4,0,real
/workspace/data/genbuster-mini/extracted/train/fake/cogvideox/62c457d4a5e17582fd79b9a10aa6c272fbf3ffa8f0dab17271a3b1682d1597c3.mp4,1,cogvideox
/workspace/data/genbuster-mini/extracted/train/real/38f6f1d3d50de30e626fbd99b2b4926955efb36910a6ad6f3df5767a66ea4e7c.mp4,0,real
/workspace/data/genbuster-mini/extracted/train/fake/cogvideox/44f75d75d9ce56984fbea8cf0dcc7cca8310b4cc64d608fea59e05ccd3eb5866.mp4,1,cogvideox
/workspace/data/genbuster-mini/extracted/train/fake/cogvideox/2ef96919de34eb2720672014e2e79ad9f2cde097667fabc0479f7867401070fd.mp4,1,cogvideox
/workspace/data/genbuster-mini/extracted/train/real/481c333dabeac9cd1a5e622d146163ebfa40412bc08e3fbc8c0ff065814e4ca8.mp4,0,real
/workspace/data/genbuster-mini/extracted/train/fake/easyanimate/96cd4e32a6fc25052c16344ecb33bfe1036b72cd6e7b8a76978255aa7e80bccd.mp4,1,easyanimate
/workspace/data/genbuster-mini/extracted/train/fake/cogvideox/2de9f5f8890ea4c681f771c20c6743871d6c92f3eb18b7a1b21a4787d650e4d2.mp4,1,cogvideox
/workspace/data/genbuster-mini/extracted/train/fake/cogvideox/4239b587a4627e062e42fe1cc8528162baa3ffbe719c2b61af5722792b36c856.mp4,1,cogvideox
/workspace/data/genbuster-mini/extracted/train/fake/cogvideox/fab3b57e76292756c64d1c99523d789b8d2d1a8dfc7866ee65406973cb4deac3.mp4,1,cogvideox
/workspace/data/genbuster-mini/extracted/train/real/cd79ee673f00ae06e3d1851a15da02827d02931bf7a34aa6bb565997103e7bbe.mp4,0,real
/workspace/data/genbuster-mini/extracted/train/real/69499e3ebdfcabb6f3a9589ef623f841ee44167186d7d6bf547045a4a9abd2e5.mp4,0,real
/workspace/data/genbuster-mini/extracted/train/fake/easyanimate/f5a8d4bde3014c5b8951ceccebab76af7ee263d01887a242da3dd39f812fbdda.mp4,1,easyanimate
/workspace/data/genbuster-mini/extracted/train/fake/easyanimate/7a90fd5e187cacb6f61a6d6b35c051f9b95e46554babd1f6a8681d37ae359218.mp4,1,easyanimate
/workspace/data/genbuster-mini/extracted/train/real/feeeb83d34f3fd53be8956c2410e79029f6f4fc1835fdf3f1f01e5e0afaa5d89.mp4,0,real
/workspace/data/genbuster-mini/extracted/train/real/5525635bb59f7b7dcac65b677332b4a1bf92632fb4dd5cd54e6cc46bd64e76bd.mp4,0,real
/workspace/data/genbuster-mini/extracted/train/real/eecdf184983da120897efb936770ad8d176979cf9410990bc1a3cb63ddaa9baf.mp4,0,real
/workspace/data/genbuster-mini/extracted/train/real/d75c74bac938193e224df60a567678e49babb861051675c5e9fd8108c353c088.mp4,0,real
/workspace/data/genbuster-mini/extracted/train/real/789dbd625a796fd247bef330133705639b14ac09c738d37ba2ea6aa8f5252250.mp4,0,real
/workspace/data/genbuster-mini/extracted/train/fake/easyanimate/8529c03d3ed1f62a8ea60fb35411113830484adec5b22b5a0b6e65b58603fc0e.mp4,1,easyanimate
/workspace/data/genbuster-mini/extracted/train/fake/hunyuanvideo/86d75f615a7a6fdc96495e2485464c545f50bcf7b905772cbe230ce62c9babd2.mp4,1,hunyuanvideo
/workspace/data/genbuster-mini/extracted/train/fake/easyanimate/e326b12ebdb9d59c596fd87da2565decde83e7a0a9040a28a3f1cc8412a72e12.mp4,1,easyanimate
/workspace/data/genbuster-mini/extracted/train/fake/easyanimate/1637433a32d5415c0c79c3021b51193969e97a24fd69847facc6ce94a0ed5aed.mp4,1,easyanimate
/workspace/data/genbuster-mini/extracted/train/fake/cogvideox/9d0c8dd6b82650a403a19e9a6327136df2bf129f10250344943a1f23d386344f.mp4,1,cogvideox
/workspace/data/genbuster-mini/extracted/train/real/1de2c6c11d433310dab3a0e5c15cc2de0fa2922f0bf877faf69643a5971a80cc.mp4,0,real
/workspace/data/genbuster-mini/extracted/train/fake/cogvideox/d6afd3015fa009f8113e2b38f0b6f6412da4fd721b45f4b82046a30d4e5d91dd.mp4,1,cogvideox
/workspace/data/genbuster-mini/extracted/train/real/4e334c1b44e247d9029624827c751380df1b4276f4398e04f1246b94838c08c1.mp4,0,real
/workspace/data/genbuster-mini/extracted/train/fake/easyanimate/e994742c192aa70f0b724ac9b9bd07f855d4cd8ba15953123ea7145a2e5d4645.mp4,1,easyanimate
/workspace/data/genbuster-mini/extracted/train/fake/easyanimate/e118c983eb1935fbd4add94d4aa8735cd4f759556160a7dcb81e21db8e801b24.mp4,1,easyanimate
/workspace/data/genbuster-mini/extracted/train/real/a677dfc8921322741acced7e347a1769dc9484a30ed5998ba47a5ec637046673.mp4,0,real
/workspace/data/genbuster-mini/extracted/train/fake/easyanimate/7d4233808d7584085d99887a0394f258e83cdef4437181f3875d423ddf616e18.mp4,1,easyanimate
/workspace/data/genbuster-mini/extracted/train/fake/cogvideox/41c161d4753ef9976feefa0e5ba66ae6f3499be7c4c8c790f75f50380ab923d8.mp4,1,cogvideox
/workspace/data/genbuster-mini/extracted/train/real/b969210de7a4cf9a1e44b665026d42e2b883ab7b53e641a937bdde7d44b87fc9.mp4,0,real
/workspace/data/genbuster-mini/extracted/train/real/5a6be0dbce8f861210aeaa6a0065403d4932256b6cb61ffb34f52a7ef00391ff.mp4,0,real
/workspace/data/genbuster-mini/extracted/train/fake/easyanimate/7a9844bc3a4ff62c933046dc7aecf8953180506ea94f94227731ad8ece3f516d.mp4,1,easyanimate
/workspace/data/genbuster-mini/extracted/train/fake/ltxvideo/b26eaa1de57211198448394d59cf95c08ecfe7f9575fe231ca2eca7fe7920f53.mp4,1,ltxvideo
/workspace/data/genbuster-mini/extracted/train/fake/cogvideox/7680217deda17d88949946a5581fdd14a4936fa96739a6f9eae8f8074fc1d927.mp4,1,cogvideox
/workspace/data/genbuster-mini/extracted/train/real/ac003bf249b8c47aa1c6455403ce6b8cb3c7580d37ae95e909e323234e6c14b1.mp4,0,real
/workspace/data/genbuster-mini/extracted/train/fake/cogvideox/6e2a897017d53ac2e0d8c1b344dfabfef32b0e8c17b39619ce50551f9e2ca1db.mp4,1,cogvideox
/workspace/data/genbuster-mini/extracted/train/real/46b115453249a1f83b2b1d497b278ef7af4a46bf51158ea5c7d301a76f4dd471.mp4,0,real
/workspace/data/genbuster-mini/extracted/train/real/0712906a348935f9f7f96593cad459ffe77255a99c8bb652e5b244cc92e9a96a.mp4,0,real
/workspace/data/genbuster-mini/extracted/train/real/b7c8e8393ab4816b2b0926639d2a71d6b957b3294a617ae4ae30f3f5a4c48d12.mp4,0,real
/workspace/data/genbuster-mini/extracted/train/real/f710400b2c050baf9defca537f6b0d89023772def1bef69e46e6ec2534211e01.mp4,0,real
/workspace/data/genbuster-mini/extracted/train/fake/cogvideox/fe882b498bd019102e6b772fcb3f967cc2ee63301085378714af1df923da90d7.mp4,1,cogvideox
/workspace/data/genbuster-mini/extracted/train/real/42a342db17701a336589546df368f283ca6ce4daa63df50fa15ad8e323f814ce.mp4,0,real
/workspace/data/genbuster-mini/extracted/train/fake/ltxvideo/b2678a6d2a27352f7821cbe7568c789832c8967af4043f6d84dbafdeef034002.mp4,1,ltxvideo
/workspace/data/genbuster-mini/extracted/train/fake/ltxvideo/ba68b5afd8f623c40c244d460da146edec37ed973e51e67d38cb27ec034647cd.mp4,1,ltxvideo
/workspace/data/genbuster-mini/extracted/train/fake/cogvideox/12a42c912b0cb2f5e580dd82b159782572a151d3b001dde9a7d83119c59bd87f.mp4,1,cogvideox
/workspace/data/genbuster-mini/extracted/train/fake/ltxvideo/d7fcb7dad75db4c220013580dac75eec1e1f1b1c55aec96f75e9978632f8874a.mp4,1,ltxvideo
/workspace/data/genbuster-mini/extracted/train/real/125d6295dfc950b0d1fd44473dbf3f4bde4c4868cc623c9f9e921d0544c80c9c.mp4,0,real
/workspace/data/genbuster-mini/extracted/train/real/fe7f6f6a946f62d7e02c9ed6e2c1903bb68346c81541176f20c2000be4275cfc.mp4,0,real
/workspace/data/genbuster-mini/extracted/train/real/7a43b81f9f275f1af09e1f073abf05459605d6c531c2ff509aa03fe803f3eea1.mp4,0,real
/workspace/data/genbuster-mini/extracted/train/fake/cogvideox/45c3a385ada90688075bbdd8b97a6016a0b59a8cb5e780d0f39f984a538882f5.mp4,1,cogvideox
/workspace/data/genbuster-mini/extracted/train/real/92dbe1912f7e4431d3057ea837047c201831a2f0a9a4b420e9ce1b8de905a022.mp4,0,real
/workspace/data/genbuster-mini/extracted/train/real/7c411216eed5178773ccd02fc117bcefc68e07073e0a6c25276a2f8cd16e7a01.mp4,0,real
/workspace/data/genbuster-mini/extracted/train/real/56b036d40057db72aabfdec3a661a7c69c7b51a8d5f062873ad044ee24ec711c.mp4,0,real
/workspace/data/genbuster-mini/extracted/train/real/aa550dd6cdf507624d0a6e085d8df4966a73dd3a3f3a77e1859f1906b04b0758.mp4,0,real
/workspace/data/genbuster-mini/extracted/train/real/33f1c8dda0a5acb4894cf060100a905827b45e0f0fe9330a801efd5eda48420a.mp4,0,real
/workspace/data/genbuster-mini/extracted/train/real/d443b92255cbb647d54679504ba7274566b3950c773000d23f0da1e189e7834c.mp4,0,real
/workspace/data/genbuster-mini/extracted/train/real/950f35ccdf68861f464961fee20f24f8476d1634b0432d31dd9b7e3ff8a40f07.mp4,0,real
/workspace/data/genbuster-mini/extracted/train/fake/ltxvideo/85bbfa958515844ac68aa6fdb6a7dbe80ec4e891c8164b4629983181272ba41f.mp4,1,ltxvideo
/workspace/data/genbuster-mini/extracted/train/real/7be064ec5b3ab707aa330f1616e79102c94a01edcf49cfa5da46e16b44510f10.mp4,0,real
/workspace/data/genbuster-mini/extracted/train/real/6ac591d8313b6a2b62dce280ce3ff75ca4382aded1ef26088d5d1b805644859f.mp4,0,real
/workspace/data/genbuster-mini/extracted/train/real/7f657a20c9815c37fd83f327760aab970ca7d4f485bdcf1f6c95f1e8fd5f0803.mp4,0,real
/workspace/data/genbuster-mini/extracted/train/fake/easyanimate/1a8ea074a20ef7ed57d4fe22108e29bd805cdc79c82d98a1f3a2af39390d036a.mp4,1,easyanimate
/workspace/data/genbuster-mini/extracted/train/real/f6d135f042f2e61043b0f5d4ebfa35269e52545f1bb7ab40c9e6ca4889aa65ac.mp4,0,real
/workspace/data/genbuster-mini/extracted/train/fake/ltxvideo/457a99c2beb3810fc7c1e47b458531b7ab5c694285f44ba50852cda586b0f9ca.mp4,1,ltxvideo
/workspace/data/genbuster-mini/extracted/train/fake/easyanimate/348cd7d880a9490ffcdb49de8c46f3721b1d1d742f07726486c670c883207af3.mp4,1,easyanimate
/workspace/data/genbuster-mini/extracted/train/fake/easyanimate/093f1844d8e70126a2d22846eeeec453068e2a862ed08691169491c593972966.mp4,1,easyanimate
/workspace/data/genbuster-mini/extracted/train/real/7a0f213fd1e60547b5a3fa2d4cffd7d42c3efe9342752cc6ed8bd13482d8e988.mp4,0,real
/workspace/data/genbuster-mini/extracted/train/real/7ce63deec8435dc2739bbfcadfabb55a48ce07e3c5814418b98ada52404b1494.mp4,0,real
/workspace/data/genbuster-mini/extracted/train/real/2295e2d8e90f2d6787e714e099ff1c939b1e1d7124adc43f1fb197c876244cdd.mp4,0,real
/workspace/data/genbuster-mini/extracted/train/fake/easyanimate/9ab1d62020d2e1cc0c623251876a4dacf5289fbc2a61d775b6eebae9dee1a0a9.mp4,1,easyanimate
/workspace/data/genbuster-mini/extracted/train/fake/cogvideox/463eaef077f043e2530b64f4c02d9d5396f70d002cd346ab7d7cee59292cf295.mp4,1,cogvideox
/workspace/data/genbuster-mini/extracted/train/fake/easyanimate/37a241ae3c5e4fe98f379b03626d9f03fd02b325e485dac50de9a2adfaf07cf2.mp4,1,easyanimate
/workspace/data/genbuster-mini/extracted/train/real/3dfccf52ec9c4229cb55cbb483edff1a68fee80b3a6d3f821795446c69462a06.mp4,0,real
/workspace/data/genbuster-mini/extracted/train/real/e7a50601277cc7178c7ee9d9fbb6c10726c26897429ba97a3ec70ee35bb4cf42.mp4,0,real
/workspace/data/genbuster-mini/extracted/train/real/61c4868a91a338e429d6f37f2732605b7749274605924467617274bf30d9d466.mp4,0,real
/workspace/data/genbuster-mini/extracted/train/fake/easyanimate/2894b04d2acc0b86dc8e04fd06200c39cb8d893c32c41b5191b2566257919d3b.mp4,1,easyanimate
/workspace/data/genbuster-mini/extracted/train/real/2bdcda8589f2f1d4daf295942cd22aa25ea1976ea8126b47fc246f8d7ffcb705.mp4,0,real
/workspace/data/genbuster-mini/extracted/train/real/6e44e83e7cdf9a3f975050e986993607733418e3cdc4e9eb7ed5ad2843a4159d.mp4,0,real
/workspace/data/genbuster-mini/extracted/train/real/4b1ad01a4ccd32b31a62c62664303906d373d034cfae0b56d0a6489b4eb825f5.mp4,0,real
/workspace/data/genbuster-mini/extracted/train/fake/ltxvideo/ee220c1bd2ef422fc4fe87471b2802a53718bcf77c4a9f28551ef4ba9843a80b.mp4,1,ltxvideo
/workspace/data/genbuster-mini/extracted/train/real/60bc7386b6baa8b3438e3429e6fca15441edca20aa6dfbad6cd308112e4ca26f.mp4,0,real
/workspace/data/genbuster-mini/extracted/train/fake/ltxvideo/c0fb355471fb67c8e8fff033f549aa74cb29693c2a8b368a7ee47d1aa44bd244.mp4,1,ltxvideo
/workspace/data/genbuster-mini/extracted/train/real/27afa07eb49c8b1e18253d74ddd87d5d940ea163b542a68adf80725fdddaddad.mp4,0,real
/workspace/data/genbuster-mini/extracted/train/real/0db3e4e764ad36b61eacf9034da03fc035d300aab05fb022da0da4298eae3c02.mp4,0,real
/workspace/data/genbuster-mini/extracted/train/real/84bfd9ef1242c8ef02c4000c39ac576c2c2b69ad765f11b66c00d0d59f286241.mp4,0,real
/workspace/data/genbuster-mini/extracted/train/fake/cogvideox/18782c2f967466fb6a9bf16f8fa941afef1bd9891934ce642d87b3e207468dea.mp4,1,cogvideox
/workspace/data/genbuster-mini/extracted/train/fake/easyanimate/52c9b5308e43707e0b445e5c40f662f4ef8fe210bfee1cfd73e3667020c61d92.mp4,1,easyanimate
/workspace/data/genbuster-mini/extracted/train/real/1f02a7501ffc1b2706051f10caa5f9003c6e58f4ee9a994e90b825f35cb776cf.mp4,0,real
/workspace/data/genbuster-mini/extracted/train/fake/easyanimate/5bdd1480b70b1a0b3696c285bc7dc3e0e1e4db5525cba54054aaaa23faa3a626.mp4,1,easyanimate
/workspace/data/genbuster-mini/extracted/train/real/9aacf82205aa35c0c84fb4804db84af153c0f39e99024207eab8b4b7804f5975.mp4,0,real
/workspace/data/genbuster-mini/extracted/train/fake/hunyuanvideo/8f7a2c2210e806749c639a7e494c9d65cfddf2c01ca27a2750f7be80392e71de.mp4,1,hunyuanvideo
/workspace/data/genbuster-mini/extracted/train/real/f17f47ccc5db1e1d25ff40737da6bf188f46ecf25d6a3a5beb59a5874343b1c8.mp4,0,real
/workspace/data/genbuster-mini/extracted/train/real/e9ac48eb2f256a281fff1215bd0ba295808954b229201526f4aa2de2dae1b833.mp4,0,real
/workspace/data/genbuster-mini/extracted/train/fake/cogvideox/68e2fc38b426c6eb75a7f96742c3f2f3143721310dae1c58860c796e07504b97.mp4,1,cogvideox
/workspace/data/genbuster-mini/extracted/train/fake/ltxvideo/05cbf3e2f4475cbea56a9b23cb3dcc0ed29c20ede64c196160879ed4c02b0c3e.mp4,1,ltxvideo
/workspace/data/genbuster-mini/extracted/train/real/321ae93b2807a7a1049931db6cf7075fb83d4e6b471efcb99aca8389b2b327c1.mp4,0,real
/workspace/data/genbuster-mini/extracted/train/fake/cogvideox/e77bd733ed0d694e5c4815f4c2e7d7979d32c5528cfe33b0ebba1cf43e230718.mp4,1,cogvideox
/workspace/data/genbuster-mini/extracted/train/fake/cogvideox/3f59c3ae4599f52050140de1ee4471cd2767b1869893f153824383c5306abd16.mp4,1,cogvideox
/workspace/data/genbuster-mini/extracted/train/real/8f2f636892b159f369200c7e0c5d9c56090631fb50f3a4cc3f92af725287848b.mp4,0,real
/workspace/data/genbuster-mini/extracted/train/fake/cogvideox/8091ecfdad29a0bd801391b8b7e72a1c8030538649ce84422c37773e0edf33b8.mp4,1,cogvideox
/workspace/data/genbuster-mini/extracted/train/real/4cf2570d055965c7ce67f11cc87eb24cf062b8c071757191fcc4d3c31d099ac2.mp4,0,real
/workspace/data/genbuster-mini/extracted/train/real/eb9c24304f52d575d53da2875d67750d1e956b5e7ebce3b7ea3b58d1221b7c39.mp4,0,real
/workspace/data/genbuster-mini/extracted/train/real/65d98faab9c6d8af26543f58e4ed18a2414b7b452c0913404525d47887d66f8a.mp4,0,real
/workspace/data/genbuster-mini/extracted/train/real/99cef3c96dcb9aad4ea3f76c63eb0641b3f38249396c0054f698022319b8548c.mp4,0,real
/workspace/data/genbuster-mini/extracted/train/real/2b5cdb23f14837238d8c0d5b635b25a2a9cf1880a1c1a47d429c47af3ead70c1.mp4,0,real
/workspace/data/genbuster-mini/extracted/train/real/cbda592dd510bd68904e8d6c2d881d80607a320e06b28bc5dbc7fab677555048.mp4,0,real
/workspace/data/genbuster-mini/extracted/train/fake/ltxvideo/3b411a145b303e6e61828c00e97e6f7025d3c41b4c349be3d515794964014e12.mp4,1,ltxvideo
/workspace/data/genbuster-mini/extracted/train/real/dbfe9ff55e000aca6762035b77f6a1cf30a947615f4daa37427e49d91a3b1ab0.mp4,0,real
/workspace/data/genbuster-mini/extracted/train/fake/easyanimate/7b91e2f1724109c25dc6fda90394f425fa1d81d92d50efb95807b8c91891a0aa.mp4,1,easyanimate
/workspace/data/genbuster-mini/extracted/train/real/0438a75c5ac885cf588d1a31a062ba011851554f4043a848f6054d7f782ef7e3.mp4,0,real
/workspace/data/genbuster-mini/extracted/train/fake/ltxvideo/242b368be0d3295efc88a27d371534221e7df5577f0fe57b5b31074aa3b3587e.mp4,1,ltxvideo
/workspace/data/genbuster-mini/extracted/train/fake/cogvideox/d01f110deb55ee46f8f7eeb6ac63bcf34a114a5b7717c9289c14d92b38eead91.mp4,1,cogvideox
/workspace/data/genbuster-mini/extracted/train/real/fb6cfca208bb7a9c27a200adff62fc354784f2dec362eb06b757026156f4bcfa.mp4,0,real
/workspace/data/genbuster-mini/extracted/train/real/9f2658f17f4edda526e93a7b77e0f95cf160bc3b02c5416ba6ece0c67ef5ec09.mp4,0,real
/workspace/data/genbuster-mini/extracted/train/fake/easyanimate/b619d7a39fccdda3fe749d612696b7bfb7edee68bf1e37b9acfefec228a40945.mp4,1,easyanimate
/workspace/data/genbuster-mini/extracted/train/real/7dbd67d02d4e6c459b15cc37afcf33d6bc3045e84286c45a3e24a65e04eda960.mp4,0,real
/workspace/data/genbuster-mini/extracted/train/real/c9d72ce5eb78241a7b8302416089559424b9a1788377478bc51793856c9cb935.mp4,0,real
/workspace/data/genbuster-mini/extracted/train/real/7f4c91b0f18fcf3896818380faf90166a2295f2f77f6a68b42fb4a88ebb3971d.mp4,0,real
/workspace/data/genbuster-mini/extracted/train/fake/cogvideox/35306c30c6713684db5a2897b4c02a4753679a6734db87ad2e47122f8efd7cb9.mp4,1,cogvideox
/workspace/data/genbuster-mini/extracted/train/fake/hunyuanvideo/c86f6321ab1a7910276b5edfc67a71b7225cea8e643de7eb54cc95bb177fce13.mp4,1,hunyuanvideo
/workspace/data/genbuster-mini/extracted/train/real/3fbb9bc5fb3a9bda6fbfb038484f08eade523daa34e05052abfb5c39f061f509.mp4,0,real
/workspace/data/genbuster-mini/extracted/train/real/16ec15682807227c43d01749450d3d3a7e52fb2ced8a9b6da18b43e130a55803.mp4,0,real
/workspace/data/genbuster-mini/extracted/train/real/7a3f4dbdc289f9ce9316b3b74a39863a13aeaa6d4ddca701744607e902c003cb.mp4,0,real
/workspace/data/genbuster-mini/extracted/train/fake/hunyuanvideo/f2c1938bfec625ed8401139e4a8b59db9ec254a285368817cefcc966fca96980.mp4,1,hunyuanvideo
/workspace/data/genbuster-mini/extracted/train/fake/easyanimate/b220ec6a0e4b7e7b192e272d41d1580b5a679cb695d9c71ce331c11cfef395da.mp4,1,easyanimate
/workspace/data/genbuster-mini/extracted/train/real/75c2105f1fc56177e4c1267f53a053c8330d2bbd2da5dfeb9b0f53e210570b25.mp4,0,real
/workspace/data/genbuster-mini/extracted/train/fake/cogvideox/d4065af312c3c4764abbd6395f0c540288a5c711a7aa96e5e7da538ae8004283.mp4,1,cogvideox
/workspace/data/genbuster-mini/extracted/train/fake/cogvideox/46b06adacda76c6200815b098a9a2edd74bbc245f1c952070b2e6082d9a3a30d.mp4,1,cogvideox
/workspace/data/genbuster-mini/extracted/train/real/f2f4a647efc87f807bf9b53f736f69a573d3ab0f9a20598341ea11f1aa1a7915.mp4,0,real
/workspace/data/genbuster-mini/extracted/train/fake/easyanimate/e58c8b50fdc0d6987558defefbfcb8f8e0ec9b229eba487fc5183760ede0ac10.mp4,1,easyanimate
/workspace/data/genbuster-mini/extracted/train/fake/easyanimate/858f5a14adefd89ab779277059407a4adf76788eb598047cc023ab50bb0caea4.mp4,1,easyanimate
/workspace/data/genbuster-mini/extracted/train/fake/cogvideox/4a1bb89fce4f302eb32932662661ca13ee03c7d5009f78f3c36df54ec95bd1e7.mp4,1,cogvideox
/workspace/data/genbuster-mini/extracted/train/fake/ltxvideo/691bedee137401a4ada3cb9c3358178eed674c7560127c054d63e9d52812af7c.mp4,1,ltxvideo
/workspace/data/genbuster-mini/extracted/train/real/88bb6d64af0a655140bd408e0e9008bdb3a5c2da86f77fed43462bd011add0e5.mp4,0,real
/workspace/data/genbuster-mini/extracted/train/real/0d27b57728ff8465be54ece8c5881dbec2618d008688ebc574a1676302ba1fcc.mp4,0,real
/workspace/data/genbuster-mini/extracted/train/real/a6249f8248f2b381e356776bce60505408f64d96782feef32f1484217a9203b0.mp4,0,real
/workspace/data/genbuster-mini/extracted/train/real/39a2011dc8774943690ed679a4c54b78c7b2ebe339b7e8a9377740b83d1fcbb4.mp4,0,real
/workspace/data/genbuster-mini/extracted/train/fake/cogvideox/ef0981323e53cc6f2ae74b6fdc7302c16c87905f5da67715309ab9fd3b319451.mp4,1,cogvideox
/workspace/data/genbuster-mini/extracted/train/real/9ee08b73de72ed5fdeaab1cb51ada2f5f8363c7bddeafa311b9cab9aefd581b3.mp4,0,real
/workspace/data/genbuster-mini/extracted/train/real/fc2b117e1a243d683e1791d0b7ba1caa5891cd798aa62fe96d18ec89763629bd.mp4,0,real
/workspace/data/genbuster-mini/extracted/train/real/d2706689318333587a3be415d6eca8c38dbbbe93b3f03a40535dde41dba14053.mp4,0,real
/workspace/data/genbuster-mini/extracted/train/fake/cogvideox/29ca301668407d037377aea9f6f02f3b3db46cd16f571639184dc8676bd9535e.mp4,1,cogvideox
/workspace/data/genbuster-mini/extracted/train/real/14452d71dd640448b5c32f79a4bd5417c0826780eb28456d3acfc60b028a732c.mp4,0,real
/workspace/data/genbuster-mini/extracted/train/real/bd30f25d57de5993401f4bd548c25dcab95dfcba9bafc75c0eb404f420607f4d.mp4,0,real
/workspace/data/genbuster-mini/extracted/train/fake/cogvideox/838b5aac52d86a7a1e17d70551111e250d8ef6bf9e33ba79721a376a01492b8e.mp4,1,cogvideox
/workspace/data/genbuster-mini/extracted/train/fake/cogvideox/64f7e98471bc804fd6c099f15b12f911ac29b3789b4fbf7ab742d5f5412ea7ac.mp4,1,cogvideox
/workspace/data/genbuster-mini/extracted/train/fake/easyanimate/c08c3284157017b7e7f2cd6daa3dbaa4f77144854643dcb7d7c87ffb5b3e1e80.mp4,1,easyanimate
/workspace/data/genbuster-mini/extracted/train/real/2ba71973cbb15c9da65a378618dc480b4aef852ce5f2908f25f763501683d704.mp4,0,real
/workspace/data/genbuster-mini/extracted/train/fake/hunyuanvideo/1b44ef274e1dd60767a8a999ee2e48c31e4c69c2f5fbf658e9fe7a38baaed699.mp4,1,hunyuanvideo
/workspace/data/genbuster-mini/extracted/train/real/5508123a79f137f758b1f9888f0fa42e7e2651e07c06546c2c054d93518f7d03.mp4,0,real
/workspace/data/genbuster-mini/extracted/train/fake/cogvideox/ec2500ab915751ea046e0c52c552760f4137add7b0a5bd2f228047bcd8949122.mp4,1,cogvideox
/workspace/data/genbuster-mini/extracted/train/fake/ltxvideo/ba509f2436d6a60d95c31376348537b8dc8a890ac21e497424d07e9d7c57b9ff.mp4,1,ltxvideo
/workspace/data/genbuster-mini/extracted/train/real/508872955e69b3f6e906b44612d5bda7257c465b8a0a125f193fff11ed0ed9cc.mp4,0,real
/workspace/data/genbuster-mini/extracted/train/real/8d42d047d9e5d146aef2929562d92f9825a02268ea3c41d92955ef70d7e2b379.mp4,0,real
/workspace/data/genbuster-mini/extracted/train/fake/easyanimate/3cdeec0aa32fc7af41ed7ba02a7c5996e02da92fd162b8288d6dbb5128a74bff.mp4,1,easyanimate
/workspace/data/genbuster-mini/extracted/train/fake/easyanimate/9b011b70b002c5049c614819fcd073d47662f1447150508f9c313cea090c1765.mp4,1,easyanimate
/workspace/data/genbuster-mini/extracted/train/fake/hunyuanvideo/17f478961dabb80b3aac5da587ee987ea66851571c8e3ef3837cc1d8934a94af.mp4,1,hunyuanvideo
/workspace/data/genbuster-mini/extracted/train/real/96018b1f266fc8df661bdab6773c2443ac278a4960ee09a1f18442cb326df4b3.mp4,0,real
/workspace/data/genbuster-mini/extracted/train/real/e157766db4a13640d9e1cc33aa77cb7748eddea5f92afb42061ef305b6c521cf.mp4,0,real
/workspace/data/genbuster-mini/extracted/train/real/0c7e12389e201827916d40b374b084f545d921b2404ba06d361388f41c434eb9.mp4,0,real
/workspace/data/genbuster-mini/extracted/train/real/744f83becff8b267c7317c26e025765f87dfed2825431eaf26913536cecb58cd.mp4,0,real
/workspace/data/genbuster-mini/extracted/train/fake/cogvideox/1836c7e15dba19b108236d8262fa210c6c0ca28441ea9f1d03de36a583feeff9.mp4,1,cogvideox
/workspace/data/genbuster-mini/extracted/train/real/ecba64f120b59a8386694f18a19b3915db31a536dc48d4aa79395e46e336696b.mp4,0,real
/workspace/data/genbuster-mini/extracted/train/fake/cogvideox/e3b71ebe8698cd2cb593474cb2add7890567db850020219a31d550c60394f7ca.mp4,1,cogvideox
/workspace/data/genbuster-mini/extracted/train/fake/easyanimate/d44dd9eae50c77fee3a8e8bcf8f071951250db8604e866543cd4f06459ce229c.mp4,1,easyanimate
/workspace/data/genbuster-mini/extracted/train/real/f342d0a7fbd8efd88556c56f9abb771dca832084ed992707365f2d94b4467c25.mp4,0,real
/workspace/data/genbuster-mini/extracted/train/fake/easyanimate/49f80d8c4b29074ecceec49e623daf9282c75b13a891dc3d50460b2545179eb1.mp4,1,easyanimate
/workspace/data/genbuster-mini/extracted/train/real/e371bf67aaa64b1b268404050f45a8b995c7ebdb38f1f2cacffbb6eb97833e98.mp4,0,real
/workspace/data/genbuster-mini/extracted/train/fake/hunyuanvideo/313d07e6a4685f675932ef92d16f0b3341354402ac9efa37fed8483a29f63005.mp4,1,hunyuanvideo
/workspace/data/genbuster-mini/extracted/train/fake/cogvideox/27bc2762d849b032e2a564d076915a7211da1e1c985a6f7e0495555aa52c3e5d.mp4,1,cogvideox
/workspace/data/genbuster-mini/extracted/train/fake/easyanimate/1a17824a7033164ef6b24efc7b79237b4fcc78cdcfa8c3727e42ad4a6359ae87.mp4,1,easyanimate
/workspace/data/genbuster-mini/extracted/train/fake/easyanimate/50c06e6b6ecbbbd55316402960fe2a9774ec77fa7b98d3593504ada53b7be0e7.mp4,1,easyanimate
/workspace/data/genbuster-mini/extracted/train/real/c694b4c10eabce9f274e9bf25da7d04fcd2a92f6de9f871e4ea87a9c93004104.mp4,0,real
/workspace/data/genbuster-mini/extracted/train/fake/ltxvideo/864081d28c9282e6fb63f83027cc62de514b483ae46b2003d1b30997f625f33b.mp4,1,ltxvideo
/workspace/data/genbuster-mini/extracted/train/fake/easyanimate/e99db165027f4c621d1028d78767a7999afb28d2d898500479c81c442633675f.mp4,1,easyanimate
/workspace/data/genbuster-mini/extracted/train/fake/easyanimate/03347187776455131fa78abad1a0b8cb16a6ec5594964ad896a6880a5a51a8c5.mp4,1,easyanimate
/workspace/data/genbuster-mini/extracted/train/fake/ltxvideo/00cde6a4be0db95f5f9953cd654bd5759d9f6f04da3dea2c1e137cfce040a01a.mp4,1,ltxvideo
/workspace/data/genbuster-mini/extracted/train/fake/cogvideox/3e202fb77119a78b1e0f919882849b7810360144fa359e73998142275de55af2.mp4,1,cogvideox
/workspace/data/genbuster-mini/extracted/train/fake/easyanimate/7283fe87bd98deda3b3abb49d7fcba41727163c84945a0067f49727bb987c777.mp4,1,easyanimate
/workspace/data/genbuster-mini/extracted/train/fake/easyanimate/a9af01420fcd12fb78392b8dd9fb199567a77fb997b8191491a0b3619ad5fad8.mp4,1,easyanimate
/workspace/data/genbuster-mini/extracted/train/fake/easyanimate/3bd2ec750793632ba3ad480556ec6824a80187ee3cb8a172d1cfca2c5ebf06f5.mp4,1,easyanimate
/workspace/data/genbuster-mini/extracted/train/real/c7626269fcac376f835e7f683248fec2158e1c6b6943b8d6f1db195acd5da5ef.mp4,0,real
/workspace/data/genbuster-mini/extracted/train/fake/easyanimate/3690d06b8b016aba701d5989f7d46629c6f91b43806de8e165326e1555b5b650.mp4,1,easyanimate
/workspace/data/genbuster-mini/extracted/train/real/861bf6aa62728bc5a63d6fd35456c5c2d77dd8def3061b442a12db366a12b3b0.mp4,0,real
/workspace/data/genbuster-mini/extracted/train/real/1a9594ec11e00710d7470a53e49a4facd666f2ec8573a14062466cbb3469f3cd.mp4,0,real
/workspace/data/genbuster-mini/extracted/train/fake/cogvideox/8d4e1af5dad3c6e26cf3d23771e963e71fff751df1172c4887f53c3a168c19ac.mp4,1,cogvideox
/workspace/data/genbuster-mini/extracted/train/fake/cogvideox/b9ba7c3e0e763fdb79d277972573699607f028189909a61de7826155d07fe431.mp4,1,cogvideox
/workspace/data/genbuster-mini/extracted/train/real/bc12f3f03f9d73ce91ff559d13dbb5d398598a49c75b38f42bf1552c4cdcebb4.mp4,0,real
/workspace/data/genbuster-mini/extracted/train/real/405c8d7d77c96784122cdcdc06497d18107808689b3bd8367bfec69ab3a4efec.mp4,0,real
/workspace/data/genbuster-mini/extracted/train/real/6f75c20ade918e75e924a154cf48c36defc2b718521bf3fd0f4576db217c17a9.mp4,0,real
/workspace/data/genbuster-mini/extracted/train/real/b5871666ee8b102a24da94e7d5e77208c8cb1a1d9201cb8646f9ba13e1477a59.mp4,0,real
/workspace/data/genbuster-mini/extracted/train/real/367fbd79dcce52c9d56c61414514d5a0fba994876b1c3361014eabcc871d1d50.mp4,0,real
/workspace/data/genbuster-mini/extracted/train/real/3bd64849d1a6dbbe0d3994a2f51085d0aa1edec052fb3ba8f1eea5b1062dd897.mp4,0,real
/workspace/data/genbuster-mini/extracted/train/real/2190ed405dc91988d7a56573a5f70b92066fc20928edbdddd2c64423259923a4.mp4,0,real
/workspace/data/genbuster-mini/extracted/train/real/980db7702d25b84ac7dfcb5e46784c59ee6e3ba04e39d4dfd18829fe63d535c4.mp4,0,real
/workspace/data/genbuster-mini/extracted/train/fake/easyanimate/87acc15c98ad2c0ed0f24d91729d7e1f54bd20e018d8fbf99c2ac906f77ee4fd.mp4,1,easyanimate
/workspace/data/genbuster-mini/extracted/train/real/5b088c60110d686770da63b98a0ef643a9994dd37a6056e5d0d7ad7e60b766f0.mp4,0,real
/workspace/data/genbuster-mini/extracted/train/real/0aba162e4d3655637748513db6980b0bd9b5d8510c811c1fb61f18f583165a29.mp4,0,real
/workspace/data/genbuster-mini/extracted/train/real/0c43928ec6025fe10aab029443bbd2d33166cdfa4e097fd10cb13e294ab559ab.mp4,0,real
/workspace/data/genbuster-mini/extracted/train/fake/easyanimate/5ae1e602d3b341331b7ea50131514c1a9df9d533cc3473e8f0e2d96d8c2ad29b.mp4,1,easyanimate
/workspace/data/genbuster-mini/extracted/train/fake/easyanimate/6321699e881c6e3f9ed95e0290ea0e22e501aab123150a5796a6ce5841e47036.mp4,1,easyanimate
/workspace/data/genbuster-mini/extracted/train/real/f4d399034993f74c8469db74edbe65308dbf4361813aca30cc88047dc6b16ad2.mp4,0,real
/workspace/data/genbuster-mini/extracted/train/real/e38e6b290b3755331c60fe47399b75949cbcc392cc74634e9c59fdf57ed3ccf3.mp4,0,real
/workspace/data/genbuster-mini/extracted/train/real/7d3f26768daaa209fb6db89fe2df115ca5e4ad9f663a08bc34efdb728cc2e31e.mp4,0,real
/workspace/data/genbuster-mini/extracted/train/fake/easyanimate/0a29e3ae06ecb1171b1987c655e1e194422f25b7b5da6ca157fc9204eab186e5.mp4,1,easyanimate
/workspace/data/genbuster-mini/extracted/train/fake/easyanimate/640dcc8e21f912cce6015cec46ad899b13c567ba1720aaa799c96aa0efb36684.mp4,1,easyanimate
/workspace/data/genbuster-mini/extracted/train/real/6e569d4f66b4c39c262fc21a73558d97a6c5523e9f491050994dfa20dd533ce5.mp4,0,real
/workspace/data/genbuster-mini/extracted/train/real/ee3868e5ddcef8fb7216e869cf952fc1ee04a88b85175462026e53937288ba8f.mp4,0,real
/workspace/data/genbuster-mini/extracted/train/real/887f1c9e0aef528598dcbbcc3a6f60fe49b6911de10d2b7227338485f968c425.mp4,0,real
/workspace/data/genbuster-mini/extracted/train/real/6cce0f0287c5f30e6edd8322407f7e24c6bc4f389c64b7102192535b85889389.mp4,0,real
/workspace/data/genbuster-mini/extracted/train/fake/easyanimate/ace4ef5fe42bef3de85bc02f59c6a18a3bbcc28c9318a1f2a1abc81a5662a743.mp4,1,easyanimate
/workspace/data/genbuster-mini/extracted/train/real/81bc6216ca9335d3716e55254ef32c8b9429bf8c6d353de9164695dd5bbc07d4.mp4,0,real
/workspace/data/genbuster-mini/extracted/train/fake/easyanimate/810d7a8632cb02bdbf5860c18636deb67a18c730961fc390c5cd873156bb1e18.mp4,1,easyanimate
/workspace/data/genbuster-mini/extracted/train/real/d617b6f36d19d45167c69e5d002519774e2d49823f7fe9a4b047a6360366d28e.mp4,0,real
/workspace/data/genbuster-mini/extracted/train/real/64ae88750882bf528ca2f34bdca5029ff880871252752fb1407447ed00e018cb.mp4,0,real
/workspace/data/genbuster-mini/extracted/train/real/a4cf8c5779dcfb4abee5c317c8bdc8916d7707e965b9c3d07cf01cebe98c2417.mp4,0,real
/workspace/data/genbuster-mini/extracted/train/real/08a50d53d67bd6604b581ac5b8d0ace5338eb00ba4bc07f6173b2f85b0a7441d.mp4,0,real
/workspace/data/genbuster-mini/extracted/train/fake/easyanimate/a3950eb4a457c398a94f8a51a2985b065aa04f0bea8440eec170adac0631195e.mp4,1,easyanimate
/workspace/data/genbuster-mini/extracted/train/fake/ltxvideo/fb30c36f5632cc86664e2dabd5cbbf46f6cde684c5a9c7330c8b2aefa3692ea6.mp4,1,ltxvideo
/workspace/data/genbuster-mini/extracted/train/real/392759a44271b90829838df4770afb67a3c947928b6bd2d837af9b56b8913903.mp4,0,real
/workspace/data/genbuster-mini/extracted/train/fake/easyanimate/6f7b5d0c3ac869954054dd67f76e2a4783ecaaee266b342a0b2c2fa74373904d.mp4,1,easyanimate
/workspace/data/genbuster-mini/extracted/train/real/5111c03aa277ad359e4fa34040c5a372a380dcf7ca1aa0ecc5ba0c186830f4fe.mp4,0,real
/workspace/data/genbuster-mini/extracted/train/fake/easyanimate/65a3452a579784afbd356fdbcdba9de424c8cdec23c76a29146becbe5de44426.mp4,1,easyanimate
/workspace/data/genbuster-mini/extracted/train/real/89de617ac89c8fb51a22f46693a2e83573f74c8cc3b2e0a0543963b32f244eb2.mp4,0,real
/workspace/data/genbuster-mini/extracted/train/fake/ltxvideo/ace94775432ffeaf85fefbeb56a4254162284f185da63dfb47796cc411e7a4aa.mp4,1,ltxvideo
/workspace/data/genbuster-mini/extracted/train/real/0ea858de4fe6bbd3cfe8c95deb5e35de3205047c8e7b281213dd2e9bd70ca88b.mp4,0,real
/workspace/data/genbuster-mini/extracted/train/fake/ltxvideo/1c8861d1ffb5c8fb658ce7eb4e1918fc0ab4d47a3248d51b428542189c9de8bd.mp4,1,ltxvideo
/workspace/data/genbuster-mini/extracted/train/fake/easyanimate/c69df56dc9a7595c2b40c4a53952d3ac9971a3c8f776041c864d9221fdd680a9.mp4,1,easyanimate
/workspace/data/genbuster-mini/extracted/train/real/14718c17596354a55e87d579a4ac6118c1197534a4cb1e36fb009d5820831cb8.mp4,0,real
/workspace/data/genbuster-mini/extracted/train/fake/cogvideox/0b54804cc97c767e773de4c92329697113b38a72012d737ce3c86c1970da53d8.mp4,1,cogvideox
/workspace/data/genbuster-mini/extracted/train/fake/ltxvideo/28441389b94b6e43324128c95df578c6647d3b11b7e87b91ce177b5746190979.mp4,1,ltxvideo
/workspace/data/genbuster-mini/extracted/train/real/2c04ae203ca3dd838af6c8b9107eb19ec3d04da053909edc769ed5bb6e752b7a.mp4,0,real
/workspace/data/genbuster-mini/extracted/train/fake/cogvideox/bdf3f5ea72e3b1e827cba0f004eee427d00b90b9cadb65d76bea666d19ef23d4.mp4,1,cogvideox
/workspace/data/genbuster-mini/extracted/train/real/bb0d054c4ff5592bac90a85f1d7e5ad8c17bdf7a580b246f3312801be5c1567c.mp4,0,real
/workspace/data/genbuster-mini/extracted/train/real/e47cc104f1b9eab85fbb8a190e4e90bf8bbdcdd38030f2c46e9227b2ddeb5e8a.mp4,0,real
/workspace/data/genbuster-mini/extracted/train/real/e868c7452197759d4b275c4b65edc0662154ec99396c27bfe312deda2ae8af0c.mp4,0,real
/workspace/data/genbuster-mini/extracted/train/fake/cogvideox/0fcac9bd949909821181330f482ee3073cc866e6ffa3329f7225b7b0ae181810.mp4,1,cogvideox
/workspace/data/genbuster-mini/extracted/train/real/de834ecc65f4c88aeb3bb6e67877eabc8a4213a23ffce082001dceabd316321b.mp4,0,real
/workspace/data/genbuster-mini/extracted/train/fake/easyanimate/4a79bbfc8ba46a5e36ec654af39135543fa86d5a568bab875506000426c79334.mp4,1,easyanimate
/workspace/data/genbuster-mini/extracted/train/fake/cogvideox/bd7575a08c925318c71043aef6f0b0a8e205ca7e1043df241ebceb013cf385a7.mp4,1,cogvideox
/workspace/data/genbuster-mini/extracted/train/fake/ltxvideo/ef72a4b76410b16c96ad671250ef5552f9fcd31528cb47bbe4c6e2c8cffb0c41.mp4,1,ltxvideo
/workspace/data/genbuster-mini/extracted/train/real/69267f1e827582e1f98d87c7bde77fb9e4ed9b1935fe884cdc2c8e61f780d150.mp4,0,real
/workspace/data/genbuster-mini/extracted/train/real/3eda9480c201890a51d24403fa98ab14d1546d72824a3b511e4d2a8b9fe19c24.mp4,0,real
/workspace/data/genbuster-mini/extracted/train/fake/cogvideox/39586824f600bf72b2a67300407504a1b103f4298f58e07e1938da9a38452e07.mp4,1,cogvideox
/workspace/data/genbuster-mini/extracted/train/fake/cogvideox/23995313c4b63feab78028500b2bcad6b9fa1a779dde50d42a62eb83fdedac49.mp4,1,cogvideox
/workspace/data/genbuster-mini/extracted/train/real/40b735a4cebf9a4e1af4366b65127877a04bb270d9b85998c3d527f7e33f0d40.mp4,0,real
/workspace/data/genbuster-mini/extracted/train/fake/ltxvideo/454281f94971cf435c86d3d067569a0c8fdec9cf83bdd68b368b588a8a7584d6.mp4,1,ltxvideo
/workspace/data/genbuster-mini/extracted/train/fake/ltxvideo/a01ae2288dce869d39dbc7fd14e43a2add8b898044fd010a23849f1a0fd24aa3.mp4,1,ltxvideo
/workspace/data/genbuster-mini/extracted/train/fake/ltxvideo/7a8e3b86df260088618c44223d991441a63147621952571965f5c1bb9090c390.mp4,1,ltxvideo
/workspace/data/genbuster-mini/extracted/train/real/8bd7f028cf49dd7beb80f9b8fd0cd5ce6d1db20e0c68d8e623c40d79f16b4cea.mp4,0,real
/workspace/data/genbuster-mini/extracted/train/fake/hunyuanvideo/883c765b09132b0ad68719ffe2f26a0183c15eff61171a244bbbc71f62277c2a.mp4,1,hunyuanvideo
/workspace/data/genbuster-mini/extracted/train/real/7343050b29553e5a29b183088bd476419641afebd47f5c6bc07fbd780abc7d2e.mp4,0,real
/workspace/data/genbuster-mini/extracted/train/real/d647811771a59c1c7e5595baa72b82664eb91f15a4c823858e50f6353a90b5d6.mp4,0,real
/workspace/data/genbuster-mini/extracted/train/real/0931451b40e4210656ea527825f88c37c2209f74f309f05a0daaeb78e466de6b.mp4,0,real
/workspace/data/genbuster-mini/extracted/train/real/7b59561e74adcbf7aeb939f765a2e1d253be08b7cdfeb5b5fa7f3f578256db33.mp4,0,real
/workspace/data/genbuster-mini/extracted/train/fake/cogvideox/23423c650252d04c30e47bd5a43a30289a18330989e94bdb8fe6ac3731508258.mp4,1,cogvideox
/workspace/data/genbuster-mini/extracted/train/fake/hunyuanvideo/b746681ae030afe9c166bbbf6aaa2b981a3697a43ecc103055e158a814d9cb02.mp4,1,hunyuanvideo
/workspace/data/genbuster-mini/extracted/train/real/cfc84c21832d55e246f49de7bbad2e492626e1910baeb17a4b5d8fb8c11c0f8a.mp4,0,real
/workspace/data/genbuster-mini/extracted/train/fake/cogvideox/c06573375d905eec7875e08f6a199716b8592b2c3a302a271cce9738c22aada2.mp4,1,cogvideox
/workspace/data/genbuster-mini/extracted/train/fake/easyanimate/ec57a9f30f71ba53330cae9e2f43f22c2dd83f7714267998df2e2abb775d4e6d.mp4,1,easyanimate
/workspace/data/genbuster-mini/extracted/train/fake/ltxvideo/fdf8d7f58a6c78d7bfd3abdd3ab5b0eb33803e5d4e3482f46a75e6c681a5ed47.mp4,1,ltxvideo
/workspace/data/genbuster-mini/extracted/train/fake/hunyuanvideo/ad818b8d92d1ef4de3630ed75d0eaa4200f76d5a34521c650ba0c94ca7425599.mp4,1,hunyuanvideo
/workspace/data/genbuster-mini/extracted/train/real/a5d23b5189a9705f93b92e9ca13e212d44d7a4cae56f94ee65940adf7acf0fbe.mp4,0,real
/workspace/data/genbuster-mini/extracted/train/fake/easyanimate/bd904cde46186fc70ae63d0783f9fc3ede9fcd32441d6599659cf38939e8501e.mp4,1,easyanimate
/workspace/data/genbuster-mini/extracted/train/fake/hunyuanvideo/d677670478ca415316d83789f11e40a15ec8445c3c07a3319cfa7e724d23ce50.mp4,1,hunyuanvideo
/workspace/data/genbuster-mini/extracted/train/real/2ae1e817bed7b5514f5a7714971888c3908f11ddb3a1127757174758ca46bff4.mp4,0,real
/workspace/data/genbuster-mini/extracted/train/real/9d892982a80f5f3ea5cde355ac7c1500a748a968ebfe9a88336e9f66b7ca1e01.mp4,0,real
/workspace/data/genbuster-mini/extracted/train/fake/cogvideox/8ec5b15aa41ebd78047f282407b8597020d420c7267fafed62392341c747b72a.mp4,1,cogvideox
/workspace/data/genbuster-mini/extracted/train/real/25d9831e8b979c14dad0da1d7ec7f99d85bba54f2fa742a8b9c456129f718a9f.mp4,0,real
/workspace/data/genbuster-mini/extracted/train/real/ac76700d9ca58e4875370a448fcd9fc6e877f8575583ce82d332cabbcd14b921.mp4,0,real
/workspace/data/genbuster-mini/extracted/train/real/85dda62cbc1bfc74093ba7056f9ff5a51f86313f32c189541a9f0228bd5b6efa.mp4,0,real
/workspace/data/genbuster-mini/extracted/train/fake/easyanimate/3fca68ebc7d44d6c439e98dc6913a257c9bc370ab871cdb65466bb4a9773b4ea.mp4,1,easyanimate
/workspace/data/genbuster-mini/extracted/train/fake/ltxvideo/c0729aad5795d45f12af369b9e9f6f86cdc8746241fbfa0a27b9633c4d928eca.mp4,1,ltxvideo
/workspace/data/genbuster-mini/extracted/train/real/87f58de27e2efd05026a188d280091ea404843ac4bb59a43bc2c8fe97993d082.mp4,0,real
/workspace/data/genbuster-mini/extracted/train/fake/ltxvideo/c772dba4be02a01709da5321d193f2722988a82bd571c553a32bccf0f70d80b3.mp4,1,ltxvideo
/workspace/data/genbuster-mini/extracted/train/fake/ltxvideo/01fcf13247b06f5bba482f79819b0177697d16191fdb35dd7eacf969b38d8918.mp4,1,ltxvideo
/workspace/data/genbuster-mini/extracted/train/fake/easyanimate/c97ae16f6365fac8500ef1df60ad88a585e74aa2352cbcb7f539d011e08fddd5.mp4,1,easyanimate
/workspace/data/genbuster-mini/extracted/train/fake/easyanimate/0e9f01019547d92b6e5317a85e50c58919c7499be98cb164aa37940cbd98d3f7.mp4,1,easyanimate
/workspace/data/genbuster-mini/extracted/train/fake/cogvideox/41c6315f0ac35902d5b0cc69395f3a411ac5c6d643b1d6b57bb5bb3c98986500.mp4,1,cogvideox
/workspace/data/genbuster-mini/extracted/train/real/c82885e5db24693658e94f2c0ebfd9c64ebd16a69c1ac4bdc97cbe3ba5e6e66c.mp4,0,real
/workspace/data/genbuster-mini/extracted/train/fake/cogvideox/36cd106820724a90ea5d760bf96e1da3970c57670b66aeba6c72d962e49b4f93.mp4,1,cogvideox
/workspace/data/genbuster-mini/extracted/train/real/a17708dfe84a23900a39af4318f1615812bf8262d9b32acb0e726dfb003715ca.mp4,0,real
/workspace/data/genbuster-mini/extracted/train/real/344b19b567265b271276604d664023b7209cb78217f7a48f16c2c27accad979e.mp4,0,real
/workspace/data/genbuster-mini/extracted/train/fake/easyanimate/57963b15770ffd63b835c83e8b33fed37b8ba3237a94dd1275bcb68d41e1e319.mp4,1,easyanimate
/workspace/data/genbuster-mini/extracted/train/real/019cc054f4c5004b80a3bf970ad1d5311aa32ece59fafd663017cc905ad7bda4.mp4,0,real
/workspace/data/genbuster-mini/extracted/train/real/1ae2b801ba17a7a2df6803360ceb15a78caedfe478c502028343d3888eb5efa6.mp4,0,real
/workspace/data/genbuster-mini/extracted/train/fake/ltxvideo/a9b80a33f7c55983698591d100cb6b10b0e92c47b04b8bbde50158cd6f6e3e52.mp4,1,ltxvideo
/workspace/data/genbuster-mini/extracted/train/real/322b7921d10bd6197f7bfa6236a861ab1c6d757cfbb9dbd11c0c6b0720943767.mp4,0,real
/workspace/data/genbuster-mini/extracted/train/real/4856b59694a1f43f8e2cbcb266c9d82ec33d3d1bbae3ad685c477d10647ddfb6.mp4,0,real
/workspace/data/genbuster-mini/extracted/train/real/b53d91d7c6250e82abd4f6df9453cc33939ea63ed59ec979cf3b23154e13d5f2.mp4,0,real
/workspace/data/genbuster-mini/extracted/train/real/5f922e4ba3e2bf249b141872651a60eb12d896411e6fff2e359a49c16dccfe72.mp4,0,real
/workspace/data/genbuster-mini/extracted/train/real/f905cd0aa66f742081454d526fa7e4636a06ddd2ceb8caf25d019a660d5fd7c4.mp4,0,real
/workspace/data/genbuster-mini/extracted/train/fake/cogvideox/ed79153998bfafcd935a12149af17aa41dff8d905d0d418a2a66bfd7f308cc8b.mp4,1,cogvideox
/workspace/data/genbuster-mini/extracted/train/real/a5ac411cc096cf9e0cdceb30ea22d9419d3f55f6779e55095d49194b2225c7cd.mp4,0,real
/workspace/data/genbuster-mini/extracted/train/fake/easyanimate/c3aa4c1e9e5d58dad0d121dc4b1f8157c8c3b2d2e59be19a5235e88fe3cd1923.mp4,1,easyanimate
/workspace/data/genbuster-mini/extracted/train/real/77e67dbeaaa72034b99196c764cb20afe0ab7e80f3701f8eea8758c17036b8e1.mp4,0,real
/workspace/data/genbuster-mini/extracted/train/real/f938e79b7d7c755cce762a35fc958fee43eb256e2d6dda3343ed86a2f6397efb.mp4,0,real
/workspace/data/genbuster-mini/extracted/train/real/323529f452bfc806b21366be988ea48195ca72c29468c1b31991cd884e6644d9.mp4,0,real
/workspace/data/genbuster-mini/extracted/train/real/e0f25865051f67dc63ae75972284fd0fd42a922fb85b57027aad5363b865ebe8.mp4,0,real
/workspace/data/genbuster-mini/extracted/train/real/172c67eee35296cb66cfb5defd323b01d2c5e08499a4b3984d2d2f395fe6007d.mp4,0,real
/workspace/data/genbuster-mini/extracted/train/fake/hunyuanvideo/3643474c42d2e112d0525b16493c1b8b3fb2a3d17cd142c0d7507be92ffdbfbe.mp4,1,hunyuanvideo
/workspace/data/genbuster-mini/extracted/train/real/15e8be6bf07b08da0c952bdce1b8c8f1dbdce02d31750321a7ee37685bd89a19.mp4,0,real
/workspace/data/genbuster-mini/extracted/train/fake/easyanimate/93a94cd27032867ba307acfa4c4a489cc5b68594465f6c66b495e8b9df71a6e0.mp4,1,easyanimate
/workspace/data/genbuster-mini/extracted/train/real/c2c1edc986314464780583de42792cd9d9cb077afa1a438bc880008cdf00ddf6.mp4,0,real
/workspace/data/genbuster-mini/extracted/train/fake/hunyuanvideo/ccd667a95c52236434855ebdaa4843650507cbae34841f31bea3281c76da3c5a.mp4,1,hunyuanvideo
/workspace/data/genbuster-mini/extracted/train/real/20fec3c78ffcc7f9c06b56853b5e9bdff59b5d4f211b3927bad2995b5769b18e.mp4,0,real
/workspace/data/genbuster-mini/extracted/train/fake/cogvideox/9eb64921203ef17208ee7244381b2cd46e3c08a2dca154703ab9b9643ac14dff.mp4,1,cogvideox
/workspace/data/genbuster-mini/extracted/train/real/4cb642bf08b4a4ceb4fcdd7f2b0ea96f3633c67b7ef7c2463cd0afd24ec61e47.mp4,0,real
/workspace/data/genbuster-mini/extracted/train/fake/hunyuanvideo/82aaf371cd60075c382732daaef8d093b499b72c218ab828fe25bf234ec37160.mp4,1,hunyuanvideo
/workspace/data/genbuster-mini/extracted/train/real/82ee939f67735e848aecd49431457487efdb0a72e8a4a91eb88a4eb047a21bd7.mp4,0,real
/workspace/data/genbuster-mini/extracted/train/real/b43a6c57484286ebcce70757320bb2c49ee3f145678f4084f168b71e60fca85a.mp4,0,real
/workspace/data/genbuster-mini/extracted/train/real/59636cd2587d69c7a25cd9e95f3e596d83214ed0354bfd7b012777852e3d85b0.mp4,0,real
/workspace/data/genbuster-mini/extracted/train/real/3881df5a47e6e494f86267265a6dd02aecd0415334118dff1af81e3b4dcca65a.mp4,0,real
/workspace/data/genbuster-mini/extracted/train/real/52fcf15966a81ecd411f50d969391c85373d2413df783fba75cfc1f9728c7620.mp4,0,real
/workspace/data/genbuster-mini/extracted/train/real/e92ab52d3d9e4dd7366e75d08108d270acc6935a06f677afab88599a7341f15a.mp4,0,real
/workspace/data/genbuster-mini/extracted/train/fake/easyanimate/3529038e2b8c5adfd5d800172c7a40c56ef0663125c8958681931c0051a265d8.mp4,1,easyanimate
/workspace/data/genbuster-mini/extracted/train/real/58715bb3d55f3769588de3f9eb00a984bd067325ab2a07083774ddf3e4be0958.mp4,0,real
/workspace/data/genbuster-mini/extracted/train/fake/easyanimate/5a8f5828d0b33b88a1aeff72ec5673fdf61f7cd807ef286103306bb32ac9a315.mp4,1,easyanimate
/workspace/data/genbuster-mini/extracted/train/fake/easyanimate/d32e4e9294f6f193c9dc47e33bb4e38739b52c4cf3089d6dfde5e7c871e08dc7.mp4,1,easyanimate
/workspace/data/genbuster-mini/extracted/train/real/bcbb211e191099c6952feff89f520f3492ca28fc5760609d22d1ded75a3726b9.mp4,0,real
/workspace/data/genbuster-mini/extracted/train/fake/cogvideox/905e6a20bf364b44049ad812f6f9b9ede99b62bd337860d8271e1cb5869ea78b.mp4,1,cogvideox
/workspace/data/genbuster-mini/extracted/train/real/d9426c11fdb2242aee4a6ae5de6c409b3ed4e8d1e780c6bd07687c32419a60e6.mp4,0,real
/workspace/data/genbuster-mini/extracted/train/fake/easyanimate/4aa80026b2b80f0477c70e1ddeb066aefa280a78b4f25a13cf446f2972ac9f47.mp4,1,easyanimate
/workspace/data/genbuster-mini/extracted/train/real/b319877a41aec90ccd16f4bdd8f71c2f5d3990f18ecc120bd00c542d5b7efa3f.mp4,0,real
/workspace/data/genbuster-mini/extracted/train/real/ec165f4621d04b4b8ae74bf6961c0e49bc69631ae0fc79f2434d5edc42cd4e2f.mp4,0,real
/workspace/data/genbuster-mini/extracted/train/real/a2db11d16b1b940fe18577e298be6d4e5e8c2e651e47e33e49db7591e00f8583.mp4,0,real
/workspace/data/genbuster-mini/extracted/train/fake/ltxvideo/5ed2b3548ef377d0979d10c509cd33730adfb01f394fafd0b3e7efefbc332665.mp4,1,ltxvideo
/workspace/data/genbuster-mini/extracted/train/real/791db6032b5b0ab19c4e73b56d8e0c311d546c4aa33cae83907de7a99750a4f4.mp4,0,real
/workspace/data/genbuster-mini/extracted/train/real/7aaf24a32ec67a214556f41450cd4f8524d99fed38baa77657794202bf5dd60b.mp4,0,real
/workspace/data/genbuster-mini/extracted/train/real/f20b29ed309065acdb18115b88a5b954ba35acf4620b5e1bb1093c3879fdb658.mp4,0,real
/workspace/data/genbuster-mini/extracted/train/fake/cogvideox/6ed6444d62858d37af44834b2c7a888e9853eab93ec5cc43d43f2298cfec942f.mp4,1,cogvideox
/workspace/data/genbuster-mini/extracted/train/fake/cogvideox/76ceca3a8fbf824d84574928aa0169d43d8079dc119c026c9048d7dc691586e3.mp4,1,cogvideox
/workspace/data/genbuster-mini/extracted/train/fake/easyanimate/cb0177a326b8a220bc6ea540cb1998250e105a6099c9f0e8588ced7daf83aaa4.mp4,1,easyanimate
/workspace/data/genbuster-mini/extracted/train/real/006f31ec1a33648dc31b9a4e84c45796312478f39c761d5c2ee16cf7cc0dbe7c.mp4,0,real
/workspace/data/genbuster-mini/extracted/train/fake/cogvideox/2ed098da779472b87960773c7b4c3508f17e9c9a29fd644f4cb750a8f739e897.mp4,1,cogvideox
/workspace/data/genbuster-mini/extracted/train/fake/hunyuanvideo/71916ffda0cb978b12f3975f746f8780db77a11ff6c05121a99c3547ebbb21b6.mp4,1,hunyuanvideo
/workspace/data/genbuster-mini/extracted/train/fake/cogvideox/79336cbdbfd2f5d675dbb8642c689551c4458ba27be961844e35356dbd0e0f7f.mp4,1,cogvideox
/workspace/data/genbuster-mini/extracted/train/fake/hunyuanvideo/1f96f5352c2b97a89d4b1c8f385ceaf600abb5cf4bc575080205571f2e3260fa.mp4,1,hunyuanvideo
/workspace/data/genbuster-mini/extracted/train/fake/ltxvideo/0882acab215842924bb7204e53c557305143b99424cdc2f103c25ab2e0a7ce9c.mp4,1,ltxvideo
/workspace/data/genbuster-mini/extracted/train/fake/hunyuanvideo/b368b1081ff9f204abee5ea2cdd05be619b24f1b73a7f9422b564dfecc9a7a44.mp4,1,hunyuanvideo
/workspace/data/genbuster-mini/extracted/train/real/294821f896ec79a975c7f1b0db0ade670794faa36096a13de2b085efd337159e.mp4,0,real
/workspace/data/genbuster-mini/extracted/train/real/b11d8c622476c26d4f80b840ed732354ffaacba3dd4ca0ef4804054ad73de4d7.mp4,0,real
/workspace/data/genbuster-mini/extracted/train/fake/easyanimate/00a8ab8763edf1ff02bc1cde989bf32b7fcac47e98dd398c23147c78b90da3ac.mp4,1,easyanimate
/workspace/data/genbuster-mini/extracted/train/fake/cogvideox/03acadcc3a5c1c815aa6f696edb917504bab5f80f5bbe04846e612fa5d03eca9.mp4,1,cogvideox
/workspace/data/genbuster-mini/extracted/train/real/41038945b9a2898e70a0e2b1dcd259b82adf724fc233636116713c5664c717c8.mp4,0,real
/workspace/data/genbuster-mini/extracted/train/fake/easyanimate/95bce82277c296a9eb85fbfc9bd4e050e88b2f7f6c2a8a063cd6a2ed9a3fa21b.mp4,1,easyanimate
/workspace/data/genbuster-mini/extracted/train/fake/cogvideox/f699e56909361f033310fa44132e607118a6c0c5ec62e557b5afcc969bd32143.mp4,1,cogvideox
/workspace/data/genbuster-mini/extracted/train/fake/cogvideox/12078910e01a0b0cb609ffad7169613f9122273c034624fe9698fad86e5229e5.mp4,1,cogvideox
/workspace/data/genbuster-mini/extracted/train/fake/easyanimate/6a3e93f536f9baa963462c22992e56998871c8d8396a5ba793a27b927a88817c.mp4,1,easyanimate
/workspace/data/genbuster-mini/extracted/train/fake/cogvideox/5d1e87ee5f494c10aca1b0a4f083cfe7c8fa50dded95c4bb9e8d1a66b195e7f4.mp4,1,cogvideox
/workspace/data/genbuster-mini/extracted/train/fake/easyanimate/f1a7d60430e6d5d7bab19e5e784703ffe1dd44bf7c37140bcb9edd87ea6270eb.mp4,1,easyanimate
/workspace/data/genbuster-mini/extracted/train/real/a0cbc55e822c70a8cffa8b3e0c7cbf41a456eab1d15b388dc83bafe3f3d3f9ae.mp4,0,real
/workspace/data/genbuster-mini/extracted/train/real/02dbc8be030f7ac8a6a0f9e4dffedd1e967d645d1770c470fe64d7a21571ae87.mp4,0,real
/workspace/data/genbuster-mini/extracted/train/real/f501e4169117cad4c35502a4d439357db69845870a55c7170bb0fa293a78dad2.mp4,0,real
/workspace/data/genbuster-mini/extracted/train/fake/easyanimate/38f00a394fe8030bf6a45cbcf78e78d8b28b2b3a6329c1aa67dd3839d5c9c94c.mp4,1,easyanimate
/workspace/data/genbuster-mini/extracted/train/fake/easyanimate/4db0d581b8a5d107b62c5763d9d8757e004b052e60a721214a0916db5555d20b.mp4,1,easyanimate
/workspace/data/genbuster-mini/extracted/train/real/da7cba623bac1785b1319ac1b83c85050969941f7579037c83c96a7fb02a9df3.mp4,0,real
/workspace/data/genbuster-mini/extracted/train/real/a0e431e9853672c750bed54b9b36c585843e074aeac5f1c21fa0de5d72e7f87b.mp4,0,real
/workspace/data/genbuster-mini/extracted/train/fake/easyanimate/90c1c5572728711b29ab19435fdb5d7531845a60062013b59b73887e9dc9b3ea.mp4,1,easyanimate
/workspace/data/genbuster-mini/extracted/train/fake/easyanimate/fcf35e8564f84cbd5ec00cc19463873bc30167d3351dfc5ce33683f81caca4be.mp4,1,easyanimate
/workspace/data/genbuster-mini/extracted/train/fake/easyanimate/56cb13f67b116889621a98a52e96e5f575222b43b0c0801c2f79d4bf5c224787.mp4,1,easyanimate
/workspace/data/genbuster-mini/extracted/train/fake/easyanimate/248e24052055fe4fcd69ad87aaab053d5447d04d385bd8dcde1a7e5b23e67954.mp4,1,easyanimate
/workspace/data/genbuster-mini/extracted/train/real/f4fee31f9f332c34fcdd1d772ab904983940088ace47d1b7c2213ffab988434b.mp4,0,real
/workspace/data/genbuster-mini/extracted/train/real/8e7c0cc2898c206386bbbdeb0fbfdde52d1560cee48c0d31cb5cfc29b97e9c4e.mp4,0,real
/workspace/data/genbuster-mini/extracted/train/fake/easyanimate/0aba630c28f1d4cb3d143229864ed4b2e1648ba0b6bb1a386e0ec25fcdff2632.mp4,1,easyanimate
/workspace/data/genbuster-mini/extracted/train/real/85e704b77ab3cbb71a03092ab99b6125958f2d329bcb3c7a5eed58936db5a451.mp4,0,real
/workspace/data/genbuster-mini/extracted/train/real/9e3c345ab00e5c77e760e4ecbc4f5adceb399914ec383f0751b9b83a7c6d003c.mp4,0,real
/workspace/data/genbuster-mini/extracted/train/fake/ltxvideo/900fd58945c4c12f927300397f469f16c0118eb1f2d414104c4752992d005ca3.mp4,1,ltxvideo
/workspace/data/genbuster-mini/extracted/train/real/dec9747adfc857c6077bffe450436d8ce3c2bad6f5bcf5f00b107b84a5ec29a6.mp4,0,real
/workspace/data/genbuster-mini/extracted/train/real/d5eee7b85efe4fb2ac225b6754dd8c79c52cd1760d3e228e6f023057ca6887e8.mp4,0,real
/workspace/data/genbuster-mini/extracted/train/real/0ab85c23d241a82b11fc903428683a3f160d14745d2c1c4b63382e834c041541.mp4,0,real
/workspace/data/genbuster-mini/extracted/train/fake/easyanimate/7a698e1de3dcd033d1a6b86f785a5e9070ce24a4e62d822ecebaa51e453b35e1.mp4,1,easyanimate
/workspace/data/genbuster-mini/extracted/train/real/04f07c5a5c3210ebc50f103cea38d6ec650fc9f122c2e9d0dc736957c6d4c089.mp4,0,real
/workspace/data/genbuster-mini/extracted/train/real/5e8532a19761cfdbb139763cebc91ada51e1dd13fe35d4b6cad00f3f7e15ddab.mp4,0,real
/workspace/data/genbuster-mini/extracted/train/real/e7569e6daa3f886d72d048da39009795d2a92f9ff01b44dee219a167ebba1b52.mp4,0,real
/workspace/data/genbuster-mini/extracted/train/fake/cogvideox/0b9cd1b0f3d17776c0c0f1b4d24bbf6e802f214f13f330e323e4c2307c67ec1e.mp4,1,cogvideox
/workspace/data/genbuster-mini/extracted/train/real/9bdfb362d6a858148614b0cd07d909f4214a7a232e2b6ad24e495ad6e9ff1350.mp4,0,real
/workspace/data/genbuster-mini/extracted/train/real/7c7ea7e2d48d745754b90748b3b1a57c9996c92b88656b1cca0a553521385b2e.mp4,0,real
/workspace/data/genbuster-mini/extracted/train/fake/ltxvideo/57b141f4562930ebdc7717ae6883254796560aba66259759dc855df157ea2e12.mp4,1,ltxvideo
/workspace/data/genbuster-mini/extracted/train/fake/easyanimate/21eb5e978ff6e57d248aaa6b8f317ca7c4892f7f68d91b7351c0744da796f2a7.mp4,1,easyanimate
/workspace/data/genbuster-mini/extracted/train/fake/easyanimate/f1847a539c13aa3bc1d80b696f7c1e39b33804c4b6ce093fae0bd94449fb39af.mp4,1,easyanimate
/workspace/data/genbuster-mini/extracted/train/fake/easyanimate/59293e6ca825d5ab35350a8618eb52072859b4a49fb045f34d0e583a6ecc3183.mp4,1,easyanimate
/workspace/data/genbuster-mini/extracted/train/fake/ltxvideo/26993700094088b2fcbae65dcf24d795e4659ae52ffc9928ddb7836e55344c63.mp4,1,ltxvideo
/workspace/data/genbuster-mini/extracted/train/real/358310f23c636b473294fa8c7f199ce2df97385e86e52d8ff758dc40608ee353.mp4,0,real
/workspace/data/genbuster-mini/extracted/train/fake/cogvideox/df1577ee63f1c420e6a8ad56bd868002b745e21fc8eee57a3bab6f6b15b89fde.mp4,1,cogvideox
/workspace/data/genbuster-mini/extracted/train/real/441738c4a8dab73ddb0e3339c228b641f5797c0aaa9ce19aab4e176f407b64f5.mp4,0,real
/workspace/data/genbuster-mini/extracted/train/real/7fa179ac55313b63b07fddb54be3e95f9dfa00f94dc9454ec4c0f06b64b3f410.mp4,0,real
/workspace/data/genbuster-mini/extracted/train/fake/ltxvideo/0175bf096239145389322d905be2073b7e11348680a3ddc40fe2307bd2fa9dc0.mp4,1,ltxvideo
/workspace/data/genbuster-mini/extracted/train/real/c0b2787ab5654c5f9f71844eeb3527b8471878b8620bbcc5a6f30960ffeef897.mp4,0,real
/workspace/data/genbuster-mini/extracted/train/real/459b5685de6294442873642dd9514948786c4f14f13c4fea2b269042c82e5ba7.mp4,0,real
/workspace/data/genbuster-mini/extracted/train/fake/ltxvideo/31dcfd22e8c38099066de32914011d085e6e9b94615d1dda4704c60a2d75a7b4.mp4,1,ltxvideo
/workspace/data/genbuster-mini/extracted/train/fake/easyanimate/c072f8edc255500d617b34e8d87de14d035ea282ec603d8369e08e5a6c3adea7.mp4,1,easyanimate
/workspace/data/genbuster-mini/extracted/train/real/398f01c3b70209784fee1be5f5408f42c10fd07300006d86c5f9b59016d83462.mp4,0,real
/workspace/data/genbuster-mini/extracted/train/real/393f82050cd3431358360e418a329005f133f980086aa4e47c214e9a7b090e59.mp4,0,real
/workspace/data/genbuster-mini/extracted/train/fake/cogvideox/d9b51abc138ca44d03b3d188b823fafa8c5b3498076d0f5e8bda91866af59dc0.mp4,1,cogvideox
/workspace/data/genbuster-mini/extracted/train/real/7f8567afa5ca96f32eb67621f8a60d0120d72fd09480c2fa56d9f68dc7ddf758.mp4,0,real
/workspace/data/genbuster-mini/extracted/train/fake/cogvideox/8fd6c462ddf48c643d4edb151418c3848e348e6b67cf85bedf7d110de30fc339.mp4,1,cogvideox
/workspace/data/genbuster-mini/extracted/train/real/e0feaf25ca00f5f73a404328f78e02132463125cabf544458b3b4a6aa8225a7b.mp4,0,real
/workspace/data/genbuster-mini/extracted/train/real/b30392bb5417edf8dec8e1537f6ccc5520e8d4180fedb42d534015ad4531f81d.mp4,0,real
/workspace/data/genbuster-mini/extracted/train/fake/ltxvideo/b8b4438bfd7e5fbe2b769b1756e25bc802a907d2b64941e0661b5bbdcb3c86c3.mp4,1,ltxvideo
/workspace/data/genbuster-mini/extracted/train/real/38417e1fccfcf89c07fe40a6e7346322a70527cd3b5c45061ba72fba70f90f80.mp4,0,real
/workspace/data/genbuster-mini/extracted/train/fake/easyanimate/a072dc3e2d991569dea2d22c6b35c6ae2e4e37db2469dc664470fdf11ef98a21.mp4,1,easyanimate
/workspace/data/genbuster-mini/extracted/train/real/5264452040a5ff9aa1e1064c4f948e159fd37ebea6c09bf8a467d5d92d00b4c3.mp4,0,real
/workspace/data/genbuster-mini/extracted/train/fake/ltxvideo/02f7bfac96962faa4df623ef54df2b98dd849896fe9962bd8c2b94845f926e59.mp4,1,ltxvideo
/workspace/data/genbuster-mini/extracted/train/fake/easyanimate/0d0e0634af2044f234bab18398a5e9ca95aa6b08b32e1e9ad49c436d312923a5.mp4,1,easyanimate
/workspace/data/genbuster-mini/extracted/train/fake/easyanimate/839a3cf44994531785dd68b845d8e9ba007aa00c48f86b28dc839607198aab29.mp4,1,easyanimate
/workspace/data/genbuster-mini/extracted/train/real/f7b33c7abd414a8c83327e61ac24f32f21bb81bae12d73ca800b087b91264bea.mp4,0,real
/workspace/data/genbuster-mini/extracted/train/real/09fb50bd01fe74e54dffc07a77dd9ddb0a47c9c4ef64bbf87c6f588cc305c95b.mp4,0,real
/workspace/data/genbuster-mini/extracted/train/real/800ff4d290d24f6b2e506a1605cf0fde9260f091f84ad62de491b8a4ba82e4db.mp4,0,real
/workspace/data/genbuster-mini/extracted/train/fake/hunyuanvideo/f49c4983179ed0dd7346a03e3e1665c62d8775bedb9e70af486129cb09b3793f.mp4,1,hunyuanvideo
/workspace/data/genbuster-mini/extracted/train/real/737446c21aac2a688912c466c7994cc3353b243968725d70d0abb1458a4e4faa.mp4,0,real
/workspace/data/genbuster-mini/extracted/train/real/6e0d8c72a2331a922344020a1cde8991f41d246a6fe4136b78a1e72d8b2a0f26.mp4,0,real
/workspace/data/genbuster-mini/extracted/train/fake/cogvideox/337f2fe405b9110e86177a941cb8d14617504b6ae5925a51a351766fa803e3fd.mp4,1,cogvideox
/workspace/data/genbuster-mini/extracted/train/fake/ltxvideo/e19e6fcaf52616223a0a0cf78f5376ab3d8fda6b16c45252142ef398660f1b6e.mp4,1,ltxvideo
/workspace/data/genbuster-mini/extracted/train/fake/easyanimate/93061a740abcedb3880e2bd0e1251abed0df17800c2438613d234090827fc22e.mp4,1,easyanimate
/workspace/data/genbuster-mini/extracted/train/fake/easyanimate/d514b769ad52d333386c94781afe6b16dd50137fffd09dc1c7807246aad4710b.mp4,1,easyanimate
/workspace/data/genbuster-mini/extracted/train/fake/easyanimate/fea4575d065ff4a09cd6da51942a30c11796e1c8a961a47861361f8837063a61.mp4,1,easyanimate
/workspace/data/genbuster-mini/extracted/train/fake/cogvideox/85a70962d86a98f4d5233b118be867ac5029b663f5fd54499aef7056d8318c5f.mp4,1,cogvideox
/workspace/data/genbuster-mini/extracted/train/fake/easyanimate/ec78b5aebf81c24935119b5ab3b9d5bf0e86f4bdee6b50a183104e31badd34a9.mp4,1,easyanimate
/workspace/data/genbuster-mini/extracted/train/real/f4d839960de69610b35ad3d14f7baa4726dc2a87f99ccd445cf199a93406af28.mp4,0,real
/workspace/data/genbuster-mini/extracted/train/fake/easyanimate/8a37736658b6698ac7c7e4c4737395e513258e43fd37a740fc61bde244c7d754.mp4,1,easyanimate
/workspace/data/genbuster-mini/extracted/train/fake/easyanimate/a436690c127aa805cccfe01a18e4e9ae82838416252cf7ca4878c89aed4cb5b4.mp4,1,easyanimate
/workspace/data/genbuster-mini/extracted/train/real/db5b7eb644ea642dd01e4d852553692225e54f97c7e9075150e1d3311c327748.mp4,0,real
/workspace/data/genbuster-mini/extracted/train/fake/hunyuanvideo/3110b2f224fb4678eaf0f474e5d9fbc9b5153d65618827a5ced79f4bbac6f674.mp4,1,hunyuanvideo
/workspace/data/genbuster-mini/extracted/train/fake/cogvideox/bc06f2b41544d679b6b3678819074e8e96c0be9dbee743e90164e71d79173ff5.mp4,1,cogvideox
/workspace/data/genbuster-mini/extracted/train/real/149cd6c4d4680ea0d176ee755efa308e70aa1f05b0ec77a427cd936a078f5d0e.mp4,0,real
/workspace/data/genbuster-mini/extracted/train/fake/ltxvideo/d8a80adc2b757a330c836488e358b429ccd9021048a18ede8960c658c492fffd.mp4,1,ltxvideo
/workspace/data/genbuster-mini/extracted/train/fake/cogvideox/d6283790643a304e90d0caaa77c148ccd657df6a7fc9c7475106c2cf6ce26ce6.mp4,1,cogvideox
/workspace/data/genbuster-mini/extracted/train/fake/easyanimate/1e3e7c14af2042674abad1d6f4219c9e3a28414b205fb2e8c8c675755d754e76.mp4,1,easyanimate
/workspace/data/genbuster-mini/extracted/train/real/3e72345117a8c6c46fae70a5037e4fa269132edd957ed9ef60f38a28f2543793.mp4,0,real
/workspace/data/genbuster-mini/extracted/train/real/97e0c455ea0608f6878974194d277c63d046aae7cc4c0bba2d7230270e68971e.mp4,0,real
/workspace/data/genbuster-mini/extracted/train/real/03eda9aed7644b3fc78bb7980d3fbbe5bc859e129abf6693a71a6159f8a515ce.mp4,0,real
/workspace/data/genbuster-mini/extracted/train/fake/ltxvideo/675cb58959f050992c866f6456bc51d4ce12cb1bcf961b214a9a283e57927baf.mp4,1,ltxvideo
/workspace/data/genbuster-mini/extracted/train/fake/easyanimate/83604c2290c1c8ec708a314d69afd60ca986fd5cb4a1f9fa66446b5daab0e53d.mp4,1,easyanimate
/workspace/data/genbuster-mini/extracted/train/fake/easyanimate/e0ffde655f26f57613fd004afd1d397380658d617dfb9a2fcb97ab6e185014a3.mp4,1,easyanimate
/workspace/data/genbuster-mini/extracted/train/real/51e0b2f9342375af787e2c8ded5929d656384456a82a1701e75dc6e01c384533.mp4,0,real
/workspace/data/genbuster-mini/extracted/train/fake/cogvideox/6b99d0143f4b01c97b8068e3dd739bead391e8113c672d49b2dff56d9a6cc926.mp4,1,cogvideox
/workspace/data/genbuster-mini/extracted/train/fake/cogvideox/ea8f03b85d96901a73bb0f5d118d02bf2affeb2e23f16a254b5ee5773061a3e8.mp4,1,cogvideox
/workspace/data/genbuster-mini/extracted/train/real/2fd8c65c7f924a54522bd7b62c1d5d0b28f8355ee9b47dae656748aee5e766cb.mp4,0,real
/workspace/data/genbuster-mini/extracted/train/fake/cogvideox/c8e05f6d100488543ba9945ec137e7e2a0d367a3d168af0f8cabb47b869f5658.mp4,1,cogvideox
/workspace/data/genbuster-mini/extracted/train/fake/easyanimate/466be025df248c9e7a866e20047959795130cd176c2ddbe31b718a7bd052286c.mp4,1,easyanimate
/workspace/data/genbuster-mini/extracted/train/fake/easyanimate/770633454a6ca05109c18166d738e2637becdc7cc4048d56537967d6fd8e2a44.mp4,1,easyanimate
/workspace/data/genbuster-mini/extracted/train/fake/cogvideox/a291c0f498954d05a1b5270d405bf5a9a9f867256030d8ebef1503667856a393.mp4,1,cogvideox
/workspace/data/genbuster-mini/extracted/train/fake/cogvideox/16c1671d607875ff3f5f6bad0a1fb4d60752ac3cda664a5a337e9a954cdf8ea3.mp4,1,cogvideox
/workspace/data/genbuster-mini/extracted/train/real/11e36aaf42eb94a2bd7da1cd80ecf98480c079c29223f4d7899d54fc324ddd41.mp4,0,real
/workspace/data/genbuster-mini/extracted/train/fake/hunyuanvideo/73cb077331032c4c62720a110a37a88eed4e693659130333ef8752ec24c556f6.mp4,1,hunyuanvideo
/workspace/data/genbuster-mini/extracted/train/real/7288ea057becc1d9b39fccbfe075cf057fb98a79ddf0ebd5851904814ff0b53b.mp4,0,real
/workspace/data/genbuster-mini/extracted/train/real/08036a4e6778517f63642ce00bcef73da68a909c7170a8225142eadcbfba9021.mp4,0,real
/workspace/data/genbuster-mini/extracted/train/fake/easyanimate/fc6210442ca67e1c42839bab2aa52714bd569e75c1ff88210541378891cfb6da.mp4,1,easyanimate
/workspace/data/genbuster-mini/extracted/train/real/f1e7182c717010a70a4c213c7a4c051f092a2722b125413c8a5d6318b4380d9c.mp4,0,real
/workspace/data/genbuster-mini/extracted/train/fake/hunyuanvideo/a8953238a10e37c2ed9ca2f0c27407e3e198203eb0cc17f46f113927a7464a90.mp4,1,hunyuanvideo
/workspace/data/genbuster-mini/extracted/train/fake/easyanimate/e11476d5a5b7932b3d4a382cd3d1c881ffbd3caa118fd424520243f307dbe610.mp4,1,easyanimate
/workspace/data/genbuster-mini/extracted/train/fake/ltxvideo/cd1e2906aa972c6ac84686c108f3223ff9ea97e701d8239306b3c864d55e2e9e.mp4,1,ltxvideo
/workspace/data/genbuster-mini/extracted/train/fake/ltxvideo/d4306fbf89ced85e265da43a2612fe50287f9061d96564d363826c681b028662.mp4,1,ltxvideo
/workspace/data/genbuster-mini/extracted/train/fake/easyanimate/665f5d9317972966d31565a49736bb9f99ff05e4e7b6089fdff97852a04bbbb2.mp4,1,easyanimate
/workspace/data/genbuster-mini/extracted/train/fake/easyanimate/8357336326bbc2e5afc2b445fe3333a2d857b53b07e5745ab96a2038aaf79c0b.mp4,1,easyanimate
/workspace/data/genbuster-mini/extracted/train/real/8e0c0605401fec089409b03ef8ca695ff55ef495eee2fdbe13c957357220d547.mp4,0,real
/workspace/data/genbuster-mini/extracted/train/fake/easyanimate/5a1ca7fad3da69446dd12b33af56566d114f50f7e4bccc1dd6a75d921739201e.mp4,1,easyanimate
/workspace/data/genbuster-mini/extracted/train/fake/ltxvideo/71597fe3460d22200a170d58abb6198912db0b267a5e18c3f6b44f14c1b11c52.mp4,1,ltxvideo
/workspace/data/genbuster-mini/extracted/train/fake/cogvideox/82747938eb113792e7a4e480d4306b71172082bc7675968e7ea89f49a25b2ef9.mp4,1,cogvideox
/workspace/data/genbuster-mini/extracted/train/real/d6393e8329a7484027e61527662ed2b992d4de40a18dbe90783daf6aba8a1088.mp4,0,real
/workspace/data/genbuster-mini/extracted/train/fake/cogvideox/c3ca15ebc75447f0858f81c1e0dbaa13707a0dfd958b805fc0b5fa58234b7555.mp4,1,cogvideox
/workspace/data/genbuster-mini/extracted/train/real/dfec63da359d98fc991595a606742de8351bf48d4305308e5972cc5713b7df6b.mp4,0,real
/workspace/data/genbuster-mini/extracted/train/real/0354e5900288392903f181e4e7e03f8394f62bdf112238149fe3067cc9edffd9.mp4,0,real
/workspace/data/genbuster-mini/extracted/train/real/3e56ccbd163be875bb6d2deb3be57030eee8f1459d937b2b02431d13ed1d7283.mp4,0,real
/workspace/data/genbuster-mini/extracted/train/real/6343c36744a6553729366da5641df4d6024f7e2c171ff27f9e4df2aecac47d9f.mp4,0,real
/workspace/data/genbuster-mini/extracted/train/fake/ltxvideo/b7e1f210f5821887713cec130385603d89c1d7aab2b4e1694512474ac1abc3cb.mp4,1,ltxvideo
/workspace/data/genbuster-mini/extracted/train/fake/cogvideox/859d139a972ea0d65afbd4a7a31acc27d7975ca72b68b4c7662f0fc296b924bb.mp4,1,cogvideox
/workspace/data/genbuster-mini/extracted/train/fake/easyanimate/946b56e5df5ae9949a91b6f8044ce78b8da2e6d29147396cfea556f13fe7286d.mp4,1,easyanimate
/workspace/data/genbuster-mini/extracted/train/real/7fb95434b8535c3056109d56bf3f671fd701c8956878e75b23db41a32229ebe6.mp4,0,real
/workspace/data/genbuster-mini/extracted/train/fake/cogvideox/ad5cbf1fc4780ec740eb136cb1512346f3bd9f79325f17e886ac7d63cb1f6b5c.mp4,1,cogvideox
/workspace/data/genbuster-mini/extracted/train/fake/ltxvideo/d063f41810b3b21183ede11a2a48cd4fda5d4ba60bcbf7a81d7bd8a2a033f504.mp4,1,ltxvideo
/workspace/data/genbuster-mini/extracted/train/fake/easyanimate/59837b7a4b98516abcb43ca3bf49928746366157bafb23921f8bb570bb46d851.mp4,1,easyanimate
/workspace/data/genbuster-mini/extracted/train/fake/cogvideox/cd2256fd611ef6e14c73cfd331d2214309e1c4ee6c83df89599a4ee0d7c6ed42.mp4,1,cogvideox
/workspace/data/genbuster-mini/extracted/train/fake/ltxvideo/4c0cf22dfc855f40adf19035732e8a242b90f50dc8b494579eeacb29942625ed.mp4,1,ltxvideo
/workspace/data/genbuster-mini/extracted/train/fake/easyanimate/2e57f35da384487596ee4498c89f57f49454dcdaa3b2506eec85e794f19b3efc.mp4,1,easyanimate
/workspace/data/genbuster-mini/extracted/train/real/8b624c3c2ba40d2f7952b1bbb97cc48d12bebecc56c36e59047df4c11c5c6081.mp4,0,real
/workspace/data/genbuster-mini/extracted/train/real/eea4a344affad00136b90e132e3d38d4ac0084917dca8704c16131373e80be2e.mp4,0,real
/workspace/data/genbuster-mini/extracted/train/real/0c193fd93c44307d19c9bc3256b5af187417012f39bcc5f60d3f15df2652c67a.mp4,0,real
/workspace/data/genbuster-mini/extracted/train/fake/hunyuanvideo/ccf35538f7fca0640856c5c38c81d3172ab813cc3d997411cfa7bdb3451dfaa8.mp4,1,hunyuanvideo
/workspace/data/genbuster-mini/extracted/train/fake/easyanimate/37421107ad4274237576cd535d23cb8af387e80c3830b20c1887aed5532982be.mp4,1,easyanimate
/workspace/data/genbuster-mini/extracted/train/fake/cogvideox/c63e1576041ca1a862328fa0acb8a6ddac52a725f194d23226db395c761b915f.mp4,1,cogvideox
/workspace/data/genbuster-mini/extracted/train/real/4ae7f33f1ab6d538d8f0079805fb8b27562d1658ca21acf41f20cc578c2f662b.mp4,0,real
/workspace/data/genbuster-mini/extracted/train/fake/ltxvideo/592e4f89f27ff70d58f9e70ca3d7fe2b8c5ad9fd1cabedb6e46e76574f687a90.mp4,1,ltxvideo
/workspace/data/genbuster-mini/extracted/train/fake/easyanimate/4da51a23ce95e109a183bf8ade91a25cb5c16360484dee88c84757d64597de27.mp4,1,easyanimate
/workspace/data/genbuster-mini/extracted/train/fake/easyanimate/f9f38db61774aab5a456cbdd1c261c2216017387795462abff722fa8b62f58ba.mp4,1,easyanimate
/workspace/data/genbuster-mini/extracted/train/real/09bd793177396a3a22202d8bf13538e0be9d464cc05dbb78b5fbcc5e894e8514.mp4,0,real
/workspace/data/genbuster-mini/extracted/train/fake/easyanimate/4cfaf0c769bb35479e16efea498f878ddc6c2032219def910c03f9e9cabb67be.mp4,1,easyanimate
/workspace/data/genbuster-mini/extracted/train/real/44b924c832f9bea3bfe431eceffd5de85365b6c7a7b6a07f5d5e08b366971b46.mp4,0,real
/workspace/data/genbuster-mini/extracted/train/fake/easyanimate/c58bceb898cef07ea4403722703f06a52861946844a5c6e75b88a02510bb2bd5.mp4,1,easyanimate
/workspace/data/genbuster-mini/extracted/train/real/edc1f224dda19671562fc39dc0432994c683d8384d07a873f549d67719db95c0.mp4,0,real
/workspace/data/genbuster-mini/extracted/train/fake/cogvideox/5046d62e4c7e291794e923358dfe18bb7297a5cbcf4c6a2b7d92308f1aaff2a8.mp4,1,cogvideox
/workspace/data/genbuster-mini/extracted/train/real/f908ed7141a0b9ac517f363e72f0a7599d57c7c9142570d7afb124385f1deee1.mp4,0,real
/workspace/data/genbuster-mini/extracted/train/fake/cogvideox/634456d6efdf8b5e44edc020f621aa158d679cb6a17a88baf5d0c35b4e31d222.mp4,1,cogvideox
/workspace/data/genbuster-mini/extracted/train/fake/ltxvideo/638e989d71f3c6574730733d54a444f989fb49d6869726c81acc76d22571b9c6.mp4,1,ltxvideo
/workspace/data/genbuster-mini/extracted/train/fake/cogvideox/d50219805425ab98cb96b15e8c9090288bc7c67fd485a71388476378c8c76ae3.mp4,1,cogvideox
/workspace/data/genbuster-mini/extracted/train/real/00df49b19d8d1006e721d84e7b934d8824a1b3a5defc5c5f366d7c2ee7e3fdbc.mp4,0,real
/workspace/data/genbuster-mini/extracted/train/fake/ltxvideo/1aed6b38ec5f5dc825799c16b3eb73e0babea5000dfbdd5d99cc816d55f9bc24.mp4,1,ltxvideo
/workspace/data/genbuster-mini/extracted/train/fake/easyanimate/622c020795372d11358cdd0b5d75bba8fbf84335974d256691a1c43e2f65a805.mp4,1,easyanimate
/workspace/data/genbuster-mini/extracted/train/fake/ltxvideo/3b3d0fd73fa5d00036fa4a487b625e44b814e9c2424b4c3c06aa0b0cfcbf5c20.mp4,1,ltxvideo
/workspace/data/genbuster-mini/extracted/train/real/95609a077e570323c5b4c64834bcaf0beb4ab8df8cf0cca633d8dbf21209387a.mp4,0,real
/workspace/data/genbuster-mini/extracted/train/fake/cogvideox/13f601fc4d50cbc4718b76fdd5916acc13c7756c365b1948ec0394500def23f2.mp4,1,cogvideox
/workspace/data/genbuster-mini/extracted/train/real/b71b1f4bf78a59e12a5b195d7c5a89e5c3f3b4006c2dfbab731edd0a3de0570b.mp4,0,real
/workspace/data/genbuster-mini/extracted/train/real/50397a3f93f79bfbafdf6a4738e8ec93feea157b0650a123f6b793b8da1a976e.mp4,0,real
/workspace/data/genbuster-mini/extracted/train/real/86dcf7a36111f1630fa91720768042ae815ac32b2284b74b62c4d79601dcd23c.mp4,0,real
/workspace/data/genbuster-mini/extracted/train/real/c95ead46db1688d7cdccfd645bdcdfcefa90432b4c70945395dcd819132647e8.mp4,0,real
/workspace/data/genbuster-mini/extracted/train/real/b4cf5e423b036ab04c75ad77eefdf627e9ad0d4b7090ab03fe9da3bd66cb31a4.mp4,0,real
/workspace/data/genbuster-mini/extracted/train/fake/easyanimate/d54abcf39570ecc2004117b84d9a7fcc4c24fbb06f0198ad917410f736237fd0.mp4,1,easyanimate
/workspace/data/genbuster-mini/extracted/train/fake/cogvideox/3220c1a68303145f5ab37429d478ef7037380aa28339c0e966fe089af1867862.mp4,1,cogvideox
/workspace/data/genbuster-mini/extracted/train/fake/easyanimate/3ef269783b54fe77958048326e391da72544325cfd1f557fb63028a9cda43870.mp4,1,easyanimate
/workspace/data/genbuster-mini/extracted/train/real/ee116b6b7579f74889e714e0933d3a0ae358314951cf69f7a53e07b4bfb9b484.mp4,0,real
/workspace/data/genbuster-mini/extracted/train/real/c59e066dba2f0a267008ce087fd4313f80366bfc062df3bf4543c2b2a6d4db77.mp4,0,real
/workspace/data/genbuster-mini/extracted/train/fake/ltxvideo/1b598305ce581f5a8fb03145cf0eda7dafa24757fa69948df030d60ea8046c95.mp4,1,ltxvideo
/workspace/data/genbuster-mini/extracted/train/real/bb8fb31ed91b6fad8c5fdccb8fb8e8969e4b7318894d3c62a7fe2b5e02d0b134.mp4,0,real
/workspace/data/genbuster-mini/extracted/train/fake/cogvideox/94c0db0b08be54effc0b84dea9c2228da44c9c43a5b8c105b93bdf0ea6bb1699.mp4,1,cogvideox
/workspace/data/genbuster-mini/extracted/train/fake/easyanimate/3b8365b77d112a46b7e564f31b4a0d4c237e7d6663f70aef7c4bd53f0351dc2e.mp4,1,easyanimate
/workspace/data/genbuster-mini/extracted/train/real/f044e8e7966623e504f4dc62ebdd9eabea1e1594fb0dfd9585528a8747622979.mp4,0,real
/workspace/data/genbuster-mini/extracted/train/fake/easyanimate/132af3a746faa50c44f3fd5bffde96f9eb7924c467c3a884470c71c273167302.mp4,1,easyanimate
/workspace/data/genbuster-mini/extracted/train/real/ad22abb22b89688208e527f99b5dc706cf4349003688c0fd9d826ce67300c4f1.mp4,0,real
/workspace/data/genbuster-mini/extracted/train/fake/hunyuanvideo/30c2565c16cd2d134afd766fa00c211ac844a39f915ae5b2dc57fd04fc9705c8.mp4,1,hunyuanvideo
/workspace/data/genbuster-mini/extracted/train/fake/easyanimate/2f07a4f0f912e91600740c868eec2376f3f7b134f75b70c60cfb1584a194b0be.mp4,1,easyanimate
/workspace/data/genbuster-mini/extracted/train/real/58d56aec47ad8fa6654a671355ffdff050438f24345cd76724f572b5ca30ee4b.mp4,0,real
/workspace/data/genbuster-mini/extracted/train/fake/ltxvideo/33501fbd34d898e6898cf0e4b6898dc4d2d0dd3c03a23ac659560363f61a349d.mp4,1,ltxvideo
/workspace/data/genbuster-mini/extracted/train/fake/easyanimate/8955576da402c8ea5de7546f66cd85c02afb52d4329fdd6e8ad93794967a47c7.mp4,1,easyanimate
/workspace/data/genbuster-mini/extracted/train/real/ef4c7bd98107849efb0ef90af2fd90345ab9f5378ff6db6a3685d8aee4529a5d.mp4,0,real
/workspace/data/genbuster-mini/extracted/train/fake/cogvideox/0bcd1f8cb42dd9409393a042ade580d9e4733f6aa03f83c10d9c047e076f41ae.mp4,1,cogvideox
/workspace/data/genbuster-mini/extracted/train/real/32375f4aa2c4f00449dbeeb8f2b16b871de6fb1eca9675965e69f3f7f4f34471.mp4,0,real
/workspace/data/genbuster-mini/extracted/train/real/657cd797d1dffd11e7a7a8da66376ace5dba30b8743cc3f03aafc2ca3c3a6340.mp4,0,real
/workspace/data/genbuster-mini/extracted/train/fake/cogvideox/fcc38cd17056215c3fd3c149d80b6309e3e7a4f6a0e793509f44d2dca1676151.mp4,1,cogvideox
/workspace/data/genbuster-mini/extracted/train/real/4b64b306559f9783bde92c4c864a8f3d263db9cb111294fbcd1020e6fdbd3a97.mp4,0,real
/workspace/data/genbuster-mini/extracted/train/fake/ltxvideo/8afc00a45eca7ee0cb8d02422202241771d0d707c20abbbcd1e2f064d37ae892.mp4,1,ltxvideo
/workspace/data/genbuster-mini/extracted/train/real/39aabf714006de3d2a11849b0065cdbe0eb4a350c5b5ac213f954b9210b92214.mp4,0,real
/workspace/data/genbuster-mini/extracted/train/real/6e3da678504340301564398976a0dcd0a1f5d4a5fe9048a96977b9c7f0d4abf4.mp4,0,real
/workspace/data/genbuster-mini/extracted/train/real/429eab9b5b46be4e91fac21e6c8eac57f86970c6a3ccf0778d87b085c8942b89.mp4,0,real
/workspace/data/genbuster-mini/extracted/train/real/07417c3b3c2a91103ce9894944149aca781b6ed962635da3bd5b00137eedb474.mp4,0,real
/workspace/data/genbuster-mini/extracted/train/real/47157cf5d2572964f3d3fa982b666e08879769f5c5abfe3fa0a97d27e4968045.mp4,0,real
/workspace/data/genbuster-mini/extracted/train/fake/hunyuanvideo/641763030eb43a18c0eac3e7fa1e5ee7774668f4659283b97c2fa0cf283b8116.mp4,1,hunyuanvideo
/workspace/data/genbuster-mini/extracted/train/real/71da02bf4e3f6805a6e8b16f7179eeb6a52b22ea0829e3a59df3ecdfac47c679.mp4,0,real
/workspace/data/genbuster-mini/extracted/train/real/42f2276c63e4881e664d11697d69d6bad60eb72d2b872d839f0f81bec89bc143.mp4,0,real
/workspace/data/genbuster-mini/extracted/train/real/cebe81252deecbd69b0341b34103de8635c9ecab493230b3aa9d3de3994804c3.mp4,0,real
/workspace/data/genbuster-mini/extracted/train/real/39c157c9d560fdedb853c7a4eda44ae9ac9db628ee85c563bd3e50ef378bfe65.mp4,0,real
/workspace/data/genbuster-mini/extracted/train/fake/ltxvideo/b8b8133c64773e57e8e1f853bfae02afbaacb5b21e47c5114700dc01117fe62d.mp4,1,ltxvideo
/workspace/data/genbuster-mini/extracted/train/real/245fa5ca3589de3eaaea91e443f427487153a5241bc2b04db051d2101f2d5cf6.mp4,0,real
/workspace/data/genbuster-mini/extracted/train/real/35fe4b6109616a84bc21a3de32c57d00fd09cfc89ed635dcc672620a4b3b497a.mp4,0,real
/workspace/data/genbuster-mini/extracted/train/real/eef884c751dd3dd6df028d450fb9dff2f935a938c083111dfe57115860e9916e.mp4,0,real
/workspace/data/genbuster-mini/extracted/train/real/b7857a4817a8e8e1641deaa0710d8ae86adcf14f776a522abb1d9b5f3446c1bb.mp4,0,real
/workspace/data/genbuster-mini/extracted/train/real/2823b005cd9777ae0450294ea585599d60dbdb53eb8a6b4f1fe233a7a8196aae.mp4,0,real
/workspace/data/genbuster-mini/extracted/train/fake/cogvideox/b7d99501722008ea2f3d51db92543c30eb5a5edc0ed375c152aa28b5b4d649c3.mp4,1,cogvideox
/workspace/data/genbuster-mini/extracted/train/real/a9d21f7bd0b34d82c8000a5f79f54d5ef4d39af413a545f5723297c42799d7fc.mp4,0,real
/workspace/data/genbuster-mini/extracted/train/fake/cogvideox/db78148b83f7fdd51adae14fe4b597850775725df20d311f22abed6f8940c476.mp4,1,cogvideox
/workspace/data/genbuster-mini/extracted/train/real/c99a44827205ac430f70b2f0f96cc65740823570a2c16180d5bdb29e020b2fff.mp4,0,real
/workspace/data/genbuster-mini/extracted/train/fake/easyanimate/0aaeb2631cc3efccf68bbf35f607d43137fbfd8df52ac6b52ebd4cfa55318a02.mp4,1,easyanimate
/workspace/data/genbuster-mini/extracted/train/fake/ltxvideo/9cd8bce1999e41d03934ea10557f089ea6249869550f387d7db2419b670e9fc9.mp4,1,ltxvideo
/workspace/data/genbuster-mini/extracted/train/real/eea0baed8bc40b7753c729ad1d5122d70d6d407d08e14bd8df7eab0757b71ec4.mp4,0,real
/workspace/data/genbuster-mini/extracted/train/fake/ltxvideo/485bbe4a2e57ee3911a6135793ec73fc0a86734d489ee468a8bae1f811885a1c.mp4,1,ltxvideo
/workspace/data/genbuster-mini/extracted/train/real/b7209068d3a611f61726e56fbabcedcb9a5aa0d4e545c711709270c11940fcc7.mp4,0,real
/workspace/data/genbuster-mini/extracted/train/fake/easyanimate/757bc1fa56daa553639adac2f8c0c34051d406e923fc34c8abbc49604fe62757.mp4,1,easyanimate
/workspace/data/genbuster-mini/extracted/train/fake/cogvideox/2bcf37323abb6ebda4a7d6c11fd40528b91b0d1e47f5de7b394325576e7b076d.mp4,1,cogvideox
/workspace/data/genbuster-mini/extracted/train/fake/ltxvideo/1cd01651d5b0ca10d385ae046803e5183b6b5d43e6096ba10c7ca203bcda47aa.mp4,1,ltxvideo
/workspace/data/genbuster-mini/extracted/train/fake/easyanimate/1916a64f1f906afa2b489f48c1d4492e4058423fe2064024000ba6deb83f00e0.mp4,1,easyanimate
/workspace/data/genbuster-mini/extracted/train/real/4d4937c49ded46f26ba266b49e6ad7c414051df5d2ce6521fed24b3d49e3a478.mp4,0,real
/workspace/data/genbuster-mini/extracted/train/real/bfa7f54e805d2ee7c6d7cdf2d2803b9b37177db22e1e126c506c5478cb3d1362.mp4,0,real
/workspace/data/genbuster-mini/extracted/train/fake/easyanimate/1625ba6f9509547baf998704dec98ebe9a548e74fc6e1792f3b21944536f38ac.mp4,1,easyanimate
/workspace/data/genbuster-mini/extracted/train/fake/easyanimate/66c3c283cbc9ab4b64b4e6712c71f9ba9e1bb9d8b47b7d0c1c5824b94775910c.mp4,1,easyanimate
/workspace/data/genbuster-mini/extracted/train/fake/cogvideox/4238a37bce475a6a608d11fffe4cbdb6847319c5f3eae741af2820b668902c15.mp4,1,cogvideox
/workspace/data/genbuster-mini/extracted/train/real/b09e0de804a53381248155e914ab4e435bb51e5c5925e199e1abb2fa845856f8.mp4,0,real
/workspace/data/genbuster-mini/extracted/train/fake/cogvideox/540032a89427ecf6364148b835c68f562a8afac99c2a666b6b2edffa1ad4bb4f.mp4,1,cogvideox
/workspace/data/genbuster-mini/extracted/train/real/93301c9055dabc8fbe5e237c23adad3b441f827ef56bef76332e3a5186077fad.mp4,0,real
/workspace/data/genbuster-mini/extracted/train/real/7c4a105e02389c14b3aedc0cfec695698e94729e595d495b7dcc3293a526e41e.mp4,0,real
/workspace/data/genbuster-mini/extracted/train/fake/cogvideox/fbee14f74f0322acb7e98a43ea73a242e1a1fc28c47f5d2ce1e2974c0888e114.mp4,1,cogvideox
/workspace/data/genbuster-mini/extracted/train/fake/ltxvideo/7c4a4866b6ef49c4accc90c599f6c99172b1461cd3fd4ee17b2eb4e1d064a498.mp4,1,ltxvideo
/workspace/data/genbuster-mini/extracted/train/fake/easyanimate/d569eeb8709b9891f7d6912cbfa0e0ee464130bfda4032c1ad2d9183636cc99d.mp4,1,easyanimate
/workspace/data/genbuster-mini/extracted/train/real/6d3337539f78e39a31de6f0b827babb7c32528d5e4b4d320a352cc16a5fba7b7.mp4,0,real
/workspace/data/genbuster-mini/extracted/train/real/982298d12e325343336378102770cfd022859ebff8fdf357517f142071158c6b.mp4,0,real
/workspace/data/genbuster-mini/extracted/train/real/fa0511a6dbf3465170502db4dc0772712d0b3fc27084aa010b3f3f32da327107.mp4,0,real
/workspace/data/genbuster-mini/extracted/train/real/6abb4c7afff8a1d58481ecf5ecfbb1618a3d9303101e7dd238a001b100340ffe.mp4,0,real
/workspace/data/genbuster-mini/extracted/train/real/cbf66857e36135abe316802817a084b4999a85a75f671eafad6754bb8b797cfa.mp4,0,real
/workspace/data/genbuster-mini/extracted/train/real/89d813a7a28dc3153871a1c957f44edd28d2d9af90a2a228a04772739ffda11f.mp4,0,real
/workspace/data/genbuster-mini/extracted/train/real/2dcd20a467a8eae59d42ecb1cbad7bdfb9b39a460d38b4b935f86e6e6e6284a7.mp4,0,real
/workspace/data/genbuster-mini/extracted/train/fake/hunyuanvideo/869622ffbed83bc365dbc60565f76f6190b16b45f34d33b8f1f2b628b9b553be.mp4,1,hunyuanvideo
/workspace/data/genbuster-mini/extracted/train/fake/easyanimate/a3cbcd69350099bed9338323c37680faa94bd4037d65f759ee55539de89fd820.mp4,1,easyanimate
/workspace/data/genbuster-mini/extracted/train/real/9333693d67a6b41e8f68f2c51f1a4301f439b8452d27638b90b044f3fe11297d.mp4,0,real
/workspace/data/genbuster-mini/extracted/train/real/699d9fc54279a9ae8b36f150eccb2f17ca278a6f063c1fe0465a334f62b46131.mp4,0,real
/workspace/data/genbuster-mini/extracted/train/real/cbb0d68a3b2d038cf15ad0f7d43803347f7fef3b825986e5486d51a2b4365cd3.mp4,0,real
/workspace/data/genbuster-mini/extracted/train/real/e0d6bc6274bfbc02309c1aae1c8d1773a0b1ee73b978a6573d2d79524a39c2c2.mp4,0,real
/workspace/data/genbuster-mini/extracted/train/real/2f3be4d695c1ebf0cda41dd6e07d3a0d2f04204448bbf4b623c72d0411e8fde4.mp4,0,real
/workspace/data/genbuster-mini/extracted/train/real/92cdd2ee364e30f45cf3da77827b3c5eed5834c1de7b0555fec18481be0283ec.mp4,0,real
/workspace/data/genbuster-mini/extracted/train/fake/easyanimate/c8521fb08dc495b56f652cc3949bbe232f169be1c91fdd4b20b6e3a73abfeca5.mp4,1,easyanimate
/workspace/data/genbuster-mini/extracted/train/fake/easyanimate/4b55047cf9e60eab9c9eba77733595e32fad73a10bb35579559a8b5b7d628787.mp4,1,easyanimate
/workspace/data/genbuster-mini/extracted/train/fake/easyanimate/5422c30ee5ebbe7889e3931d057b6ed62cfbb5daeef3d951406c298304d4e8dd.mp4,1,easyanimate
/workspace/data/genbuster-mini/extracted/train/real/50947d9dff04b87f3cad427177a159e540f58977b1d7018c00de19d4a6e92386.mp4,0,real
/workspace/data/genbuster-mini/extracted/train/fake/ltxvideo/b3a62095a42ffd1651cd6db26434b16daae000927a955a538d8a78bd7a736df8.mp4,1,ltxvideo
/workspace/data/genbuster-mini/extracted/train/fake/hunyuanvideo/94d292380718ff23b41d047729135ff7fe5204a1f1150279dfec94b132bb16be.mp4,1,hunyuanvideo
/workspace/data/genbuster-mini/extracted/train/fake/cogvideox/3653f7093ad28913747974b35c94881cb2865bdf350112a76bf35a4a04d375ad.mp4,1,cogvideox
/workspace/data/genbuster-mini/extracted/train/fake/easyanimate/4aa78718ca365d8724070bb65aabfdf8ecd7cd554df6f5cbc078cf7bf1eaef25.mp4,1,easyanimate
/workspace/data/genbuster-mini/extracted/train/fake/cogvideox/4c6210f5e09d6e6bb272b1fdd00362ec2d9db3a1c98ac72dbae026a9ccc243dd.mp4,1,cogvideox
/workspace/data/genbuster-mini/extracted/train/fake/cogvideox/de36fc45d981c772e0a738dc0ac0411711e9eb1375e3c25665dcea394d2cfbc2.mp4,1,cogvideox
/workspace/data/genbuster-mini/extracted/train/fake/easyanimate/bfa27aa435403b4210ed87b09a907af2f8339320c41a9b132f17bf0c211f852b.mp4,1,easyanimate
/workspace/data/genbuster-mini/extracted/train/fake/easyanimate/0f4f153ef4194a04f681ace53110d0a4f8e1719620ef9286bd962bf010625a21.mp4,1,easyanimate
/workspace/data/genbuster-mini/extracted/train/real/3128ebd8ef56b1f8fb616bed568c841ebfb0a8f2655a23a73d3c7e93c7969501.mp4,0,real
/workspace/data/genbuster-mini/extracted/train/real/495451d5d941b8e92729d0fd3b7cae99f25cfe37632dcdf7f9e461cafa74ceb2.mp4,0,real
/workspace/data/genbuster-mini/extracted/train/fake/easyanimate/417d3ff7c59dadb3b2f3e2f82dc1122545a42466270adf395e57bc00ffd4ca24.mp4,1,easyanimate
/workspace/data/genbuster-mini/extracted/train/real/9d14473607f15a5cae1e5958cb2f68c79f931b3513aea73577437823e96d069c.mp4,0,real
/workspace/data/genbuster-mini/extracted/train/real/90c7ef65ea8240add2483895394db607e83eab086f1c1201db9c02a02d7e0211.mp4,0,real
/workspace/data/genbuster-mini/extracted/train/fake/easyanimate/a0473804d0454a4359e4758a7484b799573bffc9972a7788a990667daf331ef5.mp4,1,easyanimate
/workspace/data/genbuster-mini/extracted/train/fake/cogvideox/971ed0d450887b04eebc7cd705e7e836371985165583118f6940efc34eed311c.mp4,1,cogvideox
/workspace/data/genbuster-mini/extracted/train/real/1d0a9e982ebc4277ff0e62cb3dbb716fe4da61352e7046c3783c194f0f360b45.mp4,0,real
/workspace/data/genbuster-mini/extracted/train/fake/easyanimate/34e95fb10039bc7d2bb132231965a4ba724161d937ba0fc66732dcd705993d24.mp4,1,easyanimate
/workspace/data/genbuster-mini/extracted/train/fake/ltxvideo/08383e860dbf76b9a87b4a7af994a1c92faaa416f2e716aa4b3efa7584b58612.mp4,1,ltxvideo
/workspace/data/genbuster-mini/extracted/train/fake/ltxvideo/95d4a1dd8b7b1f2d7905ccadce128c6b6fd653d2f35bf42ced407779b9c7fc27.mp4,1,ltxvideo
/workspace/data/genbuster-mini/extracted/train/real/0e2070bbddad8e755c17a8061f9fb68bdff2d1fc99bcb0bcb769bc62cc4c5038.mp4,0,real
/workspace/data/genbuster-mini/extracted/train/real/493bc74ce3d8a1e03715d47929f7bae3a4dfa33373abc291a7d67e3a9ca71e09.mp4,0,real
/workspace/data/genbuster-mini/extracted/train/fake/ltxvideo/e77ca3bdc1020f8232cd076e9f20de2390221a9a50519218e04c3403c43664e5.mp4,1,ltxvideo
/workspace/data/genbuster-mini/extracted/train/real/355fa27d6cd9254e888543111160c2fe1d792789d2605f350c9e8d09657c7297.mp4,0,real
/workspace/data/genbuster-mini/extracted/train/real/910ce51dadd79b8a7a34a79502f3acb0f12c3e4e53396dd3dc7db44f657a2d3f.mp4,0,real
/workspace/data/genbuster-mini/extracted/train/fake/easyanimate/2b6a7ee6098b671ff5015aee3729bb5c61de68f8f5b2b0ad38f3b60a417920d5.mp4,1,easyanimate
/workspace/data/genbuster-mini/extracted/train/fake/cogvideox/d4420cd2dcd18f42fd2b706c75da8dc8c21914a98fa6e53fc197d2ac170e19b0.mp4,1,cogvideox
/workspace/data/genbuster-mini/extracted/train/fake/hunyuanvideo/8e0c64f012ca32e3b87623a75ed3244231c584d5f0ca0260648cf5ac685ebb6a.mp4,1,hunyuanvideo
/workspace/data/genbuster-mini/extracted/train/real/9d6225ee94e2785561ae621a8aab953e9e2d60f89339cb4e4c569f5347f59101.mp4,0,real
/workspace/data/genbuster-mini/extracted/train/fake/cogvideox/b95769ea7afe8614f2ed5a24b9adfa35a53f413f9ec6b50ece6b6e346793c183.mp4,1,cogvideox
/workspace/data/genbuster-mini/extracted/train/real/49980a22c5bb99444960f8965c05fec6f13e80d49b3d10609d92dbb84d9b6a91.mp4,0,real
/workspace/data/genbuster-mini/extracted/train/fake/easyanimate/142430adcfec8dbacb2df1dd9a191fa0c8c5f324497549b71038f2ea40aa571f.mp4,1,easyanimate
/workspace/data/genbuster-mini/extracted/train/fake/easyanimate/0866058b5ebd0327f50df122e3ab696baac5d75e6d12e4ffa7b36597f671be9a.mp4,1,easyanimate
/workspace/data/genbuster-mini/extracted/train/fake/ltxvideo/52a9789f3990e1876b79bd9f05c2de0553c55327582cd521571b389b4c156e05.mp4,1,ltxvideo
/workspace/data/genbuster-mini/extracted/train/fake/cogvideox/7a5170ffcd0c0bd793bfc66786d72d2b359ea1be647844b3b1ea44109f1d9101.mp4,1,cogvideox
/workspace/data/genbuster-mini/extracted/train/fake/cogvideox/5a93cf288d318a952f564527e7fab361cfe4798e1c89bac7c991e9d2aebfaa67.mp4,1,cogvideox
/workspace/data/genbuster-mini/extracted/train/fake/hunyuanvideo/3bb1ef0253e99c3b9167eeadc5c0d7fa7c920d523191dc118b87840989ac1b47.mp4,1,hunyuanvideo
/workspace/data/genbuster-mini/extracted/train/fake/hunyuanvideo/1f95e32f786a57811aceda811ada0e4ed16941acd4517e05f67cbe1ab26d4ccb.mp4,1,hunyuanvideo
/workspace/data/genbuster-mini/extracted/train/real/07f00009d051a685c91fb90a440d07f34026d39c00b6ec85898ad85bc2dfacb0.mp4,0,real
/workspace/data/genbuster-mini/extracted/train/fake/easyanimate/df3f72463aa86c13021aa62aa1467a00a17f15d647b1fec593dd8377a91a63a8.mp4,1,easyanimate
/workspace/data/genbuster-mini/extracted/train/real/13f7512027529107edd900778787f29f00d2fd181071597f752d61dd1534c6f5.mp4,0,real
/workspace/data/genbuster-mini/extracted/train/fake/easyanimate/86a83bbdfe3621c636c347465dc547751cd393bdbb37f7658cd140acfdb0ae30.mp4,1,easyanimate
/workspace/data/genbuster-mini/extracted/train/real/dbcecda8e0da674baee545d000dd292b4558f5515efbafcc36fda32a333076b6.mp4,0,real
/workspace/data/genbuster-mini/extracted/train/real/3e0693e5f2f29cdb02bc0f24155cc377c7f838725e5e7e856c5f03be1ea70bd0.mp4,0,real
/workspace/data/genbuster-mini/extracted/train/fake/ltxvideo/6cc7fc32a56c3a93ff935154741fff4549399725727c793feb699f6a6b536c04.mp4,1,ltxvideo
/workspace/data/genbuster-mini/extracted/train/fake/easyanimate/bfb58ef258608f72356db6103c7af518a55d310c02ba92446748cb988d7becc6.mp4,1,easyanimate
/workspace/data/genbuster-mini/extracted/train/real/72970c7f103b14ebe60555b51bb3b1583448ededd562cb86e2dad83fd522ed3b.mp4,0,real
/workspace/data/genbuster-mini/extracted/train/fake/easyanimate/6db21a4baaba02c2496c7d0bf81be5cff2fc2896fe784084e18c02e5cf96cbc5.mp4,1,easyanimate
/workspace/data/genbuster-mini/extracted/train/fake/easyanimate/6ff9e99b91149e0428c390ee7399416f7a3dae29917ff509d841d1a292c49fa6.mp4,1,easyanimate
/workspace/data/genbuster-mini/extracted/train/fake/easyanimate/5d33ee1a6ba5031bc598c2bc89baa0a8741eae51dc105a47b002f3579ac6eff0.mp4,1,easyanimate
/workspace/data/genbuster-mini/extracted/train/fake/ltxvideo/670f59c86a5353b1419833573146431905b76c5a80e077d56d429a020096ba71.mp4,1,ltxvideo
/workspace/data/genbuster-mini/extracted/train/real/32504ba805caa736951b4534576ab09cd6a8a228dae64d8d3a088475e1e4a212.mp4,0,real
/workspace/data/genbuster-mini/extracted/train/real/4cc77760327baaa9c547ad47d8f41b8afb90813103d994f8f9a16626d3187a13.mp4,0,real
/workspace/data/genbuster-mini/extracted/train/real/4679a1e313fa730b267ebc079178c9011ec1f901c4a2cfa2318983694371f64e.mp4,0,real
/workspace/data/genbuster-mini/extracted/train/real/980ae5716cd5dbe3266fbe62adfec004517fcd910a3495f92ea54e8ad5c08379.mp4,0,real
/workspace/data/genbuster-mini/extracted/train/fake/easyanimate/9ff88065771036a1ad215d3fd74ebf74362da6d622b99d55461f9d72a5f5de4b.mp4,1,easyanimate
/workspace/data/genbuster-mini/extracted/train/fake/cogvideox/8586bc097bb2b2a24799e54862a66a829a1b3a6199746abddb1c1610b57241e6.mp4,1,cogvideox
/workspace/data/genbuster-mini/extracted/train/fake/cogvideox/a941509d5cff8ce020e07e54967e638725d6c186c0b8f6e2b76045cc34947acd.mp4,1,cogvideox
/workspace/data/genbuster-mini/extracted/train/fake/hunyuanvideo/be73458dc0de042876a7ecf2d101bfaa92b5dbf5f17d2e0159a7d8092c8eb363.mp4,1,hunyuanvideo
/workspace/data/genbuster-mini/extracted/train/real/cb88f061d5c9cee06ef2402661c0a70a17ab6f566e5abf9c9f6c0e8f0dee65ff.mp4,0,real
/workspace/data/genbuster-mini/extracted/train/fake/hunyuanvideo/cd885b011ec07bb6d4c31139a84c5a264938242cd864fff315c3c60d3194c29d.mp4,1,hunyuanvideo
/workspace/data/genbuster-mini/extracted/train/real/9672e0be71df9ddaf1f1de88c278d218027ee481d39f5c3a4d5bf826a68e8166.mp4,0,real
/workspace/data/genbuster-mini/extracted/train/real/feb7fe51fbc4f9ca5c9f7d89a5d3acbc8cbe9c3f1477f6793bcb502fbaa6e459.mp4,0,real
/workspace/data/genbuster-mini/extracted/train/fake/easyanimate/40c66bf62c7fddeb6b8a5b5271b6ca619adf881218c5f1685b56ca40b2eaa012.mp4,1,easyanimate
/workspace/data/genbuster-mini/extracted/train/fake/ltxvideo/815e1ffb8c43754d0e425de57112edad372475cc21a91c63a6337594fa65da81.mp4,1,ltxvideo
/workspace/data/genbuster-mini/extracted/train/fake/hunyuanvideo/57271b1f9366bd1ec0f6aefaed903ef91281c0e8e7429c8e351fe5ee99cecf41.mp4,1,hunyuanvideo
/workspace/data/genbuster-mini/extracted/train/real/0d41c6946d0f238e98be4e27aae2a1aae560bd6a71df8419b3ea6d4641fe558b.mp4,0,real
/workspace/data/genbuster-mini/extracted/train/fake/ltxvideo/133fd3a66bce105cb5276d5ca471f649575b4ec0474b5ec23e9ac10ccd95923b.mp4,1,ltxvideo
/workspace/data/genbuster-mini/extracted/train/fake/cogvideox/eda97b52f8a08ebdbcca4e828395c04c6c70a50b874f7f7b5e8a60ea76869339.mp4,1,cogvideox
/workspace/data/genbuster-mini/extracted/train/fake/easyanimate/c9d36f4a0092d399e85254b136ca0eb414eba832a24dc80739ef46e554ccc603.mp4,1,easyanimate
/workspace/data/genbuster-mini/extracted/train/fake/ltxvideo/2f0031214e76021407adff82e84bd9dd74bc1c8aa82418f03189485178250581.mp4,1,ltxvideo
/workspace/data/genbuster-mini/extracted/train/real/b5091e7133302697bd5e8259004092f499236d4b55de08fc2216384271093f0a.mp4,0,real
/workspace/data/genbuster-mini/extracted/train/fake/hunyuanvideo/78c1fd937931847f0ccb64ec5e301f52c871db0c71769856b70620a49ba697cf.mp4,1,hunyuanvideo
/workspace/data/genbuster-mini/extracted/train/fake/easyanimate/37f0c410efbcdfe59e1f5eb10a7426a051786cad6bd97792d563a71675974333.mp4,1,easyanimate
/workspace/data/genbuster-mini/extracted/train/real/0b22ab32941261055da2119dc0fcaba0a98a3cf134d72d01d51231dee734b5dc.mp4,0,real
/workspace/data/genbuster-mini/extracted/train/real/a06048ae34821731efbd258041fdf6247f67aa83ac90a1467f2188cee803100d.mp4,0,real
/workspace/data/genbuster-mini/extracted/train/fake/cogvideox/e726b3c278b14c1b65ba5388c4e8390111ef2a615a817e1f9fec006f7eab8a80.mp4,1,cogvideox
/workspace/data/genbuster-mini/extracted/train/real/03fd0855a04d57eef10d1b74d5a461a919ecefe5d6a46148a0f1fd1058566916.mp4,0,real
/workspace/data/genbuster-mini/extracted/train/fake/cogvideox/045d6fcf835cd76f9b2c8d550468b2f92d0538e568afb40a65d3b36067bf175e.mp4,1,cogvideox
/workspace/data/genbuster-mini/extracted/train/fake/cogvideox/b3095235e53fdef5d16ca83efff3dcb920eef2bc9c8852d7bb9b1ebcca39796b.mp4,1,cogvideox
/workspace/data/genbuster-mini/extracted/train/fake/hunyuanvideo/f3bf8ffe7da937fda05692e074999afd7720c00e9fe9a77faf734cc3f6ee9422.mp4,1,hunyuanvideo
/workspace/data/genbuster-mini/extracted/train/real/032c831fc033eebc988c750990a2d658d5e0655f80fa0c7088714c4f439cb7a4.mp4,0,real
/workspace/data/genbuster-mini/extracted/train/fake/easyanimate/337da101e55097fb3245139523688cf7e8dd7ff132bfc44e9897d0da58c7688b.mp4,1,easyanimate
/workspace/data/genbuster-mini/extracted/train/fake/easyanimate/6bd69b1af6db3b697a18fa581a355b288ea287f1c22ef2c485908b76bbe140c5.mp4,1,easyanimate
/workspace/data/genbuster-mini/extracted/train/fake/cogvideox/7ab6f0bb7df89baedf234f86595f160e2f493e0618a4f5d52b456ed30b2e2e02.mp4,1,cogvideox
/workspace/data/genbuster-mini/extracted/train/real/1958f7c46b3a8aa96d8cab477324ced5adbe935f6af4c2373a966730c78461dc.mp4,0,real
/workspace/data/genbuster-mini/extracted/train/real/6dc27b98bb018b1efbf1db201f0630359cf31a0dd9df231d2a841e2060e58c05.mp4,0,real
/workspace/data/genbuster-mini/extracted/train/real/8684c7a4832bfb0d0549911dc14096b4dc97b22a73dd57ce835dcd414777c0ce.mp4,0,real
/workspace/data/genbuster-mini/extracted/train/fake/easyanimate/7b35450140de020113e05381a6e4c7cd6a776458d8ed8601c1123e9a64d446d0.mp4,1,easyanimate
/workspace/data/genbuster-mini/extracted/train/fake/easyanimate/cd94d5a3a3eb7611c44013632ab1f20732de32935a6dac216c8447b0935053bb.mp4,1,easyanimate
/workspace/data/genbuster-mini/extracted/train/real/1512206f1d938c863cea8fde43f0209d87683105757d6c3a05f84dd64563f4e9.mp4,0,real
/workspace/data/genbuster-mini/extracted/train/fake/easyanimate/a993f32db90f4c440a4ee5198f2d1cb7b1123e4c1893e2b3e4175ccc49c2507e.mp4,1,easyanimate
/workspace/data/genbuster-mini/extracted/train/fake/easyanimate/53d8602605e2864d250a337c469e0f68d09e84caf7a9624a1faa26361799e664.mp4,1,easyanimate
/workspace/data/genbuster-mini/extracted/train/real/b02ba64f1d2e5f8799bc8b337f1db3090221bd9922f6e0610aebf62dcad876f2.mp4,0,real
/workspace/data/genbuster-mini/extracted/train/fake/hunyuanvideo/9f1a00de53a4d91f4489514d57cc1ab9876e0c69c6f4bfafcc585af2e2a6f48b.mp4,1,hunyuanvideo
/workspace/data/genbuster-mini/extracted/train/fake/hunyuanvideo/036fe9b9868d0bf0805d8dcb123cfce2ac4be95b058012fa46b0c86500612346.mp4,1,hunyuanvideo
/workspace/data/genbuster-mini/extracted/train/real/3444c42467f234bf121ec6bc9d0fe93523036bc5bd137c8acbc914ff92b913f1.mp4,0,real
/workspace/data/genbuster-mini/extracted/train/real/aeea8d45d079e6bd9df124d35aeab913e396b9dc7d98ec198bbc04aeedc6e1ac.mp4,0,real
/workspace/data/genbuster-mini/extracted/train/fake/ltxvideo/af644dc1852dcb9128e6d4c9df57829921422bd230d5745f0229c46146448328.mp4,1,ltxvideo
/workspace/data/genbuster-mini/extracted/train/fake/easyanimate/bbcf201514cebe0e37c7fd80c61f54a685e4f7318f6d08c3676882e5e6285e27.mp4,1,easyanimate
/workspace/data/genbuster-mini/extracted/train/fake/hunyuanvideo/4930344867073562f4aa7bd052dd72a204d015f8ae5b92e42ef0096bb37bb187.mp4,1,hunyuanvideo
/workspace/data/genbuster-mini/extracted/train/fake/ltxvideo/65730275f0bc818e396c4d7aec798c88b5f950ce6d7f767896feff13b01686df.mp4,1,ltxvideo
/workspace/data/genbuster-mini/extracted/train/real/1b1c51ea20e49b772c8c7469f446bca643e5166896d333479afed638e99e9edd.mp4,0,real
/workspace/data/genbuster-mini/extracted/train/real/7112644118decfa38ffddea4a4f8c7a7233c0939c9357640aaf7a7e48ed198e2.mp4,0,real
/workspace/data/genbuster-mini/extracted/train/real/8a0a2fbec460b64446f24e0c8c1499d84e5f737d0dfe99f687198d9287399708.mp4,0,real
/workspace/data/genbuster-mini/extracted/train/fake/cogvideox/b7a3f820b934ee0ee3c5d62c3fee8498bf47092d4bb7b2a8eef5ff1f1b25c53f.mp4,1,cogvideox
/workspace/data/genbuster-mini/extracted/train/real/51e6375247cc5f37baf3f72b8a85801451a0e4bf5705103509e51ee8b199a4e2.mp4,0,real
/workspace/data/genbuster-mini/extracted/train/real/e11a0a58613f14c175d162392a197847bd339364fbb305ccfcef95f68326d1b0.mp4,0,real
/workspace/data/genbuster-mini/extracted/train/real/027120934393a8437d9ef93a69daa7812b6c755ed26bef22bf5b7f71d3258a2e.mp4,0,real
/workspace/data/genbuster-mini/extracted/train/real/ad5314ce2f4962d85e125e8ea60f520ef004490e441396732a2128f13e48ba38.mp4,0,real
/workspace/data/genbuster-mini/extracted/train/real/188db0b86bc7b2bc973dff3fc7987c82b110d56034937d7d48163da9afe63901.mp4,0,real
/workspace/data/genbuster-mini/extracted/train/real/0ac2c5e0ad423d80f1a93ce01c161f1226e2574a0c4876751668afb10f91c5f5.mp4,0,real
/workspace/data/genbuster-mini/extracted/train/real/fe91a473d3719dbbe8488c46584dca627ab3b31d9c1a67ef52b6805fb5744f6e.mp4,0,real
/workspace/data/genbuster-mini/extracted/train/fake/ltxvideo/6a5276b47f50cac5253334e0c70156408fbb06cd214f0ef5943d1d0a7323a8e5.mp4,1,ltxvideo
/workspace/data/genbuster-mini/extracted/train/fake/easyanimate/664eb82dafb7f426997410dd82c18ac4cf411aeb963787c236ddef643a4a258c.mp4,1,easyanimate
/workspace/data/genbuster-mini/extracted/train/fake/cogvideox/c3388908ab7ca72b222b4e1714f416c4624626a8193b2a84b207ee91c53534ec.mp4,1,cogvideox
/workspace/data/genbuster-mini/extracted/train/real/2a20a2a45ac7298f3f8b1060693aa9745fcfd3d3f75613e6a57c7d10bb7f66d7.mp4,0,real
/workspace/data/genbuster-mini/extracted/train/real/40a0508c57f7116869671d62e781ffa9af412c0d12b212b202fb39fe22059caf.mp4,0,real
/workspace/data/genbuster-mini/extracted/train/real/1a6db59381d0833db70df381246f4274b4f7409ef3ac78f954cc71572a956d68.mp4,0,real
/workspace/data/genbuster-mini/extracted/train/fake/cogvideox/ee02f871480858f05ea4c4dd61b9a5215f337bdd86b4f55a79800028e2e22d1d.mp4,1,cogvideox
/workspace/data/genbuster-mini/extracted/train/fake/easyanimate/3c13aa03bce334147e79f1ba9ec40cabb7f7ea28ed142b14a24ecd55ee9c2f8d.mp4,1,easyanimate
/workspace/data/genbuster-mini/extracted/train/real/f084e9a1149ad2eade229d7f41813003307ad4b4b110a25687c98d2738aa379f.mp4,0,real
/workspace/data/genbuster-mini/extracted/train/fake/ltxvideo/c4bbf9a0b6779a975875cc71910b3921438de2e4de08d958fccd0615830d7a5b.mp4,1,ltxvideo
/workspace/data/genbuster-mini/extracted/train/fake/easyanimate/11e6eb667845ff8b0a6be6a160c28d91ce6524d32e957bd72a7ab958d1fd2595.mp4,1,easyanimate
/workspace/data/genbuster-mini/extracted/train/fake/cogvideox/7844338ae30dd7cc3ee0c089af3313ef287209cb2e48d7f18dbfa0d0098adb1b.mp4,1,cogvideox
/workspace/data/genbuster-mini/extracted/train/fake/easyanimate/5a3a0ef6a0c6bec002f78b75232a35924868c5d4fc4c73179fb4131d22d6f926.mp4,1,easyanimate
/workspace/data/genbuster-mini/extracted/train/real/c9727a66669edac2bdcfe3d08f5ef4917530da7fdcc0756646115119ce6d6e08.mp4,0,real
/workspace/data/genbuster-mini/extracted/train/real/6bff9205c4e2a42ab7b1a29eae66afe94d73dd1a7f73ecee690f8436b8e53128.mp4,0,real
/workspace/data/genbuster-mini/extracted/train/fake/hunyuanvideo/bbc3bad5b3a70a298a5553d3dfd685625d6a0887f91f1dc91a343b3abf56c6fd.mp4,1,hunyuanvideo
/workspace/data/genbuster-mini/extracted/train/real/74bee86eb4ce8f9d057dd93453971bae7fa6cea20f045ebcdd2d324548b3f5f7.mp4,0,real
/workspace/data/genbuster-mini/extracted/train/real/b6f693a62d9e53c1a6f37f366faed37fd9ddc35455b0f304d93705a4b3a01549.mp4,0,real
/workspace/data/genbuster-mini/extracted/train/real/1cb850a85db6a06efe540523a6ec53017d2b2f5cd3c5d77870e5d19b72313617.mp4,0,real
/workspace/data/genbuster-mini/extracted/train/real/77355fb665a294cbf592eaf21df445a7395472494fc6aca910053a6e8b4b75f8.mp4,0,real
/workspace/data/genbuster-mini/extracted/train/fake/ltxvideo/6ef50098d982e8c218f97a01c5cc2866da7936e87733462862bf3b425a640440.mp4,1,ltxvideo
/workspace/data/genbuster-mini/extracted/train/fake/easyanimate/78ba1fc2a839b9d8ea7d7a2bee5c18c5904263335a39f623891ece39b0582d6b.mp4,1,easyanimate
/workspace/data/genbuster-mini/extracted/train/real/1f1503035fb7ba02c338fb645cbe5660735d58403a4ad59ca49769c808a58d44.mp4,0,real
/workspace/data/genbuster-mini/extracted/train/fake/cogvideox/06d8f410249ef84d69d6f55743551de400c16062f9e16e532a2e2956e950133b.mp4,1,cogvideox
/workspace/data/genbuster-mini/extracted/train/real/90e470a81cf8fe8d0f262b3e65f61def73d4949c6fb5041d7dc4341b13ec6401.mp4,0,real
/workspace/data/genbuster-mini/extracted/train/real/dffbe3ad9ffcbb1be9eef7f03341fe13f9cbdb7c36c264f9a2433ccac4a66db1.mp4,0,real
/workspace/data/genbuster-mini/extracted/train/real/7ed9452a8335d6df0d2859ebe1c33ec0efed3f8fb03e2fcb8e8cbd57f06b558e.mp4,0,real
/workspace/data/genbuster-mini/extracted/train/real/d40e2ed0b0bd0003e59be06abe1e090793a4fafa35e1fa1fd8805bee0ee732f0.mp4,0,real
/workspace/data/genbuster-mini/extracted/train/real/d644e72ae5c5cd10c07b6896619d10c209b2e1a9c456bb575cfe230c5a565b66.mp4,0,real
/workspace/data/genbuster-mini/extracted/train/fake/easyanimate/44c1776633236cdbf181452c8da338b2c2cb49caa174389360a2d7d6773292b0.mp4,1,easyanimate
/workspace/data/genbuster-mini/extracted/train/fake/cogvideox/fb7cb9650f1b25dd147465a9185fe719650caa0b630df5e8d30641dfda0558e0.mp4,1,cogvideox
/workspace/data/genbuster-mini/extracted/train/fake/ltxvideo/c8a009c8cb681529357ccdcab4defcc2262262b0a37bf269a708db5266de4ccb.mp4,1,ltxvideo
/workspace/data/genbuster-mini/extracted/train/real/5b4cf40f90f53a3143263036bbfefbd442d02d650b827f197e3253dbce1ae3cb.mp4,0,real
/workspace/data/genbuster-mini/extracted/train/real/bb7a2b3f45304dd14451bb5b67ee025b29e3d0717f6830a2bbed994c3359f295.mp4,0,real
/workspace/data/genbuster-mini/extracted/train/real/77a1f4cf6c607e697dd09000b58af1ce442c079709cf8dcf2fac7831551dced1.mp4,0,real
/workspace/data/genbuster-mini/extracted/train/real/f65f83f0c27694e11f90be0f93fd2e69fa2d044a50bf770034bba60dd9fff5d7.mp4,0,real
/workspace/data/genbuster-mini/extracted/train/real/e14b8cbbc93ec56dfb652602222bd2a3cb337e1265820fd3211d6f65d2fda474.mp4,0,real
/workspace/data/genbuster-mini/extracted/train/real/335507f86cb2848c2eb72a00a3f54a0cad0c11872f50a4e7bfa2fa4fb87def48.mp4,0,real
/workspace/data/genbuster-mini/extracted/train/real/55872e649ea6e36b838fd091fae25d642b83a43cf242f50f9fbda81b7aea7210.mp4,0,real
/workspace/data/genbuster-mini/extracted/train/real/d3720264ab49719ed03f2403bc2b77e7de72da48a2462931cee7c79e0d664d54.mp4,0,real
/workspace/data/genbuster-mini/extracted/train/real/d7a71095d2ec12f15f944771422a740df4188f4555fbaf98bdb8e8b0f72a88e3.mp4,0,real
/workspace/data/genbuster-mini/extracted/train/fake/easyanimate/380ecd1395cb72a0396c6f7989b2f7afaa39377b90ffa3f5a2a94b8f390c5a92.mp4,1,easyanimate
/workspace/data/genbuster-mini/extracted/train/real/f21beec21d14bbac9cd5bb4f39a51bf7188ed2743a38f1f0284495ae45f16305.mp4,0,real
/workspace/data/genbuster-mini/extracted/train/real/f240e48418b6970fe72f2df2b63f7eab006bd53c091a5c6ee8a9771dd643127e.mp4,0,real
/workspace/data/genbuster-mini/extracted/train/real/a90e7a0020d67fa70485de0823e5a7f7213f6826107681a17249880be7a57b86.mp4,0,real
/workspace/data/genbuster-mini/extracted/train/real/a29e462742f4d48c58d102fc0e74f0c6321ed9574ee1ca16a9820a8c8e45c721.mp4,0,real
/workspace/data/genbuster-mini/extracted/train/real/84283da427de8c9177389a3a01294d4456abbda29e0bcba708cb3075acffd187.mp4,0,real
/workspace/data/genbuster-mini/extracted/train/real/b66dcfd5638df137e67890db8ae175847edfea312fd98b8be691feee15546d7e.mp4,0,real
/workspace/data/genbuster-mini/extracted/train/fake/hunyuanvideo/1fa16f19b733a3f2883f52f6a31904419923ff042021a399e9e3fe42e8f1a723.mp4,1,hunyuanvideo
/workspace/data/genbuster-mini/extracted/train/fake/hunyuanvideo/1d112f76055c1819997aaedc197558243ee193b43746b49e6e0d8aa1cfd49bd4.mp4,1,hunyuanvideo
/workspace/data/genbuster-mini/extracted/train/fake/ltxvideo/7b714ca1084f6f296f7bee17464fdf072fdb73f7d43d32db3cd5e0260ea2b6fc.mp4,1,ltxvideo
/workspace/data/genbuster-mini/extracted/train/real/1772873949a733568327a263438a364b746240937a0849eb9d0448be35f2bf9e.mp4,0,real
/workspace/data/genbuster-mini/extracted/train/real/9d78e4f2ef199719f1584b83a0a5326b8432dd0cc5dd509acde0c0c6ae6de472.mp4,0,real
/workspace/data/genbuster-mini/extracted/train/real/514bd82ac63ff51527f380f290b30531f6e26adb83323f36852b009c626a93c3.mp4,0,real
/workspace/data/genbuster-mini/extracted/train/real/94bd87224969c502b909a5cee3a1b05f93d14839956ee2a0f078634a6aa42bea.mp4,0,real
/workspace/data/genbuster-mini/extracted/train/real/83ca14498173a98bb85df81e3021cc390fe56dafad8afffd50a1deca989fae07.mp4,0,real
/workspace/data/genbuster-mini/extracted/train/fake/hunyuanvideo/514216799e62d0a5625f8db477c2f86a41b15247ed4693259f2ca405a1165d3d.mp4,1,hunyuanvideo
/workspace/data/genbuster-mini/extracted/train/fake/hunyuanvideo/2d7bea22115ee760f1c04fcfcd193b9ee3ef9093d21398b38e203db7cced11c1.mp4,1,hunyuanvideo
/workspace/data/genbuster-mini/extracted/train/real/9badd3f3d14a26e852eab0b1a3a0b4c55201a904c383b713132b2ede7c7ac1b9.mp4,0,real
/workspace/data/genbuster-mini/extracted/train/real/dbf40b227755ea67d6fc4c03ad9faeed3c3b53f5072cce177e569051d4173281.mp4,0,real
/workspace/data/genbuster-mini/extracted/train/fake/ltxvideo/4b748d8312c72cd4a15a11734e8eecb05b0570924f1bda5b82fabca9a588b6cd.mp4,1,ltxvideo
/workspace/data/genbuster-mini/extracted/train/fake/easyanimate/a828b1db215f6918e89e7f377b4b6467cbdf55993b0eb0d1cc1269e03edd9399.mp4,1,easyanimate
/workspace/data/genbuster-mini/extracted/train/fake/ltxvideo/801dc91423e0ddc4c599b8d119e7caffb23d7193d8fdd6d95b4a18fc8d755798.mp4,1,ltxvideo
/workspace/data/genbuster-mini/extracted/train/real/a577d289b3d07c0f05b5775ba6e49dec365db4c19f23b29abe0afd21e098de25.mp4,0,real
/workspace/data/genbuster-mini/extracted/train/real/f00bac75b9cff6821866d9b51b16828f885c401a7e3bf9153b5d4ca42fcef9ca.mp4,0,real
/workspace/data/genbuster-mini/extracted/train/real/3f527782061490ec58d6b7f4e3e3dbf6e697117674d4c6a8cdf5c1d4c222dc6f.mp4,0,real
/workspace/data/genbuster-mini/extracted/train/fake/cogvideox/7322f8b42c0814eca7e6363015c13041303f21b7e9ecbdb695379a3d8ce4a9bb.mp4,1,cogvideox
/workspace/data/genbuster-mini/extracted/train/real/9b53f67b462da636eccba5bc8992a037dbd98ea6cedb0676865e8f326ae383cf.mp4,0,real
/workspace/data/genbuster-mini/extracted/train/real/308d495338959108babff26b754eba287b46aa7a08bcffd0741808fdbe8505b9.mp4,0,real
/workspace/data/genbuster-mini/extracted/train/fake/cogvideox/a0349b533b9cdcdd6b415f882ce845067f4da24935169c27acffe4add9f0ae3c.mp4,1,cogvideox
/workspace/data/genbuster-mini/extracted/train/real/92d14f3c6f68d07521a8a94ec756fa08eb48ada9bbf2b54cb6b2da1c9de0ce62.mp4,0,real
/workspace/data/genbuster-mini/extracted/train/real/096fd456bf449281abec8cecf82f1e1fc553c493e6a3933fcab7beb1a56a5190.mp4,0,real
/workspace/data/genbuster-mini/extracted/train/fake/cogvideox/f482fb4eb32fafcfa687d71a966d01661abe98bc5d4bb20594a93956d91e1c44.mp4,1,cogvideox
/workspace/data/genbuster-mini/extracted/train/real/5ed62510a8a1fccc1cd5412f4405bf8758d466189e5960d6ebfdc069804f339e.mp4,0,real
/workspace/data/genbuster-mini/extracted/train/real/16fb482714745dfcc555eac917751335899de2ff319abb2015b91f8dcf9c025a.mp4,0,real
/workspace/data/genbuster-mini/extracted/train/fake/cogvideox/271a470449e48c17ad5348a3274b6d478655bfa297b34952934944db21689d33.mp4,1,cogvideox
/workspace/data/genbuster-mini/extracted/train/fake/easyanimate/58306368860d72afec501e15a26431f3fef387f57cfb794a9c15552bc3a5a08f.mp4,1,easyanimate
/workspace/data/genbuster-mini/extracted/train/fake/easyanimate/83cf5b9aa923e2ebf0aec1e71722fde507d599a08288bf735a4eb5ec35981d97.mp4,1,easyanimate
/workspace/data/genbuster-mini/extracted/train/fake/easyanimate/df7b24f6e467ad17363b8ead5c7cb9f7530b4e7580f17196b7d48f304247cdc6.mp4,1,easyanimate
/workspace/data/genbuster-mini/extracted/train/real/e8346a2be5269536c76057cd7465bd0293f94543ba1d5cadc1954f1e01551cd3.mp4,0,real
/workspace/data/genbuster-mini/extracted/train/real/164915a7c6469f1e67809f5af254fe760b97114b9c0d6b8a27e2761b8204589c.mp4,0,real
/workspace/data/genbuster-mini/extracted/train/real/511da96b823e8341b668235353b0b5e3024a0b8589e2b7d006ebffe88a0542e7.mp4,0,real
/workspace/data/genbuster-mini/extracted/train/real/b9da47cf073c74131ae01e89ed10a2839b0c72be9ceab1a5c0cbca6bc7da5c34.mp4,0,real
/workspace/data/genbuster-mini/extracted/train/real/312dd91e8ee6dad0169a4b03fb4e642dc7b0063d75ff52631bf9526cb41ef5f4.mp4,0,real
/workspace/data/genbuster-mini/extracted/train/real/bb255812d9753532028bac10e2d36d834b37c814f4f769d851823f3c982e26a5.mp4,0,real
/workspace/data/genbuster-mini/extracted/train/fake/ltxvideo/a2692f172647fe60c2c182097f89df7e10e14fcea16f190bc7f95817eef729de.mp4,1,ltxvideo
/workspace/data/genbuster-mini/extracted/train/fake/cogvideox/666c3e2d27843ab9414effef05fed35644470fd7dbd638d5521abab8efffc3c3.mp4,1,cogvideox
/workspace/data/genbuster-mini/extracted/train/real/b4a56782b893198d22d805c1d0e76a1f2b336f6ec6048c79768b972aa7c29d48.mp4,0,real
/workspace/data/genbuster-mini/extracted/train/fake/easyanimate/33323138dded6ed1e818bd04b13bf28d782c008272b357a1c02911b355e6dfd7.mp4,1,easyanimate
/workspace/data/genbuster-mini/extracted/train/fake/easyanimate/3b1ec1ef8a0aa1283d338e46686317dd989acb148502c2f07d4c234aa5c5730b.mp4,1,easyanimate
/workspace/data/genbuster-mini/extracted/train/real/b08cff734a0892020874d8c60766ce442df45f03703b2b0b5c193ad01a285a8b.mp4,0,real
/workspace/data/genbuster-mini/extracted/train/real/c9e5c6a7c7324086a7aca46acca9f1ed3035cf6f953ca8c132bc8abb9d75cba2.mp4,0,real
/workspace/data/genbuster-mini/extracted/train/fake/ltxvideo/ad45f5353168b36614c2df32d146a16d34d3a16fb974990cf497c61eda6c0ccd.mp4,1,ltxvideo
/workspace/data/genbuster-mini/extracted/train/fake/easyanimate/2828b949a0084fd74df8b9d4c0dd4fc2d4b587abd21255052e72121694dc8c5e.mp4,1,easyanimate
/workspace/data/genbuster-mini/extracted/train/real/d0a0917aa8a13ae5aa20dc24a388ad63f185757f63449a611c6208a0df6fffe4.mp4,0,real
/workspace/data/genbuster-mini/extracted/train/fake/easyanimate/1d895f0fd0c9fe43aea3fc0b20f72b8d4fe3bcd44fca85a1aa9b79cd31124630.mp4,1,easyanimate
/workspace/data/genbuster-mini/extracted/train/fake/easyanimate/76e3866a9a4cd9dfbebeda8a7b77616d673a958f5da0cea63cfd4c9f4e18c062.mp4,1,easyanimate
/workspace/data/genbuster-mini/extracted/train/fake/easyanimate/a9320b58f1ce53eaa1d94641cbb75d78cdd96d623cadd2bbfaf3e9fe8b209817.mp4,1,easyanimate
/workspace/data/genbuster-mini/extracted/train/real/d679de156852c9ab4f111296eda48128b99cccf0d79f497cc070a9890cca5e23.mp4,0,real
/workspace/data/genbuster-mini/extracted/train/real/5d0b9adcd17c68c847dde295382d5a1d82f1d097a3b00cfef45086d737f3e749.mp4,0,real
/workspace/data/genbuster-mini/extracted/train/real/c547ad6bd54278af4a6d4e511acf8f4bee79b743cbad4c041e3045e0e25a33a5.mp4,0,real
/workspace/data/genbuster-mini/extracted/train/real/4a62bc97724c7cff755a4cdbdcab84c73dcb575672ed103d24c03d6f32b5c849.mp4,0,real
/workspace/data/genbuster-mini/extracted/train/fake/easyanimate/982a39cfe0c5ecebff88c345659d0fb23e5cb6a20bdfb359c551d6748074a8ae.mp4,1,easyanimate
/workspace/data/genbuster-mini/extracted/train/fake/cogvideox/2149d48c4bd4e42167e0faa2d95c2118738080c6a111c400f9f2fdecdb2b65d1.mp4,1,cogvideox
/workspace/data/genbuster-mini/extracted/train/fake/easyanimate/a22ec38dc20661663b150dc362e425fd0d6dcffaef93bf660640c406a9c6ae4e.mp4,1,easyanimate
/workspace/data/genbuster-mini/extracted/train/real/735e3ec148631dabe083eb10a3ab001a970939720caaa630680fbbb0aa10fb09.mp4,0,real
/workspace/data/genbuster-mini/extracted/train/fake/easyanimate/c21d45703b6e083ac00acc591b1e118c438f51a4d98c924ba046106412c56371.mp4,1,easyanimate
/workspace/data/genbuster-mini/extracted/train/real/63c60a870c50472a2a8c8715c86da383e512c16e6490a8aa46d1a31251416347.mp4,0,real
/workspace/data/genbuster-mini/extracted/train/fake/ltxvideo/544877c7d0445e52443f055f5fe3d368fe4231a6c460de7db7e95b34324ec49c.mp4,1,ltxvideo
/workspace/data/genbuster-mini/extracted/train/real/b21d736b5c3b33cb384b35a48fbda2b2d3ccbd1f95bc8c8b8935cd7af249f3b6.mp4,0,real
/workspace/data/genbuster-mini/extracted/train/fake/cogvideox/d12654281c81682b66b670ef97a51785ad5add43454ef4f6f7bc3bd1802f047b.mp4,1,cogvideox
/workspace/data/genbuster-mini/extracted/train/fake/hunyuanvideo/a61d5208eedec71c74accfdc2aa204d338fceec91b52304251df4037596a6a00.mp4,1,hunyuanvideo
/workspace/data/genbuster-mini/extracted/train/fake/ltxvideo/8937e986fc70af7d9e6be9e0730f9a0050e592722a6ff8848f84832685a86e6f.mp4,1,ltxvideo
/workspace/data/genbuster-mini/extracted/train/real/8f70e5b5a95b117b4ccf3432a01753d9c4bdbc4d837746dd5cb9750c8f6ea6b3.mp4,0,real
/workspace/data/genbuster-mini/extracted/train/fake/ltxvideo/5d5c52951fb1265bd12e02d88c149b063b1f0e8f7b25ed87b8f64e27875f927e.mp4,1,ltxvideo
/workspace/data/genbuster-mini/extracted/train/fake/easyanimate/1c70c26d35d2ae7d2ddccc3676df4d3aab3fc5c81e3bbf6909b7bfdf5824e232.mp4,1,easyanimate
/workspace/data/genbuster-mini/extracted/train/real/13bed27e19f188169a0f3b81826a561400e1f2e304d02f68a35170fe70c4d087.mp4,0,real
/workspace/data/genbuster-mini/extracted/train/real/333a898862da7d32f107805e615d837b8d69c2336ab45555634a776b6a3a8d68.mp4,0,real
/workspace/data/genbuster-mini/extracted/train/real/c40fcd668c70a4adf27842adb0877446b739cd0b538ce9fca87cee750c66dc08.mp4,0,real
/workspace/data/genbuster-mini/extracted/train/fake/cogvideox/f9e30f23f01a1954d633cc8b18b19b746edd0d5bed23b160682affa7fba3d81f.mp4,1,cogvideox
/workspace/data/genbuster-mini/extracted/train/fake/cogvideox/8f1bbf017ebb836d934dc4ab5f6cb9f8896860c761f9c354f97ae643a98bf790.mp4,1,cogvideox
/workspace/data/genbuster-mini/extracted/train/real/7bf6a8d6fb69e5e762e9796de65a9bcd99e3ec6e7be21dfbee0af42d57488b16.mp4,0,real
/workspace/data/genbuster-mini/extracted/train/fake/cogvideox/127cc27574d1f9bedee02fb419192883def3970289c3d49744abdc6e92747263.mp4,1,cogvideox
/workspace/data/genbuster-mini/extracted/train/real/a01b57e4bebe83e58a017321702b5654dabe128656f0ca0803f888610e74fc98.mp4,0,real
/workspace/data/genbuster-mini/extracted/train/fake/cogvideox/aa5c873f591efe51320b355b9b816797f5e5fffdc2e25b282c3aa3e1afe37e41.mp4,1,cogvideox
/workspace/data/genbuster-mini/extracted/train/fake/easyanimate/16bccefe9a60909a2a046bca53ae0b8c9710c246ccecf3c28f9c289b624dc228.mp4,1,easyanimate
/workspace/data/genbuster-mini/extracted/train/fake/ltxvideo/5480fcdc899a9c92dd6411560841f130f3acc13a0b1c3b04757d45bf7dd443bc.mp4,1,ltxvideo
/workspace/data/genbuster-mini/extracted/train/real/a7e9bbd89e92a746d691643f4783596cf0b5e755f7504e5f9de8449288edcd53.mp4,0,real
/workspace/data/genbuster-mini/extracted/train/fake/easyanimate/b2a30bd4dc4fc55c89badac029d14e3045dfa70e81530596eb62e1054f4f42c0.mp4,1,easyanimate
/workspace/data/genbuster-mini/extracted/train/real/3ef80712f8f374157a413dc6ebd11c26ccaaf62b832209023a69ed82aa54f4e6.mp4,0,real
/workspace/data/genbuster-mini/extracted/train/fake/ltxvideo/3efba6b7457023458ded8b9e97711ec5caad2a6b80258494c2d949c7917d307c.mp4,1,ltxvideo
/workspace/data/genbuster-mini/extracted/train/real/5c030fdd9aec23a156885f6cfb173a3637b2c9b9b2464dc4d81b1f3e96bd8975.mp4,0,real
/workspace/data/genbuster-mini/extracted/train/real/0d7304325182ccfc74c2bb2ce925adcd8a13565ec717e2e731918f83badf4f2b.mp4,0,real
/workspace/data/genbuster-mini/extracted/train/fake/easyanimate/3311cff63e00cdd8717e4dd6ad7a3c5655811006e95a184ed26f42682dd083cc.mp4,1,easyanimate
/workspace/data/genbuster-mini/extracted/train/real/10949f6c7acb1d9ab9bf1f6d6ab3d8d5a0328119a6992dbbb09320a6c41f86b8.mp4,0,real
/workspace/data/genbuster-mini/extracted/train/fake/easyanimate/7a587f1e8b9ae7debd92b103a21725f16bd25238f9e04db6cb683b4ab63c0cb3.mp4,1,easyanimate
/workspace/data/genbuster-mini/extracted/train/real/58526b62e5880c3a9d65660775edcb19ee8247fad48011a16a00b27d252875c3.mp4,0,real
/workspace/data/genbuster-mini/extracted/train/real/d7b99c48777279b69cf5dd181a29bda9136090fa65727f8c78900f5a364128c7.mp4,0,real
/workspace/data/genbuster-mini/extracted/train/fake/cogvideox/128cc7ae4df75c34ada22af8475738f542b8de8a0ee08eaaeb46c85e779ccfee.mp4,1,cogvideox
/workspace/data/genbuster-mini/extracted/train/fake/ltxvideo/0a1ad26f3c916fc2549059237b6a28a801dd632b02c4b80365b823c09afd2073.mp4,1,ltxvideo
/workspace/data/genbuster-mini/extracted/train/fake/easyanimate/93f209775acb8a9b29925a165eaedfa31383b3c5c5df30ffeddde837504d4971.mp4,1,easyanimate
/workspace/data/genbuster-mini/extracted/train/fake/ltxvideo/b94b9cb925e40ab08cfb47d23444cd4d90216068b680286b773320374084b9e1.mp4,1,ltxvideo
/workspace/data/genbuster-mini/extracted/train/real/958a24e10d6db6020a6cee160c172f30f719c766516b394673b2e690d6a4c42e.mp4,0,real
/workspace/data/genbuster-mini/extracted/train/fake/easyanimate/226fcab7b024008e1d788bb6daffd465e3fced30458004312b417a8f7a84ab6c.mp4,1,easyanimate
/workspace/data/genbuster-mini/extracted/train/fake/cogvideox/2c7b0b5e84b797524712e598ecf6c1884c2757f7adccfccdbd7c0409a812634e.mp4,1,cogvideox
/workspace/data/genbuster-mini/extracted/train/fake/cogvideox/552b7534102aeaf10aa60b17511b08f6633cf19ac9edc99637e307720c8dd65b.mp4,1,cogvideox
/workspace/data/genbuster-mini/extracted/train/real/13b2d8f920d96749c33a5c11572520c49e410df61675338185a5a1f814660ec7.mp4,0,real
/workspace/data/genbuster-mini/extracted/train/fake/easyanimate/603b1e05c01fc19c69f9e2d3d939425263a12f3bce3334a4699e27d52814f5e1.mp4,1,easyanimate
/workspace/data/genbuster-mini/extracted/train/fake/hunyuanvideo/65dd4187488badced3d93b54ff108baefceb48fd27272b79ae11acadfb192fc8.mp4,1,hunyuanvideo
/workspace/data/genbuster-mini/extracted/train/real/74edc52521a6d4b52a6f0a3da5999cad054fabbc901ea223c39bae53c9982e56.mp4,0,real
/workspace/data/genbuster-mini/extracted/train/fake/hunyuanvideo/d36a76aac8acdcc769dafc0aada240cd9eba97813ccd48e6d532996b0cd40ef9.mp4,1,hunyuanvideo
/workspace/data/genbuster-mini/extracted/train/real/3d1e15debc28f65b30f46475762a4f1fc606c9e3c298983434e6d589938667b0.mp4,0,real
/workspace/data/genbuster-mini/extracted/train/fake/ltxvideo/49f3642c4aaf194853503e51652c32feddbb367aacc8ea40c27d41ade2c35084.mp4,1,ltxvideo
/workspace/data/genbuster-mini/extracted/train/real/b79a23d58abfbd36baba8c251b3ed994467194ae6bb2b74b5629c0763d29d5e6.mp4,0,real
/workspace/data/genbuster-mini/extracted/train/real/0e6359f5483752dd8cfd44bf61abfea139b07246a774dd1d41f57ca2c6bbe8f8.mp4,0,real
/workspace/data/genbuster-mini/extracted/train/fake/easyanimate/72e8be4d02e3d22ab288691615f8f732870026cf25bfcd626b0740707816c02d.mp4,1,easyanimate
/workspace/data/genbuster-mini/extracted/train/fake/cogvideox/521433c7b4055b3f918a490c603715728e4d12c8f94c2b4d72a2b8a9cfb1729e.mp4,1,cogvideox
/workspace/data/genbuster-mini/extracted/train/fake/ltxvideo/ce2f8eb1ca710ee7c067eeba3b84b937f3cda1e6619d90d84a4d668179cc1df1.mp4,1,ltxvideo
/workspace/data/genbuster-mini/extracted/train/real/2b2d95c0fde8d90654af8e0182ba77aa6f8322ed6b24dc20100b684686bb49bc.mp4,0,real
/workspace/data/genbuster-mini/extracted/train/real/ca6166f3399c89e92134fedc6ea991e6aca5d7ef3445635ffc90bce024226edb.mp4,0,real
/workspace/data/genbuster-mini/extracted/train/real/1373ee88dbded3bf861b98a0d9ab036c6bccd0f13be062d442012383d7c60f57.mp4,0,real
/workspace/data/genbuster-mini/extracted/train/fake/hunyuanvideo/f1af08f67c8044312fb88abed35b9d8f07ec24ff3805a37f55ee9791bc6134ed.mp4,1,hunyuanvideo
/workspace/data/genbuster-mini/extracted/train/fake/cogvideox/6fa0c073e49d552551713cb2faf325794e54a9e5f02c7b9ea5b58a2a6c20ac4c.mp4,1,cogvideox
/workspace/data/genbuster-mini/extracted/train/real/64d1a64794751a666092a2ebb7a4e1d506a6462405d45cbb9a2c265d072d017a.mp4,0,real
/workspace/data/genbuster-mini/extracted/train/fake/ltxvideo/933b354d38be9d89c5671b60c6e73872a3f5339e76634ccef937d98275eb4d48.mp4,1,ltxvideo
/workspace/data/genbuster-mini/extracted/train/real/227ee2e69b3c342b17854af6b1c3d6dc2a4f93b0d01152ad5d59615107aef661.mp4,0,real
/workspace/data/genbuster-mini/extracted/train/fake/cogvideox/bf53dd9481e8874fe09f3e94d52f45dd0ce49e0161c80ffc916cc1e2e4ff6504.mp4,1,cogvideox
/workspace/data/genbuster-mini/extracted/train/real/0410e09495d84c20ed2e40ba27ef49cd6d9983c56212ad6baa83c9be37f09d01.mp4,0,real
/workspace/data/genbuster-mini/extracted/train/real/14d782396431128a2f907baff49e062246451aeb907e30c4c74a82aba2678c67.mp4,0,real
/workspace/data/genbuster-mini/extracted/train/real/afa83c0fd73fdab6de2681fa5ed0acbdd2ce0982af08d557defe2310dcb3b8ff.mp4,0,real
/workspace/data/genbuster-mini/extracted/train/real/566ec1ef8fd412101fc7740e3290161c10327063a0d0d92b4fcf2a8c92205724.mp4,0,real
/workspace/data/genbuster-mini/extracted/train/fake/cogvideox/7c056d195ac035b7df98438870b59cdb2d518504a700eaff521875bfaef2a550.mp4,1,cogvideox
/workspace/data/genbuster-mini/extracted/train/fake/ltxvideo/66607f1197950113ea5ffd0220537b1025dc0b8aa82b868266a2ab89d165b7e5.mp4,1,ltxvideo
/workspace/data/genbuster-mini/extracted/train/fake/cogvideox/db562c514ccf950a62222fb3195c28bd5b98de28b2948ab96d48ebd84b50d82a.mp4,1,cogvideox
/workspace/data/genbuster-mini/extracted/train/real/d4eca156ac4cda6bcdbeb32408aaca55e5adcef3103ac537cf0d118e80349706.mp4,0,real
/workspace/data/genbuster-mini/extracted/train/fake/hunyuanvideo/622ad30da989dc50acfee4963c294ea44b712865e60f89362001af782f61fe6e.mp4,1,hunyuanvideo
/workspace/data/genbuster-mini/extracted/train/fake/ltxvideo/847b9231c50c85029be18960a262f94e7c37c3ea327df4ceac5fa297babc8311.mp4,1,ltxvideo
/workspace/data/genbuster-mini/extracted/train/real/441a683f26e93595e3f013c83c1205881e1a2e14c9a6881d0ad47b3dc770b045.mp4,0,real
/workspace/data/genbuster-mini/extracted/train/fake/easyanimate/3c7a3a9348c106e0a7bcc4c49a65d7a6d3ae3ec1a21a271aaff7f412567f86f2.mp4,1,easyanimate
/workspace/data/genbuster-mini/extracted/train/fake/ltxvideo/e33fab99f3394791fce7f6b82c88d05aeb458824a2648f8a0568703d8bc60c46.mp4,1,ltxvideo
/workspace/data/genbuster-mini/extracted/train/real/58ea2d8987299e03ead1db592c7b399e20eaf95e4707b4b9b9d3ce08afcc5b57.mp4,0,real
/workspace/data/genbuster-mini/extracted/train/real/fcad9cdcb684d2f483cf8bbd224e5910d129828ebede8fcc77557d21b5434f24.mp4,0,real
/workspace/data/genbuster-mini/extracted/train/real/21583c35c1a8ec6421c85a3165b11951ea29ed23e3eeb22472cf46ccb67b19eb.mp4,0,real
/workspace/data/genbuster-mini/extracted/train/fake/easyanimate/6a18d17d1dfef8b11c3d027b1152b49f9a66bb5e6232a6c42064bba0733d10f3.mp4,1,easyanimate
/workspace/data/genbuster-mini/extracted/train/fake/cogvideox/68396ea1eb552c40144116bd43459a29fa87ff0e9dfba22661181f85a65140cd.mp4,1,cogvideox
/workspace/data/genbuster-mini/extracted/train/fake/ltxvideo/b002c2bccf5335a6e0727f1a6cadd1a635ea7b3802fe281e8c1d622cc8654300.mp4,1,ltxvideo
/workspace/data/genbuster-mini/extracted/train/fake/easyanimate/926493f7fdc0f1efe86a4b93c47e9401d003c907c92520b8924465dfcc56896a.mp4,1,easyanimate
/workspace/data/genbuster-mini/extracted/train/real/5dbca7876e29228c23790e2bc6dca0e8a3114f9e4d46157df4c77b6f4d9e4ad6.mp4,0,real
/workspace/data/genbuster-mini/extracted/train/fake/easyanimate/3a25864fcd530dd44fd8f2b6897ce6f5c070a23989b60c9fdace6428d5e3b4fc.mp4,1,easyanimate
/workspace/data/genbuster-mini/extracted/train/real/32f7242e6147276bcfaa053c9600ee6a6bc45968f0c55f1875ca7c7a7bef41c7.mp4,0,real
/workspace/data/genbuster-mini/extracted/train/fake/ltxvideo/0d7c1627008d9109aec5eb3fb1fa521e258dd438ae9c6efcefdce190576c2da8.mp4,1,ltxvideo
/workspace/data/genbuster-mini/extracted/train/fake/cogvideox/bcfed59dcfc18ad58517d57a8bc3c358e60b0f49b319d10e90df16f3508c07a2.mp4,1,cogvideox
/workspace/data/genbuster-mini/extracted/train/fake/easyanimate/d7dca43735d6045670c933c7fa08604710af4bf582cab1ace2603a11219522bf.mp4,1,easyanimate
/workspace/data/genbuster-mini/extracted/train/fake/cogvideox/faf20f48ee9074e397b36a0694c810903be1b649087694e306b4d67dc610c212.mp4,1,cogvideox
/workspace/data/genbuster-mini/extracted/train/fake/cogvideox/8e1df91b6feeb8684c73be5016899d25f067877dd70d0a2e3bb6d600c113ee34.mp4,1,cogvideox
/workspace/data/genbuster-mini/extracted/train/real/bffbf63dc43a34f2e1510e5584faac2f8ada5e59a7ad9814c32b0bf71ea9e777.mp4,0,real
/workspace/data/genbuster-mini/extracted/train/real/35e27c0ca0ef3078153ebd02dc33839dce826c5ad1f4c4d09b3f3e1c0d6f7b75.mp4,0,real
/workspace/data/genbuster-mini/extracted/train/fake/cogvideox/5953ad5c95ea342eca259b4477d86a026717c735b989fa924d9b86d415c20142.mp4,1,cogvideox
/workspace/data/genbuster-mini/extracted/train/fake/ltxvideo/62ac1bf5ca5143958a3acab1c448d29b1fedfb23e58a103b210ec32a1308f3d0.mp4,1,ltxvideo
/workspace/data/genbuster-mini/extracted/train/real/a5ae503c4fc4f20a3f742b06e965c23185624d639f0cfaf888254470f200f5db.mp4,0,real
/workspace/data/genbuster-mini/extracted/train/real/5d3fdcfbad4e793697782f26333c4d6577ba57ec4608a9240f81a0a40fcf887c.mp4,0,real
/workspace/data/genbuster-mini/extracted/train/fake/cogvideox/e7bb0fcb37d6124f66b8fc64fed54e7a6310840654b71e253a1d4e236f6905d2.mp4,1,cogvideox
/workspace/data/genbuster-mini/extracted/train/real/13b0f3568b9b74500edf649f876b7c07cf9a272f13de72ad077fad372f5dadb6.mp4,0,real
/workspace/data/genbuster-mini/extracted/train/real/56fb40af002d54797474ec57126d03e21f45339896eb2ebb2f4ec7d9c8769756.mp4,0,real
/workspace/data/genbuster-mini/extracted/train/fake/hunyuanvideo/3a7b6d4955664698c91e431025f5bd92df5cf550ec5fe89e5f2847f6f650020c.mp4,1,hunyuanvideo
/workspace/data/genbuster-mini/extracted/train/real/48523a153710b09e11ec9b32151a1809da650ba6f6ac5ce8c5066229a2a74af6.mp4,0,real
/workspace/data/genbuster-mini/extracted/train/real/4966c461f917248b153d3ccb1c16565e0db7988d62ad3080dae34a24a86ccc84.mp4,0,real
/workspace/data/genbuster-mini/extracted/train/fake/hunyuanvideo/077e9cdcc2d81be930a7e1b2e504f4c214de1e7a9e5cfba78bef7cf18f18322d.mp4,1,hunyuanvideo
/workspace/data/genbuster-mini/extracted/train/fake/hunyuanvideo/2e793a67a6afbe41b98ced6660bfbfdbcecfe2ac7623e44bc1f850e46324bbd1.mp4,1,hunyuanvideo
/workspace/data/genbuster-mini/extracted/train/fake/easyanimate/bbdd6e12298464e3d4fb8c476233e3eefba3f00177827eceff9674c1cc165e5e.mp4,1,easyanimate
/workspace/data/genbuster-mini/extracted/train/fake/ltxvideo/87b7877d201c35353fd81f1ba2287476c167d08a1f410893c49667335a4fe517.mp4,1,ltxvideo
/workspace/data/genbuster-mini/extracted/train/real/d9b0772f1275c67f7d392f19e0cf0a8e444cedbe168de4c9d43b7357486320d6.mp4,0,real
/workspace/data/genbuster-mini/extracted/train/real/9272f27e01adcb57010027cb438471249630a6fe50a90645410f8de16bafeeba.mp4,0,real
/workspace/data/genbuster-mini/extracted/train/fake/hunyuanvideo/a86dd4a01f56a763752ce3e9c8eb7cba4fa73346124499fcb6284d4d0e92a7ec.mp4,1,hunyuanvideo
/workspace/data/genbuster-mini/extracted/train/real/cbce05a1db88855d70b49f73de4383897cce1fb92ad0a6cfff5d0273d9fe0d9e.mp4,0,real
/workspace/data/genbuster-mini/extracted/train/fake/cogvideox/80b85339ec37eef933788f929814fc379bcfdbca2ec013088f6913089dcff68f.mp4,1,cogvideox
/workspace/data/genbuster-mini/extracted/train/fake/cogvideox/d5f8d146f842b6f9559f930cca7e0508cb16f2833c62cb002b891eeb806a96ad.mp4,1,cogvideox
/workspace/data/genbuster-mini/extracted/train/fake/easyanimate/81463c58ff9fec4879839185122c21b29b2d18d798cebf5e2068db2eedfa7dd2.mp4,1,easyanimate
/workspace/data/genbuster-mini/extracted/train/fake/ltxvideo/5ba025194b6616c1c012d9809a22792d3f3a28c848b0988af1784ff1cc6bf850.mp4,1,ltxvideo
/workspace/data/genbuster-mini/extracted/train/fake/ltxvideo/6dbdcdb90b5964d72011556459181c32972abb029805630dcada9e9f1bef5558.mp4,1,ltxvideo
/workspace/data/genbuster-mini/extracted/train/fake/ltxvideo/04a97dacb52d31acbd123b71ec4a107a026e7bb76eb04d338cf8c342067474e0.mp4,1,ltxvideo
/workspace/data/genbuster-mini/extracted/train/fake/cogvideox/05188e2bafef3753eb0f014a924dc656f56ad108bd1a28db8e5afa6c5b1681cf.mp4,1,cogvideox
/workspace/data/genbuster-mini/extracted/train/real/10723d17ce60a1345c98ca67c3234fdf21a5bdbc1f1e9ea463009c2a106db44c.mp4,0,real
/workspace/data/genbuster-mini/extracted/train/real/bc72f766e2b68947437187366965928b8f66bd4561ff9b08cbad1da4232cb61a.mp4,0,real
/workspace/data/genbuster-mini/extracted/train/fake/hunyuanvideo/d3394f8dab12a41e761b8b0ef8d182453a5b1c5c6e6fd7af1738de7b77f45ffa.mp4,1,hunyuanvideo
/workspace/data/genbuster-mini/extracted/train/real/de4e3354cfdc8cc0c4f7bc6c00549e44c858978912dda06108b66bdc2e7d0251.mp4,0,real
/workspace/data/genbuster-mini/extracted/train/fake/easyanimate/98a38dea56506b493f35ca74cf479d92888b588804fcb5f23bc8bbce3ffc5922.mp4,1,easyanimate
/workspace/data/genbuster-mini/extracted/train/fake/ltxvideo/2a0453ceecaf55a59edcaa212f30b5aadca5a7974d847b0a56f1daeb242bd58b.mp4,1,ltxvideo
/workspace/data/genbuster-mini/extracted/train/fake/easyanimate/054c33f73944586af065bbf26967ee87def057a2706c12c23b8a7d73188f7565.mp4,1,easyanimate
/workspace/data/genbuster-mini/extracted/train/fake/easyanimate/4e1c8012520eb81ca6f8d2408603f76972526f3619d99513bcecb82378e0dec1.mp4,1,easyanimate
/workspace/data/genbuster-mini/extracted/train/fake/cogvideox/2f16a666f0b1e4d2941a7268fc8c1ae739eab5ccae97bf9862aede8d8b6bb6c1.mp4,1,cogvideox
/workspace/data/genbuster-mini/extracted/train/fake/easyanimate/acb080be2ee61a1bf93eacacf8eb2c5080b6ffe99a15af7bf5ad1bad92d89fdc.mp4,1,easyanimate
/workspace/data/genbuster-mini/extracted/train/fake/cogvideox/5a11e001b798b794b42343d362f303eb47d77b117d2c1d1f0c2edccd9f4fecd8.mp4,1,cogvideox
/workspace/data/genbuster-mini/extracted/train/real/125bf01d698885a2bbc3fcbce92f5e4f69cea71ba9bf5378bb130b6581da4c6d.mp4,0,real
/workspace/data/genbuster-mini/extracted/train/real/60da0703f1ac4a6c7109bf8c2390ea4e55df0ae0eb282625cea86bb93a299e99.mp4,0,real
/workspace/data/genbuster-mini/extracted/train/fake/cogvideox/2865c090b80519ef6f28d104929266f239f82e278211a519c09a38c4b1ddbaff.mp4,1,cogvideox
/workspace/data/genbuster-mini/extracted/train/fake/easyanimate/82b7d6b19b1a8f5ffd2a4a5482d6c12debb3a3d18a0771e3a953811f631e0074.mp4,1,easyanimate
/workspace/data/genbuster-mini/extracted/train/fake/cogvideox/25221733c97aba139dc2a45af4feae3e1be392e78767dcc094e9dde4c8d7da4c.mp4,1,cogvideox
/workspace/data/genbuster-mini/extracted/train/fake/ltxvideo/18899ffa9bbb6e4cd126470dbaec7b418cfd8391a8588cc84df95e80a63b4fb2.mp4,1,ltxvideo
/workspace/data/genbuster-mini/extracted/train/real/916c95fd736972ba50f3e4b2dc0b376a9f149bd21a27470b62f990579775c1c3.mp4,0,real
/workspace/data/genbuster-mini/extracted/train/fake/cogvideox/2374a0b1f5800d71e44a52fea3802b8de663531f04bcd695bc5ea760eea35edc.mp4,1,cogvideox
/workspace/data/genbuster-mini/extracted/train/real/3fcac356f89562a0e4fddf6935f717c506942dd2e33a2260cc13b4567534feab.mp4,0,real
/workspace/data/genbuster-mini/extracted/train/real/044afd5c66083d7f280ff34186511eec22cea3b2b4e77794ab3b9cf3baae374a.mp4,0,real
/workspace/data/genbuster-mini/extracted/train/fake/hunyuanvideo/dfc98a94f0bc6f3e9244b8bbbd483410611ba3ea4fae368c9f5f413d62aade90.mp4,1,hunyuanvideo
/workspace/data/genbuster-mini/extracted/train/real/0229729cb10171abe3f91cbf8b10e3cb6acd8e218538c4cc509fab0e2aa547c6.mp4,0,real
/workspace/data/genbuster-mini/extracted/train/real/3fb29e824353d25e47ea62afc53ffabf196c4165a74202b116ad26ce0f8f027c.mp4,0,real
/workspace/data/genbuster-mini/extracted/train/fake/cogvideox/c0ea10b84c88b365dbb7962673013ccfbbe8816a262d44d92488bd56338f0bd1.mp4,1,cogvideox
/workspace/data/genbuster-mini/extracted/train/real/e0b7fd0d9c63dd5d4003cf79f5ff1836abce69afd5133df645d4e5fede144afc.mp4,0,real
/workspace/data/genbuster-mini/extracted/train/fake/cogvideox/853a9bd3433228930ab152600b6331375eb2191323a53c9155dfe8de4a8e8678.mp4,1,cogvideox
/workspace/data/genbuster-mini/extracted/train/fake/ltxvideo/2a8fa94741e016382bb4d8fcb538987c1f737950d503c2a9b6cf40fee44764fe.mp4,1,ltxvideo
/workspace/data/genbuster-mini/extracted/train/fake/cogvideox/4b9b3645c580d620b50fc0810e377bbfc1452b2ff111515fbf271504f56aafeb.mp4,1,cogvideox
/workspace/data/genbuster-mini/extracted/train/fake/easyanimate/8a42be117249f31e1db9f1d08b3717435dfae77f6addca99c0af8220e5e89783.mp4,1,easyanimate
/workspace/data/genbuster-mini/extracted/train/fake/easyanimate/b1563e3cdfdbdf36a8558f1360265d91bf2436efc81eb40a4b34d790d5ff531b.mp4,1,easyanimate
/workspace/data/genbuster-mini/extracted/train/real/d66e0d8c3740282f7997cbca5cd79db1f87c85bf7008480d48254f295b29b72b.mp4,0,real
/workspace/data/genbuster-mini/extracted/train/real/37004f2644a65a6ca4abe31c0d783317d2a281e1f467fd8708f5f7711abd1a3a.mp4,0,real
/workspace/data/genbuster-mini/extracted/train/fake/easyanimate/93fdfc0cbc09b36d572f0e2cf3ea1f8f64267b70cc3bb8ebc359c72dc3c4a3ec.mp4,1,easyanimate
/workspace/data/genbuster-mini/extracted/train/real/203083bafd01b5a4b7258fddb40ab6ddd870c041157c8d8fc9af130da80a05fd.mp4,0,real
/workspace/data/genbuster-mini/extracted/train/fake/easyanimate/b4198684e0abbb3f78814250fdcef6605e92dc90442b08f8906cc359b829bf45.mp4,1,easyanimate
/workspace/data/genbuster-mini/extracted/train/real/91cac70a6096acb500e332f696ee5f273cd864df10cb7bb51bf200ffada416b0.mp4,0,real
/workspace/data/genbuster-mini/extracted/train/real/92ec9ed059f3f953eba23e5c0151b9c46cd5aba794bc0b9b84c46230f608a914.mp4,0,real
/workspace/data/genbuster-mini/extracted/train/real/6ee95d3f11eff59d7440e311b1bd4745db45e059e034fe646ba73fea6a8a7bab.mp4,0,real
/workspace/data/genbuster-mini/extracted/train/fake/easyanimate/39dd40aa3153a54d7700b97b3bec645a9bccb11b9519ee6c84ee894869793369.mp4,1,easyanimate
/workspace/data/genbuster-mini/extracted/train/fake/easyanimate/fa8d97898c6a4d30dd073d13cff7f0cd2590ef1bc9c765d9a797a50ef8c08cdc.mp4,1,easyanimate
/workspace/data/genbuster-mini/extracted/train/real/94f8225eb283497d389377025f00b9d63e72f3618e3783285d97839769492fee.mp4,0,real
/workspace/data/genbuster-mini/extracted/train/fake/cogvideox/5fed38cdba2266cb9bd6f97a2f3c0c74d6847cd1b491ea76e9f7ee45c4742cec.mp4,1,cogvideox
/workspace/data/genbuster-mini/extracted/train/real/26d66c318e47b386ef908718e8c1d96f50aae180f108409f2bae28e7534f2d6e.mp4,0,real
/workspace/data/genbuster-mini/extracted/train/fake/easyanimate/a2de34cf81facd5318f118ea0ac89c93b12564a6d0ef04050ee2ac0b0c6a4533.mp4,1,easyanimate
/workspace/data/genbuster-mini/extracted/train/real/4d2d571809b5fafa2f1e64fa9d014f9b2617c6c77a9df59b00f4103552e1c770.mp4,0,real
/workspace/data/genbuster-mini/extracted/train/fake/easyanimate/900f321d694efc91c02c9d1456f5846fb6dbf3c6e79bbf9e585404f8daecf092.mp4,1,easyanimate
/workspace/data/genbuster-mini/extracted/train/fake/ltxvideo/aa19462c54f2834ed6af6dec11606972b96df091d0d6194ff460b9303054e8b7.mp4,1,ltxvideo
/workspace/data/genbuster-mini/extracted/train/fake/ltxvideo/894480f667e237a6c636d8e90871723a66af3eb256ad3449f06f28296d186856.mp4,1,ltxvideo
/workspace/data/genbuster-mini/extracted/train/fake/cogvideox/3d8d28bfc3c6d935262366bc65f96d711f76fa1f84603ad3439b678930b54549.mp4,1,cogvideox
/workspace/data/genbuster-mini/extracted/train/fake/easyanimate/5e0307d7d64a8b24e0b8f47fc287df68e289edbb6f3b06db0b85d2508a8231d5.mp4,1,easyanimate
/workspace/data/genbuster-mini/extracted/train/fake/easyanimate/d0faf2341b1f8254408980ea4d0292cc9123c5fac69e5a74073eef6fd0c4ad55.mp4,1,easyanimate
/workspace/data/genbuster-mini/extracted/train/real/077ba08ecfedb3dcf6c05668b6f8c8f1a3289883f216ce0cbb48da5623f2bbd1.mp4,0,real
/workspace/data/genbuster-mini/extracted/train/fake/cogvideox/cdcbb2422eb4703c37b826d54e7074e5d20124d51eb595210a512cb56c53b052.mp4,1,cogvideox
/workspace/data/genbuster-mini/extracted/train/fake/ltxvideo/9b41e2aa4c5ef7cbdf673bdc4100bdf636218e7826d79c47cfa4526ef20df423.mp4,1,ltxvideo
/workspace/data/genbuster-mini/extracted/train/real/048d3a370843a623bae1674a7e4959215a8fe7001f08c789140b53a94f01f6c5.mp4,0,real
/workspace/data/genbuster-mini/extracted/train/real/42577fcfc514713b37c2e190e77084308cd96bdec1ee75b00e9857856a4b4157.mp4,0,real
/workspace/data/genbuster-mini/extracted/train/real/656dc04574dc56ed5b1bb576a7e2f2ead957820fbab92fdaac8f7deea12b2d01.mp4,0,real
/workspace/data/genbuster-mini/extracted/train/fake/easyanimate/466c7111b70bad3e144278115d85b281fb1cdf57c190378bb1d2b019ea22cc6f.mp4,1,easyanimate
/workspace/data/genbuster-mini/extracted/train/real/3c057536d1b2cd7289e50483e204d367b084ac174496f60b0d9eed7b21e5dc31.mp4,0,real
/workspace/data/genbuster-mini/extracted/train/fake/easyanimate/2f33d9bd0831b2ce74b2ed64add7af2a41fc30939b0f0956fe077e3cc5f4087a.mp4,1,easyanimate
/workspace/data/genbuster-mini/extracted/train/real/c33615760cb08cba21660ed9a7272a55ba45704c597dc6bc254b73b558e3eddd.mp4,0,real
/workspace/data/genbuster-mini/extracted/train/real/ff9637bb0c97da14b7ba8a7e13aa1503a211ac4bfcc3b8acfd5ba0e839b3b812.mp4,0,real
/workspace/data/genbuster-mini/extracted/train/real/14399ef3a90d923200547a98310d21484098630b999fd1e135af22f3ab8bfcbb.mp4,0,real
/workspace/data/genbuster-mini/extracted/train/fake/easyanimate/916420cf78c60d1c0b612fee93bee9f79a01340d155c1e94bc56ec59673bf2a4.mp4,1,easyanimate
/workspace/data/genbuster-mini/extracted/train/fake/easyanimate/0dbc59d6395434717f77007d277a4b2307fa461972563bbafc9e84056b9ce086.mp4,1,easyanimate
/workspace/data/genbuster-mini/extracted/train/fake/cogvideox/aecd4871d1c9594bb27711c62fb65c3ad0931ce1d6a5b5a91d484bdbc330d30e.mp4,1,cogvideox
/workspace/data/genbuster-mini/extracted/train/real/23063b80abd34ed6a899ce4fc97ea2321d5e013ca28653c309a164c6675bf1a4.mp4,0,real
/workspace/data/genbuster-mini/extracted/train/real/5e7b672ac3fa68d5912a5a8cb5920b19757870f9e51e4ff811dc3df4c277af52.mp4,0,real
/workspace/data/genbuster-mini/extracted/train/fake/hunyuanvideo/edeea93e93dde2422722fd354b84d0d4492774ba3a5499be97b462da44ae7b4c.mp4,1,hunyuanvideo
/workspace/data/genbuster-mini/extracted/train/fake/cogvideox/31f1da0e1d1135d5b81c221ea2c105495b49e31ff39da5d09e1de4dad3009f89.mp4,1,cogvideox
/workspace/data/genbuster-mini/extracted/train/fake/hunyuanvideo/793f17383b4cf6cbb375a03156877c1f86ec72824475e95b9e8aa58e55d20d6a.mp4,1,hunyuanvideo
/workspace/data/genbuster-mini/extracted/train/fake/easyanimate/8402b3160ce851fa1d435bd8f10653029dcae881a34ce0c0b40925a5ec5cb7ae.mp4,1,easyanimate
/workspace/data/genbuster-mini/extracted/train/real/6dd9160989f7022a821829662cda2fac4b75bdd0252a99bae34c62623a4b69c6.mp4,0,real
/workspace/data/genbuster-mini/extracted/train/real/0d0a7538ebee562a5920b9e46e0adff929b66772ed3e87dab8783e079221ed45.mp4,0,real
/workspace/data/genbuster-mini/extracted/train/real/6aa7eb4364dfc9ba664310c50d6958fad053d6e68df7e26b47681f87d3d6d2cb.mp4,0,real
/workspace/data/genbuster-mini/extracted/train/real/365a716d5f663752e5e67c86a6e770f8f4aace82de6412ecbe29547da803a200.mp4,0,real
/workspace/data/genbuster-mini/extracted/train/real/abd284591dddf74c04a1ba06c81bb0ae02582743822934c6c8ded6336fe65d79.mp4,0,real
/workspace/data/genbuster-mini/extracted/train/real/21b22fb35029cf8cd033ddca63c8984d97b203b06b1bfb7fb354e25c31ebfe1f.mp4,0,real
/workspace/data/genbuster-mini/extracted/train/real/171318b89bdaf02110b988981bebf07fd3825a61cad4e121f0b900bb03615733.mp4,0,real
/workspace/data/genbuster-mini/extracted/train/fake/cogvideox/85c3d9e16ea400739c3bc6ee5f01222d83136d74dea566d936195a6d2106c761.mp4,1,cogvideox
/workspace/data/genbuster-mini/extracted/train/fake/easyanimate/8666d66c78dc2f660963baa6c1992447e45087784230ce8db634b0676a2b0408.mp4,1,easyanimate
/workspace/data/genbuster-mini/extracted/train/fake/ltxvideo/b54c5cade8f76594115d14e2dc970968e9c709c8cc5e81f907e962fac7847217.mp4,1,ltxvideo
/workspace/data/genbuster-mini/extracted/train/fake/easyanimate/4330f4d6661b6a7c5a30949ae5b517429426e1ff4ce42adc49b458241965d76b.mp4,1,easyanimate
/workspace/data/genbuster-mini/extracted/train/fake/easyanimate/7b29e6e51a9de7bbd09f57734dfc2700374a55aeb451d31dd1d9b4592ee1ea96.mp4,1,easyanimate
/workspace/data/genbuster-mini/extracted/train/fake/easyanimate/6161dde12a5d56355a23c16b31eabd03056bf8c2544af7127a1e815a95d63de0.mp4,1,easyanimate
/workspace/data/genbuster-mini/extracted/train/fake/cogvideox/73dcbd06c24fc79ddd752946475004f0a2f8c6d4e32fd67e5b6b3faa48607204.mp4,1,cogvideox
/workspace/data/genbuster-mini/extracted/train/real/9c47e3a3687c4d59f1e6aad6a2920674f230c867ad8a748f2af9e012d7d26cac.mp4,0,real
/workspace/data/genbuster-mini/extracted/train/fake/easyanimate/3a8ef0b72f8e45b02ba839f3d634f79d00e7f2d79965af710ed3365e32c3a474.mp4,1,easyanimate
/workspace/data/genbuster-mini/extracted/train/real/72ec9ae77d7322575ba9a43bb98bb2ab3620ecb0eb6ea28ecc0aaa0c809eec78.mp4,0,real
/workspace/data/genbuster-mini/extracted/train/fake/cogvideox/af7b4b3ad18ae9e193ce061f8d5b6b5c7951d93e693f44c80003bce7684bb945.mp4,1,cogvideox
/workspace/data/genbuster-mini/extracted/train/fake/easyanimate/a24bf5bafffed69a32311e6bc63fe593914d76e6f597aa6e085e8cf29e022bda.mp4,1,easyanimate
/workspace/data/genbuster-mini/extracted/train/fake/hunyuanvideo/e0c9c4da75d1d09754eebaf95c4c330a1aaef9fe6398b79789a1cc2ed0f03f07.mp4,1,hunyuanvideo
/workspace/data/genbuster-mini/extracted/train/real/4f439a152d8d791dc8679f76e000d7baf72f44ebc04dd8aa972c5e8ba29f0f96.mp4,0,real
/workspace/data/genbuster-mini/extracted/train/real/85d1d7b3bf6819490fe18ca519a7096111a93d8fcffe2752810e12823d402bdb.mp4,0,real
/workspace/data/genbuster-mini/extracted/train/real/28a218f0ea143e57b0d043314e95494a076410c7e3c57aeb877fdedcff957484.mp4,0,real
/workspace/data/genbuster-mini/extracted/train/real/831b10ee2e3a0fa85fe1e0a973b6c420ee43d1f274db30c0730c09d739ccff92.mp4,0,real
/workspace/data/genbuster-mini/extracted/train/fake/cogvideox/f10b1d0c4c5a134589be3731947fabfb3e2a44cce846cfe74124e38af684c4ad.mp4,1,cogvideox
/workspace/data/genbuster-mini/extracted/train/fake/ltxvideo/1d076ba61903acc0f633eae5ad41076787de11b7b8c028b62f8f01fd4d9951d6.mp4,1,ltxvideo
/workspace/data/genbuster-mini/extracted/train/real/dffe09b64ea531ade7b7f3b70d82d9efc29115bc10a66c25fa226937c64a5d23.mp4,0,real
/workspace/data/genbuster-mini/extracted/train/real/cbc4f7ad3f79d13941c951c297f6a1d5214b59e69bff7e60a45e95522c93d063.mp4,0,real
/workspace/data/genbuster-mini/extracted/train/real/be16c570aa76cadefca4e7c900e6af807cb580eb7e9d30c58ef5df66a13c5b1f.mp4,0,real
/workspace/data/genbuster-mini/extracted/train/real/89e1e8af17883f7f4df8db568c77efc53ee857f34749a78d6c873a6da95b9fd4.mp4,0,real
/workspace/data/genbuster-mini/extracted/train/fake/hunyuanvideo/8f87b12bf4586c56ab51cbd6115e7b5108812b90d171a2ad55bcdc1ed27b8795.mp4,1,hunyuanvideo
/workspace/data/genbuster-mini/extracted/train/real/98c82708e9d028713e29cc6dc517b5c096d785b994e5faf92b3970e1a0a060d5.mp4,0,real
/workspace/data/genbuster-mini/extracted/train/real/ff527196a30703b5eb70ff5bdf26d3235d6f05e1f4cc311c4e83616c546e0eda.mp4,0,real
/workspace/data/genbuster-mini/extracted/train/real/9f9e82e2d03f7c85f576f78cd25414dbe3f73ba928b3b5de156be2ff75f172a9.mp4,0,real
/workspace/data/genbuster-mini/extracted/train/real/45176d0a42feab9e97b6b6b362171ad62b477059d006af00c9cc488c717802e9.mp4,0,real
/workspace/data/genbuster-mini/extracted/train/real/7072d4ed33dc1bf01f044c2707b46166a98aee2f5db9c1751bfa72df2634ebfd.mp4,0,real
/workspace/data/genbuster-mini/extracted/train/real/4eab49a9f2ced4b53d578be9cab57a2eebfb08eaa8cd4fc2c6f91f7eaaf8e97c.mp4,0,real
/workspace/data/genbuster-mini/extracted/train/fake/easyanimate/457f2cb865973db6d9cac1bcf5e2fbf9531ed7387d6e13d53907cd0035c8b3b9.mp4,1,easyanimate
/workspace/data/genbuster-mini/extracted/train/fake/cogvideox/fb978464e58c4e5918b70b7ad93cf4d35d691ccf02dddee1ec9be568d367b9bc.mp4,1,cogvideox
/workspace/data/genbuster-mini/extracted/train/real/216eb2f8c9084cdb8887f31f12c239c333a30e244a06c579ff17a4f69fb313b9.mp4,0,real
/workspace/data/genbuster-mini/extracted/train/real/2d84005982ec7d5f774905dd668e7ea1604f3c04bf962473aa256ba74094f76c.mp4,0,real
/workspace/data/genbuster-mini/extracted/train/fake/cogvideox/ff4e6fd590c544eaab7a82ba08aa55aff7751e15b58206763fcaa9c3b5761a1e.mp4,1,cogvideox
/workspace/data/genbuster-mini/extracted/train/fake/cogvideox/7a61a83cdb0ca259745fa29bef66bea68177b6d7e9856a8f646e25e78b91f416.mp4,1,cogvideox
/workspace/data/genbuster-mini/extracted/train/fake/easyanimate/ab0018cc89c8671909d7b4342b86ef54d9d289f28e8331f75ff6a2f2266d6025.mp4,1,easyanimate
/workspace/data/genbuster-mini/extracted/train/fake/easyanimate/74a2042068f9e28c80314d80b0417336aab153ffe52df99a14f608fcea07dee1.mp4,1,easyanimate
/workspace/data/genbuster-mini/extracted/train/real/72997269f6f221984996a1d93a8cfb7541848e9810ef9ee27472c1217ba6c611.mp4,0,real
/workspace/data/genbuster-mini/extracted/train/fake/easyanimate/95217395541d8c24f52d2aef7a6f696a12c58f43370389cf762909ce17263c28.mp4,1,easyanimate
/workspace/data/genbuster-mini/extracted/train/fake/easyanimate/aac37e46b7b9953e2402c1e4895302c63d98729de09e123b0c493b3f017be7a4.mp4,1,easyanimate
/workspace/data/genbuster-mini/extracted/train/real/974d9516f910bbe413119b970315620bd787142d4fbe5c8b73bd6273b1d5fd13.mp4,0,real
/workspace/data/genbuster-mini/extracted/train/real/0b6ac45f408eeb5f0f4b404e9846bf9cf6297572d6dcd0d6a72c8b5be43f87b1.mp4,0,real
/workspace/data/genbuster-mini/extracted/train/real/7572c3a341ea470ad9b011d2a01950da481129e852e96bacbed7849e0d18dca3.mp4,0,real
/workspace/data/genbuster-mini/extracted/train/fake/cogvideox/8893507c2403a0310159d2415719dcd2b981d22280893b2a4e69f49fdf48dc08.mp4,1,cogvideox
/workspace/data/genbuster-mini/extracted/train/fake/easyanimate/30a23e6cc043b85168f083bf7bacfee17689f617cbffefe24fdbe20d84b289b3.mp4,1,easyanimate
/workspace/data/genbuster-mini/extracted/train/real/57b16e5d39f50db855c3534adda7de280ef01a1fc0440dcd13a6824580c94991.mp4,0,real
/workspace/data/genbuster-mini/extracted/train/real/32c9b39c6c3c3860072e687b333692679609fe1709aa51136a24e6dd7e6abf75.mp4,0,real
/workspace/data/genbuster-mini/extracted/train/real/68959da1e8f654a3d1eef38365c99d0a06e610313b54ddf7af5ec94ec46a2350.mp4,0,real
/workspace/data/genbuster-mini/extracted/train/real/c34f998e5514d5d51b132ca12cb454ed9bc63644ecb2eb68068a73f361ad19a1.mp4,0,real
/workspace/data/genbuster-mini/extracted/train/real/cc8c01a2ba88b035c0088256d61af9003d26a203418b874a28a555edb8c33cf1.mp4,0,real
/workspace/data/genbuster-mini/extracted/train/real/a8e8b21176f899015d133c23a3a27063497a4480ccecff5c2e4758236f0dd93e.mp4,0,real
/workspace/data/genbuster-mini/extracted/train/fake/easyanimate/d24d82d21523f9a71e68de1441aca88942e196161aa99590a170a783b78d8ae5.mp4,1,easyanimate
/workspace/data/genbuster-mini/extracted/train/real/a89bb3bd72ac3c3b2e61155f7a26a0c4ff909e72b6e3ea9b9fd82b31abc7ddf5.mp4,0,real
/workspace/data/genbuster-mini/extracted/train/fake/cogvideox/14b4579e150a7a7e0d0103d3431367aee9d3d7f579d550993f9ef0d46e6cbf03.mp4,1,cogvideox
/workspace/data/genbuster-mini/extracted/train/fake/ltxvideo/607a345ea2e18a14ff4ad7d23f7915a2dac30dae48408e7c88750bec22030d66.mp4,1,ltxvideo
/workspace/data/genbuster-mini/extracted/train/real/9003e6c6fe7aab5a15f5f2e83d4b3ad02c7cf5989afb61ecc173941b759b2922.mp4,0,real
/workspace/data/genbuster-mini/extracted/train/fake/hunyuanvideo/38a19faa2f928dfd384445fe1ba9e73ac5b1e7c9febc9f9e91bc9e6034600794.mp4,1,hunyuanvideo
/workspace/data/genbuster-mini/extracted/train/fake/easyanimate/c68e29b10ce938f7fe92a7e42dfbfcff0383503d7a17174fc4aac5ad547d79df.mp4,1,easyanimate
/workspace/data/genbuster-mini/extracted/train/fake/easyanimate/853f68a9659b7603013347117f7be1efec872f55accd9542d2c581b728fa450a.mp4,1,easyanimate
/workspace/data/genbuster-mini/extracted/train/real/8acc77713fe94af77fd507994b335405ed6ba9148fedf125ba6d212e46c01583.mp4,0,real
/workspace/data/genbuster-mini/extracted/train/fake/easyanimate/13f5c8341537a5140cecd1d63a88dd42fb46bfef12231c48aee667a55989b9c6.mp4,1,easyanimate
/workspace/data/genbuster-mini/extracted/train/fake/ltxvideo/1c6170bb994d36200907e939d78d3e252261bbf59cba5450d5a4c270df80b0e2.mp4,1,ltxvideo
/workspace/data/genbuster-mini/extracted/train/real/953d3d84075bd1ef3061c02995e8334b1d11401861d14998caae45fc81a2f40f.mp4,0,real
/workspace/data/genbuster-mini/extracted/train/fake/ltxvideo/9b73260921e18173ea210b3e37329e7298acc6080ea14c136d85cf6b0e9a8d23.mp4,1,ltxvideo
/workspace/data/genbuster-mini/extracted/train/fake/cogvideox/318b5bf14e0df78b777e714b58f9ae79e6e2dbde72f027ce8a90177d021f0e1a.mp4,1,cogvideox
/workspace/data/genbuster-mini/extracted/train/real/626799a502dd7b2df3c1c899bdbb2787ea8d473e25dc33f3bc1f6a32f5f4fecd.mp4,0,real
/workspace/data/genbuster-mini/extracted/train/fake/cogvideox/e143bdca809fcb297e6f4895de992c66555a9af605462179f1a2e1133183472a.mp4,1,cogvideox
/workspace/data/genbuster-mini/extracted/train/fake/ltxvideo/76b89a50534d9ecf4a7577cf2f80385739e3940cc5ec16f1118233cd58271cd9.mp4,1,ltxvideo
/workspace/data/genbuster-mini/extracted/train/fake/easyanimate/e0232d905d5712edb0397602352d8458bdb2adfacf6b4c1a36f7acb44956ef3a.mp4,1,easyanimate
/workspace/data/genbuster-mini/extracted/train/real/cd8311d68e219716740045230b146646a3bc4cca492298d77c33618e9d150726.mp4,0,real
/workspace/data/genbuster-mini/extracted/train/real/c22be4f3a05ab06498234f18509018a7fbb180af27d6be79b34195a6ce780374.mp4,0,real
/workspace/data/genbuster-mini/extracted/train/real/f9c72f92bd6206ff3d10cbc6ad2ad447c982e051ac22a9aa564fce9ab29314ff.mp4,0,real
/workspace/data/genbuster-mini/extracted/train/real/318a61387b962108583b3256623ea512d7860750a2b38f81b195c1da1a67407f.mp4,0,real
/workspace/data/genbuster-mini/extracted/train/fake/ltxvideo/3985ba58acc00e2fa568ef21b162268f6af4cfbefb12714ecb19f16f9841afd1.mp4,1,ltxvideo
/workspace/data/genbuster-mini/extracted/train/fake/cogvideox/4e14fd739acc3804bb631c090318676e885417e786d95a6ada24db44c67e8518.mp4,1,cogvideox
/workspace/data/genbuster-mini/extracted/train/fake/cogvideox/926567e1df4c5c12f62d464d52b170bcba2146929f00ca46d61474f3449e85b8.mp4,1,cogvideox
/workspace/data/genbuster-mini/extracted/train/real/7a2013124e945485f277b002656fac22161213cf6609869de6d2c2f4cbfef9d2.mp4,0,real
/workspace/data/genbuster-mini/extracted/train/fake/cogvideox/a3d80cb716ee7c25e1222c5ba83737df77a5004c3793e90392e6ad6974741eb9.mp4,1,cogvideox
/workspace/data/genbuster-mini/extracted/train/real/e9a5c29a20fe22b9552935d2c0f06ef6075f4c4c36e6903d222cc170662b3a94.mp4,0,real
/workspace/data/genbuster-mini/extracted/train/real/3009d100f01398463b489b36e5b54f61323ecf0a7af5c3301714fa9beb323e49.mp4,0,real
/workspace/data/genbuster-mini/extracted/train/fake/cogvideox/551e3dfd7bb5e8c5c5f9d725f305230acf6809dd3991401205d8cd3af4428022.mp4,1,cogvideox
/workspace/data/genbuster-mini/extracted/train/fake/cogvideox/c78fda793eefbfb2fa49533c3184956e0637e6984981f0efef5a6713a8664eae.mp4,1,cogvideox
/workspace/data/genbuster-mini/extracted/train/fake/cogvideox/5ddd9780768bc4ebfeebc9cf244582657f847f05713ed59d8ac079fb67a30ae0.mp4,1,cogvideox
/workspace/data/genbuster-mini/extracted/train/fake/easyanimate/f2b60eb91586c5011591ae9ee947fc8bfb00cc258b89dd2809cc7d4c36c6f437.mp4,1,easyanimate
/workspace/data/genbuster-mini/extracted/train/fake/easyanimate/e261c61b53eeb7ffbf3f9588e43c4dbff6d99e3c24dd7bc37181134791853e2b.mp4,1,easyanimate
/workspace/data/genbuster-mini/extracted/train/real/94873cf42c8d7be1ef20cfd00d5fc840396698a6566a77362ea30aec98766f32.mp4,0,real
/workspace/data/genbuster-mini/extracted/train/fake/ltxvideo/3219d1bb299a6b1b5dc8f3ce76a928c368111fdb3594406c3a776a77d901288b.mp4,1,ltxvideo
/workspace/data/genbuster-mini/extracted/train/fake/easyanimate/5df8ac936c64d93953a45dd56bda3334dea9f194c72c6d0244229539e26d310d.mp4,1,easyanimate
/workspace/data/genbuster-mini/extracted/train/fake/hunyuanvideo/386837155fb2409e06ac495ab285d50c2cdad3e0451f9a30081127d4a9b479db.mp4,1,hunyuanvideo
/workspace/data/genbuster-mini/extracted/train/fake/easyanimate/6f7fe983af6febec4e2e8d5ac2513f79393ed490112b83da3876a472072e3eb8.mp4,1,easyanimate
/workspace/data/genbuster-mini/extracted/train/real/9e281a129ddb04c06ef684a70748c3a0e725c066fda97bb76a6970010103317d.mp4,0,real
/workspace/data/genbuster-mini/extracted/train/fake/easyanimate/09b2e4932c83ae3b3e8771f90fc330ff81378c7aad38899bcc4fdf07f5207071.mp4,1,easyanimate
/workspace/data/genbuster-mini/extracted/train/real/8b978b966cbdcc3f02fef2456c9ef0a71b5bbd2b3db298b808809120b646c7d4.mp4,0,real
/workspace/data/genbuster-mini/extracted/train/real/331b69e6464f4052910f932282bc8d67cc28f562f4cb1324ec7eac0bd0e1984e.mp4,0,real
/workspace/data/genbuster-mini/extracted/train/fake/easyanimate/618715a4d4d8828b757ece5b7a70c339e28fcc30578086876c0785bdedccb84e.mp4,1,easyanimate
/workspace/data/genbuster-mini/extracted/train/fake/cogvideox/4e2fa0604b0f6aa4d753eb7bb17eb5894148befbba320fda8ed27ba8df87f4d4.mp4,1,cogvideox
/workspace/data/genbuster-mini/extracted/train/real/77f0e2f0f718470187cf4d0f87be6474679ab409faac582bf3a591d584398c17.mp4,0,real
/workspace/data/genbuster-mini/extracted/train/fake/cogvideox/94f7f5f29535b21c9addda4c12990843730bb037283fec17f8a640c44e34f6c7.mp4,1,cogvideox
/workspace/data/genbuster-mini/extracted/train/real/cfff5c649bb5c740d781738ce1cf1e77b2bba0a8094a4e29b9269ca1f6a9bac0.mp4,0,real
/workspace/data/genbuster-mini/extracted/train/real/69d61245b04e193e23c5ed4bf2b169ad4da683948633daaee0419cf0414f2ef8.mp4,0,real
/workspace/data/genbuster-mini/extracted/train/real/0ed98dd8e687e8e8113ea511c9280bae98f6506ddf01f462c902de0fb0dce068.mp4,0,real
/workspace/data/genbuster-mini/extracted/train/real/36bef4505677e7e4f157c5cafc28667dbc872958b21bf661548c57d1680f4942.mp4,0,real
/workspace/data/genbuster-mini/extracted/train/fake/easyanimate/922d3a2ae0191a9462cc135210e79f216048b4e00c507694b5e0ed83a7c60460.mp4,1,easyanimate
/workspace/data/genbuster-mini/extracted/train/real/3b4143701dd8eeba1c4fdde530996a47c734c34d23aaf7257c8ffc9817b81e9f.mp4,0,real
/workspace/data/genbuster-mini/extracted/train/real/00e0a7eabbf85b01c00fd74011c5a47428c4de5064874d21ca4dae12d438214d.mp4,0,real
/workspace/data/genbuster-mini/extracted/train/fake/easyanimate/92f235decfc7cc952082d26747e124d693d3c6e485a999be9b2edef289f1940b.mp4,1,easyanimate
/workspace/data/genbuster-mini/extracted/train/fake/easyanimate/bc16f547bb6934851c03dc65fd1c93759581f0ad07f2c296f00d42adb3a6327d.mp4,1,easyanimate
/workspace/data/genbuster-mini/extracted/train/fake/cogvideox/3df8644bdd84efc3c0b067addefe7a821f4220820db07a7f2ef13a52712efe96.mp4,1,cogvideox
/workspace/data/genbuster-mini/extracted/train/fake/cogvideox/b887c0775b584fd65c4676462ddf710b48f2b3d6316cbae2d49c355c9abe8dba.mp4,1,cogvideox
/workspace/data/genbuster-mini/extracted/train/real/15be53f322b312180e244914aed2ee645f451c164c05cc109f36b0c181adb025.mp4,0,real
/workspace/data/genbuster-mini/extracted/train/fake/easyanimate/dff85fb8f0c216d4ca425fa9d9946ebba50c67fe6f77c4e7990a06b27d3f125c.mp4,1,easyanimate
/workspace/data/genbuster-mini/extracted/train/real/63cf417a4f7bd48ba0647777cc2d632e767b92261a9c7fc40c7fe610327b343c.mp4,0,real
/workspace/data/genbuster-mini/extracted/train/real/5bcb46d2e7321b8f9d0cd3132e5746e5d32a8f84b78055c2aa774baba22fa8fd.mp4,0,real
/workspace/data/genbuster-mini/extracted/train/real/e0863d3038887b156dea398230acf5463b3539f8d4e35e2eb0e99d5d081afec1.mp4,0,real
/workspace/data/genbuster-mini/extracted/train/real/16eb2ce91dc216428f6bd046d53c50bc79ebb406617271c4f236520e97069d53.mp4,0,real
/workspace/data/genbuster-mini/extracted/train/real/d1f1415725a132e51d2e0dab25330d71a0e2aeb9005d610d5956767f69b7f044.mp4,0,real
/workspace/data/genbuster-mini/extracted/train/fake/cogvideox/d706caa117d4d27475e5a01de7725b0a939a9c9f2f7c53e805fa988c4f8d7403.mp4,1,cogvideox
/workspace/data/genbuster-mini/extracted/train/fake/hunyuanvideo/d3e63503e1323a5fef4134bc20f4981ae76b20771645d5b49b30f3cbf8877859.mp4,1,hunyuanvideo
/workspace/data/genbuster-mini/extracted/train/real/219199f46e00b5b793b69d7a301dbde1aa145816fb40a70e0a093fa0c1e432b4.mp4,0,real
/workspace/data/genbuster-mini/extracted/train/fake/ltxvideo/671f83bcdee8c2b8cf4c4f7da63c52be57567848f7aa9dbbb713dad5be9f4e20.mp4,1,ltxvideo
/workspace/data/genbuster-mini/extracted/train/fake/cogvideox/82cd9f23c417f53e8aaa825f67592fc96e4d3fe0b688843840d5adef2fff77f3.mp4,1,cogvideox
/workspace/data/genbuster-mini/extracted/train/real/888d0b51f14ddf8a3b99d1b08686e7989d8270420d0f71f514e9d8a14c6802cd.mp4,0,real
/workspace/data/genbuster-mini/extracted/train/real/f8bdc886909a5b1d8e669813178e6f458229a0169cdd35185037cb8eb40e11b2.mp4,0,real
/workspace/data/genbuster-mini/extracted/train/fake/cogvideox/b99782bc65d10b566c3193e3131ca9bb3209ea05dc6a2a7b1bb47edabfb48b79.mp4,1,cogvideox
/workspace/data/genbuster-mini/extracted/train/fake/easyanimate/d78037deb07ac9ba7e43891cfea296e5e78892848cdada270efda52b2b7359d7.mp4,1,easyanimate
/workspace/data/genbuster-mini/extracted/train/fake/cogvideox/c99c20db685b3a6d13955824248f92c95d257647aff72372a090d89f4cea435c.mp4,1,cogvideox
/workspace/data/genbuster-mini/extracted/train/real/f57ab373aecdfb2c0dbe790adadf2f5ae78c47d7b2394836279fddc7649de6b9.mp4,0,real
/workspace/data/genbuster-mini/extracted/train/real/358b598f81eb8bfd8d23238af9317e519b63e865fd18e94dca153557cfe2a3ee.mp4,0,real
/workspace/data/genbuster-mini/extracted/train/real/0cff44becd63f9b4f1d9dd5e832c11eb914c28d2b4be73e7f9d0769cb6f43922.mp4,0,real
/workspace/data/genbuster-mini/extracted/train/real/68c94db2a9d0d6519adb59ae15fc8ee5d4cb3e2d2abba2146f794cfcc84e8f27.mp4,0,real
/workspace/data/genbuster-mini/extracted/train/real/6701876676b7e58774c79e4c36a9ac18ad0565c9d248dca625c02c89f3b9bbbe.mp4,0,real
/workspace/data/genbuster-mini/extracted/train/fake/easyanimate/8fffaeaac70a1845fa6fb3eace6276a8d9beda36e7e29fa9d44660e5cbc47322.mp4,1,easyanimate
/workspace/data/genbuster-mini/extracted/train/real/49c4be774b474190d968890c374441b50c07dda0f59325decb24d5401b7295bb.mp4,0,real
/workspace/data/genbuster-mini/extracted/train/fake/easyanimate/f113649d2d4f5df79cd174edf128cf8c3f3f64ad2116c2592c50f6bd81d18940.mp4,1,easyanimate
/workspace/data/genbuster-mini/extracted/train/real/28822022bce6e1f26fbe8b0c0683e68f3b18619dd18748ca6d775650ccf7c3ae.mp4,0,real
/workspace/data/genbuster-mini/extracted/train/fake/ltxvideo/e1c715c0a33e80b1ede02b0f70e9c89ca33edea5b2c75c69afa6455555d92262.mp4,1,ltxvideo
/workspace/data/genbuster-mini/extracted/train/real/671e3600bf382459f3928ab2b22719f0d7f8a6d650b9e990383b61a0843ad531.mp4,0,real
/workspace/data/genbuster-mini/extracted/train/fake/easyanimate/000e08366fd18af9c6bfd87a96731c1ab92a5bb23a67cf198bb5912c04032f40.mp4,1,easyanimate
/workspace/data/genbuster-mini/extracted/train/fake/cogvideox/4dbfbb29b8bad0516a270f5e322c037428b4cc1066840b2aa15106a7efea9bfb.mp4,1,cogvideox
/workspace/data/genbuster-mini/extracted/train/fake/cogvideox/7a70538e52c81165c33153192eef03e05a28b82ae3178ae698c73bcb2bad47f3.mp4,1,cogvideox
/workspace/data/genbuster-mini/extracted/train/real/78e1eaf0694ac0ab2b2cde4be838e5861e8deea31a32152296b6a827e4148e9e.mp4,0,real
/workspace/data/genbuster-mini/extracted/train/real/1645ad401b3eefdc962551d6d44d0d5419c4ae9af4dcfaeb98583a6809cd8878.mp4,0,real
/workspace/data/genbuster-mini/extracted/train/real/7ce703bbe84dfa6ec7ecfc6f7c2204afa997183571643c6b774a6d549f67ebfc.mp4,0,real
/workspace/data/genbuster-mini/extracted/train/fake/ltxvideo/ad141759f2ec6bd8778345e6642bc00a4816ec33b89d02b5627a78b23c3ed0e0.mp4,1,ltxvideo
/workspace/data/genbuster-mini/extracted/train/real/108126ee458f3eed92ed5e31527f831196c038829d7e43f1eb1f76d2ba809dbc.mp4,0,real
/workspace/data/genbuster-mini/extracted/train/fake/hunyuanvideo/f954279e05d0b1acc72cf58fba230a4f6491c972991d67f265c5cd848909373d.mp4,1,hunyuanvideo
/workspace/data/genbuster-mini/extracted/train/real/da3cdfbfa7e0bb2dc6baa122fd443ec3d79e10e6b876d3572fb778b2fa3b717d.mp4,0,real
/workspace/data/genbuster-mini/extracted/train/fake/cogvideox/981e9c6e1ffdcf3f0c34d250230e4ce62ffbe34f280d8f531e0ff23093a4d873.mp4,1,cogvideox
/workspace/data/genbuster-mini/extracted/train/real/e73b43745cf6960a0ce8c3a0ccc03e204d6241952b7390760e0402bc7166e5ce.mp4,0,real
/workspace/data/genbuster-mini/extracted/train/fake/hunyuanvideo/ea406e15bbf4817fe693fbe6d13072d4af3d9492a383f981ae266db47800b20b.mp4,1,hunyuanvideo
/workspace/data/genbuster-mini/extracted/train/real/393f31f9aa98989467c9a92d62cf4496ece563ece571572eae4a492c7a239edb.mp4,0,real
/workspace/data/genbuster-mini/extracted/train/fake/cogvideox/b952ef8e03d1cbd9f27c8838b0efe7b6e0a471d76901029bf621508691657ceb.mp4,1,cogvideox
/workspace/data/genbuster-mini/extracted/train/real/964c6e4fae6f1693c4a1a7ff371fde9fe572c84ffe829f3870364d332d4b64b9.mp4,0,real
/workspace/data/genbuster-mini/extracted/train/fake/cogvideox/a15baad4ddf480a679a2057b27dd5730def951fec2d13064d23c1b1da420a021.mp4,1,cogvideox
/workspace/data/genbuster-mini/extracted/train/real/2fa6ec31c31b8453dd3babfc86411b2c7e2cd72f8f5b101998cf45434bf1976a.mp4,0,real
/workspace/data/genbuster-mini/extracted/train/fake/cogvideox/b12d40f9c15129677e226d796951aeda20ccc2e3755277c15d7c5ecd4e6353a6.mp4,1,cogvideox
/workspace/data/genbuster-mini/extracted/train/fake/ltxvideo/2be6bf944c0b348a1a9a5b1ed7a7129d0c01d1ba1bafcc989033d058134e0075.mp4,1,ltxvideo
/workspace/data/genbuster-mini/extracted/train/real/e17e9cea7f99e9f260913777c3ede1468b3fe2c7f995b68a2b4e791f97ab9640.mp4,0,real
/workspace/data/genbuster-mini/extracted/train/fake/cogvideox/dd9ad88163fc7e89caa0f49ced04c5ed5a1e4ea95e0cb9cdceaeb64bb70b5f71.mp4,1,cogvideox
/workspace/data/genbuster-mini/extracted/train/fake/cogvideox/85f6781438dc5dcb3adb3104c946920000716e5cce152d1c7deb278577bda5cc.mp4,1,cogvideox
/workspace/data/genbuster-mini/extracted/train/fake/cogvideox/907e8a5a8833ead25a0f4454f3601023ff93cd5824b2d61ce0dd4c26d178b881.mp4,1,cogvideox
/workspace/data/genbuster-mini/extracted/train/fake/cogvideox/0af8a39a4784ba7aadefddb6454f9b2f6f759dd8e1630fc34e7442ae67a26116.mp4,1,cogvideox
/workspace/data/genbuster-mini/extracted/train/real/a07f58df6380c3c4ac387c00e5af7d04fa69042109ea22e524529cb2f3d9ea1d.mp4,0,real
/workspace/data/genbuster-mini/extracted/train/real/c786cd4f25469418ad100e96e268494b238db9958425344aa62c845b0fa50e4a.mp4,0,real
/workspace/data/genbuster-mini/extracted/train/real/85f899d4c288f206a9050380f7bf89a9f593f9bcc4bc2fbcb1c44da9ce9e1b09.mp4,0,real
/workspace/data/genbuster-mini/extracted/train/fake/easyanimate/904a1effa7eda7df2d7e589c8fac1663f292902676e19cbf90eb905aabee230f.mp4,1,easyanimate
/workspace/data/genbuster-mini/extracted/train/real/620db709bfd5dc7156793ff8f3275b8d466661f08989f0877008ee33d806a695.mp4,0,real
/workspace/data/genbuster-mini/extracted/train/real/046974a4c2d802eb7606ed40fb2e2537a37fedd06268026ffb3c3d7533614b2a.mp4,0,real
/workspace/data/genbuster-mini/extracted/train/fake/easyanimate/91e56294e24f4c1a453396a4a0478b8dccd89ced834124fb3c1d2c9994a3c822.mp4,1,easyanimate
/workspace/data/genbuster-mini/extracted/train/real/b44cf62188ffe914ea9e1d2c9962c9ec5c9d92222d68987ff10f1e00caf5f05f.mp4,0,real
/workspace/data/genbuster-mini/extracted/train/real/8152603ef227c9f5349eac7a667d09ceba7d9cfe4bc5251766ef43129a042e4f.mp4,0,real
/workspace/data/genbuster-mini/extracted/train/fake/hunyuanvideo/35283f42d80e2a46065f3d5bb6371109bfd4dbfd4f69528548084c2a16fb3333.mp4,1,hunyuanvideo
/workspace/data/genbuster-mini/extracted/train/fake/easyanimate/28d68b4102e6cbad728d7bc43264ca0658666f5201901d19cac4fa33a18f63e7.mp4,1,easyanimate
/workspace/data/genbuster-mini/extracted/train/fake/easyanimate/f8909c78230c9d907588f132b242a071f84ed1b023a9397d4bfc7102f79fd131.mp4,1,easyanimate
/workspace/data/genbuster-mini/extracted/train/fake/hunyuanvideo/14c263399400f4c39579ea9b38ed2a73bb29bb0b944ca0c6d902a0614ca715c7.mp4,1,hunyuanvideo
/workspace/data/genbuster-mini/extracted/train/real/920f53602ede4df556edc0769da65234e58e3eceebb52cc2ba95333216ec6aa7.mp4,0,real
/workspace/data/genbuster-mini/extracted/train/fake/easyanimate/f045ee270bf68fe4b3d7436167c062d7c2d09e1223b3fd259922ca274bda56f8.mp4,1,easyanimate
/workspace/data/genbuster-mini/extracted/train/real/4ad1a00b63591cb860b53dc75e86351aa6ab3b9b93e9938bd58e022d127f46a5.mp4,0,real
/workspace/data/genbuster-mini/extracted/train/real/3599f17c8b79ea55d22b8541b639a0ac6eee66e1a6e74a7e683b5178cda759f1.mp4,0,real
/workspace/data/genbuster-mini/extracted/train/real/956774d129bf82809964cda1073d2c8548800c68511b451a3e5409046ae08bab.mp4,0,real
/workspace/data/genbuster-mini/extracted/train/real/a1da68f6b2eea4f6c5af1dd964f9916ce3a0d57f2d6a2bb908739435b21f046a.mp4,0,real
/workspace/data/genbuster-mini/extracted/train/real/c1f5a56b0e63c10868ae70f1ff8a49d7c726ecce7e1fdfaa55a936f811efe4b2.mp4,0,real
/workspace/data/genbuster-mini/extracted/train/real/ffc76e8a1905289e04609595bd973fe87f927433ee49a9c3dfd8092fde767696.mp4,0,real
/workspace/data/genbuster-mini/extracted/train/fake/hunyuanvideo/f7f23ae88ba876e5ac40ffaecf0780cf561e4a1de24fe9318d21a3d350dbd941.mp4,1,hunyuanvideo
/workspace/data/genbuster-mini/extracted/train/real/693e133eb0efe2d8dea2f761ce724122b43a2bc345eebe0c6eb8e0b10c609b81.mp4,0,real
/workspace/data/genbuster-mini/extracted/train/fake/cogvideox/7d99db55a86d0ab2bbb6c1d0e957b5ca766a671c6291fe5611f728a201317cc4.mp4,1,cogvideox
/workspace/data/genbuster-mini/extracted/train/real/8a7626d6732697c0854729d65695f2d95479f95147cea536d58e8a1dbc5ce870.mp4,0,real
/workspace/data/genbuster-mini/extracted/train/fake/cogvideox/76b38b037f79685e2cfe066f77d5854249d814cb4993c3eb19c5f412a4b7e108.mp4,1,cogvideox
/workspace/data/genbuster-mini/extracted/train/real/3252d666f8352095906b4c9a04e0bae69cee39486218922debac096970f22120.mp4,0,real
/workspace/data/genbuster-mini/extracted/train/real/2c8aab10866c5a7a0dd33b2b3be3bd3379c2068c20842f7e47b6817c7cb6065e.mp4,0,real
/workspace/data/genbuster-mini/extracted/train/real/89f13cf7f792d691938ce33377b285ddfee8c3baf24cdb7fa9204f1826a661e7.mp4,0,real
/workspace/data/genbuster-mini/extracted/train/real/e66d127d190367b718f2f6a9ae9b4b0245a4fc1c5cc102f200304144e0a1d503.mp4,0,real
/workspace/data/genbuster-mini/extracted/train/fake/cogvideox/b52ebec5ad769c373e68591c207d3dba2e107d8340a75d81a2195e4aea5bc611.mp4,1,cogvideox
/workspace/data/genbuster-mini/extracted/train/real/a10d0048f6e2e75f6b21aaab061e4f6729eba46ad4b3ed019d2cf03bb5b42613.mp4,0,real
/workspace/data/genbuster-mini/extracted/train/fake/ltxvideo/e18accec889b0fb337f29a38e9b269d0260222e03ada1db7f8c0e6eb6bc09d49.mp4,1,ltxvideo
/workspace/data/genbuster-mini/extracted/train/real/d1cf13097992b4fb96dbe1303feba47a50604a5af85186a9d9d077bd761efc89.mp4,0,real
/workspace/data/genbuster-mini/extracted/train/fake/ltxvideo/5056a4d8fdd53a0eafc5f902d389da945507afe4acbb3a86b9d65bb882eb9f87.mp4,1,ltxvideo
/workspace/data/genbuster-mini/extracted/train/real/bb3d830e06deed6833b3c889e7f884401811d0022d3fa3a9e54a8ad8ddf616a9.mp4,0,real
/workspace/data/genbuster-mini/extracted/train/real/4e53c20b0b7631e27bf86d99572ebb281f84a34b108eb693f87632592680e3ed.mp4,0,real
/workspace/data/genbuster-mini/extracted/train/real/dca76a5309874d27b9fd37c2a32fbe119e4dec336331862bc640996ca3c40502.mp4,0,real
/workspace/data/genbuster-mini/extracted/train/fake/cogvideox/87ed4494b24dbf2e0229810a58bf2be4ad3ed4c3f0a9426008cad1e8e174330b.mp4,1,cogvideox
/workspace/data/genbuster-mini/extracted/train/real/6ff750adbd5b402b573f37cb8254bc30f66323cd22c6c7e70ba263e051360564.mp4,0,real
/workspace/data/genbuster-mini/extracted/train/fake/easyanimate/ba6702b679b30aeda789c3c7d5abfa5272dff6703d44427d2258f283f5454ca3.mp4,1,easyanimate
/workspace/data/genbuster-mini/extracted/train/fake/cogvideox/f07c055fd644742880eeaebd9e2c52587f40b18d5eee0a452692a5030aaabeb6.mp4,1,cogvideox
/workspace/data/genbuster-mini/extracted/train/real/903fd81612e93eaad959275f47ee4e0215da18cc3339761f069b08c3828e682f.mp4,0,real
/workspace/data/genbuster-mini/extracted/train/fake/easyanimate/0e1cc719d123718dbc0278adc16a85c36e67ad565b10fc6b1a41465b5dde574a.mp4,1,easyanimate
/workspace/data/genbuster-mini/extracted/train/real/0d4be998acd6a7f2b4d09558bccbaaaa88aed0717442e9d22c7243874308fc52.mp4,0,real
/workspace/data/genbuster-mini/extracted/train/fake/hunyuanvideo/907d5601f891c63b0026f8628feae811e35f837f266f8c040f8df1e9cab64180.mp4,1,hunyuanvideo
/workspace/data/genbuster-mini/extracted/train/real/367e50ddc30e881738a3dd0ad688abc0858acd74ae7007b15a943792c1846a02.mp4,0,real
/workspace/data/genbuster-mini/extracted/train/real/be8cabb65651ec5e31225d574f5ae709d03d85b8ec587f811a56e8a0e6b09af9.mp4,0,real
/workspace/data/genbuster-mini/extracted/train/fake/easyanimate/1c7fd7e21fde1cc3a8bcdddbd7555867a0de6af34ea926a5503b019128d0c421.mp4,1,easyanimate
/workspace/data/genbuster-mini/extracted/train/real/ab6c8cbb583aa5f0cdccaf9b61207b4ddcaa06079940a02e1fff70e229090094.mp4,0,real
/workspace/data/genbuster-mini/extracted/train/real/94be3ee267affd678c6a69438ed45805dff587d653696cbaff58e24a748f05df.mp4,0,real
/workspace/data/genbuster-mini/extracted/train/real/56c6f6ea8f74413db036f664c86225a9e1c7586c27f8431a2c3e5ecc2407375a.mp4,0,real
/workspace/data/genbuster-mini/extracted/train/fake/cogvideox/9c6d974e3347b3503782fd9b14b12511f6ba2b16fdad9c1cafb12fa1128ad89a.mp4,1,cogvideox
/workspace/data/genbuster-mini/extracted/train/real/3dd1b6e72d1c286c5f92fc363b2852d90a4a55bdc0a3f03febcb20a743a96877.mp4,0,real
/workspace/data/genbuster-mini/extracted/train/fake/easyanimate/40c0222122c10c3d709b405edd4e63cdb011a1d2dfc1b0671d496cf2b0d5263c.mp4,1,easyanimate
/workspace/data/genbuster-mini/extracted/train/fake/easyanimate/1a44c0c99049550d8c017900fd0e4ab72f968c48933148ee0eafc1134ee46ce1.mp4,1,easyanimate
/workspace/data/genbuster-mini/extracted/train/real/e1cfd608e6f7a4325dfc76920cbd02165320ab480a845fc01b8732b6cf689924.mp4,0,real
/workspace/data/genbuster-mini/extracted/train/fake/cogvideox/261cd8548b5c7d7a057732cbe1243e353cff4dbe6facd3a687525fc9843115da.mp4,1,cogvideox
/workspace/data/genbuster-mini/extracted/train/fake/cogvideox/fcccf77621fdf3b6042d17d0cf1c92cea334779fc8dc080b9ad5c47b780ad099.mp4,1,cogvideox
/workspace/data/genbuster-mini/extracted/train/fake/easyanimate/ba16b1c42a79fedc7ee9cbadf97b006c0275127cc8d9a26c3431051473e76d65.mp4,1,easyanimate
/workspace/data/genbuster-mini/extracted/train/real/5ef6e0140c1676736183636ae968f05abaaa278d436e54976f0b2b6ba7558133.mp4,0,real
/workspace/data/genbuster-mini/extracted/train/fake/ltxvideo/38fa99bfa1ad0c27098ddabc8bff42ba1a6c67e6c0010fd7fcacf743c59ec3b8.mp4,1,ltxvideo
/workspace/data/genbuster-mini/extracted/train/real/9fab8ab82db3d1d99b83e09274a7cd0e350c6f4837420b830eb26f7489f19570.mp4,0,real
/workspace/data/genbuster-mini/extracted/train/real/2b480d4c9954c67fb6661ab9471cf8f0d9b4149d00b461e40d3eb9c9f13dd59f.mp4,0,real
/workspace/data/genbuster-mini/extracted/train/fake/easyanimate/ebd914b217eb22bbfe4cf9fa95d693d4e2969da503993795d29757ae500d9324.mp4,1,easyanimate
/workspace/data/genbuster-mini/extracted/train/fake/cogvideox/5a9086fb805007f6f767311c0ddfaa269d4cb6f33807b49fabdad307c568a732.mp4,1,cogvideox
/workspace/data/genbuster-mini/extracted/train/real/6d00b72bc77f4d75eb1bfa2959a153bf2d122916150fb44d80b3ce79734965aa.mp4,0,real
/workspace/data/genbuster-mini/extracted/train/real/6bcebb480517a4f5b297deb9cb412d0b1aa563f2c4678ffb11d31f1fced1d7aa.mp4,0,real
/workspace/data/genbuster-mini/extracted/train/real/65982786014d83aec6fa8c7bf788fbb1025f04df270d0a7e05a626fa6f14d216.mp4,0,real
/workspace/data/genbuster-mini/extracted/train/fake/cogvideox/e1db31f77984a33d0516552d39a88595fd4a213120fb0bc6a480d1a2957287bb.mp4,1,cogvideox
/workspace/data/genbuster-mini/extracted/train/fake/easyanimate/48a3d3d2aa3060fcad71550db3f4caa77aaf8196a5730a20d7669e83356291d8.mp4,1,easyanimate
/workspace/data/genbuster-mini/extracted/train/real/ec8e51efb418ee7fe90de54bcde53ee17b43c7dc47a13ea984df3c94ce85d2d1.mp4,0,real
/workspace/data/genbuster-mini/extracted/train/fake/ltxvideo/3b58ce4e4651d8288f991ef3e9ce3a3b521ebb10ebdc2151b7e0b49cbdc61c31.mp4,1,ltxvideo
/workspace/data/genbuster-mini/extracted/train/fake/cogvideox/0580253126863e775968f95fc99c6b0b024d17f698eb651ae9fa118ee599bab5.mp4,1,cogvideox
/workspace/data/genbuster-mini/extracted/train/fake/easyanimate/6cf7992e4b4e3ff4d67feeefb942854720782de4b45cbc5e2f0139a3f5f7241c.mp4,1,easyanimate
/workspace/data/genbuster-mini/extracted/train/fake/easyanimate/7b09d01c5f813002d90de37d51345aa90cfef70a2f351b5f010b1388a248ee3b.mp4,1,easyanimate
/workspace/data/genbuster-mini/extracted/train/real/40fd75fc9eabf3567c705c53434b56680ee976629fd3df6b84d3ef68bafc5aa0.mp4,0,real
/workspace/data/genbuster-mini/extracted/train/real/e98ac38916bc79a68edd4302505c032cca1e5a7ec2d0a42ad04efa08e8f45f2a.mp4,0,real
/workspace/data/genbuster-mini/extracted/train/fake/cogvideox/be3960bd3b9437a82a173aa32005ea95a505c342cfea6591681d559051e74c51.mp4,1,cogvideox
/workspace/data/genbuster-mini/extracted/train/fake/hunyuanvideo/3e645e97edf56734b86cf07042cb69a2a37926871ae5bb88031f5aa2989c8141.mp4,1,hunyuanvideo
/workspace/data/genbuster-mini/extracted/train/real/0ec798bd039cd81dcb8bfa47ed9eb5e280390317ec0237b3f306c3f47a9b263c.mp4,0,real
/workspace/data/genbuster-mini/extracted/train/real/dbac8a1babee9e5595d2e955a2d1af18e370a8fbdc0dc0e4037ba4ef0de47b59.mp4,0,real
/workspace/data/genbuster-mini/extracted/train/fake/hunyuanvideo/636098fa611cb486e4dcbd02cb0f46016c665a5055e2f8866aab44a648a3f9a7.mp4,1,hunyuanvideo
/workspace/data/genbuster-mini/extracted/train/fake/ltxvideo/2610f066a42ed88b7f61bddb3c602c1f656290aff1a21be58501a3e502ed08b1.mp4,1,ltxvideo
/workspace/data/genbuster-mini/extracted/train/fake/ltxvideo/21105ab70492e6ce33dd992b25d4edcb87ebe62aa6441709c7e3edb33e2b2b71.mp4,1,ltxvideo
/workspace/data/genbuster-mini/extracted/train/fake/easyanimate/9d04fda28036a8027506db5e67c938555d498161010a9cf7a3a074c2ec4ecbb0.mp4,1,easyanimate
/workspace/data/genbuster-mini/extracted/train/real/746f46b1ad4110e8f1c3868b5ed9ec572720daf8cc71ba91643be8a7699124b3.mp4,0,real
/workspace/data/genbuster-mini/extracted/train/fake/easyanimate/7df53e66190cddf8c2225e49e20cd6934a3967415543cba45b06c57013df271f.mp4,1,easyanimate
/workspace/data/genbuster-mini/extracted/train/fake/easyanimate/fe80a81e83c544e494f86fd233c187c278b13c8a21aabf4721395731c9eea438.mp4,1,easyanimate
/workspace/data/genbuster-mini/extracted/train/fake/hunyuanvideo/7a447908d4b09ac6bbe3c8d72cd638cc1921164451af968e051dd7bc11216eb6.mp4,1,hunyuanvideo
/workspace/data/genbuster-mini/extracted/train/fake/ltxvideo/d9d01b900909e720f7b54cce01652dd2cf048456011fe691412e7758d6c782a2.mp4,1,ltxvideo
/workspace/data/genbuster-mini/extracted/train/fake/ltxvideo/43c7cae535f846827ae82fccd4d7955a31c1e2e3913c002c52b41d56c588c079.mp4,1,ltxvideo
/workspace/data/genbuster-mini/extracted/train/real/2c48ee9bcc26e8e665a68aac6475bf8feab22c3bed900c9f828dd9eda2d86d2e.mp4,0,real
/workspace/data/genbuster-mini/extracted/train/fake/hunyuanvideo/e47f54ec0c8556c4f60540f6e58fd344b6f0bf52773be0728ac2a0544f3c86dd.mp4,1,hunyuanvideo
/workspace/data/genbuster-mini/extracted/train/real/43639d5377f388b4be674ff6d2ef41cba549e3cb5dfb02bc5c198264f9821f3f.mp4,0,real
/workspace/data/genbuster-mini/extracted/train/fake/cogvideox/4e55a940e5a8f2d43d1173a9ebaf09d09d8dd984e32b2ad3e695b44dece24117.mp4,1,cogvideox
/workspace/data/genbuster-mini/extracted/train/fake/cogvideox/dfac43518ad3e4eb145d31a03fea29a1e241c8baba335d238634dba49954b99d.mp4,1,cogvideox
/workspace/data/genbuster-mini/extracted/train/fake/cogvideox/dfa89e47bc0fa49ac27b6ac3301d0da6377c0733e2b04c35e0b0a76142b59a6e.mp4,1,cogvideox
/workspace/data/genbuster-mini/extracted/train/fake/easyanimate/420127cbac7055b55962dc90f4e5afddc50e974043710389205a0193e9930018.mp4,1,easyanimate
/workspace/data/genbuster-mini/extracted/train/fake/easyanimate/b5ccccc9872e98f337801d2b6593ad7cec4e026be251b8f819362b766b8225ef.mp4,1,easyanimate
/workspace/data/genbuster-mini/extracted/train/real/9d9d76cbd71d034f34431bd112a5fcf30aae9f2f6edaf68f049deefce3740a6d.mp4,0,real
/workspace/data/genbuster-mini/extracted/train/fake/cogvideox/13aedb17e7f5c86cc194d9aa276982576046f98fd3f5ceaa438fad18a5dcfa89.mp4,1,cogvideox
/workspace/data/genbuster-mini/extracted/train/fake/ltxvideo/804eefdcfc59d12020e4b279e028b68189c86cd14929b7cca86a1a84186be284.mp4,1,ltxvideo
/workspace/data/genbuster-mini/extracted/train/fake/hunyuanvideo/edae6799cf0d6261051c2b5ae5a3bf5e12d7118bad405393b90f0e53b47af4b1.mp4,1,hunyuanvideo
/workspace/data/genbuster-mini/extracted/train/real/5743b1602d86b791a4a71e94f75993ed2d701ec92fff05df1533f020d16b169b.mp4,0,real
/workspace/data/genbuster-mini/extracted/train/real/e5dadfe08ac465e62027b87de5a1bdda8a6cc76d211da16e287c6e9365f2d574.mp4,0,real
/workspace/data/genbuster-mini/extracted/train/fake/cogvideox/89dfb244dbfeb14bc1d269f110d57c66300fc7c83b26e24d53af9dc0ae81dd8b.mp4,1,cogvideox
/workspace/data/genbuster-mini/extracted/train/fake/hunyuanvideo/b714f81c672ad533d67033748a30dc4f07ce394a5eb283762023d572396dd813.mp4,1,hunyuanvideo
/workspace/data/genbuster-mini/extracted/train/real/bf830d66591903b091bb3fa2b1da9311c96ea58eb8444f80dc07f6a46c7b8b69.mp4,0,real
/workspace/data/genbuster-mini/extracted/train/real/11e483c16df1645ea797249552be9094342fc782a781b08ccbc42a1f705e2426.mp4,0,real
/workspace/data/genbuster-mini/extracted/train/real/c3bdc2bd7421419d30995963cb9282eac01dc1cb9f8be3101bc12f7a69c83f96.mp4,0,real
/workspace/data/genbuster-mini/extracted/train/real/97411a78812f19b8a256fe037fd81aad9d3dbe42c0c2f265ef04f1bb8a3bc3b7.mp4,0,real
/workspace/data/genbuster-mini/extracted/train/real/024d85cd4f69e8e133acddaf4a4b79f467174aaf2ef1cd9780f9d6ccfce0857a.mp4,0,real
/workspace/data/genbuster-mini/extracted/train/real/9fabc9d4b8c2e8dd65d33f99c39566eaefe1334c06a7587e87d0d7e803a6441a.mp4,0,real
/workspace/data/genbuster-mini/extracted/train/fake/easyanimate/e502cfc9af82fb08b376db0228c1ed78ff061f17eace221edc5fd5ecda0645ab.mp4,1,easyanimate
/workspace/data/genbuster-mini/extracted/train/real/98575e3890e073bf2b4c821fd2528814cb4d63643b86dd3f655d45149241c65a.mp4,0,real
/workspace/data/genbuster-mini/extracted/train/real/dde905d19ab830159b76d961cd80b290529169ac42dbedb8423582cb6c4f2a67.mp4,0,real
/workspace/data/genbuster-mini/extracted/train/fake/easyanimate/1fd1c667217b16439e4567c5fecd9fecf4e2b2b03ada57ae0e66f9cc9d7e8205.mp4,1,easyanimate
/workspace/data/genbuster-mini/extracted/train/fake/cogvideox/271c12efade2c97523cfbf8ddba4a5ac086ca7db0f229d0b5a926a28d1d4dfdd.mp4,1,cogvideox
/workspace/data/genbuster-mini/extracted/train/fake/hunyuanvideo/4a7a368ae9b7f4d6f6ae079d904fdf38cd3defe7b3843af4728bc293a7cd8bc2.mp4,1,hunyuanvideo
/workspace/data/genbuster-mini/extracted/train/real/e63e6d6ad54e5e4068af1d7a1ee09ae27c90afe90b785c73d50ec4121dec821b.mp4,0,real
/workspace/data/genbuster-mini/extracted/train/fake/hunyuanvideo/fb2dc729c7805ad8c6ce0727e39574cf0ddcdc5024b450bf02f0b0950be995b6.mp4,1,hunyuanvideo
/workspace/data/genbuster-mini/extracted/train/real/92e8874b0e93549fcf4354b42ffedf4f60418a17e65caa354c5e5bad7a659641.mp4,0,real
/workspace/data/genbuster-mini/extracted/train/fake/easyanimate/f22866927dd03f0eeeca1fd69eff3552c318c0abea964b99befefb2dbb66ebcd.mp4,1,easyanimate
/workspace/data/genbuster-mini/extracted/train/fake/hunyuanvideo/8931f6b89e7945bdc48e08f87fe20b135c3a6fd9554c96fb72ace38f699ffe9e.mp4,1,hunyuanvideo
/workspace/data/genbuster-mini/extracted/train/fake/easyanimate/1aca9a422bd3f310f7b0388bb3c0d2c13259d58d5a4bf0ec25f3d870c00bee12.mp4,1,easyanimate
/workspace/data/genbuster-mini/extracted/train/fake/easyanimate/2137d1456d6a0d24f869e87e79bddc0e5a7387ed889ae9f6b15cfc8ffd98be80.mp4,1,easyanimate
/workspace/data/genbuster-mini/extracted/train/fake/easyanimate/ecdce9b5690933d4d47d28658b3ef7ea366fb5ab4bf7a6b6b73252c0898c1579.mp4,1,easyanimate
/workspace/data/genbuster-mini/extracted/train/fake/easyanimate/380d71f8d3d3cabe3a62f5d15673e0be89ff6c99726a1649dec488b0489dc36c.mp4,1,easyanimate
/workspace/data/genbuster-mini/extracted/train/fake/easyanimate/233f4fd404107059e1b52fa92e832e64194eb0f86dc43be350dc64b78eed9c6c.mp4,1,easyanimate
/workspace/data/genbuster-mini/extracted/train/real/74c992016523a018f491dd75aa3c65632cf831dd8aaeb125509125475d1edf96.mp4,0,real
/workspace/data/genbuster-mini/extracted/train/real/a3e1545a029ea2cc46172e6e34c683e8270a737f2a42e3874465c7c3f4b745fe.mp4,0,real
/workspace/data/genbuster-mini/extracted/train/real/344ca652fa273d298af77d00c83ddcdd7951ca8e7a6bf9b394fd5c736336a96d.mp4,0,real
/workspace/data/genbuster-mini/extracted/train/real/06304c6f9ee2caffe546632cb648e7b158e174935f5e73b81c87205a3a9f8f1f.mp4,0,real
/workspace/data/genbuster-mini/extracted/train/real/59b3ff52455f46eca1471bb67adfda73064593f7645068823bb9efd47db76e61.mp4,0,real
/workspace/data/genbuster-mini/extracted/train/fake/hunyuanvideo/9629cf3603f98799143160b4954f8d92d5e182ad5124bc26a131740b5641f0e6.mp4,1,hunyuanvideo
/workspace/data/genbuster-mini/extracted/train/real/b794128865773e967ef27a9750a4b01d1cd8e3eb53cf205932e3d5616de1b83c.mp4,0,real
/workspace/data/genbuster-mini/extracted/train/real/1d3a393673709af7b4c43d69503ccb03f1f251662edf85a82e61e6246cb62eeb.mp4,0,real
/workspace/data/genbuster-mini/extracted/train/fake/ltxvideo/ddf2c1eef28d42ceb01d78cbbd6929ddcfcc8aad2739e2d194ced9a61752ed39.mp4,1,ltxvideo
/workspace/data/genbuster-mini/extracted/train/real/e599c0b393bda2c3072d8ab36e852e75c067a0316e55973f8a1fa835a0b6a563.mp4,0,real
/workspace/data/genbuster-mini/extracted/train/fake/cogvideox/c64ae5b2604f07d9f5a8f09fa97b435cb92b2ea9cfbdbd4783923199e64c81e1.mp4,1,cogvideox
/workspace/data/genbuster-mini/extracted/train/real/f6f5b77d75fe2ab641475cad52fb8bfe5a5290ef6934ba9da4bb134c7ec710e6.mp4,0,real
/workspace/data/genbuster-mini/extracted/train/real/83827c6a78c4fec090af3938495a48f840c114be2a335058be046652a5a92a8d.mp4,0,real
/workspace/data/genbuster-mini/extracted/train/fake/easyanimate/05b317a12b84135c5ea6fe3fa78dc7d2cfb69b5bef8f83e3f3f4ad2075037303.mp4,1,easyanimate
/workspace/data/genbuster-mini/extracted/train/fake/cogvideox/e03dac462ae9914f123dd0202fa7f4c353eb3402b5918312d25eb0f9f2a3d3e7.mp4,1,cogvideox
/workspace/data/genbuster-mini/extracted/train/fake/cogvideox/3304e6955ad08da935247796c1e8878b95a5f33013689d995b1f002199b2443e.mp4,1,cogvideox
/workspace/data/genbuster-mini/extracted/train/real/41a1fc03d5948ed17be3119268dbdf8410b6d8f3a760fa94adca3a095e1145e4.mp4,0,real
/workspace/data/genbuster-mini/extracted/train/real/768afb4b4b399769e10415f3879fdd1529b071da08dd8eace83d029259d18e4a.mp4,0,real
/workspace/data/genbuster-mini/extracted/train/fake/ltxvideo/f66f4bc61625ee9df244aef7df000ca9477d47ac51b271efafdc513f31be0a4a.mp4,1,ltxvideo
/workspace/data/genbuster-mini/extracted/train/real/9d102ca56ea4ed985680920f7c53fdf75bfd7203a145361a8eaaf670696368f5.mp4,0,real
/workspace/data/genbuster-mini/extracted/train/fake/cogvideox/5c43503e92eb6fb31286fd25ac759b0279242cc4070969e00429b6288b71e7cb.mp4,1,cogvideox
/workspace/data/genbuster-mini/extracted/train/real/ebd3765a0e986a441e6c552c36c451258289e6070b40cc11d640fbc9402d68b4.mp4,0,real
/workspace/data/genbuster-mini/extracted/train/real/b052ede139fe63855da9705f4ccad41b0dc31143dd5850f284fd9ec60ad20658.mp4,0,real
/workspace/data/genbuster-mini/extracted/train/real/875d742c94a0e7249dc6d3cd999be73aff456a1055997d6b9b2caf9536f46210.mp4,0,real
/workspace/data/genbuster-mini/extracted/train/real/008f42a0b10db661e1497837b81f52d3ba979c4b0424aa98e6ab2ca148697407.mp4,0,real
/workspace/data/genbuster-mini/extracted/train/real/9dd0c86f169162ba724c3f621276fd61d5acb5f98d5aaf56a464a356e7b92b4a.mp4,0,real
/workspace/data/genbuster-mini/extracted/train/real/85026bc8060da061bb668ef1dce905966a7a8ee398b2228ca5212e80466e16bc.mp4,0,real
/workspace/data/genbuster-mini/extracted/train/fake/easyanimate/8760d680927e54d3f7ddbae174837b4e9dfa1be17e16146dbea880f50b26fc60.mp4,1,easyanimate
/workspace/data/genbuster-mini/extracted/train/real/9cb8a585bf6d7ad4394d324da008d8f3aab18573556344350789bf49c20baead.mp4,0,real
/workspace/data/genbuster-mini/extracted/train/real/b058304d399ff1ac13d750ac79ad793bfffd008b73c5e1303920e98c32cb369e.mp4,0,real
/workspace/data/genbuster-mini/extracted/train/real/a3b2c0252397bc9fccbe48131aa6aa64f4f64c282873ca32fbe2162ec0efbfdc.mp4,0,real
/workspace/data/genbuster-mini/extracted/train/real/32044bcd0f3aceac6535ba72781a4b6e9a8f1b91ccb20bcca91abc2a0a966f3b.mp4,0,real
/workspace/data/genbuster-mini/extracted/train/real/c3909b6b508d2ecbb3f0ed33b1bf10267063c830d1880d1323fda41da522b42d.mp4,0,real
/workspace/data/genbuster-mini/extracted/train/fake/ltxvideo/325a584fc534ae72564f0f78fce1fa8b1cf1e797fd0f8e2451b12bd37dbec9bb.mp4,1,ltxvideo
/workspace/data/genbuster-mini/extracted/train/real/25f0f20e36ee1ae28757ee2c6c3179ccd58fb0cac6c162c905ef84cb13cdf11f.mp4,0,real
