path,y_qwen,raw,latency_qwen_ms
/workspace/data/genbuster-mini/extracted/GenBuster-200K-mini/benchmark/real/01d7dce697b2c3be67fa8e5c77be91c82be0ba9e590b4c2636f2c98b944229f6.mp4,0,REAL,1672.699805116281
/workspace/data/genbuster-mini/extracted/GenBuster-200K-mini/benchmark/real/01657b74cbc6265899b7ec80f7fb089aacd97e87190d696261632f2f3d595551.mp4,1,FAKE,409.4402010086924
/workspace/data/genbuster-mini/extracted/GenBuster-200K-mini/benchmark/real/00bc6d099e238d673ab49da3c4ee6c3948ef3bac6fc339b129ef5cd242b1838a.mp4,0,REAL,329.30250209756196
/workspace/data/genbuster-mini/extracted/GenBuster-200K-mini/benchmark/real/00b7d4faaf2a33451384d4f5e94be1e08e5c748775e50993f0b906edd0b2744a.mp4,1,FAKE,361.6292420774698
/workspace/data/genbuster-mini/extracted/GenBuster-200K-mini/benchmark/real/00b2a2722089d0fe98102895074f5fd2cc44f7291f91581657ce6d6180aa0cba.mp4,1,FAKE,405.8327949605882
/workspace/data/genbuster-mini/extracted/GenBuster-200K-mini/benchmark/real/ffabb5b699586169b8b13343eb4ff1193aa7d6877f3aaa5479e3358da6512b7b.mp4,0,REAL,341.2800051737577
/workspace/data/genbuster-mini/extracted/GenBuster-200K-mini/benchmark/real/ff81da7f4707728ba5cf56ea2a8c14963a46176cb2746de2d6b4d23c32b33231.mp4,0,REAL,332.2003851644695
/workspace/data/genbuster-mini/extracted/GenBuster-200K-mini/benchmark/real/ff672899dba83014d31d95bc75049f67b395e21cfdad578d1c099cdae7df796b.mp4,0,REAL,331.63600298576057
/workspace/data/genbuster-mini/extracted/GenBuster-200K-mini/benchmark/real/fe41e6ae69865f2593b5dc2b479cde7cb7ae8a83142deb2574e0ecec0e13b17e.mp4,0,REAL,329.9888160545379
/workspace/data/genbuster-mini/extracted/GenBuster-200K-mini/benchmark/real/fe01dd8cabab86d44b7399572aa218e841230685a5e22c8148b3956b77d16636.mp4,0,REAL,329.1567920241505
/workspace/data/genbuster-mini/extracted/GenBuster-200K-mini/benchmark/real/fd9567f10d00d9d0d966ffa8c39445273be9822841d0376b14c1992b0fd5104a.mp4,1,FAKE,354.52632093802094
/workspace/data/genbuster-mini/extracted/GenBuster-200K-mini/benchmark/real/fd4bc0ee6bc371fc65baaeb3b0fcc2e82895b4057123786ab518d00c3151597e.mp4,1,FAKE,354.82985293492675
/workspace/data/genbuster-mini/extracted/GenBuster-200K-mini/benchmark/real/fd38260b2d293fb0294ed8f7a5cda8665073a36bca8fcbba382fd7608a1fdf8d.mp4,1,FAKE,353.47883705981076
/workspace/data/genbuster-mini/extracted/GenBuster-200K-mini/benchmark/real/fd02416ac8201fc9ec6eaab453d52ea03f0b04ec48dc93f08e5b8457eb72b538.mp4,0,REAL,332.2016450110823
/workspace/data/genbuster-mini/extracted/GenBuster-200K-mini/benchmark/real/fc21ccee80691c18ca62b48929fb70fb586801719ace7ec27fcbb6cf8ba68e28.mp4,1,FAKE,354.72950409166515
/workspace/data/genbuster-mini/extracted/GenBuster-200K-mini/benchmark/real/fb3a85105f094c4ac591cd4e4d4bfc82c0e26679e01fa8ae07a24ca23f2f91f0.mp4,0,REAL,326.6680110245943
/workspace/data/genbuster-mini/extracted/GenBuster-200K-mini/benchmark/real/fb232d4593fff918788ce4e39d5593037ff80ee7f41df9bb8d7972bfcf1d812c.mp4,0,REAL,326.28589891828597
/workspace/data/genbuster-mini/extracted/GenBuster-200K-mini/benchmark/real/fab6d58928f0b767125e9c9fb6cccc33ae1db9d07cc597048200d53917388b0d.mp4,0,REAL,329.17985203675926
/workspace/data/genbuster-mini/extracted/GenBuster-200K-mini/benchmark/real/fa93984a8a2e5044293e92fa7180efed4b870808615ba96b83e50516198cd6f6.mp4,0,REAL,345.46502283774316
/workspace/data/genbuster-mini/extracted/GenBuster-200K-mini/benchmark/real/fa7ba155356874927b3b531438b350b6525681a9223cd7ecedf7c2f965c0da9a.mp4,1,FAKE,359.12330192513764
/workspace/data/genbuster-mini/extracted/GenBuster-200K-mini/benchmark/real/fa621e4f20b302d4bfff8761ac6a61e0d5ff3e84d7d85e3f0b66ff5681d347e4.mp4,0,REAL,338.52322096936405
/workspace/data/genbuster-mini/extracted/GenBuster-200K-mini/benchmark/real/fa3e4020993636765943f92e712c86db94ca1887d3a7c29612614779eface9e9.mp4,0,REAL,334.1262729372829
/workspace/data/genbuster-mini/extracted/GenBuster-200K-mini/benchmark/real/fa108ee877afe4b87b22287b0d8a7a10ca31e2e986a3fcd2ccf69076c2151b1b.mp4,0,REAL,330.0999060738832
/workspace/data/genbuster-mini/extracted/GenBuster-200K-mini/benchmark/real/f9f3d7eff6d70534a1ee87a247392201626d3b11d82cf5786b60fd21cf174e78.mp4,0,REAL,357.8893570229411
/workspace/data/genbuster-mini/extracted/GenBuster-200K-mini/benchmark/real/f9c33b9bea60d56220302f1a0b1d050d31cc8b8633e3b17c945421ee40a06083.mp4,0,REAL,332.334095146507
/workspace/data/genbuster-mini/extracted/GenBuster-200K-mini/benchmark/real/f98d9ccd447a7f72e21e2d2a96473d58bb9786460c026fccb0f561d921304cc3.mp4,1,FAKE,534.6586750820279
/workspace/data/genbuster-mini/extracted/GenBuster-200K-mini/benchmark/real/f974eef3d748c96400da86265efc5f5c1afbcd98fbc4252167003eeb717d9dd2.mp4,0,REAL,472.3446839489043
/workspace/data/genbuster-mini/extracted/GenBuster-200K-mini/benchmark/real/f9709b4bbade11584195fec359c02a5bf328d062dadd913697a58bfb09e7b736.mp4,1,FAKE,458.5275629069656
/workspace/data/genbuster-mini/extracted/GenBuster-200K-mini/benchmark/real/f93cfe16d2b0b151fdf0a6b2b27eb0b7d00c4f0bf46fdb7d872aab6d07c0a917.mp4,1,FAKE,374.91138093173504
/workspace/data/genbuster-mini/extracted/GenBuster-200K-mini/benchmark/real/f83e5080eec1a2bae9c40663839fde98fdfb9f97dcce6031860efebabed2d346.mp4,0,REAL,344.48358812369406
/workspace/data/genbuster-mini/extracted/GenBuster-200K-mini/benchmark/real/f8187c57e5055f22c37ede363bb65cecfebfbc8e17a49d8765c60831a2aed212.mp4,1,FAKE,353.08463708497584
/workspace/data/genbuster-mini/extracted/GenBuster-200K-mini/benchmark/real/f7ee64921a549a4d5b5f02d0ed58186b9e9bca195bd992d46e7703c9701b9f8f.mp4,0,REAL,330.68903791718185
/workspace/data/genbuster-mini/extracted/GenBuster-200K-mini/benchmark/real/f7e9ef5eb734923046795956a06b3f8078947827b284d2ea89a48a0e8791599b.mp4,0,REAL,330.18363593146205
/workspace/data/genbuster-mini/extracted/GenBuster-200K-mini/benchmark/real/f78be9d6c96967f293ac983bdda3a502853e48e19fce2a8fb4df4f20f330fa26.mp4,0,REAL,330.6583680678159
/workspace/data/genbuster-mini/extracted/GenBuster-200K-mini/benchmark/real/f721a63e5cf83cd273dd7424c6a8932d622a0246c620f873afab8205bb44f262.mp4,0,REAL,343.3674438856542
/workspace/data/genbuster-mini/extracted/GenBuster-200K-mini/benchmark/real/f70ac7139c2e2ce99d5f05c5ba0cb511161b10a0634bcbcab8beec7985abfb5e.mp4,0,REAL,329.4623529072851
/workspace/data/genbuster-mini/extracted/GenBuster-200K-mini/benchmark/real/f6fb3ce4f39a804453d309829ba81e762e89ae1018113d3b3025c79d3e7df20d.mp4,0,REAL,341.10442409291863
/workspace/data/genbuster-mini/extracted/GenBuster-200K-mini/benchmark/real/f6f726abc51d32a6866d58c1514762e1aec7f91fcf22e5733dd274a3f157d26b.mp4,1,FAKE,377.88476306013763
/workspace/data/genbuster-mini/extracted/GenBuster-200K-mini/benchmark/real/f63060417007ee1caa0d71b32cb94025c61f7d38f3a8981811c777f1aa0f5aa5.mp4,0,REAL,329.02588113211095
/workspace/data/genbuster-mini/extracted/GenBuster-200K-mini/benchmark/real/f5ceb139efd93de889c1e54632d3dbc55c2ca9b9b0996de69590fb95d255c401.mp4,0,REAL,328.9890510495752
/workspace/data/genbuster-mini/extracted/GenBuster-200K-mini/benchmark/real/f5aa6854c5fa222b75bf307c2fcfee0424ac990601e53b8e50ae27eee193452e.mp4,0,REAL,368.89971513301134
/workspace/data/genbuster-mini/extracted/GenBuster-200K-mini/benchmark/real/f57046e2d31dd9ccf4b9ea53aa96e99b9e53b27b4cb8886d56680f28d447cc97.mp4,0,REAL,405.7538351044059
/workspace/data/genbuster-mini/extracted/GenBuster-200K-mini/benchmark/real/f54917c47a8580ef4ab012f26e4f347c7f5108d6fb64ac1393c39c846b087b3c.mp4,0,REAL,337.37756800837815
/workspace/data/genbuster-mini/extracted/GenBuster-200K-mini/benchmark/real/f529242c22cc9c8b84a46b3afaaec57822d252953e61d56b9334ba5a2cb37986.mp4,0,REAL,332.36235519871116
/workspace/data/genbuster-mini/extracted/GenBuster-200K-mini/benchmark/real/f4f8eeaf3d6218b444c6d16fa330b5935ed70c9df44fae402f14d2bbd352b1b9.mp4,0,REAL,332.34612504020333
/workspace/data/genbuster-mini/extracted/GenBuster-200K-mini/benchmark/real/f433bc9eb035018550d0f1d0ea315a53b020112b94564e9a1adaff573c56a9ce.mp4,0,REAL,332.02212397009134
/workspace/data/genbuster-mini/extracted/GenBuster-200K-mini/benchmark/real/f3fdcedb1e58f18a8045b6c698a4121c7aefcf4616f5179153d7be60f930fa53.mp4,0,REAL,353.72650902718306
/workspace/data/genbuster-mini/extracted/GenBuster-200K-mini/benchmark/real/f3fd2f36557289e60c74e411e62fc6ea46b9b2fccc799bdd96a33cc55973506f.mp4,0,REAL,333.5330309346318
/workspace/data/genbuster-mini/extracted/GenBuster-200K-mini/benchmark/real/f39891da5ff65de95d9d534a1e065474f913f15e2589b76835261e448d5d71b0.mp4,0,REAL,345.779704162851
/workspace/data/genbuster-mini/extracted/GenBuster-200K-mini/benchmark/real/f382eabf50fd318341aada36b8b5dc88e234410401c2b82eb40ff87b1892f6de.mp4,0,REAL,344.4867581129074
/workspace/data/genbuster-mini/extracted/GenBuster-200K-mini/benchmark/real/f380717d353b0bdf4a02cdee039820d94c5d1516fc8727bbefcd4f17a0cdb29b.mp4,1,FAKE,375.6759350653738
/workspace/data/genbuster-mini/extracted/GenBuster-200K-mini/benchmark/real/f3681b514c333fd0cb35547822165fc952cf2f32bfc4cef6fea23f7217ce33d2.mp4,0,REAL,331.55484194867313
/workspace/data/genbuster-mini/extracted/GenBuster-200K-mini/benchmark/real/f31df9086cf78151a7c4aa6a6822267fb1575b90073d30a5d01f9b5a1aa6ecb2.mp4,1,FAKE,355.7891470845789
/workspace/data/genbuster-mini/extracted/GenBuster-200K-mini/benchmark/real/f24e1240bdd9ddf91ed64c2148da7e067a2e70f36492ec91e73081faf7e6fc8e.mp4,0,REAL,326.2267089448869
/workspace/data/genbuster-mini/extracted/GenBuster-200K-mini/benchmark/real/f1f9a74a129ffdc68397ed4305ee93850c7f38e2e5802c32a1e7c46298e3e5bb.mp4,0,REAL,327.0834730938077
/workspace/data/genbuster-mini/extracted/GenBuster-200K-mini/benchmark/real/f1cb5231b55aa92a9b33bdfabbe39384b523846d0b3ed6c4feff71d0263c9126.mp4,0,REAL,341.35531494393945
/workspace/data/genbuster-mini/extracted/GenBuster-200K-mini/benchmark/real/f1776c3465f146000939fc44da8081af59f574ded33fe8766dd025951f71568f.mp4,0,REAL,328.63417896442115
/workspace/data/genbuster-mini/extracted/GenBuster-200K-mini/benchmark/real/f160fd12cb7fb266ebb097e741721572128293b08906ebae90814a64b6100600.mp4,0,REAL,337.4311369843781
/workspace/data/genbuster-mini/extracted/GenBuster-200K-mini/benchmark/real/f1462a8cccc3598e2a41b79bc105feea6b938d05efe2876b948b1733f1a3d5fc.mp4,1,FAKE,365.5854999087751
/workspace/data/genbuster-mini/extracted/GenBuster-200K-mini/benchmark/real/f13c19ce6e5ab68554b3eddd7d5767fbe78a9863ded18fa5482146dd964d6ae2.mp4,0,REAL,341.61220607347786
/workspace/data/genbuster-mini/extracted/GenBuster-200K-mini/benchmark/real/f12163064b08a0ec580e6259c81b22bc55f9c1b04fc0635a20414649b12d0e60.mp4,1,FAKE,360.82502896897495
/workspace/data/genbuster-mini/extracted/GenBuster-200K-mini/benchmark/real/f100581388bed75a848912835ebbb4908d6525b5b15071f6a7b2a3103e13a9d5.mp4,0,REAL,327.5423750746995
/workspace/data/genbuster-mini/extracted/GenBuster-200K-mini/benchmark/real/f0d478b6507da43c791d6901185a251051272265101397b752730bede51c89c4.mp4,0,REAL,339.0748940873891
/workspace/data/genbuster-mini/extracted/GenBuster-200K-mini/benchmark/real/f0a9f85365b313db61e15e9b2a6d966dc10cb5c5b8d2b81517b002f2226a84ea.mp4,1,FAKE,427.9664820060134
/workspace/data/genbuster-mini/extracted/GenBuster-200K-mini/benchmark/real/efec34f86d8e7c5eb150a245d2f51fbf2c7858b47b77a36d61bd3b967ef63781.mp4,0,REAL,328.0452180188149
/workspace/data/genbuster-mini/extracted/GenBuster-200K-mini/benchmark/real/efa5a9ee9d71cd6a7f387e346285f3e62bc306139d67107fe4f050269a937853.mp4,0,REAL,341.564335860312
/workspace/data/genbuster-mini/extracted/GenBuster-200K-mini/benchmark/real/ef91f9096326869fcedd7327af52b6b82f03e28e623becad392223bd9ce03722.mp4,0,REAL,340.33937007188797
/workspace/data/genbuster-mini/extracted/GenBuster-200K-mini/benchmark/real/ef5345962c143768a1ebb3d4edeb0752a107ba96a423cb1de2bce902b3e63dc3.mp4,0,REAL,331.1370611190796
/workspace/data/genbuster-mini/extracted/GenBuster-200K-mini/benchmark/real/eeedca9e5faa8f524802fa9e1d10dd14cb6d9252afc244a52bd499e0d464c2ab.mp4,0,REAL,343.2004328351468
/workspace/data/genbuster-mini/extracted/GenBuster-200K-mini/benchmark/real/eede9497a713f1d21a2374be4cb677f8d13d3926a235515d34c9fc74b90aa224.mp4,0,REAL,340.3962110169232
/workspace/data/genbuster-mini/extracted/GenBuster-200K-mini/benchmark/real/eed29332599d0eb8c9112c5300b993f9e981e2404404e6c2cdb0f81f40cb2e94.mp4,0,REAL,398.26866309158504
/workspace/data/genbuster-mini/extracted/GenBuster-200K-mini/benchmark/real/eeb108cf00694ee48c6a62d37fa10d8d753bde6dc9dde59ec7d80212c08ee8b3.mp4,1,FAKE,363.50937001407146
/workspace/data/genbuster-mini/extracted/GenBuster-200K-mini/benchmark/real/ee4bbc6002946ecdc1c79c09224d75305bb11d283eeb617bb6c2b9f32ecf761a.mp4,0,REAL,327.8263960964978
/workspace/data/genbuster-mini/extracted/GenBuster-200K-mini/benchmark/real/ee2877c200c9db8ee38f650ee90097b88289b555833d50c29553b7502cfd52e7.mp4,0,REAL,345.14638083055615
/workspace/data/genbuster-mini/extracted/GenBuster-200K-mini/benchmark/real/ee0d0f0ee677ca97295dea4a8e2f3f1e32d715019e7d1167000c93c313ff928e.mp4,0,REAL,418.6145910061896
/workspace/data/genbuster-mini/extracted/GenBuster-200K-mini/benchmark/real/ed8d5698673178cdf235e64f237938b9e5194853a90bd96f4a69683bf2ac2ecd.mp4,0,REAL,330.21218585781753
/workspace/data/genbuster-mini/extracted/GenBuster-200K-mini/benchmark/real/ed83bbcbacf03f1b115e88e20bb12a1e827239041336ae09b0b7bc23dc9e32d7.mp4,0,REAL,339.5195559132844
/workspace/data/genbuster-mini/extracted/GenBuster-200K-mini/benchmark/real/ed74aec8b3cceac7f0b750c983c934536029406b12fa071b629368cc3ff07352.mp4,0,REAL,335.3362779598683
/workspace/data/genbuster-mini/extracted/GenBuster-200K-mini/benchmark/real/ed26ec82c4a264ffe735fcc9e34de10aca81f93801c0a6c0c9e40ba0d7c08352.mp4,1,FAKE,351.30092804320157
/workspace/data/genbuster-mini/extracted/GenBuster-200K-mini/benchmark/real/ece880f9f1e42a1ca03787c6d83dd12acf95ad62cb26109853a417a86efcedd8.mp4,0,REAL,419.0404729451984
/workspace/data/genbuster-mini/extracted/GenBuster-200K-mini/benchmark/real/ecc36355bfb7a8e804de8c415ff42d05516b52aa89c8988eb144d596481a15a2.mp4,1,FAKE,367.94921988621354
/workspace/data/genbuster-mini/extracted/GenBuster-200K-mini/benchmark/real/ecb6dcb9b755ce9f8a9e5cff03e241be50c3c9f110b41ab69cad9f9f78b80662.mp4,1,FAKE,362.46012686751783
/workspace/data/genbuster-mini/extracted/GenBuster-200K-mini/benchmark/real/ec6927a4cfced8c97b41912e6c0d7d77ab4fdc6c6663f62da8c6185646f6e4a7.mp4,1,FAKE,361.9332548696548
/workspace/data/genbuster-mini/extracted/GenBuster-200K-mini/benchmark/real/ec60467aaacb90b5405cad71c216df7579206c4a1ae78594e121fc2476f41279.mp4,1,FAKE,367.3708869609982
/workspace/data/genbuster-mini/extracted/GenBuster-200K-mini/benchmark/real/ec4ca47a3dc3bbf35c9708c8bf29a4c66fad73c08f86154db0e172d09a82d2c4.mp4,0,REAL,342.70253009162843
/workspace/data/genbuster-mini/extracted/GenBuster-200K-mini/benchmark/real/ebea2a78cfb97d973327fee21f216aa61fda6f5272d2451341203ccecbd92085.mp4,0,REAL,343.70534401386976
/workspace/data/genbuster-mini/extracted/GenBuster-200K-mini/benchmark/real/eb6727fa4168362a55b7a4517867636d3a68f1f35ced7f5daedab076eaf014fe.mp4,0,REAL,346.5539969038218
/workspace/data/genbuster-mini/extracted/GenBuster-200K-mini/benchmark/real/ead022b1408667060a102f94aec6fb32580037652814cb7c5415048231a0b466.mp4,1,FAKE,358.6690090596676
/workspace/data/genbuster-mini/extracted/GenBuster-200K-mini/benchmark/real/ea3de97f87fd4e1b2cca0834fb14fc3ad77b116854e1c1ec7a6840abfbf5d428.mp4,1,FAKE,372.8344419505447
/workspace/data/genbuster-mini/extracted/GenBuster-200K-mini/benchmark/real/ea1320bba9f74a3d0438156a6820082497d7602fa5b91267d52ab7a18195dcf1.mp4,0,REAL,398.1559509411454
/workspace/data/genbuster-mini/extracted/GenBuster-200K-mini/benchmark/real/e9a5a09f1b46a7141fe807673beb1ad1ade428e3befd304ec0011a6915f0bd20.mp4,0,REAL,339.2480968032032
/workspace/data/genbuster-mini/extracted/GenBuster-200K-mini/benchmark/real/e987a34007e7a3856bd8e435acf9e85de29e32aa3683de5b836c791ea9d23073.mp4,1,FAKE,450.1388280186802
/workspace/data/genbuster-mini/extracted/GenBuster-200K-mini/benchmark/real/e91e857ae965bd9dc92e5bd310f49ddd6b88f55c838251b364ea756c798d27eb.mp4,0,REAL,327.5755539070815
/workspace/data/genbuster-mini/extracted/GenBuster-200K-mini/benchmark/real/e8eeebf778f83b7117c0024e8e6ee1072026f0a48e32faec5bc6fbd2c5f2dbcf.mp4,0,REAL,330.00681595876813
/workspace/data/genbuster-mini/extracted/GenBuster-200K-mini/benchmark/real/e8bb154f3e691885152cc6c5068c015307ad26ff3eb3ab7932bafdb7a5cf6e53.mp4,0,REAL,338.29149999655783
/workspace/data/genbuster-mini/extracted/GenBuster-200K-mini/benchmark/real/e88f81769bca798a5577a04e5325b38089f7eb556137e4f5a3c5a064212f7f06.mp4,0,REAL,337.6159181352705
/workspace/data/genbuster-mini/extracted/GenBuster-200K-mini/benchmark/real/e869db4ff837bf056e30e99fa245b453e50c3bc76f6a94d846632a7e005f6212.mp4,0,REAL,344.7812790982425
/workspace/data/genbuster-mini/extracted/GenBuster-200K-mini/benchmark/real/e8354f218e256026a71d5e7522e5b84debf856d2aa29bdab32c5330e909f7de3.mp4,1,FAKE,371.76126590929925
/workspace/data/genbuster-mini/extracted/GenBuster-200K-mini/benchmark/real/e7e0bd7418fd3b4d581d0d714dd7589706c9c8a44bd8c9bf6223f3753272071d.mp4,0,REAL,358.8359209243208
/workspace/data/genbuster-mini/extracted/GenBuster-200K-mini/benchmark/real/e6d2dfaaa88ffc0e6def86d38ff18cae3d3da29c6149f42777cd16d42673aa22.mp4,0,REAL,436.9987309910357
/workspace/data/genbuster-mini/extracted/GenBuster-200K-mini/benchmark/real/e6b8e59d6ac03f0d1a32eb375a7da7872835ed80ebbf7a0fe5b2d7130d5aa435.mp4,0,REAL,357.7673160471022
/workspace/data/genbuster-mini/extracted/GenBuster-200K-mini/benchmark/real/e6b6b8cb52c027c1e85cd4f140d1843cdbc1cbc0c9331543f2fef3dcab144bc7.mp4,0,REAL,408.57712808065116
/workspace/data/genbuster-mini/extracted/GenBuster-200K-mini/benchmark/real/e60a28bdcd56a3bb8ea2ea5089fb6e36219ce2ecddd6c3f321c52ad4767691e0.mp4,0,REAL,364.4019849598408
/workspace/data/genbuster-mini/extracted/GenBuster-200K-mini/benchmark/real/e5c645d6070354b2243b30f953e91ee3d1fe2ec9cd1c8ee5dfa32837db5d692d.mp4,0,REAL,347.3011099267751
/workspace/data/genbuster-mini/extracted/GenBuster-200K-mini/benchmark/real/e51917635045dcdb3ea0a7307448aa07d87c7b37711c8aca2fcccd91f82aa8b3.mp4,0,REAL,434.4171308912337
/workspace/data/genbuster-mini/extracted/GenBuster-200K-mini/benchmark/real/e500acdf272d4675088de9f44d77d07b8c596f5e459fa6b8c367c262a72e2439.mp4,0,REAL,350.38209380581975
/workspace/data/genbuster-mini/extracted/GenBuster-200K-mini/benchmark/real/e4bcfb23e8e810c45e713accc4f3e4454b9e397166ef97857ac773ee0a055d0c.mp4,1,FAKE,388.15919891931117
/workspace/data/genbuster-mini/extracted/GenBuster-200K-mini/benchmark/real/e4a3eb7c6c6665ae04286c90d742ccacf4c99ba08bbff20d34d6f498ae3493da.mp4,0,REAL,335.252737859264
/workspace/data/genbuster-mini/extracted/GenBuster-200K-mini/benchmark/real/e46ef7b34b76f7323f7dbff929053037aea31af45414af3fbb4d677841182404.mp4,0,REAL,369.33424696326256
/workspace/data/genbuster-mini/extracted/GenBuster-200K-mini/benchmark/real/e3e18f0c5f89fb8d30ea87bb1eb7fb86a35c6a4051dbab67c40673896082572b.mp4,0,REAL,343.38579303584993
/workspace/data/genbuster-mini/extracted/GenBuster-200K-mini/benchmark/real/e3cbe0611a9f12fa9df6a4af77ad92635c1437e282743724bfdeafaba0ceb9ca.mp4,0,REAL,354.0613600052893
/workspace/data/genbuster-mini/extracted/GenBuster-200K-mini/benchmark/real/e332fedff040e6bb6748ca5f595bce2ba5b87f284fdc29b2232ce0e527a5caeb.mp4,0,REAL,332.6901770196855
/workspace/data/genbuster-mini/extracted/GenBuster-200K-mini/benchmark/real/e31d6f3172865ac727115fe265adffe1bdd5f5fe74d691554af7257e38f515b7.mp4,1,FAKE,365.22347712889314
/workspace/data/genbuster-mini/extracted/GenBuster-200K-mini/benchmark/real/e2ec0c48aa59243c1c71555704d0c4513a91cdddf4ce34ea292ffab1a689e98f.mp4,0,REAL,334.46653513237834
/workspace/data/genbuster-mini/extracted/GenBuster-200K-mini/benchmark/real/e2acbafe7bdc81cdc235db86fb63baf3b785a2e98cc6a738ce2a2218d64c6b58.mp4,0,REAL,337.3916670680046
/workspace/data/genbuster-mini/extracted/GenBuster-200K-mini/benchmark/real/e2915a8b452d6d7b138c26aaf27abfc8009e29a2afb5680e85ae60fa9bca2249.mp4,0,REAL,352.51128394156694
/workspace/data/genbuster-mini/extracted/GenBuster-200K-mini/benchmark/real/e210eae6152f334f29ceaef90b700144b44e98dd56f80a5faece64379f160a74.mp4,0,REAL,367.6686289254576
/workspace/data/genbuster-mini/extracted/GenBuster-200K-mini/benchmark/real/e1f7fd50289c6c8040e0de10b073da59c9ce98498149491a7382f7833be9f2b1.mp4,1,FAKE,376.5578579623252
/workspace/data/genbuster-mini/extracted/GenBuster-200K-mini/benchmark/real/e1c2f21ec0bb249c8707e8cec3b3a82e3d7a10186bbe4f4b79d3ab5b6bd2bdf6.mp4,1,FAKE,371.2697350420058
/workspace/data/genbuster-mini/extracted/GenBuster-200K-mini/benchmark/real/e184665a1afa1de9ce5d968aa2db8b73809bb24233a4fb53c150cddd3e7e8773.mp4,0,REAL,334.0530628338456
/workspace/data/genbuster-mini/extracted/GenBuster-200K-mini/benchmark/real/e144ef7798bb88d925d4795688fe00d2aa76b785fb516f2e64f24964e5e26417.mp4,0,REAL,376.98462908156216
/workspace/data/genbuster-mini/extracted/GenBuster-200K-mini/benchmark/real/e10221f60e27c929fb0efef021601f8905d437b7abaf0dbe6ad5fa356ec3cd9e.mp4,0,REAL,387.3554551973939
/workspace/data/genbuster-mini/extracted/GenBuster-200K-mini/benchmark/real/e04c3f285d4a7ebfae2308d810abd3edda571de9c9875ac14431b8d878addb08.mp4,0,REAL,353.96139905788004
/workspace/data/genbuster-mini/extracted/GenBuster-200K-mini/benchmark/real/e0466e1e08ac9fb0ed212ff51602cb0ff30b803c1a561f91e77b6488637e0785.mp4,1,FAKE,379.67908196151257
/workspace/data/genbuster-mini/extracted/GenBuster-200K-mini/benchmark/real/dfe92a27a7547dc863a0efea3781a2ba058a049cd1124ac2b7d97b64a897d737.mp4,0,REAL,357.39929392002523
/workspace/data/genbuster-mini/extracted/GenBuster-200K-mini/benchmark/real/dfa3f4335b48ebb4a3ee09828bb333dfbc6991513cd6b8728f500407bbd38f74.mp4,0,REAL,343.28191285021603
/workspace/data/genbuster-mini/extracted/GenBuster-200K-mini/benchmark/real/df770c6eb7df3f47567171ea65bf2857e90308154ec01985c635e1d997c10205.mp4,0,REAL,341.3313250057399
/workspace/data/genbuster-mini/extracted/GenBuster-200K-mini/benchmark/real/df5e074706655372db7d5283236cabb28e9833134061dcadc5dbcc12704c95ff.mp4,0,REAL,356.9719730876386
/workspace/data/genbuster-mini/extracted/GenBuster-200K-mini/benchmark/real/df3885a21d5595dc212850dc28a88df26f79d2ee4273fff6c533d8cf5cc9d945.mp4,0,REAL,359.4785640016198
/workspace/data/genbuster-mini/extracted/GenBuster-200K-mini/benchmark/real/df263495104b4ac37eabfeb361fdac76a94f48293622ad16eb1e99a897614c7e.mp4,0,REAL,353.7490889430046
/workspace/data/genbuster-mini/extracted/GenBuster-200K-mini/benchmark/real/de7579546fd5597789fde7c0874fae2992321d83536b792430b33444be3b1c55.mp4,1,FAKE,380.0456940662116
/workspace/data/genbuster-mini/extracted/GenBuster-200K-mini/benchmark/real/de5355099a8aa343a1a59d1f2d88c076e6e1164f16f284dbe5bbcbe0d3b699c0.mp4,1,FAKE,361.1033910419792
/workspace/data/genbuster-mini/extracted/GenBuster-200K-mini/benchmark/real/de3148b65cbf3957c095079ac534b27285c95e2875bcebc2e997d6c0f9836106.mp4,0,REAL,406.209726119414
/workspace/data/genbuster-mini/extracted/GenBuster-200K-mini/benchmark/real/de0caa3122f86f537f19089d801460fa511de489faf3821228794f2f7486ff84.mp4,1,FAKE,435.02639210782945
/workspace/data/genbuster-mini/extracted/GenBuster-200K-mini/benchmark/real/ddd884df8f2b06c85df2445ef31edd4867f654647bb5ce38b5081e45b8794f95.mp4,0,REAL,373.7029249314219
/workspace/data/genbuster-mini/extracted/GenBuster-200K-mini/benchmark/real/ddd06206eb36af67ee340641adc1ecd1001876cd35ba93517eb2711f396ce40d.mp4,1,FAKE,369.1645059734583
/workspace/data/genbuster-mini/extracted/GenBuster-200K-mini/benchmark/real/dcca6b1efa9f55b75f0ce0e54ffda9a6a16e962b4af3ee2315d38af950f98adc.mp4,0,REAL,358.3981490228325
/workspace/data/genbuster-mini/extracted/GenBuster-200K-mini/benchmark/real/dc9f426260e0aec20733846813ff6a41f17cf585a9123021174ecea79cce84f5.mp4,0,REAL,373.5855259001255
/workspace/data/genbuster-mini/extracted/GenBuster-200K-mini/benchmark/real/dc8f7b2165660769ca9491d7e7d08116f8f341080140c91d00260128bec8cc2f.mp4,0,REAL,343.49884488619864
/workspace/data/genbuster-mini/extracted/GenBuster-200K-mini/benchmark/real/dc7de6abedcbc89304a9d1a3006165ac74b0e0c2200e71b72d6002307304aaef.mp4,0,REAL,337.5829979777336
/workspace/data/genbuster-mini/extracted/GenBuster-200K-mini/benchmark/real/dc2b4ec01a8f7eedfb1d898bbae67f77e5b96ef205f61e75ab8035ca694c2aca.mp4,0,REAL,359.1247908771038
/workspace/data/genbuster-mini/extracted/GenBuster-200K-mini/benchmark/real/dbfb90ae002da553640656a0fec9f45a97dcb1d38c466b4cec81c6ae54af5845.mp4,0,REAL,362.81478800810874
/workspace/data/genbuster-mini/extracted/GenBuster-200K-mini/benchmark/real/db1bac6cdfdebcec84668a01e9d9fe647432d0d3176968009a17b192c0907747.mp4,0,REAL,414.2306710127741
/workspace/data/genbuster-mini/extracted/GenBuster-200K-mini/benchmark/real/da37bbd99d6aee97ac40dae175a5e13f7c9ce090b934e990681c6eebfcb4b1db.mp4,0,REAL,416.439691092819
/workspace/data/genbuster-mini/extracted/GenBuster-200K-mini/benchmark/real/da3630222fb5120015aa623a6ae6f592ed128c1d3e6769793e02666045476557.mp4,1,FAKE,382.27749220095575
/workspace/data/genbuster-mini/extracted/GenBuster-200K-mini/benchmark/real/d9e0375795362965303580e8e58c45a6287ee95630949296dce70237e1a3ce17.mp4,0,REAL,341.07258217409253
/workspace/data/genbuster-mini/extracted/GenBuster-200K-mini/benchmark/real/d989ce83f5605ba5d2f1449b1d7daf6c3dd46fb30fbfd615c4b92d314d9f5424.mp4,0,REAL,354.75522303022444
/workspace/data/genbuster-mini/extracted/GenBuster-200K-mini/benchmark/real/d97e8655daa71c4588c84549f8d7671d4be318e64fb8ee2c3663d65960b381f3.mp4,1,FAKE,386.6924319881946
/workspace/data/genbuster-mini/extracted/GenBuster-200K-mini/benchmark/real/d97ad2015606d3f7ec84c5b7dd8a160ce349ef55059c9909f9cb9d9be82c0750.mp4,0,REAL,337.6008979976177
/workspace/data/genbuster-mini/extracted/GenBuster-200K-mini/benchmark/real/d922a46e32668259c701952a4d40e42f3b461ba7e0776fddf56e9ce22523f819.mp4,0,REAL,348.9205869846046
/workspace/data/genbuster-mini/extracted/GenBuster-200K-mini/benchmark/real/d911cce992f8788344fbcd5a3a32c0fcb340d23664d5c54cd45370934852e79b.mp4,1,FAKE,381.48592901416123
/workspace/data/genbuster-mini/extracted/GenBuster-200K-mini/benchmark/real/d9082d7483f4ad74f4f32412d5293c58e83b26c6f0fbb31ee2b2a6caf62a0c2b.mp4,0,REAL,363.80481091327965
/workspace/data/genbuster-mini/extracted/GenBuster-200K-mini/benchmark/real/d8df7dc153184180f1303bcdeded6950ef18d38e28d5990df49617e8b5feab4a.mp4,0,REAL,345.3149509150535
/workspace/data/genbuster-mini/extracted/GenBuster-200K-mini/benchmark/real/d8cb8a272cdeede6afac1761249afd714f2155845746fd2c3f063c5d10ca0f6d.mp4,0,REAL,343.71856413781643
/workspace/data/genbuster-mini/extracted/GenBuster-200K-mini/benchmark/real/d8561d0c717a2f50c1d4da9c38febbfde12b2ddfe74f71609bb2eb80976b1af8.mp4,1,FAKE,368.9470449462533
/workspace/data/genbuster-mini/extracted/GenBuster-200K-mini/benchmark/real/d840a875ab1e6fd328b6c034b3352eb57663a16429a5c665b45bf185913fb71a.mp4,1,FAKE,462.549532065168
/workspace/data/genbuster-mini/extracted/GenBuster-200K-mini/benchmark/real/d7967c2586d7aa877629b76fa445769cbdee71402017d43b27ac9dab0d21669f.mp4,0,REAL,358.665439998731
/workspace/data/genbuster-mini/extracted/GenBuster-200K-mini/benchmark/real/d73cb5f37c92f5ecb4ebf155904b0f50821a5d3bc33153421b75481f0606411f.mp4,0,REAL,341.5925959125161
/workspace/data/genbuster-mini/extracted/GenBuster-200K-mini/benchmark/real/d6fdd02c50fdd82aabaf700dbf8b528d02f4d32d24c817f23894ddd6445286d3.mp4,1,FAKE,381.62226998247206
/workspace/data/genbuster-mini/extracted/GenBuster-200K-mini/benchmark/real/d6ab1d108067ad41e5f507d18db82c1b0553e60d7836e975d9448a500742e849.mp4,0,REAL,374.3981779552996
/workspace/data/genbuster-mini/extracted/GenBuster-200K-mini/benchmark/real/d69ae7d707c7e47b0c43d8b9c0a5a4f2d4bc462840b5dcfac8373f1bd67d9b4b.mp4,1,FAKE,367.8284101188183
/workspace/data/genbuster-mini/extracted/GenBuster-200K-mini/benchmark/real/d635ae1f1e447da530c2484385d45c5466050c21dc10c3ff6e75933b1c4f221d.mp4,0,REAL,383.31579812802374
/workspace/data/genbuster-mini/extracted/GenBuster-200K-mini/benchmark/real/d60c54bd6f937f165a1864e1512ebf13420e0f96e0842de454528d046545b683.mp4,0,REAL,379.38188994303346
/workspace/data/genbuster-mini/extracted/GenBuster-200K-mini/benchmark/real/d5f6cfb0f94b3aa8bb5a4edddb28c6ddbf75370ccf7712b8ad24162ed898dc6f.mp4,1,FAKE,400.07000998593867
/workspace/data/genbuster-mini/extracted/GenBuster-200K-mini/benchmark/real/d5c90b593636fa3c988e0293e7cb59821350296975bbbd01159384f54b3bf56a.mp4,0,REAL,358.75736991874874
/workspace/data/genbuster-mini/extracted/GenBuster-200K-mini/benchmark/real/d5b9a82467c13170c4b1fcf39068a43dc2a5c3f57ef126b0ca96e4aa46420d00.mp4,0,REAL,656.8945080507547
/workspace/data/genbuster-mini/extracted/GenBuster-200K-mini/benchmark/real/d54c9074ab6b9b36c437d3b73e7cfec7b166692face86b615423fbe5f3c3f47e.mp4,0,REAL,362.6589570194483
/workspace/data/genbuster-mini/extracted/GenBuster-200K-mini/benchmark/real/d4e8983e9dc1be67d1ba600c3378a7bf882c0bb6fa35d3c481b30dc2c374c0da.mp4,0,REAL,357.26863401941955
/workspace/data/genbuster-mini/extracted/GenBuster-200K-mini/benchmark/real/d4453e8eda6ebff44aaf76f704823d73c073660a7d1e72bfe82ce4424c08968c.mp4,1,FAKE,384.20367101207376
/workspace/data/genbuster-mini/extracted/GenBuster-200K-mini/benchmark/real/d3bed4933d7e7dc7df9c83a7f452f1a743d7c4a1f1640a969fc93b18b01cbf54.mp4,0,REAL,354.0622398722917
/workspace/data/genbuster-mini/extracted/GenBuster-200K-mini/benchmark/real/d30e8bb77d7e387ce58a833ace857d3270b53877b016f0cd0278cb40896e36cc.mp4,0,REAL,354.25779107026756
/workspace/data/genbuster-mini/extracted/GenBuster-200K-mini/benchmark/real/d2e9bae405168351ef1203926b98d9dd2caeef3b3df669ee498395ed283791fc.mp4,0,REAL,343.2074130978435
/workspace/data/genbuster-mini/extracted/GenBuster-200K-mini/benchmark/real/d2b4f675346e76c4b5968323467e2bd0d7cd417975f393d745858c83877cc6b7.mp4,0,REAL,394.42817587405443
/workspace/data/genbuster-mini/extracted/GenBuster-200K-mini/benchmark/real/d28c9df977c8c7fdf7623e30a2d0ab19555f3c4edad22ada99513061ca32117d.mp4,0,REAL,408.1466051284224
/workspace/data/genbuster-mini/extracted/GenBuster-200K-mini/benchmark/real/d242c1cb5b6714b7ec494d0895365d3ec404b4c9bbacede7afb506b3634355ff.mp4,0,REAL,351.5148488804698
/workspace/data/genbuster-mini/extracted/GenBuster-200K-mini/benchmark/real/d229358420fb30f106d7d54cd18836c59e9d6a0aef24ff8b166251e99aefa20d.mp4,1,FAKE,373.0674919206649
/workspace/data/genbuster-mini/extracted/GenBuster-200K-mini/benchmark/real/d2267dd4b5d0f2dbb011d0b597e78580afa4574c8220b1d9562b850fd8cd1d13.mp4,0,REAL,349.55726005136967
/workspace/data/genbuster-mini/extracted/GenBuster-200K-mini/benchmark/real/d1f514e960010ed901b3071dd634cd02dfd2613e120bf75fc98e62973d4f5b24.mp4,0,REAL,354.62946188636124
/workspace/data/genbuster-mini/extracted/GenBuster-200K-mini/benchmark/real/d1ec5a8a1249aa01496a3d82c6591edfef806396a22db455326e7aa4a5ca84ba.mp4,0,REAL,341.9919169973582
/workspace/data/genbuster-mini/extracted/GenBuster-200K-mini/benchmark/real/d1bb9c6e2c086c72b05d7512179ea2f0b9135ef4c9a649ecc9393bc3d079794c.mp4,1,FAKE,369.4715271703899
/workspace/data/genbuster-mini/extracted/GenBuster-200K-mini/benchmark/real/d15d1757432e89ccab7fff7c32f71daafee76f4eb8990ab6c8f3a95e09fd1996.mp4,0,REAL,341.9480579905212
/workspace/data/genbuster-mini/extracted/GenBuster-200K-mini/benchmark/real/d12ce6a4a2a2defcb34ff71e3de968bc115a0c47c57eb5b60ff1d4f20a818074.mp4,0,REAL,394.92577710188925
/workspace/data/genbuster-mini/extracted/GenBuster-200K-mini/benchmark/real/d123da7fddf018e4f64cea29d6134229e0638ca7843e64dbce4a353ef797ee64.mp4,0,REAL,338.51497108116746
/workspace/data/genbuster-mini/extracted/GenBuster-200K-mini/benchmark/real/d102c7bb7e70db26271afa69eaa3e861c4ec71d40353dc3d456a0f31d7f724ec.mp4,0,REAL,336.59582305699587
/workspace/data/genbuster-mini/extracted/GenBuster-200K-mini/benchmark/real/d0dfcc350e24b6e488039a78837a11525bcc087a177a3c9d81bb15171ffdb317.mp4,1,FAKE,387.2538050636649
/workspace/data/genbuster-mini/extracted/GenBuster-200K-mini/benchmark/real/d077e15ccbee55ce9d2672b18e8bec1ca9b15d2d8e51a9c9614f14adbf005021.mp4,0,REAL,343.97385618649423
/workspace/data/genbuster-mini/extracted/GenBuster-200K-mini/benchmark/real/d00e21bcca9f1c1a42190a082d38893cdc673736e2cade655cc930c9343c6746.mp4,0,REAL,340.8074718900025
/workspace/data/genbuster-mini/extracted/GenBuster-200K-mini/benchmark/real/cf9d828f5849a8fac5b26de549e7f5282379b69f0b7fb03b3d0c083eea3dd23e.mp4,0,REAL,394.71680601127446
/workspace/data/genbuster-mini/extracted/GenBuster-200K-mini/benchmark/real/cf5a2bf014dccef2388d4cbdce0391a16fcee9c79a350f863d49bbc7deae7d97.mp4,0,REAL,342.90370089001954
/workspace/data/genbuster-mini/extracted/GenBuster-200K-mini/benchmark/real/cf53452a3a689fad717f0e3fc29086dd6e5c8a158ca80f1cea6fcd52e1ce9587.mp4,0,REAL,346.0047352127731
/workspace/data/genbuster-mini/extracted/GenBuster-200K-mini/benchmark/real/cf20eef3c15804f3a88afac7b227943757c017dbd14fe5d9c6b25312f74395bb.mp4,0,REAL,339.43542488850653
/workspace/data/genbuster-mini/extracted/GenBuster-200K-mini/benchmark/real/cefc61cce68ae17e578be22e12490b3609cc34435d62f08ff5b7c1d3e99a8e62.mp4,0,REAL,351.9840899389237
/workspace/data/genbuster-mini/extracted/GenBuster-200K-mini/benchmark/real/ce98235ab8f6d5ebd81859651a37189a2f6a9c8c8ea43092b9dfd62f9638b795.mp4,0,REAL,398.220021976158
/workspace/data/genbuster-mini/extracted/GenBuster-200K-mini/benchmark/real/ce918d15f286b74225b03d5ae329bac0c023492b87e96ce5f9bb5aed420b3ac8.mp4,0,REAL,347.71746303886175
/workspace/data/genbuster-mini/extracted/GenBuster-200K-mini/benchmark/real/ce2fd88a9d8cd32afa21657ac26a106d8c5999f7f2a042dd487124892aaaecb0.mp4,0,REAL,439.448582008481
/workspace/data/genbuster-mini/extracted/GenBuster-200K-mini/benchmark/real/cde323280db4fe366a95078e57201af3cad4e85e66aa2920eeb4e2d09e0b6fc4.mp4,0,REAL,346.701747039333
/workspace/data/genbuster-mini/extracted/GenBuster-200K-mini/benchmark/real/cdc3c928569d745575f78f9417f6773f5bf53e8211659fef5109e22fed2df63d.mp4,0,REAL,337.86654006689787
/workspace/data/genbuster-mini/extracted/GenBuster-200K-mini/benchmark/real/cd6c3ca22cbd09431dbb9c8064e810fe0d055eddc2aa8501806f8675b6c5c91f.mp4,0,REAL,358.7622600607574
/workspace/data/genbuster-mini/extracted/GenBuster-200K-mini/benchmark/real/cd5f9894825d4b2cc7cf81ff64bc3d3c69833c21ee3e1a77dcedc3c9bcd00f93.mp4,1,FAKE,390.955921029672
/workspace/data/genbuster-mini/extracted/GenBuster-200K-mini/benchmark/real/ccfd553d1d983d2f0be7b46adb433188b7cfa613492e9d8d547fc7dca5ccbb8b.mp4,1,FAKE,364.9441369343549
/workspace/data/genbuster-mini/extracted/GenBuster-200K-mini/benchmark/real/cc7086a0660e8b211da215f61835435e17249621de199e0285abf981d922482a.mp4,0,REAL,331.773622892797
/workspace/data/genbuster-mini/extracted/GenBuster-200K-mini/benchmark/real/cbf1e03d95f3367f6467f1f3930af0450bde58207029eb76386cb38b8e044447.mp4,0,REAL,341.19942295365036
/workspace/data/genbuster-mini/extracted/GenBuster-200K-mini/benchmark/real/cbd59d456ca8d12e44fb739b06463ea96d9f736a804d3ec33f9d0f8436065cd6.mp4,0,REAL,343.4805830474943
/workspace/data/genbuster-mini/extracted/GenBuster-200K-mini/benchmark/real/caca97733d8f4588ca7e06fda79517b82a248d8c27cb4704e6fa24458c06b270.mp4,1,FAKE,463.97057897411287
/workspace/data/genbuster-mini/extracted/GenBuster-200K-mini/benchmark/real/ca9af865a7ea2df2dc6db76e29b3eda5610cc6a9121e0cd165111b46a4a406c8.mp4,0,REAL,348.1468530371785
/workspace/data/genbuster-mini/extracted/GenBuster-200K-mini/benchmark/real/ca9a995793688876c2e7b772cb0a74fb9bb26836659194b5774f01704aaf2fa0.mp4,1,FAKE,422.70331899635494
/workspace/data/genbuster-mini/extracted/GenBuster-200K-mini/benchmark/real/ca927bc10ce5ffcfd73726492c3478a684dd4378c737bdb12785b87edf7e9cba.mp4,1,FAKE,361.2622208893299
/workspace/data/genbuster-mini/extracted/GenBuster-200K-mini/benchmark/real/ca49f6d1b5492602c66fac1a9c2767121f3d08928d46d224fae857c24a33ba0b.mp4,1,FAKE,428.0226118862629
/workspace/data/genbuster-mini/extracted/GenBuster-200K-mini/benchmark/real/ca314d39001dd09da5661179088653cc797f6db74154e7d21eb02c11cebd9518.mp4,0,REAL,398.9700151141733
/workspace/data/genbuster-mini/extracted/GenBuster-200K-mini/benchmark/real/ca151ce5a5778e6493ca475155bdeb2389c86be28e90e11fc66e669359e6862c.mp4,0,REAL,347.1083799377084
/workspace/data/genbuster-mini/extracted/GenBuster-200K-mini/benchmark/real/c9b70603cf9a295fe0b79d4a280b298e1cd28b8462368ba78670f0c402210e87.mp4,0,REAL,336.47866314277053
/workspace/data/genbuster-mini/extracted/GenBuster-200K-mini/benchmark/real/c93745e2f3ea616b401fc772437e3edd0dbe2b7f3c4242a3527745e79fc4febc.mp4,0,REAL,342.141737928614
/workspace/data/genbuster-mini/extracted/GenBuster-200K-mini/benchmark/real/c906b5ae36cdb255a8d07506d7d89e2b5039e641346a28632e238b366d641cc3.mp4,0,REAL,377.896344056353
/workspace/data/genbuster-mini/extracted/GenBuster-200K-mini/benchmark/real/c8543e96915afc10f11b1dc7288ef14839bd4b71bec5f3189a474180e4bb0efc.mp4,0,REAL,349.26215815357864
/workspace/data/genbuster-mini/extracted/GenBuster-200K-mini/benchmark/real/c7dfb7b7cc42da12d1366a919c011b2fea360971bb8176664d29a465c7ec7679.mp4,0,REAL,351.0396669153124
/workspace/data/genbuster-mini/extracted/GenBuster-200K-mini/benchmark/real/c7d7f968f87b36bd6be05986ada1cc27d7062ba5c32abb05f54142648aa6fe21.mp4,0,REAL,337.3063469771296
/workspace/data/genbuster-mini/extracted/GenBuster-200K-mini/benchmark/real/c6ded60877c321fe8ba2ecfa4f6be6f74bdcb20275f952fa0f9078c38d28aa4c.mp4,0,REAL,338.6047431267798
/workspace/data/genbuster-mini/extracted/GenBuster-200K-mini/benchmark/real/c6d20079254cec072a3c1e4846da2cc59e7dba1cdf4ce9e9f85d7e20dc36142e.mp4,0,REAL,347.14561980217695
/workspace/data/genbuster-mini/extracted/GenBuster-200K-mini/benchmark/real/c6bc9b44617aafc0523bbf33195245e3adf9af2890f954fae459599de7e51c7b.mp4,0,REAL,342.52330008894205
/workspace/data/genbuster-mini/extracted/GenBuster-200K-mini/benchmark/real/c678822a1eeec037ed68202138fd92ac24e4ada57cd372487b9312f6bf862fc8.mp4,0,REAL,339.42330605350435
/workspace/data/genbuster-mini/extracted/GenBuster-200K-mini/benchmark/real/c60a153f05fde1fe9f59d63ffba30a8b1057421ddd23de6674524b1256448be0.mp4,1,FAKE,370.78863312490284
/workspace/data/genbuster-mini/extracted/GenBuster-200K-mini/benchmark/real/c5fdbe1303cd0226ccd44935529c1ef1347e641b52dc755509e5d3e53e30a2a8.mp4,0,REAL,339.79647792875767
/workspace/data/genbuster-mini/extracted/GenBuster-200K-mini/benchmark/real/c5c8ed8bacda166cfd528d927674759f413f2d0c7f0b7e3ea9820bf0e23a9e4f.mp4,1,FAKE,429.7201589215547
/workspace/data/genbuster-mini/extracted/GenBuster-200K-mini/benchmark/real/c5be8e9a2177a2c78a7eb7917c433452be00781eff58bd8e608820c3d132af40.mp4,0,REAL,355.38251604884863
/workspace/data/genbuster-mini/extracted/GenBuster-200K-mini/benchmark/real/c4a2ebcaab7cbe3443251b1f4630e94d11cbb9c231c1fcff5863b662612d05d8.mp4,0,REAL,343.8480750191957
/workspace/data/genbuster-mini/extracted/GenBuster-200K-mini/benchmark/real/c47cfb3c2c19db4a914490d19f0b50587fea33aa45f90b5f7eb4ffb3d0fe4a0f.mp4,0,REAL,447.2602750174701
/workspace/data/genbuster-mini/extracted/GenBuster-200K-mini/benchmark/real/c43a4108d295cdec0c1789804312d5a4f65bb6d5fea14404401958b945e3054a.mp4,0,REAL,368.9489651005715
/workspace/data/genbuster-mini/extracted/GenBuster-200K-mini/benchmark/real/c2fe4c26783b664eed33be3e287c6d92654922cd99b3b2dca508a0f497c87719.mp4,1,FAKE,391.0329109057784
/workspace/data/genbuster-mini/extracted/GenBuster-200K-mini/benchmark/real/c2f5965fa1e1e528170f9bd27f58ff8719204aadbcf607776174c27b72e316c4.mp4,0,REAL,354.67228200286627
/workspace/data/genbuster-mini/extracted/GenBuster-200K-mini/benchmark/real/c2c7463fc85975ac30a6e844e81c4a5c02ed3f23cedd9c0bbd44af651aa385c9.mp4,1,FAKE,367.4305980093777
/workspace/data/genbuster-mini/extracted/GenBuster-200K-mini/benchmark/real/c2bfdcb663ff5d6b8937bf5420dbf159547be8f36c531100fbde9d99ea5bcc5b.mp4,0,REAL,366.0891109611839
/workspace/data/genbuster-mini/extracted/GenBuster-200K-mini/benchmark/real/c26ed88996cb59f6e703a49c018fb182b8ac5ce1dcd97038a9efc82ac7c530d1.mp4,0,REAL,340.8524519763887
/workspace/data/genbuster-mini/extracted/GenBuster-200K-mini/benchmark/real/c236ce42443da43897db9e2082f2240f6fa80c72bc00549bb3060f5b8cbce69c.mp4,0,REAL,336.9506159797311
/workspace/data/genbuster-mini/extracted/GenBuster-200K-mini/benchmark/real/c2348b3b8276935ae183eab2b38ac4eb87e2260788bc57ab3d4ceaa10506541b.mp4,1,FAKE,371.96467793546617
/workspace/data/genbuster-mini/extracted/GenBuster-200K-mini/benchmark/real/c19385a16b67d85c2e69ae025f98a78023b8bb0c6db2a0c8325eae297d13d509.mp4,1,FAKE,374.17277693748474
/workspace/data/genbuster-mini/extracted/GenBuster-200K-mini/benchmark/real/c15ace85df82c01d1ac78eba1b883aa425a0936b0651588db8231f5fd991f0f6.mp4,0,REAL,403.66065595299006
/workspace/data/genbuster-mini/extracted/GenBuster-200K-mini/benchmark/real/c11df17a779745f20978a008590052007cdc2e1bb3175683072aa06f998c6dd2.mp4,0,REAL,339.4935370888561
/workspace/data/genbuster-mini/extracted/GenBuster-200K-mini/benchmark/real/bfa47399b5e04e1e2346f5afd5a66570e2bc4fa3036b777d9f0f6861cc967cac.mp4,1,FAKE,375.4172830376774
/workspace/data/genbuster-mini/extracted/GenBuster-200K-mini/benchmark/real/bf90d271c4e24ee666c1d74272c32ef2a8858a97e019100585fbdb65a6b93a1d.mp4,0,REAL,348.8133670762181
/workspace/data/genbuster-mini/extracted/GenBuster-200K-mini/benchmark/real/bf765bd1d54810e580c5ee62086c974fca45fdbb8480e2c07b4d8ff6dccce6c1.mp4,0,REAL,344.0027560573071
/workspace/data/genbuster-mini/extracted/GenBuster-200K-mini/benchmark/real/bf0c59c63123904776b536eda79f16a2069a6040af60dbf0be34673236a8c51f.mp4,1,FAKE,372.01142800040543
/workspace/data/genbuster-mini/extracted/GenBuster-200K-mini/benchmark/real/beca7060df36b1483965685df94aff8fd9802607647c37e513b9ade424775374.mp4,0,REAL,358.3870690781623
/workspace/data/genbuster-mini/extracted/GenBuster-200K-mini/benchmark/real/be73af6dffc1c9e3f702ab6e4d50e6b2749548c86047aa3adf4b62223b7b5b0e.mp4,1,FAKE,381.67314999736845
/workspace/data/genbuster-mini/extracted/GenBuster-200K-mini/benchmark/real/be3ff3481d8107ad8c6c2f0590c6aa1de46a1147a71aa467a4400038094e9038.mp4,0,REAL,408.7413379456848
/workspace/data/genbuster-mini/extracted/GenBuster-200K-mini/benchmark/real/bd8065f2685c700b2dca08deb6224424227a27d295723f520b87bc689b3ec342.mp4,1,FAKE,376.08706508763134
/workspace/data/genbuster-mini/extracted/GenBuster-200K-mini/benchmark/real/bd69270ccda9cd02ea6c79646bc16ae47fc315332c104cdedf6449fcf26f63f4.mp4,1,FAKE,363.04245912469923
/workspace/data/genbuster-mini/extracted/GenBuster-200K-mini/benchmark/real/bd2d080d76dd85a00a80e87e68e6d6c82316029d4d594d0f81ce4325b7dbddc0.mp4,0,REAL,361.9634648784995
/workspace/data/genbuster-mini/extracted/GenBuster-200K-mini/benchmark/real/bd0defd5f9b933d663bccb5e6a2505878315bff0495a4ae2782055d6455908b7.mp4,0,REAL,342.46240998618305
/workspace/data/genbuster-mini/extracted/GenBuster-200K-mini/benchmark/real/bcaf141d2c4fa83dbce65a383bd302fe0ab1908db737251a550782eda2046d78.mp4,0,REAL,341.08416293747723
/workspace/data/genbuster-mini/extracted/GenBuster-200K-mini/benchmark/real/bba754ed8a36ea152861343021cac2a9958f8fb58f605c6fa6a310f34837cddb.mp4,0,REAL,410.8115469571203
/workspace/data/genbuster-mini/extracted/GenBuster-200K-mini/benchmark/real/bb96e770ba2fec9aeb060d71361df3897cd5441ee44846f8d00738be2972c4ad.mp4,1,FAKE,367.76369786821306
/workspace/data/genbuster-mini/extracted/GenBuster-200K-mini/benchmark/real/bb1d8e0d2e86cc595a2ac8beef885119183519d59cf11586e3b8a1d1f15919bc.mp4,1,FAKE,369.6111978497356
/workspace/data/genbuster-mini/extracted/GenBuster-200K-mini/benchmark/real/ba06cb429b8868f121e7fd71b5da39d4de14b5602d6a65f4b31042a66e69caab.mp4,0,REAL,346.5415081009269
/workspace/data/genbuster-mini/extracted/GenBuster-200K-mini/benchmark/real/b9d798cc28e84dbd6252f399f7851eaa6d75a59171f86c62cf86a6b8ac652a47.mp4,0,REAL,379.4947599526495
/workspace/data/genbuster-mini/extracted/GenBuster-200K-mini/benchmark/real/b92ae7f71f9d6f070c305d438e0ba8617b0d923562e5c1ce161461dd0790dcfb.mp4,0,REAL,358.56310999952257
/workspace/data/genbuster-mini/extracted/GenBuster-200K-mini/benchmark/real/b90186156a44c1e21e8beab7876703296b12800d34e4373c74c2248549f4de5e.mp4,0,REAL,336.42381406389177
/workspace/data/genbuster-mini/extracted/GenBuster-200K-mini/benchmark/real/b8d9c614a938839ad643fc804c80a97676e36c66b8b03553f1ce5df89a7ecdec.mp4,0,REAL,345.147421117872
/workspace/data/genbuster-mini/extracted/GenBuster-200K-mini/benchmark/real/b82761a4f267b55aced65933000dbdade1abb08118772763cc39fd0429153447.mp4,0,REAL,382.77481589466333
/workspace/data/genbuster-mini/extracted/GenBuster-200K-mini/benchmark/real/b803ebc732047f3d31693acbb6943dc237965efaad444e7059e1352bfbca3c3f.mp4,0,REAL,341.13500313833356
/workspace/data/genbuster-mini/extracted/GenBuster-200K-mini/benchmark/real/b7e7e9e25a8ca0b8f79b1665ec2b975105698741d97cfd0e886e9d69a60991ab.mp4,0,REAL,342.6553800236434
/workspace/data/genbuster-mini/extracted/GenBuster-200K-mini/benchmark/real/b7d2708f67040b3c5e805ae762bdd2eb12adf27f449782069911733ab36f40a1.mp4,0,REAL,347.7454830426723
/workspace/data/genbuster-mini/extracted/GenBuster-200K-mini/benchmark/real/b79840b07ab02a89525947b1a6a5dafc50465fe310b7c76f6dcf6cb3957355d8.mp4,1,FAKE,416.51696199551225
/workspace/data/genbuster-mini/extracted/GenBuster-200K-mini/benchmark/real/b6ccd327a06ecc4170992e1fd79884cebf1a7a19a8962dd7439a73f79861156f.mp4,0,REAL,334.1758940368891
/workspace/data/genbuster-mini/extracted/GenBuster-200K-mini/benchmark/real/b6c3968ae2d54584b8c09ee87c34e6c5bcc5b3dc51d059c0b02135ed721411da.mp4,1,FAKE,368.69851290248334
/workspace/data/genbuster-mini/extracted/GenBuster-200K-mini/benchmark/real/b6a02c619337948155e28d2a0a9f0359638ac46ab1cfcb6d641a54a421e3a4aa.mp4,0,REAL,345.11299105361104
/workspace/data/genbuster-mini/extracted/GenBuster-200K-mini/benchmark/real/b64c44656c22fd8d44fca3505abec8e94732ef6f9d0e29e5083d7cbf8f62dab0.mp4,0,REAL,354.4377819634974
/workspace/data/genbuster-mini/extracted/GenBuster-200K-mini/benchmark/real/b62bc96db457645a2baea29a1e18950e2e43d8bf5f8ea6ff513bffefe9594d80.mp4,0,REAL,345.31928203068674
/workspace/data/genbuster-mini/extracted/GenBuster-200K-mini/benchmark/real/b6157c7bb724d53e94e4dfe9d93ad2967e12bcd5e2ba4890f5bf71d22c306281.mp4,0,REAL,357.1678639855236
/workspace/data/genbuster-mini/extracted/GenBuster-200K-mini/benchmark/real/b5c942ac056a109b7e9b857ffcab87384c338346e2a83a48f8db6e7d8e5ada4f.mp4,1,FAKE,374.93497016839683
/workspace/data/genbuster-mini/extracted/GenBuster-200K-mini/benchmark/real/b5bb902857991641b85015165cb88a2bc128b0a44965f9d9958fc815f041149b.mp4,0,REAL,374.10184694454074
/workspace/data/genbuster-mini/extracted/GenBuster-200K-mini/benchmark/real/b576150b1b1b70cfdceaa0e2ff8e64929704a5a72b2fb5118f1fca2464a111f5.mp4,0,REAL,351.01158590987325
/workspace/data/genbuster-mini/extracted/GenBuster-200K-mini/benchmark/real/b54e5054cf7508c0eed8b04f5e63751f9ba5861bb241034f7908512f3b4f370a.mp4,0,REAL,357.4713740963489
/workspace/data/genbuster-mini/extracted/GenBuster-200K-mini/benchmark/real/b51671d1b49480f7c186fc8e91bdf555fd67c26919013bf5b2d9b98919e6980b.mp4,1,FAKE,378.90359689481556
/workspace/data/genbuster-mini/extracted/GenBuster-200K-mini/benchmark/real/b5155322fbf5dae704e1bfc2056843cc61e6bfa073f5a49ab176d94eeb447acf.mp4,0,REAL,336.6971951909363
/workspace/data/genbuster-mini/extracted/GenBuster-200K-mini/benchmark/real/b483131a209cc9855cc0d4ac33be6164f8e0eedd40f7aa7e3e93126d301b6201.mp4,0,REAL,427.37432895228267
/workspace/data/genbuster-mini/extracted/GenBuster-200K-mini/benchmark/real/b47644a4565cbfff5a5555ac1d12e161984c9ca9552931edb0dfae4b28152da7.mp4,1,FAKE,382.11959204636514
/workspace/data/genbuster-mini/extracted/GenBuster-200K-mini/benchmark/real/b460776f200a3840f9fdc0adb4c9b57dc7b222073d0f2513a27f06d0cd5de4a5.mp4,0,REAL,353.04941493086517
/workspace/data/genbuster-mini/extracted/GenBuster-200K-mini/benchmark/real/b441747d30327ea8055850be85cd5d35133c23dd0cff584511e7bfb5376bcce0.mp4,0,REAL,352.1057718899101
/workspace/data/genbuster-mini/extracted/GenBuster-200K-mini/benchmark/real/b3e43dde4ed9dc338d54a17d1996cf92eeaa8109a443385c1d605216e559bee2.mp4,0,REAL,356.1138389632106
/workspace/data/genbuster-mini/extracted/GenBuster-200K-mini/benchmark/real/b3d1cfd2436e1d854425f8de8e8db9edf8faea02f8191cb726eb9a82a891b7cb.mp4,1,FAKE,454.7112970612943
/workspace/data/genbuster-mini/extracted/GenBuster-200K-mini/benchmark/real/b3903995dbbfbdf1c6e58ae417f6f89ed51ccb6c393e29477fe8bbec8f0bf174.mp4,0,REAL,408.20932504720986
/workspace/data/genbuster-mini/extracted/GenBuster-200K-mini/benchmark/real/b3564a7d60d35fce8a33b06b33c0235501bfc1992cc0f93a54174df9176a23d7.mp4,0,REAL,353.31010608933866
/workspace/data/genbuster-mini/extracted/GenBuster-200K-mini/benchmark/real/b26e84b0d5828130956fa3f0751f3d2f062c9e3c56cf2c8479fdec1b244bc325.mp4,0,REAL,346.1803561076522
/workspace/data/genbuster-mini/extracted/GenBuster-200K-mini/benchmark/real/b262bc4819ccdd747e03b2d58652fdc244a6ace6328cc2c1e0ffe42ac351f421.mp4,0,REAL,346.8599689658731
/workspace/data/genbuster-mini/extracted/GenBuster-200K-mini/benchmark/real/b249231ea1d82dfaf2e95d320908af9ec9c965f1d393c0212e2c2aef15e369e4.mp4,1,FAKE,373.861056054011
/workspace/data/genbuster-mini/extracted/GenBuster-200K-mini/benchmark/real/b21e2a2ab1304a59322de2eb184d4e1250c8d1e8d36d776a6dfb8b679d50d20a.mp4,1,FAKE,440.5153871048242
/workspace/data/genbuster-mini/extracted/GenBuster-200K-mini/benchmark/real/b1fd6701b1c0cc4e18cbf4f4e169de899899f427fb60eabe634f5a20af92b188.mp4,0,REAL,341.3595948368311
/workspace/data/genbuster-mini/extracted/GenBuster-200K-mini/benchmark/real/b1aff83725714077e90db670837aa4254fe59c8558e1856d59c06736e22019b1.mp4,0,REAL,336.3186519127339
/workspace/data/genbuster-mini/extracted/GenBuster-200K-mini/benchmark/real/b168e065332fd8417592077a9d9ea51e1f1720a0539748435804c4c779a5ab94.mp4,1,FAKE,362.2209948953241
/workspace/data/genbuster-mini/extracted/GenBuster-200K-mini/benchmark/real/b0fd0e4334e6d74ab956d13525f4253e192ce5709af6a2b0b28a7b9bc89d3cb1.mp4,0,REAL,374.61820896714926
/workspace/data/genbuster-mini/extracted/GenBuster-200K-mini/benchmark/real/b0ab0d012c5726b4c3e3dab3cb3648b0b294cf52d3eec4b4b75e52ad33199ed8.mp4,0,REAL,354.9114449415356
/workspace/data/genbuster-mini/extracted/GenBuster-200K-mini/benchmark/real/b0a280a886eb2826366682ce7b54966434b249ee8a2261845c42b45f78ef7534.mp4,0,REAL,354.04603998176754
/workspace/data/genbuster-mini/extracted/GenBuster-200K-mini/benchmark/real/b0886b90dac63f552d0a0adbb70aa9259469505c566ac88b36fe0e8152cae670.mp4,0,REAL,345.55774298496544
/workspace/data/genbuster-mini/extracted/GenBuster-200K-mini/benchmark/real/afdb866bc50950ad94cfcfe55a757d468b7126e702748a7309b9eba9d0bd1e70.mp4,0,REAL,349.9447521753609
/workspace/data/genbuster-mini/extracted/GenBuster-200K-mini/benchmark/real/afda3d647615ae8ac568dc353b4918207be7813a28d5e6ab7c82a3a44fe39486.mp4,0,REAL,351.17927682586014
/workspace/data/genbuster-mini/extracted/GenBuster-200K-mini/benchmark/real/af9e1ed5dc271c8516f0931c67b905f74a9d9d5361f9d8f245f8fd6ada27331a.mp4,0,REAL,331.1017311643809
/workspace/data/genbuster-mini/extracted/GenBuster-200K-mini/benchmark/real/af0d4b7afccee0ac613e3f5d77edfd8e84adbffd05baa825b50f91ba2405890b.mp4,0,REAL,340.53518110886216
/workspace/data/genbuster-mini/extracted/GenBuster-200K-mini/benchmark/real/aebae259d1e8211ec4e092cbf454a980264b2d0fb92e68d865eb7fe047d9e8f3.mp4,0,REAL,339.59334599785507
/workspace/data/genbuster-mini/extracted/GenBuster-200K-mini/benchmark/real/ae9c0edeb8a190573e87f5df270312e9f6c338de38e8ab9371e04814406c8f10.mp4,0,REAL,342.98922191374004
/workspace/data/genbuster-mini/extracted/GenBuster-200K-mini/benchmark/real/ae5cd0d494a7750c92efc3265d7f3cb51c994080e27b89edb1c71f587cf0699b.mp4,0,REAL,413.42625790275633
/workspace/data/genbuster-mini/extracted/GenBuster-200K-mini/benchmark/real/ae5c6dccc540d891f6281383818d7373e1028f853c0c156fa5ae839464f7b5b9.mp4,0,REAL,337.59963791817427
/workspace/data/genbuster-mini/extracted/GenBuster-200K-mini/benchmark/real/ade7e32b97f811930098a6818d3514b8130dc8cf664037fd572df9380ab8a4ea.mp4,0,REAL,336.392821976915
/workspace/data/genbuster-mini/extracted/GenBuster-200K-mini/benchmark/real/addf3c0a6f7ef47e10c4814c483f6c6b15aa6fc39669071f7f0b2fc991566acc.mp4,0,REAL,338.7549538165331
/workspace/data/genbuster-mini/extracted/GenBuster-200K-mini/benchmark/real/ad2d83a3114851015a8a7da16c4c7dbd2783b6dda432e1e5aa185055a9e76e36.mp4,0,REAL,403.98267679847777
/workspace/data/genbuster-mini/extracted/GenBuster-200K-mini/benchmark/real/acf034d34169ae0d54a36a885fe2b59d557203d502dda2004bb1eb261594a138.mp4,0,REAL,340.6364629045129
/workspace/data/genbuster-mini/extracted/GenBuster-200K-mini/benchmark/real/acbf2aae8fed3d02e3b405c04a47a81ecac1147f38497423685962577d2965e2.mp4,0,REAL,359.91008509881794
/workspace/data/genbuster-mini/extracted/GenBuster-200K-mini/benchmark/real/aca8fc7dadc7bfe3daeac98ef93a8f4c0fccbe6a5cab0add74a41ac56af7e1c4.mp4,0,REAL,351.54354898259044
/workspace/data/genbuster-mini/extracted/GenBuster-200K-mini/benchmark/real/ac11a5a405489c09e4e9fd841e9ca991aefde7c53d37102a6869e466b085509b.mp4,0,REAL,358.53030905127525
/workspace/data/genbuster-mini/extracted/GenBuster-200K-mini/benchmark/real/ac0db7d299c88789657b843da13c127455d9ec32a6092bbacc5f4dfcd7bee7f8.mp4,1,FAKE,375.2410418819636
/workspace/data/genbuster-mini/extracted/GenBuster-200K-mini/benchmark/real/abe8e6e7f0b87ad502fce169280dc40b1d36539a8e5f7c94381f5e96841f2e14.mp4,0,REAL,401.5844368841499
/workspace/data/genbuster-mini/extracted/GenBuster-200K-mini/benchmark/real/abc559799165c4fb15aaa632d0956cecfc487a9a069dad94e6323f74647faad7.mp4,0,REAL,340.3652810957283
/workspace/data/genbuster-mini/extracted/GenBuster-200K-mini/benchmark/real/ab9fec1086f40dc02276bce357f211beeb54fa25bd1bffa48459d7d0d67875fe.mp4,1,FAKE,392.1742648817599
/workspace/data/genbuster-mini/extracted/GenBuster-200K-mini/benchmark/real/ab640d150333be6aee99aabcd8fce2f1172de0061c77029f605dee75345ca0e2.mp4,0,REAL,397.510448936373
/workspace/data/genbuster-mini/extracted/GenBuster-200K-mini/benchmark/real/ab31d97f67b5551303168bfea1c462f4ea088587adadf3872922b77a03591564.mp4,0,REAL,354.4259420596063
/workspace/data/genbuster-mini/extracted/GenBuster-200K-mini/benchmark/real/ab22d70011ad2a8e30e6c7555da22d1db8e426c1c33dbef649f7dcf76a7bd6f0.mp4,1,FAKE,415.456417016685
/workspace/data/genbuster-mini/extracted/GenBuster-200K-mini/benchmark/real/ab0522b5f7e9cbf9c22f0cf3b4a549acddaa709a915b207b6b571aed660f3f0a.mp4,0,REAL,337.9912900272757
/workspace/data/genbuster-mini/extracted/GenBuster-200K-mini/benchmark/real/aab4520d0c6a008199cfb9d8da55486ed5593646a364e790e09d53713a57c6cf.mp4,0,REAL,392.4028859473765
/workspace/data/genbuster-mini/extracted/GenBuster-200K-mini/benchmark/real/aa8ec46a17b6f701da58e36082e2042c2f022fb1d3b1073b941908234e4a3f2a.mp4,0,REAL,396.03071101009846
/workspace/data/genbuster-mini/extracted/GenBuster-200K-mini/benchmark/real/aa84e9c35d82a403cd2ac1a49f2abdd03d1d7019b0b8497afbbbdd8da1863366.mp4,1,FAKE,353.69561798870564
/workspace/data/genbuster-mini/extracted/GenBuster-200K-mini/benchmark/real/aa63bf56da4cfc791ebb296a1e58a1085b2f14fec7542a9ba4c17c896b7a7112.mp4,0,REAL,336.4487530197948
/workspace/data/genbuster-mini/extracted/GenBuster-200K-mini/benchmark/real/aa43ba01b7748a3f44b6aed730c8efb199a581b9788a145abd20dd093affde70.mp4,1,FAKE,442.84803606569767
/workspace/data/genbuster-mini/extracted/GenBuster-200K-mini/benchmark/real/a9d697e8d50b835110a802175119032e18ec22e8a063bb8a49bb81797376ebc8.mp4,0,REAL,343.804206000641
/workspace/data/genbuster-mini/extracted/GenBuster-200K-mini/benchmark/real/a9bf64905725ddf5dd170c894ce03db05620718534ec43af5cfcd3c448b1132c.mp4,0,REAL,350.2790229395032
/workspace/data/genbuster-mini/extracted/GenBuster-200K-mini/benchmark/real/a8cef40536945b37e17b72f89ba5c4b749625f4150f0646b17ba87d3f1f49dca.mp4,0,REAL,337.6771288458258
/workspace/data/genbuster-mini/extracted/GenBuster-200K-mini/benchmark/real/a880f3fd826d34fa40fd9f3df08868fb525c966be5671dca53f462df5576071f.mp4,0,REAL,382.10563198663294
/workspace/data/genbuster-mini/extracted/GenBuster-200K-mini/benchmark/real/a87b8cf2052f8c07655b198fadb9461c8c33f25a1e3ce7f7d02abbda702c1f86.mp4,1,FAKE,416.18693084456027
/workspace/data/genbuster-mini/extracted/GenBuster-200K-mini/benchmark/real/a868dff2350fd742c13465fb31c076f9176d6711c0c18b114cf17bac1fa9a1c6.mp4,0,REAL,337.9313498735428
/workspace/data/genbuster-mini/extracted/GenBuster-200K-mini/benchmark/real/a8185d5b782181c8444f96ef1c6abd7eafa3ad243089627fd9eff64a112b2059.mp4,0,REAL,356.6650408320129
/workspace/data/genbuster-mini/extracted/GenBuster-200K-mini/benchmark/real/a7bcc4b3be75780a6fd750b0f928779b456d383c5aa09620f6e3013357084eb6.mp4,1,FAKE,374.750480055809
/workspace/data/genbuster-mini/extracted/GenBuster-200K-mini/benchmark/real/a7a83e0b47f580c392bbfb9e4801d67f1eecc4e89733ac99a9efa5a42ae7040a.mp4,0,REAL,350.2846339251846
/workspace/data/genbuster-mini/extracted/GenBuster-200K-mini/benchmark/real/a783774dae1df2c72889f90cb4f7185d79a4ab152ba81d7f0b5d003a03207b0e.mp4,0,REAL,442.43398401886225
/workspace/data/genbuster-mini/extracted/GenBuster-200K-mini/benchmark/real/a7196150c76e5f5af1202e94b6bb60866f4aa2df12a1b8dddfae06ef033b3ffd.mp4,0,REAL,336.6733549628407
/workspace/data/genbuster-mini/extracted/GenBuster-200K-mini/benchmark/real/a71475095e59d2735b942b006a71a7e2d58cf2dc92a0616a288cedbb1f75baaf.mp4,0,REAL,425.6373809184879
/workspace/data/genbuster-mini/extracted/GenBuster-200K-mini/benchmark/real/a710b12bb1cedb9c60f6abf00ea6e0d952358683409ff6c27caf861906d14ffe.mp4,0,REAL,355.1125838421285
/workspace/data/genbuster-mini/extracted/GenBuster-200K-mini/benchmark/real/a7074fb84329e2914d7cc38f3af7b89de4d6a20b69094ff315ad7a9f3cba0cea.mp4,1,FAKE,450.4126801621169
/workspace/data/genbuster-mini/extracted/GenBuster-200K-mini/benchmark/real/a6e88a1ea38f1c11564da6c683f21d25257650282c767dbe2ad2e66aebfca799.mp4,0,REAL,363.6251110583544
/workspace/data/genbuster-mini/extracted/GenBuster-200K-mini/benchmark/real/a684c42f912a579237859c582777acbf029ef8a96d973cb1fe28e6c0a15a0457.mp4,0,REAL,345.11782112531364
/workspace/data/genbuster-mini/extracted/GenBuster-200K-mini/benchmark/real/a5ec03d4545eecf03c80487c80b87b1295f440f4f0b8a24aa9f16326918dc7d8.mp4,0,REAL,379.2257390450686
/workspace/data/genbuster-mini/extracted/GenBuster-200K-mini/benchmark/real/a53054ab4ac16fa4aee22c156aa15d7bccb70d77a74a1bc73721743628ea69e9.mp4,0,REAL,352.14247182011604
/workspace/data/genbuster-mini/extracted/GenBuster-200K-mini/benchmark/real/a5236f8e6cb974a65c1446c92b3ee0bb01add6bc0915269fef0a32a8e34f55c8.mp4,0,REAL,352.918024873361
/workspace/data/genbuster-mini/extracted/GenBuster-200K-mini/benchmark/real/a4cca18a70b695cedf32bbc3f5e90c6474038b4fd66f5706ff4d5a9a0be7db04.mp4,1,FAKE,364.7789659444243
/workspace/data/genbuster-mini/extracted/GenBuster-200K-mini/benchmark/real/a4bf519fa73d697afb07a3b27205dd11ac6ab6189143518a360eae89c624bd44.mp4,0,REAL,339.2405060585588
/workspace/data/genbuster-mini/extracted/GenBuster-200K-mini/benchmark/real/a489e43fb92b8a55a7dc5863d213f97dba1a764ffe05918e5241ecbb628c2fb9.mp4,0,REAL,333.31899996846914
/workspace/data/genbuster-mini/extracted/GenBuster-200K-mini/benchmark/real/a48447f927db2c045417c805b95e5b26ab411c56da0f3d3df17a55914e56fd34.mp4,0,REAL,356.74590105190873
/workspace/data/genbuster-mini/extracted/GenBuster-200K-mini/benchmark/real/a44e8017ad9fb5d5e1b21413025b5ecf07099c34661e5b5150ef2ba4ad9c6b6e.mp4,0,REAL,354.3412310536951
/workspace/data/genbuster-mini/extracted/GenBuster-200K-mini/benchmark/real/a444faeb4b46be2794d136b27b2c1c2bdf61eb3ed2760a701297fcc24417437c.mp4,0,REAL,350.4122730810195
/workspace/data/genbuster-mini/extracted/GenBuster-200K-mini/benchmark/real/a4392ad36115d4672cfc3b39019a0d2d9f23e56615173a8008ead1170be52f03.mp4,1,FAKE,379.10734000615776
/workspace/data/genbuster-mini/extracted/GenBuster-200K-mini/benchmark/real/a404d44174e221878ea807639fd73ca8dbc97d11f2ce0fc0e4deb1007a4f896f.mp4,0,REAL,337.75697997771204
/workspace/data/genbuster-mini/extracted/GenBuster-200K-mini/benchmark/real/a3d8eed6f4631802f2aa2112bbc584c923570b75c39dfa8fd17da43a498c0006.mp4,0,REAL,352.68369410187006
/workspace/data/genbuster-mini/extracted/GenBuster-200K-mini/benchmark/real/a3b6b793fa4f9257ef11920e9fef26cb22b80c96651f7ae552b31d73ba1ba308.mp4,0,REAL,405.8027339633554
/workspace/data/genbuster-mini/extracted/GenBuster-200K-mini/benchmark/real/a3b69e8e1cefe2fdfe8b856c7a52f15ae668606270304ae34550c108ac21d2e8.mp4,1,FAKE,365.55042886175215
/workspace/data/genbuster-mini/extracted/GenBuster-200K-mini/benchmark/real/a39aa0c247a5ddefe6a41d887e680cf9d292b0a8086fdad2c04b6dae54d48c88.mp4,1,FAKE,365.834450814873
/workspace/data/genbuster-mini/extracted/GenBuster-200K-mini/benchmark/real/a300e6c46ac4e5fc3158069200c9ccd60f6d2ffae64d3ef395cc4b023772c93f.mp4,0,REAL,336.3498328253627
/workspace/data/genbuster-mini/extracted/GenBuster-200K-mini/benchmark/real/a2bc47eafd33d066a4e819b73f5869b99820eeb5d7dc253580a9699c510bdfbd.mp4,0,REAL,419.44948490709066
/workspace/data/genbuster-mini/extracted/GenBuster-200K-mini/benchmark/real/a2a33dd80fe89e7b9be183a68468d6f1a512aef1f0f564eac6ac8848878edacb.mp4,0,REAL,350.875087082386
/workspace/data/genbuster-mini/extracted/GenBuster-200K-mini/benchmark/real/a1df14bf785215eabe470c11dc9e5d31a4066c4c0d8c23fdf34aa78a7c9fcaaf.mp4,0,REAL,361.04735103435814
/workspace/data/genbuster-mini/extracted/GenBuster-200K-mini/benchmark/real/a1ccd7856a9eb49bd0baa3df00f1ec3e5a55488aea9d24bb8670723c091778f3.mp4,0,REAL,351.45418904721737
/workspace/data/genbuster-mini/extracted/GenBuster-200K-mini/benchmark/real/a1bc3ae1528851440056dfdcc3a33fb93d15b10ef3a0e95c57868b2fe3a9471c.mp4,1,FAKE,359.83298579230905
/workspace/data/genbuster-mini/extracted/GenBuster-200K-mini/benchmark/real/a11e49f6be2cd376add06f23097e34895cf0b167ee83761cc5420f984e4bcc68.mp4,1,FAKE,374.3221580516547
/workspace/data/genbuster-mini/extracted/GenBuster-200K-mini/benchmark/real/a10f31d0a0109a4d9c91abcf3bffceb971ca895364a3def1fe5d4831b28fa284.mp4,0,REAL,340.57831089012325
/workspace/data/genbuster-mini/extracted/GenBuster-200K-mini/benchmark/real/a06b25f7d68b5f08e2988c7cf1fab28953a6e50b92931c851ff263350c2c0837.mp4,0,REAL,417.8994270041585
/workspace/data/genbuster-mini/extracted/GenBuster-200K-mini/benchmark/real/a03ec9554207c26680713efef7fb4e654a71fea64c56361ea438337790ef59e0.mp4,0,REAL,345.9491650573909
/workspace/data/genbuster-mini/extracted/GenBuster-200K-mini/benchmark/real/a025ba9e2d137aab0945ab7e1c1d31bc4c8cfd08a6dd86c8c42ebb65025ae219.mp4,0,REAL,347.0888501033187
/workspace/data/genbuster-mini/extracted/GenBuster-200K-mini/benchmark/real/9fed1a8fae9a0649cb76871a6bbb8f8689fa513775b277ca7bbcb9ac1e4c5366.mp4,0,REAL,347.19573985785246
/workspace/data/genbuster-mini/extracted/GenBuster-200K-mini/benchmark/real/9fd2f05c9b4029ecb4ab73795efe63e61b555ed750672ecaa1f2750de3716849.mp4,0,REAL,347.4988709203899
/workspace/data/genbuster-mini/extracted/GenBuster-200K-mini/benchmark/real/9fc31fa3d2c3ef06dd70d928da636aefb357329928744dbe8ed8a12ce0983d14.mp4,0,REAL,343.22397294454277
/workspace/data/genbuster-mini/extracted/GenBuster-200K-mini/benchmark/real/9f92b54d7ddd117881e7dace99a7b86212b272c272ff61d7ba5a1add2798980b.mp4,0,REAL,354.2232608888298
/workspace/data/genbuster-mini/extracted/GenBuster-200K-mini/benchmark/real/9f6a7de2ed6d0f5c83e3e3134414c85eed72f6408cf0fcfd6feff5fc5dbc55a7.mp4,0,REAL,339.13965593092144
/workspace/data/genbuster-mini/extracted/GenBuster-200K-mini/benchmark/real/9f566b7838f347f51fb7ec0b36c39ad6e96c075748df5616530380110656dbf1.mp4,0,REAL,337.83889887854457
/workspace/data/genbuster-mini/extracted/GenBuster-200K-mini/benchmark/real/9f3a6eb19abb9f3341f9baf5e4120e9d87dea6c11839c2b267bd31fc9b4c09e3.mp4,0,REAL,337.81658904626966
/workspace/data/genbuster-mini/extracted/GenBuster-200K-mini/benchmark/real/9ea77445ded250a03ed4421d19e9bae660b7f70fd4ea5e9b5c980d67fb32ef8b.mp4,1,FAKE,365.4334789607674
/workspace/data/genbuster-mini/extracted/GenBuster-200K-mini/benchmark/real/9e6d3eda581203624c93b35fcdc64a432998f4c069531fd23a9cfc9735b13160.mp4,0,REAL,340.7053421251476
/workspace/data/genbuster-mini/extracted/GenBuster-200K-mini/benchmark/real/9e3027111c5ca60a222fe65577842a2e0fc0cd6cdfa00db233ed732158dd542c.mp4,0,REAL,377.8536031022668
/workspace/data/genbuster-mini/extracted/GenBuster-200K-mini/benchmark/real/9de1636d1dcfad68fa81d3e5dd9e335b24459636b91f9d289478b6c9c601ab4c.mp4,0,REAL,355.4624260868877
/workspace/data/genbuster-mini/extracted/GenBuster-200K-mini/benchmark/real/9dc562c440ca3b29ec67f43f856be467d9508d9328cc57c67989b0c7d37abb6d.mp4,0,REAL,351.3449979946017
/workspace/data/genbuster-mini/extracted/GenBuster-200K-mini/benchmark/real/9d85aaebc565a4e221ae7c3fd155766a3838db0edf181be9a05b6cb641322077.mp4,1,FAKE,377.46675219386816
/workspace/data/genbuster-mini/extracted/GenBuster-200K-mini/benchmark/real/9d804568bbc7639bf8a02caeaa31e86303f5017d2c1cbab7457a541810b1ab88.mp4,0,REAL,409.0411390643567
/workspace/data/genbuster-mini/extracted/GenBuster-200K-mini/benchmark/real/9d66c30b89730fea63fc2148b0889c624df9a5adef602e41b1f31ba249e8aaa4.mp4,0,REAL,339.01107404381037
/workspace/data/genbuster-mini/extracted/GenBuster-200K-mini/benchmark/real/9d1d7ba27752815253276e7798e5e7db8f6a6f005aaea1c950b9b36e0b2c5de0.mp4,0,REAL,338.564972858876
/workspace/data/genbuster-mini/extracted/GenBuster-200K-mini/benchmark/real/9ca561e52013da475a7b5a00c4b23d943ab7283962ae20a857f89fcc810b95f3.mp4,0,REAL,338.30783097073436
/workspace/data/genbuster-mini/extracted/GenBuster-200K-mini/benchmark/real/9ca440a960551bea710b842adb234ecb99c05f9cb5c5b1d5727fa4ce88ec1543.mp4,0,REAL,349.05643691308796
/workspace/data/genbuster-mini/extracted/GenBuster-200K-mini/benchmark/real/9bf115d156a3fe9a994cb6d60fc53077009d8776a56d39e0061d599fdfc8b51c.mp4,1,FAKE,365.2335989754647
/workspace/data/genbuster-mini/extracted/GenBuster-200K-mini/benchmark/real/9bcb2be0ce5e212f7a0523f111e792a555a1bec0ff082b6d36b765128e1d2a89.mp4,0,REAL,339.47297697886825
/workspace/data/genbuster-mini/extracted/GenBuster-200K-mini/benchmark/real/9b95a99753a645b4f5a2180f3a0ee69d2a4c2a46fa24deba2bc8b7760cc330ac.mp4,1,FAKE,364.03938313014805
/workspace/data/genbuster-mini/extracted/GenBuster-200K-mini/benchmark/real/9b3657eaf6684a6d0643001aea6fa2ad5a2d2402c268738f9d0055adcad7dd4a.mp4,1,FAKE,448.0742481537163
/workspace/data/genbuster-mini/extracted/GenBuster-200K-mini/benchmark/real/9af65d161dc5b1ae4d235b51172bbfcb3a58c790d528c3bca88bfe411181e800.mp4,0,REAL,424.9607289675623
/workspace/data/genbuster-mini/extracted/GenBuster-200K-mini/benchmark/real/9ae80978b1c09891be50ea704516efd05a199701c2b3b276f6c1d8c19acdba4b.mp4,0,REAL,340.39857098832726
/workspace/data/genbuster-mini/extracted/GenBuster-200K-mini/benchmark/real/9ac8119a378344455378fe626346cfc9216966142f9f3e6e280aac7cf38fd7c4.mp4,1,FAKE,434.8847020883113
/workspace/data/genbuster-mini/extracted/GenBuster-200K-mini/benchmark/real/9a786b8d51f1b6f9eb72431957d66adfedf45ee579ab049b0a3ff15d8f919c38.mp4,0,REAL,406.6355691757053
/workspace/data/genbuster-mini/extracted/GenBuster-200K-mini/benchmark/real/9a4b137c3ab11608ece1579157de9c824367ec5e3e9eb4dba9cb05dbeca18c36.mp4,1,FAKE,362.91482811793685
/workspace/data/genbuster-mini/extracted/GenBuster-200K-mini/benchmark/real/9a3056a12a633916a638ac223e6cfe1c94ddb881f8ae21da8e1f2967c7afe4a3.mp4,0,REAL,386.5919120144099
/workspace/data/genbuster-mini/extracted/GenBuster-200K-mini/benchmark/real/9a25442c0f679b5e3f513edbb557874d0f05957c34fb21c992c0aa1875822cf6.mp4,0,REAL,331.68564294464886
/workspace/data/genbuster-mini/extracted/GenBuster-200K-mini/benchmark/real/9a251727fdd3c82701f2b02d6252ac8baa5e36cf07a5289ab04211038b5d7c35.mp4,0,REAL,380.8696761261672
/workspace/data/genbuster-mini/extracted/GenBuster-200K-mini/benchmark/real/99faef10cbbfb8cd70d7848ff66066805ab467bf0181b0a27e0240aa1a967493.mp4,0,REAL,333.6025809403509
/workspace/data/genbuster-mini/extracted/GenBuster-200K-mini/benchmark/real/999ed94d8f576480beae20a9eef909c9044c193cc56349ad17c2e2b246c64af2.mp4,0,REAL,401.38993598520756
/workspace/data/genbuster-mini/extracted/GenBuster-200K-mini/benchmark/real/99853ebd0e8e7dc13211e2be4acb050228f4de3c96046223cee8a58fd0bba505.mp4,0,REAL,354.3997120577842
/workspace/data/genbuster-mini/extracted/GenBuster-200K-mini/benchmark/real/9969e45831fb806f9a7a3c3970e4be4f038c2e6349c5e035bbf8a6ace094061a.mp4,0,REAL,339.99480912461877
/workspace/data/genbuster-mini/extracted/GenBuster-200K-mini/benchmark/real/9965da124e3a36b11281560dcfed4ba2deca8440c449dda25b82dc17b3bdd753.mp4,0,REAL,340.0814291089773
/workspace/data/genbuster-mini/extracted/GenBuster-200K-mini/benchmark/real/993875fe52689cd72dcce66d006b20dde1d4a059e0a2da1c646c995127f4f814.mp4,0,REAL,402.71708206273615
/workspace/data/genbuster-mini/extracted/GenBuster-200K-mini/benchmark/real/98e77f2ae1625d52329e0ec2dd1244ec52c1d08d73fc138b11e629bf22f9f338.mp4,0,REAL,348.553285934031
/workspace/data/genbuster-mini/extracted/GenBuster-200K-mini/benchmark/real/988118f1f2aaec8d3e3a4e688ae9bdf4df977f7f147d9ff9de929ad4f9e57d34.mp4,0,REAL,360.87946011684835
/workspace/data/genbuster-mini/extracted/GenBuster-200K-mini/benchmark/real/97b15d6cd8f5a44b92077ad384e19a5f5ed3edda79e4d166b4f2c575f07faf2c.mp4,0,REAL,337.99794991500676
/workspace/data/genbuster-mini/extracted/GenBuster-200K-mini/benchmark/real/97a867f435361bc1ded9cadce12b6e021594babfdc1eb8b4177dbaed902ecf45.mp4,0,REAL,406.6965680103749
/workspace/data/genbuster-mini/extracted/GenBuster-200K-mini/benchmark/real/979e7a959669ea1d790fab8cbf5b20d43644526214f18986a20ebf5e0d8870a1.mp4,0,REAL,382.6097040437162
/workspace/data/genbuster-mini/extracted/GenBuster-200K-mini/benchmark/real/979552f424b0cce863eba40b786c11c8996f36458f80d359cea6dfb491173ef3.mp4,0,REAL,339.7814380005002
/workspace/data/genbuster-mini/extracted/GenBuster-200K-mini/benchmark/real/9761824bfa7324175adf698f0e2689ca6e085d954c7c7c1147e9c76d485132a8.mp4,0,REAL,342.4019089434296
/workspace/data/genbuster-mini/extracted/GenBuster-200K-mini/benchmark/real/971ed46291b5659baa84fc014d0154f07374f16645ff91f5c2c8d634aac6b2c4.mp4,1,FAKE,367.7054999861866
/workspace/data/genbuster-mini/extracted/GenBuster-200K-mini/benchmark/real/971835fecbe3c259de5e757a8a1f207f7a7eba0048149282febdf13219bc7645.mp4,0,REAL,419.80802500620484
/workspace/data/genbuster-mini/extracted/GenBuster-200K-mini/benchmark/real/96f4b0cfd639d6b91d964ce30228db944cfdf2214e913fabfc28d66010c66a22.mp4,0,REAL,346.83268889784813
/workspace/data/genbuster-mini/extracted/GenBuster-200K-mini/benchmark/real/96d485bbefd463ab97df52b054adf6ab80b50f54133e5fd976f28c35c93bf647.mp4,1,FAKE,458.16864212974906
/workspace/data/genbuster-mini/extracted/GenBuster-200K-mini/benchmark/real/964b02a52c1d4831c8d7b2ffb4e79ecab5c3765943df94938db4c997858903b7.mp4,1,FAKE,359.00023113936186
/workspace/data/genbuster-mini/extracted/GenBuster-200K-mini/benchmark/real/9601c6d0ed3676a8590c73db86677699bf05ac8c1542b0482e66d0b7bac3cb24.mp4,0,REAL,424.24602480605245
/workspace/data/genbuster-mini/extracted/GenBuster-200K-mini/benchmark/real/9545acd4cb30284373f00b503c01ab5f68696e368eaa130827329c15dd7e6f52.mp4,0,REAL,331.60224207676947
/workspace/data/genbuster-mini/extracted/GenBuster-200K-mini/benchmark/real/952af4ec45ce948dfa3cfba7c4c3638ecdd9048a15d2fbadae7e5c63d5ceb7a8.mp4,0,REAL,329.9455540254712
/workspace/data/genbuster-mini/extracted/GenBuster-200K-mini/benchmark/real/951e065e5ada5f75c0e964f41b21e28dbce26c50b811478a0fc088d4030c87b7.mp4,0,REAL,365.6322399619967
/workspace/data/genbuster-mini/extracted/GenBuster-200K-mini/benchmark/real/94fc3d0a84597ba3ed690fa31bfaa1310603e772fc6d4c22c44ac6b28296ecef.mp4,0,REAL,330.4752469994128
/workspace/data/genbuster-mini/extracted/GenBuster-200K-mini/benchmark/real/94c88066bc472fec6ef95d346fcb5b322ece8b3b0c6450c7b4a0e583d5829ce5.mp4,0,REAL,391.37683087028563
/workspace/data/genbuster-mini/extracted/GenBuster-200K-mini/benchmark/real/94bbad944eac3a4999677aeb38fcf5680aedc6b691ff1cd4806486a0e72ab22b.mp4,0,REAL,348.6073559615761
/workspace/data/genbuster-mini/extracted/GenBuster-200K-mini/benchmark/real/949ad22955c25cf934f845bbdff81b25af4dc4830801d2933573b044c16d063f.mp4,0,REAL,345.50060285255313
/workspace/data/genbuster-mini/extracted/GenBuster-200K-mini/benchmark/real/945e12b44c1892c8be668a38b73d4d7cc70f2cfd90687369453d8f96e43eea0c.mp4,1,FAKE,493.8949979841709
/workspace/data/genbuster-mini/extracted/GenBuster-200K-mini/benchmark/real/94518b8056688042899c55a809e19ee5de188244832585fcc09a55ed8d2dafcd.mp4,0,REAL,332.64358690939844
/workspace/data/genbuster-mini/extracted/GenBuster-200K-mini/benchmark/real/944576cc81b55bf25fdfe7528c2a2f810d54b79bdae34f26380372f3fec2af7f.mp4,0,REAL,345.8845349960029
/workspace/data/genbuster-mini/extracted/GenBuster-200K-mini/benchmark/real/9419151611235acdb7130f3ed9f82a8152b0949f1be9be81fa392bdfb22f4633.mp4,1,FAKE,377.63272295705974
/workspace/data/genbuster-mini/extracted/GenBuster-200K-mini/benchmark/real/931da1b797c521e4f68332f91d3120708eb1e021b29c68a921732e6a6d36e46c.mp4,0,REAL,350.96924589015543
/workspace/data/genbuster-mini/extracted/GenBuster-200K-mini/benchmark/real/92e8587bab1f2dc09cfc68a7b1ace43e11366a5df75b2f0986727a4c7c712062.mp4,0,REAL,328.8137000054121
/workspace/data/genbuster-mini/extracted/GenBuster-200K-mini/benchmark/real/92045928447d2d14b02fc014f75cce4b73f05591aeb3d8002b8f3002b265214f.mp4,1,FAKE,376.7709690146148
/workspace/data/genbuster-mini/extracted/GenBuster-200K-mini/benchmark/real/9187e55e9bb10f326986102338c945001e3f82221fd14f9147c1bae1b4a4da78.mp4,0,REAL,344.74808908998966
/workspace/data/genbuster-mini/extracted/GenBuster-200K-mini/benchmark/real/9175f0edfedf0b912017a8e46924dac2e00e74c2ff617f2d56eaeb729d815df0.mp4,0,REAL,344.8854689486325
/workspace/data/genbuster-mini/extracted/GenBuster-200K-mini/benchmark/real/9098c8adbec17ed54d502e1dc0174bbdc709a6f915eabbb53480293e500ae878.mp4,0,REAL,853.1502599362284
/workspace/data/genbuster-mini/extracted/GenBuster-200K-mini/benchmark/real/9027056b48bd656a7989166487186915861647aae7f2dce05994c719e7a14928.mp4,1,FAKE,428.93120599910617
/workspace/data/genbuster-mini/extracted/GenBuster-200K-mini/benchmark/real/8fa5dd10b1d62f94eb57c2aec6fe4e3f97cbd62ac40a3e34019432dddd0e5a0e.mp4,0,REAL,330.05748596042395
/workspace/data/genbuster-mini/extracted/GenBuster-200K-mini/benchmark/real/8f9d5fdb4db7d53c38afbdc9024b7c3b36e7ca303abc0bf955301056e0ec8866.mp4,0,REAL,337.61396794579923
/workspace/data/genbuster-mini/extracted/GenBuster-200K-mini/benchmark/real/8f5127afe6704c1fc4f9142690ea486542ec27487bfb16c58b9a30162ee56b52.mp4,0,REAL,424.48977613821626
/workspace/data/genbuster-mini/extracted/GenBuster-200K-mini/benchmark/real/8ecb6ffae257e12913a3eb258ad5994eef9a4fa21b7aecb1126e85eb4d468205.mp4,0,REAL,331.4489619806409
/workspace/data/genbuster-mini/extracted/GenBuster-200K-mini/benchmark/real/8e951f1260066d9cb6ac2d7e9797e663dfb11bdf6d615e114ce045bca28794d2.mp4,1,FAKE,357.5887051410973
/workspace/data/genbuster-mini/extracted/GenBuster-200K-mini/benchmark/real/8e50131915460df9d0a08d059f7195bd9c445ffe4b778bdbea87620f6faedec8.mp4,0,REAL,386.1220080871135
/workspace/data/genbuster-mini/extracted/GenBuster-200K-mini/benchmark/real/8e372ba5b06b44399d3c712a671deed3fe0f15a8338f4b7f378a8c73e761a878.mp4,0,REAL,341.31811396218836
/workspace/data/genbuster-mini/extracted/GenBuster-200K-mini/benchmark/real/8e3442c512baac872de9805dadca9352420c2e821824b3bfefdbb2c12718bc46.mp4,0,REAL,356.32676002569497
/workspace/data/genbuster-mini/extracted/GenBuster-200K-mini/benchmark/real/8e0c59b980db21552de9a78ca2fdb0e05ff66523b4780dd89e09958491009b4f.mp4,1,FAKE,371.0873539093882
/workspace/data/genbuster-mini/extracted/GenBuster-200K-mini/benchmark/real/8d96c954418161a5fbd802e2c98ada7946414778901745324ee7e76f4b23bbcd.mp4,0,REAL,355.6655759457499
/workspace/data/genbuster-mini/extracted/GenBuster-200K-mini/benchmark/real/8d5562607097d0aaa09dab60b3be2eb07d180ea9a27eb1b68efafa6315fd4840.mp4,0,REAL,421.7021728400141
/workspace/data/genbuster-mini/extracted/GenBuster-200K-mini/benchmark/real/8cdf740fb6e9673682511df58e0fa73243842e82b95eb3acb6c2e391954623c2.mp4,0,REAL,335.06108704023063
/workspace/data/genbuster-mini/extracted/GenBuster-200K-mini/benchmark/real/8c8835453143a5096de904f16931e9a2982c9e48b357675328755627f3b00663.mp4,1,FAKE,356.4400600735098
/workspace/data/genbuster-mini/extracted/GenBuster-200K-mini/benchmark/real/8c7ff01956fbb3a7cb064d751baaaed50ab140b6a8b8b431b4da62aa1990fc1f.mp4,1,FAKE,357.3189538437873
/workspace/data/genbuster-mini/extracted/GenBuster-200K-mini/benchmark/real/8bc698c1b1249229869d4bf5ff48f11459c22db6fba8be1c931cf7ee5764a8b0.mp4,0,REAL,342.9493010044098
/workspace/data/genbuster-mini/extracted/GenBuster-200K-mini/benchmark/real/8ba13eef1b6e7f165bd12e489855aee349b18f09e58db0f44198ed77d34d1cbc.mp4,0,REAL,332.13273412548006
/workspace/data/genbuster-mini/extracted/GenBuster-200K-mini/benchmark/real/8b9854b39aee13dc6b329ff62dd51ddf0f75a21d477d914038597df33b63bd06.mp4,0,REAL,356.205808930099
/workspace/data/genbuster-mini/extracted/GenBuster-200K-mini/benchmark/real/8b41bf6b4a5b9b933fe8c20629f517af768d2a39ea9a9de0cf733570c8ffb924.mp4,0,REAL,331.44084992818534
/workspace/data/genbuster-mini/extracted/GenBuster-200K-mini/benchmark/real/8b2c314b6181ab34f7ce4bfdcda587eea38efaa4db396818bd6e1d8388aacf75.mp4,0,REAL,347.1025498583913
/workspace/data/genbuster-mini/extracted/GenBuster-200K-mini/benchmark/real/8b1ebca7b34effa5725cdc42f083801858a104c05e2bbdcc6852b6aafd501c47.mp4,0,REAL,454.21893591992557
/workspace/data/genbuster-mini/extracted/GenBuster-200K-mini/benchmark/real/8b0d225c6b3ac94fa2f5379d524032bd59d8a6540a15d14f26525ade105f8997.mp4,0,REAL,357.72580513730645
/workspace/data/genbuster-mini/extracted/GenBuster-200K-mini/benchmark/real/8aa080df70685efb3f6369039a8f73211dbced44cc535e585670a714118d98cd.mp4,0,REAL,334.35867284424603
/workspace/data/genbuster-mini/extracted/GenBuster-200K-mini/benchmark/real/8a3402e5d6bde57f7daab783610abc5fc5ccc7369445230d97a922d8e2420541.mp4,0,REAL,333.7420509196818
/workspace/data/genbuster-mini/extracted/GenBuster-200K-mini/benchmark/real/8a26f56b2236ca48f1cfac6fd40797403a134306fac810ce9db16d4c1d334ca2.mp4,1,FAKE,571.5557970106602
/workspace/data/genbuster-mini/extracted/GenBuster-200K-mini/benchmark/real/8a040e3640ca3c4b2d3c05ad9527a77069de0c9d723e62ad2de5c1ef635082b0.mp4,1,FAKE,378.01795406267047
/workspace/data/genbuster-mini/extracted/GenBuster-200K-mini/benchmark/real/89de9e6d8f578910841966854fe4c6ee6d24bd2b94189842192c4326ea4f03a6.mp4,1,FAKE,376.5616880264133
/workspace/data/genbuster-mini/extracted/GenBuster-200K-mini/benchmark/real/89de3c3c299bf724116f915ed5646a3d84bce287c6ec3c6b65084586c8e56031.mp4,1,FAKE,374.1035971324891
/workspace/data/genbuster-mini/extracted/GenBuster-200K-mini/benchmark/real/89bcbd1dde179c0596463885deab5b58997c875e61070b3e2c86fed85b9a58bd.mp4,1,FAKE,498.19017690606415
/workspace/data/genbuster-mini/extracted/GenBuster-200K-mini/benchmark/real/89a97d665653f1949aa0b4b7bc84dab9c108c8ef33226d8e8f5ec4977dedd188.mp4,0,REAL,349.7860520146787
/workspace/data/genbuster-mini/extracted/GenBuster-200K-mini/benchmark/real/892fc869a7b28238665202ce32275b8a175e8607bb3cd46ccb620593ccb2d109.mp4,0,REAL,333.4172700997442
/workspace/data/genbuster-mini/extracted/GenBuster-200K-mini/benchmark/real/88c616830e1e34492b4a80ace923b3dbda155ecfdfaf0e5aa68a07c4042fa4a5.mp4,0,REAL,381.05033803731203
/workspace/data/genbuster-mini/extracted/GenBuster-200K-mini/benchmark/real/88b244e781d3bf5acbac6ab69a5582dc419eb919252069104b6970ec435a1341.mp4,1,FAKE,360.39865808561444
/workspace/data/genbuster-mini/extracted/GenBuster-200K-mini/benchmark/real/889daf0921b6b8a5826d3bbe63f54c4cec3ee0905e312c040740f1bbdd74c610.mp4,0,REAL,346.0925449617207
/workspace/data/genbuster-mini/extracted/GenBuster-200K-mini/benchmark/real/887203cd40a455bb7ec95b1f61d148d33908bf9123890faa5152f33f24fddb30.mp4,0,REAL,339.2431151587516
/workspace/data/genbuster-mini/extracted/GenBuster-200K-mini/benchmark/real/87d4b1dfe1a9b61c6dcf53c1b87c0aa5f8bdec1a3ca8ca7979cf8c88eefa5165.mp4,1,FAKE,421.8305549584329
/workspace/data/genbuster-mini/extracted/GenBuster-200K-mini/benchmark/real/86727196a9af15fe5f8f24b1563c5e32fabd7a575cc174ad3710db5ce4fdc03d.mp4,1,FAKE,356.3598699402064
/workspace/data/genbuster-mini/extracted/GenBuster-200K-mini/benchmark/real/86406f2873c0e5397813b3d57621d3bb06c13f3ddb5945c8de4a80263e0a6022.mp4,0,REAL,330.88990906253457
/workspace/data/genbuster-mini/extracted/GenBuster-200K-mini/benchmark/real/863a533cc7f7a74c8c733bf60c855c0908dc29acf2cc36d0c27a96ff4553d6d0.mp4,0,REAL,333.5269798990339
/workspace/data/genbuster-mini/extracted/GenBuster-200K-mini/benchmark/real/85ec05189b1a471560c224a75eb5afa068c27267e964db757b520d2ccf28c1ea.mp4,0,REAL,400.4080418962985
/workspace/data/genbuster-mini/extracted/GenBuster-200K-mini/benchmark/real/84c957c9fbbd4f92274f1c191b4503ab0b384d5afe20a2b408d40847e0e20083.mp4,1,FAKE,364.84071612358093
/workspace/data/genbuster-mini/extracted/GenBuster-200K-mini/benchmark/real/848494ca43911edb0aac73f57913571b941413c2554a1cf4e8b032ed01a72159.mp4,0,REAL,365.57464906945825
/workspace/data/genbuster-mini/extracted/GenBuster-200K-mini/benchmark/real/843ff2ba6e8f22d652c2acb5596c0ea105f43162295cbfe49f02fd0d538ea43a.mp4,0,REAL,332.15752406977117
/workspace/data/genbuster-mini/extracted/GenBuster-200K-mini/benchmark/real/8429dd756ee18877d40a8a1d045e304ddf1b9490bbe6582a1deb0d01284c018a.mp4,1,FAKE,356.5284099895507
/workspace/data/genbuster-mini/extracted/GenBuster-200K-mini/benchmark/real/83f13ecf8b46151e069895d0331209452d13e08e4e8acbfa8011f820622eb7ad.mp4,0,REAL,331.2024499755353
/workspace/data/genbuster-mini/extracted/GenBuster-200K-mini/benchmark/real/83987a1e3d508cb00a62dfa01f8ef101c67e97e00e49a2bffe624cfcd223d881.mp4,0,REAL,335.26129787787795
/workspace/data/genbuster-mini/extracted/GenBuster-200K-mini/benchmark/real/83823ca2bdf4d3cbf8227532ddeea43284b542726f7ad4fc5ec8a5c7b1d8d211.mp4,0,REAL,380.85133605636656
/workspace/data/genbuster-mini/extracted/GenBuster-200K-mini/benchmark/real/835c5bb492d2c03e35270ea801558336928987e1bb1bc07415e867dfb94d9039.mp4,0,REAL,342.2429789789021
/workspace/data/genbuster-mini/extracted/GenBuster-200K-mini/benchmark/real/8341a0fb0a64bcbf42970752c2f32d7bbf55e4b33b6764fa9de6701756d4e9bc.mp4,0,REAL,441.54423102736473
/workspace/data/genbuster-mini/extracted/GenBuster-200K-mini/benchmark/real/82f2d07558c268f508f651012e3dbca996b01ab0c88e89574a2f7827f42c9d68.mp4,0,REAL,344.5867190603167
/workspace/data/genbuster-mini/extracted/GenBuster-200K-mini/benchmark/real/824598f55f50004a6aa5bcd67c4c4ce38782f30954f55fda388bdf60b370570f.mp4,0,REAL,338.151530129835
/workspace/data/genbuster-mini/extracted/GenBuster-200K-mini/benchmark/real/81b769991d7462a8bc3908b7d1282ea881802d1bcdbd6953105cda5151c7c627.mp4,1,FAKE,378.0555941630155
/workspace/data/genbuster-mini/extracted/GenBuster-200K-mini/benchmark/real/8199ccc19dbdc3927b8091dd5931fc1bd0df9a0ef3ce88c061b71a3a88bb07c4.mp4,0,REAL,337.54088799469173
/workspace/data/genbuster-mini/extracted/GenBuster-200K-mini/benchmark/real/818c5dcb230fb89501c9cda6fe7f5ce733e6c05b261085a2087685825e01e6eb.mp4,0,REAL,417.2100939322263
/workspace/data/genbuster-mini/extracted/GenBuster-200K-mini/benchmark/real/813244758e5a6d59264403acbaebaf41afdca2522499f6a159a82a3131de2652.mp4,1,FAKE,359.6620240714401
/workspace/data/genbuster-mini/extracted/GenBuster-200K-mini/benchmark/real/8128a77b9420f572f28f70226d6ccde1f03a08ab6b3ecbf8efabc4d764a773e8.mp4,1,FAKE,358.7361101526767
/workspace/data/genbuster-mini/extracted/GenBuster-200K-mini/benchmark/real/80f89d76673b2d6c2affd2e921489d044cacaa2253e8b515ed56ab9aa27b2635.mp4,0,REAL,347.97519305720925
/workspace/data/genbuster-mini/extracted/GenBuster-200K-mini/benchmark/real/80d7f539725624a286c586fce4b12c62db1989264268fb85072a2c571197cb8f.mp4,0,REAL,366.7108151130378
/workspace/data/genbuster-mini/extracted/GenBuster-200K-mini/benchmark/real/8075ca5043aad2b350aba6e26e2d36d16510ed8c32c0d030362fe0a109d9ee86.mp4,1,FAKE,372.2244780510664
/workspace/data/genbuster-mini/extracted/GenBuster-200K-mini/benchmark/real/805383277ac54cb569f00fce5e4a72edfcc93649b0cb351b92915ff258d7e0e0.mp4,1,FAKE,414.42159190773964
/workspace/data/genbuster-mini/extracted/GenBuster-200K-mini/benchmark/real/803f9e380f382fc21b8cf4d60b4a54b6a7deb38e2f3103a2545dbc4ed17e97cd.mp4,1,FAKE,357.35203395597637
/workspace/data/genbuster-mini/extracted/GenBuster-200K-mini/benchmark/real/802a29fae3fd4de2e678fd81b2aef5233d5f745a00aaa96b4cad6b45a9e6dc4a.mp4,1,FAKE,448.5649501439184
/workspace/data/genbuster-mini/extracted/GenBuster-200K-mini/benchmark/real/801c444ef66b2017cd9ad5ed0dea4898111cd3b6a0ebbfc53cc67e532eff4db0.mp4,0,REAL,383.324827067554
/workspace/data/genbuster-mini/extracted/GenBuster-200K-mini/benchmark/real/8003fa78b34a93c9c37e5d4af6e0040dc18ff11bbe2edad6fffe90f774850d22.mp4,0,REAL,348.4601560048759
/workspace/data/genbuster-mini/extracted/GenBuster-200K-mini/benchmark/real/7fd9e323a5765dbf989e80201ac4378343a7ee326871c96afc78dd60d6e9c29f.mp4,0,REAL,354.4827520381659
/workspace/data/genbuster-mini/extracted/GenBuster-200K-mini/benchmark/real/7fb1864041d0ba0e60c41b4322967db4339e7067600413103ffa030b4500ac38.mp4,0,REAL,333.6844618897885
/workspace/data/genbuster-mini/extracted/GenBuster-200K-mini/benchmark/real/7fa3c4c6acda02ac326b633230bc98a2211cc092f2344ac895c43d5dac6794bf.mp4,0,REAL,334.24738398753107
/workspace/data/genbuster-mini/extracted/GenBuster-200K-mini/benchmark/real/7f18b3aa2d0ede535999d7686630903b962dc0203858746fb8725f3acb6ce9ce.mp4,0,REAL,339.4893959630281
/workspace/data/genbuster-mini/extracted/GenBuster-200K-mini/benchmark/real/7f0d53934512da796e1a82d6b7787ac3e954a171c45a5c4a4000e92fe6358a9f.mp4,0,REAL,343.15031208097935
/workspace/data/genbuster-mini/extracted/GenBuster-200K-mini/benchmark/real/7ecfd41107d8eb6498465c9211a1cafdebe649da47f2d9deeb0c9919635510af.mp4,0,REAL,414.2399320844561
/workspace/data/genbuster-mini/extracted/GenBuster-200K-mini/benchmark/real/7eb0d3a5a7388e7878afc0962f2be25ebd1878cda7c84c36545bd8b8ce306dec.mp4,1,FAKE,357.22580389119685
/workspace/data/genbuster-mini/extracted/GenBuster-200K-mini/benchmark/real/7ea4b00d513b4b8f9bcc25610c5530117ee28075ce77bc0cc707d25e51eefd66.mp4,0,REAL,344.4860780145973
/workspace/data/genbuster-mini/extracted/GenBuster-200K-mini/benchmark/real/7e86e59c17df4fab3f31e02f40408874dff185819adfb257e2aef9c81324d8b8.mp4,0,REAL,334.49775516055524
/workspace/data/genbuster-mini/extracted/GenBuster-200K-mini/benchmark/real/7de01c03af76047e9587434a0106c31cba0cd170caee4e9c0c6e58fa28c6fd2f.mp4,0,REAL,348.21948409080505
/workspace/data/genbuster-mini/extracted/GenBuster-200K-mini/benchmark/real/7d773f6dcfeaf15bd2c0a2c312aa9ef6c18b31359377d827fd0ebf49c1863482.mp4,0,REAL,424.61798805743456
/workspace/data/genbuster-mini/extracted/GenBuster-200K-mini/benchmark/real/7d2f39fc591657e6f88d5f5bfa79e8bf06e3e9a76199dbfda481187e9eb8e899.mp4,1,FAKE,358.39373897761106
/workspace/data/genbuster-mini/extracted/GenBuster-200K-mini/benchmark/real/7d036185d15ae8143279dd129b72a8111dd1bb64aee4e1a6ccad88f481ecb09d.mp4,1,FAKE,425.07709795609117
/workspace/data/genbuster-mini/extracted/GenBuster-200K-mini/benchmark/real/7c07d9e328e546e34f6b9f03c4a23aa3c4bdcc32bffcefebbcbd4854e081fc05.mp4,1,FAKE,361.5278131328523
/workspace/data/genbuster-mini/extracted/GenBuster-200K-mini/benchmark/real/7bf831c28163bb5b343091495e94a783c02faaaac2c697445e71dbf25c57b0cf.mp4,1,FAKE,513.3646929170936
/workspace/data/genbuster-mini/extracted/GenBuster-200K-mini/benchmark/real/7bd13ee3fc3367e1a41dbb49b761dca6055077215a289556a30abda2faa83ae0.mp4,0,REAL,388.47174891270697
/workspace/data/genbuster-mini/extracted/GenBuster-200K-mini/benchmark/real/7b932bdedd3b096c65b0f5a01320435fd0953b4037808ec3d3fbf2e3cab2532b.mp4,0,REAL,332.6706560328603
/workspace/data/genbuster-mini/extracted/GenBuster-200K-mini/benchmark/real/7b26bbae89717d4dc9ece7f694f30062c9555e8e8ee4b9b6d0e7b7b31d275b73.mp4,1,FAKE,410.19196389243007
/workspace/data/genbuster-mini/extracted/GenBuster-200K-mini/benchmark/real/7b03af0e5d2fd4b7436f27260013bf8fed203400eadc9b5aeb68a9b550a3adda.mp4,0,REAL,343.6392049770802
/workspace/data/genbuster-mini/extracted/GenBuster-200K-mini/benchmark/real/7ab0c60faff0ec3961baec19c6424edf10aa806ee90c531a4adbc5c42ae35a69.mp4,0,REAL,338.11340015381575
/workspace/data/genbuster-mini/extracted/GenBuster-200K-mini/benchmark/real/79ff04806df9f50f2aad2e56275506e4a3732b53d624f29f8285c82c8cf1e517.mp4,1,FAKE,357.0644229184836
/workspace/data/genbuster-mini/extracted/GenBuster-200K-mini/benchmark/real/79e05ebc9848a57f7e434411f2113fa801ef3e9ee9af558eac888477fefe03b1.mp4,0,REAL,429.44585904479027
/workspace/data/genbuster-mini/extracted/GenBuster-200K-mini/benchmark/real/79c192ce6087d2a828fc59d039c160ad5d8a85b9316de1d57e0364f9e3e023eb.mp4,1,FAKE,452.4807478301227
/workspace/data/genbuster-mini/extracted/GenBuster-200K-mini/benchmark/real/79c042430cc1caf06f704fe1413e5e01da2b594d6f385968fca12ea0c3172d0e.mp4,1,FAKE,357.7315560542047
/workspace/data/genbuster-mini/extracted/GenBuster-200K-mini/benchmark/real/79a493c713bc738a052550a12389e44ffd871f1c82d4f4b2c1d411954c5d1791.mp4,0,REAL,331.7267019301653
/workspace/data/genbuster-mini/extracted/GenBuster-200K-mini/benchmark/real/793a9af4ced5f1174beb23cb834e9eabc1f5ce9489a492ca692393a77307fce7.mp4,0,REAL,405.32331308349967
/workspace/data/genbuster-mini/extracted/GenBuster-200K-mini/benchmark/real/78dcbd137f9008aa3b74526dace047f10f1c117aa5e193a03da9e54d02a9385f.mp4,0,REAL,342.9704518057406
/workspace/data/genbuster-mini/extracted/GenBuster-200K-mini/benchmark/real/78a1fea3ed27227470cb1afe83c2fa63b12ce3a2f34cf2e14a2b98d9e0c7486d.mp4,1,FAKE,391.1877309437841
/workspace/data/genbuster-mini/extracted/GenBuster-200K-mini/benchmark/real/789e733ef9a19043646a320bacdf5f5f12ccfea8d251a5ab12bba0b6374c050f.mp4,0,REAL,335.1899981498718
/workspace/data/genbuster-mini/extracted/GenBuster-200K-mini/benchmark/real/788b03fbc12c73e4f1ef992cab8e375d2f56ca34cda1150772f53e0029d0ced4.mp4,1,FAKE,426.88970686867833
/workspace/data/genbuster-mini/extracted/GenBuster-200K-mini/benchmark/real/787c840d0c49af66b058a20844a92e28538cb770fda3771ad82462926b07ff32.mp4,1,FAKE,405.36686312407255
/workspace/data/genbuster-mini/extracted/GenBuster-200K-mini/benchmark/real/77d1d33c6cfc399968f8a024850e5f046ae25f41bb2ab2c21aca7c09cba50f13.mp4,1,FAKE,355.2082658279687
/workspace/data/genbuster-mini/extracted/GenBuster-200K-mini/benchmark/real/77ccd29d655874c98a262aa34dd6d1e3be7222e2bebb34d1e2d36191d2f06e1b.mp4,0,REAL,333.67287111468613
/workspace/data/genbuster-mini/extracted/GenBuster-200K-mini/benchmark/real/77befd0da5fb02ca850633cdbbe3b31d47b53e9db6b4cdd6e80585e54914a6cf.mp4,0,REAL,332.1109861135483
/workspace/data/genbuster-mini/extracted/GenBuster-200K-mini/benchmark/real/778229d5551571562409da2da8ae09fca37554f8b94272d71f61ecc931577378.mp4,0,REAL,389.2187438905239
/workspace/data/genbuster-mini/extracted/GenBuster-200K-mini/benchmark/real/7733c1c98d59aae61b782c4f349f1d3e1aa581a1bd10966f81a950edd33ada13.mp4,0,REAL,423.9920729305595
/workspace/data/genbuster-mini/extracted/GenBuster-200K-mini/benchmark/real/771e65da9886523dee1fc585b4b9d6ddc0d75372b01c08a355cfd178adabce66.mp4,0,REAL,424.6730769518763
/workspace/data/genbuster-mini/extracted/GenBuster-200K-mini/benchmark/real/76f02be4b17af71fcc1d8138c952536309ebc8765916bbcc57f61f1299142451.mp4,0,REAL,355.63707700930536
/workspace/data/genbuster-mini/extracted/GenBuster-200K-mini/benchmark/real/76e498cc8569769ef926de2b638f061ebf8017107fb35ed960a74fe1be0996cd.mp4,1,FAKE,427.9116520192474
/workspace/data/genbuster-mini/extracted/GenBuster-200K-mini/benchmark/real/76e35390da447e38385099d3b21fb617414d57feff1a9e2409195f43fae20ff0.mp4,0,REAL,333.6038819979876
/workspace/data/genbuster-mini/extracted/GenBuster-200K-mini/benchmark/real/76a28d3890929a7db1217e159e64e5a0a88b2016b156dc9706d943d577d80b78.mp4,0,REAL,337.946668965742
/workspace/data/genbuster-mini/extracted/GenBuster-200K-mini/benchmark/real/7681f867964c5a7d534f73fc1cead4a45cf3df1bfab7f4e57498dd3a047b385e.mp4,0,REAL,344.8261001612991
/workspace/data/genbuster-mini/extracted/GenBuster-200K-mini/benchmark/real/75f924fd40c3f61ac7a7e89b23b74fb44c2931aa742bdabd6a9d33f873b97b33.mp4,1,FAKE,358.72732009738684
/workspace/data/genbuster-mini/extracted/GenBuster-200K-mini/benchmark/real/75f2ae26b00ae047991f9f607fe97072f9737f06621f3152c23031db2fcd4dfc.mp4,1,FAKE,422.6349890232086
/workspace/data/genbuster-mini/extracted/GenBuster-200K-mini/benchmark/real/75727ce23609d2f9cfa2e184d543d135f807f397a094a4bd169d233bc37deba3.mp4,0,REAL,377.7546731289476
/workspace/data/genbuster-mini/extracted/GenBuster-200K-mini/benchmark/real/75266cba7c4d40436b613c1254cd57cc2e3589a4c84390c5cf30db48394ea4e4.mp4,0,REAL,331.4184118062258
/workspace/data/genbuster-mini/extracted/GenBuster-200K-mini/benchmark/real/74dad1051d1511e55ec80a4f2bb53d88315dc3a2278c98d8a712195331616fd2.mp4,1,FAKE,359.5711840316653
/workspace/data/genbuster-mini/extracted/GenBuster-200K-mini/benchmark/real/74d3c9defa2f70102ee9072248bf4a31998c636bdbb65a5bb674ebc903065b62.mp4,0,REAL,333.17972905933857
/workspace/data/genbuster-mini/extracted/GenBuster-200K-mini/benchmark/real/74a9feb34e34677e960c845474e8d809cc256871f06d7cb0add7e956efce85ca.mp4,0,REAL,334.59031488746405
/workspace/data/genbuster-mini/extracted/GenBuster-200K-mini/benchmark/real/74a8e8c0be631ab9a7c3390c0e026439237690d2ff24c8ce6e1ffae155eb13fd.mp4,0,REAL,351.88858094625175
/workspace/data/genbuster-mini/extracted/GenBuster-200K-mini/benchmark/real/7472343c6654f4b0a6a6012d84754eb69b76d599894ad925a16624258a3cb70f.mp4,0,REAL,354.18265988118947
/workspace/data/genbuster-mini/extracted/GenBuster-200K-mini/benchmark/real/7418147139a33479c0b29e9586d52011d94fafdf03b4470b9c4f90064b8cae80.mp4,0,REAL,352.88722603581846
/workspace/data/genbuster-mini/extracted/GenBuster-200K-mini/benchmark/real/73aad369bb2cd328f0dc784e60a2a9b1a6703e75962ddcba8f251a060beec7e7.mp4,0,REAL,327.64293486252427
/workspace/data/genbuster-mini/extracted/GenBuster-200K-mini/benchmark/real/738f4d1d9f9a0013717b0adcac80807dacf74db23d7709d6bf2c23959d27ac0d.mp4,1,FAKE,381.0131070204079
/workspace/data/genbuster-mini/extracted/GenBuster-200K-mini/benchmark/real/738afe588ed93f4aa7756ba1793d9760e7373673fe571d70f23534ef33efa036.mp4,0,REAL,433.43836488202214
/workspace/data/genbuster-mini/extracted/GenBuster-200K-mini/benchmark/real/731c18fcad20337cc958a14e1619564a7750d2d93f818dbaa9c9c6d5986aaf0e.mp4,1,FAKE,363.31814085133374
/workspace/data/genbuster-mini/extracted/GenBuster-200K-mini/benchmark/real/72c53948dc8bd9ee798413a1d94f5d75e7583309369316346b82a98f2daa55b9.mp4,1,FAKE,375.1516118645668
/workspace/data/genbuster-mini/extracted/GenBuster-200K-mini/benchmark/real/72722b1ae27d7e1b2a6f2ae9156d65463eb56445503687afa393651e4e51fa2f.mp4,0,REAL,334.1228039935231
/workspace/data/genbuster-mini/extracted/GenBuster-200K-mini/benchmark/real/7244993888587bdbfeea60f22370b5ab99e0781c458a5fe84e5af5e134bb2bea.mp4,0,REAL,343.06279197335243
/workspace/data/genbuster-mini/extracted/GenBuster-200K-mini/benchmark/real/722e0f14551bad2d3a2cab35e2d2037a376d9b84b74e8484557c48388bb491b0.mp4,0,REAL,381.15183799527586
/workspace/data/genbuster-mini/extracted/GenBuster-200K-mini/benchmark/real/71ad98782797f8a2f3ab89918f44ebd3159ee777bdd170979c04588d284bf851.mp4,0,REAL,333.2790290005505
/workspace/data/genbuster-mini/extracted/GenBuster-200K-mini/benchmark/real/716b4f20df2ba81bb20bbe03333061a714380a7ae64194c98d4a630ec48db318.mp4,0,REAL,355.45364720746875
/workspace/data/genbuster-mini/extracted/GenBuster-200K-mini/benchmark/real/71529bff0922e5163a6af904fa5973dcb47a0024cc5e6536b26e8996b41dbce7.mp4,0,REAL,424.8513081111014
/workspace/data/genbuster-mini/extracted/GenBuster-200K-mini/benchmark/real/71163b9067e7df401501cf2875f5f18e7688f11059bf12331f62c81e848893cd.mp4,0,REAL,395.6054709851742
/workspace/data/genbuster-mini/extracted/GenBuster-200K-mini/benchmark/real/70357fd7c10d538fadd94be926cc0c194a148c057bbf304a1f828f2726982366.mp4,0,REAL,353.90216019004583
/workspace/data/genbuster-mini/extracted/GenBuster-200K-mini/benchmark/real/6fcdae97f5b5540d7a9aa7bbdfcf04fe0939ae41e68a767ddf0a5c11c6881358.mp4,0,REAL,338.12532015144825
/workspace/data/genbuster-mini/extracted/GenBuster-200K-mini/benchmark/real/6fa08977969266a74fe21e7ed65cdffa961348b3c90f18bd43fd6181b35ac525.mp4,0,REAL,344.94959004223347
/workspace/data/genbuster-mini/extracted/GenBuster-200K-mini/benchmark/real/6e7631f811d4fa63f937f93f2354fbb909d79c12b07d5d7f28c044d10d97377c.mp4,1,FAKE,358.2075978629291
/workspace/data/genbuster-mini/extracted/GenBuster-200K-mini/benchmark/real/6e6141860ce5f237a10bafdcfbd9b361ce1ad1db69e7692c40e0fc21477faf39.mp4,1,FAKE,359.95320486836135
/workspace/data/genbuster-mini/extracted/GenBuster-200K-mini/benchmark/real/6e49c9b555f1c90359c1c3c5c1a069dfafe209ba7d41b36a63ba7dd032857b2e.mp4,1,FAKE,385.05450496450067
/workspace/data/genbuster-mini/extracted/GenBuster-200K-mini/benchmark/real/6e38117d1ec3cdc7d1b6582479ffa4fee7e76dbdbf86974df26365ec7bfd667f.mp4,0,REAL,398.04885094054043
/workspace/data/genbuster-mini/extracted/GenBuster-200K-mini/benchmark/real/6e2c9d31275f6196534ab51a92fd43a450c70cb5032cb6548d2ae32a48396275.mp4,0,REAL,333.17723916843534
/workspace/data/genbuster-mini/extracted/GenBuster-200K-mini/benchmark/real/6e046fd4c7582f9375bb815bf46633cfe730ce767df6af51a3d9e7bf8c4de80c.mp4,0,REAL,338.132900884375
/workspace/data/genbuster-mini/extracted/GenBuster-200K-mini/benchmark/real/6d6f22916a01b311c047e3cb4dfb1359627a05205b4213a140e616201191335b.mp4,0,REAL,402.37160096876323
/workspace/data/genbuster-mini/extracted/GenBuster-200K-mini/benchmark/real/6d4cf9cbaf4d3de2acf5a75604b6d997ada5ef9d90b0a1008f82058d2c7f43b1.mp4,1,FAKE,374.1179269272834
/workspace/data/genbuster-mini/extracted/GenBuster-200K-mini/benchmark/real/6d22e9d6c43856d45db6fda7bc042019c8c76db8f3fa6fd162b5f24c98cfe835.mp4,0,REAL,335.6052089948207
/workspace/data/genbuster-mini/extracted/GenBuster-200K-mini/benchmark/real/6ce0742306d1eac7bf718d3d432eb1002278bd62ef419922045ea1ffe580878f.mp4,0,REAL,337.35695714131
/workspace/data/genbuster-mini/extracted/GenBuster-200K-mini/benchmark/real/6cbc463af5fa3581236528f5f10eeeef7abed79811261888e584f759a76ac02c.mp4,0,REAL,339.13423493504524
/workspace/data/genbuster-mini/extracted/GenBuster-200K-mini/benchmark/real/6c603f152b9b5f04fbe6ab5e01d5a1016b2bb49008ba4605bac9dde0fc8921a5.mp4,0,REAL,354.3397909961641
/workspace/data/genbuster-mini/extracted/GenBuster-200K-mini/benchmark/real/6c4059c305fb5ed4b5df4808354e7813c2cd1c0014a28e20f304beba47f9a1f7.mp4,0,REAL,341.0087029915303
/workspace/data/genbuster-mini/extracted/GenBuster-200K-mini/benchmark/real/6bccb1e0b7fb214357f2bef2a96a29c5328d107469a3424f129c6dc37f7f5f1a.mp4,1,FAKE,362.5701058190316
/workspace/data/genbuster-mini/extracted/GenBuster-200K-mini/benchmark/real/6b27d3914ad5af23ffaa89485ffaeb6754e1854ffe9caa0e5b59f75be3f3cda1.mp4,0,REAL,335.51756013184786
/workspace/data/genbuster-mini/extracted/GenBuster-200K-mini/benchmark/real/6b0cb29c9f15d42c658c67667f1d5a8b6995cce217a4e9ca5e0da0d2e3ca6029.mp4,0,REAL,337.16234588064253
/workspace/data/genbuster-mini/extracted/GenBuster-200K-mini/benchmark/real/6aa2586fa7436cbe5019e20a42daead18f192063d18931821061650f47eb6829.mp4,0,REAL,336.8026551324874
/workspace/data/genbuster-mini/extracted/GenBuster-200K-mini/benchmark/real/69a0d985e99dbddccc7827656e823dbc75a64a14c89d07ee40de94df7317ca90.mp4,0,REAL,346.28657600842416
/workspace/data/genbuster-mini/extracted/GenBuster-200K-mini/benchmark/real/698f7d36aa93c73589e300a12632b50dd545736d25a1a902b65e6e2e9c24c589.mp4,0,REAL,336.4578129258007
/workspace/data/genbuster-mini/extracted/GenBuster-200K-mini/benchmark/real/6971265352488fd0375b712fde140e55022b8034031bbd345cb05ae80fa99e19.mp4,1,FAKE,365.2271078899503
/workspace/data/genbuster-mini/extracted/GenBuster-200K-mini/benchmark/real/6910b9b8534f2b0230e219a2ef0df283bd642c4dcc2c037137ed05ba4490ba7f.mp4,1,FAKE,366.9310549739748
/workspace/data/genbuster-mini/extracted/GenBuster-200K-mini/benchmark/real/68e8022242cf221b8b8514ca80a80a51404ea3fd1a0f2b066e71e3cb635f5c51.mp4,0,REAL,395.6730901263654
/workspace/data/genbuster-mini/extracted/GenBuster-200K-mini/benchmark/real/68aeb5e645f17b8cce5a80bdc6088e06ef78aea975937323885cc6a09597b7e7.mp4,0,REAL,397.37388701178133
/workspace/data/genbuster-mini/extracted/GenBuster-200K-mini/benchmark/real/68970fe2fcb5cec5aa4169a139fa972dd31432301bcf5bc792c8bb2eb4e3d3f1.mp4,0,REAL,408.9729089755565
/workspace/data/genbuster-mini/extracted/GenBuster-200K-mini/benchmark/real/67ea0cd284b2b44317e726f47842cccb315ed75f56e97f44240f8d2f095d6973.mp4,0,REAL,398.243532050401
/workspace/data/genbuster-mini/extracted/GenBuster-200K-mini/benchmark/real/67e8385c0ef8cf9946ddbe98a837f533d888af3b14eab9b3a8e5ebb264002cbc.mp4,0,REAL,348.5046860296279
/workspace/data/genbuster-mini/extracted/GenBuster-200K-mini/benchmark/real/679e7a23ad8d8be02d22c765d232b6e035447cceafd47c3a12d27b605ae39910.mp4,0,REAL,334.95171600952744
/workspace/data/genbuster-mini/extracted/GenBuster-200K-mini/benchmark/real/66fd0897305bafc33cd0ac2d339618d82f49d0b725ec8def0a56f9c5d543c347.mp4,0,REAL,421.5104030445218
/workspace/data/genbuster-mini/extracted/GenBuster-200K-mini/benchmark/real/66cab03b57372169c07b42753656485f3d1e8aa031a08e473be4f25acdea71c1.mp4,0,REAL,336.92639600485563
/workspace/data/genbuster-mini/extracted/GenBuster-200K-mini/benchmark/real/65fab7bbfbf59c47b323eee58d84650d2645b74148b152707af3bcfe430070da.mp4,0,REAL,335.6781199108809
/workspace/data/genbuster-mini/extracted/GenBuster-200K-mini/benchmark/real/65b72d20bedd761f55a019043333cb002dea10756971465e20317ac919996997.mp4,0,REAL,338.2682208903134
/workspace/data/genbuster-mini/extracted/GenBuster-200K-mini/benchmark/real/6597d84343af4bdb189ba9dd792db8bce7edeaee8011551eac2962e2edaa71bd.mp4,0,REAL,337.727690115571
/workspace/data/genbuster-mini/extracted/GenBuster-200K-mini/benchmark/real/65106f3c882b253a561c1e498803d218f8a88ea84745ea5d9866197db4c8152c.mp4,1,FAKE,370.58731191791594
/workspace/data/genbuster-mini/extracted/GenBuster-200K-mini/benchmark/real/64f3e1f2f9a2002fa5eff25ab8344fbf140d9256b5a54772fde27c3ec0da2836.mp4,0,REAL,341.4149549789727
/workspace/data/genbuster-mini/extracted/GenBuster-200K-mini/benchmark/real/63e8d0784bc1f3511a278e150f1a0298ff12fd772cfa5827ea92e2b6053e0798.mp4,0,REAL,338.40883197262883
/workspace/data/genbuster-mini/extracted/GenBuster-200K-mini/benchmark/real/63c9cad21151ca67b8db51fd3c52e981dc7835d4e217e73713ca1f79be13a940.mp4,1,FAKE,364.93414803408086
/workspace/data/genbuster-mini/extracted/GenBuster-200K-mini/benchmark/real/63a5477d09727e994bcf0da5e1bdcd517ae7c595f2e5137b0c77e6dfafe158a4.mp4,1,FAKE,372.81060102395713
/workspace/data/genbuster-mini/extracted/GenBuster-200K-mini/benchmark/real/638af88dac18cee0f341c859f01f20cd9c99b0c0416fa8ed46243cf8fb730d4b.mp4,1,FAKE,372.1907290164381
/workspace/data/genbuster-mini/extracted/GenBuster-200K-mini/benchmark/real/6342919db78cb90c264260c72ac16f7a243cfd7be3158696db07a825363000f6.mp4,1,FAKE,366.65525496937335
/workspace/data/genbuster-mini/extracted/GenBuster-200K-mini/benchmark/real/62ab4a73c43894b180457e745edb67a7d5dc6e067f3d64ba89bd22e909adb3aa.mp4,1,FAKE,381.1412181239575
/workspace/data/genbuster-mini/extracted/GenBuster-200K-mini/benchmark/real/6260fe5096ff9c0f2b3a133cf6e442157a505142222d653c9d373ea065019f38.mp4,0,REAL,350.377633003518
/workspace/data/genbuster-mini/extracted/GenBuster-200K-mini/benchmark/real/6236706664aa3b365bb6bb138290ac4a06b63a98ec0353fb792c92e8cfbf4e51.mp4,0,REAL,346.59326798282564
/workspace/data/genbuster-mini/extracted/GenBuster-200K-mini/benchmark/real/6143816a2e2a805878e6b3a55d312bd65a69b2235ecdd606bccb196e49b0e1cb.mp4,0,REAL,350.4269039258361
/workspace/data/genbuster-mini/extracted/GenBuster-200K-mini/benchmark/real/6140acfd592497355f949ab732c03e3b6ac327831f3a477bcf6a928d27bc0c9d.mp4,0,REAL,350.36268387921154
/workspace/data/genbuster-mini/extracted/GenBuster-200K-mini/benchmark/real/61383f2c973fdabb0f036dc5420a3137684dc58b7675662317029dd7806d50f7.mp4,1,FAKE,383.8262709323317
/workspace/data/genbuster-mini/extracted/GenBuster-200K-mini/benchmark/real/6120e24e19942fbb2d884982d828f895ed1a984d76f0a822a3eef3d68de19b09.mp4,0,REAL,375.81027392297983
/workspace/data/genbuster-mini/extracted/GenBuster-200K-mini/benchmark/real/5ff4dd7e5eb3eff9e7279a1421e0a2f913427d7be8e0e435f37aac6e1a365b1d.mp4,0,REAL,379.44014999084175
/workspace/data/genbuster-mini/extracted/GenBuster-200K-mini/benchmark/real/5ff202b89289528f40bbf7ab9fe76cccaaaa251aef7037d45549893afc329346.mp4,0,REAL,341.16258518770337
/workspace/data/genbuster-mini/extracted/GenBuster-200K-mini/benchmark/real/5fca5b2496504dbed67d32fb98980c15abb6b3eb91120b5b8c8f159399ed9200.mp4,0,REAL,331.0949190054089
/workspace/data/genbuster-mini/extracted/GenBuster-200K-mini/benchmark/real/5fc9330dee5a32870421a8f15006b4c24b584f1c100b81d229c8a221ac8fc565.mp4,1,FAKE,378.77287808805704
/workspace/data/genbuster-mini/extracted/GenBuster-200K-mini/benchmark/real/5fa84565153d62ce9314f1364978d7cabb686b0703436d1543d1fee2ea0be924.mp4,1,FAKE,366.0791930742562
/workspace/data/genbuster-mini/extracted/GenBuster-200K-mini/benchmark/real/5fa7e4a829c5f0a6ea922ebd04667691127f6637c20c7e7e67d70c11a1e47009.mp4,0,REAL,349.9256018549204
/workspace/data/genbuster-mini/extracted/GenBuster-200K-mini/benchmark/real/5f9fab49aee5d0d59dbd4fa2335573ba1a485f64e186c776d120d37eca1251ba.mp4,0,REAL,379.2100481223315
/workspace/data/genbuster-mini/extracted/GenBuster-200K-mini/benchmark/real/5f4239acaac273b2f01bb614beeedd750b5b8db4634c7dab9ce581eee37bda41.mp4,0,REAL,337.7358680590987
/workspace/data/genbuster-mini/extracted/GenBuster-200K-mini/benchmark/real/5f19f29751a4e7402d8532ec13ace5a67fff38e462bcec02f62b3a815cfceea1.mp4,0,REAL,339.1966950148344
/workspace/data/genbuster-mini/extracted/GenBuster-200K-mini/benchmark/real/5f0ae825b10db91e1b122218f206f12e84323ada3f582360640c168361f10aab.mp4,0,REAL,349.8652521520853
/workspace/data/genbuster-mini/extracted/GenBuster-200K-mini/benchmark/real/5e1d3ab4358decdaab305b4ee97d0aee5a5aaf22924b1f1a6319c154fbd3e8bf.mp4,0,REAL,337.8437990322709
/workspace/data/genbuster-mini/extracted/GenBuster-200K-mini/benchmark/real/5dce4142967044b1dea5e32b7e6f828b1b2c574b27b56e4471b3fe1c52bd75cc.mp4,0,REAL,347.0685489010066
/workspace/data/genbuster-mini/extracted/GenBuster-200K-mini/benchmark/real/5dbe598f9efe018dfed619f22e54d5f885eb48a157ecb571200bb36b034fdde1.mp4,0,REAL,342.32450812123716
/workspace/data/genbuster-mini/extracted/GenBuster-200K-mini/benchmark/real/5d8ef19c4250cc6ae3b590d380fc2035df830ab324482b4aa9c1ad95b3859d00.mp4,0,REAL,357.11943288333714
/workspace/data/genbuster-mini/extracted/GenBuster-200K-mini/benchmark/real/5d6098909393138ce382f92202e8f9d6a949dcc26267eb1ada17ad65b383f1a9.mp4,1,FAKE,363.85230300948024
/workspace/data/genbuster-mini/extracted/GenBuster-200K-mini/benchmark/real/5d559bdf00f38bd0d251f98939d66bcdb2a5046df7bf75364caf914d44eb9a44.mp4,0,REAL,429.21394598670304
/workspace/data/genbuster-mini/extracted/GenBuster-200K-mini/benchmark/real/5d1ea25e1d4c969b616562f3e8c8acae7f76804ae5f67a2fa7e6aabb28218cf8.mp4,1,FAKE,358.33402909338474
/workspace/data/genbuster-mini/extracted/GenBuster-200K-mini/benchmark/real/5d1e59a1cded8c9f2b537f43e86b7ccda7db83e5fab44f0d1fc8fa28f1d2eb1a.mp4,0,REAL,344.1720867995173
/workspace/data/genbuster-mini/extracted/GenBuster-200K-mini/benchmark/real/5d0ac82bbe07c48088af1bb918e50d321b48920c98b7ca3de32491a588c31d8d.mp4,0,REAL,348.40092482045293
/workspace/data/genbuster-mini/extracted/GenBuster-200K-mini/benchmark/real/5ce6c2e085cfebe1294d0f15c45c035fc41c1726fa99496637f173136e3a2490.mp4,1,FAKE,373.13966220244765
/workspace/data/genbuster-mini/extracted/GenBuster-200K-mini/benchmark/real/5ce24c267bcfb7d70c7ee20d6d14128f89d63d7bf39dc3e2f31f7bdde209d08d.mp4,0,REAL,339.96302797459066
/workspace/data/genbuster-mini/extracted/GenBuster-200K-mini/benchmark/real/5cc6a6e464df923bb001c1e282fcdb162ebe05ea6c93c60eba5a81c35c934d6a.mp4,0,REAL,359.29881292395294
/workspace/data/genbuster-mini/extracted/GenBuster-200K-mini/benchmark/real/5c8761dc32321cefd909820c66ef00a324572dbc46c0e9f113b5d22aeb816955.mp4,0,REAL,332.8937778715044
/workspace/data/genbuster-mini/extracted/GenBuster-200K-mini/benchmark/real/5c697f432e170cbf51d82b024e3ee7eccced9b1430c7ac315adff90a93c6a9fa.mp4,0,REAL,333.8292418047786
/workspace/data/genbuster-mini/extracted/GenBuster-200K-mini/benchmark/real/5c5ac1f05afb53b9d9a44c0af3008858ece4dc024dc5d5154baee5fb164246f2.mp4,0,REAL,340.84482211619616
/workspace/data/genbuster-mini/extracted/GenBuster-200K-mini/benchmark/real/5b634f213bf5ad9bbdc98767ab46dc5ad9c636086783d0aa314620b7c78319ed.mp4,0,REAL,335.45208000577986
/workspace/data/genbuster-mini/extracted/GenBuster-200K-mini/benchmark/real/5b384c2526ce8ab3b02379323f4a9758b6ebcf7823a1a22a7096b8b5f3dcfd6d.mp4,0,REAL,336.8325049523264
/workspace/data/genbuster-mini/extracted/GenBuster-200K-mini/benchmark/real/5b138557f45038b514b4d53cc9ca5255a72b89e077dae39fef5ee7c1b1d51133.mp4,0,REAL,394.8785469401628
/workspace/data/genbuster-mini/extracted/GenBuster-200K-mini/benchmark/real/5a77d477f875393927c8684cd686415d0362172603fed68ddeec97087652962a.mp4,1,FAKE,370.68201205693185
/workspace/data/genbuster-mini/extracted/GenBuster-200K-mini/benchmark/real/59d57ef44ee46fc38481061da723f4dc6d7ddcff072e5ccdd8ac56c5c4d1af79.mp4,0,REAL,376.76553917117417
/workspace/data/genbuster-mini/extracted/GenBuster-200K-mini/benchmark/real/59c1ae39341de5940de1ae5ed4d99dd820fb30cc7ad5119798bd44698287004d.mp4,0,REAL,365.8001609146595
/workspace/data/genbuster-mini/extracted/GenBuster-200K-mini/benchmark/real/599ecc4b21e60d73553459ac494d95eed3bbeed96af69d72df577d8f71a00bec.mp4,0,REAL,353.52268698625267
/workspace/data/genbuster-mini/extracted/GenBuster-200K-mini/benchmark/real/58a57d2270ded31bef64396d8d3ff8afcd6e7977491304d7e7ee83356f734cd2.mp4,0,REAL,448.4008310828358
/workspace/data/genbuster-mini/extracted/GenBuster-200K-mini/benchmark/real/58a4092951bdea569b527ba52854e12615289d9b4ae25df3cc4f5ea2093e93ae.mp4,0,REAL,359.87394489347935
/workspace/data/genbuster-mini/extracted/GenBuster-200K-mini/benchmark/real/589cd21f6032690aaa668ca8f19237c2ec6c38da7a1270ba719772e0d2465c5f.mp4,0,REAL,363.1500599440187
/workspace/data/genbuster-mini/extracted/GenBuster-200K-mini/benchmark/real/5894eca7199fa314219a3769ca57f70c2c9518c3ed1e6d4b345c7307861cbd6f.mp4,0,REAL,344.17500696145
/workspace/data/genbuster-mini/extracted/GenBuster-200K-mini/benchmark/real/586464c9b93d980c8b9cc8b2bf77fb6a4bdb781c9cd6366127c2b83b0f33d6c2.mp4,0,REAL,379.57283086143434
/workspace/data/genbuster-mini/extracted/GenBuster-200K-mini/benchmark/real/57f62a7ae86509413c305d271e3573d0b6ad37031d6901f945e07c8798da8df0.mp4,0,REAL,345.1397919561714
/workspace/data/genbuster-mini/extracted/GenBuster-200K-mini/benchmark/real/57e339227d379183a826f379a632a21d981bd4f594278dc368b4d2ef0bba989f.mp4,0,REAL,349.84525106847286
/workspace/data/genbuster-mini/extracted/GenBuster-200K-mini/benchmark/real/578f8716af70edf0d86fd451722f5b85cb1d27635aaea223882c53d6626162d3.mp4,0,REAL,388.15015880391
/workspace/data/genbuster-mini/extracted/GenBuster-200K-mini/benchmark/real/57899de84fd59dd67e095a4c9c36781b034378b490fc043dc17795ffc76048b8.mp4,1,FAKE,389.65944410301745
/workspace/data/genbuster-mini/extracted/GenBuster-200K-mini/benchmark/real/56b4f0712e10b7b02439a743a8aff438ad324b7e086ec169cbce60143d29c15b.mp4,0,REAL,339.6582279819995
/workspace/data/genbuster-mini/extracted/GenBuster-200K-mini/benchmark/real/56a3d61c42815ce1e0e97ba4d9b041dbc4e0441f4052d6148f3a62d78f682d02.mp4,1,FAKE,432.94639280065894
/workspace/data/genbuster-mini/extracted/GenBuster-200K-mini/benchmark/real/56409ce660653a10501f7474009217be25b7f16e9b26a7117edd91d10dd7d321.mp4,0,REAL,346.7150270007551
/workspace/data/genbuster-mini/extracted/GenBuster-200K-mini/benchmark/real/55fe4a1b4ed3c71239d077655a507f80c7b2052bd9682e85678542d6928b369d.mp4,0,REAL,411.54875000938773
/workspace/data/genbuster-mini/extracted/GenBuster-200K-mini/benchmark/real/55f90b043cac4ba5b1d9ffab342c73ec199f1d335000aa1486c01583c995c38a.mp4,0,REAL,341.978546930477
/workspace/data/genbuster-mini/extracted/GenBuster-200K-mini/benchmark/real/55ec087c9326222ca3139cd25dd3c8c001e88e879b640bbf7fa57c86a77264cc.mp4,1,FAKE,370.5769719090313
/workspace/data/genbuster-mini/extracted/GenBuster-200K-mini/benchmark/real/55a18ab1b107d40ed1577ced4fbb6ab85b224865e5fdcaafb79c38aca76f8ba4.mp4,0,REAL,336.0105708707124
/workspace/data/genbuster-mini/extracted/GenBuster-200K-mini/benchmark/real/559793d33cce9485c75b3c5163bb7d3b36e09718fb1e15d883b0e87aad9aded4.mp4,0,REAL,345.51242319867015
/workspace/data/genbuster-mini/extracted/GenBuster-200K-mini/benchmark/real/558fbdf645f66a4c41f7ad8cba711d55f42033142b5114c19085aa046aa709a4.mp4,1,FAKE,372.0429390668869
/workspace/data/genbuster-mini/extracted/GenBuster-200K-mini/benchmark/real/5570b2e3e18f5333a8e526fe9516655fad1fb409d771ce1735293361a7523df5.mp4,0,REAL,387.77172681875527
/workspace/data/genbuster-mini/extracted/GenBuster-200K-mini/benchmark/real/54358fc3e6646c7e07a34bab10832bd743da68ad641d7e11d9ce0289eb58bf61.mp4,0,REAL,343.84086495265365
/workspace/data/genbuster-mini/extracted/GenBuster-200K-mini/benchmark/real/541d0885dbbe3911c93c567294c68dfb2ca59a8cb4d2e5c37cb37c5e5f0fa8e1.mp4,0,REAL,340.5887319240719
/workspace/data/genbuster-mini/extracted/GenBuster-200K-mini/benchmark/real/540db36a3444c10d74799843cee19ee1ae29c1d6bb70e432de6c86b749557c4c.mp4,0,REAL,361.38253193348646
/workspace/data/genbuster-mini/extracted/GenBuster-200K-mini/benchmark/real/53cbe736ab7b67b7870ad10945e8daa33e7b6abf3cc612e36b59b0e3e3a4dc0d.mp4,0,REAL,345.66250280477107
/workspace/data/genbuster-mini/extracted/GenBuster-200K-mini/benchmark/real/53a391412acee385cccbd21ad38852f31ad88cd11a23532d3834049fdf887ba3.mp4,0,REAL,342.93890092521906
/workspace/data/genbuster-mini/extracted/GenBuster-200K-mini/benchmark/real/536428bfea9b961e0e777a884a6487cb70f3a9d87eb76f032ca79ea4e6b8dbb3.mp4,0,REAL,343.0021421518177
/workspace/data/genbuster-mini/extracted/GenBuster-200K-mini/benchmark/real/53630ce79d238304d144406b33f9a3873dc106fbeceddce4bcea8e8deae80914.mp4,0,REAL,367.4145769327879
/workspace/data/genbuster-mini/extracted/GenBuster-200K-mini/benchmark/real/533720df799c02a5409a878a9c6cbba91f4c282c18087310617536abadb064b2.mp4,1,FAKE,373.6082341056317
/workspace/data/genbuster-mini/extracted/GenBuster-200K-mini/benchmark/real/52fefcf478488970b2ef9a1fb713f2718c054828885e07732760605a1b658d41.mp4,1,FAKE,383.76803882420063
/workspace/data/genbuster-mini/extracted/GenBuster-200K-mini/benchmark/real/527fb1f96e07467405801e7b8faf7573b4c4cbb6631cdf38aebf17a92b204c0e.mp4,1,FAKE,386.1036591697484
/workspace/data/genbuster-mini/extracted/GenBuster-200K-mini/benchmark/real/51e6d06c2ef9adcdef864724d58e7fc180b67e9b7e6a5c983ccb6b6ccb31b958.mp4,1,FAKE,379.8261131159961
/workspace/data/genbuster-mini/extracted/GenBuster-200K-mini/benchmark/real/5192a267fe658c3912fc67e8aefe7c7aaf46513a633eb58adb891c24e044b26e.mp4,0,REAL,356.2707689125091
/workspace/data/genbuster-mini/extracted/GenBuster-200K-mini/benchmark/real/518aa5b7dcc76612364aae4c17a7cc61d9ba2cf61bd9abc945a5e6f0990989f5.mp4,1,FAKE,375.8324950467795
/workspace/data/genbuster-mini/extracted/GenBuster-200K-mini/benchmark/real/517a385478f0935ddcd52dc148ce10d95ea439f16481f1e3e443df78f70beaaf.mp4,0,REAL,355.74735701084137
/workspace/data/genbuster-mini/extracted/GenBuster-200K-mini/benchmark/real/516f17e2fb50475a4942a7e304737acc648592a629b309e259430de02bba46e4.mp4,0,REAL,356.80302209220827
/workspace/data/genbuster-mini/extracted/GenBuster-200K-mini/benchmark/real/516dcd0bd1b8d42590295e76f75e45285a55592e59cbc1153ec85973a981f747.mp4,0,REAL,351.02261789143085
/workspace/data/genbuster-mini/extracted/GenBuster-200K-mini/benchmark/real/51447a4a06ff8edf6c01a5931901a9958ba4a787bdcd9a484d9425baeaedc69a.mp4,0,REAL,348.4176150523126
/workspace/data/genbuster-mini/extracted/GenBuster-200K-mini/benchmark/real/5139a2f32188bb37dc4e95465209fb71d3941a396b3ba73a814515ddae99b2c9.mp4,1,FAKE,445.9992500487715
/workspace/data/genbuster-mini/extracted/GenBuster-200K-mini/benchmark/real/50fc4e70d6f0d57a361f024f2d639edd648f39f1d353dc7474b8bb3c925893b5.mp4,0,REAL,355.54744699038565
/workspace/data/genbuster-mini/extracted/GenBuster-200K-mini/benchmark/real/50f7fcd889e08d47a237fcbd02d6173380965515c48b321a5bac321fd281a402.mp4,0,REAL,350.1310630235821
/workspace/data/genbuster-mini/extracted/GenBuster-200K-mini/benchmark/real/50e3284c77244dbad7ec96ed369ad031b53f3df477970bedb9e98764337424b1.mp4,0,REAL,354.25808001309633
/workspace/data/genbuster-mini/extracted/GenBuster-200K-mini/benchmark/real/50bebe92a9660b8e2fa617ff6693d10d9dd5fbdee8852c67218790ecf2655932.mp4,1,FAKE,358.4288489073515
/workspace/data/genbuster-mini/extracted/GenBuster-200K-mini/benchmark/real/506e3a71eed8e76ddcaf677c0251f346d588bc0885bc509d99699dfa8d1ad545.mp4,0,REAL,338.34099117666483
/workspace/data/genbuster-mini/extracted/GenBuster-200K-mini/benchmark/real/506c8eb1563a81e1d0ff438a901496f3d3e6e92309fe661310890081abc146f5.mp4,0,REAL,357.0670031476766
/workspace/data/genbuster-mini/extracted/GenBuster-200K-mini/benchmark/real/4fab469ca798ff9e7ef5c727b5aaa3f77912c2b4818e766006cb5bab36c4830e.mp4,0,REAL,356.0063880868256
/workspace/data/genbuster-mini/extracted/GenBuster-200K-mini/benchmark/real/4f9b6152b0f7c0b80373fbf276ea26a5e673e6f7e3edd2e0d63f5c385cf770ca.mp4,0,REAL,334.8435771185905
/workspace/data/genbuster-mini/extracted/GenBuster-200K-mini/benchmark/real/4f9063ec15e3aeeb4c366b053282f778c0c9f02f90ad9ecac7e485d93b207aca.mp4,1,FAKE,365.90206203982234
/workspace/data/genbuster-mini/extracted/GenBuster-200K-mini/benchmark/real/4f06d31c1e99ae7f64f4678822ecc9127290603ca29fbf8fc63325c8b10093cc.mp4,0,REAL,353.51445712149143
/workspace/data/genbuster-mini/extracted/GenBuster-200K-mini/benchmark/real/4ee9268e9c2e8c0c656aade80fdc2b0f42c45c2a2d39378d54a997b9cf94574c.mp4,0,REAL,341.6331859771162
/workspace/data/genbuster-mini/extracted/GenBuster-200K-mini/benchmark/real/4ec147eec3afbaefe6dffbe9d598fdd640a2292b6e50965246a88829e1c6be20.mp4,1,FAKE,368.45876392908394
/workspace/data/genbuster-mini/extracted/GenBuster-200K-mini/benchmark/real/4ea31e9fa1df7e4ea5186831984012b11a6c1b6baffe246aa58f9aa3b685ae4b.mp4,1,FAKE,424.1338549181819
/workspace/data/genbuster-mini/extracted/GenBuster-200K-mini/benchmark/real/4e954e2e7e64dfcc777763c5824a46d61b08e213ef430ef7b6233ced1183fad9.mp4,1,FAKE,383.2066059112549
/workspace/data/genbuster-mini/extracted/GenBuster-200K-mini/benchmark/real/4e68363062d51c25b56d88cd5e190978b3d5e44611dea3e1d37051b8d3fdcb4d.mp4,0,REAL,359.5382438506931
/workspace/data/genbuster-mini/extracted/GenBuster-200K-mini/benchmark/real/4e4c5bfc2ac9599bd4b77d5f0b2b9ab7ee0a13923239a218278dcf581f8c6712.mp4,0,REAL,387.09538290277123
/workspace/data/genbuster-mini/extracted/GenBuster-200K-mini/benchmark/real/4e3b3248084abfdc840702e63ac52a527b90ca13d5fb6e37f4a353cbba0122ba.mp4,0,REAL,723.0926051270217
/workspace/data/genbuster-mini/extracted/GenBuster-200K-mini/benchmark/real/4e03a2d0f1874e2309e160e870c7e04d7c4a100b54e4a9f8f9251c43f3a5606e.mp4,1,FAKE,392.96758989803493
/workspace/data/genbuster-mini/extracted/GenBuster-200K-mini/benchmark/real/4dedb36e0049cf6aef63af724129a9d53df0cf47ed6a6bb82c6ead2fb4a1a7b3.mp4,0,REAL,365.2718991506845
/workspace/data/genbuster-mini/extracted/GenBuster-200K-mini/benchmark/real/4dec05b44c775e49143b068383cd0ed91fcaecf99416627551c809ad5dfc05f0.mp4,1,FAKE,363.7252929620445
/workspace/data/genbuster-mini/extracted/GenBuster-200K-mini/benchmark/real/4db937b8ef537b959c7cf6e150a4ac9c818a084d22b6872b23378c274ed2e153.mp4,1,FAKE,376.76057894714177
/workspace/data/genbuster-mini/extracted/GenBuster-200K-mini/benchmark/real/4d9745b53a306896c6dfa43aa772b2cef284767751679e069bfa7f4f5881152c.mp4,0,REAL,338.53820292279124
/workspace/data/genbuster-mini/extracted/GenBuster-200K-mini/benchmark/real/4d973be77026f6c3601f3d0791f04a0520220ce79ec630b1773ac2ea86d40eb5.mp4,0,REAL,337.8325591329485
/workspace/data/genbuster-mini/extracted/GenBuster-200K-mini/benchmark/real/4d7448e81de56fb9a5f97607c0dad4f7340297a5e220f3e593337252577e0d32.mp4,0,REAL,370.477091986686
/workspace/data/genbuster-mini/extracted/GenBuster-200K-mini/benchmark/real/4d106b7874516b74c406f281e4659d48c2aac1c3411f4cb47f2f01366908d89f.mp4,0,REAL,338.86463404633105
/workspace/data/genbuster-mini/extracted/GenBuster-200K-mini/benchmark/real/4cea7c80eb4fad37315f08519f52415a3f5392d97c3ac1501d0f3aa7fdc8a16e.mp4,0,REAL,348.9940769504756
/workspace/data/genbuster-mini/extracted/GenBuster-200K-mini/benchmark/real/4cb623fa370be3d2ff5d7199c1e22a4990e32bc65536c4d660dfb5aba4d07e7c.mp4,1,FAKE,397.874650079757
/workspace/data/genbuster-mini/extracted/GenBuster-200K-mini/benchmark/real/4ba8e3dd434195a6fbb6871f9102eb0a2f49da5c24292799bd0cd354257961f9.mp4,0,REAL,349.74371106363833
/workspace/data/genbuster-mini/extracted/GenBuster-200K-mini/benchmark/real/4b2baf4e4cce1526d1c7f357b8bd401fb4173dcc53df5e98a6cf2edcd504d681.mp4,0,REAL,434.7295311745256
/workspace/data/genbuster-mini/extracted/GenBuster-200K-mini/benchmark/real/4b291ab13bbde956f9cfe7cf6d0ffda7de8ea8778ad877f19834cc344b0cbc74.mp4,1,FAKE,466.53025900013745
/workspace/data/genbuster-mini/extracted/GenBuster-200K-mini/benchmark/real/4b17d1e578c451b9b6415602ca2dfbfb78cc0072e6a4418122ea5c22b30d9b0d.mp4,0,REAL,442.65813496895134
/workspace/data/genbuster-mini/extracted/GenBuster-200K-mini/benchmark/real/4ab97bf15dc58bf5a4fd4fba90a526df06bdb46eb02e9ac87ad8ef9addfcf145.mp4,0,REAL,349.93003215640783
/workspace/data/genbuster-mini/extracted/GenBuster-200K-mini/benchmark/real/4a85b87f9cdb104d94c4d3f669e9f9344380334cd6fc95cf2b8e231840be0cf5.mp4,0,REAL,338.71812210418284
/workspace/data/genbuster-mini/extracted/GenBuster-200K-mini/benchmark/real/4a423be3de161d023475d307cf01a34835667ae92d4fdcb9fa507afe0ba2f23b.mp4,1,FAKE,360.00117496587336
/workspace/data/genbuster-mini/extracted/GenBuster-200K-mini/benchmark/real/49edee64675b96506da683b2bd7640821e69d4bb5662c54b736e0e8b08e8c4a3.mp4,0,REAL,330.75507800094783
/workspace/data/genbuster-mini/extracted/GenBuster-200K-mini/benchmark/real/49ac17fd8fd03503032ec7cd9faabf532c905fb1e5c150257ca60182d2bddb1f.mp4,0,REAL,335.7085599564016
/workspace/data/genbuster-mini/extracted/GenBuster-200K-mini/benchmark/real/498b76398e3efb0f04caaa643595c5335c1f11a21065a66d43faff6704da23e3.mp4,0,REAL,365.6462498474866
/workspace/data/genbuster-mini/extracted/GenBuster-200K-mini/benchmark/real/48beda5b988bb36a2d8c310c8902d88a046e9ce68de29334a33bfcbfee24da9b.mp4,0,REAL,333.43296009115875
/workspace/data/genbuster-mini/extracted/GenBuster-200K-mini/benchmark/real/4842b20a5ceaed400c17915cf1163b895d762fdab4401a1ec48bb89c82e1175f.mp4,0,REAL,347.1619989722967
/workspace/data/genbuster-mini/extracted/GenBuster-200K-mini/benchmark/real/48423dffde828f6d0b3e02bc53d57128c12f99f482b601d223912d0125a7cb2e.mp4,1,FAKE,426.15775507874787
/workspace/data/genbuster-mini/extracted/GenBuster-200K-mini/benchmark/real/4840050212559552f80c44c9644c6bda8dabb2702591346ade8026446dbf6684.mp4,1,FAKE,360.21301592700183
/workspace/data/genbuster-mini/extracted/GenBuster-200K-mini/benchmark/real/47c6400a0b595c3b027ad94be029332676f48268168ed8a4c2bc5480acc3b017.mp4,1,FAKE,360.832029953599
/workspace/data/genbuster-mini/extracted/GenBuster-200K-mini/benchmark/real/47b6e5104b5334411b5a267ee8b05eea0642be8272d80162bd552dc1b5110a31.mp4,0,REAL,331.8870230577886
/workspace/data/genbuster-mini/extracted/GenBuster-200K-mini/benchmark/real/47a14fc2ae4ea5447a514fddeeb3ef075f597f1b154f1081a86868359cf54330.mp4,0,REAL,341.81741694919765
/workspace/data/genbuster-mini/extracted/GenBuster-200K-mini/benchmark/real/46b2e1d5c9497fc0cba8dfea98930424f01cb9b5f0aed2f3170ca951113a6ac2.mp4,1,FAKE,406.6096080932766
/workspace/data/genbuster-mini/extracted/GenBuster-200K-mini/benchmark/real/46b15e139b00f856ef5a70d125db1b1a7e0aef31955de97a184a91681efc40c3.mp4,0,REAL,349.321129033342
/workspace/data/genbuster-mini/extracted/GenBuster-200K-mini/benchmark/real/463dd6774d6018e6d52cbfa24132d8a680043767b1747d5e8f419b4f4078df65.mp4,0,REAL,351.2460079509765
/workspace/data/genbuster-mini/extracted/GenBuster-200K-mini/benchmark/real/45b5e0289beac97074f1f3127031f7c9c024d99d5c9762c37c19b02ccecb5661.mp4,1,FAKE,368.63437318243086
/workspace/data/genbuster-mini/extracted/GenBuster-200K-mini/benchmark/real/459e81c55969c6411b6053a8bac69a4f3bac62b84a0e6c5cc508fc9e83714076.mp4,0,REAL,331.1802900861949
/workspace/data/genbuster-mini/extracted/GenBuster-200K-mini/benchmark/real/454f49fdfb54b6b9a591d04fdfdc73c05376440001fc22b44f9346e36b1b1828.mp4,0,REAL,338.2949410006404
/workspace/data/genbuster-mini/extracted/GenBuster-200K-mini/benchmark/real/450909ce40ac8333fe969b570602a5c953e02a621d617dcafff5ef8839729875.mp4,0,REAL,334.04549211263657
/workspace/data/genbuster-mini/extracted/GenBuster-200K-mini/benchmark/real/44da4bcc1934b80733cf98f7194b69812e482fa2d542a0fe5115ea19041b617d.mp4,1,FAKE,361.4863420370966
/workspace/data/genbuster-mini/extracted/GenBuster-200K-mini/benchmark/real/444ab1f0fda68150a1b4b852547d40a148ade93d173bf86c84fbad5571e29ba0.mp4,0,REAL,348.99914800189435
/workspace/data/genbuster-mini/extracted/GenBuster-200K-mini/benchmark/real/43d09f1f1805c009e67b890f50d6ec6ab1179c6f00412f061269b018f42d99a5.mp4,0,REAL,337.7823990304023
/workspace/data/genbuster-mini/extracted/GenBuster-200K-mini/benchmark/real/43b0f816e5f16daf02ffc1709830ec3451a512f125c438bd1acbfef196619cc5.mp4,0,REAL,349.7097110375762
/workspace/data/genbuster-mini/extracted/GenBuster-200K-mini/benchmark/real/433b7f777d4bb8174a71ca3c3446aec95cf6491bd7f0bfa16c0a21e771ecfe93.mp4,0,REAL,336.66933490894735
/workspace/data/genbuster-mini/extracted/GenBuster-200K-mini/benchmark/real/42f66de4f8a8ba654f78dd138b45079e7a6a8beec702f7600125f13426f7f750.mp4,1,FAKE,359.0630909893662
/workspace/data/genbuster-mini/extracted/GenBuster-200K-mini/benchmark/real/42f04b0a3075fd9c89621adf57a54e224ad3ad846ab46ff1bed6d7bbc17fca4c.mp4,0,REAL,333.0044380854815
/workspace/data/genbuster-mini/extracted/GenBuster-200K-mini/benchmark/real/42ea64077e3ab3565b0ac3edd6d197a9c4d86cda0a7f64fa5eeeb4d2347ef325.mp4,1,FAKE,458.88226688839495
/workspace/data/genbuster-mini/extracted/GenBuster-200K-mini/benchmark/real/42e372d2b3aaa90cade5e465bf54e13f3b08a1d02527add7ce4b60be25cc5120.mp4,0,REAL,402.79459208250046
/workspace/data/genbuster-mini/extracted/GenBuster-200K-mini/benchmark/real/4290698b7797b61d80fdccf7e0830c0a490c7936ce8a1ff3a27e61c28d31a318.mp4,0,REAL,343.9990170300007
/workspace/data/genbuster-mini/extracted/GenBuster-200K-mini/benchmark/real/427472a2af89df954ed886f328d9ffb7333d85d09226595ad97480bfc809d929.mp4,0,REAL,346.50559700094163
/workspace/data/genbuster-mini/extracted/GenBuster-200K-mini/benchmark/real/4267a4dbb1c58591dbe92ef49f833007684fe36c8d4e4501b4ae9317ff7200a6.mp4,1,FAKE,370.5216620583087
/workspace/data/genbuster-mini/extracted/GenBuster-200K-mini/benchmark/real/42444456e69b4f86cf198ab07ce3cc03408008349bea0f1ed89c2fc1e2c4686f.mp4,0,REAL,329.152291174978
/workspace/data/genbuster-mini/extracted/GenBuster-200K-mini/benchmark/real/4222cdfd1bcd83828e0e935e4311397a602804226aa96314c4761a1618439ebe.mp4,1,FAKE,394.00148298591375
/workspace/data/genbuster-mini/extracted/GenBuster-200K-mini/benchmark/real/41c1accfb10045707a9a26d2ae3c048b43f61515ae3b9321c5b583bd478f2052.mp4,1,FAKE,356.79491190239787
/workspace/data/genbuster-mini/extracted/GenBuster-200K-mini/benchmark/real/41b0a3615d9b2d25b7283e5c8154700113d6a7a4e894a87b297f26a4b04319fc.mp4,0,REAL,345.7987739238888
/workspace/data/genbuster-mini/extracted/GenBuster-200K-mini/benchmark/real/4101bff79071683cf1db10d3383db8f865e867f112884daa5c5bbd8c5970d54e.mp4,0,REAL,343.95903698168695
/workspace/data/genbuster-mini/extracted/GenBuster-200K-mini/benchmark/real/40fddaf0b9b53c1f2347ab891b9057e20b4bd8875fd92d6f9ae4753515bcb184.mp4,0,REAL,421.3580230716616
/workspace/data/genbuster-mini/extracted/GenBuster-200K-mini/benchmark/real/40d629c71c83ac55824837789605fb23ff64ff89ba2d8c0ac6d70c01fc08c398.mp4,0,REAL,436.54063902795315
/workspace/data/genbuster-mini/extracted/GenBuster-200K-mini/benchmark/real/409b8119407f42de8e65bf5da7725c9fd52cd8f26ba4683a1fc9af8641f8b239.mp4,0,REAL,437.36059311777353
/workspace/data/genbuster-mini/extracted/GenBuster-200K-mini/benchmark/real/403e84ab98be591ecd5a9095732dfa534f76489d661e6fbd29bb7a738df3d88a.mp4,1,FAKE,366.3379231002182
/workspace/data/genbuster-mini/extracted/GenBuster-200K-mini/benchmark/real/402e0c602e2795ffd650c4d0f8c70d5884e3b8151f078e68e026006d7e2ec576.mp4,0,REAL,348.72019686736166
/workspace/data/genbuster-mini/extracted/GenBuster-200K-mini/benchmark/real/3ff464eb855dc6af55490b08796471c066a3b2238c5a24cf8a3cba254d277555.mp4,1,FAKE,423.1703011319041
/workspace/data/genbuster-mini/extracted/GenBuster-200K-mini/benchmark/real/3fea13c27724d9aa7d6397311994994a3421a24f77a6d9a1ee7c35c86e00e6ad.mp4,0,REAL,348.8252169918269
/workspace/data/genbuster-mini/extracted/GenBuster-200K-mini/benchmark/real/3f218fabf96bdb09748d65e5e724a7bdb24b3818750a3acb0bb8bc8feb5cfd30.mp4,0,REAL,340.6938121188432
/workspace/data/genbuster-mini/extracted/GenBuster-200K-mini/benchmark/real/3ee70a7359f981bde8e8bfc6734ff65acf8131db556559f608e3b5a64f52ade6.mp4,0,REAL,333.6750708986074
/workspace/data/genbuster-mini/extracted/GenBuster-200K-mini/benchmark/real/3e9f431ab5f42306d61ad52d26b8407a12ba92d3bca981a65c4fac5c6440896a.mp4,0,REAL,327.80587580055
/workspace/data/genbuster-mini/extracted/GenBuster-200K-mini/benchmark/real/3e6db909bb1fe7170764527ce2fbd5d6665976d506356347a6e7c8a51e598372.mp4,0,REAL,332.37178483977914
/workspace/data/genbuster-mini/extracted/GenBuster-200K-mini/benchmark/real/3e2f2b68e9b6c69f6222e1917d1dd8c07809bc3dd0704cae30822a1e1487b5fe.mp4,0,REAL,329.32471204549074
/workspace/data/genbuster-mini/extracted/GenBuster-200K-mini/benchmark/real/3e2c888ab73704535dec096404dd65670e60a8884bb164494fc22c94dddb9f89.mp4,0,REAL,334.1722530312836
/workspace/data/genbuster-mini/extracted/GenBuster-200K-mini/benchmark/real/3def97f450e4a6b55e4a4863b3d5c9c3fc962d7464aa545baeb1dc354e383484.mp4,0,REAL,332.02200406230986
/workspace/data/genbuster-mini/extracted/GenBuster-200K-mini/benchmark/real/3d85a0eb4ab71b70bb479f936f68e63ce05f525ca45d684e1fa196c22934d0e8.mp4,0,REAL,330.3236069623381
/workspace/data/genbuster-mini/extracted/GenBuster-200K-mini/benchmark/real/3d551ef44cc6fb90bd23a506523a690bae176ccc85d2277da9a7e184ad4dcb26.mp4,0,REAL,335.1344969123602
/workspace/data/genbuster-mini/extracted/GenBuster-200K-mini/benchmark/real/3d51d8d6341c676fff4ba3d709ab12343bbe6f367f36fb705bc074f4157107ba.mp4,0,REAL,352.38884296268225
/workspace/data/genbuster-mini/extracted/GenBuster-200K-mini/benchmark/real/3d336cdeb15d50494fd7584d21db26d481b69db63fe58292d927b6aac8eb68d3.mp4,0,REAL,381.60257996059954
/workspace/data/genbuster-mini/extracted/GenBuster-200K-mini/benchmark/real/3d259358f50f0c2d7a7347a79408199487583514350e85885dcb60d63992b3e2.mp4,1,FAKE,359.09926099702716
/workspace/data/genbuster-mini/extracted/GenBuster-200K-mini/benchmark/real/3d17140ad4245f9fa7f7fd63ef3e7551df5336952b1b815238b3ef2a04670730.mp4,1,FAKE,353.70928910560906
/workspace/data/genbuster-mini/extracted/GenBuster-200K-mini/benchmark/real/3ce4312a5080b25f5837a25dbd617f3265f986eb0ad9939c6c2624558c0fa6f6.mp4,0,REAL,331.4956019166857
/workspace/data/genbuster-mini/extracted/GenBuster-200K-mini/benchmark/real/3cdfed4e13eccee7ec0bf85bca9e2b672ad5e436593a2174020dddb8f247c9dc.mp4,1,FAKE,371.9212969299406
/workspace/data/genbuster-mini/extracted/GenBuster-200K-mini/benchmark/real/3cb5e2cbebfa75d8d31ce2d7782e2e364917a476579d1ededa077dd9a33f4a4a.mp4,1,FAKE,364.7038950584829
/workspace/data/genbuster-mini/extracted/GenBuster-200K-mini/benchmark/real/3c07998dc8fb06340b07409473e6cc287a17fbaa4f86f6866e627e3a8d26694a.mp4,0,REAL,347.0804491080344
/workspace/data/genbuster-mini/extracted/GenBuster-200K-mini/benchmark/real/3bb205d5556d746327ad112078f30ada39483142f2c27e65e5173995f783f0ad.mp4,0,REAL,345.6577130127698
/workspace/data/genbuster-mini/extracted/GenBuster-200K-mini/benchmark/real/3aecf24d9bb9fbf58c7f24cf7c0ff547fc953dba9bc915a37dfa73d4d11d6954.mp4,1,FAKE,467.00440091080964
/workspace/data/genbuster-mini/extracted/GenBuster-200K-mini/benchmark/real/3ae9b49bc38d35b0203be58bce1c0f7f0bfff4b17293794ab9fddee2620ec55c.mp4,1,FAKE,379.0502480696887
/workspace/data/genbuster-mini/extracted/GenBuster-200K-mini/benchmark/real/3ae22e39f7d8c3a8a9c3227e46f1f95dd65b6f355e217cc008ebbfd98ed53744.mp4,0,REAL,352.66614402644336
/workspace/data/genbuster-mini/extracted/GenBuster-200K-mini/benchmark/real/3ad77608e7db7aee6950e31b819aff6d609dd93b2150defb8c1ccb545bf03097.mp4,0,REAL,331.57308283261955
/workspace/data/genbuster-mini/extracted/GenBuster-200K-mini/benchmark/real/3ad65cb7f82dbeba1669fb85a1d13b9253a404774ab1602558e793e28762c6ca.mp4,0,REAL,333.9926330372691
/workspace/data/genbuster-mini/extracted/GenBuster-200K-mini/benchmark/real/3a8dc9632525a4213fd4490a3927c2b01ddb2670fff5dd9dab8a547ecdf85b95.mp4,0,REAL,334.0064878575504
/workspace/data/genbuster-mini/extracted/GenBuster-200K-mini/benchmark/real/39c597d126d300a9a45bc11a1290e51fa92ab933db353d50781ccac2c0ac6acc.mp4,1,FAKE,357.41335107013583
/workspace/data/genbuster-mini/extracted/GenBuster-200K-mini/benchmark/real/391cbe62a40a123f7997d13501bb9e3d5ac4ffe13b965c584325715b7f7e99f8.mp4,1,FAKE,356.65578697808087
/workspace/data/genbuster-mini/extracted/GenBuster-200K-mini/benchmark/real/38b9c3e5f301fbe2e410a0f6e72efefbdce83e9a5ec4e6f0a5aba1cf7e124680.mp4,0,REAL,330.82137419842184
/workspace/data/genbuster-mini/extracted/GenBuster-200K-mini/benchmark/real/388d2492913e682f6f7d61ff1b87c03efdf15614dcdd5e7204d7c75030d549c1.mp4,0,REAL,330.3271718323231
/workspace/data/genbuster-mini/extracted/GenBuster-200K-mini/benchmark/real/3857b24e088646dbf3bb8ebc65ed57630f1bc20e7b61fae076fbf3a15fa4384a.mp4,0,REAL,341.61357185803354
/workspace/data/genbuster-mini/extracted/GenBuster-200K-mini/benchmark/real/38271c7ecb7be8ec1c9685f4db9e751d11405cc7aa82417aaadfcdf38e85304e.mp4,0,REAL,400.8588897995651
/workspace/data/genbuster-mini/extracted/GenBuster-200K-mini/benchmark/real/377b7a6554f29ef415e09104ffc9dc82e19925045317cee681a2afe8705858bf.mp4,0,REAL,343.022707849741
/workspace/data/genbuster-mini/extracted/GenBuster-200K-mini/benchmark/real/37765e3329da95184e41104cb9d45b5f326d84abe5aea0376eaa6aebe437764f.mp4,0,REAL,342.12120389565825
/workspace/data/genbuster-mini/extracted/GenBuster-200K-mini/benchmark/real/36f512c0e80f3503f634e2cbfdd01e54faaa71f75c7cc696a42e42aaa5f9a70b.mp4,1,FAKE,370.3918377868831
/workspace/data/genbuster-mini/extracted/GenBuster-200K-mini/benchmark/real/36e93d665955af308033d1cf7f15f05efa4ae60754d807a2a3e6e5fb7c1badb4.mp4,0,REAL,398.9738221280277
/workspace/data/genbuster-mini/extracted/GenBuster-200K-mini/benchmark/real/36d01802b3fccc83be6fdeffe2c90af972a5b6acb3c984c1efe967a31499d7ad.mp4,0,REAL,332.3595807887614
/workspace/data/genbuster-mini/extracted/GenBuster-200K-mini/benchmark/real/36af777b26bdfef75a756603c46920ac58fb7982181fcc84a56a44303e311490.mp4,0,REAL,349.0094938315451
/workspace/data/genbuster-mini/extracted/GenBuster-200K-mini/benchmark/real/367aefb915b73fbac3acbfcdc5625594443b9c95e65e81fd8940145b01058cf0.mp4,0,REAL,395.2568070963025
/workspace/data/genbuster-mini/extracted/GenBuster-200K-mini/benchmark/real/3667af63e65a2790622ab78285354f70f77bdb9215bba5ef1afc34c9c3642893.mp4,0,REAL,348.21413992904127
/workspace/data/genbuster-mini/extracted/GenBuster-200K-mini/benchmark/real/364d4cd501dcf98f989c41e4008443d2519c923f9ea9b8a8ac1350bda28f608e.mp4,0,REAL,346.07126098126173
/workspace/data/genbuster-mini/extracted/GenBuster-200K-mini/benchmark/real/36401ede75da013e456cf6f53e54125d0ca39699e585a2fcf883c68248ab01d5.mp4,0,REAL,345.8406198769808
/workspace/data/genbuster-mini/extracted/GenBuster-200K-mini/benchmark/real/35ab68c7457dbba7ab921401220238ce8adbcda4e96893d8a97bd7e93170555c.mp4,0,REAL,372.08443391136825
/workspace/data/genbuster-mini/extracted/GenBuster-200K-mini/benchmark/real/353b08475859daa247fcad586c1ad9eee28e86da27722626807d29c2a85d62b9.mp4,0,REAL,326.9757181406021
/workspace/data/genbuster-mini/extracted/GenBuster-200K-mini/benchmark/real/352f26df6b300aead31c37c88c5806da7298445425b11145314d8675c784f54d.mp4,1,FAKE,359.459700062871
/workspace/data/genbuster-mini/extracted/GenBuster-200K-mini/benchmark/real/348830cdd1d438e3728404e5939b8c9b7c146a94e8bc5216373119be78e02e25.mp4,0,REAL,428.8226629141718
/workspace/data/genbuster-mini/extracted/GenBuster-200K-mini/benchmark/real/3424fc0a9de2642b2a19ffe28d6fd34ba8f38323b8fb79cf87580432eab691d0.mp4,1,FAKE,449.5700129773468
/workspace/data/genbuster-mini/extracted/GenBuster-200K-mini/benchmark/real/330b9c1dda55a76d4a6472d178606d5c45a6fbab78451b03ce468e031fe43f9d.mp4,0,REAL,360.75471597723663
/workspace/data/genbuster-mini/extracted/GenBuster-200K-mini/benchmark/real/329c448943faa5d4c93e8b0c0db48b4ec16260ab680a7882f5431f4a8f21c72b.mp4,0,REAL,338.14951707609
/workspace/data/genbuster-mini/extracted/GenBuster-200K-mini/benchmark/real/3257e39f0cc2a65d4cf8b0e7f39f82f7edef7cc6df944c95c9075cf6b3ad16c6.mp4,0,REAL,436.0644230619073
/workspace/data/genbuster-mini/extracted/GenBuster-200K-mini/benchmark/real/316e51db52c1216dcb122776880e65972888bfd454870908f711a2230afced31.mp4,1,FAKE,366.8368218932301
/workspace/data/genbuster-mini/extracted/GenBuster-200K-mini/benchmark/real/30a8a6bf558962c622c0bc67204bf585d4fda5757ea5d0f62c39cf3c660f3bdf.mp4,1,FAKE,370.8119101356715
/workspace/data/genbuster-mini/extracted/GenBuster-200K-mini/benchmark/real/30629433b48a0438c7de2fe48056cba1892e6d31dae958e421a8ea1b551266db.mp4,0,REAL,342.5636070314795
/workspace/data/genbuster-mini/extracted/GenBuster-200K-mini/benchmark/real/30603254edb5ab3f8fdf214299350cc5557bddd6fcf603604e0ee50a9e21ec3e.mp4,0,REAL,346.86666494235396
/workspace/data/genbuster-mini/extracted/GenBuster-200K-mini/benchmark/real/304318ce6b4d167e0741c98675f4847c27d228c631c002300b913ddb5d46d51a.mp4,0,REAL,426.54695315286517
/workspace/data/genbuster-mini/extracted/GenBuster-200K-mini/benchmark/real/300b9c69ade2efde3b0521054144a028dce831e2c99ec9472d909aeb4f221c7d.mp4,0,REAL,351.6610851511359
/workspace/data/genbuster-mini/extracted/GenBuster-200K-mini/benchmark/real/2ff065e0a4192f7fed539c91b901bd2fd8a0a484c3b440dc8f28dfba90a17789.mp4,0,REAL,343.69264100678265
/workspace/data/genbuster-mini/extracted/GenBuster-200K-mini/benchmark/real/2fabf6a24c628a2a12fa28e95d4d73bb652775f4a8f48e628f8af9689830fec2.mp4,0,REAL,345.0550858397037
/workspace/data/genbuster-mini/extracted/GenBuster-200K-mini/benchmark/real/2f834c451f59b6b720c8f59d34968155bd4340289e134a5f6f7af726bde72120.mp4,0,REAL,338.31651601940393
/workspace/data/genbuster-mini/extracted/GenBuster-200K-mini/benchmark/real/2f1115c1a468672f18a3ca76fbca5cead3c369445878d70178b83b188ed3b6b9.mp4,1,FAKE,393.36031791754067
/workspace/data/genbuster-mini/extracted/GenBuster-200K-mini/benchmark/real/2eedb0bf5f0e9fedef7336af16d0e498dfb8a095171537d6ed722f45377a896d.mp4,0,REAL,334.8369321320206
/workspace/data/genbuster-mini/extracted/GenBuster-200K-mini/benchmark/real/2e266d5bf0cabc6b6a4e593fbd437e7feb5b0d09a7b6b70f80ef89c999895aeb.mp4,0,REAL,354.4478181283921
/workspace/data/genbuster-mini/extracted/GenBuster-200K-mini/benchmark/real/2e09f08ac78875bf85370094dbab5d92ba63717b80bad14c0299358061de8a8b.mp4,0,REAL,339.69276398420334
/workspace/data/genbuster-mini/extracted/GenBuster-200K-mini/benchmark/real/2e02a60f8b76e60ed8de7a03bd857e28d4d67e78a3fa64939995f6251821fcb0.mp4,1,FAKE,370.29212806373835
/workspace/data/genbuster-mini/extracted/GenBuster-200K-mini/benchmark/real/2d9f5bb60eb7918431ee5cbb03a27d911e1a3c921a772dcddf3b93b91107f122.mp4,0,REAL,357.9484240617603
/workspace/data/genbuster-mini/extracted/GenBuster-200K-mini/benchmark/real/2d23ab8a36d8aa0333ca3272cefb7304be6d23526d2e97e0b736a31a521cd389.mp4,0,REAL,343.42028899118304
/workspace/data/genbuster-mini/extracted/GenBuster-200K-mini/benchmark/real/2cf951576c9b178584dae0a462494232a6b55020173151c9834c6ebb31e2dacc.mp4,0,REAL,349.76408700458705
/workspace/data/genbuster-mini/extracted/GenBuster-200K-mini/benchmark/real/2cc08da7a2044f93d3d8134cb932aea2ab3e49effd481f7a648938da97262661.mp4,0,REAL,378.9692260324955
/workspace/data/genbuster-mini/extracted/GenBuster-200K-mini/benchmark/real/2cbec03f9de2c21b02253c644f76b5aa22905cc992146b8db9e6f06971d47f63.mp4,0,REAL,447.35400285571814
/workspace/data/genbuster-mini/extracted/GenBuster-200K-mini/benchmark/real/2bfcbf702beb88196921fb5124fa5bf04893965f5173343ee16a8fba7ccd21d9.mp4,1,FAKE,373.53347102180123
/workspace/data/genbuster-mini/extracted/GenBuster-200K-mini/benchmark/real/2b525391925c0af683d70cf5e0ce053012e3bdda6a41a106d1e8864697433569.mp4,0,REAL,355.2220310084522
/workspace/data/genbuster-mini/extracted/GenBuster-200K-mini/benchmark/real/2ad8bc99a8e1a41c586498e740c3ce977c47e2f87723beb5234f4504d8a2f465.mp4,0,REAL,347.98402013257146
/workspace/data/genbuster-mini/extracted/GenBuster-200K-mini/benchmark/real/2ac174f21603fb9d2a9bd1034b59b2f8ff6e8a7f49169fcfebefe35956d26b9f.mp4,0,REAL,393.64054799079895
/workspace/data/genbuster-mini/extracted/GenBuster-200K-mini/benchmark/real/2a47048761a7c54f7eb129458ffc15c990dc0a38914b37e82333ec6011d4e494.mp4,1,FAKE,533.9500119443983
/workspace/data/genbuster-mini/extracted/GenBuster-200K-mini/benchmark/real/2a23c4674d4ca03f06cb87df2312e5e209ad39e802d52646d3062897885d2f00.mp4,1,FAKE,600.6220518611372
/workspace/data/genbuster-mini/extracted/GenBuster-200K-mini/benchmark/real/29f1b9d123da2f099f749f1234a4f93c411322a8e1d0b0cad0fe23a594e86d93.mp4,0,REAL,490.5533529818058
/workspace/data/genbuster-mini/extracted/GenBuster-200K-mini/benchmark/real/29e031590120ebc0f4e2a3e32e80705b6d1f5db2e1be55b5607b080894885fdb.mp4,0,REAL,453.99058191105723
/workspace/data/genbuster-mini/extracted/GenBuster-200K-mini/benchmark/real/2998922fa931d52346fa4a093b85354fb9e0fa23920f7f3a2f5d46513e7fb86d.mp4,0,REAL,349.03137502260506
/workspace/data/genbuster-mini/extracted/GenBuster-200K-mini/benchmark/real/2981f0f2653b98a62dae04de9846c018802dcec281a6945a21699f7cc3a271f9.mp4,0,REAL,341.0141300410032
/workspace/data/genbuster-mini/extracted/GenBuster-200K-mini/benchmark/real/295dea2aa46d81adb4b6f78783e915666782e88545d26c6549ba1a08bdf3dd0d.mp4,0,REAL,354.1138169821352
/workspace/data/genbuster-mini/extracted/GenBuster-200K-mini/benchmark/real/28f0b6b5a0532df2b5d0d0e58eb88330c9a5c76c0222d027c4016e7105fdc07d.mp4,0,REAL,329.37205815687776
/workspace/data/genbuster-mini/extracted/GenBuster-200K-mini/benchmark/real/28bd7521da9d767d46a73fd7ee5babc46c306f40caf8e22d7402a703ee8a62bd.mp4,1,FAKE,373.2404999900609
/workspace/data/genbuster-mini/extracted/GenBuster-200K-mini/benchmark/real/286614f1ad946b96a210a88e14af2836c5fe5473bb362badbe457e15abd34f24.mp4,0,REAL,331.99439919553697
/workspace/data/genbuster-mini/extracted/GenBuster-200K-mini/benchmark/real/280656db2a1df1de7e3c8015bdddacd10a0455d1ac31442e9ad34e74fab33a85.mp4,0,REAL,345.8327299449593
/workspace/data/genbuster-mini/extracted/GenBuster-200K-mini/benchmark/real/27de1a0b25be1e8a8533b8c1d145db84bbab44c0b8bed2ba23e87b492d7e95e5.mp4,0,REAL,368.8217499293387
/workspace/data/genbuster-mini/extracted/GenBuster-200K-mini/benchmark/real/278dfb511a5e7cb41e6383377471ff1d9662681d2de28b46de0727952bae4138.mp4,0,REAL,345.62069992534816
/workspace/data/genbuster-mini/extracted/GenBuster-200K-mini/benchmark/real/26fea516cec446446e2d6d8dead54c54908f10fd7f83d821124f3f1ef6411371.mp4,0,REAL,336.44902892410755
/workspace/data/genbuster-mini/extracted/GenBuster-200K-mini/benchmark/real/26faedc4093ca55bf99a87f14c23a93dbd177fe1b97cb8f43ed95f8cf28e569b.mp4,0,REAL,345.7090901210904
/workspace/data/genbuster-mini/extracted/GenBuster-200K-mini/benchmark/real/26db40ffeabc9765fc23500cd824a485a41b3da98d975f46822b4b59e4976e3a.mp4,0,REAL,438.1709040608257
/workspace/data/genbuster-mini/extracted/GenBuster-200K-mini/benchmark/real/26cf354062ffc48fa6f0a99c70bfb7b6c5ec64abfd3516951d7550e48336b682.mp4,0,REAL,430.645840940997
/workspace/data/genbuster-mini/extracted/GenBuster-200K-mini/benchmark/real/26bc7b5dec5f85a351ae82c104d610c8e0402926c562a6e83b1dc0c9bebdf5e3.mp4,0,REAL,360.80087488517165
/workspace/data/genbuster-mini/extracted/GenBuster-200K-mini/benchmark/real/2568e4da2f4c9112ea2f7df7706bd1eef6354961841ff6381e7cdddf349799e1.mp4,0,REAL,359.6340010408312
/workspace/data/genbuster-mini/extracted/GenBuster-200K-mini/benchmark/real/25312c0392aebf74dc6b63ce067b05afeea4aabd05b6f6c78663ebf48f2e4cf9.mp4,0,REAL,402.06944616511464
/workspace/data/genbuster-mini/extracted/GenBuster-200K-mini/benchmark/real/25135e943f0a4380e17938f9cdd6b3b5fbdc7c83849998165a5ac98642dfbbc5.mp4,1,FAKE,375.0834879465401
/workspace/data/genbuster-mini/extracted/GenBuster-200K-mini/benchmark/real/24f51fdc168a9a8385b7c7dc7db068ae16b3e856ab046368e215c27354e605f0.mp4,0,REAL,340.9085380844772
/workspace/data/genbuster-mini/extracted/GenBuster-200K-mini/benchmark/real/24def7c5093a023d44577334278b6550a6736f5463b5b18736ff8489753a74da.mp4,0,REAL,341.0570500418544
/workspace/data/genbuster-mini/extracted/GenBuster-200K-mini/benchmark/real/248152a9c6be230cf2c4ad766536f8c03493f99a515028912e3562899e27b9d3.mp4,0,REAL,349.4433572050184
/workspace/data/genbuster-mini/extracted/GenBuster-200K-mini/benchmark/real/2480676c6639e94c48c6a0315ed38dc28cd21c7029d3d773cf9a3a6233361dc3.mp4,0,REAL,417.2675821464509
/workspace/data/genbuster-mini/extracted/GenBuster-200K-mini/benchmark/real/2442da25c9a04f6a171ef304f5a5ff954fe669a16d4a06250adebd1b8b10e697.mp4,0,REAL,334.90101201459765
/workspace/data/genbuster-mini/extracted/GenBuster-200K-mini/benchmark/real/2405c21cf7206d45d6a39018a357b0be926235925b2e0ba963d97e657b572589.mp4,0,REAL,349.57336680963635
/workspace/data/genbuster-mini/extracted/GenBuster-200K-mini/benchmark/real/238be96373129d74218a0fe67acc3f021f9dd1a237da4cbd2473b3fbc421fd54.mp4,0,REAL,331.8471198435873
/workspace/data/genbuster-mini/extracted/GenBuster-200K-mini/benchmark/real/2385e7069e0dd2088d333f007caadf4c940164733930b6611f8649ab06592684.mp4,0,REAL,368.7902600504458
/workspace/data/genbuster-mini/extracted/GenBuster-200K-mini/benchmark/real/23476f5d1e983374e9654a1fcbea598d252cd0056dfc2ad75d49d3813bba48f9.mp4,0,REAL,344.1249330062419
/workspace/data/genbuster-mini/extracted/GenBuster-200K-mini/benchmark/real/230d39a7325857c3391d0cc8a79532a545e3405b4a1cb30ef71c5f8d6de48678.mp4,0,REAL,346.91377612762153
/workspace/data/genbuster-mini/extracted/GenBuster-200K-mini/benchmark/real/230b95b616870cb1f8d42d22d58e34cde809195c39b8b9c44b888c1ec60ae1e8.mp4,1,FAKE,360.3356929961592
/workspace/data/genbuster-mini/extracted/GenBuster-200K-mini/benchmark/real/22b9d5af32b6a00ffcd5379e2f7f6f1b2970aee834bac8fbbff75196a2d427e7.mp4,0,REAL,331.39316784217954
/workspace/data/genbuster-mini/extracted/GenBuster-200K-mini/benchmark/real/2277b8de314bd165d7c82530c882fba26c3bebf0ab11c5fee4e169ae35f160e3.mp4,0,REAL,330.6503740604967
/workspace/data/genbuster-mini/extracted/GenBuster-200K-mini/benchmark/real/21db1defc751def07f8ae082d1edf8a1c5ba91584d82918d2c02cfd698b6f470.mp4,1,FAKE,366.7496619746089
/workspace/data/genbuster-mini/extracted/GenBuster-200K-mini/benchmark/real/20b5811333b7e89cdc52fb0d0854b9e79fc622103db680e8afe6d5704f7da752.mp4,0,REAL,330.82814514636993
/workspace/data/genbuster-mini/extracted/GenBuster-200K-mini/benchmark/real/204c5225cec80fb7ebce8b9f19755ef93804fa24c49ae1e421eb8daeb4a0b59a.mp4,0,REAL,386.41084684059024
/workspace/data/genbuster-mini/extracted/GenBuster-200K-mini/benchmark/real/20127e75a57d3cc12d0cf2c7ca6c5b4a3c787d40b2eff91913f16ade3f164353.mp4,0,REAL,330.4438029881567
/workspace/data/genbuster-mini/extracted/GenBuster-200K-mini/benchmark/real/2009e5047ad849b283baffd6a0acd016fd4ab613d28bc155bbe5aa3f2f65aef6.mp4,0,REAL,348.5335619188845
/workspace/data/genbuster-mini/extracted/GenBuster-200K-mini/benchmark/real/1fecb773f094458407eb76eb8f71457856016f74e36acb8c7b2935ca1b979c62.mp4,0,REAL,433.49324306473136
/workspace/data/genbuster-mini/extracted/GenBuster-200K-mini/benchmark/real/1f8e17e87bd4333df5be03a00dd43420fd0db7503e9a4e5e5a5ba3299d9d0ba2.mp4,1,FAKE,450.5389870610088
/workspace/data/genbuster-mini/extracted/GenBuster-200K-mini/benchmark/real/1f4fc615d357407c581e2952fccc0a1217582e921846b0b9493637f16fe8b74c.mp4,1,FAKE,391.84991200454533
/workspace/data/genbuster-mini/extracted/GenBuster-200K-mini/benchmark/real/1f2ec56519daa3c88b0498c67bb58688fa54b8eec5f7bdbdd7ddfebf1241305d.mp4,1,FAKE,371.04988982900977
/workspace/data/genbuster-mini/extracted/GenBuster-200K-mini/benchmark/real/1f042e83e6b6d79147a15cf7da3fa3b3b207a65eb21040362532d8bab35a9bfe.mp4,0,REAL,334.3198508955538
/workspace/data/genbuster-mini/extracted/GenBuster-200K-mini/benchmark/real/1ec2e10b0c7f2ab4d5e5eae916e2167f50c03f0dc6b7910d3fc4d174a44509e3.mp4,1,FAKE,373.3511508908123
/workspace/data/genbuster-mini/extracted/GenBuster-200K-mini/benchmark/real/1e5dc9d44e587c7ed3f377f263eaa88185a5c8ac514aee5f28c9238ee7bc3a1f.mp4,1,FAKE,358.86825690977275
/workspace/data/genbuster-mini/extracted/GenBuster-200K-mini/benchmark/real/1e33d1e64f45ea750553a389700d79b7100ad4bb5da0d95ce3c7fda27d086d25.mp4,0,REAL,354.34169811196625
/workspace/data/genbuster-mini/extracted/GenBuster-200K-mini/benchmark/real/1e08162c197161f73aaf932c157b3a0a755392e1e36fb0dcf132b50d55141d37.mp4,1,FAKE,393.29144707880914
/workspace/data/genbuster-mini/extracted/GenBuster-200K-mini/benchmark/real/1df7fd7f91e1a33f64cb235133c09fded06c70c27a1b4b4d14c56e6d92f50488.mp4,0,REAL,364.54239184968174
/workspace/data/genbuster-mini/extracted/GenBuster-200K-mini/benchmark/real/1df1a3deafa06654e9978f8782bf525eadd7c26906bfabcfb0c3ec9de51b5e04.mp4,0,REAL,360.57341401465237
/workspace/data/genbuster-mini/extracted/GenBuster-200K-mini/benchmark/real/1dbf87602bc3146f27fddf4cdbd8cf03dfb3d9c627ecf5704275e99c8f3a8eef.mp4,0,REAL,337.41421392187476
/workspace/data/genbuster-mini/extracted/GenBuster-200K-mini/benchmark/real/1d6bcf5d639ec6140500a8dbf8450c7b3c11ae0298f0353bff4c818c30fbde71.mp4,0,REAL,462.0953779667616
/workspace/data/genbuster-mini/extracted/GenBuster-200K-mini/benchmark/real/1d617baee2eeee8cbfcd7a0221609737683f62aee88f93ca8bacd96d6bc1b569.mp4,1,FAKE,370.27697707526386
/workspace/data/genbuster-mini/extracted/GenBuster-200K-mini/benchmark/real/1d3f8ff5c51d64056772c1103c68a91ab4575d020589d643523adee57fbdaa9f.mp4,1,FAKE,420.91556917876005
/workspace/data/genbuster-mini/extracted/GenBuster-200K-mini/benchmark/real/1d381a9a5ba41e72c9afb7a881817c3ce660743c889b3879a9bf0b4235d5632d.mp4,0,REAL,347.85141004249454
/workspace/data/genbuster-mini/extracted/GenBuster-200K-mini/benchmark/real/1d21ea46a47dfdb163235132cfa3e985e79553fe72a5377b9999ff21a44d7673.mp4,0,REAL,343.12821784988046
/workspace/data/genbuster-mini/extracted/GenBuster-200K-mini/benchmark/real/1d01d54716cfe6e5f0264c0f8a1d830dfaea498cf92bfd51caabf8e51d0188ad.mp4,0,REAL,352.71891113370657
/workspace/data/genbuster-mini/extracted/GenBuster-200K-mini/benchmark/real/1c45241d747416971b19af83afb45c35efe6acb69fa496de6c28778a74442afa.mp4,0,REAL,338.9320301357657
/workspace/data/genbuster-mini/extracted/GenBuster-200K-mini/benchmark/real/1bd5699fa7c6fff9e9fe23def4f9508db6fab32af7449add0622dc339b5a9d8e.mp4,0,REAL,348.97083486430347
/workspace/data/genbuster-mini/extracted/GenBuster-200K-mini/benchmark/real/1bc796a7531611bae9f23b0bc54a0842d1f13da602b9d23c43d0da161e317091.mp4,1,FAKE,380.0504698883742
/workspace/data/genbuster-mini/extracted/GenBuster-200K-mini/benchmark/real/1ba3455e6155469d53cffb9813417a4df471d04567f07c5f8b198dd66cd235fd.mp4,0,REAL,363.67464903742075
/workspace/data/genbuster-mini/extracted/GenBuster-200K-mini/benchmark/real/1b965a3f6eecbd38dd6f2dec599dbd8fed809579faf48a1294b84c80181c5f9a.mp4,0,REAL,355.87463388219476
/workspace/data/genbuster-mini/extracted/GenBuster-200K-mini/benchmark/real/1b52068e13aa4bcbe80d662e94f52a6f2615f40e95c08455dbe0cf683d050fd4.mp4,1,FAKE,381.81678811088204
/workspace/data/genbuster-mini/extracted/GenBuster-200K-mini/benchmark/real/1b16f7e9e6491e6e5ec0830c91b43e26f1eed9fa9818aa9c5bd07e8b8a2530eb.mp4,0,REAL,424.4317850098014
/workspace/data/genbuster-mini/extracted/GenBuster-200K-mini/benchmark/real/1ae58a9ad48c2606500d55e731f33f7a1fdabfbe2a191a2af106f0d98e741803.mp4,1,FAKE,371.40312185510993
/workspace/data/genbuster-mini/extracted/GenBuster-200K-mini/benchmark/real/1ab7f258a38a69c1100252ff99cb2aaca176e6f37668df1e82c50a06648b5fdf.mp4,0,REAL,346.41960193403065
/workspace/data/genbuster-mini/extracted/GenBuster-200K-mini/benchmark/real/1ab14c3d51056275e1497292fa01344f12d2370ddb1c89e7a66af135cf6328e3.mp4,0,REAL,430.05496822297573
/workspace/data/genbuster-mini/extracted/GenBuster-200K-mini/benchmark/real/1a7cd3e40931a49587225c59b3680eab51f5b0c3a56f5603b30ac0977f2b76b9.mp4,0,REAL,350.0586790032685
/workspace/data/genbuster-mini/extracted/GenBuster-200K-mini/benchmark/real/1a375d5b24a45bf6b75f64bfb72d89c2c5eb2f2f6ff561a71ffc295cbbfa26cb.mp4,0,REAL,333.6923068854958
/workspace/data/genbuster-mini/extracted/GenBuster-200K-mini/benchmark/real/1a3379fd4003802823700f3558a4762720b06e3b6d5cf20c9fe912d3a4455e72.mp4,0,REAL,351.2528941500932
/workspace/data/genbuster-mini/extracted/GenBuster-200K-mini/benchmark/real/197b76cb62c07cfd158a3a21fd76ee36d1bbb68055e5b3d1c514f8613e584695.mp4,0,REAL,335.22389410063624
/workspace/data/genbuster-mini/extracted/GenBuster-200K-mini/benchmark/real/196a85c97d9c576a1ce459c8d17a98037521c9864d0dc4425b8a7ab8b23a29ff.mp4,0,REAL,346.3440230116248
/workspace/data/genbuster-mini/extracted/GenBuster-200K-mini/benchmark/real/1960811f561a88f71e6cba03c329267f2135cae3702751db2aadf84e4278bf4a.mp4,0,REAL,333.3217459730804
/workspace/data/genbuster-mini/extracted/GenBuster-200K-mini/benchmark/real/195b50860376e61d376a29da3f0c2a9d95ff48479dac55c1ce7de298e63afd78.mp4,0,REAL,355.0358598586172
/workspace/data/genbuster-mini/extracted/GenBuster-200K-mini/benchmark/real/18d45273dc4d38feb779b1d22e3a9886e66070ddc7da758e48afdfb08b6d3774.mp4,1,FAKE,434.4068670179695
/workspace/data/genbuster-mini/extracted/GenBuster-200K-mini/benchmark/real/18c143150103d26df0a440fd468239db6d83be2d0fa3725480640c2045b20f25.mp4,1,FAKE,460.31184983439744
/workspace/data/genbuster-mini/extracted/GenBuster-200K-mini/benchmark/real/18acf5ad9f559413bcb20a1223a0d1b18ce2a1dc362cba9b2c1afe67e53e7716.mp4,1,FAKE,414.1392291057855
/workspace/data/genbuster-mini/extracted/GenBuster-200K-mini/benchmark/real/189ee23e7ba46a89fd789cca0c2d0bc9df279fb7e01df741904e83c2ce6eb403.mp4,0,REAL,356.0144549701363
/workspace/data/genbuster-mini/extracted/GenBuster-200K-mini/benchmark/real/177f113a18f9530067972b62275b329e9a69106426ca0facf11af978944ffae6.mp4,0,REAL,340.0291649159044
/workspace/data/genbuster-mini/extracted/GenBuster-200K-mini/benchmark/real/174c72990ea687fb77f144f3d11630b8bdbf9a92b32a8902ed99ef9eadf3f561.mp4,0,REAL,347.8096588514745
/workspace/data/genbuster-mini/extracted/GenBuster-200K-mini/benchmark/real/172f722689f368cc340693188596d5df19b51497be0369caf6770a1707179767.mp4,0,REAL,336.28373802639544
/workspace/data/genbuster-mini/extracted/GenBuster-200K-mini/benchmark/real/1721292af967906a9f1887875c948baaa9f1b7cf39b75b8ccfa5a902cacf0fce.mp4,1,FAKE,377.4499490391463
/workspace/data/genbuster-mini/extracted/GenBuster-200K-mini/benchmark/real/16f3263af3f2d56f06e00067cc8bbb27dde1e6204f6bdb1ec9922945d86ec056.mp4,0,REAL,356.40644608065486
/workspace/data/genbuster-mini/extracted/GenBuster-200K-mini/benchmark/real/16dd45554867c064e355ca45411567f5c30256de91c1a8a551fd9defa993207b.mp4,0,REAL,354.0982259437442
/workspace/data/genbuster-mini/extracted/GenBuster-200K-mini/benchmark/real/16c04c6d5d04b149193d2044a03abbf6a701cf068c3304b0c91b54d1de9a1319.mp4,1,FAKE,387.06058100797236
/workspace/data/genbuster-mini/extracted/GenBuster-200K-mini/benchmark/real/16bf994a524e24cf8724889a40c16434ba991f96de96138175f0906d16c91c5f.mp4,1,FAKE,463.87794706970453
/workspace/data/genbuster-mini/extracted/GenBuster-200K-mini/benchmark/real/165c2f9be2787ac19d42e547f69be41aedf7f08493f7708b0c01ee4c7737d7e5.mp4,0,REAL,346.7642941977829
/workspace/data/genbuster-mini/extracted/GenBuster-200K-mini/benchmark/real/1648edeff7e6bd52a30ebc04801736b251a2d78f757470ccd079d1f90bee0dec.mp4,0,REAL,351.23663395643234
/workspace/data/genbuster-mini/extracted/GenBuster-200K-mini/benchmark/real/15b95828d14d91aada8cfe3d05f3b4f7fa2a505b0fdeef0ea4ceebe81eee3363.mp4,1,FAKE,414.1340891364962
/workspace/data/genbuster-mini/extracted/GenBuster-200K-mini/benchmark/real/153b50cdd26e935178e2056317838b8c7a7b622924d7f00bdbef54231b2b46f4.mp4,0,REAL,359.93730113841593
/workspace/data/genbuster-mini/extracted/GenBuster-200K-mini/benchmark/real/152e6d0501d7cf87d5aa4cc0cc52ccad5f417a613aba073b335dc18c2c0f6d3b.mp4,1,FAKE,367.48661496676505
/workspace/data/genbuster-mini/extracted/GenBuster-200K-mini/benchmark/real/150873edc39391dc14d6032a2a9e9f348c4926c82d5cb59f2ccae45b741c1216.mp4,0,REAL,346.69233299791813
/workspace/data/genbuster-mini/extracted/GenBuster-200K-mini/benchmark/real/14c284b39fff4c91cedeebc9b3532e0f6d0157b7e26fc88b7bb5dcb2b74e468e.mp4,1,FAKE,363.68352896533906
/workspace/data/genbuster-mini/extracted/GenBuster-200K-mini/benchmark/real/140630293acc72e996f8f82ee12b422aa032fafe5c24422db500583821e5a0eb.mp4,0,REAL,355.295741930604
/workspace/data/genbuster-mini/extracted/GenBuster-200K-mini/benchmark/real/13796dc33a67cfb52878d0d09eecd206f7030d4bb82845a3c3fcb683d6cafde2.mp4,1,FAKE,371.73753418028355
/workspace/data/genbuster-mini/extracted/GenBuster-200K-mini/benchmark/real/13700e98ed944ee3ce93658678ef027fd093e1c887a5b602ebad8b4f9b2bdd2f.mp4,1,FAKE,383.2567741628736
/workspace/data/genbuster-mini/extracted/GenBuster-200K-mini/benchmark/real/131e01ce1a3d1fc92afdcd2c738135bb8bc5bc9bad7897019766ce5480d94c71.mp4,1,FAKE,374.64689486660063
/workspace/data/genbuster-mini/extracted/GenBuster-200K-mini/benchmark/real/12f1dc4089b9de8b7d0cecee194e682d5fb3ec01cf60b8777ad3a1893027af0c.mp4,1,FAKE,405.3365499712527
/workspace/data/genbuster-mini/extracted/GenBuster-200K-mini/benchmark/real/12b7a19b245b78552cfb94b9821152eae720b21add9b994104463b902e6d3153.mp4,0,REAL,354.26904703490436
/workspace/data/genbuster-mini/extracted/GenBuster-200K-mini/benchmark/real/1285a2a926af5e6a7227bc3c57b1b57dd9cad6e0b4be57be9ddea6abd6c856c5.mp4,0,REAL,337.95399591326714
/workspace/data/genbuster-mini/extracted/GenBuster-200K-mini/benchmark/real/11d1fac4c86742fc86cf2e0c935495b3b30a7550b67c13c93561cb12aed3bfad.mp4,1,FAKE,368.05884703062475
/workspace/data/genbuster-mini/extracted/GenBuster-200K-mini/benchmark/real/11abea281015082cffda6a99a3d0c3f4ffd5a43c845d33fa86ee75a5ee4721cd.mp4,0,REAL,354.81010004878044
/workspace/data/genbuster-mini/extracted/GenBuster-200K-mini/benchmark/real/1189d52f62e895207c9c00b504e6c396f78a5096ef7ad7d35a3476a8feaeede5.mp4,0,REAL,384.83309000730515
/workspace/data/genbuster-mini/extracted/GenBuster-200K-mini/benchmark/real/11742daa8c829171124d67f312ec54e514098abde0cb9d0ce6a3e1faf1afc93e.mp4,1,FAKE,397.5174059160054
/workspace/data/genbuster-mini/extracted/GenBuster-200K-mini/benchmark/real/11670a7f7a64823ae1e23eb2a32024c74108a6200a0311ec6c38cc68e25d067d.mp4,0,REAL,351.88709618523717
/workspace/data/genbuster-mini/extracted/GenBuster-200K-mini/benchmark/real/1135c6789213b9cd105c8a49b05b1d53c95d3c56b197bfc564293cb0cb2bc897.mp4,1,FAKE,368.1507180444896
/workspace/data/genbuster-mini/extracted/GenBuster-200K-mini/benchmark/real/11078b538f44f3967b23443cd6fd3df429a1f8d01cab5d5f4aac9ccb5d79733e.mp4,0,REAL,353.650274919346
/workspace/data/genbuster-mini/extracted/GenBuster-200K-mini/benchmark/real/10f63874c8d6068dc9d45a349d9df3f408e9438f0ea49ea1f2ad1a1e81554b18.mp4,0,REAL,356.1841151677072
/workspace/data/genbuster-mini/extracted/GenBuster-200K-mini/benchmark/real/10efbfefb5b687e1d362e951121ce45779abc3d27e7cb9eb8457f54bbbc9a571.mp4,0,REAL,360.655324999243
/workspace/data/genbuster-mini/extracted/GenBuster-200K-mini/benchmark/real/10c1aedf7574aa61d4f315e09eb11c4499230da9b778248524e91a0cdfa9ed98.mp4,0,REAL,398.55462103150785
/workspace/data/genbuster-mini/extracted/GenBuster-200K-mini/benchmark/real/10b677f0103405510fc7ee6c017fb8fea18c09c1c72f22b314ad29edb75776d3.mp4,1,FAKE,383.91658617183566
/workspace/data/genbuster-mini/extracted/GenBuster-200K-mini/benchmark/real/10748479bfc7ac5f946b65a2b54f9378c2b452a1b13e5b571192834c5c089197.mp4,0,REAL,357.0430390536785
/workspace/data/genbuster-mini/extracted/GenBuster-200K-mini/benchmark/real/1022db21e3be49e84541d4ecd8c4217d58495eac316155ccbad2ab8c2878d523.mp4,0,REAL,343.1281680241227
/workspace/data/genbuster-mini/extracted/GenBuster-200K-mini/benchmark/real/0fea02ffaec1f6bb7a17aa3ea871438e71a09acbdcef093d097418c1a1384fce.mp4,1,FAKE,386.536817997694
/workspace/data/genbuster-mini/extracted/GenBuster-200K-mini/benchmark/real/0fc37536f6812dad044edefac07d650bf92b5a0fb78c131b7ada7eb81c8debdb.mp4,0,REAL,424.7562359087169
/workspace/data/genbuster-mini/extracted/GenBuster-200K-mini/benchmark/real/0fb23966065611dec149730e0a751a9bf2c36fadb1a0cab2567608ae4ebb3f19.mp4,0,REAL,431.386694079265
/workspace/data/genbuster-mini/extracted/GenBuster-200K-mini/benchmark/real/0f636392f9d346b18f57055a8a997faf29e58ebb49e0e95b3bf066c65aa866a5.mp4,1,FAKE,381.027874071151
/workspace/data/genbuster-mini/extracted/GenBuster-200K-mini/benchmark/real/0f4836d3d073f1081a2b3a8af98386ac2c60c71be7a46eaec27bf01eeb51632a.mp4,0,REAL,342.7069371100515
/workspace/data/genbuster-mini/extracted/GenBuster-200K-mini/benchmark/real/0f32900c364124ec156ea21fda0efa1aee41ee298a070423003787d9a184be58.mp4,0,REAL,353.7155450321734
/workspace/data/genbuster-mini/extracted/GenBuster-200K-mini/benchmark/real/0f2d226250581998f6cbaf19efecdaee3a408948edf4e9efd568c93074867d97.mp4,1,FAKE,384.4275278970599
/workspace/data/genbuster-mini/extracted/GenBuster-200K-mini/benchmark/real/0eddce535d055e02ffd8256322645998957850a5105de19dea2e448a3a514170.mp4,1,FAKE,374.11342398263514
/workspace/data/genbuster-mini/extracted/GenBuster-200K-mini/benchmark/real/0ebfe50ad1349566b3dce4d144b280292fba3597e9b9a12d55d9a302b46142a4.mp4,0,REAL,353.6170332226902
/workspace/data/genbuster-mini/extracted/GenBuster-200K-mini/benchmark/real/0e3ca0e4c5efafbba7baf17f5b677ac8b6d24cc53edd7538b43d6b2b338c451b.mp4,0,REAL,345.4354479908943
/workspace/data/genbuster-mini/extracted/GenBuster-200K-mini/benchmark/real/0e31c8908fcde25f09d8558888f1944fe08d17c2f76136003bca0697aa4ea768.mp4,1,FAKE,412.2263710014522
/workspace/data/genbuster-mini/extracted/GenBuster-200K-mini/benchmark/real/0e2cd349b36dc1ad510649f8c32cacba4dfd72e92af6c680ccad0e9acdab9aea.mp4,0,REAL,377.2657769732177
/workspace/data/genbuster-mini/extracted/GenBuster-200K-mini/benchmark/real/0d7de720e5ac112f7bf883e9dc98eae16baeacf20b959efa3681bdbf79d4b50b.mp4,0,REAL,351.894207065925
/workspace/data/genbuster-mini/extracted/GenBuster-200K-mini/benchmark/real/0d136b731937a39ed208b509754433ca8ad981377d997aaa7e75cf9609c1b9f2.mp4,1,FAKE,431.77245603874326
/workspace/data/genbuster-mini/extracted/GenBuster-200K-mini/benchmark/real/0ca925e74f4e1a4f0fc8be22d71e8bf46ad351abe2ba8c9489f8b9fdac323afc.mp4,0,REAL,357.62943094596267
/workspace/data/genbuster-mini/extracted/GenBuster-200K-mini/benchmark/real/0ca6e242b11fa310de030162a901f4a5be468fa642ed5711d53cb008d1768080.mp4,1,FAKE,373.1573789846152
/workspace/data/genbuster-mini/extracted/GenBuster-200K-mini/benchmark/real/0c05de9a3758bd1c2cce0058ebcd3e0ffef3dc8a91582919d7af7d6a376a851f.mp4,0,REAL,352.9400508850813
/workspace/data/genbuster-mini/extracted/GenBuster-200K-mini/benchmark/real/0bddbec5d82923ac69d4dfe6c8853f6048174682eb4fac3e54745461c8d36652.mp4,1,FAKE,373.3441811054945
/workspace/data/genbuster-mini/extracted/GenBuster-200K-mini/benchmark/real/0bdc3aabdc9f8d6ea9eac15222f15ece0605f14d861d7447da74ed3470bfc56d.mp4,1,FAKE,377.8636800125241
/workspace/data/genbuster-mini/extracted/GenBuster-200K-mini/benchmark/real/0bd1e058c5dc322993582f524838aff39735e770fcc4fe68b6f325cf8cbec474.mp4,1,FAKE,451.03021897375584
/workspace/data/genbuster-mini/extracted/GenBuster-200K-mini/benchmark/real/0b8ceac63be1eb77d4358c2bb2be6b71826c1c603f933f4c52e2820e6c84a03c.mp4,0,REAL,584.9005039781332
/workspace/data/genbuster-mini/extracted/GenBuster-200K-mini/benchmark/real/0b785024b6f97debabace7941415f1145c76f798ceefe6a9db39fe319a46d190.mp4,0,REAL,341.38255985453725
/workspace/data/genbuster-mini/extracted/GenBuster-200K-mini/benchmark/real/0b65ba4e433f25a72e98ed73e96565b6673151230dd5aae9e98791ad04f7bdd2.mp4,0,REAL,336.8623110000044
/workspace/data/genbuster-mini/extracted/GenBuster-200K-mini/benchmark/real/0afd78490a319caa7d5d39f86f1851e6fecc0168476813e1bc65e5266418de01.mp4,0,REAL,347.9647689964622
/workspace/data/genbuster-mini/extracted/GenBuster-200K-mini/benchmark/real/0a99652d4aa264da7fa5d972bf9f46c397194d379dd47100f495c8f5a057f5f6.mp4,0,REAL,342.60534681379795
/workspace/data/genbuster-mini/extracted/GenBuster-200K-mini/benchmark/real/0a866f31f3df7a36d584fc415a87d8978f2f622189ebb60e4a07edf79b6e8ff0.mp4,1,FAKE,429.4231850653887
/workspace/data/genbuster-mini/extracted/GenBuster-200K-mini/benchmark/real/0a2ff71fc61f7a48f87c012af5cb7e1725e9e745ae83f49213f1db169fe1dbcc.mp4,0,REAL,347.9530599433929
/workspace/data/genbuster-mini/extracted/GenBuster-200K-mini/benchmark/real/09e0f11435f8f2cf933ee1401f054d037d4c8ed6c0d59927f417ee8f2dc8c6b8.mp4,0,REAL,349.28531595505774
/workspace/data/genbuster-mini/extracted/GenBuster-200K-mini/benchmark/real/09aea19c14c0652e93d00e53b762194b9b4ef10b8ad76038089afe3c30ed5f06.mp4,0,REAL,336.6804509423673
/workspace/data/genbuster-mini/extracted/GenBuster-200K-mini/benchmark/real/096c7c540fc0d25e93e461116a3323c2279470fd3ef2d22bc1c9fb3c6410c342.mp4,0,REAL,383.6464751511812
/workspace/data/genbuster-mini/extracted/GenBuster-200K-mini/benchmark/real/089bf28fcdba45a36d1523b9cff542a41d29fb51e46397b565baed411c29e407.mp4,1,FAKE,459.80277797207236
/workspace/data/genbuster-mini/extracted/GenBuster-200K-mini/benchmark/real/085edcbe2e2553236f0faa3644ecc37a8545eb8bf2e09bade90fe7e7a76745f8.mp4,0,REAL,408.7631148286164
/workspace/data/genbuster-mini/extracted/GenBuster-200K-mini/benchmark/real/085e17e421507fe75c9f6d69c128bf48e7820be1e90613409ba87d4ed9b20195.mp4,0,REAL,368.9507010858506
/workspace/data/genbuster-mini/extracted/GenBuster-200K-mini/benchmark/real/08323f7ee0faf6de12f12833441b30d3cf6e02a1b746a727fcb607aa71c217dc.mp4,0,REAL,344.9049759656191
/workspace/data/genbuster-mini/extracted/GenBuster-200K-mini/benchmark/real/08248467e99087b6ac08fbc1ee0eb9b677e3427a6959a10d70951deee11f6114.mp4,1,FAKE,401.59779391251504
/workspace/data/genbuster-mini/extracted/GenBuster-200K-mini/benchmark/real/08217c4402cb5fb0519e7f0894f65d4f850d694a553a5525ae462c374d7d3c4b.mp4,0,REAL,390.43512381613255
/workspace/data/genbuster-mini/extracted/GenBuster-200K-mini/benchmark/real/08206e5c46f2a21c9c52b11f6b6acb87839a6490b712304a6b6da3af1ebad051.mp4,0,REAL,358.75736689195037
/workspace/data/genbuster-mini/extracted/GenBuster-200K-mini/benchmark/real/07ae26c4807d4b9f1876bee31c76b9d7e196245d6268588827a5ed5ef4364583.mp4,0,REAL,339.93507409468293
/workspace/data/genbuster-mini/extracted/GenBuster-200K-mini/benchmark/real/076a8fa1a7df84d802bf50b27ed2780fd845819fdae4722ad30e35a91744997d.mp4,0,REAL,342.40493504330516
/workspace/data/genbuster-mini/extracted/GenBuster-200K-mini/benchmark/real/0709fdba97938dddc09ac2d0bb094f19e44a0297e94e20979942b2191dca1f04.mp4,0,REAL,339.3829318229109
/workspace/data/genbuster-mini/extracted/GenBuster-200K-mini/benchmark/real/06eb0b1ec20a46607900691fc9a2294f1edeb75e2285bdc6fd022f11be3818b5.mp4,0,REAL,341.3394899107516
/workspace/data/genbuster-mini/extracted/GenBuster-200K-mini/benchmark/real/06e6f7dd25a45bcfb1fa61b3cf050ae41bdcc71341db45e0e1a07dfa663e4792.mp4,0,REAL,343.6719700694084
/workspace/data/genbuster-mini/extracted/GenBuster-200K-mini/benchmark/real/06897613134be72863fd15f53c9293d95fd3537b699272d627150bec646edc6d.mp4,0,REAL,340.9604199696332
/workspace/data/genbuster-mini/extracted/GenBuster-200K-mini/benchmark/real/06775684481e427303fad0b09736ac854f77cbe50c55a91ab09cd03a46349345.mp4,0,REAL,340.7925688661635
/workspace/data/genbuster-mini/extracted/GenBuster-200K-mini/benchmark/real/06426d4bfe5a08d1b1eb5fe9fc20bedbb259ce48f44fe81af63e146ef3cd3c6b.mp4,0,REAL,342.661997070536
/workspace/data/genbuster-mini/extracted/GenBuster-200K-mini/benchmark/real/05b7139cabb16f25c796d969af5a07a522c5aa0d0fe3d2afb9dd7e134849db04.mp4,1,FAKE,368.6430000234395
/workspace/data/genbuster-mini/extracted/GenBuster-200K-mini/benchmark/real/05ae099511cce8f14f6fc82bb8ac11deaa9c13719c4ce6e83d2297977578258f.mp4,0,REAL,336.2984179984778
/workspace/data/genbuster-mini/extracted/GenBuster-200K-mini/benchmark/real/05a513a6c8f45a2393e7635d4909df8dfd2287c5cdfd0d26cca332a1100843c5.mp4,0,REAL,364.6079720929265
/workspace/data/genbuster-mini/extracted/GenBuster-200K-mini/benchmark/real/05294e43123ae02691c8ed5888fd651c1ed9ae1087c1e94659902cd7ff368611.mp4,0,REAL,393.2664569001645
/workspace/data/genbuster-mini/extracted/GenBuster-200K-mini/benchmark/real/04de1edbe2b408208af645b2eb3003a90d0b6ada34bff5e2db1b27190a260bc3.mp4,0,REAL,331.97305887006223
/workspace/data/genbuster-mini/extracted/GenBuster-200K-mini/benchmark/real/048d04181aff29a8ff74a49c0305a2b78f13b60ee9308498df9ecb19e9c53229.mp4,0,REAL,351.97635693475604
/workspace/data/genbuster-mini/extracted/GenBuster-200K-mini/benchmark/real/047c74306469628c4baf1f25a86564e3f6e362cfcc56223ca8e7ee272b5fa0f2.mp4,0,REAL,332.56908180192113
/workspace/data/genbuster-mini/extracted/GenBuster-200K-mini/benchmark/real/044519fcad01fe14bec50d60dccd96af3c18ce6ed0b6d0a51b2359604d595f13.mp4,1,FAKE,360.27131299488246
/workspace/data/genbuster-mini/extracted/GenBuster-200K-mini/benchmark/real/04313a2457055b2af264fdcb4b0a5cea77c98594f827896113b6717514bdbaef.mp4,0,REAL,350.22633988410234
/workspace/data/genbuster-mini/extracted/GenBuster-200K-mini/benchmark/real/042f671593b1defb57e4c5de5c2daaf89e66b3445634da8e62e6a23b14b9130d.mp4,0,REAL,356.4563160762191
/workspace/data/genbuster-mini/extracted/GenBuster-200K-mini/benchmark/real/03ed8b9bfcd7fd58ef2632345b4f1cfb1bf61413f82794dd8f0becccb781cbbf.mp4,0,REAL,336.78636979311705
/workspace/data/genbuster-mini/extracted/GenBuster-200K-mini/benchmark/real/039ee49819c7a45dcc2f9f2e75862c3fc7d432e668a8c102f8ae2f1a8d5c0557.mp4,0,REAL,338.1382969673723
/workspace/data/genbuster-mini/extracted/GenBuster-200K-mini/benchmark/real/0383ebf9db4b3c3343bdbb3c783e49e365c6ff9cceb8fbe0ede912f3cd68f858.mp4,1,FAKE,369.3786021322012
/workspace/data/genbuster-mini/extracted/GenBuster-200K-mini/benchmark/real/037df8db36c37ab2d479248a6960e6e12b9fd2a0b7bdf6f7525f4dcbc12de460.mp4,0,REAL,347.0397461205721
/workspace/data/genbuster-mini/extracted/GenBuster-200K-mini/benchmark/real/0363f60aac06815532b84768fe035e0fa202ec796336b1ff1c135a5226bd6e6f.mp4,0,REAL,335.3787949308753
/workspace/data/genbuster-mini/extracted/GenBuster-200K-mini/benchmark/real/033b67efc911855a1d845821a107d9324abac093c2e01effe9b0a74ecac1015c.mp4,0,REAL,344.90260505117476
/workspace/data/genbuster-mini/extracted/GenBuster-200K-mini/benchmark/real/0339ed8439b7f17b8cc1b9e8206e851433b688c2a3c00bdc23df75f5985ec692.mp4,0,REAL,420.8642980083823
/workspace/data/genbuster-mini/extracted/GenBuster-200K-mini/benchmark/real/0307194a1cda0d49aa2e821dee4d6ff85d33dbb7c7c26a312e29d61660e6ba09.mp4,0,REAL,336.65627008304
/workspace/data/genbuster-mini/extracted/GenBuster-200K-mini/benchmark/real/02a833c519ac25544fa7491beabc8ef8ca70fe9b154b5c34e5ba5f464f675cef.mp4,1,FAKE,369.8527649976313
/workspace/data/genbuster-mini/extracted/GenBuster-200K-mini/benchmark/real/01fbbdee65c525b486e5d729aac442dc458a897fa1651c9124acbd7a1d96c32e.mp4,0,REAL,352.9371409676969
/workspace/data/genbuster-mini/extracted/GenBuster-200K-mini/benchmark/real/01f09eba69285ee16b8497202fca6d4a66d58dc9e4131348248b7bb117898ced.mp4,0,REAL,359.6680008340627
/workspace/data/genbuster-mini/extracted/GenBuster-200K-mini/benchmark/fake/wanx/fadc0e07da7d1c95fd0dd935a1e6347a56680e0bcd3e7a2974f6f8072900d702.mp4,1,FAKE,370.84207916632295
/workspace/data/genbuster-mini/extracted/GenBuster-200K-mini/benchmark/fake/wanx/f870e0bd4e1a9dcee0849fd32faf69f17dfb2630fa1d406e9d9037b6b267922e.mp4,1,FAKE,396.8028330709785
/workspace/data/genbuster-mini/extracted/GenBuster-200K-mini/benchmark/fake/wanx/f7b9b3bf891018b849980e20ec4b335c63f3965ca11877b5ab335268c142fcd1.mp4,1,FAKE,387.6787431072444
/workspace/data/genbuster-mini/extracted/GenBuster-200K-mini/benchmark/fake/wanx/f6061b75b25fff5fd66faa63125619a10de423efa98c038b9e55febacd4dc96f.mp4,0,REAL,360.36267410963774
/workspace/data/genbuster-mini/extracted/GenBuster-200K-mini/benchmark/fake/wanx/f5df91963f4c8678588b6175f26c6ffeeeffd7a5d010473af8fd1c678328ad34.mp4,1,FAKE,371.52110203169286
/workspace/data/genbuster-mini/extracted/GenBuster-200K-mini/benchmark/fake/wanx/f524f01c7534359984ad936f3989c711bae21e50fc542a6f5c573a57f9d1caf6.mp4,0,REAL,339.1531009692699
/workspace/data/genbuster-mini/extracted/GenBuster-200K-mini/benchmark/fake/wanx/f50e8395098d723017010c91a5c28fd5b82e6a3771d33a852bf9320af176fe10.mp4,1,FAKE,376.64874503389
/workspace/data/genbuster-mini/extracted/GenBuster-200K-mini/benchmark/fake/wanx/f4caa2321b2049bb0e6d97211b4ed5b711f87b29c16625c62fd0aada561c0e34.mp4,0,REAL,340.7915581483394
/workspace/data/genbuster-mini/extracted/GenBuster-200K-mini/benchmark/fake/wanx/f4ca4c9670e2ca09aacb6e63b98325862a8ef6583d3c58cdac56b5fa37c812a6.mp4,1,FAKE,376.9584158435464
/workspace/data/genbuster-mini/extracted/GenBuster-200K-mini/benchmark/fake/wanx/f42115c1e0fc1b1f79d069fa2ae07a98fd7c735bfbc1025e91a41270fd9a7762.mp4,1,FAKE,432.0856770500541
/workspace/data/genbuster-mini/extracted/GenBuster-200K-mini/benchmark/fake/wanx/f15f7724441302c269ad6520eabc48fd447615741248a61ad47b866356c3f453.mp4,1,FAKE,378.8821049965918
/workspace/data/genbuster-mini/extracted/GenBuster-200K-mini/benchmark/fake/wanx/f06ee99835b3fa54a2d1fc7ee247e53fbbac3d7fe1522fb5e67b3fa100158aae.mp4,0,REAL,359.27255800925195
/workspace/data/genbuster-mini/extracted/GenBuster-200K-mini/benchmark/fake/wanx/efd417b259474ce3e9f7eb5323a0583dc6d5778bbed556225a11de9ab0b584e5.mp4,1,FAKE,364.56509097479284
/workspace/data/genbuster-mini/extracted/GenBuster-200K-mini/benchmark/fake/wanx/ef169de022f06a4ad2182bfd5a96e56fb1649952674b21d0ad6d0dfecd90f65d.mp4,0,REAL,341.3188010454178
/workspace/data/genbuster-mini/extracted/GenBuster-200K-mini/benchmark/fake/wanx/eea27911022b607337574dc0aa20b199a35aae7714d4e54542bd8bbbd867d7ed.mp4,1,FAKE,367.6746948622167
/workspace/data/genbuster-mini/extracted/GenBuster-200K-mini/benchmark/fake/wanx/ee32135f0786a6011b30c7fca23180c152514b419fb0e2e064cdfc2b47b997b1.mp4,1,FAKE,363.2888251449913
/workspace/data/genbuster-mini/extracted/GenBuster-200K-mini/benchmark/fake/wanx/ecaeece0bfab44f0cb025edc6b0dde9a2174ee7c0d6edf225e7ce8f1401c19fe.mp4,0,REAL,337.6495651900768
/workspace/data/genbuster-mini/extracted/GenBuster-200K-mini/benchmark/fake/wanx/eab692b963840c17900463bab52ccdabc06010a96a9d3b83fbbe35a20207bc31.mp4,0,REAL,408.9524259325117
/workspace/data/genbuster-mini/extracted/GenBuster-200K-mini/benchmark/fake/wanx/e9e3e3e6d84605d15bad29486a7ffc251b69aceeb4865a95cc9dd94124497a3c.mp4,1,FAKE,361.59218894317746
/workspace/data/genbuster-mini/extracted/GenBuster-200K-mini/benchmark/fake/wanx/e7eb414b8242fb69b2503b019957b80184f09d17893153f86d316082cb21acd8.mp4,0,REAL,348.25837099924684
/workspace/data/genbuster-mini/extracted/GenBuster-200K-mini/benchmark/fake/wanx/e6a19558b188223038405a9cbba9e7b98447ac59bda432f4a3ec965c44fa1a0c.mp4,1,FAKE,366.109699010849
/workspace/data/genbuster-mini/extracted/GenBuster-200K-mini/benchmark/fake/wanx/e5a21eb81ada4ebea846c363c3ebc08af76f5e58536d840eeb6ab1daa2a9d31c.mp4,1,FAKE,373.15509910695255
/workspace/data/genbuster-mini/extracted/GenBuster-200K-mini/benchmark/fake/wanx/e3e262b1e0626936f3fc2326423244e86e641a4a6ae0b31c00ce6c4c8032aef1.mp4,0,REAL,348.81328302435577
/workspace/data/genbuster-mini/extracted/GenBuster-200K-mini/benchmark/fake/wanx/e13bdf686b7ff8d3b0589d3e7549b821fcb89a46f6f92377d232c129c6157d59.mp4,0,REAL,338.68279913440347
/workspace/data/genbuster-mini/extracted/GenBuster-200K-mini/benchmark/fake/wanx/e0ad9bffac51815fdb7022bd4ff161e853ceb5b0449a12ec17a3900330d6f2c8.mp4,1,FAKE,543.4838028158993
/workspace/data/genbuster-mini/extracted/GenBuster-200K-mini/benchmark/fake/wanx/dfada9ccac4728100205547e08bd3ea6b0149899f5bfc7cf22a0bacef907558f.mp4,0,REAL,340.2283461764455
/workspace/data/genbuster-mini/extracted/GenBuster-200K-mini/benchmark/fake/wanx/de2ce91b97dd7da66b03fc9d3af6dea1d81f83f81ae0a6bd8a78de25ee6c4aea.mp4,1,FAKE,428.83188207633793
/workspace/data/genbuster-mini/extracted/GenBuster-200K-mini/benchmark/fake/wanx/d4464dda555a865cb165f745d095e56dd8b4e377f5a9638c2a1923e8881feab4.mp4,0,REAL,403.90880312770605
/workspace/data/genbuster-mini/extracted/GenBuster-200K-mini/benchmark/fake/wanx/d401aa05a0f45584374914f19b56d6857ca92b00d2bb80dec50ce1c23fea8051.mp4,1,FAKE,379.02889610268176
/workspace/data/genbuster-mini/extracted/GenBuster-200K-mini/benchmark/fake/wanx/d1e9cac9f1cf6cdc498ea7f01a27309dccc3ca0bc0114ed3d6f788c9e4b9acaf.mp4,1,FAKE,376.18954200297594
/workspace/data/genbuster-mini/extracted/GenBuster-200K-mini/benchmark/fake/wanx/cf09d119bcf717bf53db80c7603ebda2e99fb6593e419db1fe06b881077838df.mp4,1,FAKE,361.59443901851773
/workspace/data/genbuster-mini/extracted/GenBuster-200K-mini/benchmark/fake/wanx/cc925e9d2002da9a37abb24edb581e49813cd552ce8d0cd3bdc0cc88f3bba032.mp4,0,REAL,339.01965990662575
/workspace/data/genbuster-mini/extracted/GenBuster-200K-mini/benchmark/fake/wanx/cbfa3468242fb9ae09ccda17362f1d4c9576e3282fa05fac7d1f4188a8606031.mp4,1,FAKE,413.17126411013305
/workspace/data/genbuster-mini/extracted/GenBuster-200K-mini/benchmark/fake/wanx/cbae1c0cfc55ce8c0ec0c02ff93bf32f6f0af06ea0fb92730f716e0c78e70c71.mp4,1,FAKE,428.6733621265739
/workspace/data/genbuster-mini/extracted/GenBuster-200K-mini/benchmark/fake/wanx/cb6c9beaef0cb0ea9b60a6ed79950cf760341aef044608a12d6b712df3271f32.mp4,0,REAL,338.02197594195604
/workspace/data/genbuster-mini/extracted/GenBuster-200K-mini/benchmark/fake/wanx/cb0d09623cfdf0fcba2e32c0ae9b362e40f446b3513ced7555029d68d3e16b20.mp4,0,REAL,339.04300001449883
/workspace/data/genbuster-mini/extracted/GenBuster-200K-mini/benchmark/fake/wanx/ca6a4fa8090dda8d41dc5699ccb0a1f5eb733ab52be6311f25def0931065eeed.mp4,1,FAKE,376.72748509794474
/workspace/data/genbuster-mini/extracted/GenBuster-200K-mini/benchmark/fake/wanx/c80193a5ba077dd35005281f6365ab9260d6d9a652ff25c55bfa88839c0ed4b4.mp4,0,REAL,342.3472649883479
/workspace/data/genbuster-mini/extracted/GenBuster-200K-mini/benchmark/fake/wanx/c71046bff9251b91b06222bc7fee8080a366e0e8947e55786a61ff5543d3a486.mp4,0,REAL,338.9652199111879
/workspace/data/genbuster-mini/extracted/GenBuster-200K-mini/benchmark/fake/wanx/c707de13d1d608834f802ab3a17d56e7570845a8a6f1b14f978df4b4e36b6df7.mp4,1,FAKE,377.8621810488403
/workspace/data/genbuster-mini/extracted/GenBuster-200K-mini/benchmark/fake/wanx/c480ca1732e84c21232286b902d81ab00b2753d180d314199852c2a4ae0f549e.mp4,0,REAL,358.7533470708877
/workspace/data/genbuster-mini/extracted/GenBuster-200K-mini/benchmark/fake/wanx/c451d6937c66abb0847b8c120e32b7c8432ec6def8f3fa27e812f14522e541ba.mp4,1,FAKE,365.28314487077296
/workspace/data/genbuster-mini/extracted/GenBuster-200K-mini/benchmark/fake/wanx/c27f76b8bfe03df4bfab14b895c217f9e0859fd99e6f900baad413a12fa51266.mp4,1,FAKE,355.78194400295615
/workspace/data/genbuster-mini/extracted/GenBuster-200K-mini/benchmark/fake/wanx/c17b4c12ae16e528d43269132f1c4e38620e84f0db21d04996c0bce2b409d730.mp4,1,FAKE,372.41178611293435
/workspace/data/genbuster-mini/extracted/GenBuster-200K-mini/benchmark/fake/wanx/bcc1d21af8fd254e328fa2e15194800f29a00db2d4dbfc483c1b14c7b67bbf92.mp4,1,FAKE,378.423711983487
/workspace/data/genbuster-mini/extracted/GenBuster-200K-mini/benchmark/fake/wanx/bc3e5927be756bc484aa2c6e3dac80681abdf3c1a5b9262f775c0deee6926b70.mp4,1,FAKE,403.98909291252494
/workspace/data/genbuster-mini/extracted/GenBuster-200K-mini/benchmark/fake/wanx/ba99c0ed62cfa2381a840a21d30b11ca5616b806cf314cd838f94b566bd90ce7.mp4,1,FAKE,360.7786549255252
/workspace/data/genbuster-mini/extracted/GenBuster-200K-mini/benchmark/fake/wanx/b91d4d689bdf8ececf539cdea7706a8f5c588ccf310c6c15cc27977a10000b50.mp4,1,FAKE,360.1805919315666
/workspace/data/genbuster-mini/extracted/GenBuster-200K-mini/benchmark/fake/wanx/b257ed7def777871fa9fb778c1f2cf3c51d16ac161859f6aab5afeeb5dc8469e.mp4,0,REAL,336.8791718967259
/workspace/data/genbuster-mini/extracted/GenBuster-200K-mini/benchmark/fake/wanx/b120115069aa82df4de047f1fc854ea7aa5db43345bd31409580c952c530c0b3.mp4,1,FAKE,358.6242659948766
/workspace/data/genbuster-mini/extracted/GenBuster-200K-mini/benchmark/fake/wanx/ab2b61ab1eb9ae56f5d40ede37841e0345d15bb6b08ae76e40993411ceefbd2b.mp4,1,FAKE,363.3848868776113
/workspace/data/genbuster-mini/extracted/GenBuster-200K-mini/benchmark/fake/wanx/a40aaf26e51ab5ea7d520f46284293ce598bb0e9c6e35261d5aad0c7e127b94f.mp4,1,FAKE,375.4386189393699
/workspace/data/genbuster-mini/extracted/GenBuster-200K-mini/benchmark/fake/wanx/a32101f2f7cfa6e0917ee53dc3f2a4699457fb9d3bb18cddd8c971412f2f4622.mp4,1,FAKE,360.1846620440483
/workspace/data/genbuster-mini/extracted/GenBuster-200K-mini/benchmark/fake/wanx/9cf293c4b82db61600d4a42667343c3c1900a155f8247fb7c9ff015d5c9e8181.mp4,1,FAKE,367.8962760604918
/workspace/data/genbuster-mini/extracted/GenBuster-200K-mini/benchmark/fake/wanx/9ad8bad650e46c137d1e61e4edc647f868a90e57c21c17bcc478733daf1dd508.mp4,1,FAKE,416.289177024737
/workspace/data/genbuster-mini/extracted/GenBuster-200K-mini/benchmark/fake/wanx/96f668cb71392434c4511d19d7e162092bcdf4029a65dfef59d8e9d3cf1686d5.mp4,1,FAKE,357.13750100694597
/workspace/data/genbuster-mini/extracted/GenBuster-200K-mini/benchmark/fake/wanx/959755320c3ee2d634be45518702e738ab91694aedf0f69b091258eefafe48a8.mp4,1,FAKE,363.6915781535208
/workspace/data/genbuster-mini/extracted/GenBuster-200K-mini/benchmark/fake/wanx/95245a190a93483e2cee6cc0fdb246393d9560a1c7ded7686f36ad00bd0438de.mp4,0,REAL,350.4402900580317
/workspace/data/genbuster-mini/extracted/GenBuster-200K-mini/benchmark/fake/wanx/94fda1df9089f2b2319408944f4c85d079c8443e432b7398a3353e364617a1c5.mp4,1,FAKE,355.8122341055423
/workspace/data/genbuster-mini/extracted/GenBuster-200K-mini/benchmark/fake/wanx/9392779ccd445cf2ff5017e811344e9bdf9f5d873ed3abc49dc446da307f08a3.mp4,0,REAL,368.22531814686954
/workspace/data/genbuster-mini/extracted/GenBuster-200K-mini/benchmark/fake/wanx/927bf824360b9efaf2c6d70e9620cf9ecbf4488e0436208da531081d41f5dc97.mp4,0,REAL,345.891630044207
/workspace/data/genbuster-mini/extracted/GenBuster-200K-mini/benchmark/fake/wanx/91fd922fa722fd69d57f639190e2dddea45f0c74a22068f356f877183a257c5c.mp4,0,REAL,335.5476160068065
/workspace/data/genbuster-mini/extracted/GenBuster-200K-mini/benchmark/fake/wanx/8fa25a7182f88785be1fc260b71ba08a5aee483bf55eff25ab92f629cea58e18.mp4,1,FAKE,356.6343968268484
/workspace/data/genbuster-mini/extracted/GenBuster-200K-mini/benchmark/fake/wanx/8c06f99cec48d915c1619d7d09f540ea472e172523150eafdf4efd5ac259a95d.mp4,1,FAKE,367.65192495658994
/workspace/data/genbuster-mini/extracted/GenBuster-200K-mini/benchmark/fake/wanx/8bf9c1963ea39372b6fbf6a69bde93f40f70cf0dc2c400904869fd70a2982557.mp4,1,FAKE,356.61906795576215
/workspace/data/genbuster-mini/extracted/GenBuster-200K-mini/benchmark/fake/wanx/8b239a98c53ac610305c52d567ee47e1fb45f2ace770c9ebcb8521b56a530ffb.mp4,0,REAL,422.2509239334613
/workspace/data/genbuster-mini/extracted/GenBuster-200K-mini/benchmark/fake/wanx/894cfc86f8d6f8fbc520323115cdec065952ecc4bfaa96e9b04b8f20181e69d9.mp4,0,REAL,336.2739181611687
/workspace/data/genbuster-mini/extracted/GenBuster-200K-mini/benchmark/fake/wanx/850ccab13d18679608e33fbe22114a3f718fb1c429c2896d461a74dbecc97d99.mp4,1,FAKE,366.2341998424381
/workspace/data/genbuster-mini/extracted/GenBuster-200K-mini/benchmark/fake/wanx/83b86b1ceff2cb444c3513ba75ff0ea8410acaf41207588be7ac6fdccc602616.mp4,0,REAL,344.1042019985616
/workspace/data/genbuster-mini/extracted/GenBuster-200K-mini/benchmark/fake/wanx/80f5dd938085265e3c637896d3777408e8035f74ae5d6a77d04856241dc2a85f.mp4,1,FAKE,379.72921784967184
/workspace/data/genbuster-mini/extracted/GenBuster-200K-mini/benchmark/fake/wanx/809e18fb75daaab0f05e41cfda735e71a8a9d5b9948a5b6201a40be9452c0c1b.mp4,0,REAL,341.2792501039803
/workspace/data/genbuster-mini/extracted/GenBuster-200K-mini/benchmark/fake/wanx/800f0170c2cc2ee171de6ced8e872f3f2dc8e452d2dc69a608f3504ae29f4696.mp4,1,FAKE,371.0511908866465
/workspace/data/genbuster-mini/extracted/GenBuster-200K-mini/benchmark/fake/wanx/7f9f77aedc5a02ce61ef8c0d367511e0ec4eddd978af6f944aabb37546eeea49.mp4,1,FAKE,381.98928884230554
/workspace/data/genbuster-mini/extracted/GenBuster-200K-mini/benchmark/fake/wanx/79bc1c80b43b61bfe57c04a4b37a4cf9db79f2bca12bf44237322198cbf11250.mp4,0,REAL,333.309035981074
/workspace/data/genbuster-mini/extracted/GenBuster-200K-mini/benchmark/fake/wanx/78c4d0088e78d1bc1735822d74a32bd4651b49d3a568297e26e14a8546ea6a61.mp4,0,REAL,343.7321111559868
/workspace/data/genbuster-mini/extracted/GenBuster-200K-mini/benchmark/fake/wanx/7822e4a914d6bfa8aee5f11e2a3df892cf89700e8fd47a4c5b57429811dce93c.mp4,0,REAL,355.43133202008903
/workspace/data/genbuster-mini/extracted/GenBuster-200K-mini/benchmark/fake/wanx/776b51789eaf3469e49f0d4a338158b2da8d79d0e33756f5dd6844d4d47b0cb0.mp4,1,FAKE,358.5065761581063
/workspace/data/genbuster-mini/extracted/GenBuster-200K-mini/benchmark/fake/wanx/7730ed6d23c436d1b3bb28f72d1e8efcc1d6390035601f45fceebd1545a95c81.mp4,0,REAL,353.3540419302881
/workspace/data/genbuster-mini/extracted/GenBuster-200K-mini/benchmark/fake/wanx/763c6533e03e745d0bd6dbde16834be6479fcd3572e840f9da7f290b13542c05.mp4,1,FAKE,459.1145250014961
/workspace/data/genbuster-mini/extracted/GenBuster-200K-mini/benchmark/fake/wanx/75be03e7e84116b55d8ecd21f0dd9e39a2fda0b2e750a6d87e636b963b249c6e.mp4,0,REAL,330.47111285850406
/workspace/data/genbuster-mini/extracted/GenBuster-200K-mini/benchmark/fake/wanx/7275cc4570c8349a0ac09a0fb74d5a8c1e18ed76c5a1d5bfa8d863591b635889.mp4,1,FAKE,355.11264111846685
/workspace/data/genbuster-mini/extracted/GenBuster-200K-mini/benchmark/fake/wanx/7104882f39570dfd5257a4f223d448feac9b9d08e3663912c43b506ae7b5d167.mp4,1,FAKE,368.7108908779919
/workspace/data/genbuster-mini/extracted/GenBuster-200K-mini/benchmark/fake/wanx/704bfbbe26588d20a86417a969d23127543bbe9b23c7cce0ae7afd1bedfa0bdb.mp4,1,FAKE,356.6634370945394
/workspace/data/genbuster-mini/extracted/GenBuster-200K-mini/benchmark/fake/wanx/6fb28f3482ed82b7b7e53102a681d31bd0e2bd84f737afd1170c48c517f7af84.mp4,1,FAKE,356.2157149426639
/workspace/data/genbuster-mini/extracted/GenBuster-200K-mini/benchmark/fake/wanx/6cd3dba2317bbce4c97a8e1a21c27cdfc119562d1b4ce1d22e9b317094cb9888.mp4,1,FAKE,440.5226530507207
/workspace/data/genbuster-mini/extracted/GenBuster-200K-mini/benchmark/fake/wanx/685ebc7d39e8b2783d383937b2c39857b202f5203a33870ac2202433d4e5c9e9.mp4,1,FAKE,369.49055292643607
/workspace/data/genbuster-mini/extracted/GenBuster-200K-mini/benchmark/fake/wanx/67c4a5419d82688164b96b863c8c7a8400feefd0cb28bcdf04a1b30470cfc8c5.mp4,1,FAKE,356.8230690434575
/workspace/data/genbuster-mini/extracted/GenBuster-200K-mini/benchmark/fake/wanx/65f92bb7d07431e4bd6c337e63b6dd7f1460910fbcb95d64d3baa8c20b1d5148.mp4,0,REAL,392.5687139853835
/workspace/data/genbuster-mini/extracted/GenBuster-200K-mini/benchmark/fake/wanx/5fb743f9bf347d7ff4f9b78a71b60d67e6ee69423dcdad70429eec6f264df712.mp4,1,FAKE,411.460547009483
/workspace/data/genbuster-mini/extracted/GenBuster-200K-mini/benchmark/fake/wanx/5e87a694aa5e7f1fb8ae17509255b07d2c09b50c708c49ca3965b3ffce656f38.mp4,1,FAKE,359.76991103962064
/workspace/data/genbuster-mini/extracted/GenBuster-200K-mini/benchmark/fake/wanx/5e3e1d92b85b7ca9c39a92b77bddc1a202fa80272feccc8297dd588dd83600c4.mp4,1,FAKE,358.8175470940769
/workspace/data/genbuster-mini/extracted/GenBuster-200K-mini/benchmark/fake/wanx/5d9832af28acb81256936b06322784853f50746b5059c9501fcac142271595d6.mp4,0,REAL,342.2954340931028
/workspace/data/genbuster-mini/extracted/GenBuster-200K-mini/benchmark/fake/wanx/5cb7175b7fcbe97ccde328eb5ac9ca70a72f4612d838c7370214be26d97df883.mp4,1,FAKE,356.77610780112445
/workspace/data/genbuster-mini/extracted/GenBuster-200K-mini/benchmark/fake/wanx/5c3378d4591da10687e308114bcd209de0816202e24bbaea62db7e868abc4a85.mp4,1,FAKE,371.3372331112623
/workspace/data/genbuster-mini/extracted/GenBuster-200K-mini/benchmark/fake/wanx/5c0ddf6c204b22d84f0de36c53c96b663cc7f8c8402f8fec31e53b9e60cf0c61.mp4,1,FAKE,362.29361197911203
/workspace/data/genbuster-mini/extracted/GenBuster-200K-mini/benchmark/fake/wanx/5b276f71545541ee7cffe99c5654706a62e460271ad1653246275609646928b6.mp4,0,REAL,344.4000440649688
/workspace/data/genbuster-mini/extracted/GenBuster-200K-mini/benchmark/fake/wanx/5a79f334d8917bf619daba7b9524437d34bbbb58c9892bc8586b074f2f27f9fa.mp4,1,FAKE,360.85974611341953
/workspace/data/genbuster-mini/extracted/GenBuster-200K-mini/benchmark/fake/wanx/5a228ac837d4dbe7772f85ba7bb3b3b1c58215ea9f6924250ce861faf163f5f8.mp4,1,FAKE,435.7979439664632
/workspace/data/genbuster-mini/extracted/GenBuster-200K-mini/benchmark/fake/wanx/586098a8246a2f46f3a8719495b028e6e8581077c9d18e540e79d3642a97189c.mp4,0,REAL,334.52303102239966
/workspace/data/genbuster-mini/extracted/GenBuster-200K-mini/benchmark/fake/wanx/57c7949aa9cbda1755654004cc78420332a0cb5029215eab4d02c50cbf3a03be.mp4,1,FAKE,370.8625100553036
/workspace/data/genbuster-mini/extracted/GenBuster-200K-mini/benchmark/fake/wanx/5778af223a3160d1e578423738d2bfe066a160aed6842abe200c988a97038287.mp4,1,FAKE,354.31656683795154
/workspace/data/genbuster-mini/extracted/GenBuster-200K-mini/benchmark/fake/wanx/5774510484deda117ec272980e0f64d16adaeddcd1a326c0cf38e730bda3d582.mp4,0,REAL,372.17334494926035
/workspace/data/genbuster-mini/extracted/GenBuster-200K-mini/benchmark/fake/wanx/556a26459fbac79fb385eb01a9937797cf8e5d5432551e6b67db8a322704d371.mp4,0,REAL,332.3246219661087
/workspace/data/genbuster-mini/extracted/GenBuster-200K-mini/benchmark/fake/wanx/551f65bf8674f71f82cb82f2ef67100c052f6fffcaf9993e0141c1aceb8e0038.mp4,1,FAKE,372.3640360403806
/workspace/data/genbuster-mini/extracted/GenBuster-200K-mini/benchmark/fake/wanx/4f1d27a3139054e19e9e17044752a102067e15d7d08c626fea1334638dd4ccdd.mp4,1,FAKE,356.6293769981712
/workspace/data/genbuster-mini/extracted/GenBuster-200K-mini/benchmark/fake/wanx/4ee1ded7a87732f19f3c3a7df23c38d0b9077feacec82b54217d5ae6c94c84d3.mp4,1,FAKE,396.5302621945739
/workspace/data/genbuster-mini/extracted/GenBuster-200K-mini/benchmark/fake/wanx/48acc468fb99e72c88dd2cf489c9f66b9323b6f1e218b476a0d604ee8cb0e27f.mp4,0,REAL,351.25417402014136
/workspace/data/genbuster-mini/extracted/GenBuster-200K-mini/benchmark/fake/wanx/48877755d1a2958ff004120adbe0f9fa47cb825ed6120571b86e9829c748c899.mp4,1,FAKE,410.16391082666814
/workspace/data/genbuster-mini/extracted/GenBuster-200K-mini/benchmark/fake/wanx/4867b73c33bc9ce17da602bdbdaabbdffe2b1fd44d5f20c818c8f846c158ac62.mp4,0,REAL,445.91529620811343
/workspace/data/genbuster-mini/extracted/GenBuster-200K-mini/benchmark/fake/wanx/4392b3313eed3427cb8ff3b5d831d27fefacc7735845bb69a5595d9486504c1e.mp4,1,FAKE,445.90416783466935
/workspace/data/genbuster-mini/extracted/GenBuster-200K-mini/benchmark/fake/wanx/43289940508644e01da41688c63ba2f8215aab65692262ea1d66f031b8db86d4.mp4,0,REAL,430.70073099806905
/workspace/data/genbuster-mini/extracted/GenBuster-200K-mini/benchmark/fake/wanx/423b6d387db6ac76458218c9ff1aaf68f9d7a8c283293cd9c702d12a41c8a1d3.mp4,1,FAKE,370.5153069458902
/workspace/data/genbuster-mini/extracted/GenBuster-200K-mini/benchmark/fake/wanx/3bb6c64cc9b97263d18a9cdc6a01e519a905eef96514f0d04b7753b5dc08d68c.mp4,1,FAKE,355.1859019789845
/workspace/data/genbuster-mini/extracted/GenBuster-200K-mini/benchmark/fake/wanx/39ac5e202da3e24051e3c0a4e6d4a3ffdca06d58a0f70c05ffcb9f876004a20a.mp4,0,REAL,332.19891996122897
/workspace/data/genbuster-mini/extracted/GenBuster-200K-mini/benchmark/fake/wanx/397852a19bc5a757aaeb83a9a83174fff29ffe432d1421d07b75a7d6f3687736.mp4,1,FAKE,398.5246398951858
/workspace/data/genbuster-mini/extracted/GenBuster-200K-mini/benchmark/fake/wanx/38c32072812e77e2929198b549589af885f36963e5a6bbabf63621061a608976.mp4,1,FAKE,445.0743328779936
/workspace/data/genbuster-mini/extracted/GenBuster-200K-mini/benchmark/fake/wanx/36cff24ee7db697de639597f7c4f89dfcfde7b7141848356eb07be7868409e0b.mp4,0,REAL,344.74447509273887
/workspace/data/genbuster-mini/extracted/GenBuster-200K-mini/benchmark/fake/wanx/3258700ab99ddf654a44639cdbe90392196032f5d63da451744506fd8c5dfa2b.mp4,1,FAKE,384.04810708016157
/workspace/data/genbuster-mini/extracted/GenBuster-200K-mini/benchmark/fake/wanx/324a4af18425a113a87fe3fb139573145d92987b631543e7900f7ddfcf8e65a7.mp4,1,FAKE,359.277558978647
/workspace/data/genbuster-mini/extracted/GenBuster-200K-mini/benchmark/fake/wanx/3247cb7813e3acba232445200167e161f7f28295cc98a3bbfe344c156f72d609.mp4,0,REAL,399.4922339916229
/workspace/data/genbuster-mini/extracted/GenBuster-200K-mini/benchmark/fake/wanx/313939889b8bd27edbec18dc077dad37f5eb12c873b1803722b0162a508c0612.mp4,0,REAL,342.7788170520216
/workspace/data/genbuster-mini/extracted/GenBuster-200K-mini/benchmark/fake/wanx/302b22f819f65d6577f87116e7ddea427fcbd3ef041ef981a41b83c64debe63e.mp4,1,FAKE,374.68923605047166
/workspace/data/genbuster-mini/extracted/GenBuster-200K-mini/benchmark/fake/wanx/2ef15dbc61b5573fdf4eb9f5707f48346048ec91c29ef796cf46b5bd6e7bae38.mp4,1,FAKE,361.40248901210725
/workspace/data/genbuster-mini/extracted/GenBuster-200K-mini/benchmark/fake/wanx/2b9f67f14e73a788430baee1a00555dbf24190f70332b74350323efad2e47cc4.mp4,0,REAL,338.82809011265635
/workspace/data/genbuster-mini/extracted/GenBuster-200K-mini/benchmark/fake/wanx/2b7733ab910264af16770f558c91fcf2d107b76c9066668d79473987926972b4.mp4,1,FAKE,409.5056881196797
/workspace/data/genbuster-mini/extracted/GenBuster-200K-mini/benchmark/fake/wanx/29cf2ef7c758650c4dba896138c23f4b3c276ecba0af9e5f2825f974826c4ff1.mp4,1,FAKE,360.2716529276222
/workspace/data/genbuster-mini/extracted/GenBuster-200K-mini/benchmark/fake/wanx/29cea89efd778ffaded3acf67618972b54f1997338788f03bce44357294baae3.mp4,1,FAKE,400.41236905381083
/workspace/data/genbuster-mini/extracted/GenBuster-200K-mini/benchmark/fake/wanx/29b02d4decb09260963f94b7cd9d302caa974ae6b3a27606e912980458b03e34.mp4,1,FAKE,434.3246759381145
/workspace/data/genbuster-mini/extracted/GenBuster-200K-mini/benchmark/fake/wanx/2682efbb75708e1226f7c32d402e82d69f669edc57bdfffe87e01060b0482f09.mp4,1,FAKE,358.82029705680907
/workspace/data/genbuster-mini/extracted/GenBuster-200K-mini/benchmark/fake/wanx/22ed9eba0e75a174a5fbbb27d2590fc0ba93cea130f5b48106cc769242b08e08.mp4,1,FAKE,377.0108059979975
/workspace/data/genbuster-mini/extracted/GenBuster-200K-mini/benchmark/fake/wanx/2292598507c9cb98de96d25c962aa2a18bd2735ea02cbd4fbec2a2b88ea0ffa4.mp4,0,REAL,332.3887020815164
/workspace/data/genbuster-mini/extracted/GenBuster-200K-mini/benchmark/fake/wanx/21ea88df124bb3f68f31170751fe993def7877114967c7086a063bf51de1639b.mp4,1,FAKE,356.95721907541156
/workspace/data/genbuster-mini/extracted/GenBuster-200K-mini/benchmark/fake/wanx/200cd6d7876a6826e60464bfc8133f9cefff38c3400f0fde33a0b208e313088b.mp4,0,REAL,341.6953419800848
/workspace/data/genbuster-mini/extracted/GenBuster-200K-mini/benchmark/fake/wanx/19ff832cc4478b6fcae443642f44987c4ed6682b4b3abd3ff41513ba77fbae29.mp4,1,FAKE,367.5275139976293
/workspace/data/genbuster-mini/extracted/GenBuster-200K-mini/benchmark/fake/wanx/190f543d31a3fd1450727085d4f24c563a600c6527729121e61549b2d92048c5.mp4,1,FAKE,368.08618693612516
/workspace/data/genbuster-mini/extracted/GenBuster-200K-mini/benchmark/fake/wanx/17828f9b485d2172bc80808a3dbc894b79c083e43d4d2d1b9cddd6f3df83fe73.mp4,1,FAKE,409.8227899521589
/workspace/data/genbuster-mini/extracted/GenBuster-200K-mini/benchmark/fake/wanx/164de5e0552624cdda1671fed80b22a35fd5d21e0ae294aaedc44e0c5c293699.mp4,0,REAL,408.53299386799335
/workspace/data/genbuster-mini/extracted/GenBuster-200K-mini/benchmark/fake/wanx/154f2d35c4eac50d636be2ad091c11a87b034cef8c1e98c6868ccc392dc0fdfa.mp4,1,FAKE,358.5880568716675
/workspace/data/genbuster-mini/extracted/GenBuster-200K-mini/benchmark/fake/wanx/154903614bbbd53c1fc80d4017b0eb9f4c1e09dde034d08dbe46e60ed4d8ce8f.mp4,1,FAKE,356.40407586470246
/workspace/data/genbuster-mini/extracted/GenBuster-200K-mini/benchmark/fake/wanx/11a6795c013ce65e6a8b5c789bb3826285c6a7aec981f40135b7fb4747989185.mp4,1,FAKE,374.8100760858506
/workspace/data/genbuster-mini/extracted/GenBuster-200K-mini/benchmark/fake/wanx/115d4c912f2a8628b273d4def28ca3002b29349e56c928114805845ab4c0d2f8.mp4,1,FAKE,360.5792550370097
/workspace/data/genbuster-mini/extracted/GenBuster-200K-mini/benchmark/fake/wanx/1071116f75950607e03e037c1084c6b8287847fe79bb4d279ae5f125c464d96c.mp4,1,FAKE,407.84073201939464
/workspace/data/genbuster-mini/extracted/GenBuster-200K-mini/benchmark/fake/wanx/0df1c67a1f9957b83296d4f651269ab22686cc2af56db0cb47363b247ead2ecb.mp4,0,REAL,410.73164413683116
/workspace/data/genbuster-mini/extracted/GenBuster-200K-mini/benchmark/fake/wanx/09313dfdc8f644a5a1ee2567c7a5ae789bec4f5658e69f48438e4ef5fc7f0848.mp4,1,FAKE,378.1822710298002
/workspace/data/genbuster-mini/extracted/GenBuster-200K-mini/benchmark/fake/wanx/08e0b506dd1b6561ef0f957641bad65a7282f324dedd63a0533193bbb1ea8d3c.mp4,0,REAL,334.1866498813033
/workspace/data/genbuster-mini/extracted/GenBuster-200K-mini/benchmark/fake/wanx/06ee3ffc7b97f2e7835870d3f98efe7379e9ba3a1043bde8420c3cca2ae5d920.mp4,1,FAKE,373.2392501551658
/workspace/data/genbuster-mini/extracted/GenBuster-200K-mini/benchmark/fake/wanx/06695de08d80927057020947f92ce9e3f1e36a1874b4d3efd5208f65e05d1e11.mp4,1,FAKE,416.09783796593547
/workspace/data/genbuster-mini/extracted/GenBuster-200K-mini/benchmark/fake/wanx/050213285684b773ffe7f4148220f154556c81b2941dc89347e67633a8b9e825.mp4,1,FAKE,491.20254488661885
/workspace/data/genbuster-mini/extracted/GenBuster-200K-mini/benchmark/fake/wanx/04e88998cad24253fd42ba61f8f76d517c59621b8e09ed50955f453d70bd3340.mp4,1,FAKE,357.00353886932135
/workspace/data/genbuster-mini/extracted/GenBuster-200K-mini/benchmark/fake/wanx/03802cae3aae4d795d462f80ea15bd09bbaedd9704a610e8811d8a8750b19535.mp4,1,FAKE,358.2643650006503
/workspace/data/genbuster-mini/extracted/GenBuster-200K-mini/benchmark/fake/vidu/ffd1731f5ebdee43b90379395e26eaa7bbdad953dc11f2e45280984ea33d11b3.mp4,0,REAL,333.0338438972831
/workspace/data/genbuster-mini/extracted/GenBuster-200K-mini/benchmark/fake/vidu/fbb04897cf7749f060f018f4458830b0605abe1ab3fb88da3b690b4b19870349.mp4,1,FAKE,381.0067130252719
/workspace/data/genbuster-mini/extracted/GenBuster-200K-mini/benchmark/fake/vidu/fb5ac50dc32d43bdd7a4feb55b86c46c46839be64fcb2d4621849fb73fd0aa2d.mp4,1,FAKE,374.2540830280632
/workspace/data/genbuster-mini/extracted/GenBuster-200K-mini/benchmark/fake/vidu/fb35cc5516fb0e26ab347c3c67864cf5c3da3d651781bd44f0ba28c3a0b08acc.mp4,0,REAL,349.7653470840305
/workspace/data/genbuster-mini/extracted/GenBuster-200K-mini/benchmark/fake/vidu/fa99bbd55687acd7e63a4138cf4e08fa59a8680a5c414d96f6ea8c40da71dae5.mp4,0,REAL,332.1449300274253
/workspace/data/genbuster-mini/extracted/GenBuster-200K-mini/benchmark/fake/vidu/f8c05f46b554d98ef8c6c86343dc60882af69fbfd6ea4109b1a7976606e41e27.mp4,1,FAKE,383.93846713006496
/workspace/data/genbuster-mini/extracted/GenBuster-200K-mini/benchmark/fake/vidu/f8b5e11e791b162a8d167380a78294e4869da397297481cc3895045970592af1.mp4,0,REAL,362.77343379333615
/workspace/data/genbuster-mini/extracted/GenBuster-200K-mini/benchmark/fake/vidu/f7f1e3f6a1db9ff4382f59df6270ceca2759029d861c770ed3158b96b1314d23.mp4,0,REAL,357.30412998236716
/workspace/data/genbuster-mini/extracted/GenBuster-200K-mini/benchmark/fake/vidu/f27ecdb5d37f988bd873d24ce2cf283187c0ac13a66dc55b331d8d4a0af308f6.mp4,1,FAKE,362.07168200053275
/workspace/data/genbuster-mini/extracted/GenBuster-200K-mini/benchmark/fake/vidu/eb7ab44b766c1ec337453b8167b6c66e48a5e3d73bbf18135e8c4147050c236d.mp4,0,REAL,342.65934699214995
/workspace/data/genbuster-mini/extracted/GenBuster-200K-mini/benchmark/fake/vidu/e911eb2695265d5b649a346d246ec0dd330fa5c337110700b1669bb2241aaffe.mp4,1,FAKE,416.7572611477226
/workspace/data/genbuster-mini/extracted/GenBuster-200K-mini/benchmark/fake/vidu/e2559f15d1e54a4a3f96ebb64eb1497c69e96c0bc38dc57ee4c863b1b60bc3fd.mp4,1,FAKE,457.5287871994078
/workspace/data/genbuster-mini/extracted/GenBuster-200K-mini/benchmark/fake/vidu/de52d676990908387fadbf7f981fc5f9c5d2d50a39dd1196031ef12493c3fe48.mp4,0,REAL,333.28974596224725
/workspace/data/genbuster-mini/extracted/GenBuster-200K-mini/benchmark/fake/vidu/dde19af241b7b56ff03b4f032938cae5b4d3203e5b7039263bf23dd1e792c673.mp4,0,REAL,409.4821580220014
/workspace/data/genbuster-mini/extracted/GenBuster-200K-mini/benchmark/fake/vidu/d99d845d9bc29c055dfb8e34846006371808244075faee0b17fb995a8714e3b7.mp4,0,REAL,362.006900832057
/workspace/data/genbuster-mini/extracted/GenBuster-200K-mini/benchmark/fake/vidu/d8c83392ce8f59a85a9cc326b6c40a3c43ec6322a52ea2e5fe7ed7243991e56b.mp4,1,FAKE,369.1782921086997
/workspace/data/genbuster-mini/extracted/GenBuster-200K-mini/benchmark/fake/vidu/d7a7e59e933a6a34e4f40588f7111b8703f373bf863f981c1723ad52058f782e.mp4,1,FAKE,412.2331109829247
/workspace/data/genbuster-mini/extracted/GenBuster-200K-mini/benchmark/fake/vidu/d781de3f0a6f992554114612dfc564af84e63486547a125e0fc96429b9ab29c1.mp4,1,FAKE,400.46406793408096
/workspace/data/genbuster-mini/extracted/GenBuster-200K-mini/benchmark/fake/vidu/d5b9f8f7e5c56d01b1ac2a2f863040f770b1a6065a5a911f7c2e491fa39cc210.mp4,1,FAKE,371.6246630065143
/workspace/data/genbuster-mini/extracted/GenBuster-200K-mini/benchmark/fake/vidu/d1faf4107fd672fe123c439cf5e0fa0efb29257dd0d1671aac0d4496cc478bd2.mp4,0,REAL,348.28136092983186
/workspace/data/genbuster-mini/extracted/GenBuster-200K-mini/benchmark/fake/vidu/cf4947906005c8a5b2787ac1fadffd6a212d453e94d25cbd7dac5b0435e95f2c.mp4,1,FAKE,359.00561697781086
/workspace/data/genbuster-mini/extracted/GenBuster-200K-mini/benchmark/fake/vidu/cdacb01e2591a6d14f6e5fcf8a5b4456b78797f4f95237dd25d10e3f91654419.mp4,1,FAKE,379.2726560495794
/workspace/data/genbuster-mini/extracted/GenBuster-200K-mini/benchmark/fake/vidu/cdaae2650982c251ef29471d89c25cad2a3772067c62a2428978dfba5e1ba1d7.mp4,0,REAL,383.12323205173016
/workspace/data/genbuster-mini/extracted/GenBuster-200K-mini/benchmark/fake/vidu/ccf3e06de4b918259fd42ed540e80def7e2365966bd2a01b230046c6bc522c8c.mp4,0,REAL,429.2331540491432
/workspace/data/genbuster-mini/extracted/GenBuster-200K-mini/benchmark/fake/vidu/cc8ecb26c0d6c779b623c721302b0face5bf98caa6d8d0bc4aed0e7ccb9bb267.mp4,1,FAKE,356.0113839339465
/workspace/data/genbuster-mini/extracted/GenBuster-200K-mini/benchmark/fake/vidu/cbcac6eab85d3878a174f4b0fb06a594195b060a0f8fd7b6b0a459b37617c4e7.mp4,0,REAL,455.0166670233011
/workspace/data/genbuster-mini/extracted/GenBuster-200K-mini/benchmark/fake/vidu/cb9a18a09cba3de80ce13614ba3d872d22bb833abee9f73f147f56e7cdbae3c1.mp4,1,FAKE,355.0252909772098
/workspace/data/genbuster-mini/extracted/GenBuster-200K-mini/benchmark/fake/vidu/cb545badfda64c6289b33103918d94edf5f2af03570be265324e4b2547e44996.mp4,0,REAL,344.23071308992803
/workspace/data/genbuster-mini/extracted/GenBuster-200K-mini/benchmark/fake/vidu/c9e5c502219b25a19a41663fcd446994768ad0243c2847be062ee4596d6bcc0f.mp4,0,REAL,329.31905798614025
/workspace/data/genbuster-mini/extracted/GenBuster-200K-mini/benchmark/fake/vidu/c980639c2c687069d0309680d74972b3cbc64ef778f6c236783a672b80d5d983.mp4,1,FAKE,374.3180639576167
/workspace/data/genbuster-mini/extracted/GenBuster-200K-mini/benchmark/fake/vidu/c7a85d4fc46c191623355c284e3bd1385c513f3eae4dc0a5ea6bb4b49203f06c.mp4,1,FAKE,403.91419385559857
/workspace/data/genbuster-mini/extracted/GenBuster-200K-mini/benchmark/fake/vidu/c664b7e1ac5e9073f19c20cd1dbdfce217f57dc484d7ce75861fcdf8110c3fd2.mp4,0,REAL,393.96258001215756
/workspace/data/genbuster-mini/extracted/GenBuster-200K-mini/benchmark/fake/vidu/c56143c71b657145e00a3fcffd0c3ff463d729e65206f3463882638d33085a46.mp4,0,REAL,332.42150116711855
/workspace/data/genbuster-mini/extracted/GenBuster-200K-mini/benchmark/fake/vidu/c4cd56399d951e019695aea35d5bca324f9969ea294aa0a3746a618fae7d7ebb.mp4,1,FAKE,378.2311510294676
/workspace/data/genbuster-mini/extracted/GenBuster-200K-mini/benchmark/fake/vidu/c47794f818247534dee6056d142cfe9a6bad0ce67969904d3f8e061c418de993.mp4,1,FAKE,391.9669308234006
/workspace/data/genbuster-mini/extracted/GenBuster-200K-mini/benchmark/fake/vidu/c13388b12702987d3dd578f0faf83b0d5e4ff83b4d27dc6ff6104ef7f8c08ffa.mp4,0,REAL,346.52358293533325
/workspace/data/genbuster-mini/extracted/GenBuster-200K-mini/benchmark/fake/vidu/c06ceb48433a94a308880a0fa934f29e7a2fb4f14347dc446a7a1c3797bd7b20.mp4,1,FAKE,370.3339979983866
/workspace/data/genbuster-mini/extracted/GenBuster-200K-mini/benchmark/fake/vidu/bd4d0c651b426f01ac2aeb5d7b06f9ada9f0aea4864d3de5a7a72fb3b8b532cb.mp4,1,FAKE,371.381371980533
/workspace/data/genbuster-mini/extracted/GenBuster-200K-mini/benchmark/fake/vidu/bce4e534f85f213e8525c5dcddf5845f3af3b2c7b5e2add0385de5a7bdba55a6.mp4,1,FAKE,352.6975598651916
/workspace/data/genbuster-mini/extracted/GenBuster-200K-mini/benchmark/fake/vidu/b9c3b8dac8e0722990269aa8c46394f88994d8f754240c0bead164d72f638751.mp4,1,FAKE,391.7699109297246
/workspace/data/genbuster-mini/extracted/GenBuster-200K-mini/benchmark/fake/vidu/b66bc0d6f845ad0ddf6284d5ec55df63ea327847f66a1c919c338164b98a5ad5.mp4,0,REAL,332.6743219513446
/workspace/data/genbuster-mini/extracted/GenBuster-200K-mini/benchmark/fake/vidu/b47751e279b487c08c402d6fa42cc59e58719dd0d96c2901454ec9441ee61300.mp4,0,REAL,348.9761028904468
/workspace/data/genbuster-mini/extracted/GenBuster-200K-mini/benchmark/fake/vidu/b4763ca82358a2902715abf39897bed5380a3175dac3556dd19b196352b27553.mp4,0,REAL,348.1965409591794
/workspace/data/genbuster-mini/extracted/GenBuster-200K-mini/benchmark/fake/vidu/b45288c4218dd433ad16ba2f038108fcda78b19e4d58c45baa89dd1ac1e95db4.mp4,0,REAL,338.26232701539993
/workspace/data/genbuster-mini/extracted/GenBuster-200K-mini/benchmark/fake/vidu/b2d31d5504bed6256cdb186e5ee96ee53d265dc072ce0734954afa0627c77463.mp4,0,REAL,337.4739240389317
/workspace/data/genbuster-mini/extracted/GenBuster-200K-mini/benchmark/fake/vidu/b23d282b61cbee1db895681dfe7dd46c8f0ed797e9917615d8fa3bd2ec5a0cc5.mp4,0,REAL,374.2668838240206
/workspace/data/genbuster-mini/extracted/GenBuster-200K-mini/benchmark/fake/vidu/acf8f247b54b14c281555ecca9bc0115272247e2df075a65feba98d6231bfe04.mp4,1,FAKE,365.1527240872383
/workspace/data/genbuster-mini/extracted/GenBuster-200K-mini/benchmark/fake/vidu/ac4c4289549c4bc246adbb7a7458d9e79661c67a55ea24f7b81ea6204e5bd461.mp4,1,FAKE,372.3414158448577
/workspace/data/genbuster-mini/extracted/GenBuster-200K-mini/benchmark/fake/vidu/ac48d272ae8bf4c145b83284eec4554afae00e5ef434efe8627397b9c44f83d4.mp4,1,FAKE,361.132187070325
/workspace/data/genbuster-mini/extracted/GenBuster-200K-mini/benchmark/fake/vidu/a9b6f8bd690ccb9f3541628dd33d83a016642fc6705fefe8a155abede5d8f05d.mp4,1,FAKE,441.3734879344702
/workspace/data/genbuster-mini/extracted/GenBuster-200K-mini/benchmark/fake/vidu/a8aeef225d67a0f951863f99e1f0fe4f6c70a36be153cf887c7f05ac1cd4d30d.mp4,1,FAKE,367.52202501520514
/workspace/data/genbuster-mini/extracted/GenBuster-200K-mini/benchmark/fake/vidu/a899a80d540ca052b721857fe4c98d50e8687222f50347092859f702b44ce8ea.mp4,0,REAL,344.7722459677607
/workspace/data/genbuster-mini/extracted/GenBuster-200K-mini/benchmark/fake/vidu/a76e1c5d013a4f695814d16ae72555a0698c0d344c79c5358d8b681775c8fa0b.mp4,1,FAKE,418.8656979240477
/workspace/data/genbuster-mini/extracted/GenBuster-200K-mini/benchmark/fake/vidu/a6de1cf21017055026ea8e6329499e43d88936cb562b33b6b227263c9d99aad3.mp4,0,REAL,347.2204061690718
/workspace/data/genbuster-mini/extracted/GenBuster-200K-mini/benchmark/fake/vidu/a639cebe1881b6a96d013985df23e16c06bca3c27564f206b156b2a586824863.mp4,0,REAL,336.21490793302655
/workspace/data/genbuster-mini/extracted/GenBuster-200K-mini/benchmark/fake/vidu/a5e11bb954decff3b1750e55f097629eee621ccfa39bb23c8e544ef157c802f6.mp4,1,FAKE,388.2823549211025
/workspace/data/genbuster-mini/extracted/GenBuster-200K-mini/benchmark/fake/vidu/a2f23d89ca6ede2bfcdc6ea067b357a706a15428eb42f3937045febadef91629.mp4,0,REAL,351.6761849168688
/workspace/data/genbuster-mini/extracted/GenBuster-200K-mini/benchmark/fake/vidu/9ee3cdeb8ffc60ec4dd2d201ab5155224802b061c0edb899a54d320e5be73ab5.mp4,1,FAKE,374.0213729906827
/workspace/data/genbuster-mini/extracted/GenBuster-200K-mini/benchmark/fake/vidu/9de860b81878ef2ec08427edc360b9838cfa164ecc87fb821502c3ef2c8bae23.mp4,1,FAKE,367.38850409165025
/workspace/data/genbuster-mini/extracted/GenBuster-200K-mini/benchmark/fake/vidu/9dd961bf5478cdde209f087bf54478cb2dfd2cc4c44660b2153723055a7ca93b.mp4,0,REAL,340.41661606170237
/workspace/data/genbuster-mini/extracted/GenBuster-200K-mini/benchmark/fake/vidu/9dc618f92f9722dddbf55bb985ab47bf1fa515866bf52a94b14ae4bc58cf2aea.mp4,1,FAKE,360.7513860333711
/workspace/data/genbuster-mini/extracted/GenBuster-200K-mini/benchmark/fake/vidu/9d93f4357a4c3168b0836c3580d161aca80dc9f50112b3e5018c95662e9eba60.mp4,1,FAKE,388.3046661503613
/workspace/data/genbuster-mini/extracted/GenBuster-200K-mini/benchmark/fake/vidu/9af1445d154423152485151a982119d7d21fa7e695534ffd9a390d66e5487cb2.mp4,1,FAKE,410.4879628866911
/workspace/data/genbuster-mini/extracted/GenBuster-200K-mini/benchmark/fake/vidu/99ecc949804861fa0aeb0044df192812727a5cb9bd045797e48f2737a9cb3026.mp4,1,FAKE,367.79134604148567
/workspace/data/genbuster-mini/extracted/GenBuster-200K-mini/benchmark/fake/vidu/97ee406ba4048a680a8a006f3233b8b7124330333eab9058f24e49eaf0f979b3.mp4,0,REAL,354.2818271089345
/workspace/data/genbuster-mini/extracted/GenBuster-200K-mini/benchmark/fake/vidu/96a9ece19a8074e066b70228cba07961387dad2af64ff760ec8431300dac796d.mp4,0,REAL,350.5740109831095
/workspace/data/genbuster-mini/extracted/GenBuster-200K-mini/benchmark/fake/vidu/94f3177fe30076050bc610ad7e9700ab82c9137300631c580d4643655924720a.mp4,1,FAKE,436.5941961295903
/workspace/data/genbuster-mini/extracted/GenBuster-200K-mini/benchmark/fake/vidu/8fb144834350ae3621720b66e52707a4cda159093e991e63ed6ae693033e90a6.mp4,1,FAKE,688.8039780315012
/workspace/data/genbuster-mini/extracted/GenBuster-200K-mini/benchmark/fake/vidu/8f84e2c1bd0043ced1beba7d530c80d1cbe24a72dc27d5815a3afca29aa7454f.mp4,0,REAL,348.7972039729357
/workspace/data/genbuster-mini/extracted/GenBuster-200K-mini/benchmark/fake/vidu/8b64db300a2bf9aec9240ccd55281f23b7cf868068add5c008de89e8be818b92.mp4,1,FAKE,381.4559450838715
/workspace/data/genbuster-mini/extracted/GenBuster-200K-mini/benchmark/fake/vidu/8b085c74bb789c54f5044ea3b2cc27f1c2cfeca4b65e6c16c22d2cb9d679919f.mp4,1,FAKE,367.92426696047187
/workspace/data/genbuster-mini/extracted/GenBuster-200K-mini/benchmark/fake/vidu/8654957a5deafd4b0327f217a52e176073b51f1ea42c60a14c05233c7721c961.mp4,1,FAKE,367.0202330686152
/workspace/data/genbuster-mini/extracted/GenBuster-200K-mini/benchmark/fake/vidu/840cc7f1270e90c7826e94d49d2591004ce47e58219084d8c848361ae84717e4.mp4,0,REAL,346.112540923059
/workspace/data/genbuster-mini/extracted/GenBuster-200K-mini/benchmark/fake/vidu/83bfb866e4fd3d6c34bfe4a7b2c8887e54045e9cda2a26cb006e894a82672de4.mp4,1,FAKE,433.97041503340006
/workspace/data/genbuster-mini/extracted/GenBuster-200K-mini/benchmark/fake/vidu/833c872d7ffa6a673a02ea420d6eadf2ca1bcfd67b87cd36054f60f3da9de48f.mp4,1,FAKE,378.81278502754867
/workspace/data/genbuster-mini/extracted/GenBuster-200K-mini/benchmark/fake/vidu/8163e84bc1f01b74d208a5df24d0d3d95738c2f9d5d33055f8c1684c18d35ec9.mp4,1,FAKE,380.8950539678335
/workspace/data/genbuster-mini/extracted/GenBuster-200K-mini/benchmark/fake/vidu/8042ef5280099d370ebfa91a8eb910a159a0960900b93a062e34b52d6242265c.mp4,0,REAL,336.8332809768617
/workspace/data/genbuster-mini/extracted/GenBuster-200K-mini/benchmark/fake/vidu/7d38a3a0b42f4a60fb37e56ba93a2db4f3971c3c3a0400f2660b4f8cbc9ab2f0.mp4,1,FAKE,373.00592800602317
/workspace/data/genbuster-mini/extracted/GenBuster-200K-mini/benchmark/fake/vidu/7c203cd10a07628e09779cbcb01c6922cd1edb198f5b6b583472559a118a1df9.mp4,1,FAKE,380.13390987180173
/workspace/data/genbuster-mini/extracted/GenBuster-200K-mini/benchmark/fake/vidu/7a93012f0d971e7ebeb67fcbba84d81061bfb75e460051aeb13619fe2665e96f.mp4,1,FAKE,390.6712359748781
/workspace/data/genbuster-mini/extracted/GenBuster-200K-mini/benchmark/fake/vidu/77ec4fdeef91e6ba34a7b84a4ff662e83ec68357714ba8252188c2b1cbe9830b.mp4,1,FAKE,367.28913499973714
/workspace/data/genbuster-mini/extracted/GenBuster-200K-mini/benchmark/fake/vidu/76de6505187ecee306a2b795aa2d2f88b920a2069be82bb7d96812b9abca1097.mp4,1,FAKE,374.3721549399197
/workspace/data/genbuster-mini/extracted/GenBuster-200K-mini/benchmark/fake/vidu/764ce52d7a07e4537959b1c46d062f5990df32e46cf29372eabe12a2e64a1079.mp4,0,REAL,339.8293750360608
/workspace/data/genbuster-mini/extracted/GenBuster-200K-mini/benchmark/fake/vidu/762b0df89d04b6c512840046438f996aeedaaa322c865d02cca6fc3eac7c7618.mp4,1,FAKE,389.1282989643514
/workspace/data/genbuster-mini/extracted/GenBuster-200K-mini/benchmark/fake/vidu/6f4a0028c2681b426703101fcf23538934b03c62095658117fbbcb2bd6a968a7.mp4,1,FAKE,371.5588829945773
/workspace/data/genbuster-mini/extracted/GenBuster-200K-mini/benchmark/fake/vidu/6d62cbe45288bfbde6d0464eb62559fbff043a881e95daf7e1c81e872db46a47.mp4,0,REAL,337.4651540070772
/workspace/data/genbuster-mini/extracted/GenBuster-200K-mini/benchmark/fake/vidu/6d1bc8da821425d9fcf387272d49f109818fc926559d90b804b73929d0a338b1.mp4,1,FAKE,385.4273329488933
/workspace/data/genbuster-mini/extracted/GenBuster-200K-mini/benchmark/fake/vidu/6c61e9c60791ad2fdeb4d7e1c9a3684cf30daf195fff5b2a0680a6cb98e58d96.mp4,1,FAKE,368.57082904316485
/workspace/data/genbuster-mini/extracted/GenBuster-200K-mini/benchmark/fake/vidu/6b42813e0e8fcfd715bd313303bfd41d3c23b47d6b32afc8cdf40e89d1dcb593.mp4,1,FAKE,371.5114330407232
/workspace/data/genbuster-mini/extracted/GenBuster-200K-mini/benchmark/fake/vidu/684aeb38258ec99336cb94ee3337cfc702ebf1f95ef239f348eef7822ff63b56.mp4,1,FAKE,384.91303101181984
/workspace/data/genbuster-mini/extracted/GenBuster-200K-mini/benchmark/fake/vidu/66d55151e1f0c7c1a9559f75544dfee9a732dc2ece13b6d57a16539d4b8d25a9.mp4,0,REAL,341.3152610883117
/workspace/data/genbuster-mini/extracted/GenBuster-200K-mini/benchmark/fake/vidu/62d0ad59f553a4fd8c97c272ec02d99dab87eeb779225b6563a91b022616213f.mp4,1,FAKE,375.11210795491934
/workspace/data/genbuster-mini/extracted/GenBuster-200K-mini/benchmark/fake/vidu/62aaa2e8e8782251a24f2dfbfd6d7620cbaecd6a07657cd8b95d767100543669.mp4,0,REAL,344.53076496720314
/workspace/data/genbuster-mini/extracted/GenBuster-200K-mini/benchmark/fake/vidu/5dbdff8ab8cbf8271cc892f26c74b148d9c86c6bafe887c224b1d636169ae7d9.mp4,0,REAL,342.8095157723874
/workspace/data/genbuster-mini/extracted/GenBuster-200K-mini/benchmark/fake/vidu/5d86def21a18f8af4be39bf7ff0750c67d6fbcfdae60257701959df9b980d6c5.mp4,1,FAKE,426.77256395109
/workspace/data/genbuster-mini/extracted/GenBuster-200K-mini/benchmark/fake/vidu/5d54ef5e11a0b31641573d58048245ccd57adef9792d0f3de41608adf7c7ae48.mp4,1,FAKE,380.4105909075588
/workspace/data/genbuster-mini/extracted/GenBuster-200K-mini/benchmark/fake/vidu/5bebd02f412fa60f1930a1be2befb7067246571b2a323e9d49776b8deb1a8723.mp4,1,FAKE,420.8365979138762
/workspace/data/genbuster-mini/extracted/GenBuster-200K-mini/benchmark/fake/vidu/5379c7a0d2510102e30d74cbe48be981de38752704277cdf33f887a99d92b65c.mp4,1,FAKE,374.2887240368873
/workspace/data/genbuster-mini/extracted/GenBuster-200K-mini/benchmark/fake/vidu/50fe90bd7f3d0d00343e943b007a45d9eb44a38c8c7f5a2d06144bd0c882c99e.mp4,0,REAL,340.24588600732386
/workspace/data/genbuster-mini/extracted/GenBuster-200K-mini/benchmark/fake/vidu/50a25d65f1bbf9078bcafb264f873e7350c74b4fc49f7086b74c359614e0bd15.mp4,1,FAKE,384.2054670676589
/workspace/data/genbuster-mini/extracted/GenBuster-200K-mini/benchmark/fake/vidu/4dc91967db651e39d49f1b61451cdcfbc7593549e8ed4f9573863972b2fca0ac.mp4,0,REAL,374.2571249604225
/workspace/data/genbuster-mini/extracted/GenBuster-200K-mini/benchmark/fake/vidu/4c7ec46c56275445fc68d18f9c5f0abe5ef13a7a1288b67fc603ceb6279da068.mp4,1,FAKE,378.7353939842433
/workspace/data/genbuster-mini/extracted/GenBuster-200K-mini/benchmark/fake/vidu/4c08c0d31a9fae0d6bcfba53c2e9efa7e979cb1fb61355c3ab9a0db1d36eb967.mp4,1,FAKE,470.6231448799372
/workspace/data/genbuster-mini/extracted/GenBuster-200K-mini/benchmark/fake/vidu/49879bf764c49ea2a5002cb4a1b625afbeea93e87531db44d26443685320facd.mp4,0,REAL,437.97421315684915
/workspace/data/genbuster-mini/extracted/GenBuster-200K-mini/benchmark/fake/vidu/469a7079700a2d9117a6adb31071e54431326789ac2ae555e836fb2a816dabaa.mp4,0,REAL,375.26716897264123
/workspace/data/genbuster-mini/extracted/GenBuster-200K-mini/benchmark/fake/vidu/44450ae6a80876b00c7476927c4e9261b88b12d489d29fb4646bbde454dbb098.mp4,0,REAL,439.67761006206274
/workspace/data/genbuster-mini/extracted/GenBuster-200K-mini/benchmark/fake/vidu/41d483b1fe47f144fef3c7c9e726b0b30b2d99c9f71fe5a12c878a81e024373f.mp4,0,REAL,371.304202824831
/workspace/data/genbuster-mini/extracted/GenBuster-200K-mini/benchmark/fake/vidu/3f681018b0be05b57f8c8df4990bc008b9082517fcce657e9eef601fddc55fce.mp4,0,REAL,341.4633509237319
/workspace/data/genbuster-mini/extracted/GenBuster-200K-mini/benchmark/fake/vidu/3f3964f21feb0ec913200982745a75dfde314472426c81e42c66e3e06ff8452f.mp4,1,FAKE,480.90134002268314
/workspace/data/genbuster-mini/extracted/GenBuster-200K-mini/benchmark/fake/vidu/3ef83b3f98f4e039b5663913a3d686ccc7cd38b8a3d9163fe68870ded0a1de6c.mp4,1,FAKE,372.164994943887
/workspace/data/genbuster-mini/extracted/GenBuster-200K-mini/benchmark/fake/vidu/3b06b316991a12373a85d9c24df990851bb7eaa1454161985e65eded101819ec.mp4,1,FAKE,373.7845718860626
/workspace/data/genbuster-mini/extracted/GenBuster-200K-mini/benchmark/fake/vidu/38b8f737e1722eb23258d7d3617ad6a29bc725d4950e28201bac3170d5e94fbe.mp4,0,REAL,346.20154090225697
/workspace/data/genbuster-mini/extracted/GenBuster-200K-mini/benchmark/fake/vidu/380e39c488ef8203ee87791b6557690366710eb784b209fcff08d1cd3f096d6b.mp4,1,FAKE,359.58319902420044
/workspace/data/genbuster-mini/extracted/GenBuster-200K-mini/benchmark/fake/vidu/360b64515cd598bca0409d61a255c99d2860d995e80b042a21737a71bf9ff736.mp4,0,REAL,346.86306514777243
/workspace/data/genbuster-mini/extracted/GenBuster-200K-mini/benchmark/fake/vidu/35b53c52445d0016282a4e341ef975229caa89b64921288de2754cae925176a2.mp4,1,FAKE,363.8916390482336
/workspace/data/genbuster-mini/extracted/GenBuster-200K-mini/benchmark/fake/vidu/31c9f8eb57eeaefc4e2e2ae6362ae737203464098bd5c45b748b01afa2aa937f.mp4,0,REAL,366.249268874526
/workspace/data/genbuster-mini/extracted/GenBuster-200K-mini/benchmark/fake/vidu/310155e6233ca98fc4264b296aff863ff0cc74085224127cc631f6a725aee0bb.mp4,1,FAKE,385.28937194496393
/workspace/data/genbuster-mini/extracted/GenBuster-200K-mini/benchmark/fake/vidu/2f52b4bd65257b822d7ebe0ada751fd83172eedfd957137939aab8c66c106750.mp4,0,REAL,339.24534101970494
/workspace/data/genbuster-mini/extracted/GenBuster-200K-mini/benchmark/fake/vidu/2e011925cd199faf971bae9dd624ba62fed141795c5435e6908fefd058707a9c.mp4,1,FAKE,371.8743338249624
/workspace/data/genbuster-mini/extracted/GenBuster-200K-mini/benchmark/fake/vidu/2c826a3a3bb4a3700786ff541271e0663074409f6eff39c303e322a0e20b39af.mp4,0,REAL,356.90625896677375
/workspace/data/genbuster-mini/extracted/GenBuster-200K-mini/benchmark/fake/vidu/2bba7f0502d4ee0016c123e97b996701a3df16cf55f127f89a59f6e04f6f2cf2.mp4,1,FAKE,369.59913396276534
/workspace/data/genbuster-mini/extracted/GenBuster-200K-mini/benchmark/fake/vidu/2a8275a25610f5246e4a007ee2fbd75dd9d4c6def6b14ff8073c37671227edc5.mp4,1,FAKE,389.5467510446906
/workspace/data/genbuster-mini/extracted/GenBuster-200K-mini/benchmark/fake/vidu/2a3e1c256fae556cfb7a8d6ccb7bdb0ebeb3dd366a2a93ce55e3e6e32b084f66.mp4,0,REAL,378.08651104569435
/workspace/data/genbuster-mini/extracted/GenBuster-200K-mini/benchmark/fake/vidu/28653a6866add91d979eda940ecaedb594a39ece7afad12971bb951a76282f47.mp4,1,FAKE,370.84508989937603
/workspace/data/genbuster-mini/extracted/GenBuster-200K-mini/benchmark/fake/vidu/28099108d40cbae91a3488a39e39590227935ac5a2898cb72b4326d631c25ad2.mp4,0,REAL,350.1064090523869
/workspace/data/genbuster-mini/extracted/GenBuster-200K-mini/benchmark/fake/vidu/27720f714f056520d0441c53dc18d22945af5532818478b10ed8537e15d7c8fe.mp4,0,REAL,343.4554289560765
/workspace/data/genbuster-mini/extracted/GenBuster-200K-mini/benchmark/fake/vidu/2433e1bed7c5b81b10d205dd12f9d9f666d4384b2afa7971deb800f840cfbae2.mp4,0,REAL,350.99307307973504
/workspace/data/genbuster-mini/extracted/GenBuster-200K-mini/benchmark/fake/vidu/212bc6436c0f378348c7fff4570cb2b2f250589555a2313d9a49d224f4c09ffa.mp4,0,REAL,347.0374250318855
/workspace/data/genbuster-mini/extracted/GenBuster-200K-mini/benchmark/fake/vidu/1ed1a95e17b60e9f69c2668b15189c06b0e877ef6377b71d6da4a3a57ffd110e.mp4,0,REAL,335.6383750215173
/workspace/data/genbuster-mini/extracted/GenBuster-200K-mini/benchmark/fake/vidu/1a57c84f978c5f2e50b73e12629a7d83d6c9416df27522593917f7216fe4cc5b.mp4,1,FAKE,369.40978304482996
/workspace/data/genbuster-mini/extracted/GenBuster-200K-mini/benchmark/fake/vidu/18d6dfd8175bc7373f84c8cdecfc94ed2a7aa137bb803b314fc64dd477089cf7.mp4,0,REAL,344.90571706555784
/workspace/data/genbuster-mini/extracted/GenBuster-200K-mini/benchmark/fake/vidu/17ccd0bf78a27f7f15accaa89c2300bd318205858bbc3a18f66379c508ae60fd.mp4,1,FAKE,408.27248408459127
/workspace/data/genbuster-mini/extracted/GenBuster-200K-mini/benchmark/fake/vidu/137ce0b7d02788f80f4905e848a00b0c4eaa0fb86aefba738d2821d66b418f7f.mp4,1,FAKE,391.568040009588
/workspace/data/genbuster-mini/extracted/GenBuster-200K-mini/benchmark/fake/vidu/117295fadb1607ea61c745400b0b9d8ab63ddcc9b40761cdba68914597a647c9.mp4,1,FAKE,360.7890058774501
/workspace/data/genbuster-mini/extracted/GenBuster-200K-mini/benchmark/fake/vidu/10d4dc96121d5208744ccd930d0febcc2d0a6c902af8fcc0dc19500fff2341eb.mp4,1,FAKE,383.9887771755457
/workspace/data/genbuster-mini/extracted/GenBuster-200K-mini/benchmark/fake/vidu/10a464e630a89f2f2cebb56a57dc6ddc02d6cabd7d3eda47df21f6539cd56699.mp4,1,FAKE,361.63763888180256
/workspace/data/genbuster-mini/extracted/GenBuster-200K-mini/benchmark/fake/vidu/105d45bd91239e83b53d65c00d3bedd1185c45a1a22994dc66b7c07518276f6a.mp4,1,FAKE,375.80326199531555
/workspace/data/genbuster-mini/extracted/GenBuster-200K-mini/benchmark/fake/vidu/0fb71eca253388fdfb5a0059100810afada2d70e91cda2158fc83871af523928.mp4,1,FAKE,372.91467818431556
/workspace/data/genbuster-mini/extracted/GenBuster-200K-mini/benchmark/fake/vidu/0efb966749efcacf3afd775addca77cb8a4ac9637504b7d78cc77917690537f6.mp4,1,FAKE,369.0607917960733
/workspace/data/genbuster-mini/extracted/GenBuster-200K-mini/benchmark/fake/vidu/0bf965d2ab8c3d6c39d1fa94a97b3516849f051185589fdb09a6bed49b10179d.mp4,0,REAL,331.8851590156555
/workspace/data/genbuster-mini/extracted/GenBuster-200K-mini/benchmark/fake/vidu/0b06896ce5e9e00590e9ba90975059d0776d15a2e969835c898f3a57d1f96c0e.mp4,0,REAL,345.48215800896287
/workspace/data/genbuster-mini/extracted/GenBuster-200K-mini/benchmark/fake/vidu/0a5248b880f71f2e01f7fe820c441a39f95003576dbcd25b335a1d046123fbde.mp4,0,REAL,352.3207390680909
/workspace/data/genbuster-mini/extracted/GenBuster-200K-mini/benchmark/fake/vidu/0a3760272bcc04d5f35ad0bdb46bcbacdbff030388a02e94a4f9972c12a21c3a.mp4,1,FAKE,379.66313818469644
/workspace/data/genbuster-mini/extracted/GenBuster-200K-mini/benchmark/fake/vidu/0969aa5626a915105cd09f0d4f4141d6cc8de9f07942a47d8dbdcb54d8554c0d.mp4,0,REAL,335.7124461326748
/workspace/data/genbuster-mini/extracted/GenBuster-200K-mini/benchmark/fake/vidu/03de62c2b9c6830a891bbfaf599ffacc5c28187042e6ade9c7dc4333c2804198.mp4,0,REAL,345.77084006741643
/workspace/data/genbuster-mini/extracted/GenBuster-200K-mini/benchmark/fake/vidu/038681a528a5738f2fb75595423d406e8f47bb5d2881b241924ea81ab018e40a.mp4,1,FAKE,361.7505000438541
/workspace/data/genbuster-mini/extracted/GenBuster-200K-mini/benchmark/fake/vidu/0326d0fb4285e60a944c7179c6628bfaddbe989a2821e1d8d5a5d4d0853fb13d.mp4,0,REAL,405.6842520367354
/workspace/data/genbuster-mini/extracted/GenBuster-200K-mini/benchmark/fake/vidu/0313eb4e3e91c1c1fa502b66ec3a286bad79dadcbda6885216c11131a48620df.mp4,1,FAKE,362.99136583693326
/workspace/data/genbuster-mini/extracted/GenBuster-200K-mini/benchmark/fake/vidu/016ca050a8d192bc0fde03b9d9463d1fd1272c924e4dbaddc423ba7b96ee6e0d.mp4,0,REAL,329.65761004015803
/workspace/data/genbuster-mini/extracted/GenBuster-200K-mini/benchmark/fake/vidu/00e48c1f4e510313704843eb2929ef2563f10ee148a5f62d59562b03fb284e89.mp4,1,FAKE,431.2448741402477
/workspace/data/genbuster-mini/extracted/GenBuster-200K-mini/benchmark/fake/sora/fecf705d8a30d9de916764ebe5389f26060e206bd709c77f0da4fd88ef803e8c.mp4,1,FAKE,353.77636598423123
/workspace/data/genbuster-mini/extracted/GenBuster-200K-mini/benchmark/fake/sora/fc63d0a3573136e134f210ec02ca25e50f762f2a8d62281aa5d1606394ffda37.mp4,0,REAL,331.2753869686276
/workspace/data/genbuster-mini/extracted/GenBuster-200K-mini/benchmark/fake/sora/fb1d2037d3367f3cfba68e3f376d60d557d236040f5d39165468087e9984d5b9.mp4,0,REAL,343.63255999051034
/workspace/data/genbuster-mini/extracted/GenBuster-200K-mini/benchmark/fake/sora/fa3d2fd40916d37d9fabeb4603c6d4a2b32247de5dd53d7779ed3366f428f39a.mp4,0,REAL,329.2574181687087
/workspace/data/genbuster-mini/extracted/GenBuster-200K-mini/benchmark/fake/sora/fa0dc2a7a5c11b6d3bea043dd41104d4e4f0ac38b19ea84577c1fbed8474405d.mp4,0,REAL,329.74304002709687
/workspace/data/genbuster-mini/extracted/GenBuster-200K-mini/benchmark/fake/sora/f94537c11a0c58fecdc2030b78647bdbf49c60af3ebac027391a35efa6b0e3a9.mp4,0,REAL,336.42322896048427
/workspace/data/genbuster-mini/extracted/GenBuster-200K-mini/benchmark/fake/sora/f79b54987d232dd58d3b9e8ce46cbcc027fa71a94dc8f86d7c2bfab0ef63a7cf.mp4,1,FAKE,376.1391930747777
/workspace/data/genbuster-mini/extracted/GenBuster-200K-mini/benchmark/fake/sora/f63a96ccc36ad915746d1d78a6a3999ab8763c7152080549fbed025e2ff64da1.mp4,0,REAL,342.161875218153
/workspace/data/genbuster-mini/extracted/GenBuster-200K-mini/benchmark/fake/sora/f62407a2ca020f93054d92202437aefe9f312361f8ee3cb150b6dd1d8c8cbe1b.mp4,1,FAKE,362.4666731338948
/workspace/data/genbuster-mini/extracted/GenBuster-200K-mini/benchmark/fake/sora/f56f94d5c32fdf4831d16c2f2afaf2d6cdf614373f7b055b5d4b65d8d9ecb090.mp4,0,REAL,351.1188041884452
/workspace/data/genbuster-mini/extracted/GenBuster-200K-mini/benchmark/fake/sora/f52231449249ab72e168ab6d96eaff488562a3d04e973b4b0f72951e2e734633.mp4,0,REAL,441.67168880812824
/workspace/data/genbuster-mini/extracted/GenBuster-200K-mini/benchmark/fake/sora/f3b93e76c10371f9acc6e70b2788f070908ad3ede763314ceb77f93a1ff47189.mp4,1,FAKE,379.3848268687725
/workspace/data/genbuster-mini/extracted/GenBuster-200K-mini/benchmark/fake/sora/f31c079b357ab6ef60d5d4b68d16b5d4a0fbf1dfbdedf8ad72960fce00f20ccf.mp4,0,REAL,346.75314417108893
/workspace/data/genbuster-mini/extracted/GenBuster-200K-mini/benchmark/fake/sora/f1f122764995a2d913ee6e1dd5b6aae91149b053be6d213adba7f964af15e289.mp4,0,REAL,334.88631318323314
/workspace/data/genbuster-mini/extracted/GenBuster-200K-mini/benchmark/fake/sora/f0a309323c93bb0c1cf96a2bd0de0d069531d8f414522a310f02a7941bd17180.mp4,1,FAKE,371.50671193376184
/workspace/data/genbuster-mini/extracted/GenBuster-200K-mini/benchmark/fake/sora/efd7e392e7f2006cfb7b593ef9d8eec0e611e0ecf8340bbc70f4541d73838aba.mp4,0,REAL,338.0801761522889
/workspace/data/genbuster-mini/extracted/GenBuster-200K-mini/benchmark/fake/sora/ef2deb1336f89c2a146bd0649f0c6e8303916088916b2d7e9c1ed114a626f896.mp4,0,REAL,350.7686119992286
/workspace/data/genbuster-mini/extracted/GenBuster-200K-mini/benchmark/fake/sora/ee2167539539db3ed6d628e807612ab7ca2c670057789f6005d5856ea54b718a.mp4,1,FAKE,377.8891400434077
/workspace/data/genbuster-mini/extracted/GenBuster-200K-mini/benchmark/fake/sora/eb4fb7eaf1fdf46323fe793cf9bbab297a5fb5baddeda9a5c0841bcd3468f423.mp4,0,REAL,352.4793379474431
/workspace/data/genbuster-mini/extracted/GenBuster-200K-mini/benchmark/fake/sora/eb338609ace1512aeae96b003a36f067b93a3c8efb4c491549ba0a0f544c3bd7.mp4,0,REAL,349.87894794903696
/workspace/data/genbuster-mini/extracted/GenBuster-200K-mini/benchmark/fake/sora/e980086fb0f1eddadef5c32fe0e4c978d56b48a0a0adf83fbb9fc4c3b8aed9c3.mp4,0,REAL,389.24895017407835
/workspace/data/genbuster-mini/extracted/GenBuster-200K-mini/benchmark/fake/sora/e905f4bf523e15765623ad858bb0b75092b82dbe8e8fe63cbf1f9f22c5cb4e8d.mp4,1,FAKE,357.122499961406
/workspace/data/genbuster-mini/extracted/GenBuster-200K-mini/benchmark/fake/sora/e8c8896c96a035221358f623c1bf3803adabf1e003312c1377a939aca7df2e35.mp4,0,REAL,348.25910115614533
/workspace/data/genbuster-mini/extracted/GenBuster-200K-mini/benchmark/fake/sora/e4c401ad1c402fa0a60a7668ed6b130911fd745325eac40ab2bc341f09d88d52.mp4,0,REAL,338.02266512066126
/workspace/data/genbuster-mini/extracted/GenBuster-200K-mini/benchmark/fake/sora/e44c6ba630e9d11556462e46efccbf5ac4a9e5382041c862b257dcae216829e4.mp4,0,REAL,408.7839350104332
/workspace/data/genbuster-mini/extracted/GenBuster-200K-mini/benchmark/fake/sora/e3e8ae363853e06fecd78df70d15a83b1ae7ad82377d42e442e5c99e3aa8d00f.mp4,1,FAKE,372.5387880112976
/workspace/data/genbuster-mini/extracted/GenBuster-200K-mini/benchmark/fake/sora/e39ed0acb3693763bd663b411a273cc35a5ff84a3f0a148891c5cbdcf5fbe48d.mp4,0,REAL,392.10640196688473
/workspace/data/genbuster-mini/extracted/GenBuster-200K-mini/benchmark/fake/sora/e3956b7d3ea5e00bfcf6bb569a60c6797649806ba2fc450a32b28419ed0f14ca.mp4,1,FAKE,369.4479539990425
/workspace/data/genbuster-mini/extracted/GenBuster-200K-mini/benchmark/fake/sora/e29417daf8497617428a9ea9f6a6054678d50f7190657bc361f193fdf2decba4.mp4,0,REAL,373.08980990201235
/workspace/data/genbuster-mini/extracted/GenBuster-200K-mini/benchmark/fake/sora/df193c20964c53c1cbbba6801448bc092b3cd2cdcdbd8136ed5c4f83219798b1.mp4,0,REAL,435.6253519654274
/workspace/data/genbuster-mini/extracted/GenBuster-200K-mini/benchmark/fake/sora/de4deb2b38ed3d17100cb23a5ccd0388a1f53017a5770833eb410301a01a11a7.mp4,1,FAKE,430.9375218581408
/workspace/data/genbuster-mini/extracted/GenBuster-200K-mini/benchmark/fake/sora/dd3689904ca29d71f3339948ea2559e5991ebf763eee7d69831b4f76e2dd133f.mp4,0,REAL,354.6358479652554
/workspace/data/genbuster-mini/extracted/GenBuster-200K-mini/benchmark/fake/sora/da8c0a0fbc9292c183141f9f62ed7ee4d76847cfda4fa2bac0423a9269ee2a30.mp4,1,FAKE,463.86102493852377
/workspace/data/genbuster-mini/extracted/GenBuster-200K-mini/benchmark/fake/sora/da4b6257ce8923639bff131c5c554406d715564cae2d77c36a9e4f4561c62b0d.mp4,0,REAL,357.0202989503741
/workspace/data/genbuster-mini/extracted/GenBuster-200K-mini/benchmark/fake/sora/da30095b36e23ef33791b3d128e51861bb49d2c930df93c02a367e64e960ed02.mp4,0,REAL,413.38959499262273
/workspace/data/genbuster-mini/extracted/GenBuster-200K-mini/benchmark/fake/sora/d9a891f42f11045727d2c0aceb04335c5ac758e6f23c1e274a1c5145c7a6520f.mp4,0,REAL,496.45146704278886
/workspace/data/genbuster-mini/extracted/GenBuster-200K-mini/benchmark/fake/sora/d891a3708e912f9c8faa07bb2e97acfe66c7ddf133733d06444519b1794576f4.mp4,0,REAL,348.23889983817935
/workspace/data/genbuster-mini/extracted/GenBuster-200K-mini/benchmark/fake/sora/d8054b309e5017a2f9ec0e90e6f3304994dd5f1c084484bf86f7596d6712f271.mp4,1,FAKE,376.0744610335678
/workspace/data/genbuster-mini/extracted/GenBuster-200K-mini/benchmark/fake/sora/d71613ef4fa74b6a2a3ed0f4a18e3c81053335121c130608661c72e5042a2832.mp4,0,REAL,349.89844798110425
/workspace/data/genbuster-mini/extracted/GenBuster-200K-mini/benchmark/fake/sora/d6d1c194be00cf9484d46a4948a15ba0c749a42fe1d2aa453516bd7d25b980f1.mp4,0,REAL,337.11273199878633
/workspace/data/genbuster-mini/extracted/GenBuster-200K-mini/benchmark/fake/sora/d68b9a8f8f58707292f2941b9d5a3d3c6c74e95648a29faa62d29ea492d53f47.mp4,0,REAL,346.9107940327376
/workspace/data/genbuster-mini/extracted/GenBuster-200K-mini/benchmark/fake/sora/d4c8bde2c7e93ae55aac0eebf772d653f8a7e96b9373f3d3aca44b6e60b2f71e.mp4,0,REAL,335.8480860479176
/workspace/data/genbuster-mini/extracted/GenBuster-200K-mini/benchmark/fake/sora/d1dff98137894b9523ae811be9f28bac02b0225b1faa8c632bf9314a077ced3c.mp4,0,REAL,355.77808297239244
/workspace/data/genbuster-mini/extracted/GenBuster-200K-mini/benchmark/fake/sora/d15bfda0f2418dec7aa34ee4817b86a86e8b24138e607b36b5f8b0fd3819b633.mp4,1,FAKE,361.47521901875734
/workspace/data/genbuster-mini/extracted/GenBuster-200K-mini/benchmark/fake/sora/d111f990e9a6dbeb66ee2987700bdc0ea37ecc36b90bcb2a554d59444fc7430c.mp4,0,REAL,426.6760740429163
/workspace/data/genbuster-mini/extracted/GenBuster-200K-mini/benchmark/fake/sora/d02403d6eaaf02c727093cc03e9558c120552b603967137f97dbea568cec78ba.mp4,0,REAL,332.58466189727187
/workspace/data/genbuster-mini/extracted/GenBuster-200K-mini/benchmark/fake/sora/ce8417b4c4b6de5dd4cc1c0d436df2da23c68c07a729a94fa3aabf78606d3e5f.mp4,0,REAL,354.00844598188996
/workspace/data/genbuster-mini/extracted/GenBuster-200K-mini/benchmark/fake/sora/ce56568f57e5676339add48a8981f6c420e59396c13c56f4819ed0ab2f28d89f.mp4,0,REAL,339.8136938922107
/workspace/data/genbuster-mini/extracted/GenBuster-200K-mini/benchmark/fake/sora/cd29c86c5fb83c4f5bc9c107e9bd74b3cdc5b91f1bec915d7c17edd1539c15df.mp4,1,FAKE,354.7074990347028
/workspace/data/genbuster-mini/extracted/GenBuster-200K-mini/benchmark/fake/sora/cbdecfc82a723f692fe2f6c60a11b941f64daea6cdd1c95eaff33f2c22057e28.mp4,0,REAL,330.8256040327251
/workspace/data/genbuster-mini/extracted/GenBuster-200K-mini/benchmark/fake/sora/ca5a3bd00b4d17810c96ab42ae4658ccdf3309c644918efd50dcb9e9dd4d380e.mp4,1,FAKE,373.97750304080546
/workspace/data/genbuster-mini/extracted/GenBuster-200K-mini/benchmark/fake/sora/c9ad66768480f1db5a6cbd417b9309d75a4423211fc7cfa2a85635cbee6af6ea.mp4,0,REAL,337.6004241872579
/workspace/data/genbuster-mini/extracted/GenBuster-200K-mini/benchmark/fake/sora/c950b68aa336782847647890db8cf949ab4956160c00bf28f3d93dab2970d931.mp4,1,FAKE,441.6827498935163
/workspace/data/genbuster-mini/extracted/GenBuster-200K-mini/benchmark/fake/sora/c8813df5bf0e07540fbececaf1233606570acdd621e7e1d9e90d3d9ca04257af.mp4,0,REAL,339.85937503166497
/workspace/data/genbuster-mini/extracted/GenBuster-200K-mini/benchmark/fake/sora/c83d41c1653764d04a8202f1b44f3d7583c51b8e5128aa95199f2c6dac3ee8cc.mp4,0,REAL,333.9799589011818
/workspace/data/genbuster-mini/extracted/GenBuster-200K-mini/benchmark/fake/sora/c75e183ddd2add452ad012bd5cfa42d7d6e5eb69926befbf164a765f9d14dcdc.mp4,1,FAKE,386.40992692671716
/workspace/data/genbuster-mini/extracted/GenBuster-200K-mini/benchmark/fake/sora/c6dbdaf93af38f0ff686ab9db54935a8f11727d16e08434f1d4df4b50af97617.mp4,1,FAKE,380.38658001460135
/workspace/data/genbuster-mini/extracted/GenBuster-200K-mini/benchmark/fake/sora/be78b7d0dea037a680ce1c530ca2c21065a29f70a0f970a714c802f00aafcc62.mp4,1,FAKE,367.29499395005405
/workspace/data/genbuster-mini/extracted/GenBuster-200K-mini/benchmark/fake/sora/bb091f08e54883f8b685c3f519fdb790f2dd5c757ae880035353d87f21aed602.mp4,0,REAL,350.3408101387322
/workspace/data/genbuster-mini/extracted/GenBuster-200K-mini/benchmark/fake/sora/b94851283cf9a77037ef0f4d241e35c2d5c5066b316381a15c3c90d7b813cda6.mp4,0,REAL,367.34332400374115
/workspace/data/genbuster-mini/extracted/GenBuster-200K-mini/benchmark/fake/sora/b76cd6aa089e0de9cb5f6b208e658ba0427f9b25dbc480432079e4b46b15f2dd.mp4,1,FAKE,366.6190311778337
/workspace/data/genbuster-mini/extracted/GenBuster-200K-mini/benchmark/fake/sora/b57196e77975eddc5718db6b81eb9d3991c631a502329993f9becb81f300f100.mp4,1,FAKE,353.7418160121888
/workspace/data/genbuster-mini/extracted/GenBuster-200K-mini/benchmark/fake/sora/b28d33df4d72cca3a257f7441dce956d2d15006ea914a884f9f587826bc29904.mp4,0,REAL,332.663542823866
/workspace/data/genbuster-mini/extracted/GenBuster-200K-mini/benchmark/fake/sora/b05f8629aac7aaf5dd61f076bebfe4c00a8027b5600c576c6da94f48f34194ba.mp4,0,REAL,330.22327185608447
/workspace/data/genbuster-mini/extracted/GenBuster-200K-mini/benchmark/fake/sora/afc11c62e884d6802f2a7afb498c396f93e6f25745b0fb382f25f03dd8bc7ecd.mp4,0,REAL,347.2368160728365
/workspace/data/genbuster-mini/extracted/GenBuster-200K-mini/benchmark/fake/sora/ae29f142ca46eb391f6552a3cf74a4f727d469bb7eb82b2b824b728911bbae0e.mp4,0,REAL,347.9940891265869
/workspace/data/genbuster-mini/extracted/GenBuster-200K-mini/benchmark/fake/sora/adb66d6ec321607059cadb7b1482231bb9aab1fa669bd6dd88794ba89628eefd.mp4,1,FAKE,376.77113618701696
/workspace/data/genbuster-mini/extracted/GenBuster-200K-mini/benchmark/fake/sora/ad9194c4616aaacd44bd616f18a1fc5e7638622bebe510e87d97b3ff70353311.mp4,0,REAL,331.0415460728109
/workspace/data/genbuster-mini/extracted/GenBuster-200K-mini/benchmark/fake/sora/a9ce2ab1fd1d5e7bb13e2be8416961881e82e02a196f87f8505f0f125c45db56.mp4,1,FAKE,371.6489428188652
/workspace/data/genbuster-mini/extracted/GenBuster-200K-mini/benchmark/fake/sora/a9c9f8c545129c624fc313d0247f0285d786a8350074d8cedcd84e6c1a51ef03.mp4,1,FAKE,358.9375279843807
/workspace/data/genbuster-mini/extracted/GenBuster-200K-mini/benchmark/fake/sora/a97557cc64df153a90d00ab77ff990551342552d98a57831e99898089b9f6f9b.mp4,0,REAL,348.655752139166
/workspace/data/genbuster-mini/extracted/GenBuster-200K-mini/benchmark/fake/sora/a966767519adaa74f4459ab6cc35dfdbf072f8017d2f695f2c1642e039e4f81d.mp4,0,REAL,332.8585128765553
/workspace/data/genbuster-mini/extracted/GenBuster-200K-mini/benchmark/fake/sora/a6410a2c38c1147e376545abf97d624d1aeab6d963cd2a0fb34341f4f3508a9b.mp4,0,REAL,348.3190299011767
/workspace/data/genbuster-mini/extracted/GenBuster-200K-mini/benchmark/fake/sora/a5f42588af9f421948a97b77f869a1baea0e7ee6ab3fa2be2ead0acd06d93b59.mp4,0,REAL,346.6092529706657
/workspace/data/genbuster-mini/extracted/GenBuster-200K-mini/benchmark/fake/sora/a5a8b0c2eb59f4e20d2b4b9b57ea9bb11e1bb7b0f43d21479e98e82fdd27cf59.mp4,0,REAL,346.2386829778552
/workspace/data/genbuster-mini/extracted/GenBuster-200K-mini/benchmark/fake/sora/a399d57c396c57b3273a23845558c31a36c754b4e9378b2f35e543cbb72a6a30.mp4,0,REAL,342.3696749377996
/workspace/data/genbuster-mini/extracted/GenBuster-200K-mini/benchmark/fake/sora/a2ff893a7169df34225e444ba25725dfcc6e86285190d617faefb86f96bd34f8.mp4,0,REAL,382.25904898718
/workspace/data/genbuster-mini/extracted/GenBuster-200K-mini/benchmark/fake/sora/a2c400c75b847d95944a36be628691d928e94cfd1097a13a319f9387a40d5153.mp4,0,REAL,386.11469604074955
/workspace/data/genbuster-mini/extracted/GenBuster-200K-mini/benchmark/fake/sora/9ed64f57633232f6e77805bbadca5035b92bd057936efb74f72c52819c0d7173.mp4,1,FAKE,372.1835049800575
/workspace/data/genbuster-mini/extracted/GenBuster-200K-mini/benchmark/fake/sora/9e39f21aef114fb534c7fef8828a1026cefaff8ebc282f00dad622e41d6fd7b7.mp4,0,REAL,333.7982469238341
/workspace/data/genbuster-mini/extracted/GenBuster-200K-mini/benchmark/fake/sora/9b6e966e8377f34af257fb5b98b04ec0e8f64d28f60ccc170b32281fbf8c8606.mp4,0,REAL,346.90975514240563
/workspace/data/genbuster-mini/extracted/GenBuster-200K-mini/benchmark/fake/sora/9b502940edb4f85c99a713d4a6825ba9baa7c88db0e258f37bef4593eb08b3c4.mp4,1,FAKE,372.2658839542419
/workspace/data/genbuster-mini/extracted/GenBuster-200K-mini/benchmark/fake/sora/99baf03762df7ea807a62be55e2649f3198f3c383743b8d3705b844f3cc79057.mp4,1,FAKE,356.78493813611567
/workspace/data/genbuster-mini/extracted/GenBuster-200K-mini/benchmark/fake/sora/988155f25307558c5aabd466783b6a39a6f0700a3fb470106b1652c4ee6fd8c3.mp4,0,REAL,335.0759020540863
/workspace/data/genbuster-mini/extracted/GenBuster-200K-mini/benchmark/fake/sora/9536c8aa6b54fb378cdd38e6c93b222cab80adf35529658049ad2f8f9740f193.mp4,0,REAL,344.0976419951767
/workspace/data/genbuster-mini/extracted/GenBuster-200K-mini/benchmark/fake/sora/9476c66341a271bb54c5d16064bd8ff68daafd82a71f109dd5a226933e34b537.mp4,0,REAL,333.5155958775431
/workspace/data/genbuster-mini/extracted/GenBuster-200K-mini/benchmark/fake/sora/9472cd6429f5409327caa5c9665b5d3c0cd03f3360edaffa76a4f6fc2af1aaa7.mp4,0,REAL,334.167439956218
/workspace/data/genbuster-mini/extracted/GenBuster-200K-mini/benchmark/fake/sora/9388d01fac83b4bd7f0c3ad9343010f607bf0e0e55e0958ce58532d30f08b63e.mp4,0,REAL,340.3693661093712
/workspace/data/genbuster-mini/extracted/GenBuster-200K-mini/benchmark/fake/sora/937e49497abc1d49b18195745f33f08961ec14f04c69594be8d09b89073e7749.mp4,1,FAKE,375.66578993573785
/workspace/data/genbuster-mini/extracted/GenBuster-200K-mini/benchmark/fake/sora/92d5230d0fc64f40f55e958e33b19d0e59d64ca9a52537be892253db7ce12809.mp4,0,REAL,390.6268160790205
/workspace/data/genbuster-mini/extracted/GenBuster-200K-mini/benchmark/fake/sora/8e8b49f559d3da4196dc320424550baf8f485a87c1a225c278ffb8992b93feb7.mp4,0,REAL,348.05587911978364
/workspace/data/genbuster-mini/extracted/GenBuster-200K-mini/benchmark/fake/sora/8e61985a53ad536b1d841d827f2925c65a816f17461eb7e5a35fb556487560c1.mp4,1,FAKE,364.7486041299999
/workspace/data/genbuster-mini/extracted/GenBuster-200K-mini/benchmark/fake/sora/8cb65a5f77b29d700586664cf534b0c2b1c33ec5942434436b62f84ed098f33f.mp4,0,REAL,380.80565305426717
/workspace/data/genbuster-mini/extracted/GenBuster-200K-mini/benchmark/fake/sora/8a4f53a72a7080fb18f392097b5e59793fcbe91e0d35771afcd15a3d3a15a5e2.mp4,1,FAKE,357.7581630088389
/workspace/data/genbuster-mini/extracted/GenBuster-200K-mini/benchmark/fake/sora/8a17128b087229ecd75269e2a3564547366e088efcfd26d5b7fbd93468434d79.mp4,1,FAKE,379.0742459241301
/workspace/data/genbuster-mini/extracted/GenBuster-200K-mini/benchmark/fake/sora/86403ddcd835d67a776799ad6fb730b9978bb16af42aba2a534f75a6344bf2a8.mp4,1,FAKE,359.2224281746894
/workspace/data/genbuster-mini/extracted/GenBuster-200K-mini/benchmark/fake/sora/85d031887826fb5893aec947a1e60b56734de0d9c0d9c6f1f3d1f923ed545f0d.mp4,0,REAL,389.3694099970162
/workspace/data/genbuster-mini/extracted/GenBuster-200K-mini/benchmark/fake/sora/83f994630feeb82650434459a82fdf7e499cf142c82c0505f2b41b721df687ac.mp4,1,FAKE,358.46960498020053
/workspace/data/genbuster-mini/extracted/GenBuster-200K-mini/benchmark/fake/sora/8357bfc60a53de090a395478481927fc100ff1a2162efb967706e76e21f7c534.mp4,0,REAL,346.0284909233451
/workspace/data/genbuster-mini/extracted/GenBuster-200K-mini/benchmark/fake/sora/83394d1d598911587441f437b02ef4c7ffc014a59aa1aec3241074a7c39f73fa.mp4,1,FAKE,353.6984941456467
/workspace/data/genbuster-mini/extracted/GenBuster-200K-mini/benchmark/fake/sora/8080e591aff0120e9c78286b30c9619c4a0bd8b93e4836adc9e3910be61b0a37.mp4,1,FAKE,354.0195869281888
/workspace/data/genbuster-mini/extracted/GenBuster-200K-mini/benchmark/fake/sora/7fa83de689a7480d2020d3f3d1b231ad6773cf2821c341180e6c1006d56474bc.mp4,1,FAKE,376.5537741128355
/workspace/data/genbuster-mini/extracted/GenBuster-200K-mini/benchmark/fake/sora/7f36c5747aa44d28a87d3b47905471d1f02b6e5dc75e1eb4cdde866092267493.mp4,0,REAL,349.2605451028794
/workspace/data/genbuster-mini/extracted/GenBuster-200K-mini/benchmark/fake/sora/7e89fe9a85e404483dac605b7e2e7a40119ac7f61cd6e0570175f829f955938a.mp4,1,FAKE,357.1076800581068
/workspace/data/genbuster-mini/extracted/GenBuster-200K-mini/benchmark/fake/sora/7e36e5e3ba1c901fa035301b5656e8c7ed850b0e88bb7f6321bd408d12b9e60c.mp4,0,REAL,349.6165459509939
/workspace/data/genbuster-mini/extracted/GenBuster-200K-mini/benchmark/fake/sora/7d5621e2cae7d47016611daf3d2aaed54692c6011829532f35ff9b24be43281f.mp4,1,FAKE,404.62591708637774
/workspace/data/genbuster-mini/extracted/GenBuster-200K-mini/benchmark/fake/sora/7d15b7b129cb61a4bebe34594d4c693a793af4946f41dcc79e1dd10c2d648004.mp4,0,REAL,355.72099406272173
/workspace/data/genbuster-mini/extracted/GenBuster-200K-mini/benchmark/fake/sora/7cf43b671eb7e17e0fcb078c583bc4219d871e7bec20564774de1c2299666741.mp4,1,FAKE,366.88198195770383
/workspace/data/genbuster-mini/extracted/GenBuster-200K-mini/benchmark/fake/sora/7b62d4476cbbd64c51a0d0ddaad6b59f2a651bfec5b28ff3d2e5d0c7de419cd0.mp4,1,FAKE,364.4317612051964
/workspace/data/genbuster-mini/extracted/GenBuster-200K-mini/benchmark/fake/sora/79ded3f6544084fc64c9878f0a32c1a1ed39d2d495709e06850508671fbd38b0.mp4,0,REAL,339.1748000867665
/workspace/data/genbuster-mini/extracted/GenBuster-200K-mini/benchmark/fake/sora/78d1d84ba5ebc24c736cd39414a7b9fe732292e2454af10629d741384d50553c.mp4,0,REAL,345.0322861317545
/workspace/data/genbuster-mini/extracted/GenBuster-200K-mini/benchmark/fake/sora/788f6cc103699cab78dbc2227548a5c5583b886767c71964b1f5bed3f00f8663.mp4,0,REAL,353.3097538165748
/workspace/data/genbuster-mini/extracted/GenBuster-200K-mini/benchmark/fake/sora/776cdb6bbf41c740be852d3e33eb42957d2223d74b6368ed04e734212b9e25ef.mp4,0,REAL,371.2262720800936
/workspace/data/genbuster-mini/extracted/GenBuster-200K-mini/benchmark/fake/sora/75a58315b1fd5e045153c8bbba2027067907970bce34aa67b09eb664169352dd.mp4,0,REAL,339.9934438057244
/workspace/data/genbuster-mini/extracted/GenBuster-200K-mini/benchmark/fake/sora/753c5fe13dad89eccdf1bd631751571a0e80a732a06e13f5c9a9ffefbd6660b8.mp4,0,REAL,355.6003028061241
/workspace/data/genbuster-mini/extracted/GenBuster-200K-mini/benchmark/fake/sora/732e00be041011d998052066b54d43c3d17349ff542e8a349e9b30e6aebbb2eb.mp4,1,FAKE,384.74399922415614
/workspace/data/genbuster-mini/extracted/GenBuster-200K-mini/benchmark/fake/sora/71fbba0f167eea8de5f0a87aa648dfa2ad6fc8a3f7bf04ce17823e8a89f7ee2e.mp4,0,REAL,346.31060203537345
/workspace/data/genbuster-mini/extracted/GenBuster-200K-mini/benchmark/fake/sora/713d235a6e7c1c7733c2a1868268995c47a3cfa382123a75ca5ea75c7a2d3be3.mp4,1,FAKE,460.0149788893759
/workspace/data/genbuster-mini/extracted/GenBuster-200K-mini/benchmark/fake/sora/7071efc4c319c84ea73a848eabc903f531b4840bf0f4b8a923e6e207ff4cf210.mp4,1,FAKE,373.32418002188206
/workspace/data/genbuster-mini/extracted/GenBuster-200K-mini/benchmark/fake/sora/6e35e452802f395f1f0aac14862756e61fa5189a4287512e862614569e212021.mp4,0,REAL,350.14389897696674
/workspace/data/genbuster-mini/extracted/GenBuster-200K-mini/benchmark/fake/sora/6d20854c5b245d1850212b5d2db9192b380348bed9e956a36b2bed4a73cebae8.mp4,1,FAKE,397.7084360085428
/workspace/data/genbuster-mini/extracted/GenBuster-200K-mini/benchmark/fake/sora/6cb677d48c43b80ccd171e402258da1813feba01972d7858389819d8d9ba3994.mp4,1,FAKE,393.89190007932484
/workspace/data/genbuster-mini/extracted/GenBuster-200K-mini/benchmark/fake/sora/6c7f8d4ca46da815f918b3ba20a51312832c969aab465ffb44def0ece564a443.mp4,0,REAL,345.75217007659376
/workspace/data/genbuster-mini/extracted/GenBuster-200K-mini/benchmark/fake/sora/6b9b011387c579527bffa72f0992a391b778e26db4358d6d47a8427b58af986b.mp4,1,FAKE,386.646508006379
/workspace/data/genbuster-mini/extracted/GenBuster-200K-mini/benchmark/fake/sora/6b67fd26a48397f4f1b91b4b7968be97070aa460f0b898ff9c210414e3ed995c.mp4,1,FAKE,383.9096270967275
/workspace/data/genbuster-mini/extracted/GenBuster-200K-mini/benchmark/fake/sora/6af9386aac3ac8d0960db26614107151b5710def4524e3019764c86adb495f37.mp4,0,REAL,332.09223998710513
/workspace/data/genbuster-mini/extracted/GenBuster-200K-mini/benchmark/fake/sora/6a67f40efe524da544997b35f8c366bd396f5fbe6b5e8e1b704dbea620eda0df.mp4,1,FAKE,369.6610848419368
/workspace/data/genbuster-mini/extracted/GenBuster-200K-mini/benchmark/fake/sora/64f9016d05e8b50ccbad44b061977c73e21b24ae4739e04fbadacc60f1ef1f04.mp4,0,REAL,389.70589195378125
/workspace/data/genbuster-mini/extracted/GenBuster-200K-mini/benchmark/fake/sora/64c420d76eb4102641d38d7b8c5be39ceb34e43924b62d49250cff72200e4a1a.mp4,1,FAKE,368.18558792583644
/workspace/data/genbuster-mini/extracted/GenBuster-200K-mini/benchmark/fake/sora/645e76ca7b3b11cb4690f4446b7fffe3ddaae53fcb73cf9a41a1235d2b523edc.mp4,0,REAL,332.4465318582952
/workspace/data/genbuster-mini/extracted/GenBuster-200K-mini/benchmark/fake/sora/6449fe15023ac8be22e25cc5d54fb7fcdc83c42922292e11566f101915a83e55.mp4,0,REAL,331.7729188129306
/workspace/data/genbuster-mini/extracted/GenBuster-200K-mini/benchmark/fake/sora/617de1f8c88d8bf36409ccfdc833ae11bdedf123e909b1b364ca0392a338785a.mp4,1,FAKE,377.6122990529984
/workspace/data/genbuster-mini/extracted/GenBuster-200K-mini/benchmark/fake/sora/5dc3e1231a3cb2ad03343551dd25a3acb58bc5035bf1fe381eaf25e519f574ad.mp4,1,FAKE,380.4248720407486
/workspace/data/genbuster-mini/extracted/GenBuster-200K-mini/benchmark/fake/sora/5db81e4ce9957160d5f83ae6e6e6377760d57348f607cbc31c6465cb2ba3c0fd.mp4,0,REAL,398.7738110590726
/workspace/data/genbuster-mini/extracted/GenBuster-200K-mini/benchmark/fake/sora/5d9e1d2566c064f85a163db9b4d76e279cb9f4de20bbf82a3676a068b3a79f0d.mp4,0,REAL,347.5104670505971
/workspace/data/genbuster-mini/extracted/GenBuster-200K-mini/benchmark/fake/sora/5cce61c49d5c13be186e2557b9c2ddc872d057cb5d4c99aee609facc14aba69f.mp4,0,REAL,345.59221006929874
/workspace/data/genbuster-mini/extracted/GenBuster-200K-mini/benchmark/fake/sora/5b2a2b4c734d889464920bfadaf5a2cdad374b4dcf3855d326df50b7870d9fc0.mp4,0,REAL,348.3173397835344
/workspace/data/genbuster-mini/extracted/GenBuster-200K-mini/benchmark/fake/sora/5afbba3f9d7a24fb1af384bd86bf554bcbeacc4851814ec7fbadd69452ead656.mp4,1,FAKE,377.6990189217031
/workspace/data/genbuster-mini/extracted/GenBuster-200K-mini/benchmark/fake/sora/5a506b53f57802ec32f3a3ea4c5871d4607de7717f63479315ab76b2e8735269.mp4,1,FAKE,386.80253899656236
/workspace/data/genbuster-mini/extracted/GenBuster-200K-mini/benchmark/fake/sora/58cdc10e5cafe6c248a1a2b473348583fc75c04ae15849b3fc3a391ea74a6a94.mp4,1,FAKE,443.3895971160382
/workspace/data/genbuster-mini/extracted/GenBuster-200K-mini/benchmark/fake/sora/5894f21278c021c4ead340475dcdf472c1e205525fa4e5a935f02c9677f07a77.mp4,0,REAL,366.0430680029094
/workspace/data/genbuster-mini/extracted/GenBuster-200K-mini/benchmark/fake/sora/57aad1a95a3bc7278b79caff8009657f3ece8f1950ca8f7fb5710592eede16fb.mp4,1,FAKE,370.1436659321189
/workspace/data/genbuster-mini/extracted/GenBuster-200K-mini/benchmark/fake/sora/56bffc46cfefc6d7b029994942fd0711c8f3f880fb56476e5d684b4b7fe305f8.mp4,1,FAKE,372.8676091413945
/workspace/data/genbuster-mini/extracted/GenBuster-200K-mini/benchmark/fake/sora/55ab6f5090e22c80319073e73bd564bcc02d29fa7f0a17461b6d9366c2d85c86.mp4,1,FAKE,373.0358788743615
/workspace/data/genbuster-mini/extracted/GenBuster-200K-mini/benchmark/fake/sora/54b68b7a890c8395d3d82c03c033f93d6dab98c2cb6bb2c815d804f6e2f717a9.mp4,1,FAKE,431.86538596637547
/workspace/data/genbuster-mini/extracted/GenBuster-200K-mini/benchmark/fake/sora/4fe8c571c0ca1b7b6aa933e5b81a385fbcfbe20e736d274456770a1d68ded8ec.mp4,1,FAKE,364.35274104587734
/workspace/data/genbuster-mini/extracted/GenBuster-200K-mini/benchmark/fake/sora/4fe3e8e230fc6707f96e21dbc65c962065b2e3941f82a9669235dd859a8be94b.mp4,0,REAL,463.30910292454064
/workspace/data/genbuster-mini/extracted/GenBuster-200K-mini/benchmark/fake/sora/4dda247368056550cf7c8a087855bda49048623fcc654bfd2adf0a3cc6b2d30b.mp4,1,FAKE,388.44534708186984
/workspace/data/genbuster-mini/extracted/GenBuster-200K-mini/benchmark/fake/sora/4bbcf5aca827fe43681887a09255cf6a620d1a3d5547d838dced52351a395f38.mp4,0,REAL,453.7800010293722
/workspace/data/genbuster-mini/extracted/GenBuster-200K-mini/benchmark/fake/sora/4b1e69d2cca9b6f0e0fa3509d228e641a0cd016c525aa1c83468b10c0114eb9a.mp4,1,FAKE,439.1526780091226
/workspace/data/genbuster-mini/extracted/GenBuster-200K-mini/benchmark/fake/sora/49641a5d9f5757d56f7bbf89505d555e21f49eb7092997144413d3305648be7c.mp4,1,FAKE,358.1027139443904
/workspace/data/genbuster-mini/extracted/GenBuster-200K-mini/benchmark/fake/sora/48c24c5fd88598584646c82172542fcbde73c0c215e29538bf9e9cfa74b3bd98.mp4,0,REAL,346.7316951137036
/workspace/data/genbuster-mini/extracted/GenBuster-200K-mini/benchmark/fake/sora/4865b80e3f2364ae2811829570de93d68c5ab3380e1c27f2dfa04f3386b3432f.mp4,0,REAL,337.85473508760333
/workspace/data/genbuster-mini/extracted/GenBuster-200K-mini/benchmark/fake/sora/47a298c1a1e8c5960c8669a82374c1a66e958c5388c0dceabfac3d51816a081e.mp4,0,REAL,334.6576220355928
/workspace/data/genbuster-mini/extracted/GenBuster-200K-mini/benchmark/fake/sora/45f0534bc58825203670918e007171e74e37f8827779e35d0d9ca562ad3c2f12.mp4,1,FAKE,368.5139489825815
/workspace/data/genbuster-mini/extracted/GenBuster-200K-mini/benchmark/fake/sora/441bbb7fb1fc50ae84e8f5aa45bfd6b3fd39212d3ddd721b05c946e870a7faf6.mp4,0,REAL,335.89870599098504
/workspace/data/genbuster-mini/extracted/GenBuster-200K-mini/benchmark/fake/sora/41a34f0712af95dbf343d9244e4c1b4cd492e085c1dc47466ca3d7b4a168327c.mp4,1,FAKE,375.22913818247616
/workspace/data/genbuster-mini/extracted/GenBuster-200K-mini/benchmark/fake/sora/3fd44998b6ab3d5aedb1d0a80079f7f6010a5ca4d9ae4e9eef951e379bfb3c68.mp4,1,FAKE,368.47166903316975
/workspace/data/genbuster-mini/extracted/GenBuster-200K-mini/benchmark/fake/sora/3d195d492843072a74ee6f89167c07b23c27bb2c3cea5b77a03b0787e2396186.mp4,0,REAL,338.2890981156379
/workspace/data/genbuster-mini/extracted/GenBuster-200K-mini/benchmark/fake/sora/38039201b9b770f05e4b06be7cb7974b97e7c5485a8c11b1224c37c9e935413e.mp4,1,FAKE,430.1255401223898
/workspace/data/genbuster-mini/extracted/GenBuster-200K-mini/benchmark/fake/sora/37720f36e90ebeb7e6d11df08c4b0c138af84ae4e76392e55640b9dbb0072dc5.mp4,0,REAL,346.8457548879087
/workspace/data/genbuster-mini/extracted/GenBuster-200K-mini/benchmark/fake/sora/355f9374b5bd3dc23080f75d0c42edfa422c0a0abb87cbb4e74b4db5f57ebf00.mp4,0,REAL,342.2986438963562
/workspace/data/genbuster-mini/extracted/GenBuster-200K-mini/benchmark/fake/sora/341eff9279d02c0cb58533acb78351e9fb968b809291db36783408cc8c812886.mp4,0,REAL,350.71942186914384
/workspace/data/genbuster-mini/extracted/GenBuster-200K-mini/benchmark/fake/sora/3298c41511afc519600df7764f62d7691754bbe834016ba87c3155bc87ea0fa3.mp4,0,REAL,341.76437207497656
/workspace/data/genbuster-mini/extracted/GenBuster-200K-mini/benchmark/fake/sora/323ac78849bf8eb9ccb9d92c3ff9c3a1766114450cc494fff8659757f55ac0a8.mp4,0,REAL,341.533272061497
/workspace/data/genbuster-mini/extracted/GenBuster-200K-mini/benchmark/fake/sora/31a8a9ccfbe2e274e03fc9413f275b9f5467e61b6df1571ab7587bd60fae7388.mp4,1,FAKE,377.90970993228257
/workspace/data/genbuster-mini/extracted/GenBuster-200K-mini/benchmark/fake/sora/30e8073650a748244d04f4a1e52eb62e7cde9b354072ac68a85cff3ef95aeb51.mp4,0,REAL,338.63914804533124
/workspace/data/genbuster-mini/extracted/GenBuster-200K-mini/benchmark/fake/sora/304446209b9a8fe0ac74d57e608ad7e277c5d579c915cc1ff7fa367dce537999.mp4,0,REAL,356.0567549429834
/workspace/data/genbuster-mini/extracted/GenBuster-200K-mini/benchmark/fake/sora/2f27a81043d0e29bc0c9955594526250e58614eecc0d95284eaf9c12054f7d46.mp4,1,FAKE,376.10440282151103
/workspace/data/genbuster-mini/extracted/GenBuster-200K-mini/benchmark/fake/sora/2f2393855e81c4d9629bfb018fb98895f6d7c774786b7e624679ac951aa8b821.mp4,1,FAKE,366.6363910306245
/workspace/data/genbuster-mini/extracted/GenBuster-200K-mini/benchmark/fake/sora/2c3d723d34728692d436966e972a7d8e208d38cd97222b8a094fcb044c055dcd.mp4,0,REAL,416.68439912609756
/workspace/data/genbuster-mini/extracted/GenBuster-200K-mini/benchmark/fake/sora/2af46c1a0294248b9de9b297d5726234ea4aa4ecad12868f085560fa081e0c33.mp4,1,FAKE,363.0848459433764
/workspace/data/genbuster-mini/extracted/GenBuster-200K-mini/benchmark/fake/sora/2a37a23239ea08b760d26436c8755c935e0e579b9341c9dd9f27958c2cdcbff5.mp4,1,FAKE,382.3252699803561
/workspace/data/genbuster-mini/extracted/GenBuster-200K-mini/benchmark/fake/sora/28323d3622122c94f3c3493d07d5bb8c26545ac2104cc9666957c2e4f37406cb.mp4,1,FAKE,391.50895993225276
/workspace/data/genbuster-mini/extracted/GenBuster-200K-mini/benchmark/fake/sora/28197cb300223e2749d487cf61284d60e5edbf54f543c1a2123ba0571f75f256.mp4,0,REAL,362.0780019555241
/workspace/data/genbuster-mini/extracted/GenBuster-200K-mini/benchmark/fake/sora/25331e2a389e38c28c10e8cf3eb0fc74f1fa80eceec1632d6b19f95c900e7d27.mp4,0,REAL,380.59985102154315
/workspace/data/genbuster-mini/extracted/GenBuster-200K-mini/benchmark/fake/sora/210da8c580174519898cf6f8ee2dff4182c8bd31abbdeaaaf125a233645edf30.mp4,0,REAL,340.744418092072
/workspace/data/genbuster-mini/extracted/GenBuster-200K-mini/benchmark/fake/sora/1d39b7a95aa723243825b741fe122d90a9a9483c6ef53ce85f637b8cf8cad46a.mp4,1,FAKE,367.9723870009184
/workspace/data/genbuster-mini/extracted/GenBuster-200K-mini/benchmark/fake/sora/1cf5f3c8be3e91441c626e9dc004dd20c1bedf58128fb5757bb044d423480d8a.mp4,0,REAL,348.9834750071168
/workspace/data/genbuster-mini/extracted/GenBuster-200K-mini/benchmark/fake/sora/1b14cf829b2af6036688d38884fb84067e38de1aa4c8bb745f399d8074c9b397.mp4,0,REAL,350.7280619814992
/workspace/data/genbuster-mini/extracted/GenBuster-200K-mini/benchmark/fake/sora/1a44cf5c0c4ad9c1324c951ccf6c3eb6b0cbb2aa161bbafb2b1c68e51d10ee2f.mp4,0,REAL,577.713473001495
/workspace/data/genbuster-mini/extracted/GenBuster-200K-mini/benchmark/fake/sora/190a7c95ad635c468058f84bc43e36b3e6c46c4ab228a21d290163bdb0f1f805.mp4,0,REAL,343.27865904197097
/workspace/data/genbuster-mini/extracted/GenBuster-200K-mini/benchmark/fake/sora/1829dfe5b2488c5330cab1e256dfb39cbe80266703e4d8c8fe20f7ac7098cf86.mp4,1,FAKE,361.98900104500353
/workspace/data/genbuster-mini/extracted/GenBuster-200K-mini/benchmark/fake/sora/17432574d074603a0134897c272308b1e572f852b3c7a990dab59d89261fe007.mp4,0,REAL,337.1582420077175
/workspace/data/genbuster-mini/extracted/GenBuster-200K-mini/benchmark/fake/sora/16f7f2cfe2970a974b15b137e7e5b3eb243f83d1cd28107302dfe61b17bfa42d.mp4,1,FAKE,390.5242148321122
/workspace/data/genbuster-mini/extracted/GenBuster-200K-mini/benchmark/fake/sora/159f136615aea2fd3889f316a04a6f8bb00f47e8f090d528ff324238e59ec7ac.mp4,0,REAL,341.3640009239316
/workspace/data/genbuster-mini/extracted/GenBuster-200K-mini/benchmark/fake/sora/14f0e8be77b3278855acb003b52c8ade3530d42f42f9cd62604be377ecf37ce8.mp4,1,FAKE,445.0773939024657
/workspace/data/genbuster-mini/extracted/GenBuster-200K-mini/benchmark/fake/sora/12a8ca19ce576aad0d01f4c739024cde4953d7664b4d91db439a5493bc3581d4.mp4,1,FAKE,381.13160408101976
/workspace/data/genbuster-mini/extracted/GenBuster-200K-mini/benchmark/fake/sora/124b810f71d95eff57f01a8c11f41a11f0095f03932758678464677697a3c2dd.mp4,1,FAKE,407.98176103271544
/workspace/data/genbuster-mini/extracted/GenBuster-200K-mini/benchmark/fake/sora/11f90da010173d4f72208f067f778b699eafb7a52fb76373c5d22d4785c8b2d6.mp4,1,FAKE,377.32033687643707
/workspace/data/genbuster-mini/extracted/GenBuster-200K-mini/benchmark/fake/sora/119edb5d3cfdfd7b43240912ae19de2ff06533fbabcd361dcecd801835a799a1.mp4,1,FAKE,372.5284170359373
/workspace/data/genbuster-mini/extracted/GenBuster-200K-mini/benchmark/fake/sora/1194c25f803627bd81772357f8e253edeb7e6259e9e07e0ef80f060f2c9e24fe.mp4,0,REAL,352.6062190067023
/workspace/data/genbuster-mini/extracted/GenBuster-200K-mini/benchmark/fake/sora/0f700f160913012fe993b65d128feaee0d00253a99c6735a1a6a99f4eb6b7163.mp4,1,FAKE,361.44594801589847
/workspace/data/genbuster-mini/extracted/GenBuster-200K-mini/benchmark/fake/sora/0b90f9060a7a19fcc4ec5a6d5b2110d76937c4e960da89e7393b7d5a13f397af.mp4,1,FAKE,360.5752638541162
/workspace/data/genbuster-mini/extracted/GenBuster-200K-mini/benchmark/fake/sora/0aa26abe42f4272804f2b030791d3be01ad4ebdf39dd4686355194c42721ccd2.mp4,0,REAL,419.1567699890584
/workspace/data/genbuster-mini/extracted/GenBuster-200K-mini/benchmark/fake/sora/09ed41a444814fd2029f82774705cdc4544cc20ce43b12f5ae7391767bd7c247.mp4,0,REAL,342.46662515215576
/workspace/data/genbuster-mini/extracted/GenBuster-200K-mini/benchmark/fake/sora/076736ade4d5f44fb0b1798c21b15223e2e58f1802521d968a9a245ab954e63e.mp4,0,REAL,341.0058398731053
/workspace/data/genbuster-mini/extracted/GenBuster-200K-mini/benchmark/fake/sora/04c4ee325148c0f808ab4301aec9944f7529f54ccb7adde767cab229841b296d.mp4,0,REAL,355.0293499138206
/workspace/data/genbuster-mini/extracted/GenBuster-200K-mini/benchmark/fake/sora/04a537dcf1d94db097dd42b9f5460161b9dcd01a7a9ba3391777d35152eb2e0c.mp4,1,FAKE,362.36123205162585
/workspace/data/genbuster-mini/extracted/GenBuster-200K-mini/benchmark/fake/sora/04a3e498fa13b20d309dc99e482e02dd00631fedf47a001593b25ddc763d87e2.mp4,1,FAKE,380.7287230156362
/workspace/data/genbuster-mini/extracted/GenBuster-200K-mini/benchmark/fake/pika/fc74bdd83e76b91234c2ab9a98af1a1de31823a0b4d7dd7ffba09f9d0269659f.mp4,1,FAKE,385.592944920063
/workspace/data/genbuster-mini/extracted/GenBuster-200K-mini/benchmark/fake/pika/fbda5a1c738cfd8c7280b578e045b2201ef28832a12b6981a1b79f4e15f0be53.mp4,1,FAKE,356.03787493892014
/workspace/data/genbuster-mini/extracted/GenBuster-200K-mini/benchmark/fake/pika/f9076d91c5cfccfc4538fff5cb2437a4f0c4374a0432fac31d255c3cf93fc588.mp4,1,FAKE,370.77254010364413
/workspace/data/genbuster-mini/extracted/GenBuster-200K-mini/benchmark/fake/pika/f6db7656b2a20dc37ee925b694d24a81224ce47fada8dee4fd26dd8cc2ce3a3e.mp4,0,REAL,342.8435081150383
/workspace/data/genbuster-mini/extracted/GenBuster-200K-mini/benchmark/fake/pika/f6164a380870793e3cc5f43f0c7d59f778ad1e32beb412d771387a2fe097cf69.mp4,0,REAL,405.5900820530951
/workspace/data/genbuster-mini/extracted/GenBuster-200K-mini/benchmark/fake/pika/f60612775c35b61a17677fda7100f94d2002750373419928233f7eaf7a74d24c.mp4,0,REAL,419.9185238685459
/workspace/data/genbuster-mini/extracted/GenBuster-200K-mini/benchmark/fake/pika/efb76254c738ddd0adb9ee906bdeaa7af33d2cfc2dfe9163a925158e6d866551.mp4,1,FAKE,366.7098409496248
/workspace/data/genbuster-mini/extracted/GenBuster-200K-mini/benchmark/fake/pika/ed10e0bc9c7cd246828a4c4f50f4533432bd7f380da81a585242841bf0164590.mp4,0,REAL,425.81041902303696
/workspace/data/genbuster-mini/extracted/GenBuster-200K-mini/benchmark/fake/pika/eb464f4a512669c4e5e5628a383b2f11a312845da049b191537a81ca2e0da975.mp4,0,REAL,335.99805692210793
/workspace/data/genbuster-mini/extracted/GenBuster-200K-mini/benchmark/fake/pika/eb2d7b42d10c55307515027f955200a98c5b611549e7c93619d76d2cde34058e.mp4,1,FAKE,366.63810117170215
/workspace/data/genbuster-mini/extracted/GenBuster-200K-mini/benchmark/fake/pika/e6c3f03ab6ece93ecaf8ce5c639ff58e481ed27a6bc1d449becb36d95fce79e4.mp4,0,REAL,350.44704005122185
/workspace/data/genbuster-mini/extracted/GenBuster-200K-mini/benchmark/fake/pika/e64cc08b900844e4360631e53aff59897cfb2bbd1df964762ea58193a47f81e0.mp4,0,REAL,360.30504386872053
/workspace/data/genbuster-mini/extracted/GenBuster-200K-mini/benchmark/fake/pika/e4588562fabe50b1297c72444cfabf2a09f97748fa41c4ae43cb1808a0ea53b8.mp4,0,REAL,344.3862039130181
/workspace/data/genbuster-mini/extracted/GenBuster-200K-mini/benchmark/fake/pika/e3e2c06db65d9925fa6ee5612cd90d8e64c1a89f3011bf2a440670cf34919fc8.mp4,0,REAL,348.38162106461823
/workspace/data/genbuster-mini/extracted/GenBuster-200K-mini/benchmark/fake/pika/e2cdabed4ce9043e6dae773cb85512a935366541e456129624cfb198de807e6a.mp4,1,FAKE,378.8984848652035
/workspace/data/genbuster-mini/extracted/GenBuster-200K-mini/benchmark/fake/pika/dfb04559195579059744af6fb4497928ba95e3537f809adf7058354e8fde7cab.mp4,1,FAKE,376.66612514294684
/workspace/data/genbuster-mini/extracted/GenBuster-200K-mini/benchmark/fake/pika/dda85fbc3402ef7a70c6361fc43a41c3097f13ab46ecb6718bfa1dd0e6314af3.mp4,0,REAL,404.76149693131447
/workspace/data/genbuster-mini/extracted/GenBuster-200K-mini/benchmark/fake/pika/dd6a5de71bc5512761235de106abf5e9337e3f4f0a7af9f98eeb738d8a5e97fc.mp4,0,REAL,340.97532904706895
/workspace/data/genbuster-mini/extracted/GenBuster-200K-mini/benchmark/fake/pika/dd30a676fbef2674255a5fa724465b15d8a56db53a2cb255cde31bb3b8f0e350.mp4,1,FAKE,386.2538058310747
/workspace/data/genbuster-mini/extracted/GenBuster-200K-mini/benchmark/fake/pika/dc1227fa2ef70dfa8e917933b2e0169ef8c2ea3b3e07063a545bac4da690f010.mp4,0,REAL,418.5372581705451
/workspace/data/genbuster-mini/extracted/GenBuster-200K-mini/benchmark/fake/pika/da0fde02b7542fc99501d0e43279fc4a622bc5a33d7b9c66b7d4bbddce2777b8.mp4,0,REAL,393.394208047539
/workspace/data/genbuster-mini/extracted/GenBuster-200K-mini/benchmark/fake/pika/d9f85035a3c3b09e7a9e484f937d78ea865a91896537a2dabaa99dbbbe3c3197.mp4,1,FAKE,379.5030580367893
/workspace/data/genbuster-mini/extracted/GenBuster-200K-mini/benchmark/fake/pika/d78bc9b7b345b820e011043239c589d4fa9c0f6f7e2aa15a2efa24229b65ff56.mp4,0,REAL,387.8492040093988
/workspace/data/genbuster-mini/extracted/GenBuster-200K-mini/benchmark/fake/pika/d3e302b706c1ccf01a2fc6ef1e39eb3900621264d8d77d9adf7d01cf4b35fedb.mp4,0,REAL,342.5609760452062
/workspace/data/genbuster-mini/extracted/GenBuster-200K-mini/benchmark/fake/pika/d34cfadd56791683b537a7b5cea310b274858429b28afcab759ad7e5566e3a48.mp4,0,REAL,334.34864901937544
/workspace/data/genbuster-mini/extracted/GenBuster-200K-mini/benchmark/fake/pika/d129a841fe082341dd2bba1185851e8533ad8d91e0ffecf00279ada1530ec5d2.mp4,1,FAKE,377.9408389236778
/workspace/data/genbuster-mini/extracted/GenBuster-200K-mini/benchmark/fake/pika/cda72e2f95e371207c18a0072e216b46bacb72c82607b4b0077e03c04b634046.mp4,1,FAKE,360.02759193070233
/workspace/data/genbuster-mini/extracted/GenBuster-200K-mini/benchmark/fake/pika/c3878ae31e0f881d9ddf3d46d8ebb708348b250d78d6d8b14e160c0c77d3da2e.mp4,0,REAL,336.83443116024137
/workspace/data/genbuster-mini/extracted/GenBuster-200K-mini/benchmark/fake/pika/c311a229c3900935c28d4bbe6cbff206349bcedb635a1d74588f003b9cf1dab4.mp4,1,FAKE,440.9766460303217
/workspace/data/genbuster-mini/extracted/GenBuster-200K-mini/benchmark/fake/pika/c1af5f05d038f2377f45d8c13f1eef34a42b58e199aa92329729a0c89c936fec.mp4,1,FAKE,371.6028730850667
/workspace/data/genbuster-mini/extracted/GenBuster-200K-mini/benchmark/fake/pika/c1607ca27f026805b7bddb8ba5f336b2b758a6d2ac5dc066bc3f0c74fa0417b9.mp4,1,FAKE,362.2253420762718
/workspace/data/genbuster-mini/extracted/GenBuster-200K-mini/benchmark/fake/pika/bfe7eba33fd5d5c99c7b08c95d7a0ed80f3899da37bde44ac78018eeace2defb.mp4,0,REAL,340.9446489531547
/workspace/data/genbuster-mini/extracted/GenBuster-200K-mini/benchmark/fake/pika/bd98ce6bcac809a2d0a54f45b8e1c53cc87eb01066805656ccb6c4208647a4b0.mp4,0,REAL,342.1356740873307
/workspace/data/genbuster-mini/extracted/GenBuster-200K-mini/benchmark/fake/pika/b8aa1e3be71b4bd8b2e362e0f7e8f7b204af912a9bab332b1d0c8effd1b51c53.mp4,1,FAKE,361.08874599449337
/workspace/data/genbuster-mini/extracted/GenBuster-200K-mini/benchmark/fake/pika/b879e3f4bf1a35fb5a5fb305967519adc47f5b1e06840e62dcc45eae95876ddc.mp4,1,FAKE,364.4844810478389
/workspace/data/genbuster-mini/extracted/GenBuster-200K-mini/benchmark/fake/pika/b7a22f47e8b8166ff8661b248067e4a62eade1978bd88b1bb363d1735597775e.mp4,0,REAL,429.24780515022576
/workspace/data/genbuster-mini/extracted/GenBuster-200K-mini/benchmark/fake/pika/b70a8e48cbcbf4612a5a68a397a799bd959e31bce70e4447e1ecac195f2fcd4c.mp4,0,REAL,347.6648679934442
/workspace/data/genbuster-mini/extracted/GenBuster-200K-mini/benchmark/fake/pika/b6e694023a16b31e8ddd8535ac0838c9c9ec7fc9b4847a1f4ef3fe1fa3decdec.mp4,0,REAL,350.21190997213125
/workspace/data/genbuster-mini/extracted/GenBuster-200K-mini/benchmark/fake/pika/b5ed10dc4f3e1389e4d67b9cd0aa75f80d0bee35db8e27766bfac9f39c35c901.mp4,1,FAKE,369.05602109618485
/workspace/data/genbuster-mini/extracted/GenBuster-200K-mini/benchmark/fake/pika/b40ecffc8f2e68a4e4efdee0cfd36a9f19474a419937c919f414373cff0765d8.mp4,1,FAKE,432.1018368937075
/workspace/data/genbuster-mini/extracted/GenBuster-200K-mini/benchmark/fake/pika/b3d94e0e78aadb4a67fb35733b19c2af7277601e511a9099020dbdd8bf21bb0c.mp4,0,REAL,375.2779390197247
/workspace/data/genbuster-mini/extracted/GenBuster-200K-mini/benchmark/fake/pika/b30b7feeb04101f277b46723d013f5cf3fa64e089f8c4bd734823d50bb174a32.mp4,0,REAL,412.72275312803686
/workspace/data/genbuster-mini/extracted/GenBuster-200K-mini/benchmark/fake/pika/b22120bb05804596c3cfd9809b0e99b2f6253a938a1d82c1f35adf344e09e4df.mp4,0,REAL,342.66623691655695
/workspace/data/genbuster-mini/extracted/GenBuster-200K-mini/benchmark/fake/pika/b0a79819811833d4819ae855e35907ed044a31785cd019830c3239016dd40277.mp4,1,FAKE,514.0046451706439
/workspace/data/genbuster-mini/extracted/GenBuster-200K-mini/benchmark/fake/pika/ab438d629dffa1b3c8d8da094c07591d928d13024a4bec27b992cef8960e8e75.mp4,0,REAL,338.401717832312
/workspace/data/genbuster-mini/extracted/GenBuster-200K-mini/benchmark/fake/pika/a70ecd69bb018a498cec1659bf62efc81e1846e901474fbaf42aa70e5268c1d9.mp4,0,REAL,356.40513617545366
/workspace/data/genbuster-mini/extracted/GenBuster-200K-mini/benchmark/fake/pika/a0d3b59cf12c60e89f736814318e0191c99ae8e8a1da89107bf7045eea82f408.mp4,0,REAL,405.0764390267432
/workspace/data/genbuster-mini/extracted/GenBuster-200K-mini/benchmark/fake/pika/9d63403c6bca7006ed70d011b59403539afedb33f37aef0076bb355fb2aa1dd3.mp4,1,FAKE,412.7383721061051
/workspace/data/genbuster-mini/extracted/GenBuster-200K-mini/benchmark/fake/pika/9cfb6d139842fe95d62048051ee4ec9922df8c4791db48bd90ad7f9508f67b8f.mp4,1,FAKE,365.08074402809143
/workspace/data/genbuster-mini/extracted/GenBuster-200K-mini/benchmark/fake/pika/9c6034bc7a7cb76f48775c724e1889450863c8c637cd1750e65abce3279e09d4.mp4,1,FAKE,371.7981828376651
/workspace/data/genbuster-mini/extracted/GenBuster-200K-mini/benchmark/fake/pika/9a0b021c264be9d85870aabcd936e56c2b6fc4849fdc56af9851f52439e38960.mp4,0,REAL,338.69769889861345
/workspace/data/genbuster-mini/extracted/GenBuster-200K-mini/benchmark/fake/pika/995c76cd16307489da6d595c86f27d8d4be6fa99178daae62274540c73be17cd.mp4,0,REAL,413.96927810274065
/workspace/data/genbuster-mini/extracted/GenBuster-200K-mini/benchmark/fake/pika/98f35b33a0dcf8d4c9760e56e9e08a65019ec0e82bd1693083fa6a61fb4e59fd.mp4,0,REAL,391.4097680244595
/workspace/data/genbuster-mini/extracted/GenBuster-200K-mini/benchmark/fake/pika/939eca6044ae3b6d3f7c51744e3d08ebc7480f1a2fb2bfbba28e129c7d3aae48.mp4,0,REAL,345.57915898039937
/workspace/data/genbuster-mini/extracted/GenBuster-200K-mini/benchmark/fake/pika/927832f853528d5cf8465e96a76882e0b4a4341c140368facc904b0f463c3aa3.mp4,1,FAKE,375.84250094369054
/workspace/data/genbuster-mini/extracted/GenBuster-200K-mini/benchmark/fake/pika/87915f8d833b82a63940a354fba88d73981561f8fb9b001a5c7322b914619b49.mp4,1,FAKE,374.0918040275574
/workspace/data/genbuster-mini/extracted/GenBuster-200K-mini/benchmark/fake/pika/825ec539de744ec6d3f29593367a5b5fe9f6da8f82c513748636ace0cbb7e20d.mp4,1,FAKE,358.5862461477518
/workspace/data/genbuster-mini/extracted/GenBuster-200K-mini/benchmark/fake/pika/7be32452bf93a8dfa141cda33ccac89aa73b90f43aaf4f4bdbc5c7c72ee13646.mp4,1,FAKE,370.1645080000162
/workspace/data/genbuster-mini/extracted/GenBuster-200K-mini/benchmark/fake/pika/7a8c19ebbb72c9839ca863361644140bb9164b6f4dafc5811d1e2dd87d84cf2e.mp4,0,REAL,352.29069902561605
/workspace/data/genbuster-mini/extracted/GenBuster-200K-mini/benchmark/fake/pika/794c78124c67a84b8f595cf13390f9c57d37a8364f2bc932dc76b31f9a5cfbc3.mp4,0,REAL,330.2076018881053
/workspace/data/genbuster-mini/extracted/GenBuster-200K-mini/benchmark/fake/pika/75c551ee2082e047436809ce9f231dd909ff60c350c2aab157ad5f8e132fa613.mp4,1,FAKE,390.86122694425285
/workspace/data/genbuster-mini/extracted/GenBuster-200K-mini/benchmark/fake/pika/73c073f93c98c0c48dda0c797647d2a7c511b336def1fab9e79850505a87e80d.mp4,1,FAKE,374.85298700630665
/workspace/data/genbuster-mini/extracted/GenBuster-200K-mini/benchmark/fake/pika/73a79ba5bfc3f9e0d0450db3291d4ae6dc1621a77321b9f3d2f31a013807e9bc.mp4,1,FAKE,376.7492650076747
/workspace/data/genbuster-mini/extracted/GenBuster-200K-mini/benchmark/fake/pika/6d4dc60f2c7f7f0ad028b25751d88a11bd6f4b27f934513f53fc194a2868334c.mp4,0,REAL,344.87858694046736
/workspace/data/genbuster-mini/extracted/GenBuster-200K-mini/benchmark/fake/pika/69659f79707bf8f653480e3912cdf5759c79809f0a51abc245e4e597f290a545.mp4,0,REAL,335.78908699564636
/workspace/data/genbuster-mini/extracted/GenBuster-200K-mini/benchmark/fake/pika/671f5cbf3ef7fecd14f730dd50392baf3bc0c2b6745340959d67166773d0099f.mp4,1,FAKE,361.6599889937788
/workspace/data/genbuster-mini/extracted/GenBuster-200K-mini/benchmark/fake/pika/66d75b7918e622d086b1591ec59fb5bca9369f67c732dc1d00125e0b6e17604a.mp4,0,REAL,332.3670718818903
/workspace/data/genbuster-mini/extracted/GenBuster-200K-mini/benchmark/fake/pika/66acbf56343d85b4e8fef1e12edc5843c9b655533c76245148ddd77895be079b.mp4,1,FAKE,363.6584768537432
/workspace/data/genbuster-mini/extracted/GenBuster-200K-mini/benchmark/fake/pika/669753586a0f3d1fb94cf364f1c97d22d9f4bf127e33b30da55eba0734e07726.mp4,1,FAKE,382.96848302707076
/workspace/data/genbuster-mini/extracted/GenBuster-200K-mini/benchmark/fake/pika/62f45d26cbd8235a41fd346e948b5525d153086a35df934785e33ccccb0b214b.mp4,1,FAKE,367.45822289958596
/workspace/data/genbuster-mini/extracted/GenBuster-200K-mini/benchmark/fake/pika/62b0ac134115d886665ab47888712486ef07467738dcfbeb39c21b2d0d491d82.mp4,0,REAL,336.10565890558064
/workspace/data/genbuster-mini/extracted/GenBuster-200K-mini/benchmark/fake/pika/62886e6e3d149ad4e8f4b04179549426bc2fe502badb0f61c00487b1d3ec7d41.mp4,0,REAL,337.5465339049697
/workspace/data/genbuster-mini/extracted/GenBuster-200K-mini/benchmark/fake/pika/5f6af2540a856799b9d3ef0c83e4c88d2a2bc1e158f40674ac2a520193c88cd6.mp4,0,REAL,337.5981349963695
/workspace/data/genbuster-mini/extracted/GenBuster-200K-mini/benchmark/fake/pika/581e011afc5fc884f027dd4d0dbe243eaf720c61bc251d1f7702eb13133b161a.mp4,1,FAKE,418.6348158400506
/workspace/data/genbuster-mini/extracted/GenBuster-200K-mini/benchmark/fake/pika/56a0c9ac24de50822cac6071b5e5e1636dc57b32c3a05b0774d743a87c6385c1.mp4,0,REAL,342.38626598380506
/workspace/data/genbuster-mini/extracted/GenBuster-200K-mini/benchmark/fake/pika/53a914adcec4b11b7af4c23f9867fd14a0b4cb42efd81a1c5d713a94adafe74a.mp4,1,FAKE,376.8836159724742
/workspace/data/genbuster-mini/extracted/GenBuster-200K-mini/benchmark/fake/pika/5254e2d51ccef9673b0f7705a6220332e13ec2c4b0b86df645668f3682792c59.mp4,0,REAL,344.5122451521456
/workspace/data/genbuster-mini/extracted/GenBuster-200K-mini/benchmark/fake/pika/3e29e82043489b8d7ba58f4d9a288717f7694f0cd534ce5a73632b670edf3768.mp4,1,FAKE,367.9435870144516
/workspace/data/genbuster-mini/extracted/GenBuster-200K-mini/benchmark/fake/pika/39e4135144a9f854e9516d6a6f994267174d55a24b1e45b23517c5b0f10c3791.mp4,1,FAKE,460.8370899222791
/workspace/data/genbuster-mini/extracted/GenBuster-200K-mini/benchmark/fake/pika/37cdd4f43054ccfaad6784c12502ef9d0f7aa483a36aef5aaf4a069ca0db1f49.mp4,1,FAKE,373.70443204417825
/workspace/data/genbuster-mini/extracted/GenBuster-200K-mini/benchmark/fake/pika/2f53e7d9227465b1f78092e7594e624e2b4d5a628388d88d3ee06bd98005b7de.mp4,1,FAKE,367.44880490005016
/workspace/data/genbuster-mini/extracted/GenBuster-200K-mini/benchmark/fake/pika/2b5d2b62430b5185b49d20a2f0afbb48bb9cf63614ea94b7d679fa600766ab3c.mp4,0,REAL,340.5813779681921
/workspace/data/genbuster-mini/extracted/GenBuster-200K-mini/benchmark/fake/pika/23692d7be8cc90e830b90e3cfa2c9eeceae8188402575182fb933ee409760d35.mp4,1,FAKE,382.66861089505255
/workspace/data/genbuster-mini/extracted/GenBuster-200K-mini/benchmark/fake/pika/1dc4ae4bb309a6db913167ad789b4b2def193a3906c9002ff847fff5ed4d42d8.mp4,0,REAL,336.9209908414632
/workspace/data/genbuster-mini/extracted/GenBuster-200K-mini/benchmark/fake/pika/1ce0331df1d0c5895a526e31a50e8a3d6adc8fce1470af7b61681da8dd1d09de.mp4,0,REAL,337.9180459305644
/workspace/data/genbuster-mini/extracted/GenBuster-200K-mini/benchmark/fake/pika/1aa281030c17847821606db4f5bbe6fbc89ed78f566f54c338277b757d64dd90.mp4,1,FAKE,366.40456900931895
/workspace/data/genbuster-mini/extracted/GenBuster-200K-mini/benchmark/fake/pika/15695567381c160ffe16a856a403ce930f518e5a76b819a7cbbb4ba05d17879b.mp4,1,FAKE,365.1252049021423
/workspace/data/genbuster-mini/extracted/GenBuster-200K-mini/benchmark/fake/pika/13bf159e1ccd6d14593c0e6ab7c7750c901583e0b31f25435981e183e7873ede.mp4,1,FAKE,456.19509904645383
/workspace/data/genbuster-mini/extracted/GenBuster-200K-mini/benchmark/fake/pika/137370f6d0c9253958c3152ad70a34c92bf98eac27671b4446d6c061d33193af.mp4,1,FAKE,452.3578439839184
/workspace/data/genbuster-mini/extracted/GenBuster-200K-mini/benchmark/fake/pika/1274bf20abfadf9571dfe7f1088614eceb59060b8d4a3c9a6221d10e5159c6f6.mp4,1,FAKE,381.4739449881017
/workspace/data/genbuster-mini/extracted/GenBuster-200K-mini/benchmark/fake/pika/104160327684a28de197913495786d175e3ede7461bd3b4a7deaf21e86ba4cd1.mp4,1,FAKE,377.12546600960195
/workspace/data/genbuster-mini/extracted/GenBuster-200K-mini/benchmark/fake/pika/0e84756a85111f2578dd42025a8c16e09032f0f981bbdbd9e8f1f9ff2309444a.mp4,0,REAL,344.2829130217433
/workspace/data/genbuster-mini/extracted/GenBuster-200K-mini/benchmark/fake/pika/0c9fad2dc2532afaaedf485c8e4ae053ea89713d252a342d16ce0cfed2d8b349.mp4,1,FAKE,369.80812391266227
/workspace/data/genbuster-mini/extracted/GenBuster-200K-mini/benchmark/fake/pika/0c37753660d10db749ed54c8c4b4fb94b861c92d8a75650b5e977640b507a954.mp4,0,REAL,338.5994699783623
/workspace/data/genbuster-mini/extracted/GenBuster-200K-mini/benchmark/fake/pika/09fab2b29b14bc0eddc2d900c9e03f09caf8cce07e05e026af0e1949704c9474.mp4,0,REAL,354.60978001356125
/workspace/data/genbuster-mini/extracted/GenBuster-200K-mini/benchmark/fake/pika/095581faf93d500d396549e321baad6ec25600637b4ae3d96cf88001dbfe5441.mp4,1,FAKE,367.9529868531972
/workspace/data/genbuster-mini/extracted/GenBuster-200K-mini/benchmark/fake/pika/08ce7a365f18973ad7d676ba5ae708e7d9f482189ff3eaf63dcba899e1302ab6.mp4,1,FAKE,376.66407390497625
/workspace/data/genbuster-mini/extracted/GenBuster-200K-mini/benchmark/fake/pika/08bdc1d087466e7cc4883e2443f45c26ee6f1d71566495cebec62b36126f635f.mp4,1,FAKE,388.43142497353256
/workspace/data/genbuster-mini/extracted/GenBuster-200K-mini/benchmark/fake/pika/085b3abec4d6d46a6dfd1ebf221d9ff4ae97f3d88af5e01c0294796f372f964b.mp4,1,FAKE,363.5353879071772
/workspace/data/genbuster-mini/extracted/GenBuster-200K-mini/benchmark/fake/pika/0235e59f00668e92db1c510a55f0700c1b70ff79e5898aa0819672a80393bca6.mp4,0,REAL,439.903159160167
/workspace/data/genbuster-mini/extracted/GenBuster-200K-mini/benchmark/fake/luma/ffc27d2529ce1894c8e6a421870f77e89598424cd55884db9972f9e44dee23f8.mp4,1,FAKE,385.0779610220343
/workspace/data/genbuster-mini/extracted/GenBuster-200K-mini/benchmark/fake/luma/fc8349376fbf9653db666da5631a89e2b5167d8208af72e3416bdc47c7365439.mp4,1,FAKE,364.13319990970194
/workspace/data/genbuster-mini/extracted/GenBuster-200K-mini/benchmark/fake/luma/f9728d6c80a6eb1f3a1205d2d1e5133991d81ded1616fdfb0ec59226853cac5c.mp4,1,FAKE,401.59186301752925
/workspace/data/genbuster-mini/extracted/GenBuster-200K-mini/benchmark/fake/luma/f7ba05c987b32b804c189ce5701e287b9dcd090bf62770ebca8a9e40c01d5030.mp4,1,FAKE,445.8114739973098
/workspace/data/genbuster-mini/extracted/GenBuster-200K-mini/benchmark/fake/luma/f6197a71c23c81747203744da87a1ce61569f593a49dcfae52d82b79632fd6db.mp4,0,REAL,350.88493302464485
/workspace/data/genbuster-mini/extracted/GenBuster-200K-mini/benchmark/fake/luma/f5d545c3d28f62c65868b42274ba5a12c6eab7a09da3b0ed7680722701919865.mp4,1,FAKE,360.49755406565964
/workspace/data/genbuster-mini/extracted/GenBuster-200K-mini/benchmark/fake/luma/f404f142b2214e2df5676cee4f358a85043bc13de97e78cc1331218bb5276fa9.mp4,1,FAKE,378.0225298833102
/workspace/data/genbuster-mini/extracted/GenBuster-200K-mini/benchmark/fake/luma/f4014e746e367c41fe92a7145919cfab261b7f0fdc2abbd8192ad9f0478110c7.mp4,1,FAKE,389.5251010544598
/workspace/data/genbuster-mini/extracted/GenBuster-200K-mini/benchmark/fake/luma/ee2518b78a0aad693bdf6e41e2b89847024bfbdf239f723987e14e2ca67a2471.mp4,1,FAKE,371.74493400380015
/workspace/data/genbuster-mini/extracted/GenBuster-200K-mini/benchmark/fake/luma/ec10c08ad8dc12d9c61340129f4908c991e7b88e0b1af09cb5d98ca3d07027f4.mp4,1,FAKE,391.83280011639
/workspace/data/genbuster-mini/extracted/GenBuster-200K-mini/benchmark/fake/luma/e99162af3c0ada1793bbe05d0da8a92260e47fbfa144ecf775b260a0c04ad85e.mp4,1,FAKE,411.36296512559056
/workspace/data/genbuster-mini/extracted/GenBuster-200K-mini/benchmark/fake/luma/e8a8055e8ccbd5b63de69068e950846e74206a07e8d3bf1970f6dc20cc2170d6.mp4,1,FAKE,428.28220897354186
/workspace/data/genbuster-mini/extracted/GenBuster-200K-mini/benchmark/fake/luma/e7142de9e6886d3f2896312337662b1dfef7e89eb3cd0a09885545aa24e7b8c1.mp4,0,REAL,356.80742794647813
/workspace/data/genbuster-mini/extracted/GenBuster-200K-mini/benchmark/fake/luma/e6c10f39397f9c32df070215600cfc0188cc40a47e068d70cfce770dbc0dc62d.mp4,1,FAKE,382.00076785869896
/workspace/data/genbuster-mini/extracted/GenBuster-200K-mini/benchmark/fake/luma/e691d4635ae96c2c12ab3573c7dc803c052cfddd3067a8b811aaed125e925fb7.mp4,0,REAL,368.22595819830894
/workspace/data/genbuster-mini/extracted/GenBuster-200K-mini/benchmark/fake/luma/e644a29742cd3c60b4b27d2e9fabdd71fe642d222941fe5c3cca23343aa33439.mp4,0,REAL,337.73693488910794
/workspace/data/genbuster-mini/extracted/GenBuster-200K-mini/benchmark/fake/luma/e5c883c1193007086fcfcda2a7924266820a05f534cb9b13345f124356a89722.mp4,0,REAL,349.54905696213245
/workspace/data/genbuster-mini/extracted/GenBuster-200K-mini/benchmark/fake/luma/e387f940b321e2bd31709f89ae9f9745623b092c96a4b94aa5239a1193bfd018.mp4,1,FAKE,400.40961699560285
/workspace/data/genbuster-mini/extracted/GenBuster-200K-mini/benchmark/fake/luma/d6bb9b397aa6fa9a95dfc09f58b3709b9b24ea52dc694ce339fa2a3a527600c4.mp4,1,FAKE,375.62691885977983
/workspace/data/genbuster-mini/extracted/GenBuster-200K-mini/benchmark/fake/luma/d55dbe5c4a68fdec32198af228e736a450009544e4005833fb09810545f00b16.mp4,1,FAKE,363.98973991163075
/workspace/data/genbuster-mini/extracted/GenBuster-200K-mini/benchmark/fake/luma/d1f7d33b44762d8e17ae85c634033beae0577f21c494edc1003dfb7034552d2d.mp4,1,FAKE,374.88396698608994
/workspace/data/genbuster-mini/extracted/GenBuster-200K-mini/benchmark/fake/luma/cde9bbea1b285834fc5d6e85fc10107c68c4b006b1b84db2f16108d161cd106d.mp4,1,FAKE,366.11386807635427
/workspace/data/genbuster-mini/extracted/GenBuster-200K-mini/benchmark/fake/luma/cb31ce27ce95c30e5c525e1ef278f69c650d61f931eb030212697383fe621ba8.mp4,0,REAL,344.78146699257195
/workspace/data/genbuster-mini/extracted/GenBuster-200K-mini/benchmark/fake/luma/c87fe790c924b803f2e67ddab8a79ca00275ea8edfe2295dbe435ed0278d028d.mp4,1,FAKE,370.7772989291698
/workspace/data/genbuster-mini/extracted/GenBuster-200K-mini/benchmark/fake/luma/c71d352245ae2e6972514b099a0b35cee7c9f32f41ac1986cdccbe7828ffa74d.mp4,1,FAKE,370.9335098974407
/workspace/data/genbuster-mini/extracted/GenBuster-200K-mini/benchmark/fake/luma/c653daba980e89e6e6935130a1fb4605daec03ca3863daccf2d7e54ff5850049.mp4,1,FAKE,442.20353895798326
/workspace/data/genbuster-mini/extracted/GenBuster-200K-mini/benchmark/fake/luma/c5f785c4a00119c25bdea636d80c4f4bc1e22f0fe64fa63ceba57dfde12d3a70.mp4,1,FAKE,425.4986660089344
/workspace/data/genbuster-mini/extracted/GenBuster-200K-mini/benchmark/fake/luma/c5f0b2db06d1a26c4de3f2d42368122d742038c62682b7350d4af15f65353dc4.mp4,1,FAKE,384.2091679107398
/workspace/data/genbuster-mini/extracted/GenBuster-200K-mini/benchmark/fake/luma/c4db751e51aa1ba13847e7e797941db87ac0bb68cc3fb4b9e7363a5ba96ea74f.mp4,0,REAL,343.53184001520276
/workspace/data/genbuster-mini/extracted/GenBuster-200K-mini/benchmark/fake/luma/c3d88740c1ea89f183534b1b86ddec72a8fb502beb23856deb8efa717c60820c.mp4,0,REAL,437.1587070636451
/workspace/data/genbuster-mini/extracted/GenBuster-200K-mini/benchmark/fake/luma/c1ec4b7339534fef8d33f98abf26bf83f713b220b4f6bfe055af224230c458b7.mp4,1,FAKE,371.6156429145485
/workspace/data/genbuster-mini/extracted/GenBuster-200K-mini/benchmark/fake/luma/c05188597460e6dc0faf92d116943dea84a628178b8e14d45548634c6b445b38.mp4,1,FAKE,361.71268904581666
/workspace/data/genbuster-mini/extracted/GenBuster-200K-mini/benchmark/fake/luma/bad0696a5952c39cc5cbb6f6c5841050b7908e554d7bec95151dd06249b49615.mp4,1,FAKE,370.03459595143795
/workspace/data/genbuster-mini/extracted/GenBuster-200K-mini/benchmark/fake/luma/b9b84267aac5a9633c3d28e553a13dd169c6c1660edcb910ceca96913ce895ec.mp4,1,FAKE,368.7762599438429
/workspace/data/genbuster-mini/extracted/GenBuster-200K-mini/benchmark/fake/luma/ae2ff9ee6073db5cb96fcddbbb6edb147d5e8c18c6219f69d119a5ddbeba9d75.mp4,1,FAKE,384.9142000544816
/workspace/data/genbuster-mini/extracted/GenBuster-200K-mini/benchmark/fake/luma/ae1b1d1a89af83ef60c9f30ac5e9b859d49b166a904d0a1073d4a2d3237df337.mp4,1,FAKE,377.61387904174626
/workspace/data/genbuster-mini/extracted/GenBuster-200K-mini/benchmark/fake/luma/ab6e1496d961624aa05d95800579e576cc6fd88ccb5e33f663cbd0852740e416.mp4,0,REAL,348.07122009806335
/workspace/data/genbuster-mini/extracted/GenBuster-200K-mini/benchmark/fake/luma/a9cc0ebaab6d06c044a5808c84c0f794edef8a8519a2e5c4df833c3041763e7d.mp4,1,FAKE,368.17857692949474
/workspace/data/genbuster-mini/extracted/GenBuster-200K-mini/benchmark/fake/luma/a522f0750ec64b2c0470b542dde52b50b28dcfe7ea372566fca7db93cde793d4.mp4,0,REAL,343.339528888464
/workspace/data/genbuster-mini/extracted/GenBuster-200K-mini/benchmark/fake/luma/a5204dd5e270ec5aad583ecf4ce8a57b75b85346f5f1c59bbcec4f1705340f5d.mp4,1,FAKE,376.8507249187678
/workspace/data/genbuster-mini/extracted/GenBuster-200K-mini/benchmark/fake/luma/a4c4c6a55720d7db83d7543c1d2f904f3a85cf27790a8d0b5437be5d7f7c4b11.mp4,0,REAL,334.3820518348366
/workspace/data/genbuster-mini/extracted/GenBuster-200K-mini/benchmark/fake/luma/a4343cd8259619671067633c790fc13f3582bc2cf1bb5bc1a31d89b9367b3d3e.mp4,1,FAKE,360.6323739513755
/workspace/data/genbuster-mini/extracted/GenBuster-200K-mini/benchmark/fake/luma/a2586bf083895319f92d166e0090b46497326b9425fac950aa28402b921370b2.mp4,0,REAL,365.9845390357077
/workspace/data/genbuster-mini/extracted/GenBuster-200K-mini/benchmark/fake/luma/9bfee34b3082f4f2fa811f7ce21ff41bdf87a10eb1549596853399f19924284a.mp4,1,FAKE,463.17083993926644
/workspace/data/genbuster-mini/extracted/GenBuster-200K-mini/benchmark/fake/luma/9b980e89fcf05b81e0e99b14e3dfe352ee3d194972c432a8a455cfbf91a08f4f.mp4,0,REAL,339.03274103067815
/workspace/data/genbuster-mini/extracted/GenBuster-200K-mini/benchmark/fake/luma/9a5aeb2c4d20db3763d24393162b0a1e0a720094f135edd9c4a2e3f3f0c45989.mp4,0,REAL,342.21745608374476
/workspace/data/genbuster-mini/extracted/GenBuster-200K-mini/benchmark/fake/luma/98c25e91efec4365042e3e918318a3a5032e1fc53a52f49f85dbed30783d2851.mp4,1,FAKE,384.50179900974035
/workspace/data/genbuster-mini/extracted/GenBuster-200K-mini/benchmark/fake/luma/95d57e86cb3260fbde1d5e5463242e1f2be6fc6b78a897174620e46d3052473e.mp4,0,REAL,336.8801111355424
/workspace/data/genbuster-mini/extracted/GenBuster-200K-mini/benchmark/fake/luma/957c40af1825ea3aa856c8978c31c57100b62f39b51e5b6b0f53de7951b34298.mp4,1,FAKE,369.9492060113698
/workspace/data/genbuster-mini/extracted/GenBuster-200K-mini/benchmark/fake/luma/948d01ab93c0799b52e64fe171ce4e854ed6d46e60af4534582036abfe280b7d.mp4,1,FAKE,366.50956119410694
/workspace/data/genbuster-mini/extracted/GenBuster-200K-mini/benchmark/fake/luma/92c9554c7be60b8376c4f1489372165a63e7f3461a570c9bb3ccd64eccbbd4c3.mp4,1,FAKE,398.728190921247
/workspace/data/genbuster-mini/extracted/GenBuster-200K-mini/benchmark/fake/luma/8fcfa340a1dd51fba3a5070f904ae473ac246da202dc9d3df36f7b3fc1223d95.mp4,1,FAKE,387.9061641637236
/workspace/data/genbuster-mini/extracted/GenBuster-200K-mini/benchmark/fake/luma/8f5adca7a75292bf9c0b660926b4f7f3735c5bf3ffc665fdb1ef0a222eb7bb7b.mp4,0,REAL,341.3256020285189
/workspace/data/genbuster-mini/extracted/GenBuster-200K-mini/benchmark/fake/luma/8ce6bc77af8337fc95db491c605ca98127f16b48c399547bb8593632762297d0.mp4,1,FAKE,363.19021601229906
/workspace/data/genbuster-mini/extracted/GenBuster-200K-mini/benchmark/fake/luma/8be76b1d9af0b8ff56c8452007848c39b7084058614051b4233c1f9e41cba9aa.mp4,1,FAKE,422.83781501464546
/workspace/data/genbuster-mini/extracted/GenBuster-200K-mini/benchmark/fake/luma/839c6556d265946b45f8513b6908b0ce321092115884d71d872b7d1307c66eb6.mp4,1,FAKE,362.10538097657263
/workspace/data/genbuster-mini/extracted/GenBuster-200K-mini/benchmark/fake/luma/8333ba06988df14b3cef1ddd2c462a6315e1e19c834c60e93a1f74e2cf59b04c.mp4,1,FAKE,363.6282370425761
/workspace/data/genbuster-mini/extracted/GenBuster-200K-mini/benchmark/fake/luma/80809743886cfa38696ce7792048f3121abeb088b9c0bd97a583e42fdca858be.mp4,1,FAKE,361.4042680710554
/workspace/data/genbuster-mini/extracted/GenBuster-200K-mini/benchmark/fake/luma/807e225ac199ecbdf612b6d8433d3890acb2b8235bed69180512e6d9cb70f973.mp4,0,REAL,339.7288939449936
/workspace/data/genbuster-mini/extracted/GenBuster-200K-mini/benchmark/fake/luma/7d4d6453a5c9089420d9b29a2fb77b680789b3064aec7978c581629f6451e7f8.mp4,1,FAKE,365.53898616693914
/workspace/data/genbuster-mini/extracted/GenBuster-200K-mini/benchmark/fake/luma/7c5e93979dc0d43d4c47c99f85c50143cd783496193c978b7bf74be208fc7d8e.mp4,1,FAKE,380.66930207423866
/workspace/data/genbuster-mini/extracted/GenBuster-200K-mini/benchmark/fake/luma/7bf18e496d27bf871bb43e30e3bb493e2c3e4798297209a3ae498c1adde7b2e0.mp4,1,FAKE,439.87938901409507
/workspace/data/genbuster-mini/extracted/GenBuster-200K-mini/benchmark/fake/luma/78052419e88a4aa4d75b4eea8019adbcbc5e8925a6a8979763c5d23dd81f24b8.mp4,1,FAKE,424.9564940109849
/workspace/data/genbuster-mini/extracted/GenBuster-200K-mini/benchmark/fake/luma/732c3d5d9bea4c1d6b426b7634cf95a649943bc816f510d1d3083d8b3ed71390.mp4,1,FAKE,372.0888749230653
/workspace/data/genbuster-mini/extracted/GenBuster-200K-mini/benchmark/fake/luma/72bf144d00677e9bfbbccbdcfdc3250cb3a2329df6106c6e6e1b2639768caa56.mp4,1,FAKE,441.5482869371772
/workspace/data/genbuster-mini/extracted/GenBuster-200K-mini/benchmark/fake/luma/725851cd258b3b3a24549aa380cefcfe213f24933966e54e086d8eb8794d6e5d.mp4,0,REAL,333.42016604728997
/workspace/data/genbuster-mini/extracted/GenBuster-200K-mini/benchmark/fake/luma/67c6ff956261b40d85d6696aefef335f76ae884c867112617d595dbeba9d4490.mp4,1,FAKE,366.1190690472722
/workspace/data/genbuster-mini/extracted/GenBuster-200K-mini/benchmark/fake/luma/6671370290d33463c32c706207b30fb70d34e1b937f7263f86d437d735b23c60.mp4,1,FAKE,373.9924728870392
/workspace/data/genbuster-mini/extracted/GenBuster-200K-mini/benchmark/fake/luma/641ab5f61e945b19a980a44a67b92111605186c3f6db78a03c5f029ca47b66b4.mp4,0,REAL,340.9860001411289
/workspace/data/genbuster-mini/extracted/GenBuster-200K-mini/benchmark/fake/luma/60bdca87d3a4730af5799291662d051845ff797ba37024abb2e986c528bb711c.mp4,1,FAKE,377.0736160222441
/workspace/data/genbuster-mini/extracted/GenBuster-200K-mini/benchmark/fake/luma/5faa0d8399ab39207a47e1f728f49df8eef8237f786c0450bc48fa045fe748d7.mp4,1,FAKE,411.4016050007194
/workspace/data/genbuster-mini/extracted/GenBuster-200K-mini/benchmark/fake/luma/5c1771460250e2e93b94f78874c47bd8865c1558348efcd9be79197d41cab27d.mp4,0,REAL,372.41317611187696
/workspace/data/genbuster-mini/extracted/GenBuster-200K-mini/benchmark/fake/luma/5bd79a2c93cc791cd4d04846aa24eac7277820da3e7e986282367c2de9b2266d.mp4,0,REAL,363.58984699472785
/workspace/data/genbuster-mini/extracted/GenBuster-200K-mini/benchmark/fake/luma/5b624c26961ac0d7e9877184db5887bdb301bc14b01fd655f2e6a8e781582951.mp4,0,REAL,371.56843207776546
/workspace/data/genbuster-mini/extracted/GenBuster-200K-mini/benchmark/fake/luma/4e295b9ba014a68bab6afe1d2507d5d2d03d7ed59f814b0983f6f26a51be2015.mp4,0,REAL,333.9467600453645
/workspace/data/genbuster-mini/extracted/GenBuster-200K-mini/benchmark/fake/luma/4dc9eaba5d616fafd8d836bf991d960142a1b77e8e22967df31cb364d8beb9ab.mp4,1,FAKE,360.0948618259281
/workspace/data/genbuster-mini/extracted/GenBuster-200K-mini/benchmark/fake/luma/4a14813c223a3f42b8b43e3f02b1f3db40c96cba9b8c866fb4d6186301a0dfbd.mp4,1,FAKE,366.04531784541905
/workspace/data/genbuster-mini/extracted/GenBuster-200K-mini/benchmark/fake/luma/4571b524870780df86c63cc415c371664449b71d35d482abaa75c1fa57cd35d8.mp4,0,REAL,348.6677729524672
/workspace/data/genbuster-mini/extracted/GenBuster-200K-mini/benchmark/fake/luma/40d17e8203534ca6038b80dfa42463d01982e887beee2a1ca385bf452d1bf1f3.mp4,0,REAL,334.5531721133739
/workspace/data/genbuster-mini/extracted/GenBuster-200K-mini/benchmark/fake/luma/391f3ccf2f4e5d4b3ab7959840eaa245de45b6d6d83828b6acb0a4c8375c5068.mp4,0,REAL,343.57883990742266
/workspace/data/genbuster-mini/extracted/GenBuster-200K-mini/benchmark/fake/luma/2da85e40c0f24435f2c3e87241e4751d83e33d34f167608ef4a457c92dbcbd7a.mp4,1,FAKE,358.3353850990534
/workspace/data/genbuster-mini/extracted/GenBuster-200K-mini/benchmark/fake/luma/297770b9e7245701f20997d9d8b514343634f932361881ab19f6cf5b02749566.mp4,1,FAKE,369.2095910664648
/workspace/data/genbuster-mini/extracted/GenBuster-200K-mini/benchmark/fake/luma/2873c12295f9cd3a73457e624cf36f5d7365cf05c42c0face13d50b444b113aa.mp4,1,FAKE,367.5386148970574
/workspace/data/genbuster-mini/extracted/GenBuster-200K-mini/benchmark/fake/luma/256e1880d12a03ead0586e81fd5e932f7be2ac8a8f7f6212fd19871ca75487fd.mp4,0,REAL,334.64299282059073
/workspace/data/genbuster-mini/extracted/GenBuster-200K-mini/benchmark/fake/luma/24ddbdff069f9dbf876cddf10397929a0e640244a6002570e2522c86adc2d2e6.mp4,1,FAKE,360.33140402287245
/workspace/data/genbuster-mini/extracted/GenBuster-200K-mini/benchmark/fake/luma/23083a46d38c036ec1f29e52c4df0c0849d7f7a567ea9b1234bcf8aa2de7fcc5.mp4,0,REAL,338.35644694045186
/workspace/data/genbuster-mini/extracted/GenBuster-200K-mini/benchmark/fake/luma/16333278a60df4abf22feb1caae328950c232f2816768a2e49645bfc09e48ee7.mp4,0,REAL,387.8816328942776
/workspace/data/genbuster-mini/extracted/GenBuster-200K-mini/benchmark/fake/luma/1097126b91d8f9c905212176e8acda8c2001e44aa776150bd0c2759979b4c347.mp4,1,FAKE,435.27738912962377
/workspace/data/genbuster-mini/extracted/GenBuster-200K-mini/benchmark/fake/luma/100c693a4bf5080f73e5daf50e58d1186227b8e85e010eb0abef73ba5b943a05.mp4,0,REAL,336.7050199303776
/workspace/data/genbuster-mini/extracted/GenBuster-200K-mini/benchmark/fake/luma/0d26ba5c64d05ef86f46ab9a4c176e65534b2e116694e9bf21fd367f0060edb7.mp4,1,FAKE,460.24663699790835
/workspace/data/genbuster-mini/extracted/GenBuster-200K-mini/benchmark/fake/luma/0cf60544ff768d12c57a3e00b0749b8e32153420b3fce82cd937c290b4370dc8.mp4,1,FAKE,359.9892819765955
/workspace/data/genbuster-mini/extracted/GenBuster-200K-mini/benchmark/fake/luma/0ac7b78284d5e16995d15f448c7176512ded0859da004d78b072f701c1f1876a.mp4,1,FAKE,372.21725611016154
/workspace/data/genbuster-mini/extracted/GenBuster-200K-mini/benchmark/fake/luma/08f8ebff27ab021da883ab53cf0756cf4067939a68198af4eddf041360340c56.mp4,1,FAKE,357.0754388347268
/workspace/data/genbuster-mini/extracted/GenBuster-200K-mini/benchmark/fake/luma/0837e65af9a457a388c950a2671dc61610a9711544a89c153336761342ec657b.mp4,0,REAL,362.51990287564695
/workspace/data/genbuster-mini/extracted/GenBuster-200K-mini/benchmark/fake/luma/07fa17e5ebb428e0fedea2757bfabbbfef74c1428842a300ea8541b5a13643b2.mp4,0,REAL,366.627890849486
/workspace/data/genbuster-mini/extracted/GenBuster-200K-mini/benchmark/fake/luma/078418ec9564068fbfd1ff0ebc28e9c62e4fb651067393b34fed3fa9dad8e6ed.mp4,1,FAKE,372.9826279450208
/workspace/data/genbuster-mini/extracted/GenBuster-200K-mini/benchmark/fake/luma/077d55e8540e87baf41a5de5dff6d6512fe4076de1f1f96a57c050b8571b7cd1.mp4,1,FAKE,358.55712508782744
/workspace/data/genbuster-mini/extracted/GenBuster-200K-mini/benchmark/fake/luma/05e831a817f7dbf5642cfebf9d802f476e20bb7adecfa178cbcf9438cd491a68.mp4,1,FAKE,368.54576994664967
/workspace/data/genbuster-mini/extracted/GenBuster-200K-mini/benchmark/fake/luma/05780ca002538727bd48e6bddf2b8a56ab438d31619c56c9ab75dd59732151fc.mp4,1,FAKE,371.81878299452364
/workspace/data/genbuster-mini/extracted/GenBuster-200K-mini/benchmark/fake/luma/031816e6622278a9eab2a4dff0a8909bfcba9b35c11d358b315def13c561d111.mp4,1,FAKE,373.1419600080699
/workspace/data/genbuster-mini/extracted/GenBuster-200K-mini/benchmark/fake/kling/fcdd4ed0ddc3ef37c6c79afee501b3b2005d381d582e5ff2f1103b62dae46d99.mp4,0,REAL,334.43073206581175
/workspace/data/genbuster-mini/extracted/GenBuster-200K-mini/benchmark/fake/kling/faadfdd993ef200011aeb78c072edb90edd3580e7a1bfd8d9503585f28694e9f.mp4,0,REAL,337.836735881865
/workspace/data/genbuster-mini/extracted/GenBuster-200K-mini/benchmark/fake/kling/f48dc017cfad61e8703d46cbdf846d76b212b5d6ad752cc9b01538e2cb65870d.mp4,0,REAL,347.4217769689858
/workspace/data/genbuster-mini/extracted/GenBuster-200K-mini/benchmark/fake/kling/f34c28675df83a31f6ebd5a052496e6230ec3864939494c92549131e70658ae9.mp4,0,REAL,333.0008948687464
/workspace/data/genbuster-mini/extracted/GenBuster-200K-mini/benchmark/fake/kling/f2654a6ffcdfad15995209fd339518be2bb349d4271c06d829a6c49400563718.mp4,0,REAL,334.37056094408035
/workspace/data/genbuster-mini/extracted/GenBuster-200K-mini/benchmark/fake/kling/f0e42bf3ae5d8b42b2eb88cb457f18aaa2fb748dd25daebcecb29fb6a70e6871.mp4,0,REAL,330.545503878966
/workspace/data/genbuster-mini/extracted/GenBuster-200K-mini/benchmark/fake/kling/ecd234e446386240a1c9bcbdcdfdb65e14722fb6c8f8f404c64bf1446553ba79.mp4,0,REAL,332.75397401303053
/workspace/data/genbuster-mini/extracted/GenBuster-200K-mini/benchmark/fake/kling/ebe572cbfd5e0a689841b40e9421fd4c322874ce4b31810cfb2e9609be068c43.mp4,0,REAL,330.19302296452224
/workspace/data/genbuster-mini/extracted/GenBuster-200K-mini/benchmark/fake/kling/e84c1946b2e5662bb54f56ecf8200f13e91e9f76f02f64776a06855b603b3bf5.mp4,0,REAL,334.5908320043236
/workspace/data/genbuster-mini/extracted/GenBuster-200K-mini/benchmark/fake/kling/e29a8a451a88a076b74fee39b155395cc62e59a86030014a7dd73928f1d4cf09.mp4,1,FAKE,358.0336340237409
/workspace/data/genbuster-mini/extracted/GenBuster-200K-mini/benchmark/fake/kling/dd5e682c86d75b24d0299ef9b6e30ad9c74ead5b4d09250e02cd5d7a9c5c71bd.mp4,0,REAL,343.3314498979598
/workspace/data/genbuster-mini/extracted/GenBuster-200K-mini/benchmark/fake/kling/dac7daa66cdae96fefdfce344f97bdfa4aab2e27980d3881beb5bb54b2e5f82d.mp4,1,FAKE,420.415713917464
/workspace/data/genbuster-mini/extracted/GenBuster-200K-mini/benchmark/fake/kling/d84b960a1bbbe609ef5384868deb20fc9638482a0f96d5d0826595bf219621ee.mp4,0,REAL,330.83692705258727
/workspace/data/genbuster-mini/extracted/GenBuster-200K-mini/benchmark/fake/kling/d7f10be5abd2b6c5f077633ff546ceb630976b0031159431ab238b7201dbb1ae.mp4,0,REAL,330.17207286320627
/workspace/data/genbuster-mini/extracted/GenBuster-200K-mini/benchmark/fake/kling/d76e3d95cafde09d99cc5b1b4fc9d93cbbdc53e0cd3e0e11905a66c7353d678a.mp4,0,REAL,332.32769183814526
/workspace/data/genbuster-mini/extracted/GenBuster-200K-mini/benchmark/fake/kling/d63d0110820e0e4deb762118b55d93e6e4fce9a28e8000cca5e5c2d5ab30a50a.mp4,0,REAL,332.6652538962662
/workspace/data/genbuster-mini/extracted/GenBuster-200K-mini/benchmark/fake/kling/d57f41aa2d4405ecdd34bd5bc00d512bda50e6759e78c45205d50260d73fb05b.mp4,0,REAL,338.43946806155145
/workspace/data/genbuster-mini/extracted/GenBuster-200K-mini/benchmark/fake/kling/d56b901042bafed670ef922bfda04337ccc607b78b25d2f95af71832b3536cb0.mp4,1,FAKE,357.044599018991
/workspace/data/genbuster-mini/extracted/GenBuster-200K-mini/benchmark/fake/kling/d476a86ff613c26da3c7af144613e09a4ca98df7f71b082b76f7bc2bab02d855.mp4,0,REAL,343.70335191488266
/workspace/data/genbuster-mini/extracted/GenBuster-200K-mini/benchmark/fake/kling/d3c4277610221c09cec32dbc59317b8bf0c13fc8381e88ea32f65203313ac9ed.mp4,0,REAL,350.96691199578345
/workspace/data/genbuster-mini/extracted/GenBuster-200K-mini/benchmark/fake/kling/d22c2a92933c75b144b73d2a65fee7fe541b5e6e35edf7326c2c685dca997427.mp4,0,REAL,337.2065839357674
/workspace/data/genbuster-mini/extracted/GenBuster-200K-mini/benchmark/fake/kling/d224a0d3adabec45915584966184afc9ce13af02efd91b3fe123939ac392fd17.mp4,1,FAKE,391.32739789783955
/workspace/data/genbuster-mini/extracted/GenBuster-200K-mini/benchmark/fake/kling/d178a1d885c9fc17e41c64b6985ae6053be825c5528e23aaf71990f95a4d1db8.mp4,0,REAL,341.6339620016515
/workspace/data/genbuster-mini/extracted/GenBuster-200K-mini/benchmark/fake/kling/cf51242af31825492f4894baa1a3a69932facd11674e50996e7cd69149706c61.mp4,0,REAL,340.471328003332
/workspace/data/genbuster-mini/extracted/GenBuster-200K-mini/benchmark/fake/kling/cc268990c1411554302f1c0fb940b656356f3bbf7edcaff3e28918803ed3e9ed.mp4,0,REAL,331.4456979278475
/workspace/data/genbuster-mini/extracted/GenBuster-200K-mini/benchmark/fake/kling/c7360146cc9bc24cc4af5a4d5ab52091b318eb9c00d9154c0312821483607ce5.mp4,0,REAL,367.8136260714382
/workspace/data/genbuster-mini/extracted/GenBuster-200K-mini/benchmark/fake/kling/c2e47b8af7e9ae29eff20aba6e6e5c531fd06328cc1fc8a32e24970fe8afa570.mp4,0,REAL,331.0938570648432
/workspace/data/genbuster-mini/extracted/GenBuster-200K-mini/benchmark/fake/kling/bee478593de8f9e1605769da2e154b509d374e6ac3a79573e1c105fd09c2b40d.mp4,0,REAL,380.0455580931157
/workspace/data/genbuster-mini/extracted/GenBuster-200K-mini/benchmark/fake/kling/b824e4728a2584bf7a6a56fcd507bb13fdc557c4a6be1948b069d4d836da0990.mp4,0,REAL,345.80877097323537
/workspace/data/genbuster-mini/extracted/GenBuster-200K-mini/benchmark/fake/kling/b36e99b2f4f07262a8cc800c5832a72997566e4a4b85047b9659d2525b01d03f.mp4,0,REAL,348.6859630793333
/workspace/data/genbuster-mini/extracted/GenBuster-200K-mini/benchmark/fake/kling/aee759496434b10f0333efee997ca3ff2eea675e050f1f378b8cc7c10beda029.mp4,1,FAKE,458.592529874295
/workspace/data/genbuster-mini/extracted/GenBuster-200K-mini/benchmark/fake/kling/ad44fbc4b17ea033a24e206eaa326501553375f9ff0398bfce6d7f5783adbf79.mp4,0,REAL,346.8755050562322
/workspace/data/genbuster-mini/extracted/GenBuster-200K-mini/benchmark/fake/kling/aa55ee43f3558193f315c39445be314dd954ee902f1a3112404b6699cec4c129.mp4,0,REAL,344.3443439900875
/workspace/data/genbuster-mini/extracted/GenBuster-200K-mini/benchmark/fake/kling/a6ee07fda44b91e4f7943e2978f7f090093ad6de5b876001ed4cb38d7119a24e.mp4,0,REAL,358.4541759919375
/workspace/data/genbuster-mini/extracted/GenBuster-200K-mini/benchmark/fake/kling/a68d4217394313ab1d20cbe70fc9902f806a034c5c04aaf689ec95e2193c3992.mp4,0,REAL,386.894027935341
/workspace/data/genbuster-mini/extracted/GenBuster-200K-mini/benchmark/fake/kling/a23cd665b49078e47920738980fe4d041384683ea0f6b71725cc41d7b0f295b3.mp4,1,FAKE,472.54477092064917
/workspace/data/genbuster-mini/extracted/GenBuster-200K-mini/benchmark/fake/kling/9e79879f614f243914c7408c28c88678f6278447e7b9c18a3e40fc6741aadb9f.mp4,0,REAL,411.49478615261614
/workspace/data/genbuster-mini/extracted/GenBuster-200K-mini/benchmark/fake/kling/9627925ece6e27c330f651ef8a05c42a75e89cacc47e556de43df39a87b11423.mp4,1,FAKE,373.04257811047137
/workspace/data/genbuster-mini/extracted/GenBuster-200K-mini/benchmark/fake/kling/947007390c30fabb9a444245521d5572ec214adce1cb072b35c77cd213eaed91.mp4,0,REAL,337.3818250838667
/workspace/data/genbuster-mini/extracted/GenBuster-200K-mini/benchmark/fake/kling/9350a157aa6a456d6903e6abbaeaf0d7ceacf0f4752773a06257a2ba3256b594.mp4,1,FAKE,423.3998069539666
/workspace/data/genbuster-mini/extracted/GenBuster-200K-mini/benchmark/fake/kling/9273aeef77388813688edd5636bcdd98864a8c5599e6858818663d408f0aee43.mp4,0,REAL,410.43644095771015
/workspace/data/genbuster-mini/extracted/GenBuster-200K-mini/benchmark/fake/kling/8bc1d4f7abae565d01cad0d5c15a2a9e3dd79291cc02bbe8649d34ce76a21e6f.mp4,0,REAL,345.184686826542
/workspace/data/genbuster-mini/extracted/GenBuster-200K-mini/benchmark/fake/kling/8ba59f53a9a615a55bea948b4fdf0677dfe2e4c03128486548e90a5108487237.mp4,1,FAKE,392.06884196028113
/workspace/data/genbuster-mini/extracted/GenBuster-200K-mini/benchmark/fake/kling/8a7933d026331caf8e938e0181543fbaf2f8b27d9765171da28bf232827da487.mp4,0,REAL,740.1601220481098
/workspace/data/genbuster-mini/extracted/GenBuster-200K-mini/benchmark/fake/kling/8a224925dd9df9c5de90dc1d6cca7b80d9094009d03d18d6f2c62e7a66675fff.mp4,0,REAL,330.6061348412186
/workspace/data/genbuster-mini/extracted/GenBuster-200K-mini/benchmark/fake/kling/882717030c5ab7e1f37023ebec08f79cd596519d535b69d69536ac23637c163d.mp4,0,REAL,366.9564521405846
/workspace/data/genbuster-mini/extracted/GenBuster-200K-mini/benchmark/fake/kling/87970bcc6fb7ca1b2dd62c6be8fdc071da84e30fb37f96470d10583011ca324c.mp4,0,REAL,356.8618290591985
/workspace/data/genbuster-mini/extracted/GenBuster-200K-mini/benchmark/fake/kling/855b0636e547bf45a7352e56b4d78e944f54084774ad06018061fd178ed2e4b2.mp4,0,REAL,346.3666420429945
/workspace/data/genbuster-mini/extracted/GenBuster-200K-mini/benchmark/fake/kling/812ed163084b71ccef7e83da333d721f55089ed924a3a9adaa1096f5ce5a0270.mp4,0,REAL,332.8115539625287
/workspace/data/genbuster-mini/extracted/GenBuster-200K-mini/benchmark/fake/kling/80f55cf3515c115887cf5e3a4eab9006e85d5f9c6a1b352ff3304bc15d70cea9.mp4,1,FAKE,360.91519612818956
/workspace/data/genbuster-mini/extracted/GenBuster-200K-mini/benchmark/fake/kling/7f4a26dd9ab9e9a835469f19d60a3a975a175e4bf44d9b5f83a8c3151bbe2747.mp4,0,REAL,338.0559659563005
/workspace/data/genbuster-mini/extracted/GenBuster-200K-mini/benchmark/fake/kling/7a09518e2573f77ccd94307bb7a1b48822013a4cdd03101515959ee769d6805e.mp4,1,FAKE,377.5143278762698
/workspace/data/genbuster-mini/extracted/GenBuster-200K-mini/benchmark/fake/kling/7725e80a420e6d381898ed20d716ba8c36f4245d816ead59580847ee2c5f6393.mp4,0,REAL,338.8293799944222
/workspace/data/genbuster-mini/extracted/GenBuster-200K-mini/benchmark/fake/kling/77174fccae45d7f8fbc37c365634b74a8db30581357715aca82b61156657c03f.mp4,1,FAKE,475.7687549572438
/workspace/data/genbuster-mini/extracted/GenBuster-200K-mini/benchmark/fake/kling/73da5939dc1500a1deb172274795a1e1395b7f0fd3e3df733515c54fe6b08c91.mp4,0,REAL,334.66474199667573
/workspace/data/genbuster-mini/extracted/GenBuster-200K-mini/benchmark/fake/kling/7285e0a205283652cfd8d85379c3e754a9dd9fd6f8ab05bb8feaa177aef53f9d.mp4,0,REAL,335.03404492512345
/workspace/data/genbuster-mini/extracted/GenBuster-200K-mini/benchmark/fake/kling/6f5c8b1f1513bf238af69bd742b2ca0c8fce95f67e8a59068911c3502c5d139b.mp4,0,REAL,390.14053205028176
/workspace/data/genbuster-mini/extracted/GenBuster-200K-mini/benchmark/fake/kling/6f2bed1594f266c558df49590e0eaf6046e15d5fb5862de12a23b394dc5184cb.mp4,0,REAL,345.00158787705004
/workspace/data/genbuster-mini/extracted/GenBuster-200K-mini/benchmark/fake/kling/6f04c320f57e9892c74e670cd1a2e3580192fc1d150ff659285baaee2de614ad.mp4,0,REAL,331.26447815448046
/workspace/data/genbuster-mini/extracted/GenBuster-200K-mini/benchmark/fake/kling/6ebbdf57a77769ab5a9cfb682249a9cfb9e389666d1b568bedcaf37c45c521f6.mp4,0,REAL,332.07464101724327
/workspace/data/genbuster-mini/extracted/GenBuster-200K-mini/benchmark/fake/kling/6e3e3cdbe478a97d2003abad1c3519ed19d4dff5b33e5bea204f9835720ee4b3.mp4,0,REAL,334.8264128435403
/workspace/data/genbuster-mini/extracted/GenBuster-200K-mini/benchmark/fake/kling/6dfefcb3aa87b09511fa6a1c1484d6cbf2c36a990e0d4e7fe33fb05af8416eb3.mp4,0,REAL,425.9424989577383
/workspace/data/genbuster-mini/extracted/GenBuster-200K-mini/benchmark/fake/kling/68e47a69d1871ddac924f79d157ab34ec65104f5f06c187f5f7f09957a6b6f45.mp4,0,REAL,350.9073418099433
/workspace/data/genbuster-mini/extracted/GenBuster-200K-mini/benchmark/fake/kling/68cf8954b660d911afcf17d91bab427969c88d7baca4592be8b8b4b356f50418.mp4,0,REAL,341.25874005258083
/workspace/data/genbuster-mini/extracted/GenBuster-200K-mini/benchmark/fake/kling/681e8be49aa651149ae357899665c6f8e53e84b57bf51bc6ae7e507139be5957.mp4,1,FAKE,365.6935968901962
/workspace/data/genbuster-mini/extracted/GenBuster-200K-mini/benchmark/fake/kling/677556bd0dd4f24367eab7d3ad16dcab271e069c322eb618a371540cb0364c4d.mp4,0,REAL,348.29553100280464
/workspace/data/genbuster-mini/extracted/GenBuster-200K-mini/benchmark/fake/kling/5c64ff363063d1d24e338f72740393d69ef712f9e17805885ab2d2e08d87bac3.mp4,0,REAL,342.51154703088105
/workspace/data/genbuster-mini/extracted/GenBuster-200K-mini/benchmark/fake/kling/5ac0dd0770a8e4f9c8a4c4f5ac8037bfbd43fad7529250ff0f1db7c4d946150e.mp4,0,REAL,349.64845795184374
/workspace/data/genbuster-mini/extracted/GenBuster-200K-mini/benchmark/fake/kling/5a68485eb70db8af3611994bad6afa3ce15998e2fb032a57cd2ac1984aa641f1.mp4,0,REAL,349.57878687419
/workspace/data/genbuster-mini/extracted/GenBuster-200K-mini/benchmark/fake/kling/582cfba019c15579dd8e7b890932ce66b73546ae0d3e88a74b38763bb803ea2f.mp4,0,REAL,408.5810331162065
/workspace/data/genbuster-mini/extracted/GenBuster-200K-mini/benchmark/fake/kling/56a1d7d1d2665fab3014199edb78a334de9ff1155cfa0912f381d5cdb3a7a441.mp4,0,REAL,353.5408629104495
/workspace/data/genbuster-mini/extracted/GenBuster-200K-mini/benchmark/fake/kling/5509516ca18f8ddba05e9dd1e8b2f21b27ebb7cddd132b461fcec505786dc7e3.mp4,0,REAL,342.3760458827019
/workspace/data/genbuster-mini/extracted/GenBuster-200K-mini/benchmark/fake/kling/52565c9edeff8f2bae8e81030c00719d1abdcd33f9be01321c56674992a95824.mp4,0,REAL,345.7353508565575
/workspace/data/genbuster-mini/extracted/GenBuster-200K-mini/benchmark/fake/kling/4defc0cd7757ef96df3f8a756c58a8eee4b96601976a2da155f870591e16e78a.mp4,0,REAL,349.0143739618361
/workspace/data/genbuster-mini/extracted/GenBuster-200K-mini/benchmark/fake/kling/4af2d0845e85b8d8d64bfd556abed090f365e6478400fefb799552f2224c463b.mp4,0,REAL,333.3104560151696
/workspace/data/genbuster-mini/extracted/GenBuster-200K-mini/benchmark/fake/kling/490e1e3b07972daebb96295aecb5df18daf36bae962d283f9aa942d1351a0859.mp4,0,REAL,341.0218090284616
/workspace/data/genbuster-mini/extracted/GenBuster-200K-mini/benchmark/fake/kling/46c6ffd6823e1371ae0936fcd8558c18b3828863854b28b8a6e5f548df52439f.mp4,0,REAL,344.09014298580587
/workspace/data/genbuster-mini/extracted/GenBuster-200K-mini/benchmark/fake/kling/4465ec7d8a5b4f0bf64e8e655cbdc11d2e84dc9a4c32e8048c40182954717896.mp4,1,FAKE,383.6730350740254
/workspace/data/genbuster-mini/extracted/GenBuster-200K-mini/benchmark/fake/kling/442579e352a25f6ea4f5409a1640eaf749ae2f68d15bbc2d4dcc71741a52ef5c.mp4,1,FAKE,365.0891841389239
/workspace/data/genbuster-mini/extracted/GenBuster-200K-mini/benchmark/fake/kling/421e748bf0f071652b6303177d19f1366ce55d795887adb375a34ebf31a7fdfb.mp4,1,FAKE,442.17419787310064
/workspace/data/genbuster-mini/extracted/GenBuster-200K-mini/benchmark/fake/kling/3b8d2e422c2f2a6c0010b625de3d4e9eede61b03835e4e89491ffaf55e005981.mp4,1,FAKE,370.62663794495165
/workspace/data/genbuster-mini/extracted/GenBuster-200K-mini/benchmark/fake/kling/3b6b48d77b5b8e46aaae99fdd0811f9af7e46fe498f2e452b07826801d37df65.mp4,0,REAL,345.32181895338
/workspace/data/genbuster-mini/extracted/GenBuster-200K-mini/benchmark/fake/kling/386196d692f7005d9280d895eaf161a44ecaef3e95dfa9fe480129559d8093da.mp4,0,REAL,391.7238002177328
/workspace/data/genbuster-mini/extracted/GenBuster-200K-mini/benchmark/fake/kling/3793ed8de08649b845cbb12232e27d4ea656451600f05bbbbce3b93c5ace9123.mp4,0,REAL,339.0213518869132
/workspace/data/genbuster-mini/extracted/GenBuster-200K-mini/benchmark/fake/kling/376c3d96050f590322398cf336381b40886ee35466519613c5fb7858b15ffbb4.mp4,1,FAKE,382.01322802342474
/workspace/data/genbuster-mini/extracted/GenBuster-200K-mini/benchmark/fake/kling/30b59bc25d83a8920da3720beae1c92e312d1d42e596c91c471428360f2781cd.mp4,0,REAL,390.88458591140807
/workspace/data/genbuster-mini/extracted/GenBuster-200K-mini/benchmark/fake/kling/2d75c50d05f2432bf0e4a5115578dd7e89ba73ec26e7b5f6b147dcf089007894.mp4,0,REAL,354.7151100356132
/workspace/data/genbuster-mini/extracted/GenBuster-200K-mini/benchmark/fake/kling/29dc17e9e732fac0730e0cb1bad02557e9c1ca3a2152c7ae59605d7ad27bb9d6.mp4,0,REAL,413.1321820896119
/workspace/data/genbuster-mini/extracted/GenBuster-200K-mini/benchmark/fake/kling/26867aceaf59b2875ae9eaf1a8f28ba51d056979cdef1441ebf91cdf9ca58f57.mp4,1,FAKE,368.2419490069151
/workspace/data/genbuster-mini/extracted/GenBuster-200K-mini/benchmark/fake/kling/25c1c085dbd1e4068086986d34b077dec95949e36915b5d7d4d19ad0f2484afd.mp4,1,FAKE,370.01250591129065
/workspace/data/genbuster-mini/extracted/GenBuster-200K-mini/benchmark/fake/kling/2258fb6752a2dc804cfe5a003c9895067883b5f0787eef81abdfbe0905799705.mp4,0,REAL,338.4633881505579
/workspace/data/genbuster-mini/extracted/GenBuster-200K-mini/benchmark/fake/kling/2103a4eab9b43a29640b531e7dcc57c4d26e1e2a78a50270c130e311d1cff2b4.mp4,1,FAKE,364.2958498094231
/workspace/data/genbuster-mini/extracted/GenBuster-200K-mini/benchmark/fake/kling/1c014f2de333788954c09cd01c676ead4bc1fb23c314eb416da2fd0891712a32.mp4,0,REAL,338.977460982278
/workspace/data/genbuster-mini/extracted/GenBuster-200K-mini/benchmark/fake/kling/1473910a232fca46d4d280e8d052d31256185ae81beefb244954266e2ca79481.mp4,0,REAL,341.1034808959812
/workspace/data/genbuster-mini/extracted/GenBuster-200K-mini/benchmark/fake/kling/12bd77a25dedcff44bfd8ab7a0a826efdd5b438fd49d119191b6cdc514d1b2d8.mp4,0,REAL,340.29711689800024
/workspace/data/genbuster-mini/extracted/GenBuster-200K-mini/benchmark/fake/kling/123faf7a5c57347f54363675e34521ec239203e1ed66d9ba5203ffc77ff864f0.mp4,0,REAL,337.7851548139006
/workspace/data/genbuster-mini/extracted/GenBuster-200K-mini/benchmark/fake/kling/0adfdbe21a8444c57d126ff48106ca02f7ab3446e93b426a4659c668862bfc1b.mp4,0,REAL,336.21046016924083
/workspace/data/genbuster-mini/extracted/GenBuster-200K-mini/benchmark/fake/kling/0574cabd7ac17633d8b5683f9c66669e0fe4a9fa2485e19e34b9cb919fb8dcca.mp4,0,REAL,336.28691895864904
/workspace/data/genbuster-mini/extracted/GenBuster-200K-mini/benchmark/fake/kling/0321de872050fd8e3f4295c89cf9cf08050c0c250b80a5ed89881228ab40d66e.mp4,0,REAL,342.63195702806115
/workspace/data/genbuster-mini/extracted/GenBuster-200K-mini/benchmark/fake/kling/01eb670602034bcde36476278a76bffc3c8d4084c8a8c2cdaf562990f7c206f8.mp4,0,REAL,337.2286141384393
/workspace/data/genbuster-mini/extracted/GenBuster-200K-mini/benchmark/fake/jimeng/fce378942ec239a253d8e870cf8b03a11471095f97869edf5dcf98def35da5c9.mp4,0,REAL,333.95909797400236
/workspace/data/genbuster-mini/extracted/GenBuster-200K-mini/benchmark/fake/jimeng/fc10188324eb6ac8a2b7d7951e134692f7761d1b8e29708cb96f80f4d93a6ddd.mp4,1,FAKE,361.47627886384726
/workspace/data/genbuster-mini/extracted/GenBuster-200K-mini/benchmark/fake/jimeng/f8682a4945be00a5ea562211601a8ab2bd786cdae4f35e553e23dfc9f25ddd44.mp4,1,FAKE,373.04715998470783
/workspace/data/genbuster-mini/extracted/GenBuster-200K-mini/benchmark/fake/jimeng/f4367f492582b945275fcdcfe8e160d090e28e26a237df80443cb99f97910389.mp4,1,FAKE,367.73931607604027
/workspace/data/genbuster-mini/extracted/GenBuster-200K-mini/benchmark/fake/jimeng/ef3e7ee3a2dbf3676c5cd3e44f5480f4784a4091bbc9c003c8015d1092ba6f56.mp4,1,FAKE,388.0347239319235
/workspace/data/genbuster-mini/extracted/GenBuster-200K-mini/benchmark/fake/jimeng/ed80a27f9d09e910b8f59af2b7b15302ba13da62ce80783e8c9025f76252cf7b.mp4,1,FAKE,372.9541490320116
/workspace/data/genbuster-mini/extracted/GenBuster-200K-mini/benchmark/fake/jimeng/ecc34eacb57a18e93e43777827a89092754bc78e7bdecf1cadc65e89d24754a0.mp4,1,FAKE,361.31207807920873
/workspace/data/genbuster-mini/extracted/GenBuster-200K-mini/benchmark/fake/jimeng/ebb35a2aa0fb045677182390fafcb37a9a7c517adfceecb5b5ca6159ba3362d5.mp4,1,FAKE,363.8691990636289
/workspace/data/genbuster-mini/extracted/GenBuster-200K-mini/benchmark/fake/jimeng/e339b4ffa53eaf0a766e40b1ee4db7680461926312524ecb3f7e0d83da77e132.mp4,0,REAL,341.8931739870459
/workspace/data/genbuster-mini/extracted/GenBuster-200K-mini/benchmark/fake/jimeng/e161eddc32dcbc0d4ef22ef9f3792f96add17c0f04b733c4400655364ef21fd8.mp4,1,FAKE,364.7554130293429
/workspace/data/genbuster-mini/extracted/GenBuster-200K-mini/benchmark/fake/jimeng/dee27a904b8ff34c27ed713ff9591e0a1275f2bc78636e459bdb9c50cd0d74ff.mp4,0,REAL,348.54431194253266
/workspace/data/genbuster-mini/extracted/GenBuster-200K-mini/benchmark/fake/jimeng/ddf016159d891a86812efc66e2f88a61303ffeb2b4f73dcb22f865ac24a315ae.mp4,1,FAKE,397.6896549575031
/workspace/data/genbuster-mini/extracted/GenBuster-200K-mini/benchmark/fake/jimeng/dde1590b9b638b590ed371191113823aafc0d00c91af2262f63f6cd47bafef18.mp4,0,REAL,336.77477203309536
/workspace/data/genbuster-mini/extracted/GenBuster-200K-mini/benchmark/fake/jimeng/db40a73c2ae8b32fb7b6efb7bdcdd76e7ece3492bd6569d5249d8a944c030291.mp4,1,FAKE,362.5531019642949
/workspace/data/genbuster-mini/extracted/GenBuster-200K-mini/benchmark/fake/jimeng/db2826b78b14bdfae8d42666ea66dbecdc82c20aaea7f91c1605d314025e710f.mp4,1,FAKE,415.7475351821631
/workspace/data/genbuster-mini/extracted/GenBuster-200K-mini/benchmark/fake/jimeng/d6997c3d41832338cf4d47bbb09c83bde672e688860c77f0b9bdb895cd322aa3.mp4,0,REAL,338.47983786836267
/workspace/data/genbuster-mini/extracted/GenBuster-200K-mini/benchmark/fake/jimeng/d5ed995d984e479271cbde193fdeae945d160c6b1505abe33fed74aa23829568.mp4,1,FAKE,413.2318131159991
/workspace/data/genbuster-mini/extracted/GenBuster-200K-mini/benchmark/fake/jimeng/d417a2292957a48a58941e6b5f952d4976cc8ca9610033f0380ac9b24db39aa0.mp4,1,FAKE,419.9537420645356
/workspace/data/genbuster-mini/extracted/GenBuster-200K-mini/benchmark/fake/jimeng/d0168a0ae79561aa6aab9fb5fa046776488d0ac9563852439bb1e528ba015c39.mp4,0,REAL,342.72189694456756
/workspace/data/genbuster-mini/extracted/GenBuster-200K-mini/benchmark/fake/jimeng/ce459d0b85154a82cc6f17063d5e0aea6521ed3d0261779a56249b9409ea02fc.mp4,1,FAKE,365.00262399204075
/workspace/data/genbuster-mini/extracted/GenBuster-200K-mini/benchmark/fake/jimeng/cd520cbe914c3815c0d4d854a373ab27ab6c98870ded1a380ba6ce1b5d08fae4.mp4,1,FAKE,380.89266302995384
/workspace/data/genbuster-mini/extracted/GenBuster-200K-mini/benchmark/fake/jimeng/c8e6c4ce3f492defae8075de1d64f4c0e10cf8afae9a3e18f68336e00a3e7707.mp4,0,REAL,401.37844206765294
/workspace/data/genbuster-mini/extracted/GenBuster-200K-mini/benchmark/fake/jimeng/c3b6e3d062d81c50c45b85691d678152bf229accc2486c0a86151113750ca589.mp4,1,FAKE,366.1163200158626
/workspace/data/genbuster-mini/extracted/GenBuster-200K-mini/benchmark/fake/jimeng/c3779bb4c5a0a7ff3eadb4c7219809a3bcf3d07c38cb048f0b38a8b9de3e58e3.mp4,0,REAL,338.3338481653482
/workspace/data/genbuster-mini/extracted/GenBuster-200K-mini/benchmark/fake/jimeng/c2b1003797a0e97523360fec1be3d2405ea1cd1ec30ab7c36c919605b9686daf.mp4,1,FAKE,364.31736103259027
/workspace/data/genbuster-mini/extracted/GenBuster-200K-mini/benchmark/fake/jimeng/be894cc6ae5ad5463f6034616f75136c7a4227b6eac768311cc9996f15c2ef29.mp4,1,FAKE,375.36035804077983
/workspace/data/genbuster-mini/extracted/GenBuster-200K-mini/benchmark/fake/jimeng/bbc1483fdb48682c41a3ada5558ab6c5f8d7106ab43fd99f0cf2924697dbf519.mp4,1,FAKE,365.6236769165844
/workspace/data/genbuster-mini/extracted/GenBuster-200K-mini/benchmark/fake/jimeng/bb9101eabe0e0319927ed5fdd102fe19903f2c112f08a91db7826c2fa27a6f47.mp4,0,REAL,342.2046850901097
/workspace/data/genbuster-mini/extracted/GenBuster-200K-mini/benchmark/fake/jimeng/b62ef8a07156b9b49ef7efa6ec95fbff4549f92a3d8adb315eda3d8be41ea206.mp4,1,FAKE,361.29878810606897
/workspace/data/genbuster-mini/extracted/GenBuster-200K-mini/benchmark/fake/jimeng/b36f5b0392f05a7488ac2ab5e4395e34570d366969988c793df2e0e2e75e82d4.mp4,1,FAKE,425.3431248944253
/workspace/data/genbuster-mini/extracted/GenBuster-200K-mini/benchmark/fake/jimeng/b1f26350f01d8949d93de6c7257d7a8a04e112e2359a626e50deeca2e1385cab.mp4,1,FAKE,379.22071502543986
/workspace/data/genbuster-mini/extracted/GenBuster-200K-mini/benchmark/fake/jimeng/aad70c907166b2e9d8e762140c833143ecd080a81b0fd14c96d4e242e77b3af5.mp4,1,FAKE,397.64840598218143
/workspace/data/genbuster-mini/extracted/GenBuster-200K-mini/benchmark/fake/jimeng/a8253b57e643cd2dfa657564564b6b1e38273d115817522b820092ae5d889ec9.mp4,0,REAL,337.59209513664246
/workspace/data/genbuster-mini/extracted/GenBuster-200K-mini/benchmark/fake/jimeng/a76c42ed486f31b217b2e8ab54c29bd8f2f91c5fc1299d196a53e039099cff67.mp4,1,FAKE,377.09603598341346
/workspace/data/genbuster-mini/extracted/GenBuster-200K-mini/benchmark/fake/jimeng/a2305b8eab3bf8afc7c149f0aefde113b003111f070148ddbf5cbfbf5ae255e5.mp4,1,FAKE,380.0133690237999
/workspace/data/genbuster-mini/extracted/GenBuster-200K-mini/benchmark/fake/jimeng/9e8d07d1b75768730021968b9645fb8b3885932e851009a51f16b1eb44a26859.mp4,0,REAL,341.0354999359697
/workspace/data/genbuster-mini/extracted/GenBuster-200K-mini/benchmark/fake/jimeng/933df887f4326633d29253712fe4cff06982d09e604207888bf86d8b84e44897.mp4,1,FAKE,362.34667315147817
/workspace/data/genbuster-mini/extracted/GenBuster-200K-mini/benchmark/fake/jimeng/8d499c58ab6c201db0a3852ae26c7cfa0a27c8121275a28fab4dd9f6c3483490.mp4,0,REAL,353.1108221504837
/workspace/data/genbuster-mini/extracted/GenBuster-200K-mini/benchmark/fake/jimeng/84c416ae9f5aedaff7dc443846d87070e5e26ce83afd092a28c02718db64baa6.mp4,1,FAKE,375.16610813327134
/workspace/data/genbuster-mini/extracted/GenBuster-200K-mini/benchmark/fake/jimeng/83a08841426157d7a1fd7745fbe1f4c8181ffe8a10f0b8d7e48e301365da8863.mp4,1,FAKE,432.53842694684863
/workspace/data/genbuster-mini/extracted/GenBuster-200K-mini/benchmark/fake/jimeng/808733f341991ceaf2d8b7bfc829146cfcc5bb4d59edf26362d1befb83f6d279.mp4,1,FAKE,374.4396560359746
/workspace/data/genbuster-mini/extracted/GenBuster-200K-mini/benchmark/fake/jimeng/7f5f6e571cf44771b7b06bf62d92b2eb2f96299566bd18903f50f77792bdd82c.mp4,1,FAKE,363.98216895759106
/workspace/data/genbuster-mini/extracted/GenBuster-200K-mini/benchmark/fake/jimeng/7da01570fb1443e7e492a148d5172a0b4e229a6ef35fef3f8da357494afa9edd.mp4,1,FAKE,374.9938867986202
/workspace/data/genbuster-mini/extracted/GenBuster-200K-mini/benchmark/fake/jimeng/7d5485a901c41e071dd3bdf74bda6c132b9578c547a2b9ed775513f904ed8865.mp4,0,REAL,373.56093106791377
/workspace/data/genbuster-mini/extracted/GenBuster-200K-mini/benchmark/fake/jimeng/782aa746a857e94de5900a3fce574c83475a3f2e1b85e2d66a47007a5f0fc645.mp4,1,FAKE,372.1715649589896
/workspace/data/genbuster-mini/extracted/GenBuster-200K-mini/benchmark/fake/jimeng/73f0686a649a63cbcae8a00ba5aa8dc35f5f20637c81eb1ad3cd8cefe76a181a.mp4,1,FAKE,367.43991496041417
/workspace/data/genbuster-mini/extracted/GenBuster-200K-mini/benchmark/fake/jimeng/6fba842c43435900b415124fb6023dfc232b14cd8ad5183f7cf7fa83e1f12c27.mp4,1,FAKE,368.21333784610033
/workspace/data/genbuster-mini/extracted/GenBuster-200K-mini/benchmark/fake/jimeng/6ed3ec0a9a7025c02852e643d522229857c815ea994dd7c06fa1016c233ebf1d.mp4,1,FAKE,374.25395380705595
/workspace/data/genbuster-mini/extracted/GenBuster-200K-mini/benchmark/fake/jimeng/6df5ce71b7cb02689c018173374662a6c051091431bce60e5621cccc3204261a.mp4,0,REAL,397.9726270772517
/workspace/data/genbuster-mini/extracted/GenBuster-200K-mini/benchmark/fake/jimeng/6c4224b0310f46574a904ed30bb267d6cc53ceece91f1b9378b9ba3a9701b100.mp4,0,REAL,351.8732371740043
/workspace/data/genbuster-mini/extracted/GenBuster-200K-mini/benchmark/fake/jimeng/6c102dbf66f88aa414fc92badfae6df0c324f8c66a7a1f6d182bbb3d7af5640f.mp4,1,FAKE,375.96071092411876
/workspace/data/genbuster-mini/extracted/GenBuster-200K-mini/benchmark/fake/jimeng/69ea5150d83ac0d3881a1acdcd748585e688eda94ecdbdf82f00629244f4eefb.mp4,0,REAL,370.0129450298846
/workspace/data/genbuster-mini/extracted/GenBuster-200K-mini/benchmark/fake/jimeng/63f0dcd110e9d12d33ab0c4d95a62a3c1d9fa65d83ef87ca7fc94744e0a0e37f.mp4,1,FAKE,364.0131999272853
/workspace/data/genbuster-mini/extracted/GenBuster-200K-mini/benchmark/fake/jimeng/604c10488f9e45532923a1b18c53a4fc9406f584e86a52e272fad4769e28afb7.mp4,1,FAKE,430.6583288125694
/workspace/data/genbuster-mini/extracted/GenBuster-200K-mini/benchmark/fake/jimeng/5da8020828498ef51f91e9ddf1fe1eb673f89c7435c824c321ea230deb563a0d.mp4,1,FAKE,369.89358509890735
/workspace/data/genbuster-mini/extracted/GenBuster-200K-mini/benchmark/fake/jimeng/5b9e0e8a4527d8342bf840b1b4d4fe79548e64d1f456f4ba76be78295f9b8e59.mp4,0,REAL,473.5591949429363
/workspace/data/genbuster-mini/extracted/GenBuster-200K-mini/benchmark/fake/jimeng/59f436115d102a28289ebaf2341da61d8b87d53ee52695da380f6c518fd31485.mp4,0,REAL,343.83207303471863
/workspace/data/genbuster-mini/extracted/GenBuster-200K-mini/benchmark/fake/jimeng/57c23c2182aa3a073946df6de6b65318e5ecd88fc60f25c19dada689d7b240f9.mp4,1,FAKE,362.4460331629962
/workspace/data/genbuster-mini/extracted/GenBuster-200K-mini/benchmark/fake/jimeng/5505fb0e524c8b2107c5605c7b45a4bda4c6de1c9df7ee3c7742b671a84516ff.mp4,0,REAL,355.551142944023
/workspace/data/genbuster-mini/extracted/GenBuster-200K-mini/benchmark/fake/jimeng/50b03734f16a8822bae9f18e6959afd158d6b2f34d1177f4c0b326ba5ea7c8d9.mp4,0,REAL,443.43524402938783
/workspace/data/genbuster-mini/extracted/GenBuster-200K-mini/benchmark/fake/jimeng/5055f97b7f753de0bf550a8774b54eea6f68eef9c47c34737e164292bad3fdb6.mp4,1,FAKE,376.34105305187404
/workspace/data/genbuster-mini/extracted/GenBuster-200K-mini/benchmark/fake/jimeng/4f761c6b877a73283c8fede71f05c281660f3978b7d3ccf33bfa4348090b63f8.mp4,1,FAKE,394.8802328668535
/workspace/data/genbuster-mini/extracted/GenBuster-200K-mini/benchmark/fake/jimeng/4dc0d19e88692db6450f218b757fd8980e76eaff7e3d6bd44ea4fe0f1f02d851.mp4,1,FAKE,376.55093404464424
/workspace/data/genbuster-mini/extracted/GenBuster-200K-mini/benchmark/fake/jimeng/4b819771b29f71dfd0b0cf3fb23bd185eaa36bcce201eadcda400a4a2215f6f5.mp4,0,REAL,336.6755398456007
/workspace/data/genbuster-mini/extracted/GenBuster-200K-mini/benchmark/fake/jimeng/452b4a1c376e0826db86a7756a1b88838b4e5738a7ac5d8375ea85a15b051dd1.mp4,1,FAKE,366.8700219132006
/workspace/data/genbuster-mini/extracted/GenBuster-200K-mini/benchmark/fake/jimeng/445eee940d98351e5106a7f69b086d92088f9de88b1daa8fdd7828a03b72e300.mp4,0,REAL,368.2902480941266
/workspace/data/genbuster-mini/extracted/GenBuster-200K-mini/benchmark/fake/jimeng/434f3579b481a85d03a538a46633cb00e2462f1163db6a51e47c8aa4314621f0.mp4,0,REAL,357.3828109074384
/workspace/data/genbuster-mini/extracted/GenBuster-200K-mini/benchmark/fake/jimeng/4216bfb0057645623ebb50f4e5deeee14b110d3109fc0a03bc953cd4730befa4.mp4,0,REAL,351.98038700036705
/workspace/data/genbuster-mini/extracted/GenBuster-200K-mini/benchmark/fake/jimeng/41a2030fe918c12d950ab9158767ddad585562d06dbda6515552855a6b62bb61.mp4,1,FAKE,389.65260004624724
/workspace/data/genbuster-mini/extracted/GenBuster-200K-mini/benchmark/fake/jimeng/3cf462914b5394549ed94ba0cf064787c68265c024d2f78c2e2a05cead1cba9c.mp4,0,REAL,400.00237594358623
/workspace/data/genbuster-mini/extracted/GenBuster-200K-mini/benchmark/fake/jimeng/3b5bafb9ecb9d7ee75dc701ae608feaae777a22e3d2d9ef5918ba8e2c633e1bd.mp4,1,FAKE,374.79476700536907
/workspace/data/genbuster-mini/extracted/GenBuster-200K-mini/benchmark/fake/jimeng/3a0adec6c932adc6d5a28dba6944259c9dd1b405e46497bfd461746eeb522be6.mp4,1,FAKE,390.25119389407337
/workspace/data/genbuster-mini/extracted/GenBuster-200K-mini/benchmark/fake/jimeng/39fba3880c6d0abe6ddfa840dba94203f257f0f38ab82202c4c4681588f7864a.mp4,0,REAL,360.59275502339005
/workspace/data/genbuster-mini/extracted/GenBuster-200K-mini/benchmark/fake/jimeng/383b92918261cf60c6ded74ba534d200bfe5c8d4f84c6e35990236a886070447.mp4,0,REAL,367.208814015612
/workspace/data/genbuster-mini/extracted/GenBuster-200K-mini/benchmark/fake/jimeng/38227620d46dfe75c8d484e1e528a562c0a071acd5cd9923a2db6e6a7993a449.mp4,1,FAKE,371.2011210154742
/workspace/data/genbuster-mini/extracted/GenBuster-200K-mini/benchmark/fake/jimeng/381380836cc0ef2d776e6edb4230823aa2b5bd94f7dfec64afcdf01dcf191a11.mp4,1,FAKE,427.21475288271904
/workspace/data/genbuster-mini/extracted/GenBuster-200K-mini/benchmark/fake/jimeng/37bfe42a7a39843efef79a71e42c6a1dcf92d62340fca3a796e6212049ba186a.mp4,1,FAKE,406.0670118778944
/workspace/data/genbuster-mini/extracted/GenBuster-200K-mini/benchmark/fake/jimeng/3787acd350a92c3dcbee1eb1e85b0165f11e89c7c535906be53934851070c164.mp4,1,FAKE,370.9869598969817
/workspace/data/genbuster-mini/extracted/GenBuster-200K-mini/benchmark/fake/jimeng/33b0718ff78e35349b176a5cd8990723c080c74716482acacf606885aab6db06.mp4,1,FAKE,390.55448514409363
/workspace/data/genbuster-mini/extracted/GenBuster-200K-mini/benchmark/fake/jimeng/32089f1eb79294de177d99ba2173687612b8c8f8807a8c44636b26587f36c194.mp4,1,FAKE,369.15361089631915
/workspace/data/genbuster-mini/extracted/GenBuster-200K-mini/benchmark/fake/jimeng/3014aa683fb320cfb2fcc87a9d1b9cd3a3efd8a156e9c85ac241c8ca0196e02c.mp4,1,FAKE,375.97686098888516
/workspace/data/genbuster-mini/extracted/GenBuster-200K-mini/benchmark/fake/jimeng/2f06ed93437c1240fdb4d5bc599b0f8ce8d6781d26583b69e0e75017014788e3.mp4,0,REAL,341.58335207030177
/workspace/data/genbuster-mini/extracted/GenBuster-200K-mini/benchmark/fake/jimeng/2b110b3e51a2e0e695cef692740cf6526ffe1dcbaf3df22b5004b0e278e5ae89.mp4,1,FAKE,378.39427194558084
/workspace/data/genbuster-mini/extracted/GenBuster-200K-mini/benchmark/fake/jimeng/297a80e2c76011e5454b83cda6fec8343c28d43e37d8ba7e962454c12b72dca1.mp4,1,FAKE,376.7596648540348
/workspace/data/genbuster-mini/extracted/GenBuster-200K-mini/benchmark/fake/jimeng/259ffcdc34b8683ce9086ec6bfc6a22749dba4ddc460f6e89713a76a00aa6713.mp4,1,FAKE,376.2202619109303
/workspace/data/genbuster-mini/extracted/GenBuster-200K-mini/benchmark/fake/jimeng/24b095caaef3dd37dfcf2965c43e89315254e6debd1463e6ab5925a973e9f1c7.mp4,1,FAKE,375.57191983796656
/workspace/data/genbuster-mini/extracted/GenBuster-200K-mini/benchmark/fake/jimeng/21477cbb4c7effe8fcfeff9b2f3eb17d1a032cccc980dd6404a446678dc8f5ef.mp4,0,REAL,358.2974849268794
/workspace/data/genbuster-mini/extracted/GenBuster-200K-mini/benchmark/fake/jimeng/1f330209594ff388a72fd1aea7ff4e0fc3f9f536f56d6a8f3c1c66f6a7176659.mp4,0,REAL,350.971212843433
/workspace/data/genbuster-mini/extracted/GenBuster-200K-mini/benchmark/fake/jimeng/1989261166affba5ae66c5692020ab29f953b7299d88151c27e2743a33dbda21.mp4,1,FAKE,379.7805290669203
/workspace/data/genbuster-mini/extracted/GenBuster-200K-mini/benchmark/fake/jimeng/1851bb941f27051768d5c84ff70c1338159e7c697765871909004a7dd518d6d4.mp4,1,FAKE,367.5528960302472
/workspace/data/genbuster-mini/extracted/GenBuster-200K-mini/benchmark/fake/jimeng/184cf1fa59774a9aa6c40cef001b863170c3bc6816debc074f5620c9f086d4d1.mp4,0,REAL,453.74505897052586
/workspace/data/genbuster-mini/extracted/GenBuster-200K-mini/benchmark/fake/jimeng/151c525ee54aed1d70e9f6bed2c0bf94c3592bfcc31e0e35c3895b344aea0013.mp4,1,FAKE,388.9114880003035
/workspace/data/genbuster-mini/extracted/GenBuster-200K-mini/benchmark/fake/jimeng/147eac2f8b0030d89b12b40f242ba4a6980e72d3df29b8ad5cd77a2a55af5755.mp4,0,REAL,359.07956794835627
/workspace/data/genbuster-mini/extracted/GenBuster-200K-mini/benchmark/fake/jimeng/140c3558f9b8cb285269dfe4c9e7a8c1413dff79a03862da1d358611949cff9b.mp4,1,FAKE,364.4018811173737
/workspace/data/genbuster-mini/extracted/GenBuster-200K-mini/benchmark/fake/jimeng/0c23e6f308b303d2de8782bca3c9ad6ffe6bfc8dc6a001beaa5fe2b6b948f1c7.mp4,0,REAL,362.9647761117667
/workspace/data/genbuster-mini/extracted/GenBuster-200K-mini/benchmark/fake/jimeng/097122128c7b74f67a1344721c344605922092dccc662c2df90fb42a865e78c6.mp4,0,REAL,343.95259199663997
/workspace/data/genbuster-mini/extracted/GenBuster-200K-mini/benchmark/fake/jimeng/05823f2de0628aebc4a4485007c6ef8e54dbcec4aa530b986bbba980c5d44574.mp4,1,FAKE,382.9198821913451
/workspace/data/genbuster-mini/extracted/GenBuster-200K-mini/benchmark/fake/jimeng/030de55edb976973f48a7a8420fbc7626f953c1712b9af707caafc170633f414.mp4,1,FAKE,386.1642449628562
/workspace/data/genbuster-mini/extracted/GenBuster-200K-mini/benchmark/fake/jimeng/01731692add2acebba4b0cc6a905a10d95e4a73661bcbb804964e0f69431cd86.mp4,0,REAL,352.74050012230873
/workspace/data/genbuster-mini/extracted/GenBuster-200K-mini/benchmark/fake/jimeng/0044083bdb2695fd93327da0cea6b633108154e081ef96b508b826c7aaf538b8.mp4,1,FAKE,377.3927679285407
/workspace/data/genbuster-mini/extracted/GenBuster-200K-mini/benchmark/fake/gen3/ff4157290aaa72b49db080be9dc936f5ee1256f5a1afdf3f9b45de48bcd56d0c.mp4,0,REAL,338.1678177975118
/workspace/data/genbuster-mini/extracted/GenBuster-200K-mini/benchmark/fake/gen3/ff18a850dd3298713bd01550b581d1228ec24ccf5357dce29185054b6427992c.mp4,0,REAL,365.5472360551357
/workspace/data/genbuster-mini/extracted/GenBuster-200K-mini/benchmark/fake/gen3/fed5f23873eb6fb1446a563b26bdfa144ed077a246255d63213a0046a7ab700a.mp4,0,REAL,334.268590901047
/workspace/data/genbuster-mini/extracted/GenBuster-200K-mini/benchmark/fake/gen3/fe85bec62a20a5d55e4213487a8579a9acd711a226d34d1d81b69bccad287f0a.mp4,0,REAL,385.83580404520035
/workspace/data/genbuster-mini/extracted/GenBuster-200K-mini/benchmark/fake/gen3/fceec3b99b3218190967ba598186cac4ab332dbfdc9e1a039af52d6f34407031.mp4,0,REAL,353.0648220330477
/workspace/data/genbuster-mini/extracted/GenBuster-200K-mini/benchmark/fake/gen3/f70eef3d4fdf33a7fb46f86449b6a87b250c08040bcae1f0d8a9f89c85c5ff03.mp4,0,REAL,347.7509201038629
/workspace/data/genbuster-mini/extracted/GenBuster-200K-mini/benchmark/fake/gen3/f557cc42e47d22f008726db8146332734b2cc9aeb1214359edf0d175e8383b0b.mp4,0,REAL,427.9529759660363
/workspace/data/genbuster-mini/extracted/GenBuster-200K-mini/benchmark/fake/gen3/f4372e6da83e58641b8955160603bde952f298243390810e549e8940853d25fd.mp4,0,REAL,350.8886119816452
/workspace/data/genbuster-mini/extracted/GenBuster-200K-mini/benchmark/fake/gen3/ecd7e2648800cc0e0e268ab3206a8a5c339de9550b3fa94705973b5a963e470f.mp4,0,REAL,367.54408408887684
/workspace/data/genbuster-mini/extracted/GenBuster-200K-mini/benchmark/fake/gen3/ebe47c7089b96e321bdb25669c79a5c9a84ee9221a15ef33114b456e1b5a8453.mp4,0,REAL,354.3086079880595
/workspace/data/genbuster-mini/extracted/GenBuster-200K-mini/benchmark/fake/gen3/e984e97a2eb6f7660d61c71283f2fc71237d89dbb887b8700a140e299fc258bf.mp4,0,REAL,415.317211067304
/workspace/data/genbuster-mini/extracted/GenBuster-200K-mini/benchmark/fake/gen3/e94d29ef031268a050f4072cc399bd9a4c0797c45b1bcfae1219f4b12fcdbf49.mp4,0,REAL,416.4998170454055
/workspace/data/genbuster-mini/extracted/GenBuster-200K-mini/benchmark/fake/gen3/e7641b8493feff20abcfb453bd3e0eeb4eca8d467b0a905e2824c6fe5c5f02ae.mp4,0,REAL,337.9899859428406
/workspace/data/genbuster-mini/extracted/GenBuster-200K-mini/benchmark/fake/gen3/de66a001d3bdc0159a6b867c7df1a3fe7767797d77f44ef9c6173159e2049fed.mp4,0,REAL,336.7166300304234
/workspace/data/genbuster-mini/extracted/GenBuster-200K-mini/benchmark/fake/gen3/dd1c41b751aafd6d47245dd0f9e2e6cb49edf8a9062c3fb70752e384a7a0b1e0.mp4,0,REAL,351.2734652031213
/workspace/data/genbuster-mini/extracted/GenBuster-200K-mini/benchmark/fake/gen3/d06dd9222c8f6354433a0269635307930ad2aad1c08760647bec6e1a7b13842c.mp4,0,REAL,339.37999210320413
/workspace/data/genbuster-mini/extracted/GenBuster-200K-mini/benchmark/fake/gen3/c8c452483abf8639135abd039291fecf9e90bc27f7d057ecacde1ccce5fbd7fe.mp4,0,REAL,338.70889991521835
/workspace/data/genbuster-mini/extracted/GenBuster-200K-mini/benchmark/fake/gen3/c7db72810e3caa4ddc1c72d4637cd3e9259c50e83008f497964e7b4b3c4e3b82.mp4,0,REAL,336.8728719651699
/workspace/data/genbuster-mini/extracted/GenBuster-200K-mini/benchmark/fake/gen3/c314cd4cd5fc8f1b6a8e7f42d448435f2abeadbd611472856073a92e5492f61a.mp4,0,REAL,351.8855769652873
/workspace/data/genbuster-mini/extracted/GenBuster-200K-mini/benchmark/fake/gen3/bf56109c2ca2560e21d5f92718257bb4ac244f8b767e9d48924b3869bb99642b.mp4,0,REAL,367.7032559644431
/workspace/data/genbuster-mini/extracted/GenBuster-200K-mini/benchmark/fake/gen3/bb73e8593da775e2b947bf4cc78749f42f5138fd832eca3c73b861fe86243ad9.mp4,0,REAL,404.09219404682517
/workspace/data/genbuster-mini/extracted/GenBuster-200K-mini/benchmark/fake/gen3/b6cc887f725f7b5d00d0e9c06ab9cf338e80b1bd444a9d352201ad7ed840b5dc.mp4,0,REAL,337.02147100120783
/workspace/data/genbuster-mini/extracted/GenBuster-200K-mini/benchmark/fake/gen3/b5b117e22436cce16f1063e3c96e7df8a6562915a12db4ee8ff9780fae11f2e0.mp4,0,REAL,441.0136630758643
/workspace/data/genbuster-mini/extracted/GenBuster-200K-mini/benchmark/fake/gen3/b4a75d74ce2d9dd7d64511bf057f929cb444fe08dd5bb21c1b4b00c62468cb89.mp4,0,REAL,352.52950992435217
/workspace/data/genbuster-mini/extracted/GenBuster-200K-mini/benchmark/fake/gen3/b22c92f44b5f996fe4adea133232a10b8d70a98a59b9a330519ce31e83dd702c.mp4,0,REAL,406.2231918796897
/workspace/data/genbuster-mini/extracted/GenBuster-200K-mini/benchmark/fake/gen3/ad50afe904051d114748284677fe5be7d8393ebc6543cce0cb27105ea593e8ab.mp4,0,REAL,343.43530097976327
/workspace/data/genbuster-mini/extracted/GenBuster-200K-mini/benchmark/fake/gen3/abb547b50262b95c1346113ff77d0afd3c1512529a42270d58e04ee5d6c2da6d.mp4,0,REAL,402.49980706721544
/workspace/data/genbuster-mini/extracted/GenBuster-200K-mini/benchmark/fake/gen3/ab6830fdc33ce439214feeadda58e16e035b301cddcc5522cd7f75c2ef203840.mp4,0,REAL,335.48787515610456
/workspace/data/genbuster-mini/extracted/GenBuster-200K-mini/benchmark/fake/gen3/a756de852fc1747ad1b248facf24c40ce61887de3da126ecfbed5855d9cbcafd.mp4,0,REAL,350.10470100678504
/workspace/data/genbuster-mini/extracted/GenBuster-200K-mini/benchmark/fake/gen3/a730ff4fafe84e825ba1034060e4b6237de342b948ab20eaf8b7d711c0abe926.mp4,0,REAL,368.5421689879149
/workspace/data/genbuster-mini/extracted/GenBuster-200K-mini/benchmark/fake/gen3/a556f12df230a65444141a1f15e20ba16ec7e8ab92b1fe229f0b1e408d355a84.mp4,0,REAL,347.81903005205095
/workspace/data/genbuster-mini/extracted/GenBuster-200K-mini/benchmark/fake/gen3/a4dfab0818e46ff1e11ccac2832230d51ba5fe4c93431c8013af747a4256641e.mp4,0,REAL,333.65123881958425
/workspace/data/genbuster-mini/extracted/GenBuster-200K-mini/benchmark/fake/gen3/9ecab184a6b3388c1e486a1b818ecceadb9ea88db9a055702fa1494e658c5b03.mp4,0,REAL,350.0219490379095
/workspace/data/genbuster-mini/extracted/GenBuster-200K-mini/benchmark/fake/gen3/9ac55a7bff05535c1abf41f2d425383d458a7e3ba10ff2f3d836b1d625bea43b.mp4,0,REAL,339.2946820240468
/workspace/data/genbuster-mini/extracted/GenBuster-200K-mini/benchmark/fake/gen3/91cad250035107c464156a1b54a9d71d1540512760022da70804af2275f49b33.mp4,0,REAL,355.61751294881105
/workspace/data/genbuster-mini/extracted/GenBuster-200K-mini/benchmark/fake/gen3/8d4512fd335090d9c7459872a73516c8e178ed19233151a6d88ea72c846ed1cd.mp4,0,REAL,352.0574669819325
/workspace/data/genbuster-mini/extracted/GenBuster-200K-mini/benchmark/fake/gen3/8b8d096633b0e07714103541ecc9ea6c7309e29c1e10c684bf18e59da756a83e.mp4,0,REAL,338.97847100161016
/workspace/data/genbuster-mini/extracted/GenBuster-200K-mini/benchmark/fake/gen3/89eee2bfc7f32f88c9395201f4f23ee05739be4415a1665893437622dc691893.mp4,0,REAL,338.09269801713526
/workspace/data/genbuster-mini/extracted/GenBuster-200K-mini/benchmark/fake/gen3/866d39424c98294047d9e1dbb579cd41488a6977d6fb4d89d96ac79c139c4e75.mp4,0,REAL,351.40082496218383
/workspace/data/genbuster-mini/extracted/GenBuster-200K-mini/benchmark/fake/gen3/844291787c8ed32700e1b2918dee3fea212610cb498065fad04cdf09521fabd4.mp4,0,REAL,335.7271868735552
/workspace/data/genbuster-mini/extracted/GenBuster-200K-mini/benchmark/fake/gen3/80d2ea29075e6543c6085972c8c75730927fc09b32c7b4ceae8545ddd8aceeaf.mp4,0,REAL,339.7016238886863
/workspace/data/genbuster-mini/extracted/GenBuster-200K-mini/benchmark/fake/gen3/7d2b5d5e5c8f3c87b2dd8c548669d8b33c31659c234e291c8e68a557b2a2cad3.mp4,0,REAL,346.5724349953234
/workspace/data/genbuster-mini/extracted/GenBuster-200K-mini/benchmark/fake/gen3/7c6fb3654c579a96dbe393504db32e52ca6d0e3e4202d6518bdaa536fd6e04b3.mp4,0,REAL,350.38398997858167
/workspace/data/genbuster-mini/extracted/GenBuster-200K-mini/benchmark/fake/gen3/7be049f0021b7e73921792d0b56f225cff70b4abf5f3669226de0e344005c60d.mp4,0,REAL,338.41557800769806
/workspace/data/genbuster-mini/extracted/GenBuster-200K-mini/benchmark/fake/gen3/788554ff21dea8ac2e41011f27d4777eda062e79137f535cf0aa76ac9efb502c.mp4,0,REAL,335.2991449646652
/workspace/data/genbuster-mini/extracted/GenBuster-200K-mini/benchmark/fake/gen3/760b485163234a499691d32bce3cf673494c58e7c373fb324cb6cd53e803788b.mp4,0,REAL,332.75164291262627
/workspace/data/genbuster-mini/extracted/GenBuster-200K-mini/benchmark/fake/gen3/756687a6ce1711e756a29ef0274c997a68e86b531fdea11a11b5ad093adad4d3.mp4,0,REAL,386.30147580988705
/workspace/data/genbuster-mini/extracted/GenBuster-200K-mini/benchmark/fake/gen3/74f281e0dedc3d1b4acc97788720265f58149d0015767d8cd8be2b4ef258c156.mp4,0,REAL,340.4871670063585
/workspace/data/genbuster-mini/extracted/GenBuster-200K-mini/benchmark/fake/gen3/71e85262036b6ab49da3a4fd90f7c590de239ac9302351026baabf30274ab448.mp4,0,REAL,336.0823190305382
/workspace/data/genbuster-mini/extracted/GenBuster-200K-mini/benchmark/fake/gen3/6ee3435fb97aa52fbf1bdfe548aec2a06d7d166c49ee811f3de63973cb77543f.mp4,0,REAL,353.585405042395
/workspace/data/genbuster-mini/extracted/GenBuster-200K-mini/benchmark/fake/gen3/6e961c6bc3d29d1330d2ca2b586239fec121dcf9b971394a1cafac3ff49f76f6.mp4,0,REAL,342.3109659925103
/workspace/data/genbuster-mini/extracted/GenBuster-200K-mini/benchmark/fake/gen3/6c8d22e3fd7da0ac00eca659de165689a495297908cd3b4377038ee48c46a805.mp4,0,REAL,356.4124358817935
/workspace/data/genbuster-mini/extracted/GenBuster-200K-mini/benchmark/fake/gen3/6c6b2381f45bafb6b74f2591b36363c1bbc58e9df7967bab34965a016e3abf36.mp4,0,REAL,372.8983988985419
/workspace/data/genbuster-mini/extracted/GenBuster-200K-mini/benchmark/fake/gen3/641b442493431b543413ea682ffc37f56c47e33ba9a5a5f536c7ba503cbfb9a4.mp4,0,REAL,341.41461201943457
/workspace/data/genbuster-mini/extracted/GenBuster-200K-mini/benchmark/fake/gen3/635b5d1b83389da71b877e8a40c9ea7a3ec690f2d1c33aa4755b88ea788e2dc3.mp4,0,REAL,366.7059319559485
/workspace/data/genbuster-mini/extracted/GenBuster-200K-mini/benchmark/fake/gen3/5e33163606c9c95d4861b3e1d5a842ffec20db04119aedcadc11bce0df0ca0d3.mp4,0,REAL,355.4354708176106
/workspace/data/genbuster-mini/extracted/GenBuster-200K-mini/benchmark/fake/gen3/5dcab1c49845c88144a16d6766c7624eee072042252c7f7b87dd6ed79d42801e.mp4,0,REAL,390.29259397648275
/workspace/data/genbuster-mini/extracted/GenBuster-200K-mini/benchmark/fake/gen3/5c1170fe1b67a72a65daf3e08054edc987221106107c10550bff1e2a21dc0756.mp4,0,REAL,352.3188189137727
/workspace/data/genbuster-mini/extracted/GenBuster-200K-mini/benchmark/fake/gen3/5bde6adf54375d0a20efadd59c1c8bb17d5f433c64e04012701d54cad92ba94e.mp4,0,REAL,382.9824021086097
/workspace/data/genbuster-mini/extracted/GenBuster-200K-mini/benchmark/fake/gen3/5ad8df45f2d0e21c11db4fb0f904de98f8053f8a594f0eedfaa48f0a91733ca0.mp4,0,REAL,351.43275489099324
/workspace/data/genbuster-mini/extracted/GenBuster-200K-mini/benchmark/fake/gen3/5423a62b7c97adbea2e72cb679aeaf4eeac46e3b1d7d57a170a676fd5dc6040d.mp4,0,REAL,339.1655331943184
/workspace/data/genbuster-mini/extracted/GenBuster-200K-mini/benchmark/fake/gen3/53bdd09d28266a9854b7fc9758372dfad3901055e3de96661eb385e5422a4149.mp4,0,REAL,346.3849339168519
/workspace/data/genbuster-mini/extracted/GenBuster-200K-mini/benchmark/fake/gen3/51b3222ac9c605dbeea963b0e8866bd8df4269a8d443a9ca2c0b32fb7a652bbe.mp4,0,REAL,337.4708441551775
/workspace/data/genbuster-mini/extracted/GenBuster-200K-mini/benchmark/fake/gen3/4f2468a71ab74b8d4c2a403e88414964d6578094f801ca43bc7a4dfab8203baa.mp4,0,REAL,347.29045699350536
/workspace/data/genbuster-mini/extracted/GenBuster-200K-mini/benchmark/fake/gen3/4dfd82fa541c842ed624ba1795afdaa8801c59f0976c95fefa07b99073a985ec.mp4,0,REAL,344.2585039883852
/workspace/data/genbuster-mini/extracted/GenBuster-200K-mini/benchmark/fake/gen3/4d528713b34777e06f2c4d10f38aec434cf54b04e35ce649ef0225408fb1361d.mp4,0,REAL,366.1539889872074
/workspace/data/genbuster-mini/extracted/GenBuster-200K-mini/benchmark/fake/gen3/4cf9716f4ebe084fc4b4d9247f3c2a57636eb4b7dd7803fa471758de98854931.mp4,0,REAL,392.2496121376753
/workspace/data/genbuster-mini/extracted/GenBuster-200K-mini/benchmark/fake/gen3/49dd1a92f982f7f4421d2839e5d0d5089c1dade0860eccd9c7c4ac8380ae78dc.mp4,0,REAL,351.7570870462805
/workspace/data/genbuster-mini/extracted/GenBuster-200K-mini/benchmark/fake/gen3/480e6febf1d3816c601ca92180aeb6e47c0fb767a04a261bb6ea237061e32f51.mp4,0,REAL,339.0102619305253
/workspace/data/genbuster-mini/extracted/GenBuster-200K-mini/benchmark/fake/gen3/474b38a57dbbd73f367df3b54b6d1a9e09969f9238cc0ccf8c96536b781e9790.mp4,0,REAL,341.648232890293
/workspace/data/genbuster-mini/extracted/GenBuster-200K-mini/benchmark/fake/gen3/466af592f2d0515a37efb263ac35b1ed4a19997c41e09a0b969279fb9d572f37.mp4,0,REAL,420.776556013152
/workspace/data/genbuster-mini/extracted/GenBuster-200K-mini/benchmark/fake/gen3/453b617bc759a97f70e21c260018ec9eb4e1e08b82451cb3e173b45c492725af.mp4,0,REAL,410.00913991592824
/workspace/data/genbuster-mini/extracted/GenBuster-200K-mini/benchmark/fake/gen3/4468bed6b3eef3d52e60fdb68943f435eae6da67bf01b281bf1cca8e6af95a9c.mp4,0,REAL,369.48247300460935
/workspace/data/genbuster-mini/extracted/GenBuster-200K-mini/benchmark/fake/gen3/38f7a9037c866438679da07dadc1a4e4102fce66dd7b62742e48cf68558559ae.mp4,0,REAL,374.50854596681893
/workspace/data/genbuster-mini/extracted/GenBuster-200K-mini/benchmark/fake/gen3/3488c9fbc0807a3547b310cf77b05b6c2c440200da68b06fd56606df29a5ddc6.mp4,0,REAL,330.048562027514
/workspace/data/genbuster-mini/extracted/GenBuster-200K-mini/benchmark/fake/gen3/344fb9e56c4fb146164102f69ba14d6ea6bf25016eb53b9f8d0d1664837b1562.mp4,0,REAL,341.13604901358485
/workspace/data/genbuster-mini/extracted/GenBuster-200K-mini/benchmark/fake/gen3/2f9ccc650fd75b7f8231145af6410abc722d5a855b8f284f0404b5b16bef07ff.mp4,0,REAL,358.9503071270883
/workspace/data/genbuster-mini/extracted/GenBuster-200K-mini/benchmark/fake/gen3/2d3b867e8a9c6ac7fd472933a87fcde0199fab0cbcc554f3f27f265cbcabb788.mp4,0,REAL,371.8052441254258
/workspace/data/genbuster-mini/extracted/GenBuster-200K-mini/benchmark/fake/gen3/2b509f1f5e3d98a8b0fdeb0b383b7b928f03eaebd8d779abdb7da211ad35f248.mp4,0,REAL,362.65348410233855
/workspace/data/genbuster-mini/extracted/GenBuster-200K-mini/benchmark/fake/gen3/28c5b2e67564e93ee338b4fd9e20d2bbedcab5a60f14cd958e0c0061a6806acb.mp4,0,REAL,353.93098602071404
/workspace/data/genbuster-mini/extracted/GenBuster-200K-mini/benchmark/fake/gen3/24f736971716590e23cab0aed8e4acb51ab00da68b999255f6765b3670e3c574.mp4,0,REAL,361.5406579338014
/workspace/data/genbuster-mini/extracted/GenBuster-200K-mini/benchmark/fake/gen3/23c2174451d3c888e140eff1db6caaf94aa1b1075de59f55fed1a33f61cdca52.mp4,0,REAL,360.05650204606354
/workspace/data/genbuster-mini/extracted/GenBuster-200K-mini/benchmark/fake/gen3/231b2d9af67d8e2ce32271f7ccbeb17f6e807d18a303854a9c384003fed32656.mp4,0,REAL,355.2083221729845
/workspace/data/genbuster-mini/extracted/GenBuster-200K-mini/benchmark/fake/gen3/2168b844eb7ae0b802d502d0790ea974e9a4abae7f63f48a27de0d8575af1f9e.mp4,0,REAL,381.1242440715432
/workspace/data/genbuster-mini/extracted/GenBuster-200K-mini/benchmark/fake/gen3/1fb56da853a8b8136991e83decd017a9968cea3f5f2182f7dc53068079ad6e4c.mp4,0,REAL,343.47672993317246
/workspace/data/genbuster-mini/extracted/GenBuster-200K-mini/benchmark/fake/gen3/1f640b438d9347f58470d86883a5929f42b340cbebc2bbab2cfba882117f3395.mp4,0,REAL,341.3139709737152
/workspace/data/genbuster-mini/extracted/GenBuster-200K-mini/benchmark/fake/gen3/1c954baf3deb088b99ad39b8a99f9b662d35fbc8b83437be93b0cabb0181ae74.mp4,0,REAL,346.2647330015898
/workspace/data/genbuster-mini/extracted/GenBuster-200K-mini/benchmark/fake/gen3/1c34df0cfd248c072a36edb3f14cc91a1b63f8afc6d0ed0e169864761ee8118e.mp4,0,REAL,363.38666803203523
/workspace/data/genbuster-mini/extracted/GenBuster-200K-mini/benchmark/fake/gen3/189fa1be438d2224f6b144f6e35e0d1c2f5146c451500402b8e2c16fca31c9c9.mp4,0,REAL,354.9835009034723
/workspace/data/genbuster-mini/extracted/GenBuster-200K-mini/benchmark/fake/gen3/16f109c1596357765cee08ccaea5028d402894fe7103955e6d48b5af5244aa27.mp4,0,REAL,342.8173081483692
/workspace/data/genbuster-mini/extracted/GenBuster-200K-mini/benchmark/fake/gen3/1455b2af497fcd78bd683011231193339b80da765be70782e9c1e1aa808cb7bf.mp4,0,REAL,360.4415140580386
/workspace/data/genbuster-mini/extracted/GenBuster-200K-mini/benchmark/fake/gen3/13d91beebbd95cc415ad68d7ccc6a429290e6c7a51bc6681dfe9c1f331eddbe3.mp4,0,REAL,346.84151387773454
/workspace/data/genbuster-mini/extracted/GenBuster-200K-mini/benchmark/fake/gen3/12e4bd9e2c1c1ecbbde18812b9e8a0e02e46e93f3063693b0eb64a273e0ec84f.mp4,0,REAL,345.40814883075655
/workspace/data/genbuster-mini/extracted/GenBuster-200K-mini/benchmark/fake/gen3/129c605a59571ebfb01ab1c70b4566376e72b742413e039dcb1ccce38663a4e6.mp4,0,REAL,354.3032070156187
/workspace/data/genbuster-mini/extracted/GenBuster-200K-mini/benchmark/fake/gen3/0cd5fac50e44d761fbbd42f0a7cb0fe59847e7440ceb34689e351555894659fb.mp4,0,REAL,360.9612970612943
/workspace/data/genbuster-mini/extracted/GenBuster-200K-mini/benchmark/fake/gen3/0c2303dfd6e69463c559c1a4df334858c39c280575a4861160d13b1b573becb4.mp4,0,REAL,408.35281112231314
/workspace/data/genbuster-mini/extracted/GenBuster-200K-mini/benchmark/fake/gen3/09734fd48914d32da4b49d2be4b4b1416eceb5af9d44df9116e96a710bbf7b66.mp4,0,REAL,356.76898690871894
/workspace/data/genbuster-mini/extracted/GenBuster-200K-mini/benchmark/fake/gen3/0343654a620b2ec8aa67462dabe530d773f8b859f13bfcfd0e5c09a0a89e5cf1.mp4,0,REAL,355.7128729298711
/workspace/data/genbuster-mini/extracted/GenBuster-200K-mini/benchmark/fake/gen3/030e4443824d06e0ac4da697fa66b9a677a32fe4a88aa48f85476a52e9fe92ba.mp4,0,REAL,361.71043012291193
/workspace/data/genbuster-mini/extracted/GenBuster-200K-mini/benchmark/fake/gen3/01bbc183c0809966ec1c056783f8499e59e8bc0e190209bb310c01690c1ea70c.mp4,0,REAL,380.2215389441699
