path,logit,confidence,margin1,entropy1,flip,y_cnn,y_true,generator
/workspace/data/genbuster-mini/extracted/GenBuster-200K-mini/benchmark/real/01d7dce697b2c3be67fa8e5c77be91c82be0ba9e590b4c2636f2c98b944229f6.mp4,-29.2548770904541,0.9999999999998028,29.2548770904541,4.608713686641626e-12,0,0,0,real
/workspace/data/genbuster-mini/extracted/GenBuster-200K-mini/benchmark/real/01657b74cbc6265899b7ec80f7fb089aacd97e87190d696261632f2f3d595551.mp4,-21.479488372802734,0.9999999995305636,21.479488372802734,1.0550690683767118e-08,0,0,0,real
/workspace/data/genbuster-mini/extracted/GenBuster-200K-mini/benchmark/real/00bc6d099e238d673ab49da3c4ee6c3948ef3bac6fc339b129ef5cd242b1838a.mp4,1.4533302783966064,0.8105104565620422,1.4533302783966064,0.48548195032666713,0,1,0,real
/workspace/data/genbuster-mini/extracted/GenBuster-200K-mini/benchmark/real/00b7d4faaf2a33451384d4f5e94be1e08e5c748775e50993f0b906edd0b2744a.mp4,-23.831287384033203,0.9999999999553107,23.831287384033203,1.1077034573252907e-09,0,0,0,real
/workspace/data/genbuster-mini/extracted/GenBuster-200K-mini/benchmark/real/00b2a2722089d0fe98102895074f5fd2cc44f7291f91581657ce6d6180aa0cba.mp4,-15.224512100219727,0.9999997556128903,15.224512100219727,3.965059649962839e-06,0,0,0,real
/workspace/data/genbuster-mini/extracted/GenBuster-200K-mini/benchmark/real/ffabb5b699586169b8b13343eb4ff1193aa7d6877f3aaa5479e3358da6512b7b.mp4,-28.693775177001953,0.9999999999996545,28.693775177001953,8.789478373216537e-12,0,0,0,real
/workspace/data/genbuster-mini/extracted/GenBuster-200K-mini/benchmark/real/ff81da7f4707728ba5cf56ea2a8c14963a46176cb2746de2d6b4d23c32b33231.mp4,-11.359898567199707,0.9999883465725361,11.359898567199707,0.00014403524728796345,0,0,0,real
/workspace/data/genbuster-mini/extracted/GenBuster-200K-mini/benchmark/real/ff672899dba83014d31d95bc75049f67b395e21cfdad578d1c099cdae7df796b.mp4,-21.149372100830078,0.999999999346953,21.149372100830078,1.4462579553074018e-08,0,0,0,real
/workspace/data/genbuster-mini/extracted/GenBuster-200K-mini/benchmark/real/fe41e6ae69865f2593b5dc2b479cde7cb7ae8a83142deb2574e0ecec0e13b17e.mp4,-26.490299224853516,0.999999999996871,26.490299224853516,8.415017783816705e-11,0,0,0,real
/workspace/data/genbuster-mini/extracted/GenBuster-200K-mini/benchmark/real/fe01dd8cabab86d44b7399572aa218e841230685a5e22c8148b3956b77d16636.mp4,-24.324447631835938,0.9999999999727085,24.324447631835938,6.891588241853929e-10,0,0,0,real
/workspace/data/genbuster-mini/extracted/GenBuster-200K-mini/benchmark/real/fd9567f10d00d9d0d966ffa8c39445273be9822841d0376b14c1992b0fd5104a.mp4,-6.759000778198242,0.9988409568322822,6.759000778198242,0.008993689020563942,0,0,0,real
/workspace/data/genbuster-mini/extracted/GenBuster-200K-mini/benchmark/real/fd4bc0ee6bc371fc65baaeb3b0fcc2e82895b4057123786ab518d00c3151597e.mp4,-27.6752986907959,0.9999999999990433,27.6752986907959,2.574879818752006e-11,0,0,0,real
/workspace/data/genbuster-mini/extracted/GenBuster-200K-mini/benchmark/real/fd38260b2d293fb0294ed8f7a5cda8665073a36bca8fcbba382fd7608a1fdf8d.mp4,-13.578486442565918,0.9999987325298889,13.578486442565918,1.8477794599540703e-05,0,0,0,real
/workspace/data/genbuster-mini/extracted/GenBuster-200K-mini/benchmark/real/fd02416ac8201fc9ec6eaab453d52ea03f0b04ec48dc93f08e5b8457eb72b538.mp4,-0.3235875070095062,0.5801983177661896,0.3235875070095062,0.6802279077620366,1,0,0,real
/workspace/data/genbuster-mini/extracted/GenBuster-200K-mini/benchmark/real/fc21ccee80691c18ca62b48929fb70fb586801719ace7ec27fcbb6cf8ba68e28.mp4,-28.5974063873291,0.9999999999996195,28.5974063873291,9.770213951705887e-12,0,0,0,real
/workspace/data/genbuster-mini/extracted/GenBuster-200K-mini/benchmark/real/fb3a85105f094c4ac591cd4e4d4bfc82c0e26679e01fa8ae07a24ca23f2f91f0.mp4,-35.2664680480957,0.9999999999999996,35.2664680480957,-9.862986339632105e-13,0,0,0,real
/workspace/data/genbuster-mini/extracted/GenBuster-200K-mini/benchmark/real/fb232d4593fff918788ce4e39d5593037ff80ee7f41df9bb8d7972bfcf1d812c.mp4,-12.36346435546875,0.9999957281720526,12.36346435546875,5.70864280773389e-05,0,0,0,real
/workspace/data/genbuster-mini/extracted/GenBuster-200K-mini/benchmark/real/fab6d58928f0b767125e9c9fb6cccc33ae1db9d07cc597048200d53917388b0d.mp4,-28.815872192382812,0.9999999999996942,28.815872192382812,7.67341569985147e-12,0,0,0,real
/workspace/data/genbuster-mini/extracted/GenBuster-200K-mini/benchmark/real/fa93984a8a2e5044293e92fa7180efed4b870808615ba96b83e50516198cd6f6.mp4,-30.385618209838867,0.9999999999999364,30.385618209838867,8.180023594777217e-13,0,0,0,real
/workspace/data/genbuster-mini/extracted/GenBuster-200K-mini/benchmark/real/fa7ba155356874927b3b531438b350b6525681a9223cd7ecedf7c2f965c0da9a.mp4,-27.87722396850586,0.9999999999992182,27.87722396850586,2.093110709591521e-11,0,0,0,real
/workspace/data/genbuster-mini/extracted/GenBuster-200K-mini/benchmark/real/fa621e4f20b302d4bfff8761ac6a61e0d5ff3e84d7d85e3f0b66ff5681d347e4.mp4,-24.12204360961914,0.999999999966586,24.12204360961914,8.374447352061588e-10,0,0,0,real
/workspace/data/genbuster-mini/extracted/GenBuster-200K-mini/benchmark/real/fa3e4020993636765943f92e712c86db94ca1887d3a7c29612614779eface9e9.mp4,-4.575623035430908,0.989805125631392,4.575623035430908,0.05689509966573738,0,0,0,real
/workspace/data/genbuster-mini/extracted/GenBuster-200K-mini/benchmark/real/fa108ee877afe4b87b22287b0d8a7a10ca31e2e986a3fcd2ccf69076c2151b1b.mp4,-21.203914642333984,0.999999999381618,21.203914642333984,1.372850228601728e-08,0,0,0,real
/workspace/data/genbuster-mini/extracted/GenBuster-200K-mini/benchmark/real/f9f3d7eff6d70534a1ee87a247392201626d3b11d82cf5786b60fd21cf174e78.mp4,-23.552507400512695,0.9999999999409424,23.552507400512695,1.4480212363252552e-09,0,0,0,real
/workspace/data/genbuster-mini/extracted/GenBuster-200K-mini/benchmark/real/f9c33b9bea60d56220302f1a0b1d050d31cc8b8633e3b17c945421ee40a06083.mp4,-26.394752502441406,0.9999999999965573,26.394752502441406,9.243515789386483e-11,0,0,0,real
/workspace/data/genbuster-mini/extracted/GenBuster-200K-mini/benchmark/real/f98d9ccd447a7f72e21e2d2a96473d58bb9786460c026fccb0f561d921304cc3.mp4,-30.32286262512207,0.9999999999999323,30.32286262512207,9.353614926398132e-13,0,0,0,real
/workspace/data/genbuster-mini/extracted/GenBuster-200K-mini/benchmark/real/f974eef3d748c96400da86265efc5f5c1afbcd98fbc4252167003eeb717d9dd2.mp4,-23.70098114013672,0.999999999949091,23.70098114013672,1.2555124096947792e-09,0,0,0,real
/workspace/data/genbuster-mini/extracted/GenBuster-200K-mini/benchmark/real/f9709b4bbade11584195fec359c02a5bf328d062dadd913697a58bfb09e7b736.mp4,-31.259849548339844,0.9999999999999735,31.259849548339844,-2.4061094726253166e-13,0,0,0,real
/workspace/data/genbuster-mini/extracted/GenBuster-200K-mini/benchmark/real/f93cfe16d2b0b151fdf0a6b2b27eb0b7d00c4f0bf46fdb7d872aab6d07c0a917.mp4,-27.031742095947266,0.9999999999981792,27.031742095947266,4.9243285360695414e-11,0,0,0,real
/workspace/data/genbuster-mini/extracted/GenBuster-200K-mini/benchmark/real/f83e5080eec1a2bae9c40663839fde98fdfb9f97dcce6031860efebabed2d346.mp4,-8.00977897644043,0.999667912197765,8.00977897644043,0.0029920928635757136,0,0,0,real
/workspace/data/genbuster-mini/extracted/GenBuster-200K-mini/benchmark/real/f8187c57e5055f22c37ede363bb65cecfebfbc8e17a49d8765c60831a2aed212.mp4,0.3733396828174591,0.5922657251358032,0.3733396828174591,0.6760232844124776,1,1,0,real
/workspace/data/genbuster-mini/extracted/GenBuster-200K-mini/benchmark/real/f7ee64921a549a4d5b5f02d0ed58186b9e9bca195bd992d46e7703c9701b9f8f.mp4,-16.1403751373291,0.9999999022033279,16.1403751373291,1.6762696568665723e-06,0,0,0,real
/workspace/data/genbuster-mini/extracted/GenBuster-200K-mini/benchmark/real/f7e9ef5eb734923046795956a06b3f8078947827b284d2ea89a48a0e8791599b.mp4,-42.288169860839844,1.0,42.288169860839844,-1.0000769915047206e-12,0,0,0,real
/workspace/data/genbuster-mini/extracted/GenBuster-200K-mini/benchmark/real/f78be9d6c96967f293ac983bdda3a502853e48e19fce2a8fb4df4f20f330fa26.mp4,-34.610633850097656,0.9999999999999991,34.610633850097656,-9.734864028458061e-13,0,0,0,real
/workspace/data/genbuster-mini/extracted/GenBuster-200K-mini/benchmark/real/f721a63e5cf83cd273dd7424c6a8932d622a0246c620f873afab8205bb44f262.mp4,-33.15998458862305,0.999999999999996,33.15998458862305,-8.864098596205849e-13,0,0,0,real
/workspace/data/genbuster-mini/extracted/GenBuster-200K-mini/benchmark/real/f70ac7139c2e2ce99d5f05c5ba0cb511161b10a0634bcbcab8beec7985abfb5e.mp4,-7.630600929260254,0.9995148663874716,7.630600929260254,0.004187112337287702,0,0,0,real
/workspace/data/genbuster-mini/extracted/GenBuster-200K-mini/benchmark/real/f6fb3ce4f39a804453d309829ba81e762e89ae1018113d3b3025c79d3e7df20d.mp4,-23.158416748046875,0.9999999999124155,23.158416748046875,2.1139092259373234e-09,0,0,0,real
/workspace/data/genbuster-mini/extracted/GenBuster-200K-mini/benchmark/real/f6f726abc51d32a6866d58c1514762e1aec7f91fcf22e5733dd274a3f157d26b.mp4,-30.8314266204834,0.9999999999999593,30.8314266204834,1.6498476331059085e-13,0,0,0,real
/workspace/data/genbuster-mini/extracted/GenBuster-200K-mini/benchmark/real/f63060417007ee1caa0d71b32cb94025c61f7d38f3a8981811c777f1aa0f5aa5.mp4,-19.073217391967773,0.999999994792768,19.073217391967773,1.0452389973467753e-07,0,0,0,real
/workspace/data/genbuster-mini/extracted/GenBuster-200K-mini/benchmark/real/f5ceb139efd93de889c1e54632d3dbc55c2ca9b9b0996de69590fb95d255c401.mp4,-29.17184066772461,0.9999999999997858,29.17184066772461,5.0913245372667984e-12,0,0,0,real
/workspace/data/genbuster-mini/extracted/GenBuster-200K-mini/benchmark/real/f5aa6854c5fa222b75bf307c2fcfee0424ac990601e53b8e50ae27eee193452e.mp4,-0.7360794544219971,0.6761379539966583,0.7360794544219971,0.6297463588032824,1,0,0,real
/workspace/data/genbuster-mini/extracted/GenBuster-200K-mini/benchmark/real/f57046e2d31dd9ccf4b9ea53aa96e99b9e53b27b4cb8886d56680f28d447cc97.mp4,-28.056549072265625,0.9999999999993465,28.056549072265625,1.7379607427354684e-11,0,0,0,real
/workspace/data/genbuster-mini/extracted/GenBuster-200K-mini/benchmark/real/f54917c47a8580ef4ab012f26e4f347c7f5108d6fb64ac1393c39c846b087b3c.mp4,-26.996232986450195,0.9999999999981134,26.996232986450195,5.1015942602871305e-11,0,0,0,real
/workspace/data/genbuster-mini/extracted/GenBuster-200K-mini/benchmark/real/f529242c22cc9c8b84a46b3afaaec57822d252953e61d56b9334ba5a2cb37986.mp4,-16.845428466796875,0.9999999516803904,16.845428466796875,8.622821312897416e-07,0,0,0,real
/workspace/data/genbuster-mini/extracted/GenBuster-200K-mini/benchmark/real/f4f8eeaf3d6218b444c6d16fa330b5935ed70c9df44fae402f14d2bbd352b1b9.mp4,-12.523695945739746,0.9999963606285291,12.523695945739746,4.921775775136772e-05,0,0,0,real
/workspace/data/genbuster-mini/extracted/GenBuster-200K-mini/benchmark/real/f433bc9eb035018550d0f1d0ea315a53b020112b94564e9a1adaff573c56a9ce.mp4,-16.36329460144043,0.9999999217451219,16.36329460144043,1.3587605052863605e-06,0,0,0,real
/workspace/data/genbuster-mini/extracted/GenBuster-200K-mini/benchmark/real/f3fdcedb1e58f18a8045b6c698a4121c7aefcf4616f5179153d7be60f930fa53.mp4,-25.350200653076172,0.9999999999902153,25.350200653076172,2.5587685517000123e-10,0,0,0,real
/workspace/data/genbuster-mini/extracted/GenBuster-200K-mini/benchmark/real/f3fd2f36557289e60c74e411e62fc6ea46b9b2fccc799bdd96a33cc55973506f.mp4,-29.063278198242188,0.9999999999997612,29.063278198242188,5.785148468243185e-12,0,0,0,real
/workspace/data/genbuster-mini/extracted/GenBuster-200K-mini/benchmark/real/f39891da5ff65de95d9d534a1e065474f913f15e2589b76835261e448d5d71b0.mp4,-20.731853485107422,0.999999999008551,20.731853485107422,2.1544025756440724e-08,0,0,0,real
/workspace/data/genbuster-mini/extracted/GenBuster-200K-mini/benchmark/real/f382eabf50fd318341aada36b8b5dc88e234410401c2b82eb40ff87b1892f6de.mp4,-33.00475311279297,0.9999999999999953,33.00475311279297,-8.673280410794825e-13,0,0,0,real
/workspace/data/genbuster-mini/extracted/GenBuster-200K-mini/benchmark/real/f380717d353b0bdf4a02cdee039820d94c5d1516fc8727bbefcd4f17a0cdb29b.mp4,-15.621929168701172,0.9999998357587288,15.621929168701172,2.730004789348981e-06,0,0,0,real
/workspace/data/genbuster-mini/extracted/GenBuster-200K-mini/benchmark/real/f3681b514c333fd0cb35547822165fc952cf2f32bfc4cef6fea23f7217ce33d2.mp4,-20.405227661132812,0.9999999986255712,20.405227661132812,2.9417961540120922e-08,0,0,0,real
/workspace/data/genbuster-mini/extracted/GenBuster-200K-mini/benchmark/real/f31df9086cf78151a7c4aa6a6822267fb1575b90073d30a5d01f9b5a1aa6ecb2.mp4,-22.532777786254883,0.999999999836266,22.532777786254883,3.851119821607041e-09,0,0,0,real
/workspace/data/genbuster-mini/extracted/GenBuster-200K-mini/benchmark/real/f24e1240bdd9ddf91ed64c2148da7e067a2e70f36492ec91e73081faf7e6fc8e.mp4,-27.906068801879883,0.9999999999992405,27.906068801879883,2.031710183937277e-11,0,0,0,real
/workspace/data/genbuster-mini/extracted/GenBuster-200K-mini/benchmark/real/f1f9a74a129ffdc68397ed4305ee93850c7f38e2e5802c32a1e7c46298e3e5bb.mp4,-34.652217864990234,0.9999999999999991,34.652217864990234,-9.745337443746167e-13,0,0,0,real
/workspace/data/genbuster-mini/extracted/GenBuster-200K-mini/benchmark/real/f1cb5231b55aa92a9b33bdfabbe39384b523846d0b3ed6c4feff71d0263c9126.mp4,-10.070799827575684,0.9999577050184598,10.070799827575684,0.00046824016659775873,0,0,0,real
/workspace/data/genbuster-mini/extracted/GenBuster-200K-mini/benchmark/real/f1776c3465f146000939fc44da8081af59f574ded33fe8766dd025951f71568f.mp4,-37.182621002197266,0.9999999999999999,37.182621002197266,-9.97902642329682e-13,0,0,0,real
/workspace/data/genbuster-mini/extracted/GenBuster-200K-mini/benchmark/real/f160fd12cb7fb266ebb097e741721572128293b08906ebae90814a64b6100600.mp4,-23.734493255615234,0.9999999999507688,23.734493255615234,1.2157191873765656e-09,0,0,0,real
/workspace/data/genbuster-mini/extracted/GenBuster-200K-mini/benchmark/real/f1462a8cccc3598e2a41b79bc105feea6b938d05efe2876b948b1733f1a3d5fc.mp4,-24.616634368896484,0.9999999999796234,24.616634368896484,5.200034254074991e-10,0,0,0,real
/workspace/data/genbuster-mini/extracted/GenBuster-200K-mini/benchmark/real/f13c19ce6e5ab68554b3eddd7d5767fbe78a9863ded18fa5482146dd964d6ae2.mp4,-14.73559856414795,0.9999996015161798,14.73559856414795,6.2703794993490026e-06,0,0,0,real
/workspace/data/genbuster-mini/extracted/GenBuster-200K-mini/benchmark/real/f12163064b08a0ec580e6259c81b22bc55f9c1b04fc0635a20414649b12d0e60.mp4,-19.198158264160156,0.9999999954043619,19.198158264160156,9.28214254493643e-08,0,0,0,real
/workspace/data/genbuster-mini/extracted/GenBuster-200K-mini/benchmark/real/f100581388bed75a848912835ebbb4908d6525b5b15071f6a7b2a3103e13a9d5.mp4,-19.10466766357422,0.999999994953988,19.10466766357422,1.0144639512328768e-07,0,0,0,real
/workspace/data/genbuster-mini/extracted/GenBuster-200K-mini/benchmark/real/f0d478b6507da43c791d6901185a251051272265101397b752730bede51c89c4.mp4,-33.73872756958008,0.9999999999999978,33.73872756958008,-9.363764318811217e-13,0,0,0,real
/workspace/data/genbuster-mini/extracted/GenBuster-200K-mini/benchmark/real/f0a9f85365b313db61e15e9b2a6d966dc10cb5c5b8d2b81517b002f2226a84ea.mp4,3.3601834774017334,0.9664367437362671,3.3601834774017334,0.14691814603405867,0,1,0,real
/workspace/data/genbuster-mini/extracted/GenBuster-200K-mini/benchmark/real/efec34f86d8e7c5eb150a245d2f51fbf2c7858b47b77a36d61bd3b967ef63781.mp4,-21.3599796295166,0.999999999470972,21.3599796295166,1.1827057267143394e-08,0,0,0,real
/workspace/data/genbuster-mini/extracted/GenBuster-200K-mini/benchmark/real/efa5a9ee9d71cd6a7f387e346285f3e62bc306139d67107fe4f050269a937853.mp4,-35.031166076660156,0.9999999999999993,35.031166076660156,-9.825360497483383e-13,0,0,0,real
/workspace/data/genbuster-mini/extracted/GenBuster-200K-mini/benchmark/real/ef91f9096326869fcedd7327af52b6b82f03e28e623becad392223bd9ce03722.mp4,-13.888562202453613,0.999999070448041,13.888562202453613,1.3839690592941791e-05,0,0,0,real
/workspace/data/genbuster-mini/extracted/GenBuster-200K-mini/benchmark/real/ef5345962c143768a1ebb3d4edeb0752a107ba96a423cb1de2bce902b3e63dc3.mp4,-30.29205322265625,0.9999999999999302,30.29205322265625,9.95882532096108e-13,0,0,0,real
/workspace/data/genbuster-mini/extracted/GenBuster-200K-mini/benchmark/real/eeedca9e5faa8f524802fa9e1d10dd14cb6d9252afc244a52bd499e0d464c2ab.mp4,-40.62931442260742,1.0,40.62931442260742,-1.0000263386938737e-12,0,0,0,real
/workspace/data/genbuster-mini/extracted/GenBuster-200K-mini/benchmark/real/eede9497a713f1d21a2374be4cb677f8d13d3926a235515d34c9fc74b90aa224.mp4,-38.234405517578125,1.0,38.234405517578125,-9.994027724350363e-13,0,0,0,real
/workspace/data/genbuster-mini/extracted/GenBuster-200K-mini/benchmark/real/eed29332599d0eb8c9112c5300b993f9e981e2404404e6c2cdb0f81f40cb2e94.mp4,-22.80667495727539,0.9999999998754949,22.80667495727539,2.962055175184625e-09,0,0,0,real
/workspace/data/genbuster-mini/extracted/GenBuster-200K-mini/benchmark/real/eeb108cf00694ee48c6a62d37fa10d8d753bde6dc9dde59ec7d80212c08ee8b3.mp4,-28.556537628173828,0.9999999999996037,28.556537628173828,1.021485868363204e-11,0,0,0,real
/workspace/data/genbuster-mini/extracted/GenBuster-200K-mini/benchmark/real/ee4bbc6002946ecdc1c79c09224d75305bb11d283eeb617bb6c2b9f32ecf761a.mp4,-26.947036743164062,0.9999999999980183,26.947036743164062,5.3574672774371927e-11,0,0,0,real
/workspace/data/genbuster-mini/extracted/GenBuster-200K-mini/benchmark/real/ee2877c200c9db8ee38f650ee90097b88289b555833d50c29553b7502cfd52e7.mp4,-18.567575454711914,0.9999999913661508,18.567575454711914,1.6894149514157716e-07,0,0,0,real
/workspace/data/genbuster-mini/extracted/GenBuster-200K-mini/benchmark/real/ee0d0f0ee677ca97295dea4a8e2f3f1e32d715019e7d1167000c93c313ff928e.mp4,-24.13215446472168,0.999999999966922,24.13215446472168,8.293347770369403e-10,0,0,0,real
/workspace/data/genbuster-mini/extracted/GenBuster-200K-mini/benchmark/real/ed8d5698673178cdf235e64f237938b9e5194853a90bd96f4a69683bf2ac2ecd.mp4,-17.841459274291992,0.9999999821535148,17.841459274291992,3.3625182326099034e-07,0,0,0,real
/workspace/data/genbuster-mini/extracted/GenBuster-200K-mini/benchmark/real/ed83bbcbacf03f1b115e88e20bb12a1e827239041336ae09b0b7bc23dc9e32d7.mp4,-20.691139221191406,0.9999999989673517,20.691139221191406,2.2397318498065012e-08,0,0,0,real
/workspace/data/genbuster-mini/extracted/GenBuster-200K-mini/benchmark/real/ed74aec8b3cceac7f0b750c983c934536029406b12fa071b629368cc3ff07352.mp4,-14.889589309692383,0.9999996583878215,14.889589309692383,5.428075303539038e-06,0,0,0,real
/workspace/data/genbuster-mini/extracted/GenBuster-200K-mini/benchmark/real/ed26ec82c4a264ffe735fcc9e34de10aca81f93801c0a6c0c9e40ba0d7c08352.mp4,-26.309480667114258,0.9999999999962508,26.309480667114258,1.0050211224359539e-10,0,0,0,real
/workspace/data/genbuster-mini/extracted/GenBuster-200K-mini/benchmark/real/ece880f9f1e42a1ca03787c6d83dd12acf95ad62cb26109853a417a86efcedd8.mp4,-17.36129379272461,0.9999999711539775,17.36129379272461,5.296482907489457e-07,0,0,0,real
/workspace/data/genbuster-mini/extracted/GenBuster-200K-mini/benchmark/real/ecc36355bfb7a8e804de8c415ff42d05516b52aa89c8988eb144d596481a15a2.mp4,-21.79410171508789,0.999999999657278,21.79410171508789,7.810040122984783e-09,0,0,0,real
/workspace/data/genbuster-mini/extracted/GenBuster-200K-mini/benchmark/real/ecb6dcb9b755ce9f8a9e5cff03e241be50c3c9f110b41ab69cad9f9f78b80662.mp4,-11.235213279724121,0.9999867991127758,11.235213279724121,0.00016151575627744203,0,0,0,real
/workspace/data/genbuster-mini/extracted/GenBuster-200K-mini/benchmark/real/ec6927a4cfced8c97b41912e6c0d7d77ab4fdc6c6663f62da8c6185646f6e4a7.mp4,-26.627763748168945,0.9999999999972728,26.627763748168945,7.349317430206178e-11,0,0,0,real
/workspace/data/genbuster-mini/extracted/GenBuster-200K-mini/benchmark/real/ec60467aaacb90b5405cad71c216df7579206c4a1ae78594e121fc2476f41279.mp4,-33.72736740112305,0.9999999999999978,33.72736740112305,-9.356739458790476e-13,0,0,0,real
/workspace/data/genbuster-mini/extracted/GenBuster-200K-mini/benchmark/real/ec4ca47a3dc3bbf35c9708c8bf29a4c66fad73c08f86154db0e172d09a82d2c4.mp4,-25.219480514526367,0.9999999999888489,25.219480514526367,2.9041907725846315e-10,0,0,0,real
/workspace/data/genbuster-mini/extracted/GenBuster-200K-mini/benchmark/real/ebea2a78cfb97d973327fee21f216aa61fda6f5272d2451341203ccecbd92085.mp4,-41.34035873413086,1.0,41.34035873413086,-1.0000581744964512e-12,0,0,0,real
/workspace/data/genbuster-mini/extracted/GenBuster-200K-mini/benchmark/real/eb6727fa4168362a55b7a4517867636d3a68f1f35ced7f5daedab076eaf014fe.mp4,-23.973127365112305,0.9999999999612205,23.973127365112305,9.664599668796146e-10,0,0,0,real
/workspace/data/genbuster-mini/extracted/GenBuster-200K-mini/benchmark/real/ead022b1408667060a102f94aec6fb32580037652814cb7c5415048231a0b466.mp4,-20.29009246826172,0.9999999984578565,20.29009246826172,3.283037860306151e-08,0,0,0,real
/workspace/data/genbuster-mini/extracted/GenBuster-200K-mini/benchmark/real/ea3de97f87fd4e1b2cca0834fb14fc3ad77b116854e1c1ec7a6840abfbf5d428.mp4,-27.683734893798828,0.9999999999990513,27.683734893798828,2.5528034183709958e-11,0,0,0,real
/workspace/data/genbuster-mini/extracted/GenBuster-200K-mini/benchmark/real/ea1320bba9f74a3d0438156a6820082497d7602fa5b91267d52ab7a18195dcf1.mp4,-34.750701904296875,0.9999999999999992,34.750701904296875,-9.768471898169422e-13,0,0,0,real
/workspace/data/genbuster-mini/extracted/GenBuster-200K-mini/benchmark/real/e9a5a09f1b46a7141fe807673beb1ad1ade428e3befd304ec0011a6915f0bd20.mp4,-11.034173011779785,0.9999838596650079,11.034173011779785,0.00019423571182092088,0,0,0,real
/workspace/data/genbuster-mini/extracted/GenBuster-200K-mini/benchmark/real/e987a34007e7a3856bd8e435acf9e85de29e32aa3683de5b836c791ea9d23073.mp4,-22.87220573425293,0.9999999998833923,22.87220573425293,2.781687532090952e-09,0,0,0,real
/workspace/data/genbuster-mini/extracted/GenBuster-200K-mini/benchmark/real/e91e857ae965bd9dc92e5bd310f49ddd6b88f55c838251b364ea756c798d27eb.mp4,-30.141220092773438,0.9999999999999187,30.141220092773438,1.3199096764222058e-12,0,0,0,real
/workspace/data/genbuster-mini/extracted/GenBuster-200K-mini/benchmark/real/e8eeebf778f83b7117c0024e8e6ee1072026f0a48e32faec5bc6fbd2c5f2dbcf.mp4,-19.451862335205078,0.9999999964341464,19.451862335205078,7.292634746546879e-08,0,0,0,real
/workspace/data/genbuster-mini/extracted/GenBuster-200K-mini/benchmark/real/e8bb154f3e691885152cc6c5068c015307ad26ff3eb3ab7932bafdb7a5cf6e53.mp4,-24.571901321411133,0.9999999999786912,24.571901321411133,5.429291451617767e-10,0,0,0,real
/workspace/data/genbuster-mini/extracted/GenBuster-200K-mini/benchmark/real/e88f81769bca798a5577a04e5325b38089f7eb556137e4f5a3c5a064212f7f06.mp4,-15.12761402130127,0.9999997307469926,15.12761402130127,4.342406630773085e-06,0,0,0,real
/workspace/data/genbuster-mini/extracted/GenBuster-200K-mini/benchmark/real/e869db4ff837bf056e30e99fa245b453e50c3bc76f6a94d846632a7e005f6212.mp4,-18.137157440185547,0.9999999867220026,18.137157440185547,2.5410112695734564e-07,0,0,0,real
/workspace/data/genbuster-mini/extracted/GenBuster-200K-mini/benchmark/real/e8354f218e256026a71d5e7522e5b84debf856d2aa29bdab32c5330e909f7de3.mp4,-26.791358947753906,0.9999999999976844,26.791358947753906,6.252203665446431e-11,0,0,0,real
/workspace/data/genbuster-mini/extracted/GenBuster-200K-mini/benchmark/real/e7e0bd7418fd3b4d581d0d714dd7589706c9c8a44bd8c9bf6223f3753272071d.mp4,-31.244348526000977,0.999999999999973,31.244348526000977,-2.287296865975387e-13,0,0,0,real
/workspace/data/genbuster-mini/extracted/GenBuster-200K-mini/benchmark/real/e6d2dfaaa88ffc0e6def86d38ff18cae3d3da29c6149f42777cd16d42673aa22.mp4,-18.717042922973633,0.9999999925648195,18.717042922973633,1.4659777300912932e-07,0,0,0,real
/workspace/data/genbuster-mini/extracted/GenBuster-200K-mini/benchmark/real/e6b8e59d6ac03f0d1a32eb375a7da7872835ed80ebbf7a0fe5b2d7130d5aa435.mp4,-27.41204833984375,0.9999999999987552,27.41204833984375,3.3633266569555886e-11,0,0,0,real
/workspace/data/genbuster-mini/extracted/GenBuster-200K-mini/benchmark/real/e6b6b8cb52c027c1e85cd4f140d1843cdbc1cbc0c9331543f2fef3dcab144bc7.mp4,-25.653057098388672,0.999999999992772,25.653057098388672,1.907120145008719e-10,0,0,0,real
/workspace/data/genbuster-mini/extracted/GenBuster-200K-mini/benchmark/real/e60a28bdcd56a3bb8ea2ea5089fb6e36219ce2ecddd6c3f321c52ad4767691e0.mp4,-33.043582916259766,0.9999999999999956,33.043582916259766,-8.72427994724344e-13,0,0,0,real
/workspace/data/genbuster-mini/extracted/GenBuster-200K-mini/benchmark/real/e5c645d6070354b2243b30f953e91ee3d1fe2ec9cd1c8ee5dfa32837db5d692d.mp4,-30.19675064086914,0.9999999999999232,30.19675064086914,1.1948523094551201e-12,0,0,0,real
/workspace/data/genbuster-mini/extracted/GenBuster-200K-mini/benchmark/real/e51917635045dcdb3ea0a7307448aa07d87c7b37711c8aca2fcccd91f82aa8b3.mp4,-21.50688362121582,0.9999999995432494,21.50688362121582,1.0278033940044887e-08,0,0,0,real
/workspace/data/genbuster-mini/extracted/GenBuster-200K-mini/benchmark/real/e500acdf272d4675088de9f44d77d07b8c596f5e459fa6b8c367c262a72e2439.mp4,-38.495338439941406,1.0,38.495338439941406,-9.995603536359584e-13,0,0,0,real
/workspace/data/genbuster-mini/extracted/GenBuster-200K-mini/benchmark/real/e4bcfb23e8e810c45e713accc4f3e4454b9e397166ef97857ac773ee0a055d0c.mp4,-25.411951065063477,0.9999999999908012,25.411951065063477,2.410082295973764e-10,0,0,0,real
/workspace/data/genbuster-mini/extracted/GenBuster-200K-mini/benchmark/real/e4a3eb7c6c6665ae04286c90d742ccacf4c99ba08bbff20d34d6f498ae3493da.mp4,-31.278867721557617,0.9999999999999739,31.278867721557617,-2.548477979763393e-13,0,0,0,real
/workspace/data/genbuster-mini/extracted/GenBuster-200K-mini/benchmark/real/e46ef7b34b76f7323f7dbff929053037aea31af45414af3fbb4d677841182404.mp4,-25.436058044433594,0.9999999999910203,25.436058044433594,2.354389856268399e-10,0,0,0,real
/workspace/data/genbuster-mini/extracted/GenBuster-200K-mini/benchmark/real/e3e18f0c5f89fb8d30ea87bb1eb7fb86a35c6a4051dbab67c40673896082572b.mp4,-1.5094307661056519,0.8189768344163895,1.5094307661056519,0.4729414203004386,0,0,0,real
/workspace/data/genbuster-mini/extracted/GenBuster-200K-mini/benchmark/real/e3cbe0611a9f12fa9df6a4af77ad92635c1437e282743724bfdeafaba0ceb9ca.mp4,-22.250568389892578,0.9999999997828795,22.250568389892578,5.046178375143884e-09,0,0,0,real
/workspace/data/genbuster-mini/extracted/GenBuster-200K-mini/benchmark/real/e332fedff040e6bb6748ca5f595bce2ba5b87f284fdc29b2232ce0e527a5caeb.mp4,-34.859649658203125,0.9999999999999992,34.859649658203125,-9.791545234878558e-13,0,0,0,real
/workspace/data/genbuster-mini/extracted/GenBuster-200K-mini/benchmark/real/e31d6f3172865ac727115fe265adffe1bdd5f5fe74d691554af7257e38f515b7.mp4,-16.847373962402344,0.9999999517743099,16.847373962402344,8.606999250958533e-07,0,0,0,real
/workspace/data/genbuster-mini/extracted/GenBuster-200K-mini/benchmark/real/e2ec0c48aa59243c1c71555704d0c4513a91cdddf4ce34ea292ffab1a689e98f.mp4,-26.229450225830078,0.9999999999959385,26.229450225830078,1.0870045743049818e-10,0,0,0,real
/workspace/data/genbuster-mini/extracted/GenBuster-200K-mini/benchmark/real/e2acbafe7bdc81cdc235db86fb63baf3b785a2e98cc6a738ce2a2218d64c6b58.mp4,-30.739482879638672,0.9999999999999554,30.739482879638672,2.768569272584088e-13,0,0,0,real
/workspace/data/genbuster-mini/extracted/GenBuster-200K-mini/benchmark/real/e2915a8b452d6d7b138c26aaf27abfc8009e29a2afb5680e85ae60fa9bca2249.mp4,-26.262287139892578,0.9999999999960696,26.262287139892578,1.0526004439504339e-10,0,0,0,real
/workspace/data/genbuster-mini/extracted/GenBuster-200K-mini/benchmark/real/e210eae6152f334f29ceaef90b700144b44e98dd56f80a5faece64379f160a74.mp4,-34.093589782714844,0.9999999999999984,34.093589782714844,-9.554110373231207e-13,0,0,0,real
/workspace/data/genbuster-mini/extracted/GenBuster-200K-mini/benchmark/real/e1f7fd50289c6c8040e0de10b073da59c9ce98498149491a7382f7833be9f2b1.mp4,-10.742660522460938,0.999978397081577,10.742660522460938,0.0002536759689979484,0,0,0,real
/workspace/data/genbuster-mini/extracted/GenBuster-200K-mini/benchmark/real/e1c2f21ec0bb249c8707e8cec3b3a82e3d7a10186bbe4f4b79d3ab5b6bd2bdf6.mp4,-22.15414810180664,0.9999999997609021,22.15414810180664,5.5341098140633984e-09,0,0,0,real
/workspace/data/genbuster-mini/extracted/GenBuster-200K-mini/benchmark/real/e184665a1afa1de9ce5d968aa2db8b73809bb24233a4fb53c150cddd3e7e8773.mp4,-27.14777183532715,0.9999999999983786,27.14777183532715,4.385805132387164e-11,0,0,0,real
/workspace/data/genbuster-mini/extracted/GenBuster-200K-mini/benchmark/real/e144ef7798bb88d925d4795688fe00d2aa76b785fb516f2e64f24964e5e26417.mp4,-11.707507133483887,0.9999917682789601,11.707507133483887,0.00010460468639183895,0,0,0,real
/workspace/data/genbuster-mini/extracted/GenBuster-200K-mini/benchmark/real/e10221f60e27c929fb0efef021601f8905d437b7abaf0dbe6ad5fa356ec3cd9e.mp4,-11.429230690002441,0.9999891271481829,11.429230690002441,0.0001351412402947254,0,0,0,real
/workspace/data/genbuster-mini/extracted/GenBuster-200K-mini/benchmark/real/e04c3f285d4a7ebfae2308d810abd3edda571de9c9875ac14431b8d878addb08.mp4,-31.567535400390625,0.9999999999999805,31.567535400390625,-4.4167571520101697e-13,0,0,0,real
/workspace/data/genbuster-mini/extracted/GenBuster-200K-mini/benchmark/real/e0466e1e08ac9fb0ed212ff51602cb0ff30b803c1a561f91e77b6488637e0785.mp4,-10.38355541229248,0.9999690638869652,10.38355541229248,0.0003521634335339813,0,0,0,real
/workspace/data/genbuster-mini/extracted/GenBuster-200K-mini/benchmark/real/dfe92a27a7547dc863a0efea3781a2ba058a049cd1124ac2b7d97b64a897d737.mp4,-19.006404876708984,0.9999999944329745,19.006404876708984,1.113741667385118e-07,0,0,0,real
/workspace/data/genbuster-mini/extracted/GenBuster-200K-mini/benchmark/real/dfa3f4335b48ebb4a3ee09828bb333dfbc6991513cd6b8728f500407bbd38f74.mp4,-20.08348846435547,0.9999999981039411,20.08348846435547,3.9973535354002305e-08,0,0,0,real
/workspace/data/genbuster-mini/extracted/GenBuster-200K-mini/benchmark/real/df770c6eb7df3f47567171ea65bf2857e90308154ec01985c635e1d997c10205.mp4,-16.561656951904297,0.9999999358253149,16.561656951904297,1.1270118072338759e-06,0,0,0,real
/workspace/data/genbuster-mini/extracted/GenBuster-200K-mini/benchmark/real/df5e074706655372db7d5283236cabb28e9833134061dcadc5dbcc12704c95ff.mp4,-33.891578674316406,0.9999999999999981,33.891578674316406,-9.453139088771107e-13,0,0,0,real
/workspace/data/genbuster-mini/extracted/GenBuster-200K-mini/benchmark/real/df3885a21d5595dc212850dc28a88df26f79d2ee4273fff6c533d8cf5cc9d945.mp4,-25.426851272583008,0.9999999999909372,25.426851272583008,2.375507431275643e-10,0,0,0,real
/workspace/data/genbuster-mini/extracted/GenBuster-200K-mini/benchmark/real/df263495104b4ac37eabfeb361fdac76a94f48293622ad16eb1e99a897614c7e.mp4,-32.76293182373047,0.9999999999999941,32.76293182373047,-8.309599259658998e-13,0,0,0,real
/workspace/data/genbuster-mini/extracted/GenBuster-200K-mini/benchmark/real/de7579546fd5597789fde7c0874fae2992321d83536b792430b33444be3b1c55.mp4,-16.14398956298828,0.9999999025561692,16.14398956298828,1.6705740284364322e-06,0,0,0,real
/workspace/data/genbuster-mini/extracted/GenBuster-200K-mini/benchmark/real/de5355099a8aa343a1a59d1f2d88c076e6e1164f16f284dbe5bbcbe0d3b699c0.mp4,-20.308330535888672,0.9999999984857273,20.308330535888672,3.2264623776516945e-08,0,0,0,real
/workspace/data/genbuster-mini/extracted/GenBuster-200K-mini/benchmark/real/de3148b65cbf3957c095079ac534b27285c95e2875bcebc2e997d6c0f9836106.mp4,-22.455249786376953,0.999999999823067,22.455249786376953,4.148011415130788e-09,0,0,0,real
/workspace/data/genbuster-mini/extracted/GenBuster-200K-mini/benchmark/real/de0caa3122f86f537f19089d801460fa511de489faf3821228794f2f7486ff84.mp4,-22.243850708007812,0.999999999781416,22.243850708007812,5.078736171755672e-09,0,0,0,real
/workspace/data/genbuster-mini/extracted/GenBuster-200K-mini/benchmark/real/ddd884df8f2b06c85df2445ef31edd4867f654647bb5ce38b5081e45b8794f95.mp4,-24.240049362182617,0.9999999999703052,24.240049362182617,7.47514594852787e-10,0,0,0,real
/workspace/data/genbuster-mini/extracted/GenBuster-200K-mini/benchmark/real/ddd06206eb36af67ee340641adc1ecd1001876cd35ba93517eb2711f396ce40d.mp4,-40.28127670288086,1.0,40.28127670288086,-1.0000002950807924e-12,0,0,0,real
/workspace/data/genbuster-mini/extracted/GenBuster-200K-mini/benchmark/real/dcca6b1efa9f55b75f0ce0e54ffda9a6a16e962b4af3ee2315d38af950f98adc.mp4,-16.86667251586914,0.9999999526960792,16.86667251586914,8.451616667072696e-07,0,0,0,real
/workspace/data/genbuster-mini/extracted/GenBuster-200K-mini/benchmark/real/dc9f426260e0aec20733846813ff6a41f17cf585a9123021174ecea79cce84f5.mp4,-26.109573364257812,0.9999999999954211,26.109573364257812,1.22226238476486e-10,0,0,0,real
/workspace/data/genbuster-mini/extracted/GenBuster-200K-mini/benchmark/real/dc8f7b2165660769ca9491d7e7d08116f8f341080140c91d00260128bec8cc2f.mp4,-37.71931838989258,1.0,37.71931838989258,-9.989404707923496e-13,0,0,0,real
/workspace/data/genbuster-mini/extracted/GenBuster-200K-mini/benchmark/real/dc7de6abedcbc89304a9d1a3006165ac74b0e0c2200e71b72d6002307304aaef.mp4,-3.06036639213562,0.9552279710769653,3.06036639213562,0.1828240683659383,0,0,0,real
/workspace/data/genbuster-mini/extracted/GenBuster-200K-mini/benchmark/real/dc2b4ec01a8f7eedfb1d898bbae67f77e5b96ef205f61e75ab8035ca694c2aca.mp4,-35.57628631591797,0.9999999999999997,35.57628631591797,-9.898542740389786e-13,0,0,0,real
/workspace/data/genbuster-mini/extracted/GenBuster-200K-mini/benchmark/real/dbfb90ae002da553640656a0fec9f45a97dcb1d38c466b4cec81c6ae54af5845.mp4,-28.174304962158203,0.9999999999994191,28.174304962158203,1.5363921942295184e-11,0,0,0,real
/workspace/data/genbuster-mini/extracted/GenBuster-200K-mini/benchmark/real/db1bac6cdfdebcec84668a01e9d9fe647432d0d3176968009a17b192c0907747.mp4,-21.883195877075195,0.9999999996864919,21.883195877075195,7.172069070999802e-09,0,0,0,real
/workspace/data/genbuster-mini/extracted/GenBuster-200K-mini/benchmark/real/da37bbd99d6aee97ac40dae175a5e13f7c9ce090b934e990681c6eebfcb4b1db.mp4,-19.599788665771484,0.9999999969244702,19.599788665771484,6.335326467469454e-08,0,0,0,real
/workspace/data/genbuster-mini/extracted/GenBuster-200K-mini/benchmark/real/da3630222fb5120015aa623a6ae6f592ed128c1d3e6769793e02666045476557.mp4,-26.614013671875,0.9999999999972351,26.614013671875,7.449665752142249e-11,0,0,0,real
/workspace/data/genbuster-mini/extracted/GenBuster-200K-mini/benchmark/real/d9e0375795362965303580e8e58c45a6287ee95630949296dce70237e1a3ce17.mp4,-33.45913314819336,0.999999999999997,33.45913314819336,-9.156534528563799e-13,0,0,0,real
/workspace/data/genbuster-mini/extracted/GenBuster-200K-mini/benchmark/real/d989ce83f5605ba5d2f1449b1d7daf6c3dd46fb30fbfd615c4b92d314d9f5424.mp4,-5.243511199951172,0.9947460703551769,5.243511199951172,0.032816818994133835,0,0,0,real
/workspace/data/genbuster-mini/extracted/GenBuster-200K-mini/benchmark/real/d97e8655daa71c4588c84549f8d7671d4be318e64fb8ee2c3663d65960b381f3.mp4,-9.888772010803223,0.99994926135696,9.888772010803223,0.0005524828012864939,0,0,0,real
/workspace/data/genbuster-mini/extracted/GenBuster-200K-mini/benchmark/real/d97ad2015606d3f7ec84c5b7dd8a160ce349ef55059c9909f9cb9d9be82c0750.mp4,-32.44739532470703,0.9999999999999919,32.44739532470703,-7.682353229456941e-13,0,0,0,real
/workspace/data/genbuster-mini/extracted/GenBuster-200K-mini/benchmark/real/d922a46e32668259c701952a4d40e42f3b461ba7e0776fddf56e9ce22523f819.mp4,-25.829378128051758,0.9999999999939404,25.829378128051758,1.606496214303273e-10,0,0,0,real
/workspace/data/genbuster-mini/extracted/GenBuster-200K-mini/benchmark/real/d911cce992f8788344fbcd5a3a32c0fcb340d23664d5c54cd45370934852e79b.mp4,-22.778535842895508,0.9999999998719418,22.778535842895508,3.0430417629355493e-09,0,0,0,real
/workspace/data/genbuster-mini/extracted/GenBuster-200K-mini/benchmark/real/d9082d7483f4ad74f4f32412d5293c58e83b26c6f0fbb31ee2b2a6caf62a0c2b.mp4,-4.011508941650391,0.9822159465402365,4.011508941650391,0.08928498059623727,0,0,0,real
/workspace/data/genbuster-mini/extracted/GenBuster-200K-mini/benchmark/real/d8df7dc153184180f1303bcdeded6950ef18d38e28d5990df49617e8b5feab4a.mp4,-16.302242279052734,0.9999999168186235,16.302242279052734,1.439222331378864e-06,0,0,0,real
/workspace/data/genbuster-mini/extracted/GenBuster-200K-mini/benchmark/real/d8cb8a272cdeede6afac1761249afd714f2155845746fd2c3f063c5d10ca0f6d.mp4,-21.656475067138672,0.9999999996067105,21.656475067138672,8.908554756471489e-09,0,0,0,real
/workspace/data/genbuster-mini/extracted/GenBuster-200K-mini/benchmark/real/d8561d0c717a2f50c1d4da9c38febbfde12b2ddfe74f71609bb2eb80976b1af8.mp4,-22.00601577758789,0.9999999997227262,22.00601577758789,6.376966312177138e-09,0,0,0,real
/workspace/data/genbuster-mini/extracted/GenBuster-200K-mini/benchmark/real/d840a875ab1e6fd328b6c034b3352eb57663a16429a5c665b45bf185913fb71a.mp4,-45.49806213378906,1.0,45.49806213378906,-1.0000884199200736e-12,0,0,0,real
/workspace/data/genbuster-mini/extracted/GenBuster-200K-mini/benchmark/real/d7967c2586d7aa877629b76fa445769cbdee71402017d43b27ac9dab0d21669f.mp4,-28.172792434692383,0.9999999999994182,28.172792434692383,1.5388378146995264e-11,0,0,0,real
/workspace/data/genbuster-mini/extracted/GenBuster-200K-mini/benchmark/real/d73cb5f37c92f5ecb4ebf155904b0f50821a5d3bc33153421b75481f0606411f.mp4,-28.307987213134766,0.9999999999994919,28.307987213134766,1.3340254518017759e-11,0,0,0,real
/workspace/data/genbuster-mini/extracted/GenBuster-200K-mini/benchmark/real/d6fdd02c50fdd82aabaf700dbf8b528d02f4d32d24c817f23894ddd6445286d3.mp4,-11.415974617004395,0.9999889820592216,11.415974617004395,0.00013679853172224494,0,0,0,real
/workspace/data/genbuster-mini/extracted/GenBuster-200K-mini/benchmark/real/d6ab1d108067ad41e5f507d18db82c1b0553e60d7836e975d9448a500742e849.mp4,-19.83118438720703,0.9999999975597964,19.83118438720703,5.083033118364307e-08,0,0,0,real
/workspace/data/genbuster-mini/extracted/GenBuster-200K-mini/benchmark/real/d69ae7d707c7e47b0c43d8b9c0a5a4f2d4bc462840b5dcfac8373f1bd67d9b4b.mp4,-35.60000228881836,0.9999999999999997,35.60000228881836,-9.900837313997602e-13,0,0,0,real
/workspace/data/genbuster-mini/extracted/GenBuster-200K-mini/benchmark/real/d635ae1f1e447da530c2484385d45c5466050c21dc10c3ff6e75933b1c4f221d.mp4,-11.64217758178711,0.9999912125531409,11.64217758178711,0.0001110925001072523,0,0,0,real
/workspace/data/genbuster-mini/extracted/GenBuster-200K-mini/benchmark/real/d60c54bd6f937f165a1864e1512ebf13420e0f96e0842de454528d046545b683.mp4,-19.549583435058594,0.9999999967661208,19.549583435058594,6.645286989826834e-08,0,0,0,real
/workspace/data/genbuster-mini/extracted/GenBuster-200K-mini/benchmark/real/d5f6cfb0f94b3aa8bb5a4edddb28c6ddbf75370ccf7712b8ad24162ed898dc6f.mp4,-16.229089736938477,0.9999999105056006,16.229089736938477,1.5419050397603605e-06,0,0,0,real
/workspace/data/genbuster-mini/extracted/GenBuster-200K-mini/benchmark/real/d5c90b593636fa3c988e0293e7cb59821350296975bbbd01159384f54b3bf56a.mp4,-31.462940216064453,0.9999999999999784,31.462940216064453,-3.8008426756897094e-13,0,0,0,real
/workspace/data/genbuster-mini/extracted/GenBuster-200K-mini/benchmark/real/d5b9a82467c13170c4b1fcf39068a43dc2a5c3f57ef126b0ca96e4aa46420d00.mp4,-13.452227592468262,0.9999985619593872,13.452227592468262,2.0782889294934352e-05,0,0,0,real
/workspace/data/genbuster-mini/extracted/GenBuster-200K-mini/benchmark/real/d54c9074ab6b9b36c437d3b73e7cfec7b166692face86b615423fbe5f3c3f47e.mp4,1.8474392890930176,0.8638261556625366,1.8474392890930176,0.39795663762462063,0,1,0,real
/workspace/data/genbuster-mini/extracted/GenBuster-200K-mini/benchmark/real/d4e8983e9dc1be67d1ba600c3378a7bf882c0bb6fa35d3c481b30dc2c374c0da.mp4,-8.380783081054688,0.9997708221781068,8.380783081054688,0.0021498937102032226,0,0,0,real
/workspace/data/genbuster-mini/extracted/GenBuster-200K-mini/benchmark/real/d4453e8eda6ebff44aaf76f704823d73c073660a7d1e72bfe82ce4424c08968c.mp4,-25.33940887451172,0.9999999999901091,25.33940887451172,2.5856709882029985e-10,0,0,0,real
/workspace/data/genbuster-mini/extracted/GenBuster-200K-mini/benchmark/real/d3bed4933d7e7dc7df9c83a7f452f1a743d7c4a1f1640a969fc93b18b01cbf54.mp4,-27.396625518798828,0.9999999999987359,27.396625518798828,3.416066742139725e-11,0,0,0,real
/workspace/data/genbuster-mini/extracted/GenBuster-200K-mini/benchmark/real/d30e8bb77d7e387ce58a833ace857d3270b53877b016f0cd0278cb40896e36cc.mp4,-32.839439392089844,0.9999999999999946,32.839439392089844,-8.434171115144184e-13,0,0,0,real
/workspace/data/genbuster-mini/extracted/GenBuster-200K-mini/benchmark/real/d2e9bae405168351ef1203926b98d9dd2caeef3b3df669ee498395ed283791fc.mp4,-35.324337005615234,0.9999999999999996,35.324337005615234,-9.870490291287232e-13,0,0,0,real
/workspace/data/genbuster-mini/extracted/GenBuster-200K-mini/benchmark/real/d2b4f675346e76c4b5968323467e2bd0d7cd417975f393d745858c83877cc6b7.mp4,-16.278169631958008,0.9999999147919354,16.278169631958008,1.4722374009190833e-06,0,0,0,real
/workspace/data/genbuster-mini/extracted/GenBuster-200K-mini/benchmark/real/d28c9df977c8c7fdf7623e30a2d0ab19555f3c4edad22ada99513061ca32117d.mp4,-17.125171661376953,0.9999999634714527,17.125171661376953,6.620841934465203e-07,0,0,0,real
/workspace/data/genbuster-mini/extracted/GenBuster-200K-mini/benchmark/real/d242c1cb5b6714b7ec494d0895365d3ec404b4c9bbacede7afb506b3634355ff.mp4,-23.225624084472656,0.9999999999181084,23.225624084472656,1.9818822780844685e-09,0,0,0,real
/workspace/data/genbuster-mini/extracted/GenBuster-200K-mini/benchmark/real/d229358420fb30f106d7d54cd18836c59e9d6a0aef24ff8b166251e99aefa20d.mp4,-27.19296646118164,0.9999999999984504,27.19296646118164,4.1918715598518155e-11,0,0,0,real
/workspace/data/genbuster-mini/extracted/GenBuster-200K-mini/benchmark/real/d2267dd4b5d0f2dbb011d0b597e78580afa4574c8220b1d9562b850fd8cd1d13.mp4,5.667853355407715,0.9965566396713257,5.667853355407715,0.02296578021192839,0,1,0,real
/workspace/data/genbuster-mini/extracted/GenBuster-200K-mini/benchmark/real/d1f514e960010ed901b3071dd634cd02dfd2613e120bf75fc98e62973d4f5b24.mp4,-11.737420082092285,0.9999920108648439,11.737420082092285,0.00010176100027800278,0,0,0,real
/workspace/data/genbuster-mini/extracted/GenBuster-200K-mini/benchmark/real/d1ec5a8a1249aa01496a3d82c6591edfef806396a22db455326e7aa4a5ca84ba.mp4,-31.932300567626953,0.9999999999999865,31.932300567626953,-6.122928116573601e-13,0,0,0,real
/workspace/data/genbuster-mini/extracted/GenBuster-200K-mini/benchmark/real/d1bb9c6e2c086c72b05d7512179ea2f0b9135ef4c9a649ecc9393bc3d079794c.mp4,-22.570682525634766,0.9999999998423561,22.570682525634766,3.713777137497094e-09,0,0,0,real
/workspace/data/genbuster-mini/extracted/GenBuster-200K-mini/benchmark/real/d15d1757432e89ccab7fff7c32f71daafee76f4eb8990ab6c8f3a95e09fd1996.mp4,-25.24304962158203,0.9999999999891086,25.24304962158203,2.8386631763860534e-10,0,0,0,real
/workspace/data/genbuster-mini/extracted/GenBuster-200K-mini/benchmark/real/d12ce6a4a2a2defcb34ff71e3de968bc115a0c47c57eb5b60ff1d4f20a818074.mp4,-24.027057647705078,0.9999999999632564,24.027057647705078,9.175970385328077e-10,0,0,0,real
/workspace/data/genbuster-mini/extracted/GenBuster-200K-mini/benchmark/real/d123da7fddf018e4f64cea29d6134229e0638ca7843e64dbce4a353ef797ee64.mp4,-18.636409759521484,0.999999991940463,18.636409759521484,1.582583714910885e-07,0,0,0,real
/workspace/data/genbuster-mini/extracted/GenBuster-200K-mini/benchmark/real/d102c7bb7e70db26271afa69eaa3e861c4ec71d40353dc3d456a0f31d7f724ec.mp4,-31.2498836517334,0.9999999999999731,31.2498836517334,-2.330560363006453e-13,0,0,0,real
/workspace/data/genbuster-mini/extracted/GenBuster-200K-mini/benchmark/real/d0dfcc350e24b6e488039a78837a11525bcc087a177a3c9d81bb15171ffdb317.mp4,-20.643218994140625,0.9999999989166621,20.643218994140625,2.3444919064180507e-08,0,0,0,real
/workspace/data/genbuster-mini/extracted/GenBuster-200K-mini/benchmark/real/d077e15ccbee55ce9d2672b18e8bec1ca9b15d2d8e51a9c9614f14adbf005021.mp4,-22.08622169494629,0.9999999997440967,22.08622169494629,5.905841028909905e-09,0,0,0,real
/workspace/data/genbuster-mini/extracted/GenBuster-200K-mini/benchmark/real/d00e21bcca9f1c1a42190a082d38893cdc673736e2cade655cc930c9343c6746.mp4,-35.783233642578125,0.9999999999999997,35.783233642578125,-9.91684473438078e-13,0,0,0,real
/workspace/data/genbuster-mini/extracted/GenBuster-200K-mini/benchmark/real/cf9d828f5849a8fac5b26de549e7f5282379b69f0b7fb03b3d0c083eea3dd23e.mp4,-33.26755142211914,0.9999999999999964,33.26755142211914,-8.980382845611102e-13,0,0,0,real
/workspace/data/genbuster-mini/extracted/GenBuster-200K-mini/benchmark/real/cf5a2bf014dccef2388d4cbdce0391a16fcee9c79a350f863d49bbc7deae7d97.mp4,-19.960172653198242,0.9999999978550995,19.960172653198242,4.495548468821006e-08,0,0,0,real
/workspace/data/genbuster-mini/extracted/GenBuster-200K-mini/benchmark/real/cf53452a3a689fad717f0e3fc29086dd6e5c8a158ca80f1cea6fcd52e1ce9587.mp4,-15.592799186706543,0.9999998309040166,15.592799186706543,2.8057737070807188e-06,0,0,0,real
/workspace/data/genbuster-mini/extracted/GenBuster-200K-mini/benchmark/real/cf20eef3c15804f3a88afac7b227943757c017dbd14fe5d9c6b25312f74395bb.mp4,-33.5506706237793,0.9999999999999973,33.5506706237793,-9.232107419374832e-13,0,0,0,real
/workspace/data/genbuster-mini/extracted/GenBuster-200K-mini/benchmark/real/cefc61cce68ae17e578be22e12490b3609cc34435d62f08ff5b7c1d3e99a8e62.mp4,-33.6149787902832,0.9999999999999974,33.6149787902832,-9.278326426348196e-13,0,0,0,real
/workspace/data/genbuster-mini/extracted/GenBuster-200K-mini/benchmark/real/ce98235ab8f6d5ebd81859651a37189a2f6a9c8c8ea43092b9dfd62f9638b795.mp4,-20.386550903320312,0.99999999859966,20.386550903320312,2.994644197175721e-08,0,0,0,real
/workspace/data/genbuster-mini/extracted/GenBuster-200K-mini/benchmark/real/ce918d15f286b74225b03d5ae329bac0c023492b87e96ce5f9bb5aed420b3ac8.mp4,-22.60646629333496,0.9999999998478974,22.60646629333496,3.588606456198799e-09,0,0,0,real
/workspace/data/genbuster-mini/extracted/GenBuster-200K-mini/benchmark/real/ce2fd88a9d8cd32afa21657ac26a106d8c5999f7f2a042dd487124892aaaecb0.mp4,-23.871910095214844,0.9999999999570898,23.871910095214844,1.0652716480624341e-09,0,0,0,real
/workspace/data/genbuster-mini/extracted/GenBuster-200K-mini/benchmark/real/cde323280db4fe366a95078e57201af3cad4e85e66aa2920eeb4e2d09e0b6fc4.mp4,-22.616668701171875,0.9999999998494414,22.616668701171875,3.553696032709204e-09,0,0,0,real
/workspace/data/genbuster-mini/extracted/GenBuster-200K-mini/benchmark/real/cdc3c928569d745575f78f9417f6773f5bf53e8211659fef5109e22fed2df63d.mp4,-22.958019256591797,0.9999999998929815,22.958019256591797,2.561956083043643e-09,0,0,0,real
/workspace/data/genbuster-mini/extracted/GenBuster-200K-mini/benchmark/real/cd6c3ca22cbd09431dbb9c8064e810fe0d055eddc2aa8501806f8675b6c5c91f.mp4,-11.625348091125488,0.9999910634141997,11.625348091125488,0.00011282754365092053,0,0,0,real
/workspace/data/genbuster-mini/extracted/GenBuster-200K-mini/benchmark/real/cd5f9894825d4b2cc7cf81ff64bc3d3c69833c21ee3e1a77dcedc3c9bcd00f93.mp4,-29.022319793701172,0.9999999999997512,29.022319793701172,6.066837441400425e-12,0,0,0,real
/workspace/data/genbuster-mini/extracted/GenBuster-200K-mini/benchmark/real/ccfd553d1d983d2f0be7b46adb433188b7cfa613492e9d8d547fc7dca5ccbb8b.mp4,-18.237192153930664,0.9999999879859871,18.237192153930664,2.3111387428275302e-07,0,0,0,real
/workspace/data/genbuster-mini/extracted/GenBuster-200K-mini/benchmark/real/cc7086a0660e8b211da215f61835435e17249621de199e0285abf981d922482a.mp4,-22.418010711669922,0.9999999998163539,22.418010711669922,4.298628415711333e-09,0,0,0,real
/workspace/data/genbuster-mini/extracted/GenBuster-200K-mini/benchmark/real/cbf1e03d95f3367f6467f1f3930af0450bde58207029eb76386cb38b8e044447.mp4,-31.515626907348633,0.9999999999999795,31.515626907348633,-4.118756483385025e-13,0,0,0,real
/workspace/data/genbuster-mini/extracted/GenBuster-200K-mini/benchmark/real/cbd59d456ca8d12e44fb739b06463ea96d9f736a804d3ec33f9d0f8436065cd6.mp4,-8.863295555114746,0.9998585319990525,8.863295555114746,0.001395350706947662,0,0,0,real
/workspace/data/genbuster-mini/extracted/GenBuster-200K-mini/benchmark/real/caca97733d8f4588ca7e06fda79517b82a248d8c27cb4704e6fa24458c06b270.mp4,-31.865217208862305,0.9999999999999855,31.865217208862305,-5.852287140484615e-13,0,0,0,real
/workspace/data/genbuster-mini/extracted/GenBuster-200K-mini/benchmark/real/ca9af865a7ea2df2dc6db76e29b3eda5610cc6a9121e0cd165111b46a4a406c8.mp4,-18.05553436279297,0.9999999855927513,18.05553436279297,2.7453582330024307e-07,0,0,0,real
/workspace/data/genbuster-mini/extracted/GenBuster-200K-mini/benchmark/real/ca9a995793688876c2e7b772cb0a74fb9bb26836659194b5774f01704aaf2fa0.mp4,-32.77766036987305,0.9999999999999942,32.77766036987305,-8.335665834398931e-13,0,0,0,real
/workspace/data/genbuster-mini/extracted/GenBuster-200K-mini/benchmark/real/ca927bc10ce5ffcfd73726492c3478a684dd4378c737bdb12785b87edf7e9cba.mp4,-24.012868881225586,0.9999999999627314,24.012868881225586,9.302087917027826e-10,0,0,0,real
/workspace/data/genbuster-mini/extracted/GenBuster-200K-mini/benchmark/real/ca49f6d1b5492602c66fac1a9c2767121f3d08928d46d224fae857c24a33ba0b.mp4,-19.7028751373291,0.9999999972257214,19.7028751373291,5.743354320953975e-08,0,0,0,real
/workspace/data/genbuster-mini/extracted/GenBuster-200K-mini/benchmark/real/ca314d39001dd09da5661179088653cc797f6db74154e7d21eb02c11cebd9518.mp4,-10.139992713928223,0.9999605324665026,10.139992713928223,0.0004396688116151664,0,0,0,real
/workspace/data/genbuster-mini/extracted/GenBuster-200K-mini/benchmark/real/ca151ce5a5778e6493ca475155bdeb2389c86be28e90e11fc66e669359e6862c.mp4,-25.51177406311035,0.9999999999916751,25.51177406311035,2.1876268713004694e-10,0,0,0,real
/workspace/data/genbuster-mini/extracted/GenBuster-200K-mini/benchmark/real/c9b70603cf9a295fe0b79d4a280b298e1cd28b8462368ba78670f0c402210e87.mp4,-14.634078025817871,0.9999995589371906,14.634078025817871,6.895608508744165e-06,0,0,0,real
/workspace/data/genbuster-mini/extracted/GenBuster-200K-mini/benchmark/real/c93745e2f3ea616b401fc772437e3edd0dbe2b7f3c4242a3527745e79fc4febc.mp4,-13.14659309387207,0.9999980478808084,13.14659309387207,2.7615835710929233e-05,0,0,0,real
/workspace/data/genbuster-mini/extracted/GenBuster-200K-mini/benchmark/real/c906b5ae36cdb255a8d07506d7d89e2b5039e641346a28632e238b366d641cc3.mp4,-16.110977172851562,0.9999998992856263,16.110977172851562,1.7233193585626776e-06,0,0,0,real
/workspace/data/genbuster-mini/extracted/GenBuster-200K-mini/benchmark/real/c8543e96915afc10f11b1dc7288ef14839bd4b71bec5f3189a474180e4bb0efc.mp4,-34.480308532714844,0.9999999999999989,34.480308532714844,-9.696850907693939e-13,0,0,0,real
/workspace/data/genbuster-mini/extracted/GenBuster-200K-mini/benchmark/real/c7dfb7b7cc42da12d1366a919c011b2fea360971bb8176664d29a465c7ec7679.mp4,-25.19575309753418,0.9999999999885811,25.19575309753418,2.971675490185372e-10,0,0,0,real
/workspace/data/genbuster-mini/extracted/GenBuster-200K-mini/benchmark/real/c7d7f968f87b36bd6be05986ada1cc27d7062ba5c32abb05f54142648aa6fe21.mp4,-28.616567611694336,0.9999999999996267,28.616567611694336,9.567658669080013e-12,0,0,0,real
/workspace/data/genbuster-mini/extracted/GenBuster-200K-mini/benchmark/real/c6ded60877c321fe8ba2ecfa4f6be6f74bdcb20275f952fa0f9078c38d28aa4c.mp4,-27.113454818725586,0.999999999998322,27.113454818725586,4.5388335378927276e-11,0,0,0,real
/workspace/data/genbuster-mini/extracted/GenBuster-200K-mini/benchmark/real/c6d20079254cec072a3c1e4846da2cc59e7dba1cdf4ce9e9f85d7e20dc36142e.mp4,-38.32382583618164,1.0,38.32382583618164,-9.994614630812651e-13,0,0,0,real
/workspace/data/genbuster-mini/extracted/GenBuster-200K-mini/benchmark/real/c6bc9b44617aafc0523bbf33195245e3adf9af2890f954fae459599de7e51c7b.mp4,-14.366488456726074,0.9999994236144971,14.366488456726074,8.857019395337507e-06,0,0,0,real
/workspace/data/genbuster-mini/extracted/GenBuster-200K-mini/benchmark/real/c678822a1eeec037ed68202138fd92ac24e4ada57cd372487b9312f6bf862fc8.mp4,-40.15489959716797,1.0,40.15489959716797,-9.99988359035832e-13,0,0,0,real
/workspace/data/genbuster-mini/extracted/GenBuster-200K-mini/benchmark/real/c60a153f05fde1fe9f59d63ffba30a8b1057421ddd23de6674524b1256448be0.mp4,-30.225135803222656,0.9999999999999253,30.225135803222656,1.1337253784455179e-12,0,0,0,real
/workspace/data/genbuster-mini/extracted/GenBuster-200K-mini/benchmark/real/c5fdbe1303cd0226ccd44935529c1ef1347e641b52dc755509e5d3e53e30a2a8.mp4,-15.422562599182129,0.9999997995222998,15.422562599182129,3.292355605222768e-06,0,0,0,real
/workspace/data/genbuster-mini/extracted/GenBuster-200K-mini/benchmark/real/c5c8ed8bacda166cfd528d927674759f413f2d0c7f0b7e3ea9820bf0e23a9e4f.mp4,-33.56018829345703,0.9999999999999973,33.56018829345703,-9.239136621930442e-13,0,0,0,real
/workspace/data/genbuster-mini/extracted/GenBuster-200K-mini/benchmark/real/c5be8e9a2177a2c78a7eb7917c433452be00781eff58bd8e608820c3d132af40.mp4,-18.756988525390625,0.999999992855968,18.756988525390625,1.41142558846667e-07,0,0,0,real
/workspace/data/genbuster-mini/extracted/GenBuster-200K-mini/benchmark/real/c4a2ebcaab7cbe3443251b1f4630e94d11cbb9c231c1fcff5863b662612d05d8.mp4,-16.34918785095215,0.9999999206333783,16.34918785095215,1.3769444331241632e-06,0,0,0,real
/workspace/data/genbuster-mini/extracted/GenBuster-200K-mini/benchmark/real/c47cfb3c2c19db4a914490d19f0b50587fea33aa45f90b5f7eb4ffb3d0fe4a0f.mp4,-29.434688568115234,0.9999999999998354,29.434688568115234,3.690216205831687e-12,0,0,0,real
/workspace/data/genbuster-mini/extracted/GenBuster-200K-mini/benchmark/real/c43a4108d295cdec0c1789804312d5a4f65bb6d5fea14404401958b945e3054a.mp4,-33.06401824951172,0.9999999999999957,33.06401824951172,-8.749200953765083e-13,0,0,0,real
/workspace/data/genbuster-mini/extracted/GenBuster-200K-mini/benchmark/real/c2fe4c26783b664eed33be3e287c6d92654922cd99b3b2dca508a0f497c87719.mp4,-28.574321746826172,0.9999999999996106,28.574321746826172,1.0019229970934097e-11,0,0,0,real
/workspace/data/genbuster-mini/extracted/GenBuster-200K-mini/benchmark/real/c2f5965fa1e1e528170f9bd27f58ff8719204aadbcf607776174c27b72e316c4.mp4,-18.7349853515625,0.9999999926970342,18.7349853515625,1.4412192252258082e-07,0,0,0,real
/workspace/data/genbuster-mini/extracted/GenBuster-200K-mini/benchmark/real/c2c7463fc85975ac30a6e844e81c4a5c02ed3f23cedd9c0bbd44af651aa385c9.mp4,-11.266471862792969,0.9999872053658692,11.266471862792969,0.000156945099744774,0,0,0,real
/workspace/data/genbuster-mini/extracted/GenBuster-200K-mini/benchmark/real/c2bfdcb663ff5d6b8937bf5420dbf159547be8f36c531100fbde9d99ea5bcc5b.mp4,-21.85065269470215,0.9999999996761215,21.85065269470215,7.398836227672596e-09,0,0,0,real
/workspace/data/genbuster-mini/extracted/GenBuster-200K-mini/benchmark/real/c26ed88996cb59f6e703a49c018fb182b8ac5ce1dcd97038a9efc82ac7c530d1.mp4,-28.275325775146484,0.999999999999475,28.275325775146484,1.3810523045367121e-11,0,0,0,real
/workspace/data/genbuster-mini/extracted/GenBuster-200K-mini/benchmark/real/c236ce42443da43897db9e2082f2240f6fa80c72bc00549bb3060f5b8cbce69c.mp4,-30.8687686920166,0.9999999999999607,30.8687686920166,1.222803199713295e-13,0,0,0,real
/workspace/data/genbuster-mini/extracted/GenBuster-200K-mini/benchmark/real/c2348b3b8276935ae183eab2b38ac4eb87e2260788bc57ab3d4ceaa10506541b.mp4,-22.46460723876953,0.9999999998247149,22.46460723876953,4.110999348907979e-09,0,0,0,real
/workspace/data/genbuster-mini/extracted/GenBuster-200K-mini/benchmark/real/c19385a16b67d85c2e69ae025f98a78023b8bb0c6db2a0c8325eae297d13d509.mp4,-11.853178024291992,0.9999928841448309,11.853178024291992,9.146137660886775e-05,0,0,0,real
/workspace/data/genbuster-mini/extracted/GenBuster-200K-mini/benchmark/real/c15ace85df82c01d1ac78eba1b883aa425a0936b0651588db8231f5fd991f0f6.mp4,-19.921607971191406,0.9999999977707665,19.921607971191406,4.663714903644295e-08,0,0,0,real
/workspace/data/genbuster-mini/extracted/GenBuster-200K-mini/benchmark/real/c11df17a779745f20978a008590052007cdc2e1bb3175683072aa06f998c6dd2.mp4,-29.89218521118164,0.9999999999998958,29.89218521118164,1.9738940572916105e-12,0,0,0,real
/workspace/data/genbuster-mini/extracted/GenBuster-200K-mini/benchmark/real/bfa47399b5e04e1e2346f5afd5a66570e2bc4fa3036b777d9f0f6861cc967cac.mp4,-38.541786193847656,1.0,38.541786193847656,-9.995843420013008e-13,0,0,0,real
/workspace/data/genbuster-mini/extracted/GenBuster-200K-mini/benchmark/real/bf90d271c4e24ee666c1d74272c32ef2a8858a97e019100585fbdb65a6b93a1d.mp4,-18.836393356323242,0.9999999934013011,18.836393356323242,1.3089238740149505e-07,0,0,0,real
/workspace/data/genbuster-mini/extracted/GenBuster-200K-mini/benchmark/real/bf765bd1d54810e580c5ee62086c974fca45fdbb8480e2c07b4d8ff6dccce6c1.mp4,-32.77499008178711,0.9999999999999941,32.77499008178711,-8.32914804211213e-13,0,0,0,real
/workspace/data/genbuster-mini/extracted/GenBuster-200K-mini/benchmark/real/bf0c59c63123904776b536eda79f16a2069a6040af60dbf0be34673236a8c51f.mp4,-15.606148719787598,0.9999998331463757,15.606148719787598,2.7707941166448395e-06,0,0,0,real
/workspace/data/genbuster-mini/extracted/GenBuster-200K-mini/benchmark/real/beca7060df36b1483965685df94aff8fd9802607647c37e513b9ade424775374.mp4,-32.94988250732422,0.9999999999999951,32.94988250732422,-8.598820614353387e-13,0,0,0,real
/workspace/data/genbuster-mini/extracted/GenBuster-200K-mini/benchmark/real/be73af6dffc1c9e3f702ab6e4d50e6b2749548c86047aa3adf4b62223b7b5b0e.mp4,-43.99811935424805,1.0,43.99811935424805,-1.0000867465282737e-12,0,0,0,real
/workspace/data/genbuster-mini/extracted/GenBuster-200K-mini/benchmark/real/be3ff3481d8107ad8c6c2f0590c6aa1de46a1147a71aa467a4400038094e9038.mp4,-21.862403869628906,0.9999999996799052,21.862403869628906,7.316138474260263e-09,0,0,0,real
/workspace/data/genbuster-mini/extracted/GenBuster-200K-mini/benchmark/real/bd8065f2685c700b2dca08deb6224424227a27d295723f520b87bc689b3ec342.mp4,-12.391243934631348,0.9999958452076498,12.391243934631348,5.563784456213548e-05,0,0,0,real
/workspace/data/genbuster-mini/extracted/GenBuster-200K-mini/benchmark/real/bd69270ccda9cd02ea6c79646bc16ae47fc315332c104cdedf6449fcf26f63f4.mp4,-18.74834442138672,0.9999999927939469,18.74834442138672,1.4230561861802972e-07,0,0,0,real
/workspace/data/genbuster-mini/extracted/GenBuster-200K-mini/benchmark/real/bd2d080d76dd85a00a80e87e68e6d6c82316029d4d594d0f81ce4325b7dbddc0.mp4,-28.72835922241211,0.9999999999996663,28.72835922241211,8.459604220267841e-12,0,0,0,real
/workspace/data/genbuster-mini/extracted/GenBuster-200K-mini/benchmark/real/bd0defd5f9b933d663bccb5e6a2505878315bff0495a4ae2782055d6455908b7.mp4,-33.50802230834961,0.9999999999999972,33.50802230834961,-9.197554784938095e-13,0,0,0,real
/workspace/data/genbuster-mini/extracted/GenBuster-200K-mini/benchmark/real/bcaf141d2c4fa83dbce65a383bd302fe0ab1908db737251a550782eda2046d78.mp4,-5.768322944641113,0.9968847413547337,5.768322944641113,0.02108993918505519,0,0,0,real
/workspace/data/genbuster-mini/extracted/GenBuster-200K-mini/benchmark/real/bba754ed8a36ea152861343021cac2a9958f8fb58f605c6fa6a310f34837cddb.mp4,-18.734516143798828,0.9999999926936076,18.734516143798828,1.441861188759369e-07,0,0,0,real
/workspace/data/genbuster-mini/extracted/GenBuster-200K-mini/benchmark/real/bb96e770ba2fec9aeb060d71361df3897cd5441ee44846f8d00738be2972c4ad.mp4,-21.897336959838867,0.999999999690894,21.897336959838867,7.0757050331511526e-09,0,0,0,real
/workspace/data/genbuster-mini/extracted/GenBuster-200K-mini/benchmark/real/bb1d8e0d2e86cc595a2ac8beef885119183519d59cf11586e3b8a1d1f15919bc.mp4,-31.104854583740234,0.999999999999969,31.104854583740234,-1.1344327282915924e-13,0,0,0,real
/workspace/data/genbuster-mini/extracted/GenBuster-200K-mini/benchmark/real/ba06cb429b8868f121e7fd71b5da39d4de14b5602d6a65f4b31042a66e69caab.mp4,-19.42070770263672,0.9999999963213049,19.42070770263672,7.511955816376707e-08,0,0,0,real
/workspace/data/genbuster-mini/extracted/GenBuster-200K-mini/benchmark/real/b9d798cc28e84dbd6252f399f7851eaa6d75a59171f86c62cf86a6b8ac652a47.mp4,-25.576499938964844,0.9999999999921969,25.576499938964844,2.0543820673502504e-10,0,0,0,real
/workspace/data/genbuster-mini/extracted/GenBuster-200K-mini/benchmark/real/b92ae7f71f9d6f070c305d438e0ba8617b0d923562e5c1ce161461dd0790dcfb.mp4,3.768049955368042,0.9774243831634521,3.768049955368042,0.10790041199515672,0,1,0,real
/workspace/data/genbuster-mini/extracted/GenBuster-200K-mini/benchmark/real/b90186156a44c1e21e8beab7876703296b12800d34e4373c74c2248549f4de5e.mp4,-7.612193584442139,0.9995058581116609,7.612193584442139,0.004255767731935113,0,0,0,real
/workspace/data/genbuster-mini/extracted/GenBuster-200K-mini/benchmark/real/b8d9c614a938839ad643fc804c80a97676e36c66b8b03553f1ce5df89a7ecdec.mp4,-26.192214965820312,0.9999999999957844,26.192214965820312,1.1273577815000839e-10,0,0,0,real
/workspace/data/genbuster-mini/extracted/GenBuster-200K-mini/benchmark/real/b82761a4f267b55aced65933000dbdade1abb08118772763cc39fd0429153447.mp4,-8.59758186340332,0.9998154825298116,8.59758186340332,0.0017709385509631268,0,0,0,real
/workspace/data/genbuster-mini/extracted/GenBuster-200K-mini/benchmark/real/b803ebc732047f3d31693acbb6943dc237965efaad444e7059e1352bfbca3c3f.mp4,-28.724876403808594,0.999999999999665,28.724876403808594,8.49248406550073e-12,0,0,0,real
/workspace/data/genbuster-mini/extracted/GenBuster-200K-mini/benchmark/real/b7e7e9e25a8ca0b8f79b1665ec2b975105698741d97cfd0e886e9d69a60991ab.mp4,-26.088449478149414,0.9999999999953234,26.088449478149414,1.247756500810003e-10,0,0,0,real
/workspace/data/genbuster-mini/extracted/GenBuster-200K-mini/benchmark/real/b7d2708f67040b3c5e805ae762bdd2eb12adf27f449782069911733ab36f40a1.mp4,-25.535011291503906,0.9999999999918664,25.535011291503906,2.1388332966783514e-10,0,0,0,real
/workspace/data/genbuster-mini/extracted/GenBuster-200K-mini/benchmark/real/b79840b07ab02a89525947b1a6a5dafc50465fe310b7c76f6dcf6cb3957355d8.mp4,-15.425434112548828,0.9999998000971289,15.425434112548828,3.2834894429552177e-06,0,0,0,real
/workspace/data/genbuster-mini/extracted/GenBuster-200K-mini/benchmark/real/b6ccd327a06ecc4170992e1fd79884cebf1a7a19a8962dd7439a73f79861156f.mp4,-9.23991870880127,0.9999029239406809,9.23991870880127,0.0009940556642864633,0,0,0,real
/workspace/data/genbuster-mini/extracted/GenBuster-200K-mini/benchmark/real/b6c3968ae2d54584b8c09ee87c34e6c5bcc5b3dc51d059c0b02135ed721411da.mp4,-14.352873802185059,0.9999994157134893,14.352873802185059,8.970475226901302e-06,0,0,0,real
/workspace/data/genbuster-mini/extracted/GenBuster-200K-mini/benchmark/real/b6a02c619337948155e28d2a0a9f0359638ac46ab1cfcb6d641a54a421e3a4aa.mp4,-16.29100799560547,0.9999999158788739,16.29100799560547,1.454537068642031e-06,0,0,0,real
/workspace/data/genbuster-mini/extracted/GenBuster-200K-mini/benchmark/real/b64c44656c22fd8d44fca3505abec8e94732ef6f9d0e29e5083d7cbf8f62dab0.mp4,-12.470505714416504,0.9999961618095767,12.470505714416504,5.1702371371580156e-05,0,0,0,real
/workspace/data/genbuster-mini/extracted/GenBuster-200K-mini/benchmark/real/b62bc96db457645a2baea29a1e18950e2e43d8bf5f8ea6ff513bffefe9594d80.mp4,-23.38900375366211,0.999999999930452,23.38900375366211,1.694213919355103e-09,0,0,0,real
/workspace/data/genbuster-mini/extracted/GenBuster-200K-mini/benchmark/real/b6157c7bb724d53e94e4dfe9d93ad2967e12bcd5e2ba4890f5bf71d22c306281.mp4,-30.341686248779297,0.9999999999999335,30.341686248779297,8.995015385247112e-13,0,0,0,real
/workspace/data/genbuster-mini/extracted/GenBuster-200K-mini/benchmark/real/b5c942ac056a109b7e9b857ffcab87384c338346e2a83a48f8db6e7d8e5ada4f.mp4,-29.735240936279297,0.9999999999998781,29.735240936279297,2.4771311807705834e-12,0,0,0,real
/workspace/data/genbuster-mini/extracted/GenBuster-200K-mini/benchmark/real/b5bb902857991641b85015165cb88a2bc128b0a44965f9d9958fc815f041149b.mp4,-4.440236568450928,0.9883443089202046,4.440236568450928,0.06347817682386675,0,0,0,real
/workspace/data/genbuster-mini/extracted/GenBuster-200K-mini/benchmark/real/b576150b1b1b70cfdceaa0e2ff8e64929704a5a72b2fb5118f1fca2464a111f5.mp4,-20.911792755126953,0.9999999991718218,20.911792755126953,1.8144870670314382e-08,0,0,0,real
/workspace/data/genbuster-mini/extracted/GenBuster-200K-mini/benchmark/real/b54e5054cf7508c0eed8b04f5e63751f9ba5861bb241034f7908512f3b4f370a.mp4,-16.054580688476562,0.999999893442471,16.054580688476562,1.8172919849421468e-06,0,0,0,real
/workspace/data/genbuster-mini/extracted/GenBuster-200K-mini/benchmark/real/b51671d1b49480f7c186fc8e91bdf555fd67c26919013bf5b2d9b98919e6980b.mp4,-19.30430030822754,0.999999995867157,19.30430030822754,8.391248461922514e-08,0,0,0,real
/workspace/data/genbuster-mini/extracted/GenBuster-200K-mini/benchmark/real/b5155322fbf5dae704e1bfc2056843cc61e6bfa073f5a49ab176d94eeb447acf.mp4,-47.45515823364258,1.0,47.45515823364258,-1.0000888326796867e-12,0,0,0,real
/workspace/data/genbuster-mini/extracted/GenBuster-200K-mini/benchmark/real/b483131a209cc9855cc0d4ac33be6164f8e0eedd40f7aa7e3e93126d301b6201.mp4,-20.669361114501953,0.999999998944616,20.669361114501953,2.2867497598322665e-08,0,0,0,real
/workspace/data/genbuster-mini/extracted/GenBuster-200K-mini/benchmark/real/b47644a4565cbfff5a5555ac1d12e161984c9ca9552931edb0dfae4b28152da7.mp4,-18.54773712158203,0.9999999911931603,18.54773712158203,1.7215178790693505e-07,0,0,0,real
/workspace/data/genbuster-mini/extracted/GenBuster-200K-mini/benchmark/real/b460776f200a3840f9fdc0adb4c9b57dc7b222073d0f2513a27f06d0cd5de4a5.mp4,-25.60702896118164,0.9999999999924315,25.60702896118164,1.9943556786549292e-10,0,0,0,real
/workspace/data/genbuster-mini/extracted/GenBuster-200K-mini/benchmark/real/b441747d30327ea8055850be85cd5d35133c23dd0cff584511e7bfb5376bcce0.mp4,-22.449432373046875,0.9999999998220347,22.449432373046875,4.171188619137243e-09,0,0,0,real
/workspace/data/genbuster-mini/extracted/GenBuster-200K-mini/benchmark/real/b3e43dde4ed9dc338d54a17d1996cf92eeaa8109a443385c1d605216e559bee2.mp4,-20.030452728271484,0.999999998000668,20.030452728271484,4.204485801836872e-08,0,0,0,real
/workspace/data/genbuster-mini/extracted/GenBuster-200K-mini/benchmark/real/b3d1cfd2436e1d854425f8de8e8db9edf8faea02f8191cb726eb9a82a891b7cb.mp4,-23.785518646240234,0.9999999999532179,23.785518646240234,1.1575313239359405e-09,0,0,0,real
/workspace/data/genbuster-mini/extracted/GenBuster-200K-mini/benchmark/real/b3903995dbbfbdf1c6e58ae417f6f89ed51ccb6c393e29477fe8bbec8f0bf174.mp4,-38.747501373291016,1.0,38.747501373291016,-9.996781571328951e-13,0,0,0,real
/workspace/data/genbuster-mini/extracted/GenBuster-200K-mini/benchmark/real/b3564a7d60d35fce8a33b06b33c0235501bfc1992cc0f93a54174df9176a23d7.mp4,-14.216259956359863,0.9999993301825612,14.216259956359863,1.0192114507101419e-05,0,0,0,real
/workspace/data/genbuster-mini/extracted/GenBuster-200K-mini/benchmark/real/b26e84b0d5828130956fa3f0751f3d2f062c9e3c56cf2c8479fdec1b244bc325.mp4,-17.6578311920166,0.9999999785562199,17.6578311920166,4.000924290666711e-07,0,0,0,real
/workspace/data/genbuster-mini/extracted/GenBuster-200K-mini/benchmark/real/b262bc4819ccdd747e03b2d58652fdc244a6ace6328cc2c1e0ffe42ac351f421.mp4,-21.514835357666016,0.9999999995468669,21.514835357666016,1.020021677370114e-08,0,0,0,real
/workspace/data/genbuster-mini/extracted/GenBuster-200K-mini/benchmark/real/b249231ea1d82dfaf2e95d320908af9ec9c965f1d393c0212e2c2aef15e369e4.mp4,-23.32611846923828,0.999999999925938,23.32611846923828,1.7996476736371196e-09,0,0,0,real
/workspace/data/genbuster-mini/extracted/GenBuster-200K-mini/benchmark/real/b21e2a2ab1304a59322de2eb184d4e1250c8d1e8d36d776a6dfb8b679d50d20a.mp4,-20.04369354248047,0.9999999980269663,20.04369354248047,4.151791750902109e-08,0,0,0,real
/workspace/data/genbuster-mini/extracted/GenBuster-200K-mini/benchmark/real/b1fd6701b1c0cc4e18cbf4f4e169de899899f427fb60eabe634f5a20af92b188.mp4,-1.2666261196136475,0.7801646292209625,1.2666261196136475,0.5266995167753867,0,0,0,real
/workspace/data/genbuster-mini/extracted/GenBuster-200K-mini/benchmark/real/b1aff83725714077e90db670837aa4254fe59c8558e1856d59c06736e22019b1.mp4,-22.866687774658203,0.9999999998827471,22.866687774658203,2.796443261889024e-09,0,0,0,real
/workspace/data/genbuster-mini/extracted/GenBuster-200K-mini/benchmark/real/b168e065332fd8417592077a9d9ea51e1f1720a0539748435804c4c779a5ab94.mp4,-19.727428436279297,0.9999999972930096,19.727428436279297,5.610695001417106e-08,0,0,0,real
/workspace/data/genbuster-mini/extracted/GenBuster-200K-mini/benchmark/real/b0fd0e4334e6d74ab956d13525f4253e192ce5709af6a2b0b28a7b9bc89d3cb1.mp4,-18.52594757080078,0.9999999909991573,18.52594757080078,1.7574798392954784e-07,0,0,0,real
/workspace/data/genbuster-mini/extracted/GenBuster-200K-mini/benchmark/real/b0ab0d012c5726b4c3e3dab3cb3648b0b294cf52d3eec4b4b75e52ad33199ed8.mp4,-46.840553283691406,1.0,46.840553283691406,-1.000088775035767e-12,0,0,0,real
/workspace/data/genbuster-mini/extracted/GenBuster-200K-mini/benchmark/real/b0a280a886eb2826366682ce7b54966434b249ee8a2261845c42b45f78ef7534.mp4,-17.91975212097168,0.9999999834974709,17.91975212097168,3.122217613562697e-07,0,0,0,real
/workspace/data/genbuster-mini/extracted/GenBuster-200K-mini/benchmark/real/b0886b90dac63f552d0a0adbb70aa9259469505c566ac88b36fe0e8152cae670.mp4,-41.532066345214844,1.0,41.532066345214844,-1.0000635347145308e-12,0,0,0,real
/workspace/data/genbuster-mini/extracted/GenBuster-200K-mini/benchmark/real/afdb866bc50950ad94cfcfe55a757d468b7126e702748a7309b9eba9d0bd1e70.mp4,-31.42574691772461,0.9999999999999775,31.42574691772461,-3.5654448184890115e-13,0,0,0,real
/workspace/data/genbuster-mini/extracted/GenBuster-200K-mini/benchmark/real/afda3d647615ae8ac568dc353b4918207be7813a28d5e6ab7c82a3a44fe39486.mp4,-42.80216979980469,1.0,42.80216979980469,-1.0000817777820949e-12,0,0,0,real
/workspace/data/genbuster-mini/extracted/GenBuster-200K-mini/benchmark/real/af9e1ed5dc271c8516f0931c67b905f74a9d9d5361f9d8f245f8fd6ada27331a.mp4,-21.95197296142578,0.9999999997073292,21.95197296142578,6.715372255913716e-09,0,0,0,real
/workspace/data/genbuster-mini/extracted/GenBuster-200K-mini/benchmark/real/af0d4b7afccee0ac613e3f5d77edfd8e84adbffd05baa825b50f91ba2405890b.mp4,-29.828346252441406,0.9999999999998889,29.828346252441406,2.1692557529246432e-12,0,0,0,real
/workspace/data/genbuster-mini/extracted/GenBuster-200K-mini/benchmark/real/aebae259d1e8211ec4e092cbf454a980264b2d0fb92e68d865eb7fe047d9e8f3.mp4,-29.345455169677734,0.9999999999998199,29.345455169677734,4.125572144293251e-12,0,0,0,real
/workspace/data/genbuster-mini/extracted/GenBuster-200K-mini/benchmark/real/ae9c0edeb8a190573e87f5df270312e9f6c338de38e8ab9371e04814406c8f10.mp4,-17.33355140686035,0.9999999703425182,17.33355140686035,5.437249668185266e-07,0,0,0,real
/workspace/data/genbuster-mini/extracted/GenBuster-200K-mini/benchmark/real/ae5cd0d494a7750c92efc3265d7f3cb51c994080e27b89edb1c71f587cf0699b.mp4,-17.089935302734375,0.9999999621613718,17.089935302734375,6.844963375658493e-07,0,0,0,real
/workspace/data/genbuster-mini/extracted/GenBuster-200K-mini/benchmark/real/ae5c6dccc540d891f6281383818d7373e1028f853c0c156fa5ae839464f7b5b9.mp4,-8.179265975952148,0.9997196709155105,8.179265975952148,0.002573254524540763,0,0,0,real
/workspace/data/genbuster-mini/extracted/GenBuster-200K-mini/benchmark/real/ade7e32b97f811930098a6818d3514b8130dc8cf664037fd572df9380ab8a4ea.mp4,-31.453960418701172,0.9999999999999781,31.453960418701172,-3.744700798866801e-13,0,0,0,real
/workspace/data/genbuster-mini/extracted/GenBuster-200K-mini/benchmark/real/addf3c0a6f7ef47e10c4814c483f6c6b15aa6fc39669071f7f0b2fc991566acc.mp4,-22.232072830200195,0.9999999997788264,22.232072830200195,5.136325202858277e-09,0,0,0,real
/workspace/data/genbuster-mini/extracted/GenBuster-200K-mini/benchmark/real/ad2d83a3114851015a8a7da16c4c7dbd2783b6dda432e1e5aa185055a9e76e36.mp4,-3.53163480758667,0.9715745951980352,3.53163480758667,0.12922537749783594,0,0,0,real
/workspace/data/genbuster-mini/extracted/GenBuster-200K-mini/benchmark/real/acf034d34169ae0d54a36a885fe2b59d557203d502dda2004bb1eb261594a138.mp4,-23.86294174194336,0.9999999999567032,23.86294174194336,1.074497809234853e-09,0,0,0,real
/workspace/data/genbuster-mini/extracted/GenBuster-200K-mini/benchmark/real/acbf2aae8fed3d02e3b405c04a47a81ecac1147f38497423685962577d2965e2.mp4,-26.288639068603516,0.9999999999961718,26.288639068603516,1.0257663841106774e-10,0,0,0,real
/workspace/data/genbuster-mini/extracted/GenBuster-200K-mini/benchmark/real/aca8fc7dadc7bfe3daeac98ef93a8f4c0fccbe6a5cab0add74a41ac56af7e1c4.mp4,-9.100031852722168,0.9998883502194076,9.100031852722168,0.0011276725756620533,0,0,0,real
/workspace/data/genbuster-mini/extracted/GenBuster-200K-mini/benchmark/real/ac11a5a405489c09e4e9fd841e9ca991aefde7c53d37102a6869e466b085509b.mp4,-19.12509536743164,0.999999995056021,19.12509536743164,9.949604904137402e-08,0,0,0,real
/workspace/data/genbuster-mini/extracted/GenBuster-200K-mini/benchmark/real/ac0db7d299c88789657b843da13c127455d9ec32a6092bbacc5f4dfcd7bee7f8.mp4,-21.056087493896484,0.9999999992831019,21.056087493896484,1.580996779809998e-08,0,0,0,real
/workspace/data/genbuster-mini/extracted/GenBuster-200K-mini/benchmark/real/abe8e6e7f0b87ad502fce169280dc40b1d36539a8e5f7c94381f5e96841f2e14.mp4,-16.558319091796875,0.9999999356107523,16.558319091796875,1.130564960956111e-06,0,0,0,real
/workspace/data/genbuster-mini/extracted/GenBuster-200K-mini/benchmark/real/abc559799165c4fb15aaa632d0956cecfc487a9a069dad94e6323f74647faad7.mp4,-24.274213790893555,0.9999999999713026,24.274213790893555,7.233218883597807e-10,0,0,0,real
/workspace/data/genbuster-mini/extracted/GenBuster-200K-mini/benchmark/real/ab9fec1086f40dc02276bce357f211beeb54fa25bd1bffa48459d7d0d67875fe.mp4,-43.45195388793945,1.0,43.45195388793945,-1.0000851813509153e-12,0,0,0,real
/workspace/data/genbuster-mini/extracted/GenBuster-200K-mini/benchmark/real/ab640d150333be6aee99aabcd8fce2f1172de0061c77029f605dee75345ca0e2.mp4,-17.587772369384766,0.9999999770000159,17.587772369384766,4.275164681111993e-07,0,0,0,real
/workspace/data/genbuster-mini/extracted/GenBuster-200K-mini/benchmark/real/ab31d97f67b5551303168bfea1c462f4ea088587adadf3872922b77a03591564.mp4,-26.32618522644043,0.999999999996313,26.32618522644043,9.88691125510491e-11,0,0,0,real
/workspace/data/genbuster-mini/extracted/GenBuster-200K-mini/benchmark/real/ab22d70011ad2a8e30e6c7555da22d1db8e426c1c33dbef649f7dcf76a7bd6f0.mp4,-26.383472442626953,0.9999999999965182,26.383472442626953,9.346462763406092e-11,0,0,0,real
/workspace/data/genbuster-mini/extracted/GenBuster-200K-mini/benchmark/real/ab0522b5f7e9cbf9c22f0cf3b4a549acddaa709a915b207b6b571aed660f3f0a.mp4,-28.134632110595703,0.9999999999993957,28.134632110595703,1.6017287364180583e-11,0,0,0,real
/workspace/data/genbuster-mini/extracted/GenBuster-200K-mini/benchmark/real/aab4520d0c6a008199cfb9d8da55486ed5593646a364e790e09d53713a57c6cf.mp4,-6.198282718658447,0.9979712055064738,6.198282718658447,0.01460589699772823,0,0,0,real
/workspace/data/genbuster-mini/extracted/GenBuster-200K-mini/benchmark/real/aa8ec46a17b6f701da58e36082e2042c2f022fb1d3b1073b941908234e4a3f2a.mp4,-19.724498748779297,0.9999999972850675,19.724498748779297,5.626361541402507e-08,0,0,0,real
/workspace/data/genbuster-mini/extracted/GenBuster-200K-mini/benchmark/real/aa84e9c35d82a403cd2ac1a49f2abdd03d1d7019b0b8497afbbbdd8da1863366.mp4,-21.238759994506836,0.9999999994027946,21.238759994506836,1.3279108344671878e-08,0,0,0,real
/workspace/data/genbuster-mini/extracted/GenBuster-200K-mini/benchmark/real/aa63bf56da4cfc791ebb296a1e58a1085b2f14fec7542a9ba4c17c896b7a7112.mp4,-38.916969299316406,1.0,38.916969299316406,-9.997421862791422e-13,0,0,0,real
/workspace/data/genbuster-mini/extracted/GenBuster-200K-mini/benchmark/real/aa43ba01b7748a3f44b6aed730c8efb199a581b9788a145abd20dd093affde70.mp4,-21.052047729492188,0.9999999992802,21.052047729492188,1.5871063496733787e-08,0,0,0,real
/workspace/data/genbuster-mini/extracted/GenBuster-200K-mini/benchmark/real/a9d697e8d50b835110a802175119032e18ec22e8a063bb8a49bb81797376ebc8.mp4,-42.22878646850586,1.0,42.22878646850586,-1.0000762628839764e-12,0,0,0,real
/workspace/data/genbuster-mini/extracted/GenBuster-200K-mini/benchmark/real/a9bf64905725ddf5dd170c894ce03db05620718534ec43af5cfcd3c448b1132c.mp4,-15.95692253112793,0.999999882511176,15.95692253112793,1.992246890781413e-06,0,0,0,real
/workspace/data/genbuster-mini/extracted/GenBuster-200K-mini/benchmark/real/a8cef40536945b37e17b72f89ba5c4b749625f4150f0646b17ba87d3f1f49dca.mp4,-33.621097564697266,0.9999999999999974,33.621097564697266,-9.282571211596045e-13,0,0,0,real
/workspace/data/genbuster-mini/extracted/GenBuster-200K-mini/benchmark/real/a880f3fd826d34fa40fd9f3df08868fb525c966be5671dca53f462df5576071f.mp4,-43.76897048950195,1.0,43.76897048950195,-1.0000861917965638e-12,0,0,0,real
/workspace/data/genbuster-mini/extracted/GenBuster-200K-mini/benchmark/real/a87b8cf2052f8c07655b198fadb9461c8c33f25a1e3ce7f7d02abbda702c1f86.mp4,-26.344974517822266,0.9999999999963816,26.344974517822266,9.706356767269673e-11,0,0,0,real
/workspace/data/genbuster-mini/extracted/GenBuster-200K-mini/benchmark/real/a868dff2350fd742c13465fb31c076f9176d6711c0c18b114cf17bac1fa9a1c6.mp4,-25.63081932067871,0.9999999999926095,25.63081932067871,1.9487844945182151e-10,0,0,0,real
/workspace/data/genbuster-mini/extracted/GenBuster-200K-mini/benchmark/real/a8185d5b782181c8444f96ef1c6abd7eafa3ad243089627fd9eff64a112b2059.mp4,-15.580016136169434,0.9999998287285763,15.580016136169434,2.839680976316258e-06,0,0,0,real
/workspace/data/genbuster-mini/extracted/GenBuster-200K-mini/benchmark/real/a7bcc4b3be75780a6fd750b0f928779b456d383c5aa09620f6e3013357084eb6.mp4,-8.78343391418457,0.9998467725527007,8.78343391418457,0.0014991023435397877,0,0,0,real
/workspace/data/genbuster-mini/extracted/GenBuster-200K-mini/benchmark/real/a7a83e0b47f580c392bbfb9e4801d67f1eecc4e89733ac99a9efa5a42ae7040a.mp4,-3.0906643867492676,0.9565060138702393,3.0906643867492676,0.17889351718901836,0,0,0,real
/workspace/data/genbuster-mini/extracted/GenBuster-200K-mini/benchmark/real/a783774dae1df2c72889f90cb4f7185d79a4ab152ba81d7f0b5d003a03207b0e.mp4,-19.75582504272461,0.9999999973687979,19.75582504272461,5.46107714863008e-08,0,0,0,real
/workspace/data/genbuster-mini/extracted/GenBuster-200K-mini/benchmark/real/a7196150c76e5f5af1202e94b6bb60866f4aa2df12a1b8dddfae06ef033b3ffd.mp4,-34.04649353027344,0.9999999999999983,34.04649353027344,-9.531095749524261e-13,0,0,0,real
/workspace/data/genbuster-mini/extracted/GenBuster-200K-mini/benchmark/real/a71475095e59d2735b942b006a71a7e2d58cf2dc92a0616a288cedbb1f75baaf.mp4,-14.410886764526367,0.9999994486452124,14.410886764526367,8.496864362698142e-06,0,0,0,real
/workspace/data/genbuster-mini/extracted/GenBuster-200K-mini/benchmark/real/a710b12bb1cedb9c60f6abf00ea6e0d952358683409ff6c27caf861906d14ffe.mp4,-38.66475296020508,1.0,38.66475296020508,-9.996427229333952e-13,0,0,0,real
/workspace/data/genbuster-mini/extracted/GenBuster-200K-mini/benchmark/real/a7074fb84329e2914d7cc38f3af7b89de4d6a20b69094ff315ad7a9f3cba0cea.mp4,-26.023303985595703,0.9999999999950085,26.023303985595703,1.329728128465826e-10,0,0,0,real
/workspace/data/genbuster-mini/extracted/GenBuster-200K-mini/benchmark/real/a6e88a1ea38f1c11564da6c683f21d25257650282c767dbe2ad2e66aebfca799.mp4,-5.195104122161865,0.9944869233295321,5.195104122161865,0.03416933699057923,0,0,0,real
/workspace/data/genbuster-mini/extracted/GenBuster-200K-mini/benchmark/real/a684c42f912a579237859c582777acbf029ef8a96d973cb1fe28e6c0a15a0457.mp4,-24.687580108642578,0.999999999981019,24.687580108642578,4.856026474520024e-10,0,0,0,real
/workspace/data/genbuster-mini/extracted/GenBuster-200K-mini/benchmark/real/a5ec03d4545eecf03c80487c80b87b1295f440f4f0b8a24aa9f16326918dc7d8.mp4,-11.430631637573242,0.9999891423703957,11.430631637573242,0.00013496725145238877,0,0,0,real
/workspace/data/genbuster-mini/extracted/GenBuster-200K-mini/benchmark/real/a53054ab4ac16fa4aee22c156aa15d7bccb70d77a74a1bc73721743628ea69e9.mp4,-13.428201675415039,0.9999985269907938,13.428201675415039,2.125287301380524e-05,0,0,0,real
/workspace/data/genbuster-mini/extracted/GenBuster-200K-mini/benchmark/real/a5236f8e6cb974a65c1446c92b3ee0bb01add6bc0915269fef0a32a8e34f55c8.mp4,-30.514385223388672,0.999999999999944,30.514385223388672,5.986723743240328e-13,0,0,0,real
/workspace/data/genbuster-mini/extracted/GenBuster-200K-mini/benchmark/real/a4cca18a70b695cedf32bbc3f5e90c6474038b4fd66f5706ff4d5a9a0be7db04.mp4,-25.609329223632812,0.9999999999924489,25.609329223632812,1.9899031511368296e-10,0,0,0,real
/workspace/data/genbuster-mini/extracted/GenBuster-200K-mini/benchmark/real/a4bf519fa73d697afb07a3b27205dd11ac6ab6189143518a360eae89c624bd44.mp4,-31.079727172851562,0.9999999999999682,31.079727172851562,-9.10311761270932e-14,0,0,0,real
/workspace/data/genbuster-mini/extracted/GenBuster-200K-mini/benchmark/real/a489e43fb92b8a55a7dc5863d213f97dba1a764ffe05918e5241ecbb628c2fb9.mp4,-27.304340362548828,0.9999999999986137,27.304340362548828,3.748705544418721e-11,0,0,0,real
/workspace/data/genbuster-mini/extracted/GenBuster-200K-mini/benchmark/real/a48447f927db2c045417c805b95e5b26ab411c56da0f3d3df17a55914e56fd34.mp4,-5.173935413360596,0.9943696390837431,5.173935413360596,0.03477739515214356,0,0,0,real
/workspace/data/genbuster-mini/extracted/GenBuster-200K-mini/benchmark/real/a44e8017ad9fb5d5e1b21413025b5ecf07099c34661e5b5150ef2ba4ad9c6b6e.mp4,-28.064395904541016,0.9999999999993516,28.064395904541016,1.723795591861781e-11,0,0,0,real
/workspace/data/genbuster-mini/extracted/GenBuster-200K-mini/benchmark/real/a444faeb4b46be2794d136b27b2c1c2bdf61eb3ed2760a701297fcc24417437c.mp4,-25.13478660583496,0.9999999999878633,25.13478660583496,3.152293750388878e-10,0,0,0,real
/workspace/data/genbuster-mini/extracted/GenBuster-200K-mini/benchmark/real/a4392ad36115d4672cfc3b39019a0d2d9f23e56615173a8008ead1170be52f03.mp4,-23.74495506286621,0.9999999999512812,23.74495506286621,1.2035559016946289e-09,0,0,0,real
/workspace/data/genbuster-mini/extracted/GenBuster-200K-mini/benchmark/real/a404d44174e221878ea807639fd73ca8dbc97d11f2ce0fc0e4deb1007a4f896f.mp4,-23.88475799560547,0.9999999999576376,23.88475799560547,1.0521917107458605e-09,0,0,0,real
/workspace/data/genbuster-mini/extracted/GenBuster-200K-mini/benchmark/real/a3d8eed6f4631802f2aa2112bbc584c923570b75c39dfa8fd17da43a498c0006.mp4,-24.5473690032959,0.999999999978162,24.5473690032959,5.559260046659286e-10,0,0,0,real
/workspace/data/genbuster-mini/extracted/GenBuster-200K-mini/benchmark/real/a3b6b793fa4f9257ef11920e9fef26cb22b80c96651f7ae552b31d73ba1ba308.mp4,-13.087685585021973,0.9999979294323111,13.087685585021973,2.9169506906694864e-05,0,0,0,real
/workspace/data/genbuster-mini/extracted/GenBuster-200K-mini/benchmark/real/a3b69e8e1cefe2fdfe8b856c7a52f15ae668606270304ae34550c108ac21d2e8.mp4,-33.373939514160156,0.9999999999999968,33.373939514160156,-9.082000117967851e-13,0,0,0,real
/workspace/data/genbuster-mini/extracted/GenBuster-200K-mini/benchmark/real/a39aa0c247a5ddefe6a41d887e680cf9d292b0a8086fdad2c04b6dae54d48c88.mp4,-6.496499538421631,0.9984935617540032,6.496499538421631,0.011294149552397771,0,0,0,real
/workspace/data/genbuster-mini/extracted/GenBuster-200K-mini/benchmark/real/a300e6c46ac4e5fc3158069200c9ccd60f6d2ffae64d3ef395cc4b023772c93f.mp4,-21.562265396118164,0.9999999995678573,21.562265396118164,9.74811786288955e-09,0,0,0,real
/workspace/data/genbuster-mini/extracted/GenBuster-200K-mini/benchmark/real/a2bc47eafd33d066a4e819b73f5869b99820eeb5d7dc253580a9699c510bdfbd.mp4,-40.494468688964844,1.0,40.494468688964844,-1.0000173072483176e-12,0,0,0,real
/workspace/data/genbuster-mini/extracted/GenBuster-200K-mini/benchmark/real/a2a33dd80fe89e7b9be183a68468d6f1a512aef1f0f564eac6ac8848878edacb.mp4,-22.72562026977539,0.999999999864983,22.72562026977539,3.2013663474052533e-09,0,0,0,real
/workspace/data/genbuster-mini/extracted/GenBuster-200K-mini/benchmark/real/a1df14bf785215eabe470c11dc9e5d31a4066c4c0d8c23fdf34aa78a7c9fcaaf.mp4,-26.25628089904785,0.9999999999960459,26.25628089904785,1.0588122218612555e-10,0,0,0,real
/workspace/data/genbuster-mini/extracted/GenBuster-200K-mini/benchmark/real/a1ccd7856a9eb49bd0baa3df00f1ec3e5a55488aea9d24bb8670723c091778f3.mp4,-22.94104766845703,0.9999999998911497,22.94104766845703,2.603994690803527e-09,0,0,0,real
/workspace/data/genbuster-mini/extracted/GenBuster-200K-mini/benchmark/real/a1bc3ae1528851440056dfdcc3a33fb93d15b10ef3a0e95c57868b2fe3a9471c.mp4,-27.19120979309082,0.9999999999984476,27.19120979309082,4.1992566464144745e-11,0,0,0,real
/workspace/data/genbuster-mini/extracted/GenBuster-200K-mini/benchmark/real/a11e49f6be2cd376add06f23097e34895cf0b167ee83761cc5420f984e4bcc68.mp4,-17.044736862182617,0.9999999604118877,17.044736862182617,7.143550731234056e-07,0,0,0,real
/workspace/data/genbuster-mini/extracted/GenBuster-200K-mini/benchmark/real/a10f31d0a0109a4d9c91abcf3bffceb971ca895364a3def1fe5d4831b28fa284.mp4,-16.206987380981445,0.9999999085055435,16.206987380981445,1.574341959972554e-06,0,0,0,real
/workspace/data/genbuster-mini/extracted/GenBuster-200K-mini/benchmark/real/a06b25f7d68b5f08e2988c7cf1fab28953a6e50b92931c851ff263350c2c0837.mp4,-20.09506607055664,0.9999999981257666,20.09506607055664,3.953507847966292e-08,0,0,0,real
/workspace/data/genbuster-mini/extracted/GenBuster-200K-mini/benchmark/real/a03ec9554207c26680713efef7fb4e654a71fea64c56361ea438337790ef59e0.mp4,-19.50209617614746,0.9999999966088482,19.50209617614746,6.952372070187563e-08,0,0,0,real
/workspace/data/genbuster-mini/extracted/GenBuster-200K-mini/benchmark/real/a025ba9e2d137aab0945ab7e1c1d31bc4c8cfd08a6dd86c8c42ebb65025ae219.mp4,-16.406198501586914,0.9999999250315597,16.406198501586914,1.3049135591401077e-06,0,0,0,real
/workspace/data/genbuster-mini/extracted/GenBuster-200K-mini/benchmark/real/9fed1a8fae9a0649cb76871a6bbb8f8689fa513775b277ca7bbcb9ac1e4c5366.mp4,-14.340841293334961,0.9999994086406332,14.340841293334961,9.07194840032946e-06,0,0,0,real
/workspace/data/genbuster-mini/extracted/GenBuster-200K-mini/benchmark/real/9fd2f05c9b4029ecb4ab73795efe63e61b555ed750672ecaa1f2750de3716849.mp4,-15.988360404968262,0.9999998861473145,15.988360404968262,1.9341684538031874e-06,0,0,0,real
/workspace/data/genbuster-mini/extracted/GenBuster-200K-mini/benchmark/real/9fc31fa3d2c3ef06dd70d928da636aefb357329928744dbe8ed8a12ce0983d14.mp4,-27.10811424255371,0.9999999999983131,27.10811424255371,4.5630986402787614e-11,0,0,0,real
/workspace/data/genbuster-mini/extracted/GenBuster-200K-mini/benchmark/real/9f92b54d7ddd117881e7dace99a7b86212b272c272ff61d7ba5a1add2798980b.mp4,-30.191585540771484,0.9999999999999227,30.191585540771484,1.206236373015444e-12,0,0,0,real
/workspace/data/genbuster-mini/extracted/GenBuster-200K-mini/benchmark/real/9f6a7de2ed6d0f5c83e3e3134414c85eed72f6408cf0fcfd6feff5fc5dbc55a7.mp4,-41.30558776855469,1.0,41.30558776855469,-1.0000570873268472e-12,0,0,0,real
/workspace/data/genbuster-mini/extracted/GenBuster-200K-mini/benchmark/real/9f566b7838f347f51fb7ec0b36c39ad6e96c075748df5616530380110656dbf1.mp4,-29.564197540283203,0.9999999999998553,29.564197540283203,3.1230060221740026e-12,0,0,0,real
/workspace/data/genbuster-mini/extracted/GenBuster-200K-mini/benchmark/real/9f3a6eb19abb9f3341f9baf5e4120e9d87dea6c11839c2b267bd31fc9b4c09e3.mp4,-8.001652717590332,0.9996652034751605,8.001652717590332,0.0030137781122526125,0,0,0,real
/workspace/data/genbuster-mini/extracted/GenBuster-200K-mini/benchmark/real/9ea77445ded250a03ed4421d19e9bae660b7f70fd4ea5e9b5c980d67fb32ef8b.mp4,-8.936049461364746,0.9998684575693915,8.936049461364746,0.0013070207577453698,0,0,0,real
/workspace/data/genbuster-mini/extracted/GenBuster-200K-mini/benchmark/real/9e6d3eda581203624c93b35fcdc64a432998f4c069531fd23a9cfc9735b13160.mp4,-8.532500267028809,0.9998030768911121,8.532500267028809,0.0018771889791604547,0,0,0,real
/workspace/data/genbuster-mini/extracted/GenBuster-200K-mini/benchmark/real/9e3027111c5ca60a222fe65577842a2e0fc0cd6cdfa00db233ed732158dd542c.mp4,-18.46453285217285,0.9999999904290462,18.46453285217285,1.8629214596514267e-07,0,0,0,real
/workspace/data/genbuster-mini/extracted/GenBuster-200K-mini/benchmark/real/9de1636d1dcfad68fa81d3e5dd9e335b24459636b91f9d289478b6c9c601ab4c.mp4,-26.364404678344727,0.9999999999964512,26.364404678344727,9.523049472342879e-11,0,0,0,real
/workspace/data/genbuster-mini/extracted/GenBuster-200K-mini/benchmark/real/9dc562c440ca3b29ec67f43f856be467d9508d9328cc57c67989b0c7d37abb6d.mp4,-46.20335388183594,1.0,46.20335388183594,-1.0000886631519977e-12,0,0,0,real
/workspace/data/genbuster-mini/extracted/GenBuster-200K-mini/benchmark/real/9d85aaebc565a4e221ae7c3fd155766a3838db0edf181be9a05b6cb641322077.mp4,-21.721418380737305,0.9999999996314403,21.721418380737305,8.372200785185687e-09,0,0,0,real
/workspace/data/genbuster-mini/extracted/GenBuster-200K-mini/benchmark/real/9d804568bbc7639bf8a02caeaa31e86303f5017d2c1cbab7457a541810b1ab88.mp4,-8.696844100952148,0.9998329155496322,8.696844100952148,0.0016202058222613434,0,0,0,real
/workspace/data/genbuster-mini/extracted/GenBuster-200K-mini/benchmark/real/9d66c30b89730fea63fc2148b0889c624df9a5adef602e41b1f31ba249e8aaa4.mp4,-23.061582565307617,0.9999999999035101,23.061582565307617,2.3197053576585805e-09,0,0,0,real
/workspace/data/genbuster-mini/extracted/GenBuster-200K-mini/benchmark/real/9d1d7ba27752815253276e7798e5e7db8f6a6f005aaea1c950b9b36e0b2c5de0.mp4,-36.8419303894043,0.9999999999999999,36.8419303894043,-9.971053355576054e-13,0,0,0,real
/workspace/data/genbuster-mini/extracted/GenBuster-200K-mini/benchmark/real/9ca561e52013da475a7b5a00c4b23d943ab7283962ae20a857f89fcc810b95f3.mp4,-10.244954109191895,0.9999644649033144,10.244954109191895,0.00039959116322440294,0,0,0,real
/workspace/data/genbuster-mini/extracted/GenBuster-200K-mini/benchmark/real/9ca440a960551bea710b842adb234ecb99c05f9cb5c5b1d5727fa4ce88ec1543.mp4,-38.130088806152344,1.0,38.130088806152344,-9.99327331467775e-13,0,0,0,real
/workspace/data/genbuster-mini/extracted/GenBuster-200K-mini/benchmark/real/9bf115d156a3fe9a994cb6d60fc53077009d8776a56d39e0061d599fdfc8b51c.mp4,-19.9830322265625,0.9999999979035747,19.9830322265625,4.398735890588402e-08,0,0,0,real
/workspace/data/genbuster-mini/extracted/GenBuster-200K-mini/benchmark/real/9bcb2be0ce5e212f7a0523f111e792a555a1bec0ff082b6d36b765128e1d2a89.mp4,-13.134456634521484,0.9999980240447712,13.134456634521484,2.792905345676204e-05,0,0,0,real
/workspace/data/genbuster-mini/extracted/GenBuster-200K-mini/benchmark/real/9b95a99753a645b4f5a2180f3a0ee69d2a4c2a46fa24deba2bc8b7760cc330ac.mp4,-14.054056167602539,0.9999992122278627,14.054056167602539,1.1859164312032638e-05,0,0,0,real
/workspace/data/genbuster-mini/extracted/GenBuster-200K-mini/benchmark/real/9b3657eaf6684a6d0643001aea6fa2ad5a2d2402c268738f9d0055adcad7dd4a.mp4,-28.088558197021484,0.9999999999993672,28.088558197021484,1.68084683908465e-11,0,0,0,real
/workspace/data/genbuster-mini/extracted/GenBuster-200K-mini/benchmark/real/9af65d161dc5b1ae4d235b51172bbfcb3a58c790d528c3bca88bfe411181e800.mp4,-22.10009765625,0.9999999997476231,22.10009765625,5.827932349078292e-09,0,0,0,real
/workspace/data/genbuster-mini/extracted/GenBuster-200K-mini/benchmark/real/9ae80978b1c09891be50ea704516efd05a199701c2b3b276f6c1d8c19acdba4b.mp4,-12.065048217773438,0.9999942427689348,12.065048217773438,7.52185157050035e-05,0,0,0,real
/workspace/data/genbuster-mini/extracted/GenBuster-200K-mini/benchmark/real/9ac8119a378344455378fe626346cfc9216966142f9f3e6e280aac7cf38fd7c4.mp4,-22.81888198852539,0.9999999998770055,22.81888198852539,2.9275943512703058e-09,0,0,0,real
/workspace/data/genbuster-mini/extracted/GenBuster-200K-mini/benchmark/real/9a786b8d51f1b6f9eb72431957d66adfedf45ee579ab049b0a3ff15d8f919c38.mp4,-11.728408813476562,0.9999919385481917,11.728408813476562,0.0001026094848820083,0,0,0,real
/workspace/data/genbuster-mini/extracted/GenBuster-200K-mini/benchmark/real/9a4b137c3ab11608ece1579157de9c824367ec5e3e9eb4dba9cb05dbeca18c36.mp4,-24.993196487426758,0.9999999999860173,24.993196487426758,3.6149054589937844e-10,0,0,0,real
/workspace/data/genbuster-mini/extracted/GenBuster-200K-mini/benchmark/real/9a3056a12a633916a638ac223e6cfe1c94ddb881f8ae21da8e1f2967c7afe4a3.mp4,-18.270000457763672,0.9999999883737507,18.270000457763672,2.2403582888317028e-07,0,0,0,real
/workspace/data/genbuster-mini/extracted/GenBuster-200K-mini/benchmark/real/9a25442c0f679b5e3f513edbb557874d0f05957c34fb21c992c0aa1875822cf6.mp4,-18.069408416748047,0.9999999857912583,18.069408416748047,2.709502996811049e-07,0,0,0,real
/workspace/data/genbuster-mini/extracted/GenBuster-200K-mini/benchmark/real/9a251727fdd3c82701f2b02d6252ac8baa5e36cf07a5289ab04211038b5d7c35.mp4,-39.124202728271484,1.0,39.124202728271484,-9.99807080849203e-13,0,0,0,real
/workspace/data/genbuster-mini/extracted/GenBuster-200K-mini/benchmark/real/99faef10cbbfb8cd70d7848ff66066805ab467bf0181b0a27e0240aa1a967493.mp4,-31.747955322265625,0.9999999999999837,31.747955322265625,-5.336902463520664e-13,0,0,0,real
/workspace/data/genbuster-mini/extracted/GenBuster-200K-mini/benchmark/real/999ed94d8f576480beae20a9eef909c9044c193cc56349ad17c2e2b246c64af2.mp4,-15.843843460083008,0.9999998684453573,15.843843460083008,2.2158838102362186e-06,0,0,0,real
/workspace/data/genbuster-mini/extracted/GenBuster-200K-mini/benchmark/real/99853ebd0e8e7dc13211e2be4acb050228f4de3c96046223cee8a58fd0bba505.mp4,-33.58485794067383,0.9999999999999974,33.58485794067383,-9.2570479316751e-13,0,0,0,real
/workspace/data/genbuster-mini/extracted/GenBuster-200K-mini/benchmark/real/9969e45831fb806f9a7a3c3970e4be4f038c2e6349c5e035bbf8a6ace094061a.mp4,-14.452086448669434,0.9999994708992404,14.452086448669434,8.175708804154746e-06,0,0,0,real
/workspace/data/genbuster-mini/extracted/GenBuster-200K-mini/benchmark/real/9965da124e3a36b11281560dcfed4ba2deca8440c449dda25b82dc17b3bdd753.mp4,-27.414833068847656,0.9999999999987587,27.414833068847656,3.3538891054046625e-11,0,0,0,real
/workspace/data/genbuster-mini/extracted/GenBuster-200K-mini/benchmark/real/993875fe52689cd72dcce66d006b20dde1d4a059e0a2da1c646c995127f4f814.mp4,-20.553375244140625,0.9999999988148249,20.553375244140625,2.554252354778303e-08,0,0,0,real
/workspace/data/genbuster-mini/extracted/GenBuster-200K-mini/benchmark/real/98e77f2ae1625d52329e0ec2dd1244ec52c1d08d73fc138b11e629bf22f9f338.mp4,-20.585147857666016,0.9999999988518891,20.585147857666016,2.4780144902056334e-08,0,0,0,real
/workspace/data/genbuster-mini/extracted/GenBuster-200K-mini/benchmark/real/988118f1f2aaec8d3e3a4e688ae9bdf4df977f7f147d9ff9de929ad4f9e57d34.mp4,-30.87065315246582,0.9999999999999608,30.87065315246582,1.2024405895109288e-13,0,0,0,real
/workspace/data/genbuster-mini/extracted/GenBuster-200K-mini/benchmark/real/97b15d6cd8f5a44b92077ad384e19a5f5ed3edda79e4d166b4f2c575f07faf2c.mp4,-5.406204700469971,0.9955314141698182,5.406204700469971,0.028636689472613046,0,0,0,real
/workspace/data/genbuster-mini/extracted/GenBuster-200K-mini/benchmark/real/97a867f435361bc1ded9cadce12b6e021594babfdc1eb8b4177dbaed902ecf45.mp4,-14.7042875289917,0.9999995888418596,14.7042875289917,6.456943736055557e-06,0,0,0,real
/workspace/data/genbuster-mini/extracted/GenBuster-200K-mini/benchmark/real/979e7a959669ea1d790fab8cbf5b20d43644526214f18986a20ebf5e0d8870a1.mp4,-3.032677412033081,0.9540287405252457,3.032677412033081,0.1864774808539907,0,0,0,real
/workspace/data/genbuster-mini/extracted/GenBuster-200K-mini/benchmark/real/979552f424b0cce863eba40b786c11c8996f36458f80d359cea6dfb491173ef3.mp4,-22.576065063476562,0.9999999998432023,22.576065063476562,3.694674698200714e-09,0,0,0,real
/workspace/data/genbuster-mini/extracted/GenBuster-200K-mini/benchmark/real/9761824bfa7324175adf698f0e2689ca6e085d954c7c7c1147e9c76d485132a8.mp4,-25.303632736206055,0.9999999999897489,25.303632736206055,2.6768790760835396e-10,0,0,0,real
/workspace/data/genbuster-mini/extracted/GenBuster-200K-mini/benchmark/real/971ed46291b5659baa84fc014d0154f07374f16645ff91f5c2c8d634aac6b2c4.mp4,-29.641143798828125,0.999999999999866,29.641143798828125,2.8189717576801376e-12,0,0,0,real
/workspace/data/genbuster-mini/extracted/GenBuster-200K-mini/benchmark/real/971835fecbe3c259de5e757a8a1f207f7a7eba0048149282febdf13219bc7645.mp4,-24.06369972229004,0.9999999999645784,24.06369972229004,8.858097563366755e-10,0,0,0,real
/workspace/data/genbuster-mini/extracted/GenBuster-200K-mini/benchmark/real/96f4b0cfd639d6b91d964ce30228db944cfdf2214e913fabfc28d66010c66a22.mp4,-21.659358978271484,0.999999999607843,21.659358978271484,8.88402690924565e-09,0,0,0,real
/workspace/data/genbuster-mini/extracted/GenBuster-200K-mini/benchmark/real/96d485bbefd463ab97df52b054adf6ab80b50f54133e5fd976f28c35c93bf647.mp4,-17.462486267089844,0.999999973930148,17.462486267089844,4.813122856890781e-07,0,0,0,real
/workspace/data/genbuster-mini/extracted/GenBuster-200K-mini/benchmark/real/964b02a52c1d4831c8d7b2ffb4e79ecab5c3765943df94938db4c997858903b7.mp4,-19.5990047454834,0.9999999969220583,19.5990047454834,6.340053544993905e-08,0,0,0,real
/workspace/data/genbuster-mini/extracted/GenBuster-200K-mini/benchmark/real/9601c6d0ed3676a8590c73db86677699bf05ac8c1542b0482e66d0b7bac3cb24.mp4,-25.785022735595703,0.9999999999936656,25.785022735595703,1.677390742504277e-10,0,0,0,real
/workspace/data/genbuster-mini/extracted/GenBuster-200K-mini/benchmark/real/9545acd4cb30284373f00b503c01ab5f68696e368eaa130827329c15dd7e6f52.mp4,-25.691883087158203,0.9999999999930472,25.691883087158203,1.8364785377188814e-10,0,0,0,real
/workspace/data/genbuster-mini/extracted/GenBuster-200K-mini/benchmark/real/952af4ec45ce948dfa3cfba7c4c3638ecdd9048a15d2fbadae7e5c63d5ceb7a8.mp4,-8.433424949645996,0.999782571932883,8.433424949645996,0.0020511150108510146,0,0,0,real
/workspace/data/genbuster-mini/extracted/GenBuster-200K-mini/benchmark/real/951e065e5ada5f75c0e964f41b21e28dbce26c50b811478a0fc088d4030c87b7.mp4,-34.239219665527344,0.9999999999999987,34.239219665527344,-9.614770042993863e-13,0,0,0,real
/workspace/data/genbuster-mini/extracted/GenBuster-200K-mini/benchmark/real/94fc3d0a84597ba3ed690fa31bfaa1310603e772fc6d4c22c44ac6b28296ecef.mp4,-30.580711364746094,0.9999999999999476,30.580711364746094,4.962894450349334e-13,0,0,0,real
/workspace/data/genbuster-mini/extracted/GenBuster-200K-mini/benchmark/real/94c88066bc472fec6ef95d346fcb5b322ece8b3b0c6450c7b4a0e583d5829ce5.mp4,-24.024253845214844,0.9999999999631533,24.024253845214844,9.200756401786925e-10,0,0,0,real
/workspace/data/genbuster-mini/extracted/GenBuster-200K-mini/benchmark/real/94bbad944eac3a4999677aeb38fcf5680aedc6b691ff1cd4806486a0e72ab22b.mp4,-37.32579040527344,0.9999999999999999,37.32579040527344,-9.98164653712913e-13,0,0,0,real
/workspace/data/genbuster-mini/extracted/GenBuster-200K-mini/benchmark/real/949ad22955c25cf934f845bbdff81b25af4dc4830801d2933573b044c16d063f.mp4,-27.31778907775879,0.9999999999986322,27.31778907775879,3.6983555638199125e-11,0,0,0,real
/workspace/data/genbuster-mini/extracted/GenBuster-200K-mini/benchmark/real/945e12b44c1892c8be668a38b73d4d7cc70f2cfd90687369453d8f96e43eea0c.mp4,-2.2460386753082275,0.9043082892894745,2.2460386753082275,0.3155122297741645,0,0,0,real
/workspace/data/genbuster-mini/extracted/GenBuster-200K-mini/benchmark/real/94518b8056688042899c55a809e19ee5de188244832585fcc09a55ed8d2dafcd.mp4,-2.6988017559051514,0.9369558990001678,2.6988017559051514,0.235262592080529,0,0,0,real
/workspace/data/genbuster-mini/extracted/GenBuster-200K-mini/benchmark/real/944576cc81b55bf25fdfe7528c2a2f810d54b79bdae34f26380372f3fec2af7f.mp4,-33.84811019897461,0.999999999999998,33.84811019897461,-9.429693661486163e-13,0,0,0,real
/workspace/data/genbuster-mini/extracted/GenBuster-200K-mini/benchmark/real/9419151611235acdb7130f3ed9f82a8152b0949f1be9be81fa392bdfb22f4633.mp4,-23.188077926635742,0.9999999999149751,23.188077926635742,2.054592894328149e-09,0,0,0,real
/workspace/data/genbuster-mini/extracted/GenBuster-200K-mini/benchmark/real/931da1b797c521e4f68332f91d3120708eb1e021b29c68a921732e6a6d36e46c.mp4,-30.185853958129883,0.9999999999999223,30.185853958129883,1.2188863965821527e-12,0,0,0,real
/workspace/data/genbuster-mini/extracted/GenBuster-200K-mini/benchmark/real/92e8587bab1f2dc09cfc68a7b1ace43e11366a5df75b2f0986727a4c7c712062.mp4,-30.418590545654297,0.9999999999999384,30.418590545654297,7.592215086937522e-13,0,0,0,real
/workspace/data/genbuster-mini/extracted/GenBuster-200K-mini/benchmark/real/92045928447d2d14b02fc014f75cce4b73f05591aeb3d8002b8f3002b265214f.mp4,-17.257949829101562,0.9999999680134373,17.257949829101562,5.840070605398104e-07,0,0,0,real
/workspace/data/genbuster-mini/extracted/GenBuster-200K-mini/benchmark/real/9187e55e9bb10f326986102338c945001e3f82221fd14f9147c1bae1b4a4da78.mp4,-3.2614738941192627,0.9630832299590111,3.2614738941192627,0.15801852565867902,0,0,0,real
/workspace/data/genbuster-mini/extracted/GenBuster-200K-mini/benchmark/real/9175f0edfedf0b912017a8e46924dac2e00e74c2ff617f2d56eaeb729d815df0.mp4,-29.427764892578125,0.9999999999998341,29.427764892578125,3.7226060208843335e-12,0,0,0,real
/workspace/data/genbuster-mini/extracted/GenBuster-200K-mini/benchmark/real/9098c8adbec17ed54d502e1dc0174bbdc709a6f915eabbb53480293e500ae878.mp4,-15.396727561950684,0.9999997942754675,15.396727561950684,3.373207137052186e-06,0,0,0,real
/workspace/data/genbuster-mini/extracted/GenBuster-200K-mini/benchmark/real/9027056b48bd656a7989166487186915861647aae7f2dce05994c719e7a14928.mp4,-30.543224334716797,0.9999999999999456,30.543224334716797,5.533422135054508e-13,0,0,0,real
/workspace/data/genbuster-mini/extracted/GenBuster-200K-mini/benchmark/real/8fa5dd10b1d62f94eb57c2aec6fe4e3f97cbd62ac40a3e34019432dddd0e5a0e.mp4,-26.225820541381836,0.9999999999959237,26.225820541381836,1.0908746760032146e-10,0,0,0,real
/workspace/data/genbuster-mini/extracted/GenBuster-200K-mini/benchmark/real/8f9d5fdb4db7d53c38afbdc9024b7c3b36e7ca303abc0bf955301056e0ec8866.mp4,-30.58249855041504,0.9999999999999477,30.58249855041504,4.937156701578155e-13,0,0,0,real
/workspace/data/genbuster-mini/extracted/GenBuster-200K-mini/benchmark/real/8f5127afe6704c1fc4f9142690ea486542ec27487bfb16c58b9a30162ee56b52.mp4,-17.443843841552734,0.9999999734395839,17.443843841552734,4.898741665259742e-07,0,0,0,real
/workspace/data/genbuster-mini/extracted/GenBuster-200K-mini/benchmark/real/8ecb6ffae257e12913a3eb258ad5994eef9a4fa21b7aecb1126e85eb4d468205.mp4,-17.734296798706055,0.9999999801348078,17.734296798706055,3.72158405219444e-07,0,0,0,real
/workspace/data/genbuster-mini/extracted/GenBuster-200K-mini/benchmark/real/8e951f1260066d9cb6ac2d7e9797e663dfb11bdf6d615e114ce045bca28794d2.mp4,-39.98512649536133,1.0,39.98512649536133,-9.99969755240472e-13,0,0,0,real
/workspace/data/genbuster-mini/extracted/GenBuster-200K-mini/benchmark/real/8e50131915460df9d0a08d059f7195bd9c445ffe4b778bdbea87620f6faedec8.mp4,-25.714096069335938,0.9999999999932,25.714096069335938,1.797233422185452e-10,0,0,0,real
/workspace/data/genbuster-mini/extracted/GenBuster-200K-mini/benchmark/real/8e372ba5b06b44399d3c712a671deed3fe0f15a8338f4b7f378a8c73e761a878.mp4,-39.40229034423828,1.0,39.40229034423828,-9.998754980625606e-13,0,0,0,real
/workspace/data/genbuster-mini/extracted/GenBuster-200K-mini/benchmark/real/8e3442c512baac872de9805dadca9352420c2e821824b3bfefdbb2c12718bc46.mp4,-29.359281539916992,0.9999999999998224,29.359281539916992,4.055592813258484e-12,0,0,0,real
/workspace/data/genbuster-mini/extracted/GenBuster-200K-mini/benchmark/real/8e0c59b980db21552de9a78ca2fdb0e05ff66523b4780dd89e09958491009b4f.mp4,-30.285682678222656,0.9999999999999297,30.285682678222656,1.0086062783883482e-12,0,0,0,real
/workspace/data/genbuster-mini/extracted/GenBuster-200K-mini/benchmark/real/8d96c954418161a5fbd802e2c98ada7946414778901745324ee7e76f4b23bbcd.mp4,-31.78099822998047,0.9999999999999842,31.78099822998047,-5.489734283229448e-13,0,0,0,real
/workspace/data/genbuster-mini/extracted/GenBuster-200K-mini/benchmark/real/8d5562607097d0aaa09dab60b3be2eb07d180ea9a27eb1b68efafa6315fd4840.mp4,-20.746461868286133,0.999999999022929,20.746461868286133,2.1245837284038167e-08,0,0,0,real
/workspace/data/genbuster-mini/extracted/GenBuster-200K-mini/benchmark/real/8cdf740fb6e9673682511df58e0fa73243842e82b95eb3acb6c2e391954623c2.mp4,-12.705116271972656,0.9999969644543398,12.705116271972656,4.160250898939245e-05,0,0,0,real
/workspace/data/genbuster-mini/extracted/GenBuster-200K-mini/benchmark/real/8c8835453143a5096de904f16931e9a2982c9e48b357675328755627f3b00663.mp4,-18.21199607849121,0.9999999876794359,18.21199607849121,2.3670062977985508e-07,0,0,0,real
/workspace/data/genbuster-mini/extracted/GenBuster-200K-mini/benchmark/real/8c7ff01956fbb3a7cb064d751baaaed50ab140b6a8b8b431b4da62aa1990fc1f.mp4,-23.3945369720459,0.9999999999308358,23.3945369720459,1.6852370343455508e-09,0,0,0,real
/workspace/data/genbuster-mini/extracted/GenBuster-200K-mini/benchmark/real/8bc698c1b1249229869d4bf5ff48f11459c22db6fba8be1c931cf7ee5764a8b0.mp4,-34.43324661254883,0.9999999999999989,34.43324661254883,-9.68273580749102e-13,0,0,0,real
/workspace/data/genbuster-mini/extracted/GenBuster-200K-mini/benchmark/real/8ba13eef1b6e7f165bd12e489855aee349b18f09e58db0f44198ed77d34d1cbc.mp4,-18.027790069580078,0.9999999851874355,18.027790069580078,2.8184836770585564e-07,0,0,0,real
/workspace/data/genbuster-mini/extracted/GenBuster-200K-mini/benchmark/real/8b9854b39aee13dc6b329ff62dd51ddf0f75a21d477d914038597df33b63bd06.mp4,-17.497282028198242,0.9999999748216677,17.497282028198242,4.6572871375624305e-07,0,0,0,real
/workspace/data/genbuster-mini/extracted/GenBuster-200K-mini/benchmark/real/8b41bf6b4a5b9b933fe8c20629f517af768d2a39ea9a9de0cf733570c8ffb924.mp4,-28.183738708496094,0.9999999999994246,28.183738708496094,1.5212387570103696e-11,0,0,0,real
/workspace/data/genbuster-mini/extracted/GenBuster-200K-mini/benchmark/real/8b2c314b6181ab34f7ce4bfdcda587eea38efaa4db396818bd6e1d8388aacf75.mp4,-28.362361907958984,0.9999999999995187,28.362361907958984,1.2590012763881203e-11,0,0,0,real
/workspace/data/genbuster-mini/extracted/GenBuster-200K-mini/benchmark/real/8b1ebca7b34effa5725cdc42f083801858a104c05e2bbdcc6852b6aafd501c47.mp4,-26.875329971313477,0.9999999999978709,26.875329971313477,5.752909113568483e-11,0,0,0,real
/workspace/data/genbuster-mini/extracted/GenBuster-200K-mini/benchmark/real/8b0d225c6b3ac94fa2f5379d524032bd59d8a6540a15d14f26525ade105f8997.mp4,-41.349185943603516,1.0,41.349185943603516,-1.0000584445268098e-12,0,0,0,real
/workspace/data/genbuster-mini/extracted/GenBuster-200K-mini/benchmark/real/8aa080df70685efb3f6369039a8f73211dbced44cc535e585670a714118d98cd.mp4,-15.190601348876953,0.9999997471834092,15.190601348876953,4.093250654195437e-06,0,0,0,real
/workspace/data/genbuster-mini/extracted/GenBuster-200K-mini/benchmark/real/8a3402e5d6bde57f7daab783610abc5fc5ccc7369445230d97a922d8e2420541.mp4,-25.64813995361328,0.9999999999927364,25.64813995361328,1.9162562334474058e-10,0,0,0,real
/workspace/data/genbuster-mini/extracted/GenBuster-200K-mini/benchmark/real/8a26f56b2236ca48f1cfac6fd40797403a134306fac810ce9db16d4c1d334ca2.mp4,-19.38583755493164,0.9999999961907653,19.38583755493164,7.76524399751759e-08,0,0,0,real
/workspace/data/genbuster-mini/extracted/GenBuster-200K-mini/benchmark/real/8a040e3640ca3c4b2d3c05ad9527a77069de0c9d723e62ad2de5c1ef635082b0.mp4,-26.651386260986328,0.9999999999973365,26.651386260986328,7.180001806436557e-11,0,0,0,real
/workspace/data/genbuster-mini/extracted/GenBuster-200K-mini/benchmark/real/89de9e6d8f578910841966854fe4c6ee6d24bd2b94189842192c4326ea4f03a6.mp4,-11.851616859436035,0.9999928730276224,11.851616859436035,9.159314218037586e-05,0,0,0,real
/workspace/data/genbuster-mini/extracted/GenBuster-200K-mini/benchmark/real/89de3c3c299bf724116f915ed5646a3d84bce287c6ec3c6b65084586c8e56031.mp4,-35.970977783203125,0.9999999999999998,35.970977783203125,-9.932691034199025e-13,0,0,0,real
/workspace/data/genbuster-mini/extracted/GenBuster-200K-mini/benchmark/real/89bcbd1dde179c0596463885deab5b58997c875e61070b3e2c86fed85b9a58bd.mp4,-15.923128128051758,0.9999998784728632,15.923128128051758,2.0566173146518328e-06,0,0,0,real
/workspace/data/genbuster-mini/extracted/GenBuster-200K-mini/benchmark/real/89a97d665653f1949aa0b4b7bc84dab9c108c8ef33226d8e8f5ec4977dedd188.mp4,-23.159339904785156,0.9999999999124963,23.159339904785156,2.112037740004554e-09,0,0,0,real
/workspace/data/genbuster-mini/extracted/GenBuster-200K-mini/benchmark/real/892fc869a7b28238665202ce32275b8a175e8607bb3cd46ccb620593ccb2d109.mp4,-33.38956069946289,0.9999999999999969,33.38956069946289,-9.097945370323304e-13,0,0,0,real
/workspace/data/genbuster-mini/extracted/GenBuster-200K-mini/benchmark/real/88c616830e1e34492b4a80ace923b3dbda155ecfdfaf0e5aa68a07c4042fa4a5.mp4,-25.644855499267578,0.9999999999927125,25.644855499267578,1.922382727367716e-10,0,0,0,real
/workspace/data/genbuster-mini/extracted/GenBuster-200K-mini/benchmark/real/88b244e781d3bf5acbac6ab69a5582dc419eb919252069104b6970ec435a1341.mp4,-26.290912628173828,0.9999999999961805,26.290912628173828,1.0234832680748409e-10,0,0,0,real
/workspace/data/genbuster-mini/extracted/GenBuster-200K-mini/benchmark/real/889daf0921b6b8a5826d3bbe63f54c4cec3ee0905e312c040740f1bbdd74c610.mp4,-21.634532928466797,0.9999999995979855,21.634532928466797,9.097411850020288e-09,0,0,0,real
/workspace/data/genbuster-mini/extracted/GenBuster-200K-mini/benchmark/real/887203cd40a455bb7ec95b1f61d148d33908bf9123890faa5152f33f24fddb30.mp4,-4.249422073364258,0.985928357578814,4.249422073364258,0.0739679349032685,0,0,0,real
/workspace/data/genbuster-mini/extracted/GenBuster-200K-mini/benchmark/real/87d4b1dfe1a9b61c6dcf53c1b87c0aa5f8bdec1a3ca8ca7979cf8c88eefa5165.mp4,-34.61618423461914,0.9999999999999991,34.61618423461914,-9.73628727059772e-13,0,0,0,real
/workspace/data/genbuster-mini/extracted/GenBuster-200K-mini/benchmark/real/86727196a9af15fe5f8f24b1563c5e32fabd7a575cc174ad3710db5ce4fdc03d.mp4,-35.02561569213867,0.9999999999999993,35.02561569213867,-9.824420648302176e-13,0,0,0,real
/workspace/data/genbuster-mini/extracted/GenBuster-200K-mini/benchmark/real/86406f2873c0e5397813b3d57621d3bb06c13f3ddb5945c8de4a80263e0a6022.mp4,-31.094566345214844,0.9999999999999687,31.094566345214844,-1.0438340722860036e-13,0,0,0,real
/workspace/data/genbuster-mini/extracted/GenBuster-200K-mini/benchmark/real/863a533cc7f7a74c8c733bf60c855c0908dc29acf2cc36d0c27a96ff4553d6d0.mp4,-30.61992645263672,0.9999999999999497,30.61992645263672,4.388576954483808e-13,0,0,0,real
/workspace/data/genbuster-mini/extracted/GenBuster-200K-mini/benchmark/real/85ec05189b1a471560c224a75eb5afa068c27267e964db757b520d2ccf28c1ea.mp4,-13.431906700134277,0.9999985324380987,13.431906700134277,2.1179715421111148e-05,0,0,0,real
/workspace/data/genbuster-mini/extracted/GenBuster-200K-mini/benchmark/real/84c957c9fbbd4f92274f1c191b4503ab0b384d5afe20a2b408d40847e0e20083.mp4,-26.646183013916016,0.9999999999973226,26.646183013916016,7.216964967405549e-11,0,0,0,real
/workspace/data/genbuster-mini/extracted/GenBuster-200K-mini/benchmark/real/848494ca43911edb0aac73f57913571b941413c2554a1cf4e8b032ed01a72159.mp4,-15.781359672546387,0.999999859963097,15.781359672546387,2.350007652021405e-06,0,0,0,real
/workspace/data/genbuster-mini/extracted/GenBuster-200K-mini/benchmark/real/843ff2ba6e8f22d652c2acb5596c0ea105f43162295cbfe49f02fd0d538ea43a.mp4,-15.943672180175781,0.9999998809440456,15.943672180175781,2.0172430640737845e-06,0,0,0,real
/workspace/data/genbuster-mini/extracted/GenBuster-200K-mini/benchmark/real/8429dd756ee18877d40a8a1d045e304ddf1b9490bbe6582a1deb0d01284c018a.mp4,-31.240663528442383,0.9999999999999729,31.240663528442383,-2.2598452124626539e-13,0,0,0,real
/workspace/data/genbuster-mini/extracted/GenBuster-200K-mini/benchmark/real/83f13ecf8b46151e069895d0331209452d13e08e4e8acbfa8011f820622eb7ad.mp4,-11.052224159240723,0.9999841483986529,11.052224159240723,0.00019104717667968387,0,0,0,real
/workspace/data/genbuster-mini/extracted/GenBuster-200K-mini/benchmark/real/83987a1e3d508cb00a62dfa01f8ef101c67e97e00e49a2bffe624cfcd223d881.mp4,-22.38207244873047,0.9999999998096339,22.38207244873047,4.449154933967032e-09,0,0,0,real
/workspace/data/genbuster-mini/extracted/GenBuster-200K-mini/benchmark/real/83823ca2bdf4d3cbf8227532ddeea43284b542726f7ad4fc5ec8a5c7b1d8d211.mp4,-17.319011688232422,0.9999999699081599,17.319011688232422,5.512507738437107e-07,0,0,0,real
/workspace/data/genbuster-mini/extracted/GenBuster-200K-mini/benchmark/real/835c5bb492d2c03e35270ea801558336928987e1bb1bc07415e867dfb94d9039.mp4,-15.863068580627441,0.9999998709503615,15.863068580627441,2.1761709134766105e-06,0,0,0,real
/workspace/data/genbuster-mini/extracted/GenBuster-200K-mini/benchmark/real/8341a0fb0a64bcbf42970752c2f32d7bbf55e4b33b6764fa9de6701756d4e9bc.mp4,-6.870265483856201,0.9989628753392026,6.870265483856201,0.008162984601492368,0,0,0,real
/workspace/data/genbuster-mini/extracted/GenBuster-200K-mini/benchmark/real/82f2d07558c268f508f651012e3dbca996b01ab0c88e89574a2f7827f42c9d68.mp4,-18.481691360473633,0.9999999905918671,18.481691360473633,1.8328434181034468e-07,0,0,0,real
/workspace/data/genbuster-mini/extracted/GenBuster-200K-mini/benchmark/real/824598f55f50004a6aa5bcd67c4c4ce38782f30954f55fda388bdf60b370570f.mp4,-15.768046379089355,0.9999998580862695,15.768046379089355,2.379614022057386e-06,0,0,0,real
/workspace/data/genbuster-mini/extracted/GenBuster-200K-mini/benchmark/real/81b769991d7462a8bc3908b7d1282ea881802d1bcdbd6953105cda5151c7c627.mp4,-25.351890563964844,0.9999999999902318,25.351890563964844,2.5545807275934595e-10,0,0,0,real
/workspace/data/genbuster-mini/extracted/GenBuster-200K-mini/benchmark/real/8199ccc19dbdc3927b8091dd5931fc1bd0df9a0ef3ce88c061b71a3a88bb07c4.mp4,-27.129413604736328,0.9999999999983487,27.129413604736328,4.4670291432328926e-11,0,0,0,real
/workspace/data/genbuster-mini/extracted/GenBuster-200K-mini/benchmark/real/818c5dcb230fb89501c9cda6fe7f5ce733e6c05b261085a2087685825e01e6eb.mp4,-17.1055908203125,0.9999999627491434,17.1055908203125,6.744467698507001e-07,0,0,0,real
/workspace/data/genbuster-mini/extracted/GenBuster-200K-mini/benchmark/real/813244758e5a6d59264403acbaebaf41afdca2522499f6a159a82a3131de2652.mp4,-16.788108825683594,0.9999999488298208,16.788108825683594,9.102187194666272e-07,0,0,0,real
/workspace/data/genbuster-mini/extracted/GenBuster-200K-mini/benchmark/real/8128a77b9420f572f28f70226d6ccde1f03a08ab6b3ecbf8efabc4d764a773e8.mp4,-32.71182632446289,0.9999999999999938,32.71182632446289,-8.221860388926782e-13,0,0,0,real
/workspace/data/genbuster-mini/extracted/GenBuster-200K-mini/benchmark/real/80f89d76673b2d6c2affd2e921489d044cacaa2253e8b515ed56ab9aa27b2635.mp4,-6.944587707519531,0.9990370904561132,6.944587707519531,0.007650383220184253,0,0,0,real
/workspace/data/genbuster-mini/extracted/GenBuster-200K-mini/benchmark/real/80d7f539725624a286c586fce4b12c62db1989264268fb85072a2c571197cb8f.mp4,-19.246618270874023,0.9999999956217565,19.246618270874023,8.864262562262038e-08,0,0,0,real
/workspace/data/genbuster-mini/extracted/GenBuster-200K-mini/benchmark/real/8075ca5043aad2b350aba6e26e2d36d16510ed8c32c0d030362fe0a109d9ee86.mp4,-30.095693588256836,0.999999999999915,30.095693588256836,1.427664507195545e-12,0,0,0,real
/workspace/data/genbuster-mini/extracted/GenBuster-200K-mini/benchmark/real/805383277ac54cb569f00fce5e4a72edfcc93649b0cb351b92915ff258d7e0e0.mp4,-0.5011806488037109,0.6227367520332336,0.5011806488037109,0.6627084443986722,1,0,0,real
/workspace/data/genbuster-mini/extracted/GenBuster-200K-mini/benchmark/real/803f9e380f382fc21b8cf4d60b4a54b6a7deb38e2f3103a2545dbc4ed17e97cd.mp4,-30.20860481262207,0.9999999999999241,30.20860481262207,1.1690675961270572e-12,0,0,0,real
/workspace/data/genbuster-mini/extracted/GenBuster-200K-mini/benchmark/real/802a29fae3fd4de2e678fd81b2aef5233d5f745a00aaa96b4cad6b45a9e6dc4a.mp4,-20.580158233642578,0.999999998846146,20.580158233642578,2.4898352560434944e-08,0,0,0,real
/workspace/data/genbuster-mini/extracted/GenBuster-200K-mini/benchmark/real/801c444ef66b2017cd9ad5ed0dea4898111cd3b6a0ebbfc53cc67e532eff4db0.mp4,-38.90798568725586,1.0,38.90798568725586,-9.997390575453786e-13,0,0,0,real
/workspace/data/genbuster-mini/extracted/GenBuster-200K-mini/benchmark/real/8003fa78b34a93c9c37e5d4af6e0040dc18ff11bbe2edad6fffe90f774850d22.mp4,-21.612468719482422,0.9999999995890168,21.612468719482422,9.291346468077019e-09,0,0,0,real
/workspace/data/genbuster-mini/extracted/GenBuster-200K-mini/benchmark/real/7fd9e323a5765dbf989e80201ac4378343a7ee326871c96afc78dd60d6e9c29f.mp4,-34.0715217590332,0.9999999999999984,34.0715217590332,-9.544488641163628e-13,0,0,0,real
/workspace/data/genbuster-mini/extracted/GenBuster-200K-mini/benchmark/real/7fb1864041d0ba0e60c41b4322967db4339e7067600413103ffa030b4500ac38.mp4,-23.797197341918945,0.999999999953761,23.797197341918945,1.1446085193189825e-09,0,0,0,real
/workspace/data/genbuster-mini/extracted/GenBuster-200K-mini/benchmark/real/7fa3c4c6acda02ac326b633230bc98a2211cc092f2344ac895c43d5dac6794bf.mp4,-16.742483139038086,0.9999999464410614,16.742483139038086,9.502665636401697e-07,0,0,0,real
/workspace/data/genbuster-mini/extracted/GenBuster-200K-mini/benchmark/real/7f18b3aa2d0ede535999d7686630903b962dc0203858746fb8725f3acb6ce9ce.mp4,-17.270862579345703,0.9999999684238183,17.270862579345703,5.769220808382144e-07,0,0,0,real
/workspace/data/genbuster-mini/extracted/GenBuster-200K-mini/benchmark/real/7f0d53934512da796e1a82d6b7787ac3e954a171c45a5c4a4000e92fe6358a9f.mp4,-37.185333251953125,0.9999999999999999,37.185333251953125,-9.979079625945142e-13,0,0,0,real
/workspace/data/genbuster-mini/extracted/GenBuster-200K-mini/benchmark/real/7ecfd41107d8eb6498465c9211a1cafdebe649da47f2d9deeb0c9919635510af.mp4,-15.479388236999512,0.9999998105969325,15.479388236999512,3.121244706278339e-06,0,0,0,real
/workspace/data/genbuster-mini/extracted/GenBuster-200K-mini/benchmark/real/7eb0d3a5a7388e7878afc0962f2be25ebd1878cda7c84c36545bd8b8ce306dec.mp4,-13.940106391906738,0.9999991171470697,13.940106391906738,1.3189915037303832e-05,0,0,0,real
/workspace/data/genbuster-mini/extracted/GenBuster-200K-mini/benchmark/real/7ea4b00d513b4b8f9bcc25610c5530117ee28075ce77bc0cc707d25e51eefd66.mp4,-27.61835479736328,0.9999999999989873,27.61835479736328,2.7287580421370954e-11,0,0,0,real
/workspace/data/genbuster-mini/extracted/GenBuster-200K-mini/benchmark/real/7e86e59c17df4fab3f31e02f40408874dff185819adfb257e2aef9c81324d8b8.mp4,-29.382919311523438,0.9999999999998266,29.382919311523438,3.938032597845997e-12,0,0,0,real
/workspace/data/genbuster-mini/extracted/GenBuster-200K-mini/benchmark/real/7de01c03af76047e9587434a0106c31cba0cd170caee4e9c0c6e58fa28c6fd2f.mp4,-13.409552574157715,0.9999984992626878,13.409552574157715,2.1624952257617826e-05,0,0,0,real
/workspace/data/genbuster-mini/extracted/GenBuster-200K-mini/benchmark/real/7d773f6dcfeaf15bd2c0a2c312aa9ef6c18b31359377d827fd0ebf49c1863482.mp4,-28.514083862304688,0.9999999999995864,28.514083862304688,1.0696299107540894e-11,0,0,0,real
/workspace/data/genbuster-mini/extracted/GenBuster-200K-mini/benchmark/real/7d2f39fc591657e6f88d5f5bfa79e8bf06e3e9a76199dbfda481187e9eb8e899.mp4,-6.619676113128662,0.998667913954705,6.619676113128662,0.010150952264171273,0,0,0,real
/workspace/data/genbuster-mini/extracted/GenBuster-200K-mini/benchmark/real/7d036185d15ae8143279dd129b72a8111dd1bb64aee4e1a6ccad88f481ecb09d.mp4,-17.12771987915039,0.999999963564413,17.12771987915039,6.60492113854098e-07,0,0,0,real
/workspace/data/genbuster-mini/extracted/GenBuster-200K-mini/benchmark/real/7c07d9e328e546e34f6b9f03c4a23aa3c4bdcc32bffcefebbcbd4854e081fc05.mp4,-19.246538162231445,0.9999999956214061,19.246538162231445,8.864936936159788e-08,0,0,0,real
/workspace/data/genbuster-mini/extracted/GenBuster-200K-mini/benchmark/real/7bf831c28163bb5b343091495e94a783c02faaaac2c697445e71dbf25c57b0cf.mp4,-31.07099151611328,0.9999999999999679,31.07099151611328,-8.289825901078344e-14,0,0,0,real
/workspace/data/genbuster-mini/extracted/GenBuster-200K-mini/benchmark/real/7bd13ee3fc3367e1a41dbb49b761dca6055077215a289556a30abda2faa83ae0.mp4,-19.387788772583008,0.9999999961981909,19.387788772583008,7.750848095399698e-08,0,0,0,real
/workspace/data/genbuster-mini/extracted/GenBuster-200K-mini/benchmark/real/7b932bdedd3b096c65b0f5a01320435fd0953b4037808ec3d3fbf2e3cab2532b.mp4,-26.71583366394043,0.9999999999975028,26.71583366394043,6.737214280807822e-11,0,0,0,real
/workspace/data/genbuster-mini/extracted/GenBuster-200K-mini/benchmark/real/7b26bbae89717d4dc9ece7f694f30062c9555e8e8ee4b9b6d0e7b7b31d275b73.mp4,-30.4526309967041,0.9999999999999405,30.4526309967041,7.003027464651605e-13,0,0,0,real
/workspace/data/genbuster-mini/extracted/GenBuster-200K-mini/benchmark/real/7b03af0e5d2fd4b7436f27260013bf8fed203400eadc9b5aeb68a9b550a3adda.mp4,-25.57734489440918,0.9999999999922035,25.57734489440918,2.0526971399693786e-10,0,0,0,real
/workspace/data/genbuster-mini/extracted/GenBuster-200K-mini/benchmark/real/7ab0c60faff0ec3961baec19c6424edf10aa806ee90c531a4adbc5c42ae35a69.mp4,-15.82043743133545,0.9999998653298832,15.82043743133545,2.265208291539473e-06,0,0,0,real
/workspace/data/genbuster-mini/extracted/GenBuster-200K-mini/benchmark/real/79ff04806df9f50f2aad2e56275506e4a3732b53d624f29f8285c82c8cf1e517.mp4,-19.063678741455078,0.9999999947428604,19.063678741455078,1.0547556047509964e-07,0,0,0,real
/workspace/data/genbuster-mini/extracted/GenBuster-200K-mini/benchmark/real/79e05ebc9848a57f7e434411f2113fa801ef3e9ee9af558eac888477fefe03b1.mp4,-19.310466766357422,0.9999999958925638,19.310466766357422,8.342194610398046e-08,0,0,0,real
/workspace/data/genbuster-mini/extracted/GenBuster-200K-mini/benchmark/real/79c192ce6087d2a828fc59d039c160ad5d8a85b9316de1d57e0364f9e3e023eb.mp4,-35.65293502807617,0.9999999999999997,35.65293502807617,-9.905766588798496e-13,0,0,0,real
/workspace/data/genbuster-mini/extracted/GenBuster-200K-mini/benchmark/real/79c042430cc1caf06f704fe1413e5e01da2b594d6f385968fca12ea0c3172d0e.mp4,-22.236141204833984,0.9999999997797243,22.236141204833984,5.116359248757348e-09,0,0,0,real
/workspace/data/genbuster-mini/extracted/GenBuster-200K-mini/benchmark/real/79a493c713bc738a052550a12389e44ffd871f1c82d4f4b2c1d411954c5d1791.mp4,-20.795103073120117,0.9999999990693177,20.795103073120117,2.028231746737689e-08,0,0,0,real
/workspace/data/genbuster-mini/extracted/GenBuster-200K-mini/benchmark/real/793a9af4ced5f1174beb23cb834e9eabc1f5ce9489a492ca692393a77307fce7.mp4,-29.462690353393555,0.9999999999998399,29.462690353393555,3.5612144440189463e-12,0,0,0,real
/workspace/data/genbuster-mini/extracted/GenBuster-200K-mini/benchmark/real/78dcbd137f9008aa3b74526dace047f10f1c117aa5e193a03da9e54d02a9385f.mp4,-20.03675079345703,0.9999999980132204,20.03675079345703,4.179338820763647e-08,0,0,0,real
/workspace/data/genbuster-mini/extracted/GenBuster-200K-mini/benchmark/real/78a1fea3ed27227470cb1afe83c2fa63b12ce3a2f34cf2e14a2b98d9e0c7486d.mp4,-36.733482360839844,0.9999999999999999,36.733482360839844,-9.96789012899548e-13,0,0,0,real
/workspace/data/genbuster-mini/extracted/GenBuster-200K-mini/benchmark/real/789e733ef9a19043646a320bacdf5f5f12ccfea8d251a5ab12bba0b6374c050f.mp4,-20.535877227783203,0.9999999987939041,20.535877227783203,2.597233344806387e-08,0,0,0,real
/workspace/data/genbuster-mini/extracted/GenBuster-200K-mini/benchmark/real/788b03fbc12c73e4f1ef992cab8e375d2f56ca34cda1150772f53e0029d0ced4.mp4,-25.448162078857422,0.9999999999911283,25.448162078857422,2.3269094440104524e-10,0,0,0,real
/workspace/data/genbuster-mini/extracted/GenBuster-200K-mini/benchmark/real/787c840d0c49af66b058a20844a92e28538cb770fda3771ad82462926b07ff32.mp4,-23.558513641357422,0.9999999999412961,23.558513641357422,1.4396908665384408e-09,0,0,0,real
/workspace/data/genbuster-mini/extracted/GenBuster-200K-mini/benchmark/real/77d1d33c6cfc399968f8a024850e5f046ae25f41bb2ab2c21aca7c09cba50f13.mp4,-23.0622615814209,0.9999999999035756,23.0622615814209,2.318195038569489e-09,0,0,0,real
/workspace/data/genbuster-mini/extracted/GenBuster-200K-mini/benchmark/real/77ccd29d655874c98a262aa34dd6d1e3be7222e2bebb34d1e2d36191d2f06e1b.mp4,-22.531696319580078,0.9999999998360888,22.531696319580078,3.8551114448695475e-09,0,0,0,real
/workspace/data/genbuster-mini/extracted/GenBuster-200K-mini/benchmark/real/77befd0da5fb02ca850633cdbbe3b31d47b53e9db6b4cdd6e80585e54914a6cf.mp4,-27.639263153076172,0.9999999999990082,27.639263153076172,2.6712626320351174e-11,0,0,0,real
/workspace/data/genbuster-mini/extracted/GenBuster-200K-mini/benchmark/real/778229d5551571562409da2da8ae09fca37554f8b94272d71f61ecc931577378.mp4,-16.871875762939453,0.9999999529415753,16.871875762939453,8.410203267657845e-07,0,0,0,real
/workspace/data/genbuster-mini/extracted/GenBuster-200K-mini/benchmark/real/7733c1c98d59aae61b782c4f349f1d3e1aa581a1bd10966f81a950edd33ada13.mp4,-34.082542419433594,0.9999999999999984,34.082542419433594,-9.549320243942261e-13,0,0,0,real
/workspace/data/genbuster-mini/extracted/GenBuster-200K-mini/benchmark/real/771e65da9886523dee1fc585b4b9d6ddc0d75372b01c08a355cfd178adabce66.mp4,-23.492334365844727,0.9999999999372796,23.492334365844727,1.534176865056566e-09,0,0,0,real
/workspace/data/genbuster-mini/extracted/GenBuster-200K-mini/benchmark/real/76f02be4b17af71fcc1d8138c952536309ebc8765916bbcc57f61f1299142451.mp4,-3.0014116764068604,0.9526378624141216,3.0014116764068604,0.19067371935088634,0,0,0,real
/workspace/data/genbuster-mini/extracted/GenBuster-200K-mini/benchmark/real/76e498cc8569769ef926de2b638f061ebf8017107fb35ed960a74fe1be0996cd.mp4,-22.59809112548828,0.9999999998466182,22.59809112548828,3.617520432272021e-09,0,0,0,real
/workspace/data/genbuster-mini/extracted/GenBuster-200K-mini/benchmark/real/76e35390da447e38385099d3b21fb617414d57feff1a9e2409195f43fae20ff0.mp4,-4.340972900390625,0.9871435901150107,4.340972900390625,0.06874909693669119,0,0,0,real
/workspace/data/genbuster-mini/extracted/GenBuster-200K-mini/benchmark/real/76a28d3890929a7db1217e159e64e5a0a88b2016b156dc9706d943d577d80b78.mp4,-17.74581527709961,0.999999980362313,17.74581527709961,3.681224540572306e-07,0,0,0,real
/workspace/data/genbuster-mini/extracted/GenBuster-200K-mini/benchmark/real/7681f867964c5a7d534f73fc1cead4a45cf3df1bfab7f4e57498dd3a047b385e.mp4,-27.082548141479492,0.9999999999982694,27.082548141479492,4.681067341419543e-11,0,0,0,real
/workspace/data/genbuster-mini/extracted/GenBuster-200K-mini/benchmark/real/75f924fd40c3f61ac7a7e89b23b74fb44c2931aa742bdabd6a9d33f873b97b33.mp4,-23.27487564086914,0.9999999999220439,23.27487564086914,1.8903801967366e-09,0,0,0,real
/workspace/data/genbuster-mini/extracted/GenBuster-200K-mini/benchmark/real/75f2ae26b00ae047991f9f607fe97072f9737f06621f3152c23031db2fcd4dfc.mp4,-50.02821350097656,1.0,50.02821350097656,-1.000088895400766e-12,0,0,0,real
/workspace/data/genbuster-mini/extracted/GenBuster-200K-mini/benchmark/real/75727ce23609d2f9cfa2e184d543d135f807f397a094a4bd169d233bc37deba3.mp4,-16.673032760620117,0.9999999425891701,16.673032760620117,1.0146214821773636e-06,0,0,0,real
/workspace/data/genbuster-mini/extracted/GenBuster-200K-mini/benchmark/real/75266cba7c4d40436b613c1254cd57cc2e3589a4c84390c5cf30db48394ea4e4.mp4,-4.718273162841797,0.9911484625190496,4.718273162841797,0.05065491680488203,0,0,0,real
/workspace/data/genbuster-mini/extracted/GenBuster-200K-mini/benchmark/real/74dad1051d1511e55ec80a4f2bb53d88315dc3a2278c98d8a712195331616fd2.mp4,-22.991539001464844,0.9999999998965092,22.991539001464844,2.4809069063488983e-09,0,0,0,real
/workspace/data/genbuster-mini/extracted/GenBuster-200K-mini/benchmark/real/74d3c9defa2f70102ee9072248bf4a31998c636bdbb65a5bb674ebc903065b62.mp4,-16.967830657958984,0.9999999572471765,16.967830657958984,7.681734893713394e-07,0,0,0,real
/workspace/data/genbuster-mini/extracted/GenBuster-200K-mini/benchmark/real/74a9feb34e34677e960c845474e8d809cc256871f06d7cb0add7e956efce85ca.mp4,-14.129287719726562,0.999999269318721,14.129287719726562,1.1054685589885249e-05,0,0,0,real
/workspace/data/genbuster-mini/extracted/GenBuster-200K-mini/benchmark/real/74a8e8c0be631ab9a7c3390c0e026439237690d2ff24c8ce6e1ffae155eb13fd.mp4,-14.632702827453613,0.9999995583301882,14.632702827453613,6.904491012487773e-06,0,0,0,real
/workspace/data/genbuster-mini/extracted/GenBuster-200K-mini/benchmark/real/7472343c6654f4b0a6a6012d84754eb69b76d599894ad925a16624258a3cb70f.mp4,-24.32678985595703,0.9999999999727724,24.32678985595703,6.87605657248831e-10,0,0,0,real
/workspace/data/genbuster-mini/extracted/GenBuster-200K-mini/benchmark/real/7418147139a33479c0b29e9586d52011d94fafdf03b4470b9c4f90064b8cae80.mp4,-27.776885986328125,0.9999999999991357,27.776885986328125,2.320678604971725e-11,0,0,0,real
/workspace/data/genbuster-mini/extracted/GenBuster-200K-mini/benchmark/real/73aad369bb2cd328f0dc784e60a2a9b1a6703e75962ddcba8f251a060beec7e7.mp4,-30.849477767944336,0.99999999999996,30.849477767944336,1.4401322880917374e-13,0,0,0,real
/workspace/data/genbuster-mini/extracted/GenBuster-200K-mini/benchmark/real/738f4d1d9f9a0013717b0adcac80807dacf74db23d7709d6bf2c23959d27ac0d.mp4,-20.626354217529297,0.999999998898237,20.626354217529297,2.3825117663658772e-08,0,0,0,real
/workspace/data/genbuster-mini/extracted/GenBuster-200K-mini/benchmark/real/738afe588ed93f4aa7756ba1793d9760e7373673fe571d70f23534ef33efa036.mp4,-17.34747314453125,0.9999999707525404,17.34747314453125,5.366149778004709e-07,0,0,0,real
/workspace/data/genbuster-mini/extracted/GenBuster-200K-mini/benchmark/real/731c18fcad20337cc958a14e1619564a7750d2d93f818dbaa9c9c6d5986aaf0e.mp4,-35.91553497314453,0.9999999999999998,35.91553497314453,-9.92892978960911e-13,0,0,0,real
/workspace/data/genbuster-mini/extracted/GenBuster-200K-mini/benchmark/real/72c53948dc8bd9ee798413a1d94f5d75e7583309369316346b82a98f2daa55b9.mp4,-31.52743911743164,0.9999999999999797,31.52743911743164,-4.1875766406220116e-13,0,0,0,real
/workspace/data/genbuster-mini/extracted/GenBuster-200K-mini/benchmark/real/72722b1ae27d7e1b2a6f2ae9156d65463eb56445503687afa393651e4e51fa2f.mp4,-6.232662200927734,0.9980396348983049,6.232662200927734,0.014180582710718368,0,0,0,real
/workspace/data/genbuster-mini/extracted/GenBuster-200K-mini/benchmark/real/7244993888587bdbfeea60f22370b5ab99e0781c458a5fe84e5af5e134bb2bea.mp4,-20.097301483154297,0.9999999981299514,20.097301483154297,3.9450978471619395e-08,0,0,0,real
/workspace/data/genbuster-mini/extracted/GenBuster-200K-mini/benchmark/real/722e0f14551bad2d3a2cab35e2d2037a376d9b84b74e8484557c48388bb491b0.mp4,-31.4068603515625,0.9999999999999771,31.4068603515625,-3.444940478327271e-13,0,0,0,real
/workspace/data/genbuster-mini/extracted/GenBuster-200K-mini/benchmark/real/71ad98782797f8a2f3ab89918f44ebd3159ee777bdd170979c04588d284bf851.mp4,-13.310795783996582,0.9999983434897786,13.310795783996582,2.3705978872109835e-05,0,0,0,real
/workspace/data/genbuster-mini/extracted/GenBuster-200K-mini/benchmark/real/716b4f20df2ba81bb20bbe03333061a714380a7ae64194c98d4a630ec48db318.mp4,-14.991939544677734,0.9999996916220937,14.991939544677734,4.931558877589163e-06,0,0,0,real
/workspace/data/genbuster-mini/extracted/GenBuster-200K-mini/benchmark/real/71529bff0922e5163a6af904fa5973dcb47a0024cc5e6536b26e8996b41dbce7.mp4,-33.918670654296875,0.9999999999999981,33.918670654296875,-9.467244452796906e-13,0,0,0,real
/workspace/data/genbuster-mini/extracted/GenBuster-200K-mini/benchmark/real/71163b9067e7df401501cf2875f5f18e7688f11059bf12331f62c81e848893cd.mp4,-40.9854850769043,1.0,40.9854850769043,-1.0000450851724442e-12,0,0,0,real
/workspace/data/genbuster-mini/extracted/GenBuster-200K-mini/benchmark/real/70357fd7c10d538fadd94be926cc0c194a148c057bbf304a1f828f2726982366.mp4,-23.186134338378906,0.9999999999148098,23.186134338378906,2.0584281501099304e-09,0,0,0,real
/workspace/data/genbuster-mini/extracted/GenBuster-200K-mini/benchmark/real/6fcdae97f5b5540d7a9aa7bbdfcf04fe0939ae41e68a767ddf0a5c11c6881358.mp4,-22.26500701904297,0.9999999997859919,22.26500701904297,4.976903341172569e-09,0,0,0,real
/workspace/data/genbuster-mini/extracted/GenBuster-200K-mini/benchmark/real/6fa08977969266a74fe21e7ed65cdffa961348b3c90f18bd43fd6181b35ac525.mp4,0.29927483201026917,0.5742652416229248,0.29927483201026917,0.682075607704146,0,1,0,real
/workspace/data/genbuster-mini/extracted/GenBuster-200K-mini/benchmark/real/6e7631f811d4fa63f937f93f2354fbb909d79c12b07d5d7f28c044d10d97377c.mp4,-35.10014343261719,0.9999999999999994,35.10014343261719,-9.836615638696772e-13,0,0,0,real
/workspace/data/genbuster-mini/extracted/GenBuster-200K-mini/benchmark/real/6e6141860ce5f237a10bafdcfbd9b361ce1ad1db69e7692c40e0fc21477faf39.mp4,-33.32551193237305,0.9999999999999967,33.32551193237305,-9.038063425316785e-13,0,0,0,real
/workspace/data/genbuster-mini/extracted/GenBuster-200K-mini/benchmark/real/6e49c9b555f1c90359c1c3c5c1a069dfafe209ba7d41b36a63ba7dd032857b2e.mp4,-8.118372917175293,0.9997020756127313,8.118372917175293,0.002716630036134604,0,0,0,real
/workspace/data/genbuster-mini/extracted/GenBuster-200K-mini/benchmark/real/6e38117d1ec3cdc7d1b6582479ffa4fee7e76dbdbf86974df26365ec7bfd667f.mp4,-30.580150604248047,0.9999999999999476,30.580150604248047,4.970977747148062e-13,0,0,0,real
/workspace/data/genbuster-mini/extracted/GenBuster-200K-mini/benchmark/real/6e2c9d31275f6196534ab51a92fd43a450c70cb5032cb6548d2ae32a48396275.mp4,-9.45278549194336,0.9999215354764601,9.45278549194336,0.0008201759102004513,0,0,0,real
/workspace/data/genbuster-mini/extracted/GenBuster-200K-mini/benchmark/real/6e046fd4c7582f9375bb815bf46633cfe730ce767df6af51a3d9e7bf8c4de80c.mp4,-21.600454330444336,0.9999999995840493,21.600454330444336,9.398677006007776e-09,0,0,0,real
/workspace/data/genbuster-mini/extracted/GenBuster-200K-mini/benchmark/real/6d6f22916a01b311c047e3cb4dfb1359627a05205b4213a140e616201191335b.mp4,-14.237662315368652,0.9999993443659037,14.237662315368652,9.990329185774094e-06,0,0,0,real
/workspace/data/genbuster-mini/extracted/GenBuster-200K-mini/benchmark/real/6d4cf9cbaf4d3de2acf5a75604b6d997ada5ef9d90b0a1008f82058d2c7f43b1.mp4,-9.83717155456543,0.9999465746368514,9.83717155456543,0.0005789812498200839,0,0,0,real
/workspace/data/genbuster-mini/extracted/GenBuster-200K-mini/benchmark/real/6d22e9d6c43856d45db6fda7bc042019c8c76db8f3fa6fd162b5f24c98cfe835.mp4,-12.10821533203125,0.9999944860032883,12.10821533203125,7.227866941502157e-05,0,0,0,real
/workspace/data/genbuster-mini/extracted/GenBuster-200K-mini/benchmark/real/6ce0742306d1eac7bf718d3d432eb1002278bd62ef419922045ea1ffe580878f.mp4,-28.810012817382812,0.9999999999996924,28.810012817382812,7.724164879555493e-12,0,0,0,real
/workspace/data/genbuster-mini/extracted/GenBuster-200K-mini/benchmark/real/6cbc463af5fa3581236528f5f10eeeef7abed79811261888e584f759a76ac02c.mp4,-28.9298038482666,0.9999999999997271,28.9298038482666,6.746474664301992e-12,0,0,0,real
/workspace/data/genbuster-mini/extracted/GenBuster-200K-mini/benchmark/real/6c603f152b9b5f04fbe6ab5e01d5a1016b2bb49008ba4605bac9dde0fc8921a5.mp4,-9.173157691955566,0.9998962225072319,9.173157691955566,0.0010557501788026695,0,0,0,real
/workspace/data/genbuster-mini/extracted/GenBuster-200K-mini/benchmark/real/6c4059c305fb5ed4b5df4808354e7813c2cd1c0014a28e20f304beba47f9a1f7.mp4,-27.875789642333984,0.9999999999992171,27.875789642333984,2.096208238716609e-11,0,0,0,real
/workspace/data/genbuster-mini/extracted/GenBuster-200K-mini/benchmark/real/6bccb1e0b7fb214357f2bef2a96a29c5328d107469a3424f129c6dc37f7f5f1a.mp4,-31.397207260131836,0.9999999999999769,31.397207260131836,-3.381397280812363e-13,0,0,0,real
/workspace/data/genbuster-mini/extracted/GenBuster-200K-mini/benchmark/real/6b27d3914ad5af23ffaa89485ffaeb6754e1854ffe9caa0e5b59f75be3f3cda1.mp4,-17.498502731323242,0.9999999748523862,17.498502731323242,4.6519120407281537e-07,0,0,0,real
/workspace/data/genbuster-mini/extracted/GenBuster-200K-mini/benchmark/real/6b0cb29c9f15d42c658c67667f1d5a8b6995cce217a4e9ca5e0da0d2e3ca6029.mp4,-17.249311447143555,0.9999999677359241,17.249311447143555,5.887951677490467e-07,0,0,0,real
/workspace/data/genbuster-mini/extracted/GenBuster-200K-mini/benchmark/real/6aa2586fa7436cbe5019e20a42daead18f192063d18931821061650f47eb6829.mp4,-34.65666198730469,0.9999999999999991,34.65666198730469,-9.74643123572041e-13,0,0,0,real
/workspace/data/genbuster-mini/extracted/GenBuster-200K-mini/benchmark/real/69a0d985e99dbddccc7827656e823dbc75a64a14c89d07ee40de94df7317ca90.mp4,-8.787816047668457,0.9998474424501183,8.787816047668457,0.0014932168771107735,0,0,0,real
/workspace/data/genbuster-mini/extracted/GenBuster-200K-mini/benchmark/real/698f7d36aa93c73589e300a12632b50dd545736d25a1a902b65e6e2e9c24c589.mp4,-16.025941848754883,0.9999998903466718,16.025941848754883,1.8669492010314623e-06,0,0,0,real
/workspace/data/genbuster-mini/extracted/GenBuster-200K-mini/benchmark/real/6971265352488fd0375b712fde140e55022b8034031bbd345cb05ae80fa99e19.mp4,-14.0294771194458,0.999999192625296,14.0294771194458,1.2134417992432848e-05,0,0,0,real
/workspace/data/genbuster-mini/extracted/GenBuster-200K-mini/benchmark/real/6910b9b8534f2b0230e219a2ef0df283bd642c4dcc2c037137ed05ba4490ba7f.mp4,-12.189251899719238,0.9999949152111185,12.189251899719238,6.706457266146962e-05,0,0,0,real
/workspace/data/genbuster-mini/extracted/GenBuster-200K-mini/benchmark/real/68e8022242cf221b8b8514ca80a80a51404ea3fd1a0f2b066e71e3cb635f5c51.mp4,-6.930459976196289,0.999023403506726,6.930459976196289,0.007745336530316412,0,0,0,real
/workspace/data/genbuster-mini/extracted/GenBuster-200K-mini/benchmark/real/68aeb5e645f17b8cce5a80bdc6088e06ef78aea975937323885cc6a09597b7e7.mp4,-18.134044647216797,0.9999999866806055,18.134044647216797,2.548518883586807e-07,0,0,0,real
/workspace/data/genbuster-mini/extracted/GenBuster-200K-mini/benchmark/real/68970fe2fcb5cec5aa4169a139fa972dd31432301bcf5bc792c8bb2eb4e3d3f1.mp4,-22.664262771606445,0.9999999998564393,22.664262771606445,3.3952630046518928e-09,0,0,0,real
/workspace/data/genbuster-mini/extracted/GenBuster-200K-mini/benchmark/real/67ea0cd284b2b44317e726f47842cccb315ed75f56e97f44240f8d2f095d6973.mp4,-23.935657501220703,0.9999999999597398,23.935657501220703,1.0019269584918748e-09,0,0,0,real
/workspace/data/genbuster-mini/extracted/GenBuster-200K-mini/benchmark/real/67e8385c0ef8cf9946ddbe98a837f533d888af3b14eab9b3a8e5ebb264002cbc.mp4,-7.091422080993652,0.9991684789420106,7.091422080993652,0.006728533741511629,0,0,0,real
/workspace/data/genbuster-mini/extracted/GenBuster-200K-mini/benchmark/real/679e7a23ad8d8be02d22c765d232b6e035447cceafd47c3a12d27b605ae39910.mp4,-23.837677001953125,0.9999999999555953,23.837677001953125,1.100919441592576e-09,0,0,0,real
/workspace/data/genbuster-mini/extracted/GenBuster-200K-mini/benchmark/real/66fd0897305bafc33cd0ac2d339618d82f49d0b725ec8def0a56f9c5d543c347.mp4,-21.00924301147461,0.9999999992487203,21.00924301147461,1.6533098345164548e-08,0,0,0,real
/workspace/data/genbuster-mini/extracted/GenBuster-200K-mini/benchmark/real/66cab03b57372169c07b42753656485f3d1e8aa031a08e473be4f25acdea71c1.mp4,-4.1950764656066895,0.9851541304960847,4.1950764656066895,0.0772367295962198,0,0,0,real
/workspace/data/genbuster-mini/extracted/GenBuster-200K-mini/benchmark/real/65fab7bbfbf59c47b323eee58d84650d2645b74148b152707af3bcfe430070da.mp4,-24.015483856201172,0.9999999999628287,24.015483856201172,9.278715262485991e-10,0,0,0,real
/workspace/data/genbuster-mini/extracted/GenBuster-200K-mini/benchmark/real/65b72d20bedd761f55a019043333cb002dea10756971465e20317ac919996997.mp4,-4.716073513031006,0.9911291440948844,4.716073513031006,0.050746045153061345,0,0,0,real
/workspace/data/genbuster-mini/extracted/GenBuster-200K-mini/benchmark/real/6597d84343af4bdb189ba9dd792db8bce7edeaee8011551eac2962e2edaa71bd.mp4,-15.348183631896973,0.9999997840424157,15.348183631896973,3.530512261013092e-06,0,0,0,real
/workspace/data/genbuster-mini/extracted/GenBuster-200K-mini/benchmark/real/65106f3c882b253a561c1e498803d218f8a88ea84745ea5d9866197db4c8152c.mp4,-20.450057983398438,0.9999999986858266,20.450057983398438,2.8187096755132927e-08,0,0,0,real
/workspace/data/genbuster-mini/extracted/GenBuster-200K-mini/benchmark/real/64f3e1f2f9a2002fa5eff25ab8344fbf140d9256b5a54772fde27c3ec0da2836.mp4,-9.590989112854004,0.9999316628745873,9.590989112854004,0.0007237600790664502,0,0,0,real
/workspace/data/genbuster-mini/extracted/GenBuster-200K-mini/benchmark/real/63e8d0784bc1f3511a278e150f1a0298ff12fd772cfa5827ea92e2b6053e0798.mp4,-15.306805610656738,0.9999997749190754,15.306805610656738,3.670348908666576e-06,0,0,0,real
/workspace/data/genbuster-mini/extracted/GenBuster-200K-mini/benchmark/real/63c9cad21151ca67b8db51fd3c52e981dc7835d4e217e73713ca1f79be13a940.mp4,-22.974754333496094,0.9999999998947575,22.974754333496094,2.521166743658562e-09,0,0,0,real
/workspace/data/genbuster-mini/extracted/GenBuster-200K-mini/benchmark/real/63a5477d09727e994bcf0da5e1bdcd517ae7c595f2e5137b0c77e6dfafe158a4.mp4,-28.968856811523438,0.9999999999997375,28.968856811523438,6.4519582552147385e-12,0,0,0,real
/workspace/data/genbuster-mini/extracted/GenBuster-200K-mini/benchmark/real/638af88dac18cee0f341c859f01f20cd9c99b0c0416fa8ed46243cf8fb730d4b.mp4,-9.573197364807129,0.999930436249997,9.573197364807129,0.0007355136778784871,0,0,0,real
/workspace/data/genbuster-mini/extracted/GenBuster-200K-mini/benchmark/real/6342919db78cb90c264260c72ac16f7a243cfd7be3158696db07a825363000f6.mp4,-45.85212326049805,1.0,45.85212326049805,-1.0000885632379616e-12,0,0,0,real
/workspace/data/genbuster-mini/extracted/GenBuster-200K-mini/benchmark/real/62ab4a73c43894b180457e745edb67a7d5dc6e067f3d64ba89bd22e909adb3aa.mp4,-31.715442657470703,0.9999999999999831,31.715442657470703,-5.183850009159859e-13,0,0,0,real
/workspace/data/genbuster-mini/extracted/GenBuster-200K-mini/benchmark/real/6260fe5096ff9c0f2b3a133cf6e442157a505142222d653c9d373ea065019f38.mp4,-7.573492050170898,0.9994863691390492,7.573492050170898,0.004403742006774767,0,0,0,real
/workspace/data/genbuster-mini/extracted/GenBuster-200K-mini/benchmark/real/6236706664aa3b365bb6bb138290ac4a06b63a98ec0353fb792c92e8cfbf4e51.mp4,-24.71484375,0.9999999999815294,24.71484375,4.729933766760232e-10,0,0,0,real
/workspace/data/genbuster-mini/extracted/GenBuster-200K-mini/benchmark/real/6143816a2e2a805878e6b3a55d312bd65a69b2235ecdd606bccb196e49b0e1cb.mp4,-21.730375289916992,0.9999999996347267,21.730375289916992,8.300800196615771e-09,0,0,0,real
/workspace/data/genbuster-mini/extracted/GenBuster-200K-mini/benchmark/real/6140acfd592497355f949ab732c03e3b6ac327831f3a477bcf6a928d27bc0c9d.mp4,-28.784385681152344,0.9999999999996845,28.784385681152344,7.948493847969959e-12,0,0,0,real
/workspace/data/genbuster-mini/extracted/GenBuster-200K-mini/benchmark/real/61383f2c973fdabb0f036dc5420a3137684dc58b7675662317029dd7806d50f7.mp4,-32.788394927978516,0.9999999999999942,32.788394927978516,-8.352825556111273e-13,0,0,0,real
/workspace/data/genbuster-mini/extracted/GenBuster-200K-mini/benchmark/real/6120e24e19942fbb2d884982d828f895ed1a984d76f0a822a3eef3d68de19b09.mp4,-36.649627685546875,0.9999999999999999,36.649627685546875,-9.965197923272598e-13,0,0,0,real
/workspace/data/genbuster-mini/extracted/GenBuster-200K-mini/benchmark/real/5ff4dd7e5eb3eff9e7279a1421e0a2f913427d7be8e0e435f37aac6e1a365b1d.mp4,-31.770748138427734,0.9999999999999841,31.770748138427734,-5.44268633130224e-13,0,0,0,real
/workspace/data/genbuster-mini/extracted/GenBuster-200K-mini/benchmark/real/5ff202b89289528f40bbf7ab9fe76cccaaaa251aef7037d45549893afc329346.mp4,-22.96377182006836,0.9999999998935953,22.96377182006836,2.5478614373869527e-09,0,0,0,real
/workspace/data/genbuster-mini/extracted/GenBuster-200K-mini/benchmark/real/5fca5b2496504dbed67d32fb98980c15abb6b3eb91120b5b8c8f159399ed9200.mp4,-26.553028106689453,0.9999999999970612,26.553028106689453,7.911147769289488e-11,0,0,0,real
/workspace/data/genbuster-mini/extracted/GenBuster-200K-mini/benchmark/real/5fc9330dee5a32870421a8f15006b4c24b584f1c100b81d229c8a221ac8fc565.mp4,-21.179237365722656,0.9999999993661681,21.179237365722656,1.405590844184461e-08,0,0,0,real
/workspace/data/genbuster-mini/extracted/GenBuster-200K-mini/benchmark/real/5fa84565153d62ce9314f1364978d7cabb686b0703436d1543d1fee2ea0be924.mp4,-34.461605072021484,0.9999999999999989,34.461605072021484,-9.691320674759913e-13,0,0,0,real
/workspace/data/genbuster-mini/extracted/GenBuster-200K-mini/benchmark/real/5fa7e4a829c5f0a6ea922ebd04667691127f6637c20c7e7e67d70c11a1e47009.mp4,-26.665815353393555,0.9999999999973747,26.665815353393555,7.078458005665963e-11,0,0,0,real
/workspace/data/genbuster-mini/extracted/GenBuster-200K-mini/benchmark/real/5f9fab49aee5d0d59dbd4fa2335573ba1a485f64e186c776d120d37eca1251ba.mp4,-20.924549102783203,0.9999999991823192,20.924549102783203,1.7925283710514167e-08,0,0,0,real
/workspace/data/genbuster-mini/extracted/GenBuster-200K-mini/benchmark/real/5f4239acaac273b2f01bb614beeedd750b5b8db4634c7dab9ce581eee37bda41.mp4,-23.336397171020508,0.9999999999266953,23.336397171020508,1.7819776764407236e-09,0,0,0,real
/workspace/data/genbuster-mini/extracted/GenBuster-200K-mini/benchmark/real/5f19f29751a4e7402d8532ec13ace5a67fff38e462bcec02f62b3a815cfceea1.mp4,-37.97441482543945,1.0,37.97441482543945,-9.991990488813096e-13,0,0,0,real
/workspace/data/genbuster-mini/extracted/GenBuster-200K-mini/benchmark/real/5f0ae825b10db91e1b122218f206f12e84323ada3f582360640c168361f10aab.mp4,-25.648677825927734,0.9999999999927403,25.648677825927734,1.9152552006075366e-10,0,0,0,real
/workspace/data/genbuster-mini/extracted/GenBuster-200K-mini/benchmark/real/5e1d3ab4358decdaab305b4ee97d0aee5a5aaf22924b1f1a6319c154fbd3e8bf.mp4,-14.799174308776855,0.9999996260615944,14.799174308776855,5.9079161432838615e-06,0,0,0,real
/workspace/data/genbuster-mini/extracted/GenBuster-200K-mini/benchmark/real/5dce4142967044b1dea5e32b7e6f828b1b2c574b27b56e4471b3fe1c52bd75cc.mp4,-32.36511993408203,0.9999999999999912,32.36511993408203,-7.483972242895578e-13,0,0,0,real
/workspace/data/genbuster-mini/extracted/GenBuster-200K-mini/benchmark/real/5dbe598f9efe018dfed619f22e54d5f885eb48a157ecb571200bb36b034fdde1.mp4,-13.623921394348145,0.9999987888286341,13.623921394348145,1.771207357108339e-05,0,0,0,real
/workspace/data/genbuster-mini/extracted/GenBuster-200K-mini/benchmark/real/5d8ef19c4250cc6ae3b590d380fc2035df830ab324482b4aa9c1ad95b3859d00.mp4,-15.302962303161621,0.9999997740523554,15.302962303161621,3.683613957065924e-06,0,0,0,real
/workspace/data/genbuster-mini/extracted/GenBuster-200K-mini/benchmark/real/5d6098909393138ce382f92202e8f9d6a949dcc26267eb1ada17ad65b383f1a9.mp4,-14.469290733337402,0.9999994799242131,14.469290733337402,8.045201705950614e-06,0,0,0,real
/workspace/data/genbuster-mini/extracted/GenBuster-200K-mini/benchmark/real/5d559bdf00f38bd0d251f98939d66bcdb2a5046df7bf75364caf914d44eb9a44.mp4,-14.675422668457031,0.9999995768008887,14.675422668457031,6.633823017325699e-06,0,0,0,real
/workspace/data/genbuster-mini/extracted/GenBuster-200K-mini/benchmark/real/5d1ea25e1d4c969b616562f3e8c8acae7f76804ae5f67a2fa7e6aabb28218cf8.mp4,-29.71377944946289,0.9999999999998754,29.71377944946289,2.552290401678458e-12,0,0,0,real
/workspace/data/genbuster-mini/extracted/GenBuster-200K-mini/benchmark/real/5d1e59a1cded8c9f2b537f43e86b7ccda7db83e5fab44f0d1fc8fa28f1d2eb1a.mp4,-32.893714904785156,0.9999999999999948,32.893714904785156,-8.516212099905156e-13,0,0,0,real
/workspace/data/genbuster-mini/extracted/GenBuster-200K-mini/benchmark/real/5d0ac82bbe07c48088af1bb918e50d321b48920c98b7ca3de32491a588c31d8d.mp4,-29.02431869506836,0.9999999999997518,29.02431869506836,6.05265534283096e-12,0,0,0,real
/workspace/data/genbuster-mini/extracted/GenBuster-200K-mini/benchmark/real/5ce6c2e085cfebe1294d0f15c45c035fc41c1726fa99496637f173136e3a2490.mp4,-37.44026184082031,1.0,37.44026184082031,-9.98570812617609e-13,0,0,0,real
/workspace/data/genbuster-mini/extracted/GenBuster-200K-mini/benchmark/real/5ce24c267bcfb7d70c7ee20d6d14128f89d63d7bf39dc3e2f31f7bdde209d08d.mp4,-15.178446769714355,0.9999997440917809,15.178446769714355,4.140195520077564e-06,0,0,0,real
/workspace/data/genbuster-mini/extracted/GenBuster-200K-mini/benchmark/real/5cc6a6e464df923bb001c1e282fcdb162ebe05ea6c93c60eba5a81c35c934d6a.mp4,-12.154484748840332,0.999994735319433,12.154484748840332,6.925417246283007e-05,0,0,0,real
/workspace/data/genbuster-mini/extracted/GenBuster-200K-mini/benchmark/real/5c8761dc32321cefd909820c66ef00a324572dbc46c0e9f113b5d22aeb816955.mp4,-17.00227928161621,0.9999999586948753,17.00227928161621,7.43584388113831e-07,0,0,0,real
/workspace/data/genbuster-mini/extracted/GenBuster-200K-mini/benchmark/real/5c697f432e170cbf51d82b024e3ee7eccced9b1430c7ac315adff90a93c6a9fa.mp4,-31.138317108154297,0.99999999999997,31.138317108154297,-1.4267923549395365e-13,0,0,0,real
/workspace/data/genbuster-mini/extracted/GenBuster-200K-mini/benchmark/real/5c5ac1f05afb53b9d9a44c0af3008858ece4dc024dc5d5154baee5fb164246f2.mp4,-19.737751007080078,0.9999999973208091,19.737751007080078,5.555839333791058e-08,0,0,0,real
/workspace/data/genbuster-mini/extracted/GenBuster-200K-mini/benchmark/real/5b634f213bf5ad9bbdc98767ab46dc5ad9c636086783d0aa314620b7c78319ed.mp4,-12.468466758728027,0.9999961539756441,12.468466758728027,5.180005648364201e-05,0,0,0,real
/workspace/data/genbuster-mini/extracted/GenBuster-200K-mini/benchmark/real/5b384c2526ce8ab3b02379323f4a9758b6ebcf7823a1a22a7096b8b5f3dcfd6d.mp4,-18.776546478271484,0.9999999929943337,18.776546478271484,1.3854588514595316e-07,0,0,0,real
/workspace/data/genbuster-mini/extracted/GenBuster-200K-mini/benchmark/real/5b138557f45038b514b4d53cc9ca5255a72b89e077dae39fef5ee7c1b1d51133.mp4,-3.578770875930786,0.9728478342294693,3.578770875930786,0.12469897713876398,0,0,0,real
/workspace/data/genbuster-mini/extracted/GenBuster-200K-mini/benchmark/real/5a77d477f875393927c8684cd686415d0362172603fed68ddeec97087652962a.mp4,-32.483245849609375,0.9999999999999922,32.483245849609375,-7.765527496397487e-13,0,0,0,real
/workspace/data/genbuster-mini/extracted/GenBuster-200K-mini/benchmark/real/59d57ef44ee46fc38481061da723f4dc6d7ddcff072e5ccdd8ac56c5c4d1af79.mp4,-31.404163360595703,0.999999999999977,31.404163360595703,-3.425646376060477e-13,0,0,0,real
/workspace/data/genbuster-mini/extracted/GenBuster-200K-mini/benchmark/real/59c1ae39341de5940de1ae5ed4d99dd820fb30cc7ad5119798bd44698287004d.mp4,-21.810890197753906,0.9999999996629838,21.810890197753906,7.685640271926237e-09,0,0,0,real
/workspace/data/genbuster-mini/extracted/GenBuster-200K-mini/benchmark/real/599ecc4b21e60d73553459ac494d95eed3bbeed96af69d72df577d8f71a00bec.mp4,-16.652618408203125,0.9999999414051146,16.652618408203125,1.0343511516833704e-06,0,0,0,real
/workspace/data/genbuster-mini/extracted/GenBuster-200K-mini/benchmark/real/58a57d2270ded31bef64396d8d3ff8afcd6e7977491304d7e7ee83356f734cd2.mp4,-34.72050857543945,0.9999999999999991,34.72050857543945,-9.76161991091453e-13,0,0,0,real
/workspace/data/genbuster-mini/extracted/GenBuster-200K-mini/benchmark/real/58a4092951bdea569b527ba52854e12615289d9b4ae25df3cc4f5ea2093e93ae.mp4,-16.816516876220703,0.9999999502630104,16.816516876220703,8.861379163469565e-07,0,0,0,real
/workspace/data/genbuster-mini/extracted/GenBuster-200K-mini/benchmark/real/589cd21f6032690aaa668ca8f19237c2ec6c38da7a1270ba719772e0d2465c5f.mp4,-17.1055965423584,0.9999999627493601,17.1055965423584,6.744430628028054e-07,0,0,0,real
/workspace/data/genbuster-mini/extracted/GenBuster-200K-mini/benchmark/real/5894eca7199fa314219a3769ca57f70c2c9518c3ed1e6d4b345c7307861cbd6f.mp4,-25.044719696044922,0.9999999999867194,25.044719696044922,3.4392446365361644e-10,0,0,0,real
/workspace/data/genbuster-mini/extracted/GenBuster-200K-mini/benchmark/real/586464c9b93d980c8b9cc8b2bf77fb6a4bdb781c9cd6366127c2b83b0f33d6c2.mp4,-24.715450286865234,0.9999999999815407,24.715450286865234,4.727165839109344e-10,0,0,0,real
/workspace/data/genbuster-mini/extracted/GenBuster-200K-mini/benchmark/real/57f62a7ae86509413c305d271e3573d0b6ad37031d6901f945e07c8798da8df0.mp4,-20.54376792907715,0.9999999988033836,20.54376792907715,2.5777625671506803e-08,0,0,0,real
/workspace/data/genbuster-mini/extracted/GenBuster-200K-mini/benchmark/real/57e339227d379183a826f379a632a21d981bd4f594278dc368b4d2ef0bba989f.mp4,-34.84670639038086,0.9999999999999992,34.84670639038086,-9.788933809140843e-13,0,0,0,real
/workspace/data/genbuster-mini/extracted/GenBuster-200K-mini/benchmark/real/578f8716af70edf0d86fd451722f5b85cb1d27635aaea223882c53d6626162d3.mp4,-28.994897842407227,0.9999999999997443,28.994897842407227,6.261858693617558e-12,0,0,0,real
/workspace/data/genbuster-mini/extracted/GenBuster-200K-mini/benchmark/real/57899de84fd59dd67e095a4c9c36781b034378b490fc043dc17795ffc76048b8.mp4,-30.829259872436523,0.9999999999999591,30.829259872436523,1.67419779765234e-13,0,0,0,real
/workspace/data/genbuster-mini/extracted/GenBuster-200K-mini/benchmark/real/56b4f0712e10b7b02439a743a8aff438ad324b7e086ec169cbce60143d29c15b.mp4,-22.692974090576172,0.9999999998605025,22.692974090576172,3.303115753116112e-09,0,0,0,real
/workspace/data/genbuster-mini/extracted/GenBuster-200K-mini/benchmark/real/56a3d61c42815ce1e0e97ba4d9b041dbc4e0441f4052d6148f3a62d78f682d02.mp4,3.498276710510254,0.9706386923789978,3.498276710510254,0.13251495264218108,0,1,0,real
/workspace/data/genbuster-mini/extracted/GenBuster-200K-mini/benchmark/real/56409ce660653a10501f7474009217be25b7f16e9b26a7117edd91d10dd7d321.mp4,-16.254371643066406,0.9999999127398382,16.254371643066406,1.5056172719551282e-06,0,0,0,real
/workspace/data/genbuster-mini/extracted/GenBuster-200K-mini/benchmark/real/55fe4a1b4ed3c71239d077655a507f80c7b2052bd9682e85678542d6928b369d.mp4,-16.624019622802734,0.9999999397051766,16.624019622802734,1.0626351459221323e-06,0,0,0,real
/workspace/data/genbuster-mini/extracted/GenBuster-200K-mini/benchmark/real/55f90b043cac4ba5b1d9ffab342c73ec199f1d335000aa1486c01583c995c38a.mp4,-16.822975158691406,0.999999950583188,16.822975158691406,8.807526105121797e-07,0,0,0,real
/workspace/data/genbuster-mini/extracted/GenBuster-200K-mini/benchmark/real/55ec087c9326222ca3139cd25dd3c8c001e88e879b640bbf7fa57c86a77264cc.mp4,-29.22918701171875,0.9999999999997977,29.22918701171875,4.753782035712487e-12,0,0,0,real
/workspace/data/genbuster-mini/extracted/GenBuster-200K-mini/benchmark/real/55a18ab1b107d40ed1577ced4fbb6ab85b224865e5fdcaafb79c38aca76f8ba4.mp4,-29.460102081298828,0.9999999999998395,29.460102081298828,3.5730072270383123e-12,0,0,0,real
/workspace/data/genbuster-mini/extracted/GenBuster-200K-mini/benchmark/real/559793d33cce9485c75b3c5163bb7d3b36e09718fb1e15d883b0e87aad9aded4.mp4,-25.075847625732422,0.9999999999871265,25.075847625732422,3.33725191624428e-10,0,0,0,real
/workspace/data/genbuster-mini/extracted/GenBuster-200K-mini/benchmark/real/558fbdf645f66a4c41f7ad8cba711d55f42033142b5114c19085aa046aa709a4.mp4,-29.95416831970215,0.9999999999999021,29.95416831970215,1.795544093864955e-12,0,0,0,real
/workspace/data/genbuster-mini/extracted/GenBuster-200K-mini/benchmark/real/5570b2e3e18f5333a8e526fe9516655fad1fb409d771ce1735293361a7523df5.mp4,-32.89835739135742,0.9999999999999949,32.89835739135742,-8.525061121851895e-13,0,0,0,real
/workspace/data/genbuster-mini/extracted/GenBuster-200K-mini/benchmark/real/54358fc3e6646c7e07a34bab10832bd743da68ad641d7e11d9ce0289eb58bf61.mp4,-16.770376205444336,0.9999999479143433,16.770376205444336,9.255797139944441e-07,0,0,0,real
/workspace/data/genbuster-mini/extracted/GenBuster-200K-mini/benchmark/real/541d0885dbbe3911c93c567294c68dfb2ca59a8cb4d2e5c37cb37c5e5f0fa8e1.mp4,-22.300012588500977,0.9999999997933537,22.300012588500977,4.812863405292371e-09,0,0,0,real
/workspace/data/genbuster-mini/extracted/GenBuster-200K-mini/benchmark/real/540db36a3444c10d74799843cee19ee1ae29c1d6bb70e432de6c86b749557c4c.mp4,-20.551483154296875,0.9999999988125803,20.551483154296875,2.5588656534278884e-08,0,0,0,real
/workspace/data/genbuster-mini/extracted/GenBuster-200K-mini/benchmark/real/53cbe736ab7b67b7870ad10945e8daa33e7b6abf3cc612e36b59b0e3e3a4dc0d.mp4,-24.346195220947266,0.9999999999732957,24.346195220947266,6.748715878534753e-10,0,0,0,real
/workspace/data/genbuster-mini/extracted/GenBuster-200K-mini/benchmark/real/53a391412acee385cccbd21ad38852f31ad88cd11a23532d3834049fdf887ba3.mp4,-11.857491493225098,0.9999929147729745,11.857491493225098,9.109826976022178e-05,0,0,0,real
/workspace/data/genbuster-mini/extracted/GenBuster-200K-mini/benchmark/real/536428bfea9b961e0e777a884a6487cb70f3a9d87eb76f032ca79ea4e6b8dbb3.mp4,-16.964675903320312,0.9999999571120917,16.964675903320312,7.704653727272894e-07,0,0,0,real
/workspace/data/genbuster-mini/extracted/GenBuster-200K-mini/benchmark/real/53630ce79d238304d144406b33f9a3873dc106fbeceddce4bcea8e8deae80914.mp4,-41.03315353393555,1.0,41.03315353393555,-1.0000471247821091e-12,0,0,0,real
/workspace/data/genbuster-mini/extracted/GenBuster-200K-mini/benchmark/real/533720df799c02a5409a878a9c6cbba91f4c282c18087310617536abadb064b2.mp4,-39.42655944824219,1.0,39.42655944824219,-9.998806147977483e-13,0,0,0,real
/workspace/data/genbuster-mini/extracted/GenBuster-200K-mini/benchmark/real/52fefcf478488970b2ef9a1fb713f2718c054828885e07732760605a1b658d41.mp4,-25.950469970703125,0.9999999999946315,25.950469970703125,1.4276693894001148e-10,0,0,0,real
/workspace/data/genbuster-mini/extracted/GenBuster-200K-mini/benchmark/real/527fb1f96e07467405801e7b8faf7573b4c4cbb6631cdf38aebf17a92b204c0e.mp4,-32.751365661621094,0.999999999999994,32.751365661621094,-8.290625608618097e-13,0,0,0,real
/workspace/data/genbuster-mini/extracted/GenBuster-200K-mini/benchmark/real/51e6d06c2ef9adcdef864724d58e7fc180b67e9b7e6a5c983ccb6b6ccb31b958.mp4,-29.60466194152832,0.999999999999861,29.60466194152832,2.9601644203924835e-12,0,0,0,real
/workspace/data/genbuster-mini/extracted/GenBuster-200K-mini/benchmark/real/5192a267fe658c3912fc67e8aefe7c7aaf46513a633eb58adb891c24e044b26e.mp4,-37.92061996459961,1.0,37.92061996459961,-9.991498685232935e-13,0,0,0,real
/workspace/data/genbuster-mini/extracted/GenBuster-200K-mini/benchmark/real/518aa5b7dcc76612364aae4c17a7cc61d9ba2cf61bd9abc945a5e6f0990989f5.mp4,-39.41477966308594,1.0,39.41477966308594,-9.998781467563953e-13,0,0,0,real
/workspace/data/genbuster-mini/extracted/GenBuster-200K-mini/benchmark/real/517a385478f0935ddcd52dc148ce10d95ea439f16481f1e3e443df78f70beaaf.mp4,-38.09138870239258,1.0,38.09138870239258,-9.99297280892497e-13,0,0,0,real
/workspace/data/genbuster-mini/extracted/GenBuster-200K-mini/benchmark/real/516f17e2fb50475a4942a7e304737acc648592a629b309e259430de02bba46e4.mp4,-26.42786979675293,0.9999999999966694,26.42786979675293,8.947667674429663e-11,0,0,0,real
/workspace/data/genbuster-mini/extracted/GenBuster-200K-mini/benchmark/real/516dcd0bd1b8d42590295e76f75e45285a55592e59cbc1153ec85973a981f747.mp4,-31.851238250732422,0.9999999999999853,31.851238250732422,-5.795979384416565e-13,0,0,0,real
/workspace/data/genbuster-mini/extracted/GenBuster-200K-mini/benchmark/real/51447a4a06ff8edf6c01a5931901a9958ba4a787bdcd9a484d9425baeaedc69a.mp4,-10.851581573486328,0.999980626433171,10.851581573486328,0.00022960759347496242,0,0,0,real
/workspace/data/genbuster-mini/extracted/GenBuster-200K-mini/benchmark/real/5139a2f32188bb37dc4e95465209fb71d3941a396b3ba73a814515ddae99b2c9.mp4,-29.63103485107422,0.9999999999998647,29.63103485107422,2.8575815687990782e-12,0,0,0,real
/workspace/data/genbuster-mini/extracted/GenBuster-200K-mini/benchmark/real/50fc4e70d6f0d57a361f024f2d639edd648f39f1d353dc7474b8bb3c925893b5.mp4,-35.46058654785156,0.9999999999999996,35.46058654785156,-9.886533955310467e-13,0,0,0,real
/workspace/data/genbuster-mini/extracted/GenBuster-200K-mini/benchmark/real/50f7fcd889e08d47a237fcbd02d6173380965515c48b321a5bac321fd281a402.mp4,-21.12215805053711,0.999999999328937,21.12215805053711,1.4843362183115745e-08,0,0,0,real
/workspace/data/genbuster-mini/extracted/GenBuster-200K-mini/benchmark/real/50e3284c77244dbad7ec96ed369ad031b53f3df477970bedb9e98764337424b1.mp4,-16.82529067993164,0.9999999506974824,16.82529067993164,8.788297072030552e-07,0,0,0,real
/workspace/data/genbuster-mini/extracted/GenBuster-200K-mini/benchmark/real/50bebe92a9660b8e2fa617ff6693d10d9dd5fbdee8852c67218790ecf2655932.mp4,-19.74054527282715,0.9999999973282849,19.74054527282715,5.541082746410233e-08,0,0,0,real
/workspace/data/genbuster-mini/extracted/GenBuster-200K-mini/benchmark/real/506e3a71eed8e76ddcaf677c0251f346d588bc0885bc509d99699dfa8d1ad545.mp4,-14.687291145324707,0.9999995817939293,14.687291145324707,6.560518464299956e-06,0,0,0,real
/workspace/data/genbuster-mini/extracted/GenBuster-200K-mini/benchmark/real/506c8eb1563a81e1d0ff438a901496f3d3e6e92309fe661310890081abc146f5.mp4,-28.541109085083008,0.9999999999995975,28.541109085083008,1.0387513484962477e-11,0,0,0,real
/workspace/data/genbuster-mini/extracted/GenBuster-200K-mini/benchmark/real/4fab469ca798ff9e7ef5c727b5aaa3f77912c2b4818e766006cb5bab36c4830e.mp4,-21.82929229736328,0.9999999996691289,21.82929229736328,7.55155416947285e-09,0,0,0,real
/workspace/data/genbuster-mini/extracted/GenBuster-200K-mini/benchmark/real/4f9b6152b0f7c0b80373fbf276ea26a5e673e6f7e3edd2e0d63f5c385cf770ca.mp4,-29.072914123535156,0.9999999999997635,29.072914123535156,5.720366277852252e-12,0,0,0,real
/workspace/data/genbuster-mini/extracted/GenBuster-200K-mini/benchmark/real/4f9063ec15e3aeeb4c366b053282f778c0c9f02f90ad9ecac7e485d93b207aca.mp4,-29.279830932617188,0.9999999999998077,29.279830932617188,4.471241389255857e-12,0,0,0,real
/workspace/data/genbuster-mini/extracted/GenBuster-200K-mini/benchmark/real/4f06d31c1e99ae7f64f4678822ecc9127290603ca29fbf8fc63325c8b10093cc.mp4,-28.874601364135742,0.9999999999997117,28.874601364135742,7.182694725986691e-12,0,0,0,real
/workspace/data/genbuster-mini/extracted/GenBuster-200K-mini/benchmark/real/4ee9268e9c2e8c0c656aade80fdc2b0f42c45c2a2d39378d54a997b9cf94574c.mp4,-18.387022018432617,0.9999999896576854,18.387022018432617,2.0050468145557375e-07,0,0,0,real
/workspace/data/genbuster-mini/extracted/GenBuster-200K-mini/benchmark/real/4ec147eec3afbaefe6dffbe9d598fdd640a2292b6e50965246a88829e1c6be20.mp4,-12.767942428588867,0.9999971492979967,12.767942428588867,3.9248303119977667e-05,0,0,0,real
/workspace/data/genbuster-mini/extracted/GenBuster-200K-mini/benchmark/real/4ea31e9fa1df7e4ea5186831984012b11a6c1b6baffe246aa58f9aa3b685ae4b.mp4,-19.156047821044922,0.9999999952067053,19.156047821044922,9.661187641038787e-08,0,0,0,real
/workspace/data/genbuster-mini/extracted/GenBuster-200K-mini/benchmark/real/4e954e2e7e64dfcc777763c5824a46d61b08e213ef430ef7b6233ced1183fad9.mp4,-20.56422233581543,0.999999998827611,20.56422233581543,2.5279656706831132e-08,0,0,0,real
/workspace/data/genbuster-mini/extracted/GenBuster-200K-mini/benchmark/real/4e68363062d51c25b56d88cd5e190978b3d5e44611dea3e1d37051b8d3fdcb4d.mp4,-36.26058578491211,0.9999999999999998,36.26058578491211,-9.94928051761014e-13,0,0,0,real
/workspace/data/genbuster-mini/extracted/GenBuster-200K-mini/benchmark/real/4e4c5bfc2ac9599bd4b77d5f0b2b9ab7ee0a13923239a218278dcf581f8c6712.mp4,-22.183753967285156,0.9999999997678771,22.183753967285156,5.379482774646553e-09,0,0,0,real
/workspace/data/genbuster-mini/extracted/GenBuster-200K-mini/benchmark/real/4e3b3248084abfdc840702e63ac52a527b90ca13d5fb6e37f4a353cbba0122ba.mp4,-28.086063385009766,0.9999999999993656,28.086063385009766,1.6852311928374924e-11,0,0,0,real
/workspace/data/genbuster-mini/extracted/GenBuster-200K-mini/benchmark/real/4e03a2d0f1874e2309e160e870c7e04d7c4a100b54e4a9f8f9251c43f3a5606e.mp4,-16.654735565185547,0.9999999415290439,16.654735565185547,1.0322872730097573e-06,0,0,0,real
/workspace/data/genbuster-mini/extracted/GenBuster-200K-mini/benchmark/real/4dedb36e0049cf6aef63af724129a9d53df0cf47ed6a6bb82c6ead2fb4a1a7b3.mp4,-27.52212905883789,0.999999999998885,27.52212905883789,3.0089517854556706e-11,0,0,0,real
/workspace/data/genbuster-mini/extracted/GenBuster-200K-mini/benchmark/real/4dec05b44c775e49143b068383cd0ed91fcaecf99416627551c809ad5dfc05f0.mp4,-45.79560470581055,1.0,45.79560470581055,-1.000088543622714e-12,0,0,0,real
/workspace/data/genbuster-mini/extracted/GenBuster-200K-mini/benchmark/real/4db937b8ef537b959c7cf6e150a4ac9c818a084d22b6872b23378c274ed2e153.mp4,-36.251609802246094,0.9999999999999998,36.251609802246094,-9.948835218397845e-13,0,0,0,real
/workspace/data/genbuster-mini/extracted/GenBuster-200K-mini/benchmark/real/4d9745b53a306896c6dfa43aa772b2cef284767751679e069bfa7f4f5881152c.mp4,-18.382360458374023,0.9999999896093614,18.382360458374023,2.0139310340331885e-07,0,0,0,real
/workspace/data/genbuster-mini/extracted/GenBuster-200K-mini/benchmark/real/4d973be77026f6c3601f3d0791f04a0520220ce79ec630b1773ac2ea86d40eb5.mp4,-28.925235748291016,0.9999999999997259,28.925235748291016,6.7817560166646235e-12,0,0,0,real
/workspace/data/genbuster-mini/extracted/GenBuster-200K-mini/benchmark/real/4d7448e81de56fb9a5f97607c0dad4f7340297a5e220f3e593337252577e0d32.mp4,-14.126832962036133,0.99999926752281,14.126832962036133,1.108005832758551e-05,0,0,0,real
/workspace/data/genbuster-mini/extracted/GenBuster-200K-mini/benchmark/real/4d106b7874516b74c406f281e4659d48c2aac1c3411f4cb47f2f01366908d89f.mp4,-21.223323822021484,0.9999999993935045,21.223323822021484,1.3476346041412364e-08,0,0,0,real
/workspace/data/genbuster-mini/extracted/GenBuster-200K-mini/benchmark/real/4cea7c80eb4fad37315f08519f52415a3f5392d97c3ac1501d0f3aa7fdc8a16e.mp4,-22.256052017211914,0.9999999997840668,22.256052017211914,5.01975576664681e-09,0,0,0,real
/workspace/data/genbuster-mini/extracted/GenBuster-200K-mini/benchmark/real/4cb623fa370be3d2ff5d7199c1e22a4990e32bc65536c4d660dfb5aba4d07e7c.mp4,-24.259511947631836,0.9999999999708775,24.259511947631836,7.336355697014463e-10,0,0,0,real
/workspace/data/genbuster-mini/extracted/GenBuster-200K-mini/benchmark/real/4ba8e3dd434195a6fbb6871f9102eb0a2f49da5c24292799bd0cd354257961f9.mp4,-29.64175796508789,0.9999999999998661,29.64175796508789,2.816496735321697e-12,0,0,0,real
/workspace/data/genbuster-mini/extracted/GenBuster-200K-mini/benchmark/real/4b2baf4e4cce1526d1c7f357b8bd401fb4173dcc53df5e98a6cf2edcd504d681.mp4,-22.108264923095703,0.999999999749676,22.108264923095703,5.782556164144361e-09,0,0,0,real
/workspace/data/genbuster-mini/extracted/GenBuster-200K-mini/benchmark/real/4b291ab13bbde956f9cfe7cf6d0ffda7de8ea8778ad877f19834cc344b0cbc74.mp4,-35.11676025390625,0.9999999999999994,35.11676025390625,-9.839212965683064e-13,0,0,0,real
/workspace/data/genbuster-mini/extracted/GenBuster-200K-mini/benchmark/real/4b17d1e578c451b9b6415602ca2dfbfb78cc0072e6a4418122ea5c22b30d9b0d.mp4,-8.537215232849121,0.9998040030041011,8.537215232849121,0.0018692847382621742,0,0,0,real
/workspace/data/genbuster-mini/extracted/GenBuster-200K-mini/benchmark/real/4ab97bf15dc58bf5a4fd4fba90a526df06bdb46eb02e9ac87ad8ef9addfcf145.mp4,-25.23238182067871,0.9999999999889918,25.23238182067871,2.8681382816210566e-10,0,0,0,real
/workspace/data/genbuster-mini/extracted/GenBuster-200K-mini/benchmark/real/4a85b87f9cdb104d94c4d3f669e9f9344380334cd6fc95cf2b8e231840be0cf5.mp4,-11.591635704040527,0.9999907570081632,11.591635704040527,0.00011638442660973394,0,0,0,real
/workspace/data/genbuster-mini/extracted/GenBuster-200K-mini/benchmark/real/4a423be3de161d023475d307cf01a34835667ae92d4fdcb9fa507afe0ba2f23b.mp4,-11.982394218444824,0.9999937466955089,11.982394218444824,8.118288189617461e-05,0,0,0,real
/workspace/data/genbuster-mini/extracted/GenBuster-200K-mini/benchmark/real/49edee64675b96506da683b2bd7640821e69d4bb5662c54b736e0e8b08e8c4a3.mp4,-36.94368362426758,0.9999999999999999,36.94368362426758,-9.973725048326994e-13,0,0,0,real
/workspace/data/genbuster-mini/extracted/GenBuster-200K-mini/benchmark/real/49ac17fd8fd03503032ec7cd9faabf532c905fb1e5c150257ca60182d2bddb1f.mp4,-27.876611709594727,0.9999999999992177,27.876611709594727,2.0944295191895277e-11,0,0,0,real
/workspace/data/genbuster-mini/extracted/GenBuster-200K-mini/benchmark/real/498b76398e3efb0f04caaa643595c5335c1f11a21065a66d43faff6704da23e3.mp4,-22.074298858642578,0.9999999997410274,22.074298858642578,5.973612995946322e-09,0,0,0,real
/workspace/data/genbuster-mini/extracted/GenBuster-200K-mini/benchmark/real/48beda5b988bb36a2d8c310c8902d88a046e9ce68de29334a33bfcbfee24da9b.mp4,-19.325119018554688,0.999999995952308,19.325119018554688,8.226782090691122e-08,0,0,0,real
/workspace/data/genbuster-mini/extracted/GenBuster-200K-mini/benchmark/real/4842b20a5ceaed400c17915cf1163b895d762fdab4401a1ec48bb89c82e1175f.mp4,-32.01328659057617,0.9999999999999875,32.01328659057617,-6.422822848382184e-13,0,0,0,real
/workspace/data/genbuster-mini/extracted/GenBuster-200K-mini/benchmark/real/48423dffde828f6d0b3e02bc53d57128c12f99f482b601d223912d0125a7cb2e.mp4,-41.95304870605469,1.0,41.95304870605469,-1.0000722503862684e-12,0,0,0,real
/workspace/data/genbuster-mini/extracted/GenBuster-200K-mini/benchmark/real/4840050212559552f80c44c9644c6bda8dabb2702591346ade8026446dbf6684.mp4,-15.411622047424316,0.9999997973169172,15.411622047424316,3.3263561695176974e-06,0,0,0,real
/workspace/data/genbuster-mini/extracted/GenBuster-200K-mini/benchmark/real/47c6400a0b595c3b027ad94be029332676f48268168ed8a4c2bc5480acc3b017.mp4,-30.30950355529785,0.9999999999999314,30.30950355529785,9.613096056003838e-13,0,0,0,real
/workspace/data/genbuster-mini/extracted/GenBuster-200K-mini/benchmark/real/47b6e5104b5334411b5a267ee8b05eea0642be8272d80162bd552dc1b5110a31.mp4,-21.585430145263672,0.9999999995777529,21.585430145263672,9.534635412120474e-09,0,0,0,real
/workspace/data/genbuster-mini/extracted/GenBuster-200K-mini/benchmark/real/47a14fc2ae4ea5447a514fddeeb3ef075f597f1b154f1081a86868359cf54330.mp4,-14.069546699523926,0.9999992243368183,14.069546699523926,1.1688890824850811e-05,0,0,0,real
/workspace/data/genbuster-mini/extracted/GenBuster-200K-mini/benchmark/real/46b2e1d5c9497fc0cba8dfea98930424f01cb9b5f0aed2f3170ca951113a6ac2.mp4,-23.477161407470703,0.9999999999363207,23.477161407470703,1.5566964011489407e-09,0,0,0,real
/workspace/data/genbuster-mini/extracted/GenBuster-200K-mini/benchmark/real/46b15e139b00f856ef5a70d125db1b1a7e0aef31955de97a184a91681efc40c3.mp4,-32.61539840698242,0.9999999999999931,32.61539840698242,-8.041444152374892e-13,0,0,0,real
/workspace/data/genbuster-mini/extracted/GenBuster-200K-mini/benchmark/real/463dd6774d6018e6d52cbfa24132d8a680043767b1747d5e8f419b4f4078df65.mp4,-8.286513328552246,0.9997481722384691,8.286513328552246,0.002338633576419152,0,0,0,real
/workspace/data/genbuster-mini/extracted/GenBuster-200K-mini/benchmark/real/45b5e0289beac97074f1f3127031f7c9c024d99d5c9762c37c19b02ccecb5661.mp4,-30.819955825805664,0.9999999999999588,30.819955825805664,1.78380151928243e-13,0,0,0,real
/workspace/data/genbuster-mini/extracted/GenBuster-200K-mini/benchmark/real/459e81c55969c6411b6053a8bac69a4f3bac62b84a0e6c5cc508fc9e83714076.mp4,-27.026716232299805,0.99999999999817,27.026716232299805,4.9490533846801116e-11,0,0,0,real
/workspace/data/genbuster-mini/extracted/GenBuster-200K-mini/benchmark/real/454f49fdfb54b6b9a591d04fdfdc73c05376440001fc22b44f9346e36b1b1828.mp4,-23.10447883605957,0.9999999999075616,23.10447883605957,2.226184605994223e-09,0,0,0,real
/workspace/data/genbuster-mini/extracted/GenBuster-200K-mini/benchmark/real/450909ce40ac8333fe969b570602a5c953e02a621d617dcafff5ef8839729875.mp4,-10.077397346496582,0.9999579831310257,10.077397346496582,0.0004654384341983871,0,0,0,real
/workspace/data/genbuster-mini/extracted/GenBuster-200K-mini/benchmark/real/44da4bcc1934b80733cf98f7194b69812e482fa2d542a0fe5115ea19041b617d.mp4,-30.632877349853516,0.9999999999999503,30.632877349853516,4.2035529803650784e-13,0,0,0,real
/workspace/data/genbuster-mini/extracted/GenBuster-200K-mini/benchmark/real/444ab1f0fda68150a1b4b852547d40a148ade93d173bf86c84fbad5571e29ba0.mp4,-20.96109962463379,0.9999999992116663,20.96109962463379,1.731067625259616e-08,0,0,0,real
/workspace/data/genbuster-mini/extracted/GenBuster-200K-mini/benchmark/real/43d09f1f1805c009e67b890f50d6ec6ab1179c6f00412f061269b018f42d99a5.mp4,-24.776805877685547,0.9999999999826392,24.776805877685547,4.4553389312344456e-10,0,0,0,real
/workspace/data/genbuster-mini/extracted/GenBuster-200K-mini/benchmark/real/43b0f816e5f16daf02ffc1709830ec3451a512f125c438bd1acbfef196619cc5.mp4,-28.74756622314453,0.9999999999996726,28.74756622314453,8.281340141439079e-12,0,0,0,real
/workspace/data/genbuster-mini/extracted/GenBuster-200K-mini/benchmark/real/433b7f777d4bb8174a71ca3c3446aec95cf6491bd7f0bfa16c0a21e771ecfe93.mp4,-21.284711837768555,0.9999999994296163,21.284711837768555,1.2708837011414529e-08,0,0,0,real
/workspace/data/genbuster-mini/extracted/GenBuster-200K-mini/benchmark/real/42f66de4f8a8ba654f78dd138b45079e7a6a8beec702f7600125f13426f7f750.mp4,-30.135644912719727,0.9999999999999183,30.135644912719727,1.332835637529096e-12,0,0,0,real
/workspace/data/genbuster-mini/extracted/GenBuster-200K-mini/benchmark/real/42f04b0a3075fd9c89621adf57a54e224ad3ad846ab46ff1bed6d7bbc17fca4c.mp4,-36.25255584716797,0.9999999999999998,36.25255584716797,-9.948882344706867e-13,0,0,0,real
/workspace/data/genbuster-mini/extracted/GenBuster-200K-mini/benchmark/real/42ea64077e3ab3565b0ac3edd6d197a9c4d86cda0a7f64fa5eeeb4d2347ef325.mp4,-32.898311614990234,0.9999999999999949,32.898311614990234,-8.524995847899572e-13,0,0,0,real
/workspace/data/genbuster-mini/extracted/GenBuster-200K-mini/benchmark/real/42e372d2b3aaa90cade5e465bf54e13f3b08a1d02527add7ce4b60be25cc5120.mp4,-23.04312515258789,0.9999999999017126,23.04312515258789,2.361141609519844e-09,0,0,0,real
/workspace/data/genbuster-mini/extracted/GenBuster-200K-mini/benchmark/real/4290698b7797b61d80fdccf7e0830c0a490c7936ce8a1ff3a27e61c28d31a318.mp4,-6.8835649490356445,0.9989765632199124,6.8835649490356445,0.008068854407624776,0,0,0,real
/workspace/data/genbuster-mini/extracted/GenBuster-200K-mini/benchmark/real/427472a2af89df954ed886f328d9ffb7333d85d09226595ad97480bfc809d929.mp4,-21.118812561035156,0.9999999993266881,21.118812561035156,1.4890858240196832e-08,0,0,0,real
/workspace/data/genbuster-mini/extracted/GenBuster-200K-mini/benchmark/real/4267a4dbb1c58591dbe92ef49f833007684fe36c8d4e4501b4ae9317ff7200a6.mp4,-26.032854080200195,0.9999999999950561,26.032854080200195,1.3173868441165056e-10,0,0,0,real
/workspace/data/genbuster-mini/extracted/GenBuster-200K-mini/benchmark/real/42444456e69b4f86cf198ab07ce3cc03408008349bea0f1ed89c2fc1e2c4686f.mp4,-18.822294235229492,0.9999999933076058,18.822294235229492,1.326566063646803e-07,0,0,0,real
/workspace/data/genbuster-mini/extracted/GenBuster-200K-mini/benchmark/real/4222cdfd1bcd83828e0e935e4311397a602804226aa96314c4761a1618439ebe.mp4,-16.581092834472656,0.9999999370605579,16.581092834472656,1.106542171020456e-06,0,0,0,real
/workspace/data/genbuster-mini/extracted/GenBuster-200K-mini/benchmark/real/41c1accfb10045707a9a26d2ae3c048b43f61515ae3b9321c5b583bd478f2052.mp4,-18.416675567626953,0.9999999899598677,18.416675567626953,1.949439909765812e-07,0,0,0,real
/workspace/data/genbuster-mini/extracted/GenBuster-200K-mini/benchmark/real/41b0a3615d9b2d25b7283e5c8154700113d6a7a4e894a87b297f26a4b04319fc.mp4,-30.045373916625977,0.9999999999999106,30.045373916625977,1.5526453349563647e-12,0,0,0,real
/workspace/data/genbuster-mini/extracted/GenBuster-200K-mini/benchmark/real/4101bff79071683cf1db10d3383db8f865e867f112884daa5c5bbd8c5970d54e.mp4,-5.173388481140137,0.9943665759637952,5.173388481140137,0.03479324269927503,0,0,0,real
/workspace/data/genbuster-mini/extracted/GenBuster-200K-mini/benchmark/real/40fddaf0b9b53c1f2347ab891b9057e20b4bd8875fd92d6f9ae4753515bcb184.mp4,-23.256824493408203,0.9999999999206239,23.256824493408203,1.9234169766808395e-09,0,0,0,real
/workspace/data/genbuster-mini/extracted/GenBuster-200K-mini/benchmark/real/40d629c71c83ac55824837789605fb23ff64ff89ba2d8c0ac6d70c01fc08c398.mp4,-32.149253845214844,0.9999999999999891,32.149253845214844,-6.879200284227756e-13,0,0,0,real
/workspace/data/genbuster-mini/extracted/GenBuster-200K-mini/benchmark/real/409b8119407f42de8e65bf5da7725c9fd52cd8f26ba4683a1fc9af8641f8b239.mp4,-4.231966972351074,0.9856841266155243,4.231966972351074,0.0750036377923033,0,0,0,real
/workspace/data/genbuster-mini/extracted/GenBuster-200K-mini/benchmark/real/403e84ab98be591ecd5a9095732dfa534f76489d661e6fbd29bb7a738df3d88a.mp4,-31.285415649414062,0.9999999999999741,31.285415649414062,-2.597583968759117e-13,0,0,0,real
/workspace/data/genbuster-mini/extracted/GenBuster-200K-mini/benchmark/real/402e0c602e2795ffd650c4d0f8c70d5884e3b8151f078e68e026006d7e2ec576.mp4,-26.966941833496094,0.9999999999980573,26.966941833496094,5.2524691173634785e-11,0,0,0,real
/workspace/data/genbuster-mini/extracted/GenBuster-200K-mini/benchmark/real/3ff464eb855dc6af55490b08796471c066a3b2238c5a24cf8a3cba254d277555.mp4,-18.734683990478516,0.9999999926948329,18.734683990478516,1.4416316445468115e-07,0,0,0,real
/workspace/data/genbuster-mini/extracted/GenBuster-200K-mini/benchmark/real/3fea13c27724d9aa7d6397311994994a3421a24f77a6d9a1ee7c35c86e00e6ad.mp4,-26.0151424407959,0.9999999999949677,26.0151424407959,1.3403641526831132e-10,0,0,0,real
/workspace/data/genbuster-mini/extracted/GenBuster-200K-mini/benchmark/real/3f218fabf96bdb09748d65e5e724a7bdb24b3818750a3acb0bb8bc8feb5cfd30.mp4,-28.761281967163086,0.999999999999677,28.761281967163086,8.156014977363772e-12,0,0,0,real
/workspace/data/genbuster-mini/extracted/GenBuster-200K-mini/benchmark/real/3ee70a7359f981bde8e8bfc6734ff65acf8131db556559f608e3b5a64f52ade6.mp4,-30.215185165405273,0.9999999999999245,30.215185165405273,1.1549295901578486e-12,0,0,0,real
/workspace/data/genbuster-mini/extracted/GenBuster-200K-mini/benchmark/real/3e9f431ab5f42306d61ad52d26b8407a12ba92d3bca981a65c4fac5c6440896a.mp4,-30.117496490478516,0.9999999999999168,30.117496490478516,1.3755037804095685e-12,0,0,0,real
/workspace/data/genbuster-mini/extracted/GenBuster-200K-mini/benchmark/real/3e6db909bb1fe7170764527ce2fbd5d6665976d506356347a6e7c8a51e598372.mp4,-11.929266929626465,0.9999934054931146,11.929266929626465,8.526215967626918e-05,0,0,0,real
/workspace/data/genbuster-mini/extracted/GenBuster-200K-mini/benchmark/real/3e2f2b68e9b6c69f6222e1917d1dd8c07809bc3dd0704cae30822a1e1487b5fe.mp4,-22.970956802368164,0.9999999998943572,22.970956802368164,2.5303653506289306e-09,0,0,0,real
/workspace/data/genbuster-mini/extracted/GenBuster-200K-mini/benchmark/real/3e2c888ab73704535dec096404dd65670e60a8884bb164494fc22c94dddb9f89.mp4,-22.577312469482422,0.9999999998433978,22.577312469482422,3.6902613264226965e-09,0,0,0,real
/workspace/data/genbuster-mini/extracted/GenBuster-200K-mini/benchmark/real/3def97f450e4a6b55e4a4863b3d5c9c3fc962d7464aa545baeb1dc354e383484.mp4,-30.336557388305664,0.9999999999999332,30.336557388305664,9.091272835154185e-13,0,0,0,real
/workspace/data/genbuster-mini/extracted/GenBuster-200K-mini/benchmark/real/3d85a0eb4ab71b70bb479f936f68e63ce05f525ca45d684e1fa196c22934d0e8.mp4,-40.32821273803711,1.0,40.32821273803711,-1.0000043577748823e-12,0,0,0,real
/workspace/data/genbuster-mini/extracted/GenBuster-200K-mini/benchmark/real/3d551ef44cc6fb90bd23a506523a690bae176ccc85d2277da9a7e184ad4dcb26.mp4,-2.7251899242401123,0.9384967796504498,2.7251899242401123,0.2310838085021061,0,0,0,real
/workspace/data/genbuster-mini/extracted/GenBuster-200K-mini/benchmark/real/3d51d8d6341c676fff4ba3d709ab12343bbe6f367f36fb705bc074f4157107ba.mp4,-21.898944854736328,0.9999999996913906,21.898944854736328,7.064830358658935e-09,0,0,0,real
/workspace/data/genbuster-mini/extracted/GenBuster-200K-mini/benchmark/real/3d336cdeb15d50494fd7584d21db26d481b69db63fe58292d927b6aac8eb68d3.mp4,-14.262801170349121,0.9999993606423345,14.262801170349121,9.758387130973117e-06,0,0,0,real
/workspace/data/genbuster-mini/extracted/GenBuster-200K-mini/benchmark/real/3d259358f50f0c2d7a7347a79408199487583514350e85885dcb60d63992b3e2.mp4,-15.122562408447266,0.9999997293833474,15.122562408447266,4.36303188174399e-06,0,0,0,real
/workspace/data/genbuster-mini/extracted/GenBuster-200K-mini/benchmark/real/3d17140ad4245f9fa7f7fd63ef3e7551df5336952b1b815238b3ef2a04670730.mp4,-35.190975189208984,0.9999999999999994,35.190975189208984,-9.850300622503255e-13,0,0,0,real
/workspace/data/genbuster-mini/extracted/GenBuster-200K-mini/benchmark/real/3ce4312a5080b25f5837a25dbd617f3265f986eb0ad9939c6c2624558c0fa6f6.mp4,-14.311415672302246,0.9999993909809177,14.311415672302246,9.324942478930246e-06,0,0,0,real
/workspace/data/genbuster-mini/extracted/GenBuster-200K-mini/benchmark/real/3cdfed4e13eccee7ec0bf85bca9e2b672ad5e436593a2174020dddb8f247c9dc.mp4,-34.964900970458984,0.9999999999999993,34.964900970458984,-9.813791697706548e-13,0,0,0,real
/workspace/data/genbuster-mini/extracted/GenBuster-200K-mini/benchmark/real/3cb5e2cbebfa75d8d31ce2d7782e2e364917a476579d1ededa077dd9a33f4a4a.mp4,-26.64838981628418,0.9999999999973285,26.64838981628418,7.201267031485478e-11,0,0,0,real
/workspace/data/genbuster-mini/extracted/GenBuster-200K-mini/benchmark/real/3c07998dc8fb06340b07409473e6cc287a17fbaa4f86f6866e627e3a8d26694a.mp4,-22.151105880737305,0.9999999997601736,22.151105880737305,5.550248036840292e-09,0,0,0,real
/workspace/data/genbuster-mini/extracted/GenBuster-200K-mini/benchmark/real/3bb205d5556d746327ad112078f30ada39483142f2c27e65e5173995f783f0ad.mp4,-23.549423217773438,0.9999999999407599,23.549423217773438,1.4523174468241906e-09,0,0,0,real
/workspace/data/genbuster-mini/extracted/GenBuster-200K-mini/benchmark/real/3aecf24d9bb9fbf58c7f24cf7c0ff547fc953dba9bc915a37dfa73d4d11d6954.mp4,-7.8343634605407715,0.9996042624406982,7.8343634605407715,0.003496167764159926,0,0,0,real
/workspace/data/genbuster-mini/extracted/GenBuster-200K-mini/benchmark/real/3ae9b49bc38d35b0203be58bce1c0f7f0bfff4b17293794ab9fddee2620ec55c.mp4,-34.788543701171875,0.9999999999999992,34.788543701171875,-9.776772605751527e-13,0,0,0,real
/workspace/data/genbuster-mini/extracted/GenBuster-200K-mini/benchmark/real/3ae22e39f7d8c3a8a9c3227e46f1f95dd65b6f355e217cc008ebbfd98ed53744.mp4,-27.92289924621582,0.9999999999992532,27.92289924621582,1.996674825900332e-11,0,0,0,real
/workspace/data/genbuster-mini/extracted/GenBuster-200K-mini/benchmark/real/3ad77608e7db7aee6950e31b819aff6d609dd93b2150defb8c1ccb545bf03097.mp4,-29.765954971313477,0.9999999999998818,29.765954971313477,2.372479064601587e-12,0,0,0,real
/workspace/data/genbuster-mini/extracted/GenBuster-200K-mini/benchmark/real/3ad65cb7f82dbeba1669fb85a1d13b9253a404774ab1602558e793e28762c6ca.mp4,-27.863834381103516,0.9999999999992077,27.863834381103516,2.1221957367316812e-11,0,0,0,real
/workspace/data/genbuster-mini/extracted/GenBuster-200K-mini/benchmark/real/3a8dc9632525a4213fd4490a3927c2b01ddb2670fff5dd9dab8a547ecdf85b95.mp4,-20.6617431640625,0.9999999989365455,20.6617431640625,2.3034279808718295e-08,0,0,0,real
/workspace/data/genbuster-mini/extracted/GenBuster-200K-mini/benchmark/real/39c597d126d300a9a45bc11a1290e51fa92ab933db353d50781ccac2c0ac6acc.mp4,-18.15714454650879,0.999999986984756,18.15714454650879,2.493329105363227e-07,0,0,0,real
/workspace/data/genbuster-mini/extracted/GenBuster-200K-mini/benchmark/real/391cbe62a40a123f7997d13501bb9e3d5ac4ffe13b965c584325715b7f7e99f8.mp4,-37.814002990722656,1.0,37.814002990722656,-9.99044220031415e-13,0,0,0,real
/workspace/data/genbuster-mini/extracted/GenBuster-200K-mini/benchmark/real/38b9c3e5f301fbe2e410a0f6e72efefbdce83e9a5ec4e6f0a5aba1cf7e124680.mp4,-27.256622314453125,0.9999999999985458,27.256622314453125,3.93274684321647e-11,0,0,0,real
/workspace/data/genbuster-mini/extracted/GenBuster-200K-mini/benchmark/real/388d2492913e682f6f7d61ff1b87c03efdf15614dcdd5e7204d7c75030d549c1.mp4,-19.029571533203125,0.999999994560461,19.029571533203125,1.0894963633634348e-07,0,0,0,real
/workspace/data/genbuster-mini/extracted/GenBuster-200K-mini/benchmark/real/3857b24e088646dbf3bb8ebc65ed57630f1bc20e7b61fae076fbf3a15fa4384a.mp4,-22.6507568359375,0.9999999998544872,22.6507568359375,3.439491868491171e-09,0,0,0,real
/workspace/data/genbuster-mini/extracted/GenBuster-200K-mini/benchmark/real/38271c7ecb7be8ec1c9685f4db9e751d11405cc7aa82417aaadfcdf38e85304e.mp4,-11.96651554107666,0.9999936466092549,11.96651554107666,8.238135812836816e-05,0,0,0,real
/workspace/data/genbuster-mini/extracted/GenBuster-200K-mini/benchmark/real/377b7a6554f29ef415e09104ffc9dc82e19925045317cee681a2afe8705858bf.mp4,-33.15280532836914,0.999999999999996,33.15280532836914,-8.856196973964483e-13,0,0,0,real
/workspace/data/genbuster-mini/extracted/GenBuster-200K-mini/benchmark/real/37765e3329da95184e41104cb9d45b5f326d84abe5aea0376eaa6aebe437764f.mp4,-34.14638137817383,0.9999999999999986,34.14638137817383,-9.576284321504097e-13,0,0,0,real
/workspace/data/genbuster-mini/extracted/GenBuster-200K-mini/benchmark/real/36f512c0e80f3503f634e2cbfdd01e54faaa71f75c7cc696a42e42aaa5f9a70b.mp4,-22.565460205078125,0.9999999998415307,22.565460205078125,3.732405353584514e-09,0,0,0,real
/workspace/data/genbuster-mini/extracted/GenBuster-200K-mini/benchmark/real/36e93d665955af308033d1cf7f15f05efa4ae60754d807a2a3e6e5fb7c1badb4.mp4,-35.80095291137695,0.9999999999999997,35.80095291137695,-9.918242810324292e-13,0,0,0,real
/workspace/data/genbuster-mini/extracted/GenBuster-200K-mini/benchmark/real/36d01802b3fccc83be6fdeffe2c90af972a5b6acb3c984c1efe967a31499d7ad.mp4,-18.99332046508789,0.9999999943596549,18.99332046508789,1.1276722750914723e-07,0,0,0,real
/workspace/data/genbuster-mini/extracted/GenBuster-200K-mini/benchmark/real/36af777b26bdfef75a756603c46920ac58fb7982181fcc84a56a44303e311490.mp4,-6.790627956390381,0.9988769999472424,6.790627956390381,0.008749506606005663,0,0,0,real
/workspace/data/genbuster-mini/extracted/GenBuster-200K-mini/benchmark/real/367aefb915b73fbac3acbfcdc5625594443b9c95e65e81fd8940145b01058cf0.mp4,-34.122554779052734,0.9999999999999984,34.122554779052734,-9.566421290147624e-13,0,0,0,real
/workspace/data/genbuster-mini/extracted/GenBuster-200K-mini/benchmark/real/3667af63e65a2790622ab78285354f70f77bdb9215bba5ef1afc34c9c3642893.mp4,-8.80093002319336,0.9998494297178695,8.80093002319336,0.0014757401316294672,0,0,0,real
/workspace/data/genbuster-mini/extracted/GenBuster-200K-mini/benchmark/real/364d4cd501dcf98f989c41e4008443d2519c923f9ea9b8a8ac1350bda28f608e.mp4,-22.056156158447266,0.9999999997362861,22.056156158447266,6.078231686352654e-09,0,0,0,real
/workspace/data/genbuster-mini/extracted/GenBuster-200K-mini/benchmark/real/36401ede75da013e456cf6f53e54125d0ca39699e585a2fcf883c68248ab01d5.mp4,-23.20105743408203,0.9999999999160716,23.20105743408203,2.029161310477766e-09,0,0,0,real
/workspace/data/genbuster-mini/extracted/GenBuster-200K-mini/benchmark/real/35ab68c7457dbba7ab921401220238ce8adbcda4e96893d8a97bd7e93170555c.mp4,-32.25101089477539,0.9999999999999901,32.25101089477539,-7.179479076615721e-13,0,0,0,real
/workspace/data/genbuster-mini/extracted/GenBuster-200K-mini/benchmark/real/353b08475859daa247fcad586c1ad9eee28e86da27722626807d29c2a85d62b9.mp4,-20.55828857421875,0.9999999988206337,20.55828857421875,2.5423118888245292e-08,0,0,0,real
/workspace/data/genbuster-mini/extracted/GenBuster-200K-mini/benchmark/real/352f26df6b300aead31c37c88c5806da7298445425b11145314d8675c784f54d.mp4,-34.9713134765625,0.9999999999999993,34.9713134765625,-9.814945011494804e-13,0,0,0,real
/workspace/data/genbuster-mini/extracted/GenBuster-200K-mini/benchmark/real/348830cdd1d438e3728404e5939b8c9b7c146a94e8bc5216373119be78e02e25.mp4,-29.536941528320312,0.9999999999998513,29.536941528320312,3.2364087839726507e-12,0,0,0,real
/workspace/data/genbuster-mini/extracted/GenBuster-200K-mini/benchmark/real/3424fc0a9de2642b2a19ffe28d6fd34ba8f38323b8fb79cf87580432eab691d0.mp4,-29.2594051361084,0.9999999999998037,29.2594051361084,4.5835231315561116e-12,0,0,0,real
/workspace/data/genbuster-mini/extracted/GenBuster-200K-mini/benchmark/real/330b9c1dda55a76d4a6472d178606d5c45a6fbab78451b03ce468e031fe43f9d.mp4,-24.970935821533203,0.9999999999857024,24.970935821533203,3.693531737152481e-10,0,0,0,real
/workspace/data/genbuster-mini/extracted/GenBuster-200K-mini/benchmark/real/329c448943faa5d4c93e8b0c0db48b4ec16260ab680a7882f5431f4a8f21c72b.mp4,-21.666576385498047,0.9999999996106632,21.666576385498047,8.822932704265353e-09,0,0,0,real
/workspace/data/genbuster-mini/extracted/GenBuster-200K-mini/benchmark/real/3257e39f0cc2a65d4cf8b0e7f39f82f7edef7cc6df944c95c9075cf6b3ad16c6.mp4,-6.859532356262207,0.9989516955101863,6.859532356262207,0.008239732890409001,0,0,0,real
/workspace/data/genbuster-mini/extracted/GenBuster-200K-mini/benchmark/real/316e51db52c1216dcb122776880e65972888bfd454870908f711a2230afced31.mp4,-41.056739807128906,1.0,41.056739807128906,-1.0000480985895626e-12,0,0,0,real
/workspace/data/genbuster-mini/extracted/GenBuster-200K-mini/benchmark/real/30a8a6bf558962c622c0bc67204bf585d4fda5757ea5d0f62c39cf3c660f3bdf.mp4,-27.874713897705078,0.9999999999992163,27.874713897705078,2.0985396054352763e-11,0,0,0,real
/workspace/data/genbuster-mini/extracted/GenBuster-200K-mini/benchmark/real/30629433b48a0438c7de2fe48056cba1892e6d31dae958e421a8ea1b551266db.mp4,-34.36337661743164,0.9999999999999988,34.36337661743164,-9.658295421090016e-13,0,0,0,real
/workspace/data/genbuster-mini/extracted/GenBuster-200K-mini/benchmark/real/30603254edb5ab3f8fdf214299350cc5557bddd6fcf603604e0ee50a9e21ec3e.mp4,-30.970762252807617,0.9999999999999646,30.970762252807617,1.3616328225094809e-14,0,0,0,real
/workspace/data/genbuster-mini/extracted/GenBuster-200K-mini/benchmark/real/304318ce6b4d167e0741c98675f4847c27d228c631c002300b913ddb5d46d51a.mp4,-2.599066734313965,0.9308014884591103,2.599066734313965,0.2515607939259965,0,0,0,real
/workspace/data/genbuster-mini/extracted/GenBuster-200K-mini/benchmark/real/300b9c69ade2efde3b0521054144a028dce831e2c99ec9472d909aeb4f221c7d.mp4,-33.71171569824219,0.9999999999999977,33.71171569824219,-9.344708742406808e-13,0,0,0,real
/workspace/data/genbuster-mini/extracted/GenBuster-200K-mini/benchmark/real/2ff065e0a4192f7fed539c91b901bd2fd8a0a484c3b440dc8f28dfba90a17789.mp4,-19.571388244628906,0.9999999968358717,19.571388244628906,6.508851172633321e-08,0,0,0,real
/workspace/data/genbuster-mini/extracted/GenBuster-200K-mini/benchmark/real/2fabf6a24c628a2a12fa28e95d4d73bb652775f4a8f48e628f8af9689830fec2.mp4,-6.197954177856445,0.9979705403093249,6.197954177856445,0.014610019968415388,0,0,0,real
/workspace/data/genbuster-mini/extracted/GenBuster-200K-mini/benchmark/real/2f834c451f59b6b720c8f59d34968155bd4340289e134a5f6f7af726bde72120.mp4,-6.653723239898682,0.9987124467734247,6.653723239898682,0.009855405611427295,0,0,0,real
/workspace/data/genbuster-mini/extracted/GenBuster-200K-mini/benchmark/real/2f1115c1a468672f18a3ca76fbca5cead3c369445878d70178b83b188ed3b6b9.mp4,-31.98430824279785,0.9999999999999871,31.98430824279785,-6.319166959230882e-13,0,0,0,real
/workspace/data/genbuster-mini/extracted/GenBuster-200K-mini/benchmark/real/2eedb0bf5f0e9fedef7336af16d0e498dfb8a095171537d6ed722f45377a896d.mp4,-8.803194999694824,0.9998497703345492,8.803194999694824,0.0014727420024541272,0,0,0,real
/workspace/data/genbuster-mini/extracted/GenBuster-200K-mini/benchmark/real/2e266d5bf0cabc6b6a4e593fbd437e7feb5b0d09a7b6b70f80ef89c999895aeb.mp4,-30.280948638916016,0.9999999999999294,30.280948638916016,1.0180040112453005e-12,0,0,0,real
/workspace/data/genbuster-mini/extracted/GenBuster-200K-mini/benchmark/real/2e09f08ac78875bf85370094dbab5d92ba63717b80bad14c0299358061de8a8b.mp4,-37.52231216430664,1.0,37.52231216430664,-9.986903986956966e-13,0,0,0,real
/workspace/data/genbuster-mini/extracted/GenBuster-200K-mini/benchmark/real/2e02a60f8b76e60ed8de7a03bd857e28d4d67e78a3fa64939995f6251821fcb0.mp4,-20.222705841064453,0.9999999983503552,20.222705841064453,3.500792573517535e-08,0,0,0,real
/workspace/data/genbuster-mini/extracted/GenBuster-200K-mini/benchmark/real/2d9f5bb60eb7918431ee5cbb03a27d911e1a3c921a772dcddf3b93b91107f122.mp4,-34.77355194091797,0.9999999999999992,34.77355194091797,-9.773521643303446e-13,0,0,0,real
/workspace/data/genbuster-mini/extracted/GenBuster-200K-mini/benchmark/real/2d23ab8a36d8aa0333ca3272cefb7304be6d23526d2e97e0b736a31a521cd389.mp4,-15.714688301086426,0.9999998503083702,15.714688301086426,2.502046945379628e-06,0,0,0,real
/workspace/data/genbuster-mini/extracted/GenBuster-200K-mini/benchmark/real/2cf951576c9b178584dae0a462494232a6b55020173151c9834c6ebb31e2dacc.mp4,-35.465232849121094,0.9999999999999996,35.465232849121094,-9.887043468772342e-13,0,0,0,real
/workspace/data/genbuster-mini/extracted/GenBuster-200K-mini/benchmark/real/2cc08da7a2044f93d3d8134cb932aea2ab3e49effd481f7a648938da97262661.mp4,-38.12060546875,1.0,38.12060546875,-9.99320074888677e-13,0,0,0,real
/workspace/data/genbuster-mini/extracted/GenBuster-200K-mini/benchmark/real/2cbec03f9de2c21b02253c644f76b5aa22905cc992146b8db9e6f06971d47f63.mp4,-12.091740608215332,0.9999943944098959,12.091740608215332,7.338694537428548e-05,0,0,0,real
/workspace/data/genbuster-mini/extracted/GenBuster-200K-mini/benchmark/real/2bfcbf702beb88196921fb5124fa5bf04893965f5173343ee16a8fba7ccd21d9.mp4,-22.14034652709961,0.9999999997575792,22.14034652709961,5.60770100491274e-09,0,0,0,real
/workspace/data/genbuster-mini/extracted/GenBuster-200K-mini/benchmark/real/2b525391925c0af683d70cf5e0ce053012e3bdda6a41a106d1e8864697433569.mp4,-15.665911674499512,0.9999998428259147,15.665911674499512,2.6194474340743227e-06,0,0,0,real
/workspace/data/genbuster-mini/extracted/GenBuster-200K-mini/benchmark/real/2ad8bc99a8e1a41c586498e740c3ce977c47e2f87723beb5234f4504d8a2f465.mp4,-24.40953826904297,0.9999999999749347,24.40953826904297,6.349161766015636e-10,0,0,0,real
/workspace/data/genbuster-mini/extracted/GenBuster-200K-mini/benchmark/real/2ac174f21603fb9d2a9bd1034b59b2f8ff6e8a7f49169fcfebefe35956d26b9f.mp4,-24.145843505859375,0.9999999999673718,24.145843505859375,8.184792397005049e-10,0,0,0,real
/workspace/data/genbuster-mini/extracted/GenBuster-200K-mini/benchmark/real/2a47048761a7c54f7eb129458ffc15c990dc0a38914b37e82333ec6011d4e494.mp4,-41.176918029785156,1.0,41.176918029785156,-1.0000527189095856e-12,0,0,0,real
/workspace/data/genbuster-mini/extracted/GenBuster-200K-mini/benchmark/real/2a23c4674d4ca03f06cb87df2312e5e209ad39e802d52646d3062897885d2f00.mp4,-15.699017524719238,0.9999998479441103,15.699017524719238,2.539181979502985e-06,0,0,0,real
/workspace/data/genbuster-mini/extracted/GenBuster-200K-mini/benchmark/real/29f1b9d123da2f099f749f1234a4f93c411322a8e1d0b0cad0fe23a594e86d93.mp4,-17.292171478271484,0.9999999690895507,17.292171478271484,5.654172408886482e-07,0,0,0,real
/workspace/data/genbuster-mini/extracted/GenBuster-200K-mini/benchmark/real/29e031590120ebc0f4e2a3e32e80705b6d1f5db2e1be55b5607b080894885fdb.mp4,-25.019319534301758,0.9999999999863778,25.019319534301758,3.5247566679825687e-10,0,0,0,real
/workspace/data/genbuster-mini/extracted/GenBuster-200K-mini/benchmark/real/2998922fa931d52346fa4a093b85354fb9e0fa23920f7f3a2f5d46513e7fb86d.mp4,-25.965435028076172,0.9999999999947112,25.965435028076172,1.40698149775216e-10,0,0,0,real
/workspace/data/genbuster-mini/extracted/GenBuster-200K-mini/benchmark/real/2981f0f2653b98a62dae04de9846c018802dcec281a6945a21699f7cc3a271f9.mp4,-20.75876235961914,0.9999999990348739,20.75876235961914,2.099794978230202e-08,0,0,0,real
/workspace/data/genbuster-mini/extracted/GenBuster-200K-mini/benchmark/real/295dea2aa46d81adb4b6f78783e915666782e88545d26c6549ba1a08bdf3dd0d.mp4,-28.453737258911133,0.9999999999995608,28.453737258911133,1.1415750159828575e-11,0,0,0,real
/workspace/data/genbuster-mini/extracted/GenBuster-200K-mini/benchmark/real/28f0b6b5a0532df2b5d0d0e58eb88330c9a5c76c0222d027c4016e7105fdc07d.mp4,-33.517730712890625,0.9999999999999972,33.517730712890625,-9.20503641969773e-13,0,0,0,real
/workspace/data/genbuster-mini/extracted/GenBuster-200K-mini/benchmark/real/28bd7521da9d767d46a73fd7ee5babc46c306f40caf8e22d7402a703ee8a62bd.mp4,-12.53423023223877,0.9999963987656884,12.53423023223877,4.873993904300782e-05,0,0,0,real
/workspace/data/genbuster-mini/extracted/GenBuster-200K-mini/benchmark/real/286614f1ad946b96a210a88e14af2836c5fe5473bb362badbe457e15abd34f24.mp4,1.8553889989852905,0.8647586107254028,1.8553889989852905,0.39623028067808097,0,1,0,real
/workspace/data/genbuster-mini/extracted/GenBuster-200K-mini/benchmark/real/280656db2a1df1de7e3c8015bdddacd10a0455d1ac31442e9ad34e74fab33a85.mp4,-33.45782470703125,0.999999999999997,33.45782470703125,-9.155469738581026e-13,0,0,0,real
/workspace/data/genbuster-mini/extracted/GenBuster-200K-mini/benchmark/real/27de1a0b25be1e8a8533b8c1d145db84bbab44c0b8bed2ba23e87b492d7e95e5.mp4,-14.605835914611816,0.9999995463030587,14.605835914611816,7.080318135292316e-06,0,0,0,real
/workspace/data/genbuster-mini/extracted/GenBuster-200K-mini/benchmark/real/278dfb511a5e7cb41e6383377471ff1d9662681d2de28b46de0727952bae4138.mp4,-17.909622192382812,0.9999999833294506,17.909622192382812,3.152317903934305e-07,0,0,0,real
/workspace/data/genbuster-mini/extracted/GenBuster-200K-mini/benchmark/real/26fea516cec446446e2d6d8dead54c54908f10fd7f83d821124f3f1ef6411371.mp4,-37.256431579589844,0.9999999999999999,37.256431579589844,-9.980424005570102e-13,0,0,0,real
/workspace/data/genbuster-mini/extracted/GenBuster-200K-mini/benchmark/real/26faedc4093ca55bf99a87f14c23a93dbd177fe1b97cb8f43ed95f8cf28e569b.mp4,-15.606849670410156,0.9999998332632885,15.606849670410156,2.768969518662079e-06,0,0,0,real
/workspace/data/genbuster-mini/extracted/GenBuster-200K-mini/benchmark/real/26db40ffeabc9765fc23500cd824a485a41b3da98d975f46822b4b59e4976e3a.mp4,-36.288516998291016,0.9999999999999998,36.288516998291016,-9.950640891117906e-13,0,0,0,real
/workspace/data/genbuster-mini/extracted/GenBuster-200K-mini/benchmark/real/26cf354062ffc48fa6f0a99c70bfb7b6c5ec64abfd3516951d7550e48336b682.mp4,-19.8906192779541,0.9999999977006038,19.8906192779541,4.803381137882288e-08,0,0,0,real
/workspace/data/genbuster-mini/extracted/GenBuster-200K-mini/benchmark/real/26bc7b5dec5f85a351ae82c104d610c8e0402926c562a6e83b1dc0c9bebdf5e3.mp4,-15.015279769897461,0.9999996987363602,15.015279769897461,4.82481952289066e-06,0,0,0,real
/workspace/data/genbuster-mini/extracted/GenBuster-200K-mini/benchmark/real/2568e4da2f4c9112ea2f7df7706bd1eef6354961841ff6381e7cdddf349799e1.mp4,-20.622835159301758,0.999999998894353,20.622835159301758,2.3905223670973777e-08,0,0,0,real
/workspace/data/genbuster-mini/extracted/GenBuster-200K-mini/benchmark/real/25312c0392aebf74dc6b63ce067b05afeea4aabd05b6f6c78663ebf48f2e4cf9.mp4,-9.962767601013184,0.9999528800799453,9.962767601013184,0.0005165658407962628,0,0,0,real
/workspace/data/genbuster-mini/extracted/GenBuster-200K-mini/benchmark/real/25135e943f0a4380e17938f9cdd6b3b5fbdc7c83849998165a5ac98642dfbbc5.mp4,-13.993851661682129,0.9999991633436593,13.993851661682129,1.2544699360923879e-05,0,0,0,real
/workspace/data/genbuster-mini/extracted/GenBuster-200K-mini/benchmark/real/24f51fdc168a9a8385b7c7dc7db068ae16b3e856ab046368e215c27354e605f0.mp4,-19.223777770996094,0.9999999955206045,19.223777770996094,9.058829949939598e-08,0,0,0,real
/workspace/data/genbuster-mini/extracted/GenBuster-200K-mini/benchmark/real/24def7c5093a023d44577334278b6550a6736f5463b5b18736ff8489753a74da.mp4,-8.643431663513184,0.9998237501422409,8.643431663513184,0.0016996689898496934,0,0,0,real
/workspace/data/genbuster-mini/extracted/GenBuster-200K-mini/benchmark/real/248152a9c6be230cf2c4ad766536f8c03493f99a515028912e3562899e27b9d3.mp4,-21.628177642822266,0.9999999995954224,21.628177642822266,9.152854886503378e-09,0,0,0,real
/workspace/data/genbuster-mini/extracted/GenBuster-200K-mini/benchmark/real/2480676c6639e94c48c6a0315ed38dc28cd21c7029d3d773cf9a3a6233361dc3.mp4,-17.893226623535156,0.9999999830538755,17.893226623535156,3.201649713693374e-07,0,0,0,real
/workspace/data/genbuster-mini/extracted/GenBuster-200K-mini/benchmark/real/2442da25c9a04f6a171ef304f5a5ff954fe669a16d4a06250adebd1b8b10e697.mp4,-38.73893356323242,1.0,38.73893356323242,-9.996746228459829e-13,0,0,0,real
/workspace/data/genbuster-mini/extracted/GenBuster-200K-mini/benchmark/real/2405c21cf7206d45d6a39018a357b0be926235925b2e0ba963d97e657b572589.mp4,-19.470630645751953,0.9999999965004471,19.470630645751953,7.163605431831533e-08,0,0,0,real
/workspace/data/genbuster-mini/extracted/GenBuster-200K-mini/benchmark/real/238be96373129d74218a0fe67acc3f021f9dd1a237da4cbd2473b3fbc421fd54.mp4,-25.467269897460938,0.9999999999912963,25.467269897460938,2.284172622675099e-10,0,0,0,real
/workspace/data/genbuster-mini/extracted/GenBuster-200K-mini/benchmark/real/2385e7069e0dd2088d333f007caadf4c940164733930b6611f8649ab06592684.mp4,-12.240727424621582,0.9999951703293846,12.240727424621582,6.394836199625687e-05,0,0,0,real
/workspace/data/genbuster-mini/extracted/GenBuster-200K-mini/benchmark/real/23476f5d1e983374e9654a1fcbea598d252cd0056dfc2ad75d49d3813bba48f9.mp4,-2.08076548576355,0.8890195786952972,2.08076548576355,0.34856024753221465,0,0,0,real
/workspace/data/genbuster-mini/extracted/GenBuster-200K-mini/benchmark/real/230d39a7325857c3391d0cc8a79532a545e3405b4a1cb30ef71c5f8d6de48678.mp4,-17.14038848876953,0.9999999640230932,17.14038848876953,6.526330685005992e-07,0,0,0,real
/workspace/data/genbuster-mini/extracted/GenBuster-200K-mini/benchmark/real/230b95b616870cb1f8d42d22d58e34cde809195c39b8b9c44b888c1ec60ae1e8.mp4,-19.832094192504883,0.9999999975620157,19.832094192504883,5.0786318116371095e-08,0,0,0,real
/workspace/data/genbuster-mini/extracted/GenBuster-200K-mini/benchmark/real/22b9d5af32b6a00ffcd5379e2f7f6f1b2970aee834bac8fbbff75196a2d427e7.mp4,-13.689864158630371,0.9999988661201087,13.689864158630371,1.665654019771299e-05,0,0,0,real
/workspace/data/genbuster-mini/extracted/GenBuster-200K-mini/benchmark/real/2277b8de314bd165d7c82530c882fba26c3bebf0ab11c5fee4e169ae35f160e3.mp4,-18.301727294921875,0.9999999887368256,18.301727294921875,2.173967210806338e-07,0,0,0,real
/workspace/data/genbuster-mini/extracted/GenBuster-200K-mini/benchmark/real/21db1defc751def07f8ae082d1edf8a1c5ba91584d82918d2c02cfd698b6f470.mp4,-31.198522567749023,0.9999999999999718,31.198522567749023,-1.927536944634171e-13,0,0,0,real
/workspace/data/genbuster-mini/extracted/GenBuster-200K-mini/benchmark/real/20b5811333b7e89cdc52fb0d0854b9e79fc622103db680e8afe6d5704f7da752.mp4,-25.268600463867188,0.9999999999893834,25.268600463867188,2.7692811273857653e-10,0,0,0,real
/workspace/data/genbuster-mini/extracted/GenBuster-200K-mini/benchmark/real/204c5225cec80fb7ebce8b9f19755ef93804fa24c49ae1e421eb8daeb4a0b59a.mp4,-10.185483932495117,0.9999622875984642,10.185483932495117,0.0004218321675027262,0,0,0,real
/workspace/data/genbuster-mini/extracted/GenBuster-200K-mini/benchmark/real/20127e75a57d3cc12d0cf2c7ca6c5b4a3c787d40b2eff91913f16ade3f164353.mp4,-26.16091537475586,0.9999999999956503,26.16091537475586,1.1624167085139364e-10,0,0,0,real
/workspace/data/genbuster-mini/extracted/GenBuster-200K-mini/benchmark/real/2009e5047ad849b283baffd6a0acd016fd4ab613d28bc155bbe5aa3f2f65aef6.mp4,-30.334583282470703,0.999999999999933,30.334583282470703,9.129815195132751e-13,0,0,0,real
/workspace/data/genbuster-mini/extracted/GenBuster-200K-mini/benchmark/real/1fecb773f094458407eb76eb8f71457856016f74e36acb8c7b2935ca1b979c62.mp4,-25.356321334838867,0.999999999990275,25.356321334838867,2.5436335073595047e-10,0,0,0,real
/workspace/data/genbuster-mini/extracted/GenBuster-200K-mini/benchmark/real/1f8e17e87bd4333df5be03a00dd43420fd0db7503e9a4e5e5a5ba3299d9d0ba2.mp4,-27.965593338012695,0.9999999999992844,27.965593338012695,1.910324366958084e-11,0,0,0,real
/workspace/data/genbuster-mini/extracted/GenBuster-200K-mini/benchmark/real/1f4fc615d357407c581e2952fccc0a1217582e921846b0b9493637f16fe8b74c.mp4,-16.776321411132812,0.9999999482230884,16.776321411132812,9.20401026827874e-07,0,0,0,real
/workspace/data/genbuster-mini/extracted/GenBuster-200K-mini/benchmark/real/1f2ec56519daa3c88b0498c67bb58688fa54b8eec5f7bdbdd7ddfebf1241305d.mp4,-27.15142822265625,0.9999999999983846,27.15142822265625,4.3697906656901943e-11,0,0,0,real
/workspace/data/genbuster-mini/extracted/GenBuster-200K-mini/benchmark/real/1f042e83e6b6d79147a15cf7da3fa3b3b207a65eb21040362532d8bab35a9bfe.mp4,-36.23771667480469,0.9999999999999998,36.23771667480469,-9.948138047494282e-13,0,0,0,real
/workspace/data/genbuster-mini/extracted/GenBuster-200K-mini/benchmark/real/1ec2e10b0c7f2ab4d5e5eae916e2167f50c03f0dc6b7910d3fc4d174a44509e3.mp4,-43.066402435302734,1.0,43.066402435302734,-1.0000834317320755e-12,0,0,0,real
/workspace/data/genbuster-mini/extracted/GenBuster-200K-mini/benchmark/real/1e5dc9d44e587c7ed3f377f263eaa88185a5c8ac514aee5f28c9238ee7bc3a1f.mp4,-21.720367431640625,0.9999999996310528,21.720367431640625,8.38061808134155e-09,0,0,0,real
/workspace/data/genbuster-mini/extracted/GenBuster-200K-mini/benchmark/real/1e33d1e64f45ea750553a389700d79b7100ad4bb5da0d95ce3c7fda27d086d25.mp4,-16.344219207763672,0.9999999202380536,16.344219207763672,1.3834066873624566e-06,0,0,0,real
/workspace/data/genbuster-mini/extracted/GenBuster-200K-mini/benchmark/real/1e08162c197161f73aaf932c157b3a0a755392e1e36fb0dcf132b50d55141d37.mp4,-37.0470085144043,0.9999999999999999,37.0470085144043,-9.976173647438626e-13,0,0,0,real
/workspace/data/genbuster-mini/extracted/GenBuster-200K-mini/benchmark/real/1df7fd7f91e1a33f64cb235133c09fded06c70c27a1b4b4d14c56e6d92f50488.mp4,-12.075093269348145,0.9999943003113003,12.075093269348145,7.452397576687197e-05,0,0,0,real
/workspace/data/genbuster-mini/extracted/GenBuster-200K-mini/benchmark/real/1df1a3deafa06654e9978f8782bf525eadd7c26906bfabcfb0c3ec9de51b5e04.mp4,-27.311565399169922,0.9999999999986237,27.311565399169922,3.721574372835528e-11,0,0,0,real
/workspace/data/genbuster-mini/extracted/GenBuster-200K-mini/benchmark/real/1dbf87602bc3146f27fddf4cdbd8cf03dfb3d9c627ecf5704275e99c8f3a8eef.mp4,-31.00582504272461,0.9999999999999658,31.00582504272461,-2.1378853620978687e-14,0,0,0,real
/workspace/data/genbuster-mini/extracted/GenBuster-200K-mini/benchmark/real/1d6bcf5d639ec6140500a8dbf8450c7b3c11ae0298f0353bff4c818c30fbde71.mp4,-8.189817428588867,0.9997226124396548,8.189817428588867,0.0025491795247320984,0,0,0,real
/workspace/data/genbuster-mini/extracted/GenBuster-200K-mini/benchmark/real/1d617baee2eeee8cbfcd7a0221609737683f62aee88f93ca8bacd96d6bc1b569.mp4,-29.163436889648438,0.999999999999784,29.163436889648438,5.142377748957384e-12,0,0,0,real
/workspace/data/genbuster-mini/extracted/GenBuster-200K-mini/benchmark/real/1d3f8ff5c51d64056772c1103c68a91ab4575d020589d643523adee57fbdaa9f.mp4,-15.018178939819336,0.9999996996085088,15.018178939819336,4.811722704381916e-06,0,0,0,real
/workspace/data/genbuster-mini/extracted/GenBuster-200K-mini/benchmark/real/1d381a9a5ba41e72c9afb7a881817c3ce660743c889b3879a9bf0b4235d5632d.mp4,-26.951332092285156,0.9999999999980267,26.951332092285156,5.334644426028301e-11,0,0,0,real
/workspace/data/genbuster-mini/extracted/GenBuster-200K-mini/benchmark/real/1d21ea46a47dfdb163235132cfa3e985e79553fe72a5377b9999ff21a44d7673.mp4,-19.094167709350586,0.9999999949007261,19.094167709350586,1.0246366474729627e-07,0,0,0,real
/workspace/data/genbuster-mini/extracted/GenBuster-200K-mini/benchmark/real/1d01d54716cfe6e5f0264c0f8a1d830dfaea498cf92bfd51caabf8e51d0188ad.mp4,-30.110179901123047,0.9999999999999162,30.110179901123047,1.3929564310454674e-12,0,0,0,real
/workspace/data/genbuster-mini/extracted/GenBuster-200K-mini/benchmark/real/1c45241d747416971b19af83afb45c35efe6acb69fa496de6c28778a74442afa.mp4,0.6975927352905273,0.6676537990570068,0.6975927352905273,0.6358277467067728,0,1,0,real
/workspace/data/genbuster-mini/extracted/GenBuster-200K-mini/benchmark/real/1bd5699fa7c6fff9e9fe23def4f9508db6fab32af7449add0622dc339b5a9d8e.mp4,-32.602317810058594,0.9999999999999931,32.602317810058594,-8.016557632148056e-13,0,0,0,real
/workspace/data/genbuster-mini/extracted/GenBuster-200K-mini/benchmark/real/1bc796a7531611bae9f23b0bc54a0842d1f13da602b9d23c43d0da161e317091.mp4,-28.515851974487305,0.9999999999995872,28.515851974487305,1.0675692435120957e-11,0,0,0,real
/workspace/data/genbuster-mini/extracted/GenBuster-200K-mini/benchmark/real/1ba3455e6155469d53cffb9813417a4df471d04567f07c5f8b198dd66cd235fd.mp4,-26.597047805786133,0.9999999999971878,26.597047805786133,7.57533114234911e-11,0,0,0,real
/workspace/data/genbuster-mini/extracted/GenBuster-200K-mini/benchmark/real/1b965a3f6eecbd38dd6f2dec599dbd8fed809579faf48a1294b84c80181c5f9a.mp4,5.5057220458984375,0.9959529638290405,5.5057220458984375,0.026337076255923273,0,1,0,real
/workspace/data/genbuster-mini/extracted/GenBuster-200K-mini/benchmark/real/1b52068e13aa4bcbe80d662e94f52a6f2615f40e95c08455dbe0cf683d050fd4.mp4,-35.494842529296875,0.9999999999999997,35.494842529296875,-9.890235363791454e-13,0,0,0,real
/workspace/data/genbuster-mini/extracted/GenBuster-200K-mini/benchmark/real/1b16f7e9e6491e6e5ec0830c91b43e26f1eed9fa9818aa9c5bd07e8b8a2530eb.mp4,-29.57280731201172,0.9999999999998566,29.57280731201172,3.087723886187317e-12,0,0,0,real
/workspace/data/genbuster-mini/extracted/GenBuster-200K-mini/benchmark/real/1ae58a9ad48c2606500d55e731f33f7a1fdabfbe2a191a2af106f0d98e741803.mp4,-22.581987380981445,0.9999999998441282,22.581987380981445,3.6737694100751778e-09,0,0,0,real
/workspace/data/genbuster-mini/extracted/GenBuster-200K-mini/benchmark/real/1ab7f258a38a69c1100252ff99cb2aaca176e6f37668df1e82c50a06648b5fdf.mp4,-24.25916290283203,0.9999999999708674,24.25916290283203,7.338821093238166e-10,0,0,0,real
/workspace/data/genbuster-mini/extracted/GenBuster-200K-mini/benchmark/real/1ab14c3d51056275e1497292fa01344f12d2370ddb1c89e7a66af135cf6328e3.mp4,-22.534517288208008,0.9999999998365505,22.534517288208008,3.844706977396225e-09,0,0,0,real
/workspace/data/genbuster-mini/extracted/GenBuster-200K-mini/benchmark/real/1a7cd3e40931a49587225c59b3680eab51f5b0c3a56f5603b30ac0977f2b76b9.mp4,-17.595922470092773,0.9999999771867074,17.595922470092773,4.242322198736193e-07,0,0,0,real
/workspace/data/genbuster-mini/extracted/GenBuster-200K-mini/benchmark/real/1a375d5b24a45bf6b75f64bfb72d89c2c5eb2f2f6ff561a71ffc295cbbfa26cb.mp4,-19.83025360107422,0.999999997557524,19.83025360107422,5.0875394598023046e-08,0,0,0,real
/workspace/data/genbuster-mini/extracted/GenBuster-200K-mini/benchmark/real/1a3379fd4003802823700f3558a4762720b06e3b6d5cf20c9fe912d3a4455e72.mp4,-33.348594665527344,0.9999999999999967,33.348594665527344,-9.059271071188206e-13,0,0,0,real
/workspace/data/genbuster-mini/extracted/GenBuster-200K-mini/benchmark/real/197b76cb62c07cfd158a3a21fd76ee36d1bbb68055e5b3d1c514f8613e584695.mp4,-37.08761215209961,0.9999999999999999,37.08761215209961,-9.97706872835551e-13,0,0,0,real
/workspace/data/genbuster-mini/extracted/GenBuster-200K-mini/benchmark/real/196a85c97d9c576a1ce459c8d17a98037521c9864d0dc4425b8a7ab8b23a29ff.mp4,-11.247366905212402,0.9999869585772103,11.247366905212402,0.00015972317227311197,0,0,0,real
/workspace/data/genbuster-mini/extracted/GenBuster-200K-mini/benchmark/real/1960811f561a88f71e6cba03c329267f2135cae3702751db2aadf84e4278bf4a.mp4,-16.790874481201172,0.9999999489711477,16.790874481201172,9.078459118972611e-07,0,0,0,real
/workspace/data/genbuster-mini/extracted/GenBuster-200K-mini/benchmark/real/195b50860376e61d376a29da3f0c2a9d95ff48479dac55c1ce7de298e63afd78.mp4,-20.715145111083984,0.9999999989918462,20.715145111083984,2.1890206208094573e-08,0,0,0,real
/workspace/data/genbuster-mini/extracted/GenBuster-200K-mini/benchmark/real/18d45273dc4d38feb779b1d22e3a9886e66070ddc7da758e48afdfb08b6d3774.mp4,-32.00181198120117,0.9999999999999873,32.00181198120117,-6.383008352912718e-13,0,0,0,real
/workspace/data/genbuster-mini/extracted/GenBuster-200K-mini/benchmark/real/18c143150103d26df0a440fd468239db6d83be2d0fa3725480640c2045b20f25.mp4,-22.497468948364258,0.9999999998303815,22.497468948364258,3.983609688445364e-09,0,0,0,real
/workspace/data/genbuster-mini/extracted/GenBuster-200K-mini/benchmark/real/18acf5ad9f559413bcb20a1223a0d1b18ce2a1dc362cba9b2c1afe67e53e7716.mp4,-24.039810180664062,0.999999999963722,24.039810180664062,9.064072239558215e-10,0,0,0,real
/workspace/data/genbuster-mini/extracted/GenBuster-200K-mini/benchmark/real/189ee23e7ba46a89fd789cca0c2d0bc9df279fb7e01df741904e83c2ce6eb403.mp4,-13.437149047851562,0.9999985401115055,13.437149047851562,2.1076626841433574e-05,0,0,0,real
/workspace/data/genbuster-mini/extracted/GenBuster-200K-mini/benchmark/real/177f113a18f9530067972b62275b329e9a69106426ca0facf11af978944ffae6.mp4,-27.22305679321289,0.9999999999984962,27.22305679321289,4.0673929702028464e-11,0,0,0,real
/workspace/data/genbuster-mini/extracted/GenBuster-200K-mini/benchmark/real/174c72990ea687fb77f144f3d11630b8bdbf9a92b32a8902ed99ef9eadf3f561.mp4,-3.1830027103424072,0.9601896069943905,3.1830027103424072,0.16734109767734426,0,0,0,real
/workspace/data/genbuster-mini/extracted/GenBuster-200K-mini/benchmark/real/172f722689f368cc340693188596d5df19b51497be0369caf6770a1707179767.mp4,-28.0413761138916,0.9999999999993365,28.0413761138916,1.7656612172364697e-11,0,0,0,real
/workspace/data/genbuster-mini/extracted/GenBuster-200K-mini/benchmark/real/1721292af967906a9f1887875c948baaa9f1b7cf39b75b8ccfa5a902cacf0fce.mp4,-19.328590393066406,0.9999999959663346,19.328590393066406,8.199673167935549e-08,0,0,0,real
/workspace/data/genbuster-mini/extracted/GenBuster-200K-mini/benchmark/real/16f3263af3f2d56f06e00067cc8bbb27dde1e6204f6bdb1ec9922945d86ec056.mp4,-22.343156814575195,0.9999999998020798,22.343156814575195,4.618086568402144e-09,0,0,0,real
/workspace/data/genbuster-mini/extracted/GenBuster-200K-mini/benchmark/real/16dd45554867c064e355ca45411567f5c30256de91c1a8a551fd9defa993207b.mp4,-33.31019973754883,0.9999999999999966,33.31019973754883,-9.021502293837705e-13,0,0,0,real
/workspace/data/genbuster-mini/extracted/GenBuster-200K-mini/benchmark/real/16c04c6d5d04b149193d2044a03abbf6a701cf068c3304b0c91b54d1de9a1319.mp4,-18.560070037841797,0.9999999913011068,18.560070037841797,1.701489595675263e-07,0,0,0,real
/workspace/data/genbuster-mini/extracted/GenBuster-200K-mini/benchmark/real/16bf994a524e24cf8724889a40c16434ba991f96de96138175f0906d16c91c5f.mp4,-8.725104331970215,0.9998375705472426,8.725104331970215,0.0015796565678085584,0,0,0,real
/workspace/data/genbuster-mini/extracted/GenBuster-200K-mini/benchmark/real/165c2f9be2787ac19d42e547f69be41aedf7f08493f7708b0c01ee4c7737d7e5.mp4,-13.883821487426758,0.9999990660309095,13.883821487426758,1.3901027720925666e-05,0,0,0,real
/workspace/data/genbuster-mini/extracted/GenBuster-200K-mini/benchmark/real/1648edeff7e6bd52a30ebc04801736b251a2d78f757470ccd079d1f90bee0dec.mp4,-42.68314743041992,1.0,42.68314743041992,-1.0000808774946647e-12,0,0,0,real
/workspace/data/genbuster-mini/extracted/GenBuster-200K-mini/benchmark/real/15b95828d14d91aada8cfe3d05f3b4f7fa2a505b0fdeef0ea4ceebe81eee3363.mp4,-23.451190948486328,0.9999999999346453,23.451190948486328,1.5960090280044141e-09,0,0,0,real
/workspace/data/genbuster-mini/extracted/GenBuster-200K-mini/benchmark/real/153b50cdd26e935178e2056317838b8c7a7b622924d7f00bdbef54231b2b46f4.mp4,-18.595104217529297,0.999999991600589,18.595104217529297,1.6458533322070455e-07,0,0,0,real
/workspace/data/genbuster-mini/extracted/GenBuster-200K-mini/benchmark/real/152e6d0501d7cf87d5aa4cc0cc52ccad5f417a613aba073b335dc18c2c0f6d3b.mp4,-18.32424545288086,0.999999988987617,18.32424545288086,2.1280399240954125e-07,0,0,0,real
/workspace/data/genbuster-mini/extracted/GenBuster-200K-mini/benchmark/real/150873edc39391dc14d6032a2a9e9f348c4926c82d5cb59f2ccae45b741c1216.mp4,-29.01595687866211,0.9999999999997496,29.01595687866211,6.111593843448496e-12,0,0,0,real
/workspace/data/genbuster-mini/extracted/GenBuster-200K-mini/benchmark/real/14c284b39fff4c91cedeebc9b3532e0f6d0157b7e26fc88b7bb5dcb2b74e468e.mp4,-15.186378479003906,0.9999997461135592,15.186378479003906,4.109500058315908e-06,0,0,0,real
/workspace/data/genbuster-mini/extracted/GenBuster-200K-mini/benchmark/real/140630293acc72e996f8f82ee12b422aa032fafe5c24422db500583821e5a0eb.mp4,-24.437789916992188,0.9999999999756329,24.437789916992188,6.178635299278803e-10,0,0,0,real
/workspace/data/genbuster-mini/extracted/GenBuster-200K-mini/benchmark/real/13796dc33a67cfb52878d0d09eecd206f7030d4bb82845a3c3fcb683d6cafde2.mp4,-25.673831939697266,0.9999999999929206,25.673831939697266,1.8689939535293415e-10,0,0,0,real
/workspace/data/genbuster-mini/extracted/GenBuster-200K-mini/benchmark/real/13700e98ed944ee3ce93658678ef027fd093e1c887a5b602ebad8b4f9b2bdd2f.mp4,-16.75923728942871,0.9999999473309202,16.75923728942871,9.353606832502939e-07,0,0,0,real
/workspace/data/genbuster-mini/extracted/GenBuster-200K-mini/benchmark/real/131e01ce1a3d1fc92afdcd2c738135bb8bc5bc9bad7897019766ce5480d94c71.mp4,-18.376543045043945,0.9999999895487379,18.376543045043945,2.0250733004387073e-07,0,0,0,real
/workspace/data/genbuster-mini/extracted/GenBuster-200K-mini/benchmark/real/12f1dc4089b9de8b7d0cecee194e682d5fb3ec01cf60b8777ad3a1893027af0c.mp4,-18.450288772583008,0.99999999029174,18.450288772583008,1.888264599704206e-07,0,0,0,real
/workspace/data/genbuster-mini/extracted/GenBuster-200K-mini/benchmark/real/12b7a19b245b78552cfb94b9821152eae720b21add9b994104463b902e6d3153.mp4,-26.294544219970703,0.9999999999961944,26.294544219970703,1.0198461264615117e-10,0,0,0,real
/workspace/data/genbuster-mini/extracted/GenBuster-200K-mini/benchmark/real/1285a2a926af5e6a7227bc3c57b1b57dd9cad6e0b4be57be9ddea6abd6c856c5.mp4,-1.1869869232177734,0.7662017345428467,1.1869869232177734,0.5438252532812506,0,0,0,real
/workspace/data/genbuster-mini/extracted/GenBuster-200K-mini/benchmark/real/11d1fac4c86742fc86cf2e0c935495b3b30a7550b67c13c93561cb12aed3bfad.mp4,-37.313594818115234,0.9999999999999999,37.313594818115234,-9.981437674040923e-13,0,0,0,real
/workspace/data/genbuster-mini/extracted/GenBuster-200K-mini/benchmark/real/11abea281015082cffda6a99a3d0c3f4ffd5a43c845d33fa86ee75a5ee4721cd.mp4,-31.881086349487305,0.9999999999999858,31.881086349487305,-5.91970424207229e-13,0,0,0,real
/workspace/data/genbuster-mini/extracted/GenBuster-200K-mini/benchmark/real/1189d52f62e895207c9c00b504e6c396f78a5096ef7ad7d35a3476a8feaeede5.mp4,-25.699298858642578,0.9999999999930986,25.699298858642578,1.8232830799587163e-10,0,0,0,real
/workspace/data/genbuster-mini/extracted/GenBuster-200K-mini/benchmark/real/11742daa8c829171124d67f312ec54e514098abde0cb9d0ce6a3e1faf1afc93e.mp4,-35.29767608642578,0.9999999999999996,35.29767608642578,-9.867087027127828e-13,0,0,0,real
/workspace/data/genbuster-mini/extracted/GenBuster-200K-mini/benchmark/real/11670a7f7a64823ae1e23eb2a32024c74108a6200a0311ec6c38cc68e25d067d.mp4,-13.925023078918457,0.9999991037299196,13.925023078918457,1.3376850094662004e-05,0,0,0,real
/workspace/data/genbuster-mini/extracted/GenBuster-200K-mini/benchmark/real/1135c6789213b9cd105c8a49b05b1d53c95d3c56b197bfc564293cb0cb2bc897.mp4,-19.02420997619629,0.9999999945312181,19.02420997619629,1.0950603640379643e-07,0,0,0,real
/workspace/data/genbuster-mini/extracted/GenBuster-200K-mini/benchmark/real/11078b538f44f3967b23443cd6fd3df429a1f8d01cab5d5f4aac9ccb5d79733e.mp4,-20.15816307067871,0.9999999982403714,20.15816307067871,3.7228508243396615e-08,0,0,0,real
/workspace/data/genbuster-mini/extracted/GenBuster-200K-mini/benchmark/real/10f63874c8d6068dc9d45a349d9df3f408e9438f0ea49ea1f2ad1a1e81554b18.mp4,-21.62655258178711,0.9999999995947645,21.62655258178711,9.167083920731691e-09,0,0,0,real
/workspace/data/genbuster-mini/extracted/GenBuster-200K-mini/benchmark/real/10efbfefb5b687e1d362e951121ce45779abc3d27e7cb9eb8457f54bbbc9a571.mp4,-20.246990203857422,0.9999999983899334,20.246990203857422,3.420707047168287e-08,0,0,0,real
/workspace/data/genbuster-mini/extracted/GenBuster-200K-mini/benchmark/real/10c1aedf7574aa61d4f315e09eb11c4499230da9b778248524e91a0cdfa9ed98.mp4,-15.180289268493652,0.9999997445628708,15.180289268493652,4.133044674264321e-06,0,0,0,real
/workspace/data/genbuster-mini/extracted/GenBuster-200K-mini/benchmark/real/10b677f0103405510fc7ee6c017fb8fea18c09c1c72f22b314ad29edb75776d3.mp4,-36.42312240600586,0.9999999999999999,36.42312240600586,-9.956689427201215e-13,0,0,0,real
/workspace/data/genbuster-mini/extracted/GenBuster-200K-mini/benchmark/real/10748479bfc7ac5f946b65a2b54f9378c2b452a1b13e5b571192834c5c089197.mp4,-35.5858268737793,0.9999999999999997,35.5858268737793,-9.899472360789835e-13,0,0,0,real
/workspace/data/genbuster-mini/extracted/GenBuster-200K-mini/benchmark/real/1022db21e3be49e84541d4ecd8c4217d58495eac316155ccbad2ab8c2878d523.mp4,-30.33527374267578,0.999999999999933,30.33527374267578,9.117102840837074e-13,0,0,0,real
/workspace/data/genbuster-mini/extracted/GenBuster-200K-mini/benchmark/real/0fea02ffaec1f6bb7a17aa3ea871438e71a09acbdcef093d097418c1a1384fce.mp4,-19.709720611572266,0.999999997244648,19.709720611572266,5.7060569317884684e-08,0,0,0,real
/workspace/data/genbuster-mini/extracted/GenBuster-200K-mini/benchmark/real/0fc37536f6812dad044edefac07d650bf92b5a0fb78c131b7ada7eb81c8debdb.mp4,-15.45854663848877,0.9999998066080451,15.45854663848877,3.182948531963359e-06,0,0,0,real
/workspace/data/genbuster-mini/extracted/GenBuster-200K-mini/benchmark/real/0fb23966065611dec149730e0a751a9bf2c36fadb1a0cab2567608ae4ebb3f19.mp4,1.8962666988372803,0.8694684505462646,1.8962666988372803,0.3873959122297833,0,1,0,real
/workspace/data/genbuster-mini/extracted/GenBuster-200K-mini/benchmark/real/0f636392f9d346b18f57055a8a997faf29e58ebb49e0e95b3bf066c65aa866a5.mp4,-40.97507095336914,1.0,40.97507095336914,-1.000044626489972e-12,0,0,0,real
/workspace/data/genbuster-mini/extracted/GenBuster-200K-mini/benchmark/real/0f4836d3d073f1081a2b3a8af98386ac2c60c71be7a46eaec27bf01eeb51632a.mp4,-16.887420654296875,0.9999999536674267,16.887420654296875,8.287682254478716e-07,0,0,0,real
/workspace/data/genbuster-mini/extracted/GenBuster-200K-mini/benchmark/real/0f32900c364124ec156ea21fda0efa1aee41ee298a070423003787d9a184be58.mp4,-34.91432571411133,0.9999999999999993,34.91432571411133,-9.804431640667253e-13,0,0,0,real
/workspace/data/genbuster-mini/extracted/GenBuster-200K-mini/benchmark/real/0f2d226250581998f6cbaf19efecdaee3a408948edf4e9efd568c93074867d97.mp4,-17.306900024414062,0.9999999695414807,17.306900024414062,5.575990690009453e-07,0,0,0,real
/workspace/data/genbuster-mini/extracted/GenBuster-200K-mini/benchmark/real/0eddce535d055e02ffd8256322645998957850a5105de19dea2e448a3a514170.mp4,-13.850470542907715,0.999999034356847,13.850470542907715,1.4340253635088936e-05,0,0,0,real
/workspace/data/genbuster-mini/extracted/GenBuster-200K-mini/benchmark/real/0ebfe50ad1349566b3dce4d144b280292fba3597e9b9a12d55d9a302b46142a4.mp4,-36.12703323364258,0.9999999999999998,36.12703323364258,-9.942223940934518e-13,0,0,0,real
/workspace/data/genbuster-mini/extracted/GenBuster-200K-mini/benchmark/real/0e3ca0e4c5efafbba7baf17f5b677ac8b6d24cc53edd7538b43d6b2b338c451b.mp4,-8.33236026763916,0.9997594543674495,8.33236026763916,0.0022448874143868656,0,0,0,real
/workspace/data/genbuster-mini/extracted/GenBuster-200K-mini/benchmark/real/0e31c8908fcde25f09d8558888f1944fe08d17c2f76136003bca0697aa4ea768.mp4,-31.468032836914062,0.9999999999999785,31.468032836914062,-3.8334288954004783e-13,0,0,0,real
/workspace/data/genbuster-mini/extracted/GenBuster-200K-mini/benchmark/real/0e2cd349b36dc1ad510649f8c32cacba4dfd72e92af6c680ccad0e9acdab9aea.mp4,-15.403702735900879,0.999999795705449,15.403702735900879,3.351185120546703e-06,0,0,0,real
/workspace/data/genbuster-mini/extracted/GenBuster-200K-mini/benchmark/real/0d7de720e5ac112f7bf883e9dc98eae16baeacf20b959efa3681bdbf79d4b50b.mp4,-58.66131591796875,1.0,58.66131591796875,-1.000088900580918e-12,0,0,0,real
/workspace/data/genbuster-mini/extracted/GenBuster-200K-mini/benchmark/real/0d136b731937a39ed208b509754433ca8ad981377d997aaa7e75cf9609c1b9f2.mp4,-23.311994552612305,0.9999999999248845,23.311994552612305,1.8242135060506933e-09,0,0,0,real
/workspace/data/genbuster-mini/extracted/GenBuster-200K-mini/benchmark/real/0ca925e74f4e1a4f0fc8be22d71e8bf46ad351abe2ba8c9489f8b9fdac323afc.mp4,-20.110088348388672,0.9999999981537114,20.110088348388672,3.897331512882424e-08,0,0,0,real
/workspace/data/genbuster-mini/extracted/GenBuster-200K-mini/benchmark/real/0ca6e242b11fa310de030162a901f4a5be468fa642ed5711d53cb008d1768080.mp4,-19.33516502380371,0.9999999959927677,19.33516502380371,8.148573074571577e-08,0,0,0,real
/workspace/data/genbuster-mini/extracted/GenBuster-200K-mini/benchmark/real/0c05de9a3758bd1c2cce0058ebcd3e0ffef3dc8a91582919d7af7d6a376a851f.mp4,-24.94892692565918,0.9999999999853844,24.94892692565918,3.772936664419322e-10,0,0,0,real
/workspace/data/genbuster-mini/extracted/GenBuster-200K-mini/benchmark/real/0bddbec5d82923ac69d4dfe6c8853f6048174682eb4fac3e54745461c8d36652.mp4,-25.66256332397461,0.9999999999928404,25.66256332397461,1.889579566570267e-10,0,0,0,real
/workspace/data/genbuster-mini/extracted/GenBuster-200K-mini/benchmark/real/0bdc3aabdc9f8d6ea9eac15222f15ece0605f14d861d7447da74ed3470bfc56d.mp4,-45.01930236816406,1.0,45.01930236816406,-1.0000881247593795e-12,0,0,0,real
/workspace/data/genbuster-mini/extracted/GenBuster-200K-mini/benchmark/real/0bd1e058c5dc322993582f524838aff39735e770fcc4fe68b6f325cf8cbec474.mp4,-27.12867546081543,0.9999999999983474,27.12867546081543,4.470325711811593e-11,0,0,0,real
/workspace/data/genbuster-mini/extracted/GenBuster-200K-mini/benchmark/real/0b8ceac63be1eb77d4358c2bb2be6b71826c1c603f933f4c52e2820e6c84a03c.mp4,-27.473115921020508,0.9999999999988289,27.473115921020508,3.162071650102384e-11,0,0,0,real
/workspace/data/genbuster-mini/extracted/GenBuster-200K-mini/benchmark/real/0b785024b6f97debabace7941415f1145c76f798ceefe6a9db39fe319a46d190.mp4,-20.278564453125,0.9999999984399756,20.278564453125,3.319308083405716e-08,0,0,0,real
/workspace/data/genbuster-mini/extracted/GenBuster-200K-mini/benchmark/real/0b65ba4e433f25a72e98ed73e96565b6673151230dd5aae9e98791ad04f7bdd2.mp4,-15.879741668701172,0.9999998730841781,15.879741668701172,2.142304293939082e-06,0,0,0,real
/workspace/data/genbuster-mini/extracted/GenBuster-200K-mini/benchmark/real/0afd78490a319caa7d5d39f86f1851e6fecc0168476813e1bc65e5266418de01.mp4,-16.538623809814453,0.9999999343300132,16.538623809814453,1.151759193487794e-06,0,0,0,real
/workspace/data/genbuster-mini/extracted/GenBuster-200K-mini/benchmark/real/0a99652d4aa264da7fa5d972bf9f46c397194d379dd47100f495c8f5a057f5f6.mp4,-14.6913480758667,0.9999995834871527,14.6913480758667,6.535646167812381e-06,0,0,0,real
/workspace/data/genbuster-mini/extracted/GenBuster-200K-mini/benchmark/real/0a866f31f3df7a36d584fc415a87d8978f2f622189ebb60e4a07edf79b6e8ff0.mp4,-14.648926734924316,0.9999995654379745,14.648926734924316,6.80042738487598e-06,0,0,0,real
/workspace/data/genbuster-mini/extracted/GenBuster-200K-mini/benchmark/real/0a2ff71fc61f7a48f87c012af5cb7e1725e9e745ae83f49213f1db169fe1dbcc.mp4,-27.079105377197266,0.9999999999982634,27.079105377197266,4.69717952762191e-11,0,0,0,real
/workspace/data/genbuster-mini/extracted/GenBuster-200K-mini/benchmark/real/09e0f11435f8f2cf933ee1401f054d037d4c8ed6c0d59927f417ee8f2dc8c6b8.mp4,-29.61954689025879,0.9999999999998631,29.61954689025879,2.9019546146175598e-12,0,0,0,real
/workspace/data/genbuster-mini/extracted/GenBuster-200K-mini/benchmark/real/09aea19c14c0652e93d00e53b762194b9b4ef10b8ad76038089afe3c30ed5f06.mp4,-17.248126983642578,0.9999999676976863,17.248126983642578,5.89454721807238e-07,0,0,0,real
/workspace/data/genbuster-mini/extracted/GenBuster-200K-mini/benchmark/real/096c7c540fc0d25e93e461116a3323c2279470fd3ef2d22bc1c9fb3c6410c342.mp4,-18.360248565673828,0.9999999893770442,18.360248565673828,2.0566106537396592e-07,0,0,0,real
/workspace/data/genbuster-mini/extracted/GenBuster-200K-mini/benchmark/real/089bf28fcdba45a36d1523b9cff542a41d29fb51e46397b565baed411c29e407.mp4,-20.328125,0.9999999985154067,20.328125,3.166159255125885e-08,0,0,0,real
/workspace/data/genbuster-mini/extracted/GenBuster-200K-mini/benchmark/real/085edcbe2e2553236f0faa3644ecc37a8545eb8bf2e09bade90fe7e7a76745f8.mp4,-33.58333969116211,0.9999999999999974,33.58333969116211,-9.2559582525055e-13,0,0,0,real
/workspace/data/genbuster-mini/extracted/GenBuster-200K-mini/benchmark/real/085e17e421507fe75c9f6d69c128bf48e7820be1e90613409ba87d4ed9b20195.mp4,-29.474647521972656,0.9999999999998418,29.474647521972656,3.507385232705968e-12,0,0,0,real
/workspace/data/genbuster-mini/extracted/GenBuster-200K-mini/benchmark/real/08323f7ee0faf6de12f12833441b30d3cf6e02a1b746a727fcb607aa71c217dc.mp4,-25.43906021118164,0.9999999999910473,25.43906021118164,2.347543283568173e-10,0,0,0,real
/workspace/data/genbuster-mini/extracted/GenBuster-200K-mini/benchmark/real/08248467e99087b6ac08fbc1ee0eb9b677e3427a6959a10d70951deee11f6114.mp4,-16.82271957397461,0.9999999505705652,16.82271957397461,8.80964961810609e-07,0,0,0,real
/workspace/data/genbuster-mini/extracted/GenBuster-200K-mini/benchmark/real/08217c4402cb5fb0519e7f0894f65d4f850d694a553a5525ae462c374d7d3c4b.mp4,-9.716368675231934,0.9999397151004814,9.716368675231934,0.0006460370207560773,0,0,0,real
/workspace/data/genbuster-mini/extracted/GenBuster-200K-mini/benchmark/real/08206e5c46f2a21c9c52b11f6b6acb87839a6490b712304a6b6da3af1ebad051.mp4,-27.285057067871094,0.9999999999985867,27.285057067871094,3.822049893654753e-11,0,0,0,real
/workspace/data/genbuster-mini/extracted/GenBuster-200K-mini/benchmark/real/07ae26c4807d4b9f1876bee31c76b9d7e196245d6268588827a5ed5ef4364583.mp4,-19.450042724609375,0.999999996427652,19.450042724609375,7.305266896346738e-08,0,0,0,real
/workspace/data/genbuster-mini/extracted/GenBuster-200K-mini/benchmark/real/076a8fa1a7df84d802bf50b27ed2780fd845819fdae4722ad30e35a91744997d.mp4,-11.510930061340332,0.9999899801268839,11.510930061340332,0.00012535798042115795,0,0,0,real
/workspace/data/genbuster-mini/extracted/GenBuster-200K-mini/benchmark/real/0709fdba97938dddc09ac2d0bb094f19e44a0297e94e20979942b2191dca1f04.mp4,-23.324846267700195,0.9999999999258438,23.324846267700195,1.801846896649804e-09,0,0,0,real
/workspace/data/genbuster-mini/extracted/GenBuster-200K-mini/benchmark/real/06eb0b1ec20a46607900691fc9a2294f1edeb75e2285bdc6fd022f11be3818b5.mp4,-16.55551528930664,0.9999999354299618,16.55551528930664,1.133558294071123e-06,0,0,0,real
/workspace/data/genbuster-mini/extracted/GenBuster-200K-mini/benchmark/real/06e6f7dd25a45bcfb1fa61b3cf050ae41bdcc71341db45e0e1a07dfa663e4792.mp4,-18.102479934692383,0.9999999862534779,18.102479934692383,2.625906639902322e-07,0,0,0,real
/workspace/data/genbuster-mini/extracted/GenBuster-200K-mini/benchmark/real/06897613134be72863fd15f53c9293d95fd3537b699272d627150bec646edc6d.mp4,-20.391002655029297,0.9999999986058803,20.391002655029297,2.981961876572324e-08,0,0,0,real
/workspace/data/genbuster-mini/extracted/GenBuster-200K-mini/benchmark/real/06775684481e427303fad0b09736ac854f77cbe50c55a91ab09cd03a46349345.mp4,-15.71239948272705,0.9999998499653628,15.71239948272705,2.5074368070746318e-06,0,0,0,real
/workspace/data/genbuster-mini/extracted/GenBuster-200K-mini/benchmark/real/06426d4bfe5a08d1b1eb5fe9fc20bedbb259ce48f44fe81af63e146ef3cd3c6b.mp4,-28.750804901123047,0.9999999999996736,28.750804901123047,8.251538770553285e-12,0,0,0,real
/workspace/data/genbuster-mini/extracted/GenBuster-200K-mini/benchmark/real/05b7139cabb16f25c796d969af5a07a522c5aa0d0fe3d2afb9dd7e134849db04.mp4,-30.40380859375,0.9999999999999375,30.40380859375,7.85335733624563e-13,0,0,0,real
/workspace/data/genbuster-mini/extracted/GenBuster-200K-mini/benchmark/real/05ae099511cce8f14f6fc82bb8ac11deaa9c13719c4ce6e83d2297977578258f.mp4,-21.961013793945312,0.9999999997099633,21.961013793945312,6.657537520831312e-09,0,0,0,real
/workspace/data/genbuster-mini/extracted/GenBuster-200K-mini/benchmark/real/05a513a6c8f45a2393e7635d4909df8dfd2287c5cdfd0d26cca332a1100843c5.mp4,-25.303627014160156,0.9999999999897488,25.303627014160156,2.6768945182552936e-10,0,0,0,real
/workspace/data/genbuster-mini/extracted/GenBuster-200K-mini/benchmark/real/05294e43123ae02691c8ed5888fd651c1ed9ae1087c1e94659902cd7ff368611.mp4,-14.95921802520752,0.9999996813646135,14.95921802520752,5.085169665324916e-06,0,0,0,real
/workspace/data/genbuster-mini/extracted/GenBuster-200K-mini/benchmark/real/04de1edbe2b408208af645b2eb3003a90d0b6ada34bff5e2db1b27190a260bc3.mp4,-26.658035278320312,0.9999999999973541,26.658035278320312,7.13303577356016e-11,0,0,0,real
/workspace/data/genbuster-mini/extracted/GenBuster-200K-mini/benchmark/real/048d04181aff29a8ff74a49c0305a2b78f13b60ee9308498df9ecb19e9c53229.mp4,-29.027236938476562,0.9999999999997524,29.027236938476562,6.032303911029387e-12,0,0,0,real
/workspace/data/genbuster-mini/extracted/GenBuster-200K-mini/benchmark/real/047c74306469628c4baf1f25a86564e3f6e362cfcc56223ca8e7ee272b5fa0f2.mp4,-24.91332244873047,0.9999999999848546,24.91332244873047,3.9049998789443864e-10,0,0,0,real
/workspace/data/genbuster-mini/extracted/GenBuster-200K-mini/benchmark/real/044519fcad01fe14bec50d60dccd96af3c18ce6ed0b6d0a51b2359604d595f13.mp4,-37.103328704833984,0.9999999999999999,37.103328704833984,-9.977405548480818e-13,0,0,0,real
/workspace/data/genbuster-mini/extracted/GenBuster-200K-mini/benchmark/real/04313a2457055b2af264fdcb4b0a5cea77c98594f827896113b6717514bdbaef.mp4,-23.183971405029297,0.9999999999146253,23.183971405029297,2.0627049903523773e-09,0,0,0,real
/workspace/data/genbuster-mini/extracted/GenBuster-200K-mini/benchmark/real/042f671593b1defb57e4c5de5c2daaf89e66b3445634da8e62e6a23b14b9130d.mp4,-28.217239379882812,0.9999999999994436,28.217239379882812,1.4684857085690955e-11,0,0,0,real
/workspace/data/genbuster-mini/extracted/GenBuster-200K-mini/benchmark/real/03ed8b9bfcd7fd58ef2632345b4f1cfb1bf61413f82794dd8f0becccb781cbbf.mp4,-15.142749786376953,0.9999997347916292,15.142749786376953,4.2811903968753316e-06,0,0,0,real
/workspace/data/genbuster-mini/extracted/GenBuster-200K-mini/benchmark/real/039ee49819c7a45dcc2f9f2e75862c3fc7d432e668a8c102f8ae2f1a8d5c0557.mp4,-24.18075942993164,0.9999999999684913,24.18075942993164,7.914269945514516e-10,0,0,0,real
/workspace/data/genbuster-mini/extracted/GenBuster-200K-mini/benchmark/real/0383ebf9db4b3c3343bdbb3c783e49e365c6ff9cceb8fbe0ede912f3cd68f858.mp4,-24.95009422302246,0.9999999999854013,24.95009422302246,3.768683631484686e-10,0,0,0,real
/workspace/data/genbuster-mini/extracted/GenBuster-200K-mini/benchmark/real/037df8db36c37ab2d479248a6960e6e12b9fd2a0b7bdf6f7525f4dcbc12de460.mp4,-34.67036819458008,0.9999999999999991,34.67036819458008,-9.749774060762865e-13,0,0,0,real
/workspace/data/genbuster-mini/extracted/GenBuster-200K-mini/benchmark/real/0363f60aac06815532b84768fe035e0fa202ec796336b1ff1c135a5226bd6e6f.mp4,-16.014320373535156,0.9999998890648953,16.014320373535156,1.8874834136036783e-06,0,0,0,real
/workspace/data/genbuster-mini/extracted/GenBuster-200K-mini/benchmark/real/033b67efc911855a1d845821a107d9324abac093c2e01effe9b0a74ecac1015c.mp4,0.23319953680038452,0.5580371022224426,0.23319953680038452,0.6863953606634878,0,1,0,real
/workspace/data/genbuster-mini/extracted/GenBuster-200K-mini/benchmark/real/0339ed8439b7f17b8cc1b9e8206e851433b688c2a3c00bdc23df75f5985ec692.mp4,-12.341967582702637,0.9999956353476591,12.341967582702637,5.823305787891466e-05,0,0,0,real
/workspace/data/genbuster-mini/extracted/GenBuster-200K-mini/benchmark/real/0307194a1cda0d49aa2e821dee4d6ff85d33dbb7c7c26a312e29d61660e6ba09.mp4,-15.867779731750488,0.9999998715569092,15.867779731750488,2.1665477780380934e-06,0,0,0,real
/workspace/data/genbuster-mini/extracted/GenBuster-200K-mini/benchmark/real/02a833c519ac25544fa7491beabc8ef8ca70fe9b154b5c34e5ba5f464f675cef.mp4,-18.339134216308594,0.9999999891503633,18.339134216308594,2.0982058143855004e-07,0,0,0,real
/workspace/data/genbuster-mini/extracted/GenBuster-200K-mini/benchmark/real/01fbbdee65c525b486e5d729aac442dc458a897fa1651c9124acbd7a1d96c32e.mp4,-13.483342170715332,0.9999986060145147,13.483342170715332,2.0189567865744275e-05,0,0,0,real
/workspace/data/genbuster-mini/extracted/GenBuster-200K-mini/benchmark/real/01f09eba69285ee16b8497202fca6d4a66d58dc9e4131348248b7bb117898ced.mp4,-16.105939865112305,0.9999998987770127,16.105939865112305,1.7315123385024893e-06,0,0,0,real
/workspace/data/genbuster-mini/extracted/GenBuster-200K-mini/benchmark/fake/wanx/fadc0e07da7d1c95fd0dd935a1e6347a56680e0bcd3e7a2974f6f8072900d702.mp4,-20.432270050048828,0.999999998662241,20.432270050048828,2.8669212792341295e-08,0,0,1,wanx
/workspace/data/genbuster-mini/extracted/GenBuster-200K-mini/benchmark/fake/wanx/f870e0bd4e1a9dcee0849fd32faf69f17dfb2630fa1d406e9d9037b6b267922e.mp4,-21.347679138183594,0.9999999994644244,21.347679138183594,1.1966871101707055e-08,0,0,1,wanx
/workspace/data/genbuster-mini/extracted/GenBuster-200K-mini/benchmark/fake/wanx/f7b9b3bf891018b849980e20ec4b335c63f3965ca11877b5ab335268c142fcd1.mp4,-30.10175323486328,0.9999999999999155,30.10175323486328,1.413107334213905e-12,0,0,1,wanx
/workspace/data/genbuster-mini/extracted/GenBuster-200K-mini/benchmark/fake/wanx/f6061b75b25fff5fd66faa63125619a10de423efa98c038b9e55febacd4dc96f.mp4,-20.760395050048828,0.9999999990364484,20.760395050048828,2.096526344701957e-08,0,0,1,wanx
/workspace/data/genbuster-mini/extracted/GenBuster-200K-mini/benchmark/fake/wanx/f5df91963f4c8678588b6175f26c6ffeeeffd7a5d010473af8fd1c678328ad34.mp4,-18.784992218017578,0.9999999930532524,18.784992218017578,1.3743934796055824e-07,0,0,1,wanx
/workspace/data/genbuster-mini/extracted/GenBuster-200K-mini/benchmark/fake/wanx/f524f01c7534359984ad936f3989c711bae21e50fc542a6f5c573a57f9d1caf6.mp4,-8.43557071685791,0.9997830378561048,8.43557071685791,0.0020471851826120904,0,0,1,wanx
/workspace/data/genbuster-mini/extracted/GenBuster-200K-mini/benchmark/fake/wanx/f50e8395098d723017010c91a5c28fd5b82e6a3771d33a852bf9320af176fe10.mp4,-41.21714782714844,1.0,41.21714782714844,-1.0000541456027231e-12,0,0,1,wanx
/workspace/data/genbuster-mini/extracted/GenBuster-200K-mini/benchmark/fake/wanx/f4caa2321b2049bb0e6d97211b4ed5b711f87b29c16625c62fd0aada561c0e34.mp4,-8.07738208770752,0.9996896135853603,8.07738208770752,0.002817544263186669,0,0,1,wanx
/workspace/data/genbuster-mini/extracted/GenBuster-200K-mini/benchmark/fake/wanx/f4ca4c9670e2ca09aacb6e63b98325862a8ef6583d3c58cdac56b5fa37c812a6.mp4,-5.477390289306641,0.9958371766842902,5.477390289306641,0.026972919789572808,0,0,1,wanx
/workspace/data/genbuster-mini/extracted/GenBuster-200K-mini/benchmark/fake/wanx/f42115c1e0fc1b1f79d069fa2ae07a98fd7c735bfbc1025e91a41270fd9a7762.mp4,-15.313203811645508,0.9999997763545991,15.313203811645508,3.648371038930151e-06,0,0,1,wanx
/workspace/data/genbuster-mini/extracted/GenBuster-200K-mini/benchmark/fake/wanx/f15f7724441302c269ad6520eabc48fd447615741248a61ad47b866356c3f453.mp4,-17.149267196655273,0.9999999643411073,17.149267196655273,6.471807742715321e-07,0,0,1,wanx
/workspace/data/genbuster-mini/extracted/GenBuster-200K-mini/benchmark/fake/wanx/f06ee99835b3fa54a2d1fc7ee247e53fbbac3d7fe1522fb5e67b3fa100158aae.mp4,-25.50861358642578,0.9999999999916488,25.50861358642578,2.1943471244748444e-10,0,0,1,wanx
/workspace/data/genbuster-mini/extracted/GenBuster-200K-mini/benchmark/fake/wanx/efd417b259474ce3e9f7eb5323a0583dc6d5778bbed556225a11de9ab0b584e5.mp4,-41.601844787597656,1.0,41.601844787597656,-1.0000652443644802e-12,0,0,1,wanx
/workspace/data/genbuster-mini/extracted/GenBuster-200K-mini/benchmark/fake/wanx/ef169de022f06a4ad2182bfd5a96e56fb1649952674b21d0ad6d0dfecd90f65d.mp4,-28.022537231445312,0.999999999999324,28.022537231445312,1.8006346654846985e-11,0,0,1,wanx
/workspace/data/genbuster-mini/extracted/GenBuster-200K-mini/benchmark/fake/wanx/eea27911022b607337574dc0aa20b199a35aae7714d4e54542bd8bbbd867d7ed.mp4,-25.486557006835938,0.9999999999914625,25.486557006835938,2.2418249544022766e-10,0,0,1,wanx
/workspace/data/genbuster-mini/extracted/GenBuster-200K-mini/benchmark/fake/wanx/ee32135f0786a6011b30c7fca23180c152514b419fb0e2e064cdfc2b47b997b1.mp4,-25.46908950805664,0.9999999999913121,25.46908950805664,2.2801442067480633e-10,0,0,1,wanx
/workspace/data/genbuster-mini/extracted/GenBuster-200K-mini/benchmark/fake/wanx/ecaeece0bfab44f0cb025edc6b0dde9a2174ee7c0d6edf225e7ce8f1401c19fe.mp4,-33.68453598022461,0.9999999999999977,33.68453598022461,-9.327303827494212e-13,0,0,1,wanx
/workspace/data/genbuster-mini/extracted/GenBuster-200K-mini/benchmark/fake/wanx/eab692b963840c17900463bab52ccdabc06010a96a9d3b83fbbe35a20207bc31.mp4,-26.852977752685547,0.9999999999978227,26.852977752685547,5.881890383916346e-11,0,0,1,wanx
/workspace/data/genbuster-mini/extracted/GenBuster-200K-mini/benchmark/fake/wanx/e9e3e3e6d84605d15bad29486a7ffc251b69aceeb4865a95cc9dd94124497a3c.mp4,-31.892024993896484,0.9999999999999859,31.892024993896484,-5.962535876006785e-13,0,0,1,wanx
/workspace/data/genbuster-mini/extracted/GenBuster-200K-mini/benchmark/fake/wanx/e7eb414b8242fb69b2503b019957b80184f09d17893153f86d316082cb21acd8.mp4,-12.064398765563965,0.9999942390295473,12.064398765563965,7.526363038074004e-05,0,0,1,wanx
/workspace/data/genbuster-mini/extracted/GenBuster-200K-mini/benchmark/fake/wanx/e6a19558b188223038405a9cbba9e7b98447ac59bda432f4a3ec965c44fa1a0c.mp4,-30.41353416442871,0.9999999999999382,30.41353416442871,7.680307608301487e-13,0,0,1,wanx
/workspace/data/genbuster-mini/extracted/GenBuster-200K-mini/benchmark/fake/wanx/e5a21eb81ada4ebea846c363c3ebc08af76f5e58536d840eeb6ab1daa2a9d31c.mp4,-19.803245544433594,0.9999999974906586,19.803245544433594,5.220044545389658e-08,0,0,1,wanx
/workspace/data/genbuster-mini/extracted/GenBuster-200K-mini/benchmark/fake/wanx/e3e262b1e0626936f3fc2326423244e86e641a4a6ae0b31c00ce6c4c8032aef1.mp4,-29.20294189453125,0.9999999999997924,29.20294189453125,4.9058157033219975e-12,0,0,1,wanx
/workspace/data/genbuster-mini/extracted/GenBuster-200K-mini/benchmark/fake/wanx/e13bdf686b7ff8d3b0589d3e7549b821fcb89a46f6f92377d232c129c6157d59.mp4,-17.866769790649414,0.9999999825995509,17.866769790649414,3.2828826751757927e-07,0,0,1,wanx
/workspace/data/genbuster-mini/extracted/GenBuster-200K-mini/benchmark/fake/wanx/e0ad9bffac51815fdb7022bd4ff161e853ceb5b0449a12ec17a3900330d6f2c8.mp4,-36.48892593383789,0.9999999999999999,36.48892593383789,-9.959362863383187e-13,0,0,1,wanx
/workspace/data/genbuster-mini/extracted/GenBuster-200K-mini/benchmark/fake/wanx/dfada9ccac4728100205547e08bd3ea6b0149899f5bfc7cf22a0bacef907558f.mp4,-11.310357093811035,0.999987754711583,11.310357093811035,0.00015074394579601706,0,0,1,wanx
/workspace/data/genbuster-mini/extracted/GenBuster-200K-mini/benchmark/fake/wanx/de2ce91b97dd7da66b03fc9d3af6dea1d81f83f81ae0a6bd8a78de25ee6c4aea.mp4,-18.66624641418457,0.999999992177381,18.66624641418457,1.5383955296578868e-07,0,0,1,wanx
/workspace/data/genbuster-mini/extracted/GenBuster-200K-mini/benchmark/fake/wanx/d4464dda555a865cb165f745d095e56dd8b4e377f5a9638c2a1923e8881feab4.mp4,-29.174909591674805,0.9999999999997865,29.174909591674805,5.072764932149679e-12,0,0,1,wanx
/workspace/data/genbuster-mini/extracted/GenBuster-200K-mini/benchmark/fake/wanx/d401aa05a0f45584374914f19b56d6857ca92b00d2bb80dec50ce1c23fea8051.mp4,-32.70243453979492,0.9999999999999937,32.70243453979492,-8.203443323375916e-13,0,0,1,wanx
/workspace/data/genbuster-mini/extracted/GenBuster-200K-mini/benchmark/fake/wanx/d1e9cac9f1cf6cdc498ea7f01a27309dccc3ca0bc0114ed3d6f788c9e4b9acaf.mp4,-23.953094482421875,0.9999999999604358,23.953094482421875,9.85263442579163e-10,0,0,1,wanx
/workspace/data/genbuster-mini/extracted/GenBuster-200K-mini/benchmark/fake/wanx/cf09d119bcf717bf53db80c7603ebda2e99fb6593e419db1fe06b881077838df.mp4,-15.093287467956543,0.9999997213439826,15.093287467956543,4.484489426022307e-06,0,0,1,wanx
/workspace/data/genbuster-mini/extracted/GenBuster-200K-mini/benchmark/fake/wanx/cc925e9d2002da9a37abb24edb581e49813cd552ce8d0cd3bdc0cc88f3bba032.mp4,-5.637171268463135,0.9964497163891792,5.637171268463135,0.023570157300379882,0,0,1,wanx
/workspace/data/genbuster-mini/extracted/GenBuster-200K-mini/benchmark/fake/wanx/cbfa3468242fb9ae09ccda17362f1d4c9576e3282fa05fac7d1f4188a8606031.mp4,-30.595849990844727,0.9999999999999485,30.595849990844727,4.737445065217637e-13,0,0,1,wanx
/workspace/data/genbuster-mini/extracted/GenBuster-200K-mini/benchmark/fake/wanx/cbae1c0cfc55ce8c0ec0c02ff93bf32f6f0af06ea0fb92730f716e0c78e70c71.mp4,-40.53129959106445,1.0,40.53129959106445,-1.000019896123687e-12,0,0,1,wanx
/workspace/data/genbuster-mini/extracted/GenBuster-200K-mini/benchmark/fake/wanx/cb6c9beaef0cb0ea9b60a6ed79950cf760341aef044608a12d6b712df3271f32.mp4,0.27786046266555786,0.5690216422080994,0.27786046266555786,0.6835887125657054,0,1,1,wanx
/workspace/data/genbuster-mini/extracted/GenBuster-200K-mini/benchmark/fake/wanx/cb0d09623cfdf0fcba2e32c0ae9b362e40f446b3513ced7555029d68d3e16b20.mp4,-10.713747024536133,0.9999777633620397,10.713747024536133,0.0002604745971907868,0,0,1,wanx
/workspace/data/genbuster-mini/extracted/GenBuster-200K-mini/benchmark/fake/wanx/ca6a4fa8090dda8d41dc5699ccb0a1f5eb733ab52be6311f25def0931065eeed.mp4,-12.324175834655762,0.9999955569983285,12.324175834655762,5.919934373047628e-05,0,0,1,wanx
/workspace/data/genbuster-mini/extracted/GenBuster-200K-mini/benchmark/fake/wanx/c80193a5ba077dd35005281f6365ab9260d6d9a652ff25c55bfa88839c0ed4b4.mp4,-15.095417976379395,0.99999972193703,15.095417976379395,4.475537759786703e-06,0,0,1,wanx
/workspace/data/genbuster-mini/extracted/GenBuster-200K-mini/benchmark/fake/wanx/c71046bff9251b91b06222bc7fee8080a366e0e8947e55786a61ff5543d3a486.mp4,-23.05128288269043,0.9999999999025111,23.05128288269043,2.3427375689366736e-09,0,0,1,wanx
/workspace/data/genbuster-mini/extracted/GenBuster-200K-mini/benchmark/fake/wanx/c707de13d1d608834f802ab3a17d56e7570845a8a6f1b14f978df4b4e36b6df7.mp4,-14.33485221862793,0.9999994050883174,14.33485221862793,9.122880949125373e-06,0,0,1,wanx
/workspace/data/genbuster-mini/extracted/GenBuster-200K-mini/benchmark/fake/wanx/c480ca1732e84c21232286b902d81ab00b2753d180d314199852c2a4ae0f549e.mp4,-0.3201075494289398,0.579350471496582,0.3201075494289398,0.6805007848887537,0,0,1,wanx
/workspace/data/genbuster-mini/extracted/GenBuster-200K-mini/benchmark/fake/wanx/c451d6937c66abb0847b8c120e32b7c8432ec6def8f3fa27e812f14522e541ba.mp4,-25.207794189453125,0.9999999999887178,25.207794189453125,2.937236320340229e-10,0,0,1,wanx
/workspace/data/genbuster-mini/extracted/GenBuster-200K-mini/benchmark/fake/wanx/c27f76b8bfe03df4bfab14b895c217f9e0859fd99e6f900baad413a12fa51266.mp4,-42.793304443359375,1.0,42.793304443359375,-1.0000817143549835e-12,0,0,1,wanx
/workspace/data/genbuster-mini/extracted/GenBuster-200K-mini/benchmark/fake/wanx/c17b4c12ae16e528d43269132f1c4e38620e84f0db21d04996c0bce2b409d730.mp4,-35.46198654174805,0.9999999999999996,35.46198654174805,-9.886687725012144e-13,0,0,1,wanx
/workspace/data/genbuster-mini/extracted/GenBuster-200K-mini/benchmark/fake/wanx/bcc1d21af8fd254e328fa2e15194800f29a00db2d4dbfc483c1b14c7b67bbf92.mp4,-20.116207122802734,0.9999999981649739,20.116207122802734,3.8746792137793794e-08,0,0,1,wanx
/workspace/data/genbuster-mini/extracted/GenBuster-200K-mini/benchmark/fake/wanx/bc3e5927be756bc484aa2c6e3dac80681abdf3c1a5b9262f775c0deee6926b70.mp4,-14.431792259216309,0.9999994600519244,14.431792259216309,8.332364710922759e-06,0,0,1,wanx
/workspace/data/genbuster-mini/extracted/GenBuster-200K-mini/benchmark/fake/wanx/ba99c0ed62cfa2381a840a21d30b11ca5616b806cf314cd838f94b566bd90ce7.mp4,-18.48141860961914,0.9999999905893011,18.48141860961914,1.833317645092092e-07,0,0,1,wanx
/workspace/data/genbuster-mini/extracted/GenBuster-200K-mini/benchmark/fake/wanx/b91d4d689bdf8ececf539cdea7706a8f5c588ccf310c6c15cc27977a10000b50.mp4,-19.4323787689209,0.9999999963639892,19.4323787689209,7.429035024130474e-08,0,0,1,wanx
/workspace/data/genbuster-mini/extracted/GenBuster-200K-mini/benchmark/fake/wanx/b257ed7def777871fa9fb778c1f2cf3c51d16ac161859f6aab5afeeb5dc8469e.mp4,-17.616622924804688,0.9999999776540989,17.616622924804688,4.1600321509448243e-07,0,0,1,wanx
/workspace/data/genbuster-mini/extracted/GenBuster-200K-mini/benchmark/fake/wanx/b120115069aa82df4de047f1fc854ea7aa5db43345bd31409580c952c530c0b3.mp4,-17.99033546447754,0.9999999846221161,17.99033546447754,2.920291732117497e-07,0,0,1,wanx
/workspace/data/genbuster-mini/extracted/GenBuster-200K-mini/benchmark/fake/wanx/ab2b61ab1eb9ae56f5d40ede37841e0345d15bb6b08ae76e40993411ceefbd2b.mp4,-25.86104965209961,0.9999999999941294,25.86104965209961,1.5576933302722615e-10,0,0,1,wanx
/workspace/data/genbuster-mini/extracted/GenBuster-200K-mini/benchmark/fake/wanx/a40aaf26e51ab5ea7d520f46284293ce598bb0e9c6e35261d5aad0c7e127b94f.mp4,-39.89521789550781,1.0,39.89521789550781,-9.999585467263326e-13,0,0,1,wanx
/workspace/data/genbuster-mini/extracted/GenBuster-200K-mini/benchmark/fake/wanx/a32101f2f7cfa6e0917ee53dc3f2a4699457fb9d3bb18cddd8c971412f2f4622.mp4,-15.081335067749023,0.9999997179934041,15.081335067749023,4.535040606624059e-06,0,0,1,wanx
/workspace/data/genbuster-mini/extracted/GenBuster-200K-mini/benchmark/fake/wanx/9cf293c4b82db61600d4a42667343c3c1900a155f8247fb7c9ff015d5c9e8181.mp4,-35.54916763305664,0.9999999999999997,35.54916763305664,-9.895851386497183e-13,0,0,1,wanx
/workspace/data/genbuster-mini/extracted/GenBuster-200K-mini/benchmark/fake/wanx/9ad8bad650e46c137d1e61e4edc647f868a90e57c21c17bcc478733daf1dd508.mp4,-5.842252731323242,0.9971061018295586,5.842252731323242,0.0198049781156041,0,0,1,wanx
/workspace/data/genbuster-mini/extracted/GenBuster-200K-mini/benchmark/fake/wanx/96f668cb71392434c4511d19d7e162092bcdf4029a65dfef59d8e9d3cf1686d5.mp4,-31.468029022216797,0.9999999999999785,31.468029022216797,-3.833405994325332e-13,0,0,1,wanx
/workspace/data/genbuster-mini/extracted/GenBuster-200K-mini/benchmark/fake/wanx/959755320c3ee2d634be45518702e738ab91694aedf0f69b091258eefafe48a8.mp4,-24.74042320251465,0.999999999981996,24.74042320251465,4.614591722672878e-10,0,0,1,wanx
/workspace/data/genbuster-mini/extracted/GenBuster-200K-mini/benchmark/fake/wanx/95245a190a93483e2cee6cc0fdb246393d9560a1c7ded7686f36ad00bd0438de.mp4,-25.338417053222656,0.9999999999900994,25.338417053222656,2.5881569164407045e-10,0,0,1,wanx
/workspace/data/genbuster-mini/extracted/GenBuster-200K-mini/benchmark/fake/wanx/94fda1df9089f2b2319408944f4c85d079c8443e432b7398a3353e364617a1c5.mp4,-33.05634307861328,0.9999999999999956,33.05634307861328,-8.739900654987625e-13,0,0,1,wanx
/workspace/data/genbuster-mini/extracted/GenBuster-200K-mini/benchmark/fake/wanx/9392779ccd445cf2ff5017e811344e9bdf9f5d873ed3abc49dc446da307f08a3.mp4,-26.25905990600586,0.9999999999960569,26.25905990600586,1.055933274873393e-10,0,0,1,wanx
/workspace/data/genbuster-mini/extracted/GenBuster-200K-mini/benchmark/fake/wanx/927bf824360b9efaf2c6d70e9620cf9ecbf4488e0436208da531081d41f5dc97.mp4,-14.248462677001953,0.9999993514089169,14.248462677001953,9.890015175601024e-06,0,0,1,wanx
/workspace/data/genbuster-mini/extracted/GenBuster-200K-mini/benchmark/fake/wanx/91fd922fa722fd69d57f639190e2dddea45f0c74a22068f356f877183a257c5c.mp4,-16.07815933227539,0.9999998959255549,16.07815933227539,1.7773979543462898e-06,0,0,1,wanx
/workspace/data/genbuster-mini/extracted/GenBuster-200K-mini/benchmark/fake/wanx/8fa25a7182f88785be1fc260b71ba08a5aee483bf55eff25ab92f629cea58e18.mp4,-28.132022857666016,0.999999999999394,28.132022857666016,1.6061126537916368e-11,0,0,1,wanx
/workspace/data/genbuster-mini/extracted/GenBuster-200K-mini/benchmark/fake/wanx/8c06f99cec48d915c1619d7d09f540ea472e172523150eafdf4efd5ac259a95d.mp4,-36.66326141357422,0.9999999999999999,36.66326141357422,-9.965651152560162e-13,0,0,1,wanx
/workspace/data/genbuster-mini/extracted/GenBuster-200K-mini/benchmark/fake/wanx/8bf9c1963ea39372b6fbf6a69bde93f40f70cf0dc2c400904869fd70a2982557.mp4,-24.80177116394043,0.9999999999830672,24.80177116394043,4.3492355412237533e-10,0,0,1,wanx
/workspace/data/genbuster-mini/extracted/GenBuster-200K-mini/benchmark/fake/wanx/8b239a98c53ac610305c52d567ee47e1fb45f2ace770c9ebcb8521b56a530ffb.mp4,-4.754575252532959,0.9914613356813788,4.754575252532959,0.04917305052997009,0,0,1,wanx
/workspace/data/genbuster-mini/extracted/GenBuster-200K-mini/benchmark/fake/wanx/894cfc86f8d6f8fbc520323115cdec065952ecc4bfaa96e9b04b8f20181e69d9.mp4,-36.6803092956543,0.9999999999999999,36.6803092956543,-9.96620925825286e-13,0,0,1,wanx
/workspace/data/genbuster-mini/extracted/GenBuster-200K-mini/benchmark/fake/wanx/850ccab13d18679608e33fbe22114a3f718fb1c429c2896d461a74dbecc97d99.mp4,-25.785663604736328,0.9999999999936696,25.785663604736328,1.6763454128132226e-10,0,0,1,wanx
/workspace/data/genbuster-mini/extracted/GenBuster-200K-mini/benchmark/fake/wanx/83b86b1ceff2cb444c3513ba75ff0ea8410acaf41207588be7ac6fdccc602616.mp4,-28.50184440612793,0.9999999999995814,28.50184440612793,1.0838621324919884e-11,0,0,1,wanx
/workspace/data/genbuster-mini/extracted/GenBuster-200K-mini/benchmark/fake/wanx/80f5dd938085265e3c637896d3777408e8035f74ae5d6a77d04856241dc2a85f.mp4,-41.41255569458008,1.0,41.41255569458008,-1.0000603146404696e-12,0,0,1,wanx
/workspace/data/genbuster-mini/extracted/GenBuster-200K-mini/benchmark/fake/wanx/809e18fb75daaab0f05e41cfda735e71a8a9d5b9948a5b6201a40be9452c0c1b.mp4,-17.986419677734375,0.9999999845617822,17.986419677734375,2.931144831890429e-07,0,0,1,wanx
/workspace/data/genbuster-mini/extracted/GenBuster-200K-mini/benchmark/fake/wanx/800f0170c2cc2ee171de6ced8e872f3f2dc8e452d2dc69a608f3504ae29f4696.mp4,-7.213068962097168,0.9992636504466645,7.213068962097168,0.006047960922173419,0,0,1,wanx
/workspace/data/genbuster-mini/extracted/GenBuster-200K-mini/benchmark/fake/wanx/7f9f77aedc5a02ce61ef8c0d367511e0ec4eddd978af6f944aabb37546eeea49.mp4,-23.712993621826172,0.9999999999496989,23.712993621826172,1.2411012526002652e-09,0,0,1,wanx
/workspace/data/genbuster-mini/extracted/GenBuster-200K-mini/benchmark/fake/wanx/79bc1c80b43b61bfe57c04a4b37a4cf9db79f2bca12bf44237322198cbf11250.mp4,-10.66550350189209,0.9999766643159091,10.66550350189209,0.00027222277534697783,0,0,1,wanx
/workspace/data/genbuster-mini/extracted/GenBuster-200K-mini/benchmark/fake/wanx/78c4d0088e78d1bc1735822d74a32bd4651b49d3a568297e26e14a8546ea6a61.mp4,-25.31819725036621,0.9999999999898971,25.31819725036621,2.6393694228573406e-10,0,0,1,wanx
/workspace/data/genbuster-mini/extracted/GenBuster-200K-mini/benchmark/fake/wanx/7822e4a914d6bfa8aee5f11e2a3df892cf89700e8fd47a4c5b57429811dce93c.mp4,-22.018638610839844,0.9999999997262042,22.018638610839844,6.300407602360001e-09,0,0,1,wanx
/workspace/data/genbuster-mini/extracted/GenBuster-200K-mini/benchmark/fake/wanx/776b51789eaf3469e49f0d4a338158b2da8d79d0e33756f5dd6844d4d47b0cb0.mp4,-22.163097381591797,0.9999999997630323,22.163097381591797,5.486907295719532e-09,0,0,1,wanx
/workspace/data/genbuster-mini/extracted/GenBuster-200K-mini/benchmark/fake/wanx/7730ed6d23c436d1b3bb28f72d1e8efcc1d6390035601f45fceebd1545a95c81.mp4,-9.940627098083496,0.9999518252370763,9.940627098083496,0.0005270632746859331,0,0,1,wanx
/workspace/data/genbuster-mini/extracted/GenBuster-200K-mini/benchmark/fake/wanx/763c6533e03e745d0bd6dbde16834be6479fcd3572e840f9da7f290b13542c05.mp4,-14.10690975189209,0.9999992527832546,14.10690975189209,1.1288134246702465e-05,0,0,1,wanx
/workspace/data/genbuster-mini/extracted/GenBuster-200K-mini/benchmark/fake/wanx/75be03e7e84116b55d8ecd21f0dd9e39a2fda0b2e750a6d87e636b963b249c6e.mp4,-1.0221976041793823,0.7354004383087158,1.0221976041793823,0.5778131430028542,0,0,1,wanx
/workspace/data/genbuster-mini/extracted/GenBuster-200K-mini/benchmark/fake/wanx/7275cc4570c8349a0ac09a0fb74d5a8c1e18ed76c5a1d5bfa8d863591b635889.mp4,-22.83493423461914,0.9999999998789642,22.83493423461914,2.882885924821466e-09,0,0,1,wanx
/workspace/data/genbuster-mini/extracted/GenBuster-200K-mini/benchmark/fake/wanx/7104882f39570dfd5257a4f223d448feac9b9d08e3663912c43b506ae7b5d167.mp4,-37.07307434082031,0.9999999999999999,37.07307434082031,-9.976752418063165e-13,0,0,1,wanx
/workspace/data/genbuster-mini/extracted/GenBuster-200K-mini/benchmark/fake/wanx/704bfbbe26588d20a86417a969d23127543bbe9b23c7cce0ae7afd1bedfa0bdb.mp4,-28.15735626220703,0.9999999999994093,28.15735626220703,1.5639997932715697e-11,0,0,1,wanx
/workspace/data/genbuster-mini/extracted/GenBuster-200K-mini/benchmark/fake/wanx/6fb28f3482ed82b7b7e53102a681d31bd0e2bd84f737afd1170c48c517f7af84.mp4,-15.077498435974121,0.9999997169093717,15.077498435974121,4.551387181949791e-06,0,0,1,wanx
/workspace/data/genbuster-mini/extracted/GenBuster-200K-mini/benchmark/fake/wanx/6cd3dba2317bbce4c97a8e1a21c27cdfc119562d1b4ce1d22e9b317094cb9888.mp4,-39.84450912475586,1.0,39.84450912475586,-9.999517661766038e-13,0,0,1,wanx
/workspace/data/genbuster-mini/extracted/GenBuster-200K-mini/benchmark/fake/wanx/685ebc7d39e8b2783d383937b2c39857b202f5203a33870ac2202433d4e5c9e9.mp4,-16.97118377685547,0.999999957390294,16.97118377685547,7.657448557646081e-07,0,0,1,wanx
/workspace/data/genbuster-mini/extracted/GenBuster-200K-mini/benchmark/fake/wanx/67c4a5419d82688164b96b863c8c7a8400feefd0cb28bcdf04a1b30470cfc8c5.mp4,-20.080190658569336,0.9999999980976781,20.080190658569336,4.0099307710126856e-08,0,0,1,wanx
/workspace/data/genbuster-mini/extracted/GenBuster-200K-mini/benchmark/fake/wanx/65f92bb7d07431e4bd6c337e63b6dd7f1460910fbcb95d64d3baa8c20b1d5148.mp4,-35.08218765258789,0.9999999999999994,35.08218765258789,-9.833760086182685e-13,0,0,1,wanx
/workspace/data/genbuster-mini/extracted/GenBuster-200K-mini/benchmark/fake/wanx/5fb743f9bf347d7ff4f9b78a71b60d67e6ee69423dcdad70429eec6f264df712.mp4,-21.50177574157715,0.9999999995409105,21.50177574157715,1.0328331691529374e-08,0,0,1,wanx
/workspace/data/genbuster-mini/extracted/GenBuster-200K-mini/benchmark/fake/wanx/5e87a694aa5e7f1fb8ae17509255b07d2c09b50c708c49ca3965b3ffce656f38.mp4,-33.1091194152832,0.9999999999999958,33.1091194152832,-8.804653467898081e-13,0,0,1,wanx
/workspace/data/genbuster-mini/extracted/GenBuster-200K-mini/benchmark/fake/wanx/5e3e1d92b85b7ca9c39a92b77bddc1a202fa80272feccc8297dd588dd83600c4.mp4,-32.13704299926758,0.999999999999989,32.13704299926758,-6.83997883151527e-13,0,0,1,wanx
/workspace/data/genbuster-mini/extracted/GenBuster-200K-mini/benchmark/fake/wanx/5d9832af28acb81256936b06322784853f50746b5059c9501fcac142271595d6.mp4,-23.862060546875,0.999999999956665,23.862060546875,1.0754087515824351e-09,0,0,1,wanx
/workspace/data/genbuster-mini/extracted/GenBuster-200K-mini/benchmark/fake/wanx/5cb7175b7fcbe97ccde328eb5ac9ca70a72f4612d838c7370214be26d97df883.mp4,-24.897720336914062,0.9999999999846164,24.897720336914062,3.9643083395366496e-10,0,0,1,wanx
/workspace/data/genbuster-mini/extracted/GenBuster-200K-mini/benchmark/fake/wanx/5c3378d4591da10687e308114bcd209de0816202e24bbaea62db7e868abc4a85.mp4,-35.10711669921875,0.9999999999999994,35.10711669921875,-9.83771086036943e-13,0,0,1,wanx
/workspace/data/genbuster-mini/extracted/GenBuster-200K-mini/benchmark/fake/wanx/5c0ddf6c204b22d84f0de36c53c96b663cc7f8c8402f8fec31e53b9e60cf0c61.mp4,-39.41148376464844,1.0,39.41148376464844,-9.998774509562916e-13,0,0,1,wanx
/workspace/data/genbuster-mini/extracted/GenBuster-200K-mini/benchmark/fake/wanx/5b276f71545541ee7cffe99c5654706a62e460271ad1653246275609646928b6.mp4,-32.82443618774414,0.9999999999999944,32.82443618774414,-8.411332012837701e-13,0,0,1,wanx
/workspace/data/genbuster-mini/extracted/GenBuster-200K-mini/benchmark/fake/wanx/5a79f334d8917bf619daba7b9524437d34bbbb58c9892bc8586b074f2f27f9fa.mp4,-15.485200881958008,0.9999998116946642,15.485200881958008,3.1042493040844365e-06,0,0,1,wanx
/workspace/data/genbuster-mini/extracted/GenBuster-200K-mini/benchmark/fake/wanx/5a228ac837d4dbe7772f85ba7bb3b3b1c58215ea9f6924250ce861faf163f5f8.mp4,-13.757277488708496,0.9999989400391769,13.757277488708496,1.5642134620472068e-05,0,0,1,wanx
/workspace/data/genbuster-mini/extracted/GenBuster-200K-mini/benchmark/fake/wanx/586098a8246a2f46f3a8719495b028e6e8581077c9d18e540e79d3642a97189c.mp4,-22.377174377441406,0.9999999998086992,22.377174377441406,4.470073674307922e-09,0,0,1,wanx
/workspace/data/genbuster-mini/extracted/GenBuster-200K-mini/benchmark/fake/wanx/57c7949aa9cbda1755654004cc78420332a0cb5029215eab4d02c50cbf3a03be.mp4,-34.487735748291016,0.999999999999999,34.487735748291016,-9.699018456250841e-13,0,0,1,wanx
/workspace/data/genbuster-mini/extracted/GenBuster-200K-mini/benchmark/fake/wanx/5778af223a3160d1e578423738d2bfe066a160aed6842abe200c988a97038287.mp4,-21.583206176757812,0.9999999995768127,21.583206176757812,9.554927622205766e-09,0,0,1,wanx
/workspace/data/genbuster-mini/extracted/GenBuster-200K-mini/benchmark/fake/wanx/5774510484deda117ec272980e0f64d16adaeddcd1a326c0cf38e730bda3d582.mp4,-26.136558532714844,0.999999999995543,26.136558532714844,1.1904390926643848e-10,0,0,1,wanx
/workspace/data/genbuster-mini/extracted/GenBuster-200K-mini/benchmark/fake/wanx/556a26459fbac79fb385eb01a9937797cf8e5d5432551e6b67db8a322704d371.mp4,-15.750849723815918,0.9999998556247363,15.750849723815918,2.418406366024301e-06,0,0,1,wanx
/workspace/data/genbuster-mini/extracted/GenBuster-200K-mini/benchmark/fake/wanx/551f65bf8674f71f82cb82f2ef67100c052f6fffcaf9993e0141c1aceb8e0038.mp4,-13.185237884521484,0.9999981218808216,13.185237884521484,2.6641567002651937e-05,0,0,1,wanx
/workspace/data/genbuster-mini/extracted/GenBuster-200K-mini/benchmark/fake/wanx/4f1d27a3139054e19e9e17044752a102067e15d7d08c626fea1334638dd4ccdd.mp4,-10.211888313293457,0.9999632703074894,10.211888313293457,0.00041180988372120815,0,0,1,wanx
/workspace/data/genbuster-mini/extracted/GenBuster-200K-mini/benchmark/fake/wanx/4ee1ded7a87732f19f3c3a7df23c38d0b9077feacec82b54217d5ae6c94c84d3.mp4,-35.392601013183594,0.9999999999999996,35.392601013183594,-9.878801632817347e-13,0,0,1,wanx
/workspace/data/genbuster-mini/extracted/GenBuster-200K-mini/benchmark/fake/wanx/48acc468fb99e72c88dd2cf489c9f66b9323b6f1e218b476a0d604ee8cb0e27f.mp4,-23.02328872680664,0.9999999998997434,23.02328872680664,2.406497120840942e-09,0,0,1,wanx
/workspace/data/genbuster-mini/extracted/GenBuster-200K-mini/benchmark/fake/wanx/48877755d1a2958ff004120adbe0f9fa47cb825ed6120571b86e9829c748c899.mp4,-10.48485279083252,0.9999720440573583,10.48485279083252,0.00032107027511669214,0,0,1,wanx
/workspace/data/genbuster-mini/extracted/GenBuster-200K-mini/benchmark/fake/wanx/4867b73c33bc9ce17da602bdbdaabbdffe2b1fd44d5f20c818c8f846c158ac62.mp4,-12.361662864685059,0.9999957204690872,12.361662864685059,5.718165647515084e-05,0,0,1,wanx
/workspace/data/genbuster-mini/extracted/GenBuster-200K-mini/benchmark/fake/wanx/4392b3313eed3427cb8ff3b5d831d27fefacc7735845bb69a5595d9486504c1e.mp4,-9.909587860107422,0.9999503065555473,9.909587860107422,0.0005421362301509164,0,0,1,wanx
/workspace/data/genbuster-mini/extracted/GenBuster-200K-mini/benchmark/fake/wanx/43289940508644e01da41688c63ba2f8215aab65692262ea1d66f031b8db86d4.mp4,-25.300884246826172,0.9999999999897207,25.300884246826172,2.6840166292679406e-10,0,0,1,wanx
/workspace/data/genbuster-mini/extracted/GenBuster-200K-mini/benchmark/fake/wanx/423b6d387db6ac76458218c9ff1aaf68f9d7a8c283293cd9c702d12a41c8a1d3.mp4,-27.04497718811035,0.9999999999982031,27.04497718811035,4.859808012966661e-11,0,0,1,wanx
/workspace/data/genbuster-mini/extracted/GenBuster-200K-mini/benchmark/fake/wanx/3bb6c64cc9b97263d18a9cdc6a01e519a905eef96514f0d04b7753b5dc08d68c.mp4,-14.852888107299805,0.9999996456173221,14.852888107299805,5.617987014677245e-06,0,0,1,wanx
/workspace/data/genbuster-mini/extracted/GenBuster-200K-mini/benchmark/fake/wanx/39ac5e202da3e24051e3c0a4e6d4a3ffdca06d58a0f70c05ffcb9f876004a20a.mp4,-37.518394470214844,1.0,37.518394470214844,-9.986849092904239e-13,0,0,1,wanx
/workspace/data/genbuster-mini/extracted/GenBuster-200K-mini/benchmark/fake/wanx/397852a19bc5a757aaeb83a9a83174fff29ffe432d1421d07b75a7d6f3687736.mp4,-22.00014877319336,0.9999999997210947,22.00014877319336,6.412865002825263e-09,0,0,1,wanx
/workspace/data/genbuster-mini/extracted/GenBuster-200K-mini/benchmark/fake/wanx/38c32072812e77e2929198b549589af885f36963e5a6bbabf63621061a608976.mp4,-16.532699584960938,0.9999999339398187,16.532699584960938,1.1582113173082605e-06,0,0,1,wanx
/workspace/data/genbuster-mini/extracted/GenBuster-200K-mini/benchmark/fake/wanx/36cff24ee7db697de639597f7c4f89dfcfde7b7141848356eb07be7868409e0b.mp4,-15.959766387939453,0.9999998828448255,15.959766387939453,1.986922396524411e-06,0,0,1,wanx
/workspace/data/genbuster-mini/extracted/GenBuster-200K-mini/benchmark/fake/wanx/3258700ab99ddf654a44639cdbe90392196032f5d63da451744506fd8c5dfa2b.mp4,-17.89542007446289,0.9999999830910031,17.89542007446289,3.1950059749208794e-07,0,0,1,wanx
/workspace/data/genbuster-mini/extracted/GenBuster-200K-mini/benchmark/fake/wanx/324a4af18425a113a87fe3fb139573145d92987b631543e7900f7ddfcf8e65a7.mp4,-43.72960662841797,1.0,43.72960662841797,-1.0000860830418473e-12,0,0,1,wanx
/workspace/data/genbuster-mini/extracted/GenBuster-200K-mini/benchmark/fake/wanx/3247cb7813e3acba232445200167e161f7f28295cc98a3bbfe344c156f72d609.mp4,-21.414199829101562,0.9999999994988922,21.414199829101562,1.122993073908279e-08,0,0,1,wanx
/workspace/data/genbuster-mini/extracted/GenBuster-200K-mini/benchmark/fake/wanx/313939889b8bd27edbec18dc077dad37f5eb12c873b1803722b0162a508c0612.mp4,-23.684640884399414,0.9999999999482523,23.684640884399414,1.275383373348207e-09,0,0,1,wanx
/workspace/data/genbuster-mini/extracted/GenBuster-200K-mini/benchmark/fake/wanx/302b22f819f65d6577f87116e7ddea427fcbd3ef041ef981a41b83c64debe63e.mp4,-25.467039108276367,0.9999999999912943,25.467039108276367,2.2846839906947823e-10,0,0,1,wanx
/workspace/data/genbuster-mini/extracted/GenBuster-200K-mini/benchmark/fake/wanx/2ef15dbc61b5573fdf4eb9f5707f48346048ec91c29ef796cf46b5bd6e7bae38.mp4,-10.87840747833252,0.9999811392281117,10.87840747833252,0.0002240361099953166,0,0,1,wanx
/workspace/data/genbuster-mini/extracted/GenBuster-200K-mini/benchmark/fake/wanx/2b9f67f14e73a788430baee1a00555dbf24190f70332b74350323efad2e47cc4.mp4,-35.29890441894531,0.9999999999999996,35.29890441894531,-9.867245820505562e-13,0,0,1,wanx
/workspace/data/genbuster-mini/extracted/GenBuster-200K-mini/benchmark/fake/wanx/2b7733ab910264af16770f558c91fcf2d107b76c9066668d79473987926972b4.mp4,-28.935653686523438,0.9999999999997288,28.935653686523438,6.701667470834266e-12,0,0,1,wanx
/workspace/data/genbuster-mini/extracted/GenBuster-200K-mini/benchmark/fake/wanx/29cf2ef7c758650c4dba896138c23f4b3c276ecba0af9e5f2825f974826c4ff1.mp4,-27.349185943603516,0.9999999999986744,27.349185943603516,3.583348957163711e-11,0,0,1,wanx
/workspace/data/genbuster-mini/extracted/GenBuster-200K-mini/benchmark/fake/wanx/29cea89efd778ffaded3acf67618972b54f1997338788f03bce44357294baae3.mp4,-18.644678115844727,0.9999999920068277,18.644678115844727,1.5702129792328071e-07,0,0,1,wanx
/workspace/data/genbuster-mini/extracted/GenBuster-200K-mini/benchmark/fake/wanx/29b02d4decb09260963f94b7cd9d302caa974ae6b3a27606e912980458b03e34.mp4,-15.26375675201416,0.9999997650180177,15.26375675201416,3.82168783142481e-06,0,0,1,wanx
/workspace/data/genbuster-mini/extracted/GenBuster-200K-mini/benchmark/fake/wanx/2682efbb75708e1226f7c32d402e82d69f669edc57bdfffe87e01060b0482f09.mp4,-5.498488426208496,0.9959237305447459,5.498488426208496,0.02649792063711929,0,0,1,wanx
/workspace/data/genbuster-mini/extracted/GenBuster-200K-mini/benchmark/fake/wanx/22ed9eba0e75a174a5fbbb27d2590fc0ba93cea130f5b48106cc769242b08e08.mp4,-28.725833892822266,0.9999999999996654,28.725833892822266,8.483356694060688e-12,0,0,1,wanx
/workspace/data/genbuster-mini/extracted/GenBuster-200K-mini/benchmark/fake/wanx/2292598507c9cb98de96d25c962aa2a18bd2735ea02cbd4fbec2a2b88ea0ffa4.mp4,-21.438705444335938,0.9999999995110229,21.438705444335938,1.0970013759361423e-08,0,0,1,wanx
/workspace/data/genbuster-mini/extracted/GenBuster-200K-mini/benchmark/fake/wanx/21ea88df124bb3f68f31170751fe993def7877114967c7086a063bf51de1639b.mp4,-41.94398880004883,1.0,41.94398880004883,-1.0000720988505944e-12,0,0,1,wanx
/workspace/data/genbuster-mini/extracted/GenBuster-200K-mini/benchmark/fake/wanx/200cd6d7876a6826e60464bfc8133f9cefff38c3400f0fde33a0b208e313088b.mp4,-25.60224723815918,0.9999999999923952,25.60224723815918,2.003641762094748e-10,0,0,1,wanx
/workspace/data/genbuster-mini/extracted/GenBuster-200K-mini/benchmark/fake/wanx/19ff832cc4478b6fcae443642f44987c4ed6682b4b3abd3ff41513ba77fbae29.mp4,-26.92089080810547,0.9999999999979657,26.92089080810547,5.498490461642385e-11,0,0,1,wanx
/workspace/data/genbuster-mini/extracted/GenBuster-200K-mini/benchmark/fake/wanx/190f543d31a3fd1450727085d4f24c563a600c6527729121e61549b2d92048c5.mp4,-11.845207214355469,0.9999928271995486,11.845207214355469,9.213613192613801e-05,0,0,1,wanx
/workspace/data/genbuster-mini/extracted/GenBuster-200K-mini/benchmark/fake/wanx/17828f9b485d2172bc80808a3dbc894b79c083e43d4d2d1b9cddd6f3df83fe73.mp4,-23.24209976196289,0.9999999999194465,23.24209976196289,1.9507916651064e-09,0,0,1,wanx
/workspace/data/genbuster-mini/extracted/GenBuster-200K-mini/benchmark/fake/wanx/164de5e0552624cdda1671fed80b22a35fd5d21e0ae294aaedc44e0c5c293699.mp4,-25.194873809814453,0.999999999988571,25.194873809814453,2.974206365645993e-10,0,0,1,wanx
/workspace/data/genbuster-mini/extracted/GenBuster-200K-mini/benchmark/fake/wanx/154f2d35c4eac50d636be2ad091c11a87b034cef8c1e98c6868ccc392dc0fdfa.mp4,-7.703753471374512,0.9995490727305878,7.703753471374512,0.003924861481083576,0,0,1,wanx
/workspace/data/genbuster-mini/extracted/GenBuster-200K-mini/benchmark/fake/wanx/154903614bbbd53c1fc80d4017b0eb9f4c1e09dde034d08dbe46e60ed4d8ce8f.mp4,-39.95864486694336,1.0,39.95864486694336,-9.999665579259023e-13,0,0,1,wanx
/workspace/data/genbuster-mini/extracted/GenBuster-200K-mini/benchmark/fake/wanx/11a6795c013ce65e6a8b5c789bb3826285c6a7aec981f40135b7fb4747989185.mp4,-24.446208953857422,0.9999999999758372,24.446208953857422,6.128705365259472e-10,0,0,1,wanx
/workspace/data/genbuster-mini/extracted/GenBuster-200K-mini/benchmark/fake/wanx/115d4c912f2a8628b273d4def28ca3002b29349e56c928114805845ab4c0d2f8.mp4,-25.317018508911133,0.9999999999898852,25.317018508911133,2.642385344147316e-10,0,0,1,wanx
/workspace/data/genbuster-mini/extracted/GenBuster-200K-mini/benchmark/fake/wanx/1071116f75950607e03e037c1084c6b8287847fe79bb4d279ae5f125c464d96c.mp4,-22.106109619140625,0.9999999997491359,22.106109619140625,5.7944961852003945e-09,0,0,1,wanx
/workspace/data/genbuster-mini/extracted/GenBuster-200K-mini/benchmark/fake/wanx/0df1c67a1f9957b83296d4f651269ab22686cc2af56db0cb47363b247ead2ecb.mp4,-29.68730926513672,0.9999999999998721,29.68730926513672,2.647188193704138e-12,0,0,1,wanx
/workspace/data/genbuster-mini/extracted/GenBuster-200K-mini/benchmark/fake/wanx/09313dfdc8f644a5a1ee2567c7a5ae789bec4f5658e69f48438e4ef5fc7f0848.mp4,-21.072189331054688,0.999999999294553,21.072189331054688,1.55687624093123e-08,0,0,1,wanx
/workspace/data/genbuster-mini/extracted/GenBuster-200K-mini/benchmark/fake/wanx/08e0b506dd1b6561ef0f957641bad65a7282f324dedd63a0533193bbb1ea8d3c.mp4,-20.05624008178711,0.9999999980515664,20.05624008178711,4.102468665247938e-08,0,0,1,wanx
/workspace/data/genbuster-mini/extracted/GenBuster-200K-mini/benchmark/fake/wanx/06ee3ffc7b97f2e7835870d3f98efe7379e9ba3a1043bde8420c3cca2ae5d920.mp4,-23.73365020751953,0.9999999999507273,23.73365020751953,1.21670467326271e-09,0,0,1,wanx
/workspace/data/genbuster-mini/extracted/GenBuster-200K-mini/benchmark/fake/wanx/06695de08d80927057020947f92ce9e3f1e36a1874b4d3efd5208f65e05d1e11.mp4,-21.595947265625,0.9999999995821703,21.595947265625,9.439258751980803e-09,0,0,1,wanx
/workspace/data/genbuster-mini/extracted/GenBuster-200K-mini/benchmark/fake/wanx/050213285684b773ffe7f4148220f154556c81b2941dc89347e67633a8b9e825.mp4,-22.339719772338867,0.9999999998013983,22.339719772338867,4.633310649208372e-09,0,0,1,wanx
/workspace/data/genbuster-mini/extracted/GenBuster-200K-mini/benchmark/fake/wanx/04e88998cad24253fd42ba61f8f76d517c59621b8e09ed50955f453d70bd3340.mp4,-13.669154167175293,0.9999988423926425,13.669154167175293,1.6981119440699575e-05,0,0,1,wanx
/workspace/data/genbuster-mini/extracted/GenBuster-200K-mini/benchmark/fake/wanx/03802cae3aae4d795d462f80ea15bd09bbaedd9704a610e8811d8a8750b19535.mp4,-22.130016326904297,0.999999999755062,22.130016326904297,5.663420418422501e-09,0,0,1,wanx
/workspace/data/genbuster-mini/extracted/GenBuster-200K-mini/benchmark/fake/vidu/ffd1731f5ebdee43b90379395e26eaa7bbdad953dc11f2e45280984ea33d11b3.mp4,-22.84233856201172,0.999999999879857,22.84233856201172,2.8624937709360034e-09,0,0,1,vidu
/workspace/data/genbuster-mini/extracted/GenBuster-200K-mini/benchmark/fake/vidu/fbb04897cf7749f060f018f4458830b0605abe1ab3fb88da3b690b4b19870349.mp4,-19.69199562072754,0.9999999971953739,19.69199562072754,5.803131087257496e-08,0,0,1,vidu
/workspace/data/genbuster-mini/extracted/GenBuster-200K-mini/benchmark/fake/vidu/fb5ac50dc32d43bdd7a4feb55b86c46c46839be64fcb2d4621849fb73fd0aa2d.mp4,-15.465192794799805,0.999999807889111,15.465192794799805,3.163140862249044e-06,0,0,1,vidu
/workspace/data/genbuster-mini/extracted/GenBuster-200K-mini/benchmark/fake/vidu/fb35cc5516fb0e26ab347c3c67864cf5c3da3d651781bd44f0ba28c3a0b08acc.mp4,-26.30400848388672,0.9999999999962302,26.30400848388672,1.0104274504977983e-10,0,0,1,vidu
/workspace/data/genbuster-mini/extracted/GenBuster-200K-mini/benchmark/fake/vidu/fa99bbd55687acd7e63a4138cf4e08fa59a8680a5c414d96f6ea8c40da71dae5.mp4,-17.87444305419922,0.9999999827325574,17.87444305419922,3.259113614530527e-07,0,0,1,vidu
/workspace/data/genbuster-mini/extracted/GenBuster-200K-mini/benchmark/fake/vidu/f8c05f46b554d98ef8c6c86343dc60882af69fbfd6ea4109b1a7976606e41e27.mp4,-17.530536651611328,0.9999999756451956,17.530536651611328,4.513055964442479e-07,0,0,1,vidu
/workspace/data/genbuster-mini/extracted/GenBuster-200K-mini/benchmark/fake/vidu/f8b5e11e791b162a8d167380a78294e4869da397297481cc3895045970592af1.mp4,-31.323328018188477,0.9999999999999751,31.323328018188477,-2.8742102817548567e-13,0,0,1,vidu
/workspace/data/genbuster-mini/extracted/GenBuster-200K-mini/benchmark/fake/vidu/f7f1e3f6a1db9ff4382f59df6270ceca2759029d861c770ed3158b96b1314d23.mp4,-26.41304588317871,0.9999999999966197,26.41304588317871,9.078928280781796e-11,0,0,1,vidu
/workspace/data/genbuster-mini/extracted/GenBuster-200K-mini/benchmark/fake/vidu/f27ecdb5d37f988bd873d24ce2cf283187c0ac13a66dc55b331d8d4a0af308f6.mp4,-18.17074203491211,0.9999999871605318,18.17074203491211,2.4614013089418235e-07,0,0,1,vidu
/workspace/data/genbuster-mini/extracted/GenBuster-200K-mini/benchmark/fake/vidu/eb7ab44b766c1ec337453b8167b6c66e48a5e3d73bbf18135e8c4147050c236d.mp4,-18.012828826904297,0.9999999849641554,18.012828826904297,2.858719393336134e-07,0,0,1,vidu
/workspace/data/genbuster-mini/extracted/GenBuster-200K-mini/benchmark/fake/vidu/e911eb2695265d5b649a346d246ec0dd330fa5c337110700b1669bb2241aaffe.mp4,-19.652965545654297,0.999999997083745,19.652965545654297,6.022731462085904e-08,0,0,1,vidu
/workspace/data/genbuster-mini/extracted/GenBuster-200K-mini/benchmark/fake/vidu/e2559f15d1e54a4a3f96ebb64eb1497c69e96c0bc38dc57ee4c863b1b60bc3fd.mp4,-27.86246681213379,0.9999999999992066,27.86246681213379,2.1251912779731813e-11,0,0,1,vidu
/workspace/data/genbuster-mini/extracted/GenBuster-200K-mini/benchmark/fake/vidu/de52d676990908387fadbf7f981fc5f9c5d2d50a39dd1196031ef12493c3fe48.mp4,-15.136083602905273,0.9999997330178303,15.136083602905273,4.3080446708159965e-06,0,0,1,vidu
/workspace/data/genbuster-mini/extracted/GenBuster-200K-mini/benchmark/fake/vidu/dde19af241b7b56ff03b4f032938cae5b4d3203e5b7039263bf23dd1e792c673.mp4,-10.46804141998291,0.9999715701178502,10.46804141998291,0.0003260354661294866,0,0,1,vidu
/workspace/data/genbuster-mini/extracted/GenBuster-200K-mini/benchmark/fake/vidu/d99d845d9bc29c055dfb8e34846006371808244075faee0b17fb995a8714e3b7.mp4,-23.592493057250977,0.9999999999432573,23.592493057250977,1.393454619313463e-09,0,0,1,vidu
/workspace/data/genbuster-mini/extracted/GenBuster-200K-mini/benchmark/fake/vidu/d8c83392ce8f59a85a9cc326b6c40a3c43ec6322a52ea2e5fe7ed7243991e56b.mp4,-30.11002540588379,0.9999999999999162,30.11002540588379,1.3933121934806866e-12,0,0,1,vidu
/workspace/data/genbuster-mini/extracted/GenBuster-200K-mini/benchmark/fake/vidu/d7a7e59e933a6a34e4f40588f7111b8703f373bf863f981c1723ad52058f782e.mp4,-23.310527801513672,0.9999999999247743,23.310527801513672,1.8267837594787298e-09,0,0,1,vidu
/workspace/data/genbuster-mini/extracted/GenBuster-200K-mini/benchmark/fake/vidu/d781de3f0a6f992554114612dfc564af84e63486547a125e0fc96429b9ab29c1.mp4,-1.9366711378097534,0.8739859908819199,1.9366711378097534,0.3787386423287211,0,0,1,vidu
/workspace/data/genbuster-mini/extracted/GenBuster-200K-mini/benchmark/fake/vidu/d5b9f8f7e5c56d01b1ac2a2f863040f770b1a6065a5a911f7c2e491fa39cc210.mp4,-9.022775650024414,0.9998793837221456,9.022775650024414,0.0012089171696600903,0,0,1,vidu
/workspace/data/genbuster-mini/extracted/GenBuster-200K-mini/benchmark/fake/vidu/d1faf4107fd672fe123c439cf5e0fa0efb29257dd0d1671aac0d4496cc478bd2.mp4,-20.033084869384766,0.9999999980059235,20.033084869384766,4.193957958393965e-08,0,0,1,vidu
/workspace/data/genbuster-mini/extracted/GenBuster-200K-mini/benchmark/fake/vidu/cf4947906005c8a5b2787ac1fadffd6a212d453e94d25cbd7dac5b0435e95f2c.mp4,-21.66002082824707,0.9999999996081025,21.66002082824707,8.878406532583666e-09,0,0,1,vidu
/workspace/data/genbuster-mini/extracted/GenBuster-200K-mini/benchmark/fake/vidu/cdacb01e2591a6d14f6e5fcf8a5b4456b78797f4f95237dd25d10e3f91654419.mp4,-27.316837310791016,0.9999999999986309,27.316837310791016,3.701900039982658e-11,0,0,1,vidu
/workspace/data/genbuster-mini/extracted/GenBuster-200K-mini/benchmark/fake/vidu/cdaae2650982c251ef29471d89c25cad2a3772067c62a2428978dfba5e1ba1d7.mp4,-10.290177345275879,0.9999660360626876,10.290177345275879,0.0003834594488171006,0,0,1,vidu
/workspace/data/genbuster-mini/extracted/GenBuster-200K-mini/benchmark/fake/vidu/ccf3e06de4b918259fd42ed540e80def7e2365966bd2a01b230046c6bc522c8c.mp4,-25.093231201171875,0.9999999999873483,25.093231201171875,3.2816072322213394e-10,0,0,1,vidu
/workspace/data/genbuster-mini/extracted/GenBuster-200K-mini/benchmark/fake/vidu/cc8ecb26c0d6c779b623c721302b0face5bf98caa6d8d0bc4aed0e7ccb9bb267.mp4,-15.748140335083008,0.999999855233014,15.748140335083008,2.424575792779925e-06,0,0,1,vidu
/workspace/data/genbuster-mini/extracted/GenBuster-200K-mini/benchmark/fake/vidu/cbcac6eab85d3878a174f4b0fb06a594195b060a0f8fd7b6b0a459b37617c4e7.mp4,-7.632052421569824,0.9995155696524307,7.632052421569824,0.004181745492781079,0,0,1,vidu
/workspace/data/genbuster-mini/extracted/GenBuster-200K-mini/benchmark/fake/vidu/cb9a18a09cba3de80ce13614ba3d872d22bb833abee9f73f147f56e7cdbae3c1.mp4,-15.310601234436035,0.9999997757717836,15.310601234436035,3.657295053869538e-06,0,0,1,vidu
/workspace/data/genbuster-mini/extracted/GenBuster-200K-mini/benchmark/fake/vidu/cb545badfda64c6289b33103918d94edf5f2af03570be265324e4b2547e44996.mp4,-1.0894702672958374,0.7482819557189941,1.0894702672958374,0.5642147500124044,0,0,1,vidu
/workspace/data/genbuster-mini/extracted/GenBuster-200K-mini/benchmark/fake/vidu/c9e5c502219b25a19a41663fcd446994768ad0243c2847be062ee4596d6bcc0f.mp4,-8.77011775970459,0.9998447188409045,8.77011775970459,0.00151712728137933,0,0,1,vidu
/workspace/data/genbuster-mini/extracted/GenBuster-200K-mini/benchmark/fake/vidu/c980639c2c687069d0309680d74972b3cbc64ef778f6c236783a672b80d5d983.mp4,-20.81450653076172,0.999999999087202,20.81450653076172,1.9910237405648946e-08,0,0,1,vidu
/workspace/data/genbuster-mini/extracted/GenBuster-200K-mini/benchmark/fake/vidu/c7a85d4fc46c191623355c284e3bd1385c513f3eae4dc0a5ea6bb4b49203f06c.mp4,-30.86183738708496,0.9999999999999605,30.86183738708496,1.300250791127531e-13,0,0,1,vidu
/workspace/data/genbuster-mini/extracted/GenBuster-200K-mini/benchmark/fake/vidu/c664b7e1ac5e9073f19c20cd1dbdfce217f57dc484d7ce75861fcdf8110c3fd2.mp4,-16.645627975463867,0.9999999409940799,16.645627975463867,1.04119451839037e-06,0,0,1,vidu
/workspace/data/genbuster-mini/extracted/GenBuster-200K-mini/benchmark/fake/vidu/c56143c71b657145e00a3fcffd0c3ff463d729e65206f3463882638d33085a46.mp4,-18.346343994140625,0.9999999892283054,18.346343994140625,2.0839091022130779e-07,0,0,1,vidu
/workspace/data/genbuster-mini/extracted/GenBuster-200K-mini/benchmark/fake/vidu/c4cd56399d951e019695aea35d5bca324f9969ea294aa0a3746a618fae7d7ebb.mp4,-25.700902938842773,0.9999999999931096,25.700902938842773,1.82044194502412e-10,0,0,1,vidu
/workspace/data/genbuster-mini/extracted/GenBuster-200K-mini/benchmark/fake/vidu/c47794f818247534dee6056d142cfe9a6bad0ce67969904d3f8e061c418de993.mp4,-22.570619583129883,0.9999999998423462,22.570619583129883,3.7140010556205807e-09,0,0,1,vidu
/workspace/data/genbuster-mini/extracted/GenBuster-200K-mini/benchmark/fake/vidu/c13388b12702987d3dd578f0faf83b0d5e4ff83b4d27dc6ff6104ef7f8c08ffa.mp4,-17.905696868896484,0.9999999832638853,17.905696868896484,3.164059119321353e-07,0,0,1,vidu
/workspace/data/genbuster-mini/extracted/GenBuster-200K-mini/benchmark/fake/vidu/c06ceb48433a94a308880a0fa934f29e7a2fb4f14347dc446a7a1c3797bd7b20.mp4,-11.627497673034668,0.9999910826036285,11.627497673034668,0.00011260443924651963,0,0,1,vidu
/workspace/data/genbuster-mini/extracted/GenBuster-200K-mini/benchmark/fake/vidu/bd4d0c651b426f01ac2aeb5d7b06f9ada9f0aea4864d3de5a7a72fb3b8b532cb.mp4,-34.17809295654297,0.9999999999999986,34.17809295654297,-9.589052145232604e-13,0,0,1,vidu
/workspace/data/genbuster-mini/extracted/GenBuster-200K-mini/benchmark/fake/vidu/bce4e534f85f213e8525c5dcddf5845f3af3b2c7b5e2add0385de5a7bdba55a6.mp4,-21.818004608154297,0.999999999665373,21.818004608154297,7.633522371378807e-09,0,0,1,vidu
/workspace/data/genbuster-mini/extracted/GenBuster-200K-mini/benchmark/fake/vidu/b9c3b8dac8e0722990269aa8c46394f88994d8f754240c0bead164d72f638751.mp4,-14.332633018493652,0.9999994037666511,14.332633018493652,9.141825373723712e-06,0,0,1,vidu
/workspace/data/genbuster-mini/extracted/GenBuster-200K-mini/benchmark/fake/vidu/b66bc0d6f845ad0ddf6284d5ec55df63ea327847f66a1c919c338164b98a5ad5.mp4,-30.253192901611328,0.9999999999999274,30.253192901611328,1.0746786018195694e-12,0,0,1,vidu
/workspace/data/genbuster-mini/extracted/GenBuster-200K-mini/benchmark/fake/vidu/b47751e279b487c08c402d6fa42cc59e58719dd0d96c2901454ec9441ee61300.mp4,-8.617011070251465,0.9998190323240124,8.617011070251465,0.0017403845313564196,0,0,1,vidu
/workspace/data/genbuster-mini/extracted/GenBuster-200K-mini/benchmark/fake/vidu/b4763ca82358a2902715abf39897bed5380a3175dac3556dd19b196352b27553.mp4,-18.12254524230957,0.9999999865265572,18.12254524230957,2.5764452021668824e-07,0,0,1,vidu
/workspace/data/genbuster-mini/extracted/GenBuster-200K-mini/benchmark/fake/vidu/b45288c4218dd433ad16ba2f038108fcda78b19e4d58c45baa89dd1ac1e95db4.mp4,-26.540836334228516,0.9999999999970252,26.540836334228516,8.006707802160854e-11,0,0,1,vidu
/workspace/data/genbuster-mini/extracted/GenBuster-200K-mini/benchmark/fake/vidu/b2d31d5504bed6256cdb186e5ee96ee53d265dc072ce0734954afa0627c77463.mp4,-36.39801025390625,0.9999999999999999,36.39801025390625,-9.955621899252636e-13,0,0,1,vidu
/workspace/data/genbuster-mini/extracted/GenBuster-200K-mini/benchmark/fake/vidu/b23d282b61cbee1db895681dfe7dd46c8f0ed797e9917615d8fa3bd2ec5a0cc5.mp4,-22.66217041015625,0.9999999998561385,22.66217041015625,3.402077669959414e-09,0,0,1,vidu
/workspace/data/genbuster-mini/extracted/GenBuster-200K-mini/benchmark/fake/vidu/acf8f247b54b14c281555ecca9bc0115272247e2df075a65feba98d6231bfe04.mp4,-16.65034294128418,0.999999941271625,16.65034294128418,1.0365739521684513e-06,0,0,1,vidu
/workspace/data/genbuster-mini/extracted/GenBuster-200K-mini/benchmark/fake/vidu/ac4c4289549c4bc246adbb7a7458d9e79661c67a55ea24f7b81ea6204e5bd461.mp4,-26.02103042602539,0.9999999999949972,26.02103042602539,1.3326823936248455e-10,0,0,1,vidu
/workspace/data/genbuster-mini/extracted/GenBuster-200K-mini/benchmark/fake/vidu/ac48d272ae8bf4c145b83284eec4554afae00e5ef434efe8627397b9c44f83d4.mp4,-18.716886520385742,0.9999999925636565,18.716886520385742,1.4661954214260324e-07,0,0,1,vidu
/workspace/data/genbuster-mini/extracted/GenBuster-200K-mini/benchmark/fake/vidu/a9b6f8bd690ccb9f3541628dd33d83a016642fc6705fefe8a155abede5d8f05d.mp4,-19.294723510742188,0.999999995827388,19.294723510742188,8.468000808942511e-08,0,0,1,vidu
/workspace/data/genbuster-mini/extracted/GenBuster-200K-mini/benchmark/fake/vidu/a8aeef225d67a0f951863f99e1f0fe4f6c70a36be153cf887c7f05ac1cd4d30d.mp4,-29.127883911132812,0.9999999999997762,29.127883911132812,5.3632078963994614e-12,0,0,1,vidu
/workspace/data/genbuster-mini/extracted/GenBuster-200K-mini/benchmark/fake/vidu/a899a80d540ca052b721857fe4c98d50e8687222f50347092859f702b44ce8ea.mp4,-24.744768142700195,0.999999999982074,24.744768142700195,4.595279932254537e-10,0,0,1,vidu
/workspace/data/genbuster-mini/extracted/GenBuster-200K-mini/benchmark/fake/vidu/a76e1c5d013a4f695814d16ae72555a0698c0d344c79c5358d8b681775c8fa0b.mp4,-19.50808334350586,0.9999999966290909,19.50808334350586,6.912888515234604e-08,0,0,1,vidu
/workspace/data/genbuster-mini/extracted/GenBuster-200K-mini/benchmark/fake/vidu/a6de1cf21017055026ea8e6329499e43d88936cb562b33b6b227263c9d99aad3.mp4,-29.62601089477539,0.999999999999864,29.62601089477539,2.87691315693187e-12,0,0,1,vidu
/workspace/data/genbuster-mini/extracted/GenBuster-200K-mini/benchmark/fake/vidu/a639cebe1881b6a96d013985df23e16c06bca3c27564f206b156b2a586824863.mp4,-23.430906295776367,0.999999999933306,23.430906295776367,1.627401915199609e-09,0,0,1,vidu
/workspace/data/genbuster-mini/extracted/GenBuster-200K-mini/benchmark/fake/vidu/a5e11bb954decff3b1750e55f097629eee621ccfa39bb23c8e544ef157c802f6.mp4,-33.669742584228516,0.9999999999999977,33.669742584228516,-9.317629992434223e-13,0,0,1,vidu
/workspace/data/genbuster-mini/extracted/GenBuster-200K-mini/benchmark/fake/vidu/a2f23d89ca6ede2bfcdc6ea067b357a706a15428eb42f3937045febadef91629.mp4,-8.952359199523926,0.9998705853067804,8.952359199523926,0.001287989886833958,0,0,1,vidu
/workspace/data/genbuster-mini/extracted/GenBuster-200K-mini/benchmark/fake/vidu/9ee3cdeb8ffc60ec4dd2d201ab5155224802b061c0edb899a54d320e5be73ab5.mp4,-27.44179344177246,0.9999999999987916,27.44179344177246,3.263812928752587e-11,0,0,1,vidu
/workspace/data/genbuster-mini/extracted/GenBuster-200K-mini/benchmark/fake/vidu/9de860b81878ef2ec08427edc360b9838cfa164ecc87fb821502c3ef2c8bae23.mp4,-15.870833396911621,0.9999998719485319,15.870833396911621,2.160332997099945e-06,0,0,1,vidu
/workspace/data/genbuster-mini/extracted/GenBuster-200K-mini/benchmark/fake/vidu/9dd961bf5478cdde209f087bf54478cb2dfd2cc4c44660b2153723055a7ca93b.mp4,-16.578914642333984,0.9999999369233237,16.578914642333984,1.108817514911006e-06,0,0,1,vidu
/workspace/data/genbuster-mini/extracted/GenBuster-200K-mini/benchmark/fake/vidu/9dc618f92f9722dddbf55bb985ab47bf1fa515866bf52a94b14ae4bc58cf2aea.mp4,-29.079635620117188,0.9999999999997651,29.079635620117188,5.675677550862596e-12,0,0,1,vidu
/workspace/data/genbuster-mini/extracted/GenBuster-200K-mini/benchmark/fake/vidu/9d93f4357a4c3168b0836c3580d161aca80dc9f50112b3e5018c95662e9eba60.mp4,-25.524045944213867,0.9999999999917767,25.524045944213867,2.1617226850810997e-10,0,0,1,vidu
/workspace/data/genbuster-mini/extracted/GenBuster-200K-mini/benchmark/fake/vidu/9af1445d154423152485151a982119d7d21fa7e695534ffd9a390d66e5487cb2.mp4,-8.390410423278809,0.9997730174509343,8.390410423278809,0.0021314850544102283,0,0,1,vidu
/workspace/data/genbuster-mini/extracted/GenBuster-200K-mini/benchmark/fake/vidu/99ecc949804861fa0aeb0044df192812727a5cb9bd045797e48f2737a9cb3026.mp4,-14.113458633422852,0.9999992576605905,14.113458633422852,1.1219314156810818e-05,0,0,1,vidu
/workspace/data/genbuster-mini/extracted/GenBuster-200K-mini/benchmark/fake/vidu/97ee406ba4048a680a8a006f3233b8b7124330333eab9058f24e49eaf0f979b3.mp4,-16.53634262084961,0.999999934180039,16.53634262084961,1.1542393901485495e-06,0,0,1,vidu
/workspace/data/genbuster-mini/extracted/GenBuster-200K-mini/benchmark/fake/vidu/96a9ece19a8074e066b70228cba07961387dad2af64ff760ec8431300dac796d.mp4,-39.34731674194336,1.0,39.34731674194336,-9.99863438114326e-13,0,0,1,vidu
/workspace/data/genbuster-mini/extracted/GenBuster-200K-mini/benchmark/fake/vidu/94f3177fe30076050bc610ad7e9700ab82c9137300631c580d4643655924720a.mp4,-20.96489715576172,0.9999999992146543,20.96489715576172,1.724803768225806e-08,0,0,1,vidu
/workspace/data/genbuster-mini/extracted/GenBuster-200K-mini/benchmark/fake/vidu/8fb144834350ae3621720b66e52707a4cda159093e991e63ed6ae693033e90a6.mp4,-18.899551391601562,0.9999999938051736,18.899551391601562,1.232722666624586e-07,0,0,1,vidu
/workspace/data/genbuster-mini/extracted/GenBuster-200K-mini/benchmark/fake/vidu/8f84e2c1bd0043ced1beba7d530c80d1cbe24a72dc27d5815a3afca29aa7454f.mp4,-14.589155197143555,0.9999995386716023,14.589155197143555,7.191718108782115e-06,0,0,1,vidu
/workspace/data/genbuster-mini/extracted/GenBuster-200K-mini/benchmark/fake/vidu/8b64db300a2bf9aec9240ccd55281f23b7cf868068add5c008de89e8be818b92.mp4,-16.03194236755371,0.9999998910026733,16.03194236755371,1.8564341933102334e-06,0,0,1,vidu
/workspace/data/genbuster-mini/extracted/GenBuster-200K-mini/benchmark/fake/vidu/8b085c74bb789c54f5044ea3b2cc27f1c2cfeca4b65e6c16c22d2cb9d679919f.mp4,-31.275360107421875,0.9999999999999739,31.275360107421875,-2.5232368566792387e-13,0,0,1,vidu
/workspace/data/genbuster-mini/extracted/GenBuster-200K-mini/benchmark/fake/vidu/8654957a5deafd4b0327f217a52e176073b51f1ea42c60a14c05233c7721c961.mp4,-22.102928161621094,0.9999999997483365,22.102928161621094,5.812165659256547e-09,0,0,1,vidu
/workspace/data/genbuster-mini/extracted/GenBuster-200K-mini/benchmark/fake/vidu/840cc7f1270e90c7826e94d49d2591004ce47e58219084d8c848361ae84717e4.mp4,-21.22607421875,0.9999999993951703,21.22607421875,1.3440990394727805e-08,0,0,1,vidu
/workspace/data/genbuster-mini/extracted/GenBuster-200K-mini/benchmark/fake/vidu/83bfb866e4fd3d6c34bfe4a7b2c8887e54045e9cda2a26cb006e894a82672de4.mp4,-24.683753967285156,0.9999999999809462,24.683753967285156,4.873987537451705e-10,0,0,1,vidu
/workspace/data/genbuster-mini/extracted/GenBuster-200K-mini/benchmark/fake/vidu/833c872d7ffa6a673a02ea420d6eadf2ca1bcfd67b87cd36054f60f3da9de48f.mp4,-29.348480224609375,0.9999999999998205,29.348480224609375,4.110272630638589e-12,0,0,1,vidu
/workspace/data/genbuster-mini/extracted/GenBuster-200K-mini/benchmark/fake/vidu/8163e84bc1f01b74d208a5df24d0d3d95738c2f9d5d33055f8c1684c18d35ec9.mp4,-14.533601760864258,0.9999995123179701,14.533601760864258,7.575456543735241e-06,0,0,1,vidu
/workspace/data/genbuster-mini/extracted/GenBuster-200K-mini/benchmark/fake/vidu/8042ef5280099d370ebfa91a8eb910a159a0960900b93a062e34b52d6242265c.mp4,-17.84572982788086,0.9999999822295678,17.84572982788086,3.348947655205655e-07,0,0,1,vidu
/workspace/data/genbuster-mini/extracted/GenBuster-200K-mini/benchmark/fake/vidu/7d38a3a0b42f4a60fb37e56ba93a2db4f3971c3c3a0400f2660b4f8cbc9ab2f0.mp4,-14.561393737792969,0.9999995256850411,14.561393737792969,7.380999968567607e-06,0,0,1,vidu
/workspace/data/genbuster-mini/extracted/GenBuster-200K-mini/benchmark/fake/vidu/7c203cd10a07628e09779cbcb01c6922cd1edb198f5b6b583472559a118a1df9.mp4,-24.607769012451172,0.999999999979442,24.607769012451172,5.244690735099496e-10,0,0,1,vidu
/workspace/data/genbuster-mini/extracted/GenBuster-200K-mini/benchmark/fake/vidu/7a93012f0d971e7ebeb67fcbba84d81061bfb75e460051aeb13619fe2665e96f.mp4,-19.044002532958984,0.9999999946383951,19.044002532958984,1.074660227603244e-07,0,0,1,vidu
/workspace/data/genbuster-mini/extracted/GenBuster-200K-mini/benchmark/fake/vidu/77ec4fdeef91e6ba34a7b84a4ff662e83ec68357714ba8252188c2b1cbe9830b.mp4,-13.429558753967285,0.999998528988499,13.429558753967285,2.1226046071357666e-05,0,0,1,vidu
/workspace/data/genbuster-mini/extracted/GenBuster-200K-mini/benchmark/fake/vidu/76de6505187ecee306a2b795aa2d2f88b920a2069be82bb7d96812b9abca1097.mp4,-9.116896629333496,0.9998902171719237,9.116896629333496,0.0011106675496206698,0,0,1,vidu
/workspace/data/genbuster-mini/extracted/GenBuster-200K-mini/benchmark/fake/vidu/764ce52d7a07e4537959b1c46d062f5990df32e46cf29372eabe12a2e64a1079.mp4,-19.080699920654297,0.9999999948315863,19.080699920654297,1.0378336515497766e-07,0,0,1,vidu
/workspace/data/genbuster-mini/extracted/GenBuster-200K-mini/benchmark/fake/vidu/762b0df89d04b6c512840046438f996aeedaaa322c865d02cca6fc3eac7c7618.mp4,-27.52243423461914,0.9999999999988853,27.52243423461914,3.008021826457218e-11,0,0,1,vidu
/workspace/data/genbuster-mini/extracted/GenBuster-200K-mini/benchmark/fake/vidu/6f4a0028c2681b426703101fcf23538934b03c62095658117fbbcb2bd6a968a7.mp4,-1.620210886001587,0.8348242193460464,1.620210886001587,0.44815369934643795,0,0,1,vidu
/workspace/data/genbuster-mini/extracted/GenBuster-200K-mini/benchmark/fake/vidu/6d62cbe45288bfbde6d0464eb62559fbff043a881e95daf7e1c81e872db46a47.mp4,-21.44820785522461,0.9999999995156474,21.44820785522461,1.0870849180241612e-08,0,0,1,vidu
/workspace/data/genbuster-mini/extracted/GenBuster-200K-mini/benchmark/fake/vidu/6d1bc8da821425d9fcf387272d49f109818fc926559d90b804b73929d0a338b1.mp4,2.7054672241210938,0.937348484992981,2.7054672241210938,0.2342017731992513,0,1,1,vidu
/workspace/data/genbuster-mini/extracted/GenBuster-200K-mini/benchmark/fake/vidu/6c61e9c60791ad2fdeb4d7e1c9a3684cf30daf195fff5b2a0680a6cb98e58d96.mp4,-23.7581787109375,0.9999999999519211,23.7581787109375,1.188355143401313e-09,0,0,1,vidu
/workspace/data/genbuster-mini/extracted/GenBuster-200K-mini/benchmark/fake/vidu/6b42813e0e8fcfd715bd313303bfd41d3c23b47d6b32afc8cdf40e89d1dcb593.mp4,-27.5485897064209,0.9999999999989141,27.5485897064209,2.9292741524407824e-11,0,0,1,vidu
/workspace/data/genbuster-mini/extracted/GenBuster-200K-mini/benchmark/fake/vidu/684aeb38258ec99336cb94ee3337cfc702ebf1f95ef239f348eef7822ff63b56.mp4,-17.910419464111328,0.9999999833427378,17.910419464111328,3.1499381727571443e-07,0,0,1,vidu
/workspace/data/genbuster-mini/extracted/GenBuster-200K-mini/benchmark/fake/vidu/66d55151e1f0c7c1a9559f75544dfee9a732dc2ece13b6d57a16539d4b8d25a9.mp4,-17.68377685546875,0.9999999791054393,17.68377685546875,3.9038731259100224e-07,0,0,1,vidu
/workspace/data/genbuster-mini/extracted/GenBuster-200K-mini/benchmark/fake/vidu/62d0ad59f553a4fd8c97c272ec02d99dab87eeb779225b6563a91b022616213f.mp4,-25.612529754638672,0.999999999992473,25.612529754638672,1.9837258379588222e-10,0,0,1,vidu
/workspace/data/genbuster-mini/extracted/GenBuster-200K-mini/benchmark/fake/vidu/62aaa2e8e8782251a24f2dfbfd6d7620cbaecd6a07657cd8b95d767100543669.mp4,-25.999534606933594,0.9999999999948885,25.999534606933594,1.360939394298599e-10,0,0,1,vidu
/workspace/data/genbuster-mini/extracted/GenBuster-200K-mini/benchmark/fake/vidu/5dbdff8ab8cbf8271cc892f26c74b148d9c86c6bafe887c224b1d636169ae7d9.mp4,-19.912639617919922,0.9999999977506839,19.912639617919922,4.703713657584646e-08,0,0,1,vidu
/workspace/data/genbuster-mini/extracted/GenBuster-200K-mini/benchmark/fake/vidu/5d86def21a18f8af4be39bf7ff0750c67d6fbcfdae60257701959df9b980d6c5.mp4,-11.981720924377441,0.9999937424836389,11.981720924377441,8.123334876453417e-05,0,0,1,vidu
/workspace/data/genbuster-mini/extracted/GenBuster-200K-mini/benchmark/fake/vidu/5d54ef5e11a0b31641573d58048245ccd57adef9792d0f3de41608adf7c7ae48.mp4,-24.951091766357422,0.9999999999854159,24.951091766357422,3.765052241324339e-10,0,0,1,vidu
/workspace/data/genbuster-mini/extracted/GenBuster-200K-mini/benchmark/fake/vidu/5bebd02f412fa60f1930a1be2befb7067246571b2a323e9d49776b8deb1a8723.mp4,-18.903799057006836,0.9999999938314312,18.903799057006836,1.2277595289125963e-07,0,0,1,vidu
/workspace/data/genbuster-mini/extracted/GenBuster-200K-mini/benchmark/fake/vidu/5379c7a0d2510102e30d74cbe48be981de38752704277cdf33f887a99d92b65c.mp4,-13.049978256225586,0.9999978498660766,13.049978256225586,3.0209335228785454e-05,0,0,1,vidu
/workspace/data/genbuster-mini/extracted/GenBuster-200K-mini/benchmark/fake/vidu/50fe90bd7f3d0d00343e943b007a45d9eb44a38c8c7f5a2d06144bd0c882c99e.mp4,-16.46192741394043,0.9999999290951891,16.46192741394043,1.2381326686575646e-06,0,0,1,vidu
/workspace/data/genbuster-mini/extracted/GenBuster-200K-mini/benchmark/fake/vidu/50a25d65f1bbf9078bcafb264f873e7350c74b4fc49f7086b74c359614e0bd15.mp4,-21.445188522338867,0.9999999995141827,21.445188522338867,1.090226138957568e-08,0,0,1,vidu
/workspace/data/genbuster-mini/extracted/GenBuster-200K-mini/benchmark/fake/vidu/4dc91967db651e39d49f1b61451cdcfbc7593549e8ed4f9573863972b2fca0ac.mp4,-14.78089714050293,0.999999619164214,14.78089714050293,6.009928454811385e-06,0,0,1,vidu
/workspace/data/genbuster-mini/extracted/GenBuster-200K-mini/benchmark/fake/vidu/4c7ec46c56275445fc68d18f9c5f0abe5ef13a7a1288b67fc603ceb6279da068.mp4,-10.872824668884277,0.9999810336394148,10.872824668884277,0.00022518445185146452,0,0,1,vidu
/workspace/data/genbuster-mini/extracted/GenBuster-200K-mini/benchmark/fake/vidu/4c08c0d31a9fae0d6bcfba53c2e9efa7e979cb1fb61355c3ab9a0db1d36eb967.mp4,-6.978974342346191,0.9990696085733362,6.978974342346191,0.007424002406740772,0,0,1,vidu
/workspace/data/genbuster-mini/extracted/GenBuster-200K-mini/benchmark/fake/vidu/49879bf764c49ea2a5002cb4a1b625afbeea93e87531db44d26443685320facd.mp4,-29.143218994140625,0.9999999999997796,29.143218994140625,5.267059546801287e-12,0,0,1,vidu
/workspace/data/genbuster-mini/extracted/GenBuster-200K-mini/benchmark/fake/vidu/469a7079700a2d9117a6adb31071e54431326789ac2ae555e836fb2a816dabaa.mp4,-30.48090362548828,0.9999999999999422,30.48090362548828,6.53096653375903e-13,0,0,1,vidu
/workspace/data/genbuster-mini/extracted/GenBuster-200K-mini/benchmark/fake/vidu/44450ae6a80876b00c7476927c4e9261b88b12d489d29fb4646bbde454dbb098.mp4,-15.278696060180664,0.9999997685023914,15.278696060180664,3.7684772368816105e-06,0,0,1,vidu
/workspace/data/genbuster-mini/extracted/GenBuster-200K-mini/benchmark/fake/vidu/41d483b1fe47f144fef3c7c9e726b0b30b2d99c9f71fe5a12c878a81e024373f.mp4,-26.965749740600586,0.999999999998055,26.965749740600586,5.258701612715558e-11,0,0,1,vidu
/workspace/data/genbuster-mini/extracted/GenBuster-200K-mini/benchmark/fake/vidu/3f681018b0be05b57f8c8df4990bc008b9082517fcce657e9eef601fddc55fce.mp4,-25.783428192138672,0.9999999999936555,25.783428192138672,1.679996094405939e-10,0,0,1,vidu
/workspace/data/genbuster-mini/extracted/GenBuster-200K-mini/benchmark/fake/vidu/3f3964f21feb0ec913200982745a75dfde314472426c81e42c66e3e06ff8452f.mp4,-8.398001670837402,0.9997747336310567,8.398001670837402,0.002117079093069503,0,0,1,vidu
/workspace/data/genbuster-mini/extracted/GenBuster-200K-mini/benchmark/fake/vidu/3ef83b3f98f4e039b5663913a3d686ccc7cd38b8a3d9163fe68870ded0a1de6c.mp4,-28.422195434570312,0.9999999999995467,28.422195434570312,1.1809334886951744e-11,0,0,1,vidu
/workspace/data/genbuster-mini/extracted/GenBuster-200K-mini/benchmark/fake/vidu/3b06b316991a12373a85d9c24df990851bb7eaa1454161985e65eded101819ec.mp4,-38.875213623046875,1.0,38.875213623046875,-9.997274025609317e-13,0,0,1,vidu
/workspace/data/genbuster-mini/extracted/GenBuster-200K-mini/benchmark/fake/vidu/38b8f737e1722eb23258d7d3617ad6a29bc725d4950e28201bac3170d5e94fbe.mp4,-27.79559326171875,0.9999999999991518,27.79559326171875,2.2765281404659372e-11,0,0,1,vidu
/workspace/data/genbuster-mini/extracted/GenBuster-200K-mini/benchmark/fake/vidu/380e39c488ef8203ee87791b6557690366710eb784b209fcff08d1cd3f096d6b.mp4,-17.258588790893555,0.9999999680338654,17.258588790893555,5.836545068257645e-07,0,0,1,vidu
/workspace/data/genbuster-mini/extracted/GenBuster-200K-mini/benchmark/fake/vidu/360b64515cd598bca0409d61a255c99d2860d995e80b042a21737a71bf9ff736.mp4,-10.063064575195312,0.999957376603561,10.063064575195312,0.00047154629548724604,0,0,1,vidu
/workspace/data/genbuster-mini/extracted/GenBuster-200K-mini/benchmark/fake/vidu/35b53c52445d0016282a4e341ef975229caa89b64921288de2754cae925176a2.mp4,-33.73809814453125,0.9999999999999978,33.73809814453125,-9.363377214055647e-13,0,0,1,vidu
/workspace/data/genbuster-mini/extracted/GenBuster-200K-mini/benchmark/fake/vidu/31c9f8eb57eeaefc4e2e2ae6362ae737203464098bd5c45b748b01afa2aa937f.mp4,-21.598264694213867,0.9999999995831375,21.598264694213867,9.41837014901879e-09,0,0,1,vidu
/workspace/data/genbuster-mini/extracted/GenBuster-200K-mini/benchmark/fake/vidu/310155e6233ca98fc4264b296aff863ff0cc74085224127cc631f6a725aee0bb.mp4,-34.57174301147461,0.999999999999999,34.57174301147461,-9.722446435988121e-13,0,0,1,vidu
/workspace/data/genbuster-mini/extracted/GenBuster-200K-mini/benchmark/fake/vidu/2f52b4bd65257b822d7ebe0ada751fd83172eedfd957137939aab8c66c106750.mp4,-17.851768493652344,0.9999999823365524,17.851768493652344,3.3298522378475925e-07,0,0,1,vidu
/workspace/data/genbuster-mini/extracted/GenBuster-200K-mini/benchmark/fake/vidu/2e011925cd199faf971bae9dd624ba62fed141795c5435e6908fefd058707a9c.mp4,-10.676095008850098,0.99997691016506,10.676095008850098,0.000269599370708538,0,0,1,vidu
/workspace/data/genbuster-mini/extracted/GenBuster-200K-mini/benchmark/fake/vidu/2c826a3a3bb4a3700786ff541271e0663074409f6eff39c303e322a0e20b39af.mp4,-39.18023681640625,1.0,39.18023681640625,-9.998224380689606e-13,0,0,1,vidu
/workspace/data/genbuster-mini/extracted/GenBuster-200K-mini/benchmark/fake/vidu/2bba7f0502d4ee0016c123e97b996701a3df16cf55f127f89a59f6e04f6f2cf2.mp4,-26.6817569732666,0.9999999999974162,26.6817569732666,6.967905123994524e-11,0,0,1,vidu
/workspace/data/genbuster-mini/extracted/GenBuster-200K-mini/benchmark/fake/vidu/2a8275a25610f5246e4a007ee2fbd75dd9d4c6def6b14ff8073c37671227edc5.mp4,-19.288511276245117,0.9999999958013857,19.288511276245117,8.518163464951001e-08,0,0,1,vidu
/workspace/data/genbuster-mini/extracted/GenBuster-200K-mini/benchmark/fake/vidu/2a3e1c256fae556cfb7a8d6ccb7bdb0ebeb3dd366a2a93ce55e3e6e32b084f66.mp4,-22.65593719482422,0.999999999855239,22.65593719482422,3.4224601267427048e-09,0,0,1,vidu
/workspace/data/genbuster-mini/extracted/GenBuster-200K-mini/benchmark/fake/vidu/28653a6866add91d979eda940ecaedb594a39ece7afad12971bb951a76282f47.mp4,-13.836564064025879,0.9999990208343661,13.836564064025879,1.4527452115314462e-05,0,0,1,vidu
/workspace/data/genbuster-mini/extracted/GenBuster-200K-mini/benchmark/fake/vidu/28099108d40cbae91a3488a39e39590227935ac5a2898cb72b4326d631c25ad2.mp4,-21.21054458618164,0.9999999993857043,21.21054458618164,1.3641844604166635e-08,0,0,1,vidu
/workspace/data/genbuster-mini/extracted/GenBuster-200K-mini/benchmark/fake/vidu/27720f714f056520d0441c53dc18d22945af5532818478b10ed8537e15d7c8fe.mp4,-18.91777801513672,0.9999999939170618,18.91777801513672,1.2115661186229965e-07,0,0,1,vidu
/workspace/data/genbuster-mini/extracted/GenBuster-200K-mini/benchmark/fake/vidu/2433e1bed7c5b81b10d205dd12f9d9f666d4384b2afa7971deb800f840cfbae2.mp4,-26.427608489990234,0.9999999999966686,26.427608489990234,8.949966963116496e-11,0,0,1,vidu
/workspace/data/genbuster-mini/extracted/GenBuster-200K-mini/benchmark/fake/vidu/212bc6436c0f378348c7fff4570cb2b2f250589555a2313d9a49d224f4c09ffa.mp4,-25.455577850341797,0.9999999999911939,25.455577850341797,2.3102295878142228e-10,0,0,1,vidu
/workspace/data/genbuster-mini/extracted/GenBuster-200K-mini/benchmark/fake/vidu/1ed1a95e17b60e9f69c2668b15189c06b0e877ef6377b71d6da4a3a57ffd110e.mp4,-10.263707160949707,0.9999651250618626,10.263707160949707,0.0003928216985042758,0,0,1,vidu
/workspace/data/genbuster-mini/extracted/GenBuster-200K-mini/benchmark/fake/vidu/1a57c84f978c5f2e50b73e12629a7d83d6c9416df27522593917f7216fe4cc5b.mp4,-25.853647232055664,0.9999999999940857,25.853647232055664,1.568967129842872e-10,0,0,1,vidu
/workspace/data/genbuster-mini/extracted/GenBuster-200K-mini/benchmark/fake/vidu/18d6dfd8175bc7373f84c8cdecfc94ed2a7aa137bb803b314fc64dd477089cf7.mp4,-27.460527420043945,0.9999999999988141,27.460527420043945,3.202592445960069e-11,0,0,1,vidu
/workspace/data/genbuster-mini/extracted/GenBuster-200K-mini/benchmark/fake/vidu/17ccd0bf78a27f7f15accaa89c2300bd318205858bbc3a18f66379c508ae60fd.mp4,-29.404190063476562,0.9999999999998302,29.404190063476562,3.834729960958209e-12,0,0,1,vidu
/workspace/data/genbuster-mini/extracted/GenBuster-200K-mini/benchmark/fake/vidu/137ce0b7d02788f80f4905e848a00b0c4eaa0fb86aefba738d2821d66b418f7f.mp4,-20.327598571777344,0.999999998514625,20.327598571777344,3.167748300385471e-08,0,0,1,vidu
/workspace/data/genbuster-mini/extracted/GenBuster-200K-mini/benchmark/fake/vidu/117295fadb1607ea61c745400b0b9d8ab63ddcc9b40761cdba68914597a647c9.mp4,-13.656699180603027,0.9999988278846104,13.656699180603027,1.717934143236597e-05,0,0,1,vidu
/workspace/data/genbuster-mini/extracted/GenBuster-200K-mini/benchmark/fake/vidu/10d4dc96121d5208744ccd930d0febcc2d0a6c902af8fcc0dc19500fff2341eb.mp4,-8.259038925170898,0.9997411593212746,8.259038925170898,0.00239664942955902,0,0,1,vidu
/workspace/data/genbuster-mini/extracted/GenBuster-200K-mini/benchmark/fake/vidu/10a464e630a89f2f2cebb56a57dc6ddc02d6cabd7d3eda47df21f6539cd56699.mp4,-22.423748016357422,0.9999999998174045,22.423748016357422,4.27507267021361e-09,0,0,1,vidu
/workspace/data/genbuster-mini/extracted/GenBuster-200K-mini/benchmark/fake/vidu/105d45bd91239e83b53d65c00d3bedd1185c45a1a22994dc66b7c07518276f6a.mp4,-17.926782608032227,0.9999999836130851,17.926782608032227,3.1014957787902756e-07,0,0,1,vidu
/workspace/data/genbuster-mini/extracted/GenBuster-200K-mini/benchmark/fake/vidu/0fb71eca253388fdfb5a0059100810afada2d70e91cda2158fc83871af523928.mp4,-15.44334888458252,0.9999998036464604,15.44334888458252,3.228707766257848e-06,0,0,1,vidu
/workspace/data/genbuster-mini/extracted/GenBuster-200K-mini/benchmark/fake/vidu/0efb966749efcacf3afd775addca77cb8a4ac9637504b7d78cc77917690537f6.mp4,-22.740673065185547,0.9999999998670002,22.740673065185547,3.155509951260787e-09,0,0,1,vidu
/workspace/data/genbuster-mini/extracted/GenBuster-200K-mini/benchmark/fake/vidu/0bf965d2ab8c3d6c39d1fa94a97b3516849f051185589fdb09a6bed49b10179d.mp4,-24.102386474609375,0.9999999999659226,24.102386474609375,8.534386688041255e-10,0,0,1,vidu
/workspace/data/genbuster-mini/extracted/GenBuster-200K-mini/benchmark/fake/vidu/0b06896ce5e9e00590e9ba90975059d0776d15a2e969835c898f3a57d1f96c0e.mp4,-13.455522537231445,0.9999985666897828,13.455522537231445,2.0719247147373685e-05,0,0,1,vidu
/workspace/data/genbuster-mini/extracted/GenBuster-200K-mini/benchmark/fake/vidu/0a5248b880f71f2e01f7fe820c441a39f95003576dbcd25b335a1d046123fbde.mp4,-21.930442810058594,0.9999999997009598,21.930442810058594,6.855127374850983e-09,0,0,1,vidu
/workspace/data/genbuster-mini/extracted/GenBuster-200K-mini/benchmark/fake/vidu/0a3760272bcc04d5f35ad0bdb46bcbacdbff030388a02e94a4f9972c12a21c3a.mp4,-16.37774085998535,0.9999999228674881,16.37774085998535,1.3403868090217478e-06,0,0,1,vidu
/workspace/data/genbuster-mini/extracted/GenBuster-200K-mini/benchmark/fake/vidu/0969aa5626a915105cd09f0d4f4141d6cc8de9f07942a47d8dbdcb54d8554c0d.mp4,-19.562715530395508,0.9999999968083106,19.562715530395508,6.562780033135237e-08,0,0,1,vidu
/workspace/data/genbuster-mini/extracted/GenBuster-200K-mini/benchmark/fake/vidu/03de62c2b9c6830a891bbfaf599ffacc5c28187042e6ade9c7dc4333c2804198.mp4,-41.702659606933594,1.0,41.702659606933594,-1.0000675129869497e-12,0,0,1,vidu
/workspace/data/genbuster-mini/extracted/GenBuster-200K-mini/benchmark/fake/vidu/038681a528a5738f2fb75595423d406e8f47bb5d2881b241924ea81ab018e40a.mp4,-27.69588851928711,0.9999999999990629,27.69588851928711,2.5213017808515388e-11,0,0,1,vidu
/workspace/data/genbuster-mini/extracted/GenBuster-200K-mini/benchmark/fake/vidu/0326d0fb4285e60a944c7179c6628bfaddbe989a2821e1d8d5a5d4d0853fb13d.mp4,-18.18277359008789,0.9999999873140863,18.18277359008789,2.433490097504065e-07,0,0,1,vidu
/workspace/data/genbuster-mini/extracted/GenBuster-200K-mini/benchmark/fake/vidu/0313eb4e3e91c1c1fa502b66ec3a286bad79dadcbda6885216c11131a48620df.mp4,-23.59503936767578,0.9999999999434015,23.59503936767578,1.3900499581584486e-09,0,0,1,vidu
/workspace/data/genbuster-mini/extracted/GenBuster-200K-mini/benchmark/fake/vidu/016ca050a8d192bc0fde03b9d9463d1fd1272c924e4dbaddc423ba7b96ee6e0d.mp4,-29.461708068847656,0.9999999999998397,29.461708068847656,3.5657397157904222e-12,0,0,1,vidu
/workspace/data/genbuster-mini/extracted/GenBuster-200K-mini/benchmark/fake/vidu/00e48c1f4e510313704843eb2929ef2563f10ee148a5f62d59562b03fb284e89.mp4,-39.51631164550781,1.0,39.51631164550781,-9.99898494527384e-13,0,0,1,vidu
/workspace/data/genbuster-mini/extracted/GenBuster-200K-mini/benchmark/fake/sora/fecf705d8a30d9de916764ebe5389f26060e206bd709c77f0da4fd88ef803e8c.mp4,-18.133756637573242,0.9999999866767686,18.133756637573242,2.549214668799094e-07,0,0,1,sora
/workspace/data/genbuster-mini/extracted/GenBuster-200K-mini/benchmark/fake/sora/fc63d0a3573136e134f210ec02ca25e50f762f2a8d62281aa5d1606394ffda37.mp4,-31.692005157470703,0.9999999999999828,31.692005157470703,-5.069246007740918e-13,0,0,1,sora
/workspace/data/genbuster-mini/extracted/GenBuster-200K-mini/benchmark/fake/sora/fb1d2037d3367f3cfba68e3f376d60d557d236040f5d39165468087e9984d5b9.mp4,-31.898468017578125,0.999999999999986,31.898468017578125,-5.989766540769686e-13,0,0,1,sora
/workspace/data/genbuster-mini/extracted/GenBuster-200K-mini/benchmark/fake/sora/fa3d2fd40916d37d9fabeb4603c6d4a2b32247de5dd53d7779ed3366f428f39a.mp4,-12.340826988220215,0.9999956303663566,12.340826988220215,5.829453411154938e-05,0,0,1,sora
/workspace/data/genbuster-mini/extracted/GenBuster-200K-mini/benchmark/fake/sora/fa0dc2a7a5c11b6d3bea043dd41104d4e4f0ac38b19ea84577c1fbed8474405d.mp4,-10.247583389282227,0.9999645582065568,10.247583389282227,0.0003986351531777478,0,0,1,sora
/workspace/data/genbuster-mini/extracted/GenBuster-200K-mini/benchmark/fake/sora/f94537c11a0c58fecdc2030b78647bdbf49c60af3ebac027391a35efa6b0e3a9.mp4,-10.583791732788086,0.9999746774938103,10.583791732788086,0.000293330954684375,0,0,1,sora
/workspace/data/genbuster-mini/extracted/GenBuster-200K-mini/benchmark/fake/sora/f79b54987d232dd58d3b9e8ce46cbcc027fa71a94dc8f86d7c2bfab0ef63a7cf.mp4,-41.41313552856445,1.0,41.41313552856445,-1.000060331208099e-12,0,0,1,sora
/workspace/data/genbuster-mini/extracted/GenBuster-200K-mini/benchmark/fake/sora/f63a96ccc36ad915746d1d78a6a3999ab8763c7152080549fbed025e2ff64da1.mp4,-44.953975677490234,1.0,44.953975677490234,-1.0000880723854787e-12,0,0,1,sora
/workspace/data/genbuster-mini/extracted/GenBuster-200K-mini/benchmark/fake/sora/f62407a2ca020f93054d92202437aefe9f312361f8ee3cb150b6dd1d8c8cbe1b.mp4,-35.69135284423828,0.9999999999999997,35.69135284423828,-9.90918426616397e-13,0,0,1,sora
/workspace/data/genbuster-mini/extracted/GenBuster-200K-mini/benchmark/fake/sora/f56f94d5c32fdf4831d16c2f2afaf2d6cdf614373f7b055b5d4b65d8d9ecb090.mp4,-19.644617080688477,0.9999999970592968,19.644617080688477,6.070769247462181e-08,0,0,1,sora
/workspace/data/genbuster-mini/extracted/GenBuster-200K-mini/benchmark/fake/sora/f52231449249ab72e168ab6d96eaff488562a3d04e973b4b0f72951e2e734633.mp4,-30.166664123535156,0.9999999999999208,30.166664123535156,1.261817166850001e-12,0,0,1,sora
/workspace/data/genbuster-mini/extracted/GenBuster-200K-mini/benchmark/fake/sora/f3b93e76c10371f9acc6e70b2788f070908ad3ede763314ceb77f93a1ff47189.mp4,-29.97217559814453,0.9999999999999037,29.97217559814453,1.7459994757585833e-12,0,0,1,sora
/workspace/data/genbuster-mini/extracted/GenBuster-200K-mini/benchmark/fake/sora/f31c079b357ab6ef60d5d4b68d16b5d4a0fbf1dfbdedf8ad72960fce00f20ccf.mp4,-7.983963966369629,0.9996592306997627,7.983963966369629,0.003061517205897812,0,0,1,sora
/workspace/data/genbuster-mini/extracted/GenBuster-200K-mini/benchmark/fake/sora/f1f122764995a2d913ee6e1dd5b6aae91149b053be6d213adba7f964af15e289.mp4,-29.009658813476562,0.9999999999997481,29.009658813476562,6.1561784901793075e-12,0,0,1,sora
/workspace/data/genbuster-mini/extracted/GenBuster-200K-mini/benchmark/fake/sora/f0a309323c93bb0c1cf96a2bd0de0d069531d8f414522a310f02a7941bd17180.mp4,-20.5709228515625,0.9999999988354404,20.5709228515625,2.511862490808336e-08,0,0,1,sora
/workspace/data/genbuster-mini/extracted/GenBuster-200K-mini/benchmark/fake/sora/efd7e392e7f2006cfb7b593ef9d8eec0e611e0ecf8340bbc70f4541d73838aba.mp4,-16.29452133178711,0.9999999161738984,16.29452133178711,1.4497303050217173e-06,0,0,1,sora
/workspace/data/genbuster-mini/extracted/GenBuster-200K-mini/benchmark/fake/sora/ef2deb1336f89c2a146bd0649f0c6e8303916088916b2d7e9c1ed114a626f896.mp4,-13.685439109802246,0.9999988610915125,13.685439109802246,1.6725369862470918e-05,0,0,1,sora
/workspace/data/genbuster-mini/extracted/GenBuster-200K-mini/benchmark/fake/sora/ee2167539539db3ed6d628e807612ab7ca2c670057789f6005d5856ea54b718a.mp4,-16.546669006347656,0.999999934856227,16.546669006347656,1.1430542285006652e-06,0,0,1,sora
/workspace/data/genbuster-mini/extracted/GenBuster-200K-mini/benchmark/fake/sora/eb4fb7eaf1fdf46323fe793cf9bbab297a5fb5baddeda9a5c0841bcd3468f423.mp4,-19.031442642211914,0.9999999945706293,19.031442642211914,1.0875612823219488e-07,0,0,1,sora
/workspace/data/genbuster-mini/extracted/GenBuster-200K-mini/benchmark/fake/sora/eb338609ace1512aeae96b003a36f067b93a3c8efb4c491549ba0a0f544c3bd7.mp4,-16.215368270874023,0.9999999092691425,16.215368270874023,1.5619631259068288e-06,0,0,1,sora
/workspace/data/genbuster-mini/extracted/GenBuster-200K-mini/benchmark/fake/sora/e980086fb0f1eddadef5c32fe0e4c978d56b48a0a0adf83fbb9fc4c3b8aed9c3.mp4,-17.23834800720215,0.9999999673802549,17.23834800720215,5.949282645419941e-07,0,0,1,sora
/workspace/data/genbuster-mini/extracted/GenBuster-200K-mini/benchmark/fake/sora/e905f4bf523e15765623ad858bb0b75092b82dbe8e8fe63cbf1f9f22c5cb4e8d.mp4,-16.589889526367188,0.999999937611797,16.589889526367188,1.0973996041122299e-06,0,0,1,sora
/workspace/data/genbuster-mini/extracted/GenBuster-200K-mini/benchmark/fake/sora/e8c8896c96a035221358f623c1bf3803adabf1e003312c1377a939aca7df2e35.mp4,-15.87312126159668,0.9999998722411618,15.87312126159668,2.1556883817562844e-06,0,0,1,sora
/workspace/data/genbuster-mini/extracted/GenBuster-200K-mini/benchmark/fake/sora/e4c401ad1c402fa0a60a7668ed6b130911fd745325eac40ab2bc341f09d88d52.mp4,-3.0636816024780273,0.9553695395588875,3.0636816024780273,0.18239058239062889,0,0,1,sora
/workspace/data/genbuster-mini/extracted/GenBuster-200K-mini/benchmark/fake/sora/e44c6ba630e9d11556462e46efccbf5ac4a9e5382041c862b257dcae216829e4.mp4,-24.950345993041992,0.999999999985405,24.950345993041992,3.767766691951578e-10,0,0,1,sora
/workspace/data/genbuster-mini/extracted/GenBuster-200K-mini/benchmark/fake/sora/e3e8ae363853e06fecd78df70d15a83b1ae7ad82377d42e442e5c99e3aa8d00f.mp4,-18.431962966918945,0.9999999901121877,18.431962966918945,1.9213760284792838e-07,0,0,1,sora
/workspace/data/genbuster-mini/extracted/GenBuster-200K-mini/benchmark/fake/sora/e39ed0acb3693763bd663b411a273cc35a5ff84a3f0a148891c5cbdcf5fbe48d.mp4,-29.52417755126953,0.9999999999998495,29.52417755126953,3.290445014803024e-12,0,0,1,sora
/workspace/data/genbuster-mini/extracted/GenBuster-200K-mini/benchmark/fake/sora/e3956b7d3ea5e00bfcf6bb569a60c6797649806ba2fc450a32b28419ed0f14ca.mp4,-26.805599212646484,0.9999999999977172,26.805599212646484,6.164652948182934e-11,0,0,1,sora
/workspace/data/genbuster-mini/extracted/GenBuster-200K-mini/benchmark/fake/sora/e29417daf8497617428a9ea9f6a6054678d50f7190657bc361f193fdf2decba4.mp4,-19.271629333496094,0.9999999957299033,19.271629333496094,8.65598181773288e-08,0,0,1,sora
/workspace/data/genbuster-mini/extracted/GenBuster-200K-mini/benchmark/fake/sora/df193c20964c53c1cbbba6801448bc092b3cd2cdcdbd8136ed5c4f83219798b1.mp4,-19.079383850097656,0.9999999948247793,19.079383850097656,1.0391324298802023e-07,0,0,1,sora
/workspace/data/genbuster-mini/extracted/GenBuster-200K-mini/benchmark/fake/sora/de4deb2b38ed3d17100cb23a5ccd0388a1f53017a5770833eb410301a01a11a7.mp4,-19.37571907043457,0.9999999961520261,19.37571907043457,7.840323614986406e-08,0,0,1,sora
/workspace/data/genbuster-mini/extracted/GenBuster-200K-mini/benchmark/fake/sora/dd3689904ca29d71f3339948ea2559e5991ebf763eee7d69831b4f76e2dd133f.mp4,-29.92214584350586,0.9999999999998989,29.92214584350586,1.8863668177465517e-12,0,0,1,sora
/workspace/data/genbuster-mini/extracted/GenBuster-200K-mini/benchmark/fake/sora/da8c0a0fbc9292c183141f9f62ed7ee4d76847cfda4fa2bac0423a9269ee2a30.mp4,-23.325830459594727,0.9999999999259167,23.325830459594727,1.8001453595320789e-09,0,0,1,sora
/workspace/data/genbuster-mini/extracted/GenBuster-200K-mini/benchmark/fake/sora/da4b6257ce8923639bff131c5c554406d715564cae2d77c36a9e4f4561c62b0d.mp4,-18.0707950592041,0.9999999858109465,18.0707950592041,2.705945309852337e-07,0,0,1,sora
/workspace/data/genbuster-mini/extracted/GenBuster-200K-mini/benchmark/fake/sora/da30095b36e23ef33791b3d128e51861bb49d2c930df93c02a367e64e960ed02.mp4,-28.273773193359375,0.9999999999994742,28.273773193359375,1.3833105281369038e-11,0,0,1,sora
/workspace/data/genbuster-mini/extracted/GenBuster-200K-mini/benchmark/fake/sora/d9a891f42f11045727d2c0aceb04335c5ac758e6f23c1e274a1c5145c7a6520f.mp4,-32.23929977416992,0.99999999999999,32.23929977416992,-7.147431352755062e-13,0,0,1,sora
/workspace/data/genbuster-mini/extracted/GenBuster-200K-mini/benchmark/fake/sora/d891a3708e912f9c8faa07bb2e97acfe66c7ddf133733d06444519b1794576f4.mp4,-4.547724723815918,0.9895197236910462,4.547724723815918,0.058196992098966976,0,0,1,sora
/workspace/data/genbuster-mini/extracted/GenBuster-200K-mini/benchmark/fake/sora/d8054b309e5017a2f9ec0e90e6f3304994dd5f1c084484bf86f7596d6712f271.mp4,-2.357426643371582,0.9135227352380753,2.357426643371582,0.29431082997825364,0,0,1,sora
/workspace/data/genbuster-mini/extracted/GenBuster-200K-mini/benchmark/fake/sora/d71613ef4fa74b6a2a3ed0f4a18e3c81053335121c130608661c72e5042a2832.mp4,-26.22666358947754,0.999999999995927,26.22666358947754,1.0899756802369604e-10,0,0,1,sora
/workspace/data/genbuster-mini/extracted/GenBuster-200K-mini/benchmark/fake/sora/d6d1c194be00cf9484d46a4948a15ba0c749a42fe1d2aa453516bd7d25b980f1.mp4,-22.575952529907227,0.9999999998431848,22.575952529907227,3.695072811431163e-09,0,0,1,sora
/workspace/data/genbuster-mini/extracted/GenBuster-200K-mini/benchmark/fake/sora/d68b9a8f8f58707292f2941b9d5a3d3c6c74e95648a29faa62d29ea492d53f47.mp4,-10.205100059509277,0.9999630201382388,10.205100059509277,0.00041436373410852446,0,0,1,sora
/workspace/data/genbuster-mini/extracted/GenBuster-200K-mini/benchmark/fake/sora/d4c8bde2c7e93ae55aac0eebf772d653f8a7e96b9373f3d3aca44b6e60b2f71e.mp4,-20.957263946533203,0.9999999992086368,20.957263946533203,1.7374172474024578e-08,0,0,1,sora
/workspace/data/genbuster-mini/extracted/GenBuster-200K-mini/benchmark/fake/sora/d1dff98137894b9523ae811be9f28bac02b0225b1faa8c632bf9314a077ced3c.mp4,-3.764425039291382,0.9773442465811968,3.764425039291382,0.10820222533723013,0,0,1,sora
/workspace/data/genbuster-mini/extracted/GenBuster-200K-mini/benchmark/fake/sora/d15bfda0f2418dec7aa34ee4817b86a86e8b24138e607b36b5f8b0fd3819b633.mp4,-26.985963821411133,0.9999999999980939,26.985963821411133,5.1540103525209275e-11,0,0,1,sora
/workspace/data/genbuster-mini/extracted/GenBuster-200K-mini/benchmark/fake/sora/d111f990e9a6dbeb66ee2987700bdc0ea37ecc36b90bcb2a554d59444fc7430c.mp4,-1.2962117195129395,0.7851967364549637,1.2962117195129395,0.5202514870849081,0,0,1,sora
/workspace/data/genbuster-mini/extracted/GenBuster-200K-mini/benchmark/fake/sora/d02403d6eaaf02c727093cc03e9558c120552b603967137f97dbea568cec78ba.mp4,-17.015869140625,0.9999999592524098,17.015869140625,7.341012516675696e-07,0,0,1,sora
/workspace/data/genbuster-mini/extracted/GenBuster-200K-mini/benchmark/fake/sora/ce8417b4c4b6de5dd4cc1c0d436df2da23c68c07a729a94fa3aabf78606d3e5f.mp4,-19.44284439086914,0.999999996401844,19.44284439086914,7.355454310149688e-08,0,0,1,sora
/workspace/data/genbuster-mini/extracted/GenBuster-200K-mini/benchmark/fake/sora/ce56568f57e5676339add48a8981f6c420e59396c13c56f4819ed0ab2f28d89f.mp4,-16.908000946044922,0.9999999546112264,16.908000946044922,8.128202043180992e-07,0,0,1,sora
/workspace/data/genbuster-mini/extracted/GenBuster-200K-mini/benchmark/fake/sora/cd29c86c5fb83c4f5bc9c107e9bd74b3cdc5b91f1bec915d7c17edd1539c15df.mp4,-29.290172576904297,0.9999999999998097,29.290172576904297,4.415245871581827e-12,0,0,1,sora
/workspace/data/genbuster-mini/extracted/GenBuster-200K-mini/benchmark/fake/sora/cbdecfc82a723f692fe2f6c60a11b941f64daea6cdd1c95eaff33f2c22057e28.mp4,-25.462818145751953,0.9999999999912574,25.462818145751953,2.2940596312868975e-10,0,0,1,sora
/workspace/data/genbuster-mini/extracted/GenBuster-200K-mini/benchmark/fake/sora/ca5a3bd00b4d17810c96ab42ae4658ccdf3309c644918efd50dcb9e9dd4d380e.mp4,-26.268550872802734,0.9999999999960941,26.268550872802734,1.0461603326462888e-10,0,0,1,sora
/workspace/data/genbuster-mini/extracted/GenBuster-200K-mini/benchmark/fake/sora/c9ad66768480f1db5a6cbd417b9309d75a4423211fc7cfa2a85635cbee6af6ea.mp4,-18.56964111328125,0.9999999913839677,18.56964111328125,1.6861066087087053e-07,0,0,1,sora
/workspace/data/genbuster-mini/extracted/GenBuster-200K-mini/benchmark/fake/sora/c950b68aa336782847647890db8cf949ab4956160c00bf28f3d93dab2970d931.mp4,-23.740825653076172,0.9999999999510796,23.740825653076172,1.2083423452971065e-09,0,0,1,sora
/workspace/data/genbuster-mini/extracted/GenBuster-200K-mini/benchmark/fake/sora/c8813df5bf0e07540fbececaf1233606570acdd621e7e1d9e90d3d9ca04257af.mp4,-17.024595260620117,0.9999999596064377,17.024595260620117,7.28075616530848e-07,0,0,1,sora
/workspace/data/genbuster-mini/extracted/GenBuster-200K-mini/benchmark/fake/sora/c83d41c1653764d04a8202f1b44f3d7583c51b8e5128aa95199f2c6dac3ee8cc.mp4,-15.685198783874512,0.999999845828313,15.685198783874512,2.572383266219272e-06,0,0,1,sora
/workspace/data/genbuster-mini/extracted/GenBuster-200K-mini/benchmark/fake/sora/c75e183ddd2add452ad012bd5cfa42d7d6e5eb69926befbf164a765f9d14dcdc.mp4,-22.288991928100586,0.9999999997910638,22.288991928100586,4.8639171532456605e-09,0,0,1,sora
/workspace/data/genbuster-mini/extracted/GenBuster-200K-mini/benchmark/fake/sora/c6dbdaf93af38f0ff686ab9db54935a8f11727d16e08434f1d4df4b50af97617.mp4,-21.930213928222656,0.9999999997008913,21.930213928222656,6.856629037713142e-09,0,0,1,sora
/workspace/data/genbuster-mini/extracted/GenBuster-200K-mini/benchmark/fake/sora/be78b7d0dea037a680ce1c530ca2c21065a29f70a0f970a714c802f00aafcc62.mp4,-12.237896919250488,0.9999951566401251,12.237896919250488,6.4115909108684e-05,0,0,1,sora
/workspace/data/genbuster-mini/extracted/GenBuster-200K-mini/benchmark/fake/sora/bb091f08e54883f8b685c3f519fdb790f2dd5c757ae880035353d87f21aed602.mp4,-19.19017791748047,0.9999999953675407,19.19017791748047,9.352817779938525e-08,0,0,1,sora
/workspace/data/genbuster-mini/extracted/GenBuster-200K-mini/benchmark/fake/sora/b94851283cf9a77037ef0f4d241e35c2d5c5066b316381a15c3c90d7b813cda6.mp4,-8.970719337463379,0.9998729394137627,8.970719337463379,0.001266893530626978,0,0,1,sora
/workspace/data/genbuster-mini/extracted/GenBuster-200K-mini/benchmark/fake/sora/b76cd6aa089e0de9cb5f6b208e658ba0427f9b25dbc480432079e4b46b15f2dd.mp4,-18.318771362304688,0.9999999889271685,18.318771362304688,2.139115006008855e-07,0,0,1,sora
/workspace/data/genbuster-mini/extracted/GenBuster-200K-mini/benchmark/fake/sora/b57196e77975eddc5718db6b81eb9d3991c631a502329993f9becb81f300f100.mp4,-15.220650672912598,0.9999997546673569,15.220650672912598,3.979453108327696e-06,0,0,1,sora
/workspace/data/genbuster-mini/extracted/GenBuster-200K-mini/benchmark/fake/sora/b28d33df4d72cca3a257f7441dce956d2d15006ea914a884f9f587826bc29904.mp4,-13.029318809509277,0.99999780498365,13.029318809509277,3.0794584703233297e-05,0,0,1,sora
/workspace/data/genbuster-mini/extracted/GenBuster-200K-mini/benchmark/fake/sora/b05f8629aac7aaf5dd61f076bebfe4c00a8027b5600c576c6da94f48f34194ba.mp4,-20.69650650024414,0.9999999989728794,20.69650650024414,2.228292948853133e-08,0,0,1,sora
/workspace/data/genbuster-mini/extracted/GenBuster-200K-mini/benchmark/fake/sora/afc11c62e884d6802f2a7afb498c396f93e6f25745b0fb382f25f03dd8bc7ecd.mp4,-5.859619140625,0.9971557827666402,5.859619140625,0.019514299377200457,0,0,1,sora
/workspace/data/genbuster-mini/extracted/GenBuster-200K-mini/benchmark/fake/sora/ae29f142ca46eb391f6552a3cf74a4f727d469bb7eb82b2b824b728911bbae0e.mp4,-29.69272232055664,0.9999999999998728,29.69272232055664,2.627600504068584e-12,0,0,1,sora
/workspace/data/genbuster-mini/extracted/GenBuster-200K-mini/benchmark/fake/sora/adb66d6ec321607059cadb7b1482231bb9aab1fa669bd6dd88794ba89628eefd.mp4,-12.248747825622559,0.9999952089096951,12.248747825622559,6.347595642407805e-05,0,0,1,sora
/workspace/data/genbuster-mini/extracted/GenBuster-200K-mini/benchmark/fake/sora/ad9194c4616aaacd44bd616f18a1fc5e7638622bebe510e87d97b3ff70353311.mp4,-18.11844253540039,0.9999999864711642,18.11844253540039,2.5864826908062427e-07,0,0,1,sora
/workspace/data/genbuster-mini/extracted/GenBuster-200K-mini/benchmark/fake/sora/a9ce2ab1fd1d5e7bb13e2be8416961881e82e02a196f87f8505f0f125c45db56.mp4,-24.27837371826172,0.9999999999714217,24.27837371826172,7.204297956664124e-10,0,0,1,sora
/workspace/data/genbuster-mini/extracted/GenBuster-200K-mini/benchmark/fake/sora/a9c9f8c545129c624fc313d0247f0285d786a8350074d8cedcd84e6c1a51ef03.mp4,-15.774547576904297,0.9999998590058823,15.774547576904297,2.3651105382802285e-06,0,0,1,sora
/workspace/data/genbuster-mini/extracted/GenBuster-200K-mini/benchmark/fake/sora/a97557cc64df153a90d00ab77ff990551342552d98a57831e99898089b9f6f9b.mp4,-18.617624282836914,0.9999999917876297,18.617624282836914,1.611051954979013e-07,0,0,1,sora
/workspace/data/genbuster-mini/extracted/GenBuster-200K-mini/benchmark/fake/sora/a966767519adaa74f4459ab6cc35dfdbf072f8017d2f695f2c1642e039e4f81d.mp4,-17.026248931884766,0.999999959673179,17.026248931884766,7.269393180903858e-07,0,0,1,sora
/workspace/data/genbuster-mini/extracted/GenBuster-200K-mini/benchmark/fake/sora/a6410a2c38c1147e376545abf97d624d1aeab6d963cd2a0fb34341f4f3508a9b.mp4,-18.438692092895508,0.9999999901785017,18.438692092895508,1.9091508158438803e-07,0,0,1,sora
/workspace/data/genbuster-mini/extracted/GenBuster-200K-mini/benchmark/fake/sora/a5f42588af9f421948a97b77f869a1baea0e7ee6ab3fa2be2ead0acd06d93b59.mp4,-27.573270797729492,0.9999999999989405,27.573270797729492,2.8567815325628208e-11,0,0,1,sora
/workspace/data/genbuster-mini/extracted/GenBuster-200K-mini/benchmark/fake/sora/a5a8b0c2eb59f4e20d2b4b9b57ea9bb11e1bb7b0f43d21479e98e82fdd27cf59.mp4,-9.489892959594727,0.9999243935162667,9.489892959594727,0.0007931067736337905,0,0,1,sora
/workspace/data/genbuster-mini/extracted/GenBuster-200K-mini/benchmark/fake/sora/a399d57c396c57b3273a23845558c31a36c754b4e9378b2f35e543cbb72a6a30.mp4,-6.977083206176758,0.9990678490139544,6.977083206176758,0.007436280662184132,0,0,1,sora
/workspace/data/genbuster-mini/extracted/GenBuster-200K-mini/benchmark/fake/sora/a2ff893a7169df34225e444ba25725dfcc6e86285190d617faefb86f96bd34f8.mp4,-10.907828330993652,0.9999816860345163,10.907828330993652,0.00021807972279438116,0,0,1,sora
/workspace/data/genbuster-mini/extracted/GenBuster-200K-mini/benchmark/fake/sora/a2c400c75b847d95944a36be628691d928e94cfd1097a13a319f9387a40d5153.mp4,-10.4236421585083,0.9999702794502809,10.4236421585083,0.00033951736328503726,0,0,1,sora
/workspace/data/genbuster-mini/extracted/GenBuster-200K-mini/benchmark/fake/sora/9ed64f57633232f6e77805bbadca5035b92bd057936efb74f72c52819c0d7173.mp4,-30.536346435546875,0.9999999999999453,30.536346435546875,5.641125912880344e-13,0,0,1,sora
/workspace/data/genbuster-mini/extracted/GenBuster-200K-mini/benchmark/fake/sora/9e39f21aef114fb534c7fef8828a1026cefaff8ebc282f00dad622e41d6fd7b7.mp4,-27.554956436157227,0.999999999998921,27.554956436157227,2.9104064678717915e-11,0,0,1,sora
/workspace/data/genbuster-mini/extracted/GenBuster-200K-mini/benchmark/fake/sora/9b6e966e8377f34af257fb5b98b04ec0e8f64d28f60ccc170b32281fbf8c8606.mp4,-25.097688674926758,0.9999999999874046,25.097688674926758,3.2674876157846993e-10,0,0,1,sora
/workspace/data/genbuster-mini/extracted/GenBuster-200K-mini/benchmark/fake/sora/9b502940edb4f85c99a713d4a6825ba9baa7c88db0e258f37bef4593eb08b3c4.mp4,-23.926956176757812,0.9999999999593879,23.926956176757812,1.0103469938977143e-09,0,0,1,sora
/workspace/data/genbuster-mini/extracted/GenBuster-200K-mini/benchmark/fake/sora/99baf03762df7ea807a62be55e2649f3198f3c383743b8d3705b844f3cc79057.mp4,-23.203285217285156,0.9999999999162584,23.203285217285156,2.024827988278997e-09,0,0,1,sora
/workspace/data/genbuster-mini/extracted/GenBuster-200K-mini/benchmark/fake/sora/988155f25307558c5aabd466783b6a39a6f0700a3fb470106b1652c4ee6fd8c3.mp4,-34.179954528808594,0.9999999999999986,34.179954528808594,-9.589789131467421e-13,0,0,1,sora
/workspace/data/genbuster-mini/extracted/GenBuster-200K-mini/benchmark/fake/sora/9536c8aa6b54fb378cdd38e6c93b222cab80adf35529658049ad2f8f9740f193.mp4,-24.86528778076172,0.9999999999841093,24.86528778076172,4.090475336917018e-10,0,0,1,sora
/workspace/data/genbuster-mini/extracted/GenBuster-200K-mini/benchmark/fake/sora/9476c66341a271bb54c5d16064bd8ff68daafd82a71f109dd5a226933e34b537.mp4,-30.612388610839844,0.9999999999999493,30.612388610839844,4.497895427791349e-13,0,0,1,sora
/workspace/data/genbuster-mini/extracted/GenBuster-200K-mini/benchmark/fake/sora/9472cd6429f5409327caa5c9665b5d3c0cd03f3360edaffa76a4f6fc2af1aaa7.mp4,-13.507034301757812,0.9999986386526416,13.507034301757812,1.9749111725437428e-05,0,0,1,sora
/workspace/data/genbuster-mini/extracted/GenBuster-200K-mini/benchmark/fake/sora/9388d01fac83b4bd7f0c3ad9343010f607bf0e0e55e0958ce58532d30f08b63e.mp4,-17.617475509643555,0.9999999776731414,17.617475509643555,4.1566774163841077e-07,0,0,1,sora
/workspace/data/genbuster-mini/extracted/GenBuster-200K-mini/benchmark/fake/sora/937e49497abc1d49b18195745f33f08961ec14f04c69594be8d09b89073e7749.mp4,-33.46150588989258,0.9999999999999971,33.46150588989258,-9.1606820334694e-13,0,0,1,sora
/workspace/data/genbuster-mini/extracted/GenBuster-200K-mini/benchmark/fake/sora/92d5230d0fc64f40f55e958e33b19d0e59d64ca9a52537be892253db7ce12809.mp4,-3.15360951423645,0.9590507112443447,3.15360951423645,0.17094939269752013,0,0,1,sora
/workspace/data/genbuster-mini/extracted/GenBuster-200K-mini/benchmark/fake/sora/8e8b49f559d3da4196dc320424550baf8f485a87c1a225c278ffb8992b93feb7.mp4,-20.970218658447266,0.9999999992188224,20.970218658447266,1.716064260146358e-08,0,0,1,sora
/workspace/data/genbuster-mini/extracted/GenBuster-200K-mini/benchmark/fake/sora/8e61985a53ad536b1d841d827f2925c65a816f17461eb7e5a35fb556487560c1.mp4,-14.462592124938965,0.9999994764287408,14.462592124938965,8.095766991398146e-06,0,0,1,sora
/workspace/data/genbuster-mini/extracted/GenBuster-200K-mini/benchmark/fake/sora/8cb65a5f77b29d700586664cf534b0c2b1c33ec5942434436b62f84ed098f33f.mp4,-31.727479934692383,0.9999999999999833,31.727479934692383,-5.241655303733085e-13,0,0,1,sora
/workspace/data/genbuster-mini/extracted/GenBuster-200K-mini/benchmark/fake/sora/8a4f53a72a7080fb18f392097b5e59793fcbe91e0d35771afcd15a3d3a15a5e2.mp4,-20.059906005859375,0.999999998058696,20.059906005859375,4.088168001811336e-08,0,0,1,sora
/workspace/data/genbuster-mini/extracted/GenBuster-200K-mini/benchmark/fake/sora/8a17128b087229ecd75269e2a3564547366e088efcfd26d5b7fbd93468434d79.mp4,-11.7863187789917,0.9999923921232039,11.7863187789917,9.727676519022093e-05,0,0,1,sora
/workspace/data/genbuster-mini/extracted/GenBuster-200K-mini/benchmark/fake/sora/86403ddcd835d67a776799ad6fb730b9978bb16af42aba2a534f75a6344bf2a8.mp4,-10.022377014160156,0.9999556066723017,10.022377014160156,0.0004893209768148776,0,0,1,sora
/workspace/data/genbuster-mini/extracted/GenBuster-200K-mini/benchmark/fake/sora/85d031887826fb5893aec947a1e60b56734de0d9c0d9c6f1f3d1f923ed545f0d.mp4,-16.25551986694336,0.9999999128399679,16.25551986694336,1.5039896694070061e-06,0,0,1,sora
/workspace/data/genbuster-mini/extracted/GenBuster-200K-mini/benchmark/fake/sora/83f994630feeb82650434459a82fdf7e499cf142c82c0505f2b41b721df687ac.mp4,-21.24744987487793,0.9999999994079618,21.24744987487793,1.316934213631993e-08,0,0,1,sora
/workspace/data/genbuster-mini/extracted/GenBuster-200K-mini/benchmark/fake/sora/8357bfc60a53de090a395478481927fc100ff1a2162efb967706e76e21f7c534.mp4,-23.837478637695312,0.9999999999555865,23.837478637695312,1.1011293847152296e-09,0,0,1,sora
/workspace/data/genbuster-mini/extracted/GenBuster-200K-mini/benchmark/fake/sora/83394d1d598911587441f437b02ef4c7ffc014a59aa1aec3241074a7c39f73fa.mp4,-27.681859970092773,0.9999999999990495,27.681859970092773,2.5576948229162853e-11,0,0,1,sora
/workspace/data/genbuster-mini/extracted/GenBuster-200K-mini/benchmark/fake/sora/8080e591aff0120e9c78286b30c9619c4a0bd8b93e4836adc9e3910be61b0a37.mp4,-20.88495635986328,0.9999999991492955,20.88495635986328,1.8615631546841404e-08,0,0,1,sora
/workspace/data/genbuster-mini/extracted/GenBuster-200K-mini/benchmark/fake/sora/7fa83de689a7480d2020d3f3d1b231ad6773cf2821c341180e6c1006d56474bc.mp4,-23.246797561645508,0.999999999919824,23.246797561645508,1.9420160878530056e-09,0,0,1,sora
/workspace/data/genbuster-mini/extracted/GenBuster-200K-mini/benchmark/fake/sora/7f36c5747aa44d28a87d3b47905471d1f02b6e5dc75e1eb4cdde866092267493.mp4,-21.03571319580078,0.9999999992683458,21.03571319580078,1.6120522372091216e-08,0,0,1,sora
/workspace/data/genbuster-mini/extracted/GenBuster-200K-mini/benchmark/fake/sora/7e89fe9a85e404483dac605b7e2e7a40119ac7f61cd6e0570175f829f955938a.mp4,-13.177395820617676,0.9999981070949389,13.177395820617676,2.6836464332835265e-05,0,0,1,sora
/workspace/data/genbuster-mini/extracted/GenBuster-200K-mini/benchmark/fake/sora/7e36e5e3ba1c901fa035301b5656e8c7ed850b0e88bb7f6321bd408d12b9e60c.mp4,1.4113203287124634,0.8039740920066833,1.4113203287124634,0.4948435599552444,0,1,1,sora
/workspace/data/genbuster-mini/extracted/GenBuster-200K-mini/benchmark/fake/sora/7d5621e2cae7d47016611daf3d2aaed54692c6011829532f35ff9b24be43281f.mp4,-19.266963958740234,0.9999999957099353,19.266963958740234,8.694458798142372e-08,0,0,1,sora
/workspace/data/genbuster-mini/extracted/GenBuster-200K-mini/benchmark/fake/sora/7d15b7b129cb61a4bebe34594d4c693a793af4946f41dcc79e1dd10c2d648004.mp4,-23.086488723754883,0.9999999999058836,23.086488723754883,2.264939094599715e-09,0,0,1,sora
/workspace/data/genbuster-mini/extracted/GenBuster-200K-mini/benchmark/fake/sora/7cf43b671eb7e17e0fcb078c583bc4219d871e7bec20564774de1c2299666741.mp4,-19.741455078125,0.9999999973307148,19.741455078125,5.5362860108854526e-08,0,0,1,sora
/workspace/data/genbuster-mini/extracted/GenBuster-200K-mini/benchmark/fake/sora/7b62d4476cbbd64c51a0d0ddaad6b59f2a651bfec5b28ff3d2e5d0c7de419cd0.mp4,-40.41853332519531,1.0,40.41853332519531,-1.0000116590501557e-12,0,0,1,sora
/workspace/data/genbuster-mini/extracted/GenBuster-200K-mini/benchmark/fake/sora/79ded3f6544084fc64c9878f0a32c1a1ed39d2d495709e06850508671fbd38b0.mp4,-20.317623138427734,0.9999999984997338,20.317623138427734,3.198011092786197e-08,0,0,1,sora
/workspace/data/genbuster-mini/extracted/GenBuster-200K-mini/benchmark/fake/sora/78d1d84ba5ebc24c736cd39414a7b9fe732292e2454af10629d741384d50553c.mp4,-14.398838996887207,0.9999994419624727,14.398838996887207,8.593128231140953e-06,0,0,1,sora
/workspace/data/genbuster-mini/extracted/GenBuster-200K-mini/benchmark/fake/sora/788f6cc103699cab78dbc2227548a5c5583b886767c71964b1f5bed3f00f8663.mp4,-27.359619140625,0.9999999999986882,27.359619140625,3.545897337016256e-11,0,0,1,sora
/workspace/data/genbuster-mini/extracted/GenBuster-200K-mini/benchmark/fake/sora/776cdb6bbf41c740be852d3e33eb42957d2223d74b6368ed04e734212b9e25ef.mp4,-18.061359405517578,0.9999999856764292,18.061359405517578,2.730247296622598e-07,0,0,1,sora
/workspace/data/genbuster-mini/extracted/GenBuster-200K-mini/benchmark/fake/sora/75a58315b1fd5e045153c8bbba2027067907970bce34aa67b09eb664169352dd.mp4,-13.699967384338379,0.999998877518351,13.699967384338379,1.6500442325512732e-05,0,0,1,sora
/workspace/data/genbuster-mini/extracted/GenBuster-200K-mini/benchmark/fake/sora/753c5fe13dad89eccdf1bd631751571a0e80a732a06e13f5c9a9ffefbd6660b8.mp4,-11.294325828552246,0.9999875568246352,11.294325828552246,0.0001529805274070801,0,0,1,sora
/workspace/data/genbuster-mini/extracted/GenBuster-200K-mini/benchmark/fake/sora/732e00be041011d998052066b54d43c3d17349ff542e8a349e9b30e6aebbb2eb.mp4,-16.429096221923828,0.9999999267286626,16.429096221923828,1.2770511962371193e-06,0,0,1,sora
/workspace/data/genbuster-mini/extracted/GenBuster-200K-mini/benchmark/fake/sora/71fbba0f167eea8de5f0a87aa648dfa2ad6fc8a3f7bf04ce17823e8a89f7ee2e.mp4,-27.393274307250977,0.9999999999987316,27.393274307250977,3.4276408510635444e-11,0,0,1,sora
/workspace/data/genbuster-mini/extracted/GenBuster-200K-mini/benchmark/fake/sora/713d235a6e7c1c7733c2a1868268995c47a3cfa382123a75ca5ea75c7a2d3be3.mp4,-28.667678833007812,0.9999999999996454,28.667678833007812,9.04588172742601e-12,0,0,1,sora
/workspace/data/genbuster-mini/extracted/GenBuster-200K-mini/benchmark/fake/sora/7071efc4c319c84ea73a848eabc903f531b4840bf0f4b8a923e6e207ff4cf210.mp4,-22.75470733642578,0.9999999998688537,22.75470733642578,3.1133464942293832e-09,0,0,1,sora
/workspace/data/genbuster-mini/extracted/GenBuster-200K-mini/benchmark/fake/sora/6e35e452802f395f1f0aac14862756e61fa5189a4287512e862614569e212021.mp4,-29.798683166503906,0.9999999999998855,29.798683166503906,2.2643135622102276e-12,0,0,1,sora
/workspace/data/genbuster-mini/extracted/GenBuster-200K-mini/benchmark/fake/sora/6d20854c5b245d1850212b5d2db9192b380348bed9e956a36b2bed4a73cebae8.mp4,-31.371448516845703,0.9999999999999762,31.371448516845703,-3.2081769307593e-13,0,0,1,sora
/workspace/data/genbuster-mini/extracted/GenBuster-200K-mini/benchmark/fake/sora/6cb677d48c43b80ccd171e402258da1813feba01972d7858389819d8d9ba3994.mp4,-16.5563907623291,0.9999999354864642,16.5563907623291,1.1326228436859242e-06,0,0,1,sora
/workspace/data/genbuster-mini/extracted/GenBuster-200K-mini/benchmark/fake/sora/6c7f8d4ca46da815f918b3ba20a51312832c969aab465ffb44def0ece564a443.mp4,-8.977436065673828,0.9998737898713443,8.977436065673828,0.0012592614613223627,0,0,1,sora
/workspace/data/genbuster-mini/extracted/GenBuster-200K-mini/benchmark/fake/sora/6b9b011387c579527bffa72f0992a391b778e26db4358d6d47a8427b58af986b.mp4,-25.48787498474121,0.9999999999914738,25.48787498474121,2.2389587056341611e-10,0,0,1,sora
/workspace/data/genbuster-mini/extracted/GenBuster-200K-mini/benchmark/fake/sora/6b67fd26a48397f4f1b91b4b7968be97070aa460f0b898ff9c210414e3ed995c.mp4,-14.45888900756836,0.9999994744862875,14.45888900756836,8.12385630261067e-06,0,0,1,sora
/workspace/data/genbuster-mini/extracted/GenBuster-200K-mini/benchmark/fake/sora/6af9386aac3ac8d0960db26614107151b5710def4524e3019764c86adb495f37.mp4,-33.030635833740234,0.9999999999999954,33.030635833740234,-8.706004964107155e-13,0,0,1,sora
/workspace/data/genbuster-mini/extracted/GenBuster-200K-mini/benchmark/fake/sora/6a67f40efe524da544997b35f8c366bd396f5fbe6b5e8e1b704dbea620eda0df.mp4,-27.526885986328125,0.9999999999988902,27.526885986328125,2.994483237978891e-11,0,0,1,sora
/workspace/data/genbuster-mini/extracted/GenBuster-200K-mini/benchmark/fake/sora/64f9016d05e8b50ccbad44b061977c73e21b24ae4739e04fbadacc60f1ef1f04.mp4,-17.26641082763672,0.9999999682829355,17.26641082763672,5.793549355671677e-07,0,0,1,sora
/workspace/data/genbuster-mini/extracted/GenBuster-200K-mini/benchmark/fake/sora/64c420d76eb4102641d38d7b8c5be39ceb34e43924b62d49250cff72200e4a1a.mp4,-7.844182968139648,0.9996081278659403,7.844182968139648,0.003465865670512878,0,0,1,sora
/workspace/data/genbuster-mini/extracted/GenBuster-200K-mini/benchmark/fake/sora/645e76ca7b3b11cb4690f4446b7fffe3ddaae53fcb73cf9a41a1235d2b523edc.mp4,-3.7492825984954834,0.9770065173506737,3.7492825984954834,0.10947101852437544,0,0,1,sora
/workspace/data/genbuster-mini/extracted/GenBuster-200K-mini/benchmark/fake/sora/6449fe15023ac8be22e25cc5d54fb7fcdc83c42922292e11566f101915a83e55.mp4,-23.654239654541016,0.9999999999466549,23.654239654541016,1.3131911679872664e-09,0,0,1,sora
/workspace/data/genbuster-mini/extracted/GenBuster-200K-mini/benchmark/fake/sora/617de1f8c88d8bf36409ccfdc833ae11bdedf123e909b1b364ca0392a338785a.mp4,-36.43317413330078,0.9999999999999999,36.43317413330078,-9.95710927533753e-13,0,0,1,sora
/workspace/data/genbuster-mini/extracted/GenBuster-200K-mini/benchmark/fake/sora/5dc3e1231a3cb2ad03343551dd25a3acb58bc5035bf1fe381eaf25e519f574ad.mp4,-1.745232105255127,0.8513504266738892,1.745232105255127,0.42035946693577725,0,0,1,sora
/workspace/data/genbuster-mini/extracted/GenBuster-200K-mini/benchmark/fake/sora/5db81e4ce9957160d5f83ae6e6e6377760d57348f607cbc31c6465cb2ba3c0fd.mp4,-23.17577362060547,0.9999999999139225,23.17577362060547,2.078994931635959e-09,0,0,1,sora
/workspace/data/genbuster-mini/extracted/GenBuster-200K-mini/benchmark/fake/sora/5d9e1d2566c064f85a163db9b4d76e279cb9f4de20bbf82a3676a068b3a79f0d.mp4,-40.11941146850586,1.0,40.11941146850586,-9.99984726934486e-13,0,0,1,sora
/workspace/data/genbuster-mini/extracted/GenBuster-200K-mini/benchmark/fake/sora/5cce61c49d5c13be186e2557b9c2ddc872d057cb5d4c99aee609facc14aba69f.mp4,-22.468534469604492,0.9999999998254019,22.468534469604492,4.09556409598675e-09,0,0,1,sora
/workspace/data/genbuster-mini/extracted/GenBuster-200K-mini/benchmark/fake/sora/5b2a2b4c734d889464920bfadaf5a2cdad374b4dcf3855d326df50b7870d9fc0.mp4,-7.828468322753906,0.9996019235695712,7.828468322753906,0.0035144844299925876,0,0,1,sora
/workspace/data/genbuster-mini/extracted/GenBuster-200K-mini/benchmark/fake/sora/5afbba3f9d7a24fb1af384bd86bf554bcbeacc4851814ec7fbadd69452ead656.mp4,-15.704995155334473,0.9999998488503365,15.704995155334473,2.524952412560526e-06,0,0,1,sora
/workspace/data/genbuster-mini/extracted/GenBuster-200K-mini/benchmark/fake/sora/5a506b53f57802ec32f3a3ea4c5871d4607de7717f63479315ab76b2e8735269.mp4,-25.979290008544922,0.999999999994784,25.979290008544922,1.388092383235782e-10,0,0,1,sora
/workspace/data/genbuster-mini/extracted/GenBuster-200K-mini/benchmark/fake/sora/58cdc10e5cafe6c248a1a2b473348583fc75c04ae15849b3fc3a391ea74a6a94.mp4,-23.56454849243164,0.9999999999416492,23.56454849243164,1.431368942595104e-09,0,0,1,sora
/workspace/data/genbuster-mini/extracted/GenBuster-200K-mini/benchmark/fake/sora/5894f21278c021c4ead340475dcdf472c1e205525fa4e5a935f02c9677f07a77.mp4,-13.224281311035156,0.9999981937959319,13.224281311035156,2.5691954396507752e-05,0,0,1,sora
/workspace/data/genbuster-mini/extracted/GenBuster-200K-mini/benchmark/fake/sora/57aad1a95a3bc7278b79caff8009657f3ece8f1950ca8f7fb5710592eede16fb.mp4,-30.847129821777344,0.9999999999999599,30.847129821777344,1.468271520817881e-13,0,0,1,sora
/workspace/data/genbuster-mini/extracted/GenBuster-200K-mini/benchmark/fake/sora/56bffc46cfefc6d7b029994942fd0711c8f3f880fb56476e5d684b4b7fe305f8.mp4,-15.494855880737305,0.9999998135040045,15.494855880737305,3.0762225865785153e-06,0,0,1,sora
/workspace/data/genbuster-mini/extracted/GenBuster-200K-mini/benchmark/fake/sora/55ab6f5090e22c80319073e73bd564bcc02d29fa7f0a17461b6d9366c2d85c86.mp4,-13.894824028015137,0.9999990762505604,13.894824028015137,1.37590837936872e-05,0,0,1,sora
/workspace/data/genbuster-mini/extracted/GenBuster-200K-mini/benchmark/fake/sora/54b68b7a890c8395d3d82c03c033f93d6dab98c2cb6bb2c815d804f6e2f717a9.mp4,-24.30644416809082,0.9999999999722128,24.30644416809082,7.012138402508724e-10,0,0,1,sora
/workspace/data/genbuster-mini/extracted/GenBuster-200K-mini/benchmark/fake/sora/4fe8c571c0ca1b7b6aa933e5b81a385fbcfbe20e736d274456770a1d68ded8ec.mp4,-9.982372283935547,0.9999537948133366,9.982372283935547,0.0005074436273663254,0,0,1,sora
/workspace/data/genbuster-mini/extracted/GenBuster-200K-mini/benchmark/fake/sora/4fe3e8e230fc6707f96e21dbc65c962065b2e3941f82a9669235dd859a8be94b.mp4,-16.401317596435547,0.9999999246647491,16.401317596435547,1.310930630452972e-06,0,0,1,sora
/workspace/data/genbuster-mini/extracted/GenBuster-200K-mini/benchmark/fake/sora/4dda247368056550cf7c8a087855bda49048623fcc654bfd2adf0a3cc6b2d30b.mp4,-7.532689571380615,0.999464989756234,7.532689571380615,0.00456521946209988,0,0,1,sora
/workspace/data/genbuster-mini/extracted/GenBuster-200K-mini/benchmark/fake/sora/4bbcf5aca827fe43681887a09255cf6a620d1a3d5547d838dced52351a395f38.mp4,-27.163850784301758,0.9999999999984045,27.163850784301758,4.315836213056755e-11,0,0,1,sora
/workspace/data/genbuster-mini/extracted/GenBuster-200K-mini/benchmark/fake/sora/4b1e69d2cca9b6f0e0fa3509d228e641a0cd016c525aa1c83468b10c0114eb9a.mp4,-18.098581314086914,0.9999999861997804,18.098581314086914,2.6356261700141844e-07,0,0,1,sora
/workspace/data/genbuster-mini/extracted/GenBuster-200K-mini/benchmark/fake/sora/49641a5d9f5757d56f7bbf89505d555e21f49eb7092997144413d3305648be7c.mp4,-24.21002960205078,0.9999999999694003,24.21002960205078,7.694363249385113e-10,0,0,1,sora
/workspace/data/genbuster-mini/extracted/GenBuster-200K-mini/benchmark/fake/sora/48c24c5fd88598584646c82172542fcbde73c0c215e29538bf9e9cfa74b3bd98.mp4,-9.46927547454834,0.9999228186425171,9.46927547454834,0.0008080358661178898,0,0,1,sora
/workspace/data/genbuster-mini/extracted/GenBuster-200K-mini/benchmark/fake/sora/4865b80e3f2364ae2811829570de93d68c5ab3380e1c27f2dfa04f3386b3432f.mp4,-20.74873161315918,0.9999999990251442,20.74873161315918,2.119987662896786e-08,0,0,1,sora
/workspace/data/genbuster-mini/extracted/GenBuster-200K-mini/benchmark/fake/sora/47a298c1a1e8c5960c8669a82374c1a66e958c5388c0dceabfac3d51816a081e.mp4,-24.98165512084961,0.999999999985855,24.98165512084961,3.65546014765241e-10,0,0,1,sora
/workspace/data/genbuster-mini/extracted/GenBuster-200K-mini/benchmark/fake/sora/45f0534bc58825203670918e007171e74e37f8827779e35d0d9ca562ad3c2f12.mp4,-16.837194442749023,0.9999999512808948,16.837194442749023,8.690101579642567e-07,0,0,1,sora
/workspace/data/genbuster-mini/extracted/GenBuster-200K-mini/benchmark/fake/sora/441bbb7fb1fc50ae84e8f5aa45bfd6b3fd39212d3ddd721b05c946e870a7faf6.mp4,-12.875866889953613,0.9999974409372498,12.875866889953613,3.550921543716127e-05,0,0,1,sora
/workspace/data/genbuster-mini/extracted/GenBuster-200K-mini/benchmark/fake/sora/41a34f0712af95dbf343d9244e4c1b4cd492e085c1dc47466ca3d7b4a168327c.mp4,-14.162393569946289,0.9999992931124666,14.162393569946289,1.0718105228684932e-05,0,0,1,sora
/workspace/data/genbuster-mini/extracted/GenBuster-200K-mini/benchmark/fake/sora/3fd44998b6ab3d5aedb1d0a80079f7f6010a5ca4d9ae4e9eef951e379bfb3c68.mp4,-19.131370544433594,0.9999999950869483,19.131370544433594,9.890446529523425e-08,0,0,1,sora
/workspace/data/genbuster-mini/extracted/GenBuster-200K-mini/benchmark/fake/sora/3d195d492843072a74ee6f89167c07b23c27bb2c3cea5b77a03b0787e2396186.mp4,-19.03611183166504,0.999999994595921,19.03611183166504,1.08274730388645e-07,0,0,1,sora
/workspace/data/genbuster-mini/extracted/GenBuster-200K-mini/benchmark/fake/sora/38039201b9b770f05e4b06be7cb7974b97e7c5485a8c11b1224c37c9e935413e.mp4,-7.266019344329834,0.9993015995714813,7.266019344329834,0.005773235411271273,0,0,1,sora
/workspace/data/genbuster-mini/extracted/GenBuster-200K-mini/benchmark/fake/sora/37720f36e90ebeb7e6d11df08c4b0c138af84ae4e76392e55640b9dbb0072dc5.mp4,-22.62596321105957,0.9999999998508343,22.62596321105957,3.5221871635620924e-09,0,0,1,sora
/workspace/data/genbuster-mini/extracted/GenBuster-200K-mini/benchmark/fake/sora/355f9374b5bd3dc23080f75d0c42edfa422c0a0abb87cbb4e74b4db5f57ebf00.mp4,-20.739866256713867,0.9999999990164634,20.739866256713867,2.1379954379602407e-08,0,0,1,sora
/workspace/data/genbuster-mini/extracted/GenBuster-200K-mini/benchmark/fake/sora/341eff9279d02c0cb58533acb78351e9fb968b809291db36783408cc8c812886.mp4,-16.228069305419922,0.9999999104142319,16.228069305419922,1.5433878238072445e-06,0,0,1,sora
/workspace/data/genbuster-mini/extracted/GenBuster-200K-mini/benchmark/fake/sora/3298c41511afc519600df7764f62d7691754bbe834016ba87c3155bc87ea0fa3.mp4,-23.40912628173828,0.9999999999318375,23.40912628173828,1.661794738693861e-09,0,0,1,sora
/workspace/data/genbuster-mini/extracted/GenBuster-200K-mini/benchmark/fake/sora/323ac78849bf8eb9ccb9d92c3ff9c3a1766114450cc494fff8659757f55ac0a8.mp4,-26.320846557617188,0.9999999999962932,26.320846557617188,9.938816797843918e-11,0,0,1,sora
/workspace/data/genbuster-mini/extracted/GenBuster-200K-mini/benchmark/fake/sora/31a8a9ccfbe2e274e03fc9413f275b9f5467e61b6df1571ab7587bd60fae7388.mp4,-32.15640640258789,0.9999999999999891,32.15640640258789,-6.900665000997551e-13,0,0,1,sora
/workspace/data/genbuster-mini/extracted/GenBuster-200K-mini/benchmark/fake/sora/30e8073650a748244d04f4a1e52eb62e7cde9b354072ac68a85cff3ef95aeb51.mp4,-35.30302047729492,0.9999999999999996,35.30302047729492,-9.867776540903896e-13,0,0,1,sora
/workspace/data/genbuster-mini/extracted/GenBuster-200K-mini/benchmark/fake/sora/304446209b9a8fe0ac74d57e608ad7e277c5d579c915cc1ff7fa367dce537999.mp4,-26.583328247070312,0.999999999997149,26.583328247070312,7.678469263715574e-11,0,0,1,sora
/workspace/data/genbuster-mini/extracted/GenBuster-200K-mini/benchmark/fake/sora/2f27a81043d0e29bc0c9955594526250e58614eecc0d95284eaf9c12054f7d46.mp4,-15.669281005859375,0.9999998433546011,15.669281005859375,2.6111641890252214e-06,0,0,1,sora
/workspace/data/genbuster-mini/extracted/GenBuster-200K-mini/benchmark/fake/sora/2f2393855e81c4d9629bfb018fb98895f6d7c774786b7e624679ac951aa8b821.mp4,-29.16947364807129,0.9999999999997853,29.16947364807129,5.105606879341883e-12,0,0,1,sora
/workspace/data/genbuster-mini/extracted/GenBuster-200K-mini/benchmark/fake/sora/2c3d723d34728692d436966e972a7d8e208d38cd97222b8a094fcb044c055dcd.mp4,-12.363129615783691,0.9999957267414175,12.363129615783691,5.710411544483312e-05,0,0,1,sora
/workspace/data/genbuster-mini/extracted/GenBuster-200K-mini/benchmark/fake/sora/2af46c1a0294248b9de9b297d5726234ea4aa4ecad12868f085560fa081e0c33.mp4,-15.730859756469727,0.999999852709621,15.730859756469727,2.464292674796399e-06,0,0,1,sora
/workspace/data/genbuster-mini/extracted/GenBuster-200K-mini/benchmark/fake/sora/2a37a23239ea08b760d26436c8755c935e0e579b9341c9dd9f27958c2cdcbff5.mp4,-0.1955980807542801,0.5487442016601562,0.1955980807542801,0.6883876302550032,1,0,1,sora
/workspace/data/genbuster-mini/extracted/GenBuster-200K-mini/benchmark/fake/sora/28323d3622122c94f3c3493d07d5bb8c26545ac2104cc9666957c2e4f37406cb.mp4,-0.5685830116271973,0.6384361684322357,0.5685830116271973,0.6543126635292453,0,0,1,sora
/workspace/data/genbuster-mini/extracted/GenBuster-200K-mini/benchmark/fake/sora/28197cb300223e2749d487cf61284d60e5edbf54f543c1a2123ba0571f75f256.mp4,-5.88974666595459,0.9972399610560387,5.88974666595459,0.019019784953339128,0,0,1,sora
/workspace/data/genbuster-mini/extracted/GenBuster-200K-mini/benchmark/fake/sora/25331e2a389e38c28c10e8cf3eb0fc74f1fa80eceec1632d6b19f95c900e7d27.mp4,-11.853154182434082,0.9999928839756649,11.853154182434082,9.146338176174299e-05,0,0,1,sora
/workspace/data/genbuster-mini/extracted/GenBuster-200K-mini/benchmark/fake/sora/210da8c580174519898cf6f8ee2dff4182c8bd31abbdeaaaf125a233645edf30.mp4,-19.6065673828125,0.9999999969452478,19.6065673828125,6.294595772773795e-08,0,0,1,sora
/workspace/data/genbuster-mini/extracted/GenBuster-200K-mini/benchmark/fake/sora/1d39b7a95aa723243825b741fe122d90a9a9483c6ef53ce85f637b8cf8cad46a.mp4,-23.99726676940918,0.9999999999621453,23.99726676940918,9.442762742696192e-10,0,0,1,sora
/workspace/data/genbuster-mini/extracted/GenBuster-200K-mini/benchmark/fake/sora/1cf5f3c8be3e91441c626e9dc004dd20c1bedf58128fb5757bb044d423480d8a.mp4,-12.578265190124512,0.9999965539043387,12.578265190124512,4.679200477960212e-05,0,0,1,sora
/workspace/data/genbuster-mini/extracted/GenBuster-200K-mini/benchmark/fake/sora/1b14cf829b2af6036688d38884fb84067e38de1aa4c8bb745f399d8074c9b397.mp4,-13.069849014282227,0.999997892168949,13.069849014282227,2.9656864762217128e-05,0,0,1,sora
/workspace/data/genbuster-mini/extracted/GenBuster-200K-mini/benchmark/fake/sora/1a44cf5c0c4ad9c1324c951ccf6c3eb6b0cbb2aa161bbafb2b1c68e51d10ee2f.mp4,-5.351088523864746,0.995279404334724,5.351088523864746,0.02999209810892155,0,0,1,sora
/workspace/data/genbuster-mini/extracted/GenBuster-200K-mini/benchmark/fake/sora/190a7c95ad635c468058f84bc43e36b3e6c46c4ab228a21d290163bdb0f1f805.mp4,-25.12679100036621,0.9999999999877659,25.12679100036621,3.176774637699778e-10,0,0,1,sora
/workspace/data/genbuster-mini/extracted/GenBuster-200K-mini/benchmark/fake/sora/1829dfe5b2488c5330cab1e256dfb39cbe80266703e4d8c8fe20f7ac7098cf86.mp4,-7.647183895111084,0.9995228411862627,7.647183895111084,0.004126193889703405,0,0,1,sora
/workspace/data/genbuster-mini/extracted/GenBuster-200K-mini/benchmark/fake/sora/17432574d074603a0134897c272308b1e572f852b3c7a990dab59d89261fe007.mp4,-16.46527862548828,0.9999999293324038,16.46527862548828,1.2342272603466389e-06,0,0,1,sora
/workspace/data/genbuster-mini/extracted/GenBuster-200K-mini/benchmark/fake/sora/16f7f2cfe2970a974b15b137e7e5b3eb243f83d1cd28107302dfe61b17bfa42d.mp4,-31.317293167114258,0.9999999999999749,31.317293167114258,-2.830393256743208e-13,0,0,1,sora
/workspace/data/genbuster-mini/extracted/GenBuster-200K-mini/benchmark/fake/sora/159f136615aea2fd3889f316a04a6f8bb00f47e8f090d528ff324238e59ec7ac.mp4,-22.027462005615234,0.9999999997286094,22.027462005615234,6.247438659683186e-09,0,0,1,sora
/workspace/data/genbuster-mini/extracted/GenBuster-200K-mini/benchmark/fake/sora/14f0e8be77b3278855acb003b52c8ade3530d42f42f9cd62604be377ecf37ce8.mp4,-10.34715747833252,0.9999679171705793,10.34715747833252,0.00036404943103847935,0,0,1,sora
/workspace/data/genbuster-mini/extracted/GenBuster-200K-mini/benchmark/fake/sora/12a8ca19ce576aad0d01f4c739024cde4953d7664b4d91db439a5493bc3581d4.mp4,-24.93402099609375,0.9999999999851649,24.93402099609375,3.8276767166794376e-10,0,0,1,sora
/workspace/data/genbuster-mini/extracted/GenBuster-200K-mini/benchmark/fake/sora/124b810f71d95eff57f01a8c11f41a11f0095f03932758678464677697a3c2dd.mp4,-18.550142288208008,0.9999999912143167,18.550142288208008,1.7175935894364875e-07,0,0,1,sora
/workspace/data/genbuster-mini/extracted/GenBuster-200K-mini/benchmark/fake/sora/11f90da010173d4f72208f067f778b699eafb7a52fb76373c5d22d4785c8b2d6.mp4,-25.73284149169922,0.9999999999933262,25.73284149169922,1.7647614511487756e-10,0,0,1,sora
/workspace/data/genbuster-mini/extracted/GenBuster-200K-mini/benchmark/fake/sora/119edb5d3cfdfd7b43240912ae19de2ff06533fbabcd361dcecd801835a799a1.mp4,-10.8915433883667,0.9999813853573869,10.8915433883667,0.00022135700241299606,0,0,1,sora
/workspace/data/genbuster-mini/extracted/GenBuster-200K-mini/benchmark/fake/sora/1194c25f803627bd81772357f8e253edeb7e6259e9e07e0ef80f060f2c9e24fe.mp4,-14.259364128112793,0.99999935844113,14.259364128112793,9.789778688982563e-06,0,0,1,sora
/workspace/data/genbuster-mini/extracted/GenBuster-200K-mini/benchmark/fake/sora/0f700f160913012fe993b65d128feaee0d00253a99c6735a1a6a99f4eb6b7163.mp4,-33.84664535522461,0.999999999999998,33.84664535522461,-9.428885741681734e-13,0,0,1,sora
/workspace/data/genbuster-mini/extracted/GenBuster-200K-mini/benchmark/fake/sora/0b90f9060a7a19fcc4ec5a6d5b2110d76937c4e960da89e7393b7d5a13f397af.mp4,-22.65471649169922,0.9999999998550622,22.65471649169922,3.426466008705437e-09,0,0,1,sora
/workspace/data/genbuster-mini/extracted/GenBuster-200K-mini/benchmark/fake/sora/0aa26abe42f4272804f2b030791d3be01ad4ebdf39dd4686355194c42721ccd2.mp4,-8.323006629943848,0.9997571944259107,8.323006629943848,0.002263707475644203,0,0,1,sora
/workspace/data/genbuster-mini/extracted/GenBuster-200K-mini/benchmark/fake/sora/09ed41a444814fd2029f82774705cdc4544cc20ce43b12f5ae7391767bd7c247.mp4,-29.076385498046875,0.9999999999997643,29.076385498046875,5.697386873721274e-12,0,0,1,sora
/workspace/data/genbuster-mini/extracted/GenBuster-200K-mini/benchmark/fake/sora/076736ade4d5f44fb0b1798c21b15223e2e58f1802521d968a9a245ab954e63e.mp4,-21.84930419921875,0.9999999996756845,21.84930419921875,7.408385469189456e-09,0,0,1,sora
/workspace/data/genbuster-mini/extracted/GenBuster-200K-mini/benchmark/fake/sora/04c4ee325148c0f808ab4301aec9944f7529f54ccb7adde767cab229841b296d.mp4,-17.489336013793945,0.9999999746208026,17.489336013793945,4.692425080004455e-07,0,0,1,sora
/workspace/data/genbuster-mini/extracted/GenBuster-200K-mini/benchmark/fake/sora/04a537dcf1d94db097dd42b9f5460161b9dcd01a7a9ba3391777d35152eb2e0c.mp4,-17.300052642822266,0.999999969332201,17.300052642822266,5.61220334600226e-07,0,0,1,sora
/workspace/data/genbuster-mini/extracted/GenBuster-200K-mini/benchmark/fake/sora/04a3e498fa13b20d309dc99e482e02dd00631fedf47a001593b25ddc763d87e2.mp4,-25.63692855834961,0.9999999999926544,25.63692855834961,1.937250002849127e-10,0,0,1,sora
/workspace/data/genbuster-mini/extracted/GenBuster-200K-mini/benchmark/fake/pika/fc74bdd83e76b91234c2ab9a98af1a1de31823a0b4d7dd7ffba09f9d0269659f.mp4,-36.52109909057617,0.9999999999999999,36.52109909057617,-9.960607320448338e-13,0,0,1,pika
/workspace/data/genbuster-mini/extracted/GenBuster-200K-mini/benchmark/fake/pika/fbda5a1c738cfd8c7280b578e045b2201ef28832a12b6981a1b79f4e15f0be53.mp4,-18.134883880615234,0.9999999866917797,18.134883880615234,2.54649250723877e-07,0,0,1,pika
/workspace/data/genbuster-mini/extracted/GenBuster-200K-mini/benchmark/fake/pika/f9076d91c5cfccfc4538fff5cb2437a4f0c4374a0432fac31d255c3cf93fc588.mp4,-21.319656372070312,0.9999999994492039,21.319656372070312,1.2291581247315498e-08,0,0,1,pika
/workspace/data/genbuster-mini/extracted/GenBuster-200K-mini/benchmark/fake/pika/f6db7656b2a20dc37ee925b694d24a81224ce47fada8dee4fd26dd8cc2ce3a3e.mp4,-28.102327346801758,0.9999999999993758,28.102327346801758,1.6568250176354143e-11,0,0,1,pika
/workspace/data/genbuster-mini/extracted/GenBuster-200K-mini/benchmark/fake/pika/f6164a380870793e3cc5f43f0c7d59f778ad1e32beb412d771387a2fe097cf69.mp4,-19.06937026977539,0.999999994772697,19.06937026977539,1.049066807157068e-07,0,0,1,pika
/workspace/data/genbuster-mini/extracted/GenBuster-200K-mini/benchmark/fake/pika/f60612775c35b61a17677fda7100f94d2002750373419928233f7eaf7a74d24c.mp4,-15.406922340393066,0.9999997963621325,15.406922340393066,3.341068705039202e-06,0,0,1,pika
/workspace/data/genbuster-mini/extracted/GenBuster-200K-mini/benchmark/fake/pika/efb76254c738ddd0adb9ee906bdeaa7af33d2cfc2dfe9163a925158e6d866551.mp4,-19.915771484375,0.9999999977577174,19.915771484375,4.689707031810367e-08,0,0,1,pika
/workspace/data/genbuster-mini/extracted/GenBuster-200K-mini/benchmark/fake/pika/ed10e0bc9c7cd246828a4c4f50f4533432bd7f380da81a585242841bf0164590.mp4,-14.1486234664917,0.9999992833111833,14.1486234664917,1.0856847223123999e-05,0,0,1,pika
/workspace/data/genbuster-mini/extracted/GenBuster-200K-mini/benchmark/fake/pika/eb464f4a512669c4e5e5628a383b2f11a312845da049b191537a81ca2e0da975.mp4,-13.952057838439941,0.9999991276357036,13.952057838439941,1.3043639811909657e-05,0,0,1,pika
/workspace/data/genbuster-mini/extracted/GenBuster-200K-mini/benchmark/fake/pika/eb2d7b42d10c55307515027f955200a98c5b611549e7c93619d76d2cde34058e.mp4,-32.45205307006836,0.9999999999999919,32.45205307006836,-7.692742480128606e-13,0,0,1,pika
/workspace/data/genbuster-mini/extracted/GenBuster-200K-mini/benchmark/fake/pika/e6c3f03ab6ece93ecaf8ce5c639ff58e481ed27a6bc1d449becb36d95fce79e4.mp4,-16.661487579345703,0.9999999419224999,16.661487579345703,1.02573304166239e-06,0,0,1,pika
/workspace/data/genbuster-mini/extracted/GenBuster-200K-mini/benchmark/fake/pika/e64cc08b900844e4360631e53aff59897cfb2bbd1df964762ea58193a47f81e0.mp4,-37.92146682739258,1.0,37.92146682739258,-9.99150663447627e-13,0,0,1,pika
/workspace/data/genbuster-mini/extracted/GenBuster-200K-mini/benchmark/fake/pika/e4588562fabe50b1297c72444cfabf2a09f97748fa41c4ae43cb1808a0ea53b8.mp4,-23.78235626220703,0.9999999999530697,23.78235626220703,1.1610553942952731e-09,0,0,1,pika
/workspace/data/genbuster-mini/extracted/GenBuster-200K-mini/benchmark/fake/pika/e3e2c06db65d9925fa6ee5612cd90d8e64c1a89f3011bf2a440670cf34919fc8.mp4,-13.016730308532715,0.999997777176759,13.016730308532715,3.115671416010921e-05,0,0,1,pika
/workspace/data/genbuster-mini/extracted/GenBuster-200K-mini/benchmark/fake/pika/e2cdabed4ce9043e6dae773cb85512a935366541e456129624cfb198de807e6a.mp4,-26.63195037841797,0.9999999999972843,26.63195037841797,7.319022505884374e-11,0,0,1,pika
/workspace/data/genbuster-mini/extracted/GenBuster-200K-mini/benchmark/fake/pika/dfb04559195579059744af6fb4497928ba95e3537f809adf7058354e8fde7cab.mp4,-26.359394073486328,0.9999999999964333,26.359394073486328,9.569997207689832e-11,0,0,1,pika
/workspace/data/genbuster-mini/extracted/GenBuster-200K-mini/benchmark/fake/pika/dda85fbc3402ef7a70c6361fc43a41c3097f13ab46ecb6718bfa1dd0e6314af3.mp4,-26.775787353515625,0.9999999999976481,26.775787353515625,6.34932524681965e-11,0,0,1,pika
/workspace/data/genbuster-mini/extracted/GenBuster-200K-mini/benchmark/fake/pika/dd6a5de71bc5512761235de106abf5e9337e3f4f0a7af9f98eeb738d8a5e97fc.mp4,-15.344820976257324,0.9999997833150189,15.344820976257324,3.5416752571454655e-06,0,0,1,pika
/workspace/data/genbuster-mini/extracted/GenBuster-200K-mini/benchmark/fake/pika/dd30a676fbef2674255a5fa724465b15d8a56db53a2cb255cde31bb3b8f0e350.mp4,-26.48916244506836,0.9999999999968674,26.48916244506836,8.424432363996389e-11,0,0,1,pika
/workspace/data/genbuster-mini/extracted/GenBuster-200K-mini/benchmark/fake/pika/dc1227fa2ef70dfa8e917933b2e0169ef8c2ea3b3e07063a545bac4da690f010.mp4,-21.541648864746094,0.9999999995588557,21.541648864746094,9.942122661757023e-09,0,0,1,pika
/workspace/data/genbuster-mini/extracted/GenBuster-200K-mini/benchmark/fake/pika/da0fde02b7542fc99501d0e43279fc4a622bc5a33d7b9c66b7d4bbddce2777b8.mp4,-16.466646194458008,0.9999999294289807,16.466646194458008,1.2326370276261033e-06,0,0,1,pika
/workspace/data/genbuster-mini/extracted/GenBuster-200K-mini/benchmark/fake/pika/d9f85035a3c3b09e7a9e484f937d78ea865a91896537a2dabaa99dbbbe3c3197.mp4,-33.650089263916016,0.9999999999999976,33.650089263916016,-9.304554775132953e-13,0,0,1,pika
/workspace/data/genbuster-mini/extracted/GenBuster-200K-mini/benchmark/fake/pika/d78bc9b7b345b820e011043239c589d4fa9c0f6f7e2aa15a2efa24229b65ff56.mp4,-30.102697372436523,0.9999999999999155,30.102697372436523,1.4109160728534586e-12,0,0,1,pika
/workspace/data/genbuster-mini/extracted/GenBuster-200K-mini/benchmark/fake/pika/d3e302b706c1ccf01a2fc6ef1e39eb3900621264d8d77d9adf7d01cf4b35fedb.mp4,-12.200081825256348,0.9999949699813442,12.200081825256348,6.639666853854735e-05,0,0,1,pika
/workspace/data/genbuster-mini/extracted/GenBuster-200K-mini/benchmark/fake/pika/d34cfadd56791683b537a7b5cea310b274858429b28afcab759ad7e5566e3a48.mp4,-26.31222915649414,0.9999999999962611,26.31222915649414,1.0023159572990352e-10,0,0,1,pika
/workspace/data/genbuster-mini/extracted/GenBuster-200K-mini/benchmark/fake/pika/d129a841fe082341dd2bba1185851e8533ad8d91e0ffecf00279ada1530ec5d2.mp4,-31.418107986450195,0.9999999999999774,31.418107986450195,-3.517871931859261e-13,0,0,1,pika
/workspace/data/genbuster-mini/extracted/GenBuster-200K-mini/benchmark/fake/pika/cda72e2f95e371207c18a0072e216b46bacb72c82607b4b0077e03c04b634046.mp4,-31.087352752685547,0.9999999999999685,31.087352752685547,-9.791021641912404e-14,0,0,1,pika
/workspace/data/genbuster-mini/extracted/GenBuster-200K-mini/benchmark/fake/pika/c3878ae31e0f881d9ddf3d46d8ebb708348b250d78d6d8b14e160c0c77d3da2e.mp4,-35.10914993286133,0.9999999999999994,35.10914993286133,-9.838028766670995e-13,0,0,1,pika
/workspace/data/genbuster-mini/extracted/GenBuster-200K-mini/benchmark/fake/pika/c311a229c3900935c28d4bbe6cbff206349bcedb635a1d74588f003b9cf1dab4.mp4,-42.05276107788086,1.0,42.05276107788086,-1.000073830527902e-12,0,0,1,pika
/workspace/data/genbuster-mini/extracted/GenBuster-200K-mini/benchmark/fake/pika/c1af5f05d038f2377f45d8c13f1eef34a42b58e199aa92329729a0c89c936fec.mp4,-21.42549705505371,0.9999999995045215,21.42549705505371,1.1109353729910354e-08,0,0,1,pika
/workspace/data/genbuster-mini/extracted/GenBuster-200K-mini/benchmark/fake/pika/c1607ca27f026805b7bddb8ba5f336b2b758a6d2ac5dc066bc3f0c74fa0417b9.mp4,-29.855419158935547,0.9999999999998919,29.855419158935547,2.0847551309264527e-12,0,0,1,pika
/workspace/data/genbuster-mini/extracted/GenBuster-200K-mini/benchmark/fake/pika/bfe7eba33fd5d5c99c7b08c95d7a0ed80f3899da37bde44ac78018eeace2defb.mp4,-22.964710235595703,0.9999999998936951,22.964710235595703,2.5455697074888923e-09,0,0,1,pika
/workspace/data/genbuster-mini/extracted/GenBuster-200K-mini/benchmark/fake/pika/bd98ce6bcac809a2d0a54f45b8e1c53cc87eb01066805656ccb6c4208647a4b0.mp4,-18.515182495117188,0.9999999909017392,18.515182495117188,1.7755222076086315e-07,0,0,1,pika
/workspace/data/genbuster-mini/extracted/GenBuster-200K-mini/benchmark/fake/pika/b8aa1e3be71b4bd8b2e362e0f7e8f7b204af912a9bab332b1d0c8effd1b51c53.mp4,-34.938777923583984,0.9999999999999993,34.938777923583984,-9.809016173744925e-13,0,0,1,pika
/workspace/data/genbuster-mini/extracted/GenBuster-200K-mini/benchmark/fake/pika/b879e3f4bf1a35fb5a5fb305967519adc47f5b1e06840e62dcc45eae95876ddc.mp4,-28.19229507446289,0.9999999999994296,28.19229507446289,1.50758332223202e-11,0,0,1,pika
/workspace/data/genbuster-mini/extracted/GenBuster-200K-mini/benchmark/fake/pika/b7a22f47e8b8166ff8661b248067e4a62eade1978bd88b1bb363d1735597775e.mp4,-19.578079223632812,0.9999999968569722,19.578079223632812,6.467547602349362e-08,0,0,1,pika
/workspace/data/genbuster-mini/extracted/GenBuster-200K-mini/benchmark/fake/pika/b70a8e48cbcbf4612a5a68a397a799bd959e31bce70e4447e1ecac195f2fcd4c.mp4,-22.530548095703125,0.9999999998359005,22.530548095703125,3.859354510169958e-09,0,0,1,pika
/workspace/data/genbuster-mini/extracted/GenBuster-200K-mini/benchmark/fake/pika/b6e694023a16b31e8ddd8535ac0838c9c9ec7fc9b4847a1f4ef3fe1fa3decdec.mp4,-24.094696044921875,0.9999999999656595,24.094696044921875,8.597783945702614e-10,0,0,1,pika
/workspace/data/genbuster-mini/extracted/GenBuster-200K-mini/benchmark/fake/pika/b5ed10dc4f3e1389e4d67b9cd0aa75f80d0bee35db8e27766bfac9f39c35c901.mp4,-20.43259048461914,0.9999999986626696,20.43259048461914,2.8660454285972033e-08,0,0,1,pika
/workspace/data/genbuster-mini/extracted/GenBuster-200K-mini/benchmark/fake/pika/b40ecffc8f2e68a4e4efdee0cfd36a9f19474a419937c919f414373cff0765d8.mp4,-11.751130104064941,0.9999921196485957,11.751130104064941,0.00010048341567263547,0,0,1,pika
/workspace/data/genbuster-mini/extracted/GenBuster-200K-mini/benchmark/fake/pika/b3d94e0e78aadb4a67fb35733b19c2af7277601e511a9099020dbdd8bf21bb0c.mp4,-29.5510196685791,0.9999999999998533,29.5510196685791,3.177531174631786e-12,0,0,1,pika
/workspace/data/genbuster-mini/extracted/GenBuster-200K-mini/benchmark/fake/pika/b30b7feeb04101f277b46723d013f5cf3fa64e089f8c4bd734823d50bb174a32.mp4,-29.188135147094727,0.9999999999997893,29.188135147094727,4.9933848798049874e-12,0,0,1,pika
/workspace/data/genbuster-mini/extracted/GenBuster-200K-mini/benchmark/fake/pika/b22120bb05804596c3cfd9809b0e99b2f6253a938a1d82c1f35adf344e09e4df.mp4,-13.445111274719238,0.999998551689373,13.445111274719238,2.0921007277628846e-05,0,0,1,pika
/workspace/data/genbuster-mini/extracted/GenBuster-200K-mini/benchmark/fake/pika/b0a79819811833d4819ae855e35907ed044a31785cd019830c3239016dd40277.mp4,-27.85698699951172,0.9999999999992023,27.85698699951172,2.137233132270955e-11,0,0,1,pika
/workspace/data/genbuster-mini/extracted/GenBuster-200K-mini/benchmark/fake/pika/ab438d629dffa1b3c8d8da094c07591d928d13024a4bec27b992cef8960e8e75.mp4,-26.591110229492188,0.999999999997171,26.591110229492188,7.619801825494736e-11,0,0,1,pika
/workspace/data/genbuster-mini/extracted/GenBuster-200K-mini/benchmark/fake/pika/a70ecd69bb018a498cec1659bf62efc81e1846e901474fbaf42aa70e5268c1d9.mp4,-19.470861434936523,0.9999999965012549,19.470861434936523,7.162032588332222e-08,0,0,1,pika
/workspace/data/genbuster-mini/extracted/GenBuster-200K-mini/benchmark/fake/pika/a0d3b59cf12c60e89f736814318e0191c99ae8e8a1da89107bf7045eea82f408.mp4,-29.042484283447266,0.9999999999997562,29.042484283447266,5.926596034416013e-12,0,0,1,pika
/workspace/data/genbuster-mini/extracted/GenBuster-200K-mini/benchmark/fake/pika/9d63403c6bca7006ed70d011b59403539afedb33f37aef0076bb355fb2aa1dd3.mp4,-14.512943267822266,0.9999995021384507,14.512943267822266,7.723296116841778e-06,0,0,1,pika
/workspace/data/genbuster-mini/extracted/GenBuster-200K-mini/benchmark/fake/pika/9cfb6d139842fe95d62048051ee4ec9922df8c4791db48bd90ad7f9508f67b8f.mp4,-13.40134334564209,0.9999984868921956,13.40134334564209,2.17907841771961e-05,0,0,1,pika
/workspace/data/genbuster-mini/extracted/GenBuster-200K-mini/benchmark/fake/pika/9c6034bc7a7cb76f48775c724e1889450863c8c637cd1750e65abce3279e09d4.mp4,-26.702951431274414,0.9999999999974704,26.702951431274414,6.823535482751859e-11,0,0,1,pika
/workspace/data/genbuster-mini/extracted/GenBuster-200K-mini/benchmark/fake/pika/9a0b021c264be9d85870aabcd936e56c2b6fc4849fdc56af9851f52439e38960.mp4,-21.112695693969727,0.999999999322557,21.112695693969727,1.497809258990468e-08,0,0,1,pika
/workspace/data/genbuster-mini/extracted/GenBuster-200K-mini/benchmark/fake/pika/995c76cd16307489da6d595c86f27d8d4be6fa99178daae62274540c73be17cd.mp4,-21.28703498840332,0.9999999994309399,21.28703498840332,1.268066399012217e-08,0,0,1,pika
/workspace/data/genbuster-mini/extracted/GenBuster-200K-mini/benchmark/fake/pika/98f35b33a0dcf8d4c9760e56e9e08a65019ec0e82bd1693083fa6a61fb4e59fd.mp4,-19.56252098083496,0.9999999968076898,19.56252098083496,6.56399455229654e-08,0,0,1,pika
/workspace/data/genbuster-mini/extracted/GenBuster-200K-mini/benchmark/fake/pika/939eca6044ae3b6d3f7c51744e3d08ebc7480f1a2fb2bfbba28e129c7d3aae48.mp4,-14.926800727844238,0.9999996708660603,14.926800727844238,5.242048724102232e-06,0,0,1,pika
/workspace/data/genbuster-mini/extracted/GenBuster-200K-mini/benchmark/fake/pika/927832f853528d5cf8465e96a76882e0b4a4341c140368facc904b0f463c3aa3.mp4,-29.25412368774414,0.9999999999998027,29.25412368774414,4.612990200124908e-12,0,0,1,pika
/workspace/data/genbuster-mini/extracted/GenBuster-200K-mini/benchmark/fake/pika/87915f8d833b82a63940a354fba88d73981561f8fb9b001a5c7322b914619b49.mp4,-23.50960350036621,0.9999999999383534,23.50960350036621,1.5089410376397372e-09,0,0,1,pika
/workspace/data/genbuster-mini/extracted/GenBuster-200K-mini/benchmark/fake/pika/825ec539de744ec6d3f29593367a5b5fe9f6da8f82c513748636ace0cbb7e20d.mp4,-22.648193359375,0.9999999998541137,22.648193359375,3.447951564360016e-09,0,0,1,pika
/workspace/data/genbuster-mini/extracted/GenBuster-200K-mini/benchmark/fake/pika/7be32452bf93a8dfa141cda33ccac89aa73b90f43aaf4f4bdbc5c7c72ee13646.mp4,-16.56121063232422,0.9999999357966658,16.56121063232422,1.1274862771264176e-06,0,0,1,pika
/workspace/data/genbuster-mini/extracted/GenBuster-200K-mini/benchmark/fake/pika/7a8c19ebbb72c9839ca863361644140bb9164b6f4dafc5811d1e2dd87d84cf2e.mp4,-18.437204360961914,0.9999999901638787,18.437204360961914,1.9118469913668125e-07,0,0,1,pika
/workspace/data/genbuster-mini/extracted/GenBuster-200K-mini/benchmark/fake/pika/794c78124c67a84b8f595cf13390f9c57d37a8364f2bc932dc76b31f9a5cfbc3.mp4,-13.099066734313965,0.9999979528638505,13.099066734313965,2.8862709200016915e-05,0,0,1,pika
/workspace/data/genbuster-mini/extracted/GenBuster-200K-mini/benchmark/fake/pika/75c551ee2082e047436809ce9f231dd909ff60c350c2aab157ad5f8e132fa613.mp4,-24.289827346801758,0.9999999999717472,24.289827346801758,7.125266193456353e-10,0,0,1,pika
/workspace/data/genbuster-mini/extracted/GenBuster-200K-mini/benchmark/fake/pika/73c073f93c98c0c48dda0c797647d2a7c511b336def1fab9e79850505a87e80d.mp4,-31.347434997558594,0.9999999999999757,31.347434997558594,-3.0423358648455084e-13,0,0,1,pika
/workspace/data/genbuster-mini/extracted/GenBuster-200K-mini/benchmark/fake/pika/73a79ba5bfc3f9e0d0450db3291d4ae6dc1621a77321b9f3d2f31a013807e9bc.mp4,-24.239349365234375,0.9999999999702844,24.239349365234375,7.480185537723796e-10,0,0,1,pika
/workspace/data/genbuster-mini/extracted/GenBuster-200K-mini/benchmark/fake/pika/6d4dc60f2c7f7f0ad028b25751d88a11bd6f4b27f934513f53fc194a2868334c.mp4,-20.781545639038086,0.9999999990566141,20.781545639038086,2.054640415469649e-08,0,0,1,pika
/workspace/data/genbuster-mini/extracted/GenBuster-200K-mini/benchmark/fake/pika/69659f79707bf8f653480e3912cdf5759c79809f0a51abc245e4e597f290a545.mp4,-23.216720581054688,0.999999999917376,23.216720581054688,1.998888963783245e-09,0,0,1,pika
/workspace/data/genbuster-mini/extracted/GenBuster-200K-mini/benchmark/fake/pika/671f5cbf3ef7fecd14f730dd50392baf3bc0c2b6745340959d67166773d0099f.mp4,-24.168066024780273,0.9999999999680889,24.168066024780273,8.01156976095944e-10,0,0,1,pika
/workspace/data/genbuster-mini/extracted/GenBuster-200K-mini/benchmark/fake/pika/66d75b7918e622d086b1591ec59fb5bca9369f67c732dc1d00125e0b6e17604a.mp4,-16.925363540649414,0.9999999553924859,16.925363540649414,7.996039052164845e-07,0,0,1,pika
/workspace/data/genbuster-mini/extracted/GenBuster-200K-mini/benchmark/fake/pika/66acbf56343d85b4e8fef1e12edc5843c9b655533c76245148ddd77895be079b.mp4,-18.83356285095215,0.9999999933825974,18.83356285095215,1.312446712678142e-07,0,0,1,pika
/workspace/data/genbuster-mini/extracted/GenBuster-200K-mini/benchmark/fake/pika/669753586a0f3d1fb94cf364f1c97d22d9f4bf127e33b30da55eba0734e07726.mp4,-12.265189170837402,0.9999952870380184,12.265189170837402,6.251834178464391e-05,0,0,1,pika
/workspace/data/genbuster-mini/extracted/GenBuster-200K-mini/benchmark/fake/pika/62f45d26cbd8235a41fd346e948b5525d153086a35df934785e33ccccb0b214b.mp4,-9.571176528930664,0.9999302955475287,9.571176528930664,0.000736860508172353,0,0,1,pika
/workspace/data/genbuster-mini/extracted/GenBuster-200K-mini/benchmark/fake/pika/62b0ac134115d886665ab47888712486ef07467738dcfbeb39c21b2d0d491d82.mp4,-26.318973541259766,0.9999999999962862,26.318973541259766,9.957093505669138e-11,0,0,1,pika
/workspace/data/genbuster-mini/extracted/GenBuster-200K-mini/benchmark/fake/pika/62886e6e3d149ad4e8f4b04179549426bc2fe502badb0f61c00487b1d3ec7d41.mp4,-13.40762996673584,0.9999984963747011,13.40762996673584,2.166367609047771e-05,0,0,1,pika
/workspace/data/genbuster-mini/extracted/GenBuster-200K-mini/benchmark/fake/pika/5f6af2540a856799b9d3ef0c83e4c88d2a2bc1e158f40674ac2a520193c88cd6.mp4,-18.114267349243164,0.9999999864145614,18.114267349243164,2.5967370400547616e-07,0,0,1,pika
/workspace/data/genbuster-mini/extracted/GenBuster-200K-mini/benchmark/fake/pika/581e011afc5fc884f027dd4d0dbe243eaf720c61bc251d1f7702eb13133b161a.mp4,-31.968454360961914,0.9999999999999869,31.968454360961914,-6.260196638531283e-13,0,0,1,pika
/workspace/data/genbuster-mini/extracted/GenBuster-200K-mini/benchmark/fake/pika/56a0c9ac24de50822cac6071b5e5e1636dc57b32c3a05b0774d743a87c6385c1.mp4,-12.875039100646973,0.9999974388178998,12.875039100646973,3.553650302873479e-05,0,0,1,pika
/workspace/data/genbuster-mini/extracted/GenBuster-200K-mini/benchmark/fake/pika/53a914adcec4b11b7af4c23f9867fd14a0b4cb42efd81a1c5d713a94adafe74a.mp4,-27.58780860900879,0.9999999999989558,27.58780860900879,2.8148826970330414e-11,0,0,1,pika
/workspace/data/genbuster-mini/extracted/GenBuster-200K-mini/benchmark/fake/pika/5254e2d51ccef9673b0f7705a6220332e13ec2c4b0b86df645668f3682792c59.mp4,-10.805983543395996,0.9999797226046212,10.805983543395996,0.00023939479972388117,0,0,1,pika
/workspace/data/genbuster-mini/extracted/GenBuster-200K-mini/benchmark/fake/pika/3e29e82043489b8d7ba58f4d9a288717f7694f0cd534ce5a73632b670edf3768.mp4,-23.30435562133789,0.9999999999243085,23.30435562133789,1.837639046910617e-09,0,0,1,pika
/workspace/data/genbuster-mini/extracted/GenBuster-200K-mini/benchmark/fake/pika/39e4135144a9f854e9516d6a6f994267174d55a24b1e45b23517c5b0f10c3791.mp4,-14.42082691192627,0.9999994540986563,14.42082691192627,8.418248340439426e-06,0,0,1,pika
/workspace/data/genbuster-mini/extracted/GenBuster-200K-mini/benchmark/fake/pika/37cdd4f43054ccfaad6784c12502ef9d0f7aa483a36aef5aaf4a069ca0db1f49.mp4,-24.775041580200195,0.9999999999826086,24.775041580200195,4.462933636723583e-10,0,0,1,pika
/workspace/data/genbuster-mini/extracted/GenBuster-200K-mini/benchmark/fake/pika/2f53e7d9227465b1f78092e7594e624e2b4d5a628388d88d3ee06bd98005b7de.mp4,-22.039569854736328,0.9999999997318756,22.039569854736328,6.175473620727769e-09,0,0,1,pika
/workspace/data/genbuster-mini/extracted/GenBuster-200K-mini/benchmark/fake/pika/2b5d2b62430b5185b49d20a2f0afbb48bb9cf63614ea94b7d679fa600766ab3c.mp4,-18.954404830932617,0.9999999941358295,18.954404830932617,1.170140317152474e-07,0,0,1,pika
/workspace/data/genbuster-mini/extracted/GenBuster-200K-mini/benchmark/fake/pika/23692d7be8cc90e830b90e3cfa2c9eeceae8188402575182fb933ee409760d35.mp4,-22.74715805053711,0.9999999998678598,22.74715805053711,3.135956760781985e-09,0,0,1,pika
/workspace/data/genbuster-mini/extracted/GenBuster-200K-mini/benchmark/fake/pika/1dc4ae4bb309a6db913167ad789b4b2def193a3906c9002ff847fff5ed4d42d8.mp4,-33.11868667602539,0.9999999999999959,33.11868667602539,-8.815640168232332e-13,0,0,1,pika
/workspace/data/genbuster-mini/extracted/GenBuster-200K-mini/benchmark/fake/pika/1ce0331df1d0c5895a526e31a50e8a3d6adc8fce1470af7b61681da8dd1d09de.mp4,-14.27365493774414,0.9999993675442624,14.27365493774414,9.65990891707383e-06,0,0,1,pika
/workspace/data/genbuster-mini/extracted/GenBuster-200K-mini/benchmark/fake/pika/1aa281030c17847821606db4f5bbe6fbc89ed78f566f54c338277b757d64dd90.mp4,-15.688214302062988,0.9999998462924964,15.688214302062988,2.5651017584502556e-06,0,0,1,pika
/workspace/data/genbuster-mini/extracted/GenBuster-200K-mini/benchmark/fake/pika/15695567381c160ffe16a856a403ce930f518e5a76b819a7cbbb4ba05d17879b.mp4,-27.455625534057617,0.9999999999988083,27.455625534057617,3.21849838849773e-11,0,0,1,pika
/workspace/data/genbuster-mini/extracted/GenBuster-200K-mini/benchmark/fake/pika/13bf159e1ccd6d14593c0e6ab7c7750c901583e0b31f25435981e183e7873ede.mp4,-30.19483184814453,0.999999999999923,30.19483184814453,1.1991317824317767e-12,0,0,1,pika
/workspace/data/genbuster-mini/extracted/GenBuster-200K-mini/benchmark/fake/pika/137370f6d0c9253958c3152ad70a34c92bf98eac27671b4446d6c061d33193af.mp4,-25.33251953125,0.9999999999900407,25.33251953125,2.602991966770314e-10,0,0,1,pika
/workspace/data/genbuster-mini/extracted/GenBuster-200K-mini/benchmark/fake/pika/1274bf20abfadf9571dfe7f1088614eceb59060b8d4a3c9a6221d10e5159c6f6.mp4,-13.643058776855469,0.9999988117868952,13.643058776855469,1.7399073047116818e-05,0,0,1,pika
/workspace/data/genbuster-mini/extracted/GenBuster-200K-mini/benchmark/fake/pika/104160327684a28de197913495786d175e3ede7461bd3b4a7deaf21e86ba4cd1.mp4,-17.358631134033203,0.9999999710770702,17.358631134033203,5.30983399743951e-07,0,0,1,pika
/workspace/data/genbuster-mini/extracted/GenBuster-200K-mini/benchmark/fake/pika/0e84756a85111f2578dd42025a8c16e09032f0f981bbdbd9e8f1f9ff2309444a.mp4,-28.336742401123047,0.9999999999995063,28.336742401123047,1.2938479579655345e-11,0,0,1,pika
/workspace/data/genbuster-mini/extracted/GenBuster-200K-mini/benchmark/fake/pika/0c9fad2dc2532afaaedf485c8e4ae053ea89713d252a342d16ce0cfed2d8b349.mp4,-21.955204010009766,0.9999999997082734,21.955204010009766,6.694645721973146e-09,0,0,1,pika
/workspace/data/genbuster-mini/extracted/GenBuster-200K-mini/benchmark/fake/pika/0c37753660d10db749ed54c8c4b4fb94b861c92d8a75650b5e977640b507a954.mp4,-17.916667938232422,0.9999999834464948,17.916667938232422,3.1313516200246146e-07,0,0,1,pika
/workspace/data/genbuster-mini/extracted/GenBuster-200K-mini/benchmark/fake/pika/09fab2b29b14bc0eddc2d900c9e03f09caf8cce07e05e026af0e1949704c9474.mp4,-23.233596801757812,0.9999999999187587,23.233596801757812,1.966776018501896e-09,0,0,1,pika
/workspace/data/genbuster-mini/extracted/GenBuster-200K-mini/benchmark/fake/pika/095581faf93d500d396549e321baad6ec25600637b4ae3d96cf88001dbfe5441.mp4,-24.139739990234375,0.999999999967172,24.139739990234375,8.233018104377153e-10,0,0,1,pika
/workspace/data/genbuster-mini/extracted/GenBuster-200K-mini/benchmark/fake/pika/08ce7a365f18973ad7d676ba5ae708e7d9f482189ff3eaf63dcba899e1302ab6.mp4,-31.759578704833984,0.9999999999999839,31.759578704833984,-5.39109151519874e-13,0,0,1,pika
/workspace/data/genbuster-mini/extracted/GenBuster-200K-mini/benchmark/fake/pika/08bdc1d087466e7cc4883e2443f45c26ee6f1d71566495cebec62b36126f635f.mp4,-24.628644943237305,0.9999999999798667,24.628644943237305,5.14013801791721e-10,0,0,1,pika
/workspace/data/genbuster-mini/extracted/GenBuster-200K-mini/benchmark/fake/pika/085b3abec4d6d46a6dfd1ebf221d9ff4ae97f3d88af5e01c0294796f372f964b.mp4,-5.813220977783203,0.9970211093313992,5.813220977783203,0.020300286095237804,0,0,1,pika
/workspace/data/genbuster-mini/extracted/GenBuster-200K-mini/benchmark/fake/pika/0235e59f00668e92db1c510a55f0700c1b70ff79e5898aa0819672a80393bca6.mp4,-17.546833038330078,0.9999999760388736,17.546833038330078,4.4440101114807083e-07,0,0,1,pika
/workspace/data/genbuster-mini/extracted/GenBuster-200K-mini/benchmark/fake/luma/ffc27d2529ce1894c8e6a421870f77e89598424cd55884db9972f9e44dee23f8.mp4,-17.40736961364746,0.9999999724529296,17.40736961364746,5.07067107182745e-07,0,0,1,luma
/workspace/data/genbuster-mini/extracted/GenBuster-200K-mini/benchmark/fake/luma/fc8349376fbf9653db666da5631a89e2b5167d8208af72e3416bdc47c7365439.mp4,-13.202178001403809,0.9999981534283506,13.202178001403809,2.6225338874117658e-05,0,0,1,luma
/workspace/data/genbuster-mini/extracted/GenBuster-200K-mini/benchmark/fake/luma/f9728d6c80a6eb1f3a1205d2d1e5133991d81ded1616fdfb0ec59226853cac5c.mp4,-16.365694046020508,0.9999999219326696,16.365694046020508,1.3556913811989758e-06,0,0,1,luma
/workspace/data/genbuster-mini/extracted/GenBuster-200K-mini/benchmark/fake/luma/f7ba05c987b32b804c189ce5701e287b9dcd090bf62770ebca8a9e40c01d5030.mp4,-39.93235397338867,1.0,39.93235397338867,-9.99963298774891e-13,0,0,1,luma
/workspace/data/genbuster-mini/extracted/GenBuster-200K-mini/benchmark/fake/luma/f6197a71c23c81747203744da87a1ce61569f593a49dcfae52d82b79632fd6db.mp4,-22.9432430267334,0.9999999998913884,22.9432430267334,2.598518153301027e-09,0,0,1,luma
/workspace/data/genbuster-mini/extracted/GenBuster-200K-mini/benchmark/fake/luma/f5d545c3d28f62c65868b42274ba5a12c6eab7a09da3b0ed7680722701919865.mp4,-36.3597297668457,0.9999999999999999,36.3597297668457,-9.953942112694219e-13,0,0,1,luma
/workspace/data/genbuster-mini/extracted/GenBuster-200K-mini/benchmark/fake/luma/f404f142b2214e2df5676cee4f358a85043bc13de97e78cc1331218bb5276fa9.mp4,-30.779273986816406,0.999999999999957,30.779273986816406,2.2730189859808147e-13,0,0,1,luma
/workspace/data/genbuster-mini/extracted/GenBuster-200K-mini/benchmark/fake/luma/f4014e746e367c41fe92a7145919cfab261b7f0fdc2abbd8192ad9f0478110c7.mp4,-30.45615005493164,0.9999999999999407,30.45615005493164,6.943280990548499e-13,0,0,1,luma
/workspace/data/genbuster-mini/extracted/GenBuster-200K-mini/benchmark/fake/luma/ee2518b78a0aad693bdf6e41e2b89847024bfbdf239f723987e14e2ca67a2471.mp4,-21.647436141967773,0.9999999996031395,21.647436141967773,8.98587512829635e-09,0,0,1,luma
/workspace/data/genbuster-mini/extracted/GenBuster-200K-mini/benchmark/fake/luma/ec10c08ad8dc12d9c61340129f4908c991e7b88e0b1af09cb5d98ca3d07027f4.mp4,-21.00918960571289,0.9999999992486801,21.00918960571289,1.6533941596344688e-08,0,0,1,luma
/workspace/data/genbuster-mini/extracted/GenBuster-200K-mini/benchmark/fake/luma/e99162af3c0ada1793bbe05d0da8a92260e47fbfa144ecf775b260a0c04ad85e.mp4,-9.595300674438477,0.9999319568669307,9.595300674438477,0.0007209397683821666,0,0,1,luma
/workspace/data/genbuster-mini/extracted/GenBuster-200K-mini/benchmark/fake/luma/e8a8055e8ccbd5b63de69068e950846e74206a07e8d3bf1970f6dc20cc2170d6.mp4,-24.06228256225586,0.9999999999645282,24.06228256225586,8.870186593063429e-10,0,0,1,luma
/workspace/data/genbuster-mini/extracted/GenBuster-200K-mini/benchmark/fake/luma/e7142de9e6886d3f2896312337662b1dfef7e89eb3cd0a09885545aa24e7b8c1.mp4,-29.27322769165039,0.9999999999998065,29.27322769165039,4.5073408918403146e-12,0,0,1,luma
/workspace/data/genbuster-mini/extracted/GenBuster-200K-mini/benchmark/fake/luma/e6c10f39397f9c32df070215600cfc0188cc40a47e068d70cfce770dbc0dc62d.mp4,-6.053491592407227,0.9976558643393219,6.053491592407227,0.016537093084378257,0,0,1,luma
/workspace/data/genbuster-mini/extracted/GenBuster-200K-mini/benchmark/fake/luma/e691d4635ae96c2c12ab3573c7dc803c052cfddd3067a8b811aaed125e925fb7.mp4,-24.5129337310791,0.9999999999773969,24.5129337310791,5.746931145824004e-10,0,0,1,luma
/workspace/data/genbuster-mini/extracted/GenBuster-200K-mini/benchmark/fake/luma/e644a29742cd3c60b4b27d2e9fabdd71fe642d222941fe5c3cca23343aa33439.mp4,-26.01536750793457,0.9999999999949688,26.01536750793457,1.3400700762333417e-10,0,0,1,luma
/workspace/data/genbuster-mini/extracted/GenBuster-200K-mini/benchmark/fake/luma/e5c883c1193007086fcfcda2a7924266820a05f534cb9b13345f124356a89722.mp4,-20.657194137573242,0.9999999989316967,20.657194137573242,2.3134453182766227e-08,0,0,1,luma
/workspace/data/genbuster-mini/extracted/GenBuster-200K-mini/benchmark/fake/luma/e387f940b321e2bd31709f89ae9f9745623b092c96a4b94aa5239a1193bfd018.mp4,-20.066082000732422,0.9999999980706489,20.066082000732422,4.064186943514762e-08,0,0,1,luma
/workspace/data/genbuster-mini/extracted/GenBuster-200K-mini/benchmark/fake/luma/d6bb9b397aa6fa9a95dfc09f58b3709b9b24ea52dc694ce339fa2a3a527600c4.mp4,-45.89926528930664,1.0,45.89926528930664,-1.0000885787719903e-12,0,0,1,luma
/workspace/data/genbuster-mini/extracted/GenBuster-200K-mini/benchmark/fake/luma/d55dbe5c4a68fdec32198af228e736a450009544e4005833fb09810545f00b16.mp4,-11.963942527770996,0.9999936302410788,11.963942527770996,8.25772070962725e-05,0,0,1,luma
/workspace/data/genbuster-mini/extracted/GenBuster-200K-mini/benchmark/fake/luma/d1f7d33b44762d8e17ae85c634033beae0577f21c494edc1003dfb7034552d2d.mp4,-23.574888229370117,0.9999999999422494,23.574888229370117,1.417221945304684e-09,0,0,1,luma
/workspace/data/genbuster-mini/extracted/GenBuster-200K-mini/benchmark/fake/luma/cde9bbea1b285834fc5d6e85fc10107c68c4b006b1b84db2f16108d161cd106d.mp4,-18.3842716217041,0.9999999896291998,18.3842716217041,2.010284086919559e-07,0,0,1,luma
/workspace/data/genbuster-mini/extracted/GenBuster-200K-mini/benchmark/fake/luma/cb31ce27ce95c30e5c525e1ef278f69c650d61f931eb030212697383fe621ba8.mp4,-12.748926162719727,0.9999970945696077,12.748926162719727,3.9946550023752455e-05,0,0,1,luma
/workspace/data/genbuster-mini/extracted/GenBuster-200K-mini/benchmark/fake/luma/c87fe790c924b803f2e67ddab8a79ca00275ea8edfe2295dbe435ed0278d028d.mp4,-11.255423545837402,0.9999870632245802,11.255423545837402,0.00015854574392324856,0,0,1,luma
/workspace/data/genbuster-mini/extracted/GenBuster-200K-mini/benchmark/fake/luma/c71d352245ae2e6972514b099a0b35cee7c9f32f41ac1986cdccbe7828ffa74d.mp4,-26.853837966918945,0.9999999999978246,26.853837966918945,5.876873213789753e-11,0,0,1,luma
/workspace/data/genbuster-mini/extracted/GenBuster-200K-mini/benchmark/fake/luma/c653daba980e89e6e6935130a1fb4605daec03ca3863daccf2d7e54ff5850049.mp4,-23.1906681060791,0.9999999999151952,23.1906681060791,2.0494923315501964e-09,0,0,1,luma
/workspace/data/genbuster-mini/extracted/GenBuster-200K-mini/benchmark/fake/luma/c5f785c4a00119c25bdea636d80c4f4bc1e22f0fe64fa63ceba57dfde12d3a70.mp4,-15.324658393859863,0.9999997789017385,15.324658393859863,3.6093516139395067e-06,0,0,1,luma
/workspace/data/genbuster-mini/extracted/GenBuster-200K-mini/benchmark/fake/luma/c5f0b2db06d1a26c4de3f2d42368122d742038c62682b7350d4af15f65353dc4.mp4,-22.374950408935547,0.9999999998082734,22.374950408935547,4.479603813836998e-09,0,0,1,luma
/workspace/data/genbuster-mini/extracted/GenBuster-200K-mini/benchmark/fake/luma/c4db751e51aa1ba13847e7e797941db87ac0bb68cc3fb4b9e7363a5ba96ea74f.mp4,-15.049525260925293,0.9999997088786472,15.049525260925293,4.672357572857949e-06,0,0,1,luma
/workspace/data/genbuster-mini/extracted/GenBuster-200K-mini/benchmark/fake/luma/c3d88740c1ea89f183534b1b86ddec72a8fb502beb23856deb8efa717c60820c.mp4,-12.518009185791016,0.9999963398734053,12.518009185791016,4.947762954057965e-05,0,0,1,luma
/workspace/data/genbuster-mini/extracted/GenBuster-200K-mini/benchmark/fake/luma/c1ec4b7339534fef8d33f98abf26bf83f713b220b4f6bfe055af224230c458b7.mp4,-13.987833976745605,0.9999991582938037,13.987833976745605,1.2615351082113514e-05,0,0,1,luma
/workspace/data/genbuster-mini/extracted/GenBuster-200K-mini/benchmark/fake/luma/c05188597460e6dc0faf92d116943dea84a628178b8e14d45548634c6b445b38.mp4,-34.20096206665039,0.9999999999999986,34.20096206665039,-9.59801174162746e-13,0,0,1,luma
/workspace/data/genbuster-mini/extracted/GenBuster-200K-mini/benchmark/fake/luma/bad0696a5952c39cc5cbb6f6c5841050b7908e554d7bec95151dd06249b49615.mp4,-25.998762130737305,0.9999999999948845,25.998762130737305,1.3619662258238135e-10,0,0,1,luma
/workspace/data/genbuster-mini/extracted/GenBuster-200K-mini/benchmark/fake/luma/b9b84267aac5a9633c3d28e553a13dd169c6c1660edcb910ceca96913ce895ec.mp4,-14.64462947845459,0.9999995635665471,14.64462947845459,6.827837764704378e-06,0,0,1,luma
/workspace/data/genbuster-mini/extracted/GenBuster-200K-mini/benchmark/fake/luma/ae2ff9ee6073db5cb96fcddbbb6edb147d5e8c18c6219f69d119a5ddbeba9d75.mp4,-15.72675609588623,0.9999998521039544,15.72675609588623,2.473819087971059e-06,0,0,1,luma
/workspace/data/genbuster-mini/extracted/GenBuster-200K-mini/benchmark/fake/luma/ae1b1d1a89af83ef60c9f30ac5e9b859d49b166a904d0a1073d4a2d3237df337.mp4,-14.33741569519043,0.99999940661138,14.33741569519043,9.101046120942667e-06,0,0,1,luma
/workspace/data/genbuster-mini/extracted/GenBuster-200K-mini/benchmark/fake/luma/ab6e1496d961624aa05d95800579e576cc6fd88ccb5e33f663cbd0852740e416.mp4,-9.404731750488281,0.9999176732235355,9.404731750488281,0.0008565914178430143,0,0,1,luma
/workspace/data/genbuster-mini/extracted/GenBuster-200K-mini/benchmark/fake/luma/a9cc0ebaab6d06c044a5808c84c0f794edef8a8519a2e5c4df833c3041763e7d.mp4,-30.102380752563477,0.9999999999999155,30.102380752563477,1.4116508382413853e-12,0,0,1,luma
/workspace/data/genbuster-mini/extracted/GenBuster-200K-mini/benchmark/fake/luma/a522f0750ec64b2c0470b542dde52b50b28dcfe7ea372566fca7db93cde793d4.mp4,2.2961513996124268,0.9085578322410583,2.2961513996124268,0.30586183593647365,0,1,1,luma
/workspace/data/genbuster-mini/extracted/GenBuster-200K-mini/benchmark/fake/luma/a5204dd5e270ec5aad583ecf4ce8a57b75b85346f5f1c59bbcec4f1705340f5d.mp4,-12.293688774108887,0.999995419458628,12.293688774108887,6.0892299946484926e-05,0,0,1,luma
/workspace/data/genbuster-mini/extracted/GenBuster-200K-mini/benchmark/fake/luma/a4c4c6a55720d7db83d7543c1d2f904f3a85cf27790a8d0b5437be5d7f7c4b11.mp4,2.277894973754883,0.9070296883583069,2.277894973754883,0.3093567021260017,0,1,1,luma
/workspace/data/genbuster-mini/extracted/GenBuster-200K-mini/benchmark/fake/luma/a4343cd8259619671067633c790fc13f3582bc2cf1bb5bc1a31d89b9367b3d3e.mp4,-14.859694480895996,0.9999996480211735,14.859694480895996,5.582274708198777e-06,0,0,1,luma
/workspace/data/genbuster-mini/extracted/GenBuster-200K-mini/benchmark/fake/luma/a2586bf083895319f92d166e0090b46497326b9425fac950aa28402b921370b2.mp4,-18.84320831298828,0.9999999934461181,18.84320831298828,1.3004804348802984e-07,0,0,1,luma
/workspace/data/genbuster-mini/extracted/GenBuster-200K-mini/benchmark/fake/luma/9bfee34b3082f4f2fa811f7ce21ff41bdf87a10eb1549596853399f19924284a.mp4,-32.533668518066406,0.9999999999999926,32.533668518066406,-7.873816465080442e-13,0,0,1,luma
/workspace/data/genbuster-mini/extracted/GenBuster-200K-mini/benchmark/fake/luma/9b980e89fcf05b81e0e99b14e3dfe352ee3d194972c432a8a455cfbf91a08f4f.mp4,-18.863922119140625,0.9999999935804778,18.863922119140625,1.2751489016148346e-07,0,0,1,luma
/workspace/data/genbuster-mini/extracted/GenBuster-200K-mini/benchmark/fake/luma/9a5aeb2c4d20db3763d24393162b0a1e0a720094f135edd9c4a2e3f3f0c45989.mp4,-15.983845710754395,0.9999998856321497,15.983845710754395,1.942403930492379e-06,0,0,1,luma
/workspace/data/genbuster-mini/extracted/GenBuster-200K-mini/benchmark/fake/luma/98c25e91efec4365042e3e918318a3a5032e1fc53a52f49f85dbed30783d2851.mp4,-22.051448822021484,0.9999999997350417,22.051448822021484,6.105673474588266e-09,0,0,1,luma
/workspace/data/genbuster-mini/extracted/GenBuster-200K-mini/benchmark/fake/luma/95d57e86cb3260fbde1d5e5463242e1f2be6fc6b78a897174620e46d3052473e.mp4,-19.97552490234375,0.9999999978877769,19.97552490234375,4.430298762622131e-08,0,0,1,luma
/workspace/data/genbuster-mini/extracted/GenBuster-200K-mini/benchmark/fake/luma/957c40af1825ea3aa856c8978c31c57100b62f39b51e5b6b0f53de7951b34298.mp4,-17.231185913085938,0.99999996714579,17.231185913085938,5.98969211313683e-07,0,0,1,luma
/workspace/data/genbuster-mini/extracted/GenBuster-200K-mini/benchmark/fake/luma/948d01ab93c0799b52e64fe171ce4e854ed6d46e60af4534582036abfe280b7d.mp4,-30.05632781982422,0.9999999999999115,30.05632781982422,1.5250013165348263e-12,0,0,1,luma
/workspace/data/genbuster-mini/extracted/GenBuster-200K-mini/benchmark/fake/luma/92c9554c7be60b8376c4f1489372165a63e7f3461a570c9bb3ccd64eccbbd4c3.mp4,-31.611141204833984,0.9999999999999813,31.611141204833984,-4.655417106773125e-13,0,0,1,luma
/workspace/data/genbuster-mini/extracted/GenBuster-200K-mini/benchmark/fake/luma/8fcfa340a1dd51fba3a5070f904ae473ac246da202dc9d3df36f7b3fc1223d95.mp4,-13.317361831665039,0.9999983543308417,13.317361831665039,2.3561640141807536e-05,0,0,1,luma
/workspace/data/genbuster-mini/extracted/GenBuster-200K-mini/benchmark/fake/luma/8f5adca7a75292bf9c0b660926b4f7f3735c5bf3ffc665fdb1ef0a222eb7bb7b.mp4,-3.7153730392456055,0.9762322995811701,3.7153730392456055,0.11236058229166336,0,0,1,luma
/workspace/data/genbuster-mini/extracted/GenBuster-200K-mini/benchmark/fake/luma/8ce6bc77af8337fc95db491c605ca98127f16b48c399547bb8593632762297d0.mp4,-11.046403884887695,0.9999840558702999,11.046403884887695,0.00019206955124796612,0,0,1,luma
/workspace/data/genbuster-mini/extracted/GenBuster-200K-mini/benchmark/fake/luma/8be76b1d9af0b8ff56c8452007848c39b7084058614051b4233c1f9e41cba9aa.mp4,-13.899773597717285,0.9999990808113921,13.899773597717285,1.3695700561841938e-05,0,0,1,luma
/workspace/data/genbuster-mini/extracted/GenBuster-200K-mini/benchmark/fake/luma/839c6556d265946b45f8513b6908b0ce321092115884d71d872b7d1307c66eb6.mp4,-11.909727096557617,0.9999932753703433,11.909727096557617,8.681315351285496e-05,0,0,1,luma
/workspace/data/genbuster-mini/extracted/GenBuster-200K-mini/benchmark/fake/luma/8333ba06988df14b3cef1ddd2c462a6315e1e19c834c60e93a1f74e2cf59b04c.mp4,-24.6735782623291,0.9999999999807513,24.6735782623291,4.922078477365531e-10,0,0,1,luma
/workspace/data/genbuster-mini/extracted/GenBuster-200K-mini/benchmark/fake/luma/80809743886cfa38696ce7792048f3121abeb088b9c0bd97a583e42fdca858be.mp4,-26.715770721435547,0.9999999999975026,26.715770721435547,6.73763940577492e-11,0,0,1,luma
/workspace/data/genbuster-mini/extracted/GenBuster-200K-mini/benchmark/fake/luma/807e225ac199ecbdf612b6d8433d3890acb2b8235bed69180512e6d9cb70f973.mp4,-17.297584533691406,0.9999999692564145,17.297584533691406,5.625313512670034e-07,0,0,1,luma
/workspace/data/genbuster-mini/extracted/GenBuster-200K-mini/benchmark/fake/luma/7d4d6453a5c9089420d9b29a2fb77b680789b3064aec7978c581629f6451e7f8.mp4,-30.54651641845703,0.9999999999999458,30.54651641845703,5.482027261680953e-13,0,0,1,luma
/workspace/data/genbuster-mini/extracted/GenBuster-200K-mini/benchmark/fake/luma/7c5e93979dc0d43d4c47c99f85c50143cd783496193c978b7bf74be208fc7d8e.mp4,-10.630559921264648,0.9999758344893053,10.630559921264648,0.00028105871093109404,0,0,1,luma
/workspace/data/genbuster-mini/extracted/GenBuster-200K-mini/benchmark/fake/luma/7bf18e496d27bf871bb43e30e3bb493e2c3e4798297209a3ae498c1adde7b2e0.mp4,-18.239898681640625,0.9999999880184589,18.239898681640625,2.3052163585035928e-07,0,0,1,luma
/workspace/data/genbuster-mini/extracted/GenBuster-200K-mini/benchmark/fake/luma/78052419e88a4aa4d75b4eea8019adbcbc5e8925a6a8979763c5d23dd81f24b8.mp4,-7.729233741760254,0.9995604123396333,7.729233741760254,0.0038373600734786166,0,0,1,luma
/workspace/data/genbuster-mini/extracted/GenBuster-200K-mini/benchmark/fake/luma/732c3d5d9bea4c1d6b426b7634cf95a649943bc816f510d1d3083d8b3ed71390.mp4,-15.17961597442627,0.9999997443908057,15.17961597442627,4.1356566132370635e-06,0,0,1,luma
/workspace/data/genbuster-mini/extracted/GenBuster-200K-mini/benchmark/fake/luma/72bf144d00677e9bfbbccbdcfdc3250cb3a2329df6106c6e6e1b2639768caa56.mp4,-18.55750274658203,0.9999999912787452,18.55750274658203,1.705639649756435e-07,0,0,1,luma
/workspace/data/genbuster-mini/extracted/GenBuster-200K-mini/benchmark/fake/luma/725851cd258b3b3a24549aa380cefcfe213f24933966e54e086d8eb8794d6e5d.mp4,-10.117871284484863,0.9999596496927552,10.117871284484863,0.00044861033082945037,0,0,1,luma
/workspace/data/genbuster-mini/extracted/GenBuster-200K-mini/benchmark/fake/luma/67c6ff956261b40d85d6696aefef335f76ae884c867112617d595dbeba9d4490.mp4,-17.260528564453125,0.999999968095814,17.260528564453125,5.825853001682072e-07,0,0,1,luma
/workspace/data/genbuster-mini/extracted/GenBuster-200K-mini/benchmark/fake/luma/6671370290d33463c32c706207b30fb70d34e1b937f7263f86d437d735b23c60.mp4,-17.227298736572266,0.9999999670178283,17.227298736572266,6.011738932720423e-07,0,0,1,luma
/workspace/data/genbuster-mini/extracted/GenBuster-200K-mini/benchmark/fake/luma/641ab5f61e945b19a980a44a67b92111605186c3f6db78a03c5f029ca47b66b4.mp4,-12.654228210449219,0.9999968059837556,12.654228210449219,4.361182986641745e-05,0,0,1,luma
/workspace/data/genbuster-mini/extracted/GenBuster-200K-mini/benchmark/fake/luma/60bdca87d3a4730af5799291662d051845ff797ba37024abb2e986c528bb711c.mp4,-11.572348594665527,0.9999905770091573,11.572348594665527,0.00011846916810248735,0,0,1,luma
/workspace/data/genbuster-mini/extracted/GenBuster-200K-mini/benchmark/fake/luma/5faa0d8399ab39207a47e1f728f49df8eef8237f786c0450bc48fa045fe748d7.mp4,-29.052783966064453,0.9999999999997587,29.052783966064453,5.856160516974161e-12,0,0,1,luma
/workspace/data/genbuster-mini/extracted/GenBuster-200K-mini/benchmark/fake/luma/5c1771460250e2e93b94f78874c47bd8865c1558348efcd9be79197d41cab27d.mp4,-15.772364616394043,0.9999998586977767,15.772364616394043,2.369970427383749e-06,0,0,1,luma
/workspace/data/genbuster-mini/extracted/GenBuster-200K-mini/benchmark/fake/luma/5bd79a2c93cc791cd4d04846aa24eac7277820da3e7e986282367c2de9b2266d.mp4,-20.46678924560547,0.9999999987076315,20.46678924560547,2.774100356948011e-08,0,0,1,luma
/workspace/data/genbuster-mini/extracted/GenBuster-200K-mini/benchmark/fake/luma/5b624c26961ac0d7e9877184db5887bdb301bc14b01fd655f2e6a8e781582951.mp4,-31.07686996459961,0.9999999999999681,31.07686996459961,-8.830171815382535e-14,0,0,1,luma
/workspace/data/genbuster-mini/extracted/GenBuster-200K-mini/benchmark/fake/luma/4e295b9ba014a68bab6afe1d2507d5d2d03d7ed59f814b0983f6f26a51be2015.mp4,-5.614043712615967,0.9963669520802796,5.614043712615967,0.024035753148889907,0,0,1,luma
/workspace/data/genbuster-mini/extracted/GenBuster-200K-mini/benchmark/fake/luma/4dc9eaba5d616fafd8d836bf991d960142a1b77e8e22967df31cb364d8beb9ab.mp4,-0.9149516224861145,0.7140123546123505,0.9149516224861145,0.5985198824759377,0,0,1,luma
/workspace/data/genbuster-mini/extracted/GenBuster-200K-mini/benchmark/fake/luma/4a14813c223a3f42b8b43e3f02b1f3db40c96cba9b8c866fb4d6186301a0dfbd.mp4,-7.237135887145996,0.9992811480187811,7.237135887145996,0.005921540013706484,0,0,1,luma
/workspace/data/genbuster-mini/extracted/GenBuster-200K-mini/benchmark/fake/luma/4571b524870780df86c63cc415c371664449b71d35d482abaa75c1fa57cd35d8.mp4,-16.877246856689453,0.9999999531936439,16.877246856689453,8.367667805200457e-07,0,0,1,luma
/workspace/data/genbuster-mini/extracted/GenBuster-200K-mini/benchmark/fake/luma/40d17e8203534ca6038b80dfa42463d01982e887beee2a1ca385bf452d1bf1f3.mp4,-21.141881942749023,0.9999999993420432,21.141881942749023,1.456640138781557e-08,0,0,1,luma
/workspace/data/genbuster-mini/extracted/GenBuster-200K-mini/benchmark/fake/luma/391f3ccf2f4e5d4b3ab7959840eaa245de45b6d6d83828b6acb0a4c8375c5068.mp4,-13.941075325012207,0.9999991180021652,13.941075325012207,1.3177994500180996e-05,0,0,1,luma
/workspace/data/genbuster-mini/extracted/GenBuster-200K-mini/benchmark/fake/luma/2da85e40c0f24435f2c3e87241e4751d83e33d34f167608ef4a457c92dbcbd7a.mp4,-1.6608233451843262,0.8403484970331192,1.6608233451843262,0.43909153974495885,0,0,1,luma
/workspace/data/genbuster-mini/extracted/GenBuster-200K-mini/benchmark/fake/luma/297770b9e7245701f20997d9d8b514343634f932361881ab19f6cf5b02749566.mp4,-28.18520736694336,0.9999999999994255,28.18520736694336,1.518886019615585e-11,0,0,1,luma
/workspace/data/genbuster-mini/extracted/GenBuster-200K-mini/benchmark/fake/luma/2873c12295f9cd3a73457e624cf36f5d7365cf05c42c0face13d50b444b113aa.mp4,-23.520427703857422,0.9999999999390171,23.520427703857422,1.4933347310984742e-09,0,0,1,luma
/workspace/data/genbuster-mini/extracted/GenBuster-200K-mini/benchmark/fake/luma/256e1880d12a03ead0586e81fd5e932f7be2ac8a8f7f6212fd19871ca75487fd.mp4,-16.97194480895996,0.9999999574227125,16.97194480895996,7.651946629003651e-07,0,0,1,luma
/workspace/data/genbuster-mini/extracted/GenBuster-200K-mini/benchmark/fake/luma/24ddbdff069f9dbf876cddf10397929a0e640244a6002570e2522c86adc2d2e6.mp4,-25.539703369140625,0.9999999999919045,25.539703369140625,2.1291126826314732e-10,0,0,1,luma
/workspace/data/genbuster-mini/extracted/GenBuster-200K-mini/benchmark/fake/luma/23083a46d38c036ec1f29e52c4df0c0849d7f7a567ea9b1234bcf8aa2de7fcc5.mp4,-2.373655319213867,0.9147962033748627,2.373655319213867,0.29129841201572293,0,0,1,luma
/workspace/data/genbuster-mini/extracted/GenBuster-200K-mini/benchmark/fake/luma/16333278a60df4abf22feb1caae328950c232f2816768a2e49645bfc09e48ee7.mp4,-22.434062957763672,0.9999999998192783,22.434062957763672,4.233046146830474e-09,0,0,1,luma
/workspace/data/genbuster-mini/extracted/GenBuster-200K-mini/benchmark/fake/luma/1097126b91d8f9c905212176e8acda8c2001e44aa776150bd0c2759979b4c347.mp4,-26.681594848632812,0.9999999999974157,26.681594848632812,6.969022858189103e-11,0,0,1,luma
/workspace/data/genbuster-mini/extracted/GenBuster-200K-mini/benchmark/fake/luma/100c693a4bf5080f73e5daf50e58d1186227b8e85e010eb0abef73ba5b943a05.mp4,1.1214325428009033,0.7542543411254883,1.1214325428009033,0.5576128237095948,0,1,1,luma
/workspace/data/genbuster-mini/extracted/GenBuster-200K-mini/benchmark/fake/luma/0d26ba5c64d05ef86f46ab9a4c176e65534b2e116694e9bf21fd367f0060edb7.mp4,-15.038663864135742,0.9999997056994232,15.038663864135742,4.720186088257781e-06,0,0,1,luma
/workspace/data/genbuster-mini/extracted/GenBuster-200K-mini/benchmark/fake/luma/0cf60544ff768d12c57a3e00b0749b8e32153420b3fce82cd937c290b4370dc8.mp4,-21.909534454345703,0.9999999996946415,21.909534454345703,6.993623719506052e-09,0,0,1,luma
/workspace/data/genbuster-mini/extracted/GenBuster-200K-mini/benchmark/fake/luma/0ac7b78284d5e16995d15f448c7176512ded0859da004d78b072f701c1f1876a.mp4,-14.636334419250488,0.9999995599312683,14.636334419250488,6.881059976826124e-06,0,0,1,luma
/workspace/data/genbuster-mini/extracted/GenBuster-200K-mini/benchmark/fake/luma/08f8ebff27ab021da883ab53cf0756cf4067939a68198af4eddf041360340c56.mp4,-33.3801155090332,0.9999999999999968,33.3801155090332,-9.087451964418856e-13,0,0,1,luma
/workspace/data/genbuster-mini/extracted/GenBuster-200K-mini/benchmark/fake/luma/0837e65af9a457a388c950a2671dc61610a9711544a89c153336761342ec657b.mp4,-11.55588436126709,0.999990420584254,11.55588436126709,0.00012027808037163642,0,0,1,luma
/workspace/data/genbuster-mini/extracted/GenBuster-200K-mini/benchmark/fake/luma/07fa17e5ebb428e0fedea2757bfabbbfef74c1428842a300ea8541b5a13643b2.mp4,-29.280200958251953,0.9999999999998078,29.280200958251953,4.46929940448868e-12,0,0,1,luma
/workspace/data/genbuster-mini/extracted/GenBuster-200K-mini/benchmark/fake/luma/078418ec9564068fbfd1ff0ebc28e9c62e4fb651067393b34fed3fa9dad8e6ed.mp4,-11.200409889221191,0.9999863315943003,11.200409889221191,0.00016676024326332085,0,0,1,luma
/workspace/data/genbuster-mini/extracted/GenBuster-200K-mini/benchmark/fake/luma/077d55e8540e87baf41a5de5dff6d6512fe4076de1f1f96a57c050b8571b7cd1.mp4,-36.07167053222656,0.9999999999999998,36.07167053222656,-9.939010918759479e-13,0,0,1,luma
/workspace/data/genbuster-mini/extracted/GenBuster-200K-mini/benchmark/fake/luma/05e831a817f7dbf5642cfebf9d802f476e20bb7adecfa178cbcf9438cd491a68.mp4,-10.233057975769043,0.9999640396599716,10.233057975769043,0.0004039452273704093,0,0,1,luma
/workspace/data/genbuster-mini/extracted/GenBuster-200K-mini/benchmark/fake/luma/05780ca002538727bd48e6bddf2b8a56ab438d31619c56c9ab75dd59732151fc.mp4,-25.1365966796875,0.9999999999878852,25.1365966796875,3.146777153893837e-10,0,0,1,luma
/workspace/data/genbuster-mini/extracted/GenBuster-200K-mini/benchmark/fake/luma/031816e6622278a9eab2a4dff0a8909bfcba9b35c11d358b315def13c561d111.mp4,-6.4166460037231445,0.9983685381012037,6.4166460037231445,0.012101307649517605,0,0,1,luma
/workspace/data/genbuster-mini/extracted/GenBuster-200K-mini/benchmark/fake/kling/fcdd4ed0ddc3ef37c6c79afee501b3b2005d381d582e5ff2f1103b62dae46d99.mp4,-15.114619255065918,0.999999727225287,15.114619255065918,4.395658702515858e-06,0,0,1,kling
/workspace/data/genbuster-mini/extracted/GenBuster-200K-mini/benchmark/fake/kling/faadfdd993ef200011aeb78c072edb90edd3580e7a1bfd8d9503585f28694e9f.mp4,-5.0000104904174805,0.9933072188869119,5.0000104904174805,0.0401792540521922,0,0,1,kling
/workspace/data/genbuster-mini/extracted/GenBuster-200K-mini/benchmark/fake/kling/f48dc017cfad61e8703d46cbdf846d76b212b5d6ad752cc9b01538e2cb65870d.mp4,-8.259020805358887,0.9997411546355579,8.259020805358887,0.002396688129033367,0,0,1,kling
/workspace/data/genbuster-mini/extracted/GenBuster-200K-mini/benchmark/fake/kling/f34c28675df83a31f6ebd5a052496e6230ec3864939494c92549131e70658ae9.mp4,-26.945758819580078,0.9999999999980157,26.945758819580078,5.3642794804400516e-11,0,0,1,kling
/workspace/data/genbuster-mini/extracted/GenBuster-200K-mini/benchmark/fake/kling/f2654a6ffcdfad15995209fd339518be2bb349d4271c06d829a6c49400563718.mp4,3.3898403644561768,0.9673855304718018,3.3898403644561768,0.14371604387824377,0,1,1,kling
/workspace/data/genbuster-mini/extracted/GenBuster-200K-mini/benchmark/fake/kling/f0e42bf3ae5d8b42b2eb88cb457f18aaa2fb748dd25daebcecb29fb6a70e6871.mp4,-27.185293197631836,0.9999999999984384,27.185293197631836,4.224206114210901e-11,0,0,1,kling
/workspace/data/genbuster-mini/extracted/GenBuster-200K-mini/benchmark/fake/kling/ecd234e446386240a1c9bcbdcdfdb65e14722fb6c8f8f404c64bf1446553ba79.mp4,-15.273154258728027,0.9999997672158969,15.273154258728027,3.788129626725499e-06,0,0,1,kling
/workspace/data/genbuster-mini/extracted/GenBuster-200K-mini/benchmark/fake/kling/ebe572cbfd5e0a689841b40e9421fd4c322874ce4b31810cfb2e9609be068c43.mp4,-19.462299346923828,0.9999999964711694,19.462299346923828,7.220598730130035e-08,0,0,1,kling
/workspace/data/genbuster-mini/extracted/GenBuster-200K-mini/benchmark/fake/kling/e84c1946b2e5662bb54f56ecf8200f13e91e9f76f02f64776a06855b603b3bf5.mp4,-10.61401653289795,0.9999754313921585,10.61401653289795,0.00028534051580738696,0,0,1,kling
/workspace/data/genbuster-mini/extracted/GenBuster-200K-mini/benchmark/fake/kling/e29a8a451a88a076b74fee39b155395cc62e59a86030014a7dd73928f1d4cf09.mp4,-32.41758728027344,0.9999999999999917,32.41758728027344,-7.612487553491853e-13,0,0,1,kling
/workspace/data/genbuster-mini/extracted/GenBuster-200K-mini/benchmark/fake/kling/dd5e682c86d75b24d0299ef9b6e30ad9c74ead5b4d09250e02cd5d7a9c5c71bd.mp4,-2.6693742275238037,0.935195118188858,2.6693742275238037,0.2399885718804866,0,0,1,kling
/workspace/data/genbuster-mini/extracted/GenBuster-200K-mini/benchmark/fake/kling/dac7daa66cdae96fefdfce344f97bdfa4aab2e27980d3881beb5bb54b2e5f82d.mp4,-19.159727096557617,0.9999999952243086,19.159727096557617,9.627463530632753e-08,0,0,1,kling
/workspace/data/genbuster-mini/extracted/GenBuster-200K-mini/benchmark/fake/kling/d84b960a1bbbe609ef5384868deb20fc9638482a0f96d5d0826595bf219621ee.mp4,-22.738637924194336,0.9999999998667292,22.738637924194336,3.1616713071466526e-09,0,0,1,kling
/workspace/data/genbuster-mini/extracted/GenBuster-200K-mini/benchmark/fake/kling/d7f10be5abd2b6c5f077633ff546ceb630976b0031159431ab238b7201dbb1ae.mp4,-13.49503231048584,0.9999986222153439,13.49503231048584,1.9971032032140326e-05,0,0,1,kling
/workspace/data/genbuster-mini/extracted/GenBuster-200K-mini/benchmark/fake/kling/d76e3d95cafde09d99cc5b1b4fc9d93cbbdc53e0cd3e0e11905a66c7353d678a.mp4,-26.77450942993164,0.9999999999976451,26.77450942993164,6.357359708488117e-11,0,0,1,kling
/workspace/data/genbuster-mini/extracted/GenBuster-200K-mini/benchmark/fake/kling/d63d0110820e0e4deb762118b55d93e6e4fce9a28e8000cca5e5c2d5ab30a50a.mp4,-12.576614379882812,0.9999965482106745,12.576614379882812,4.6863616497050114e-05,0,0,1,kling
/workspace/data/genbuster-mini/extracted/GenBuster-200K-mini/benchmark/fake/kling/d57f41aa2d4405ecdd34bd5bc00d512bda50e6759e78c45205d50260d73fb05b.mp4,-30.936668395996094,0.9999999999999634,30.936668395996094,4.860802743896567e-14,0,0,1,kling
/workspace/data/genbuster-mini/extracted/GenBuster-200K-mini/benchmark/fake/kling/d56b901042bafed670ef922bfda04337ccc607b78b25d2f95af71832b3536cb0.mp4,-21.56766128540039,0.9999999995701829,21.56766128540039,9.69796787888325e-09,0,0,1,kling
/workspace/data/genbuster-mini/extracted/GenBuster-200K-mini/benchmark/fake/kling/d476a86ff613c26da3c7af144613e09a4ca98df7f71b082b76f7bc2bab02d855.mp4,-20.967281341552734,0.9999999992165245,20.967281341552734,1.720882641080129e-08,0,0,1,kling
/workspace/data/genbuster-mini/extracted/GenBuster-200K-mini/benchmark/fake/kling/d3c4277610221c09cec32dbc59317b8bf0c13fc8381e88ea32f65203313ac9ed.mp4,-7.782409191131592,0.9995831674896181,7.782409191131592,0.003660880550516333,0,0,1,kling
/workspace/data/genbuster-mini/extracted/GenBuster-200K-mini/benchmark/fake/kling/d22c2a92933c75b144b73d2a65fee7fe541b5e6e35edf7326c2c685dca997427.mp4,-30.233469009399414,0.999999999999926,30.233469009399414,1.1160154122942218e-12,0,0,1,kling
/workspace/data/genbuster-mini/extracted/GenBuster-200K-mini/benchmark/fake/kling/d224a0d3adabec45915584966184afc9ce13af02efd91b3fe123939ac392fd17.mp4,-33.98208999633789,0.9999999999999982,33.98208999633789,-9.501027363911942e-13,0,0,1,kling
/workspace/data/genbuster-mini/extracted/GenBuster-200K-mini/benchmark/fake/kling/d178a1d885c9fc17e41c64b6985ae6053be825c5528e23aaf71990f95a4d1db8.mp4,-27.55139923095703,0.9999999999989171,27.55139923095703,2.920938283142502e-11,0,0,1,kling
/workspace/data/genbuster-mini/extracted/GenBuster-200K-mini/benchmark/fake/kling/cf51242af31825492f4894baa1a3a69932facd11674e50996e7cd69149706c61.mp4,-29.76177978515625,0.9999999999998812,29.76177978515625,2.3864861108052443e-12,0,0,1,kling
/workspace/data/genbuster-mini/extracted/GenBuster-200K-mini/benchmark/fake/kling/cc268990c1411554302f1c0fb940b656356f3bbf7edcaff3e28918803ed3e9ed.mp4,-24.918209075927734,0.9999999999849284,24.918209075927734,3.8866065118515867e-10,0,0,1,kling
/workspace/data/genbuster-mini/extracted/GenBuster-200K-mini/benchmark/fake/kling/c7360146cc9bc24cc4af5a4d5ab52091b318eb9c00d9154c0312821483607ce5.mp4,-5.4667816162109375,0.9957929668016732,5.4667816162109375,0.027214839656313557,0,0,1,kling
/workspace/data/genbuster-mini/extracted/GenBuster-200K-mini/benchmark/fake/kling/c2e47b8af7e9ae29eff20aba6e6e5c531fd06328cc1fc8a32e24970fe8afa570.mp4,-16.448280334472656,0.9999999281209142,16.448280334472656,1.2541644480129058e-06,0,0,1,kling
/workspace/data/genbuster-mini/extracted/GenBuster-200K-mini/benchmark/fake/kling/bee478593de8f9e1605769da2e154b509d374e6ac3a79573e1c105fd09c2b40d.mp4,-25.16391372680664,0.9999999999882117,25.16391372680664,3.06468238165358e-10,0,0,1,kling
/workspace/data/genbuster-mini/extracted/GenBuster-200K-mini/benchmark/fake/kling/b824e4728a2584bf7a6a56fcd507bb13fdc557c4a6be1948b069d4d836da0990.mp4,-7.847644329071045,0.9996094813977834,7.847644329071045,0.0034552459778533313,0,0,1,kling
/workspace/data/genbuster-mini/extracted/GenBuster-200K-mini/benchmark/fake/kling/b36e99b2f4f07262a8cc800c5832a72997566e4a4b85047b9659d2525b01d03f.mp4,-19.328359603881836,0.9999999959654038,19.328359603881836,8.201472283612991e-08,0,0,1,kling
/workspace/data/genbuster-mini/extracted/GenBuster-200K-mini/benchmark/fake/kling/aee759496434b10f0333efee997ca3ff2eea675e050f1f378b8cc7c10beda029.mp4,-11.369693756103516,0.9999884601620579,11.369693756103516,0.00014274432643255545,0,0,1,kling
/workspace/data/genbuster-mini/extracted/GenBuster-200K-mini/benchmark/fake/kling/ad44fbc4b17ea033a24e206eaa326501553375f9ff0398bfce6d7f5783adbf79.mp4,-13.122008323669434,0.9999979992937824,13.122008323669434,2.825398987253828e-05,0,0,1,kling
/workspace/data/genbuster-mini/extracted/GenBuster-200K-mini/benchmark/fake/kling/aa55ee43f3558193f315c39445be314dd954ee902f1a3112404b6699cec4c129.mp4,-8.784711837768555,0.999846968203201,8.784711837768555,0.0014973837353181273,0,0,1,kling
/workspace/data/genbuster-mini/extracted/GenBuster-200K-mini/benchmark/fake/kling/a6ee07fda44b91e4f7943e2978f7f090093ad6de5b876001ed4cb38d7119a24e.mp4,-4.100899696350098,0.9837119225412607,4.100899696350098,0.0832179583450087,0,0,1,kling
/workspace/data/genbuster-mini/extracted/GenBuster-200K-mini/benchmark/fake/kling/a68d4217394313ab1d20cbe70fc9902f806a034c5c04aaf689ec95e2193c3992.mp4,-7.909262657165527,0.9996328095439821,7.909262657165527,0.0032714636378820845,0,0,1,kling
/workspace/data/genbuster-mini/extracted/GenBuster-200K-mini/benchmark/fake/kling/a23cd665b49078e47920738980fe4d041384683ea0f6b71725cc41d7b0f295b3.mp4,-5.847265720367432,0.9971205308102071,5.847265720367432,0.019720644228020588,0,0,1,kling
/workspace/data/genbuster-mini/extracted/GenBuster-200K-mini/benchmark/fake/kling/9e79879f614f243914c7408c28c88678f6278447e7b9c18a3e40fc6741aadb9f.mp4,-12.727909088134766,0.9999970328599375,12.727909088134766,4.0732631300834304e-05,0,0,1,kling
/workspace/data/genbuster-mini/extracted/GenBuster-200K-mini/benchmark/fake/kling/9627925ece6e27c330f651ef8a05c42a75e89cacc47e556de43df39a87b11423.mp4,-25.94001007080078,0.999999999994575,25.94001007080078,1.4423080555658672e-10,0,0,1,kling
/workspace/data/genbuster-mini/extracted/GenBuster-200K-mini/benchmark/fake/kling/947007390c30fabb9a444245521d5572ec214adce1cb072b35c77cd213eaed91.mp4,-41.31000518798828,1.0,41.31000518798828,-1.0000572275503015e-12,0,0,1,kling
/workspace/data/genbuster-mini/extracted/GenBuster-200K-mini/benchmark/fake/kling/9350a157aa6a456d6903e6abbaeaf0d7ceacf0f4752773a06257a2ba3256b594.mp4,-13.83344841003418,0.9999990177789186,13.83344841003418,1.456972424738902e-05,0,0,1,kling
/workspace/data/genbuster-mini/extracted/GenBuster-200K-mini/benchmark/fake/kling/9273aeef77388813688edd5636bcdd98864a8c5599e6858818663d408f0aee43.mp4,2.1201608180999756,0.8928473591804504,2.1201608180999756,0.3405205219419547,0,1,1,kling
/workspace/data/genbuster-mini/extracted/GenBuster-200K-mini/benchmark/fake/kling/8bc1d4f7abae565d01cad0d5c15a2a9e3dd79291cc02bbe8649d34ce76a21e6f.mp4,-29.8707275390625,0.9999999999998935,29.8707275390625,2.038137562789552e-12,0,0,1,kling
/workspace/data/genbuster-mini/extracted/GenBuster-200K-mini/benchmark/fake/kling/8ba59f53a9a615a55bea948b4fdf0677dfe2e4c03128486548e90a5108487237.mp4,-16.289016723632812,0.9999999157112001,16.289016723632812,1.457268478083641e-06,0,0,1,kling
/workspace/data/genbuster-mini/extracted/GenBuster-200K-mini/benchmark/fake/kling/8a7933d026331caf8e938e0181543fbaf2f8b27d9765171da28bf232827da487.mp4,-12.607073783874512,0.9999966517648318,12.607073783874512,4.555968670005627e-05,0,0,1,kling
/workspace/data/genbuster-mini/extracted/GenBuster-200K-mini/benchmark/fake/kling/8a224925dd9df9c5de90dc1d6cca7b80d9094009d03d18d6f2c62e7a66675fff.mp4,-8.10806655883789,0.9996989901992492,8.10806655883789,0.0027416626465123013,0,0,1,kling
/workspace/data/genbuster-mini/extracted/GenBuster-200K-mini/benchmark/fake/kling/882717030c5ab7e1f37023ebec08f79cd596519d535b69d69536ac23637c163d.mp4,-18.904861450195312,0.999999993837982,18.904861450195312,1.226521151627896e-07,0,0,1,kling
/workspace/data/genbuster-mini/extracted/GenBuster-200K-mini/benchmark/fake/kling/87970bcc6fb7ca1b2dd62c6be8fdc071da84e30fb37f96470d10583011ca324c.mp4,-21.313331604003906,0.9999999994457092,21.313331604003906,1.2366075005846076e-08,0,0,1,kling
/workspace/data/genbuster-mini/extracted/GenBuster-200K-mini/benchmark/fake/kling/855b0636e547bf45a7352e56b4d78e944f54084774ad06018061fd178ed2e4b2.mp4,-17.73363494873047,0.9999999801216575,17.73363494873047,3.7239161342611897e-07,0,0,1,kling
/workspace/data/genbuster-mini/extracted/GenBuster-200K-mini/benchmark/fake/kling/812ed163084b71ccef7e83da333d721f55089ed924a3a9adaa1096f5ce5a0270.mp4,-26.309280395507812,0.9999999999962501,26.309280395507812,1.0052176971559966e-10,0,0,1,kling
/workspace/data/genbuster-mini/extracted/GenBuster-200K-mini/benchmark/fake/kling/80f55cf3515c115887cf5e3a4eab9006e85d5f9c6a1b352ff3304bc15d70cea9.mp4,-21.59250259399414,0.9999999995807286,21.59250259399414,9.470391909694546e-09,0,0,1,kling
/workspace/data/genbuster-mini/extracted/GenBuster-200K-mini/benchmark/fake/kling/7f4a26dd9ab9e9a835469f19d60a3a975a175e4bf44d9b5f83a8c3151bbe2747.mp4,-7.424678802490234,0.9994040030287579,7.424678802490234,0.005021260722133831,0,0,1,kling
/workspace/data/genbuster-mini/extracted/GenBuster-200K-mini/benchmark/fake/kling/7a09518e2573f77ccd94307bb7a1b48822013a4cdd03101515959ee769d6805e.mp4,-18.346973419189453,0.999999989235083,18.346973419189453,2.0826656226512229e-07,0,0,1,kling
/workspace/data/genbuster-mini/extracted/GenBuster-200K-mini/benchmark/fake/kling/7725e80a420e6d381898ed20d716ba8c36f4245d816ead59580847ee2c5f6393.mp4,-26.579111099243164,0.9999999999971368,26.579111099243164,7.710453440806177e-11,0,0,1,kling
/workspace/data/genbuster-mini/extracted/GenBuster-200K-mini/benchmark/fake/kling/77174fccae45d7f8fbc37c365634b74a8db30581357715aca82b61156657c03f.mp4,-15.488261222839355,0.9999998122700617,15.488261222839355,3.0953382780908498e-06,0,0,1,kling
/workspace/data/genbuster-mini/extracted/GenBuster-200K-mini/benchmark/fake/kling/73da5939dc1500a1deb172274795a1e1395b7f0fd3e3df733515c54fe6b08c91.mp4,3.661294937133789,0.9749446511268616,3.661294937133789,0.11710956034847445,0,1,1,kling
/workspace/data/genbuster-mini/extracted/GenBuster-200K-mini/benchmark/fake/kling/7285e0a205283652cfd8d85379c3e754a9dd9fd6f8ab05bb8feaa177aef53f9d.mp4,-13.712041854858398,0.9999988909901276,13.712041854858398,1.6315798256813066e-05,0,0,1,kling
/workspace/data/genbuster-mini/extracted/GenBuster-200K-mini/benchmark/fake/kling/6f5c8b1f1513bf238af69bd742b2ca0c8fce95f67e8a59068911c3502c5d139b.mp4,-23.494081497192383,0.9999999999373891,23.494081497192383,1.5316048123207965e-09,0,0,1,kling
/workspace/data/genbuster-mini/extracted/GenBuster-200K-mini/benchmark/fake/kling/6f2bed1594f266c558df49590e0eaf6046e15d5fb5862de12a23b394dc5184cb.mp4,-18.43242645263672,0.9999999901167698,18.43242645263672,1.9205314445906922e-07,0,0,1,kling
/workspace/data/genbuster-mini/extracted/GenBuster-200K-mini/benchmark/fake/kling/6f04c320f57e9892c74e670cd1a2e3580192fc1d150ff659285baaee2de614ad.mp4,-14.120671272277832,0.9999992629956864,14.120671272277832,1.1143998284353092e-05,0,0,1,kling
/workspace/data/genbuster-mini/extracted/GenBuster-200K-mini/benchmark/fake/kling/6ebbdf57a77769ab5a9cfb682249a9cfb9e389666d1b568bedcaf37c45c521f6.mp4,-20.22271728515625,0.999999998350374,20.22271728515625,3.500754630111093e-08,0,0,1,kling
/workspace/data/genbuster-mini/extracted/GenBuster-200K-mini/benchmark/fake/kling/6e3e3cdbe478a97d2003abad1c3519ed19d4dff5b33e5bea204f9835720ee4b3.mp4,-27.9285888671875,0.9999999999992574,27.9285888671875,1.9849616239114802e-11,0,0,1,kling
/workspace/data/genbuster-mini/extracted/GenBuster-200K-mini/benchmark/fake/kling/6dfefcb3aa87b09511fa6a1c1484d6cbf2c36a990e0d4e7fe33fb05af8416eb3.mp4,0.4713436961174011,0.6157017350196838,0.4713436961174011,0.6661291825681022,0,1,1,kling
/workspace/data/genbuster-mini/extracted/GenBuster-200K-mini/benchmark/fake/kling/68e47a69d1871ddac924f79d157ab34ec65104f5f06c187f5f7f09957a6b6f45.mp4,-14.272518157958984,0.9999993668248521,14.272518157958984,9.670177122600067e-06,0,0,1,kling
/workspace/data/genbuster-mini/extracted/GenBuster-200K-mini/benchmark/fake/kling/68cf8954b660d911afcf17d91bab427969c88d7baca4592be8b8b4b356f50418.mp4,-18.792781829833984,0.9999999931071546,18.792781829833984,1.3642658558499826e-07,0,0,1,kling
/workspace/data/genbuster-mini/extracted/GenBuster-200K-mini/benchmark/fake/kling/681e8be49aa651149ae357899665c6f8e53e84b57bf51bc6ae7e507139be5957.mp4,-26.74676513671875,0.9999999999975788,26.74676513671875,6.534291182530054e-11,0,0,1,kling
/workspace/data/genbuster-mini/extracted/GenBuster-200K-mini/benchmark/fake/kling/677556bd0dd4f24367eab7d3ad16dcab271e069c322eb618a371540cb0364c4d.mp4,-15.006356239318848,0.9999996960359852,15.006356239318848,4.86535434312912e-06,0,0,1,kling
/workspace/data/genbuster-mini/extracted/GenBuster-200K-mini/benchmark/fake/kling/5c64ff363063d1d24e338f72740393d69ef712f9e17805885ab2d2e08d87bac3.mp4,-13.079965591430664,0.9999979133856414,13.079965591430664,2.937945865666091e-05,0,0,1,kling
/workspace/data/genbuster-mini/extracted/GenBuster-200K-mini/benchmark/fake/kling/5ac0dd0770a8e4f9c8a4c4f5ac8037bfbd43fad7529250ff0f1db7c4d946150e.mp4,-19.768062591552734,0.9999999974008014,19.768062591552734,5.397832030227472e-08,0,0,1,kling
/workspace/data/genbuster-mini/extracted/GenBuster-200K-mini/benchmark/fake/kling/5a68485eb70db8af3611994bad6afa3ce15998e2fb032a57cd2ac1984aa641f1.mp4,-4.7236857414245605,0.991195822134614,4.7236857414245605,0.050431333146328035,0,0,1,kling
/workspace/data/genbuster-mini/extracted/GenBuster-200K-mini/benchmark/fake/kling/582cfba019c15579dd8e7b890932ce66b73546ae0d3e88a74b38763bb803ea2f.mp4,-27.215747833251953,0.9999999999984852,27.215747833251953,4.0972941008563924e-11,0,0,1,kling
/workspace/data/genbuster-mini/extracted/GenBuster-200K-mini/benchmark/fake/kling/56a1d7d1d2665fab3014199edb78a334de9ff1155cfa0912f381d5cdb3a7a441.mp4,-15.285006523132324,0.9999997699586487,15.285006523132324,3.7462229336454974e-06,0,0,1,kling
/workspace/data/genbuster-mini/extracted/GenBuster-200K-mini/benchmark/fake/kling/5509516ca18f8ddba05e9dd1e8b2f21b27ebb7cddd132b461fcec505786dc7e3.mp4,-17.707958221435547,0.9999999796046364,17.707958221435547,3.815536106420224e-07,0,0,1,kling
/workspace/data/genbuster-mini/extracted/GenBuster-200K-mini/benchmark/fake/kling/52565c9edeff8f2bae8e81030c00719d1abdcd33f9be01321c56674992a95824.mp4,-16.801076889038086,0.9999999494891121,16.801076889038086,8.991461999402217e-07,0,0,1,kling
/workspace/data/genbuster-mini/extracted/GenBuster-200K-mini/benchmark/fake/kling/4defc0cd7757ef96df3f8a756c58a8eee4b96601976a2da155f870591e16e78a.mp4,-11.287355422973633,0.9999874697896303,11.287355422973633,0.0001539632254258334,0,0,1,kling
/workspace/data/genbuster-mini/extracted/GenBuster-200K-mini/benchmark/fake/kling/4af2d0845e85b8d8d64bfd556abed090f365e6478400fefb799552f2224c463b.mp4,-14.595921516418457,0.9999995417825573,14.595921516418457,7.14632138968526e-06,0,0,1,kling
/workspace/data/genbuster-mini/extracted/GenBuster-200K-mini/benchmark/fake/kling/490e1e3b07972daebb96295aecb5df18daf36bae962d283f9aa942d1351a0859.mp4,-25.15894317626953,0.9999999999881529,25.15894317626953,3.0794605164830434e-10,0,0,1,kling
/workspace/data/genbuster-mini/extracted/GenBuster-200K-mini/benchmark/fake/kling/46c6ffd6823e1371ae0936fcd8558c18b3828863854b28b8a6e5f548df52439f.mp4,-20.39807891845703,0.9999999986157107,20.39807891845703,2.961913315677069e-08,0,0,1,kling
/workspace/data/genbuster-mini/extracted/GenBuster-200K-mini/benchmark/fake/kling/4465ec7d8a5b4f0bf64e8e655cbdc11d2e84dc9a4c32e8048c40182954717896.mp4,-11.190455436706543,0.9999861948554098,11.190455436706543,0.00016829109317316628,0,0,1,kling
/workspace/data/genbuster-mini/extracted/GenBuster-200K-mini/benchmark/fake/kling/442579e352a25f6ea4f5409a1640eaf749ae2f68d15bbc2d4dcc71741a52ef5c.mp4,-10.445013046264648,0.9999709078474552,10.445013046264648,0.0003329604852454875,0,0,1,kling
/workspace/data/genbuster-mini/extracted/GenBuster-200K-mini/benchmark/fake/kling/421e748bf0f071652b6303177d19f1366ce55d795887adb375a34ebf31a7fdfb.mp4,-38.4874382019043,1.0,38.4874382019043,-9.995561614684127e-13,0,0,1,kling
/workspace/data/genbuster-mini/extracted/GenBuster-200K-mini/benchmark/fake/kling/3b8d2e422c2f2a6c0010b625de3d4e9eede61b03835e4e89491ffaf55e005981.mp4,-10.896383285522461,0.9999814752300153,10.896383285522461,0.0002203779334673182,0,0,1,kling
/workspace/data/genbuster-mini/extracted/GenBuster-200K-mini/benchmark/fake/kling/3b6b48d77b5b8e46aaae99fdd0811f9af7e46fe498f2e452b07826801d37df65.mp4,-4.511977195739746,0.9891424449160695,4.511977195739746,0.05990596938751738,0,0,1,kling
/workspace/data/genbuster-mini/extracted/GenBuster-200K-mini/benchmark/fake/kling/386196d692f7005d9280d895eaf161a44ecaef3e95dfa9fe480129559d8093da.mp4,-4.352473258972168,0.9872887264937162,4.352473258972168,0.0681182308419177,0,0,1,kling
/workspace/data/genbuster-mini/extracted/GenBuster-200K-mini/benchmark/fake/kling/3793ed8de08649b845cbb12232e27d4ea656451600f05bbbbce3b93c5ace9123.mp4,-13.39087200164795,0.9999984709646697,13.39087200164795,2.200415088452773e-05,0,0,1,kling
/workspace/data/genbuster-mini/extracted/GenBuster-200K-mini/benchmark/fake/kling/376c3d96050f590322398cf336381b40886ee35466519613c5fb7858b15ffbb4.mp4,-40.673770904541016,1.0,40.673770904541016,-1.0000290590589597e-12,0,0,1,kling
/workspace/data/genbuster-mini/extracted/GenBuster-200K-mini/benchmark/fake/kling/30b59bc25d83a8920da3720beae1c92e312d1d42e596c91c471428360f2781cd.mp4,-20.323135375976562,0.9999999985079806,20.323135375976562,3.181253187840448e-08,0,0,1,kling
/workspace/data/genbuster-mini/extracted/GenBuster-200K-mini/benchmark/fake/kling/2d75c50d05f2432bf0e4a5115578dd7e89ba73ec26e7b5f6b147dcf089007894.mp4,-24.137401580810547,0.9999999999670952,24.137401580810547,8.251568426068018e-10,0,0,1,kling
/workspace/data/genbuster-mini/extracted/GenBuster-200K-mini/benchmark/fake/kling/29dc17e9e732fac0730e0cb1bad02557e9c1ca3a2152c7ae59605d7ad27bb9d6.mp4,-0.5193781852722168,0.6270023584365845,0.5193781852722168,0.6605318225674837,0,0,1,kling
/workspace/data/genbuster-mini/extracted/GenBuster-200K-mini/benchmark/fake/kling/26867aceaf59b2875ae9eaf1a8f28ba51d056979cdef1441ebf91cdf9ca58f57.mp4,-19.340103149414062,0.999999996012507,19.340103149414062,8.110401901454351e-08,0,0,1,kling
/workspace/data/genbuster-mini/extracted/GenBuster-200K-mini/benchmark/fake/kling/25c1c085dbd1e4068086986d34b077dec95949e36915b5d7d4d19ad0f2484afd.mp4,-9.872705459594727,0.999948439624859,9.872705459594727,0.0005606021038454707,0,0,1,kling
/workspace/data/genbuster-mini/extracted/GenBuster-200K-mini/benchmark/fake/kling/2258fb6752a2dc804cfe5a003c9895067883b5f0787eef81abdfbe0905799705.mp4,-27.34964370727539,0.9999999999986751,27.34964370727539,3.5816916919692126e-11,0,0,1,kling
/workspace/data/genbuster-mini/extracted/GenBuster-200K-mini/benchmark/fake/kling/2103a4eab9b43a29640b531e7dcc57c4d26e1e2a78a50270c130e311d1cff2b4.mp4,-22.958053588867188,0.9999999998929852,22.958053588867188,2.56187181865305e-09,0,0,1,kling
/workspace/data/genbuster-mini/extracted/GenBuster-200K-mini/benchmark/fake/kling/1c014f2de333788954c09cd01c676ead4bc1fb23c314eb416da2fd0891712a32.mp4,-9.875957489013672,0.9999486070191779,9.875957489013672,0.000558949196988827,0,0,1,kling
/workspace/data/genbuster-mini/extracted/GenBuster-200K-mini/benchmark/fake/kling/1473910a232fca46d4d280e8d052d31256185ae81beefb244954266e2ca79481.mp4,-25.480789184570312,0.9999999999914132,25.480789184570312,2.2544060306354827e-10,0,0,1,kling
/workspace/data/genbuster-mini/extracted/GenBuster-200K-mini/benchmark/fake/kling/12bd77a25dedcff44bfd8ab7a0a826efdd5b438fd49d119191b6cdc514d1b2d8.mp4,-24.345720291137695,0.9999999999732829,24.345720291137695,6.751804335432078e-10,0,0,1,kling
/workspace/data/genbuster-mini/extracted/GenBuster-200K-mini/benchmark/fake/kling/123faf7a5c57347f54363675e34521ec239203e1ed66d9ba5203ffc77ff864f0.mp4,-9.498976707458496,0.9999250771506922,9.498976707458496,0.0007866160558437825,0,0,1,kling
/workspace/data/genbuster-mini/extracted/GenBuster-200K-mini/benchmark/fake/kling/0adfdbe21a8444c57d126ff48106ca02f7ab3446e93b426a4659c668862bfc1b.mp4,-15.8868989944458,0.9999998739893101,15.8868989944458,2.127927796805813e-06,0,0,1,kling
/workspace/data/genbuster-mini/extracted/GenBuster-200K-mini/benchmark/fake/kling/0574cabd7ac17633d8b5683f9c66669e0fe4a9fa2485e19e34b9cb919fb8dcca.mp4,-17.308609008789062,0.9999999695934889,17.308609008789062,5.566989242763768e-07,0,0,1,kling
/workspace/data/genbuster-mini/extracted/GenBuster-200K-mini/benchmark/fake/kling/0321de872050fd8e3f4295c89cf9cf08050c0c250b80a5ed89881228ab40d66e.mp4,-41.39278793334961,1.0,41.39278793334961,-1.0000597439386347e-12,0,0,1,kling
/workspace/data/genbuster-mini/extracted/GenBuster-200K-mini/benchmark/fake/kling/01eb670602034bcde36476278a76bffc3c8d4084c8a8c2cdaf562990f7c206f8.mp4,-21.526546478271484,0.9999999995521427,21.526546478271484,1.0086679559441824e-08,0,0,1,kling
/workspace/data/genbuster-mini/extracted/GenBuster-200K-mini/benchmark/fake/jimeng/fce378942ec239a253d8e870cf8b03a11471095f97869edf5dcf98def35da5c9.mp4,-0.47750821709632874,0.6171593070030212,0.47750821709632874,0.6654376736727756,1,0,1,jimeng
/workspace/data/genbuster-mini/extracted/GenBuster-200K-mini/benchmark/fake/jimeng/fc10188324eb6ac8a2b7d7951e134692f7761d1b8e29708cb96f80f4d93a6ddd.mp4,-9.523343086242676,0.9999268805549946,9.523343086242676,0.0007694636783515184,0,0,1,jimeng
/workspace/data/genbuster-mini/extracted/GenBuster-200K-mini/benchmark/fake/jimeng/f8682a4945be00a5ea562211601a8ab2bd786cdae4f35e553e23dfc9f25ddd44.mp4,7.918389797210693,0.999636173248291,7.918389797210693,0.003244843757298386,0,1,1,jimeng
/workspace/data/genbuster-mini/extracted/GenBuster-200K-mini/benchmark/fake/jimeng/f4367f492582b945275fcdcfe8e160d090e28e26a237df80443cb99f97910389.mp4,-28.88266372680664,0.999999999999714,28.88266372680664,7.11737518511337e-12,0,0,1,jimeng
/workspace/data/genbuster-mini/extracted/GenBuster-200K-mini/benchmark/fake/jimeng/ef3e7ee3a2dbf3676c5cd3e44f5480f4784a4091bbc9c003c8015d1092ba6f56.mp4,-35.203548431396484,0.9999999999999994,35.203548431396484,-9.852098889600462e-13,0,0,1,jimeng
/workspace/data/genbuster-mini/extracted/GenBuster-200K-mini/benchmark/fake/jimeng/ed80a27f9d09e910b8f59af2b7b15302ba13da62ce80783e8c9025f76252cf7b.mp4,-18.19719123840332,0.9999999874956744,18.19719123840332,2.4004592895514694e-07,0,0,1,jimeng
/workspace/data/genbuster-mini/extracted/GenBuster-200K-mini/benchmark/fake/jimeng/ecc34eacb57a18e93e43777827a89092754bc78e7bdecf1cadc65e89d24754a0.mp4,-15.628777503967285,0.9999998368796668,15.628777503967285,2.7124897412745655e-06,0,0,1,jimeng
/workspace/data/genbuster-mini/extracted/GenBuster-200K-mini/benchmark/fake/jimeng/ebb35a2aa0fb045677182390fafcb37a9a7c517adfceecb5b5ca6159ba3362d5.mp4,-24.24663734436035,0.9999999999705002,24.24663734436035,7.42787611295204e-10,0,0,1,jimeng
/workspace/data/genbuster-mini/extracted/GenBuster-200K-mini/benchmark/fake/jimeng/e339b4ffa53eaf0a766e40b1ee4db7680461926312524ecb3f7e0d83da77e132.mp4,-9.12982177734375,0.9998916268523317,9.12982177734375,0.0010978065484654755,0,0,1,jimeng
/workspace/data/genbuster-mini/extracted/GenBuster-200K-mini/benchmark/fake/jimeng/e161eddc32dcbc0d4ef22ef9f3792f96add17c0f04b733c4400655364ef21fd8.mp4,-15.892223358154297,0.9999998746584566,15.892223358154297,2.1172953538958293e-06,0,0,1,jimeng
/workspace/data/genbuster-mini/extracted/GenBuster-200K-mini/benchmark/fake/jimeng/dee27a904b8ff34c27ed713ff9591e0a1275f2bc78636e459bdb9c50cd0d74ff.mp4,-15.232073783874512,0.9999997574538781,15.232073783874512,3.937024557173003e-06,0,0,1,jimeng
/workspace/data/genbuster-mini/extracted/GenBuster-200K-mini/benchmark/fake/jimeng/ddf016159d891a86812efc66e2f88a61303ffeb2b4f73dcb22f865ac24a315ae.mp4,-18.066511154174805,0.9999999857500326,18.066511154174805,2.716951637539975e-07,0,0,1,jimeng
/workspace/data/genbuster-mini/extracted/GenBuster-200K-mini/benchmark/fake/jimeng/dde1590b9b638b590ed371191113823aafc0d00c91af2262f63f6cd47bafef18.mp4,-6.142523288726807,0.9978551175445318,6.142523288726807,0.015322176555626166,0,0,1,jimeng
/workspace/data/genbuster-mini/extracted/GenBuster-200K-mini/benchmark/fake/jimeng/db40a73c2ae8b32fb7b6efb7bdcdd76e7ece3492bd6569d5249d8a944c030291.mp4,-14.64058780670166,0.9999995617990862,14.64058780670166,6.853717999816464e-06,0,0,1,jimeng
/workspace/data/genbuster-mini/extracted/GenBuster-200K-mini/benchmark/fake/jimeng/db2826b78b14bdfae8d42666ea66dbecdc82c20aaea7f91c1605d314025e710f.mp4,-36.857975006103516,0.9999999999999999,36.857975006103516,-9.971492890433878e-13,0,0,1,jimeng
/workspace/data/genbuster-mini/extracted/GenBuster-200K-mini/benchmark/fake/jimeng/d6997c3d41832338cf4d47bbb09c83bde672e688860c77f0b9bdb895cd322aa3.mp4,-27.69675064086914,0.9999999999990636,27.69675064086914,2.519073869896919e-11,0,0,1,jimeng
/workspace/data/genbuster-mini/extracted/GenBuster-200K-mini/benchmark/fake/jimeng/d5ed995d984e479271cbde193fdeae945d160c6b1505abe33fed74aa23829568.mp4,-17.807235717773438,0.9999999815321736,17.807235717773438,3.473267640790681e-07,0,0,1,jimeng
/workspace/data/genbuster-mini/extracted/GenBuster-200K-mini/benchmark/fake/jimeng/d417a2292957a48a58941e6b5f952d4976cc8ca9610033f0380ac9b24db39aa0.mp4,-8.841485023498535,0.9998554130725097,8.841485023498535,0.001422960538403426,0,0,1,jimeng
/workspace/data/genbuster-mini/extracted/GenBuster-200K-mini/benchmark/fake/jimeng/d0168a0ae79561aa6aab9fb5fa046776488d0ac9563852439bb1e528ba015c39.mp4,-15.630988121032715,0.9999998372398693,15.630988121032715,2.7068598180138134e-06,0,0,1,jimeng
/workspace/data/genbuster-mini/extracted/GenBuster-200K-mini/benchmark/fake/jimeng/ce459d0b85154a82cc6f17063d5e0aea6521ed3d0261779a56249b9409ea02fc.mp4,-5.557496070861816,0.9961564044933766,5.557496070861816,0.025211767828680037,0,0,1,jimeng
/workspace/data/genbuster-mini/extracted/GenBuster-200K-mini/benchmark/fake/jimeng/cd520cbe914c3815c0d4d854a373ab27ab6c98870ded1a380ba6ce1b5d08fae4.mp4,-16.083555221557617,0.999999896485626,16.083555221557617,1.7683915322799737e-06,0,0,1,jimeng
/workspace/data/genbuster-mini/extracted/GenBuster-200K-mini/benchmark/fake/jimeng/c8e6c4ce3f492defae8075de1d64f4c0e10cf8afae9a3e18f68336e00a3e7707.mp4,-15.858569145202637,0.9999998703683985,15.858569145202637,2.1854013209820004e-06,0,0,1,jimeng
/workspace/data/genbuster-mini/extracted/GenBuster-200K-mini/benchmark/fake/jimeng/c3b6e3d062d81c50c45b85691d678152bf229accc2486c0a86151113750ca589.mp4,-20.529451370239258,0.999999998786129,20.529451370239258,2.613197722211415e-08,0,0,1,jimeng
/workspace/data/genbuster-mini/extracted/GenBuster-200K-mini/benchmark/fake/jimeng/c3779bb4c5a0a7ff3eadb4c7219809a3bcf3d07c38cb048f0b38a8b9de3e58e3.mp4,-18.1380558013916,0.9999999867339255,18.1380558013916,2.5388487395878104e-07,0,0,1,jimeng
/workspace/data/genbuster-mini/extracted/GenBuster-200K-mini/benchmark/fake/jimeng/c2b1003797a0e97523360fec1be3d2405ea1cd1ec30ab7c36c919605b9686daf.mp4,-27.080413818359375,0.9999999999982657,27.080413818359375,4.6910449073090154e-11,0,0,1,jimeng
/workspace/data/genbuster-mini/extracted/GenBuster-200K-mini/benchmark/fake/jimeng/be894cc6ae5ad5463f6034616f75136c7a4227b6eac768311cc9996f15c2ef29.mp4,-25.310504913330078,0.999999999989819,25.310504913330078,2.659115577697511e-10,0,0,1,jimeng
/workspace/data/genbuster-mini/extracted/GenBuster-200K-mini/benchmark/fake/jimeng/bbc1483fdb48682c41a3ada5558ab6c5f8d7106ab43fd99f0cf2924697dbf519.mp4,-12.5691556930542,0.9999965223685194,12.5691556930542,4.71885268211437e-05,0,0,1,jimeng
/workspace/data/genbuster-mini/extracted/GenBuster-200K-mini/benchmark/fake/jimeng/bb9101eabe0e0319927ed5fdd102fe19903f2c112f08a91db7826c2fa27a6f47.mp4,-36.057003021240234,0.9999999999999998,36.057003021240234,-9.938129443033835e-13,0,0,1,jimeng
/workspace/data/genbuster-mini/extracted/GenBuster-200K-mini/benchmark/fake/jimeng/b62ef8a07156b9b49ef7efa6ec95fbff4549f92a3d8adb315eda3d8be41ea206.mp4,-29.899389266967773,0.9999999999998965,29.899389266967773,1.952477197427067e-12,0,0,1,jimeng
/workspace/data/genbuster-mini/extracted/GenBuster-200K-mini/benchmark/fake/jimeng/b36f5b0392f05a7488ac2ab5e4395e34570d366969988c793df2e0e2e75e82d4.mp4,-11.068327903747559,0.9999844016201678,11.068327903747559,0.00018824648229720723,0,0,1,jimeng
/workspace/data/genbuster-mini/extracted/GenBuster-200K-mini/benchmark/fake/jimeng/b1f26350f01d8949d93de6c7257d7a8a04e112e2359a626e50deeca2e1385cab.mp4,-11.790220260620117,0.9999924217468106,11.790220260620117,9.692755416758644e-05,0,0,1,jimeng
/workspace/data/genbuster-mini/extracted/GenBuster-200K-mini/benchmark/fake/jimeng/aad70c907166b2e9d8e762140c833143ecd080a81b0fd14c96d4e242e77b3af5.mp4,3.9860150814056396,0.9817651510238647,3.9860150814056396,0.09108758162909988,0,1,1,jimeng
/workspace/data/genbuster-mini/extracted/GenBuster-200K-mini/benchmark/fake/jimeng/a8253b57e643cd2dfa657564564b6b1e38273d115817522b820092ae5d889ec9.mp4,-39.54460525512695,1.0,39.54460525512695,-9.999038063031385e-13,0,0,1,jimeng
/workspace/data/genbuster-mini/extracted/GenBuster-200K-mini/benchmark/fake/jimeng/a76c42ed486f31b217b2e8ab54c29bd8f2f91c5fc1299d196a53e039099cff67.mp4,-16.99274253845215,0.9999999582990746,16.99274253845215,7.503120122395199e-07,0,0,1,jimeng
/workspace/data/genbuster-mini/extracted/GenBuster-200K-mini/benchmark/fake/jimeng/a2305b8eab3bf8afc7c149f0aefde113b003111f070148ddbf5cbfbf5ae255e5.mp4,-29.24787139892578,0.9999999999998015,29.24787139892578,4.6478616968581125e-12,0,0,1,jimeng
/workspace/data/genbuster-mini/extracted/GenBuster-200K-mini/benchmark/fake/jimeng/9e8d07d1b75768730021968b9645fb8b3885932e851009a51f16b1eb44a26859.mp4,-19.20264434814453,0.9999999954249321,19.20264434814453,9.242646915614296e-08,0,0,1,jimeng
/workspace/data/genbuster-mini/extracted/GenBuster-200K-mini/benchmark/fake/jimeng/933df887f4326633d29253712fe4cff06982d09e604207888bf86d8b84e44897.mp4,-11.609728813171387,0.9999909227381067,11.609728813171387,0.00011446185071002177,0,0,1,jimeng
/workspace/data/genbuster-mini/extracted/GenBuster-200K-mini/benchmark/fake/jimeng/8d499c58ab6c201db0a3852ae26c7cfa0a27c8121275a28fab4dd9f6c3483490.mp4,-17.40459442138672,0.999999972376374,17.40459442138672,5.083996334119003e-07,0,0,1,jimeng
/workspace/data/genbuster-mini/extracted/GenBuster-200K-mini/benchmark/fake/jimeng/84c416ae9f5aedaff7dc443846d87070e5e26ce83afd092a28c02718db64baa6.mp4,-22.689882278442383,0.9999999998600705,22.689882278442383,3.312917258363664e-09,0,0,1,jimeng
/workspace/data/genbuster-mini/extracted/GenBuster-200K-mini/benchmark/fake/jimeng/83a08841426157d7a1fd7745fbe1f4c8181ffe8a10f0b8d7e48e301365da8863.mp4,-34.961910247802734,0.9999999999999993,34.961910247802734,-9.813251257512715e-13,0,0,1,jimeng
/workspace/data/genbuster-mini/extracted/GenBuster-200K-mini/benchmark/fake/jimeng/808733f341991ceaf2d8b7bfc829146cfcc5bb4d59edf26362d1befb83f6d279.mp4,-13.46605110168457,0.9999985817013339,13.46605110168457,2.051717999676679e-05,0,0,1,jimeng
/workspace/data/genbuster-mini/extracted/GenBuster-200K-mini/benchmark/fake/jimeng/7f5f6e571cf44771b7b06bf62d92b2eb2f96299566bd18903f50f77792bdd82c.mp4,-28.749448776245117,0.9999999999996733,28.749448776245117,8.263984882762464e-12,0,0,1,jimeng
/workspace/data/genbuster-mini/extracted/GenBuster-200K-mini/benchmark/fake/jimeng/7da01570fb1443e7e492a148d5172a0b4e229a6ef35fef3f8da357494afa9edd.mp4,-21.089466094970703,0.9999999993066361,21.089466094970703,1.531403959890116e-08,0,0,1,jimeng
/workspace/data/genbuster-mini/extracted/GenBuster-200K-mini/benchmark/fake/jimeng/7d5485a901c41e071dd3bdf74bda6c132b9578c547a2b9ed775513f904ed8865.mp4,-17.466386795043945,0.9999999740316365,17.466386795043945,4.795398446865072e-07,0,0,1,jimeng
/workspace/data/genbuster-mini/extracted/GenBuster-200K-mini/benchmark/fake/jimeng/782aa746a857e94de5900a3fce574c83475a3f2e1b85e2d66a47007a5f0fc645.mp4,-10.66809368133545,0.9999767246790725,10.66809368133545,0.00027157889367440696,0,0,1,jimeng
/workspace/data/genbuster-mini/extracted/GenBuster-200K-mini/benchmark/fake/jimeng/73f0686a649a63cbcae8a00ba5aa8dc35f5f20637c81eb1ad3cd8cefe76a181a.mp4,-21.965526580810547,0.9999999997112693,21.965526580810547,6.628855062595665e-09,0,0,1,jimeng
/workspace/data/genbuster-mini/extracted/GenBuster-200K-mini/benchmark/fake/jimeng/6fba842c43435900b415124fb6023dfc232b14cd8ad5183f7cf7fa83e1f12c27.mp4,-23.592784881591797,0.9999999999432738,23.592784881591797,1.393064031234621e-09,0,0,1,jimeng
/workspace/data/genbuster-mini/extracted/GenBuster-200K-mini/benchmark/fake/jimeng/6ed3ec0a9a7025c02852e643d522229857c815ea994dd7c06fa1016c233ebf1d.mp4,-28.58753204345703,0.9999999999996158,28.58753204345703,9.876039001835217e-12,0,0,1,jimeng
/workspace/data/genbuster-mini/extracted/GenBuster-200K-mini/benchmark/fake/jimeng/6df5ce71b7cb02689c018173374662a6c051091431bce60e5621cccc3204261a.mp4,-7.295760154724121,0.999322050891351,7.295760154724121,0.005624333111935152,0,0,1,jimeng
/workspace/data/genbuster-mini/extracted/GenBuster-200K-mini/benchmark/fake/jimeng/6c4224b0310f46574a904ed30bb267d6cc53ceece91f1b9378b9ba3a9701b100.mp4,-17.648151397705078,0.9999999783476383,17.648151397705078,4.0377451653118806e-07,0,0,1,jimeng
/workspace/data/genbuster-mini/extracted/GenBuster-200K-mini/benchmark/fake/jimeng/6c102dbf66f88aa414fc92badfae6df0c324f8c66a7a1f6d182bbb3d7af5640f.mp4,-11.667309761047363,0.9999914306472419,11.667309761047363,0.00010855068074296635,0,0,1,jimeng
/workspace/data/genbuster-mini/extracted/GenBuster-200K-mini/benchmark/fake/jimeng/69ea5150d83ac0d3881a1acdcd748585e688eda94ecdbdf82f00629244f4eefb.mp4,-15.576676368713379,0.999999828155623,15.576676368713379,2.8486066397413645e-06,0,0,1,jimeng
/workspace/data/genbuster-mini/extracted/GenBuster-200K-mini/benchmark/fake/jimeng/63f0dcd110e9d12d33ab0c4d95a62a3c1d9fa65d83ef87ca7fc94744e0a0e37f.mp4,-17.15680503845215,0.999999964608886,17.15680503845215,6.425875580263024e-07,0,0,1,jimeng
/workspace/data/genbuster-mini/extracted/GenBuster-200K-mini/benchmark/fake/jimeng/604c10488f9e45532923a1b18c53a4fc9406f584e86a52e272fad4769e28afb7.mp4,-25.39699363708496,0.9999999999906626,25.39699363708496,2.4452926577134237e-10,0,0,1,jimeng
/workspace/data/genbuster-mini/extracted/GenBuster-200K-mini/benchmark/fake/jimeng/5da8020828498ef51f91e9ddf1fe1eb673f89c7435c824c321ea230deb563a0d.mp4,2.4833545684814453,0.922966718673706,2.4833545684814453,0.27146313521052895,0,1,1,jimeng
/workspace/data/genbuster-mini/extracted/GenBuster-200K-mini/benchmark/fake/jimeng/5b9e0e8a4527d8342bf840b1b4d4fe79548e64d1f456f4ba76be78295f9b8e59.mp4,-25.559268951416016,0.9999999999920612,25.559268951416016,2.089048533054299e-10,0,0,1,jimeng
/workspace/data/genbuster-mini/extracted/GenBuster-200K-mini/benchmark/fake/jimeng/59f436115d102a28289ebaf2341da61d8b87d53ee52695da380f6c518fd31485.mp4,-26.41801643371582,0.9999999999966365,26.41801643371582,9.034705621850036e-11,0,0,1,jimeng
/workspace/data/genbuster-mini/extracted/GenBuster-200K-mini/benchmark/fake/jimeng/57c23c2182aa3a073946df6de6b65318e5ecd88fc60f25c19dada689d7b240f9.mp4,-15.789002418518066,0.9999998610292806,15.789002418518066,2.333177756246241e-06,0,0,1,jimeng
/workspace/data/genbuster-mini/extracted/GenBuster-200K-mini/benchmark/fake/jimeng/5505fb0e524c8b2107c5605c7b45a4bda4c6de1c9df7ee3c7742b671a84516ff.mp4,-9.471116065979004,0.9999229605673463,9.471116065979004,0.0008066918102404865,0,0,1,jimeng
/workspace/data/genbuster-mini/extracted/GenBuster-200K-mini/benchmark/fake/jimeng/50b03734f16a8822bae9f18e6959afd158d6b2f34d1177f4c0b326ba5ea7c8d9.mp4,-24.12148666381836,0.9999999999665673,24.12148666381836,8.378937578358058e-10,0,0,1,jimeng
/workspace/data/genbuster-mini/extracted/GenBuster-200K-mini/benchmark/fake/jimeng/5055f97b7f753de0bf550a8774b54eea6f68eef9c47c34737e164292bad3fdb6.mp4,-26.244081497192383,0.9999999999959974,26.244081497192383,1.0715404439847014e-10,0,0,1,jimeng
/workspace/data/genbuster-mini/extracted/GenBuster-200K-mini/benchmark/fake/jimeng/4f761c6b877a73283c8fede71f05c281660f3978b7d3ccf33bfa4348090b63f8.mp4,-30.30038833618164,0.9999999999999307,30.30038833618164,9.792671377252049e-13,0,0,1,jimeng
/workspace/data/genbuster-mini/extracted/GenBuster-200K-mini/benchmark/fake/jimeng/4dc0d19e88692db6450f218b757fd8980e76eaff7e3d6bd44ea4fe0f1f02d851.mp4,-4.345991134643555,0.9872071193531156,4.345991134643555,0.06847315896288826,0,0,1,jimeng
/workspace/data/genbuster-mini/extracted/GenBuster-200K-mini/benchmark/fake/jimeng/4b819771b29f71dfd0b0cf3fb23bd185eaa36bcce201eadcda400a4a2215f6f5.mp4,-11.768087387084961,0.9999922521492408,11.768087387084961,9.892526310134481e-05,0,0,1,jimeng
/workspace/data/genbuster-mini/extracted/GenBuster-200K-mini/benchmark/fake/jimeng/452b4a1c376e0826db86a7756a1b88838b4e5738a7ac5d8375ea85a15b051dd1.mp4,-31.221054077148438,0.9999999999999724,31.221054077148438,-2.10539746703008e-13,0,0,1,jimeng
/workspace/data/genbuster-mini/extracted/GenBuster-200K-mini/benchmark/fake/jimeng/445eee940d98351e5106a7f69b086d92088f9de88b1daa8fdd7828a03b72e300.mp4,-8.683493614196777,0.9998306703346316,8.683493614196777,0.001639717086497769,0,0,1,jimeng
/workspace/data/genbuster-mini/extracted/GenBuster-200K-mini/benchmark/fake/jimeng/434f3579b481a85d03a538a46633cb00e2462f1163db6a51e47c8aa4314621f0.mp4,-17.68113136291504,0.9999999790500897,17.68113136291504,3.9136602760606936e-07,0,0,1,jimeng
/workspace/data/genbuster-mini/extracted/GenBuster-200K-mini/benchmark/fake/jimeng/4216bfb0057645623ebb50f4e5deeee14b110d3109fc0a03bc953cd4730befa4.mp4,-20.792293548583984,0.9999999990666992,20.792293548583984,2.0336764952437846e-08,0,0,1,jimeng
/workspace/data/genbuster-mini/extracted/GenBuster-200K-mini/benchmark/fake/jimeng/41a2030fe918c12d950ab9158767ddad585562d06dbda6515552855a6b62bb61.mp4,-27.884780883789062,0.9999999999992242,27.884780883789062,2.0768458010120395e-11,0,0,1,jimeng
/workspace/data/genbuster-mini/extracted/GenBuster-200K-mini/benchmark/fake/jimeng/3cf462914b5394549ed94ba0cf064787c68265c024d2f78c2e2a05cead1cba9c.mp4,-20.014427185058594,0.9999999979683694,20.014427185058594,4.269155426511832e-08,0,0,1,jimeng
/workspace/data/genbuster-mini/extracted/GenBuster-200K-mini/benchmark/fake/jimeng/3b5bafb9ecb9d7ee75dc701ae608feaae777a22e3d2d9ef5918ba8e2c633e1bd.mp4,3.3075661659240723,0.9646875262260437,3.3075661659240723,0.15274944449369943,0,1,1,jimeng
/workspace/data/genbuster-mini/extracted/GenBuster-200K-mini/benchmark/fake/jimeng/3a0adec6c932adc6d5a28dba6944259c9dd1b405e46497bfd461746eeb522be6.mp4,-27.63095474243164,0.9999999999989999,27.63095474243164,2.6939739087201555e-11,0,0,1,jimeng
/workspace/data/genbuster-mini/extracted/GenBuster-200K-mini/benchmark/fake/jimeng/39fba3880c6d0abe6ddfa840dba94203f257f0f38ab82202c4c4681588f7864a.mp4,-8.747710227966309,0.9998412006534636,8.747710227966309,0.0015479426357568184,0,0,1,jimeng
/workspace/data/genbuster-mini/extracted/GenBuster-200K-mini/benchmark/fake/jimeng/383b92918261cf60c6ded74ba534d200bfe5c8d4f84c6e35990236a886070447.mp4,-17.54694366455078,0.9999999760415221,17.54694366455078,4.443545373713306e-07,0,0,1,jimeng
/workspace/data/genbuster-mini/extracted/GenBuster-200K-mini/benchmark/fake/jimeng/38227620d46dfe75c8d484e1e528a562c0a071acd5cd9923a2db6e6a7993a449.mp4,-26.29583740234375,0.9999999999961993,26.29583740234375,1.0185544060533196e-10,0,0,1,jimeng
/workspace/data/genbuster-mini/extracted/GenBuster-200K-mini/benchmark/fake/jimeng/381380836cc0ef2d776e6edb4230823aa2b5bd94f7dfec64afcdf01dcf191a11.mp4,-20.81895637512207,0.9999999990912547,20.81895637512207,1.9825873448278573e-08,0,0,1,jimeng
/workspace/data/genbuster-mini/extracted/GenBuster-200K-mini/benchmark/fake/jimeng/37bfe42a7a39843efef79a71e42c6a1dcf92d62340fca3a796e6212049ba186a.mp4,-17.658428192138672,0.9999999785690168,17.658428192138672,3.998664601949328e-07,0,0,1,jimeng
/workspace/data/genbuster-mini/extracted/GenBuster-200K-mini/benchmark/fake/jimeng/3787acd350a92c3dcbee1eb1e85b0165f11e89c7c535906be53934851070c164.mp4,-23.069257736206055,0.9999999999042478,23.069257736206055,2.3026890437833995e-09,0,0,1,jimeng
/workspace/data/genbuster-mini/extracted/GenBuster-200K-mini/benchmark/fake/jimeng/33b0718ff78e35349b176a5cd8990723c080c74716482acacf606885aab6db06.mp4,-26.087045669555664,0.9999999999953169,26.087045669555664,1.2494690705693347e-10,0,0,1,jimeng
/workspace/data/genbuster-mini/extracted/GenBuster-200K-mini/benchmark/fake/jimeng/32089f1eb79294de177d99ba2173687612b8c8f8807a8c44636b26587f36c194.mp4,-10.879700660705566,0.9999811636043887,10.879700660705566,0.000223770919161537,0,0,1,jimeng
/workspace/data/genbuster-mini/extracted/GenBuster-200K-mini/benchmark/fake/jimeng/3014aa683fb320cfb2fcc87a9d1b9cd3a3efd8a156e9c85ac241c8ca0196e02c.mp4,-19.550430297851562,0.9999999967688582,19.550430297851562,6.639935437667417e-08,0,0,1,jimeng
/workspace/data/genbuster-mini/extracted/GenBuster-200K-mini/benchmark/fake/jimeng/2f06ed93437c1240fdb4d5bc599b0f8ce8d6781d26583b69e0e75017014788e3.mp4,-14.6072416305542,0.9999995469403871,14.6072416305542,7.071008973212165e-06,0,0,1,jimeng
/workspace/data/genbuster-mini/extracted/GenBuster-200K-mini/benchmark/fake/jimeng/2b110b3e51a2e0e695cef692740cf6526ffe1dcbaf3df22b5004b0e278e5ae89.mp4,-5.043052673339844,0.9935873714275658,5.043052673339844,0.038772501894283475,0,0,1,jimeng
/workspace/data/genbuster-mini/extracted/GenBuster-200K-mini/benchmark/fake/jimeng/297a80e2c76011e5454b83cda6fec8343c28d43e37d8ba7e962454c12b72dca1.mp4,-10.257288932800293,0.9999649005148967,10.257288932800293,0.0003951256614520521,0,0,1,jimeng
/workspace/data/genbuster-mini/extracted/GenBuster-200K-mini/benchmark/fake/jimeng/259ffcdc34b8683ce9086ec6bfc6a22749dba4ddc460f6e89713a76a00aa6713.mp4,-9.127638816833496,0.9998913900417392,9.127638816833496,0.0010999683284115178,0,0,1,jimeng
/workspace/data/genbuster-mini/extracted/GenBuster-200K-mini/benchmark/fake/jimeng/24b095caaef3dd37dfcf2965c43e89315254e6debd1463e6ab5925a973e9f1c7.mp4,-23.96405029296875,0.9999999999608669,23.96405029296875,9.74935289455304e-10,0,0,1,jimeng
/workspace/data/genbuster-mini/extracted/GenBuster-200K-mini/benchmark/fake/jimeng/21477cbb4c7effe8fcfeff9b2f3eb17d1a032cccc980dd6404a446678dc8f5ef.mp4,-14.184618949890137,0.9999993086499899,14.184618949890137,1.0497884685304223e-05,0,0,1,jimeng
/workspace/data/genbuster-mini/extracted/GenBuster-200K-mini/benchmark/fake/jimeng/1f330209594ff388a72fd1aea7ff4e0fc3f9f536f56d6a8f3c1c66f6a7176659.mp4,-0.9516409039497375,0.7214450538158417,0.9516409039497375,0.5915833351122719,0,0,1,jimeng
/workspace/data/genbuster-mini/extracted/GenBuster-200K-mini/benchmark/fake/jimeng/1989261166affba5ae66c5692020ab29f953b7299d88151c27e2743a33dbda21.mp4,-28.089733123779297,0.999999999999368,28.089733123779297,1.6787921407992626e-11,0,0,1,jimeng
/workspace/data/genbuster-mini/extracted/GenBuster-200K-mini/benchmark/fake/jimeng/1851bb941f27051768d5c84ff70c1338159e7c697765871909004a7dd518d6d4.mp4,-18.479976654052734,0.9999999905757218,18.479976654052734,1.8358272055048698e-07,0,0,1,jimeng
/workspace/data/genbuster-mini/extracted/GenBuster-200K-mini/benchmark/fake/jimeng/184cf1fa59774a9aa6c40cef001b863170c3bc6816debc074f5620c9f086d4d1.mp4,-22.167030334472656,0.9999999997639625,22.167030334472656,5.466290585179561e-09,0,0,1,jimeng
/workspace/data/genbuster-mini/extracted/GenBuster-200K-mini/benchmark/fake/jimeng/151c525ee54aed1d70e9f6bed2c0bf94c3592bfcc31e0e35c3895b344aea0013.mp4,-26.189504623413086,0.9999999999957729,26.189504623413086,1.1303519017719388e-10,0,0,1,jimeng
/workspace/data/genbuster-mini/extracted/GenBuster-200K-mini/benchmark/fake/jimeng/147eac2f8b0030d89b12b40f242ba4a6980e72d3df29b8ad5cd77a2a55af5755.mp4,-29.074085235595703,0.9999999999997637,29.074085235595703,5.712608429843149e-12,0,0,1,jimeng
/workspace/data/genbuster-mini/extracted/GenBuster-200K-mini/benchmark/fake/jimeng/140c3558f9b8cb285269dfe4c9e7a8c1413dff79a03862da1d358611949cff9b.mp4,-23.97351837158203,0.9999999999612356,23.97351837158203,9.660966427765317e-10,0,0,1,jimeng
/workspace/data/genbuster-mini/extracted/GenBuster-200K-mini/benchmark/fake/jimeng/0c23e6f308b303d2de8782bca3c9ad6ffe6bfc8dc6a001beaa5fe2b6b948f1c7.mp4,-5.451043605804443,0.9957265178672969,5.451043605804443,0.02757757722593366,0,0,1,jimeng
/workspace/data/genbuster-mini/extracted/GenBuster-200K-mini/benchmark/fake/jimeng/097122128c7b74f67a1344721c344605922092dccc662c2df90fb42a865e78c6.mp4,-10.416427612304688,0.9999700642638345,10.416427612304688,0.00034175961263218025,0,0,1,jimeng
/workspace/data/genbuster-mini/extracted/GenBuster-200K-mini/benchmark/fake/jimeng/05823f2de0628aebc4a4485007c6ef8e54dbcec4aa530b986bbba980c5d44574.mp4,-19.058185577392578,0.9999999947139027,19.058185577392578,1.0602752163602423e-07,0,0,1,jimeng
/workspace/data/genbuster-mini/extracted/GenBuster-200K-mini/benchmark/fake/jimeng/030de55edb976973f48a7a8420fbc7626f953c1712b9af707caafc170633f414.mp4,-33.15253829956055,0.999999999999996,33.15253829956055,-8.85590204683174e-13,0,0,1,jimeng
/workspace/data/genbuster-mini/extracted/GenBuster-200K-mini/benchmark/fake/jimeng/01731692add2acebba4b0cc6a905a10d95e4a73661bcbb804964e0f69431cd86.mp4,-25.018360137939453,0.9999999999863647,25.018360137939453,3.528027723974679e-10,0,0,1,jimeng
/workspace/data/genbuster-mini/extracted/GenBuster-200K-mini/benchmark/fake/jimeng/0044083bdb2695fd93327da0cea6b633108154e081ef96b508b826c7aaf538b8.mp4,-18.85449981689453,0.999999993519705,18.85449981689453,1.2866101526221132e-07,0,0,1,jimeng
/workspace/data/genbuster-mini/extracted/GenBuster-200K-mini/benchmark/fake/gen3/ff4157290aaa72b49db080be9dc936f5ee1256f5a1afdf3f9b45de48bcd56d0c.mp4,-7.3511505126953125,0.9993585582706146,7.3511505126953125,0.005356982270811614,0,0,1,gen3
/workspace/data/genbuster-mini/extracted/GenBuster-200K-mini/benchmark/fake/gen3/ff18a850dd3298713bd01550b581d1228ec24ccf5357dce29185054b6427992c.mp4,-7.446040630340576,0.9994165922398679,7.446040630340576,0.0049276558872365555,0,0,1,gen3
/workspace/data/genbuster-mini/extracted/GenBuster-200K-mini/benchmark/fake/gen3/fed5f23873eb6fb1446a563b26bdfa144ed077a246255d63213a0046a7ab700a.mp4,-7.446040630340576,0.9994165922398679,7.446040630340576,0.0049276558872365555,0,0,1,gen3
/workspace/data/genbuster-mini/extracted/GenBuster-200K-mini/benchmark/fake/gen3/fe85bec62a20a5d55e4213487a8579a9acd711a226d34d1d81b69bccad287f0a.mp4,-7.446040630340576,0.9994165922398679,7.446040630340576,0.0049276558872365555,0,0,1,gen3
/workspace/data/genbuster-mini/extracted/GenBuster-200K-mini/benchmark/fake/gen3/fceec3b99b3218190967ba598186cac4ab332dbfdc9e1a039af52d6f34407031.mp4,-7.446040630340576,0.9994165922398679,7.446040630340576,0.0049276558872365555,0,0,1,gen3
/workspace/data/genbuster-mini/extracted/GenBuster-200K-mini/benchmark/fake/gen3/f70eef3d4fdf33a7fb46f86449b6a87b250c08040bcae1f0d8a9f89c85c5ff03.mp4,-7.446040630340576,0.9994165922398679,7.446040630340576,0.0049276558872365555,0,0,1,gen3
/workspace/data/genbuster-mini/extracted/GenBuster-200K-mini/benchmark/fake/gen3/f557cc42e47d22f008726db8146332734b2cc9aeb1214359edf0d175e8383b0b.mp4,-7.446040630340576,0.9994165922398679,7.446040630340576,0.0049276558872365555,0,0,1,gen3
/workspace/data/genbuster-mini/extracted/GenBuster-200K-mini/benchmark/fake/gen3/f4372e6da83e58641b8955160603bde952f298243390810e549e8940853d25fd.mp4,-7.446040630340576,0.9994165922398679,7.446040630340576,0.0049276558872365555,0,0,1,gen3
/workspace/data/genbuster-mini/extracted/GenBuster-200K-mini/benchmark/fake/gen3/ecd7e2648800cc0e0e268ab3206a8a5c339de9550b3fa94705973b5a963e470f.mp4,-7.446040630340576,0.9994165922398679,7.446040630340576,0.0049276558872365555,0,0,1,gen3
/workspace/data/genbuster-mini/extracted/GenBuster-200K-mini/benchmark/fake/gen3/ebe47c7089b96e321bdb25669c79a5c9a84ee9221a15ef33114b456e1b5a8453.mp4,-7.446040630340576,0.9994165922398679,7.446040630340576,0.0049276558872365555,0,0,1,gen3
/workspace/data/genbuster-mini/extracted/GenBuster-200K-mini/benchmark/fake/gen3/e984e97a2eb6f7660d61c71283f2fc71237d89dbb887b8700a140e299fc258bf.mp4,-7.446040630340576,0.9994165922398679,7.446040630340576,0.0049276558872365555,0,0,1,gen3
/workspace/data/genbuster-mini/extracted/GenBuster-200K-mini/benchmark/fake/gen3/e94d29ef031268a050f4072cc399bd9a4c0797c45b1bcfae1219f4b12fcdbf49.mp4,-7.245680809020996,0.9992872599978,7.245680809020996,0.00587728071450642,0,0,1,gen3
/workspace/data/genbuster-mini/extracted/GenBuster-200K-mini/benchmark/fake/gen3/e7641b8493feff20abcfb453bd3e0eeb4eca8d467b0a905e2824c6fe5c5f02ae.mp4,-7.446040630340576,0.9994165922398679,7.446040630340576,0.0049276558872365555,0,0,1,gen3
/workspace/data/genbuster-mini/extracted/GenBuster-200K-mini/benchmark/fake/gen3/de66a001d3bdc0159a6b867c7df1a3fe7767797d77f44ef9c6173159e2049fed.mp4,-7.446040630340576,0.9994165922398679,7.446040630340576,0.0049276558872365555,0,0,1,gen3
/workspace/data/genbuster-mini/extracted/GenBuster-200K-mini/benchmark/fake/gen3/dd1c41b751aafd6d47245dd0f9e2e6cb49edf8a9062c3fb70752e384a7a0b1e0.mp4,-7.446040630340576,0.9994165922398679,7.446040630340576,0.0049276558872365555,0,0,1,gen3
/workspace/data/genbuster-mini/extracted/GenBuster-200K-mini/benchmark/fake/gen3/d06dd9222c8f6354433a0269635307930ad2aad1c08760647bec6e1a7b13842c.mp4,-7.446040630340576,0.9994165922398679,7.446040630340576,0.0049276558872365555,0,0,1,gen3
/workspace/data/genbuster-mini/extracted/GenBuster-200K-mini/benchmark/fake/gen3/c8c452483abf8639135abd039291fecf9e90bc27f7d057ecacde1ccce5fbd7fe.mp4,-7.446040630340576,0.9994165922398679,7.446040630340576,0.0049276558872365555,0,0,1,gen3
/workspace/data/genbuster-mini/extracted/GenBuster-200K-mini/benchmark/fake/gen3/c7db72810e3caa4ddc1c72d4637cd3e9259c50e83008f497964e7b4b3c4e3b82.mp4,-7.446040630340576,0.9994165922398679,7.446040630340576,0.0049276558872365555,0,0,1,gen3
/workspace/data/genbuster-mini/extracted/GenBuster-200K-mini/benchmark/fake/gen3/c314cd4cd5fc8f1b6a8e7f42d448435f2abeadbd611472856073a92e5492f61a.mp4,-7.446040630340576,0.9994165922398679,7.446040630340576,0.0049276558872365555,0,0,1,gen3
/workspace/data/genbuster-mini/extracted/GenBuster-200K-mini/benchmark/fake/gen3/bf56109c2ca2560e21d5f92718257bb4ac244f8b767e9d48924b3869bb99642b.mp4,-6.404448509216309,0.998348549590446,6.404448509216309,0.012229444695449785,0,0,1,gen3
/workspace/data/genbuster-mini/extracted/GenBuster-200K-mini/benchmark/fake/gen3/bb73e8593da775e2b947bf4cc78749f42f5138fd832eca3c73b861fe86243ad9.mp4,-7.446040630340576,0.9994165922398679,7.446040630340576,0.0049276558872365555,0,0,1,gen3
/workspace/data/genbuster-mini/extracted/GenBuster-200K-mini/benchmark/fake/gen3/b6cc887f725f7b5d00d0e9c06ab9cf338e80b1bd444a9d352201ad7ed840b5dc.mp4,-7.446040630340576,0.9994165922398679,7.446040630340576,0.0049276558872365555,0,0,1,gen3
/workspace/data/genbuster-mini/extracted/GenBuster-200K-mini/benchmark/fake/gen3/b5b117e22436cce16f1063e3c96e7df8a6562915a12db4ee8ff9780fae11f2e0.mp4,-4.687265396118164,0.9908722406253219,4.687265396118164,0.05195390290178014,0,0,1,gen3
/workspace/data/genbuster-mini/extracted/GenBuster-200K-mini/benchmark/fake/gen3/b4a75d74ce2d9dd7d64511bf057f929cb444fe08dd5bb21c1b4b00c62468cb89.mp4,-7.581957817077637,0.9994906968786381,7.581957817077637,0.0043709476127260834,0,0,1,gen3
/workspace/data/genbuster-mini/extracted/GenBuster-200K-mini/benchmark/fake/gen3/b22c92f44b5f996fe4adea133232a10b8d70a98a59b9a330519ce31e83dd702c.mp4,-7.446040630340576,0.9994165922398679,7.446040630340576,0.0049276558872365555,0,0,1,gen3
/workspace/data/genbuster-mini/extracted/GenBuster-200K-mini/benchmark/fake/gen3/ad50afe904051d114748284677fe5be7d8393ebc6543cce0cb27105ea593e8ab.mp4,-7.446040630340576,0.9994165922398679,7.446040630340576,0.0049276558872365555,0,0,1,gen3
/workspace/data/genbuster-mini/extracted/GenBuster-200K-mini/benchmark/fake/gen3/abb547b50262b95c1346113ff77d0afd3c1512529a42270d58e04ee5d6c2da6d.mp4,-7.446040630340576,0.9994165922398679,7.446040630340576,0.0049276558872365555,0,0,1,gen3
/workspace/data/genbuster-mini/extracted/GenBuster-200K-mini/benchmark/fake/gen3/ab6830fdc33ce439214feeadda58e16e035b301cddcc5522cd7f75c2ef203840.mp4,-7.446040630340576,0.9994165922398679,7.446040630340576,0.0049276558872365555,0,0,1,gen3
/workspace/data/genbuster-mini/extracted/GenBuster-200K-mini/benchmark/fake/gen3/a756de852fc1747ad1b248facf24c40ce61887de3da126ecfbed5855d9cbcafd.mp4,-7.275365352630615,0.999308091995772,7.275365352630615,0.005726031038838715,0,0,1,gen3
/workspace/data/genbuster-mini/extracted/GenBuster-200K-mini/benchmark/fake/gen3/a730ff4fafe84e825ba1034060e4b6237de342b948ab20eaf8b7d711c0abe926.mp4,-7.446040630340576,0.9994165922398679,7.446040630340576,0.0049276558872365555,0,0,1,gen3
/workspace/data/genbuster-mini/extracted/GenBuster-200K-mini/benchmark/fake/gen3/a556f12df230a65444141a1f15e20ba16ec7e8ab92b1fe229f0b1e408d355a84.mp4,-7.446040630340576,0.9994165922398679,7.446040630340576,0.0049276558872365555,0,0,1,gen3
/workspace/data/genbuster-mini/extracted/GenBuster-200K-mini/benchmark/fake/gen3/a4dfab0818e46ff1e11ccac2832230d51ba5fe4c93431c8013af747a4256641e.mp4,-7.446040630340576,0.9994165922398679,7.446040630340576,0.0049276558872365555,0,0,1,gen3
/workspace/data/genbuster-mini/extracted/GenBuster-200K-mini/benchmark/fake/gen3/9ecab184a6b3388c1e486a1b818ecceadb9ea88db9a055702fa1494e658c5b03.mp4,-7.446040630340576,0.9994165922398679,7.446040630340576,0.0049276558872365555,0,0,1,gen3
/workspace/data/genbuster-mini/extracted/GenBuster-200K-mini/benchmark/fake/gen3/9ac55a7bff05535c1abf41f2d425383d458a7e3ba10ff2f3d836b1d625bea43b.mp4,-7.446040630340576,0.9994165922398679,7.446040630340576,0.0049276558872365555,0,0,1,gen3
/workspace/data/genbuster-mini/extracted/GenBuster-200K-mini/benchmark/fake/gen3/91cad250035107c464156a1b54a9d71d1540512760022da70804af2275f49b33.mp4,-7.478464126586914,0.9994351944769733,7.478464126586914,0.004788842927011733,0,0,1,gen3
/workspace/data/genbuster-mini/extracted/GenBuster-200K-mini/benchmark/fake/gen3/8d4512fd335090d9c7459872a73516c8e178ed19233151a6d88ea72c846ed1cd.mp4,-8.087801933288574,0.9996928299951833,8.087801933288574,0.002791547363824941,0,0,1,gen3
/workspace/data/genbuster-mini/extracted/GenBuster-200K-mini/benchmark/fake/gen3/8b8d096633b0e07714103541ecc9ea6c7309e29c1e10c684bf18e59da756a83e.mp4,-7.429720878601074,0.9994069987442344,7.429720878601074,0.004999010950991126,0,0,1,gen3
/workspace/data/genbuster-mini/extracted/GenBuster-200K-mini/benchmark/fake/gen3/89eee2bfc7f32f88c9395201f4f23ee05739be4415a1665893437622dc691893.mp4,-7.420463562011719,0.9994014869444072,7.420463562011719,0.005039936533556444,0,0,1,gen3
/workspace/data/genbuster-mini/extracted/GenBuster-200K-mini/benchmark/fake/gen3/866d39424c98294047d9e1dbb579cd41488a6977d6fb4d89d96ac79c139c4e75.mp4,-6.224322319030762,0.9980232496745884,6.224322319030762,0.014282637855735424,0,0,1,gen3
/workspace/data/genbuster-mini/extracted/GenBuster-200K-mini/benchmark/fake/gen3/844291787c8ed32700e1b2918dee3fea212610cb498065fad04cdf09521fabd4.mp4,-7.446040630340576,0.9994165922398679,7.446040630340576,0.0049276558872365555,0,0,1,gen3
/workspace/data/genbuster-mini/extracted/GenBuster-200K-mini/benchmark/fake/gen3/80d2ea29075e6543c6085972c8c75730927fc09b32c7b4ceae8545ddd8aceeaf.mp4,-7.446040630340576,0.9994165922398679,7.446040630340576,0.0049276558872365555,0,0,1,gen3
/workspace/data/genbuster-mini/extracted/GenBuster-200K-mini/benchmark/fake/gen3/7d2b5d5e5c8f3c87b2dd8c548669d8b33c31659c234e291c8e68a557b2a2cad3.mp4,-7.446040630340576,0.9994165922398679,7.446040630340576,0.0049276558872365555,0,0,1,gen3
/workspace/data/genbuster-mini/extracted/GenBuster-200K-mini/benchmark/fake/gen3/7c6fb3654c579a96dbe393504db32e52ca6d0e3e4202d6518bdaa536fd6e04b3.mp4,-7.446040630340576,0.9994165922398679,7.446040630340576,0.0049276558872365555,0,0,1,gen3
/workspace/data/genbuster-mini/extracted/GenBuster-200K-mini/benchmark/fake/gen3/7be049f0021b7e73921792d0b56f225cff70b4abf5f3669226de0e344005c60d.mp4,-7.446040630340576,0.9994165922398679,7.446040630340576,0.0049276558872365555,0,0,1,gen3
/workspace/data/genbuster-mini/extracted/GenBuster-200K-mini/benchmark/fake/gen3/788554ff21dea8ac2e41011f27d4777eda062e79137f535cf0aa76ac9efb502c.mp4,-7.446040630340576,0.9994165922398679,7.446040630340576,0.0049276558872365555,0,0,1,gen3
/workspace/data/genbuster-mini/extracted/GenBuster-200K-mini/benchmark/fake/gen3/760b485163234a499691d32bce3cf673494c58e7c373fb324cb6cd53e803788b.mp4,-7.446040630340576,0.9994165922398679,7.446040630340576,0.0049276558872365555,0,0,1,gen3
/workspace/data/genbuster-mini/extracted/GenBuster-200K-mini/benchmark/fake/gen3/756687a6ce1711e756a29ef0274c997a68e86b531fdea11a11b5ad093adad4d3.mp4,-7.446040630340576,0.9994165922398679,7.446040630340576,0.0049276558872365555,0,0,1,gen3
/workspace/data/genbuster-mini/extracted/GenBuster-200K-mini/benchmark/fake/gen3/74f281e0dedc3d1b4acc97788720265f58149d0015767d8cd8be2b4ef258c156.mp4,-7.446040630340576,0.9994165922398679,7.446040630340576,0.0049276558872365555,0,0,1,gen3
/workspace/data/genbuster-mini/extracted/GenBuster-200K-mini/benchmark/fake/gen3/71e85262036b6ab49da3a4fd90f7c590de239ac9302351026baabf30274ab448.mp4,-7.446040630340576,0.9994165922398679,7.446040630340576,0.0049276558872365555,0,0,1,gen3
/workspace/data/genbuster-mini/extracted/GenBuster-200K-mini/benchmark/fake/gen3/6ee3435fb97aa52fbf1bdfe548aec2a06d7d166c49ee811f3de63973cb77543f.mp4,-7.810662269592285,0.9995947747665923,7.810662269592285,0.0035703847729204067,0,0,1,gen3
/workspace/data/genbuster-mini/extracted/GenBuster-200K-mini/benchmark/fake/gen3/6e961c6bc3d29d1330d2ca2b586239fec121dcf9b971394a1cafac3ff49f76f6.mp4,-4.731797695159912,0.9912663316354156,4.731797695159912,0.050097982814997506,0,0,1,gen3
/workspace/data/genbuster-mini/extracted/GenBuster-200K-mini/benchmark/fake/gen3/6c8d22e3fd7da0ac00eca659de165689a495297908cd3b4377038ee48c46a805.mp4,-7.446040630340576,0.9994165922398679,7.446040630340576,0.0049276558872365555,0,0,1,gen3
/workspace/data/genbuster-mini/extracted/GenBuster-200K-mini/benchmark/fake/gen3/6c6b2381f45bafb6b74f2591b36363c1bbc58e9df7967bab34965a016e3abf36.mp4,-7.446040630340576,0.9994165922398679,7.446040630340576,0.0049276558872365555,0,0,1,gen3
/workspace/data/genbuster-mini/extracted/GenBuster-200K-mini/benchmark/fake/gen3/641b442493431b543413ea682ffc37f56c47e33ba9a5a5f536c7ba503cbfb9a4.mp4,-7.446040630340576,0.9994165922398679,7.446040630340576,0.0049276558872365555,0,0,1,gen3
/workspace/data/genbuster-mini/extracted/GenBuster-200K-mini/benchmark/fake/gen3/635b5d1b83389da71b877e8a40c9ea7a3ec690f2d1c33aa4755b88ea788e2dc3.mp4,-7.446040630340576,0.9994165922398679,7.446040630340576,0.0049276558872365555,0,0,1,gen3
/workspace/data/genbuster-mini/extracted/GenBuster-200K-mini/benchmark/fake/gen3/5e33163606c9c95d4861b3e1d5a842ffec20db04119aedcadc11bce0df0ca0d3.mp4,-7.446040630340576,0.9994165922398679,7.446040630340576,0.0049276558872365555,0,0,1,gen3
/workspace/data/genbuster-mini/extracted/GenBuster-200K-mini/benchmark/fake/gen3/5dcab1c49845c88144a16d6766c7624eee072042252c7f7b87dd6ed79d42801e.mp4,-7.378953456878662,0.9993761355872266,7.378953456878662,0.005227525550709164,0,0,1,gen3
/workspace/data/genbuster-mini/extracted/GenBuster-200K-mini/benchmark/fake/gen3/5c1170fe1b67a72a65daf3e08054edc987221106107c10550bff1e2a21dc0756.mp4,-7.446040630340576,0.9994165922398679,7.446040630340576,0.0049276558872365555,0,0,1,gen3
/workspace/data/genbuster-mini/extracted/GenBuster-200K-mini/benchmark/fake/gen3/5bde6adf54375d0a20efadd59c1c8bb17d5f433c64e04012701d54cad92ba94e.mp4,-7.446040630340576,0.9994165922398679,7.446040630340576,0.0049276558872365555,0,0,1,gen3
/workspace/data/genbuster-mini/extracted/GenBuster-200K-mini/benchmark/fake/gen3/5ad8df45f2d0e21c11db4fb0f904de98f8053f8a594f0eedfaa48f0a91733ca0.mp4,-7.446040630340576,0.9994165922398679,7.446040630340576,0.0049276558872365555,0,0,1,gen3
/workspace/data/genbuster-mini/extracted/GenBuster-200K-mini/benchmark/fake/gen3/5423a62b7c97adbea2e72cb679aeaf4eeac46e3b1d7d57a170a676fd5dc6040d.mp4,-7.446040630340576,0.9994165922398679,7.446040630340576,0.0049276558872365555,0,0,1,gen3
/workspace/data/genbuster-mini/extracted/GenBuster-200K-mini/benchmark/fake/gen3/53bdd09d28266a9854b7fc9758372dfad3901055e3de96661eb385e5422a4149.mp4,-4.64216423034668,0.9904551627114415,4.64216423034668,0.05389938303101023,0,0,1,gen3
/workspace/data/genbuster-mini/extracted/GenBuster-200K-mini/benchmark/fake/gen3/51b3222ac9c605dbeea963b0e8866bd8df4269a8d443a9ca2c0b32fb7a652bbe.mp4,-7.476036548614502,0.9994338224641979,7.476036548614502,0.004799101809310483,0,0,1,gen3
/workspace/data/genbuster-mini/extracted/GenBuster-200K-mini/benchmark/fake/gen3/4f2468a71ab74b8d4c2a403e88414964d6578094f801ca43bc7a4dfab8203baa.mp4,-7.446040630340576,0.9994165922398679,7.446040630340576,0.0049276558872365555,0,0,1,gen3
/workspace/data/genbuster-mini/extracted/GenBuster-200K-mini/benchmark/fake/gen3/4dfd82fa541c842ed624ba1795afdaa8801c59f0976c95fefa07b99073a985ec.mp4,-7.446040630340576,0.9994165922398679,7.446040630340576,0.0049276558872365555,0,0,1,gen3
/workspace/data/genbuster-mini/extracted/GenBuster-200K-mini/benchmark/fake/gen3/4d528713b34777e06f2c4d10f38aec434cf54b04e35ce649ef0225408fb1361d.mp4,-7.446040630340576,0.9994165922398679,7.446040630340576,0.0049276558872365555,0,0,1,gen3
/workspace/data/genbuster-mini/extracted/GenBuster-200K-mini/benchmark/fake/gen3/4cf9716f4ebe084fc4b4d9247f3c2a57636eb4b7dd7803fa471758de98854931.mp4,-7.446040630340576,0.9994165922398679,7.446040630340576,0.0049276558872365555,0,0,1,gen3
/workspace/data/genbuster-mini/extracted/GenBuster-200K-mini/benchmark/fake/gen3/49dd1a92f982f7f4421d2839e5d0d5089c1dade0860eccd9c7c4ac8380ae78dc.mp4,-7.446040630340576,0.9994165922398679,7.446040630340576,0.0049276558872365555,0,0,1,gen3
/workspace/data/genbuster-mini/extracted/GenBuster-200K-mini/benchmark/fake/gen3/480e6febf1d3816c601ca92180aeb6e47c0fb767a04a261bb6ea237061e32f51.mp4,-7.446040630340576,0.9994165922398679,7.446040630340576,0.0049276558872365555,0,0,1,gen3
/workspace/data/genbuster-mini/extracted/GenBuster-200K-mini/benchmark/fake/gen3/474b38a57dbbd73f367df3b54b6d1a9e09969f9238cc0ccf8c96536b781e9790.mp4,-7.446040630340576,0.9994165922398679,7.446040630340576,0.0049276558872365555,0,0,1,gen3
/workspace/data/genbuster-mini/extracted/GenBuster-200K-mini/benchmark/fake/gen3/466af592f2d0515a37efb263ac35b1ed4a19997c41e09a0b969279fb9d572f37.mp4,-7.446040630340576,0.9994165922398679,7.446040630340576,0.0049276558872365555,0,0,1,gen3
/workspace/data/genbuster-mini/extracted/GenBuster-200K-mini/benchmark/fake/gen3/453b617bc759a97f70e21c260018ec9eb4e1e08b82451cb3e173b45c492725af.mp4,-7.446040630340576,0.9994165922398679,7.446040630340576,0.0049276558872365555,0,0,1,gen3
/workspace/data/genbuster-mini/extracted/GenBuster-200K-mini/benchmark/fake/gen3/4468bed6b3eef3d52e60fdb68943f435eae6da67bf01b281bf1cca8e6af95a9c.mp4,-7.446040630340576,0.9994165922398679,7.446040630340576,0.0049276558872365555,0,0,1,gen3
/workspace/data/genbuster-mini/extracted/GenBuster-200K-mini/benchmark/fake/gen3/38f7a9037c866438679da07dadc1a4e4102fce66dd7b62742e48cf68558559ae.mp4,-7.446040630340576,0.9994165922398679,7.446040630340576,0.0049276558872365555,0,0,1,gen3
/workspace/data/genbuster-mini/extracted/GenBuster-200K-mini/benchmark/fake/gen3/3488c9fbc0807a3547b310cf77b05b6c2c440200da68b06fd56606df29a5ddc6.mp4,-7.446040630340576,0.9994165922398679,7.446040630340576,0.0049276558872365555,0,0,1,gen3
/workspace/data/genbuster-mini/extracted/GenBuster-200K-mini/benchmark/fake/gen3/344fb9e56c4fb146164102f69ba14d6ea6bf25016eb53b9f8d0d1664837b1562.mp4,-7.446040630340576,0.9994165922398679,7.446040630340576,0.0049276558872365555,0,0,1,gen3
/workspace/data/genbuster-mini/extracted/GenBuster-200K-mini/benchmark/fake/gen3/2f9ccc650fd75b7f8231145af6410abc722d5a855b8f284f0404b5b16bef07ff.mp4,-4.655569076538086,0.9905810598284006,4.655569076538086,0.0533141059712613,0,0,1,gen3
/workspace/data/genbuster-mini/extracted/GenBuster-200K-mini/benchmark/fake/gen3/2d3b867e8a9c6ac7fd472933a87fcde0199fab0cbcc554f3f27f265cbcabb788.mp4,-7.446040630340576,0.9994165922398679,7.446040630340576,0.0049276558872365555,0,0,1,gen3
/workspace/data/genbuster-mini/extracted/GenBuster-200K-mini/benchmark/fake/gen3/2b509f1f5e3d98a8b0fdeb0b383b7b928f03eaebd8d779abdb7da211ad35f248.mp4,-7.446040630340576,0.9994165922398679,7.446040630340576,0.0049276558872365555,0,0,1,gen3
/workspace/data/genbuster-mini/extracted/GenBuster-200K-mini/benchmark/fake/gen3/28c5b2e67564e93ee338b4fd9e20d2bbedcab5a60f14cd958e0c0061a6806acb.mp4,-7.446040630340576,0.9994165922398679,7.446040630340576,0.0049276558872365555,0,0,1,gen3
/workspace/data/genbuster-mini/extracted/GenBuster-200K-mini/benchmark/fake/gen3/24f736971716590e23cab0aed8e4acb51ab00da68b999255f6765b3670e3c574.mp4,-7.446040630340576,0.9994165922398679,7.446040630340576,0.0049276558872365555,0,0,1,gen3
/workspace/data/genbuster-mini/extracted/GenBuster-200K-mini/benchmark/fake/gen3/23c2174451d3c888e140eff1db6caaf94aa1b1075de59f55fed1a33f61cdca52.mp4,-7.446040630340576,0.9994165922398679,7.446040630340576,0.0049276558872365555,0,0,1,gen3
/workspace/data/genbuster-mini/extracted/GenBuster-200K-mini/benchmark/fake/gen3/231b2d9af67d8e2ce32271f7ccbeb17f6e807d18a303854a9c384003fed32656.mp4,-7.446040630340576,0.9994165922398679,7.446040630340576,0.0049276558872365555,0,0,1,gen3
/workspace/data/genbuster-mini/extracted/GenBuster-200K-mini/benchmark/fake/gen3/2168b844eb7ae0b802d502d0790ea974e9a4abae7f63f48a27de0d8575af1f9e.mp4,-7.446040630340576,0.9994165922398679,7.446040630340576,0.0049276558872365555,0,0,1,gen3
/workspace/data/genbuster-mini/extracted/GenBuster-200K-mini/benchmark/fake/gen3/1fb56da853a8b8136991e83decd017a9968cea3f5f2182f7dc53068079ad6e4c.mp4,-7.446040630340576,0.9994165922398679,7.446040630340576,0.0049276558872365555,0,0,1,gen3
/workspace/data/genbuster-mini/extracted/GenBuster-200K-mini/benchmark/fake/gen3/1f640b438d9347f58470d86883a5929f42b340cbebc2bbab2cfba882117f3395.mp4,-7.446040630340576,0.9994165922398679,7.446040630340576,0.0049276558872365555,0,0,1,gen3
/workspace/data/genbuster-mini/extracted/GenBuster-200K-mini/benchmark/fake/gen3/1c954baf3deb088b99ad39b8a99f9b662d35fbc8b83437be93b0cabb0181ae74.mp4,-7.446040630340576,0.9994165922398679,7.446040630340576,0.0049276558872365555,0,0,1,gen3
/workspace/data/genbuster-mini/extracted/GenBuster-200K-mini/benchmark/fake/gen3/1c34df0cfd248c072a36edb3f14cc91a1b63f8afc6d0ed0e169864761ee8118e.mp4,-7.446040630340576,0.9994165922398679,7.446040630340576,0.0049276558872365555,0,0,1,gen3
/workspace/data/genbuster-mini/extracted/GenBuster-200K-mini/benchmark/fake/gen3/189fa1be438d2224f6b144f6e35e0d1c2f5146c451500402b8e2c16fca31c9c9.mp4,-7.446040630340576,0.9994165922398679,7.446040630340576,0.0049276558872365555,0,0,1,gen3
/workspace/data/genbuster-mini/extracted/GenBuster-200K-mini/benchmark/fake/gen3/16f109c1596357765cee08ccaea5028d402894fe7103955e6d48b5af5244aa27.mp4,-7.446040630340576,0.9994165922398679,7.446040630340576,0.0049276558872365555,0,0,1,gen3
/workspace/data/genbuster-mini/extracted/GenBuster-200K-mini/benchmark/fake/gen3/1455b2af497fcd78bd683011231193339b80da765be70782e9c1e1aa808cb7bf.mp4,-7.070859432220459,0.9991512183332816,7.070859432220459,0.006850757934156777,0,0,1,gen3
/workspace/data/genbuster-mini/extracted/GenBuster-200K-mini/benchmark/fake/gen3/13d91beebbd95cc415ad68d7ccc6a429290e6c7a51bc6681dfe9c1f331eddbe3.mp4,-7.446040630340576,0.9994165922398679,7.446040630340576,0.0049276558872365555,0,0,1,gen3
/workspace/data/genbuster-mini/extracted/GenBuster-200K-mini/benchmark/fake/gen3/12e4bd9e2c1c1ecbbde18812b9e8a0e02e46e93f3063693b0eb64a273e0ec84f.mp4,-7.446040630340576,0.9994165922398679,7.446040630340576,0.0049276558872365555,0,0,1,gen3
/workspace/data/genbuster-mini/extracted/GenBuster-200K-mini/benchmark/fake/gen3/129c605a59571ebfb01ab1c70b4566376e72b742413e039dcb1ccce38663a4e6.mp4,-7.446040630340576,0.9994165922398679,7.446040630340576,0.0049276558872365555,0,0,1,gen3
/workspace/data/genbuster-mini/extracted/GenBuster-200K-mini/benchmark/fake/gen3/0cd5fac50e44d761fbbd42f0a7cb0fe59847e7440ceb34689e351555894659fb.mp4,-7.446040630340576,0.9994165922398679,7.446040630340576,0.0049276558872365555,0,0,1,gen3
/workspace/data/genbuster-mini/extracted/GenBuster-200K-mini/benchmark/fake/gen3/0c2303dfd6e69463c559c1a4df334858c39c280575a4861160d13b1b573becb4.mp4,-7.446040630340576,0.9994165922398679,7.446040630340576,0.0049276558872365555,0,0,1,gen3
/workspace/data/genbuster-mini/extracted/GenBuster-200K-mini/benchmark/fake/gen3/09734fd48914d32da4b49d2be4b4b1416eceb5af9d44df9116e96a710bbf7b66.mp4,-7.446040630340576,0.9994165922398679,7.446040630340576,0.0049276558872365555,0,0,1,gen3
/workspace/data/genbuster-mini/extracted/GenBuster-200K-mini/benchmark/fake/gen3/0343654a620b2ec8aa67462dabe530d773f8b859f13bfcfd0e5c09a0a89e5cf1.mp4,-7.446040630340576,0.9994165922398679,7.446040630340576,0.0049276558872365555,0,0,1,gen3
/workspace/data/genbuster-mini/extracted/GenBuster-200K-mini/benchmark/fake/gen3/030e4443824d06e0ac4da697fa66b9a677a32fe4a88aa48f85476a52e9fe92ba.mp4,-7.446040630340576,0.9994165922398679,7.446040630340576,0.0049276558872365555,0,0,1,gen3
/workspace/data/genbuster-mini/extracted/GenBuster-200K-mini/benchmark/fake/gen3/01bbc183c0809966ec1c056783f8499e59e8bc0e190209bb310c01690c1ea70c.mp4,-7.446040630340576,0.9994165922398679,7.446040630340576,0.0049276558872365555,0,0,1,gen3
