y_qwen72b,p_fake_qwen72b,raw,latency_qwen72b_ms,path,y_true
0,0.0209642408181275,REAL,1226.9951477646828,/workspace/benchmarks_ai_research/data/genimage/biggan/imagenet_ai_0419_biggan/val/nature/ILSVRC2012_val_00009574.JPEG,0
0,0.04336579876390677,REAL,340.44251404702663,/workspace/benchmarks_ai_research/data/genimage/biggan/imagenet_ai_0419_biggan/val/nature/ILSVRC2012_val_00020924.JPEG,0
0,0.06656918897050168,REAL,327.2714093327522,/workspace/benchmarks_ai_research/data/genimage/biggan/imagenet_ai_0419_biggan/val/nature/ILSVRC2012_val_00014392.JPEG,0
0,0.001648482941851288,REAL,326.1558413505554,/workspace/benchmarks_ai_research/data/genimage/biggan/imagenet_ai_0419_biggan/val/nature/ILSVRC2012_val_00014074.JPEG,0
0,0.012241275291807161,REAL,376.51916965842247,/workspace/benchmarks_ai_research/data/genimage/biggan/imagenet_ai_0419_biggan/val/nature/ILSVRC2012_val_00046152.JPEG,0
0,0.011331753531361453,REAL,332.6686881482601,/workspace/benchmarks_ai_research/data/genimage/biggan/imagenet_ai_0419_biggan/val/nature/ILSVRC2012_val_00009115.JPEG,0
0,0.013848610215564576,REAL,323.27417470514774,/workspace/benchmarks_ai_research/data/genimage/biggan/imagenet_ai_0419_biggan/val/nature/ILSVRC2012_val_00034211.JPEG,0
0,0.026759283185443145,REAL,290.19343107938766,/workspace/benchmarks_ai_research/data/genimage/biggan/imagenet_ai_0419_biggan/val/nature/ILSVRC2012_val_00006239.JPEG,0
0,0.12765262532179067,REAL,322.98913411796093,/workspace/benchmarks_ai_research/data/genimage/biggan/imagenet_ai_0419_biggan/val/nature/ILSVRC2012_val_00007056.JPEG,0
0,0.03461883883917583,REAL,328.4057080745697,/workspace/benchmarks_ai_research/data/genimage/biggan/imagenet_ai_0419_biggan/val/nature/ILSVRC2012_val_00001702.JPEG,0
0,0.010818448652863185,REAL,328.65323685109615,/workspace/benchmarks_ai_research/data/genimage/biggan/imagenet_ai_0419_biggan/val/nature/ILSVRC2012_val_00027826.JPEG,0
0,0.0035380860570885376,REAL,390.7426502555609,/workspace/benchmarks_ai_research/data/genimage/biggan/imagenet_ai_0419_biggan/val/nature/ILSVRC2012_val_00015182.JPEG,0
0,0.0016229670614688403,REAL,374.6010549366474,/workspace/benchmarks_ai_research/data/genimage/biggan/imagenet_ai_0419_biggan/val/nature/ILSVRC2012_val_00034843.JPEG,0
0,0.008315778477474129,REAL,324.96574707329273,/workspace/benchmarks_ai_research/data/genimage/biggan/imagenet_ai_0419_biggan/val/nature/ILSVRC2012_val_00040064.JPEG,0
0,0.010818448652863185,REAL,323.74120876193047,/workspace/benchmarks_ai_research/data/genimage/biggan/imagenet_ai_0419_biggan/val/nature/ILSVRC2012_val_00006866.JPEG,0
0,0.12765262532179067,REAL,332.05691911280155,/workspace/benchmarks_ai_research/data/genimage/biggan/imagenet_ai_0419_biggan/val/nature/ILSVRC2012_val_00019309.JPEG,0
0,0.010652510839726162,REAL,332.9405263066292,/workspace/benchmarks_ai_research/data/genimage/biggan/imagenet_ai_0419_biggan/val/nature/ILSVRC2012_val_00044792.JPEG,0
0,0.004755199909833047,REAL,327.9907386749983,/workspace/benchmarks_ai_research/data/genimage/biggan/imagenet_ai_0419_biggan/val/nature/ILSVRC2012_val_00049618.JPEG,0
0,0.0004802972318863163,REAL,331.4516134560108,/workspace/benchmarks_ai_research/data/genimage/biggan/imagenet_ai_0419_biggan/val/nature/ILSVRC2012_val_00002491.JPEG,0
0,0.010169657753872614,REAL,325.090816244483,/workspace/benchmarks_ai_research/data/genimage/biggan/imagenet_ai_0419_biggan/val/nature/ILSVRC2012_val_00015714.JPEG,0
0,0.08269734267503885,REAL,331.3402719795704,/workspace/benchmarks_ai_research/data/genimage/biggan/imagenet_ai_0419_biggan/val/nature/ILSVRC2012_val_00021524.JPEG,0
0,0.016403032516163058,REAL,371.31757475435734,/workspace/benchmarks_ai_research/data/genimage/biggan/imagenet_ai_0419_biggan/val/nature/ILSVRC2012_val_00033306.JPEG,0
0,0.03161876726864548,REAL,328.58528196811676,/workspace/benchmarks_ai_research/data/genimage/biggan/imagenet_ai_0419_biggan/val/nature/ILSVRC2012_val_00007917.JPEG,0
0,0.03021458706739398,REAL,301.1380825191736,/workspace/benchmarks_ai_research/data/genimage/biggan/imagenet_ai_0419_biggan/val/nature/ILSVRC2012_val_00012852.JPEG,0
0,0.06853749303199023,REAL,326.4050353318453,/workspace/benchmarks_ai_research/data/genimage/biggan/imagenet_ai_0419_biggan/val/nature/ILSVRC2012_val_00039887.JPEG,0
0,0.010489091259938018,REAL,385.8287036418915,/workspace/benchmarks_ai_research/data/genimage/biggan/imagenet_ai_0419_biggan/val/nature/ILSVRC2012_val_00042979.JPEG,0
0,0.004007288945911384,REAL,278.9310812950134,/workspace/benchmarks_ai_research/data/genimage/biggan/imagenet_ai_0419_biggan/val/nature/ILSVRC2012_val_00028413.JPEG,0
0,0.004982269730421259,REAL,1747.608596459031,/workspace/benchmarks_ai_research/data/genimage/biggan/imagenet_ai_0419_biggan/val/nature/ILSVRC2012_val_00022022.JPEG,0
0,0.11757213354550883,REAL,327.20876671373844,/workspace/benchmarks_ai_research/data/genimage/biggan/imagenet_ai_0419_biggan/val/nature/ILSVRC2012_val_00007124.JPEG,0
0,0.005220125693558397,REAL,300.3647141158581,/workspace/benchmarks_ai_research/data/genimage/biggan/imagenet_ai_0419_biggan/val/nature/ILSVRC2012_val_00038464.JPEG,0
0,0.026759283185443145,REAL,328.88743840157986,/workspace/benchmarks_ai_research/data/genimage/biggan/imagenet_ai_0419_biggan/val/nature/ILSVRC2012_val_00036066.JPEG,0
0,0.08509904500702024,REAL,327.93503627181053,/workspace/benchmarks_ai_research/data/genimage/biggan/imagenet_ai_0419_biggan/val/nature/ILSVRC2012_val_00023395.JPEG,0
0,0.003222484324002434,REAL,325.17208345234394,/workspace/benchmarks_ai_research/data/genimage/biggan/imagenet_ai_0419_biggan/val/nature/ILSVRC2012_val_00017591.JPEG,0
0,0.0026730060327886528,REAL,323.5148563981056,/workspace/benchmarks_ai_research/data/genimage/biggan/imagenet_ai_0419_biggan/val/nature/ILSVRC2012_val_00002424.JPEG,0
0,0.039638839100970026,REAL,326.22774317860603,/workspace/benchmarks_ai_research/data/genimage/biggan/imagenet_ai_0419_biggan/val/nature/ILSVRC2012_val_00034292.JPEG,0
0,0.0018969200744787132,REAL,327.85139605402946,/workspace/benchmarks_ai_research/data/genimage/biggan/imagenet_ai_0419_biggan/val/nature/ILSVRC2012_val_00009565.JPEG,0
0,0.0010322310367548194,REAL,367.68218874931335,/workspace/benchmarks_ai_research/data/genimage/biggan/imagenet_ai_0419_biggan/val/nature/ILSVRC2012_val_00045549.JPEG,0
0,0.05261895334771377,REAL,391.21706597507,/workspace/benchmarks_ai_research/data/genimage/biggan/imagenet_ai_0419_biggan/val/nature/ILSVRC2012_val_00037099.JPEG,0
0,0.036769466075598736,REAL,326.15368627011776,/workspace/benchmarks_ai_research/data/genimage/biggan/imagenet_ai_0419_biggan/val/nature/ILSVRC2012_val_00036799.JPEG,0
0,0.007695647178392188,REAL,389.46949876844883,/workspace/benchmarks_ai_research/data/genimage/biggan/imagenet_ai_0419_biggan/val/nature/ILSVRC2012_val_00048802.JPEG,0
0,0.011158031248084033,REAL,334.7567543387413,/workspace/benchmarks_ai_research/data/genimage/biggan/imagenet_ai_0419_biggan/val/nature/ILSVRC2012_val_00022722.JPEG,0
0,0.021615332762647654,REAL,283.38243439793587,/workspace/benchmarks_ai_research/data/genimage/biggan/imagenet_ai_0419_biggan/val/nature/ILSVRC2012_val_00029624.JPEG,0
0,0.007232763803479049,REAL,323.7940203398466,/workspace/benchmarks_ai_research/data/genimage/biggan/imagenet_ai_0419_biggan/val/nature/ILSVRC2012_val_00043609.JPEG,0
0,0.006692850924284856,REAL,384.1892294585705,/workspace/benchmarks_ai_research/data/genimage/biggan/imagenet_ai_0419_biggan/val/nature/ILSVRC2012_val_00017648.JPEG,0
0,0.014728613849722676,REAL,844.7975236922503,/workspace/benchmarks_ai_research/data/genimage/biggan/imagenet_ai_0419_biggan/val/nature/ILSVRC2012_val_00028501.JPEG,0
0,0.09138210306717136,REAL,335.7028476893902,/workspace/benchmarks_ai_research/data/genimage/biggan/imagenet_ai_0419_biggan/val/nature/ILSVRC2012_val_00024384.JPEG,0
0,0.14608724704829565,REAL,329.9348093569279,/workspace/benchmarks_ai_research/data/genimage/biggan/imagenet_ai_0419_biggan/val/nature/ILSVRC2012_val_00042770.JPEG,0
0,0.010818448652863185,REAL,327.19316333532333,/workspace/benchmarks_ai_research/data/genimage/biggan/imagenet_ai_0419_biggan/val/nature/ILSVRC2012_val_00020412.JPEG,0
0,0.002511463513809854,REAL,327.14670710265636,/workspace/benchmarks_ai_research/data/genimage/biggan/imagenet_ai_0419_biggan/val/nature/ILSVRC2012_val_00036418.JPEG,0
0,0.006797531550373378,REAL,295.0744740664959,/workspace/benchmarks_ai_research/data/genimage/biggan/imagenet_ai_0419_biggan/val/nature/ILSVRC2012_val_00028811.JPEG,0
0,0.001648482941851288,REAL,402.3225549608469,/workspace/benchmarks_ai_research/data/genimage/biggan/imagenet_ai_0419_biggan/val/nature/ILSVRC2012_val_00014192.JPEG,0
0,0.0026730060327886528,REAL,329.80973459780216,/workspace/benchmarks_ai_research/data/genimage/biggan/imagenet_ai_0419_biggan/val/nature/ILSVRC2012_val_00015394.JPEG,0
0,0.008577485413711986,REAL,325.0831551849842,/workspace/benchmarks_ai_research/data/genimage/biggan/imagenet_ai_0419_biggan/val/nature/ILSVRC2012_val_00036914.JPEG,0
0,0.1347759174229568,REAL,368.6393816024065,/workspace/benchmarks_ai_research/data/genimage/biggan/imagenet_ai_0419_biggan/val/nature/ILSVRC2012_val_00029044.JPEG,0
0,0.007815888789288626,REAL,328.32268811762333,/workspace/benchmarks_ai_research/data/genimage/biggan/imagenet_ai_0419_biggan/val/nature/ILSVRC2012_val_00008072.JPEG,0
0,0.09138210306717136,REAL,327.7876842767,/workspace/benchmarks_ai_research/data/genimage/biggan/imagenet_ai_0419_biggan/val/nature/ILSVRC2012_val_00033504.JPEG,0
0,0.037892426629607394,REAL,325.1337520778179,/workspace/benchmarks_ai_research/data/genimage/biggan/imagenet_ai_0419_biggan/val/nature/ILSVRC2012_val_00046586.JPEG,0
0,0.09009299396195182,REAL,326.18424482643604,/workspace/benchmarks_ai_research/data/genimage/biggan/imagenet_ai_0419_biggan/val/nature/ILSVRC2012_val_00003138.JPEG,0
0,0.0034834241930806675,REAL,325.3656066954136,/workspace/benchmarks_ai_research/data/genimage/biggan/imagenet_ai_0419_biggan/val/nature/ILSVRC2012_val_00021981.JPEG,0
0,0.005469274598698993,REAL,326.9533421844244,/workspace/benchmarks_ai_research/data/genimage/biggan/imagenet_ai_0419_biggan/val/nature/ILSVRC2012_val_00001910.JPEG,0
0,0.011508149064303403,REAL,331.12853579223156,/workspace/benchmarks_ai_research/data/genimage/biggan/imagenet_ai_0419_biggan/val/nature/ILSVRC2012_val_00027144.JPEG,0
0,0.0030278350245683794,REAL,296.0478961467743,/workspace/benchmarks_ai_research/data/genimage/biggan/imagenet_ai_0419_biggan/val/nature/ILSVRC2012_val_00034231.JPEG,0
0,0.003649987031209837,REAL,325.3602683544159,/workspace/benchmarks_ai_research/data/genimage/biggan/imagenet_ai_0419_biggan/val/nature/ILSVRC2012_val_00031037.JPEG,0
0,0.011331753531361453,REAL,329.23018373548985,/workspace/benchmarks_ai_research/data/genimage/biggan/imagenet_ai_0419_biggan/val/nature/ILSVRC2012_val_00049074.JPEG,0
0,0.006097562192575309,REAL,327.2106200456619,/workspace/benchmarks_ai_research/data/genimage/biggan/imagenet_ai_0419_biggan/val/nature/ILSVRC2012_val_00042277.JPEG,0
0,0.01590639171181471,REAL,330.5224757641554,/workspace/benchmarks_ai_research/data/genimage/biggan/imagenet_ai_0419_biggan/val/nature/ILSVRC2012_val_00030720.JPEG,0
0,0.003222484324002434,REAL,335.17881482839584,/workspace/benchmarks_ai_research/data/genimage/biggan/imagenet_ai_0419_biggan/val/nature/ILSVRC2012_val_00035143.JPEG,0
0,0.02297736991002561,REAL,326.3892065733671,/workspace/benchmarks_ai_research/data/genimage/biggan/imagenet_ai_0419_biggan/val/nature/ILSVRC2012_val_00027753.JPEG,0
0,0.02843603304485266,REAL,286.1028742045164,/workspace/benchmarks_ai_research/data/genimage/biggan/imagenet_ai_0419_biggan/val/nature/ILSVRC2012_val_00032902.JPEG,0
0,0.03846619201832428,REAL,392.85928942263126,/workspace/benchmarks_ai_research/data/genimage/biggan/imagenet_ai_0419_biggan/val/nature/ILSVRC2012_val_00007175.JPEG,0
0,0.08151975597471893,REAL,332.5537368655205,/workspace/benchmarks_ai_research/data/genimage/biggan/imagenet_ai_0419_biggan/val/nature/ILSVRC2012_val_00026210.JPEG,0
0,0.01691491326672651,REAL,326.37784257531166,/workspace/benchmarks_ai_research/data/genimage/biggan/imagenet_ai_0419_biggan/val/nature/ILSVRC2012_val_00041443.JPEG,0
0,0.0037072528743862213,REAL,328.8412317633629,/workspace/benchmarks_ai_research/data/genimage/biggan/imagenet_ai_0419_biggan/val/nature/ILSVRC2012_val_00049157.JPEG,0
0,0.020023441289455244,REAL,326.3692110776901,/workspace/benchmarks_ai_research/data/genimage/biggan/imagenet_ai_0419_biggan/val/nature/ILSVRC2012_val_00026589.JPEG,0
0,0.023689471299374428,REAL,326.6587592661381,/workspace/benchmarks_ai_research/data/genimage/biggan/imagenet_ai_0419_biggan/val/nature/ILSVRC2012_val_00013037.JPEG,0
0,0.010818448652863185,REAL,333.03629234433174,/workspace/benchmarks_ai_research/data/genimage/biggan/imagenet_ai_0419_biggan/val/nature/ILSVRC2012_val_00023735.JPEG,0
0,0.0032730649706716308,REAL,326.657310128212,/workspace/benchmarks_ai_research/data/genimage/biggan/imagenet_ai_0419_biggan/val/nature/ILSVRC2012_val_00035647.JPEG,0
0,0.1645164628965632,REAL,263.97152058780193,/workspace/benchmarks_ai_research/data/genimage/biggan/imagenet_ai_0419_biggan/val/nature/ILSVRC2012_val_00017993.JPEG,0
0,0.07159119944455247,REAL,347.8000368922949,/workspace/benchmarks_ai_research/data/genimage/biggan/imagenet_ai_0419_biggan/val/nature/ILSVRC2012_val_00020310.JPEG,0
0,0.027169231535681047,REAL,326.18527114391327,/workspace/benchmarks_ai_research/data/genimage/biggan/imagenet_ai_0419_biggan/val/nature/ILSVRC2012_val_00042175.JPEG,0
0,0.00530189486940215,REAL,541.8799985200167,/workspace/benchmarks_ai_research/data/genimage/biggan/imagenet_ai_0419_biggan/val/nature/ILSVRC2012_val_00003037.JPEG,0
0,0.011869121046339474,REAL,386.0015757381916,/workspace/benchmarks_ai_research/data/genimage/biggan/imagenet_ai_0419_biggan/val/nature/ILSVRC2012_val_00008363.JPEG,0
0,0.019124036750888904,REAL,378.3229663968086,/workspace/benchmarks_ai_research/data/genimage/biggan/imagenet_ai_0419_biggan/val/nature/ILSVRC2012_val_00028459.JPEG,0
0,0.025178841700601855,REAL,727.2711433470249,/workspace/benchmarks_ai_research/data/genimage/biggan/imagenet_ai_0419_biggan/val/nature/ILSVRC2012_val_00028976.JPEG,0
0,0.0044683842664911206,REAL,326.66328363120556,/workspace/benchmarks_ai_research/data/genimage/biggan/imagenet_ai_0419_biggan/val/nature/ILSVRC2012_val_00017794.JPEG,0
0,0.037892426629607394,REAL,332.0834022015333,/workspace/benchmarks_ai_research/data/genimage/biggan/imagenet_ai_0419_biggan/val/nature/ILSVRC2012_val_00028598.JPEG,0
0,0.0009253848866495988,REAL,327.6500627398491,/workspace/benchmarks_ai_research/data/genimage/biggan/imagenet_ai_0419_biggan/val/nature/ILSVRC2012_val_00046462.JPEG,0
0,0.0026730060327886528,REAL,330.6828122586012,/workspace/benchmarks_ai_research/data/genimage/biggan/imagenet_ai_0419_biggan/val/nature/ILSVRC2012_val_00031316.JPEG,0
0,0.0006070755804415096,REAL,325.0276353210211,/workspace/benchmarks_ai_research/data/genimage/biggan/imagenet_ai_0419_biggan/val/nature/ILSVRC2012_val_00026697.JPEG,0
0,0.0023596606820630445,REAL,400.94285644590855,/workspace/benchmarks_ai_research/data/genimage/biggan/imagenet_ai_0419_biggan/val/nature/ILSVRC2012_val_00015023.JPEG,0
0,0.012624949281564409,REAL,337.6231286674738,/workspace/benchmarks_ai_research/data/genimage/biggan/imagenet_ai_0419_biggan/val/nature/ILSVRC2012_val_00007291.JPEG,0
0,0.010013570623173138,REAL,327.719708904624,/workspace/benchmarks_ai_research/data/genimage/biggan/imagenet_ai_0419_biggan/val/nature/ILSVRC2012_val_00030654.JPEG,0
0,0.0019267346633274755,REAL,324.3154566735029,/workspace/benchmarks_ai_research/data/genimage/biggan/imagenet_ai_0419_biggan/val/nature/ILSVRC2012_val_00015763.JPEG,0
0,0.039638839100970026,REAL,327.26879604160786,/workspace/benchmarks_ai_research/data/genimage/biggan/imagenet_ai_0419_biggan/val/nature/ILSVRC2012_val_00047086.JPEG,0
0,0.0953494648991095,REAL,324.07135143876076,/workspace/benchmarks_ai_research/data/genimage/biggan/imagenet_ai_0419_biggan/val/nature/ILSVRC2012_val_00030839.JPEG,0
0,0.19436781101874467,REAL,393.1883219629526,/workspace/benchmarks_ai_research/data/genimage/biggan/imagenet_ai_0419_biggan/val/nature/ILSVRC2012_val_00024522.JPEG,0
0,0.039638839100970026,REAL,328.17227952182293,/workspace/benchmarks_ai_research/data/genimage/biggan/imagenet_ai_0419_biggan/val/nature/ILSVRC2012_val_00042471.JPEG,0
0,0.008315778477474129,REAL,262.2874155640602,/workspace/benchmarks_ai_research/data/genimage/biggan/imagenet_ai_0419_biggan/val/nature/ILSVRC2012_val_00045440.JPEG,0
0,0.0764864956875301,FAKE,394.2143712192774,/workspace/benchmarks_ai_research/data/genimage/biggan/imagenet_ai_0419_biggan/val/nature/ILSVRC2012_val_00012259.JPEG,0
0,0.030675801710674105,REAL,327.71492935717106,/workspace/benchmarks_ai_research/data/genimage/biggan/imagenet_ai_0419_biggan/val/nature/ILSVRC2012_val_00014113.JPEG,0
0,0.042722197546490565,REAL,395.423486828804,/workspace/benchmarks_ai_research/data/genimage/biggan/imagenet_ai_0419_biggan/val/nature/ILSVRC2012_val_00004662.JPEG,0
1,,ERROR,0.0,/workspace/benchmarks_ai_research/data/genimage/biggan/imagenet_ai_0419_biggan/val/nature/ILSVRC2012_val_00048897.JPEG,0
0,0.032589744766025344,REAL,399.8768851161003,/workspace/benchmarks_ai_research/data/genimage/biggan/imagenet_ai_0419_biggan/val/nature/ILSVRC2012_val_00042109.JPEG,0
0,0.004007288945911384,REAL,326.3671640306711,/workspace/benchmarks_ai_research/data/genimage/biggan/imagenet_ai_0419_biggan/val/nature/ILSVRC2012_val_00018291.JPEG,0
0,0.00024923252458203564,REAL,325.9534239768982,/workspace/benchmarks_ai_research/data/genimage/biggan/imagenet_ai_0419_biggan/val/nature/ILSVRC2012_val_00038172.JPEG,0
0,0.014503579691381979,REAL,331.79176039993763,/workspace/benchmarks_ai_research/data/genimage/biggan/imagenet_ai_0419_biggan/val/nature/ILSVRC2012_val_00017785.JPEG,0
0,0.0037654137846738736,REAL,386.57451048493385,/workspace/benchmarks_ai_research/data/genimage/biggan/imagenet_ai_0419_biggan/val/nature/ILSVRC2012_val_00044637.JPEG,0
0,0.006488269596656705,REAL,325.9918335825205,/workspace/benchmarks_ai_research/data/genimage/biggan/imagenet_ai_0419_biggan/val/nature/ILSVRC2012_val_00002256.JPEG,0
0,0.009708476481474066,REAL,295.7895193248987,/workspace/benchmarks_ai_research/data/genimage/biggan/imagenet_ai_0419_biggan/val/nature/ILSVRC2012_val_00037310.JPEG,0
0,0.07334153224591755,FAKE,392.1727705746889,/workspace/benchmarks_ai_research/data/genimage/biggan/imagenet_ai_0419_biggan/val/nature/ILSVRC2012_val_00015289.JPEG,0
0,0.11757213354550883,REAL,329.4847924262285,/workspace/benchmarks_ai_research/data/genimage/biggan/imagenet_ai_0419_biggan/val/nature/ILSVRC2012_val_00035798.JPEG,0
0,0.007011795381497108,REAL,324.84619319438934,/workspace/benchmarks_ai_research/data/genimage/biggan/imagenet_ai_0419_biggan/val/nature/ILSVRC2012_val_00025731.JPEG,0
0,0.08151975597471893,REAL,325.2742476761341,/workspace/benchmarks_ai_research/data/genimage/biggan/imagenet_ai_0419_biggan/val/nature/ILSVRC2012_val_00015859.JPEG,0
0,0.05184546664977983,REAL,326.01255737245083,/workspace/benchmarks_ai_research/data/genimage/biggan/imagenet_ai_0419_biggan/val/nature/ILSVRC2012_val_00012383.JPEG,0
0,0.08269734267503885,REAL,380.70022873580456,/workspace/benchmarks_ai_research/data/genimage/biggan/imagenet_ai_0419_biggan/val/nature/ILSVRC2012_val_00039517.JPEG,0
1,0.9790357591818724,FAKE,397.35738560557365,/workspace/benchmarks_ai_research/data/genimage/biggan/imagenet_ai_0419_biggan/val/nature/ILSVRC2012_val_00019694.JPEG,0
0,0.29421497216298875,REAL,388.07738944888115,/workspace/benchmarks_ai_research/data/genimage/biggan/imagenet_ai_0419_biggan/val/nature/ILSVRC2012_val_00003067.JPEG,0
0,0.08151975597471893,REAL,324.32425394654274,/workspace/benchmarks_ai_research/data/genimage/biggan/imagenet_ai_0419_biggan/val/nature/ILSVRC2012_val_00030122.JPEG,0
0,0.10818895456207035,REAL,325.8484024554491,/workspace/benchmarks_ai_research/data/genimage/biggan/imagenet_ai_0419_biggan/val/nature/ILSVRC2012_val_00030974.JPEG,0
0,0.0037654137846738736,REAL,327.78400741517544,/workspace/benchmarks_ai_research/data/genimage/biggan/imagenet_ai_0419_biggan/val/nature/ILSVRC2012_val_00032356.JPEG,0
0,0.0012843081201339697,REAL,372.88326025009155,/workspace/benchmarks_ai_research/data/genimage/biggan/imagenet_ai_0419_biggan/val/nature/ILSVRC2012_val_00037275.JPEG,0
0,0.05184546664977983,REAL,389.7196613252163,/workspace/benchmarks_ai_research/data/genimage/biggan/imagenet_ai_0419_biggan/val/nature/ILSVRC2012_val_00005337.JPEG,0
0,0.07036468044385003,FAKE,395.1521907001734,/workspace/benchmarks_ai_research/data/genimage/biggan/imagenet_ai_0419_biggan/val/nature/ILSVRC2012_val_00002241.JPEG,0
0,0.07961829521056524,FAKE,395.32107673585415,/workspace/benchmarks_ai_research/data/genimage/biggan/imagenet_ai_0419_biggan/val/nature/ILSVRC2012_val_00029661.JPEG,0
0,0.0037072528743862213,REAL,326.7387021332979,/workspace/benchmarks_ai_research/data/genimage/biggan/imagenet_ai_0419_biggan/val/nature/ILSVRC2012_val_00023145.JPEG,0
0,0.0028449096649795012,REAL,331.3186764717102,/workspace/benchmarks_ai_research/data/genimage/biggan/imagenet_ai_0419_biggan/val/nature/ILSVRC2012_val_00035452.JPEG,0
0,0.006692850924284856,REAL,327.1458726376295,/workspace/benchmarks_ai_research/data/genimage/biggan/imagenet_ai_0419_biggan/val/nature/ILSVRC2012_val_00045651.JPEG,0
0,0.053403329799824234,REAL,326.1226713657379,/workspace/benchmarks_ai_research/data/genimage/biggan/imagenet_ai_0419_biggan/val/nature/ILSVRC2012_val_00014767.JPEG,0
0,0.005911068856243796,REAL,301.7922770231962,/workspace/benchmarks_ai_research/data/genimage/biggan/imagenet_ai_0419_biggan/val/nature/ILSVRC2012_val_00035799.JPEG,0
0,0.001648482941851288,REAL,327.33360305428505,/workspace/benchmarks_ai_research/data/genimage/biggan/imagenet_ai_0419_biggan/val/nature/ILSVRC2012_val_00048771.JPEG,0
0,0.012431650853185818,REAL,335.9841201454401,/workspace/benchmarks_ai_research/data/genimage/biggan/imagenet_ai_0419_biggan/val/nature/ILSVRC2012_val_00044280.JPEG,0
0,0.23934934732271168,REAL,572.4897775799036,/workspace/benchmarks_ai_research/data/genimage/biggan/imagenet_ai_0419_biggan/val/nature/ILSVRC2012_val_00039869.JPEG,0
0,0.012821214266594244,REAL,328.67487892508507,/workspace/benchmarks_ai_research/data/genimage/biggan/imagenet_ai_0419_biggan/val/nature/ILSVRC2012_val_00015066.JPEG,0
0,0.13117322376181567,REAL,325.68927109241486,/workspace/benchmarks_ai_research/data/genimage/biggan/imagenet_ai_0419_biggan/val/nature/ILSVRC2012_val_00009599.JPEG,0
0,0.005730246514992079,REAL,323.5923033207655,/workspace/benchmarks_ai_research/data/genimage/biggan/imagenet_ai_0419_biggan/val/nature/ILSVRC2012_val_00021759.JPEG,0
0,0.25386100696924885,REAL,284.1531652957201,/workspace/benchmarks_ai_research/data/genimage/biggan/imagenet_ai_0419_biggan/val/nature/ILSVRC2012_val_00021292.JPEG,0
0,0.006903838071221877,REAL,468.71342882514,/workspace/benchmarks_ai_research/data/genimage/biggan/imagenet_ai_0419_biggan/val/nature/ILSVRC2012_val_00006758.JPEG,0
0,0.06371499425196533,REAL,329.5363150537014,/workspace/benchmarks_ai_research/data/genimage/biggan/imagenet_ai_0419_biggan/val/nature/ILSVRC2012_val_00026921.JPEG,0
0,0.0041987952714718675,REAL,325.90159960091114,/workspace/benchmarks_ai_research/data/genimage/biggan/imagenet_ai_0419_biggan/val/nature/ILSVRC2012_val_00031588.JPEG,0
0,0.009268013380914325,REAL,325.0493761152029,/workspace/benchmarks_ai_research/data/genimage/biggan/imagenet_ai_0419_biggan/val/nature/ILSVRC2012_val_00018706.JPEG,0
0,0.0023596606820630445,REAL,329.09999042749405,/workspace/benchmarks_ai_research/data/genimage/biggan/imagenet_ai_0419_biggan/val/nature/ILSVRC2012_val_00039284.JPEG,0
0,0.020332353342658753,REAL,294.5225406438112,/workspace/benchmarks_ai_research/data/genimage/biggan/imagenet_ai_0419_biggan/val/nature/ILSVRC2012_val_00017023.JPEG,0
0,0.05033063259747688,REAL,370.39395049214363,/workspace/benchmarks_ai_research/data/genimage/biggan/imagenet_ai_0419_biggan/val/nature/ILSVRC2012_val_00016434.JPEG,0
0,0.07025524553382607,FAKE,394.00089904665947,/workspace/benchmarks_ai_research/data/genimage/biggan/imagenet_ai_0419_biggan/val/nature/ILSVRC2012_val_00017065.JPEG,0
0,0.0018675659778932805,REAL,383.98936204612255,/workspace/benchmarks_ai_research/data/genimage/biggan/imagenet_ai_0419_biggan/val/nature/ILSVRC2012_val_00045164.JPEG,0
0,0.07807816514495095,REAL,331.47010393440723,/workspace/benchmarks_ai_research/data/genimage/biggan/imagenet_ai_0419_biggan/val/nature/ILSVRC2012_val_00035576.JPEG,0
0,0.053403329799824234,REAL,329.04645614326,/workspace/benchmarks_ai_research/data/genimage/biggan/imagenet_ai_0419_biggan/val/nature/ILSVRC2012_val_00018187.JPEG,0
0,0.029312230751356316,REAL,326.5045490115881,/workspace/benchmarks_ai_research/data/genimage/biggan/imagenet_ai_0419_biggan/val/nature/ILSVRC2012_val_00024974.JPEG,0
0,0.0015731121653489969,REAL,295.6564910709858,/workspace/benchmarks_ai_research/data/genimage/biggan/imagenet_ai_0419_biggan/val/nature/ILSVRC2012_val_00019456.JPEG,0
0,0.035678550877730524,REAL,284.2561714351177,/workspace/benchmarks_ai_research/data/genimage/biggan/imagenet_ai_0419_biggan/val/nature/ILSVRC2012_val_00016503.JPEG,0
0,0.05749327880038583,REAL,324.2034837603569,/workspace/benchmarks_ai_research/data/genimage/biggan/imagenet_ai_0419_biggan/val/nature/ILSVRC2012_val_00006820.JPEG,0
0,0.0008830458477845482,REAL,328.9942126721144,/workspace/benchmarks_ai_research/data/genimage/biggan/imagenet_ai_0419_biggan/val/nature/ILSVRC2012_val_00000347.JPEG,0
0,0.021287351793451054,REAL,325.092114508152,/workspace/benchmarks_ai_research/data/genimage/biggan/imagenet_ai_0419_biggan/val/nature/ILSVRC2012_val_00043957.JPEG,0
0,0.08027504971705171,FAKE,456.9544047117233,/workspace/benchmarks_ai_research/data/genimage/biggan/imagenet_ai_0419_biggan/val/nature/ILSVRC2012_val_00033444.JPEG,0
0,0.02595735719779685,REAL,325.8206658065319,/workspace/benchmarks_ai_research/data/genimage/biggan/imagenet_ai_0419_biggan/val/nature/ILSVRC2012_val_00006532.JPEG,0
0,0.14033624949008322,REAL,329.1676603257656,/workspace/benchmarks_ai_research/data/genimage/biggan/imagenet_ai_0419_biggan/val/nature/ILSVRC2012_val_00045169.JPEG,0
0,0.001410358496618023,REAL,325.18694177269936,/workspace/benchmarks_ai_research/data/genimage/biggan/imagenet_ai_0419_biggan/val/nature/ILSVRC2012_val_00014124.JPEG,0
0,0.031143830534778462,REAL,326.58401504158974,/workspace/benchmarks_ai_research/data/genimage/biggan/imagenet_ai_0419_biggan/val/nature/ILSVRC2012_val_00023243.JPEG,0
0,0.0030278350245683794,REAL,325.4091255366802,/workspace/benchmarks_ai_research/data/genimage/biggan/imagenet_ai_0419_biggan/val/nature/ILSVRC2012_val_00011162.JPEG,0
0,0.015424552081841137,REAL,327.7266900986433,/workspace/benchmarks_ai_research/data/genimage/biggan/imagenet_ai_0419_biggan/val/nature/ILSVRC2012_val_00048507.JPEG,0
0,0.002050743539917378,REAL,330.68799041211605,/workspace/benchmarks_ai_research/data/genimage/biggan/imagenet_ai_0419_biggan/val/nature/ILSVRC2012_val_00014818.JPEG,0
0,0.035678550877730524,REAL,326.1174950748682,/workspace/benchmarks_ai_research/data/genimage/biggan/imagenet_ai_0419_biggan/val/nature/ILSVRC2012_val_00036016.JPEG,0
0,0.0015011822567369915,REAL,380.5685918778181,/workspace/benchmarks_ai_research/data/genimage/biggan/imagenet_ai_0419_biggan/val/nature/ILSVRC2012_val_00008214.JPEG,0
0,0.02297736991002561,REAL,326.3304326683283,/workspace/benchmarks_ai_research/data/genimage/biggan/imagenet_ai_0419_biggan/val/nature/ILSVRC2012_val_00022255.JPEG,0
0,0.0037072528743862213,REAL,326.8932569772005,/workspace/benchmarks_ai_research/data/genimage/biggan/imagenet_ai_0419_biggan/val/nature/ILSVRC2012_val_00031824.JPEG,0
0,0.006192990157855187,REAL,333.6326740682125,/workspace/benchmarks_ai_research/data/genimage/biggan/imagenet_ai_0419_biggan/val/nature/ILSVRC2012_val_00033003.JPEG,0
0,0.012053779516236447,REAL,326.7659321427345,/workspace/benchmarks_ai_research/data/genimage/biggan/imagenet_ai_0419_biggan/val/nature/ILSVRC2012_val_00038142.JPEG,0
0,0.19436781101874467,REAL,706.101194024086,/workspace/benchmarks_ai_research/data/genimage/biggan/imagenet_ai_0419_biggan/val/nature/ILSVRC2012_val_00033735.JPEG,0
0,0.029312230751356316,REAL,326.519088819623,/workspace/benchmarks_ai_research/data/genimage/biggan/imagenet_ai_0419_biggan/val/nature/ILSVRC2012_val_00007999.JPEG,0
1,0.9732407168145568,FAKE,575.8954118937254,/workspace/benchmarks_ai_research/data/genimage/biggan/imagenet_ai_0419_biggan/val/nature/ILSVRC2012_val_00021826.JPEG,0
0,0.03904829272622638,REAL,328.2989487051964,/workspace/benchmarks_ai_research/data/genimage/biggan/imagenet_ai_0419_biggan/val/nature/ILSVRC2012_val_00036128.JPEG,0
0,0.009412589587609823,REAL,381.66768476366997,/workspace/benchmarks_ai_research/data/genimage/biggan/imagenet_ai_0419_biggan/val/nature/ILSVRC2012_val_00045652.JPEG,0
0,0.0035380860570885376,REAL,334.3232311308384,/workspace/benchmarks_ai_research/data/genimage/biggan/imagenet_ai_0419_biggan/val/nature/ILSVRC2012_val_00039259.JPEG,0
0,0.05665242530797383,REAL,384.85983200371265,/workspace/benchmarks_ai_research/data/genimage/biggan/imagenet_ai_0419_biggan/val/nature/ILSVRC2012_val_00022365.JPEG,0
0,0.08452156572112678,FAKE,362.4005876481533,/workspace/benchmarks_ai_research/data/genimage/biggan/imagenet_ai_0419_biggan/val/nature/ILSVRC2012_val_00004283.JPEG,0
0,0.009559399347091532,REAL,280.27347661554813,/workspace/benchmarks_ai_research/data/genimage/biggan/imagenet_ai_0419_biggan/val/nature/ILSVRC2012_val_00049471.JPEG,0
0,0.005554924703691103,REAL,330.01643419265747,/workspace/benchmarks_ai_research/data/genimage/biggan/imagenet_ai_0419_biggan/val/nature/ILSVRC2012_val_00016155.JPEG,0
0,0.06278920859705135,REAL,393.72280053794384,/workspace/benchmarks_ai_research/data/genimage/biggan/imagenet_ai_0419_biggan/val/nature/ILSVRC2012_val_00031303.JPEG,0
0,0.07055959618729296,REAL,326.870521530509,/workspace/benchmarks_ai_research/data/genimage/biggan/imagenet_ai_0419_biggan/val/nature/ILSVRC2012_val_00001376.JPEG,0
0,0.03210070671700819,REAL,328.1389120966196,/workspace/benchmarks_ai_research/data/genimage/biggan/imagenet_ai_0419_biggan/val/nature/ILSVRC2012_val_00017308.JPEG,0
0,0.005139611097568844,REAL,273.86761642992496,/workspace/benchmarks_ai_research/data/genimage/biggan/imagenet_ai_0419_biggan/val/nature/ILSVRC2012_val_00030809.JPEG,0
0,0.09670579329612154,REAL,301.3654965907335,/workspace/benchmarks_ai_research/data/genimage/biggan/imagenet_ai_0419_biggan/val/nature/ILSVRC2012_val_00027721.JPEG,0
0,0.009708476481474066,REAL,369.863148778677,/workspace/benchmarks_ai_research/data/genimage/biggan/imagenet_ai_0419_biggan/val/nature/ILSVRC2012_val_00036188.JPEG,0
0,0.004905405705722035,REAL,325.56680403649807,/workspace/benchmarks_ai_research/data/genimage/biggan/imagenet_ai_0419_biggan/val/nature/ILSVRC2012_val_00027220.JPEG,0
0,0.04146227271140963,REAL,326.05199702084064,/workspace/benchmarks_ai_research/data/genimage/biggan/imagenet_ai_0419_biggan/val/nature/ILSVRC2012_val_00012564.JPEG,0
0,0.05184546664977983,REAL,331.4537312835455,/workspace/benchmarks_ai_research/data/genimage/biggan/imagenet_ai_0419_biggan/val/nature/ILSVRC2012_val_00022548.JPEG,0
0,0.12252321251815919,REAL,280.93692287802696,/workspace/benchmarks_ai_research/data/genimage/biggan/imagenet_ai_0419_biggan/val/nature/ILSVRC2012_val_00025451.JPEG,0
0,0.006097562192575309,REAL,323.7493634223938,/workspace/benchmarks_ai_research/data/genimage/biggan/imagenet_ai_0419_biggan/val/nature/ILSVRC2012_val_00018886.JPEG,0
0,0.037326887344129464,REAL,328.7651166319847,/workspace/benchmarks_ai_research/data/genimage/biggan/imagenet_ai_0419_biggan/val/nature/ILSVRC2012_val_00021831.JPEG,0
0,0.017986209962091555,REAL,325.78687369823456,/workspace/benchmarks_ai_research/data/genimage/biggan/imagenet_ai_0419_biggan/val/nature/ILSVRC2012_val_00008715.JPEG,0
0,0.016152834822140957,REAL,298.4556257724762,/workspace/benchmarks_ai_research/data/genimage/biggan/imagenet_ai_0419_biggan/val/nature/ILSVRC2012_val_00001217.JPEG,0
0,0.003945406806602023,REAL,723.8309569656849,/workspace/benchmarks_ai_research/data/genimage/biggan/imagenet_ai_0419_biggan/val/nature/ILSVRC2012_val_00049220.JPEG,0
0,0.007460643463940165,REAL,330.5181208997965,/workspace/benchmarks_ai_research/data/genimage/biggan/imagenet_ai_0419_biggan/val/nature/ILSVRC2012_val_00032282.JPEG,0
0,0.001754614410099487,REAL,391.3172800093889,/workspace/benchmarks_ai_research/data/genimage/biggan/imagenet_ai_0419_biggan/val/nature/ILSVRC2012_val_00040080.JPEG,0
0,0.0035380860570885376,REAL,325.68479143083096,/workspace/benchmarks_ai_research/data/genimage/biggan/imagenet_ai_0419_biggan/val/nature/ILSVRC2012_val_00013402.JPEG,0
0,0.05108273695705249,REAL,330.785371363163,/workspace/benchmarks_ai_research/data/genimage/biggan/imagenet_ai_0419_biggan/val/nature/ILSVRC2012_val_00022250.JPEG,0
0,0.0026730060327886528,REAL,380.9351082891226,/workspace/benchmarks_ai_research/data/genimage/biggan/imagenet_ai_0419_biggan/val/nature/ILSVRC2012_val_00001379.JPEG,0
0,0.02479816019558566,REAL,327.64880917966366,/workspace/benchmarks_ai_research/data/genimage/biggan/imagenet_ai_0419_biggan/val/nature/ILSVRC2012_val_00036378.JPEG,0
0,0.16667540468797667,REAL,379.3738912791014,/workspace/benchmarks_ai_research/data/genimage/biggan/imagenet_ai_0419_biggan/val/nature/ILSVRC2012_val_00018657.JPEG,0
0,0.017986209962091555,REAL,326.54964178800583,/workspace/benchmarks_ai_research/data/genimage/biggan/imagenet_ai_0419_biggan/val/nature/ILSVRC2012_val_00034268.JPEG,0
0,0.03514484640079327,REAL,730.0474680960178,/workspace/benchmarks_ai_research/data/genimage/biggan/imagenet_ai_0419_biggan/val/nature/ILSVRC2012_val_00022301.JPEG,0
0,0.006097562192575309,REAL,330.9548795223236,/workspace/benchmarks_ai_research/data/genimage/biggan/imagenet_ai_0419_biggan/val/nature/ILSVRC2012_val_00034315.JPEG,0
0,0.02479816019558566,REAL,324.8723316937685,/workspace/benchmarks_ai_research/data/genimage/biggan/imagenet_ai_0419_biggan/val/nature/ILSVRC2012_val_00039456.JPEG,0
0,0.002434382008505326,REAL,325.7735464721918,/workspace/benchmarks_ai_research/data/genimage/biggan/imagenet_ai_0419_biggan/val/nature/ILSVRC2012_val_00045843.JPEG,0
0,0.037326887344129464,REAL,333.99010449647903,/workspace/benchmarks_ai_research/data/genimage/biggan/imagenet_ai_0419_biggan/val/nature/ILSVRC2012_val_00043008.JPEG,0
0,0.3007455789412415,REAL,328.39239574968815,/workspace/benchmarks_ai_research/data/genimage/biggan/imagenet_ai_0419_biggan/val/nature/ILSVRC2012_val_00040681.JPEG,0
0,0.020645930739218447,REAL,483.14241506159306,/workspace/benchmarks_ai_research/data/genimage/biggan/imagenet_ai_0419_biggan/val/nature/ILSVRC2012_val_00034312.JPEG,0
0,0.0004173157606777201,REAL,328.3452745527029,/workspace/benchmarks_ai_research/data/genimage/biggan/imagenet_ai_0419_biggan/val/nature/ILSVRC2012_val_00003293.JPEG,0
0,0.002434382008505326,REAL,327.31112837791443,/workspace/benchmarks_ai_research/data/genimage/biggan/imagenet_ai_0419_biggan/val/nature/ILSVRC2012_val_00036074.JPEG,0
0,0.011331753531361453,REAL,325.52024722099304,/workspace/benchmarks_ai_research/data/genimage/biggan/imagenet_ai_0419_biggan/val/nature/ILSVRC2012_val_00036447.JPEG,0
0,0.002889581017773627,REAL,332.0216592401266,/workspace/benchmarks_ai_research/data/genimage/biggan/imagenet_ai_0419_biggan/val/nature/ILSVRC2012_val_00048284.JPEG,0
0,0.08151975597471893,REAL,385.01555286347866,/workspace/benchmarks_ai_research/data/genimage/biggan/imagenet_ai_0419_biggan/val/nature/ILSVRC2012_val_00047418.JPEG,0
0,0.25907501606495825,REAL,380.10322861373425,/workspace/benchmarks_ai_research/data/genimage/biggan/imagenet_ai_0419_biggan/val/nature/ILSVRC2012_val_00034422.JPEG,0
0,0.022629200033037256,REAL,329.4204641133547,/workspace/benchmarks_ai_research/data/genimage/biggan/imagenet_ai_0419_biggan/val/nature/ILSVRC2012_val_00003157.JPEG,0
0,0.009412589587609823,REAL,378.76829504966736,/workspace/benchmarks_ai_research/data/genimage/biggan/imagenet_ai_0419_biggan/val/nature/ILSVRC2012_val_00003653.JPEG,0
0,0.006589771663080563,REAL,333.3287015557289,/workspace/benchmarks_ai_research/data/genimage/biggan/imagenet_ai_0419_biggan/val/nature/ILSVRC2012_val_00011670.JPEG,0
0,0.002590979364429334,REAL,325.93460008502007,/workspace/benchmarks_ai_research/data/genimage/biggan/imagenet_ai_0419_biggan/val/nature/ILSVRC2012_val_00040168.JPEG,0
0,0.01665704000922906,REAL,727.7269717305899,/workspace/benchmarks_ai_research/data/genimage/biggan/imagenet_ai_0419_biggan/val/nature/ILSVRC2012_val_00048452.JPEG,0
0,0.0028449096649795012,REAL,382.72113911807537,/workspace/benchmarks_ai_research/data/genimage/biggan/imagenet_ai_0419_biggan/val/nature/ILSVRC2012_val_00033908.JPEG,0
0,0.036220055864974746,REAL,323.2017308473587,/workspace/benchmarks_ai_research/data/genimage/biggan/imagenet_ai_0419_biggan/val/nature/ILSVRC2012_val_00014191.JPEG,0
0,0.09807932347046003,REAL,326.9967809319496,/workspace/benchmarks_ai_research/data/genimage/biggan/imagenet_ai_0419_biggan/val/nature/ILSVRC2012_val_00018879.JPEG,0
0,0.027585282226789985,REAL,366.58116802573204,/workspace/benchmarks_ai_research/data/genimage/biggan/imagenet_ai_0419_biggan/val/nature/ILSVRC2012_val_00041664.JPEG,0
0,0.018833129890434692,REAL,325.4939466714859,/workspace/benchmarks_ai_research/data/genimage/biggan/imagenet_ai_0419_biggan/val/nature/ILSVRC2012_val_00023483.JPEG,0
0,0.04535258055430642,REAL,323.345685377717,/workspace/benchmarks_ai_research/data/genimage/biggan/imagenet_ai_0419_biggan/val/nature/ILSVRC2012_val_00003970.JPEG,0
0,0.011508149064303403,REAL,324.7340600937605,/workspace/benchmarks_ai_research/data/genimage/biggan/imagenet_ai_0419_biggan/val/nature/ILSVRC2012_val_00002594.JPEG,0
0,0.018833129890434692,REAL,373.388335108757,/workspace/benchmarks_ai_research/data/genimage/biggan/imagenet_ai_0419_biggan/val/nature/ILSVRC2012_val_00032027.JPEG,0
0,0.011158031248084033,REAL,368.8921146094799,/workspace/benchmarks_ai_research/data/genimage/biggan/imagenet_ai_0419_biggan/val/nature/ILSVRC2012_val_00039381.JPEG,0
0,0.007011795381497108,REAL,326.2215107679367,/workspace/benchmarks_ai_research/data/genimage/biggan/imagenet_ai_0419_biggan/val/nature/ILSVRC2012_val_00027420.JPEG,0
0,0.020645930739218447,REAL,326.46346278488636,/workspace/benchmarks_ai_research/data/genimage/biggan/imagenet_ai_0419_biggan/val/nature/ILSVRC2012_val_00017305.JPEG,0
0,0.0013458604012970923,REAL,326.04487612843513,/workspace/benchmarks_ai_research/data/genimage/biggan/imagenet_ai_0419_biggan/val/nature/ILSVRC2012_val_00016561.JPEG,0
0,0.006692850924284856,REAL,329.19149845838547,/workspace/benchmarks_ai_research/data/genimage/biggan/imagenet_ai_0419_biggan/val/nature/ILSVRC2012_val_00034448.JPEG,0
0,0.28895102790117533,REAL,292.41469129920006,/workspace/benchmarks_ai_research/data/genimage/biggan/imagenet_ai_0419_biggan/val/nature/ILSVRC2012_val_00016151.JPEG,0
0,0.016152834822140957,REAL,327.3829836398363,/workspace/benchmarks_ai_research/data/genimage/biggan/imagenet_ai_0419_biggan/val/nature/ILSVRC2012_val_00038686.JPEG,0
0,0.013848610215564576,REAL,385.4111097753048,/workspace/benchmarks_ai_research/data/genimage/biggan/imagenet_ai_0419_biggan/val/nature/ILSVRC2012_val_00046875.JPEG,0
0,0.07129505260071715,FAKE,362.0986007153988,/workspace/benchmarks_ai_research/data/genimage/biggan/imagenet_ai_0419_biggan/val/nature/ILSVRC2012_val_00041679.JPEG,0
0,0.017986209962091555,REAL,326.930683106184,/workspace/benchmarks_ai_research/data/genimage/biggan/imagenet_ai_0419_biggan/val/nature/ILSVRC2012_val_00012667.JPEG,0
0,0.07155412701565743,FAKE,392.4086317420006,/workspace/benchmarks_ai_research/data/genimage/biggan/imagenet_ai_0419_biggan/val/nature/ILSVRC2012_val_00021913.JPEG,0
0,0.0053849379617779605,REAL,326.7014306038618,/workspace/benchmarks_ai_research/data/genimage/biggan/imagenet_ai_0419_biggan/val/nature/ILSVRC2012_val_00007205.JPEG,0
0,0.020023441289455244,REAL,326.58843509852886,/workspace/benchmarks_ai_research/data/genimage/biggan/imagenet_ai_0419_biggan/val/nature/ILSVRC2012_val_00015560.JPEG,0
0,0.008985428752560176,REAL,327.7466110885143,/workspace/benchmarks_ai_research/data/genimage/biggan/imagenet_ai_0419_biggan/val/nature/ILSVRC2012_val_00042476.JPEG,0
0,0.0034834241930806675,REAL,374.2164671421051,/workspace/benchmarks_ai_research/data/genimage/biggan/imagenet_ai_0419_biggan/val/nature/ILSVRC2012_val_00040241.JPEG,0
0,0.000519304864494927,REAL,462.5306073576212,/workspace/benchmarks_ai_research/data/genimage/biggan/imagenet_ai_0419_biggan/val/nature/ILSVRC2012_val_00039570.JPEG,0
0,0.0010322310367548194,REAL,488.50087635219097,/workspace/benchmarks_ai_research/data/genimage/biggan/imagenet_ai_0419_biggan/val/nature/ILSVRC2012_val_00017773.JPEG,0
0,0.007232763803479049,REAL,326.5987280756235,/workspace/benchmarks_ai_research/data/genimage/biggan/imagenet_ai_0419_biggan/val/nature/ILSVRC2012_val_00038395.JPEG,0
0,0.005469274598698993,REAL,394.6961238980293,/workspace/benchmarks_ai_research/data/genimage/biggan/imagenet_ai_0419_biggan/val/nature/ILSVRC2012_val_00033267.JPEG,0
0,0.012821214266594244,REAL,282.6601713895798,/workspace/benchmarks_ai_research/data/genimage/biggan/imagenet_ai_0419_biggan/val/nature/ILSVRC2012_val_00021000.JPEG,0
0,0.000213187561290652,REAL,585.3588972240686,/workspace/benchmarks_ai_research/data/genimage/biggan/imagenet_ai_0419_biggan/val/nature/ILSVRC2012_val_00026763.JPEG,0
0,0.0010162440410680167,REAL,388.81510496139526,/workspace/benchmarks_ai_research/data/genimage/biggan/imagenet_ai_0419_biggan/val/nature/ILSVRC2012_val_00013129.JPEG,0
0,0.0194193481824486,REAL,329.58569563925266,/workspace/benchmarks_ai_research/data/genimage/biggan/imagenet_ai_0419_biggan/val/nature/ILSVRC2012_val_00004273.JPEG,0
0,0.022629200033037256,REAL,325.16372576355934,/workspace/benchmarks_ai_research/data/genimage/biggan/imagenet_ai_0419_biggan/val/nature/ILSVRC2012_val_00044054.JPEG,0
0,0.09138210306717136,REAL,329.81524616479874,/workspace/benchmarks_ai_research/data/genimage/biggan/imagenet_ai_0419_biggan/val/nature/ILSVRC2012_val_00004009.JPEG,0
0,0.20181322226037882,REAL,389.6407764405012,/workspace/benchmarks_ai_research/data/genimage/biggan/imagenet_ai_0419_biggan/val/nature/ILSVRC2012_val_00041639.JPEG,0
0,0.009268013380914325,REAL,323.7272594124079,/workspace/benchmarks_ai_research/data/genimage/biggan/imagenet_ai_0419_biggan/val/nature/ILSVRC2012_val_00013586.JPEG,0
0,0.010489091259938018,REAL,325.3816645592451,/workspace/benchmarks_ai_research/data/genimage/biggan/imagenet_ai_0419_biggan/val/nature/ILSVRC2012_val_00010795.JPEG,0
0,0.05500528829345415,REAL,376.2608729302883,/workspace/benchmarks_ai_research/data/genimage/biggan/imagenet_ai_0419_biggan/val/nature/ILSVRC2012_val_00034841.JPEG,0
0,0.027585282226789985,REAL,293.2258676737547,/workspace/benchmarks_ai_research/data/genimage/biggan/imagenet_ai_0419_biggan/val/nature/ILSVRC2012_val_00045484.JPEG,0
0,0.05184546664977983,REAL,330.62886260449886,/workspace/benchmarks_ai_research/data/genimage/biggan/imagenet_ai_0419_biggan/val/nature/ILSVRC2012_val_00036263.JPEG,0
1,0.9343951625409306,FAKE,364.2159327864647,/workspace/benchmarks_ai_research/data/genimage/biggan/imagenet_ai_0419_biggan/val/nature/ILSVRC2012_val_00016362.JPEG,0
0,0.012431650853185818,REAL,325.5284447222948,/workspace/benchmarks_ai_research/data/genimage/biggan/imagenet_ai_0419_biggan/val/nature/ILSVRC2012_val_00040360.JPEG,0
0,0.00600359579657149,REAL,325.6693407893181,/workspace/benchmarks_ai_research/data/genimage/biggan/imagenet_ai_0419_biggan/val/nature/ILSVRC2012_val_00015181.JPEG,0
0,0.0015731121653489969,REAL,329.95009422302246,/workspace/benchmarks_ai_research/data/genimage/biggan/imagenet_ai_0419_biggan/val/nature/ILSVRC2012_val_00037746.JPEG,0
0,0.0035936025814200896,REAL,366.8390177190304,/workspace/benchmarks_ai_research/data/genimage/biggan/imagenet_ai_0419_biggan/val/nature/ILSVRC2012_val_00047148.JPEG,0
0,0.13296424019782924,REAL,293.2418957352638,/workspace/benchmarks_ai_research/data/genimage/biggan/imagenet_ai_0419_biggan/val/nature/ILSVRC2012_val_00030361.JPEG,0
0,0.08882029240011771,REAL,325.73721930384636,/workspace/benchmarks_ai_research/data/genimage/biggan/imagenet_ai_0419_biggan/val/nature/ILSVRC2012_val_00039834.JPEG,0
0,0.009125637389180518,REAL,326.169827952981,/workspace/benchmarks_ai_research/data/genimage/biggan/imagenet_ai_0419_biggan/val/nature/ILSVRC2012_val_00005213.JPEG,0
0,0.03161876726864548,REAL,329.39126901328564,/workspace/benchmarks_ai_research/data/genimage/biggan/imagenet_ai_0419_biggan/val/nature/ILSVRC2012_val_00048443.JPEG,0
0,0.05582314113461443,REAL,468.2304970920086,/workspace/benchmarks_ai_research/data/genimage/biggan/imagenet_ai_0419_biggan/val/nature/ILSVRC2012_val_00031382.JPEG,0
0,0.008577485413711986,REAL,333.26034247875214,/workspace/benchmarks_ai_research/data/genimage/biggan/imagenet_ai_0419_biggan/val/nature/ILSVRC2012_val_00036821.JPEG,0
0,0.0010162440410680167,REAL,331.64125494658947,/workspace/benchmarks_ai_research/data/genimage/biggan/imagenet_ai_0419_biggan/val/nature/ILSVRC2012_val_00048298.JPEG,0
0,0.0063883209097212856,REAL,329.47324588894844,/workspace/benchmarks_ai_research/data/genimage/biggan/imagenet_ai_0419_biggan/val/nature/ILSVRC2012_val_00024569.JPEG,0
0,0.012241275291807161,REAL,336.7177043110132,/workspace/benchmarks_ai_research/data/genimage/biggan/imagenet_ai_0419_biggan/val/nature/ILSVRC2012_val_00029660.JPEG,0
0,0.23370635691404026,REAL,282.45857544243336,/workspace/benchmarks_ai_research/data/genimage/biggan/imagenet_ai_0419_biggan/val/nature/ILSVRC2012_val_00027702.JPEG,0
0,0.004755199909833047,REAL,329.94075305759907,/workspace/benchmarks_ai_research/data/genimage/biggan/imagenet_ai_0419_biggan/val/nature/ILSVRC2012_val_00042436.JPEG,0
0,0.29098086621490676,REAL,334.62440222501755,/workspace/benchmarks_ai_research/data/genimage/biggan/imagenet_ai_0419_biggan/val/nature/ILSVRC2012_val_00004946.JPEG,0
0,0.0035380860570885376,REAL,297.7394163608551,/workspace/benchmarks_ai_research/data/genimage/biggan/imagenet_ai_0419_biggan/val/nature/ILSVRC2012_val_00016344.JPEG,0
0,0.17328820592932656,REAL,338.2618669420481,/workspace/benchmarks_ai_research/data/genimage/biggan/imagenet_ai_0419_biggan/val/nature/ILSVRC2012_val_00046109.JPEG,0
0,0.005911068856243796,REAL,330.56569658219814,/workspace/benchmarks_ai_research/data/genimage/biggan/imagenet_ai_0419_biggan/val/nature/ILSVRC2012_val_00017886.JPEG,0
0,0.004133968090452445,REAL,332.05445669591427,/workspace/benchmarks_ai_research/data/genimage/biggan/imagenet_ai_0419_biggan/val/nature/ILSVRC2012_val_00011804.JPEG,0
0,0.0035936025814200896,REAL,331.21675066649914,/workspace/benchmarks_ai_research/data/genimage/biggan/imagenet_ai_0419_biggan/val/nature/ILSVRC2012_val_00039794.JPEG,0
0,0.005554924703691103,REAL,334.64417047798634,/workspace/benchmarks_ai_research/data/genimage/biggan/imagenet_ai_0419_biggan/val/nature/ILSVRC2012_val_00046424.JPEG,0
0,0.0007793660930208433,REAL,335.2999519556761,/workspace/benchmarks_ai_research/data/genimage/biggan/imagenet_ai_0419_biggan/val/nature/ILSVRC2012_val_00045698.JPEG,0
0,0.12765262532179067,REAL,337.17106468975544,/workspace/benchmarks_ai_research/data/genimage/biggan/imagenet_ai_0419_biggan/val/nature/ILSVRC2012_val_00000530.JPEG,0
0,0.00154876109428798,REAL,300.55058375000954,/workspace/benchmarks_ai_research/data/genimage/biggan/imagenet_ai_0419_biggan/val/nature/ILSVRC2012_val_00025140.JPEG,0
0,0.003884476548765805,REAL,396.4636269956827,/workspace/benchmarks_ai_research/data/genimage/biggan/imagenet_ai_0419_biggan/val/nature/ILSVRC2012_val_00034229.JPEG,0
0,0.04023794262361602,REAL,327.0745202898979,/workspace/benchmarks_ai_research/data/genimage/biggan/imagenet_ai_0419_biggan/val/nature/ILSVRC2012_val_00024638.JPEG,0
0,0.010013570623173138,REAL,402.7991555631161,/workspace/benchmarks_ai_research/data/genimage/biggan/imagenet_ai_0419_biggan/val/nature/ILSVRC2012_val_00029388.JPEG,0
0,0.10374862686637971,REAL,333.2462292164564,/workspace/benchmarks_ai_research/data/genimage/biggan/imagenet_ai_0419_biggan/val/nature/ILSVRC2012_val_00037104.JPEG,0
0,0.0031726828424851893,REAL,331.02500438690186,/workspace/benchmarks_ai_research/data/genimage/biggan/imagenet_ai_0419_biggan/val/nature/ILSVRC2012_val_00024593.JPEG,0
0,0.0009697519677825861,REAL,327.56777107715607,/workspace/benchmarks_ai_research/data/genimage/biggan/imagenet_ai_0419_biggan/val/nature/ILSVRC2012_val_00028111.JPEG,0
0,0.00530189486940215,REAL,284.6338115632534,/workspace/benchmarks_ai_research/data/genimage/biggan/imagenet_ai_0419_biggan/val/nature/ILSVRC2012_val_00014203.JPEG,0
0,0.014503579691381979,REAL,300.0679798424244,/workspace/benchmarks_ai_research/data/genimage/biggan/imagenet_ai_0419_biggan/val/nature/ILSVRC2012_val_00033179.JPEG,0
1,,ERROR,0.0,/workspace/benchmarks_ai_research/data/genimage/biggan/imagenet_ai_0419_biggan/val/nature/ILSVRC2012_val_00009327.JPEG,0
0,0.004070137715896127,REAL,338.38443271815777,/workspace/benchmarks_ai_research/data/genimage/biggan/imagenet_ai_0419_biggan/val/nature/ILSVRC2012_val_00046761.JPEG,0
0,0.020332353342658753,REAL,484.619140625,/workspace/benchmarks_ai_research/data/genimage/biggan/imagenet_ai_0419_biggan/val/nature/ILSVRC2012_val_00018714.JPEG,0
0,0.008315778477474129,REAL,331.62184432148933,/workspace/benchmarks_ai_research/data/genimage/biggan/imagenet_ai_0419_biggan/val/nature/ILSVRC2012_val_00004810.JPEG,0
0,0.07585818002124356,REAL,286.0065121203661,/workspace/benchmarks_ai_research/data/genimage/biggan/imagenet_ai_0419_biggan/val/nature/ILSVRC2012_val_00009298.JPEG,0
0,0.07921032410902437,REAL,306.76825903356075,/workspace/benchmarks_ai_research/data/genimage/biggan/imagenet_ai_0419_biggan/val/nature/ILSVRC2012_val_00047251.JPEG,0
0,0.003945406806602023,REAL,337.01182529330254,/workspace/benchmarks_ai_research/data/genimage/biggan/imagenet_ai_0419_biggan/val/nature/ILSVRC2012_val_00038113.JPEG,0
0,0.013636835281429876,REAL,392.9043598473072,/workspace/benchmarks_ai_research/data/genimage/biggan/imagenet_ai_0419_biggan/val/nature/ILSVRC2012_val_00033825.JPEG,0
0,0.010489091259938018,REAL,327.5462482124567,/workspace/benchmarks_ai_research/data/genimage/biggan/imagenet_ai_0419_biggan/val/nature/ILSVRC2012_val_00048617.JPEG,0
0,0.031143830534778462,REAL,335.9753508120775,/workspace/benchmarks_ai_research/data/genimage/biggan/imagenet_ai_0419_biggan/val/nature/ILSVRC2012_val_00028258.JPEG,0
0,0.024423090054107213,REAL,387.51071132719517,/workspace/benchmarks_ai_research/data/genimage/biggan/imagenet_ai_0419_biggan/val/nature/ILSVRC2012_val_00024198.JPEG,0
0,0.07159119944455247,REAL,335.5749975889921,/workspace/benchmarks_ai_research/data/genimage/biggan/imagenet_ai_0419_biggan/val/nature/ILSVRC2012_val_00030901.JPEG,0
0,0.04672495862609242,REAL,330.78068494796753,/workspace/benchmarks_ai_research/data/genimage/biggan/imagenet_ai_0419_biggan/val/nature/ILSVRC2012_val_00010977.JPEG,0
0,0.037326887344129464,REAL,396.01302705705166,/workspace/benchmarks_ai_research/data/genimage/biggan/imagenet_ai_0419_biggan/val/nature/ILSVRC2012_val_00001163.JPEG,0
0,0.006192990157855187,REAL,297.0165368169546,/workspace/benchmarks_ai_research/data/genimage/biggan/imagenet_ai_0419_biggan/val/nature/ILSVRC2012_val_00000176.JPEG,0
0,0.0033766123817395013,REAL,326.66744478046894,/workspace/benchmarks_ai_research/data/genimage/biggan/imagenet_ai_0419_biggan/val/nature/ILSVRC2012_val_00047179.JPEG,0
0,0.003649987031209837,REAL,389.7880148142576,/workspace/benchmarks_ai_research/data/genimage/biggan/imagenet_ai_0419_biggan/val/nature/ILSVRC2012_val_00032316.JPEG,0
0,0.003945406806602023,REAL,374.558724462986,/workspace/benchmarks_ai_research/data/genimage/biggan/imagenet_ai_0419_biggan/val/nature/ILSVRC2012_val_00016766.JPEG,0
0,0.26284183737131667,REAL,327.2111900150776,/workspace/benchmarks_ai_research/data/genimage/biggan/imagenet_ai_0419_biggan/val/nature/ILSVRC2012_val_00009600.JPEG,0
0,0.008315778477474129,REAL,330.8241870254278,/workspace/benchmarks_ai_research/data/genimage/biggan/imagenet_ai_0419_biggan/val/nature/ILSVRC2012_val_00041942.JPEG,0
0,0.013636835281429876,REAL,389.6554056555033,/workspace/benchmarks_ai_research/data/genimage/biggan/imagenet_ai_0419_biggan/val/nature/ILSVRC2012_val_00028926.JPEG,0
0,0.22270013882530884,REAL,323.7585723400116,/workspace/benchmarks_ai_research/data/genimage/biggan/imagenet_ai_0419_biggan/val/nature/ILSVRC2012_val_00017166.JPEG,0
0,0.004007288945911384,REAL,293.2595629245043,/workspace/benchmarks_ai_research/data/genimage/biggan/imagenet_ai_0419_biggan/val/nature/ILSVRC2012_val_00032941.JPEG,0
0,0.0010322310367548194,REAL,377.26812064647675,/workspace/benchmarks_ai_research/data/genimage/biggan/imagenet_ai_0419_biggan/val/nature/ILSVRC2012_val_00023416.JPEG,0
0,0.046033902399240385,REAL,330.7435605674982,/workspace/benchmarks_ai_research/data/genimage/biggan/imagenet_ai_0419_biggan/val/nature/ILSVRC2012_val_00025741.JPEG,0
0,0.031143830534778462,REAL,323.6152324825525,/workspace/benchmarks_ai_research/data/genimage/biggan/imagenet_ai_0419_biggan/val/nature/ILSVRC2012_val_00033144.JPEG,0
0,0.0007916296072837431,REAL,325.3566790372133,/workspace/benchmarks_ai_research/data/genimage/biggan/imagenet_ai_0419_biggan/val/nature/ILSVRC2012_val_00017565.JPEG,0
0,0.16026603232776068,REAL,262.8113627433777,/workspace/benchmarks_ai_research/data/genimage/biggan/imagenet_ai_0419_biggan/val/nature/ILSVRC2012_val_00047223.JPEG,0
0,0.03021458706739398,REAL,507.2907581925392,/workspace/benchmarks_ai_research/data/genimage/biggan/imagenet_ai_0419_biggan/val/nature/ILSVRC2012_val_00046137.JPEG,0
0,0.07477004290796138,REAL,373.6813198775053,/workspace/benchmarks_ai_research/data/genimage/biggan/imagenet_ai_0419_biggan/val/nature/ILSVRC2012_val_00021903.JPEG,0
0,0.002889581017773627,REAL,327.0395565778017,/workspace/benchmarks_ai_research/data/genimage/biggan/imagenet_ai_0419_biggan/val/nature/ILSVRC2012_val_00019049.JPEG,0
0,0.00600359579657149,REAL,325.9207531809807,/workspace/benchmarks_ai_research/data/genimage/biggan/imagenet_ai_0419_biggan/val/nature/ILSVRC2012_val_00049742.JPEG,0
0,0.032589744766025344,REAL,381.75768963992596,/workspace/benchmarks_ai_research/data/genimage/biggan/imagenet_ai_0419_biggan/val/nature/ILSVRC2012_val_00043580.JPEG,0
0,0.02297736991002561,REAL,327.66443863511086,/workspace/benchmarks_ai_research/data/genimage/biggan/imagenet_ai_0419_biggan/val/nature/ILSVRC2012_val_00041536.JPEG,0
0,0.014063627043245474,REAL,333.5139751434326,/workspace/benchmarks_ai_research/data/genimage/biggan/imagenet_ai_0419_biggan/val/nature/ILSVRC2012_val_00000886.JPEG,0
0,0.0033766123817395013,REAL,382.6393410563469,/workspace/benchmarks_ai_research/data/genimage/biggan/imagenet_ai_0419_biggan/val/nature/ILSVRC2012_val_00014075.JPEG,0
0,0.002934951744713737,REAL,390.339732170105,/workspace/benchmarks_ai_research/data/genimage/biggan/imagenet_ai_0419_biggan/val/nature/ILSVRC2012_val_00000838.JPEG,0
0,0.011687257995694434,REAL,470.72907723486423,/workspace/benchmarks_ai_research/data/genimage/biggan/imagenet_ai_0419_biggan/val/nature/ILSVRC2012_val_00003143.JPEG,0
0,0.07263673848083786,FAKE,443.35394352674484,/workspace/benchmarks_ai_research/data/genimage/biggan/imagenet_ai_0419_biggan/val/nature/ILSVRC2012_val_00000788.JPEG,0
0,0.004609572179374208,REAL,392.6218952983618,/workspace/benchmarks_ai_research/data/genimage/biggan/imagenet_ai_0419_biggan/val/nature/ILSVRC2012_val_00039297.JPEG,0
0,0.03846619201832428,REAL,326.45597122609615,/workspace/benchmarks_ai_research/data/genimage/biggan/imagenet_ai_0419_biggan/val/nature/ILSVRC2012_val_00020695.JPEG,0
0,0.0010817152527255937,REAL,325.81655122339725,/workspace/benchmarks_ai_research/data/genimage/biggan/imagenet_ai_0419_biggan/val/nature/ILSVRC2012_val_00045683.JPEG,0
0,0.037326887344129464,REAL,367.99807101488113,/workspace/benchmarks_ai_research/data/genimage/biggan/imagenet_ai_0419_biggan/val/nature/ILSVRC2012_val_00048612.JPEG,0
0,0.07807816514495095,REAL,326.8159572035074,/workspace/benchmarks_ai_research/data/genimage/biggan/imagenet_ai_0419_biggan/val/nature/ILSVRC2012_val_00022149.JPEG,0
0,0.00045831290063503817,REAL,334.9324967712164,/workspace/benchmarks_ai_research/data/genimage/biggan/imagenet_ai_0419_biggan/val/nature/ILSVRC2012_val_00026068.JPEG,0
0,0.07258661501799835,FAKE,362.1231783181429,/workspace/benchmarks_ai_research/data/genimage/biggan/imagenet_ai_0419_biggan/val/nature/ILSVRC2012_val_00001429.JPEG,0
0,0.033589505650103976,REAL,325.7864248007536,/workspace/benchmarks_ai_research/data/genimage/biggan/imagenet_ai_0419_biggan/val/nature/ILSVRC2012_val_00041414.JPEG,0
0,0.031143830534778462,REAL,327.29263231158257,/workspace/benchmarks_ai_research/data/genimage/biggan/imagenet_ai_0419_biggan/val/nature/ILSVRC2012_val_00008296.JPEG,0
0,0.06097518086496481,REAL,327.00477726757526,/workspace/benchmarks_ai_research/data/genimage/biggan/imagenet_ai_0419_biggan/val/nature/ILSVRC2012_val_00022860.JPEG,0
0,0.002434382008505326,REAL,336.0168617218733,/workspace/benchmarks_ai_research/data/genimage/biggan/imagenet_ai_0419_biggan/val/nature/ILSVRC2012_val_00007514.JPEG,0
0,0.03210070671700819,REAL,328.5808563232422,/workspace/benchmarks_ai_research/data/genimage/biggan/imagenet_ai_0419_biggan/val/nature/ILSVRC2012_val_00038178.JPEG,0
0,0.027585282226789985,REAL,326.99353620409966,/workspace/benchmarks_ai_research/data/genimage/biggan/imagenet_ai_0419_biggan/val/nature/ILSVRC2012_val_00018961.JPEG,0
0,0.06656918897050168,REAL,325.92544704675674,/workspace/benchmarks_ai_research/data/genimage/biggan/imagenet_ai_0419_biggan/val/nature/ILSVRC2012_val_00016009.JPEG,0
0,0.005139611097568844,REAL,326.7226982861757,/workspace/benchmarks_ai_research/data/genimage/biggan/imagenet_ai_0419_biggan/val/nature/ILSVRC2012_val_00001299.JPEG,0
0,0.005730246514992079,REAL,328.40882800519466,/workspace/benchmarks_ai_research/data/genimage/biggan/imagenet_ai_0419_biggan/val/nature/ILSVRC2012_val_00035406.JPEG,0
0,0.002115703400593114,REAL,325.4602663218975,/workspace/benchmarks_ai_research/data/genimage/biggan/imagenet_ai_0419_biggan/val/nature/ILSVRC2012_val_00032005.JPEG,0
0,0.02194825371486785,REAL,327.76070199906826,/workspace/benchmarks_ai_research/data/genimage/biggan/imagenet_ai_0419_biggan/val/nature/ILSVRC2012_val_00005266.JPEG,0
0,0.0007916296072837431,REAL,382.819464430213,/workspace/benchmarks_ai_research/data/genimage/biggan/imagenet_ai_0419_biggan/val/nature/ILSVRC2012_val_00004856.JPEG,0
0,0.0034834241930806675,REAL,296.71033285558224,/workspace/benchmarks_ai_research/data/genimage/biggan/imagenet_ai_0419_biggan/val/nature/ILSVRC2012_val_00025394.JPEG,0
0,0.26284183737131667,REAL,393.09624023735523,/workspace/benchmarks_ai_research/data/genimage/biggan/imagenet_ai_0419_biggan/val/nature/ILSVRC2012_val_00026398.JPEG,0
0,0.12592276483513232,REAL,283.27248618006706,/workspace/benchmarks_ai_research/data/genimage/biggan/imagenet_ai_0419_biggan/val/nature/ILSVRC2012_val_00030933.JPEG,0
0,0.24220562872535945,REAL,282.2419870644808,/workspace/benchmarks_ai_research/data/genimage/biggan/imagenet_ai_0419_biggan/val/nature/ILSVRC2012_val_00025709.JPEG,0
0,0.0011513995656772138,REAL,290.1910077780485,/workspace/benchmarks_ai_research/data/genimage/biggan/imagenet_ai_0419_biggan/val/nature/ILSVRC2012_val_00041946.JPEG,0
0,0.014281933925111153,REAL,392.0201063156128,/workspace/benchmarks_ai_research/data/genimage/biggan/imagenet_ai_0419_biggan/val/nature/ILSVRC2012_val_00045449.JPEG,0
0,0.007011795381497108,REAL,329.67703603208065,/workspace/benchmarks_ai_research/data/genimage/biggan/imagenet_ai_0419_biggan/val/nature/ILSVRC2012_val_00029016.JPEG,0
0,0.016403032516163058,REAL,368.85458417236805,/workspace/benchmarks_ai_research/data/genimage/biggan/imagenet_ai_0419_biggan/val/nature/ILSVRC2012_val_00010867.JPEG,0
0,0.022286185539225494,REAL,367.6758389919996,/workspace/benchmarks_ai_research/data/genimage/biggan/imagenet_ai_0419_biggan/val/nature/ILSVRC2012_val_00000959.JPEG,0
0,0.0013458604012970923,REAL,325.7674127817154,/workspace/benchmarks_ai_research/data/genimage/biggan/imagenet_ai_0419_biggan/val/nature/ILSVRC2012_val_00016366.JPEG,0
0,0.0041987952714718675,REAL,367.7699416875839,/workspace/benchmarks_ai_research/data/genimage/biggan/imagenet_ai_0419_biggan/val/nature/ILSVRC2012_val_00026118.JPEG,0
0,0.0020190139004485808,REAL,330.56799322366714,/workspace/benchmarks_ai_research/data/genimage/biggan/imagenet_ai_0419_biggan/val/nature/ILSVRC2012_val_00010932.JPEG,0
0,0.006192990157855187,REAL,384.7088851034641,/workspace/benchmarks_ai_research/data/genimage/biggan/imagenet_ai_0419_biggan/val/nature/ILSVRC2012_val_00034076.JPEG,0
0,0.061875985723642724,REAL,375.67666359245777,/workspace/benchmarks_ai_research/data/genimage/biggan/imagenet_ai_0419_biggan/val/nature/ILSVRC2012_val_00030792.JPEG,0
0,0.010818448652863185,REAL,331.57986775040627,/workspace/benchmarks_ai_research/data/genimage/biggan/imagenet_ai_0419_biggan/val/nature/ILSVRC2012_val_00013238.JPEG,0
0,0.006488269596656705,REAL,327.3241762071848,/workspace/benchmarks_ai_research/data/genimage/biggan/imagenet_ai_0419_biggan/val/nature/ILSVRC2012_val_00041706.JPEG,0
0,0.20181322226037882,REAL,630.8711338788271,/workspace/benchmarks_ai_research/data/genimage/biggan/imagenet_ai_0419_biggan/val/nature/ILSVRC2012_val_00041785.JPEG,0
0,0.007937994101407319,REAL,373.15889820456505,/workspace/benchmarks_ai_research/data/genimage/biggan/imagenet_ai_0419_biggan/val/nature/ILSVRC2012_val_00018746.JPEG,0
0,0.0692894432650884,FAKE,393.7913291156292,/workspace/benchmarks_ai_research/data/genimage/biggan/imagenet_ai_0419_biggan/val/nature/ILSVRC2012_val_00003120.JPEG,0
0,0.0018386652876885773,REAL,326.7803154885769,/workspace/benchmarks_ai_research/data/genimage/biggan/imagenet_ai_0419_biggan/val/nature/ILSVRC2012_val_00038677.JPEG,0
0,0.009412589587609823,REAL,327.4768553674221,/workspace/benchmarks_ai_research/data/genimage/biggan/imagenet_ai_0419_biggan/val/nature/ILSVRC2012_val_00044425.JPEG,0
0,0.008445626941126032,REAL,333.18907022476196,/workspace/benchmarks_ai_research/data/genimage/biggan/imagenet_ai_0419_biggan/val/nature/ILSVRC2012_val_00030285.JPEG,0
0,0.06371499425196533,REAL,327.2681310772896,/workspace/benchmarks_ai_research/data/genimage/biggan/imagenet_ai_0419_biggan/val/nature/ILSVRC2012_val_00034881.JPEG,0
0,0.010652510839726162,REAL,325.888317078352,/workspace/benchmarks_ai_research/data/genimage/biggan/imagenet_ai_0419_biggan/val/nature/ILSVRC2012_val_00015446.JPEG,0
0,0.014281933925111153,REAL,328.4911513328552,/workspace/benchmarks_ai_research/data/genimage/biggan/imagenet_ai_0419_biggan/val/nature/ILSVRC2012_val_00030648.JPEG,0
0,0.29421497216298875,REAL,391.194811090827,/workspace/benchmarks_ai_research/data/genimage/biggan/imagenet_ai_0419_biggan/val/nature/ILSVRC2012_val_00017235.JPEG,0
0,0.0041987952714718675,REAL,784.8758287727833,/workspace/benchmarks_ai_research/data/genimage/biggan/imagenet_ai_0419_biggan/val/nature/ILSVRC2012_val_00039385.JPEG,0
0,0.005469274598698993,REAL,331.42562955617905,/workspace/benchmarks_ai_research/data/genimage/biggan/imagenet_ai_0419_biggan/val/nature/ILSVRC2012_val_00016953.JPEG,0
0,0.0209642408181275,REAL,275.94346553087234,/workspace/benchmarks_ai_research/data/genimage/biggan/imagenet_ai_0419_biggan/val/nature/ILSVRC2012_val_00007578.JPEG,0
0,0.07589733354770502,FAKE,363.54547180235386,/workspace/benchmarks_ai_research/data/genimage/biggan/imagenet_ai_0419_biggan/val/nature/ILSVRC2012_val_00031296.JPEG,0
0,0.0033766123817395013,REAL,392.77689531445503,/workspace/benchmarks_ai_research/data/genimage/biggan/imagenet_ai_0419_biggan/val/nature/ILSVRC2012_val_00035705.JPEG,0
0,0.009125637389180518,REAL,331.16231858730316,/workspace/benchmarks_ai_research/data/genimage/biggan/imagenet_ai_0419_biggan/val/nature/ILSVRC2012_val_00040385.JPEG,0
0,0.004755199909833047,REAL,369.38534677028656,/workspace/benchmarks_ai_research/data/genimage/biggan/imagenet_ai_0419_biggan/val/nature/ILSVRC2012_val_00005474.JPEG,0
0,0.008985428752560176,REAL,324.72772523760796,/workspace/benchmarks_ai_research/data/genimage/biggan/imagenet_ai_0419_biggan/val/nature/ILSVRC2012_val_00032524.JPEG,0
0,0.00439941316273649,REAL,327.5327291339636,/workspace/benchmarks_ai_research/data/genimage/biggan/imagenet_ai_0419_biggan/val/nature/ILSVRC2012_val_00014735.JPEG,0
0,0.007232763803479049,REAL,326.3333719223738,/workspace/benchmarks_ai_research/data/genimage/biggan/imagenet_ai_0419_biggan/val/nature/ILSVRC2012_val_00022648.JPEG,0
0,0.0063883209097212856,REAL,329.1808981448412,/workspace/benchmarks_ai_research/data/genimage/biggan/imagenet_ai_0419_biggan/val/nature/ILSVRC2012_val_00033880.JPEG,0
0,0.0063883209097212856,REAL,325.95330476760864,/workspace/benchmarks_ai_research/data/genimage/biggan/imagenet_ai_0419_biggan/val/nature/ILSVRC2012_val_00021074.JPEG,0
0,0.004070137715896127,REAL,503.2474994659424,/workspace/benchmarks_ai_research/data/genimage/biggan/imagenet_ai_0419_biggan/val/nature/ILSVRC2012_val_00030181.JPEG,0
0,0.11596071825396677,REAL,369.20691281557083,/workspace/benchmarks_ai_research/data/genimage/biggan/imagenet_ai_0419_biggan/val/nature/ILSVRC2012_val_00037376.JPEG,0
0,0.3007455789412415,REAL,324.56069253385067,/workspace/benchmarks_ai_research/data/genimage/biggan/imagenet_ai_0419_biggan/val/nature/ILSVRC2012_val_00047625.JPEG,0
0,0.013222821752305148,REAL,746.1461592465639,/workspace/benchmarks_ai_research/data/genimage/biggan/imagenet_ai_0419_biggan/val/nature/ILSVRC2012_val_00040443.JPEG,0
0,0.015189048807983947,REAL,330.81214129924774,/workspace/benchmarks_ai_research/data/genimage/biggan/imagenet_ai_0419_biggan/val/nature/ILSVRC2012_val_00018150.JPEG,0
0,0.008187909901696235,REAL,326.86413638293743,/workspace/benchmarks_ai_research/data/genimage/biggan/imagenet_ai_0419_biggan/val/nature/ILSVRC2012_val_00038204.JPEG,0
0,0.0038244836446372104,REAL,326.0485716164112,/workspace/benchmarks_ai_research/data/genimage/biggan/imagenet_ai_0419_biggan/val/nature/ILSVRC2012_val_00028168.JPEG,0
0,0.0194193481824486,REAL,326.63275487720966,/workspace/benchmarks_ai_research/data/genimage/biggan/imagenet_ai_0419_biggan/val/nature/ILSVRC2012_val_00005145.JPEG,0
0,0.017986209962091555,REAL,385.9498519450426,/workspace/benchmarks_ai_research/data/genimage/biggan/imagenet_ai_0419_biggan/val/nature/ILSVRC2012_val_00048416.JPEG,0
0,0.032589744766025344,REAL,383.4798652678728,/workspace/benchmarks_ai_research/data/genimage/biggan/imagenet_ai_0419_biggan/val/nature/ILSVRC2012_val_00036607.JPEG,0
0,0.08278206112829904,FAKE,445.8626713603735,/workspace/benchmarks_ai_research/data/genimage/biggan/imagenet_ai_0419_biggan/val/nature/ILSVRC2012_val_00002829.JPEG,0
0,0.008577485413711986,REAL,329.24424298107624,/workspace/benchmarks_ai_research/data/genimage/biggan/imagenet_ai_0419_biggan/val/nature/ILSVRC2012_val_00018977.JPEG,0
0,0.05500528829345415,REAL,502.16727517545223,/workspace/benchmarks_ai_research/data/genimage/biggan/imagenet_ai_0419_biggan/val/nature/ILSVRC2012_val_00008647.JPEG,0
0,0.00154876109428798,REAL,351.5261113643646,/workspace/benchmarks_ai_research/data/genimage/biggan/imagenet_ai_0419_biggan/val/nature/ILSVRC2012_val_00002509.JPEG,0
0,0.042087727915618836,REAL,325.5311008542776,/workspace/benchmarks_ai_research/data/genimage/biggan/imagenet_ai_0419_biggan/val/nature/ILSVRC2012_val_00046737.JPEG,0
0,0.0021489492836254285,REAL,369.78852935135365,/workspace/benchmarks_ai_research/data/genimage/biggan/imagenet_ai_0419_biggan/val/nature/ILSVRC2012_val_00033616.JPEG,0
0,0.004007288945911384,REAL,502.2007506340742,/workspace/benchmarks_ai_research/data/genimage/biggan/imagenet_ai_0419_biggan/val/nature/ILSVRC2012_val_00018515.JPEG,0
0,0.07239902391546361,FAKE,392.07215048372746,/workspace/benchmarks_ai_research/data/genimage/biggan/imagenet_ai_0419_biggan/val/nature/ILSVRC2012_val_00018716.JPEG,0
0,0.01665704000922906,REAL,564.4827950745821,/workspace/benchmarks_ai_research/data/genimage/biggan/imagenet_ai_0419_biggan/val/nature/ILSVRC2012_val_00026009.JPEG,0
0,0.016152834822140957,REAL,331.20492845773697,/workspace/benchmarks_ai_research/data/genimage/biggan/imagenet_ai_0419_biggan/val/nature/ILSVRC2012_val_00046787.JPEG,0
0,0.0953494648991095,REAL,326.95119827985764,/workspace/benchmarks_ai_research/data/genimage/biggan/imagenet_ai_0419_biggan/val/nature/ILSVRC2012_val_00018259.JPEG,0
0,0.007695647178392188,REAL,602.2557411342859,/workspace/benchmarks_ai_research/data/genimage/biggan/imagenet_ai_0419_biggan/val/nature/ILSVRC2012_val_00001878.JPEG,0
0,0.010652510839726162,REAL,467.4810040742159,/workspace/benchmarks_ai_research/data/genimage/biggan/imagenet_ai_0419_biggan/val/nature/ILSVRC2012_val_00044188.JPEG,0
0,0.00600359579657149,REAL,333.818506449461,/workspace/benchmarks_ai_research/data/genimage/biggan/imagenet_ai_0419_biggan/val/nature/ILSVRC2012_val_00040167.JPEG,0
0,0.07267432790935681,FAKE,390.8487558364868,/workspace/benchmarks_ai_research/data/genimage/biggan/imagenet_ai_0419_biggan/val/nature/ILSVRC2012_val_00019587.JPEG,0
0,0.05261895334771377,REAL,325.1534681767225,/workspace/benchmarks_ai_research/data/genimage/biggan/imagenet_ai_0419_biggan/val/nature/ILSVRC2012_val_00011759.JPEG,0
0,0.06560483745906928,REAL,471.4098572731018,/workspace/benchmarks_ai_research/data/genimage/biggan/imagenet_ai_0419_biggan/val/nature/ILSVRC2012_val_00000101.JPEG,0
0,0.0031236485998533104,REAL,322.73139990866184,/workspace/benchmarks_ai_research/data/genimage/biggan/imagenet_ai_0419_biggan/val/nature/ILSVRC2012_val_00034641.JPEG,0
0,0.011331753531361453,REAL,295.4191956669092,/workspace/benchmarks_ai_research/data/genimage/biggan/imagenet_ai_0419_biggan/val/nature/ILSVRC2012_val_00030517.JPEG,0
0,0.005554924703691103,REAL,329.7320753335953,/workspace/benchmarks_ai_research/data/genimage/biggan/imagenet_ai_0419_biggan/val/nature/ILSVRC2012_val_00041526.JPEG,0
0,0.029760093945964218,REAL,325.5778606981039,/workspace/benchmarks_ai_research/data/genimage/biggan/imagenet_ai_0419_biggan/val/nature/ILSVRC2012_val_00044956.JPEG,0
0,0.03021458706739398,REAL,299.61068369448185,/workspace/benchmarks_ai_research/data/genimage/biggan/imagenet_ai_0419_biggan/val/nature/ILSVRC2012_val_00006357.JPEG,0
0,0.0031236485998533104,REAL,327.41547748446465,/workspace/benchmarks_ai_research/data/genimage/biggan/imagenet_ai_0419_biggan/val/nature/ILSVRC2012_val_00015948.JPEG,0
0,0.002434382008505326,REAL,383.3243679255247,/workspace/benchmarks_ai_research/data/genimage/biggan/imagenet_ai_0419_biggan/val/nature/ILSVRC2012_val_00023210.JPEG,0
0,0.021615332762647654,REAL,379.3035168200731,/workspace/benchmarks_ai_research/data/genimage/biggan/imagenet_ai_0419_biggan/val/nature/ILSVRC2012_val_00011552.JPEG,0
0,0.0042646346921872726,REAL,327.3829072713852,/workspace/benchmarks_ai_research/data/genimage/biggan/imagenet_ai_0419_biggan/val/nature/ILSVRC2012_val_00049692.JPEG,0
0,0.06656918897050168,REAL,629.8960782587528,/workspace/benchmarks_ai_research/data/genimage/biggan/imagenet_ai_0419_biggan/val/nature/ILSVRC2012_val_00015995.JPEG,0
0,0.016403032516163058,REAL,328.06606963276863,/workspace/benchmarks_ai_research/data/genimage/biggan/imagenet_ai_0419_biggan/val/nature/ILSVRC2012_val_00041192.JPEG,0
0,0.011687257995694434,REAL,299.52897131443024,/workspace/benchmarks_ai_research/data/genimage/biggan/imagenet_ai_0419_biggan/val/nature/ILSVRC2012_val_00028257.JPEG,0
0,0.002115703400593114,REAL,390.296908095479,/workspace/benchmarks_ai_research/data/genimage/biggan/imagenet_ai_0419_biggan/val/nature/ILSVRC2012_val_00029932.JPEG,0
0,0.00564190850002335,REAL,373.33047576248646,/workspace/benchmarks_ai_research/data/genimage/biggan/imagenet_ai_0419_biggan/val/nature/ILSVRC2012_val_00039497.JPEG,0
0,0.006192990157855187,REAL,328.7109900265932,/workspace/benchmarks_ai_research/data/genimage/biggan/imagenet_ai_0419_biggan/val/nature/ILSVRC2012_val_00028380.JPEG,0
0,0.08035746882220708,REAL,326.0084446519613,/workspace/benchmarks_ai_research/data/genimage/biggan/imagenet_ai_0419_biggan/val/nature/ILSVRC2012_val_00046303.JPEG,0
0,0.07055959618729296,REAL,391.9469602406025,/workspace/benchmarks_ai_research/data/genimage/biggan/imagenet_ai_0419_biggan/val/nature/ILSVRC2012_val_00027718.JPEG,0
0,0.016152834822140957,REAL,297.1197050064802,/workspace/benchmarks_ai_research/data/genimage/biggan/imagenet_ai_0419_biggan/val/nature/ILSVRC2012_val_00026446.JPEG,0
0,0.016152834822140957,REAL,402.7156326919794,/workspace/benchmarks_ai_research/data/genimage/biggan/imagenet_ai_0419_biggan/val/nature/ILSVRC2012_val_00007426.JPEG,0
0,0.0015011822567369915,REAL,327.59346067905426,/workspace/benchmarks_ai_research/data/genimage/biggan/imagenet_ai_0419_biggan/val/nature/ILSVRC2012_val_00000665.JPEG,0
0,0.2598256379609837,REAL,325.6141636520624,/workspace/benchmarks_ai_research/data/genimage/biggan/imagenet_ai_0419_biggan/val/nature/ILSVRC2012_val_00048997.JPEG,0
0,0.007011795381497108,REAL,329.92067374289036,/workspace/benchmarks_ai_research/data/genimage/biggan/imagenet_ai_0419_biggan/val/nature/ILSVRC2012_val_00039418.JPEG,0
0,0.007121428745735101,REAL,330.274386331439,/workspace/benchmarks_ai_research/data/genimage/biggan/imagenet_ai_0419_biggan/val/nature/ILSVRC2012_val_00023338.JPEG,0
0,0.007937994101407319,REAL,565.3696916997433,/workspace/benchmarks_ai_research/data/genimage/biggan/imagenet_ai_0419_biggan/val/nature/ILSVRC2012_val_00035945.JPEG,0
0,0.025178841700601855,REAL,387.616952881217,/workspace/benchmarks_ai_research/data/genimage/biggan/imagenet_ai_0419_biggan/val/nature/ILSVRC2012_val_00037487.JPEG,0
0,0.013222821752305148,REAL,349.5777603238821,/workspace/benchmarks_ai_research/data/genimage/biggan/imagenet_ai_0419_biggan/val/nature/ILSVRC2012_val_00009259.JPEG,0
0,0.010489091259938018,REAL,391.5875256061554,/workspace/benchmarks_ai_research/data/genimage/biggan/imagenet_ai_0419_biggan/val/nature/ILSVRC2012_val_00016381.JPEG,0
0,0.003649987031209837,REAL,325.1111935824156,/workspace/benchmarks_ai_research/data/genimage/biggan/imagenet_ai_0419_biggan/val/nature/ILSVRC2012_val_00043065.JPEG,0
0,0.0034834241930806675,REAL,378.0229892581701,/workspace/benchmarks_ai_research/data/genimage/biggan/imagenet_ai_0419_biggan/val/nature/ILSVRC2012_val_00019146.JPEG,0
0,0.008187909901696235,REAL,296.2594460695982,/workspace/benchmarks_ai_research/data/genimage/biggan/imagenet_ai_0419_biggan/val/nature/ILSVRC2012_val_00009730.JPEG,0
0,0.06097518086496481,REAL,328.8568686693907,/workspace/benchmarks_ai_research/data/genimage/biggan/imagenet_ai_0419_biggan/val/nature/ILSVRC2012_val_00036762.JPEG,0
0,0.34864513533394575,REAL,270.2635210007429,/workspace/benchmarks_ai_research/data/genimage/biggan/imagenet_ai_0419_biggan/val/nature/ILSVRC2012_val_00023386.JPEG,0
0,0.005469274598698993,REAL,329.33255285024643,/workspace/benchmarks_ai_research/data/genimage/biggan/imagenet_ai_0419_biggan/val/nature/ILSVRC2012_val_00040901.JPEG,0
0,0.020645930739218447,REAL,323.8445818424225,/workspace/benchmarks_ai_research/data/genimage/biggan/imagenet_ai_0419_biggan/val/nature/ILSVRC2012_val_00000767.JPEG,0
0,0.012821214266594244,REAL,323.66857305169106,/workspace/benchmarks_ai_research/data/genimage/biggan/imagenet_ai_0419_biggan/val/nature/ILSVRC2012_val_00025018.JPEG,0
0,0.007345826574477061,REAL,327.04523019492626,/workspace/benchmarks_ai_research/data/genimage/biggan/imagenet_ai_0419_biggan/val/nature/ILSVRC2012_val_00029463.JPEG,0
0,0.004755199909833047,REAL,330.45720495283604,/workspace/benchmarks_ai_research/data/genimage/biggan/imagenet_ai_0419_biggan/val/nature/ILSVRC2012_val_00014313.JPEG,0
0,0.004007288945911384,REAL,400.2329632639885,/workspace/benchmarks_ai_research/data/genimage/biggan/imagenet_ai_0419_biggan/val/nature/ILSVRC2012_val_00011653.JPEG,0
0,0.0015731121653489969,REAL,381.78274407982826,/workspace/benchmarks_ai_research/data/genimage/biggan/imagenet_ai_0419_biggan/val/nature/ILSVRC2012_val_00012614.JPEG,0
0,0.005554924703691103,REAL,324.0555953234434,/workspace/benchmarks_ai_research/data/genimage/biggan/imagenet_ai_0419_biggan/val/nature/ILSVRC2012_val_00042589.JPEG,0
0,0.010489091259938018,REAL,379.27008233964443,/workspace/benchmarks_ai_research/data/genimage/biggan/imagenet_ai_0419_biggan/val/nature/ILSVRC2012_val_00039169.JPEG,0
0,0.0024726231566347748,REAL,331.2537334859371,/workspace/benchmarks_ai_research/data/genimage/biggan/imagenet_ai_0419_biggan/val/nature/ILSVRC2012_val_00035741.JPEG,0
0,0.02595735719779685,REAL,487.55436576902866,/workspace/benchmarks_ai_research/data/genimage/biggan/imagenet_ai_0419_biggan/val/nature/ILSVRC2012_val_00020142.JPEG,0
0,0.00225184727950302,REAL,324.7073031961918,/workspace/benchmarks_ai_research/data/genimage/biggan/imagenet_ai_0419_biggan/val/nature/ILSVRC2012_val_00033975.JPEG,0
0,0.0021489492836254285,REAL,381.6898036748171,/workspace/benchmarks_ai_research/data/genimage/biggan/imagenet_ai_0419_biggan/val/nature/ILSVRC2012_val_00019180.JPEG,0
0,0.001754614410099487,REAL,380.36664202809334,/workspace/benchmarks_ai_research/data/genimage/biggan/imagenet_ai_0419_biggan/val/nature/ILSVRC2012_val_00022643.JPEG,0
0,0.04336579876390677,REAL,284.0860914438963,/workspace/benchmarks_ai_research/data/genimage/biggan/imagenet_ai_0419_biggan/val/nature/ILSVRC2012_val_00048662.JPEG,0
0,0.010169657753872614,REAL,329.0824592113495,/workspace/benchmarks_ai_research/data/genimage/biggan/imagenet_ai_0419_biggan/val/nature/ILSVRC2012_val_00001897.JPEG,0
0,0.02479816019558566,REAL,323.6050419509411,/workspace/benchmarks_ai_research/data/genimage/biggan/imagenet_ai_0419_biggan/val/nature/ILSVRC2012_val_00038738.JPEG,0
0,0.01590639171181471,REAL,291.7330637574196,/workspace/benchmarks_ai_research/data/genimage/biggan/imagenet_ai_0419_biggan/val/nature/ILSVRC2012_val_00036838.JPEG,0
0,0.022629200033037256,REAL,387.6406326889992,/workspace/benchmarks_ai_research/data/genimage/biggan/imagenet_ai_0419_biggan/val/nature/ILSVRC2012_val_00022765.JPEG,0
0,0.001455062938532843,REAL,331.46366477012634,/workspace/benchmarks_ai_research/data/genimage/biggan/imagenet_ai_0419_biggan/val/nature/ILSVRC2012_val_00043219.JPEG,0
0,0.03846619201832428,REAL,326.6810476779938,/workspace/benchmarks_ai_research/data/genimage/biggan/imagenet_ai_0419_biggan/val/nature/ILSVRC2012_val_00009348.JPEG,0
0,0.06853749303199023,REAL,379.6948008239269,/workspace/benchmarks_ai_research/data/genimage/biggan/imagenet_ai_0419_biggan/val/nature/ILSVRC2012_val_00013830.JPEG,0
0,0.002434382008505326,REAL,325.3731820732355,/workspace/benchmarks_ai_research/data/genimage/biggan/imagenet_ai_0419_biggan/val/nature/ILSVRC2012_val_00020818.JPEG,0
0,0.06954174450582809,REAL,325.7296569645405,/workspace/benchmarks_ai_research/data/genimage/biggan/imagenet_ai_0419_biggan/val/nature/ILSVRC2012_val_00027225.JPEG,0
0,0.0034296039240944865,REAL,381.5612122416496,/workspace/benchmarks_ai_research/data/genimage/biggan/imagenet_ai_0419_biggan/val/nature/ILSVRC2012_val_00035474.JPEG,0
0,0.0018675659778932805,REAL,325.47262124717236,/workspace/benchmarks_ai_research/data/genimage/biggan/imagenet_ai_0419_biggan/val/nature/ILSVRC2012_val_00028051.JPEG,0
0,0.00506033203196621,REAL,327.9750682413578,/workspace/benchmarks_ai_research/data/genimage/biggan/imagenet_ai_0419_biggan/val/nature/ILSVRC2012_val_00025758.JPEG,0
0,0.027169231535681047,REAL,326.8871456384659,/workspace/benchmarks_ai_research/data/genimage/biggan/imagenet_ai_0419_biggan/val/nature/ILSVRC2012_val_00000897.JPEG,0
0,0.013020490113842825,REAL,366.6184600442648,/workspace/benchmarks_ai_research/data/genimage/biggan/imagenet_ai_0419_biggan/val/nature/ILSVRC2012_val_00038193.JPEG,0
0,0.006488269596656705,REAL,331.01660944521427,/workspace/benchmarks_ai_research/data/genimage/biggan/imagenet_ai_0419_biggan/val/nature/ILSVRC2012_val_00010397.JPEG,0
0,0.0018675659778932805,REAL,369.3616483360529,/workspace/benchmarks_ai_research/data/genimage/biggan/imagenet_ai_0419_biggan/val/nature/ILSVRC2012_val_00008259.JPEG,0
0,0.277100116092116,REAL,272.1699923276901,/workspace/benchmarks_ai_research/data/genimage/biggan/imagenet_ai_0419_biggan/val/nature/ILSVRC2012_val_00021043.JPEG,0
0,0.07585818002124356,REAL,324.71765764057636,/workspace/benchmarks_ai_research/data/genimage/biggan/imagenet_ai_0419_biggan/val/nature/ILSVRC2012_val_00031885.JPEG,0
0,0.05184546664977983,REAL,325.89831575751305,/workspace/benchmarks_ai_research/data/genimage/biggan/imagenet_ai_0419_biggan/val/nature/ILSVRC2012_val_00038105.JPEG,0
0,0.009268013380914325,REAL,328.8322538137436,/workspace/benchmarks_ai_research/data/genimage/biggan/imagenet_ai_0419_biggan/val/nature/ILSVRC2012_val_00019576.JPEG,0
0,0.010328152519305191,REAL,389.6556422114372,/workspace/benchmarks_ai_research/data/genimage/biggan/imagenet_ai_0419_biggan/val/nature/ILSVRC2012_val_00028460.JPEG,0
0,0.009268013380914325,REAL,327.5482151657343,/workspace/benchmarks_ai_research/data/genimage/biggan/imagenet_ai_0419_biggan/val/nature/ILSVRC2012_val_00015157.JPEG,0
0,0.001432536594710079,REAL,377.72474251687527,/workspace/benchmarks_ai_research/data/genimage/biggan/imagenet_ai_0419_biggan/val/nature/ILSVRC2012_val_00008221.JPEG,0
0,0.025178841700601855,REAL,324.9231707304716,/workspace/benchmarks_ai_research/data/genimage/biggan/imagenet_ai_0419_biggan/val/nature/ILSVRC2012_val_00001797.JPEG,0
0,0.020023441289455244,REAL,329.61137033998966,/workspace/benchmarks_ai_research/data/genimage/biggan/imagenet_ai_0419_biggan/val/nature/ILSVRC2012_val_00031158.JPEG,0
0,0.0029810327298548972,REAL,286.707304418087,/workspace/benchmarks_ai_research/data/genimage/biggan/imagenet_ai_0419_biggan/val/nature/ILSVRC2012_val_00009472.JPEG,0
0,0.00564190850002335,REAL,326.3666834682226,/workspace/benchmarks_ai_research/data/genimage/biggan/imagenet_ai_0419_biggan/val/nature/ILSVRC2012_val_00004242.JPEG,0
0,0.0194193481824486,REAL,326.2158166617155,/workspace/benchmarks_ai_research/data/genimage/biggan/imagenet_ai_0419_biggan/val/nature/ILSVRC2012_val_00035119.JPEG,0
0,0.0007208380258812108,REAL,326.96818746626377,/workspace/benchmarks_ai_research/data/genimage/biggan/imagenet_ai_0419_biggan/val/nature/ILSVRC2012_val_00041054.JPEG,0
0,0.0029810327298548972,REAL,328.8057763129473,/workspace/benchmarks_ai_research/data/genimage/biggan/imagenet_ai_0419_biggan/val/nature/ILSVRC2012_val_00046764.JPEG,0
0,0.024053552894426178,REAL,331.0658950358629,/workspace/benchmarks_ai_research/data/genimage/biggan/imagenet_ai_0419_biggan/val/nature/ILSVRC2012_val_00001757.JPEG,0
0,0.004755199909833047,REAL,326.32612995803356,/workspace/benchmarks_ai_research/data/genimage/biggan/imagenet_ai_0419_biggan/val/nature/ILSVRC2012_val_00010309.JPEG,0
0,0.005554924703691103,REAL,326.83985866606236,/workspace/benchmarks_ai_research/data/genimage/biggan/imagenet_ai_0419_biggan/val/nature/ILSVRC2012_val_00033590.JPEG,0
0,0.06278920859705135,REAL,325.6755843758583,/workspace/benchmarks_ai_research/data/genimage/biggan/imagenet_ai_0419_biggan/val/nature/ILSVRC2012_val_00018801.JPEG,0
1,0.9425067211996143,FAKE,553.4281060099602,/workspace/benchmarks_ai_research/data/genimage/biggan/imagenet_ai_0419_biggan/val/nature/ILSVRC2012_val_00046526.JPEG,0
0,0.07055959618729296,REAL,297.9655843228102,/workspace/benchmarks_ai_research/data/genimage/biggan/imagenet_ai_0419_biggan/val/nature/ILSVRC2012_val_00004107.JPEG,0
0,0.01098694263059318,REAL,330.6811563670635,/workspace/benchmarks_ai_research/data/genimage/biggan/imagenet_ai_0419_biggan/val/nature/ILSVRC2012_val_00020619.JPEG,0
0,0.18952109132967754,REAL,325.7852662354708,/workspace/benchmarks_ai_research/data/genimage/biggan/imagenet_ai_0419_biggan/val/nature/ILSVRC2012_val_00006672.JPEG,0
0,0.015424552081841137,REAL,369.53201331198215,/workspace/benchmarks_ai_research/data/genimage/biggan/imagenet_ai_0419_biggan/val/nature/ILSVRC2012_val_00021042.JPEG,0
0,0.0194193481824486,REAL,340.0448188185692,/workspace/benchmarks_ai_research/data/genimage/biggan/imagenet_ai_0419_biggan/val/nature/ILSVRC2012_val_00001683.JPEG,0
0,0.00433150202056399,REAL,722.1921402961016,/workspace/benchmarks_ai_research/data/genimage/biggan/imagenet_ai_0419_biggan/val/nature/ILSVRC2012_val_00022383.JPEG,0
0,0.008445626941126032,REAL,388.08094896376133,/workspace/benchmarks_ai_research/data/genimage/biggan/imagenet_ai_0419_biggan/val/nature/ILSVRC2012_val_00035394.JPEG,0
0,0.005469274598698993,REAL,324.46107640862465,/workspace/benchmarks_ai_research/data/genimage/biggan/imagenet_ai_0419_biggan/val/nature/ILSVRC2012_val_00042605.JPEG,0
0,0.0027149854690051763,REAL,325.26400312781334,/workspace/benchmarks_ai_research/data/genimage/biggan/imagenet_ai_0419_biggan/val/nature/ILSVRC2012_val_00031175.JPEG,0
0,0.003324436891655637,REAL,328.2929975539446,/workspace/benchmarks_ai_research/data/genimage/biggan/imagenet_ai_0419_biggan/val/nature/ILSVRC2012_val_00049889.JPEG,0
0,0.15405756269148546,REAL,503.86959686875343,/workspace/benchmarks_ai_research/data/genimage/biggan/imagenet_ai_0419_biggan/val/nature/ILSVRC2012_val_00036496.JPEG,0
0,0.0035936025814200896,REAL,325.3260962665081,/workspace/benchmarks_ai_research/data/genimage/biggan/imagenet_ai_0419_biggan/val/nature/ILSVRC2012_val_00001300.JPEG,0
0,0.23934934732271168,REAL,308.62532928586006,/workspace/benchmarks_ai_research/data/genimage/biggan/imagenet_ai_0419_biggan/val/nature/ILSVRC2012_val_00004561.JPEG,0
0,0.014281933925111153,REAL,324.43798519670963,/workspace/benchmarks_ai_research/data/genimage/biggan/imagenet_ai_0419_biggan/val/nature/ILSVRC2012_val_00021558.JPEG,0
0,0.0023596606820630445,REAL,330.4859083145857,/workspace/benchmarks_ai_research/data/genimage/biggan/imagenet_ai_0419_biggan/val/nature/ILSVRC2012_val_00037948.JPEG,0
0,0.0008426423087564059,REAL,392.2991808503866,/workspace/benchmarks_ai_research/data/genimage/biggan/imagenet_ai_0419_biggan/val/nature/ILSVRC2012_val_00006575.JPEG,0
0,0.01495708659314999,REAL,332.17383176088333,/workspace/benchmarks_ai_research/data/genimage/biggan/imagenet_ai_0419_biggan/val/nature/ILSVRC2012_val_00040274.JPEG,0
0,0.001754614410099487,REAL,330.7126574218273,/workspace/benchmarks_ai_research/data/genimage/biggan/imagenet_ai_0419_biggan/val/nature/ILSVRC2012_val_00022754.JPEG,0
0,0.029312230751356316,REAL,330.77053539454937,/workspace/benchmarks_ai_research/data/genimage/biggan/imagenet_ai_0419_biggan/val/nature/ILSVRC2012_val_00019903.JPEG,0
0,0.0024726231566347748,REAL,329.03750240802765,/workspace/benchmarks_ai_research/data/genimage/biggan/imagenet_ai_0419_biggan/val/nature/ILSVRC2012_val_00006772.JPEG,0
0,0.009559399347091532,REAL,331.88458159565926,/workspace/benchmarks_ai_research/data/genimage/biggan/imagenet_ai_0419_biggan/val/nature/ILSVRC2012_val_00030805.JPEG,0
0,0.001116014259843091,REAL,305.77191710472107,/workspace/benchmarks_ai_research/data/genimage/biggan/imagenet_ai_0419_biggan/val/nature/ILSVRC2012_val_00009711.JPEG,0
0,0.006797531550373378,REAL,329.1581477969885,/workspace/benchmarks_ai_research/data/genimage/biggan/imagenet_ai_0419_biggan/val/nature/ILSVRC2012_val_00003050.JPEG,0
0,0.003649987031209837,REAL,333.16823095083237,/workspace/benchmarks_ai_research/data/genimage/biggan/imagenet_ai_0419_biggan/val/nature/ILSVRC2012_val_00018940.JPEG,0
0,0.012053779516236447,REAL,333.38383585214615,/workspace/benchmarks_ai_research/data/genimage/biggan/imagenet_ai_0419_biggan/val/nature/ILSVRC2012_val_00015265.JPEG,0
0,0.005819959584259008,REAL,326.74250565469265,/workspace/benchmarks_ai_research/data/genimage/biggan/imagenet_ai_0419_biggan/val/nature/ILSVRC2012_val_00030790.JPEG,0
0,0.3198088054588521,REAL,328.55731807649136,/workspace/benchmarks_ai_research/data/genimage/biggan/imagenet_ai_0419_biggan/val/nature/ILSVRC2012_val_00006162.JPEG,0
0,0.07456442921431003,FAKE,389.9470157921314,/workspace/benchmarks_ai_research/data/genimage/biggan/imagenet_ai_0419_biggan/val/nature/ILSVRC2012_val_00035030.JPEG,0
0,0.022629200033037256,REAL,389.62508738040924,/workspace/benchmarks_ai_research/data/genimage/biggan/imagenet_ai_0419_biggan/val/nature/ILSVRC2012_val_00028569.JPEG,0
0,0.008315778477474129,REAL,331.446323543787,/workspace/benchmarks_ai_research/data/genimage/biggan/imagenet_ai_0419_biggan/val/nature/ILSVRC2012_val_00044729.JPEG,0
0,0.002511463513809854,REAL,325.187373906374,/workspace/benchmarks_ai_research/data/genimage/biggan/imagenet_ai_0419_biggan/val/nature/ILSVRC2012_val_00039147.JPEG,0
0,0.0038244836446372104,REAL,322.9690957814455,/workspace/benchmarks_ai_research/data/genimage/biggan/imagenet_ai_0419_biggan/val/nature/ILSVRC2012_val_00019707.JPEG,0
0,0.09670579329612154,REAL,347.8396236896515,/workspace/benchmarks_ai_research/data/genimage/biggan/imagenet_ai_0419_biggan/val/nature/ILSVRC2012_val_00034466.JPEG,0
0,0.0026730060327886528,REAL,326.72577537596226,/workspace/benchmarks_ai_research/data/genimage/biggan/imagenet_ai_0419_biggan/val/nature/ILSVRC2012_val_00032462.JPEG,0
0,0.01665704000922906,REAL,330.1361929625273,/workspace/benchmarks_ai_research/data/genimage/biggan/imagenet_ai_0419_biggan/val/nature/ILSVRC2012_val_00012347.JPEG,0
0,0.012241275291807161,REAL,464.665237814188,/workspace/benchmarks_ai_research/data/genimage/biggan/imagenet_ai_0419_biggan/val/nature/ILSVRC2012_val_00041103.JPEG,0
0,0.008061991528271641,REAL,326.2969832867384,/workspace/benchmarks_ai_research/data/genimage/biggan/imagenet_ai_0419_biggan/val/nature/ILSVRC2012_val_00045660.JPEG,0
0,0.021615332762647654,REAL,380.6140385568142,/workspace/benchmarks_ai_research/data/genimage/biggan/imagenet_ai_0419_biggan/val/nature/ILSVRC2012_val_00038247.JPEG,0
0,0.10087862273005653,REAL,326.50128193199635,/workspace/benchmarks_ai_research/data/genimage/biggan/imagenet_ai_0419_biggan/val/nature/ILSVRC2012_val_00018371.JPEG,0
0,0.011331753531361453,REAL,327.86536030471325,/workspace/benchmarks_ai_research/data/genimage/biggan/imagenet_ai_0419_biggan/val/nature/ILSVRC2012_val_00033335.JPEG,0
0,0.0012065897122463891,REAL,324.77667555212975,/workspace/benchmarks_ai_research/data/genimage/biggan/imagenet_ai_0419_biggan/val/nature/ILSVRC2012_val_00016213.JPEG,0
0,0.001727458626729702,REAL,384.12830978631973,/workspace/benchmarks_ai_research/data/genimage/biggan/imagenet_ai_0419_biggan/val/nature/ILSVRC2012_val_00034768.JPEG,0
0,0.04023794262361602,REAL,379.5101083815098,/workspace/benchmarks_ai_research/data/genimage/biggan/imagenet_ai_0419_biggan/val/nature/ILSVRC2012_val_00004055.JPEG,0
0,0.3237871396652476,REAL,281.350152567029,/workspace/benchmarks_ai_research/data/genimage/biggan/imagenet_ai_0419_biggan/val/nature/ILSVRC2012_val_00034394.JPEG,0
0,0.008577485413711986,REAL,384.1614406555891,/workspace/benchmarks_ai_research/data/genimage/biggan/imagenet_ai_0419_biggan/val/nature/ILSVRC2012_val_00018605.JPEG,0
0,0.0022170130229473865,REAL,277.8952829539776,/workspace/benchmarks_ai_research/data/genimage/biggan/imagenet_ai_0419_biggan/val/nature/ILSVRC2012_val_00012507.JPEG,0
0,0.30735801686526387,REAL,326.59976929426193,/workspace/benchmarks_ai_research/data/genimage/biggan/imagenet_ai_0419_biggan/val/nature/ILSVRC2012_val_00008045.JPEG,0
0,0.011158031248084033,REAL,324.7469197958708,/workspace/benchmarks_ai_research/data/genimage/biggan/imagenet_ai_0419_biggan/val/nature/ILSVRC2012_val_00005762.JPEG,0
0,0.12765262532179067,REAL,323.7753175199032,/workspace/benchmarks_ai_research/data/genimage/biggan/imagenet_ai_0419_biggan/val/nature/ILSVRC2012_val_00017119.JPEG,0
0,0.03021458706739398,REAL,330.70650696754456,/workspace/benchmarks_ai_research/data/genimage/biggan/imagenet_ai_0419_biggan/val/nature/ILSVRC2012_val_00025798.JPEG,0
0,0.03846619201832428,REAL,387.39683106541634,/workspace/benchmarks_ai_research/data/genimage/biggan/imagenet_ai_0419_biggan/val/nature/ILSVRC2012_val_00036488.JPEG,0
0,0.07585818002124356,REAL,282.7523108571768,/workspace/benchmarks_ai_research/data/genimage/biggan/imagenet_ai_0419_biggan/val/nature/ILSVRC2012_val_00049314.JPEG,0
0,0.04813677111663481,REAL,325.6964422762394,/workspace/benchmarks_ai_research/data/genimage/biggan/imagenet_ai_0419_biggan/val/nature/ILSVRC2012_val_00038029.JPEG,0
0,0.012624949281564409,REAL,327.00882479548454,/workspace/benchmarks_ai_research/data/genimage/biggan/imagenet_ai_0419_biggan/val/nature/ILSVRC2012_val_00039526.JPEG,0
0,0.07103684444092145,FAKE,417.9458525031805,/workspace/benchmarks_ai_research/data/genimage/biggan/imagenet_ai_0419_biggan/val/nature/ILSVRC2012_val_00028423.JPEG,0
0,0.004070137715896127,REAL,323.06778617203236,/workspace/benchmarks_ai_research/data/genimage/biggan/imagenet_ai_0419_biggan/val/nature/ILSVRC2012_val_00039148.JPEG,0
0,0.001187905494116342,REAL,366.58546328544617,/workspace/benchmarks_ai_research/data/genimage/biggan/imagenet_ai_0419_biggan/val/nature/ILSVRC2012_val_00021159.JPEG,0
0,0.37754066879814546,REAL,293.03733445703983,/workspace/benchmarks_ai_research/data/genimage/biggan/imagenet_ai_0419_biggan/val/nature/ILSVRC2012_val_00015108.JPEG,0
0,0.002050743539917378,REAL,327.22057588398457,/workspace/benchmarks_ai_research/data/genimage/biggan/imagenet_ai_0419_biggan/val/nature/ILSVRC2012_val_00028973.JPEG,0
0,0.009412589587609823,REAL,328.17054353654385,/workspace/benchmarks_ai_research/data/genimage/biggan/imagenet_ai_0419_biggan/val/nature/ILSVRC2012_val_00006727.JPEG,0
0,0.12765262532179067,REAL,331.0728333890438,/workspace/benchmarks_ai_research/data/genimage/biggan/imagenet_ai_0419_biggan/val/nature/ILSVRC2012_val_00020745.JPEG,0
0,0.022629200033037256,REAL,324.8847909271717,/workspace/benchmarks_ai_research/data/genimage/biggan/imagenet_ai_0419_biggan/val/nature/ILSVRC2012_val_00042444.JPEG,0
0,0.004070137715896127,REAL,325.3740034997463,/workspace/benchmarks_ai_research/data/genimage/biggan/imagenet_ai_0419_biggan/val/nature/ILSVRC2012_val_00043263.JPEG,0
0,0.020332353342658753,REAL,325.85612684488297,/workspace/benchmarks_ai_research/data/genimage/biggan/imagenet_ai_0419_biggan/val/nature/ILSVRC2012_val_00005578.JPEG,0
0,0.05582314113461443,REAL,373.3586110174656,/workspace/benchmarks_ai_research/data/genimage/biggan/imagenet_ai_0419_biggan/val/nature/ILSVRC2012_val_00041408.JPEG,0
0,0.2936358608847019,REAL,326.50274969637394,/workspace/benchmarks_ai_research/data/genimage/biggan/imagenet_ai_0419_biggan/val/nature/ILSVRC2012_val_00022945.JPEG,0
0,0.01744248473620534,REAL,467.28935837745667,/workspace/benchmarks_ai_research/data/genimage/biggan/imagenet_ai_0419_biggan/val/nature/ILSVRC2012_val_00008825.JPEG,0
0,0.015424552081841137,REAL,391.13400131464005,/workspace/benchmarks_ai_research/data/genimage/biggan/imagenet_ai_0419_biggan/val/nature/ILSVRC2012_val_00037470.JPEG,0
0,0.011331753531361453,REAL,519.7203792631626,/workspace/benchmarks_ai_research/data/genimage/biggan/imagenet_ai_0419_biggan/val/nature/ILSVRC2012_val_00019293.JPEG,0
0,0.006488269596656705,REAL,331.1106637120247,/workspace/benchmarks_ai_research/data/genimage/biggan/imagenet_ai_0419_biggan/val/nature/ILSVRC2012_val_00027561.JPEG,0
0,0.02194825371486785,REAL,369.332879781723,/workspace/benchmarks_ai_research/data/genimage/biggan/imagenet_ai_0419_biggan/val/nature/ILSVRC2012_val_00046017.JPEG,0
0,0.07290030565206068,FAKE,346.25363163650036,/workspace/benchmarks_ai_research/data/genimage/biggan/imagenet_ai_0419_biggan/val/nature/ILSVRC2012_val_00034293.JPEG,0
0,0.00506033203196621,REAL,758.6009744554758,/workspace/benchmarks_ai_research/data/genimage/biggan/imagenet_ai_0419_biggan/val/nature/ILSVRC2012_val_00020445.JPEG,0
0,0.1500288243424251,REAL,325.7975149899721,/workspace/benchmarks_ai_research/data/genimage/biggan/imagenet_ai_0419_biggan/val/nature/ILSVRC2012_val_00042224.JPEG,0
0,0.0030753698500482337,REAL,330.31849190592766,/workspace/benchmarks_ai_research/data/genimage/biggan/imagenet_ai_0419_biggan/val/nature/ILSVRC2012_val_00024270.JPEG,0
0,0.01826427835185701,REAL,325.4172336310148,/workspace/benchmarks_ai_research/data/genimage/biggan/imagenet_ai_0419_biggan/val/nature/ILSVRC2012_val_00030566.JPEG,0
0,0.00433150202056399,REAL,388.83739337325096,/workspace/benchmarks_ai_research/data/genimage/biggan/imagenet_ai_0419_biggan/val/nature/ILSVRC2012_val_00047509.JPEG,0
0,0.027585282226789985,REAL,293.3178525418043,/workspace/benchmarks_ai_research/data/genimage/biggan/imagenet_ai_0419_biggan/val/nature/ILSVRC2012_val_00006014.JPEG,0
0,0.0046818225243337366,REAL,370.47551944851875,/workspace/benchmarks_ai_research/data/genimage/biggan/imagenet_ai_0419_biggan/val/nature/ILSVRC2012_val_00035987.JPEG,0
0,0.027169231535681047,REAL,286.11489199101925,/workspace/benchmarks_ai_research/data/genimage/biggan/imagenet_ai_0419_biggan/val/nature/ILSVRC2012_val_00016118.JPEG,0
0,0.0035380860570885376,REAL,379.91172447800636,/workspace/benchmarks_ai_research/data/genimage/biggan/imagenet_ai_0419_biggan/val/nature/ILSVRC2012_val_00048811.JPEG,0
0,0.010652510839726162,REAL,325.01236349344254,/workspace/benchmarks_ai_research/data/genimage/biggan/imagenet_ai_0419_biggan/val/nature/ILSVRC2012_val_00017752.JPEG,0
0,0.010169657753872614,REAL,276.1696968227625,/workspace/benchmarks_ai_research/data/genimage/biggan/imagenet_ai_0419_biggan/val/nature/ILSVRC2012_val_00033934.JPEG,0
0,0.0015011822567369915,REAL,325.8351944386959,/workspace/benchmarks_ai_research/data/genimage/biggan/imagenet_ai_0419_biggan/val/nature/ILSVRC2012_val_00025305.JPEG,0
0,0.007577241267860811,REAL,330.51979914307594,/workspace/benchmarks_ai_research/data/genimage/biggan/imagenet_ai_0419_biggan/val/nature/ILSVRC2012_val_00018393.JPEG,0
0,0.03021458706739398,REAL,326.09620317816734,/workspace/benchmarks_ai_research/data/genimage/biggan/imagenet_ai_0419_biggan/val/nature/ILSVRC2012_val_00037301.JPEG,0
1,,ERROR,0.0,/workspace/benchmarks_ai_research/data/genimage/biggan/imagenet_ai_0419_biggan/val/nature/ILSVRC2012_val_00044052.JPEG,0
0,0.017986209962091555,REAL,392.2835048288107,/workspace/benchmarks_ai_research/data/genimage/biggan/imagenet_ai_0419_biggan/val/nature/ILSVRC2012_val_00012850.JPEG,0
0,0.0029810327298548972,REAL,324.09836910665035,/workspace/benchmarks_ai_research/data/genimage/biggan/imagenet_ai_0419_biggan/val/nature/ILSVRC2012_val_00049045.JPEG,0
0,0.00564190850002335,REAL,335.96558682620525,/workspace/benchmarks_ai_research/data/genimage/biggan/imagenet_ai_0419_biggan/val/nature/ILSVRC2012_val_00007733.JPEG,0
0,0.08035746882220708,REAL,325.2740688621998,/workspace/benchmarks_ai_research/data/genimage/biggan/imagenet_ai_0419_biggan/val/nature/ILSVRC2012_val_00028671.JPEG,0
0,0.0007208380258812108,REAL,297.7382093667984,/workspace/benchmarks_ai_research/data/genimage/biggan/imagenet_ai_0419_biggan/val/nature/ILSVRC2012_val_00000726.JPEG,0
0,0.0002234163601827719,REAL,500.15103444457054,/workspace/benchmarks_ai_research/data/genimage/biggan/imagenet_ai_0419_biggan/val/nature/ILSVRC2012_val_00024141.JPEG,0
0,0.010818448652863185,REAL,383.4757134318352,/workspace/benchmarks_ai_research/data/genimage/biggan/imagenet_ai_0419_biggan/val/nature/ILSVRC2012_val_00040437.JPEG,0
0,0.12940273159163906,REAL,330.6015357375145,/workspace/benchmarks_ai_research/data/genimage/biggan/imagenet_ai_0419_biggan/val/nature/ILSVRC2012_val_00046823.JPEG,0
0,0.02297736991002561,REAL,390.1754952967167,/workspace/benchmarks_ai_research/data/genimage/biggan/imagenet_ai_0419_biggan/val/nature/ILSVRC2012_val_00039122.JPEG,0
0,0.004905405705722035,REAL,326.43867284059525,/workspace/benchmarks_ai_research/data/genimage/biggan/imagenet_ai_0419_biggan/val/nature/ILSVRC2012_val_00013145.JPEG,0
0,0.013428254741968517,REAL,323.42200353741646,/workspace/benchmarks_ai_research/data/genimage/biggan/imagenet_ai_0419_biggan/val/nature/ILSVRC2012_val_00009058.JPEG,0
0,0.06560483745906928,REAL,325.3472074866295,/workspace/benchmarks_ai_research/data/genimage/biggan/imagenet_ai_0419_biggan/val/nature/ILSVRC2012_val_00049633.JPEG,0
0,0.062244140679520006,FAKE,335.14992892742157,/workspace/benchmarks_ai_research/data/genimage/biggan/imagenet_ai_0419_biggan/val/nature/ILSVRC2012_val_00034379.JPEG,0
0,0.01691491326672651,REAL,370.4256992787123,/workspace/benchmarks_ai_research/data/genimage/biggan/imagenet_ai_0419_biggan/val/nature/ILSVRC2012_val_00029497.JPEG,0
0,0.01691491326672651,REAL,324.4595378637314,/workspace/benchmarks_ai_research/data/genimage/biggan/imagenet_ai_0419_biggan/val/nature/ILSVRC2012_val_00046651.JPEG,0
0,0.008061991528271641,REAL,389.7358812391758,/workspace/benchmarks_ai_research/data/genimage/biggan/imagenet_ai_0419_biggan/val/nature/ILSVRC2012_val_00039457.JPEG,0
0,0.0027149854690051763,REAL,282.49997459352016,/workspace/benchmarks_ai_research/data/genimage/biggan/imagenet_ai_0419_biggan/val/nature/ILSVRC2012_val_00006929.JPEG,0
0,0.08756383952305867,REAL,329.9596328288317,/workspace/benchmarks_ai_research/data/genimage/biggan/imagenet_ai_0419_biggan/val/nature/ILSVRC2012_val_00035242.JPEG,0
0,0.04336579876390677,REAL,774.8956270515919,/workspace/benchmarks_ai_research/data/genimage/biggan/imagenet_ai_0419_biggan/val/nature/ILSVRC2012_val_00004312.JPEG,0
0,0.015189048807983947,REAL,326.1293862015009,/workspace/benchmarks_ai_research/data/genimage/biggan/imagenet_ai_0419_biggan/val/nature/ILSVRC2012_val_00002589.JPEG,0
0,0.06560483745906928,REAL,372.98343889415264,/workspace/benchmarks_ai_research/data/genimage/biggan/imagenet_ai_0419_biggan/val/nature/ILSVRC2012_val_00037783.JPEG,0
1,,ERROR,0.0,/workspace/benchmarks_ai_research/data/genimage/biggan/imagenet_ai_0419_biggan/val/nature/ILSVRC2012_val_00046866.JPEG,0
0,0.017986209962091555,REAL,289.3879171460867,/workspace/benchmarks_ai_research/data/genimage/biggan/imagenet_ai_0419_biggan/val/nature/ILSVRC2012_val_00034403.JPEG,0
0,0.00439941316273649,REAL,384.3774516135454,/workspace/benchmarks_ai_research/data/genimage/biggan/imagenet_ai_0419_biggan/val/nature/ILSVRC2012_val_00043648.JPEG,0
0,0.0007096703991005882,REAL,708.7130285799503,/workspace/benchmarks_ai_research/data/genimage/biggan/imagenet_ai_0419_biggan/val/nature/ILSVRC2012_val_00032244.JPEG,0
0,0.013636835281429876,REAL,341.21791273355484,/workspace/benchmarks_ai_research/data/genimage/biggan/imagenet_ai_0419_biggan/val/nature/ILSVRC2012_val_00007774.JPEG,0
0,0.007345826574477061,REAL,366.34002812206745,/workspace/benchmarks_ai_research/data/genimage/biggan/imagenet_ai_0419_biggan/val/nature/ILSVRC2012_val_00007242.JPEG,0
0,0.02800752060598813,REAL,329.6388778835535,/workspace/benchmarks_ai_research/data/genimage/biggan/imagenet_ai_0419_biggan/val/nature/ILSVRC2012_val_00002050.JPEG,0
0,0.0032730649706716308,REAL,325.5399987101555,/workspace/benchmarks_ai_research/data/genimage/biggan/imagenet_ai_0419_biggan/val/nature/ILSVRC2012_val_00027763.JPEG,0
0,0.033085978388704126,REAL,325.23831352591515,/workspace/benchmarks_ai_research/data/genimage/biggan/imagenet_ai_0419_biggan/val/nature/ILSVRC2012_val_00037048.JPEG,0
0,0.0018969200744787132,REAL,325.9837832301855,/workspace/benchmarks_ai_research/data/genimage/biggan/imagenet_ai_0419_biggan/val/nature/ILSVRC2012_val_00028007.JPEG,0
0,0.002287227605869875,REAL,333.36398005485535,/workspace/benchmarks_ai_research/data/genimage/biggan/imagenet_ai_0419_biggan/val/nature/ILSVRC2012_val_00046503.JPEG,0
0,0.03514484640079327,REAL,331.13453909754753,/workspace/benchmarks_ai_research/data/genimage/biggan/imagenet_ai_0419_biggan/val/nature/ILSVRC2012_val_00027075.JPEG,0
0,0.010013570623173138,REAL,324.70715045928955,/workspace/benchmarks_ai_research/data/genimage/biggan/imagenet_ai_0419_biggan/val/nature/ILSVRC2012_val_00014437.JPEG,0
0,0.008711384457705508,REAL,327.12176628410816,/workspace/benchmarks_ai_research/data/genimage/biggan/imagenet_ai_0419_biggan/val/nature/ILSVRC2012_val_00048243.JPEG,0
0,0.010652510839726162,REAL,328.3328786492348,/workspace/benchmarks_ai_research/data/genimage/biggan/imagenet_ai_0419_biggan/val/nature/ILSVRC2012_val_00015054.JPEG,0
0,0.005139611097568844,REAL,578.946053981781,/workspace/benchmarks_ai_research/data/genimage/biggan/imagenet_ai_0419_biggan/val/nature/ILSVRC2012_val_00046828.JPEG,0
0,0.0006070755804415096,REAL,329.4464498758316,/workspace/benchmarks_ai_research/data/genimage/biggan/imagenet_ai_0419_biggan/val/nature/ILSVRC2012_val_00003873.JPEG,0
0,0.029312230751356316,REAL,324.2986127734184,/workspace/benchmarks_ai_research/data/genimage/biggan/imagenet_ai_0419_biggan/val/nature/ILSVRC2012_val_00039348.JPEG,0
0,0.014281933925111153,REAL,323.68285953998566,/workspace/benchmarks_ai_research/data/genimage/biggan/imagenet_ai_0419_biggan/val/nature/ILSVRC2012_val_00002717.JPEG,0
0,0.00530189486940215,REAL,323.7260561436415,/workspace/benchmarks_ai_research/data/genimage/biggan/imagenet_ai_0419_biggan/val/nature/ILSVRC2012_val_00012266.JPEG,0
0,0.184767510648,REAL,293.4374660253525,/workspace/benchmarks_ai_research/data/genimage/biggan/imagenet_ai_0419_biggan/val/nature/ILSVRC2012_val_00035475.JPEG,0
0,0.010169657753872614,REAL,375.64891949296,/workspace/benchmarks_ai_research/data/genimage/biggan/imagenet_ai_0419_biggan/val/nature/ILSVRC2012_val_00014010.JPEG,0
0,0.01495708659314999,REAL,326.7488367855549,/workspace/benchmarks_ai_research/data/genimage/biggan/imagenet_ai_0419_biggan/val/nature/ILSVRC2012_val_00042025.JPEG,0
0,0.007121428745735101,REAL,329.1749022901058,/workspace/benchmarks_ai_research/data/genimage/biggan/imagenet_ai_0419_biggan/val/nature/ILSVRC2012_val_00043575.JPEG,0
0,0.0046818225243337366,REAL,326.4813832938671,/workspace/benchmarks_ai_research/data/genimage/biggan/imagenet_ai_0419_biggan/val/nature/ILSVRC2012_val_00031577.JPEG,0
0,0.00225184727950302,REAL,327.83988304436207,/workspace/benchmarks_ai_research/data/genimage/biggan/imagenet_ai_0419_biggan/val/nature/ILSVRC2012_val_00040325.JPEG,0
0,0.022629200033037256,REAL,329.4467758387327,/workspace/benchmarks_ai_research/data/genimage/biggan/imagenet_ai_0419_biggan/val/nature/ILSVRC2012_val_00016903.JPEG,0
0,0.12252321251815919,REAL,336.1233826726675,/workspace/benchmarks_ai_research/data/genimage/biggan/imagenet_ai_0419_biggan/val/nature/ILSVRC2012_val_00006110.JPEG,0
0,0.3458623077998423,REAL,381.62182085216045,/workspace/benchmarks_ai_research/data/genimage/biggan/imagenet_ai_0419_biggan/val/nature/ILSVRC2012_val_00003815.JPEG,0
0,0.018546564512117298,REAL,379.9019865691662,/workspace/benchmarks_ai_research/data/genimage/biggan/imagenet_ai_0419_biggan/val/nature/ILSVRC2012_val_00012851.JPEG,0
0,0.05261895334771377,REAL,325.52086375653744,/workspace/benchmarks_ai_research/data/genimage/biggan/imagenet_ai_0419_biggan/val/nature/ILSVRC2012_val_00016686.JPEG,0
0,0.042722197546490565,REAL,299.0152910351753,/workspace/benchmarks_ai_research/data/genimage/biggan/imagenet_ai_0419_biggan/val/nature/ILSVRC2012_val_00010075.JPEG,0
0,0.010818448652863185,REAL,329.45399917662144,/workspace/benchmarks_ai_research/data/genimage/biggan/imagenet_ai_0419_biggan/val/nature/ILSVRC2012_val_00033309.JPEG,0
0,0.004070137715896127,REAL,330.26118390262127,/workspace/benchmarks_ai_research/data/genimage/biggan/imagenet_ai_0419_biggan/val/nature/ILSVRC2012_val_00029481.JPEG,0
1,0.9702399060540357,FAKE,399.59701150655746,/workspace/benchmarks_ai_research/data/genimage/biggan/imagenet_ai_0419_biggan/val/nature/ILSVRC2012_val_00025464.JPEG,0
0,0.012624949281564409,REAL,324.8557485640049,/workspace/benchmarks_ai_research/data/genimage/biggan/imagenet_ai_0419_biggan/val/nature/ILSVRC2012_val_00046018.JPEG,0
0,0.0005703157070783359,REAL,330.8533262461424,/workspace/benchmarks_ai_research/data/genimage/biggan/imagenet_ai_0419_biggan/val/nature/ILSVRC2012_val_00046077.JPEG,0
0,0.0010987310729246428,REAL,324.6248159557581,/workspace/benchmarks_ai_research/data/genimage/biggan/imagenet_ai_0419_biggan/val/nature/ILSVRC2012_val_00024121.JPEG,0
0,0.0004955359475635505,REAL,399.11160059273243,/workspace/benchmarks_ai_research/data/genimage/biggan/imagenet_ai_0419_biggan/val/nature/ILSVRC2012_val_00007182.JPEG,0
0,0.007345826574477061,REAL,325.8707355707884,/workspace/benchmarks_ai_research/data/genimage/biggan/imagenet_ai_0419_biggan/val/nature/ILSVRC2012_val_00028000.JPEG,0
0,0.0035380860570885376,REAL,377.2671204060316,/workspace/benchmarks_ai_research/data/genimage/biggan/imagenet_ai_0419_biggan/val/nature/ILSVRC2012_val_00043153.JPEG,0
0,0.006903838071221877,REAL,392.66603998839855,/workspace/benchmarks_ai_research/data/genimage/biggan/imagenet_ai_0419_biggan/val/nature/ILSVRC2012_val_00024424.JPEG,0
0,0.0005976693711028652,REAL,1011.8650905787945,/workspace/benchmarks_ai_research/data/genimage/biggan/imagenet_ai_0419_biggan/val/nature/ILSVRC2012_val_00026777.JPEG,0
0,0.0008426423087564059,REAL,329.40051332116127,/workspace/benchmarks_ai_research/data/genimage/biggan/imagenet_ai_0419_biggan/val/nature/ILSVRC2012_val_00008839.JPEG,0
0,0.1242130083520534,REAL,372.3671715706587,/workspace/benchmarks_ai_research/data/genimage/biggan/imagenet_ai_0419_biggan/val/nature/ILSVRC2012_val_00020246.JPEG,0
0,0.009859855303538789,REAL,325.114069506526,/workspace/benchmarks_ai_research/data/genimage/biggan/imagenet_ai_0419_biggan/val/nature/ILSVRC2012_val_00049050.JPEG,0
0,0.008187909901696235,REAL,330.38086257874966,/workspace/benchmarks_ai_research/data/genimage/biggan/imagenet_ai_0419_biggan/val/nature/ILSVRC2012_val_00048879.JPEG,0
0,0.002511463513809854,REAL,381.2625743448734,/workspace/benchmarks_ai_research/data/genimage/biggan/imagenet_ai_0419_biggan/val/nature/ILSVRC2012_val_00017931.JPEG,0
0,0.005911068856243796,REAL,370.01669593155384,/workspace/benchmarks_ai_research/data/genimage/biggan/imagenet_ai_0419_biggan/val/nature/ILSVRC2012_val_00042127.JPEG,0
0,0.010652510839726162,REAL,326.7808835953474,/workspace/benchmarks_ai_research/data/genimage/biggan/imagenet_ai_0419_biggan/val/nature/ILSVRC2012_val_00028493.JPEG,0
0,0.10818895456207035,REAL,327.39515602588654,/workspace/benchmarks_ai_research/data/genimage/biggan/imagenet_ai_0419_biggan/val/nature/ILSVRC2012_val_00023224.JPEG,0
0,0.001477942980215951,REAL,392.4055155366659,/workspace/benchmarks_ai_research/data/genimage/biggan/imagenet_ai_0419_biggan/val/nature/ILSVRC2012_val_00014991.JPEG,0
0,0.002550912421286719,REAL,330.66350780427456,/workspace/benchmarks_ai_research/data/genimage/biggan/imagenet_ai_0419_biggan/val/nature/ILSVRC2012_val_00031487.JPEG,0
0,0.002115703400593114,REAL,325.72546042501926,/workspace/benchmarks_ai_research/data/genimage/biggan/imagenet_ai_0419_biggan/val/nature/ILSVRC2012_val_00035750.JPEG,0
0,0.02635535284611975,REAL,369.2979421466589,/workspace/benchmarks_ai_research/data/genimage/biggan/imagenet_ai_0419_biggan/val/nature/ILSVRC2012_val_00005552.JPEG,0
0,0.023689471299374428,REAL,325.4926446825266,/workspace/benchmarks_ai_research/data/genimage/biggan/imagenet_ai_0419_biggan/val/nature/ILSVRC2012_val_00030059.JPEG,0
0,0.016152834822140957,REAL,328.05585116147995,/workspace/benchmarks_ai_research/data/genimage/biggan/imagenet_ai_0419_biggan/val/nature/ILSVRC2012_val_00042656.JPEG,0
0,0.009125637389180518,REAL,325.0236678868532,/workspace/benchmarks_ai_research/data/genimage/biggan/imagenet_ai_0419_biggan/val/nature/ILSVRC2012_val_00015689.JPEG,0
0,0.012821214266594244,REAL,325.43785125017166,/workspace/benchmarks_ai_research/data/genimage/biggan/imagenet_ai_0419_biggan/val/nature/ILSVRC2012_val_00047919.JPEG,0
0,0.023689471299374428,REAL,322.6907178759575,/workspace/benchmarks_ai_research/data/genimage/biggan/imagenet_ai_0419_biggan/val/nature/ILSVRC2012_val_00009975.JPEG,0
1,0.984810951192016,FAKE,548.9833634346724,/workspace/benchmarks_ai_research/data/genimage/biggan/imagenet_ai_0419_biggan/val/nature/ILSVRC2012_val_00017517.JPEG,0
0,0.039638839100970026,REAL,337.20866218209267,/workspace/benchmarks_ai_research/data/genimage/biggan/imagenet_ai_0419_biggan/val/nature/ILSVRC2012_val_00033443.JPEG,0
0,0.002511463513809854,REAL,325.8379139006138,/workspace/benchmarks_ai_research/data/genimage/biggan/imagenet_ai_0419_biggan/val/nature/ILSVRC2012_val_00046804.JPEG,0
0,0.1520322416221742,REAL,287.45449148118496,/workspace/benchmarks_ai_research/data/genimage/biggan/imagenet_ai_0419_biggan/val/nature/ILSVRC2012_val_00029163.JPEG,0
0,0.1480471980316895,REAL,375.3536492586136,/workspace/benchmarks_ai_research/data/genimage/biggan/imagenet_ai_0419_biggan/val/nature/ILSVRC2012_val_00043619.JPEG,0
0,0.04958902298403175,REAL,270.6784848123789,/workspace/benchmarks_ai_research/data/genimage/biggan/imagenet_ai_0419_biggan/val/nature/ILSVRC2012_val_00041363.JPEG,0
0,0.013848610215564576,REAL,329.5990377664566,/workspace/benchmarks_ai_research/data/genimage/biggan/imagenet_ai_0419_biggan/val/nature/ILSVRC2012_val_00041727.JPEG,0
0,0.05184546664977983,REAL,384.9588744342327,/workspace/benchmarks_ai_research/data/genimage/biggan/imagenet_ai_0419_biggan/val/nature/ILSVRC2012_val_00009657.JPEG,0
0,0.011869121046339474,REAL,325.19769109785557,/workspace/benchmarks_ai_research/data/genimage/biggan/imagenet_ai_0419_biggan/val/nature/ILSVRC2012_val_00023146.JPEG,0
0,0.03846619201832428,REAL,290.0697626173496,/workspace/benchmarks_ai_research/data/genimage/biggan/imagenet_ai_0419_biggan/val/nature/ILSVRC2012_val_00023927.JPEG,0
0,0.17553807362342935,REAL,331.68469555675983,/workspace/benchmarks_ai_research/data/genimage/biggan/imagenet_ai_0419_biggan/val/nature/ILSVRC2012_val_00010890.JPEG,0
0,0.0008040859356292355,REAL,352.84355469048023,/workspace/benchmarks_ai_research/data/genimage/biggan/imagenet_ai_0419_biggan/val/nature/ILSVRC2012_val_00025618.JPEG,0
0,0.002323162522631283,REAL,327.44291238486767,/workspace/benchmarks_ai_research/data/genimage/biggan/imagenet_ai_0419_biggan/val/nature/ILSVRC2012_val_00049595.JPEG,0
0,0.012241275291807161,REAL,326.3641260564327,/workspace/benchmarks_ai_research/data/genimage/biggan/imagenet_ai_0419_biggan/val/nature/ILSVRC2012_val_00021164.JPEG,0
0,0.08136672184408414,FAKE,388.2089611142874,/workspace/benchmarks_ai_research/data/genimage/biggan/imagenet_ai_0419_biggan/val/nature/ILSVRC2012_val_00012474.JPEG,0
0,0.010013570623173138,REAL,292.34542325139046,/workspace/benchmarks_ai_research/data/genimage/biggan/imagenet_ai_0419_biggan/val/nature/ILSVRC2012_val_00041360.JPEG,0
0,0.009859855303538789,REAL,328.98321002721786,/workspace/benchmarks_ai_research/data/genimage/biggan/imagenet_ai_0419_biggan/val/nature/ILSVRC2012_val_00003443.JPEG,0
0,0.010013570623173138,REAL,324.5686646550894,/workspace/benchmarks_ai_research/data/genimage/biggan/imagenet_ai_0419_biggan/val/nature/ILSVRC2012_val_00044262.JPEG,0
0,0.07597562930115048,FAKE,391.48775674402714,/workspace/benchmarks_ai_research/data/genimage/biggan/imagenet_ai_0419_biggan/val/nature/ILSVRC2012_val_00016900.JPEG,0
0,0.010652510839726162,REAL,324.5213869959116,/workspace/benchmarks_ai_research/data/genimage/biggan/imagenet_ai_0419_biggan/val/nature/ILSVRC2012_val_00026493.JPEG,0
0,0.0010817152527255937,REAL,325.25703497231007,/workspace/benchmarks_ai_research/data/genimage/biggan/imagenet_ai_0419_biggan/val/nature/ILSVRC2012_val_00026154.JPEG,0
0,0.01744248473620534,REAL,327.9117587953806,/workspace/benchmarks_ai_research/data/genimage/biggan/imagenet_ai_0419_biggan/val/nature/ILSVRC2012_val_00026242.JPEG,0
0,0.014503579691381979,REAL,295.39271630346775,/workspace/benchmarks_ai_research/data/genimage/biggan/imagenet_ai_0419_biggan/val/nature/ILSVRC2012_val_00041368.JPEG,0
0,0.01098694263059318,REAL,277.47280336916447,/workspace/benchmarks_ai_research/data/genimage/biggan/imagenet_ai_0419_biggan/val/nature/ILSVRC2012_val_00017325.JPEG,0
0,0.0017821963223663927,REAL,722.8713016957045,/workspace/benchmarks_ai_research/data/genimage/biggan/imagenet_ai_0419_biggan/val/nature/ILSVRC2012_val_00003543.JPEG,0
0,0.29328873377112374,REAL,295.23402638733387,/workspace/benchmarks_ai_research/data/genimage/biggan/imagenet_ai_0419_biggan/val/nature/ILSVRC2012_val_00020119.JPEG,0
0,0.14414885303274058,REAL,267.60365068912506,/workspace/benchmarks_ai_research/data/genimage/biggan/imagenet_ai_0419_biggan/val/ai/030_biggan_00127.png,1
0,0.3001200167108692,REAL,263.7397572398186,/workspace/benchmarks_ai_research/data/genimage/biggan/imagenet_ai_0419_biggan/val/ai/742_biggan_00020.png,1
0,0.07149237900538305,FAKE,329.0606439113617,/workspace/benchmarks_ai_research/data/genimage/biggan/imagenet_ai_0419_biggan/val/ai/752_biggan_00074.png,1
0,0.0713443528067133,FAKE,328.60863767564297,/workspace/benchmarks_ai_research/data/genimage/biggan/imagenet_ai_0419_biggan/val/ai/521_biggan_00143.png,1
1,0.9591542840900507,FAKE,328.1050883233547,/workspace/benchmarks_ai_research/data/genimage/biggan/imagenet_ai_0419_biggan/val/ai/761_biggan_00035.png,1
0,0.05261895334771377,REAL,264.8684959858656,/workspace/benchmarks_ai_research/data/genimage/biggan/imagenet_ai_0419_biggan/val/ai/374_biggan_00143.png,1
1,0.9706877692486436,FAKE,328.8585562258959,/workspace/benchmarks_ai_research/data/genimage/biggan/imagenet_ai_0419_biggan/val/ai/404_biggan_00074.png,1
0,0.07035251669808894,FAKE,343.43383833765984,/workspace/benchmarks_ai_research/data/genimage/biggan/imagenet_ai_0419_biggan/val/ai/763_biggan_00020.png,1
0,0.2254166158350767,REAL,264.53307271003723,/workspace/benchmarks_ai_research/data/genimage/biggan/imagenet_ai_0419_biggan/val/ai/835_biggan_00035.png,1
0,0.2751297238231752,REAL,264.71390575170517,/workspace/benchmarks_ai_research/data/genimage/biggan/imagenet_ai_0419_biggan/val/ai/195_biggan_00039.png,1
0,0.20181322226037882,REAL,265.8730745315552,/workspace/benchmarks_ai_research/data/genimage/biggan/imagenet_ai_0419_biggan/val/ai/981_biggan_00039.png,1
0,0.006488269596656705,REAL,264.59462381899357,/workspace/benchmarks_ai_research/data/genimage/biggan/imagenet_ai_0419_biggan/val/ai/993_biggan_00143.png,1
0,0.10669059394565118,REAL,263.6891081929207,/workspace/benchmarks_ai_research/data/genimage/biggan/imagenet_ai_0419_biggan/val/ai/850_biggan_00039.png,1
0,0.11124120650754304,REAL,264.4733004271984,/workspace/benchmarks_ai_research/data/genimage/biggan/imagenet_ai_0419_biggan/val/ai/035_biggan_00143.png,1
0,0.28397041666695894,REAL,274.6977098286152,/workspace/benchmarks_ai_research/data/genimage/biggan/imagenet_ai_0419_biggan/val/ai/748_biggan_00074.png,1
0,0.02635535284611975,REAL,265.6169254332781,/workspace/benchmarks_ai_research/data/genimage/biggan/imagenet_ai_0419_biggan/val/ai/171_biggan_00143.png,1
0,0.07397614586408684,FAKE,328.85423116385937,/workspace/benchmarks_ai_research/data/genimage/biggan/imagenet_ai_0419_biggan/val/ai/817_biggan_00074.png,1
0,0.013848610215564576,REAL,263.0399949848652,/workspace/benchmarks_ai_research/data/genimage/biggan/imagenet_ai_0419_biggan/val/ai/177_biggan_00127.png,1
0,0.184767510648,REAL,263.94459046423435,/workspace/benchmarks_ai_research/data/genimage/biggan/imagenet_ai_0419_biggan/val/ai/563_biggan_00035.png,1
0,0.053403329799824234,REAL,264.3813583999872,/workspace/benchmarks_ai_research/data/genimage/biggan/imagenet_ai_0419_biggan/val/ai/687_biggan_00074.png,1
0,0.3188383925327742,REAL,265.9500241279602,/workspace/benchmarks_ai_research/data/genimage/biggan/imagenet_ai_0419_biggan/val/ai/463_biggan_00143.png,1
0,0.3173858708774965,REAL,264.61263932287693,/workspace/benchmarks_ai_research/data/genimage/biggan/imagenet_ai_0419_biggan/val/ai/563_biggan_00127.png,1
0,0.3108935543241583,REAL,278.19969691336155,/workspace/benchmarks_ai_research/data/genimage/biggan/imagenet_ai_0419_biggan/val/ai/598_biggan_00143.png,1
0,0.07262421265396495,FAKE,328.95343750715256,/workspace/benchmarks_ai_research/data/genimage/biggan/imagenet_ai_0419_biggan/val/ai/122_biggan_00127.png,1
0,0.25386100696924885,REAL,264.2443384975195,/workspace/benchmarks_ai_research/data/genimage/biggan/imagenet_ai_0419_biggan/val/ai/546_biggan_00020.png,1
0,0.07374709849042627,FAKE,330.60552179813385,/workspace/benchmarks_ai_research/data/genimage/biggan/imagenet_ai_0419_biggan/val/ai/765_biggan_00074.png,1
0,0.07478294198378879,FAKE,336.0003065317869,/workspace/benchmarks_ai_research/data/genimage/biggan/imagenet_ai_0419_biggan/val/ai/597_biggan_00039.png,1
0,0.014281933925111153,REAL,263.7987844645977,/workspace/benchmarks_ai_research/data/genimage/biggan/imagenet_ai_0419_biggan/val/ai/425_biggan_00143.png,1
0,0.04535258055430642,REAL,264.55918326973915,/workspace/benchmarks_ai_research/data/genimage/biggan/imagenet_ai_0419_biggan/val/ai/787_biggan_00074.png,1
0,0.07247399383936717,FAKE,330.2875831723213,/workspace/benchmarks_ai_research/data/genimage/biggan/imagenet_ai_0419_biggan/val/ai/876_biggan_00127.png,1
0,0.005220125693558397,REAL,287.5196896493435,/workspace/benchmarks_ai_research/data/genimage/biggan/imagenet_ai_0419_biggan/val/ai/254_biggan_00039.png,1
0,0.0663153880147809,FAKE,329.7589309513569,/workspace/benchmarks_ai_research/data/genimage/biggan/imagenet_ai_0419_biggan/val/ai/538_biggan_00035.png,1
0,0.06954174450582809,REAL,265.2082871645689,/workspace/benchmarks_ai_research/data/genimage/biggan/imagenet_ai_0419_biggan/val/ai/248_biggan_00020.png,1
0,0.295917248662701,REAL,285.6053952127695,/workspace/benchmarks_ai_research/data/genimage/biggan/imagenet_ai_0419_biggan/val/ai/408_biggan_00035.png,1
1,0.9546474194456936,FAKE,330.68500086665154,/workspace/benchmarks_ai_research/data/genimage/biggan/imagenet_ai_0419_biggan/val/ai/590_biggan_00143.png,1
0,0.08509904500702024,REAL,291.3422044366598,/workspace/benchmarks_ai_research/data/genimage/biggan/imagenet_ai_0419_biggan/val/ai/684_biggan_00039.png,1
0,0.02333076880848049,REAL,275.85707046091557,/workspace/benchmarks_ai_research/data/genimage/biggan/imagenet_ai_0419_biggan/val/ai/628_biggan_00074.png,1
0,0.25386100696924885,REAL,263.9991454780102,/workspace/benchmarks_ai_research/data/genimage/biggan/imagenet_ai_0419_biggan/val/ai/499_biggan_00127.png,1
0,0.32574515410721094,REAL,264.47748579084873,/workspace/benchmarks_ai_research/data/genimage/biggan/imagenet_ai_0419_biggan/val/ai/636_biggan_00035.png,1
0,0.20181322226037882,REAL,296.65960744023323,/workspace/benchmarks_ai_research/data/genimage/biggan/imagenet_ai_0419_biggan/val/ai/479_biggan_00035.png,1
0,0.09009299396195182,REAL,269.9302416294813,/workspace/benchmarks_ai_research/data/genimage/biggan/imagenet_ai_0419_biggan/val/ai/797_biggan_00035.png,1
0,0.05419872982318558,REAL,265.39914309978485,/workspace/benchmarks_ai_research/data/genimage/biggan/imagenet_ai_0419_biggan/val/ai/081_biggan_00074.png,1
0,0.07597562930115048,FAKE,330.62699250876904,/workspace/benchmarks_ai_research/data/genimage/biggan/imagenet_ai_0419_biggan/val/ai/906_biggan_00127.png,1
0,0.011508149064303403,REAL,285.0202117115259,/workspace/benchmarks_ai_research/data/genimage/biggan/imagenet_ai_0419_biggan/val/ai/275_biggan_00143.png,1
0,0.1968262036430985,REAL,266.94751530885696,/workspace/benchmarks_ai_research/data/genimage/biggan/imagenet_ai_0419_biggan/val/ai/969_biggan_00127.png,1
0,0.07848080208751426,FAKE,330.5730074644089,/workspace/benchmarks_ai_research/data/genimage/biggan/imagenet_ai_0419_biggan/val/ai/746_biggan_00035.png,1
0,0.004755199909833047,REAL,263.69874365627766,/workspace/benchmarks_ai_research/data/genimage/biggan/imagenet_ai_0419_biggan/val/ai/080_biggan_00039.png,1
0,0.0745131153008608,FAKE,338.37867341935635,/workspace/benchmarks_ai_research/data/genimage/biggan/imagenet_ai_0419_biggan/val/ai/662_biggan_00074.png,1
1,0.9890130573694068,FAKE,329.1747681796551,/workspace/benchmarks_ai_research/data/genimage/biggan/imagenet_ai_0419_biggan/val/ai/422_biggan_00127.png,1
0,0.029312230751356316,REAL,266.61636494100094,/workspace/benchmarks_ai_research/data/genimage/biggan/imagenet_ai_0419_biggan/val/ai/586_biggan_00020.png,1
0,0.2952588899505195,REAL,272.40222319960594,/workspace/benchmarks_ai_research/data/genimage/biggan/imagenet_ai_0419_biggan/val/ai/685_biggan_00127.png,1
0,0.1561048974454574,REAL,263.95698077976704,/workspace/benchmarks_ai_research/data/genimage/biggan/imagenet_ai_0419_biggan/val/ai/485_biggan_00039.png,1
0,0.17328820592932656,REAL,263.74829933047295,/workspace/benchmarks_ai_research/data/genimage/biggan/imagenet_ai_0419_biggan/val/ai/429_biggan_00074.png,1
0,0.13660839002621936,REAL,263.38472589850426,/workspace/benchmarks_ai_research/data/genimage/biggan/imagenet_ai_0419_biggan/val/ai/064_biggan_00127.png,1
0,0.3311197396289915,REAL,263.56743834912777,/workspace/benchmarks_ai_research/data/genimage/biggan/imagenet_ai_0419_biggan/val/ai/639_biggan_00127.png,1
0,0.017986209962091555,REAL,265.738595277071,/workspace/benchmarks_ai_research/data/genimage/biggan/imagenet_ai_0419_biggan/val/ai/099_biggan_00074.png,1
0,0.07232409350365089,FAKE,329.7638017684221,/workspace/benchmarks_ai_research/data/genimage/biggan/imagenet_ai_0419_biggan/val/ai/657_biggan_00035.png,1
0,0.30317635487997346,REAL,264.29308019578457,/workspace/benchmarks_ai_research/data/genimage/biggan/imagenet_ai_0419_biggan/val/ai/622_biggan_00143.png,1
0,0.07282489716258439,FAKE,328.134473413229,/workspace/benchmarks_ai_research/data/genimage/biggan/imagenet_ai_0419_biggan/val/ai/414_biggan_00074.png,1
0,0.010818448652863185,REAL,263.40546645224094,/workspace/benchmarks_ai_research/data/genimage/biggan/imagenet_ai_0419_biggan/val/ai/228_biggan_00039.png,1
0,0.023689471299374428,REAL,265.69492742419243,/workspace/benchmarks_ai_research/data/genimage/biggan/imagenet_ai_0419_biggan/val/ai/166_biggan_00074.png,1
0,0.10087862273005653,REAL,263.87995667755604,/workspace/benchmarks_ai_research/data/genimage/biggan/imagenet_ai_0419_biggan/val/ai/054_biggan_00039.png,1
0,0.0446808702726502,REAL,277.81337313354015,/workspace/benchmarks_ai_research/data/genimage/biggan/imagenet_ai_0419_biggan/val/ai/181_biggan_00127.png,1
0,0.07956380233389083,FAKE,329.0080353617668,/workspace/benchmarks_ai_research/data/genimage/biggan/imagenet_ai_0419_biggan/val/ai/719_biggan_00074.png,1
0,0.036769466075598736,REAL,264.17909748852253,/workspace/benchmarks_ai_research/data/genimage/biggan/imagenet_ai_0419_biggan/val/ai/995_biggan_00074.png,1
0,0.07348071243803281,FAKE,330.39503172039986,/workspace/benchmarks_ai_research/data/genimage/biggan/imagenet_ai_0419_biggan/val/ai/804_biggan_00074.png,1
0,0.03210070671700819,REAL,286.30130738019943,/workspace/benchmarks_ai_research/data/genimage/biggan/imagenet_ai_0419_biggan/val/ai/460_biggan_00143.png,1
0,0.07036468044385003,FAKE,329.51404713094234,/workspace/benchmarks_ai_research/data/genimage/biggan/imagenet_ai_0419_biggan/val/ai/877_biggan_00035.png,1
0,0.25683199138751883,REAL,265.6988613307476,/workspace/benchmarks_ai_research/data/genimage/biggan/imagenet_ai_0419_biggan/val/ai/981_biggan_00127.png,1
0,0.31968735344976595,REAL,282.1938879787922,/workspace/benchmarks_ai_research/data/genimage/biggan/imagenet_ai_0419_biggan/val/ai/402_biggan_00035.png,1
0,0.25091278688527247,REAL,266.2798147648573,/workspace/benchmarks_ai_research/data/genimage/biggan/imagenet_ai_0419_biggan/val/ai/754_biggan_00143.png,1
0,0.07382338586562649,FAKE,329.4166177511215,/workspace/benchmarks_ai_research/data/genimage/biggan/imagenet_ai_0419_biggan/val/ai/948_biggan_00020.png,1
0,0.07331625874213447,FAKE,331.31174743175507,/workspace/benchmarks_ai_research/data/genimage/biggan/imagenet_ai_0419_biggan/val/ai/722_biggan_00039.png,1
0,0.24508501313237172,REAL,286.78955510258675,/workspace/benchmarks_ai_research/data/genimage/biggan/imagenet_ai_0419_biggan/val/ai/456_biggan_00035.png,1
0,0.07248649578244029,FAKE,328.0970472842455,/workspace/benchmarks_ai_research/data/genimage/biggan/imagenet_ai_0419_biggan/val/ai/466_biggan_00143.png,1
0,0.21206880435710532,REAL,265.2496322989464,/workspace/benchmarks_ai_research/data/genimage/biggan/imagenet_ai_0419_biggan/val/ai/913_biggan_00143.png,1
0,0.18010666408646395,REAL,272.6970799267292,/workspace/benchmarks_ai_research/data/genimage/biggan/imagenet_ai_0419_biggan/val/ai/961_biggan_00074.png,1
0,0.11757213354550883,REAL,263.26481625437737,/workspace/benchmarks_ai_research/data/genimage/biggan/imagenet_ai_0419_biggan/val/ai/961_biggan_00035.png,1
0,0.07057182429500047,FAKE,328.83648201823235,/workspace/benchmarks_ai_research/data/genimage/biggan/imagenet_ai_0419_biggan/val/ai/601_biggan_00127.png,1
0,0.07251153770200046,FAKE,329.64075542986393,/workspace/benchmarks_ai_research/data/genimage/biggan/imagenet_ai_0419_biggan/val/ai/666_biggan_00039.png,1
0,0.042087727915618836,REAL,285.7385091483593,/workspace/benchmarks_ai_research/data/genimage/biggan/imagenet_ai_0419_biggan/val/ai/705_biggan_00035.png,1
0,0.1480471980316895,REAL,265.56191593408585,/workspace/benchmarks_ai_research/data/genimage/biggan/imagenet_ai_0419_biggan/val/ai/977_biggan_00074.png,1
0,0.28457600421652673,REAL,265.3969135135412,/workspace/benchmarks_ai_research/data/genimage/biggan/imagenet_ai_0419_biggan/val/ai/817_biggan_00020.png,1
0,0.07447461830890006,FAKE,328.4308295696974,/workspace/benchmarks_ai_research/data/genimage/biggan/imagenet_ai_0419_biggan/val/ai/673_biggan_00035.png,1
0,0.05665242530797383,REAL,264.01400193572044,/workspace/benchmarks_ai_research/data/genimage/biggan/imagenet_ai_0419_biggan/val/ai/653_biggan_00143.png,1
0,0.07640771700063713,FAKE,342.22325682640076,/workspace/benchmarks_ai_research/data/genimage/biggan/imagenet_ai_0419_biggan/val/ai/673_biggan_00039.png,1
0,0.07605403268441563,FAKE,329.5437581837177,/workspace/benchmarks_ai_research/data/genimage/biggan/imagenet_ai_0419_biggan/val/ai/878_biggan_00039.png,1
0,0.03021458706739398,REAL,266.23313687741756,/workspace/benchmarks_ai_research/data/genimage/biggan/imagenet_ai_0419_biggan/val/ai/279_biggan_00020.png,1
0,0.2877678157610531,REAL,263.82685266435146,/workspace/benchmarks_ai_research/data/genimage/biggan/imagenet_ai_0419_biggan/val/ai/268_biggan_00020.png,1
0,0.00239673087012896,REAL,264.29180055856705,/workspace/benchmarks_ai_research/data/genimage/biggan/imagenet_ai_0419_biggan/val/ai/085_biggan_00039.png,1
0,0.09947021388210707,REAL,269.7734050452709,/workspace/benchmarks_ai_research/data/genimage/biggan/imagenet_ai_0419_biggan/val/ai/251_biggan_00039.png,1
0,0.06957788331584894,FAKE,335.3834990411997,/workspace/benchmarks_ai_research/data/genimage/biggan/imagenet_ai_0419_biggan/val/ai/826_biggan_00035.png,1
0,0.31710380449673603,REAL,267.72699877619743,/workspace/benchmarks_ai_research/data/genimage/biggan/imagenet_ai_0419_biggan/val/ai/897_biggan_00127.png,1
0,0.01971912810734659,REAL,266.5335275232792,/workspace/benchmarks_ai_research/data/genimage/biggan/imagenet_ai_0419_biggan/val/ai/779_biggan_00035.png,1
0,0.06465348835622392,REAL,266.00499637424946,/workspace/benchmarks_ai_research/data/genimage/biggan/imagenet_ai_0419_biggan/val/ai/025_biggan_00035.png,1
0,0.3218352768469233,REAL,274.7599706053734,/workspace/benchmarks_ai_research/data/genimage/biggan/imagenet_ai_0419_biggan/val/ai/818_biggan_00035.png,1
0,0.3040416749665474,REAL,264.4748389720917,/workspace/benchmarks_ai_research/data/genimage/biggan/imagenet_ai_0419_biggan/val/ai/482_biggan_00074.png,1
1,0.9553191297273498,FAKE,328.9360925555229,/workspace/benchmarks_ai_research/data/genimage/biggan/imagenet_ai_0419_biggan/val/ai/543_biggan_00127.png,1
0,0.01098694263059318,REAL,264.58996534347534,/workspace/benchmarks_ai_research/data/genimage/biggan/imagenet_ai_0419_biggan/val/ai/853_biggan_00143.png,1
0,0.008187909901696235,REAL,277.55217999219894,/workspace/benchmarks_ai_research/data/genimage/biggan/imagenet_ai_0419_biggan/val/ai/974_biggan_00127.png,1
0,0.3212671969480512,REAL,266.56854525208473,/workspace/benchmarks_ai_research/data/genimage/biggan/imagenet_ai_0419_biggan/val/ai/466_biggan_00074.png,1
0,0.07221184792325056,FAKE,329.9352712929249,/workspace/benchmarks_ai_research/data/genimage/biggan/imagenet_ai_0419_biggan/val/ai/417_biggan_00035.png,1
0,0.07397614586408684,FAKE,329.40409518778324,/workspace/benchmarks_ai_research/data/genimage/biggan/imagenet_ai_0419_biggan/val/ai/426_biggan_00074.png,1
0,0.07262421265396495,FAKE,331.93838968873024,/workspace/benchmarks_ai_research/data/genimage/biggan/imagenet_ai_0419_biggan/val/ai/783_biggan_00127.png,1
0,0.10521053670308635,REAL,265.6673714518547,/workspace/benchmarks_ai_research/data/genimage/biggan/imagenet_ai_0419_biggan/val/ai/277_biggan_00143.png,1
0,0.042722197546490565,REAL,268.24530959129333,/workspace/benchmarks_ai_research/data/genimage/biggan/imagenet_ai_0419_biggan/val/ai/110_biggan_00035.png,1
0,0.2689414213699951,REAL,266.69819466769695,/workspace/benchmarks_ai_research/data/genimage/biggan/imagenet_ai_0419_biggan/val/ai/279_biggan_00074.png,1
0,0.2855235833101249,REAL,273.9248163998127,/workspace/benchmarks_ai_research/data/genimage/biggan/imagenet_ai_0419_biggan/val/ai/468_biggan_00020.png,1
0,0.015663648711668327,REAL,264.81693238019943,/workspace/benchmarks_ai_research/data/genimage/biggan/imagenet_ai_0419_biggan/val/ai/136_biggan_00020.png,1
0,0.05261895334771377,REAL,265.0430556386709,/workspace/benchmarks_ai_research/data/genimage/biggan/imagenet_ai_0419_biggan/val/ai/206_biggan_00074.png,1
0,0.011869121046339474,REAL,269.8515634983778,/workspace/benchmarks_ai_research/data/genimage/biggan/imagenet_ai_0419_biggan/val/ai/232_biggan_00127.png,1
0,0.0730638998978802,FAKE,329.0180042386055,/workspace/benchmarks_ai_research/data/genimage/biggan/imagenet_ai_0419_biggan/val/ai/840_biggan_00143.png,1
0,0.22815650216092537,REAL,264.49402421712875,/workspace/benchmarks_ai_research/data/genimage/biggan/imagenet_ai_0419_biggan/val/ai/777_biggan_00127.png,1
0,0.17781086947804958,REAL,264.41363245248795,/workspace/benchmarks_ai_research/data/genimage/biggan/imagenet_ai_0419_biggan/val/ai/767_biggan_00035.png,1
0,0.18952109132967754,REAL,264.15809243917465,/workspace/benchmarks_ai_research/data/genimage/biggan/imagenet_ai_0419_biggan/val/ai/715_biggan_00035.png,1
0,0.05749327880038583,REAL,269.5340793579817,/workspace/benchmarks_ai_research/data/genimage/biggan/imagenet_ai_0419_biggan/val/ai/741_biggan_00143.png,1
0,0.2877678157610531,REAL,265.6978499144316,/workspace/benchmarks_ai_research/data/genimage/biggan/imagenet_ai_0419_biggan/val/ai/018_biggan_00143.png,1
0,0.06820575895623,FAKE,332.9992722719908,/workspace/benchmarks_ai_research/data/genimage/biggan/imagenet_ai_0419_biggan/val/ai/808_biggan_00039.png,1
0,0.06474354375157966,FAKE,332.6674662530422,/workspace/benchmarks_ai_research/data/genimage/biggan/imagenet_ai_0419_biggan/val/ai/570_biggan_00143.png,1
0,0.07104911746238393,FAKE,338.9072995632887,/workspace/benchmarks_ai_research/data/genimage/biggan/imagenet_ai_0419_biggan/val/ai/811_biggan_00035.png,1
0,0.0722243081667459,FAKE,331.58816024661064,/workspace/benchmarks_ai_research/data/genimage/biggan/imagenet_ai_0419_biggan/val/ai/774_biggan_00143.png,1
0,0.04336579876390677,REAL,264.37728479504585,/workspace/benchmarks_ai_research/data/genimage/biggan/imagenet_ai_0419_biggan/val/ai/265_biggan_00074.png,1
0,0.2877678157610531,REAL,264.4542455673218,/workspace/benchmarks_ai_research/data/genimage/biggan/imagenet_ai_0419_biggan/val/ai/867_biggan_00020.png,1
0,0.006903838071221877,REAL,266.956290230155,/workspace/benchmarks_ai_research/data/genimage/biggan/imagenet_ai_0419_biggan/val/ai/353_biggan_00035.png,1
0,0.2751297238231752,REAL,265.0280110538006,/workspace/benchmarks_ai_research/data/genimage/biggan/imagenet_ai_0419_biggan/val/ai/784_biggan_00035.png,1
0,0.1520322416221742,REAL,266.85855723917484,/workspace/benchmarks_ai_research/data/genimage/biggan/imagenet_ai_0419_biggan/val/ai/563_biggan_00020.png,1
0,0.313609831774673,REAL,265.61433263123035,/workspace/benchmarks_ai_research/data/genimage/biggan/imagenet_ai_0419_biggan/val/ai/891_biggan_00127.png,1
0,0.11124120650754304,REAL,266.2168424576521,/workspace/benchmarks_ai_research/data/genimage/biggan/imagenet_ai_0419_biggan/val/ai/014_biggan_00143.png,1
0,0.06709122724852595,FAKE,331.34385757148266,/workspace/benchmarks_ai_research/data/genimage/biggan/imagenet_ai_0419_biggan/val/ai/630_biggan_00020.png,1
0,0.07177689114924518,FAKE,331.0082722455263,/workspace/benchmarks_ai_research/data/genimage/biggan/imagenet_ai_0419_biggan/val/ai/656_biggan_00074.png,1
0,0.07466718746929359,FAKE,340.49093164503574,/workspace/benchmarks_ai_research/data/genimage/biggan/imagenet_ai_0419_biggan/val/ai/902_biggan_00074.png,1
0,0.02635535284611975,REAL,264.9744860827923,/workspace/benchmarks_ai_research/data/genimage/biggan/imagenet_ai_0419_biggan/val/ai/150_biggan_00035.png,1
0,0.029312230751356316,REAL,264.95304703712463,/workspace/benchmarks_ai_research/data/genimage/biggan/imagenet_ai_0419_biggan/val/ai/084_biggan_00039.png,1
0,0.13296424019782924,REAL,265.2171030640602,/workspace/benchmarks_ai_research/data/genimage/biggan/imagenet_ai_0419_biggan/val/ai/338_biggan_00039.png,1
0,0.02843603304485266,REAL,267.3304956406355,/workspace/benchmarks_ai_research/data/genimage/biggan/imagenet_ai_0419_biggan/val/ai/012_biggan_00127.png,1
0,0.29568482464474094,REAL,276.57888270914555,/workspace/benchmarks_ai_research/data/genimage/biggan/imagenet_ai_0419_biggan/val/ai/912_biggan_00020.png,1
0,0.02843603304485266,REAL,263.9187667518854,/workspace/benchmarks_ai_research/data/genimage/biggan/imagenet_ai_0419_biggan/val/ai/106_biggan_00039.png,1
0,0.13117322376181567,REAL,264.0291918069124,/workspace/benchmarks_ai_research/data/genimage/biggan/imagenet_ai_0419_biggan/val/ai/249_biggan_00035.png,1
0,0.06732445512736938,FAKE,341.53928980231285,/workspace/benchmarks_ai_research/data/genimage/biggan/imagenet_ai_0419_biggan/val/ai/633_biggan_00035.png,1
0,0.05108273695705249,REAL,264.1960587352514,/workspace/benchmarks_ai_research/data/genimage/biggan/imagenet_ai_0419_biggan/val/ai/088_biggan_00143.png,1
0,0.009412589587609823,REAL,266.2837691605091,/workspace/benchmarks_ai_research/data/genimage/biggan/imagenet_ai_0419_biggan/val/ai/368_biggan_00035.png,1
0,0.029760093945964218,REAL,263.838991522789,/workspace/benchmarks_ai_research/data/genimage/biggan/imagenet_ai_0419_biggan/val/ai/239_biggan_00039.png,1
0,0.11279540628289321,REAL,272.79092743992805,/workspace/benchmarks_ai_research/data/genimage/biggan/imagenet_ai_0419_biggan/val/ai/698_biggan_00127.png,1
0,0.005819959584259008,REAL,265.4136884957552,/workspace/benchmarks_ai_research/data/genimage/biggan/imagenet_ai_0419_biggan/val/ai/092_biggan_00020.png,1
0,0.0708284710517011,FAKE,330.0176151096821,/workspace/benchmarks_ai_research/data/genimage/biggan/imagenet_ai_0419_biggan/val/ai/848_biggan_00039.png,1
0,0.06097518086496481,REAL,266.6351366788149,/workspace/benchmarks_ai_research/data/genimage/biggan/imagenet_ai_0419_biggan/val/ai/984_biggan_00143.png,1
0,0.12085323249047067,REAL,275.6384890526533,/workspace/benchmarks_ai_research/data/genimage/biggan/imagenet_ai_0419_biggan/val/ai/502_biggan_00020.png,1
0,0.07358209595630545,FAKE,335.0420109927654,/workspace/benchmarks_ai_research/data/genimage/biggan/imagenet_ai_0419_biggan/val/ai/440_biggan_00127.png,1
0,0.2689414213699951,REAL,267.11317151784897,/workspace/benchmarks_ai_research/data/genimage/biggan/imagenet_ai_0419_biggan/val/ai/510_biggan_00127.png,1
0,0.11920292202211755,REAL,265.8441383391619,/workspace/benchmarks_ai_research/data/genimage/biggan/imagenet_ai_0419_biggan/val/ai/228_biggan_00020.png,1
0,0.07047427289689544,FAKE,344.42504681646824,/workspace/benchmarks_ai_research/data/genimage/biggan/imagenet_ai_0419_biggan/val/ai/426_biggan_00143.png,1
0,0.07313950402186314,FAKE,330.1766328513622,/workspace/benchmarks_ai_research/data/genimage/biggan/imagenet_ai_0419_biggan/val/ai/686_biggan_00020.png,1
0,0.037892426629607394,REAL,265.8443208783865,/workspace/benchmarks_ai_research/data/genimage/biggan/imagenet_ai_0419_biggan/val/ai/219_biggan_00127.png,1
0,0.294253491027811,REAL,265.61382971704006,/workspace/benchmarks_ai_research/data/genimage/biggan/imagenet_ai_0419_biggan/val/ai/606_biggan_00039.png,1
0,0.016152834822140957,REAL,264.8456562310457,/workspace/benchmarks_ai_research/data/genimage/biggan/imagenet_ai_0419_biggan/val/ai/939_biggan_00039.png,1
0,0.16238003666671086,REAL,267.35138334333897,/workspace/benchmarks_ai_research/data/genimage/biggan/imagenet_ai_0419_biggan/val/ai/056_biggan_00127.png,1
0,0.010169657753872614,REAL,265.84260538220406,/workspace/benchmarks_ai_research/data/genimage/biggan/imagenet_ai_0419_biggan/val/ai/300_biggan_00074.png,1
0,0.3011368070062672,REAL,265.79319313168526,/workspace/benchmarks_ai_research/data/genimage/biggan/imagenet_ai_0419_biggan/val/ai/499_biggan_00039.png,1
0,0.3297204327320502,REAL,267.55567640066147,/workspace/benchmarks_ai_research/data/genimage/biggan/imagenet_ai_0419_biggan/val/ai/714_biggan_00127.png,1
0,0.32423539898095244,REAL,265.4879093170166,/workspace/benchmarks_ai_research/data/genimage/biggan/imagenet_ai_0419_biggan/val/ai/840_biggan_00035.png,1
0,0.07397614586408684,FAKE,332.5147517025471,/workspace/benchmarks_ai_research/data/genimage/biggan/imagenet_ai_0419_biggan/val/ai/715_biggan_00074.png,1
0,0.10521053670308635,REAL,267.7830159664154,/workspace/benchmarks_ai_research/data/genimage/biggan/imagenet_ai_0419_biggan/val/ai/635_biggan_00143.png,1
0,0.16885695214168314,REAL,265.1288639754057,/workspace/benchmarks_ai_research/data/genimage/biggan/imagenet_ai_0419_biggan/val/ai/480_biggan_00074.png,1
0,0.20181322226037882,REAL,265.172490850091,/workspace/benchmarks_ai_research/data/genimage/biggan/imagenet_ai_0419_biggan/val/ai/506_biggan_00035.png,1
0,0.07426975180451574,FAKE,329.8572190105915,/workspace/benchmarks_ai_research/data/genimage/biggan/imagenet_ai_0419_biggan/val/ai/451_biggan_00127.png,1
0,0.33297611873719096,REAL,268.92823353409767,/workspace/benchmarks_ai_research/data/genimage/biggan/imagenet_ai_0419_biggan/val/ai/631_biggan_00074.png,1
0,0.28084167655880743,REAL,264.6850347518921,/workspace/benchmarks_ai_research/data/genimage/biggan/imagenet_ai_0419_biggan/val/ai/922_biggan_00143.png,1
0,0.07807816514495095,REAL,264.0448212623596,/workspace/benchmarks_ai_research/data/genimage/biggan/imagenet_ai_0419_biggan/val/ai/967_biggan_00035.png,1
0,0.07477004290796138,REAL,265.3716802597046,/workspace/benchmarks_ai_research/data/genimage/biggan/imagenet_ai_0419_biggan/val/ai/372_biggan_00127.png,1
0,0.02479816019558566,REAL,270.26963233947754,/workspace/benchmarks_ai_research/data/genimage/biggan/imagenet_ai_0419_biggan/val/ai/881_biggan_00143.png,1
0,0.06984326739442905,FAKE,332.69608579576015,/workspace/benchmarks_ai_research/data/genimage/biggan/imagenet_ai_0419_biggan/val/ai/934_biggan_00143.png,1
0,0.012821214266594244,REAL,264.90488834679127,/workspace/benchmarks_ai_research/data/genimage/biggan/imagenet_ai_0419_biggan/val/ai/204_biggan_00020.png,1
0,0.048857778622174906,REAL,264.2610687762499,/workspace/benchmarks_ai_research/data/genimage/biggan/imagenet_ai_0419_biggan/val/ai/353_biggan_00039.png,1
0,0.07477004290796138,REAL,272.87521958351135,/workspace/benchmarks_ai_research/data/genimage/biggan/imagenet_ai_0419_biggan/val/ai/145_biggan_00127.png,1
0,0.02333076880848049,REAL,263.94873298704624,/workspace/benchmarks_ai_research/data/genimage/biggan/imagenet_ai_0419_biggan/val/ai/856_biggan_00127.png,1
0,0.10374862686637971,REAL,265.71771688759327,/workspace/benchmarks_ai_research/data/genimage/biggan/imagenet_ai_0419_biggan/val/ai/295_biggan_00020.png,1
0,0.12085323249047067,REAL,264.8897096514702,/workspace/benchmarks_ai_research/data/genimage/biggan/imagenet_ai_0419_biggan/val/ai/717_biggan_00074.png,1
0,0.016152834822140957,REAL,277.8106853365898,/workspace/benchmarks_ai_research/data/genimage/biggan/imagenet_ai_0419_biggan/val/ai/540_biggan_00074.png,1
0,0.07129505260071715,FAKE,330.6895326822996,/workspace/benchmarks_ai_research/data/genimage/biggan/imagenet_ai_0419_biggan/val/ai/455_biggan_00039.png,1
0,0.23370635691404026,REAL,265.10249078273773,/workspace/benchmarks_ai_research/data/genimage/biggan/imagenet_ai_0419_biggan/val/ai/972_biggan_00039.png,1
0,0.032589744766025344,REAL,267.01259799301624,/workspace/benchmarks_ai_research/data/genimage/biggan/imagenet_ai_0419_biggan/val/ai/609_biggan_00039.png,1
0,0.23370635691404026,REAL,281.9156441837549,/workspace/benchmarks_ai_research/data/genimage/biggan/imagenet_ai_0419_biggan/val/ai/902_biggan_00020.png,1
0,0.3283652538082774,REAL,267.9564356803894,/workspace/benchmarks_ai_research/data/genimage/biggan/imagenet_ai_0419_biggan/val/ai/539_biggan_00035.png,1
0,0.07428253871159023,FAKE,329.8365604132414,/workspace/benchmarks_ai_research/data/genimage/biggan/imagenet_ai_0419_biggan/val/ai/488_biggan_00143.png,1
0,0.3152538385076859,REAL,265.0566790252924,/workspace/benchmarks_ai_research/data/genimage/biggan/imagenet_ai_0419_biggan/val/ai/358_biggan_00074.png,1
0,0.30977879395134483,REAL,289.88979011774063,/workspace/benchmarks_ai_research/data/genimage/biggan/imagenet_ai_0419_biggan/val/ai/483_biggan_00020.png,1
0,0.06371502269787968,FAKE,329.3944913893938,/workspace/benchmarks_ai_research/data/genimage/biggan/imagenet_ai_0419_biggan/val/ai/204_biggan_00127.png,1
0,0.1480471980316895,REAL,263.88270035386086,/workspace/benchmarks_ai_research/data/genimage/biggan/imagenet_ai_0419_biggan/val/ai/345_biggan_00143.png,1
0,0.010013570623173138,REAL,272.5227531045675,/workspace/benchmarks_ai_research/data/genimage/biggan/imagenet_ai_0419_biggan/val/ai/147_biggan_00035.png,1
0,0.06833591171846302,FAKE,336.7185462266207,/workspace/benchmarks_ai_research/data/genimage/biggan/imagenet_ai_0419_biggan/val/ai/617_biggan_00143.png,1
0,0.075002010130761,FAKE,331.31146244704723,/workspace/benchmarks_ai_research/data/genimage/biggan/imagenet_ai_0419_biggan/val/ai/589_biggan_00127.png,1
0,0.28480322711053396,REAL,264.56406340003014,/workspace/benchmarks_ai_research/data/genimage/biggan/imagenet_ai_0419_biggan/val/ai/943_biggan_00035.png,1
0,0.07021881258508786,FAKE,336.4187106490135,/workspace/benchmarks_ai_research/data/genimage/biggan/imagenet_ai_0419_biggan/val/ai/972_biggan_00143.png,1
0,0.11124120650754304,REAL,265.9383360296488,/workspace/benchmarks_ai_research/data/genimage/biggan/imagenet_ai_0419_biggan/val/ai/510_biggan_00020.png,1
0,0.1422318950098963,REAL,265.19170217216015,/workspace/benchmarks_ai_research/data/genimage/biggan/imagenet_ai_0419_biggan/val/ai/591_biggan_00020.png,1
0,0.07634209133239568,FAKE,333.01296830177307,/workspace/benchmarks_ai_research/data/genimage/biggan/imagenet_ai_0419_biggan/val/ai/027_biggan_00039.png,1
0,0.07055959618729296,REAL,273.0477284640074,/workspace/benchmarks_ai_research/data/genimage/biggan/imagenet_ai_0419_biggan/val/ai/956_biggan_00020.png,1
0,0.06831223599182482,FAKE,330.01454919576645,/workspace/benchmarks_ai_research/data/genimage/biggan/imagenet_ai_0419_biggan/val/ai/761_biggan_00143.png,1
0,0.06989160825069791,FAKE,329.2455542832613,/workspace/benchmarks_ai_research/data/genimage/biggan/imagenet_ai_0419_biggan/val/ai/432_biggan_00143.png,1
0,0.07369626970604846,REAL,278.08869257569313,/workspace/benchmarks_ai_research/data/genimage/biggan/imagenet_ai_0419_biggan/val/ai/626_biggan_00039.png,1
0,0.07221184792325056,FAKE,331.0429435223341,/workspace/benchmarks_ai_research/data/genimage/biggan/imagenet_ai_0419_biggan/val/ai/852_biggan_00074.png,1
0,0.07052301738019541,FAKE,332.2131782770157,/workspace/benchmarks_ai_research/data/genimage/biggan/imagenet_ai_0419_biggan/val/ai/039_biggan_00035.png,1
0,0.12940273159163906,REAL,270.244263112545,/workspace/benchmarks_ai_research/data/genimage/biggan/imagenet_ai_0419_biggan/val/ai/858_biggan_00143.png,1
0,0.22270013882530884,REAL,264.75018821656704,/workspace/benchmarks_ai_research/data/genimage/biggan/imagenet_ai_0419_biggan/val/ai/852_biggan_00039.png,1
0,0.300902035407624,REAL,265.6613439321518,/workspace/benchmarks_ai_research/data/genimage/biggan/imagenet_ai_0419_biggan/val/ai/000_biggan_00035.png,1
0,0.17781086947804958,REAL,267.8708843886852,/workspace/benchmarks_ai_research/data/genimage/biggan/imagenet_ai_0419_biggan/val/ai/339_biggan_00039.png,1
0,0.014063627043245474,REAL,273.6426293849945,/workspace/benchmarks_ai_research/data/genimage/biggan/imagenet_ai_0419_biggan/val/ai/246_biggan_00039.png,1
0,0.3040416749665474,REAL,265.01135528087616,/workspace/benchmarks_ai_research/data/genimage/biggan/imagenet_ai_0419_biggan/val/ai/052_biggan_00127.png,1
0,0.06901402724372739,FAKE,329.7656122595072,/workspace/benchmarks_ai_research/data/genimage/biggan/imagenet_ai_0419_biggan/val/ai/772_biggan_00035.png,1
0,0.05921025074128593,REAL,264.2893735319376,/workspace/benchmarks_ai_research/data/genimage/biggan/imagenet_ai_0419_biggan/val/ai/062_biggan_00020.png,1
0,0.34864513533394575,REAL,268.87564547359943,/workspace/benchmarks_ai_research/data/genimage/biggan/imagenet_ai_0419_biggan/val/ai/022_biggan_00074.png,1
0,0.25091278688527247,REAL,263.9867216348648,/workspace/benchmarks_ai_research/data/genimage/biggan/imagenet_ai_0419_biggan/val/ai/599_biggan_00035.png,1
0,0.046033902399240385,REAL,264.44899290800095,/workspace/benchmarks_ai_research/data/genimage/biggan/imagenet_ai_0419_biggan/val/ai/347_biggan_00074.png,1
0,0.15405756269148546,REAL,265.0586720556021,/workspace/benchmarks_ai_research/data/genimage/biggan/imagenet_ai_0419_biggan/val/ai/176_biggan_00127.png,1
0,0.28933335950798944,REAL,265.236197039485,/workspace/benchmarks_ai_research/data/genimage/biggan/imagenet_ai_0419_biggan/val/ai/778_biggan_00039.png,1
0,0.25386100696924885,REAL,265.73055051267147,/workspace/benchmarks_ai_research/data/genimage/biggan/imagenet_ai_0419_biggan/val/ai/609_biggan_00074.png,1
0,0.10374862686637971,REAL,267.03585498034954,/workspace/benchmarks_ai_research/data/genimage/biggan/imagenet_ai_0419_biggan/val/ai/649_biggan_00039.png,1
0,0.20181322226037882,REAL,265.9417074173689,/workspace/benchmarks_ai_research/data/genimage/biggan/imagenet_ai_0419_biggan/val/ai/672_biggan_00039.png,1
0,0.03904829272622638,REAL,272.5822236388922,/workspace/benchmarks_ai_research/data/genimage/biggan/imagenet_ai_0419_biggan/val/ai/437_biggan_00035.png,1
0,0.017176709012318405,REAL,265.13655856251717,/workspace/benchmarks_ai_research/data/genimage/biggan/imagenet_ai_0419_biggan/val/ai/381_biggan_00039.png,1
0,0.042087727915618836,REAL,266.4241995662451,/workspace/benchmarks_ai_research/data/genimage/biggan/imagenet_ai_0419_biggan/val/ai/351_biggan_00039.png,1
0,0.01495708659314999,REAL,265.03380946815014,/workspace/benchmarks_ai_research/data/genimage/biggan/imagenet_ai_0419_biggan/val/ai/232_biggan_00035.png,1
0,0.07362013576864782,FAKE,338.8759884983301,/workspace/benchmarks_ai_research/data/genimage/biggan/imagenet_ai_0419_biggan/val/ai/826_biggan_00127.png,1
0,0.00530189486940215,REAL,264.7426873445511,/workspace/benchmarks_ai_research/data/genimage/biggan/imagenet_ai_0419_biggan/val/ai/349_biggan_00035.png,1
0,0.010489091259938018,REAL,264.72887583076954,/workspace/benchmarks_ai_research/data/genimage/biggan/imagenet_ai_0419_biggan/val/ai/936_biggan_00143.png,1
0,0.07263670636078697,REAL,266.51781238615513,/workspace/benchmarks_ai_research/data/genimage/biggan/imagenet_ai_0419_biggan/val/ai/458_biggan_00039.png,1
0,0.09009299396195182,REAL,284.31572020053864,/workspace/benchmarks_ai_research/data/genimage/biggan/imagenet_ai_0419_biggan/val/ai/752_biggan_00143.png,1
0,0.09268777863937604,REAL,265.70795103907585,/workspace/benchmarks_ai_research/data/genimage/biggan/imagenet_ai_0419_biggan/val/ai/706_biggan_00074.png,1
0,0.24508501313237172,REAL,266.05407148599625,/workspace/benchmarks_ai_research/data/genimage/biggan/imagenet_ai_0419_biggan/val/ai/839_biggan_00143.png,1
0,0.29649897068571457,REAL,265.6090743839741,/workspace/benchmarks_ai_research/data/genimage/biggan/imagenet_ai_0419_biggan/val/ai/905_biggan_00074.png,1
0,0.0209642408181275,REAL,266.4381619542837,/workspace/benchmarks_ai_research/data/genimage/biggan/imagenet_ai_0419_biggan/val/ai/238_biggan_00127.png,1
0,0.2796410507425419,REAL,264.73713479936123,/workspace/benchmarks_ai_research/data/genimage/biggan/imagenet_ai_0419_biggan/val/ai/771_biggan_00127.png,1
0,0.08756383952305867,REAL,264.9360094219446,/workspace/benchmarks_ai_research/data/genimage/biggan/imagenet_ai_0419_biggan/val/ai/863_biggan_00020.png,1
0,0.07438493971456728,FAKE,330.13948425650597,/workspace/benchmarks_ai_research/data/genimage/biggan/imagenet_ai_0419_biggan/val/ai/563_biggan_00074.png,1
0,0.07647336073500098,FAKE,328.99224013090134,/workspace/benchmarks_ai_research/data/genimage/biggan/imagenet_ai_0419_biggan/val/ai/665_biggan_00143.png,1
0,0.07738477875019929,FAKE,331.40593208372593,/workspace/benchmarks_ai_research/data/genimage/biggan/imagenet_ai_0419_biggan/val/ai/611_biggan_00035.png,1
0,0.027169231535681047,REAL,264.37742076814175,/workspace/benchmarks_ai_research/data/genimage/biggan/imagenet_ai_0419_biggan/val/ai/149_biggan_00143.png,1
0,0.02635535284611975,REAL,264.24774527549744,/workspace/benchmarks_ai_research/data/genimage/biggan/imagenet_ai_0419_biggan/val/ai/493_biggan_00127.png,1
0,0.00530189486940215,REAL,263.9755457639694,/workspace/benchmarks_ai_research/data/genimage/biggan/imagenet_ai_0419_biggan/val/ai/165_biggan_00020.png,1
0,0.06849001978924318,FAKE,329.22081276774406,/workspace/benchmarks_ai_research/data/genimage/biggan/imagenet_ai_0419_biggan/val/ai/838_biggan_00035.png,1
0,0.3040416749665474,REAL,266.24165661633015,/workspace/benchmarks_ai_research/data/genimage/biggan/imagenet_ai_0419_biggan/val/ai/632_biggan_00039.png,1
0,0.0757018513503312,FAKE,329.3359614908695,/workspace/benchmarks_ai_research/data/genimage/biggan/imagenet_ai_0419_biggan/val/ai/860_biggan_00143.png,1
0,0.06827670632000439,FAKE,329.38061468303204,/workspace/benchmarks_ai_research/data/genimage/biggan/imagenet_ai_0419_biggan/val/ai/146_biggan_00039.png,1
0,0.3230137868334034,REAL,264.7806666791439,/workspace/benchmarks_ai_research/data/genimage/biggan/imagenet_ai_0419_biggan/val/ai/632_biggan_00020.png,1
0,0.32427604235148433,REAL,265.8822163939476,/workspace/benchmarks_ai_research/data/genimage/biggan/imagenet_ai_0419_biggan/val/ai/464_biggan_00127.png,1
0,0.31742626558767584,REAL,267.32026785612106,/workspace/benchmarks_ai_research/data/genimage/biggan/imagenet_ai_0419_biggan/val/ai/082_biggan_00074.png,1
0,0.07186370139826567,FAKE,333.07490684092045,/workspace/benchmarks_ai_research/data/genimage/biggan/imagenet_ai_0419_biggan/val/ai/840_biggan_00127.png,1
0,0.06740624147146265,FAKE,329.96571995317936,/workspace/benchmarks_ai_research/data/genimage/biggan/imagenet_ai_0419_biggan/val/ai/892_biggan_00039.png,1
0,0.07729185452614329,FAKE,328.918756917119,/workspace/benchmarks_ai_research/data/genimage/biggan/imagenet_ai_0419_biggan/val/ai/395_biggan_00127.png,1
0,0.2794536858629733,REAL,266.4409186691046,/workspace/benchmarks_ai_research/data/genimage/biggan/imagenet_ai_0419_biggan/val/ai/696_biggan_00039.png,1
0,0.20946968133032526,REAL,265.36791399121284,/workspace/benchmarks_ai_research/data/genimage/biggan/imagenet_ai_0419_biggan/val/ai/942_biggan_00020.png,1
0,0.16238003666671086,REAL,263.50350864231586,/workspace/benchmarks_ai_research/data/genimage/biggan/imagenet_ai_0419_biggan/val/ai/506_biggan_00143.png,1
0,0.02595735719779685,REAL,263.42822797596455,/workspace/benchmarks_ai_research/data/genimage/biggan/imagenet_ai_0419_biggan/val/ai/955_biggan_00035.png,1
0,0.04401864986294638,REAL,264.0760149806738,/workspace/benchmarks_ai_research/data/genimage/biggan/imagenet_ai_0419_biggan/val/ai/717_biggan_00143.png,1
0,0.17781086947804958,REAL,263.79238069057465,/workspace/benchmarks_ai_research/data/genimage/biggan/imagenet_ai_0419_biggan/val/ai/827_biggan_00020.png,1
0,0.07496331407752119,FAKE,330.23005723953247,/workspace/benchmarks_ai_research/data/genimage/biggan/imagenet_ai_0419_biggan/val/ai/589_biggan_00035.png,1
0,0.29421497216298875,REAL,263.6875156313181,/workspace/benchmarks_ai_research/data/genimage/biggan/imagenet_ai_0419_biggan/val/ai/463_biggan_00074.png,1
0,0.07426975180451574,FAKE,346.2712038308382,/workspace/benchmarks_ai_research/data/genimage/biggan/imagenet_ai_0419_biggan/val/ai/886_biggan_00127.png,1
0,0.06766397492968637,FAKE,332.95606821775436,/workspace/benchmarks_ai_research/data/genimage/biggan/imagenet_ai_0419_biggan/val/ai/922_biggan_00035.png,1
0,0.290558813887278,REAL,264.97956924140453,/workspace/benchmarks_ai_research/data/genimage/biggan/imagenet_ai_0419_biggan/val/ai/631_biggan_00039.png,1
0,0.11124120650754304,REAL,296.1296606808901,/workspace/benchmarks_ai_research/data/genimage/biggan/imagenet_ai_0419_biggan/val/ai/096_biggan_00020.png,1
0,0.0771857854606164,FAKE,327.91080698370934,/workspace/benchmarks_ai_research/data/genimage/biggan/imagenet_ai_0419_biggan/val/ai/771_biggan_00039.png,1
0,0.09268777863937604,REAL,263.44080828130245,/workspace/benchmarks_ai_research/data/genimage/biggan/imagenet_ai_0419_biggan/val/ai/506_biggan_00039.png,1
0,0.3194851605672321,REAL,262.91023939847946,/workspace/benchmarks_ai_research/data/genimage/biggan/imagenet_ai_0419_biggan/val/ai/461_biggan_00039.png,1
1,0.9425067211996143,FAKE,327.92026922106743,/workspace/benchmarks_ai_research/data/genimage/biggan/imagenet_ai_0419_biggan/val/ai/522_biggan_00143.png,1
0,0.07518290082280078,FAKE,330.7402040809393,/workspace/benchmarks_ai_research/data/genimage/biggan/imagenet_ai_0419_biggan/val/ai/719_biggan_00039.png,1
0,0.0727119352651472,FAKE,327.89128459990025,/workspace/benchmarks_ai_research/data/genimage/biggan/imagenet_ai_0419_biggan/val/ai/981_biggan_00143.png,1
0,0.07193815998032553,FAKE,328.3839803189039,/workspace/benchmarks_ai_research/data/genimage/biggan/imagenet_ai_0419_biggan/val/ai/596_biggan_00127.png,1
0,0.32423539898095244,REAL,264.6478395909071,/workspace/benchmarks_ai_research/data/genimage/biggan/imagenet_ai_0419_biggan/val/ai/874_biggan_00143.png,1
0,0.23370635691404026,REAL,263.41453567147255,/workspace/benchmarks_ai_research/data/genimage/biggan/imagenet_ai_0419_biggan/val/ai/248_biggan_00127.png,1
0,0.08882029240011771,REAL,266.6153945028782,/workspace/benchmarks_ai_research/data/genimage/biggan/imagenet_ai_0419_biggan/val/ai/389_biggan_00039.png,1
0,0.00433150202056399,REAL,264.4593380391598,/workspace/benchmarks_ai_research/data/genimage/biggan/imagenet_ai_0419_biggan/val/ai/360_biggan_00020.png,1
0,0.25683199138751883,REAL,264.09043185412884,/workspace/benchmarks_ai_research/data/genimage/biggan/imagenet_ai_0419_biggan/val/ai/662_biggan_00127.png,1
0,0.015424552081841137,REAL,264.978114515543,/workspace/benchmarks_ai_research/data/genimage/biggan/imagenet_ai_0419_biggan/val/ai/984_biggan_00035.png,1
1,0.9632305339244013,FAKE,328.26562598347664,/workspace/benchmarks_ai_research/data/genimage/biggan/imagenet_ai_0419_biggan/val/ai/917_biggan_00020.png,1
0,0.3390767300236224,REAL,268.2398669421673,/workspace/benchmarks_ai_research/data/genimage/biggan/imagenet_ai_0419_biggan/val/ai/886_biggan_00143.png,1
0,0.2146914191122419,REAL,263.3500322699547,/workspace/benchmarks_ai_research/data/genimage/biggan/imagenet_ai_0419_biggan/val/ai/659_biggan_00035.png,1
0,0.0028449096649795012,REAL,263.7633066624403,/workspace/benchmarks_ai_research/data/genimage/biggan/imagenet_ai_0419_biggan/val/ai/143_biggan_00035.png,1
0,0.16238003666671086,REAL,270.23108303546906,/workspace/benchmarks_ai_research/data/genimage/biggan/imagenet_ai_0419_biggan/val/ai/167_biggan_00127.png,1
0,0.07292544705277497,FAKE,333.71179550886154,/workspace/benchmarks_ai_research/data/genimage/biggan/imagenet_ai_0419_biggan/val/ai/808_biggan_00035.png,1
0,0.28457600421652673,REAL,265.70024713873863,/workspace/benchmarks_ai_research/data/genimage/biggan/imagenet_ai_0419_biggan/val/ai/852_biggan_00035.png,1
0,0.03410042571231151,REAL,264.26088623702526,/workspace/benchmarks_ai_research/data/genimage/biggan/imagenet_ai_0419_biggan/val/ai/978_biggan_00127.png,1
0,0.07073059188877338,FAKE,328.09232361614704,/workspace/benchmarks_ai_research/data/genimage/biggan/imagenet_ai_0419_biggan/val/ai/063_biggan_00127.png,1
0,0.081603375379795,FAKE,335.29564179480076,/workspace/benchmarks_ai_research/data/genimage/biggan/imagenet_ai_0419_biggan/val/ai/860_biggan_00074.png,1
1,0.9719924793940118,FAKE,331.3439004123211,/workspace/benchmarks_ai_research/data/genimage/biggan/imagenet_ai_0419_biggan/val/ai/702_biggan_00039.png,1
0,0.01495708659314999,REAL,305.14406971633434,/workspace/benchmarks_ai_research/data/genimage/biggan/imagenet_ai_0419_biggan/val/ai/741_biggan_00127.png,1
0,0.026759283185443145,REAL,277.8609171509743,/workspace/benchmarks_ai_research/data/genimage/biggan/imagenet_ai_0419_biggan/val/ai/997_biggan_00035.png,1
0,0.011331753531361453,REAL,263.74255679547787,/workspace/benchmarks_ai_research/data/genimage/biggan/imagenet_ai_0419_biggan/val/ai/976_biggan_00074.png,1
0,0.07396340748509667,FAKE,330.0222121179104,/workspace/benchmarks_ai_research/data/genimage/biggan/imagenet_ai_0419_biggan/val/ai/769_biggan_00074.png,1
0,0.008445626941126032,REAL,263.5748106986284,/workspace/benchmarks_ai_research/data/genimage/biggan/imagenet_ai_0419_biggan/val/ai/138_biggan_00143.png,1
0,0.06938544624064716,FAKE,343.4093687683344,/workspace/benchmarks_ai_research/data/genimage/biggan/imagenet_ai_0419_biggan/val/ai/734_biggan_00039.png,1
0,0.08035746882220708,REAL,264.5635399967432,/workspace/benchmarks_ai_research/data/genimage/biggan/imagenet_ai_0419_biggan/val/ai/349_biggan_00039.png,1
0,0.12592276483513232,REAL,263.7361418455839,/workspace/benchmarks_ai_research/data/genimage/biggan/imagenet_ai_0419_biggan/val/ai/418_biggan_00039.png,1
0,0.01971912810734659,REAL,264.00743052363396,/workspace/benchmarks_ai_research/data/genimage/biggan/imagenet_ai_0419_biggan/val/ai/011_biggan_00039.png,1
0,0.2847653490469151,REAL,263.4785324335098,/workspace/benchmarks_ai_research/data/genimage/biggan/imagenet_ai_0419_biggan/val/ai/922_biggan_00039.png,1
0,0.06814665807249043,FAKE,332.204457372427,/workspace/benchmarks_ai_research/data/genimage/biggan/imagenet_ai_0419_biggan/val/ai/464_biggan_00020.png,1
0,0.0688826784310207,FAKE,329.69783432781696,/workspace/benchmarks_ai_research/data/genimage/biggan/imagenet_ai_0419_biggan/val/ai/481_biggan_00039.png,1
0,0.20946968133032526,REAL,264.0844006091356,/workspace/benchmarks_ai_research/data/genimage/biggan/imagenet_ai_0419_biggan/val/ai/421_biggan_00020.png,1
0,0.07887182598086527,FAKE,329.1993625462055,/workspace/benchmarks_ai_research/data/genimage/biggan/imagenet_ai_0419_biggan/val/ai/720_biggan_00074.png,1
0,0.07858849921549334,FAKE,327.4604473263025,/workspace/benchmarks_ai_research/data/genimage/biggan/imagenet_ai_0419_biggan/val/ai/481_biggan_00143.png,1
0,0.06278920859705135,REAL,265.1088871061802,/workspace/benchmarks_ai_research/data/genimage/biggan/imagenet_ai_0419_biggan/val/ai/876_biggan_00020.png,1
0,0.0771990325494902,FAKE,331.69393613934517,/workspace/benchmarks_ai_research/data/genimage/biggan/imagenet_ai_0419_biggan/val/ai/317_biggan_00035.png,1
0,0.02843603304485266,REAL,270.96322551369667,/workspace/benchmarks_ai_research/data/genimage/biggan/imagenet_ai_0419_biggan/val/ai/194_biggan_00143.png,1
0,0.3120902551709103,REAL,266.4889879524708,/workspace/benchmarks_ai_research/data/genimage/biggan/imagenet_ai_0419_biggan/val/ai/482_biggan_00143.png,1
0,0.06465348835622392,REAL,265.99389128386974,/workspace/benchmarks_ai_research/data/genimage/biggan/imagenet_ai_0419_biggan/val/ai/493_biggan_00039.png,1
0,0.29879319366236723,REAL,269.238056614995,/workspace/benchmarks_ai_research/data/genimage/biggan/imagenet_ai_0419_biggan/val/ai/797_biggan_00074.png,1
1,0.9284088005554476,FAKE,339.38063494861126,/workspace/benchmarks_ai_research/data/genimage/biggan/imagenet_ai_0419_biggan/val/ai/445_biggan_00127.png,1
0,0.07579302101229744,FAKE,338.70166167616844,/workspace/benchmarks_ai_research/data/genimage/biggan/imagenet_ai_0419_biggan/val/ai/834_biggan_00127.png,1
0,0.07384882025436337,FAKE,341.94949083030224,/workspace/benchmarks_ai_research/data/genimage/biggan/imagenet_ai_0419_biggan/val/ai/508_biggan_00074.png,1
0,0.16238003666671086,REAL,266.7458560317755,/workspace/benchmarks_ai_research/data/genimage/biggan/imagenet_ai_0419_biggan/val/ai/637_biggan_00035.png,1
0,0.08079848458685428,FAKE,358.4824800491333,/workspace/benchmarks_ai_research/data/genimage/biggan/imagenet_ai_0419_biggan/val/ai/954_biggan_00039.png,1
0,0.22270013882530884,REAL,271.29519172012806,/workspace/benchmarks_ai_research/data/genimage/biggan/imagenet_ai_0419_biggan/val/ai/859_biggan_00074.png,1
0,0.07120890810576656,FAKE,334.9315468221903,/workspace/benchmarks_ai_research/data/genimage/biggan/imagenet_ai_0419_biggan/val/ai/797_biggan_00039.png,1
0,0.06954174450582809,REAL,279.50590662658215,/workspace/benchmarks_ai_research/data/genimage/biggan/imagenet_ai_0419_biggan/val/ai/649_biggan_00020.png,1
0,0.0953494648991095,REAL,267.75411888957024,/workspace/benchmarks_ai_research/data/genimage/biggan/imagenet_ai_0419_biggan/val/ai/753_biggan_00143.png,1
0,0.1422318950098963,REAL,271.0549905896187,/workspace/benchmarks_ai_research/data/genimage/biggan/imagenet_ai_0419_biggan/val/ai/878_biggan_00074.png,1
0,0.02333076880848049,REAL,267.7217461168766,/workspace/benchmarks_ai_research/data/genimage/biggan/imagenet_ai_0419_biggan/val/ai/028_biggan_00143.png,1
0,0.17781086947804958,REAL,287.81536407768726,/workspace/benchmarks_ai_research/data/genimage/biggan/imagenet_ai_0419_biggan/val/ai/146_biggan_00074.png,1
0,0.07468003728222787,FAKE,337.96292915940285,/workspace/benchmarks_ai_research/data/genimage/biggan/imagenet_ai_0419_biggan/val/ai/432_biggan_00127.png,1
0,0.11279540628289321,REAL,273.58108200132847,/workspace/benchmarks_ai_research/data/genimage/biggan/imagenet_ai_0419_biggan/val/ai/458_biggan_00020.png,1
0,0.16667540468797667,REAL,275.51274560391903,/workspace/benchmarks_ai_research/data/genimage/biggan/imagenet_ai_0419_biggan/val/ai/809_biggan_00143.png,1
0,0.13846179056896438,REAL,269.3722452968359,/workspace/benchmarks_ai_research/data/genimage/biggan/imagenet_ai_0419_biggan/val/ai/131_biggan_00035.png,1
0,0.0714553538106444,FAKE,335.67013032734394,/workspace/benchmarks_ai_research/data/genimage/biggan/imagenet_ai_0419_biggan/val/ai/700_biggan_00074.png,1
0,0.007937994101407319,REAL,269.95134726166725,/workspace/benchmarks_ai_research/data/genimage/biggan/imagenet_ai_0419_biggan/val/ai/353_biggan_00143.png,1
0,0.07093873073387887,FAKE,346.70245088636875,/workspace/benchmarks_ai_research/data/genimage/biggan/imagenet_ai_0419_biggan/val/ai/893_biggan_00039.png,1
0,0.2980143193303459,REAL,271.2102774530649,/workspace/benchmarks_ai_research/data/genimage/biggan/imagenet_ai_0419_biggan/val/ai/416_biggan_00039.png,1
0,0.3353352219621839,REAL,270.44425904750824,/workspace/benchmarks_ai_research/data/genimage/biggan/imagenet_ai_0419_biggan/val/ai/784_biggan_00039.png,1
0,0.0194193481824486,REAL,266.25477708876133,/workspace/benchmarks_ai_research/data/genimage/biggan/imagenet_ai_0419_biggan/val/ai/086_biggan_00020.png,1
0,0.37283127629624024,REAL,267.35816709697247,/workspace/benchmarks_ai_research/data/genimage/biggan/imagenet_ai_0419_biggan/val/ai/291_biggan_00127.png,1
0,0.09401017961657226,REAL,269.07351799309254,/workspace/benchmarks_ai_research/data/genimage/biggan/imagenet_ai_0419_biggan/val/ai/734_biggan_00074.png,1
0,0.07498910940730652,FAKE,339.77307192981243,/workspace/benchmarks_ai_research/data/genimage/biggan/imagenet_ai_0419_biggan/val/ai/787_biggan_00127.png,1
0,0.30526312119618854,REAL,268.32301169633865,/workspace/benchmarks_ai_research/data/genimage/biggan/imagenet_ai_0419_biggan/val/ai/502_biggan_00143.png,1
0,0.06775788972265216,FAKE,349.34790804982185,/workspace/benchmarks_ai_research/data/genimage/biggan/imagenet_ai_0419_biggan/val/ai/437_biggan_00039.png,1
0,0.07316475374074195,FAKE,332.8878954052925,/workspace/benchmarks_ai_research/data/genimage/biggan/imagenet_ai_0419_biggan/val/ai/863_biggan_00074.png,1
0,0.07516997151372479,FAKE,338.90327624976635,/workspace/benchmarks_ai_research/data/genimage/biggan/imagenet_ai_0419_biggan/val/ai/111_biggan_00039.png,1
0,0.06974664750604433,FAKE,333.56063440442085,/workspace/benchmarks_ai_research/data/genimage/biggan/imagenet_ai_0419_biggan/val/ai/896_biggan_00143.png,1
0,0.18242552380635632,REAL,269.34804022312164,/workspace/benchmarks_ai_research/data/genimage/biggan/imagenet_ai_0419_biggan/val/ai/256_biggan_00035.png,1
0,0.1500288243424251,REAL,267.2094590961933,/workspace/benchmarks_ai_research/data/genimage/biggan/imagenet_ai_0419_biggan/val/ai/671_biggan_00127.png,1
0,0.07150472467151521,FAKE,335.4075364768505,/workspace/benchmarks_ai_research/data/genimage/biggan/imagenet_ai_0419_biggan/val/ai/786_biggan_00020.png,1
0,0.3399526846232991,REAL,267.2820519655943,/workspace/benchmarks_ai_research/data/genimage/biggan/imagenet_ai_0419_biggan/val/ai/950_biggan_00020.png,1
0,0.01971912810734659,REAL,270.9051538258791,/workspace/benchmarks_ai_research/data/genimage/biggan/imagenet_ai_0419_biggan/val/ai/025_biggan_00020.png,1
0,0.012624949281564409,REAL,271.3392022997141,/workspace/benchmarks_ai_research/data/genimage/biggan/imagenet_ai_0419_biggan/val/ai/275_biggan_00039.png,1
0,0.3086662403198234,REAL,271.48855663836,/workspace/benchmarks_ai_research/data/genimage/biggan/imagenet_ai_0419_biggan/val/ai/689_biggan_00035.png,1
0,0.3039235352816368,REAL,266.4936315268278,/workspace/benchmarks_ai_research/data/genimage/biggan/imagenet_ai_0419_biggan/val/ai/463_biggan_00039.png,1
0,0.013848610215564576,REAL,268.46788451075554,/workspace/benchmarks_ai_research/data/genimage/biggan/imagenet_ai_0419_biggan/val/ai/915_biggan_00143.png,1
0,0.08882029240011771,REAL,269.02843452990055,/workspace/benchmarks_ai_research/data/genimage/biggan/imagenet_ai_0419_biggan/val/ai/114_biggan_00039.png,1
0,0.07524757801895404,FAKE,337.566627189517,/workspace/benchmarks_ai_research/data/genimage/biggan/imagenet_ai_0419_biggan/val/ai/589_biggan_00074.png,1
0,0.14033624949008322,REAL,263.45647498965263,/workspace/benchmarks_ai_research/data/genimage/biggan/imagenet_ai_0419_biggan/val/ai/613_biggan_00127.png,1
0,0.03904829272622638,REAL,265.8951748162508,/workspace/benchmarks_ai_research/data/genimage/biggan/imagenet_ai_0419_biggan/val/ai/851_biggan_00143.png,1
0,0.32668549347390546,REAL,271.15323580801487,/workspace/benchmarks_ai_research/data/genimage/biggan/imagenet_ai_0419_biggan/val/ai/213_biggan_00039.png,1
0,0.32570431063423333,REAL,272.2689174115658,/workspace/benchmarks_ai_research/data/genimage/biggan/imagenet_ai_0419_biggan/val/ai/759_biggan_00074.png,1
0,0.07721228172168057,FAKE,337.92123571038246,/workspace/benchmarks_ai_research/data/genimage/biggan/imagenet_ai_0419_biggan/val/ai/709_biggan_00127.png,1
0,0.30004179859900243,REAL,267.3103641718626,/workspace/benchmarks_ai_research/data/genimage/biggan/imagenet_ai_0419_biggan/val/ai/688_biggan_00127.png,1
1,0.9658995742876885,FAKE,332.3301486670971,/workspace/benchmarks_ai_research/data/genimage/biggan/imagenet_ai_0419_biggan/val/ai/504_biggan_00039.png,1
0,0.33272834261971496,REAL,272.82035164535046,/workspace/benchmarks_ai_research/data/genimage/biggan/imagenet_ai_0419_biggan/val/ai/627_biggan_00127.png,1
0,0.07080399737989707,FAKE,330.0549201667309,/workspace/benchmarks_ai_research/data/genimage/biggan/imagenet_ai_0419_biggan/val/ai/592_biggan_00127.png,1
0,0.012431650853185818,REAL,264.2274256795645,/workspace/benchmarks_ai_research/data/genimage/biggan/imagenet_ai_0419_biggan/val/ai/163_biggan_00039.png,1
0,0.07369626970604846,REAL,263.72280716896057,/workspace/benchmarks_ai_research/data/genimage/biggan/imagenet_ai_0419_biggan/val/ai/827_biggan_00143.png,1
0,0.03161876726864548,REAL,271.2190095335245,/workspace/benchmarks_ai_research/data/genimage/biggan/imagenet_ai_0419_biggan/val/ai/143_biggan_00039.png,1
0,0.007577241267860811,REAL,263.1655987352133,/workspace/benchmarks_ai_research/data/genimage/biggan/imagenet_ai_0419_biggan/val/ai/019_biggan_00127.png,1
0,0.06465348835622392,REAL,267.6973044872284,/workspace/benchmarks_ai_research/data/genimage/biggan/imagenet_ai_0419_biggan/val/ai/348_biggan_00143.png,1
0,0.010818448652863185,REAL,264.68477956950665,/workspace/benchmarks_ai_research/data/genimage/biggan/imagenet_ai_0419_biggan/val/ai/128_biggan_00020.png,1
0,0.32423539898095244,REAL,274.9265041202307,/workspace/benchmarks_ai_research/data/genimage/biggan/imagenet_ai_0419_biggan/val/ai/171_biggan_00127.png,1
0,0.06747644740924715,FAKE,330.36062866449356,/workspace/benchmarks_ai_research/data/genimage/biggan/imagenet_ai_0419_biggan/val/ai/767_biggan_00039.png,1
0,0.24220562872535945,REAL,264.1005963087082,/workspace/benchmarks_ai_research/data/genimage/biggan/imagenet_ai_0419_biggan/val/ai/417_biggan_00127.png,1
0,0.037326887344129464,REAL,267.17749796807766,/workspace/benchmarks_ai_research/data/genimage/biggan/imagenet_ai_0419_biggan/val/ai/223_biggan_00035.png,1
0,0.061875985723642724,REAL,263.8693694025278,/workspace/benchmarks_ai_research/data/genimage/biggan/imagenet_ai_0419_biggan/val/ai/724_biggan_00035.png,1
0,0.3326044892320876,REAL,263.33361491560936,/workspace/benchmarks_ai_research/data/genimage/biggan/imagenet_ai_0419_biggan/val/ai/743_biggan_00127.png,1
0,0.07585818002124356,REAL,264.13718424737453,/workspace/benchmarks_ai_research/data/genimage/biggan/imagenet_ai_0419_biggan/val/ai/987_biggan_00020.png,1
0,0.06769917882155947,FAKE,329.1819617152214,/workspace/benchmarks_ai_research/data/genimage/biggan/imagenet_ai_0419_biggan/val/ai/465_biggan_00035.png,1
0,0.07063283770471872,FAKE,330.6340165436268,/workspace/benchmarks_ai_research/data/genimage/biggan/imagenet_ai_0419_biggan/val/ai/916_biggan_00127.png,1
0,0.31033584780185813,REAL,263.3939515799284,/workspace/benchmarks_ai_research/data/genimage/biggan/imagenet_ai_0419_biggan/val/ai/999_biggan_00035.png,1
0,0.2146914191122419,REAL,263.53601180016994,/workspace/benchmarks_ai_research/data/genimage/biggan/imagenet_ai_0419_biggan/val/ai/919_biggan_00143.png,1
0,0.25091278688527247,REAL,270.58215253055096,/workspace/benchmarks_ai_research/data/genimage/biggan/imagenet_ai_0419_biggan/val/ai/409_biggan_00020.png,1
0,0.07032819503714756,FAKE,331.95691742002964,/workspace/benchmarks_ai_research/data/genimage/biggan/imagenet_ai_0419_biggan/val/ai/166_biggan_00143.png,1
0,0.17328820592932656,REAL,266.7268291115761,/workspace/benchmarks_ai_research/data/genimage/biggan/imagenet_ai_0419_biggan/val/ai/656_biggan_00039.png,1
0,0.014728613849722676,REAL,264.5753528922796,/workspace/benchmarks_ai_research/data/genimage/biggan/imagenet_ai_0419_biggan/val/ai/080_biggan_00035.png,1
0,0.20946968133032526,REAL,263.38155940175056,/workspace/benchmarks_ai_research/data/genimage/biggan/imagenet_ai_0419_biggan/val/ai/329_biggan_00143.png,1
0,0.03021458706739398,REAL,263.79203610122204,/workspace/benchmarks_ai_research/data/genimage/biggan/imagenet_ai_0419_biggan/val/ai/126_biggan_00127.png,1
0,0.30423846366849794,REAL,263.53302225470543,/workspace/benchmarks_ai_research/data/genimage/biggan/imagenet_ai_0419_biggan/val/ai/478_biggan_00035.png,1
0,0.3380771241500058,REAL,338.09426240623,/workspace/benchmarks_ai_research/data/genimage/biggan/imagenet_ai_0419_biggan/val/ai/913_biggan_00039.png,1
0,0.2877678157610531,REAL,265.06958715617657,/workspace/benchmarks_ai_research/data/genimage/biggan/imagenet_ai_0419_biggan/val/ai/053_biggan_00035.png,1
0,0.032589744766025344,REAL,264.7392675280571,/workspace/benchmarks_ai_research/data/genimage/biggan/imagenet_ai_0419_biggan/val/ai/011_biggan_00035.png,1
0,0.1871326821624266,REAL,264.87889513373375,/workspace/benchmarks_ai_research/data/genimage/biggan/imagenet_ai_0419_biggan/val/ai/658_biggan_00039.png,1
0,0.0032730649706716308,REAL,268.8878010958433,/workspace/benchmarks_ai_research/data/genimage/biggan/imagenet_ai_0419_biggan/val/ai/383_biggan_00143.png,1
0,0.009559399347091532,REAL,278.5618435591459,/workspace/benchmarks_ai_research/data/genimage/biggan/imagenet_ai_0419_biggan/val/ai/327_biggan_00020.png,1
0,0.30526312119618854,REAL,264.573996886611,/workspace/benchmarks_ai_research/data/genimage/biggan/imagenet_ai_0419_biggan/val/ai/709_biggan_00039.png,1
0,0.13846179056896438,REAL,265.48170298337936,/workspace/benchmarks_ai_research/data/genimage/biggan/imagenet_ai_0419_biggan/val/ai/961_biggan_00127.png,1
0,0.029312230751356316,REAL,264.84845764935017,/workspace/benchmarks_ai_research/data/genimage/biggan/imagenet_ai_0419_biggan/val/ai/375_biggan_00127.png,1
0,0.22270013882530884,REAL,265.52941277623177,/workspace/benchmarks_ai_research/data/genimage/biggan/imagenet_ai_0419_biggan/val/ai/828_biggan_00035.png,1
0,0.01665704000922906,REAL,266.4904482662678,/workspace/benchmarks_ai_research/data/genimage/biggan/imagenet_ai_0419_biggan/val/ai/213_biggan_00143.png,1
0,0.06721940664612665,FAKE,329.3335884809494,/workspace/benchmarks_ai_research/data/genimage/biggan/imagenet_ai_0419_biggan/val/ai/720_biggan_00039.png,1
0,0.028870906946287907,REAL,266.96530915796757,/workspace/benchmarks_ai_research/data/genimage/biggan/imagenet_ai_0419_biggan/val/ai/052_biggan_00020.png,1
0,0.07638144034228267,FAKE,326.8882315605879,/workspace/benchmarks_ai_research/data/genimage/biggan/imagenet_ai_0419_biggan/val/ai/482_biggan_00035.png,1
0,0.05184546664977983,REAL,266.64264500141144,/workspace/benchmarks_ai_research/data/genimage/biggan/imagenet_ai_0419_biggan/val/ai/640_biggan_00035.png,1
0,0.06465348835622392,REAL,266.0011537373066,/workspace/benchmarks_ai_research/data/genimage/biggan/imagenet_ai_0419_biggan/val/ai/313_biggan_00074.png,1
0,0.07518290082280078,FAKE,328.75555008649826,/workspace/benchmarks_ai_research/data/genimage/biggan/imagenet_ai_0419_biggan/val/ai/664_biggan_00039.png,1
0,0.22270013882530884,REAL,264.45841044187546,/workspace/benchmarks_ai_research/data/genimage/biggan/imagenet_ai_0419_biggan/val/ai/714_biggan_00035.png,1
0,0.10970577387797076,REAL,264.43576999008656,/workspace/benchmarks_ai_research/data/genimage/biggan/imagenet_ai_0419_biggan/val/ai/052_biggan_00035.png,1
0,0.17781086947804958,REAL,264.4979003816843,/workspace/benchmarks_ai_research/data/genimage/biggan/imagenet_ai_0419_biggan/val/ai/630_biggan_00039.png,1
0,0.0953494648991095,REAL,266.2782743573189,/workspace/benchmarks_ai_research/data/genimage/biggan/imagenet_ai_0419_biggan/val/ai/026_biggan_00020.png,1
0,0.07483442668989836,FAKE,329.8263680189848,/workspace/benchmarks_ai_research/data/genimage/biggan/imagenet_ai_0419_biggan/val/ai/346_biggan_00143.png,1
0,0.0650483324692849,FAKE,329.44073900580406,/workspace/benchmarks_ai_research/data/genimage/biggan/imagenet_ai_0419_biggan/val/ai/560_biggan_00127.png,1
0,0.021287351793451054,REAL,263.98263685405254,/workspace/benchmarks_ai_research/data/genimage/biggan/imagenet_ai_0419_biggan/val/ai/342_biggan_00074.png,1
0,0.20181322226037882,REAL,264.72205854952335,/workspace/benchmarks_ai_research/data/genimage/biggan/imagenet_ai_0419_biggan/val/ai/581_biggan_00127.png,1
0,0.20946968133032526,REAL,265.3678711503744,/workspace/benchmarks_ai_research/data/genimage/biggan/imagenet_ai_0419_biggan/val/ai/517_biggan_00035.png,1
0,0.13117322376181567,REAL,264.6950576454401,/workspace/benchmarks_ai_research/data/genimage/biggan/imagenet_ai_0419_biggan/val/ai/044_biggan_00039.png,1
0,0.29098086621490676,REAL,264.7458668798208,/workspace/benchmarks_ai_research/data/genimage/biggan/imagenet_ai_0419_biggan/val/ai/907_biggan_00074.png,1
0,0.07169017766576159,FAKE,329.4617496430874,/workspace/benchmarks_ai_research/data/genimage/biggan/imagenet_ai_0419_biggan/val/ai/613_biggan_00143.png,1
0,0.011869121046339474,REAL,265.26295579969883,/workspace/benchmarks_ai_research/data/genimage/biggan/imagenet_ai_0419_biggan/val/ai/995_biggan_00035.png,1
0,0.07464149394102268,FAKE,329.16807755827904,/workspace/benchmarks_ai_research/data/genimage/biggan/imagenet_ai_0419_biggan/val/ai/890_biggan_00039.png,1
0,0.3083885239900805,REAL,263.8353370130062,/workspace/benchmarks_ai_research/data/genimage/biggan/imagenet_ai_0419_biggan/val/ai/814_biggan_00039.png,1
0,0.09009299396195182,REAL,297.9536447674036,/workspace/benchmarks_ai_research/data/genimage/biggan/imagenet_ai_0419_biggan/val/ai/419_biggan_00039.png,1
0,0.09268777863937604,REAL,265.0407161563635,/workspace/benchmarks_ai_research/data/genimage/biggan/imagenet_ai_0419_biggan/val/ai/548_biggan_00127.png,1
0,0.07159119944455247,REAL,264.6245714277029,/workspace/benchmarks_ai_research/data/genimage/biggan/imagenet_ai_0419_biggan/val/ai/548_biggan_00035.png,1
0,0.036220055864974746,REAL,265.3422951698303,/workspace/benchmarks_ai_research/data/genimage/biggan/imagenet_ai_0419_biggan/val/ai/209_biggan_00143.png,1
0,0.2974699426047947,REAL,263.64351995289326,/workspace/benchmarks_ai_research/data/genimage/biggan/imagenet_ai_0419_biggan/val/ai/831_biggan_00035.png,1
0,0.01971912810734659,REAL,263.1590235978365,/workspace/benchmarks_ai_research/data/genimage/biggan/imagenet_ai_0419_biggan/val/ai/109_biggan_00127.png,1
0,0.007121428745735101,REAL,263.5532021522522,/workspace/benchmarks_ai_research/data/genimage/biggan/imagenet_ai_0419_biggan/val/ai/213_biggan_00074.png,1
0,0.2068940488158881,REAL,268.4500589966774,/workspace/benchmarks_ai_research/data/genimage/biggan/imagenet_ai_0419_biggan/val/ai/635_biggan_00039.png,1
0,0.04742587317756679,REAL,265.6569443643093,/workspace/benchmarks_ai_research/data/genimage/biggan/imagenet_ai_0419_biggan/val/ai/472_biggan_00039.png,1
0,0.0738742627070632,FAKE,328.8078121840954,/workspace/benchmarks_ai_research/data/genimage/biggan/imagenet_ai_0419_biggan/val/ai/672_biggan_00020.png,1
0,0.3090633197680385,REAL,263.73413018882275,/workspace/benchmarks_ai_research/data/genimage/biggan/imagenet_ai_0419_biggan/val/ai/529_biggan_00020.png,1
0,0.008985428752560176,REAL,267.6177900284529,/workspace/benchmarks_ai_research/data/genimage/biggan/imagenet_ai_0419_biggan/val/ai/360_biggan_00143.png,1
0,0.17328820592932656,REAL,264.26192559301853,/workspace/benchmarks_ai_research/data/genimage/biggan/imagenet_ai_0419_biggan/val/ai/885_biggan_00074.png,1
0,0.3423358481160888,REAL,266.87807962298393,/workspace/benchmarks_ai_research/data/genimage/biggan/imagenet_ai_0419_biggan/val/ai/146_biggan_00127.png,1
0,0.06930143691025534,FAKE,331.4862437546253,/workspace/benchmarks_ai_research/data/genimage/biggan/imagenet_ai_0419_biggan/val/ai/626_biggan_00035.png,1
0,0.06782843527629127,FAKE,330.83113469183445,/workspace/benchmarks_ai_research/data/genimage/biggan/imagenet_ai_0419_biggan/val/ai/761_biggan_00039.png,1
0,0.07613251031013879,FAKE,328.3026199787855,/workspace/benchmarks_ai_research/data/genimage/biggan/imagenet_ai_0419_biggan/val/ai/885_biggan_00035.png,1
0,0.06560483745906928,REAL,263.7318354099989,/workspace/benchmarks_ai_research/data/genimage/biggan/imagenet_ai_0419_biggan/val/ai/098_biggan_00127.png,1
0,0.1581743527484317,REAL,264.7693045437336,/workspace/benchmarks_ai_research/data/genimage/biggan/imagenet_ai_0419_biggan/val/ai/762_biggan_00035.png,1
0,0.32423539898095244,REAL,262.82384246587753,/workspace/benchmarks_ai_research/data/genimage/biggan/imagenet_ai_0419_biggan/val/ai/656_biggan_00035.png,1
0,0.07921032410902437,REAL,263.26295733451843,/workspace/benchmarks_ai_research/data/genimage/biggan/imagenet_ai_0419_biggan/val/ai/609_biggan_00143.png,1
0,0.31658041185660335,REAL,263.82678002119064,/workspace/benchmarks_ai_research/data/genimage/biggan/imagenet_ai_0419_biggan/val/ai/009_biggan_00074.png,1
1,0.9458012701768145,FAKE,327.358715236187,/workspace/benchmarks_ai_research/data/genimage/biggan/imagenet_ai_0419_biggan/val/ai/818_biggan_00074.png,1
0,0.3215512229158018,REAL,292.47837886214256,/workspace/benchmarks_ai_research/data/genimage/biggan/imagenet_ai_0419_biggan/val/ai/786_biggan_00074.png,1
0,0.02479816019558566,REAL,263.5315265506506,/workspace/benchmarks_ai_research/data/genimage/biggan/imagenet_ai_0419_biggan/val/ai/306_biggan_00035.png,1
0,0.2670074289427896,REAL,263.923104852438,/workspace/benchmarks_ai_research/data/genimage/biggan/imagenet_ai_0419_biggan/val/ai/709_biggan_00020.png,1
0,0.029760093945964218,REAL,264.2771117389202,/workspace/benchmarks_ai_research/data/genimage/biggan/imagenet_ai_0419_biggan/val/ai/232_biggan_00039.png,1
0,0.07014596798039213,FAKE,329.8680800944567,/workspace/benchmarks_ai_research/data/genimage/biggan/imagenet_ai_0419_biggan/val/ai/633_biggan_00039.png,1
0,0.2974699426047947,REAL,265.74790477752686,/workspace/benchmarks_ai_research/data/genimage/biggan/imagenet_ai_0419_biggan/val/ai/774_biggan_00074.png,1
0,0.07480868026587903,FAKE,330.13731241226196,/workspace/benchmarks_ai_research/data/genimage/biggan/imagenet_ai_0419_biggan/val/ai/831_biggan_00143.png,1
0,0.07248649578244029,FAKE,327.31890864670277,/workspace/benchmarks_ai_research/data/genimage/biggan/imagenet_ai_0419_biggan/val/ai/890_biggan_00020.png,1
0,0.07407815829342407,FAKE,327.3230828344822,/workspace/benchmarks_ai_research/data/genimage/biggan/imagenet_ai_0419_biggan/val/ai/754_biggan_00035.png,1
0,0.20946968133032526,REAL,263.12110759317875,/workspace/benchmarks_ai_research/data/genimage/biggan/imagenet_ai_0419_biggan/val/ai/462_biggan_00127.png,1
0,0.017712298703411445,REAL,265.0809045881033,/workspace/benchmarks_ai_research/data/genimage/biggan/imagenet_ai_0419_biggan/val/ai/979_biggan_00039.png,1
0,0.0741930401155018,FAKE,328.51697504520416,/workspace/benchmarks_ai_research/data/genimage/biggan/imagenet_ai_0419_biggan/val/ai/643_biggan_00035.png,1
0,0.3106544552897861,REAL,264.1538083553314,/workspace/benchmarks_ai_research/data/genimage/biggan/imagenet_ai_0419_biggan/val/ai/696_biggan_00074.png,1
0,0.0209642408181275,REAL,263.8279050588608,/workspace/benchmarks_ai_research/data/genimage/biggan/imagenet_ai_0419_biggan/val/ai/847_biggan_00143.png,1
0,0.033085978388704126,REAL,263.36364448070526,/workspace/benchmarks_ai_research/data/genimage/biggan/imagenet_ai_0419_biggan/val/ai/327_biggan_00127.png,1
0,0.0696260542402313,FAKE,329.9477007240057,/workspace/benchmarks_ai_research/data/genimage/biggan/imagenet_ai_0419_biggan/val/ai/662_biggan_00143.png,1
0,0.1347759174229568,REAL,264.3715888261795,/workspace/benchmarks_ai_research/data/genimage/biggan/imagenet_ai_0419_biggan/val/ai/061_biggan_00020.png,1
0,0.30715999969016217,REAL,265.23255556821823,/workspace/benchmarks_ai_research/data/genimage/biggan/imagenet_ai_0419_biggan/val/ai/561_biggan_00020.png,1
0,0.011508149064303403,REAL,264.1376741230488,/workspace/benchmarks_ai_research/data/genimage/biggan/imagenet_ai_0419_biggan/val/ai/277_biggan_00127.png,1
0,0.28731045446831455,REAL,264.00440372526646,/workspace/benchmarks_ai_research/data/genimage/biggan/imagenet_ai_0419_biggan/val/ai/784_biggan_00074.png,1
0,0.30668508894345037,REAL,265.6983956694603,/workspace/benchmarks_ai_research/data/genimage/biggan/imagenet_ai_0419_biggan/val/ai/786_biggan_00127.png,1
0,0.32656278861168253,REAL,263.4697034955025,/workspace/benchmarks_ai_research/data/genimage/biggan/imagenet_ai_0419_biggan/val/ai/469_biggan_00039.png,1
0,0.13846179056896438,REAL,262.98045739531517,/workspace/benchmarks_ai_research/data/genimage/biggan/imagenet_ai_0419_biggan/val/ai/397_biggan_00127.png,1
0,0.23091976292927183,REAL,263.80130276083946,/workspace/benchmarks_ai_research/data/genimage/biggan/imagenet_ai_0419_biggan/val/ai/828_biggan_00143.png,1
0,0.07416749666737572,FAKE,335.7720449566841,/workspace/benchmarks_ai_research/data/genimage/biggan/imagenet_ai_0419_biggan/val/ai/303_biggan_00035.png,1
0,0.022629200033037256,REAL,271.2685093283653,/workspace/benchmarks_ai_research/data/genimage/biggan/imagenet_ai_0419_biggan/val/ai/855_biggan_00039.png,1
0,0.08035746882220708,REAL,264.19580169022083,/workspace/benchmarks_ai_research/data/genimage/biggan/imagenet_ai_0419_biggan/val/ai/186_biggan_00020.png,1
0,0.08632347658627028,REAL,264.3316052854061,/workspace/benchmarks_ai_research/data/genimage/biggan/imagenet_ai_0419_biggan/val/ai/871_biggan_00039.png,1
0,0.015424552081841137,REAL,280.9763140976429,/workspace/benchmarks_ai_research/data/genimage/biggan/imagenet_ai_0419_biggan/val/ai/136_biggan_00127.png,1
0,0.23091976292927183,REAL,265.2193922549486,/workspace/benchmarks_ai_research/data/genimage/biggan/imagenet_ai_0419_biggan/val/ai/981_biggan_00035.png,1
0,0.30152842497153404,REAL,266.77470467984676,/workspace/benchmarks_ai_research/data/genimage/biggan/imagenet_ai_0419_biggan/val/ai/456_biggan_00039.png,1
0,0.2068940488158881,REAL,264.96873423457146,/workspace/benchmarks_ai_research/data/genimage/biggan/imagenet_ai_0419_biggan/val/ai/754_biggan_00039.png,1
0,0.16667540468797667,REAL,281.13981150090694,/workspace/benchmarks_ai_research/data/genimage/biggan/imagenet_ai_0419_biggan/val/ai/404_biggan_00143.png,1
1,0.9820137900379085,FAKE,331.9443576037884,/workspace/benchmarks_ai_research/data/genimage/biggan/imagenet_ai_0419_biggan/val/ai/456_biggan_00020.png,1
0,0.30223408613028946,REAL,263.1906606256962,/workspace/benchmarks_ai_research/data/genimage/biggan/imagenet_ai_0419_biggan/val/ai/713_biggan_00020.png,1
1,0.9796676466573412,FAKE,338.10122311115265,/workspace/benchmarks_ai_research/data/genimage/biggan/imagenet_ai_0419_biggan/val/ai/509_biggan_00035.png,1
0,0.0700247362542178,FAKE,329.7569155693054,/workspace/benchmarks_ai_research/data/genimage/biggan/imagenet_ai_0419_biggan/val/ai/903_biggan_00143.png,1
0,0.06950565390336892,FAKE,329.91634495556355,/workspace/benchmarks_ai_research/data/genimage/biggan/imagenet_ai_0419_biggan/val/ai/763_biggan_00035.png,1
0,0.07226173276119274,FAKE,328.8192618638277,/workspace/benchmarks_ai_research/data/genimage/biggan/imagenet_ai_0419_biggan/val/ai/402_biggan_00143.png,1
0,0.21733752104706247,REAL,264.69886489212513,/workspace/benchmarks_ai_research/data/genimage/biggan/imagenet_ai_0419_biggan/val/ai/699_biggan_00074.png,1
0,0.22270013882530884,REAL,266.47706516087055,/workspace/benchmarks_ai_research/data/genimage/biggan/imagenet_ai_0419_biggan/val/ai/062_biggan_00127.png,1
0,0.010169657753872614,REAL,266.321511939168,/workspace/benchmarks_ai_research/data/genimage/biggan/imagenet_ai_0419_biggan/val/ai/374_biggan_00127.png,1
0,0.040845715909949315,REAL,265.5282188206911,/workspace/benchmarks_ai_research/data/genimage/biggan/imagenet_ai_0419_biggan/val/ai/145_biggan_00020.png,1
0,0.046033902399240385,REAL,265.0184128433466,/workspace/benchmarks_ai_research/data/genimage/biggan/imagenet_ai_0419_biggan/val/ai/492_biggan_00074.png,1
0,0.0446808702726502,REAL,264.30612057447433,/workspace/benchmarks_ai_research/data/genimage/biggan/imagenet_ai_0419_biggan/val/ai/250_biggan_00020.png,1
0,0.2658804730998169,REAL,265.6381633132696,/workspace/benchmarks_ai_research/data/genimage/biggan/imagenet_ai_0419_biggan/val/ai/749_biggan_00039.png,1
0,0.07689480835991058,FAKE,336.49953827261925,/workspace/benchmarks_ai_research/data/genimage/biggan/imagenet_ai_0419_biggan/val/ai/122_biggan_00035.png,1
0,0.04958902298403175,REAL,263.33646662533283,/workspace/benchmarks_ai_research/data/genimage/biggan/imagenet_ai_0419_biggan/val/ai/997_biggan_00143.png,1
0,0.3631411113619128,REAL,263.3792366832495,/workspace/benchmarks_ai_research/data/genimage/biggan/imagenet_ai_0419_biggan/val/ai/770_biggan_00074.png,1
0,0.08756383952305867,REAL,263.53790424764156,/workspace/benchmarks_ai_research/data/genimage/biggan/imagenet_ai_0419_biggan/val/ai/779_biggan_00074.png,1
0,0.06278920859705135,REAL,290.940061211586,/workspace/benchmarks_ai_research/data/genimage/biggan/imagenet_ai_0419_biggan/val/ai/912_biggan_00039.png,1
0,0.18010666408646395,REAL,264.56826366484165,/workspace/benchmarks_ai_research/data/genimage/biggan/imagenet_ai_0419_biggan/val/ai/684_biggan_00143.png,1
0,0.02194825371486785,REAL,264.2004042863846,/workspace/benchmarks_ai_research/data/genimage/biggan/imagenet_ai_0419_biggan/val/ai/087_biggan_00074.png,1
0,0.1422318950098963,REAL,263.79492320120335,/workspace/benchmarks_ai_research/data/genimage/biggan/imagenet_ai_0419_biggan/val/ai/756_biggan_00020.png,1
0,0.3078333037870495,REAL,268.7002196907997,/workspace/benchmarks_ai_research/data/genimage/biggan/imagenet_ai_0419_biggan/val/ai/480_biggan_00127.png,1
1,0.9669140216112958,FAKE,331.48160576820374,/workspace/benchmarks_ai_research/data/genimage/biggan/imagenet_ai_0419_biggan/val/ai/838_biggan_00039.png,1
0,0.10521053670308635,REAL,264.68299701809883,/workspace/benchmarks_ai_research/data/genimage/biggan/imagenet_ai_0419_biggan/val/ai/510_biggan_00074.png,1
0,0.2598256379609837,REAL,264.0874795615673,/workspace/benchmarks_ai_research/data/genimage/biggan/imagenet_ai_0419_biggan/val/ai/436_biggan_00143.png,1
0,0.16885695214168314,REAL,267.569936811924,/workspace/benchmarks_ai_research/data/genimage/biggan/imagenet_ai_0419_biggan/val/ai/251_biggan_00074.png,1
0,0.07198787042112106,FAKE,328.64053174853325,/workspace/benchmarks_ai_research/data/genimage/biggan/imagenet_ai_0419_biggan/val/ai/498_biggan_00035.png,1
0,0.0740781255868912,FAKE,329.2117565870285,/workspace/benchmarks_ai_research/data/genimage/biggan/imagenet_ai_0419_biggan/val/ai/719_biggan_00143.png,1
0,0.2689414213699951,REAL,264.71144892275333,/workspace/benchmarks_ai_research/data/genimage/biggan/imagenet_ai_0419_biggan/val/ai/556_biggan_00143.png,1
0,0.07143064855348841,FAKE,328.8920745253563,/workspace/benchmarks_ai_research/data/genimage/biggan/imagenet_ai_0419_biggan/val/ai/921_biggan_00035.png,1
0,0.07308909327006059,FAKE,328.4493163228035,/workspace/benchmarks_ai_research/data/genimage/biggan/imagenet_ai_0419_biggan/val/ai/584_biggan_00035.png,1
1,0.9425067211996143,FAKE,328.37023958563805,/workspace/benchmarks_ai_research/data/genimage/biggan/imagenet_ai_0419_biggan/val/ai/865_biggan_00020.png,1
0,0.09401017961657226,REAL,269.9139453470707,/workspace/benchmarks_ai_research/data/genimage/biggan/imagenet_ai_0419_biggan/val/ai/028_biggan_00039.png,1
0,0.06755843505840103,FAKE,330.5588774383068,/workspace/benchmarks_ai_research/data/genimage/biggan/imagenet_ai_0419_biggan/val/ai/501_biggan_00143.png,1
0,0.06278923665736177,FAKE,330.1707711070776,/workspace/benchmarks_ai_research/data/genimage/biggan/imagenet_ai_0419_biggan/val/ai/522_biggan_00035.png,1
0,0.07100003712320688,FAKE,340.9909978508949,/workspace/benchmarks_ai_research/data/genimage/biggan/imagenet_ai_0419_biggan/val/ai/399_biggan_00020.png,1
0,0.20946968133032526,REAL,264.55777883529663,/workspace/benchmarks_ai_research/data/genimage/biggan/imagenet_ai_0419_biggan/val/ai/608_biggan_00035.png,1
0,0.15405756269148546,REAL,265.780471265316,/workspace/benchmarks_ai_research/data/genimage/biggan/imagenet_ai_0419_biggan/val/ai/577_biggan_00074.png,1
0,0.014503579691381979,REAL,265.2224265038967,/workspace/benchmarks_ai_research/data/genimage/biggan/imagenet_ai_0419_biggan/val/ai/947_biggan_00074.png,1
0,0.0063883209097212856,REAL,311.86265498399734,/workspace/benchmarks_ai_research/data/genimage/biggan/imagenet_ai_0419_biggan/val/ai/264_biggan_00020.png,1
0,0.006192990157855187,REAL,264.9168651551008,/workspace/benchmarks_ai_research/data/genimage/biggan/imagenet_ai_0419_biggan/val/ai/231_biggan_00039.png,1
0,0.2068940488158881,REAL,264.7562976926565,/workspace/benchmarks_ai_research/data/genimage/biggan/imagenet_ai_0419_biggan/val/ai/426_biggan_00035.png,1
0,0.03210070671700819,REAL,286.1841730773449,/workspace/benchmarks_ai_research/data/genimage/biggan/imagenet_ai_0419_biggan/val/ai/150_biggan_00020.png,1
0,0.006192990157855187,REAL,284.6481204032898,/workspace/benchmarks_ai_research/data/genimage/biggan/imagenet_ai_0419_biggan/val/ai/102_biggan_00039.png,1
0,0.010489091259938018,REAL,268.6802111566067,/workspace/benchmarks_ai_research/data/genimage/biggan/imagenet_ai_0419_biggan/val/ai/352_biggan_00143.png,1
0,0.09009299396195182,REAL,273.71628768742085,/workspace/benchmarks_ai_research/data/genimage/biggan/imagenet_ai_0419_biggan/val/ai/847_biggan_00035.png,1
0,0.008577485413711986,REAL,264.1299143433571,/workspace/benchmarks_ai_research/data/genimage/biggan/imagenet_ai_0419_biggan/val/ai/386_biggan_00035.png,1
0,0.18010666408646395,REAL,265.59929735958576,/workspace/benchmarks_ai_research/data/genimage/biggan/imagenet_ai_0419_biggan/val/ai/312_biggan_00127.png,1
0,0.014503579691381979,REAL,264.34890180826187,/workspace/benchmarks_ai_research/data/genimage/biggan/imagenet_ai_0419_biggan/val/ai/936_biggan_00035.png,1
0,0.07659168354410491,FAKE,331.69439248740673,/workspace/benchmarks_ai_research/data/genimage/biggan/imagenet_ai_0419_biggan/val/ai/800_biggan_00035.png,1
0,0.1480471980316895,REAL,264.05858621001244,/workspace/benchmarks_ai_research/data/genimage/biggan/imagenet_ai_0419_biggan/val/ai/300_biggan_00127.png,1
0,0.2884926456737637,REAL,264.3572986125946,/workspace/benchmarks_ai_research/data/genimage/biggan/imagenet_ai_0419_biggan/val/ai/398_biggan_00035.png,1
0,0.3227291877396555,REAL,265.68629406392574,/workspace/benchmarks_ai_research/data/genimage/biggan/imagenet_ai_0419_biggan/val/ai/718_biggan_00020.png,1
0,0.26284183737131667,REAL,263.83689418435097,/workspace/benchmarks_ai_research/data/genimage/biggan/imagenet_ai_0419_biggan/val/ai/479_biggan_00074.png,1
0,0.3311197396289915,REAL,264.9608124047518,/workspace/benchmarks_ai_research/data/genimage/biggan/imagenet_ai_0419_biggan/val/ai/485_biggan_00020.png,1
0,0.03021458706739398,REAL,265.28812758624554,/workspace/benchmarks_ai_research/data/genimage/biggan/imagenet_ai_0419_biggan/val/ai/472_biggan_00020.png,1
0,0.08509904500702024,REAL,266.4278969168663,/workspace/benchmarks_ai_research/data/genimage/biggan/imagenet_ai_0419_biggan/val/ai/249_biggan_00127.png,1
0,0.28370570466370904,REAL,290.5853521078825,/workspace/benchmarks_ai_research/data/genimage/biggan/imagenet_ai_0419_biggan/val/ai/491_biggan_00127.png,1
0,0.07401437311360934,FAKE,329.4021226465702,/workspace/benchmarks_ai_research/data/genimage/biggan/imagenet_ai_0419_biggan/val/ai/582_biggan_00035.png,1
0,0.004133968090452445,REAL,264.1026861965656,/workspace/benchmarks_ai_research/data/genimage/biggan/imagenet_ai_0419_biggan/val/ai/086_biggan_00143.png,1
0,0.07254906740798127,FAKE,329.1590418666601,/workspace/benchmarks_ai_research/data/genimage/biggan/imagenet_ai_0419_biggan/val/ai/743_biggan_00035.png,1
0,0.07049864124518414,FAKE,334.04059149324894,/workspace/benchmarks_ai_research/data/genimage/biggan/imagenet_ai_0419_biggan/val/ai/685_biggan_00020.png,1
0,0.07369626970604846,REAL,266.2293016910553,/workspace/benchmarks_ai_research/data/genimage/biggan/imagenet_ai_0419_biggan/val/ai/172_biggan_00039.png,1
0,0.06096456111004442,FAKE,329.3448258191347,/workspace/benchmarks_ai_research/data/genimage/biggan/imagenet_ai_0419_biggan/val/ai/919_biggan_00074.png,1
0,0.08269734267503885,REAL,264.2952259629965,/workspace/benchmarks_ai_research/data/genimage/biggan/imagenet_ai_0419_biggan/val/ai/618_biggan_00035.png,1
0,0.08756383952305867,REAL,270.7557287067175,/workspace/benchmarks_ai_research/data/genimage/biggan/imagenet_ai_0419_biggan/val/ai/284_biggan_00074.png,1
0,0.07577999537745919,FAKE,328.9348278194666,/workspace/benchmarks_ai_research/data/genimage/biggan/imagenet_ai_0419_biggan/val/ai/694_biggan_00127.png,1
0,0.07066946914244654,FAKE,375.330301001668,/workspace/benchmarks_ai_research/data/genimage/biggan/imagenet_ai_0419_biggan/val/ai/838_biggan_00143.png,1
0,0.00564190850002335,REAL,293.9195353537798,/workspace/benchmarks_ai_research/data/genimage/biggan/imagenet_ai_0419_biggan/val/ai/139_biggan_00074.png,1
0,0.068763468562289,FAKE,332.67367631196976,/workspace/benchmarks_ai_research/data/genimage/biggan/imagenet_ai_0419_biggan/val/ai/478_biggan_00074.png,1
0,0.06932542996512725,FAKE,328.7819344550371,/workspace/benchmarks_ai_research/data/genimage/biggan/imagenet_ai_0419_biggan/val/ai/777_biggan_00039.png,1
0,0.07959104451186717,FAKE,344.911290332675,/workspace/benchmarks_ai_research/data/genimage/biggan/imagenet_ai_0419_biggan/val/ai/457_biggan_00074.png,1
0,0.06983118701322047,FAKE,330.77071607112885,/workspace/benchmarks_ai_research/data/genimage/biggan/imagenet_ai_0419_biggan/val/ai/615_biggan_00039.png,1
0,0.22000709974589314,REAL,266.454566270113,/workspace/benchmarks_ai_research/data/genimage/biggan/imagenet_ai_0419_biggan/val/ai/417_biggan_00020.png,1
0,0.005911068856243796,REAL,278.8466773927212,/workspace/benchmarks_ai_research/data/genimage/biggan/imagenet_ai_0419_biggan/val/ai/996_biggan_00020.png,1
0,0.23370635691404026,REAL,263.49675469100475,/workspace/benchmarks_ai_research/data/genimage/biggan/imagenet_ai_0419_biggan/val/ai/511_biggan_00074.png,1
0,0.07256158128830553,FAKE,329.6441547572613,/workspace/benchmarks_ai_research/data/genimage/biggan/imagenet_ai_0419_biggan/val/ai/859_biggan_00127.png,1
0,0.03410042571231151,REAL,266.40088483691216,/workspace/benchmarks_ai_research/data/genimage/biggan/imagenet_ai_0419_biggan/val/ai/881_biggan_00020.png,1
0,0.10669059394565118,REAL,280.9470407664776,/workspace/benchmarks_ai_research/data/genimage/biggan/imagenet_ai_0419_biggan/val/ai/695_biggan_00143.png,1
0,0.07242400594238238,FAKE,329.9678321927786,/workspace/benchmarks_ai_research/data/genimage/biggan/imagenet_ai_0419_biggan/val/ai/477_biggan_00143.png,1
0,0.21733752104706247,REAL,264.38869535923004,/workspace/benchmarks_ai_research/data/genimage/biggan/imagenet_ai_0419_biggan/val/ai/726_biggan_00035.png,1
0,0.006797531550373378,REAL,264.2192579805851,/workspace/benchmarks_ai_research/data/genimage/biggan/imagenet_ai_0419_biggan/val/ai/182_biggan_00020.png,1
0,0.010652510839726162,REAL,266.34466275572777,/workspace/benchmarks_ai_research/data/genimage/biggan/imagenet_ai_0419_biggan/val/ai/136_biggan_00039.png,1
0,0.31847500818537566,REAL,264.4246332347393,/workspace/benchmarks_ai_research/data/genimage/biggan/imagenet_ai_0419_biggan/val/ai/429_biggan_00039.png,1
0,0.12085323249047067,REAL,264.4049897789955,/workspace/benchmarks_ai_research/data/genimage/biggan/imagenet_ai_0419_biggan/val/ai/741_biggan_00039.png,1
0,0.12765262532179067,REAL,264.621252194047,/workspace/benchmarks_ai_research/data/genimage/biggan/imagenet_ai_0419_biggan/val/ai/816_biggan_00039.png,1
0,0.05582314113461443,REAL,264.43810015916824,/workspace/benchmarks_ai_research/data/genimage/biggan/imagenet_ai_0419_biggan/val/ai/467_biggan_00039.png,1
0,0.07697408127681644,FAKE,330.0288040190935,/workspace/benchmarks_ai_research/data/genimage/biggan/imagenet_ai_0419_biggan/val/ai/593_biggan_00039.png,1
0,0.0721869333831219,FAKE,328.40721495449543,/workspace/benchmarks_ai_research/data/genimage/biggan/imagenet_ai_0419_biggan/val/ai/788_biggan_00035.png,1
0,0.2961498779521518,REAL,264.1157954931259,/workspace/benchmarks_ai_research/data/genimage/biggan/imagenet_ai_0419_biggan/val/ai/511_biggan_00127.png,1
0,0.035678550877730524,REAL,264.7352311760187,/workspace/benchmarks_ai_research/data/genimage/biggan/imagenet_ai_0419_biggan/val/ai/577_biggan_00035.png,1
0,0.022286185539225494,REAL,265.0732286274433,/workspace/benchmarks_ai_research/data/genimage/biggan/imagenet_ai_0419_biggan/val/ai/380_biggan_00039.png,1
0,0.024423090054107213,REAL,267.0929655432701,/workspace/benchmarks_ai_research/data/genimage/biggan/imagenet_ai_0419_biggan/val/ai/050_biggan_00143.png,1
0,0.04742587317756679,REAL,264.2771229147911,/workspace/benchmarks_ai_research/data/genimage/biggan/imagenet_ai_0419_biggan/val/ai/147_biggan_00074.png,1
0,0.05749327880038583,REAL,268.5300149023533,/workspace/benchmarks_ai_research/data/genimage/biggan/imagenet_ai_0419_biggan/val/ai/018_biggan_00127.png,1
0,0.3424195907672399,REAL,263.2531654089689,/workspace/benchmarks_ai_research/data/genimage/biggan/imagenet_ai_0419_biggan/val/ai/619_biggan_00035.png,1
0,0.23091976292927183,REAL,263.0596421658993,/workspace/benchmarks_ai_research/data/genimage/biggan/imagenet_ai_0419_biggan/val/ai/675_biggan_00020.png,1
0,0.1645164628965632,REAL,266.4732802659273,/workspace/benchmarks_ai_research/data/genimage/biggan/imagenet_ai_0419_biggan/val/ai/898_biggan_00020.png,1
0,0.10521053670308635,REAL,265.75125195086,/workspace/benchmarks_ai_research/data/genimage/biggan/imagenet_ai_0419_biggan/val/ai/509_biggan_00039.png,1
0,0.32505096622186774,REAL,264.12845961749554,/workspace/benchmarks_ai_research/data/genimage/biggan/imagenet_ai_0419_biggan/val/ai/477_biggan_00127.png,1
0,0.1645164628965632,REAL,263.87375593185425,/workspace/benchmarks_ai_research/data/genimage/biggan/imagenet_ai_0419_biggan/val/ai/549_biggan_00035.png,1
0,0.10521053670308635,REAL,263.2948122918606,/workspace/benchmarks_ai_research/data/genimage/biggan/imagenet_ai_0419_biggan/val/ai/839_biggan_00039.png,1
0,0.04813677111663481,REAL,265.18941298127174,/workspace/benchmarks_ai_research/data/genimage/biggan/imagenet_ai_0419_biggan/val/ai/964_biggan_00039.png,1
0,0.07263670636078697,REAL,263.76072503626347,/workspace/benchmarks_ai_research/data/genimage/biggan/imagenet_ai_0419_biggan/val/ai/951_biggan_00020.png,1
0,0.10818895456207035,REAL,264.59032483398914,/workspace/benchmarks_ai_research/data/genimage/biggan/imagenet_ai_0419_biggan/val/ai/258_biggan_00020.png,1
1,0.9546474194456936,FAKE,330.7849932461977,/workspace/benchmarks_ai_research/data/genimage/biggan/imagenet_ai_0419_biggan/val/ai/817_biggan_00143.png,1
0,0.04535258055430642,REAL,263.64206708967686,/workspace/benchmarks_ai_research/data/genimage/biggan/imagenet_ai_0419_biggan/val/ai/625_biggan_00035.png,1
1,0.9632305339244013,FAKE,329.5573350042105,/workspace/benchmarks_ai_research/data/genimage/biggan/imagenet_ai_0419_biggan/val/ai/491_biggan_00143.png,1
0,0.11757213354550883,REAL,263.7637387961149,/workspace/benchmarks_ai_research/data/genimage/biggan/imagenet_ai_0419_biggan/val/ai/910_biggan_00035.png,1
0,0.08151975597471893,REAL,263.2969692349434,/workspace/benchmarks_ai_research/data/genimage/biggan/imagenet_ai_0419_biggan/val/ai/490_biggan_00039.png,1
0,0.0063883209097212856,REAL,274.551372975111,/workspace/benchmarks_ai_research/data/genimage/biggan/imagenet_ai_0419_biggan/val/ai/137_biggan_00143.png,1
0,0.1242130083520534,REAL,264.40043561160564,/workspace/benchmarks_ai_research/data/genimage/biggan/imagenet_ai_0419_biggan/val/ai/052_biggan_00074.png,1
0,0.0700247362542178,FAKE,330.6743111461401,/workspace/benchmarks_ai_research/data/genimage/biggan/imagenet_ai_0419_biggan/val/ai/818_biggan_00143.png,1
0,0.29098086621490676,REAL,263.9220952987671,/workspace/benchmarks_ai_research/data/genimage/biggan/imagenet_ai_0419_biggan/val/ai/027_biggan_00143.png,1
0,0.03904829272622638,REAL,267.992552369833,/workspace/benchmarks_ai_research/data/genimage/biggan/imagenet_ai_0419_biggan/val/ai/990_biggan_00074.png,1
0,0.3007455789412415,REAL,264.762956649065,/workspace/benchmarks_ai_research/data/genimage/biggan/imagenet_ai_0419_biggan/val/ai/705_biggan_00127.png,1
0,0.30763521797064675,REAL,265.7644394785166,/workspace/benchmarks_ai_research/data/genimage/biggan/imagenet_ai_0419_biggan/val/ai/465_biggan_00039.png,1
0,0.06560483745906928,REAL,275.7567334920168,/workspace/benchmarks_ai_research/data/genimage/biggan/imagenet_ai_0419_biggan/val/ai/484_biggan_00035.png,1
0,0.007011795381497108,REAL,269.3485878407955,/workspace/benchmarks_ai_research/data/genimage/biggan/imagenet_ai_0419_biggan/val/ai/993_biggan_00020.png,1
0,0.25683199138751883,REAL,264.94598761200905,/workspace/benchmarks_ai_research/data/genimage/biggan/imagenet_ai_0419_biggan/val/ai/742_biggan_00074.png,1
0,0.2720245510940225,REAL,263.67961429059505,/workspace/benchmarks_ai_research/data/genimage/biggan/imagenet_ai_0419_biggan/val/ai/069_biggan_00020.png,1
0,0.23370635691404026,REAL,263.8587709516287,/workspace/benchmarks_ai_research/data/genimage/biggan/imagenet_ai_0419_biggan/val/ai/707_biggan_00074.png,1
0,0.015189048807983947,REAL,267.54559949040413,/workspace/benchmarks_ai_research/data/genimage/biggan/imagenet_ai_0419_biggan/val/ai/142_biggan_00143.png,1
0,0.18010666408646395,REAL,263.31704668700695,/workspace/benchmarks_ai_research/data/genimage/biggan/imagenet_ai_0419_biggan/val/ai/462_biggan_00039.png,1
0,0.01495708659314999,REAL,264.0789933502674,/workspace/benchmarks_ai_research/data/genimage/biggan/imagenet_ai_0419_biggan/val/ai/360_biggan_00035.png,1
0,0.16885695214168314,REAL,263.9083955436945,/workspace/benchmarks_ai_research/data/genimage/biggan/imagenet_ai_0419_biggan/val/ai/056_biggan_00143.png,1
0,0.08035746882220708,REAL,263.99586722254753,/workspace/benchmarks_ai_research/data/genimage/biggan/imagenet_ai_0419_biggan/val/ai/569_biggan_00039.png,1
0,0.01495708659314999,REAL,265.49352891743183,/workspace/benchmarks_ai_research/data/genimage/biggan/imagenet_ai_0419_biggan/val/ai/980_biggan_00035.png,1
0,0.07034035489593997,FAKE,328.14058288931847,/workspace/benchmarks_ai_research/data/genimage/biggan/imagenet_ai_0419_biggan/val/ai/446_biggan_00035.png,1
0,0.07689480835991058,FAKE,329.17441986501217,/workspace/benchmarks_ai_research/data/genimage/biggan/imagenet_ai_0419_biggan/val/ai/754_biggan_00074.png,1
0,0.02635535284611975,REAL,267.9390087723732,/workspace/benchmarks_ai_research/data/genimage/biggan/imagenet_ai_0419_biggan/val/ai/147_biggan_00020.png,1
1,0.9458012701768145,FAKE,330.4651640355587,/workspace/benchmarks_ai_research/data/genimage/biggan/imagenet_ai_0419_biggan/val/ai/838_biggan_00020.png,1
0,0.07477004290796138,REAL,265.7970003783703,/workspace/benchmarks_ai_research/data/genimage/biggan/imagenet_ai_0419_biggan/val/ai/644_biggan_00127.png,1
0,0.1968262036430985,REAL,264.3334474414587,/workspace/benchmarks_ai_research/data/genimage/biggan/imagenet_ai_0419_biggan/val/ai/824_biggan_00127.png,1
0,0.08151975597471893,REAL,278.798570856452,/workspace/benchmarks_ai_research/data/genimage/biggan/imagenet_ai_0419_biggan/val/ai/271_biggan_00020.png,1
0,0.006797531550373378,REAL,263.6208161711693,/workspace/benchmarks_ai_research/data/genimage/biggan/imagenet_ai_0419_biggan/val/ai/256_biggan_00074.png,1
0,0.10818895456207035,REAL,263.9880534261465,/workspace/benchmarks_ai_research/data/genimage/biggan/imagenet_ai_0419_biggan/val/ai/787_biggan_00035.png,1
0,0.3035694730841184,REAL,265.13244956731796,/workspace/benchmarks_ai_research/data/genimage/biggan/imagenet_ai_0419_biggan/val/ai/613_biggan_00074.png,1
0,0.07524757801895404,FAKE,328.2266054302454,/workspace/benchmarks_ai_research/data/genimage/biggan/imagenet_ai_0419_biggan/val/ai/811_biggan_00039.png,1
0,0.06278920859705135,REAL,264.003137126565,/workspace/benchmarks_ai_research/data/genimage/biggan/imagenet_ai_0419_biggan/val/ai/990_biggan_00143.png,1
0,0.05921025074128593,REAL,264.1002628952265,/workspace/benchmarks_ai_research/data/genimage/biggan/imagenet_ai_0419_biggan/val/ai/972_biggan_00074.png,1
0,0.027169231535681047,REAL,264.4371073693037,/workspace/benchmarks_ai_research/data/genimage/biggan/imagenet_ai_0419_biggan/val/ai/337_biggan_00143.png,1
0,0.3155350196664827,REAL,294.26220804452896,/workspace/benchmarks_ai_research/data/genimage/biggan/imagenet_ai_0419_biggan/val/ai/502_biggan_00074.png,1
0,0.07777076846395164,FAKE,329.71408404409885,/workspace/benchmarks_ai_research/data/genimage/biggan/imagenet_ai_0419_biggan/val/ai/610_biggan_00127.png,1
0,0.023689471299374428,REAL,264.40299674868584,/workspace/benchmarks_ai_research/data/genimage/biggan/imagenet_ai_0419_biggan/val/ai/194_biggan_00127.png,1
0,0.05033063259747688,REAL,263.46410624682903,/workspace/benchmarks_ai_research/data/genimage/biggan/imagenet_ai_0419_biggan/val/ai/780_biggan_00035.png,1
0,0.03161876726864548,REAL,269.4860137999058,/workspace/benchmarks_ai_research/data/genimage/biggan/imagenet_ai_0419_biggan/val/ai/567_biggan_00039.png,1
0,0.08151975597471893,REAL,265.09905979037285,/workspace/benchmarks_ai_research/data/genimage/biggan/imagenet_ai_0419_biggan/val/ai/041_biggan_00020.png,1
0,0.04146227271140963,REAL,264.5904906094074,/workspace/benchmarks_ai_research/data/genimage/biggan/imagenet_ai_0419_biggan/val/ai/144_biggan_00143.png,1
0,0.20946968133032526,REAL,265.6861077994108,/workspace/benchmarks_ai_research/data/genimage/biggan/imagenet_ai_0419_biggan/val/ai/472_biggan_00127.png,1
0,0.0676404850293665,FAKE,330.176318064332,/workspace/benchmarks_ai_research/data/genimage/biggan/imagenet_ai_0419_biggan/val/ai/617_biggan_00020.png,1
0,0.12940273159163906,REAL,264.62393812835217,/workspace/benchmarks_ai_research/data/genimage/biggan/imagenet_ai_0419_biggan/val/ai/403_biggan_00020.png,1
0,0.06957788331584894,FAKE,330.94209991395473,/workspace/benchmarks_ai_research/data/genimage/biggan/imagenet_ai_0419_biggan/val/ai/685_biggan_00039.png,1
0,0.07643396828977321,FAKE,329.81315441429615,/workspace/benchmarks_ai_research/data/genimage/biggan/imagenet_ai_0419_biggan/val/ai/673_biggan_00020.png,1
0,0.07107370086202959,FAKE,329.5966237783432,/workspace/benchmarks_ai_research/data/genimage/biggan/imagenet_ai_0419_biggan/val/ai/590_biggan_00127.png,1
0,0.11757213354550883,REAL,265.1335038244724,/workspace/benchmarks_ai_research/data/genimage/biggan/imagenet_ai_0419_biggan/val/ai/478_biggan_00020.png,1
0,0.03021458706739398,REAL,265.1676684617996,/workspace/benchmarks_ai_research/data/genimage/biggan/imagenet_ai_0419_biggan/val/ai/185_biggan_00020.png,1
0,0.03210070671700819,REAL,266.204671934247,/workspace/benchmarks_ai_research/data/genimage/biggan/imagenet_ai_0419_biggan/val/ai/280_biggan_00143.png,1
0,0.20181322226037882,REAL,264.4677348434925,/workspace/benchmarks_ai_research/data/genimage/biggan/imagenet_ai_0419_biggan/val/ai/748_biggan_00035.png,1
0,0.07414196130916982,FAKE,330.31980879604816,/workspace/benchmarks_ai_research/data/genimage/biggan/imagenet_ai_0419_biggan/val/ai/513_biggan_00143.png,1
0,0.009268013380914325,REAL,265.1892062276602,/workspace/benchmarks_ai_research/data/genimage/biggan/imagenet_ai_0419_biggan/val/ai/090_biggan_00035.png,1
0,0.05261895334771377,REAL,264.32429626584053,/workspace/benchmarks_ai_research/data/genimage/biggan/imagenet_ai_0419_biggan/val/ai/542_biggan_00039.png,1
0,0.29661535465864597,REAL,265.6899709254503,/workspace/benchmarks_ai_research/data/genimage/biggan/imagenet_ai_0419_biggan/val/ai/651_biggan_00127.png,1
0,0.07598871927907197,FAKE,328.19909788668156,/workspace/benchmarks_ai_research/data/genimage/biggan/imagenet_ai_0419_biggan/val/ai/712_biggan_00020.png,1
0,0.05921025074128593,REAL,263.3066177368164,/workspace/benchmarks_ai_research/data/genimage/biggan/imagenet_ai_0419_biggan/val/ai/005_biggan_00035.png,1
0,0.17328820592932656,REAL,263.0069237202406,/workspace/benchmarks_ai_research/data/genimage/biggan/imagenet_ai_0419_biggan/val/ai/410_biggan_00039.png,1
0,0.11124120650754304,REAL,263.69645819067955,/workspace/benchmarks_ai_research/data/genimage/biggan/imagenet_ai_0419_biggan/val/ai/650_biggan_00143.png,1
0,0.07139365287017325,FAKE,335.9927795827389,/workspace/benchmarks_ai_research/data/genimage/biggan/imagenet_ai_0419_biggan/val/ai/412_biggan_00039.png,1
0,0.295917248662701,REAL,264.42790776491165,/workspace/benchmarks_ai_research/data/genimage/biggan/imagenet_ai_0419_biggan/val/ai/831_biggan_00020.png,1
0,0.02635535284611975,REAL,264.5854651927948,/workspace/benchmarks_ai_research/data/genimage/biggan/imagenet_ai_0419_biggan/val/ai/912_biggan_00074.png,1
0,0.07456442921431003,FAKE,328.62284779548645,/workspace/benchmarks_ai_research/data/genimage/biggan/imagenet_ai_0419_biggan/val/ai/450_biggan_00143.png,1
0,0.29626618260356957,REAL,263.85048031806946,/workspace/benchmarks_ai_research/data/genimage/biggan/imagenet_ai_0419_biggan/val/ai/539_biggan_00143.png,1
0,0.0732278322653369,FAKE,330.0090283155441,/workspace/benchmarks_ai_research/data/genimage/biggan/imagenet_ai_0419_biggan/val/ai/410_biggan_00127.png,1
0,0.07144298437990969,FAKE,329.3556831777096,/workspace/benchmarks_ai_research/data/genimage/biggan/imagenet_ai_0419_biggan/val/ai/656_biggan_00127.png,1
0,0.2817065491748172,REAL,264.0348393470049,/workspace/benchmarks_ai_research/data/genimage/biggan/imagenet_ai_0419_biggan/val/ai/499_biggan_00020.png,1
0,0.09401017961657226,REAL,263.3964382112026,/workspace/benchmarks_ai_research/data/genimage/biggan/imagenet_ai_0419_biggan/val/ai/060_biggan_00127.png,1
0,0.0720251501407149,FAKE,327.9738109558821,/workspace/benchmarks_ai_research/data/genimage/biggan/imagenet_ai_0419_biggan/val/ai/686_biggan_00074.png,1
0,0.0044683842664911206,REAL,265.3656490147114,/workspace/benchmarks_ai_research/data/genimage/biggan/imagenet_ai_0419_biggan/val/ai/139_biggan_00039.png,1
0,0.13846179056896438,REAL,266.11051708459854,/workspace/benchmarks_ai_research/data/genimage/biggan/imagenet_ai_0419_biggan/val/ai/593_biggan_00127.png,1
1,0.98504291340685,FAKE,329.0288783609867,/workspace/benchmarks_ai_research/data/genimage/biggan/imagenet_ai_0419_biggan/val/ai/497_biggan_00143.png,1
0,0.30098028102346774,REAL,264.86337929964066,/workspace/benchmarks_ai_research/data/genimage/biggan/imagenet_ai_0419_biggan/val/ai/145_biggan_00035.png,1
0,0.29421497216298875,REAL,263.34267295897007,/workspace/benchmarks_ai_research/data/genimage/biggan/imagenet_ai_0419_biggan/val/ai/451_biggan_00143.png,1
0,0.07155412701565743,FAKE,330.11457696557045,/workspace/benchmarks_ai_research/data/genimage/biggan/imagenet_ai_0419_biggan/val/ai/399_biggan_00039.png,1
0,0.07562381464467424,FAKE,330.44051192700863,/workspace/benchmarks_ai_research/data/genimage/biggan/imagenet_ai_0419_biggan/val/ai/693_biggan_00020.png,1
0,0.06008665017400762,REAL,263.5277509689331,/workspace/benchmarks_ai_research/data/genimage/biggan/imagenet_ai_0419_biggan/val/ai/100_biggan_00035.png,1
0,0.042722197546490565,REAL,263.31945694983006,/workspace/benchmarks_ai_research/data/genimage/biggan/imagenet_ai_0419_biggan/val/ai/425_biggan_00127.png,1
0,0.06926543099740522,FAKE,336.9379062205553,/workspace/benchmarks_ai_research/data/genimage/biggan/imagenet_ai_0419_biggan/val/ai/128_biggan_00035.png,1
0,0.005819959584259008,REAL,265.26421681046486,/workspace/benchmarks_ai_research/data/genimage/biggan/imagenet_ai_0419_biggan/val/ai/328_biggan_00020.png,1
0,0.1422318950098963,REAL,263.50985281169415,/workspace/benchmarks_ai_research/data/genimage/biggan/imagenet_ai_0419_biggan/val/ai/475_biggan_00035.png,1
0,0.3163390500809521,REAL,263.6884097009897,/workspace/benchmarks_ai_research/data/genimage/biggan/imagenet_ai_0419_biggan/val/ai/925_biggan_00020.png,1
0,0.16238003666671086,REAL,270.37848718464375,/workspace/benchmarks_ai_research/data/genimage/biggan/imagenet_ai_0419_biggan/val/ai/708_biggan_00035.png,1
0,0.01098694263059318,REAL,266.36991277337074,/workspace/benchmarks_ai_research/data/genimage/biggan/imagenet_ai_0419_biggan/val/ai/156_biggan_00143.png,1
0,0.29957323491363336,REAL,268.171226605773,/workspace/benchmarks_ai_research/data/genimage/biggan/imagenet_ai_0419_biggan/val/ai/794_biggan_00039.png,1
0,0.1561048974454574,REAL,265.2449309825897,/workspace/benchmarks_ai_research/data/genimage/biggan/imagenet_ai_0419_biggan/val/ai/415_biggan_00035.png,1
0,0.03514484640079327,REAL,264.403210952878,/workspace/benchmarks_ai_research/data/genimage/biggan/imagenet_ai_0419_biggan/val/ai/028_biggan_00020.png,1
0,0.07337945754441663,FAKE,327.48664915561676,/workspace/benchmarks_ai_research/data/genimage/biggan/imagenet_ai_0419_biggan/val/ai/405_biggan_00039.png,1
0,0.25400184222751554,REAL,264.46144469082355,/workspace/benchmarks_ai_research/data/genimage/biggan/imagenet_ai_0419_biggan/val/ai/919_biggan_00039.png,1
0,0.008847355082930386,REAL,265.1394195854664,/workspace/benchmarks_ai_research/data/genimage/biggan/imagenet_ai_0419_biggan/val/ai/640_biggan_00020.png,1
0,0.12252321251815919,REAL,265.34962840378284,/workspace/benchmarks_ai_research/data/genimage/biggan/imagenet_ai_0419_biggan/val/ai/894_biggan_00020.png,1
0,0.07279978770481031,FAKE,329.9523666501045,/workspace/benchmarks_ai_research/data/genimage/biggan/imagenet_ai_0419_biggan/val/ai/398_biggan_00074.png,1
0,0.32762722834226155,REAL,264.5532265305519,/workspace/benchmarks_ai_research/data/genimage/biggan/imagenet_ai_0419_biggan/val/ai/618_biggan_00143.png,1
0,0.09138210306717136,REAL,264.2881516367197,/workspace/benchmarks_ai_research/data/genimage/biggan/imagenet_ai_0419_biggan/val/ai/804_biggan_00020.png,1
0,0.07320259484742865,FAKE,329.63623106479645,/workspace/benchmarks_ai_research/data/genimage/biggan/imagenet_ai_0419_biggan/val/ai/781_biggan_00143.png,1
0,0.016403032516163058,REAL,263.50443065166473,/workspace/benchmarks_ai_research/data/genimage/biggan/imagenet_ai_0419_biggan/val/ai/274_biggan_00127.png,1
0,0.04023794262361602,REAL,264.0905324369669,/workspace/benchmarks_ai_research/data/genimage/biggan/imagenet_ai_0419_biggan/val/ai/212_biggan_00039.png,1
0,0.07506657745162355,FAKE,331.1295919120312,/workspace/benchmarks_ai_research/data/genimage/biggan/imagenet_ai_0419_biggan/val/ai/606_biggan_00020.png,1
0,0.21733752104706247,REAL,264.8257538676262,/workspace/benchmarks_ai_research/data/genimage/biggan/imagenet_ai_0419_biggan/val/ai/637_biggan_00127.png,1
0,0.31105294165433395,REAL,269.71681974828243,/workspace/benchmarks_ai_research/data/genimage/biggan/imagenet_ai_0419_biggan/val/ai/436_biggan_00074.png,1
0,0.12940273159163906,REAL,263.1621342152357,/workspace/benchmarks_ai_research/data/genimage/biggan/imagenet_ai_0419_biggan/val/ai/829_biggan_00143.png,1
0,0.30439594622324184,REAL,264.75473679602146,/workspace/benchmarks_ai_research/data/genimage/biggan/imagenet_ai_0419_biggan/val/ai/855_biggan_00020.png,1
0,0.0045384317247953825,REAL,264.2104886472225,/workspace/benchmarks_ai_research/data/genimage/biggan/imagenet_ai_0419_biggan/val/ai/856_biggan_00074.png,1
0,0.06912167247719667,FAKE,329.0598504245281,/workspace/benchmarks_ai_research/data/genimage/biggan/imagenet_ai_0419_biggan/val/ai/796_biggan_00143.png,1
0,0.14033624949008322,REAL,266.27746410667896,/workspace/benchmarks_ai_research/data/genimage/biggan/imagenet_ai_0419_biggan/val/ai/810_biggan_00143.png,1
0,0.05261895334771377,REAL,274.4952756911516,/workspace/benchmarks_ai_research/data/genimage/biggan/imagenet_ai_0419_biggan/val/ai/059_biggan_00035.png,1
0,0.07484730295578215,FAKE,328.0048631131649,/workspace/benchmarks_ai_research/data/genimage/biggan/imagenet_ai_0419_biggan/val/ai/828_biggan_00039.png,1
0,0.2726142679363949,REAL,263.54600489139557,/workspace/benchmarks_ai_research/data/genimage/biggan/imagenet_ai_0419_biggan/val/ai/991_biggan_00127.png,1
0,0.14414885303274058,REAL,264.05500061810017,/workspace/benchmarks_ai_research/data/genimage/biggan/imagenet_ai_0419_biggan/val/ai/798_biggan_00020.png,1
0,0.010328152519305191,REAL,286.90051287412643,/workspace/benchmarks_ai_research/data/genimage/biggan/imagenet_ai_0419_biggan/val/ai/353_biggan_00127.png,1
0,0.07384882025436337,FAKE,330.06902039051056,/workspace/benchmarks_ai_research/data/genimage/biggan/imagenet_ai_0419_biggan/val/ai/473_biggan_00035.png,1
0,0.07513116270837679,FAKE,329.24737967550755,/workspace/benchmarks_ai_research/data/genimage/biggan/imagenet_ai_0419_biggan/val/ai/434_biggan_00074.png,1
0,0.2658804730998169,REAL,263.8579271733761,/workspace/benchmarks_ai_research/data/genimage/biggan/imagenet_ai_0419_biggan/val/ai/577_biggan_00039.png,1
0,0.337577702314652,REAL,264.0917431563139,/workspace/benchmarks_ai_research/data/genimage/biggan/imagenet_ai_0419_biggan/val/ai/981_biggan_00020.png,1
0,0.34729451674868916,REAL,265.07727429270744,/workspace/benchmarks_ai_research/data/genimage/biggan/imagenet_ai_0419_biggan/val/ai/501_biggan_00074.png,1
0,0.07368360823199487,FAKE,327.91209779679775,/workspace/benchmarks_ai_research/data/genimage/biggan/imagenet_ai_0419_biggan/val/ai/674_biggan_00127.png,1
0,0.016152834822140957,REAL,270.04860527813435,/workspace/benchmarks_ai_research/data/genimage/biggan/imagenet_ai_0419_biggan/val/ai/540_biggan_00143.png,1
0,0.2818947370687385,REAL,264.4515000283718,/workspace/benchmarks_ai_research/data/genimage/biggan/imagenet_ai_0419_biggan/val/ai/651_biggan_00143.png,1
0,0.06278920859705135,REAL,263.8161927461624,/workspace/benchmarks_ai_research/data/genimage/biggan/imagenet_ai_0419_biggan/val/ai/270_biggan_00127.png,1
0,0.07055959618729296,REAL,270.48730105161667,/workspace/benchmarks_ai_research/data/genimage/biggan/imagenet_ai_0419_biggan/val/ai/580_biggan_00020.png,1
0,0.031143830534778462,REAL,295.58382742106915,/workspace/benchmarks_ai_research/data/genimage/biggan/imagenet_ai_0419_biggan/val/ai/901_biggan_00074.png,1
0,0.07921032410902437,REAL,264.612415805459,/workspace/benchmarks_ai_research/data/genimage/biggan/imagenet_ai_0419_biggan/val/ai/472_biggan_00143.png,1
0,0.0692894432650884,FAKE,329.65969294309616,/workspace/benchmarks_ai_research/data/genimage/biggan/imagenet_ai_0419_biggan/val/ai/686_biggan_00143.png,1
0,0.029760093945964218,REAL,265.9405395388603,/workspace/benchmarks_ai_research/data/genimage/biggan/imagenet_ai_0419_biggan/val/ai/814_biggan_00143.png,1
0,0.032589744766025344,REAL,266.78555458784103,/workspace/benchmarks_ai_research/data/genimage/biggan/imagenet_ai_0419_biggan/val/ai/070_biggan_00127.png,1
0,0.24508501313237172,REAL,263.6493854224682,/workspace/benchmarks_ai_research/data/genimage/biggan/imagenet_ai_0419_biggan/val/ai/821_biggan_00074.png,1
0,0.019124036750888904,REAL,263.2555514574051,/workspace/benchmarks_ai_research/data/genimage/biggan/imagenet_ai_0419_biggan/val/ai/143_biggan_00074.png,1
0,0.1968262036430985,REAL,271.65113016963005,/workspace/benchmarks_ai_research/data/genimage/biggan/imagenet_ai_0419_biggan/val/ai/616_biggan_00020.png,1
0,0.0706939311782509,FAKE,329.0405161678791,/workspace/benchmarks_ai_research/data/genimage/biggan/imagenet_ai_0419_biggan/val/ai/615_biggan_00127.png,1
0,0.22270013882530884,REAL,265.7008282840252,/workspace/benchmarks_ai_research/data/genimage/biggan/imagenet_ai_0419_biggan/val/ai/542_biggan_00035.png,1
0,0.07564981866947987,FAKE,329.4957932084799,/workspace/benchmarks_ai_research/data/genimage/biggan/imagenet_ai_0419_biggan/val/ai/863_biggan_00127.png,1
0,0.022286185539225494,REAL,302.4390898644924,/workspace/benchmarks_ai_research/data/genimage/biggan/imagenet_ai_0419_biggan/val/ai/159_biggan_00035.png,1
0,0.3007455789412415,REAL,265.77046886086464,/workspace/benchmarks_ai_research/data/genimage/biggan/imagenet_ai_0419_biggan/val/ai/824_biggan_00143.png,1
0,0.016403032516163058,REAL,265.71199670434,/workspace/benchmarks_ai_research/data/genimage/biggan/imagenet_ai_0419_biggan/val/ai/249_biggan_00020.png,1
0,0.1871326821624266,REAL,282.39425644278526,/workspace/benchmarks_ai_research/data/genimage/biggan/imagenet_ai_0419_biggan/val/ai/841_biggan_00074.png,1
0,0.011869121046339474,REAL,264.49851505458355,/workspace/benchmarks_ai_research/data/genimage/biggan/imagenet_ai_0419_biggan/val/ai/661_biggan_00035.png,1
0,0.17553807362342935,REAL,264.08484391868114,/workspace/benchmarks_ai_research/data/genimage/biggan/imagenet_ai_0419_biggan/val/ai/455_biggan_00074.png,1
0,0.25683199138751883,REAL,263.58536072075367,/workspace/benchmarks_ai_research/data/genimage/biggan/imagenet_ai_0419_biggan/val/ai/648_biggan_00127.png,1
0,0.08151975597471893,REAL,263.02027143538,/workspace/benchmarks_ai_research/data/genimage/biggan/imagenet_ai_0419_biggan/val/ai/609_biggan_00020.png,1
0,0.31637927017766804,REAL,265.7055910676718,/workspace/benchmarks_ai_research/data/genimage/biggan/imagenet_ai_0419_biggan/val/ai/885_biggan_00127.png,1
0,0.0675466911396291,REAL,265.58015681803226,/workspace/benchmarks_ai_research/data/genimage/biggan/imagenet_ai_0419_biggan/val/ai/910_biggan_00127.png,1
0,0.07998711994722929,FAKE,329.73218336701393,/workspace/benchmarks_ai_research/data/genimage/biggan/imagenet_ai_0419_biggan/val/ai/749_biggan_00143.png,1
0,0.19436781101874467,REAL,263.08929175138474,/workspace/benchmarks_ai_research/data/genimage/biggan/imagenet_ai_0419_biggan/val/ai/799_biggan_00020.png,1
0,0.08509904500702024,REAL,262.8166750073433,/workspace/benchmarks_ai_research/data/genimage/biggan/imagenet_ai_0419_biggan/val/ai/120_biggan_00039.png,1
0,0.04336579876390677,REAL,264.8007646203041,/workspace/benchmarks_ai_research/data/genimage/biggan/imagenet_ai_0419_biggan/val/ai/654_biggan_00035.png,1
0,0.2598256379609837,REAL,267.7598800510168,/workspace/benchmarks_ai_research/data/genimage/biggan/imagenet_ai_0419_biggan/val/ai/680_biggan_00020.png,1
0,0.29871527365003975,REAL,264.4263878464699,/workspace/benchmarks_ai_research/data/genimage/biggan/imagenet_ai_0419_biggan/val/ai/731_biggan_00143.png,1
0,0.35671326909208684,REAL,266.97826385498047,/workspace/benchmarks_ai_research/data/genimage/biggan/imagenet_ai_0419_biggan/val/ai/704_biggan_00127.png,1
0,0.19930799790404563,REAL,263.4051013737917,/workspace/benchmarks_ai_research/data/genimage/biggan/imagenet_ai_0419_biggan/val/ai/746_biggan_00039.png,1
0,0.0194193481824486,REAL,273.91163259744644,/workspace/benchmarks_ai_research/data/genimage/biggan/imagenet_ai_0419_biggan/val/ai/088_biggan_00039.png,1
0,0.2658804730998169,REAL,286.0847096890211,/workspace/benchmarks_ai_research/data/genimage/biggan/imagenet_ai_0419_biggan/val/ai/811_biggan_00020.png,1
0,0.0953494648991095,REAL,266.10993780195713,/workspace/benchmarks_ai_research/data/genimage/biggan/imagenet_ai_0419_biggan/val/ai/044_biggan_00127.png,1
0,0.07341743333846257,FAKE,342.0706018805504,/workspace/benchmarks_ai_research/data/genimage/biggan/imagenet_ai_0419_biggan/val/ai/247_biggan_00074.png,1
0,0.07027954387372945,FAKE,330.5600415915251,/workspace/benchmarks_ai_research/data/genimage/biggan/imagenet_ai_0419_biggan/val/ai/731_biggan_00035.png,1
0,0.053403329799824234,REAL,265.1422321796417,/workspace/benchmarks_ai_research/data/genimage/biggan/imagenet_ai_0419_biggan/val/ai/147_biggan_00039.png,1
0,0.0743337065906688,FAKE,335.00974997878075,/workspace/benchmarks_ai_research/data/genimage/biggan/imagenet_ai_0419_biggan/val/ai/220_biggan_00074.png,1
0,0.11279540628289321,REAL,265.22453129291534,/workspace/benchmarks_ai_research/data/genimage/biggan/imagenet_ai_0419_biggan/val/ai/977_biggan_00035.png,1
0,0.06952974322797485,FAKE,329.3913882225752,/workspace/benchmarks_ai_research/data/genimage/biggan/imagenet_ai_0419_biggan/val/ai/626_biggan_00074.png,1
0,0.07055959618729296,REAL,268.8891626894474,/workspace/benchmarks_ai_research/data/genimage/biggan/imagenet_ai_0419_biggan/val/ai/978_biggan_00020.png,1
0,0.23370635691404026,REAL,283.8768344372511,/workspace/benchmarks_ai_research/data/genimage/biggan/imagenet_ai_0419_biggan/val/ai/552_biggan_00143.png,1
0,0.07013383919050466,FAKE,330.04129119217396,/workspace/benchmarks_ai_research/data/genimage/biggan/imagenet_ai_0419_biggan/val/ai/685_biggan_00143.png,1
0,0.07159119944455247,REAL,279.36646342277527,/workspace/benchmarks_ai_research/data/genimage/biggan/imagenet_ai_0419_biggan/val/ai/178_biggan_00127.png,1
0,0.26284183737131667,REAL,265.41801542043686,/workspace/benchmarks_ai_research/data/genimage/biggan/imagenet_ai_0419_biggan/val/ai/858_biggan_00127.png,1
0,0.184767510648,REAL,267.8522616624832,/workspace/benchmarks_ai_research/data/genimage/biggan/imagenet_ai_0419_biggan/val/ai/026_biggan_00035.png,1
0,0.06918155617473322,FAKE,329.4320162385702,/workspace/benchmarks_ai_research/data/genimage/biggan/imagenet_ai_0419_biggan/val/ai/491_biggan_00074.png,1
0,0.04401864986294638,REAL,280.3713157773018,/workspace/benchmarks_ai_research/data/genimage/biggan/imagenet_ai_0419_biggan/val/ai/498_biggan_00020.png,1
0,0.3100174201233506,REAL,265.4723171144724,/workspace/benchmarks_ai_research/data/genimage/biggan/imagenet_ai_0419_biggan/val/ai/398_biggan_00127.png,1
0,0.32082130082460697,REAL,263.8141047209501,/workspace/benchmarks_ai_research/data/genimage/biggan/imagenet_ai_0419_biggan/val/ai/631_biggan_00035.png,1
0,0.10669059394565118,REAL,263.44708912074566,/workspace/benchmarks_ai_research/data/genimage/biggan/imagenet_ai_0419_biggan/val/ai/276_biggan_00035.png,1
0,0.1500288243424251,REAL,282.1102421730757,/workspace/benchmarks_ai_research/data/genimage/biggan/imagenet_ai_0419_biggan/val/ai/049_biggan_00039.png,1
0,0.08035746882220708,REAL,266.46071672439575,/workspace/benchmarks_ai_research/data/genimage/biggan/imagenet_ai_0419_biggan/val/ai/990_biggan_00035.png,1
0,0.07282489716258439,FAKE,328.5620026290417,/workspace/benchmarks_ai_research/data/genimage/biggan/imagenet_ai_0419_biggan/val/ai/630_biggan_00127.png,1
0,0.036769466075598736,REAL,263.824375346303,/workspace/benchmarks_ai_research/data/genimage/biggan/imagenet_ai_0419_biggan/val/ai/693_biggan_00143.png,1
0,0.16667540468797667,REAL,263.770991936326,/workspace/benchmarks_ai_research/data/genimage/biggan/imagenet_ai_0419_biggan/val/ai/623_biggan_00143.png,1
0,0.33741137985591335,REAL,265.53210988640785,/workspace/benchmarks_ai_research/data/genimage/biggan/imagenet_ai_0419_biggan/val/ai/904_biggan_00039.png,1
0,0.04672495862609242,REAL,263.94637674093246,/workspace/benchmarks_ai_research/data/genimage/biggan/imagenet_ai_0419_biggan/val/ai/254_biggan_00143.png,1
0,0.042087727915618836,REAL,263.4973954409361,/workspace/benchmarks_ai_research/data/genimage/biggan/imagenet_ai_0419_biggan/val/ai/397_biggan_00020.png,1
0,0.13117322376181567,REAL,264.25643637776375,/workspace/benchmarks_ai_research/data/genimage/biggan/imagenet_ai_0419_biggan/val/ai/313_biggan_00143.png,1
1,0.9241418199787566,FAKE,328.52810993790627,/workspace/benchmarks_ai_research/data/genimage/biggan/imagenet_ai_0419_biggan/val/ai/906_biggan_00143.png,1
0,0.11920292202211755,REAL,266.90297201275826,/workspace/benchmarks_ai_research/data/genimage/biggan/imagenet_ai_0419_biggan/val/ai/381_biggan_00143.png,1
0,0.27930392609128696,REAL,263.807212933898,/workspace/benchmarks_ai_research/data/genimage/biggan/imagenet_ai_0419_biggan/val/ai/361_biggan_00143.png,1
0,0.04813677111663481,REAL,264.4496001303196,/workspace/benchmarks_ai_research/data/genimage/biggan/imagenet_ai_0419_biggan/val/ai/116_biggan_00020.png,1
0,0.17553807362342935,REAL,264.6583169698715,/workspace/benchmarks_ai_research/data/genimage/biggan/imagenet_ai_0419_biggan/val/ai/384_biggan_00039.png,1
0,0.007937994101407319,REAL,264.5074538886547,/workspace/benchmarks_ai_research/data/genimage/biggan/imagenet_ai_0419_biggan/val/ai/825_biggan_00039.png,1
0,0.007937994101407319,REAL,270.82590013742447,/workspace/benchmarks_ai_research/data/genimage/biggan/imagenet_ai_0419_biggan/val/ai/162_biggan_00039.png,1
0,0.07496331407752119,FAKE,328.3611349761486,/workspace/benchmarks_ai_research/data/genimage/biggan/imagenet_ai_0419_biggan/val/ai/457_biggan_00035.png,1
0,0.018833129890434692,REAL,263.61350528895855,/workspace/benchmarks_ai_research/data/genimage/biggan/imagenet_ai_0419_biggan/val/ai/317_biggan_00127.png,1
0,0.009412589587609823,REAL,263.77522572875023,/workspace/benchmarks_ai_research/data/genimage/biggan/imagenet_ai_0419_biggan/val/ai/993_biggan_00074.png,1
0,0.027169231535681047,REAL,264.24575969576836,/workspace/benchmarks_ai_research/data/genimage/biggan/imagenet_ai_0419_biggan/val/ai/377_biggan_00020.png,1
0,0.31413057064159233,REAL,265.93417301774025,/workspace/benchmarks_ai_research/data/genimage/biggan/imagenet_ai_0419_biggan/val/ai/836_biggan_00127.png,1
0,0.2830257567324337,REAL,264.2089817672968,/workspace/benchmarks_ai_research/data/genimage/biggan/imagenet_ai_0419_biggan/val/ai/446_biggan_00039.png,1
0,0.053403329799824234,REAL,264.3236145377159,/workspace/benchmarks_ai_research/data/genimage/biggan/imagenet_ai_0419_biggan/val/ai/825_biggan_00020.png,1
0,0.31405054499180746,REAL,264.2783150076866,/workspace/benchmarks_ai_research/data/genimage/biggan/imagenet_ai_0419_biggan/val/ai/971_biggan_00143.png,1
0,0.07327833114274873,FAKE,328.44982482492924,/workspace/benchmarks_ai_research/data/genimage/biggan/imagenet_ai_0419_biggan/val/ai/805_biggan_00074.png,1
0,0.16885695214168314,REAL,264.40135203301907,/workspace/benchmarks_ai_research/data/genimage/biggan/imagenet_ai_0419_biggan/val/ai/337_biggan_00020.png,1
0,0.10374862686637971,REAL,264.26023803651333,/workspace/benchmarks_ai_research/data/genimage/biggan/imagenet_ai_0419_biggan/val/ai/065_biggan_00035.png,1
0,0.07921032410902437,REAL,265.9554220736027,/workspace/benchmarks_ai_research/data/genimage/biggan/imagenet_ai_0419_biggan/val/ai/329_biggan_00035.png,1
0,0.06278920859705135,REAL,266.62185974419117,/workspace/benchmarks_ai_research/data/genimage/biggan/imagenet_ai_0419_biggan/val/ai/079_biggan_00039.png,1
0,0.1871326821624266,REAL,265.4460556805134,/workspace/benchmarks_ai_research/data/genimage/biggan/imagenet_ai_0419_biggan/val/ai/581_biggan_00074.png,1
0,0.3247653287116798,REAL,266.39928109943867,/workspace/benchmarks_ai_research/data/genimage/biggan/imagenet_ai_0419_biggan/val/ai/000_biggan_00020.png,1
0,0.2865492806398354,REAL,263.90170864760876,/workspace/benchmarks_ai_research/data/genimage/biggan/imagenet_ai_0419_biggan/val/ai/777_biggan_00143.png,1
0,0.184767510648,REAL,264.5614370703697,/workspace/benchmarks_ai_research/data/genimage/biggan/imagenet_ai_0419_biggan/val/ai/469_biggan_00143.png,1
0,0.048857778622174906,REAL,263.7882176786661,/workspace/benchmarks_ai_research/data/genimage/biggan/imagenet_ai_0419_biggan/val/ai/049_biggan_00143.png,1
0,0.05749327880038583,REAL,263.4018063545227,/workspace/benchmarks_ai_research/data/genimage/biggan/imagenet_ai_0419_biggan/val/ai/362_biggan_00020.png,1
0,0.28457600421652673,REAL,268.14620569348335,/workspace/benchmarks_ai_research/data/genimage/biggan/imagenet_ai_0419_biggan/val/ai/684_biggan_00074.png,1
0,0.20181322226037882,REAL,265.6203117221594,/workspace/benchmarks_ai_research/data/genimage/biggan/imagenet_ai_0419_biggan/val/ai/978_biggan_00143.png,1
0,0.16026603232776068,REAL,265.11912047863007,/workspace/benchmarks_ai_research/data/genimage/biggan/imagenet_ai_0419_biggan/val/ai/940_biggan_00035.png,1
0,0.2718403636311801,REAL,265.0753743946552,/workspace/benchmarks_ai_research/data/genimage/biggan/imagenet_ai_0419_biggan/val/ai/798_biggan_00035.png,1
0,0.071196609597564,FAKE,329.04359698295593,/workspace/benchmarks_ai_research/data/genimage/biggan/imagenet_ai_0419_biggan/val/ai/405_biggan_00020.png,1
0,0.3188788857505297,REAL,267.0187223702669,/workspace/benchmarks_ai_research/data/genimage/biggan/imagenet_ai_0419_biggan/val/ai/732_biggan_00039.png,1
0,0.3001981462947005,REAL,265.58743603527546,/workspace/benchmarks_ai_research/data/genimage/biggan/imagenet_ai_0419_biggan/val/ai/410_biggan_00035.png,1
0,0.3096595188380842,REAL,266.0078201442957,/workspace/benchmarks_ai_research/data/genimage/biggan/imagenet_ai_0419_biggan/val/ai/487_biggan_00020.png,1
0,0.0738742627070632,FAKE,330.6161481887102,/workspace/benchmarks_ai_research/data/genimage/biggan/imagenet_ai_0419_biggan/val/ai/518_biggan_00074.png,1
0,0.014503579691381979,REAL,264.1399037092924,/workspace/benchmarks_ai_research/data/genimage/biggan/imagenet_ai_0419_biggan/val/ai/331_biggan_00074.png,1
0,0.0747958101072229,FAKE,531.9723784923553,/workspace/benchmarks_ai_research/data/genimage/biggan/imagenet_ai_0419_biggan/val/ai/632_biggan_00143.png,1
0,0.017712298703411445,REAL,263.6705320328474,/workspace/benchmarks_ai_research/data/genimage/biggan/imagenet_ai_0419_biggan/val/ai/492_biggan_00127.png,1
0,0.2751297238231752,REAL,263.52284848690033,/workspace/benchmarks_ai_research/data/genimage/biggan/imagenet_ai_0419_biggan/val/ai/005_biggan_00143.png,1
0,0.04672495862609242,REAL,264.7385932505131,/workspace/benchmarks_ai_research/data/genimage/biggan/imagenet_ai_0419_biggan/val/ai/764_biggan_00020.png,1
0,0.07665747221057129,FAKE,331.18175342679024,/workspace/benchmarks_ai_research/data/genimage/biggan/imagenet_ai_0419_biggan/val/ai/980_biggan_00127.png,1
0,0.0209642408181275,REAL,280.2548408508301,/workspace/benchmarks_ai_research/data/genimage/biggan/imagenet_ai_0419_biggan/val/ai/640_biggan_00127.png,1
0,0.02479816019558566,REAL,264.5216975361109,/workspace/benchmarks_ai_research/data/genimage/biggan/imagenet_ai_0419_biggan/val/ai/233_biggan_00074.png,1
0,0.29017552413877734,REAL,265.25717973709106,/workspace/benchmarks_ai_research/data/genimage/biggan/imagenet_ai_0419_biggan/val/ai/777_biggan_00035.png,1
0,0.20946968133032526,REAL,265.27268439531326,/workspace/benchmarks_ai_research/data/genimage/biggan/imagenet_ai_0419_biggan/val/ai/460_biggan_00035.png,1
0,0.06772265751853983,FAKE,331.5476458519697,/workspace/benchmarks_ai_research/data/genimage/biggan/imagenet_ai_0419_biggan/val/ai/160_biggan_00020.png,1
0,0.3048293605608383,REAL,267.2066427767277,/workspace/benchmarks_ai_research/data/genimage/biggan/imagenet_ai_0419_biggan/val/ai/414_biggan_00035.png,1
0,0.06972251959198415,FAKE,329.14149202406406,/workspace/benchmarks_ai_research/data/genimage/biggan/imagenet_ai_0419_biggan/val/ai/715_biggan_00127.png,1
0,0.08509904500702024,REAL,263.62887583673,/workspace/benchmarks_ai_research/data/genimage/biggan/imagenet_ai_0419_biggan/val/ai/712_biggan_00127.png,1
0,0.06984326739442905,FAKE,327.9049228876829,/workspace/benchmarks_ai_research/data/genimage/biggan/imagenet_ai_0419_biggan/val/ai/464_biggan_00035.png,1
0,0.30886479564423497,REAL,263.29570822417736,/workspace/benchmarks_ai_research/data/genimage/biggan/imagenet_ai_0419_biggan/val/ai/541_biggan_00127.png,1
0,0.29805332507630755,REAL,265.73615707457066,/workspace/benchmarks_ai_research/data/genimage/biggan/imagenet_ai_0419_biggan/val/ai/876_biggan_00035.png,1
0,0.00506033203196621,REAL,263.8834100216627,/workspace/benchmarks_ai_research/data/genimage/biggan/imagenet_ai_0419_biggan/val/ai/019_biggan_00039.png,1
0,0.184767510648,REAL,264.1924358904362,/workspace/benchmarks_ai_research/data/genimage/biggan/imagenet_ai_0419_biggan/val/ai/911_biggan_00127.png,1
0,0.027585282226789985,REAL,263.8816833496094,/workspace/benchmarks_ai_research/data/genimage/biggan/imagenet_ai_0419_biggan/val/ai/535_biggan_00035.png,1
0,0.12085323249047067,REAL,263.4706348180771,/workspace/benchmarks_ai_research/data/genimage/biggan/imagenet_ai_0419_biggan/val/ai/675_biggan_00127.png,1
