path,y_true,y_fft,y_sem,y_gpt55,raw,latency_ms,input_tokens,output_tokens
/workspace/benchmarks_ai_research/data/genimage/biggan/imagenet_ai_0419_biggan/val/nature/ILSVRC2012_val_00009574.JPEG,0,1,0,0,REAL,2974.006075412035,215,83
/workspace/benchmarks_ai_research/data/genimage/biggan/imagenet_ai_0419_biggan/val/nature/ILSVRC2012_val_00020924.JPEG,0,1,0,0,REAL,2202.8874456882477,273,70
/workspace/benchmarks_ai_research/data/genimage/biggan/imagenet_ai_0419_biggan/val/nature/ILSVRC2012_val_00014392.JPEG,0,0,1,0,REAL,1938.1766263395548,254,57
/workspace/benchmarks_ai_research/data/genimage/biggan/imagenet_ai_0419_biggan/val/nature/ILSVRC2012_val_00014074.JPEG,0,0,1,0,REAL,2747.239788994193,273,51
/workspace/benchmarks_ai_research/data/genimage/biggan/imagenet_ai_0419_biggan/val/nature/ILSVRC2012_val_00046152.JPEG,0,1,0,0,REAL,3921.196226030588,307,98
/workspace/benchmarks_ai_research/data/genimage/biggan/imagenet_ai_0419_biggan/val/nature/ILSVRC2012_val_00009115.JPEG,0,0,1,0,REAL,2786.105029284954,273,80
/workspace/benchmarks_ai_research/data/genimage/biggan/imagenet_ai_0419_biggan/val/nature/ILSVRC2012_val_00034211.JPEG,0,0,1,0,REAL,2558.2370683550835,254,61
/workspace/benchmarks_ai_research/data/genimage/biggan/imagenet_ai_0419_biggan/val/nature/ILSVRC2012_val_00006239.JPEG,0,1,0,0,REAL,2564.878536388278,119,58
/workspace/benchmarks_ai_research/data/genimage/biggan/imagenet_ai_0419_biggan/val/nature/ILSVRC2012_val_00007056.JPEG,0,1,0,0,REAL,2214.4115287810564,254,63
/workspace/benchmarks_ai_research/data/genimage/biggan/imagenet_ai_0419_biggan/val/nature/ILSVRC2012_val_00001702.JPEG,0,1,0,1,,2705.4593469947577,273,100
/workspace/benchmarks_ai_research/data/genimage/biggan/imagenet_ai_0419_biggan/val/nature/ILSVRC2012_val_00027826.JPEG,0,1,0,0,REAL,2849.564740434289,254,71
/workspace/benchmarks_ai_research/data/genimage/biggan/imagenet_ai_0419_biggan/val/nature/ILSVRC2012_val_00015182.JPEG,0,1,0,0,REAL,1790.6175013631582,316,48
/workspace/benchmarks_ai_research/data/genimage/biggan/imagenet_ai_0419_biggan/val/nature/ILSVRC2012_val_00034843.JPEG,0,1,0,0,REAL,3348.026754334569,362,77
/workspace/benchmarks_ai_research/data/genimage/biggan/imagenet_ai_0419_biggan/val/nature/ILSVRC2012_val_00040064.JPEG,0,1,0,0,REAL,3101.7648819833994,254,75
/workspace/benchmarks_ai_research/data/genimage/biggan/imagenet_ai_0419_biggan/val/nature/ILSVRC2012_val_00006866.JPEG,0,1,0,0,REAL,2199.290858581662,254,59
/workspace/benchmarks_ai_research/data/genimage/biggan/imagenet_ai_0419_biggan/val/nature/ILSVRC2012_val_00019309.JPEG,0,1,0,0,REAL,4319.700203835964,292,85
/workspace/benchmarks_ai_research/data/genimage/biggan/imagenet_ai_0419_biggan/val/nature/ILSVRC2012_val_00044792.JPEG,0,1,0,1,,5645.3771609812975,254,100
/workspace/benchmarks_ai_research/data/genimage/biggan/imagenet_ai_0419_biggan/val/nature/ILSVRC2012_val_00049618.JPEG,0,1,0,0,REAL,2319.950744509697,295,80
/workspace/benchmarks_ai_research/data/genimage/biggan/imagenet_ai_0419_biggan/val/nature/ILSVRC2012_val_00002491.JPEG,0,1,0,0,REAL,1555.3653109818697,273,39
/workspace/benchmarks_ai_research/data/genimage/biggan/imagenet_ai_0419_biggan/val/nature/ILSVRC2012_val_00015714.JPEG,0,0,1,0,REAL,2291.9731941074133,273,79
/workspace/benchmarks_ai_research/data/genimage/biggan/imagenet_ai_0419_biggan/val/nature/ILSVRC2012_val_00021524.JPEG,0,1,0,0,REAL,2599.483033642173,273,87
/workspace/benchmarks_ai_research/data/genimage/biggan/imagenet_ai_0419_biggan/val/nature/ILSVRC2012_val_00033306.JPEG,0,1,0,1,,3053.1616527587175,323,100
/workspace/benchmarks_ai_research/data/genimage/biggan/imagenet_ai_0419_biggan/val/nature/ILSVRC2012_val_00007917.JPEG,0,0,1,1,,3231.6204719245434,273,100
/workspace/benchmarks_ai_research/data/genimage/biggan/imagenet_ai_0419_biggan/val/nature/ILSVRC2012_val_00012852.JPEG,0,1,0,1,,2796.3983453810215,215,100
/workspace/benchmarks_ai_research/data/genimage/biggan/imagenet_ai_0419_biggan/val/nature/ILSVRC2012_val_00039887.JPEG,0,0,1,1,,2527.3888241499662,273,100
/workspace/benchmarks_ai_research/data/genimage/biggan/imagenet_ai_0419_biggan/val/nature/ILSVRC2012_val_00042979.JPEG,0,1,0,0,REAL,2517.1781480312347,292,87
/workspace/benchmarks_ai_research/data/genimage/biggan/imagenet_ai_0419_biggan/val/nature/ILSVRC2012_val_00028413.JPEG,0,1,0,0,REAL,3371.97033315897,129,58
/workspace/benchmarks_ai_research/data/genimage/biggan/imagenet_ai_0419_biggan/val/nature/ILSVRC2012_val_00022022.JPEG,0,1,0,1,,3550.55701546371,887,100
/workspace/benchmarks_ai_research/data/genimage/biggan/imagenet_ai_0419_biggan/val/nature/ILSVRC2012_val_00007124.JPEG,0,1,0,0,REAL,2510.8929686248302,273,95
/workspace/benchmarks_ai_research/data/genimage/biggan/imagenet_ai_0419_biggan/val/nature/ILSVRC2012_val_00038464.JPEG,0,1,0,1,,3078.2989393919706,215,100
/workspace/benchmarks_ai_research/data/genimage/biggan/imagenet_ai_0419_biggan/val/nature/ILSVRC2012_val_00036066.JPEG,0,0,1,0,REAL,2118.18290874362,254,74
/workspace/benchmarks_ai_research/data/genimage/biggan/imagenet_ai_0419_biggan/val/nature/ILSVRC2012_val_00023395.JPEG,0,1,0,1,,2445.8713941276073,273,100
/workspace/benchmarks_ai_research/data/genimage/biggan/imagenet_ai_0419_biggan/val/nature/ILSVRC2012_val_00017591.JPEG,0,0,1,1,,2570.1066348701715,273,100
/workspace/benchmarks_ai_research/data/genimage/biggan/imagenet_ai_0419_biggan/val/nature/ILSVRC2012_val_00002424.JPEG,0,1,0,0,REAL,3429.6656642109156,254,89
/workspace/benchmarks_ai_research/data/genimage/biggan/imagenet_ai_0419_biggan/val/nature/ILSVRC2012_val_00034292.JPEG,0,1,0,0,REAL,2796.4144349098206,273,89
/workspace/benchmarks_ai_research/data/genimage/biggan/imagenet_ai_0419_biggan/val/nature/ILSVRC2012_val_00009565.JPEG,0,1,0,0,REAL,2381.1028506606817,254,83
/workspace/benchmarks_ai_research/data/genimage/biggan/imagenet_ai_0419_biggan/val/nature/ILSVRC2012_val_00045549.JPEG,0,1,0,0,REAL,1855.99759593606,311,48
/workspace/benchmarks_ai_research/data/genimage/biggan/imagenet_ai_0419_biggan/val/nature/ILSVRC2012_val_00037099.JPEG,0,1,0,1,,3776.994751766324,331,100
/workspace/benchmarks_ai_research/data/genimage/biggan/imagenet_ai_0419_biggan/val/nature/ILSVRC2012_val_00036799.JPEG,0,1,0,0,REAL,3042.4436777830124,273,99
/workspace/benchmarks_ai_research/data/genimage/biggan/imagenet_ai_0419_biggan/val/nature/ILSVRC2012_val_00048802.JPEG,0,1,0,1,,3654.905039817095,350,100
/workspace/benchmarks_ai_research/data/genimage/biggan/imagenet_ai_0419_biggan/val/nature/ILSVRC2012_val_00022722.JPEG,0,1,0,0,REAL,2118.2325538247824,254,70
/workspace/benchmarks_ai_research/data/genimage/biggan/imagenet_ai_0419_biggan/val/nature/ILSVRC2012_val_00029624.JPEG,0,1,0,0,REAL,1549.6313534677029,148,51
/workspace/benchmarks_ai_research/data/genimage/biggan/imagenet_ai_0419_biggan/val/nature/ILSVRC2012_val_00043609.JPEG,0,0,1,0,REAL,2618.131224066019,254,81
/workspace/benchmarks_ai_research/data/genimage/biggan/imagenet_ai_0419_biggan/val/nature/ILSVRC2012_val_00017648.JPEG,0,0,1,1,,2651.559764519334,331,100
/workspace/benchmarks_ai_research/data/genimage/biggan/imagenet_ai_0419_biggan/val/nature/ILSVRC2012_val_00028501.JPEG,0,1,0,0,REAL,4828.1908091157675,926,62
/workspace/benchmarks_ai_research/data/genimage/biggan/imagenet_ai_0419_biggan/val/nature/ILSVRC2012_val_00024384.JPEG,0,1,0,1,,3017.509600147605,273,100
/workspace/benchmarks_ai_research/data/genimage/biggan/imagenet_ai_0419_biggan/val/nature/ILSVRC2012_val_00042770.JPEG,0,1,0,1,,2746.0003290325403,278,100
/workspace/benchmarks_ai_research/data/genimage/biggan/imagenet_ai_0419_biggan/val/nature/ILSVRC2012_val_00020412.JPEG,0,0,1,0,REAL,2593.6425011605024,273,88
/workspace/benchmarks_ai_research/data/genimage/biggan/imagenet_ai_0419_biggan/val/nature/ILSVRC2012_val_00036418.JPEG,0,1,0,0,REAL,2446.1920522153378,254,56
/workspace/benchmarks_ai_research/data/genimage/biggan/imagenet_ai_0419_biggan/val/nature/ILSVRC2012_val_00028811.JPEG,0,1,0,0,REAL,2588.550392538309,199,76
/workspace/benchmarks_ai_research/data/genimage/biggan/imagenet_ai_0419_biggan/val/nature/ILSVRC2012_val_00014192.JPEG,0,1,0,0,REAL,2006.501853466034,350,68
/workspace/benchmarks_ai_research/data/genimage/biggan/imagenet_ai_0419_biggan/val/nature/ILSVRC2012_val_00015394.JPEG,0,1,0,1,,3697.520824149251,273,100
/workspace/benchmarks_ai_research/data/genimage/biggan/imagenet_ai_0419_biggan/val/nature/ILSVRC2012_val_00036914.JPEG,0,0,1,0,REAL,1843.616772443056,273,66
/workspace/benchmarks_ai_research/data/genimage/biggan/imagenet_ai_0419_biggan/val/nature/ILSVRC2012_val_00029044.JPEG,0,1,0,1,,3464.044339954853,311,100
/workspace/benchmarks_ai_research/data/genimage/biggan/imagenet_ai_0419_biggan/val/nature/ILSVRC2012_val_00008072.JPEG,0,0,1,0,REAL,2645.6463281065226,254,76
/workspace/benchmarks_ai_research/data/genimage/biggan/imagenet_ai_0419_biggan/val/nature/ILSVRC2012_val_00033504.JPEG,0,1,0,0,REAL,1584.2451062053442,254,45
/workspace/benchmarks_ai_research/data/genimage/biggan/imagenet_ai_0419_biggan/val/nature/ILSVRC2012_val_00046586.JPEG,0,1,0,1,,3195.3257359564304,273,100
/workspace/benchmarks_ai_research/data/genimage/biggan/imagenet_ai_0419_biggan/val/nature/ILSVRC2012_val_00003138.JPEG,0,1,0,1,,3277.861734852195,254,100
/workspace/benchmarks_ai_research/data/genimage/biggan/imagenet_ai_0419_biggan/val/nature/ILSVRC2012_val_00021981.JPEG,0,1,0,0,REAL,2587.182529270649,273,76
/workspace/benchmarks_ai_research/data/genimage/biggan/imagenet_ai_0419_biggan/val/nature/ILSVRC2012_val_00001910.JPEG,0,1,0,0,REAL,3239.245653152466,273,89
/workspace/benchmarks_ai_research/data/genimage/biggan/imagenet_ai_0419_biggan/val/nature/ILSVRC2012_val_00027144.JPEG,0,1,0,0,REAL,4392.62211881578,273,49
/workspace/benchmarks_ai_research/data/genimage/biggan/imagenet_ai_0419_biggan/val/nature/ILSVRC2012_val_00034231.JPEG,0,1,0,0,REAL,2176.6755152493715,194,53
/workspace/benchmarks_ai_research/data/genimage/biggan/imagenet_ai_0419_biggan/val/nature/ILSVRC2012_val_00031037.JPEG,0,1,0,1,,2855.235556140542,273,100
/workspace/benchmarks_ai_research/data/genimage/biggan/imagenet_ai_0419_biggan/val/nature/ILSVRC2012_val_00049074.JPEG,0,1,0,0,REAL,2336.8778582662344,273,73
/workspace/benchmarks_ai_research/data/genimage/biggan/imagenet_ai_0419_biggan/val/nature/ILSVRC2012_val_00042277.JPEG,0,0,1,0,REAL,2282.512988895178,273,73
/workspace/benchmarks_ai_research/data/genimage/biggan/imagenet_ai_0419_biggan/val/nature/ILSVRC2012_val_00030720.JPEG,0,1,0,0,REAL,1507.8715924173594,273,46
/workspace/benchmarks_ai_research/data/genimage/biggan/imagenet_ai_0419_biggan/val/nature/ILSVRC2012_val_00035143.JPEG,0,0,1,0,REAL,2045.1077427715063,292,61
/workspace/benchmarks_ai_research/data/genimage/biggan/imagenet_ai_0419_biggan/val/nature/ILSVRC2012_val_00027753.JPEG,0,1,0,0,REAL,2610.481470823288,273,77
/workspace/benchmarks_ai_research/data/genimage/biggan/imagenet_ai_0419_biggan/val/nature/ILSVRC2012_val_00032902.JPEG,0,1,0,1,,2895.5755718052387,163,100
/workspace/benchmarks_ai_research/data/genimage/biggan/imagenet_ai_0419_biggan/val/nature/ILSVRC2012_val_00007175.JPEG,0,1,0,0,REAL,1703.190453350544,339,43
/workspace/benchmarks_ai_research/data/genimage/biggan/imagenet_ai_0419_biggan/val/nature/ILSVRC2012_val_00026210.JPEG,0,1,0,0,REAL,1903.606604784727,273,59
/workspace/benchmarks_ai_research/data/genimage/biggan/imagenet_ai_0419_biggan/val/nature/ILSVRC2012_val_00041443.JPEG,0,1,0,0,REAL,3039.313117042184,273,100
/workspace/benchmarks_ai_research/data/genimage/biggan/imagenet_ai_0419_biggan/val/nature/ILSVRC2012_val_00049157.JPEG,0,0,1,0,REAL,1363.1456475704908,273,39
/workspace/benchmarks_ai_research/data/genimage/biggan/imagenet_ai_0419_biggan/val/nature/ILSVRC2012_val_00026589.JPEG,0,1,0,0,REAL,2095.7459062337875,273,72
/workspace/benchmarks_ai_research/data/genimage/biggan/imagenet_ai_0419_biggan/val/nature/ILSVRC2012_val_00013037.JPEG,0,1,0,0,REAL,3343.7551874667406,273,86
/workspace/benchmarks_ai_research/data/genimage/biggan/imagenet_ai_0419_biggan/val/nature/ILSVRC2012_val_00023735.JPEG,0,1,0,0,REAL,2344.2636001855135,273,77
/workspace/benchmarks_ai_research/data/genimage/biggan/imagenet_ai_0419_biggan/val/nature/ILSVRC2012_val_00035647.JPEG,0,0,1,0,REAL,4193.622846156359,273,61
/workspace/benchmarks_ai_research/data/genimage/biggan/imagenet_ai_0419_biggan/val/nature/ILSVRC2012_val_00017993.JPEG,0,0,1,1,,3001.9695833325386,62,100
/workspace/benchmarks_ai_research/data/genimage/biggan/imagenet_ai_0419_biggan/val/nature/ILSVRC2012_val_00020310.JPEG,0,0,1,0,REAL,5576.884102076292,254,79
/workspace/benchmarks_ai_research/data/genimage/biggan/imagenet_ai_0419_biggan/val/nature/ILSVRC2012_val_00042175.JPEG,0,1,0,0,REAL,2422.0729134976864,273,68
/workspace/benchmarks_ai_research/data/genimage/biggan/imagenet_ai_0419_biggan/val/nature/ILSVRC2012_val_00003037.JPEG,0,1,0,1,,3363.691447302699,331,100
/workspace/benchmarks_ai_research/data/genimage/biggan/imagenet_ai_0419_biggan/val/nature/ILSVRC2012_val_00008363.JPEG,0,0,1,0,REAL,2814.900778234005,339,95
/workspace/benchmarks_ai_research/data/genimage/biggan/imagenet_ai_0419_biggan/val/nature/ILSVRC2012_val_00028459.JPEG,0,1,0,0,REAL,2504.02875803411,349,80
/workspace/benchmarks_ai_research/data/genimage/biggan/imagenet_ai_0419_biggan/val/nature/ILSVRC2012_val_00028976.JPEG,0,1,0,1,,2834.4736378639936,964,100
/workspace/benchmarks_ai_research/data/genimage/biggan/imagenet_ai_0419_biggan/val/nature/ILSVRC2012_val_00017794.JPEG,0,0,1,0,REAL,1600.4244964569807,273,41
/workspace/benchmarks_ai_research/data/genimage/biggan/imagenet_ai_0419_biggan/val/nature/ILSVRC2012_val_00028598.JPEG,0,0,1,1,,3632.2002168744802,254,100
/workspace/benchmarks_ai_research/data/genimage/biggan/imagenet_ai_0419_biggan/val/nature/ILSVRC2012_val_00046462.JPEG,0,0,1,0,REAL,2252.641599625349,292,54
/workspace/benchmarks_ai_research/data/genimage/biggan/imagenet_ai_0419_biggan/val/nature/ILSVRC2012_val_00031316.JPEG,0,0,1,0,REAL,1911.1731126904488,273,52
/workspace/benchmarks_ai_research/data/genimage/biggan/imagenet_ai_0419_biggan/val/nature/ILSVRC2012_val_00026697.JPEG,0,1,0,1,,2811.2320099025965,254,100
/workspace/benchmarks_ai_research/data/genimage/biggan/imagenet_ai_0419_biggan/val/nature/ILSVRC2012_val_00015023.JPEG,0,1,0,0,REAL,2876.821491867304,339,83
/workspace/benchmarks_ai_research/data/genimage/biggan/imagenet_ai_0419_biggan/val/nature/ILSVRC2012_val_00007291.JPEG,0,1,0,0,REAL,1747.5027795881033,273,52
/workspace/benchmarks_ai_research/data/genimage/biggan/imagenet_ai_0419_biggan/val/nature/ILSVRC2012_val_00030654.JPEG,0,1,0,1,,3995.0043354183435,292,100
/workspace/benchmarks_ai_research/data/genimage/biggan/imagenet_ai_0419_biggan/val/nature/ILSVRC2012_val_00015763.JPEG,0,0,1,0,REAL,2358.98463986814,254,35
/workspace/benchmarks_ai_research/data/genimage/biggan/imagenet_ai_0419_biggan/val/nature/ILSVRC2012_val_00047086.JPEG,0,1,0,0,REAL,2209.1292962431908,254,81
/workspace/benchmarks_ai_research/data/genimage/biggan/imagenet_ai_0419_biggan/val/nature/ILSVRC2012_val_00030839.JPEG,0,1,0,1,,4406.975453719497,254,100
/workspace/benchmarks_ai_research/data/genimage/biggan/imagenet_ai_0419_biggan/val/nature/ILSVRC2012_val_00024522.JPEG,0,1,0,0,REAL,2455.6399155408144,350,75
/workspace/benchmarks_ai_research/data/genimage/biggan/imagenet_ai_0419_biggan/val/nature/ILSVRC2012_val_00042471.JPEG,0,1,0,1,,3469.2512545734644,273,100
/workspace/benchmarks_ai_research/data/genimage/biggan/imagenet_ai_0419_biggan/val/nature/ILSVRC2012_val_00045440.JPEG,0,0,1,0,REAL,2736.207703128457,57,77
/workspace/benchmarks_ai_research/data/genimage/biggan/imagenet_ai_0419_biggan/val/nature/ILSVRC2012_val_00012259.JPEG,0,1,0,1,,3084.268743172288,273,100
/workspace/benchmarks_ai_research/data/genimage/biggan/imagenet_ai_0419_biggan/val/nature/ILSVRC2012_val_00014113.JPEG,0,1,0,0,REAL,1622.6313896477222,273,63
/workspace/benchmarks_ai_research/data/genimage/biggan/imagenet_ai_0419_biggan/val/nature/ILSVRC2012_val_00004662.JPEG,0,1,0,0,REAL,3159.264961257577,311,99
/workspace/benchmarks_ai_research/data/genimage/biggan/imagenet_ai_0419_biggan/val/nature/ILSVRC2012_val_00048897.JPEG,0,1,0,0,REAL,2731.763845309615,964,71
/workspace/benchmarks_ai_research/data/genimage/biggan/imagenet_ai_0419_biggan/val/nature/ILSVRC2012_val_00042109.JPEG,0,1,0,0,REAL,4666.642133146524,385,70
/workspace/benchmarks_ai_research/data/genimage/biggan/imagenet_ai_0419_biggan/val/nature/ILSVRC2012_val_00018291.JPEG,0,1,0,0,REAL,3148.705581203103,254,90
/workspace/benchmarks_ai_research/data/genimage/biggan/imagenet_ai_0419_biggan/val/nature/ILSVRC2012_val_00038172.JPEG,0,0,1,0,REAL,1457.5346112251282,273,42
/workspace/benchmarks_ai_research/data/genimage/biggan/imagenet_ai_0419_biggan/val/nature/ILSVRC2012_val_00017785.JPEG,0,1,0,1,,2919.120078906417,292,100
/workspace/benchmarks_ai_research/data/genimage/biggan/imagenet_ai_0419_biggan/val/nature/ILSVRC2012_val_00044637.JPEG,0,1,0,0,REAL,3410.5142764747143,395,100
/workspace/benchmarks_ai_research/data/genimage/biggan/imagenet_ai_0419_biggan/val/nature/ILSVRC2012_val_00002256.JPEG,0,1,0,1,,3444.839807227254,273,100
/workspace/benchmarks_ai_research/data/genimage/biggan/imagenet_ai_0419_biggan/val/nature/ILSVRC2012_val_00037310.JPEG,0,1,0,0,REAL,1820.5812349915504,199,41
/workspace/benchmarks_ai_research/data/genimage/biggan/imagenet_ai_0419_biggan/val/nature/ILSVRC2012_val_00015289.JPEG,0,1,0,1,,3585.3708274662495,273,100
/workspace/benchmarks_ai_research/data/genimage/biggan/imagenet_ai_0419_biggan/val/nature/ILSVRC2012_val_00035798.JPEG,0,1,0,0,REAL,2771.899599581957,273,93
/workspace/benchmarks_ai_research/data/genimage/biggan/imagenet_ai_0419_biggan/val/nature/ILSVRC2012_val_00025731.JPEG,0,0,1,0,REAL,1594.5206452161074,273,38
/workspace/benchmarks_ai_research/data/genimage/biggan/imagenet_ai_0419_biggan/val/nature/ILSVRC2012_val_00015859.JPEG,0,1,0,0,REAL,2478.4144423902035,273,88
/workspace/benchmarks_ai_research/data/genimage/biggan/imagenet_ai_0419_biggan/val/nature/ILSVRC2012_val_00012383.JPEG,0,1,0,0,REAL,4076.9229494035244,273,97
/workspace/benchmarks_ai_research/data/genimage/biggan/imagenet_ai_0419_biggan/val/nature/ILSVRC2012_val_00039517.JPEG,0,1,0,1,,3290.1338562369347,331,100
/workspace/benchmarks_ai_research/data/genimage/biggan/imagenet_ai_0419_biggan/val/nature/ILSVRC2012_val_00019694.JPEG,0,0,1,1,,3009.9774561822414,273,100
/workspace/benchmarks_ai_research/data/genimage/biggan/imagenet_ai_0419_biggan/val/nature/ILSVRC2012_val_00003067.JPEG,0,1,0,0,REAL,2526.0091722011566,339,78
/workspace/benchmarks_ai_research/data/genimage/biggan/imagenet_ai_0419_biggan/val/nature/ILSVRC2012_val_00030122.JPEG,0,1,0,1,,2928.1947761774063,254,100
/workspace/benchmarks_ai_research/data/genimage/biggan/imagenet_ai_0419_biggan/val/nature/ILSVRC2012_val_00030974.JPEG,0,1,0,1,,4779.421282932162,273,100
/workspace/benchmarks_ai_research/data/genimage/biggan/imagenet_ai_0419_biggan/val/nature/ILSVRC2012_val_00032356.JPEG,0,1,0,0,REAL,2089.1021955758333,292,59
/workspace/benchmarks_ai_research/data/genimage/biggan/imagenet_ai_0419_biggan/val/nature/ILSVRC2012_val_00037275.JPEG,0,1,0,0,REAL,2708.9167200028896,311,83
/workspace/benchmarks_ai_research/data/genimage/biggan/imagenet_ai_0419_biggan/val/nature/ILSVRC2012_val_00005337.JPEG,0,1,0,0,REAL,3352.320110425353,331,97
/workspace/benchmarks_ai_research/data/genimage/biggan/imagenet_ai_0419_biggan/val/nature/ILSVRC2012_val_00002241.JPEG,0,1,0,0,REAL,2079.510448500514,273,82
/workspace/benchmarks_ai_research/data/genimage/biggan/imagenet_ai_0419_biggan/val/nature/ILSVRC2012_val_00029661.JPEG,0,1,0,1,,3309.41429361701,254,100
/workspace/benchmarks_ai_research/data/genimage/biggan/imagenet_ai_0419_biggan/val/nature/ILSVRC2012_val_00023145.JPEG,0,0,1,0,REAL,1720.699928700924,273,53
/workspace/benchmarks_ai_research/data/genimage/biggan/imagenet_ai_0419_biggan/val/nature/ILSVRC2012_val_00035452.JPEG,0,1,0,0,REAL,1941.0901851952076,254,52
/workspace/benchmarks_ai_research/data/genimage/biggan/imagenet_ai_0419_biggan/val/nature/ILSVRC2012_val_00045651.JPEG,0,1,0,0,REAL,2186.338633298874,273,60
/workspace/benchmarks_ai_research/data/genimage/biggan/imagenet_ai_0419_biggan/val/nature/ILSVRC2012_val_00014767.JPEG,0,1,0,0,REAL,2582.478828728199,273,81
/workspace/benchmarks_ai_research/data/genimage/biggan/imagenet_ai_0419_biggan/val/nature/ILSVRC2012_val_00035799.JPEG,0,1,0,0,REAL,2655.735647305846,230,72
/workspace/benchmarks_ai_research/data/genimage/biggan/imagenet_ai_0419_biggan/val/nature/ILSVRC2012_val_00048771.JPEG,0,1,0,0,REAL,2732.095232233405,273,67
/workspace/benchmarks_ai_research/data/genimage/biggan/imagenet_ai_0419_biggan/val/nature/ILSVRC2012_val_00044280.JPEG,0,1,0,0,REAL,4434.983875602484,273,74
/workspace/benchmarks_ai_research/data/genimage/biggan/imagenet_ai_0419_biggan/val/nature/ILSVRC2012_val_00039869.JPEG,0,0,1,0,REAL,3304.3131846934557,808,94
/workspace/benchmarks_ai_research/data/genimage/biggan/imagenet_ai_0419_biggan/val/nature/ILSVRC2012_val_00015066.JPEG,0,1,0,0,REAL,2558.7738547474146,254,82
/workspace/benchmarks_ai_research/data/genimage/biggan/imagenet_ai_0419_biggan/val/nature/ILSVRC2012_val_00009599.JPEG,0,0,1,1,,3027.0525738596916,273,100
/workspace/benchmarks_ai_research/data/genimage/biggan/imagenet_ai_0419_biggan/val/nature/ILSVRC2012_val_00021759.JPEG,0,0,1,0,REAL,3372.8271052241325,254,100
/workspace/benchmarks_ai_research/data/genimage/biggan/imagenet_ai_0419_biggan/val/nature/ILSVRC2012_val_00021292.JPEG,0,1,0,1,,4392.661517485976,163,100
/workspace/benchmarks_ai_research/data/genimage/biggan/imagenet_ai_0419_biggan/val/nature/ILSVRC2012_val_00006758.JPEG,0,1,0,0,REAL,2653.616400435567,518,96
/workspace/benchmarks_ai_research/data/genimage/biggan/imagenet_ai_0419_biggan/val/nature/ILSVRC2012_val_00026921.JPEG,0,1,0,0,REAL,1659.7362104803324,273,46
/workspace/benchmarks_ai_research/data/genimage/biggan/imagenet_ai_0419_biggan/val/nature/ILSVRC2012_val_00031588.JPEG,0,0,1,1,,3599.4829069823027,273,100
/workspace/benchmarks_ai_research/data/genimage/biggan/imagenet_ai_0419_biggan/val/nature/ILSVRC2012_val_00018706.JPEG,0,1,0,0,REAL,2294.1488288342953,273,65
/workspace/benchmarks_ai_research/data/genimage/biggan/imagenet_ai_0419_biggan/val/nature/ILSVRC2012_val_00039284.JPEG,0,0,1,0,REAL,1729.1565742343664,273,48
/workspace/benchmarks_ai_research/data/genimage/biggan/imagenet_ai_0419_biggan/val/nature/ILSVRC2012_val_00017023.JPEG,0,1,0,0,REAL,2991.298133507371,199,68
/workspace/benchmarks_ai_research/data/genimage/biggan/imagenet_ai_0419_biggan/val/nature/ILSVRC2012_val_00016434.JPEG,0,0,1,1,,3740.138750523329,311,100
/workspace/benchmarks_ai_research/data/genimage/biggan/imagenet_ai_0419_biggan/val/nature/ILSVRC2012_val_00017065.JPEG,0,1,0,0,REAL,1912.6961585134268,273,63
/workspace/benchmarks_ai_research/data/genimage/biggan/imagenet_ai_0419_biggan/val/nature/ILSVRC2012_val_00045164.JPEG,0,1,0,0,REAL,1957.0997059345245,395,61
/workspace/benchmarks_ai_research/data/genimage/biggan/imagenet_ai_0419_biggan/val/nature/ILSVRC2012_val_00035576.JPEG,0,1,0,0,REAL,2691.7068380862474,273,64
/workspace/benchmarks_ai_research/data/genimage/biggan/imagenet_ai_0419_biggan/val/nature/ILSVRC2012_val_00018187.JPEG,0,1,0,0,REAL,1888.6451236903667,273,58
/workspace/benchmarks_ai_research/data/genimage/biggan/imagenet_ai_0419_biggan/val/nature/ILSVRC2012_val_00024974.JPEG,0,1,0,0,REAL,2195.879377424717,273,66
/workspace/benchmarks_ai_research/data/genimage/biggan/imagenet_ai_0419_biggan/val/nature/ILSVRC2012_val_00019456.JPEG,0,1,0,0,REAL,1662.0148159563541,211,50
/workspace/benchmarks_ai_research/data/genimage/biggan/imagenet_ai_0419_biggan/val/nature/ILSVRC2012_val_00016503.JPEG,0,1,0,1,,3536.605106666684,161,100
/workspace/benchmarks_ai_research/data/genimage/biggan/imagenet_ai_0419_biggan/val/nature/ILSVRC2012_val_00006820.JPEG,0,1,0,0,REAL,2469.322321936488,223,74
/workspace/benchmarks_ai_research/data/genimage/biggan/imagenet_ai_0419_biggan/val/nature/ILSVRC2012_val_00000347.JPEG,0,1,0,0,REAL,2659.3765690922737,273,87
/workspace/benchmarks_ai_research/data/genimage/biggan/imagenet_ai_0419_biggan/val/nature/ILSVRC2012_val_00043957.JPEG,0,1,0,1,,3328.451745212078,273,100
/workspace/benchmarks_ai_research/data/genimage/biggan/imagenet_ai_0419_biggan/val/nature/ILSVRC2012_val_00033444.JPEG,0,1,0,1,,3268.0852338671684,350,100
/workspace/benchmarks_ai_research/data/genimage/biggan/imagenet_ai_0419_biggan/val/nature/ILSVRC2012_val_00006532.JPEG,0,1,0,0,REAL,1654.9696438014507,273,40
/workspace/benchmarks_ai_research/data/genimage/biggan/imagenet_ai_0419_biggan/val/nature/ILSVRC2012_val_00045169.JPEG,0,1,0,0,REAL,3072.6993549615145,273,75
/workspace/benchmarks_ai_research/data/genimage/biggan/imagenet_ai_0419_biggan/val/nature/ILSVRC2012_val_00014124.JPEG,0,1,0,0,REAL,1979.6556774526834,273,59
/workspace/benchmarks_ai_research/data/genimage/biggan/imagenet_ai_0419_biggan/val/nature/ILSVRC2012_val_00023243.JPEG,0,1,0,0,REAL,1954.679973423481,273,47
/workspace/benchmarks_ai_research/data/genimage/biggan/imagenet_ai_0419_biggan/val/nature/ILSVRC2012_val_00011162.JPEG,0,0,1,0,REAL,1736.1402362585068,273,37
/workspace/benchmarks_ai_research/data/genimage/biggan/imagenet_ai_0419_biggan/val/nature/ILSVRC2012_val_00048507.JPEG,0,1,0,1,,3338.9415070414543,273,100
/workspace/benchmarks_ai_research/data/genimage/biggan/imagenet_ai_0419_biggan/val/nature/ILSVRC2012_val_00014818.JPEG,0,1,0,1,,3390.6498085707426,273,100
/workspace/benchmarks_ai_research/data/genimage/biggan/imagenet_ai_0419_biggan/val/nature/ILSVRC2012_val_00036016.JPEG,0,1,0,0,REAL,2430.1228635013103,273,55
/workspace/benchmarks_ai_research/data/genimage/biggan/imagenet_ai_0419_biggan/val/nature/ILSVRC2012_val_00008214.JPEG,0,1,0,0,REAL,2429.0908072143793,331,84
/workspace/benchmarks_ai_research/data/genimage/biggan/imagenet_ai_0419_biggan/val/nature/ILSVRC2012_val_00022255.JPEG,0,1,0,1,,2842.9532311856747,273,100
/workspace/benchmarks_ai_research/data/genimage/biggan/imagenet_ai_0419_biggan/val/nature/ILSVRC2012_val_00031824.JPEG,0,0,1,0,REAL,2307.043371722102,292,54
/workspace/benchmarks_ai_research/data/genimage/biggan/imagenet_ai_0419_biggan/val/nature/ILSVRC2012_val_00033003.JPEG,0,1,0,0,REAL,1705.8904711157084,273,48
/workspace/benchmarks_ai_research/data/genimage/biggan/imagenet_ai_0419_biggan/val/nature/ILSVRC2012_val_00038142.JPEG,0,1,0,0,REAL,2428.520657122135,273,82
/workspace/benchmarks_ai_research/data/genimage/biggan/imagenet_ai_0419_biggan/val/nature/ILSVRC2012_val_00033735.JPEG,0,1,0,1,,3470.8277732133865,887,100
/workspace/benchmarks_ai_research/data/genimage/biggan/imagenet_ai_0419_biggan/val/nature/ILSVRC2012_val_00007999.JPEG,0,0,1,0,REAL,3149.889463558793,273,48
/workspace/benchmarks_ai_research/data/genimage/biggan/imagenet_ai_0419_biggan/val/nature/ILSVRC2012_val_00021826.JPEG,0,1,0,1,,3466.66257083416,667,100
/workspace/benchmarks_ai_research/data/genimage/biggan/imagenet_ai_0419_biggan/val/nature/ILSVRC2012_val_00036128.JPEG,0,1,0,0,REAL,2701.1479195207357,254,78
/workspace/benchmarks_ai_research/data/genimage/biggan/imagenet_ai_0419_biggan/val/nature/ILSVRC2012_val_00045652.JPEG,0,1,0,0,REAL,3103.111494332552,451,89
/workspace/benchmarks_ai_research/data/genimage/biggan/imagenet_ai_0419_biggan/val/nature/ILSVRC2012_val_00039259.JPEG,0,1,0,1,,3066.4785876870155,259,100
/workspace/benchmarks_ai_research/data/genimage/biggan/imagenet_ai_0419_biggan/val/nature/ILSVRC2012_val_00022365.JPEG,0,1,0,1,,3175.983775407076,385,100
/workspace/benchmarks_ai_research/data/genimage/biggan/imagenet_ai_0419_biggan/val/nature/ILSVRC2012_val_00004283.JPEG,0,0,1,0,REAL,4530.771149322391,158,83
/workspace/benchmarks_ai_research/data/genimage/biggan/imagenet_ai_0419_biggan/val/nature/ILSVRC2012_val_00049471.JPEG,0,1,0,0,REAL,2271.9424478709698,148,58
/workspace/benchmarks_ai_research/data/genimage/biggan/imagenet_ai_0419_biggan/val/nature/ILSVRC2012_val_00016155.JPEG,0,1,0,0,REAL,2759.976441040635,273,61
/workspace/benchmarks_ai_research/data/genimage/biggan/imagenet_ai_0419_biggan/val/nature/ILSVRC2012_val_00031303.JPEG,0,1,0,1,,3304.3412789702415,350,100
/workspace/benchmarks_ai_research/data/genimage/biggan/imagenet_ai_0419_biggan/val/nature/ILSVRC2012_val_00001376.JPEG,0,0,1,1,,5053.181139752269,273,100
/workspace/benchmarks_ai_research/data/genimage/biggan/imagenet_ai_0419_biggan/val/nature/ILSVRC2012_val_00017308.JPEG,0,0,1,1,,3217.348223552108,292,100
/workspace/benchmarks_ai_research/data/genimage/biggan/imagenet_ai_0419_biggan/val/nature/ILSVRC2012_val_00030809.JPEG,0,1,0,1,,3224.6847078204155,91,100
/workspace/benchmarks_ai_research/data/genimage/biggan/imagenet_ai_0419_biggan/val/nature/ILSVRC2012_val_00027721.JPEG,0,1,0,0,REAL,2854.3718475848436,245,100
/workspace/benchmarks_ai_research/data/genimage/biggan/imagenet_ai_0419_biggan/val/nature/ILSVRC2012_val_00036188.JPEG,0,1,0,0,REAL,1970.7962274551392,292,60
/workspace/benchmarks_ai_research/data/genimage/biggan/imagenet_ai_0419_biggan/val/nature/ILSVRC2012_val_00027220.JPEG,0,1,0,0,REAL,1545.7525793462992,273,54
/workspace/benchmarks_ai_research/data/genimage/biggan/imagenet_ai_0419_biggan/val/nature/ILSVRC2012_val_00012564.JPEG,0,0,1,1,,2913.6836659163237,273,100
/workspace/benchmarks_ai_research/data/genimage/biggan/imagenet_ai_0419_biggan/val/nature/ILSVRC2012_val_00022548.JPEG,0,1,0,0,REAL,3242.339499294758,244,56
/workspace/benchmarks_ai_research/data/genimage/biggan/imagenet_ai_0419_biggan/val/nature/ILSVRC2012_val_00025451.JPEG,0,1,0,1,,2774.7196033596992,136,100
/workspace/benchmarks_ai_research/data/genimage/biggan/imagenet_ai_0419_biggan/val/nature/ILSVRC2012_val_00018886.JPEG,0,1,0,0,REAL,2295.810667797923,254,77
/workspace/benchmarks_ai_research/data/genimage/biggan/imagenet_ai_0419_biggan/val/nature/ILSVRC2012_val_00021831.JPEG,0,1,0,0,REAL,4030.370816588402,254,90
/workspace/benchmarks_ai_research/data/genimage/biggan/imagenet_ai_0419_biggan/val/nature/ILSVRC2012_val_00008715.JPEG,0,1,0,0,REAL,3764.14942368865,273,68
/workspace/benchmarks_ai_research/data/genimage/biggan/imagenet_ai_0419_biggan/val/nature/ILSVRC2012_val_00001217.JPEG,0,1,0,0,REAL,2216.262361034751,199,86
/workspace/benchmarks_ai_research/data/genimage/biggan/imagenet_ai_0419_biggan/val/nature/ILSVRC2012_val_00049220.JPEG,0,1,0,0,REAL,2067.6883570849895,964,61
/workspace/benchmarks_ai_research/data/genimage/biggan/imagenet_ai_0419_biggan/val/nature/ILSVRC2012_val_00032282.JPEG,0,1,0,1,,3315.7404959201813,292,100
/workspace/benchmarks_ai_research/data/genimage/biggan/imagenet_ai_0419_biggan/val/nature/ILSVRC2012_val_00040080.JPEG,0,0,1,0,REAL,2943.2166162878275,350,83
/workspace/benchmarks_ai_research/data/genimage/biggan/imagenet_ai_0419_biggan/val/nature/ILSVRC2012_val_00013402.JPEG,0,0,1,0,REAL,1792.1075988560915,273,53
/workspace/benchmarks_ai_research/data/genimage/biggan/imagenet_ai_0419_biggan/val/nature/ILSVRC2012_val_00022250.JPEG,0,1,0,0,REAL,2563.007578253746,273,83
/workspace/benchmarks_ai_research/data/genimage/biggan/imagenet_ai_0419_biggan/val/nature/ILSVRC2012_val_00001379.JPEG,0,0,1,0,REAL,1663.157507777214,311,42
/workspace/benchmarks_ai_research/data/genimage/biggan/imagenet_ai_0419_biggan/val/nature/ILSVRC2012_val_00036378.JPEG,0,1,0,1,,3238.857304677367,273,100
/workspace/benchmarks_ai_research/data/genimage/biggan/imagenet_ai_0419_biggan/val/nature/ILSVRC2012_val_00018657.JPEG,0,1,0,1,,3554.8751316964626,331,100
/workspace/benchmarks_ai_research/data/genimage/biggan/imagenet_ai_0419_biggan/val/nature/ILSVRC2012_val_00034268.JPEG,0,1,0,0,REAL,1995.8604108542204,273,65
/workspace/benchmarks_ai_research/data/genimage/biggan/imagenet_ai_0419_biggan/val/nature/ILSVRC2012_val_00022301.JPEG,0,1,0,0,REAL,2370.5403339117765,964,72
/workspace/benchmarks_ai_research/data/genimage/biggan/imagenet_ai_0419_biggan/val/nature/ILSVRC2012_val_00034315.JPEG,0,1,0,0,REAL,2159.799424931407,273,59
/workspace/benchmarks_ai_research/data/genimage/biggan/imagenet_ai_0419_biggan/val/nature/ILSVRC2012_val_00039456.JPEG,0,1,0,0,REAL,4289.466738700867,254,85
/workspace/benchmarks_ai_research/data/genimage/biggan/imagenet_ai_0419_biggan/val/nature/ILSVRC2012_val_00045843.JPEG,0,1,0,0,REAL,1640.5056845396757,273,46
/workspace/benchmarks_ai_research/data/genimage/biggan/imagenet_ai_0419_biggan/val/nature/ILSVRC2012_val_00043008.JPEG,0,0,1,0,REAL,2078.407907858491,273,54
/workspace/benchmarks_ai_research/data/genimage/biggan/imagenet_ai_0419_biggan/val/nature/ILSVRC2012_val_00040681.JPEG,0,1,0,0,REAL,2159.1533217579126,254,61
/workspace/benchmarks_ai_research/data/genimage/biggan/imagenet_ai_0419_biggan/val/nature/ILSVRC2012_val_00034312.JPEG,0,1,0,1,,3314.629940316081,643,100
/workspace/benchmarks_ai_research/data/genimage/biggan/imagenet_ai_0419_biggan/val/nature/ILSVRC2012_val_00003293.JPEG,0,0,1,0,REAL,2762.756334617734,254,51
/workspace/benchmarks_ai_research/data/genimage/biggan/imagenet_ai_0419_biggan/val/nature/ILSVRC2012_val_00036074.JPEG,0,1,0,0,REAL,4377.58843973279,292,99
/workspace/benchmarks_ai_research/data/genimage/biggan/imagenet_ai_0419_biggan/val/nature/ILSVRC2012_val_00036447.JPEG,0,1,0,0,REAL,3010.9601225703955,273,91
/workspace/benchmarks_ai_research/data/genimage/biggan/imagenet_ai_0419_biggan/val/nature/ILSVRC2012_val_00048284.JPEG,0,1,0,1,,2531.9809559732676,254,100
/workspace/benchmarks_ai_research/data/genimage/biggan/imagenet_ai_0419_biggan/val/nature/ILSVRC2012_val_00047418.JPEG,0,1,0,1,,3180.299086496234,369,100
/workspace/benchmarks_ai_research/data/genimage/biggan/imagenet_ai_0419_biggan/val/nature/ILSVRC2012_val_00034422.JPEG,0,1,0,1,,3914.9498473852873,350,100
/workspace/benchmarks_ai_research/data/genimage/biggan/imagenet_ai_0419_biggan/val/nature/ILSVRC2012_val_00003157.JPEG,0,1,0,1,,2852.11599804461,273,100
/workspace/benchmarks_ai_research/data/genimage/biggan/imagenet_ai_0419_biggan/val/nature/ILSVRC2012_val_00003653.JPEG,0,1,0,1,,3240.0130722671747,339,100
/workspace/benchmarks_ai_research/data/genimage/biggan/imagenet_ai_0419_biggan/val/nature/ILSVRC2012_val_00011670.JPEG,0,1,0,1,,3431.5956495702267,292,100
/workspace/benchmarks_ai_research/data/genimage/biggan/imagenet_ai_0419_biggan/val/nature/ILSVRC2012_val_00040168.JPEG,0,1,0,0,REAL,2591.160425916314,273,54
/workspace/benchmarks_ai_research/data/genimage/biggan/imagenet_ai_0419_biggan/val/nature/ILSVRC2012_val_00048452.JPEG,0,1,0,0,REAL,2547.7527044713497,964,70
/workspace/benchmarks_ai_research/data/genimage/biggan/imagenet_ai_0419_biggan/val/nature/ILSVRC2012_val_00033908.JPEG,0,1,0,0,REAL,2524.4996026158333,403,76
/workspace/benchmarks_ai_research/data/genimage/biggan/imagenet_ai_0419_biggan/val/nature/ILSVRC2012_val_00014191.JPEG,0,1,0,0,REAL,3752.47866474092,254,89
/workspace/benchmarks_ai_research/data/genimage/biggan/imagenet_ai_0419_biggan/val/nature/ILSVRC2012_val_00018879.JPEG,0,1,0,1,,3351.944323629141,254,100
/workspace/benchmarks_ai_research/data/genimage/biggan/imagenet_ai_0419_biggan/val/nature/ILSVRC2012_val_00041664.JPEG,0,1,0,1,,3117.2383166849613,311,100
/workspace/benchmarks_ai_research/data/genimage/biggan/imagenet_ai_0419_biggan/val/nature/ILSVRC2012_val_00023483.JPEG,0,1,0,0,REAL,1684.3054313212633,273,48
/workspace/benchmarks_ai_research/data/genimage/biggan/imagenet_ai_0419_biggan/val/nature/ILSVRC2012_val_00003970.JPEG,0,1,0,0,REAL,1615.7529838383198,254,50
/workspace/benchmarks_ai_research/data/genimage/biggan/imagenet_ai_0419_biggan/val/nature/ILSVRC2012_val_00002594.JPEG,0,1,0,1,,2950.8465882390738,273,100
/workspace/benchmarks_ai_research/data/genimage/biggan/imagenet_ai_0419_biggan/val/nature/ILSVRC2012_val_00032027.JPEG,0,1,0,0,REAL,3123.020440340042,388,96
/workspace/benchmarks_ai_research/data/genimage/biggan/imagenet_ai_0419_biggan/val/nature/ILSVRC2012_val_00039381.JPEG,0,1,0,1,,3176.8354177474976,311,100
/workspace/benchmarks_ai_research/data/genimage/biggan/imagenet_ai_0419_biggan/val/nature/ILSVRC2012_val_00027420.JPEG,0,1,0,1,,3389.142319560051,273,100
/workspace/benchmarks_ai_research/data/genimage/biggan/imagenet_ai_0419_biggan/val/nature/ILSVRC2012_val_00017305.JPEG,0,1,0,0,REAL,2110.182184726,273,60
/workspace/benchmarks_ai_research/data/genimage/biggan/imagenet_ai_0419_biggan/val/nature/ILSVRC2012_val_00016561.JPEG,0,1,0,0,REAL,1854.4323071837425,273,63
/workspace/benchmarks_ai_research/data/genimage/biggan/imagenet_ai_0419_biggan/val/nature/ILSVRC2012_val_00034448.JPEG,0,1,0,0,REAL,2357.961695641279,254,84
/workspace/benchmarks_ai_research/data/genimage/biggan/imagenet_ai_0419_biggan/val/nature/ILSVRC2012_val_00016151.JPEG,0,1,0,1,FAKE,2642.3667427152395,223,72
/workspace/benchmarks_ai_research/data/genimage/biggan/imagenet_ai_0419_biggan/val/nature/ILSVRC2012_val_00038686.JPEG,0,0,1,0,REAL,2003.7410762161016,292,61
/workspace/benchmarks_ai_research/data/genimage/biggan/imagenet_ai_0419_biggan/val/nature/ILSVRC2012_val_00046875.JPEG,0,1,0,0,REAL,3067.0167449861765,430,100
/workspace/benchmarks_ai_research/data/genimage/biggan/imagenet_ai_0419_biggan/val/nature/ILSVRC2012_val_00041679.JPEG,0,1,0,1,,2575.763624161482,183,100
/workspace/benchmarks_ai_research/data/genimage/biggan/imagenet_ai_0419_biggan/val/nature/ILSVRC2012_val_00012667.JPEG,0,1,0,1,,3854.4822726398706,254,100
/workspace/benchmarks_ai_research/data/genimage/biggan/imagenet_ai_0419_biggan/val/nature/ILSVRC2012_val_00021913.JPEG,0,0,1,1,,2874.3143063038588,273,100
/workspace/benchmarks_ai_research/data/genimage/biggan/imagenet_ai_0419_biggan/val/nature/ILSVRC2012_val_00007205.JPEG,0,1,0,0,REAL,2208.5061073303223,273,72
/workspace/benchmarks_ai_research/data/genimage/biggan/imagenet_ai_0419_biggan/val/nature/ILSVRC2012_val_00015560.JPEG,0,0,1,0,REAL,2265.9189123660326,273,78
/workspace/benchmarks_ai_research/data/genimage/biggan/imagenet_ai_0419_biggan/val/nature/ILSVRC2012_val_00042476.JPEG,0,0,1,0,REAL,2402.0588230341673,292,68
/workspace/benchmarks_ai_research/data/genimage/biggan/imagenet_ai_0419_biggan/val/nature/ILSVRC2012_val_00040241.JPEG,0,0,1,0,REAL,4715.0117587298155,410,79
/workspace/benchmarks_ai_research/data/genimage/biggan/imagenet_ai_0419_biggan/val/nature/ILSVRC2012_val_00039570.JPEG,0,1,0,1,,2827.77146063745,503,100
/workspace/benchmarks_ai_research/data/genimage/biggan/imagenet_ai_0419_biggan/val/nature/ILSVRC2012_val_00017773.JPEG,0,1,0,1,,4274.309815838933,553,100
/workspace/benchmarks_ai_research/data/genimage/biggan/imagenet_ai_0419_biggan/val/nature/ILSVRC2012_val_00038395.JPEG,0,1,0,1,,3008.952459320426,254,100
/workspace/benchmarks_ai_research/data/genimage/biggan/imagenet_ai_0419_biggan/val/nature/ILSVRC2012_val_00033267.JPEG,0,1,0,1,,4200.678613036871,350,100
/workspace/benchmarks_ai_research/data/genimage/biggan/imagenet_ai_0419_biggan/val/nature/ILSVRC2012_val_00021000.JPEG,0,0,1,0,REAL,2161.924421787262,110,69
/workspace/benchmarks_ai_research/data/genimage/biggan/imagenet_ai_0419_biggan/val/nature/ILSVRC2012_val_00026763.JPEG,0,1,0,0,REAL,1918.7934156507254,849,46
/workspace/benchmarks_ai_research/data/genimage/biggan/imagenet_ai_0419_biggan/val/nature/ILSVRC2012_val_00013129.JPEG,0,0,1,0,REAL,4194.8555409908295,339,52
/workspace/benchmarks_ai_research/data/genimage/biggan/imagenet_ai_0419_biggan/val/nature/ILSVRC2012_val_00004273.JPEG,0,1,0,0,REAL,3105.224259197712,273,85
/workspace/benchmarks_ai_research/data/genimage/biggan/imagenet_ai_0419_biggan/val/nature/ILSVRC2012_val_00044054.JPEG,0,1,0,1,,2832.2229627519846,273,100
/workspace/benchmarks_ai_research/data/genimage/biggan/imagenet_ai_0419_biggan/val/nature/ILSVRC2012_val_00004009.JPEG,0,1,0,0,REAL,3037.3631045222282,273,73
/workspace/benchmarks_ai_research/data/genimage/biggan/imagenet_ai_0419_biggan/val/nature/ILSVRC2012_val_00041639.JPEG,0,0,1,1,,3579.03515920043,350,100
/workspace/benchmarks_ai_research/data/genimage/biggan/imagenet_ai_0419_biggan/val/nature/ILSVRC2012_val_00013586.JPEG,0,0,1,0,REAL,2812.057815492153,254,99
/workspace/benchmarks_ai_research/data/genimage/biggan/imagenet_ai_0419_biggan/val/nature/ILSVRC2012_val_00010795.JPEG,0,1,0,1,,4099.53898191452,273,100
/workspace/benchmarks_ai_research/data/genimage/biggan/imagenet_ai_0419_biggan/val/nature/ILSVRC2012_val_00034841.JPEG,0,1,0,0,REAL,2568.059079349041,339,75
/workspace/benchmarks_ai_research/data/genimage/biggan/imagenet_ai_0419_biggan/val/nature/ILSVRC2012_val_00045484.JPEG,0,1,0,0,REAL,3061.329996213317,227,83
/workspace/benchmarks_ai_research/data/genimage/biggan/imagenet_ai_0419_biggan/val/nature/ILSVRC2012_val_00036263.JPEG,0,0,1,0,REAL,2646.82356454432,292,57
/workspace/benchmarks_ai_research/data/genimage/biggan/imagenet_ai_0419_biggan/val/nature/ILSVRC2012_val_00016362.JPEG,0,1,0,1,,4223.519876599312,235,100
/workspace/benchmarks_ai_research/data/genimage/biggan/imagenet_ai_0419_biggan/val/nature/ILSVRC2012_val_00040360.JPEG,0,1,0,1,,3564.0364680439234,273,100
/workspace/benchmarks_ai_research/data/genimage/biggan/imagenet_ai_0419_biggan/val/nature/ILSVRC2012_val_00015181.JPEG,0,1,0,0,REAL,1460.3332672268152,273,47
/workspace/benchmarks_ai_research/data/genimage/biggan/imagenet_ai_0419_biggan/val/nature/ILSVRC2012_val_00037746.JPEG,0,0,1,0,REAL,1945.1837688684464,273,45
/workspace/benchmarks_ai_research/data/genimage/biggan/imagenet_ai_0419_biggan/val/nature/ILSVRC2012_val_00047148.JPEG,0,0,1,0,REAL,1877.0236428827047,311,45
/workspace/benchmarks_ai_research/data/genimage/biggan/imagenet_ai_0419_biggan/val/nature/ILSVRC2012_val_00030361.JPEG,0,1,0,0,REAL,2859.9059265106916,199,93
/workspace/benchmarks_ai_research/data/genimage/biggan/imagenet_ai_0419_biggan/val/nature/ILSVRC2012_val_00039834.JPEG,0,1,0,0,REAL,1433.9775014668703,273,38
/workspace/benchmarks_ai_research/data/genimage/biggan/imagenet_ai_0419_biggan/val/nature/ILSVRC2012_val_00005213.JPEG,0,1,0,0,REAL,4036.6461388766766,273,71
/workspace/benchmarks_ai_research/data/genimage/biggan/imagenet_ai_0419_biggan/val/nature/ILSVRC2012_val_00048443.JPEG,0,1,0,0,REAL,2914.5595375448465,273,77
/workspace/benchmarks_ai_research/data/genimage/biggan/imagenet_ai_0419_biggan/val/nature/ILSVRC2012_val_00031382.JPEG,0,1,0,0,REAL,2299.33956079185,523,45
/workspace/benchmarks_ai_research/data/genimage/biggan/imagenet_ai_0419_biggan/val/nature/ILSVRC2012_val_00036821.JPEG,0,0,1,1,,3777.165872976184,273,100
/workspace/benchmarks_ai_research/data/genimage/biggan/imagenet_ai_0419_biggan/val/nature/ILSVRC2012_val_00048298.JPEG,0,1,0,0,REAL,1716.2528429180384,273,48
/workspace/benchmarks_ai_research/data/genimage/biggan/imagenet_ai_0419_biggan/val/nature/ILSVRC2012_val_00024569.JPEG,0,1,0,0,REAL,1708.0070413649082,254,31
/workspace/benchmarks_ai_research/data/genimage/biggan/imagenet_ai_0419_biggan/val/nature/ILSVRC2012_val_00029660.JPEG,0,1,0,0,REAL,2901.985367760062,254,75
/workspace/benchmarks_ai_research/data/genimage/biggan/imagenet_ai_0419_biggan/val/nature/ILSVRC2012_val_00027702.JPEG,0,1,0,1,,2916.18013381958,119,100
/workspace/benchmarks_ai_research/data/genimage/biggan/imagenet_ai_0419_biggan/val/nature/ILSVRC2012_val_00042436.JPEG,0,0,1,1,,5315.385762602091,273,100
/workspace/benchmarks_ai_research/data/genimage/biggan/imagenet_ai_0419_biggan/val/nature/ILSVRC2012_val_00004946.JPEG,0,1,0,1,,3181.4267951995134,273,100
/workspace/benchmarks_ai_research/data/genimage/biggan/imagenet_ai_0419_biggan/val/nature/ILSVRC2012_val_00016344.JPEG,0,1,0,0,REAL,1804.389275610447,223,58
/workspace/benchmarks_ai_research/data/genimage/biggan/imagenet_ai_0419_biggan/val/nature/ILSVRC2012_val_00046109.JPEG,0,1,0,0,REAL,2431.592185050249,273,76
/workspace/benchmarks_ai_research/data/genimage/biggan/imagenet_ai_0419_biggan/val/nature/ILSVRC2012_val_00017886.JPEG,0,1,0,0,REAL,1664.135130122304,273,47
/workspace/benchmarks_ai_research/data/genimage/biggan/imagenet_ai_0419_biggan/val/nature/ILSVRC2012_val_00011804.JPEG,0,1,0,0,REAL,4236.814489588141,254,57
/workspace/benchmarks_ai_research/data/genimage/biggan/imagenet_ai_0419_biggan/val/nature/ILSVRC2012_val_00039794.JPEG,0,1,0,0,REAL,2262.6746594905853,254,61
/workspace/benchmarks_ai_research/data/genimage/biggan/imagenet_ai_0419_biggan/val/nature/ILSVRC2012_val_00046424.JPEG,0,1,0,0,REAL,2532.5544010847807,273,70
/workspace/benchmarks_ai_research/data/genimage/biggan/imagenet_ai_0419_biggan/val/nature/ILSVRC2012_val_00045698.JPEG,0,1,0,0,REAL,2331.4805906265974,273,72
/workspace/benchmarks_ai_research/data/genimage/biggan/imagenet_ai_0419_biggan/val/nature/ILSVRC2012_val_00000530.JPEG,0,1,0,1,,3588.8415332883596,302,100
/workspace/benchmarks_ai_research/data/genimage/biggan/imagenet_ai_0419_biggan/val/nature/ILSVRC2012_val_00025140.JPEG,0,1,0,0,REAL,2189.7740233689547,194,53
/workspace/benchmarks_ai_research/data/genimage/biggan/imagenet_ai_0419_biggan/val/nature/ILSVRC2012_val_00034229.JPEG,0,1,0,0,REAL,2429.678538814187,465,68
/workspace/benchmarks_ai_research/data/genimage/biggan/imagenet_ai_0419_biggan/val/nature/ILSVRC2012_val_00024638.JPEG,0,0,1,0,REAL,2834.663165733218,273,87
/workspace/benchmarks_ai_research/data/genimage/biggan/imagenet_ai_0419_biggan/val/nature/ILSVRC2012_val_00029388.JPEG,0,1,0,1,,3455.2624970674515,495,100
/workspace/benchmarks_ai_research/data/genimage/biggan/imagenet_ai_0419_biggan/val/nature/ILSVRC2012_val_00037104.JPEG,0,0,1,1,,2659.135488793254,254,100
/workspace/benchmarks_ai_research/data/genimage/biggan/imagenet_ai_0419_biggan/val/nature/ILSVRC2012_val_00024593.JPEG,0,1,0,1,,4190.7225623726845,254,100
/workspace/benchmarks_ai_research/data/genimage/biggan/imagenet_ai_0419_biggan/val/nature/ILSVRC2012_val_00028111.JPEG,0,0,1,0,REAL,2077.647663652897,254,58
/workspace/benchmarks_ai_research/data/genimage/biggan/imagenet_ai_0419_biggan/val/nature/ILSVRC2012_val_00014203.JPEG,0,1,0,0,REAL,2219.163393601775,139,56
/workspace/benchmarks_ai_research/data/genimage/biggan/imagenet_ai_0419_biggan/val/nature/ILSVRC2012_val_00033179.JPEG,0,1,0,0,REAL,2777.6404581964016,227,83
/workspace/benchmarks_ai_research/data/genimage/biggan/imagenet_ai_0419_biggan/val/nature/ILSVRC2012_val_00009327.JPEG,0,1,0,0,REAL,3373.150596395135,887,88
/workspace/benchmarks_ai_research/data/genimage/biggan/imagenet_ai_0419_biggan/val/nature/ILSVRC2012_val_00046761.JPEG,0,1,0,0,REAL,1797.1606254577637,273,37
/workspace/benchmarks_ai_research/data/genimage/biggan/imagenet_ai_0419_biggan/val/nature/ILSVRC2012_val_00018714.JPEG,0,1,0,0,REAL,2698.227621614933,572,95
/workspace/benchmarks_ai_research/data/genimage/biggan/imagenet_ai_0419_biggan/val/nature/ILSVRC2012_val_00004810.JPEG,0,1,0,0,REAL,2377.8639808297157,273,69
/workspace/benchmarks_ai_research/data/genimage/biggan/imagenet_ai_0419_biggan/val/nature/ILSVRC2012_val_00009298.JPEG,0,1,0,1,,3434.904523193836,139,100
/workspace/benchmarks_ai_research/data/genimage/biggan/imagenet_ai_0419_biggan/val/nature/ILSVRC2012_val_00047251.JPEG,0,1,0,1,,2800.880078226328,223,100
/workspace/benchmarks_ai_research/data/genimage/biggan/imagenet_ai_0419_biggan/val/nature/ILSVRC2012_val_00038113.JPEG,0,0,1,1,,5378.82417999208,273,100
/workspace/benchmarks_ai_research/data/genimage/biggan/imagenet_ai_0419_biggan/val/nature/ILSVRC2012_val_00033825.JPEG,0,0,1,1,,3273.9656399935484,350,100
/workspace/benchmarks_ai_research/data/genimage/biggan/imagenet_ai_0419_biggan/val/nature/ILSVRC2012_val_00048617.JPEG,0,1,0,0,REAL,2382.212245836854,273,57
/workspace/benchmarks_ai_research/data/genimage/biggan/imagenet_ai_0419_biggan/val/nature/ILSVRC2012_val_00028258.JPEG,0,0,1,0,REAL,2582.867592573166,273,70
/workspace/benchmarks_ai_research/data/genimage/biggan/imagenet_ai_0419_biggan/val/nature/ILSVRC2012_val_00024198.JPEG,0,1,0,0,REAL,3653.436403721571,403,94
/workspace/benchmarks_ai_research/data/genimage/biggan/imagenet_ai_0419_biggan/val/nature/ILSVRC2012_val_00030901.JPEG,0,1,0,0,REAL,2101.5156656503677,273,55
/workspace/benchmarks_ai_research/data/genimage/biggan/imagenet_ai_0419_biggan/val/nature/ILSVRC2012_val_00010977.JPEG,0,1,0,1,,3013.976691290736,273,100
/workspace/benchmarks_ai_research/data/genimage/biggan/imagenet_ai_0419_biggan/val/nature/ILSVRC2012_val_00001163.JPEG,0,0,1,1,,4092.1785589307547,350,100
/workspace/benchmarks_ai_research/data/genimage/biggan/imagenet_ai_0419_biggan/val/nature/ILSVRC2012_val_00000176.JPEG,0,1,0,0,REAL,4360.138652846217,183,58
/workspace/benchmarks_ai_research/data/genimage/biggan/imagenet_ai_0419_biggan/val/nature/ILSVRC2012_val_00047179.JPEG,0,1,0,0,REAL,2874.0610778331757,254,80
/workspace/benchmarks_ai_research/data/genimage/biggan/imagenet_ai_0419_biggan/val/nature/ILSVRC2012_val_00032316.JPEG,0,0,1,1,,3508.204275742173,350,100
/workspace/benchmarks_ai_research/data/genimage/biggan/imagenet_ai_0419_biggan/val/nature/ILSVRC2012_val_00016766.JPEG,0,1,0,1,,2634.7193270921707,345,100
/workspace/benchmarks_ai_research/data/genimage/biggan/imagenet_ai_0419_biggan/val/nature/ILSVRC2012_val_00009600.JPEG,0,1,0,1,,2929.8937264829874,273,100
/workspace/benchmarks_ai_research/data/genimage/biggan/imagenet_ai_0419_biggan/val/nature/ILSVRC2012_val_00041942.JPEG,0,1,0,0,REAL,2395.0808756053448,273,76
/workspace/benchmarks_ai_research/data/genimage/biggan/imagenet_ai_0419_biggan/val/nature/ILSVRC2012_val_00028926.JPEG,0,1,0,1,,2776.1546969413757,350,100
/workspace/benchmarks_ai_research/data/genimage/biggan/imagenet_ai_0419_biggan/val/nature/ILSVRC2012_val_00017166.JPEG,0,0,1,1,,3697.437148541212,254,100
/workspace/benchmarks_ai_research/data/genimage/biggan/imagenet_ai_0419_biggan/val/nature/ILSVRC2012_val_00032941.JPEG,0,1,0,0,REAL,2119.285639375448,199,61
/workspace/benchmarks_ai_research/data/genimage/biggan/imagenet_ai_0419_biggan/val/nature/ILSVRC2012_val_00023416.JPEG,0,1,0,0,REAL,1960.430582985282,339,54
/workspace/benchmarks_ai_research/data/genimage/biggan/imagenet_ai_0419_biggan/val/nature/ILSVRC2012_val_00025741.JPEG,0,1,0,0,REAL,2827.342003583908,273,98
/workspace/benchmarks_ai_research/data/genimage/biggan/imagenet_ai_0419_biggan/val/nature/ILSVRC2012_val_00033144.JPEG,0,0,1,0,REAL,1992.0433182269335,254,57
/workspace/benchmarks_ai_research/data/genimage/biggan/imagenet_ai_0419_biggan/val/nature/ILSVRC2012_val_00017565.JPEG,0,1,0,0,REAL,2001.8029008060694,273,59
/workspace/benchmarks_ai_research/data/genimage/biggan/imagenet_ai_0419_biggan/val/nature/ILSVRC2012_val_00047223.JPEG,0,0,1,0,REAL,3147.550566121936,53,77
/workspace/benchmarks_ai_research/data/genimage/biggan/imagenet_ai_0419_biggan/val/nature/ILSVRC2012_val_00046137.JPEG,0,0,1,0,REAL,3177.062664180994,650,86
/workspace/benchmarks_ai_research/data/genimage/biggan/imagenet_ai_0419_biggan/val/nature/ILSVRC2012_val_00021903.JPEG,0,1,0,1,,3404.7781508415937,311,100
/workspace/benchmarks_ai_research/data/genimage/biggan/imagenet_ai_0419_biggan/val/nature/ILSVRC2012_val_00019049.JPEG,0,1,0,0,REAL,2074.8448576778173,292,67
/workspace/benchmarks_ai_research/data/genimage/biggan/imagenet_ai_0419_biggan/val/nature/ILSVRC2012_val_00049742.JPEG,0,1,0,0,REAL,2433.6471147835255,273,52
/workspace/benchmarks_ai_research/data/genimage/biggan/imagenet_ai_0419_biggan/val/nature/ILSVRC2012_val_00043580.JPEG,0,1,0,0,REAL,2033.5366446524858,403,64
/workspace/benchmarks_ai_research/data/genimage/biggan/imagenet_ai_0419_biggan/val/nature/ILSVRC2012_val_00041536.JPEG,0,1,0,0,REAL,3881.7923702299595,292,98
/workspace/benchmarks_ai_research/data/genimage/biggan/imagenet_ai_0419_biggan/val/nature/ILSVRC2012_val_00000886.JPEG,0,1,0,0,REAL,2191.3051437586546,273,53
/workspace/benchmarks_ai_research/data/genimage/biggan/imagenet_ai_0419_biggan/val/nature/ILSVRC2012_val_00014075.JPEG,0,1,0,0,REAL,1851.541655138135,403,43
/workspace/benchmarks_ai_research/data/genimage/biggan/imagenet_ai_0419_biggan/val/nature/ILSVRC2012_val_00000838.JPEG,0,1,0,0,REAL,2030.8008883148432,350,73
/workspace/benchmarks_ai_research/data/genimage/biggan/imagenet_ai_0419_biggan/val/nature/ILSVRC2012_val_00003143.JPEG,0,1,0,0,REAL,1909.0084619820118,553,60
/workspace/benchmarks_ai_research/data/genimage/biggan/imagenet_ai_0419_biggan/val/nature/ILSVRC2012_val_00000788.JPEG,0,1,0,1,FAKE,1990.4592707753181,412,68
/workspace/benchmarks_ai_research/data/genimage/biggan/imagenet_ai_0419_biggan/val/nature/ILSVRC2012_val_00039297.JPEG,0,1,0,0,REAL,2466.640604659915,350,60
/workspace/benchmarks_ai_research/data/genimage/biggan/imagenet_ai_0419_biggan/val/nature/ILSVRC2012_val_00020695.JPEG,0,1,0,1,,3478.4402456134558,254,100
/workspace/benchmarks_ai_research/data/genimage/biggan/imagenet_ai_0419_biggan/val/nature/ILSVRC2012_val_00045683.JPEG,0,1,0,0,REAL,2645.926347002387,273,61
/workspace/benchmarks_ai_research/data/genimage/biggan/imagenet_ai_0419_biggan/val/nature/ILSVRC2012_val_00048612.JPEG,0,1,0,0,REAL,3377.5392789393663,311,91
/workspace/benchmarks_ai_research/data/genimage/biggan/imagenet_ai_0419_biggan/val/nature/ILSVRC2012_val_00022149.JPEG,0,0,1,1,,2684.3866519629955,273,100
/workspace/benchmarks_ai_research/data/genimage/biggan/imagenet_ai_0419_biggan/val/nature/ILSVRC2012_val_00026068.JPEG,0,1,0,0,REAL,3267.4915455281734,292,79
/workspace/benchmarks_ai_research/data/genimage/biggan/imagenet_ai_0419_biggan/val/nature/ILSVRC2012_val_00001429.JPEG,0,0,1,1,,2790.856420993805,235,100
/workspace/benchmarks_ai_research/data/genimage/biggan/imagenet_ai_0419_biggan/val/nature/ILSVRC2012_val_00041414.JPEG,0,1,0,0,REAL,3750.6708204746246,273,67
/workspace/benchmarks_ai_research/data/genimage/biggan/imagenet_ai_0419_biggan/val/nature/ILSVRC2012_val_00008296.JPEG,0,1,0,0,REAL,3183.111097663641,273,91
/workspace/benchmarks_ai_research/data/genimage/biggan/imagenet_ai_0419_biggan/val/nature/ILSVRC2012_val_00022860.JPEG,0,1,0,1,,2949.8752895742655,273,100
/workspace/benchmarks_ai_research/data/genimage/biggan/imagenet_ai_0419_biggan/val/nature/ILSVRC2012_val_00007514.JPEG,0,1,0,0,REAL,1724.7212566435337,273,41
/workspace/benchmarks_ai_research/data/genimage/biggan/imagenet_ai_0419_biggan/val/nature/ILSVRC2012_val_00038178.JPEG,0,1,0,1,,4790.047908201814,292,100
/workspace/benchmarks_ai_research/data/genimage/biggan/imagenet_ai_0419_biggan/val/nature/ILSVRC2012_val_00018961.JPEG,0,1,0,0,REAL,2135.5004124343395,273,47
/workspace/benchmarks_ai_research/data/genimage/biggan/imagenet_ai_0419_biggan/val/nature/ILSVRC2012_val_00016009.JPEG,0,1,0,0,REAL,2113.798100501299,273,62
/workspace/benchmarks_ai_research/data/genimage/biggan/imagenet_ai_0419_biggan/val/nature/ILSVRC2012_val_00001299.JPEG,0,1,0,0,REAL,2650.158455595374,273,78
/workspace/benchmarks_ai_research/data/genimage/biggan/imagenet_ai_0419_biggan/val/nature/ILSVRC2012_val_00035406.JPEG,0,0,1,0,REAL,2587.7024959772825,254,86
/workspace/benchmarks_ai_research/data/genimage/biggan/imagenet_ai_0419_biggan/val/nature/ILSVRC2012_val_00032005.JPEG,0,0,1,1,,3180.418135598302,254,100
/workspace/benchmarks_ai_research/data/genimage/biggan/imagenet_ai_0419_biggan/val/nature/ILSVRC2012_val_00005266.JPEG,0,1,0,1,,3901.1521581560373,292,100
/workspace/benchmarks_ai_research/data/genimage/biggan/imagenet_ai_0419_biggan/val/nature/ILSVRC2012_val_00004856.JPEG,0,1,0,0,REAL,1616.746662184596,403,49
/workspace/benchmarks_ai_research/data/genimage/biggan/imagenet_ai_0419_biggan/val/nature/ILSVRC2012_val_00025394.JPEG,0,1,0,0,REAL,2376.8689353019,214,58
/workspace/benchmarks_ai_research/data/genimage/biggan/imagenet_ai_0419_biggan/val/nature/ILSVRC2012_val_00026398.JPEG,0,1,0,1,FAKE,2053.8708213716745,433,89
/workspace/benchmarks_ai_research/data/genimage/biggan/imagenet_ai_0419_biggan/val/nature/ILSVRC2012_val_00030933.JPEG,0,1,0,1,,3080.596635118127,163,100
/workspace/benchmarks_ai_research/data/genimage/biggan/imagenet_ai_0419_biggan/val/nature/ILSVRC2012_val_00025709.JPEG,0,1,0,1,,2984.983356669545,175,100
/workspace/benchmarks_ai_research/data/genimage/biggan/imagenet_ai_0419_biggan/val/nature/ILSVRC2012_val_00041946.JPEG,0,1,0,0,REAL,1953.4732773900032,172,51
/workspace/benchmarks_ai_research/data/genimage/biggan/imagenet_ai_0419_biggan/val/nature/ILSVRC2012_val_00045449.JPEG,0,0,1,1,,4621.774300932884,350,100
/workspace/benchmarks_ai_research/data/genimage/biggan/imagenet_ai_0419_biggan/val/nature/ILSVRC2012_val_00029016.JPEG,0,1,0,0,REAL,4411.557683721185,254,63
/workspace/benchmarks_ai_research/data/genimage/biggan/imagenet_ai_0419_biggan/val/nature/ILSVRC2012_val_00010867.JPEG,0,1,0,0,REAL,1903.9106480777264,311,54
/workspace/benchmarks_ai_research/data/genimage/biggan/imagenet_ai_0419_biggan/val/nature/ILSVRC2012_val_00000959.JPEG,0,1,0,0,REAL,2090.1349131017923,311,64
/workspace/benchmarks_ai_research/data/genimage/biggan/imagenet_ai_0419_biggan/val/nature/ILSVRC2012_val_00016366.JPEG,0,0,1,0,REAL,1796.2826546281576,273,50
/workspace/benchmarks_ai_research/data/genimage/biggan/imagenet_ai_0419_biggan/val/nature/ILSVRC2012_val_00026118.JPEG,0,1,0,0,REAL,2668.0708955973387,292,80
/workspace/benchmarks_ai_research/data/genimage/biggan/imagenet_ai_0419_biggan/val/nature/ILSVRC2012_val_00010932.JPEG,0,0,1,0,REAL,2376.5801414847374,254,66
/workspace/benchmarks_ai_research/data/genimage/biggan/imagenet_ai_0419_biggan/val/nature/ILSVRC2012_val_00034076.JPEG,0,1,0,0,REAL,1504.7486294060946,331,40
/workspace/benchmarks_ai_research/data/genimage/biggan/imagenet_ai_0419_biggan/val/nature/ILSVRC2012_val_00030792.JPEG,0,1,0,0,REAL,2282.282819971442,345,83
/workspace/benchmarks_ai_research/data/genimage/biggan/imagenet_ai_0419_biggan/val/nature/ILSVRC2012_val_00013238.JPEG,0,1,0,0,REAL,2330.8524526655674,280,56
/workspace/benchmarks_ai_research/data/genimage/biggan/imagenet_ai_0419_biggan/val/nature/ILSVRC2012_val_00041706.JPEG,0,1,0,0,REAL,2287.817221134901,273,65
/workspace/benchmarks_ai_research/data/genimage/biggan/imagenet_ai_0419_biggan/val/nature/ILSVRC2012_val_00041785.JPEG,0,0,1,1,,3275.0078812241554,793,100
/workspace/benchmarks_ai_research/data/genimage/biggan/imagenet_ai_0419_biggan/val/nature/ILSVRC2012_val_00018746.JPEG,0,1,0,1,,3393.5049660503864,410,100
/workspace/benchmarks_ai_research/data/genimage/biggan/imagenet_ai_0419_biggan/val/nature/ILSVRC2012_val_00003120.JPEG,0,1,0,1,,2766.367258504033,254,100
/workspace/benchmarks_ai_research/data/genimage/biggan/imagenet_ai_0419_biggan/val/nature/ILSVRC2012_val_00038677.JPEG,0,0,1,0,REAL,2803.6383725702763,254,75
/workspace/benchmarks_ai_research/data/genimage/biggan/imagenet_ai_0419_biggan/val/nature/ILSVRC2012_val_00044425.JPEG,0,1,0,0,REAL,1676.8653467297554,273,44
/workspace/benchmarks_ai_research/data/genimage/biggan/imagenet_ai_0419_biggan/val/nature/ILSVRC2012_val_00030285.JPEG,0,0,1,0,REAL,2410.781776532531,292,73
/workspace/benchmarks_ai_research/data/genimage/biggan/imagenet_ai_0419_biggan/val/nature/ILSVRC2012_val_00034881.JPEG,0,1,0,0,REAL,1829.4713199138641,273,46
/workspace/benchmarks_ai_research/data/genimage/biggan/imagenet_ai_0419_biggan/val/nature/ILSVRC2012_val_00015446.JPEG,0,1,0,1,,3098.025918006897,254,100
/workspace/benchmarks_ai_research/data/genimage/biggan/imagenet_ai_0419_biggan/val/nature/ILSVRC2012_val_00030648.JPEG,0,1,0,1,,2960.4561887681484,273,100
/workspace/benchmarks_ai_research/data/genimage/biggan/imagenet_ai_0419_biggan/val/nature/ILSVRC2012_val_00017235.JPEG,0,1,0,0,REAL,3298.063900321722,350,83
/workspace/benchmarks_ai_research/data/genimage/biggan/imagenet_ai_0419_biggan/val/nature/ILSVRC2012_val_00039385.JPEG,0,1,0,1,,4006.0256961733103,657,100
/workspace/benchmarks_ai_research/data/genimage/biggan/imagenet_ai_0419_biggan/val/nature/ILSVRC2012_val_00016953.JPEG,0,1,0,0,REAL,2301.3538271188736,254,49
/workspace/benchmarks_ai_research/data/genimage/biggan/imagenet_ai_0419_biggan/val/nature/ILSVRC2012_val_00007578.JPEG,0,1,0,0,REAL,2810.2138191461563,107,91
/workspace/benchmarks_ai_research/data/genimage/biggan/imagenet_ai_0419_biggan/val/nature/ILSVRC2012_val_00031296.JPEG,0,1,0,1,,3274.515738710761,223,100
/workspace/benchmarks_ai_research/data/genimage/biggan/imagenet_ai_0419_biggan/val/nature/ILSVRC2012_val_00035705.JPEG,0,0,1,0,REAL,3140.194684267044,350,89
/workspace/benchmarks_ai_research/data/genimage/biggan/imagenet_ai_0419_biggan/val/nature/ILSVRC2012_val_00040385.JPEG,0,1,0,0,REAL,1906.488986685872,241,40
/workspace/benchmarks_ai_research/data/genimage/biggan/imagenet_ai_0419_biggan/val/nature/ILSVRC2012_val_00005474.JPEG,0,1,0,1,,3490.8249769359827,311,100
/workspace/benchmarks_ai_research/data/genimage/biggan/imagenet_ai_0419_biggan/val/nature/ILSVRC2012_val_00032524.JPEG,0,1,0,0,REAL,2431.673899292946,254,90
/workspace/benchmarks_ai_research/data/genimage/biggan/imagenet_ai_0419_biggan/val/nature/ILSVRC2012_val_00014735.JPEG,0,1,0,0,REAL,2611.5944162011147,292,45
/workspace/benchmarks_ai_research/data/genimage/biggan/imagenet_ai_0419_biggan/val/nature/ILSVRC2012_val_00022648.JPEG,0,1,0,1,,2855.6408919394016,273,100
/workspace/benchmarks_ai_research/data/genimage/biggan/imagenet_ai_0419_biggan/val/nature/ILSVRC2012_val_00033880.JPEG,0,0,1,0,REAL,2871.235955506563,254,85
/workspace/benchmarks_ai_research/data/genimage/biggan/imagenet_ai_0419_biggan/val/nature/ILSVRC2012_val_00021074.JPEG,0,1,0,0,REAL,2655.8216735720634,254,77
/workspace/benchmarks_ai_research/data/genimage/biggan/imagenet_ai_0419_biggan/val/nature/ILSVRC2012_val_00030181.JPEG,0,1,0,0,REAL,2132.1458593010902,613,54
/workspace/benchmarks_ai_research/data/genimage/biggan/imagenet_ai_0419_biggan/val/nature/ILSVRC2012_val_00037376.JPEG,0,0,1,0,REAL,2429.208107292652,311,76
/workspace/benchmarks_ai_research/data/genimage/biggan/imagenet_ai_0419_biggan/val/nature/ILSVRC2012_val_00047625.JPEG,0,1,0,1,,3277.9128290712833,313,100
/workspace/benchmarks_ai_research/data/genimage/biggan/imagenet_ai_0419_biggan/val/nature/ILSVRC2012_val_00040443.JPEG,0,1,0,0,REAL,4688.165720552206,964,88
/workspace/benchmarks_ai_research/data/genimage/biggan/imagenet_ai_0419_biggan/val/nature/ILSVRC2012_val_00018150.JPEG,0,0,1,0,REAL,1638.4182497859001,273,55
/workspace/benchmarks_ai_research/data/genimage/biggan/imagenet_ai_0419_biggan/val/nature/ILSVRC2012_val_00038204.JPEG,0,1,0,0,REAL,1771.1308803409338,254,57
/workspace/benchmarks_ai_research/data/genimage/biggan/imagenet_ai_0419_biggan/val/nature/ILSVRC2012_val_00028168.JPEG,0,1,0,0,REAL,2459.6484508365393,273,63
/workspace/benchmarks_ai_research/data/genimage/biggan/imagenet_ai_0419_biggan/val/nature/ILSVRC2012_val_00005145.JPEG,0,1,0,0,REAL,2200.766421854496,254,61
/workspace/benchmarks_ai_research/data/genimage/biggan/imagenet_ai_0419_biggan/val/nature/ILSVRC2012_val_00048416.JPEG,0,1,0,0,REAL,2661.2148974090815,385,67
/workspace/benchmarks_ai_research/data/genimage/biggan/imagenet_ai_0419_biggan/val/nature/ILSVRC2012_val_00036607.JPEG,0,1,0,0,REAL,3486.6290241479874,403,94
/workspace/benchmarks_ai_research/data/genimage/biggan/imagenet_ai_0419_biggan/val/nature/ILSVRC2012_val_00002829.JPEG,0,1,0,1,,3239.5768873393536,350,100
/workspace/benchmarks_ai_research/data/genimage/biggan/imagenet_ai_0419_biggan/val/nature/ILSVRC2012_val_00018977.JPEG,0,1,0,1,,3659.020610153675,273,100
/workspace/benchmarks_ai_research/data/genimage/biggan/imagenet_ai_0419_biggan/val/nature/ILSVRC2012_val_00008647.JPEG,0,1,0,0,REAL,2827.1630853414536,613,78
/workspace/benchmarks_ai_research/data/genimage/biggan/imagenet_ai_0419_biggan/val/nature/ILSVRC2012_val_00002509.JPEG,0,1,0,0,REAL,2021.3031936436892,273,55
/workspace/benchmarks_ai_research/data/genimage/biggan/imagenet_ai_0419_biggan/val/nature/ILSVRC2012_val_00046737.JPEG,0,1,0,0,REAL,2512.0463967323303,273,76
/workspace/benchmarks_ai_research/data/genimage/biggan/imagenet_ai_0419_biggan/val/nature/ILSVRC2012_val_00033616.JPEG,0,1,0,0,REAL,2857.0501301437616,388,83
/workspace/benchmarks_ai_research/data/genimage/biggan/imagenet_ai_0419_biggan/val/nature/ILSVRC2012_val_00018515.JPEG,0,1,0,0,REAL,2090.2606286108494,613,54
/workspace/benchmarks_ai_research/data/genimage/biggan/imagenet_ai_0419_biggan/val/nature/ILSVRC2012_val_00018716.JPEG,0,1,0,1,,2951.8474116921425,273,100
/workspace/benchmarks_ai_research/data/genimage/biggan/imagenet_ai_0419_biggan/val/nature/ILSVRC2012_val_00026009.JPEG,0,1,0,0,REAL,2990.3152119368315,734,100
/workspace/benchmarks_ai_research/data/genimage/biggan/imagenet_ai_0419_biggan/val/nature/ILSVRC2012_val_00046787.JPEG,0,0,1,0,REAL,1895.0876109302044,273,58
/workspace/benchmarks_ai_research/data/genimage/biggan/imagenet_ai_0419_biggan/val/nature/ILSVRC2012_val_00018259.JPEG,0,1,0,1,,4499.153614044189,292,100
/workspace/benchmarks_ai_research/data/genimage/biggan/imagenet_ai_0419_biggan/val/nature/ILSVRC2012_val_00001878.JPEG,0,1,0,0,REAL,4502.7775671333075,849,64
/workspace/benchmarks_ai_research/data/genimage/biggan/imagenet_ai_0419_biggan/val/nature/ILSVRC2012_val_00044188.JPEG,0,1,0,0,REAL,2711.0395058989525,491,73
/workspace/benchmarks_ai_research/data/genimage/biggan/imagenet_ai_0419_biggan/val/nature/ILSVRC2012_val_00040167.JPEG,0,1,0,0,REAL,2391.7129412293434,273,98
/workspace/benchmarks_ai_research/data/genimage/biggan/imagenet_ai_0419_biggan/val/nature/ILSVRC2012_val_00019587.JPEG,0,0,1,1,,2887.698646634817,273,100
/workspace/benchmarks_ai_research/data/genimage/biggan/imagenet_ai_0419_biggan/val/nature/ILSVRC2012_val_00011759.JPEG,0,0,1,1,,3394.4003880023956,273,100
/workspace/benchmarks_ai_research/data/genimage/biggan/imagenet_ai_0419_biggan/val/nature/ILSVRC2012_val_00000101.JPEG,0,1,0,0,REAL,2230.7957373559475,561,76
/workspace/benchmarks_ai_research/data/genimage/biggan/imagenet_ai_0419_biggan/val/nature/ILSVRC2012_val_00034641.JPEG,0,1,0,0,REAL,2682.30414763093,254,73
/workspace/benchmarks_ai_research/data/genimage/biggan/imagenet_ai_0419_biggan/val/nature/ILSVRC2012_val_00030517.JPEG,0,1,0,0,REAL,1988.581033423543,223,54
/workspace/benchmarks_ai_research/data/genimage/biggan/imagenet_ai_0419_biggan/val/nature/ILSVRC2012_val_00041526.JPEG,0,1,0,1,,4131.234662607312,254,100
/workspace/benchmarks_ai_research/data/genimage/biggan/imagenet_ai_0419_biggan/val/nature/ILSVRC2012_val_00044956.JPEG,0,0,1,0,REAL,3446.141665801406,254,97
/workspace/benchmarks_ai_research/data/genimage/biggan/imagenet_ai_0419_biggan/val/nature/ILSVRC2012_val_00006357.JPEG,0,1,0,0,REAL,2539.5756158977747,235,85
/workspace/benchmarks_ai_research/data/genimage/biggan/imagenet_ai_0419_biggan/val/nature/ILSVRC2012_val_00015948.JPEG,0,1,0,0,REAL,2299.008456990123,254,65
/workspace/benchmarks_ai_research/data/genimage/biggan/imagenet_ai_0419_biggan/val/nature/ILSVRC2012_val_00023210.JPEG,0,0,1,0,REAL,1676.26971937716,311,48
/workspace/benchmarks_ai_research/data/genimage/biggan/imagenet_ai_0419_biggan/val/nature/ILSVRC2012_val_00011552.JPEG,0,0,1,1,,3324.1987638175488,350,100
/workspace/benchmarks_ai_research/data/genimage/biggan/imagenet_ai_0419_biggan/val/nature/ILSVRC2012_val_00049692.JPEG,0,1,0,1,,3881.776636466384,254,100
/workspace/benchmarks_ai_research/data/genimage/biggan/imagenet_ai_0419_biggan/val/nature/ILSVRC2012_val_00015995.JPEG,0,1,0,1,,3681.3325323164463,793,100
/workspace/benchmarks_ai_research/data/genimage/biggan/imagenet_ai_0419_biggan/val/nature/ILSVRC2012_val_00041192.JPEG,0,1,0,0,REAL,3126.9700955599546,254,80
/workspace/benchmarks_ai_research/data/genimage/biggan/imagenet_ai_0419_biggan/val/nature/ILSVRC2012_val_00028257.JPEG,0,1,0,0,REAL,3410.9615087509155,199,99
/workspace/benchmarks_ai_research/data/genimage/biggan/imagenet_ai_0419_biggan/val/nature/ILSVRC2012_val_00029932.JPEG,0,0,1,0,REAL,3173.1533631682396,331,82
/workspace/benchmarks_ai_research/data/genimage/biggan/imagenet_ai_0419_biggan/val/nature/ILSVRC2012_val_00039497.JPEG,0,1,0,0,REAL,2988.8215828686953,385,99
/workspace/benchmarks_ai_research/data/genimage/biggan/imagenet_ai_0419_biggan/val/nature/ILSVRC2012_val_00028380.JPEG,0,1,0,0,REAL,1512.6641392707825,273,45
/workspace/benchmarks_ai_research/data/genimage/biggan/imagenet_ai_0419_biggan/val/nature/ILSVRC2012_val_00046303.JPEG,0,1,0,1,,3084.775824099779,273,100
/workspace/benchmarks_ai_research/data/genimage/biggan/imagenet_ai_0419_biggan/val/nature/ILSVRC2012_val_00027718.JPEG,0,1,0,1,,3950.7362376898527,350,100
/workspace/benchmarks_ai_research/data/genimage/biggan/imagenet_ai_0419_biggan/val/nature/ILSVRC2012_val_00026446.JPEG,0,1,0,0,REAL,2058.2669991999865,235,51
/workspace/benchmarks_ai_research/data/genimage/biggan/imagenet_ai_0419_biggan/val/nature/ILSVRC2012_val_00007426.JPEG,0,0,1,0,REAL,2288.2600650191307,476,59
/workspace/benchmarks_ai_research/data/genimage/biggan/imagenet_ai_0419_biggan/val/nature/ILSVRC2012_val_00000665.JPEG,0,1,0,0,REAL,2309.648184105754,254,34
/workspace/benchmarks_ai_research/data/genimage/biggan/imagenet_ai_0419_biggan/val/nature/ILSVRC2012_val_00048997.JPEG,0,1,0,1,,3282.2886370122433,254,100
/workspace/benchmarks_ai_research/data/genimage/biggan/imagenet_ai_0419_biggan/val/nature/ILSVRC2012_val_00039418.JPEG,0,1,0,0,REAL,2497.309047728777,254,67
/workspace/benchmarks_ai_research/data/genimage/biggan/imagenet_ai_0419_biggan/val/nature/ILSVRC2012_val_00023338.JPEG,0,1,0,1,,3781.7121986299753,254,100
/workspace/benchmarks_ai_research/data/genimage/biggan/imagenet_ai_0419_biggan/val/nature/ILSVRC2012_val_00035945.JPEG,0,1,0,0,REAL,2812.8435276448727,715,83
/workspace/benchmarks_ai_research/data/genimage/biggan/imagenet_ai_0419_biggan/val/nature/ILSVRC2012_val_00037487.JPEG,0,1,0,0,REAL,3084.7991425544024,339,72
/workspace/benchmarks_ai_research/data/genimage/biggan/imagenet_ai_0419_biggan/val/nature/ILSVRC2012_val_00009259.JPEG,0,1,0,0,REAL,2499.893955886364,254,72
/workspace/benchmarks_ai_research/data/genimage/biggan/imagenet_ai_0419_biggan/val/nature/ILSVRC2012_val_00016381.JPEG,0,1,0,1,,3968.067178502679,350,100
/workspace/benchmarks_ai_research/data/genimage/biggan/imagenet_ai_0419_biggan/val/nature/ILSVRC2012_val_00043065.JPEG,0,1,0,0,REAL,2390.7988034188747,273,41
/workspace/benchmarks_ai_research/data/genimage/biggan/imagenet_ai_0419_biggan/val/nature/ILSVRC2012_val_00019146.JPEG,0,1,0,0,REAL,2163.215124979615,331,53
/workspace/benchmarks_ai_research/data/genimage/biggan/imagenet_ai_0419_biggan/val/nature/ILSVRC2012_val_00009730.JPEG,0,1,0,0,REAL,3251.2592896819115,196,63
/workspace/benchmarks_ai_research/data/genimage/biggan/imagenet_ai_0419_biggan/val/nature/ILSVRC2012_val_00036762.JPEG,0,1,0,0,REAL,2636.583335697651,273,87
/workspace/benchmarks_ai_research/data/genimage/biggan/imagenet_ai_0419_biggan/val/nature/ILSVRC2012_val_00023386.JPEG,0,1,0,1,,3561.72501295805,101,100
/workspace/benchmarks_ai_research/data/genimage/biggan/imagenet_ai_0419_biggan/val/nature/ILSVRC2012_val_00040901.JPEG,0,1,0,0,REAL,2266.775354743004,273,53
/workspace/benchmarks_ai_research/data/genimage/biggan/imagenet_ai_0419_biggan/val/nature/ILSVRC2012_val_00000767.JPEG,0,1,0,0,REAL,2347.2323790192604,254,62
/workspace/benchmarks_ai_research/data/genimage/biggan/imagenet_ai_0419_biggan/val/nature/ILSVRC2012_val_00025018.JPEG,0,1,0,0,REAL,2899.661000818014,254,52
/workspace/benchmarks_ai_research/data/genimage/biggan/imagenet_ai_0419_biggan/val/nature/ILSVRC2012_val_00029463.JPEG,0,1,0,1,,4131.598863750696,292,100
/workspace/benchmarks_ai_research/data/genimage/biggan/imagenet_ai_0419_biggan/val/nature/ILSVRC2012_val_00014313.JPEG,0,1,0,0,REAL,2027.4922531098127,273,76
/workspace/benchmarks_ai_research/data/genimage/biggan/imagenet_ai_0419_biggan/val/nature/ILSVRC2012_val_00011653.JPEG,0,1,0,1,,3329.5900486409664,362,100
/workspace/benchmarks_ai_research/data/genimage/biggan/imagenet_ai_0419_biggan/val/nature/ILSVRC2012_val_00012614.JPEG,0,1,0,1,,3185.274828225374,403,100
/workspace/benchmarks_ai_research/data/genimage/biggan/imagenet_ai_0419_biggan/val/nature/ILSVRC2012_val_00042589.JPEG,0,1,0,0,REAL,2941.325107589364,254,87
/workspace/benchmarks_ai_research/data/genimage/biggan/imagenet_ai_0419_biggan/val/nature/ILSVRC2012_val_00039169.JPEG,0,1,0,0,REAL,2745.712038129568,331,90
/workspace/benchmarks_ai_research/data/genimage/biggan/imagenet_ai_0419_biggan/val/nature/ILSVRC2012_val_00035741.JPEG,0,1,0,0,REAL,3462.7651777118444,273,66
/workspace/benchmarks_ai_research/data/genimage/biggan/imagenet_ai_0419_biggan/val/nature/ILSVRC2012_val_00020142.JPEG,0,1,0,0,REAL,2736.5876752883196,553,76
/workspace/benchmarks_ai_research/data/genimage/biggan/imagenet_ai_0419_biggan/val/nature/ILSVRC2012_val_00033975.JPEG,0,0,1,1,,3619.722517207265,254,100
/workspace/benchmarks_ai_research/data/genimage/biggan/imagenet_ai_0419_biggan/val/nature/ILSVRC2012_val_00019180.JPEG,0,1,0,0,REAL,2481.800613924861,403,64
/workspace/benchmarks_ai_research/data/genimage/biggan/imagenet_ai_0419_biggan/val/nature/ILSVRC2012_val_00022643.JPEG,0,1,0,0,REAL,2280.203951522708,331,73
/workspace/benchmarks_ai_research/data/genimage/biggan/imagenet_ai_0419_biggan/val/nature/ILSVRC2012_val_00048662.JPEG,0,1,0,0,REAL,6088.236039504409,163,60
/workspace/benchmarks_ai_research/data/genimage/biggan/imagenet_ai_0419_biggan/val/nature/ILSVRC2012_val_00001897.JPEG,0,1,0,0,REAL,1923.8202720880508,273,53
/workspace/benchmarks_ai_research/data/genimage/biggan/imagenet_ai_0419_biggan/val/nature/ILSVRC2012_val_00038738.JPEG,0,1,0,0,REAL,2585.9119221568108,254,71
/workspace/benchmarks_ai_research/data/genimage/biggan/imagenet_ai_0419_biggan/val/nature/ILSVRC2012_val_00036838.JPEG,0,1,0,1,,3364.2195370048285,188,100
/workspace/benchmarks_ai_research/data/genimage/biggan/imagenet_ai_0419_biggan/val/nature/ILSVRC2012_val_00022765.JPEG,0,0,1,0,REAL,3801.663363352418,331,95
/workspace/benchmarks_ai_research/data/genimage/biggan/imagenet_ai_0419_biggan/val/nature/ILSVRC2012_val_00043219.JPEG,0,1,0,0,REAL,3850.6988417357206,278,97
/workspace/benchmarks_ai_research/data/genimage/biggan/imagenet_ai_0419_biggan/val/nature/ILSVRC2012_val_00009348.JPEG,0,1,0,0,REAL,1468.871507793665,273,42
/workspace/benchmarks_ai_research/data/genimage/biggan/imagenet_ai_0419_biggan/val/nature/ILSVRC2012_val_00013830.JPEG,0,1,0,1,,2934.6834998577833,403,100
/workspace/benchmarks_ai_research/data/genimage/biggan/imagenet_ai_0419_biggan/val/nature/ILSVRC2012_val_00020818.JPEG,0,1,0,0,REAL,1836.760027334094,273,71
/workspace/benchmarks_ai_research/data/genimage/biggan/imagenet_ai_0419_biggan/val/nature/ILSVRC2012_val_00027225.JPEG,0,1,0,1,,3179.9254957586527,273,100
/workspace/benchmarks_ai_research/data/genimage/biggan/imagenet_ai_0419_biggan/val/nature/ILSVRC2012_val_00035474.JPEG,0,1,0,0,REAL,2749.389421194792,311,79
/workspace/benchmarks_ai_research/data/genimage/biggan/imagenet_ai_0419_biggan/val/nature/ILSVRC2012_val_00028051.JPEG,0,0,1,0,REAL,1796.4401971548796,273,58
/workspace/benchmarks_ai_research/data/genimage/biggan/imagenet_ai_0419_biggan/val/nature/ILSVRC2012_val_00025758.JPEG,0,0,1,1,,2860.6965988874435,292,100
/workspace/benchmarks_ai_research/data/genimage/biggan/imagenet_ai_0419_biggan/val/nature/ILSVRC2012_val_00000897.JPEG,0,1,0,0,REAL,3326.379884034395,273,96
/workspace/benchmarks_ai_research/data/genimage/biggan/imagenet_ai_0419_biggan/val/nature/ILSVRC2012_val_00038193.JPEG,0,1,0,0,REAL,3322.0430184155703,311,79
/workspace/benchmarks_ai_research/data/genimage/biggan/imagenet_ai_0419_biggan/val/nature/ILSVRC2012_val_00010397.JPEG,0,1,0,0,REAL,3217.032767832279,273,72
/workspace/benchmarks_ai_research/data/genimage/biggan/imagenet_ai_0419_biggan/val/nature/ILSVRC2012_val_00008259.JPEG,0,1,0,0,REAL,2246.171660721302,292,50
/workspace/benchmarks_ai_research/data/genimage/biggan/imagenet_ai_0419_biggan/val/nature/ILSVRC2012_val_00021043.JPEG,0,1,0,1,,3265.946004539728,100,100
/workspace/benchmarks_ai_research/data/genimage/biggan/imagenet_ai_0419_biggan/val/nature/ILSVRC2012_val_00031885.JPEG,0,1,0,0,REAL,3690.511727705598,254,58
/workspace/benchmarks_ai_research/data/genimage/biggan/imagenet_ai_0419_biggan/val/nature/ILSVRC2012_val_00038105.JPEG,0,0,1,0,REAL,2828.28957028687,273,67
/workspace/benchmarks_ai_research/data/genimage/biggan/imagenet_ai_0419_biggan/val/nature/ILSVRC2012_val_00019576.JPEG,0,1,0,0,REAL,2356.0964968055487,254,85
/workspace/benchmarks_ai_research/data/genimage/biggan/imagenet_ai_0419_biggan/val/nature/ILSVRC2012_val_00028460.JPEG,0,0,1,1,,15971.040023490787,388,62
/workspace/benchmarks_ai_research/data/genimage/biggan/imagenet_ai_0419_biggan/val/nature/ILSVRC2012_val_00015157.JPEG,0,1,0,1,,2733.614932745695,302,100
/workspace/benchmarks_ai_research/data/genimage/biggan/imagenet_ai_0419_biggan/val/nature/ILSVRC2012_val_00008221.JPEG,0,0,1,0,REAL,3917.017050087452,331,82
/workspace/benchmarks_ai_research/data/genimage/biggan/imagenet_ai_0419_biggan/val/nature/ILSVRC2012_val_00001797.JPEG,0,0,1,0,REAL,2635.052803903818,273,87
/workspace/benchmarks_ai_research/data/genimage/biggan/imagenet_ai_0419_biggan/val/nature/ILSVRC2012_val_00031158.JPEG,0,1,0,0,REAL,2788.8709474354982,273,76
/workspace/benchmarks_ai_research/data/genimage/biggan/imagenet_ai_0419_biggan/val/nature/ILSVRC2012_val_00009472.JPEG,0,1,0,0,REAL,3171.1882669478655,158,64
/workspace/benchmarks_ai_research/data/genimage/biggan/imagenet_ai_0419_biggan/val/nature/ILSVRC2012_val_00004242.JPEG,0,1,0,0,REAL,3771.8734089285135,273,87
/workspace/benchmarks_ai_research/data/genimage/biggan/imagenet_ai_0419_biggan/val/nature/ILSVRC2012_val_00035119.JPEG,0,0,1,1,,3363.3354902267456,273,100
/workspace/benchmarks_ai_research/data/genimage/biggan/imagenet_ai_0419_biggan/val/nature/ILSVRC2012_val_00041054.JPEG,0,0,1,0,REAL,1707.5111493468285,273,49
/workspace/benchmarks_ai_research/data/genimage/biggan/imagenet_ai_0419_biggan/val/nature/ILSVRC2012_val_00046764.JPEG,0,1,0,1,,3485.298380255699,254,100
/workspace/benchmarks_ai_research/data/genimage/biggan/imagenet_ai_0419_biggan/val/nature/ILSVRC2012_val_00001757.JPEG,0,1,0,0,REAL,2242.692345753312,259,52
/workspace/benchmarks_ai_research/data/genimage/biggan/imagenet_ai_0419_biggan/val/nature/ILSVRC2012_val_00010309.JPEG,0,1,0,0,REAL,4265.375778079033,273,88
/workspace/benchmarks_ai_research/data/genimage/biggan/imagenet_ai_0419_biggan/val/nature/ILSVRC2012_val_00033590.JPEG,0,0,1,0,REAL,2972.632812336087,292,68
/workspace/benchmarks_ai_research/data/genimage/biggan/imagenet_ai_0419_biggan/val/nature/ILSVRC2012_val_00018801.JPEG,0,0,1,1,,4130.169432610273,273,100
/workspace/benchmarks_ai_research/data/genimage/biggan/imagenet_ai_0419_biggan/val/nature/ILSVRC2012_val_00046526.JPEG,0,0,1,1,,2695.4511031508446,583,100
/workspace/benchmarks_ai_research/data/genimage/biggan/imagenet_ai_0419_biggan/val/nature/ILSVRC2012_val_00004107.JPEG,0,0,1,1,,5499.721810221672,215,100
/workspace/benchmarks_ai_research/data/genimage/biggan/imagenet_ai_0419_biggan/val/nature/ILSVRC2012_val_00020619.JPEG,0,0,1,0,REAL,3562.7482421696186,273,71
/workspace/benchmarks_ai_research/data/genimage/biggan/imagenet_ai_0419_biggan/val/nature/ILSVRC2012_val_00006672.JPEG,0,1,0,0,REAL,2478.902220726013,273,90
/workspace/benchmarks_ai_research/data/genimage/biggan/imagenet_ai_0419_biggan/val/nature/ILSVRC2012_val_00021042.JPEG,0,0,1,0,REAL,3353.0524410307407,292,100
/workspace/benchmarks_ai_research/data/genimage/biggan/imagenet_ai_0419_biggan/val/nature/ILSVRC2012_val_00001683.JPEG,0,0,1,0,REAL,4551.412254571915,292,63
/workspace/benchmarks_ai_research/data/genimage/biggan/imagenet_ai_0419_biggan/val/nature/ILSVRC2012_val_00022383.JPEG,0,1,0,1,,3739.612363278866,964,100
/workspace/benchmarks_ai_research/data/genimage/biggan/imagenet_ai_0419_biggan/val/nature/ILSVRC2012_val_00035394.JPEG,0,1,0,0,REAL,1618.1665621697903,339,37
/workspace/benchmarks_ai_research/data/genimage/biggan/imagenet_ai_0419_biggan/val/nature/ILSVRC2012_val_00042605.JPEG,0,1,0,1,,4491.367809474468,254,100
/workspace/benchmarks_ai_research/data/genimage/biggan/imagenet_ai_0419_biggan/val/nature/ILSVRC2012_val_00031175.JPEG,0,1,0,0,REAL,5391.8190356343985,273,69
/workspace/benchmarks_ai_research/data/genimage/biggan/imagenet_ai_0419_biggan/val/nature/ILSVRC2012_val_00049889.JPEG,0,1,0,0,REAL,3106.927704066038,273,71
/workspace/benchmarks_ai_research/data/genimage/biggan/imagenet_ai_0419_biggan/val/nature/ILSVRC2012_val_00036496.JPEG,0,1,0,1,,4986.022157594562,613,100
/workspace/benchmarks_ai_research/data/genimage/biggan/imagenet_ai_0419_biggan/val/nature/ILSVRC2012_val_00001300.JPEG,0,1,0,0,REAL,1568.9102839678526,254,46
/workspace/benchmarks_ai_research/data/genimage/biggan/imagenet_ai_0419_biggan/val/nature/ILSVRC2012_val_00004561.JPEG,0,1,0,1,,3759.5588732510805,177,100
/workspace/benchmarks_ai_research/data/genimage/biggan/imagenet_ai_0419_biggan/val/nature/ILSVRC2012_val_00021558.JPEG,0,1,0,0,REAL,2564.713679254055,254,65
/workspace/benchmarks_ai_research/data/genimage/biggan/imagenet_ai_0419_biggan/val/nature/ILSVRC2012_val_00037948.JPEG,0,1,0,0,REAL,3619.2132607102394,292,91
/workspace/benchmarks_ai_research/data/genimage/biggan/imagenet_ai_0419_biggan/val/nature/ILSVRC2012_val_00006575.JPEG,0,0,1,1,,3437.3004622757435,350,100
/workspace/benchmarks_ai_research/data/genimage/biggan/imagenet_ai_0419_biggan/val/nature/ILSVRC2012_val_00040274.JPEG,0,1,0,0,REAL,3301.5029840171337,273,90
/workspace/benchmarks_ai_research/data/genimage/biggan/imagenet_ai_0419_biggan/val/nature/ILSVRC2012_val_00022754.JPEG,0,1,0,0,REAL,3468.1322015821934,254,49
/workspace/benchmarks_ai_research/data/genimage/biggan/imagenet_ai_0419_biggan/val/nature/ILSVRC2012_val_00019903.JPEG,0,1,0,0,REAL,3289.5629666745663,254,38
/workspace/benchmarks_ai_research/data/genimage/biggan/imagenet_ai_0419_biggan/val/nature/ILSVRC2012_val_00006772.JPEG,0,1,0,1,,4202.343048527837,254,100
/workspace/benchmarks_ai_research/data/genimage/biggan/imagenet_ai_0419_biggan/val/nature/ILSVRC2012_val_00030805.JPEG,0,1,0,0,REAL,2133.066711947322,254,39
/workspace/benchmarks_ai_research/data/genimage/biggan/imagenet_ai_0419_biggan/val/nature/ILSVRC2012_val_00009711.JPEG,0,1,0,0,REAL,2305.67255243659,187,62
/workspace/benchmarks_ai_research/data/genimage/biggan/imagenet_ai_0419_biggan/val/nature/ILSVRC2012_val_00003050.JPEG,0,1,0,0,REAL,3912.1017698198557,254,90
/workspace/benchmarks_ai_research/data/genimage/biggan/imagenet_ai_0419_biggan/val/nature/ILSVRC2012_val_00018940.JPEG,0,1,0,0,REAL,2727.156650274992,273,61
/workspace/benchmarks_ai_research/data/genimage/biggan/imagenet_ai_0419_biggan/val/nature/ILSVRC2012_val_00015265.JPEG,0,1,0,1,,4225.938776507974,254,100
/workspace/benchmarks_ai_research/data/genimage/biggan/imagenet_ai_0419_biggan/val/nature/ILSVRC2012_val_00030790.JPEG,0,1,0,0,REAL,2640.746895223856,273,52
/workspace/benchmarks_ai_research/data/genimage/biggan/imagenet_ai_0419_biggan/val/nature/ILSVRC2012_val_00006162.JPEG,0,1,0,0,REAL,2665.582248941064,259,63
/workspace/benchmarks_ai_research/data/genimage/biggan/imagenet_ai_0419_biggan/val/nature/ILSVRC2012_val_00035030.JPEG,0,1,0,1,,2954.9501556903124,273,100
/workspace/benchmarks_ai_research/data/genimage/biggan/imagenet_ai_0419_biggan/val/nature/ILSVRC2012_val_00028569.JPEG,0,1,0,0,REAL,2887.0856277644634,331,74
/workspace/benchmarks_ai_research/data/genimage/biggan/imagenet_ai_0419_biggan/val/nature/ILSVRC2012_val_00044729.JPEG,0,1,0,0,REAL,3885.6540732085705,273,80
/workspace/benchmarks_ai_research/data/genimage/biggan/imagenet_ai_0419_biggan/val/nature/ILSVRC2012_val_00039147.JPEG,0,1,0,0,REAL,2698.2585694640875,273,40
/workspace/benchmarks_ai_research/data/genimage/biggan/imagenet_ai_0419_biggan/val/nature/ILSVRC2012_val_00019707.JPEG,0,0,1,1,,3010.490793734789,254,100
/workspace/benchmarks_ai_research/data/genimage/biggan/imagenet_ai_0419_biggan/val/nature/ILSVRC2012_val_00034466.JPEG,0,1,0,1,,3454.0874622762203,273,100
/workspace/benchmarks_ai_research/data/genimage/biggan/imagenet_ai_0419_biggan/val/nature/ILSVRC2012_val_00032462.JPEG,0,1,0,0,REAL,3126.5707444399595,254,71
/workspace/benchmarks_ai_research/data/genimage/biggan/imagenet_ai_0419_biggan/val/nature/ILSVRC2012_val_00012347.JPEG,0,1,0,0,REAL,2596.9870667904615,273,65
/workspace/benchmarks_ai_research/data/genimage/biggan/imagenet_ai_0419_biggan/val/nature/ILSVRC2012_val_00041103.JPEG,0,1,0,0,REAL,2776.985924690962,491,67
/workspace/benchmarks_ai_research/data/genimage/biggan/imagenet_ai_0419_biggan/val/nature/ILSVRC2012_val_00045660.JPEG,0,1,0,0,REAL,3864.537699148059,273,80
/workspace/benchmarks_ai_research/data/genimage/biggan/imagenet_ai_0419_biggan/val/nature/ILSVRC2012_val_00038247.JPEG,0,1,0,0,REAL,2746.9030283391476,311,73
/workspace/benchmarks_ai_research/data/genimage/biggan/imagenet_ai_0419_biggan/val/nature/ILSVRC2012_val_00018371.JPEG,0,1,0,1,,4629.375364631414,259,100
/workspace/benchmarks_ai_research/data/genimage/biggan/imagenet_ai_0419_biggan/val/nature/ILSVRC2012_val_00033335.JPEG,0,1,0,0,REAL,2639.7996842861176,254,47
/workspace/benchmarks_ai_research/data/genimage/biggan/imagenet_ai_0419_biggan/val/nature/ILSVRC2012_val_00016213.JPEG,0,1,0,0,REAL,2189.039656892419,273,66
/workspace/benchmarks_ai_research/data/genimage/biggan/imagenet_ai_0419_biggan/val/nature/ILSVRC2012_val_00034768.JPEG,0,1,0,0,REAL,2810.903172940016,385,86
/workspace/benchmarks_ai_research/data/genimage/biggan/imagenet_ai_0419_biggan/val/nature/ILSVRC2012_val_00004055.JPEG,0,1,0,0,REAL,5685.909353196621,350,81
/workspace/benchmarks_ai_research/data/genimage/biggan/imagenet_ai_0419_biggan/val/nature/ILSVRC2012_val_00034394.JPEG,0,1,0,0,REAL,3604.5943405479193,119,94
/workspace/benchmarks_ai_research/data/genimage/biggan/imagenet_ai_0419_biggan/val/nature/ILSVRC2012_val_00018605.JPEG,0,1,0,0,REAL,3200.1159731298685,362,100
/workspace/benchmarks_ai_research/data/genimage/biggan/imagenet_ai_0419_biggan/val/nature/ILSVRC2012_val_00012507.JPEG,0,1,0,0,REAL,2840.259812772274,135,56
/workspace/benchmarks_ai_research/data/genimage/biggan/imagenet_ai_0419_biggan/val/nature/ILSVRC2012_val_00008045.JPEG,0,0,1,1,,4651.76522731781,273,100
/workspace/benchmarks_ai_research/data/genimage/biggan/imagenet_ai_0419_biggan/val/nature/ILSVRC2012_val_00005762.JPEG,0,0,1,1,,5484.258038923144,254,100
/workspace/benchmarks_ai_research/data/genimage/biggan/imagenet_ai_0419_biggan/val/nature/ILSVRC2012_val_00017119.JPEG,0,1,0,0,REAL,3781.205590814352,293,95
/workspace/benchmarks_ai_research/data/genimage/biggan/imagenet_ai_0419_biggan/val/nature/ILSVRC2012_val_00025798.JPEG,0,1,0,0,REAL,2651.596039533615,273,65
/workspace/benchmarks_ai_research/data/genimage/biggan/imagenet_ai_0419_biggan/val/nature/ILSVRC2012_val_00036488.JPEG,0,1,0,1,,3226.0250467807055,339,100
/workspace/benchmarks_ai_research/data/genimage/biggan/imagenet_ai_0419_biggan/val/nature/ILSVRC2012_val_00049314.JPEG,0,1,0,1,,3794.4517880678177,177,100
/workspace/benchmarks_ai_research/data/genimage/biggan/imagenet_ai_0419_biggan/val/nature/ILSVRC2012_val_00038029.JPEG,0,1,0,1,,3365.34121632576,273,100
/workspace/benchmarks_ai_research/data/genimage/biggan/imagenet_ai_0419_biggan/val/nature/ILSVRC2012_val_00039526.JPEG,0,1,0,0,REAL,2768.754879012704,273,80
/workspace/benchmarks_ai_research/data/genimage/biggan/imagenet_ai_0419_biggan/val/nature/ILSVRC2012_val_00028423.JPEG,0,1,0,1,,3660.943215712905,254,100
/workspace/benchmarks_ai_research/data/genimage/biggan/imagenet_ai_0419_biggan/val/nature/ILSVRC2012_val_00039148.JPEG,0,1,0,1,,3611.78020760417,254,100
/workspace/benchmarks_ai_research/data/genimage/biggan/imagenet_ai_0419_biggan/val/nature/ILSVRC2012_val_00021159.JPEG,0,0,1,1,,3061.5809597074986,311,100
/workspace/benchmarks_ai_research/data/genimage/biggan/imagenet_ai_0419_biggan/val/nature/ILSVRC2012_val_00015108.JPEG,0,1,0,1,,3100.23526661098,223,100
/workspace/benchmarks_ai_research/data/genimage/biggan/imagenet_ai_0419_biggan/val/nature/ILSVRC2012_val_00028973.JPEG,0,1,0,1,,3214.117631316185,292,100
/workspace/benchmarks_ai_research/data/genimage/biggan/imagenet_ai_0419_biggan/val/nature/ILSVRC2012_val_00006727.JPEG,0,0,1,0,REAL,3083.5668947547674,254,69
/workspace/benchmarks_ai_research/data/genimage/biggan/imagenet_ai_0419_biggan/val/nature/ILSVRC2012_val_00020745.JPEG,0,0,1,1,,4795.365210622549,259,100
/workspace/benchmarks_ai_research/data/genimage/biggan/imagenet_ai_0419_biggan/val/nature/ILSVRC2012_val_00042444.JPEG,0,1,0,0,REAL,2826.006529852748,273,56
/workspace/benchmarks_ai_research/data/genimage/biggan/imagenet_ai_0419_biggan/val/nature/ILSVRC2012_val_00043263.JPEG,0,1,0,0,REAL,1804.3009545654058,273,50
/workspace/benchmarks_ai_research/data/genimage/biggan/imagenet_ai_0419_biggan/val/nature/ILSVRC2012_val_00005578.JPEG,0,1,0,0,REAL,2551.205098628998,273,68
/workspace/benchmarks_ai_research/data/genimage/biggan/imagenet_ai_0419_biggan/val/nature/ILSVRC2012_val_00041408.JPEG,0,0,1,1,,3665.287159383297,292,100
/workspace/benchmarks_ai_research/data/genimage/biggan/imagenet_ai_0419_biggan/val/nature/ILSVRC2012_val_00022945.JPEG,0,1,0,1,,2933.2730155438185,273,100
/workspace/benchmarks_ai_research/data/genimage/biggan/imagenet_ai_0419_biggan/val/nature/ILSVRC2012_val_00008825.JPEG,0,1,0,1,,3272.8417217731476,523,100
/workspace/benchmarks_ai_research/data/genimage/biggan/imagenet_ai_0419_biggan/val/nature/ILSVRC2012_val_00037470.JPEG,0,1,0,1,,4932.570422068238,350,100
/workspace/benchmarks_ai_research/data/genimage/biggan/imagenet_ai_0419_biggan/val/nature/ILSVRC2012_val_00019293.JPEG,0,1,0,1,,3916.19017906487,734,100
/workspace/benchmarks_ai_research/data/genimage/biggan/imagenet_ai_0419_biggan/val/nature/ILSVRC2012_val_00027561.JPEG,0,1,0,0,REAL,2809.559501707554,273,64
/workspace/benchmarks_ai_research/data/genimage/biggan/imagenet_ai_0419_biggan/val/nature/ILSVRC2012_val_00046017.JPEG,0,1,0,0,REAL,2883.3443000912666,295,86
/workspace/benchmarks_ai_research/data/genimage/biggan/imagenet_ai_0419_biggan/val/nature/ILSVRC2012_val_00034293.JPEG,0,0,1,1,,3120.7314021885395,148,100
/workspace/benchmarks_ai_research/data/genimage/biggan/imagenet_ai_0419_biggan/val/nature/ILSVRC2012_val_00020445.JPEG,0,1,0,1,,3160.348478704691,887,100
/workspace/benchmarks_ai_research/data/genimage/biggan/imagenet_ai_0419_biggan/val/nature/ILSVRC2012_val_00042224.JPEG,0,1,0,0,REAL,2734.4995103776455,273,100
/workspace/benchmarks_ai_research/data/genimage/biggan/imagenet_ai_0419_biggan/val/nature/ILSVRC2012_val_00024270.JPEG,0,1,0,0,REAL,1856.1144135892391,273,47
/workspace/benchmarks_ai_research/data/genimage/biggan/imagenet_ai_0419_biggan/val/nature/ILSVRC2012_val_00030566.JPEG,0,1,0,0,REAL,2631.8445038050413,273,77
/workspace/benchmarks_ai_research/data/genimage/biggan/imagenet_ai_0419_biggan/val/nature/ILSVRC2012_val_00047509.JPEG,0,0,1,1,,6593.577366322279,331,100
/workspace/benchmarks_ai_research/data/genimage/biggan/imagenet_ai_0419_biggan/val/nature/ILSVRC2012_val_00006014.JPEG,0,1,0,0,REAL,3591.934470459819,199,82
/workspace/benchmarks_ai_research/data/genimage/biggan/imagenet_ai_0419_biggan/val/nature/ILSVRC2012_val_00035987.JPEG,0,1,0,1,,5314.404426142573,388,100
/workspace/benchmarks_ai_research/data/genimage/biggan/imagenet_ai_0419_biggan/val/nature/ILSVRC2012_val_00016118.JPEG,0,1,0,1,,3730.505673214793,151,100
/workspace/benchmarks_ai_research/data/genimage/biggan/imagenet_ai_0419_biggan/val/nature/ILSVRC2012_val_00048811.JPEG,0,1,0,0,REAL,2781.686820089817,427,92
/workspace/benchmarks_ai_research/data/genimage/biggan/imagenet_ai_0419_biggan/val/nature/ILSVRC2012_val_00017752.JPEG,0,1,0,0,REAL,2661.513462662697,273,100
/workspace/benchmarks_ai_research/data/genimage/biggan/imagenet_ai_0419_biggan/val/nature/ILSVRC2012_val_00033934.JPEG,0,1,0,0,REAL,2830.299202352762,110,72
/workspace/benchmarks_ai_research/data/genimage/biggan/imagenet_ai_0419_biggan/val/nature/ILSVRC2012_val_00025305.JPEG,0,1,0,0,REAL,2131.4932107925415,273,56
/workspace/benchmarks_ai_research/data/genimage/biggan/imagenet_ai_0419_biggan/val/nature/ILSVRC2012_val_00018393.JPEG,0,1,0,0,REAL,2457.1350552141666,292,67
/workspace/benchmarks_ai_research/data/genimage/biggan/imagenet_ai_0419_biggan/val/nature/ILSVRC2012_val_00037301.JPEG,0,1,0,0,REAL,1630.161164328456,273,47
/workspace/benchmarks_ai_research/data/genimage/biggan/imagenet_ai_0419_biggan/val/nature/ILSVRC2012_val_00044052.JPEG,0,1,0,1,,3535.21441668272,1118,100
/workspace/benchmarks_ai_research/data/genimage/biggan/imagenet_ai_0419_biggan/val/nature/ILSVRC2012_val_00012850.JPEG,0,1,0,0,REAL,2233.2738172262907,355,65
/workspace/benchmarks_ai_research/data/genimage/biggan/imagenet_ai_0419_biggan/val/nature/ILSVRC2012_val_00049045.JPEG,0,1,0,0,REAL,2340.862227603793,254,69
/workspace/benchmarks_ai_research/data/genimage/biggan/imagenet_ai_0419_biggan/val/nature/ILSVRC2012_val_00007733.JPEG,0,1,0,0,REAL,3127.2877734154463,273,45
/workspace/benchmarks_ai_research/data/genimage/biggan/imagenet_ai_0419_biggan/val/nature/ILSVRC2012_val_00028671.JPEG,0,0,1,1,,3461.7110528051853,273,100
/workspace/benchmarks_ai_research/data/genimage/biggan/imagenet_ai_0419_biggan/val/nature/ILSVRC2012_val_00000726.JPEG,0,1,0,0,REAL,2465.5118882656097,223,86
/workspace/benchmarks_ai_research/data/genimage/biggan/imagenet_ai_0419_biggan/val/nature/ILSVRC2012_val_00024141.JPEG,0,1,0,0,REAL,2827.801750972867,613,79
/workspace/benchmarks_ai_research/data/genimage/biggan/imagenet_ai_0419_biggan/val/nature/ILSVRC2012_val_00040437.JPEG,0,1,0,0,REAL,2784.410225227475,403,100
/workspace/benchmarks_ai_research/data/genimage/biggan/imagenet_ai_0419_biggan/val/nature/ILSVRC2012_val_00046823.JPEG,0,1,0,0,REAL,2210.9652515500784,292,68
/workspace/benchmarks_ai_research/data/genimage/biggan/imagenet_ai_0419_biggan/val/nature/ILSVRC2012_val_00039122.JPEG,0,1,0,1,,7923.542182892561,350,100
/workspace/benchmarks_ai_research/data/genimage/biggan/imagenet_ai_0419_biggan/val/nature/ILSVRC2012_val_00013145.JPEG,0,1,0,0,REAL,1536.2137090414762,273,39
/workspace/benchmarks_ai_research/data/genimage/biggan/imagenet_ai_0419_biggan/val/nature/ILSVRC2012_val_00009058.JPEG,0,1,0,0,REAL,2780.94975464046,254,92
/workspace/benchmarks_ai_research/data/genimage/biggan/imagenet_ai_0419_biggan/val/nature/ILSVRC2012_val_00049633.JPEG,0,0,1,1,,2973.7558644264936,273,100
/workspace/benchmarks_ai_research/data/genimage/biggan/imagenet_ai_0419_biggan/val/nature/ILSVRC2012_val_00034379.JPEG,0,1,0,1,,4239.056900143623,93,100
/workspace/benchmarks_ai_research/data/genimage/biggan/imagenet_ai_0419_biggan/val/nature/ILSVRC2012_val_00029497.JPEG,0,1,0,1,,3593.310499563813,311,100
/workspace/benchmarks_ai_research/data/genimage/biggan/imagenet_ai_0419_biggan/val/nature/ILSVRC2012_val_00046651.JPEG,0,1,0,0,REAL,3993.0265322327614,254,89
/workspace/benchmarks_ai_research/data/genimage/biggan/imagenet_ai_0419_biggan/val/nature/ILSVRC2012_val_00039457.JPEG,0,0,1,0,REAL,2943.345557898283,350,92
/workspace/benchmarks_ai_research/data/genimage/biggan/imagenet_ai_0419_biggan/val/nature/ILSVRC2012_val_00006929.JPEG,0,1,0,0,REAL,2664.237964898348,161,86
/workspace/benchmarks_ai_research/data/genimage/biggan/imagenet_ai_0419_biggan/val/nature/ILSVRC2012_val_00035242.JPEG,0,0,1,1,,6447.1546076238155,273,100
/workspace/benchmarks_ai_research/data/genimage/biggan/imagenet_ai_0419_biggan/val/nature/ILSVRC2012_val_00004312.JPEG,0,1,0,0,REAL,3710.2094292640686,734,99
/workspace/benchmarks_ai_research/data/genimage/biggan/imagenet_ai_0419_biggan/val/nature/ILSVRC2012_val_00002589.JPEG,0,0,1,0,REAL,2339.41319398582,254,75
/workspace/benchmarks_ai_research/data/genimage/biggan/imagenet_ai_0419_biggan/val/nature/ILSVRC2012_val_00037783.JPEG,0,1,0,1,,3374.449407681823,412,100
/workspace/benchmarks_ai_research/data/genimage/biggan/imagenet_ai_0419_biggan/val/nature/ILSVRC2012_val_00046866.JPEG,0,1,0,0,REAL,3576.825723052025,887,74
/workspace/benchmarks_ai_research/data/genimage/biggan/imagenet_ai_0419_biggan/val/nature/ILSVRC2012_val_00034403.JPEG,0,1,0,1,,3052.0855356007814,129,100
/workspace/benchmarks_ai_research/data/genimage/biggan/imagenet_ai_0419_biggan/val/nature/ILSVRC2012_val_00043648.JPEG,0,1,0,0,REAL,2107.398994266987,385,53
/workspace/benchmarks_ai_research/data/genimage/biggan/imagenet_ai_0419_biggan/val/nature/ILSVRC2012_val_00032244.JPEG,0,0,1,0,REAL,2165.517231449485,964,63
/workspace/benchmarks_ai_research/data/genimage/biggan/imagenet_ai_0419_biggan/val/nature/ILSVRC2012_val_00007774.JPEG,0,1,0,0,REAL,2188.918624073267,259,58
/workspace/benchmarks_ai_research/data/genimage/biggan/imagenet_ai_0419_biggan/val/nature/ILSVRC2012_val_00007242.JPEG,0,0,1,0,REAL,3258.941540494561,292,74
/workspace/benchmarks_ai_research/data/genimage/biggan/imagenet_ai_0419_biggan/val/nature/ILSVRC2012_val_00002050.JPEG,0,0,1,0,REAL,2138.559555634856,273,60
/workspace/benchmarks_ai_research/data/genimage/biggan/imagenet_ai_0419_biggan/val/nature/ILSVRC2012_val_00027763.JPEG,0,1,0,0,REAL,11069.24695149064,273,56
/workspace/benchmarks_ai_research/data/genimage/biggan/imagenet_ai_0419_biggan/val/nature/ILSVRC2012_val_00037048.JPEG,0,1,0,1,,2741.5079660713673,273,100
/workspace/benchmarks_ai_research/data/genimage/biggan/imagenet_ai_0419_biggan/val/nature/ILSVRC2012_val_00028007.JPEG,0,0,1,0,REAL,3224.784854799509,292,81
/workspace/benchmarks_ai_research/data/genimage/biggan/imagenet_ai_0419_biggan/val/nature/ILSVRC2012_val_00046503.JPEG,0,1,0,0,REAL,2420.2508814632893,273,50
/workspace/benchmarks_ai_research/data/genimage/biggan/imagenet_ai_0419_biggan/val/nature/ILSVRC2012_val_00027075.JPEG,0,1,0,1,,3785.298001021147,254,100
/workspace/benchmarks_ai_research/data/genimage/biggan/imagenet_ai_0419_biggan/val/nature/ILSVRC2012_val_00014437.JPEG,0,1,0,0,REAL,2046.2571643292904,254,66
/workspace/benchmarks_ai_research/data/genimage/biggan/imagenet_ai_0419_biggan/val/nature/ILSVRC2012_val_00048243.JPEG,0,1,0,0,REAL,2304.986923933029,292,64
/workspace/benchmarks_ai_research/data/genimage/biggan/imagenet_ai_0419_biggan/val/nature/ILSVRC2012_val_00015054.JPEG,0,1,0,0,REAL,2356.874119490385,273,65
/workspace/benchmarks_ai_research/data/genimage/biggan/imagenet_ai_0419_biggan/val/nature/ILSVRC2012_val_00046828.JPEG,0,1,0,0,REAL,2411.996180191636,799,65
/workspace/benchmarks_ai_research/data/genimage/biggan/imagenet_ai_0419_biggan/val/nature/ILSVRC2012_val_00003873.JPEG,0,1,0,0,REAL,1636.7041319608688,273,47
/workspace/benchmarks_ai_research/data/genimage/biggan/imagenet_ai_0419_biggan/val/nature/ILSVRC2012_val_00039348.JPEG,0,0,1,1,,3622.39190004766,254,100
/workspace/benchmarks_ai_research/data/genimage/biggan/imagenet_ai_0419_biggan/val/nature/ILSVRC2012_val_00002717.JPEG,0,1,0,0,REAL,2473.5678508877754,254,80
/workspace/benchmarks_ai_research/data/genimage/biggan/imagenet_ai_0419_biggan/val/nature/ILSVRC2012_val_00012266.JPEG,0,1,0,0,REAL,2617.5928004086018,254,74
/workspace/benchmarks_ai_research/data/genimage/biggan/imagenet_ai_0419_biggan/val/nature/ILSVRC2012_val_00035475.JPEG,0,1,0,1,,2867.800757288933,205,100
/workspace/benchmarks_ai_research/data/genimage/biggan/imagenet_ai_0419_biggan/val/nature/ILSVRC2012_val_00014010.JPEG,0,1,0,1,,2872.7400060743093,425,100
/workspace/benchmarks_ai_research/data/genimage/biggan/imagenet_ai_0419_biggan/val/nature/ILSVRC2012_val_00042025.JPEG,0,0,1,0,REAL,2115.7505121082067,254,50
/workspace/benchmarks_ai_research/data/genimage/biggan/imagenet_ai_0419_biggan/val/nature/ILSVRC2012_val_00043575.JPEG,0,1,0,0,REAL,3102.8121653944254,273,47
/workspace/benchmarks_ai_research/data/genimage/biggan/imagenet_ai_0419_biggan/val/nature/ILSVRC2012_val_00031577.JPEG,0,1,0,0,REAL,3076.38980448246,273,85
/workspace/benchmarks_ai_research/data/genimage/biggan/imagenet_ai_0419_biggan/val/nature/ILSVRC2012_val_00040325.JPEG,0,1,0,0,REAL,3035.021895542741,254,77
/workspace/benchmarks_ai_research/data/genimage/biggan/imagenet_ai_0419_biggan/val/nature/ILSVRC2012_val_00016903.JPEG,0,1,0,1,,2615.615140646696,273,100
/workspace/benchmarks_ai_research/data/genimage/biggan/imagenet_ai_0419_biggan/val/nature/ILSVRC2012_val_00006110.JPEG,0,1,0,0,REAL,2803.2250218093395,292,94
/workspace/benchmarks_ai_research/data/genimage/biggan/imagenet_ai_0419_biggan/val/nature/ILSVRC2012_val_00003815.JPEG,0,0,1,1,FAKE,2560.621663928032,323,64
/workspace/benchmarks_ai_research/data/genimage/biggan/imagenet_ai_0419_biggan/val/nature/ILSVRC2012_val_00012851.JPEG,0,1,0,0,REAL,3351.1061687022448,350,79
/workspace/benchmarks_ai_research/data/genimage/biggan/imagenet_ai_0419_biggan/val/nature/ILSVRC2012_val_00016686.JPEG,0,1,0,0,REAL,10335.168419405818,273,50
/workspace/benchmarks_ai_research/data/genimage/biggan/imagenet_ai_0419_biggan/val/nature/ILSVRC2012_val_00010075.JPEG,0,1,0,0,REAL,3457.741130143404,214,78
/workspace/benchmarks_ai_research/data/genimage/biggan/imagenet_ai_0419_biggan/val/nature/ILSVRC2012_val_00033309.JPEG,0,1,0,0,REAL,2356.5768767148256,273,80
/workspace/benchmarks_ai_research/data/genimage/biggan/imagenet_ai_0419_biggan/val/nature/ILSVRC2012_val_00029481.JPEG,0,1,0,1,,3707.5443044304848,254,100
/workspace/benchmarks_ai_research/data/genimage/biggan/imagenet_ai_0419_biggan/val/nature/ILSVRC2012_val_00025464.JPEG,0,1,0,1,FAKE,2639.254866167903,259,90
/workspace/benchmarks_ai_research/data/genimage/biggan/imagenet_ai_0419_biggan/val/nature/ILSVRC2012_val_00046018.JPEG,0,0,1,1,,3671.9705183058977,273,100
/workspace/benchmarks_ai_research/data/genimage/biggan/imagenet_ai_0419_biggan/val/nature/ILSVRC2012_val_00046077.JPEG,0,1,0,0,REAL,2165.2688439935446,273,52
/workspace/benchmarks_ai_research/data/genimage/biggan/imagenet_ai_0419_biggan/val/nature/ILSVRC2012_val_00024121.JPEG,0,0,1,0,REAL,2822.1532721072435,273,86
/workspace/benchmarks_ai_research/data/genimage/biggan/imagenet_ai_0419_biggan/val/nature/ILSVRC2012_val_00007182.JPEG,0,1,0,0,REAL,2116.401979699731,439,50
/workspace/benchmarks_ai_research/data/genimage/biggan/imagenet_ai_0419_biggan/val/nature/ILSVRC2012_val_00028000.JPEG,0,1,0,1,,3449.8571697622538,273,100
/workspace/benchmarks_ai_research/data/genimage/biggan/imagenet_ai_0419_biggan/val/nature/ILSVRC2012_val_00043153.JPEG,0,1,0,0,REAL,3673.1392331421375,430,89
/workspace/benchmarks_ai_research/data/genimage/biggan/imagenet_ai_0419_biggan/val/nature/ILSVRC2012_val_00024424.JPEG,0,1,0,1,,4860.306095331907,350,100
/workspace/benchmarks_ai_research/data/genimage/biggan/imagenet_ai_0419_biggan/val/nature/ILSVRC2012_val_00026777.JPEG,0,1,0,0,REAL,2066.3626175373793,964,72
/workspace/benchmarks_ai_research/data/genimage/biggan/imagenet_ai_0419_biggan/val/nature/ILSVRC2012_val_00008839.JPEG,0,1,0,0,REAL,1615.8151514828205,273,42
/workspace/benchmarks_ai_research/data/genimage/biggan/imagenet_ai_0419_biggan/val/nature/ILSVRC2012_val_00020246.JPEG,0,1,0,0,REAL,3060.807852074504,385,86
/workspace/benchmarks_ai_research/data/genimage/biggan/imagenet_ai_0419_biggan/val/nature/ILSVRC2012_val_00049050.JPEG,0,0,1,0,REAL,2908.1156961619854,273,92
/workspace/benchmarks_ai_research/data/genimage/biggan/imagenet_ai_0419_biggan/val/nature/ILSVRC2012_val_00048879.JPEG,0,1,0,0,REAL,4443.915305659175,273,49
/workspace/benchmarks_ai_research/data/genimage/biggan/imagenet_ai_0419_biggan/val/nature/ILSVRC2012_val_00017931.JPEG,0,0,1,0,REAL,2507.6058469712734,331,68
/workspace/benchmarks_ai_research/data/genimage/biggan/imagenet_ai_0419_biggan/val/nature/ILSVRC2012_val_00042127.JPEG,0,1,0,1,,3594.8142874985933,311,100
/workspace/benchmarks_ai_research/data/genimage/biggan/imagenet_ai_0419_biggan/val/nature/ILSVRC2012_val_00028493.JPEG,0,1,0,0,REAL,2339.3119517713785,254,56
/workspace/benchmarks_ai_research/data/genimage/biggan/imagenet_ai_0419_biggan/val/nature/ILSVRC2012_val_00023224.JPEG,0,1,0,0,REAL,3367.2666121274233,273,95
/workspace/benchmarks_ai_research/data/genimage/biggan/imagenet_ai_0419_biggan/val/nature/ILSVRC2012_val_00014991.JPEG,0,1,0,0,REAL,3172.034392133355,331,95
/workspace/benchmarks_ai_research/data/genimage/biggan/imagenet_ai_0419_biggan/val/nature/ILSVRC2012_val_00031487.JPEG,0,1,0,1,,2624.8824186623096,254,100
/workspace/benchmarks_ai_research/data/genimage/biggan/imagenet_ai_0419_biggan/val/nature/ILSVRC2012_val_00035750.JPEG,0,1,0,1,,3546.3620871305466,273,100
/workspace/benchmarks_ai_research/data/genimage/biggan/imagenet_ai_0419_biggan/val/nature/ILSVRC2012_val_00005552.JPEG,0,1,0,0,REAL,2862.3272869735956,311,80
/workspace/benchmarks_ai_research/data/genimage/biggan/imagenet_ai_0419_biggan/val/nature/ILSVRC2012_val_00030059.JPEG,0,1,0,1,,3479.079231619835,273,100
/workspace/benchmarks_ai_research/data/genimage/biggan/imagenet_ai_0419_biggan/val/nature/ILSVRC2012_val_00042656.JPEG,0,0,1,0,REAL,3337.8784712404013,254,68
/workspace/benchmarks_ai_research/data/genimage/biggan/imagenet_ai_0419_biggan/val/nature/ILSVRC2012_val_00015689.JPEG,0,0,1,1,,3443.541718646884,273,100
/workspace/benchmarks_ai_research/data/genimage/biggan/imagenet_ai_0419_biggan/val/nature/ILSVRC2012_val_00047919.JPEG,0,0,1,1,,3149.057487025857,277,100
/workspace/benchmarks_ai_research/data/genimage/biggan/imagenet_ai_0419_biggan/val/nature/ILSVRC2012_val_00009975.JPEG,0,1,0,0,REAL,2378.718366846442,254,56
/workspace/benchmarks_ai_research/data/genimage/biggan/imagenet_ai_0419_biggan/val/nature/ILSVRC2012_val_00017517.JPEG,0,0,1,1,FAKE,1628.0762981623411,567,64
/workspace/benchmarks_ai_research/data/genimage/biggan/imagenet_ai_0419_biggan/val/nature/ILSVRC2012_val_00033443.JPEG,0,0,1,0,REAL,1575.4538103938103,273,52
/workspace/benchmarks_ai_research/data/genimage/biggan/imagenet_ai_0419_biggan/val/nature/ILSVRC2012_val_00046804.JPEG,0,1,0,0,REAL,1785.4363564401865,273,44
/workspace/benchmarks_ai_research/data/genimage/biggan/imagenet_ai_0419_biggan/val/nature/ILSVRC2012_val_00029163.JPEG,0,1,0,0,REAL,2116.961318999529,172,64
/workspace/benchmarks_ai_research/data/genimage/biggan/imagenet_ai_0419_biggan/val/nature/ILSVRC2012_val_00043619.JPEG,0,1,0,0,REAL,2551.369283348322,407,82
/workspace/benchmarks_ai_research/data/genimage/biggan/imagenet_ai_0419_biggan/val/nature/ILSVRC2012_val_00041363.JPEG,0,1,0,1,,2610.327148810029,100,100
/workspace/benchmarks_ai_research/data/genimage/biggan/imagenet_ai_0419_biggan/val/nature/ILSVRC2012_val_00041727.JPEG,0,1,0,0,REAL,3842.810895293951,273,98
/workspace/benchmarks_ai_research/data/genimage/biggan/imagenet_ai_0419_biggan/val/nature/ILSVRC2012_val_00009657.JPEG,0,1,0,0,REAL,2431.4143396914005,370,65
/workspace/benchmarks_ai_research/data/genimage/biggan/imagenet_ai_0419_biggan/val/nature/ILSVRC2012_val_00023146.JPEG,0,0,1,0,REAL,1962.4530766159296,273,56
/workspace/benchmarks_ai_research/data/genimage/biggan/imagenet_ai_0419_biggan/val/nature/ILSVRC2012_val_00023927.JPEG,0,1,0,0,REAL,1934.3657065182924,188,62
/workspace/benchmarks_ai_research/data/genimage/biggan/imagenet_ai_0419_biggan/val/nature/ILSVRC2012_val_00010890.JPEG,0,1,0,0,REAL,2465.6799640506506,273,78
/workspace/benchmarks_ai_research/data/genimage/biggan/imagenet_ai_0419_biggan/val/nature/ILSVRC2012_val_00025618.JPEG,0,1,0,0,REAL,2599.666455760598,273,81
/workspace/benchmarks_ai_research/data/genimage/biggan/imagenet_ai_0419_biggan/val/nature/ILSVRC2012_val_00049595.JPEG,0,1,0,1,,3263.2911037653685,292,100
/workspace/benchmarks_ai_research/data/genimage/biggan/imagenet_ai_0419_biggan/val/nature/ILSVRC2012_val_00021164.JPEG,0,1,0,0,REAL,2076.0613344609737,273,78
/workspace/benchmarks_ai_research/data/genimage/biggan/imagenet_ai_0419_biggan/val/nature/ILSVRC2012_val_00012474.JPEG,0,1,0,1,,4229.646101593971,261,100
/workspace/benchmarks_ai_research/data/genimage/biggan/imagenet_ai_0419_biggan/val/nature/ILSVRC2012_val_00041360.JPEG,0,1,0,0,REAL,2554.887890815735,227,64
/workspace/benchmarks_ai_research/data/genimage/biggan/imagenet_ai_0419_biggan/val/nature/ILSVRC2012_val_00003443.JPEG,0,1,0,0,REAL,2141.259368509054,273,45
/workspace/benchmarks_ai_research/data/genimage/biggan/imagenet_ai_0419_biggan/val/nature/ILSVRC2012_val_00044262.JPEG,0,1,0,0,REAL,2435.1816792041063,254,77
/workspace/benchmarks_ai_research/data/genimage/biggan/imagenet_ai_0419_biggan/val/nature/ILSVRC2012_val_00016900.JPEG,0,1,0,1,,5123.3093328773975,273,100
/workspace/benchmarks_ai_research/data/genimage/biggan/imagenet_ai_0419_biggan/val/nature/ILSVRC2012_val_00026493.JPEG,0,1,0,0,REAL,2789.290076121688,254,91
/workspace/benchmarks_ai_research/data/genimage/biggan/imagenet_ai_0419_biggan/val/nature/ILSVRC2012_val_00026154.JPEG,0,1,0,0,REAL,1606.57611861825,273,43
/workspace/benchmarks_ai_research/data/genimage/biggan/imagenet_ai_0419_biggan/val/nature/ILSVRC2012_val_00026242.JPEG,0,1,0,0,REAL,2388.363467529416,254,55
/workspace/benchmarks_ai_research/data/genimage/biggan/imagenet_ai_0419_biggan/val/nature/ILSVRC2012_val_00041368.JPEG,0,1,0,1,,3315.2385745197535,183,100
/workspace/benchmarks_ai_research/data/genimage/biggan/imagenet_ai_0419_biggan/val/nature/ILSVRC2012_val_00017325.JPEG,0,1,0,0,REAL,3715.7295178622007,135,73
/workspace/benchmarks_ai_research/data/genimage/biggan/imagenet_ai_0419_biggan/val/nature/ILSVRC2012_val_00003543.JPEG,0,1,0,0,REAL,2967.7590373903513,964,97
/workspace/benchmarks_ai_research/data/genimage/biggan/imagenet_ai_0419_biggan/val/nature/ILSVRC2012_val_00020119.JPEG,0,1,0,1,,3208.3099894225597,211,100
/workspace/benchmarks_ai_research/data/genimage/biggan/imagenet_ai_0419_biggan/val/ai/030_biggan_00127.png,1,0,1,1,,3044.60995644331,62,100
/workspace/benchmarks_ai_research/data/genimage/biggan/imagenet_ai_0419_biggan/val/ai/742_biggan_00020.png,1,0,1,1,,3347.0963537693024,62,100
/workspace/benchmarks_ai_research/data/genimage/biggan/imagenet_ai_0419_biggan/val/ai/752_biggan_00074.png,1,0,1,1,,2379.638258367777,62,100
/workspace/benchmarks_ai_research/data/genimage/biggan/imagenet_ai_0419_biggan/val/ai/521_biggan_00143.png,1,0,1,1,,3267.305279150605,62,100
/workspace/benchmarks_ai_research/data/genimage/biggan/imagenet_ai_0419_biggan/val/ai/761_biggan_00035.png,1,0,1,1,,2721.339786425233,62,100
/workspace/benchmarks_ai_research/data/genimage/biggan/imagenet_ai_0419_biggan/val/ai/374_biggan_00143.png,1,0,1,0,REAL,3011.9872745126486,62,95
/workspace/benchmarks_ai_research/data/genimage/biggan/imagenet_ai_0419_biggan/val/ai/404_biggan_00074.png,1,0,1,1,,2845.1608568429947,62,100
/workspace/benchmarks_ai_research/data/genimage/biggan/imagenet_ai_0419_biggan/val/ai/763_biggan_00020.png,1,0,1,1,,4718.237372115254,62,100
/workspace/benchmarks_ai_research/data/genimage/biggan/imagenet_ai_0419_biggan/val/ai/835_biggan_00035.png,1,0,1,1,,2598.7136494368315,62,100
/workspace/benchmarks_ai_research/data/genimage/biggan/imagenet_ai_0419_biggan/val/ai/195_biggan_00039.png,1,0,1,1,,3107.981815934181,62,100
/workspace/benchmarks_ai_research/data/genimage/biggan/imagenet_ai_0419_biggan/val/ai/981_biggan_00039.png,1,0,1,1,,3397.759458050132,62,100
/workspace/benchmarks_ai_research/data/genimage/biggan/imagenet_ai_0419_biggan/val/ai/993_biggan_00143.png,1,0,1,1,,3267.1912126243114,62,100
/workspace/benchmarks_ai_research/data/genimage/biggan/imagenet_ai_0419_biggan/val/ai/850_biggan_00039.png,1,0,1,1,,3154.6360552310944,62,100
/workspace/benchmarks_ai_research/data/genimage/biggan/imagenet_ai_0419_biggan/val/ai/035_biggan_00143.png,1,0,1,1,,2641.4941139519215,62,100
/workspace/benchmarks_ai_research/data/genimage/biggan/imagenet_ai_0419_biggan/val/ai/748_biggan_00074.png,1,0,1,1,,2818.71734559536,62,100
/workspace/benchmarks_ai_research/data/genimage/biggan/imagenet_ai_0419_biggan/val/ai/171_biggan_00143.png,1,0,1,0,REAL,4272.7830074727535,62,100
/workspace/benchmarks_ai_research/data/genimage/biggan/imagenet_ai_0419_biggan/val/ai/817_biggan_00074.png,1,0,1,1,,2638.2536087185144,62,100
/workspace/benchmarks_ai_research/data/genimage/biggan/imagenet_ai_0419_biggan/val/ai/177_biggan_00127.png,1,0,1,1,,3186.476282775402,62,100
/workspace/benchmarks_ai_research/data/genimage/biggan/imagenet_ai_0419_biggan/val/ai/563_biggan_00035.png,1,0,1,1,,2423.870373517275,62,100
/workspace/benchmarks_ai_research/data/genimage/biggan/imagenet_ai_0419_biggan/val/ai/687_biggan_00074.png,1,0,1,1,,2482.560256496072,62,100
/workspace/benchmarks_ai_research/data/genimage/biggan/imagenet_ai_0419_biggan/val/ai/463_biggan_00143.png,1,0,1,1,,2982.6284665614367,62,100
/workspace/benchmarks_ai_research/data/genimage/biggan/imagenet_ai_0419_biggan/val/ai/563_biggan_00127.png,1,0,1,1,,2683.3212058991194,62,100
/workspace/benchmarks_ai_research/data/genimage/biggan/imagenet_ai_0419_biggan/val/ai/598_biggan_00143.png,1,0,1,0,REAL,2991.3818165659904,62,99
/workspace/benchmarks_ai_research/data/genimage/biggan/imagenet_ai_0419_biggan/val/ai/122_biggan_00127.png,1,0,1,1,,2721.195163205266,62,100
/workspace/benchmarks_ai_research/data/genimage/biggan/imagenet_ai_0419_biggan/val/ai/546_biggan_00020.png,1,0,1,1,,3107.454251497984,62,100
/workspace/benchmarks_ai_research/data/genimage/biggan/imagenet_ai_0419_biggan/val/ai/765_biggan_00074.png,1,0,1,1,,2523.976609110832,62,100
/workspace/benchmarks_ai_research/data/genimage/biggan/imagenet_ai_0419_biggan/val/ai/597_biggan_00039.png,1,0,1,1,,2555.848764255643,62,100
/workspace/benchmarks_ai_research/data/genimage/biggan/imagenet_ai_0419_biggan/val/ai/425_biggan_00143.png,1,0,1,1,,2806.6125623881817,62,100
/workspace/benchmarks_ai_research/data/genimage/biggan/imagenet_ai_0419_biggan/val/ai/787_biggan_00074.png,1,0,1,1,,2502.9409918934107,62,100
/workspace/benchmarks_ai_research/data/genimage/biggan/imagenet_ai_0419_biggan/val/ai/876_biggan_00127.png,1,0,1,1,,2850.9352896362543,62,100
/workspace/benchmarks_ai_research/data/genimage/biggan/imagenet_ai_0419_biggan/val/ai/254_biggan_00039.png,1,0,1,0,REAL,3069.168411195278,62,99
/workspace/benchmarks_ai_research/data/genimage/biggan/imagenet_ai_0419_biggan/val/ai/538_biggan_00035.png,1,0,1,1,,2325.3181874752045,62,100
/workspace/benchmarks_ai_research/data/genimage/biggan/imagenet_ai_0419_biggan/val/ai/248_biggan_00020.png,1,0,1,1,,2979.67242076993,62,100
/workspace/benchmarks_ai_research/data/genimage/biggan/imagenet_ai_0419_biggan/val/ai/408_biggan_00035.png,1,0,1,1,,3173.384502530098,62,100
/workspace/benchmarks_ai_research/data/genimage/biggan/imagenet_ai_0419_biggan/val/ai/590_biggan_00143.png,1,0,1,1,,2819.2143347114325,62,100
/workspace/benchmarks_ai_research/data/genimage/biggan/imagenet_ai_0419_biggan/val/ai/684_biggan_00039.png,1,0,1,1,,4123.1542732566595,62,100
/workspace/benchmarks_ai_research/data/genimage/biggan/imagenet_ai_0419_biggan/val/ai/628_biggan_00074.png,1,0,1,1,,3297.7835051715374,62,100
/workspace/benchmarks_ai_research/data/genimage/biggan/imagenet_ai_0419_biggan/val/ai/499_biggan_00127.png,1,0,1,1,,2842.3583544790745,62,100
/workspace/benchmarks_ai_research/data/genimage/biggan/imagenet_ai_0419_biggan/val/ai/636_biggan_00035.png,1,0,1,1,,3024.1027157753706,62,100
/workspace/benchmarks_ai_research/data/genimage/biggan/imagenet_ai_0419_biggan/val/ai/479_biggan_00035.png,1,0,1,1,,3054.8447147011757,62,100
/workspace/benchmarks_ai_research/data/genimage/biggan/imagenet_ai_0419_biggan/val/ai/797_biggan_00035.png,1,0,1,0,REAL,3159.1429002583027,62,73
/workspace/benchmarks_ai_research/data/genimage/biggan/imagenet_ai_0419_biggan/val/ai/081_biggan_00074.png,1,0,1,1,,2654.00343388319,62,100
/workspace/benchmarks_ai_research/data/genimage/biggan/imagenet_ai_0419_biggan/val/ai/906_biggan_00127.png,1,0,1,1,,3191.9360402971506,62,100
/workspace/benchmarks_ai_research/data/genimage/biggan/imagenet_ai_0419_biggan/val/ai/275_biggan_00143.png,1,0,1,1,,2772.4747471511364,62,100
/workspace/benchmarks_ai_research/data/genimage/biggan/imagenet_ai_0419_biggan/val/ai/969_biggan_00127.png,1,0,1,1,,2626.003537327051,62,100
/workspace/benchmarks_ai_research/data/genimage/biggan/imagenet_ai_0419_biggan/val/ai/746_biggan_00035.png,1,0,1,1,,3059.7922019660473,62,100
/workspace/benchmarks_ai_research/data/genimage/biggan/imagenet_ai_0419_biggan/val/ai/080_biggan_00039.png,1,0,1,1,,3366.714783012867,62,100
/workspace/benchmarks_ai_research/data/genimage/biggan/imagenet_ai_0419_biggan/val/ai/662_biggan_00074.png,1,0,1,1,,5366.187987849116,62,100
/workspace/benchmarks_ai_research/data/genimage/biggan/imagenet_ai_0419_biggan/val/ai/422_biggan_00127.png,1,0,1,1,,3636.0269598662853,62,100
/workspace/benchmarks_ai_research/data/genimage/biggan/imagenet_ai_0419_biggan/val/ai/586_biggan_00020.png,1,0,1,1,,2871.7080987989902,62,100
/workspace/benchmarks_ai_research/data/genimage/biggan/imagenet_ai_0419_biggan/val/ai/685_biggan_00127.png,1,0,1,1,,3512.734593823552,62,100
/workspace/benchmarks_ai_research/data/genimage/biggan/imagenet_ai_0419_biggan/val/ai/485_biggan_00039.png,1,0,1,1,,4056.9546688348055,62,100
/workspace/benchmarks_ai_research/data/genimage/biggan/imagenet_ai_0419_biggan/val/ai/429_biggan_00074.png,1,0,1,1,,4390.22927545011,62,100
/workspace/benchmarks_ai_research/data/genimage/biggan/imagenet_ai_0419_biggan/val/ai/064_biggan_00127.png,1,0,1,1,,3057.5866736471653,62,100
/workspace/benchmarks_ai_research/data/genimage/biggan/imagenet_ai_0419_biggan/val/ai/639_biggan_00127.png,1,0,1,1,,2448.8152991980314,62,100
/workspace/benchmarks_ai_research/data/genimage/biggan/imagenet_ai_0419_biggan/val/ai/099_biggan_00074.png,1,0,1,1,,2620.1682332903147,62,100
/workspace/benchmarks_ai_research/data/genimage/biggan/imagenet_ai_0419_biggan/val/ai/657_biggan_00035.png,1,0,1,1,,5209.1635800898075,62,100
/workspace/benchmarks_ai_research/data/genimage/biggan/imagenet_ai_0419_biggan/val/ai/622_biggan_00143.png,1,0,1,1,,2907.2908833622932,62,100
/workspace/benchmarks_ai_research/data/genimage/biggan/imagenet_ai_0419_biggan/val/ai/414_biggan_00074.png,1,0,1,1,,2835.2422695606947,62,100
/workspace/benchmarks_ai_research/data/genimage/biggan/imagenet_ai_0419_biggan/val/ai/228_biggan_00039.png,1,0,1,1,,2564.0441086143255,62,100
/workspace/benchmarks_ai_research/data/genimage/biggan/imagenet_ai_0419_biggan/val/ai/166_biggan_00074.png,1,0,1,1,,3013.4900603443384,62,100
/workspace/benchmarks_ai_research/data/genimage/biggan/imagenet_ai_0419_biggan/val/ai/054_biggan_00039.png,1,0,1,1,,2868.432581424713,62,100
/workspace/benchmarks_ai_research/data/genimage/biggan/imagenet_ai_0419_biggan/val/ai/181_biggan_00127.png,1,0,1,1,,2336.067944765091,62,100
/workspace/benchmarks_ai_research/data/genimage/biggan/imagenet_ai_0419_biggan/val/ai/719_biggan_00074.png,1,0,1,1,,2570.9788110107183,62,100
/workspace/benchmarks_ai_research/data/genimage/biggan/imagenet_ai_0419_biggan/val/ai/995_biggan_00074.png,1,0,1,1,,2927.0017873495817,62,100
/workspace/benchmarks_ai_research/data/genimage/biggan/imagenet_ai_0419_biggan/val/ai/804_biggan_00074.png,1,0,1,1,,2983.0477200448513,62,100
/workspace/benchmarks_ai_research/data/genimage/biggan/imagenet_ai_0419_biggan/val/ai/460_biggan_00143.png,1,0,1,0,REAL,2528.82038615644,62,69
/workspace/benchmarks_ai_research/data/genimage/biggan/imagenet_ai_0419_biggan/val/ai/877_biggan_00035.png,1,0,1,1,,2646.1953707039356,62,100
/workspace/benchmarks_ai_research/data/genimage/biggan/imagenet_ai_0419_biggan/val/ai/981_biggan_00127.png,1,0,1,1,,3330.116366967559,62,100
/workspace/benchmarks_ai_research/data/genimage/biggan/imagenet_ai_0419_biggan/val/ai/402_biggan_00035.png,1,0,1,1,,3192.281985655427,62,100
/workspace/benchmarks_ai_research/data/genimage/biggan/imagenet_ai_0419_biggan/val/ai/754_biggan_00143.png,1,0,1,1,,3077.842628583312,62,100
/workspace/benchmarks_ai_research/data/genimage/biggan/imagenet_ai_0419_biggan/val/ai/948_biggan_00020.png,1,0,1,1,,4622.449103742838,62,100
/workspace/benchmarks_ai_research/data/genimage/biggan/imagenet_ai_0419_biggan/val/ai/722_biggan_00039.png,1,0,1,1,,2882.630441337824,62,100
/workspace/benchmarks_ai_research/data/genimage/biggan/imagenet_ai_0419_biggan/val/ai/456_biggan_00035.png,1,0,1,1,,4591.056298464537,62,100
/workspace/benchmarks_ai_research/data/genimage/biggan/imagenet_ai_0419_biggan/val/ai/466_biggan_00143.png,1,0,1,1,,3241.415409371257,62,100
/workspace/benchmarks_ai_research/data/genimage/biggan/imagenet_ai_0419_biggan/val/ai/913_biggan_00143.png,1,0,1,1,,3691.72259606421,62,100
/workspace/benchmarks_ai_research/data/genimage/biggan/imagenet_ai_0419_biggan/val/ai/961_biggan_00074.png,1,0,1,1,,2954.6848200261593,62,100
/workspace/benchmarks_ai_research/data/genimage/biggan/imagenet_ai_0419_biggan/val/ai/961_biggan_00035.png,1,0,1,1,,4201.284494251013,62,100
/workspace/benchmarks_ai_research/data/genimage/biggan/imagenet_ai_0419_biggan/val/ai/601_biggan_00127.png,1,0,1,1,,2762.6425344496965,62,100
/workspace/benchmarks_ai_research/data/genimage/biggan/imagenet_ai_0419_biggan/val/ai/666_biggan_00039.png,1,0,1,1,,3032.402979210019,62,100
/workspace/benchmarks_ai_research/data/genimage/biggan/imagenet_ai_0419_biggan/val/ai/705_biggan_00035.png,1,0,1,1,,2900.928745046258,62,100
/workspace/benchmarks_ai_research/data/genimage/biggan/imagenet_ai_0419_biggan/val/ai/977_biggan_00074.png,1,0,1,0,REAL,2950.5645874887705,62,100
/workspace/benchmarks_ai_research/data/genimage/biggan/imagenet_ai_0419_biggan/val/ai/817_biggan_00020.png,1,0,1,1,,3437.9643257707357,62,100
/workspace/benchmarks_ai_research/data/genimage/biggan/imagenet_ai_0419_biggan/val/ai/673_biggan_00035.png,1,0,1,1,,2748.0971720069647,62,100
/workspace/benchmarks_ai_research/data/genimage/biggan/imagenet_ai_0419_biggan/val/ai/653_biggan_00143.png,1,0,1,1,,3354.3513230979443,62,100
/workspace/benchmarks_ai_research/data/genimage/biggan/imagenet_ai_0419_biggan/val/ai/673_biggan_00039.png,1,0,1,1,,3211.2987190485,62,100
/workspace/benchmarks_ai_research/data/genimage/biggan/imagenet_ai_0419_biggan/val/ai/878_biggan_00039.png,1,0,1,1,,2851.208835840225,62,100
/workspace/benchmarks_ai_research/data/genimage/biggan/imagenet_ai_0419_biggan/val/ai/279_biggan_00020.png,1,0,1,1,,3125.9075086563826,62,100
/workspace/benchmarks_ai_research/data/genimage/biggan/imagenet_ai_0419_biggan/val/ai/268_biggan_00020.png,1,0,1,1,,2770.265184342861,62,100
/workspace/benchmarks_ai_research/data/genimage/biggan/imagenet_ai_0419_biggan/val/ai/085_biggan_00039.png,1,0,1,1,,4095.427369698882,62,100
/workspace/benchmarks_ai_research/data/genimage/biggan/imagenet_ai_0419_biggan/val/ai/251_biggan_00039.png,1,0,1,0,REAL,2596.25343978405,62,87
/workspace/benchmarks_ai_research/data/genimage/biggan/imagenet_ai_0419_biggan/val/ai/826_biggan_00035.png,1,0,1,1,,2713.6311661452055,62,100
/workspace/benchmarks_ai_research/data/genimage/biggan/imagenet_ai_0419_biggan/val/ai/897_biggan_00127.png,1,0,1,1,,2868.6927016824484,62,100
/workspace/benchmarks_ai_research/data/genimage/biggan/imagenet_ai_0419_biggan/val/ai/779_biggan_00035.png,1,0,1,1,,2880.5090319365263,62,100
/workspace/benchmarks_ai_research/data/genimage/biggan/imagenet_ai_0419_biggan/val/ai/025_biggan_00035.png,1,0,1,1,,3002.646680921316,62,100
/workspace/benchmarks_ai_research/data/genimage/biggan/imagenet_ai_0419_biggan/val/ai/818_biggan_00035.png,1,0,1,1,,3008.1189814954996,62,100
/workspace/benchmarks_ai_research/data/genimage/biggan/imagenet_ai_0419_biggan/val/ai/482_biggan_00074.png,1,0,1,1,,2610.023394227028,62,100
/workspace/benchmarks_ai_research/data/genimage/biggan/imagenet_ai_0419_biggan/val/ai/543_biggan_00127.png,1,0,1,1,,2587.004942819476,62,100
/workspace/benchmarks_ai_research/data/genimage/biggan/imagenet_ai_0419_biggan/val/ai/853_biggan_00143.png,1,0,1,1,,3266.688909381628,62,100
/workspace/benchmarks_ai_research/data/genimage/biggan/imagenet_ai_0419_biggan/val/ai/974_biggan_00127.png,1,0,1,1,,2897.8774677962065,62,100
/workspace/benchmarks_ai_research/data/genimage/biggan/imagenet_ai_0419_biggan/val/ai/466_biggan_00074.png,1,0,1,1,,3282.095927745104,62,100
/workspace/benchmarks_ai_research/data/genimage/biggan/imagenet_ai_0419_biggan/val/ai/417_biggan_00035.png,1,0,1,1,,2309.853285551071,62,100
/workspace/benchmarks_ai_research/data/genimage/biggan/imagenet_ai_0419_biggan/val/ai/426_biggan_00074.png,1,0,1,1,,3242.094734683633,62,100
/workspace/benchmarks_ai_research/data/genimage/biggan/imagenet_ai_0419_biggan/val/ai/783_biggan_00127.png,1,0,1,1,,3436.753446236253,62,100
/workspace/benchmarks_ai_research/data/genimage/biggan/imagenet_ai_0419_biggan/val/ai/277_biggan_00143.png,1,0,1,1,,2748.3501993119717,62,100
/workspace/benchmarks_ai_research/data/genimage/biggan/imagenet_ai_0419_biggan/val/ai/110_biggan_00035.png,1,0,1,1,,2236.727559939027,62,100
/workspace/benchmarks_ai_research/data/genimage/biggan/imagenet_ai_0419_biggan/val/ai/279_biggan_00074.png,1,0,1,1,,2947.5887957960367,62,100
/workspace/benchmarks_ai_research/data/genimage/biggan/imagenet_ai_0419_biggan/val/ai/468_biggan_00020.png,1,0,1,1,,3323.7704038619995,62,100
/workspace/benchmarks_ai_research/data/genimage/biggan/imagenet_ai_0419_biggan/val/ai/136_biggan_00020.png,1,0,1,1,,3017.7891738712788,62,100
/workspace/benchmarks_ai_research/data/genimage/biggan/imagenet_ai_0419_biggan/val/ai/206_biggan_00074.png,1,0,1,1,,2611.679084599018,62,100
/workspace/benchmarks_ai_research/data/genimage/biggan/imagenet_ai_0419_biggan/val/ai/232_biggan_00127.png,1,0,1,0,REAL,2694.7011072188616,62,86
/workspace/benchmarks_ai_research/data/genimage/biggan/imagenet_ai_0419_biggan/val/ai/840_biggan_00143.png,1,0,1,1,,2804.3732922524214,62,100
/workspace/benchmarks_ai_research/data/genimage/biggan/imagenet_ai_0419_biggan/val/ai/777_biggan_00127.png,1,0,1,1,,2346.6135319322348,62,100
/workspace/benchmarks_ai_research/data/genimage/biggan/imagenet_ai_0419_biggan/val/ai/767_biggan_00035.png,1,0,1,1,,2435.169879347086,62,100
/workspace/benchmarks_ai_research/data/genimage/biggan/imagenet_ai_0419_biggan/val/ai/715_biggan_00035.png,1,0,1,1,,2502.8731003403664,62,100
/workspace/benchmarks_ai_research/data/genimage/biggan/imagenet_ai_0419_biggan/val/ai/741_biggan_00143.png,1,0,1,1,,2575.16529224813,62,100
/workspace/benchmarks_ai_research/data/genimage/biggan/imagenet_ai_0419_biggan/val/ai/018_biggan_00143.png,1,0,1,1,,3081.539152190089,62,100
/workspace/benchmarks_ai_research/data/genimage/biggan/imagenet_ai_0419_biggan/val/ai/808_biggan_00039.png,1,0,1,1,,3112.6631814986467,62,100
/workspace/benchmarks_ai_research/data/genimage/biggan/imagenet_ai_0419_biggan/val/ai/570_biggan_00143.png,1,0,1,1,,3137.0606906712055,62,100
/workspace/benchmarks_ai_research/data/genimage/biggan/imagenet_ai_0419_biggan/val/ai/811_biggan_00035.png,1,0,1,1,,2903.0356016010046,62,100
/workspace/benchmarks_ai_research/data/genimage/biggan/imagenet_ai_0419_biggan/val/ai/774_biggan_00143.png,1,0,1,1,,3139.6397203207016,62,100
/workspace/benchmarks_ai_research/data/genimage/biggan/imagenet_ai_0419_biggan/val/ai/265_biggan_00074.png,1,0,1,1,,3749.732719734311,62,100
/workspace/benchmarks_ai_research/data/genimage/biggan/imagenet_ai_0419_biggan/val/ai/867_biggan_00020.png,1,0,1,1,,3291.82736761868,62,100
/workspace/benchmarks_ai_research/data/genimage/biggan/imagenet_ai_0419_biggan/val/ai/353_biggan_00035.png,1,0,1,1,,3183.9961614459753,62,100
/workspace/benchmarks_ai_research/data/genimage/biggan/imagenet_ai_0419_biggan/val/ai/784_biggan_00035.png,1,0,1,1,,3621.843731030822,62,100
/workspace/benchmarks_ai_research/data/genimage/biggan/imagenet_ai_0419_biggan/val/ai/563_biggan_00020.png,1,0,1,1,,2420.0732707977295,62,100
/workspace/benchmarks_ai_research/data/genimage/biggan/imagenet_ai_0419_biggan/val/ai/891_biggan_00127.png,1,0,1,1,,2835.5244901031256,62,100
/workspace/benchmarks_ai_research/data/genimage/biggan/imagenet_ai_0419_biggan/val/ai/014_biggan_00143.png,1,0,1,1,,3754.125364124775,62,100
/workspace/benchmarks_ai_research/data/genimage/biggan/imagenet_ai_0419_biggan/val/ai/630_biggan_00020.png,1,0,1,1,,3982.5632255524397,62,100
/workspace/benchmarks_ai_research/data/genimage/biggan/imagenet_ai_0419_biggan/val/ai/656_biggan_00074.png,1,0,1,1,,3873.668812215328,62,100
/workspace/benchmarks_ai_research/data/genimage/biggan/imagenet_ai_0419_biggan/val/ai/902_biggan_00074.png,1,0,1,1,,3822.80869781971,62,100
/workspace/benchmarks_ai_research/data/genimage/biggan/imagenet_ai_0419_biggan/val/ai/150_biggan_00035.png,1,0,1,1,,3451.8265407532454,62,100
/workspace/benchmarks_ai_research/data/genimage/biggan/imagenet_ai_0419_biggan/val/ai/084_biggan_00039.png,1,0,1,1,,3395.6600073724985,62,100
/workspace/benchmarks_ai_research/data/genimage/biggan/imagenet_ai_0419_biggan/val/ai/338_biggan_00039.png,1,0,1,1,,3025.4108160734177,62,100
/workspace/benchmarks_ai_research/data/genimage/biggan/imagenet_ai_0419_biggan/val/ai/012_biggan_00127.png,1,0,1,0,REAL,2571.615070104599,62,94
/workspace/benchmarks_ai_research/data/genimage/biggan/imagenet_ai_0419_biggan/val/ai/912_biggan_00020.png,1,0,1,1,,3395.0751964002848,62,100
/workspace/benchmarks_ai_research/data/genimage/biggan/imagenet_ai_0419_biggan/val/ai/106_biggan_00039.png,1,0,1,0,REAL,2075.706385076046,62,68
/workspace/benchmarks_ai_research/data/genimage/biggan/imagenet_ai_0419_biggan/val/ai/249_biggan_00035.png,1,0,1,1,,2548.3541637659073,62,100
/workspace/benchmarks_ai_research/data/genimage/biggan/imagenet_ai_0419_biggan/val/ai/633_biggan_00035.png,1,0,1,1,,3445.2740736305714,62,100
/workspace/benchmarks_ai_research/data/genimage/biggan/imagenet_ai_0419_biggan/val/ai/088_biggan_00143.png,1,0,1,1,,2567.406963557005,62,100
/workspace/benchmarks_ai_research/data/genimage/biggan/imagenet_ai_0419_biggan/val/ai/368_biggan_00035.png,1,0,1,1,,3118.3360628783703,62,100
/workspace/benchmarks_ai_research/data/genimage/biggan/imagenet_ai_0419_biggan/val/ai/239_biggan_00039.png,1,0,1,0,REAL,3073.0992890894413,62,100
/workspace/benchmarks_ai_research/data/genimage/biggan/imagenet_ai_0419_biggan/val/ai/698_biggan_00127.png,1,0,1,1,,3134.0987402945757,62,100
/workspace/benchmarks_ai_research/data/genimage/biggan/imagenet_ai_0419_biggan/val/ai/092_biggan_00020.png,1,0,1,1,,2918.8052993267775,62,100
/workspace/benchmarks_ai_research/data/genimage/biggan/imagenet_ai_0419_biggan/val/ai/848_biggan_00039.png,1,0,1,1,,2845.724495127797,62,100
/workspace/benchmarks_ai_research/data/genimage/biggan/imagenet_ai_0419_biggan/val/ai/984_biggan_00143.png,1,0,1,0,REAL,3326.847666874528,62,100
/workspace/benchmarks_ai_research/data/genimage/biggan/imagenet_ai_0419_biggan/val/ai/502_biggan_00020.png,1,0,1,1,,2498.4452966600657,62,100
/workspace/benchmarks_ai_research/data/genimage/biggan/imagenet_ai_0419_biggan/val/ai/440_biggan_00127.png,1,0,1,1,,2505.5310800671577,62,100
/workspace/benchmarks_ai_research/data/genimage/biggan/imagenet_ai_0419_biggan/val/ai/510_biggan_00127.png,1,0,1,1,,2844.189580529928,62,100
/workspace/benchmarks_ai_research/data/genimage/biggan/imagenet_ai_0419_biggan/val/ai/228_biggan_00020.png,1,0,1,1,,2869.1058065742254,62,100
/workspace/benchmarks_ai_research/data/genimage/biggan/imagenet_ai_0419_biggan/val/ai/426_biggan_00143.png,1,0,1,1,,2918.4528309851885,62,100
/workspace/benchmarks_ai_research/data/genimage/biggan/imagenet_ai_0419_biggan/val/ai/686_biggan_00020.png,1,0,1,1,,2798.257030546665,62,100
/workspace/benchmarks_ai_research/data/genimage/biggan/imagenet_ai_0419_biggan/val/ai/219_biggan_00127.png,1,0,1,1,,3010.1803969591856,62,100
/workspace/benchmarks_ai_research/data/genimage/biggan/imagenet_ai_0419_biggan/val/ai/606_biggan_00039.png,1,0,1,1,,2132.793927565217,62,100
/workspace/benchmarks_ai_research/data/genimage/biggan/imagenet_ai_0419_biggan/val/ai/939_biggan_00039.png,1,0,1,0,REAL,2090.469256043434,62,59
/workspace/benchmarks_ai_research/data/genimage/biggan/imagenet_ai_0419_biggan/val/ai/056_biggan_00127.png,1,0,1,1,,2396.110236644745,62,100
/workspace/benchmarks_ai_research/data/genimage/biggan/imagenet_ai_0419_biggan/val/ai/300_biggan_00074.png,1,0,1,0,REAL,2823.3069591224194,62,88
/workspace/benchmarks_ai_research/data/genimage/biggan/imagenet_ai_0419_biggan/val/ai/499_biggan_00039.png,1,0,1,1,,2634.752182289958,62,100
/workspace/benchmarks_ai_research/data/genimage/biggan/imagenet_ai_0419_biggan/val/ai/714_biggan_00127.png,1,0,1,1,,3142.7715346217155,62,100
/workspace/benchmarks_ai_research/data/genimage/biggan/imagenet_ai_0419_biggan/val/ai/840_biggan_00035.png,1,0,1,1,,2930.504033342004,62,100
/workspace/benchmarks_ai_research/data/genimage/biggan/imagenet_ai_0419_biggan/val/ai/715_biggan_00074.png,1,0,1,1,,3529.1303526610136,62,100
/workspace/benchmarks_ai_research/data/genimage/biggan/imagenet_ai_0419_biggan/val/ai/635_biggan_00143.png,1,0,1,1,,3397.2360398620367,62,100
/workspace/benchmarks_ai_research/data/genimage/biggan/imagenet_ai_0419_biggan/val/ai/480_biggan_00074.png,1,0,1,1,,3186.403200030327,62,100
/workspace/benchmarks_ai_research/data/genimage/biggan/imagenet_ai_0419_biggan/val/ai/506_biggan_00035.png,1,0,1,1,,3899.360893294215,62,100
/workspace/benchmarks_ai_research/data/genimage/biggan/imagenet_ai_0419_biggan/val/ai/451_biggan_00127.png,1,0,1,1,,2855.648135766387,62,100
/workspace/benchmarks_ai_research/data/genimage/biggan/imagenet_ai_0419_biggan/val/ai/631_biggan_00074.png,1,0,1,1,,2888.5241225361824,62,100
/workspace/benchmarks_ai_research/data/genimage/biggan/imagenet_ai_0419_biggan/val/ai/922_biggan_00143.png,1,0,1,1,,2077.208610251546,62,100
/workspace/benchmarks_ai_research/data/genimage/biggan/imagenet_ai_0419_biggan/val/ai/967_biggan_00035.png,1,0,1,0,REAL,3158.357907086611,62,100
/workspace/benchmarks_ai_research/data/genimage/biggan/imagenet_ai_0419_biggan/val/ai/372_biggan_00127.png,1,0,1,1,,2744.8693104088306,62,100
/workspace/benchmarks_ai_research/data/genimage/biggan/imagenet_ai_0419_biggan/val/ai/881_biggan_00143.png,1,0,1,1,,2792.7372436970472,62,100
/workspace/benchmarks_ai_research/data/genimage/biggan/imagenet_ai_0419_biggan/val/ai/934_biggan_00143.png,1,0,1,1,,3242.2193866223097,62,100
/workspace/benchmarks_ai_research/data/genimage/biggan/imagenet_ai_0419_biggan/val/ai/204_biggan_00020.png,1,0,1,1,,2812.5937804579735,62,100
/workspace/benchmarks_ai_research/data/genimage/biggan/imagenet_ai_0419_biggan/val/ai/353_biggan_00039.png,1,0,1,1,,4237.929431721568,62,100
/workspace/benchmarks_ai_research/data/genimage/biggan/imagenet_ai_0419_biggan/val/ai/145_biggan_00127.png,1,0,1,1,,2654.879154637456,62,100
/workspace/benchmarks_ai_research/data/genimage/biggan/imagenet_ai_0419_biggan/val/ai/856_biggan_00127.png,1,0,1,1,,2753.1795501708984,62,100
/workspace/benchmarks_ai_research/data/genimage/biggan/imagenet_ai_0419_biggan/val/ai/295_biggan_00020.png,1,0,1,1,,3114.0308286994696,62,100
/workspace/benchmarks_ai_research/data/genimage/biggan/imagenet_ai_0419_biggan/val/ai/717_biggan_00074.png,1,0,1,1,,3389.8353092372417,62,100
/workspace/benchmarks_ai_research/data/genimage/biggan/imagenet_ai_0419_biggan/val/ai/540_biggan_00074.png,1,0,1,1,,2292.115470394492,62,100
/workspace/benchmarks_ai_research/data/genimage/biggan/imagenet_ai_0419_biggan/val/ai/455_biggan_00039.png,1,0,1,1,,2852.140547707677,62,100
/workspace/benchmarks_ai_research/data/genimage/biggan/imagenet_ai_0419_biggan/val/ai/972_biggan_00039.png,1,0,1,0,REAL,2652.8061982244253,62,86
/workspace/benchmarks_ai_research/data/genimage/biggan/imagenet_ai_0419_biggan/val/ai/609_biggan_00039.png,1,0,1,1,,3168.5059890151024,62,100
/workspace/benchmarks_ai_research/data/genimage/biggan/imagenet_ai_0419_biggan/val/ai/902_biggan_00020.png,1,0,1,1,,2385.466855019331,62,100
/workspace/benchmarks_ai_research/data/genimage/biggan/imagenet_ai_0419_biggan/val/ai/539_biggan_00035.png,1,0,1,1,,3119.698731228709,62,100
/workspace/benchmarks_ai_research/data/genimage/biggan/imagenet_ai_0419_biggan/val/ai/488_biggan_00143.png,1,0,1,1,,2613.208843395114,62,100
/workspace/benchmarks_ai_research/data/genimage/biggan/imagenet_ai_0419_biggan/val/ai/358_biggan_00074.png,1,0,1,1,,2819.28139552474,62,100
/workspace/benchmarks_ai_research/data/genimage/biggan/imagenet_ai_0419_biggan/val/ai/483_biggan_00020.png,1,0,1,1,,2570.060659199953,62,100
/workspace/benchmarks_ai_research/data/genimage/biggan/imagenet_ai_0419_biggan/val/ai/204_biggan_00127.png,1,0,1,1,,2464.3729850649834,62,100
/workspace/benchmarks_ai_research/data/genimage/biggan/imagenet_ai_0419_biggan/val/ai/345_biggan_00143.png,1,0,1,1,,3000.5741994827986,62,100
/workspace/benchmarks_ai_research/data/genimage/biggan/imagenet_ai_0419_biggan/val/ai/147_biggan_00035.png,1,0,1,1,,3021.366909146309,62,100
/workspace/benchmarks_ai_research/data/genimage/biggan/imagenet_ai_0419_biggan/val/ai/617_biggan_00143.png,1,0,1,1,,3007.9876389354467,62,100
/workspace/benchmarks_ai_research/data/genimage/biggan/imagenet_ai_0419_biggan/val/ai/589_biggan_00127.png,1,0,1,1,,3534.349365159869,62,100
/workspace/benchmarks_ai_research/data/genimage/biggan/imagenet_ai_0419_biggan/val/ai/943_biggan_00035.png,1,0,1,1,,3357.586784288287,62,100
/workspace/benchmarks_ai_research/data/genimage/biggan/imagenet_ai_0419_biggan/val/ai/972_biggan_00143.png,1,0,1,1,,3554.2344450950623,62,100
/workspace/benchmarks_ai_research/data/genimage/biggan/imagenet_ai_0419_biggan/val/ai/510_biggan_00020.png,1,0,1,1,,2808.4829431027174,62,100
/workspace/benchmarks_ai_research/data/genimage/biggan/imagenet_ai_0419_biggan/val/ai/591_biggan_00020.png,1,0,1,0,REAL,2590.23055806756,62,92
/workspace/benchmarks_ai_research/data/genimage/biggan/imagenet_ai_0419_biggan/val/ai/027_biggan_00039.png,1,0,1,1,,2806.03152140975,62,100
/workspace/benchmarks_ai_research/data/genimage/biggan/imagenet_ai_0419_biggan/val/ai/956_biggan_00020.png,1,0,1,1,,3399.6141869574785,62,100
/workspace/benchmarks_ai_research/data/genimage/biggan/imagenet_ai_0419_biggan/val/ai/761_biggan_00143.png,1,0,1,1,,2742.6135409623384,62,100
/workspace/benchmarks_ai_research/data/genimage/biggan/imagenet_ai_0419_biggan/val/ai/432_biggan_00143.png,1,0,1,1,,2972.121538594365,62,100
/workspace/benchmarks_ai_research/data/genimage/biggan/imagenet_ai_0419_biggan/val/ai/626_biggan_00039.png,1,0,1,1,,3003.7590377032757,62,100
/workspace/benchmarks_ai_research/data/genimage/biggan/imagenet_ai_0419_biggan/val/ai/852_biggan_00074.png,1,0,1,1,,2697.028299793601,62,100
/workspace/benchmarks_ai_research/data/genimage/biggan/imagenet_ai_0419_biggan/val/ai/039_biggan_00035.png,1,0,1,0,REAL,4772.176269441843,62,94
/workspace/benchmarks_ai_research/data/genimage/biggan/imagenet_ai_0419_biggan/val/ai/858_biggan_00143.png,1,0,1,1,,2716.133689507842,62,100
/workspace/benchmarks_ai_research/data/genimage/biggan/imagenet_ai_0419_biggan/val/ai/852_biggan_00039.png,1,0,1,1,,3007.1165673434734,62,100
/workspace/benchmarks_ai_research/data/genimage/biggan/imagenet_ai_0419_biggan/val/ai/000_biggan_00035.png,1,0,1,1,,3196.2732039391994,62,100
/workspace/benchmarks_ai_research/data/genimage/biggan/imagenet_ai_0419_biggan/val/ai/339_biggan_00039.png,1,0,1,1,,2638.987312093377,62,100
/workspace/benchmarks_ai_research/data/genimage/biggan/imagenet_ai_0419_biggan/val/ai/246_biggan_00039.png,1,0,1,0,REAL,2512.0592825114727,62,76
/workspace/benchmarks_ai_research/data/genimage/biggan/imagenet_ai_0419_biggan/val/ai/052_biggan_00127.png,1,0,1,1,,3641.2614807486534,62,100
/workspace/benchmarks_ai_research/data/genimage/biggan/imagenet_ai_0419_biggan/val/ai/772_biggan_00035.png,1,0,1,1,,2432.387802749872,62,100
/workspace/benchmarks_ai_research/data/genimage/biggan/imagenet_ai_0419_biggan/val/ai/062_biggan_00020.png,1,0,1,1,,3163.5789796710014,62,100
/workspace/benchmarks_ai_research/data/genimage/biggan/imagenet_ai_0419_biggan/val/ai/022_biggan_00074.png,1,0,1,1,,2861.9120065122843,62,100
/workspace/benchmarks_ai_research/data/genimage/biggan/imagenet_ai_0419_biggan/val/ai/599_biggan_00035.png,1,0,1,1,,2485.806480050087,62,100
/workspace/benchmarks_ai_research/data/genimage/biggan/imagenet_ai_0419_biggan/val/ai/347_biggan_00074.png,1,0,1,1,,2892.9579090327024,62,100
/workspace/benchmarks_ai_research/data/genimage/biggan/imagenet_ai_0419_biggan/val/ai/176_biggan_00127.png,1,0,1,0,REAL,2195.798482745886,62,68
/workspace/benchmarks_ai_research/data/genimage/biggan/imagenet_ai_0419_biggan/val/ai/778_biggan_00039.png,1,0,1,1,,3152.7404859662056,62,100
/workspace/benchmarks_ai_research/data/genimage/biggan/imagenet_ai_0419_biggan/val/ai/609_biggan_00074.png,1,0,1,1,,2708.2774825394154,62,100
/workspace/benchmarks_ai_research/data/genimage/biggan/imagenet_ai_0419_biggan/val/ai/649_biggan_00039.png,1,0,1,1,,3093.5259833931923,62,100
/workspace/benchmarks_ai_research/data/genimage/biggan/imagenet_ai_0419_biggan/val/ai/672_biggan_00039.png,1,0,1,1,,2843.8470605760813,62,100
/workspace/benchmarks_ai_research/data/genimage/biggan/imagenet_ai_0419_biggan/val/ai/437_biggan_00035.png,1,0,1,0,REAL,2826.09205506742,62,95
/workspace/benchmarks_ai_research/data/genimage/biggan/imagenet_ai_0419_biggan/val/ai/381_biggan_00039.png,1,0,1,1,,2731.8969275802374,62,100
/workspace/benchmarks_ai_research/data/genimage/biggan/imagenet_ai_0419_biggan/val/ai/351_biggan_00039.png,1,0,1,1,,3667.8008027374744,62,100
/workspace/benchmarks_ai_research/data/genimage/biggan/imagenet_ai_0419_biggan/val/ai/232_biggan_00035.png,1,0,1,0,REAL,1864.8350033909082,62,62
/workspace/benchmarks_ai_research/data/genimage/biggan/imagenet_ai_0419_biggan/val/ai/826_biggan_00127.png,1,0,1,1,,2498.4134156256914,62,100
/workspace/benchmarks_ai_research/data/genimage/biggan/imagenet_ai_0419_biggan/val/ai/349_biggan_00035.png,1,0,1,1,,2804.737377911806,62,100
/workspace/benchmarks_ai_research/data/genimage/biggan/imagenet_ai_0419_biggan/val/ai/936_biggan_00143.png,1,0,1,1,,2750.463793054223,62,100
/workspace/benchmarks_ai_research/data/genimage/biggan/imagenet_ai_0419_biggan/val/ai/458_biggan_00039.png,1,0,1,1,,2638.897377997637,62,100
/workspace/benchmarks_ai_research/data/genimage/biggan/imagenet_ai_0419_biggan/val/ai/752_biggan_00143.png,1,0,1,1,,3216.468021273613,62,100
/workspace/benchmarks_ai_research/data/genimage/biggan/imagenet_ai_0419_biggan/val/ai/706_biggan_00074.png,1,0,1,1,,3150.199817493558,62,100
/workspace/benchmarks_ai_research/data/genimage/biggan/imagenet_ai_0419_biggan/val/ai/839_biggan_00143.png,1,0,1,1,,3288.414556533098,62,100
/workspace/benchmarks_ai_research/data/genimage/biggan/imagenet_ai_0419_biggan/val/ai/905_biggan_00074.png,1,0,1,1,,2801.9517473876476,62,100
/workspace/benchmarks_ai_research/data/genimage/biggan/imagenet_ai_0419_biggan/val/ai/238_biggan_00127.png,1,0,1,1,,3154.3881744146347,62,100
/workspace/benchmarks_ai_research/data/genimage/biggan/imagenet_ai_0419_biggan/val/ai/771_biggan_00127.png,1,0,1,1,,3381.310563534498,62,100
/workspace/benchmarks_ai_research/data/genimage/biggan/imagenet_ai_0419_biggan/val/ai/863_biggan_00020.png,1,0,1,1,,2850.049152970314,62,100
/workspace/benchmarks_ai_research/data/genimage/biggan/imagenet_ai_0419_biggan/val/ai/563_biggan_00074.png,1,0,1,1,,2733.7795309722424,62,100
/workspace/benchmarks_ai_research/data/genimage/biggan/imagenet_ai_0419_biggan/val/ai/665_biggan_00143.png,1,0,1,1,,3039.5983830094337,62,100
/workspace/benchmarks_ai_research/data/genimage/biggan/imagenet_ai_0419_biggan/val/ai/611_biggan_00035.png,1,0,1,1,,2917.446592822671,62,100
/workspace/benchmarks_ai_research/data/genimage/biggan/imagenet_ai_0419_biggan/val/ai/149_biggan_00143.png,1,0,1,1,,3324.5722334831953,62,100
/workspace/benchmarks_ai_research/data/genimage/biggan/imagenet_ai_0419_biggan/val/ai/493_biggan_00127.png,1,0,1,1,,4096.953650936484,62,100
/workspace/benchmarks_ai_research/data/genimage/biggan/imagenet_ai_0419_biggan/val/ai/165_biggan_00020.png,1,0,1,0,REAL,2142.528785392642,62,65
/workspace/benchmarks_ai_research/data/genimage/biggan/imagenet_ai_0419_biggan/val/ai/838_biggan_00035.png,1,0,1,1,,5300.955371931195,62,100
/workspace/benchmarks_ai_research/data/genimage/biggan/imagenet_ai_0419_biggan/val/ai/632_biggan_00039.png,1,0,1,1,,2802.2391609847546,62,100
/workspace/benchmarks_ai_research/data/genimage/biggan/imagenet_ai_0419_biggan/val/ai/860_biggan_00143.png,1,0,1,1,FAKE,2763.809308409691,62,72
/workspace/benchmarks_ai_research/data/genimage/biggan/imagenet_ai_0419_biggan/val/ai/146_biggan_00039.png,1,0,1,1,,3093.0068623274565,62,100
/workspace/benchmarks_ai_research/data/genimage/biggan/imagenet_ai_0419_biggan/val/ai/632_biggan_00020.png,1,0,1,1,,2609.899241477251,62,100
/workspace/benchmarks_ai_research/data/genimage/biggan/imagenet_ai_0419_biggan/val/ai/464_biggan_00127.png,1,0,1,1,,2803.6317341029644,62,100
/workspace/benchmarks_ai_research/data/genimage/biggan/imagenet_ai_0419_biggan/val/ai/082_biggan_00074.png,1,0,1,1,,2931.6693767905235,62,100
/workspace/benchmarks_ai_research/data/genimage/biggan/imagenet_ai_0419_biggan/val/ai/840_biggan_00127.png,1,0,1,1,,2663.2576286792755,62,100
/workspace/benchmarks_ai_research/data/genimage/biggan/imagenet_ai_0419_biggan/val/ai/892_biggan_00039.png,1,0,1,1,,2860.0524682551622,62,100
/workspace/benchmarks_ai_research/data/genimage/biggan/imagenet_ai_0419_biggan/val/ai/395_biggan_00127.png,1,0,1,1,,3107.6951026916504,62,100
/workspace/benchmarks_ai_research/data/genimage/biggan/imagenet_ai_0419_biggan/val/ai/696_biggan_00039.png,1,0,1,1,,3031.3891284167767,62,100
/workspace/benchmarks_ai_research/data/genimage/biggan/imagenet_ai_0419_biggan/val/ai/942_biggan_00020.png,1,0,1,1,,3827.100967988372,62,100
/workspace/benchmarks_ai_research/data/genimage/biggan/imagenet_ai_0419_biggan/val/ai/506_biggan_00143.png,1,0,1,1,,3361.836791038513,62,100
/workspace/benchmarks_ai_research/data/genimage/biggan/imagenet_ai_0419_biggan/val/ai/955_biggan_00035.png,1,0,1,1,,2648.2179947197437,62,100
/workspace/benchmarks_ai_research/data/genimage/biggan/imagenet_ai_0419_biggan/val/ai/717_biggan_00143.png,1,0,1,1,,3212.7665411680937,62,100
/workspace/benchmarks_ai_research/data/genimage/biggan/imagenet_ai_0419_biggan/val/ai/827_biggan_00020.png,1,0,1,1,,3246.612723916769,62,100
/workspace/benchmarks_ai_research/data/genimage/biggan/imagenet_ai_0419_biggan/val/ai/589_biggan_00035.png,1,0,1,1,,3567.467613145709,62,100
/workspace/benchmarks_ai_research/data/genimage/biggan/imagenet_ai_0419_biggan/val/ai/463_biggan_00074.png,1,0,1,0,REAL,2105.652319267392,62,75
/workspace/benchmarks_ai_research/data/genimage/biggan/imagenet_ai_0419_biggan/val/ai/886_biggan_00127.png,1,0,1,1,,3568.218808621168,62,100
/workspace/benchmarks_ai_research/data/genimage/biggan/imagenet_ai_0419_biggan/val/ai/922_biggan_00035.png,1,0,1,1,,2597.9160964488983,62,100
/workspace/benchmarks_ai_research/data/genimage/biggan/imagenet_ai_0419_biggan/val/ai/631_biggan_00039.png,1,0,1,1,,2649.5746579021215,62,100
/workspace/benchmarks_ai_research/data/genimage/biggan/imagenet_ai_0419_biggan/val/ai/096_biggan_00020.png,1,0,1,1,,3257.832668721676,62,100
/workspace/benchmarks_ai_research/data/genimage/biggan/imagenet_ai_0419_biggan/val/ai/771_biggan_00039.png,1,0,1,1,,3423.325242474675,62,100
/workspace/benchmarks_ai_research/data/genimage/biggan/imagenet_ai_0419_biggan/val/ai/506_biggan_00039.png,1,0,1,1,,3057.573840022087,62,100
/workspace/benchmarks_ai_research/data/genimage/biggan/imagenet_ai_0419_biggan/val/ai/461_biggan_00039.png,1,0,1,1,,4284.59089063108,62,100
/workspace/benchmarks_ai_research/data/genimage/biggan/imagenet_ai_0419_biggan/val/ai/522_biggan_00143.png,1,0,1,1,,4170.615892857313,62,100
/workspace/benchmarks_ai_research/data/genimage/biggan/imagenet_ai_0419_biggan/val/ai/719_biggan_00039.png,1,0,1,1,,5193.573044613004,62,100
/workspace/benchmarks_ai_research/data/genimage/biggan/imagenet_ai_0419_biggan/val/ai/981_biggan_00143.png,1,0,1,1,,3252.6519279927015,62,100
/workspace/benchmarks_ai_research/data/genimage/biggan/imagenet_ai_0419_biggan/val/ai/596_biggan_00127.png,1,0,1,1,,2676.7007932066917,62,100
/workspace/benchmarks_ai_research/data/genimage/biggan/imagenet_ai_0419_biggan/val/ai/874_biggan_00143.png,1,0,1,1,,2798.472637310624,62,100
/workspace/benchmarks_ai_research/data/genimage/biggan/imagenet_ai_0419_biggan/val/ai/248_biggan_00127.png,1,0,1,0,REAL,4258.739531040192,62,92
/workspace/benchmarks_ai_research/data/genimage/biggan/imagenet_ai_0419_biggan/val/ai/389_biggan_00039.png,1,0,1,1,,2947.7561078965664,62,100
/workspace/benchmarks_ai_research/data/genimage/biggan/imagenet_ai_0419_biggan/val/ai/360_biggan_00020.png,1,0,1,0,REAL,3265.361772850156,62,89
/workspace/benchmarks_ai_research/data/genimage/biggan/imagenet_ai_0419_biggan/val/ai/662_biggan_00127.png,1,0,1,1,,3344.975020736456,62,100
/workspace/benchmarks_ai_research/data/genimage/biggan/imagenet_ai_0419_biggan/val/ai/984_biggan_00035.png,1,0,1,1,,2481.683572754264,62,100
/workspace/benchmarks_ai_research/data/genimage/biggan/imagenet_ai_0419_biggan/val/ai/917_biggan_00020.png,1,0,1,1,FAKE,2669.0963730216026,62,99
/workspace/benchmarks_ai_research/data/genimage/biggan/imagenet_ai_0419_biggan/val/ai/886_biggan_00143.png,1,0,1,1,,2868.9493909478188,62,100
/workspace/benchmarks_ai_research/data/genimage/biggan/imagenet_ai_0419_biggan/val/ai/659_biggan_00035.png,1,0,1,1,,2436.2499453127384,62,100
/workspace/benchmarks_ai_research/data/genimage/biggan/imagenet_ai_0419_biggan/val/ai/143_biggan_00035.png,1,0,1,1,,3279.9346577376127,62,100
/workspace/benchmarks_ai_research/data/genimage/biggan/imagenet_ai_0419_biggan/val/ai/167_biggan_00127.png,1,0,1,1,,3159.0153742581606,62,100
/workspace/benchmarks_ai_research/data/genimage/biggan/imagenet_ai_0419_biggan/val/ai/808_biggan_00035.png,1,0,1,1,,2843.716435134411,62,100
/workspace/benchmarks_ai_research/data/genimage/biggan/imagenet_ai_0419_biggan/val/ai/852_biggan_00035.png,1,0,1,1,,2780.607335269451,62,100
/workspace/benchmarks_ai_research/data/genimage/biggan/imagenet_ai_0419_biggan/val/ai/978_biggan_00127.png,1,0,1,0,REAL,1925.5174156278372,62,67
/workspace/benchmarks_ai_research/data/genimage/biggan/imagenet_ai_0419_biggan/val/ai/063_biggan_00127.png,1,0,1,1,,2910.146649926901,62,100
/workspace/benchmarks_ai_research/data/genimage/biggan/imagenet_ai_0419_biggan/val/ai/860_biggan_00074.png,1,0,1,1,,3183.636639267206,62,100
/workspace/benchmarks_ai_research/data/genimage/biggan/imagenet_ai_0419_biggan/val/ai/702_biggan_00039.png,1,0,1,1,,2466.933401301503,62,100
/workspace/benchmarks_ai_research/data/genimage/biggan/imagenet_ai_0419_biggan/val/ai/741_biggan_00127.png,1,0,1,1,,3653.166491538286,62,100
/workspace/benchmarks_ai_research/data/genimage/biggan/imagenet_ai_0419_biggan/val/ai/997_biggan_00035.png,1,0,1,1,,2996.169723570347,62,100
/workspace/benchmarks_ai_research/data/genimage/biggan/imagenet_ai_0419_biggan/val/ai/976_biggan_00074.png,1,0,1,0,REAL,2658.7159521877766,62,90
/workspace/benchmarks_ai_research/data/genimage/biggan/imagenet_ai_0419_biggan/val/ai/769_biggan_00074.png,1,0,1,1,,2898.5432852059603,62,100
/workspace/benchmarks_ai_research/data/genimage/biggan/imagenet_ai_0419_biggan/val/ai/138_biggan_00143.png,1,0,1,1,,3147.2148075699806,62,100
/workspace/benchmarks_ai_research/data/genimage/biggan/imagenet_ai_0419_biggan/val/ai/734_biggan_00039.png,1,0,1,1,,3153.231732547283,62,100
/workspace/benchmarks_ai_research/data/genimage/biggan/imagenet_ai_0419_biggan/val/ai/349_biggan_00039.png,1,0,1,1,,3189.525408670306,62,100
/workspace/benchmarks_ai_research/data/genimage/biggan/imagenet_ai_0419_biggan/val/ai/418_biggan_00039.png,1,0,1,1,,3143.4274092316628,62,100
/workspace/benchmarks_ai_research/data/genimage/biggan/imagenet_ai_0419_biggan/val/ai/011_biggan_00039.png,1,0,1,1,,2920.314744114876,62,100
/workspace/benchmarks_ai_research/data/genimage/biggan/imagenet_ai_0419_biggan/val/ai/922_biggan_00039.png,1,0,1,1,,3013.4709365665913,62,100
/workspace/benchmarks_ai_research/data/genimage/biggan/imagenet_ai_0419_biggan/val/ai/464_biggan_00020.png,1,0,1,1,,2834.9063359200954,62,100
/workspace/benchmarks_ai_research/data/genimage/biggan/imagenet_ai_0419_biggan/val/ai/481_biggan_00039.png,1,0,1,1,,3275.380888953805,62,100
/workspace/benchmarks_ai_research/data/genimage/biggan/imagenet_ai_0419_biggan/val/ai/421_biggan_00020.png,1,0,1,1,,2799.788646399975,62,100
/workspace/benchmarks_ai_research/data/genimage/biggan/imagenet_ai_0419_biggan/val/ai/720_biggan_00074.png,1,0,1,1,,2830.496560782194,62,100
/workspace/benchmarks_ai_research/data/genimage/biggan/imagenet_ai_0419_biggan/val/ai/481_biggan_00143.png,1,0,1,1,,2288.3822210133076,62,100
/workspace/benchmarks_ai_research/data/genimage/biggan/imagenet_ai_0419_biggan/val/ai/876_biggan_00020.png,1,0,1,1,,3629.4227354228497,62,100
/workspace/benchmarks_ai_research/data/genimage/biggan/imagenet_ai_0419_biggan/val/ai/317_biggan_00035.png,1,0,1,1,,2758.4818713366985,62,100
/workspace/benchmarks_ai_research/data/genimage/biggan/imagenet_ai_0419_biggan/val/ai/194_biggan_00143.png,1,0,1,0,REAL,2146.8129251152277,62,76
/workspace/benchmarks_ai_research/data/genimage/biggan/imagenet_ai_0419_biggan/val/ai/482_biggan_00143.png,1,0,1,1,,2678.78988571465,62,100
/workspace/benchmarks_ai_research/data/genimage/biggan/imagenet_ai_0419_biggan/val/ai/493_biggan_00039.png,1,0,1,1,,3779.8456121236086,62,100
/workspace/benchmarks_ai_research/data/genimage/biggan/imagenet_ai_0419_biggan/val/ai/797_biggan_00074.png,1,0,1,1,,2729.427082464099,62,100
/workspace/benchmarks_ai_research/data/genimage/biggan/imagenet_ai_0419_biggan/val/ai/445_biggan_00127.png,1,0,1,1,,3635.9874829649925,62,100
/workspace/benchmarks_ai_research/data/genimage/biggan/imagenet_ai_0419_biggan/val/ai/834_biggan_00127.png,1,0,1,1,,3301.8601052463055,62,100
/workspace/benchmarks_ai_research/data/genimage/biggan/imagenet_ai_0419_biggan/val/ai/508_biggan_00074.png,1,0,1,1,,2733.589503914118,62,100
/workspace/benchmarks_ai_research/data/genimage/biggan/imagenet_ai_0419_biggan/val/ai/637_biggan_00035.png,1,0,1,1,,2985.3566382080317,62,100
/workspace/benchmarks_ai_research/data/genimage/biggan/imagenet_ai_0419_biggan/val/ai/954_biggan_00039.png,1,0,1,1,,3306.0070369392633,62,100
/workspace/benchmarks_ai_research/data/genimage/biggan/imagenet_ai_0419_biggan/val/ai/859_biggan_00074.png,1,0,1,1,,5297.352716326714,62,100
/workspace/benchmarks_ai_research/data/genimage/biggan/imagenet_ai_0419_biggan/val/ai/797_biggan_00039.png,1,0,1,1,,3063.9395099133253,62,100
/workspace/benchmarks_ai_research/data/genimage/biggan/imagenet_ai_0419_biggan/val/ai/649_biggan_00020.png,1,0,1,1,,3181.283414363861,62,100
/workspace/benchmarks_ai_research/data/genimage/biggan/imagenet_ai_0419_biggan/val/ai/753_biggan_00143.png,1,0,1,1,,3126.533204689622,62,100
/workspace/benchmarks_ai_research/data/genimage/biggan/imagenet_ai_0419_biggan/val/ai/878_biggan_00074.png,1,0,1,1,,2827.231205999851,62,100
/workspace/benchmarks_ai_research/data/genimage/biggan/imagenet_ai_0419_biggan/val/ai/028_biggan_00143.png,1,0,1,1,,3235.124599188566,62,100
/workspace/benchmarks_ai_research/data/genimage/biggan/imagenet_ai_0419_biggan/val/ai/146_biggan_00074.png,1,0,1,1,,2687.195409089327,62,100
/workspace/benchmarks_ai_research/data/genimage/biggan/imagenet_ai_0419_biggan/val/ai/432_biggan_00127.png,1,0,1,1,,2926.8057383596897,62,100
/workspace/benchmarks_ai_research/data/genimage/biggan/imagenet_ai_0419_biggan/val/ai/458_biggan_00020.png,1,0,1,1,,3329.861741513014,62,100
/workspace/benchmarks_ai_research/data/genimage/biggan/imagenet_ai_0419_biggan/val/ai/809_biggan_00143.png,1,0,1,0,REAL,2305.1011227071285,62,87
/workspace/benchmarks_ai_research/data/genimage/biggan/imagenet_ai_0419_biggan/val/ai/131_biggan_00035.png,1,0,1,1,,3669.250650331378,62,100
/workspace/benchmarks_ai_research/data/genimage/biggan/imagenet_ai_0419_biggan/val/ai/700_biggan_00074.png,1,0,1,1,,2977.3427452892065,62,100
/workspace/benchmarks_ai_research/data/genimage/biggan/imagenet_ai_0419_biggan/val/ai/353_biggan_00143.png,1,0,1,1,,2415.707876905799,62,100
/workspace/benchmarks_ai_research/data/genimage/biggan/imagenet_ai_0419_biggan/val/ai/893_biggan_00039.png,1,0,1,1,,3300.9633626788855,62,100
/workspace/benchmarks_ai_research/data/genimage/biggan/imagenet_ai_0419_biggan/val/ai/416_biggan_00039.png,1,0,1,1,,2436.677772551775,62,100
/workspace/benchmarks_ai_research/data/genimage/biggan/imagenet_ai_0419_biggan/val/ai/784_biggan_00039.png,1,0,1,1,,3449.8104620724916,62,100
/workspace/benchmarks_ai_research/data/genimage/biggan/imagenet_ai_0419_biggan/val/ai/086_biggan_00020.png,1,0,1,1,,2867.7432108670473,62,100
/workspace/benchmarks_ai_research/data/genimage/biggan/imagenet_ai_0419_biggan/val/ai/291_biggan_00127.png,1,0,1,1,,2950.1028563827276,62,100
/workspace/benchmarks_ai_research/data/genimage/biggan/imagenet_ai_0419_biggan/val/ai/734_biggan_00074.png,1,0,1,1,,3327.123209834099,62,100
/workspace/benchmarks_ai_research/data/genimage/biggan/imagenet_ai_0419_biggan/val/ai/787_biggan_00127.png,1,0,1,1,,3714.527003467083,62,100
/workspace/benchmarks_ai_research/data/genimage/biggan/imagenet_ai_0419_biggan/val/ai/502_biggan_00143.png,1,0,1,1,,2821.428395807743,62,100
/workspace/benchmarks_ai_research/data/genimage/biggan/imagenet_ai_0419_biggan/val/ai/437_biggan_00039.png,1,0,1,1,,2364.2457481473684,62,100
/workspace/benchmarks_ai_research/data/genimage/biggan/imagenet_ai_0419_biggan/val/ai/863_biggan_00074.png,1,0,1,1,,3367.38676764071,62,100
/workspace/benchmarks_ai_research/data/genimage/biggan/imagenet_ai_0419_biggan/val/ai/111_biggan_00039.png,1,0,1,1,,2725.594559684396,62,100
/workspace/benchmarks_ai_research/data/genimage/biggan/imagenet_ai_0419_biggan/val/ai/896_biggan_00143.png,1,0,1,1,,2968.8801392912865,62,100
/workspace/benchmarks_ai_research/data/genimage/biggan/imagenet_ai_0419_biggan/val/ai/256_biggan_00035.png,1,0,1,1,,2607.0348005741835,62,100
/workspace/benchmarks_ai_research/data/genimage/biggan/imagenet_ai_0419_biggan/val/ai/671_biggan_00127.png,1,0,1,1,,4558.782983571291,62,100
/workspace/benchmarks_ai_research/data/genimage/biggan/imagenet_ai_0419_biggan/val/ai/786_biggan_00020.png,1,0,1,1,,2661.3067891448736,62,100
/workspace/benchmarks_ai_research/data/genimage/biggan/imagenet_ai_0419_biggan/val/ai/950_biggan_00020.png,1,0,1,1,,2350.399097427726,62,100
/workspace/benchmarks_ai_research/data/genimage/biggan/imagenet_ai_0419_biggan/val/ai/025_biggan_00020.png,1,0,1,1,,2518.055487424135,62,100
/workspace/benchmarks_ai_research/data/genimage/biggan/imagenet_ai_0419_biggan/val/ai/275_biggan_00039.png,1,0,1,1,,3164.5586285740137,62,100
/workspace/benchmarks_ai_research/data/genimage/biggan/imagenet_ai_0419_biggan/val/ai/689_biggan_00035.png,1,0,1,1,,3044.1471114754677,62,100
/workspace/benchmarks_ai_research/data/genimage/biggan/imagenet_ai_0419_biggan/val/ai/463_biggan_00039.png,1,0,1,1,,3203.350368887186,62,100
/workspace/benchmarks_ai_research/data/genimage/biggan/imagenet_ai_0419_biggan/val/ai/915_biggan_00143.png,1,0,1,1,,2853.1545475125313,62,100
/workspace/benchmarks_ai_research/data/genimage/biggan/imagenet_ai_0419_biggan/val/ai/114_biggan_00039.png,1,0,1,1,,3202.451180666685,62,100
/workspace/benchmarks_ai_research/data/genimage/biggan/imagenet_ai_0419_biggan/val/ai/589_biggan_00074.png,1,0,1,1,,2717.8832422941923,62,100
/workspace/benchmarks_ai_research/data/genimage/biggan/imagenet_ai_0419_biggan/val/ai/613_biggan_00127.png,1,0,1,1,,3451.4784440398216,62,100
/workspace/benchmarks_ai_research/data/genimage/biggan/imagenet_ai_0419_biggan/val/ai/851_biggan_00143.png,1,0,1,1,,2939.1989540308714,62,100
/workspace/benchmarks_ai_research/data/genimage/biggan/imagenet_ai_0419_biggan/val/ai/213_biggan_00039.png,1,0,1,0,REAL,3675.057254731655,62,98
/workspace/benchmarks_ai_research/data/genimage/biggan/imagenet_ai_0419_biggan/val/ai/759_biggan_00074.png,1,0,1,1,,3259.2377215623856,62,100
/workspace/benchmarks_ai_research/data/genimage/biggan/imagenet_ai_0419_biggan/val/ai/709_biggan_00127.png,1,0,1,1,,3009.4253923743963,62,100
/workspace/benchmarks_ai_research/data/genimage/biggan/imagenet_ai_0419_biggan/val/ai/688_biggan_00127.png,1,0,1,0,REAL,2979.8454474657774,62,93
/workspace/benchmarks_ai_research/data/genimage/biggan/imagenet_ai_0419_biggan/val/ai/504_biggan_00039.png,1,0,1,1,,2943.4942975640297,62,100
/workspace/benchmarks_ai_research/data/genimage/biggan/imagenet_ai_0419_biggan/val/ai/627_biggan_00127.png,1,0,1,1,,3286.955565214157,62,100
/workspace/benchmarks_ai_research/data/genimage/biggan/imagenet_ai_0419_biggan/val/ai/592_biggan_00127.png,1,0,1,1,,3158.396078273654,62,100
/workspace/benchmarks_ai_research/data/genimage/biggan/imagenet_ai_0419_biggan/val/ai/163_biggan_00039.png,1,0,1,1,,4480.130527168512,62,100
/workspace/benchmarks_ai_research/data/genimage/biggan/imagenet_ai_0419_biggan/val/ai/827_biggan_00143.png,1,0,1,1,,3477.9136069118977,62,100
/workspace/benchmarks_ai_research/data/genimage/biggan/imagenet_ai_0419_biggan/val/ai/143_biggan_00039.png,1,0,1,0,REAL,3005.322879180312,62,89
/workspace/benchmarks_ai_research/data/genimage/biggan/imagenet_ai_0419_biggan/val/ai/019_biggan_00127.png,1,0,1,1,,3217.894993722439,62,100
/workspace/benchmarks_ai_research/data/genimage/biggan/imagenet_ai_0419_biggan/val/ai/348_biggan_00143.png,1,0,1,1,,3099.276889115572,62,100
/workspace/benchmarks_ai_research/data/genimage/biggan/imagenet_ai_0419_biggan/val/ai/128_biggan_00020.png,1,0,1,1,,2924.896951764822,62,100
/workspace/benchmarks_ai_research/data/genimage/biggan/imagenet_ai_0419_biggan/val/ai/171_biggan_00127.png,1,0,1,1,,2689.074695110321,62,100
/workspace/benchmarks_ai_research/data/genimage/biggan/imagenet_ai_0419_biggan/val/ai/767_biggan_00039.png,1,0,1,1,,3371.292494237423,62,100
/workspace/benchmarks_ai_research/data/genimage/biggan/imagenet_ai_0419_biggan/val/ai/417_biggan_00127.png,1,0,1,1,,3465.3323143720627,62,100
/workspace/benchmarks_ai_research/data/genimage/biggan/imagenet_ai_0419_biggan/val/ai/223_biggan_00035.png,1,0,1,1,,2840.7357428222895,62,100
/workspace/benchmarks_ai_research/data/genimage/biggan/imagenet_ai_0419_biggan/val/ai/724_biggan_00035.png,1,0,1,0,REAL,3097.308060154319,62,99
/workspace/benchmarks_ai_research/data/genimage/biggan/imagenet_ai_0419_biggan/val/ai/743_biggan_00127.png,1,0,1,1,,4599.933484569192,62,100
/workspace/benchmarks_ai_research/data/genimage/biggan/imagenet_ai_0419_biggan/val/ai/987_biggan_00020.png,1,0,1,1,,3035.826774314046,62,100
/workspace/benchmarks_ai_research/data/genimage/biggan/imagenet_ai_0419_biggan/val/ai/465_biggan_00035.png,1,0,1,1,,3122.7786391973495,62,100
/workspace/benchmarks_ai_research/data/genimage/biggan/imagenet_ai_0419_biggan/val/ai/916_biggan_00127.png,1,0,1,1,,2356.127016246319,62,100
/workspace/benchmarks_ai_research/data/genimage/biggan/imagenet_ai_0419_biggan/val/ai/999_biggan_00035.png,1,0,1,1,,3534.3891698867083,62,100
/workspace/benchmarks_ai_research/data/genimage/biggan/imagenet_ai_0419_biggan/val/ai/919_biggan_00143.png,1,0,1,1,,2963.178515434265,62,100
/workspace/benchmarks_ai_research/data/genimage/biggan/imagenet_ai_0419_biggan/val/ai/409_biggan_00020.png,1,0,1,1,,3206.2612138688564,62,100
/workspace/benchmarks_ai_research/data/genimage/biggan/imagenet_ai_0419_biggan/val/ai/166_biggan_00143.png,1,0,1,1,,3594.653135165572,62,100
/workspace/benchmarks_ai_research/data/genimage/biggan/imagenet_ai_0419_biggan/val/ai/656_biggan_00039.png,1,0,1,1,,3117.0617882162333,62,100
/workspace/benchmarks_ai_research/data/genimage/biggan/imagenet_ai_0419_biggan/val/ai/080_biggan_00035.png,1,0,1,1,,2866.5956519544125,62,100
/workspace/benchmarks_ai_research/data/genimage/biggan/imagenet_ai_0419_biggan/val/ai/329_biggan_00143.png,1,0,1,1,,2449.471289291978,62,100
/workspace/benchmarks_ai_research/data/genimage/biggan/imagenet_ai_0419_biggan/val/ai/126_biggan_00127.png,1,0,1,0,REAL,2695.2676754444838,62,97
/workspace/benchmarks_ai_research/data/genimage/biggan/imagenet_ai_0419_biggan/val/ai/478_biggan_00035.png,1,0,1,1,,4542.857503518462,62,100
/workspace/benchmarks_ai_research/data/genimage/biggan/imagenet_ai_0419_biggan/val/ai/913_biggan_00039.png,1,0,1,0,REAL,3009.1089755296707,62,100
/workspace/benchmarks_ai_research/data/genimage/biggan/imagenet_ai_0419_biggan/val/ai/053_biggan_00035.png,1,0,1,1,,3133.8724605739117,62,100
/workspace/benchmarks_ai_research/data/genimage/biggan/imagenet_ai_0419_biggan/val/ai/011_biggan_00035.png,1,0,1,1,,3001.3361517339945,62,100
/workspace/benchmarks_ai_research/data/genimage/biggan/imagenet_ai_0419_biggan/val/ai/658_biggan_00039.png,1,0,1,1,,2993.4725016355515,62,100
/workspace/benchmarks_ai_research/data/genimage/biggan/imagenet_ai_0419_biggan/val/ai/383_biggan_00143.png,1,0,1,1,,2913.4581983089447,62,100
/workspace/benchmarks_ai_research/data/genimage/biggan/imagenet_ai_0419_biggan/val/ai/327_biggan_00020.png,1,0,1,0,REAL,1925.1104593276978,62,67
/workspace/benchmarks_ai_research/data/genimage/biggan/imagenet_ai_0419_biggan/val/ai/709_biggan_00039.png,1,0,1,1,,2960.0001014769077,62,100
/workspace/benchmarks_ai_research/data/genimage/biggan/imagenet_ai_0419_biggan/val/ai/961_biggan_00127.png,1,0,1,1,,2739.9500478059053,62,100
/workspace/benchmarks_ai_research/data/genimage/biggan/imagenet_ai_0419_biggan/val/ai/375_biggan_00127.png,1,0,1,1,,2545.08107714355,62,100
/workspace/benchmarks_ai_research/data/genimage/biggan/imagenet_ai_0419_biggan/val/ai/828_biggan_00035.png,1,0,1,1,,2780.102415010333,62,100
/workspace/benchmarks_ai_research/data/genimage/biggan/imagenet_ai_0419_biggan/val/ai/213_biggan_00143.png,1,0,1,1,,3244.3780582398176,62,100
/workspace/benchmarks_ai_research/data/genimage/biggan/imagenet_ai_0419_biggan/val/ai/720_biggan_00039.png,1,0,1,1,,2988.3139580488205,62,100
/workspace/benchmarks_ai_research/data/genimage/biggan/imagenet_ai_0419_biggan/val/ai/052_biggan_00020.png,1,0,1,1,,3172.0277331769466,62,100
/workspace/benchmarks_ai_research/data/genimage/biggan/imagenet_ai_0419_biggan/val/ai/482_biggan_00035.png,1,0,1,1,,2814.3278658390045,62,100
/workspace/benchmarks_ai_research/data/genimage/biggan/imagenet_ai_0419_biggan/val/ai/640_biggan_00035.png,1,0,1,1,,2842.7837546914816,62,100
/workspace/benchmarks_ai_research/data/genimage/biggan/imagenet_ai_0419_biggan/val/ai/313_biggan_00074.png,1,0,1,1,,3360.580451786518,62,100
/workspace/benchmarks_ai_research/data/genimage/biggan/imagenet_ai_0419_biggan/val/ai/664_biggan_00039.png,1,0,1,1,,2787.65713237226,62,100
/workspace/benchmarks_ai_research/data/genimage/biggan/imagenet_ai_0419_biggan/val/ai/714_biggan_00035.png,1,0,1,1,,4412.105839699507,62,100
/workspace/benchmarks_ai_research/data/genimage/biggan/imagenet_ai_0419_biggan/val/ai/052_biggan_00035.png,1,0,1,1,,3635.10968349874,62,100
/workspace/benchmarks_ai_research/data/genimage/biggan/imagenet_ai_0419_biggan/val/ai/630_biggan_00039.png,1,0,1,1,,2587.4761939048767,62,100
/workspace/benchmarks_ai_research/data/genimage/biggan/imagenet_ai_0419_biggan/val/ai/026_biggan_00020.png,1,0,1,1,,4122.968580573797,62,100
/workspace/benchmarks_ai_research/data/genimage/biggan/imagenet_ai_0419_biggan/val/ai/346_biggan_00143.png,1,0,1,1,,2831.5568678081036,62,100
/workspace/benchmarks_ai_research/data/genimage/biggan/imagenet_ai_0419_biggan/val/ai/560_biggan_00127.png,1,0,1,1,,3117.3944044858217,62,100
/workspace/benchmarks_ai_research/data/genimage/biggan/imagenet_ai_0419_biggan/val/ai/342_biggan_00074.png,1,0,1,0,REAL,2615.9382686018944,62,100
/workspace/benchmarks_ai_research/data/genimage/biggan/imagenet_ai_0419_biggan/val/ai/581_biggan_00127.png,1,0,1,1,,3026.881404221058,62,100
/workspace/benchmarks_ai_research/data/genimage/biggan/imagenet_ai_0419_biggan/val/ai/517_biggan_00035.png,1,0,1,1,,2743.490032851696,62,100
/workspace/benchmarks_ai_research/data/genimage/biggan/imagenet_ai_0419_biggan/val/ai/044_biggan_00039.png,1,0,1,1,,3249.3450231850147,62,100
/workspace/benchmarks_ai_research/data/genimage/biggan/imagenet_ai_0419_biggan/val/ai/907_biggan_00074.png,1,0,1,1,,2582.947414368391,62,100
/workspace/benchmarks_ai_research/data/genimage/biggan/imagenet_ai_0419_biggan/val/ai/613_biggan_00143.png,1,0,1,1,,2617.173232138157,62,100
/workspace/benchmarks_ai_research/data/genimage/biggan/imagenet_ai_0419_biggan/val/ai/995_biggan_00035.png,1,0,1,1,,2940.501632168889,62,100
/workspace/benchmarks_ai_research/data/genimage/biggan/imagenet_ai_0419_biggan/val/ai/890_biggan_00039.png,1,0,1,1,,3149.3159532546997,62,100
/workspace/benchmarks_ai_research/data/genimage/biggan/imagenet_ai_0419_biggan/val/ai/814_biggan_00039.png,1,0,1,1,,3722.1201956272125,62,100
/workspace/benchmarks_ai_research/data/genimage/biggan/imagenet_ai_0419_biggan/val/ai/419_biggan_00039.png,1,0,1,1,,2818.7691159546375,62,100
/workspace/benchmarks_ai_research/data/genimage/biggan/imagenet_ai_0419_biggan/val/ai/548_biggan_00127.png,1,0,1,1,,4804.842617362738,62,100
/workspace/benchmarks_ai_research/data/genimage/biggan/imagenet_ai_0419_biggan/val/ai/548_biggan_00035.png,1,0,1,1,,3144.817963242531,62,100
/workspace/benchmarks_ai_research/data/genimage/biggan/imagenet_ai_0419_biggan/val/ai/209_biggan_00143.png,1,0,1,1,,3093.884326517582,62,100
/workspace/benchmarks_ai_research/data/genimage/biggan/imagenet_ai_0419_biggan/val/ai/831_biggan_00035.png,1,0,1,1,,2732.111666351557,62,100
/workspace/benchmarks_ai_research/data/genimage/biggan/imagenet_ai_0419_biggan/val/ai/109_biggan_00127.png,1,0,1,0,REAL,2788.963409140706,62,85
/workspace/benchmarks_ai_research/data/genimage/biggan/imagenet_ai_0419_biggan/val/ai/213_biggan_00074.png,1,0,1,0,REAL,3947.127629071474,62,99
/workspace/benchmarks_ai_research/data/genimage/biggan/imagenet_ai_0419_biggan/val/ai/635_biggan_00039.png,1,0,1,1,,3067.140670493245,62,100
/workspace/benchmarks_ai_research/data/genimage/biggan/imagenet_ai_0419_biggan/val/ai/472_biggan_00039.png,1,0,1,1,,3223.629480227828,62,100
/workspace/benchmarks_ai_research/data/genimage/biggan/imagenet_ai_0419_biggan/val/ai/672_biggan_00020.png,1,0,1,1,,2944.5078298449516,62,100
/workspace/benchmarks_ai_research/data/genimage/biggan/imagenet_ai_0419_biggan/val/ai/529_biggan_00020.png,1,0,1,1,,3165.8478379249573,62,100
/workspace/benchmarks_ai_research/data/genimage/biggan/imagenet_ai_0419_biggan/val/ai/360_biggan_00143.png,1,0,1,1,,2979.7671902924776,62,100
/workspace/benchmarks_ai_research/data/genimage/biggan/imagenet_ai_0419_biggan/val/ai/885_biggan_00074.png,1,0,1,1,,2100.011255592108,62,100
/workspace/benchmarks_ai_research/data/genimage/biggan/imagenet_ai_0419_biggan/val/ai/146_biggan_00127.png,1,0,1,1,,2604.587135836482,62,100
/workspace/benchmarks_ai_research/data/genimage/biggan/imagenet_ai_0419_biggan/val/ai/626_biggan_00035.png,1,0,1,1,,3048.599772155285,62,100
/workspace/benchmarks_ai_research/data/genimage/biggan/imagenet_ai_0419_biggan/val/ai/761_biggan_00039.png,1,0,1,1,,2898.230431601405,62,100
/workspace/benchmarks_ai_research/data/genimage/biggan/imagenet_ai_0419_biggan/val/ai/885_biggan_00035.png,1,0,1,1,,3273.551134392619,62,100
/workspace/benchmarks_ai_research/data/genimage/biggan/imagenet_ai_0419_biggan/val/ai/098_biggan_00127.png,1,0,1,0,REAL,2778.0944146215916,62,82
/workspace/benchmarks_ai_research/data/genimage/biggan/imagenet_ai_0419_biggan/val/ai/762_biggan_00035.png,1,0,1,1,,3088.897742331028,62,100
/workspace/benchmarks_ai_research/data/genimage/biggan/imagenet_ai_0419_biggan/val/ai/656_biggan_00035.png,1,0,1,1,,2935.5256985872984,62,100
/workspace/benchmarks_ai_research/data/genimage/biggan/imagenet_ai_0419_biggan/val/ai/609_biggan_00143.png,1,0,1,1,,2923.167774453759,62,100
/workspace/benchmarks_ai_research/data/genimage/biggan/imagenet_ai_0419_biggan/val/ai/009_biggan_00074.png,1,0,1,1,,2862.9458881914616,62,100
/workspace/benchmarks_ai_research/data/genimage/biggan/imagenet_ai_0419_biggan/val/ai/818_biggan_00074.png,1,0,1,1,,3262.920130044222,62,100
/workspace/benchmarks_ai_research/data/genimage/biggan/imagenet_ai_0419_biggan/val/ai/786_biggan_00074.png,1,0,1,1,,3218.071861192584,62,100
/workspace/benchmarks_ai_research/data/genimage/biggan/imagenet_ai_0419_biggan/val/ai/306_biggan_00035.png,1,0,1,1,,2806.854048743844,62,100
/workspace/benchmarks_ai_research/data/genimage/biggan/imagenet_ai_0419_biggan/val/ai/709_biggan_00020.png,1,0,1,1,,2919.51946914196,62,100
/workspace/benchmarks_ai_research/data/genimage/biggan/imagenet_ai_0419_biggan/val/ai/232_biggan_00039.png,1,0,1,1,,2714.1272351145744,62,100
/workspace/benchmarks_ai_research/data/genimage/biggan/imagenet_ai_0419_biggan/val/ai/633_biggan_00039.png,1,0,1,1,,2910.00465862453,62,100
/workspace/benchmarks_ai_research/data/genimage/biggan/imagenet_ai_0419_biggan/val/ai/774_biggan_00074.png,1,0,1,1,,2750.210938975215,62,100
/workspace/benchmarks_ai_research/data/genimage/biggan/imagenet_ai_0419_biggan/val/ai/831_biggan_00143.png,1,0,1,1,,4954.817606136203,62,100
/workspace/benchmarks_ai_research/data/genimage/biggan/imagenet_ai_0419_biggan/val/ai/890_biggan_00020.png,1,0,1,1,,3621.14236317575,62,100
/workspace/benchmarks_ai_research/data/genimage/biggan/imagenet_ai_0419_biggan/val/ai/754_biggan_00035.png,1,0,1,1,,3677.7741592377424,62,100
/workspace/benchmarks_ai_research/data/genimage/biggan/imagenet_ai_0419_biggan/val/ai/462_biggan_00127.png,1,0,1,1,,3405.76577745378,62,100
/workspace/benchmarks_ai_research/data/genimage/biggan/imagenet_ai_0419_biggan/val/ai/979_biggan_00039.png,1,0,1,0,REAL,2534.8203275352716,62,67
/workspace/benchmarks_ai_research/data/genimage/biggan/imagenet_ai_0419_biggan/val/ai/643_biggan_00035.png,1,0,1,1,,3480.5591106414795,62,100
/workspace/benchmarks_ai_research/data/genimage/biggan/imagenet_ai_0419_biggan/val/ai/696_biggan_00074.png,1,0,1,1,,2449.5352301746607,62,100
/workspace/benchmarks_ai_research/data/genimage/biggan/imagenet_ai_0419_biggan/val/ai/847_biggan_00143.png,1,0,1,1,,2676.472321152687,62,100
/workspace/benchmarks_ai_research/data/genimage/biggan/imagenet_ai_0419_biggan/val/ai/327_biggan_00127.png,1,0,1,1,,2818.10312718153,62,100
/workspace/benchmarks_ai_research/data/genimage/biggan/imagenet_ai_0419_biggan/val/ai/662_biggan_00143.png,1,0,1,1,,3379.9997474998236,62,100
/workspace/benchmarks_ai_research/data/genimage/biggan/imagenet_ai_0419_biggan/val/ai/061_biggan_00020.png,1,0,1,1,,3477.890368551016,62,100
/workspace/benchmarks_ai_research/data/genimage/biggan/imagenet_ai_0419_biggan/val/ai/561_biggan_00020.png,1,0,1,1,,3296.2583359330893,62,100
/workspace/benchmarks_ai_research/data/genimage/biggan/imagenet_ai_0419_biggan/val/ai/277_biggan_00127.png,1,0,1,1,,2913.463559001684,62,100
/workspace/benchmarks_ai_research/data/genimage/biggan/imagenet_ai_0419_biggan/val/ai/784_biggan_00074.png,1,0,1,1,,2733.962547034025,62,100
/workspace/benchmarks_ai_research/data/genimage/biggan/imagenet_ai_0419_biggan/val/ai/786_biggan_00127.png,1,0,1,1,,2962.85268291831,62,100
/workspace/benchmarks_ai_research/data/genimage/biggan/imagenet_ai_0419_biggan/val/ai/469_biggan_00039.png,1,0,1,1,,3260.750688612461,62,100
/workspace/benchmarks_ai_research/data/genimage/biggan/imagenet_ai_0419_biggan/val/ai/397_biggan_00127.png,1,0,1,1,,2755.8753918856382,62,100
/workspace/benchmarks_ai_research/data/genimage/biggan/imagenet_ai_0419_biggan/val/ai/828_biggan_00143.png,1,0,1,1,,2279.0752723813057,62,100
/workspace/benchmarks_ai_research/data/genimage/biggan/imagenet_ai_0419_biggan/val/ai/303_biggan_00035.png,1,0,1,1,,2763.979760929942,62,100
/workspace/benchmarks_ai_research/data/genimage/biggan/imagenet_ai_0419_biggan/val/ai/855_biggan_00039.png,1,0,1,0,REAL,2525.17126314342,62,78
/workspace/benchmarks_ai_research/data/genimage/biggan/imagenet_ai_0419_biggan/val/ai/186_biggan_00020.png,1,0,1,1,,3130.3472071886063,62,100
/workspace/benchmarks_ai_research/data/genimage/biggan/imagenet_ai_0419_biggan/val/ai/871_biggan_00039.png,1,0,1,1,,2492.6028437912464,62,100
/workspace/benchmarks_ai_research/data/genimage/biggan/imagenet_ai_0419_biggan/val/ai/136_biggan_00127.png,1,0,1,1,,2962.790209800005,62,100
/workspace/benchmarks_ai_research/data/genimage/biggan/imagenet_ai_0419_biggan/val/ai/981_biggan_00035.png,1,0,1,1,,3116.6097316890955,62,100
/workspace/benchmarks_ai_research/data/genimage/biggan/imagenet_ai_0419_biggan/val/ai/456_biggan_00039.png,1,0,1,1,,3661.2559985369444,62,100
/workspace/benchmarks_ai_research/data/genimage/biggan/imagenet_ai_0419_biggan/val/ai/754_biggan_00039.png,1,0,1,1,,2456.911440938711,62,100
/workspace/benchmarks_ai_research/data/genimage/biggan/imagenet_ai_0419_biggan/val/ai/404_biggan_00143.png,1,0,1,1,,3055.3920790553093,62,100
/workspace/benchmarks_ai_research/data/genimage/biggan/imagenet_ai_0419_biggan/val/ai/456_biggan_00020.png,1,0,1,1,,3197.241995483637,62,100
/workspace/benchmarks_ai_research/data/genimage/biggan/imagenet_ai_0419_biggan/val/ai/713_biggan_00020.png,1,0,1,1,,3291.802369058132,62,100
/workspace/benchmarks_ai_research/data/genimage/biggan/imagenet_ai_0419_biggan/val/ai/509_biggan_00035.png,1,0,1,1,,3553.923962637782,62,100
/workspace/benchmarks_ai_research/data/genimage/biggan/imagenet_ai_0419_biggan/val/ai/903_biggan_00143.png,1,0,1,1,,4632.667824625969,62,100
/workspace/benchmarks_ai_research/data/genimage/biggan/imagenet_ai_0419_biggan/val/ai/763_biggan_00035.png,1,0,1,1,,2570.8322916179895,62,100
/workspace/benchmarks_ai_research/data/genimage/biggan/imagenet_ai_0419_biggan/val/ai/402_biggan_00143.png,1,0,1,1,,4096.692528575659,62,100
/workspace/benchmarks_ai_research/data/genimage/biggan/imagenet_ai_0419_biggan/val/ai/699_biggan_00074.png,1,0,1,1,,3096.235793083906,62,100
/workspace/benchmarks_ai_research/data/genimage/biggan/imagenet_ai_0419_biggan/val/ai/062_biggan_00127.png,1,0,1,1,,4909.424137324095,62,100
/workspace/benchmarks_ai_research/data/genimage/biggan/imagenet_ai_0419_biggan/val/ai/374_biggan_00127.png,1,0,1,1,,3293.9989250153303,62,100
/workspace/benchmarks_ai_research/data/genimage/biggan/imagenet_ai_0419_biggan/val/ai/145_biggan_00020.png,1,0,1,1,,3506.2222722917795,62,100
/workspace/benchmarks_ai_research/data/genimage/biggan/imagenet_ai_0419_biggan/val/ai/492_biggan_00074.png,1,0,1,1,,2777.4635050445795,62,100
/workspace/benchmarks_ai_research/data/genimage/biggan/imagenet_ai_0419_biggan/val/ai/250_biggan_00020.png,1,0,1,1,,3323.3423233032227,62,100
/workspace/benchmarks_ai_research/data/genimage/biggan/imagenet_ai_0419_biggan/val/ai/749_biggan_00039.png,1,0,1,1,,3126.4325231313705,62,100
/workspace/benchmarks_ai_research/data/genimage/biggan/imagenet_ai_0419_biggan/val/ai/122_biggan_00035.png,1,0,1,1,,3299.494743347168,62,100
/workspace/benchmarks_ai_research/data/genimage/biggan/imagenet_ai_0419_biggan/val/ai/997_biggan_00143.png,1,0,1,1,,3643.3744747191668,62,100
/workspace/benchmarks_ai_research/data/genimage/biggan/imagenet_ai_0419_biggan/val/ai/770_biggan_00074.png,1,0,1,1,,3437.9163403064013,62,100
/workspace/benchmarks_ai_research/data/genimage/biggan/imagenet_ai_0419_biggan/val/ai/779_biggan_00074.png,1,0,1,1,,3292.659856379032,62,100
/workspace/benchmarks_ai_research/data/genimage/biggan/imagenet_ai_0419_biggan/val/ai/912_biggan_00039.png,1,0,1,1,,3458.016471937299,62,100
/workspace/benchmarks_ai_research/data/genimage/biggan/imagenet_ai_0419_biggan/val/ai/684_biggan_00143.png,1,0,1,1,,2805.7008273899555,62,100
/workspace/benchmarks_ai_research/data/genimage/biggan/imagenet_ai_0419_biggan/val/ai/087_biggan_00074.png,1,0,1,1,,2844.238044694066,62,100
/workspace/benchmarks_ai_research/data/genimage/biggan/imagenet_ai_0419_biggan/val/ai/756_biggan_00020.png,1,0,1,1,,3326.892776414752,62,100
/workspace/benchmarks_ai_research/data/genimage/biggan/imagenet_ai_0419_biggan/val/ai/480_biggan_00127.png,1,0,1,1,,3092.192767187953,62,100
/workspace/benchmarks_ai_research/data/genimage/biggan/imagenet_ai_0419_biggan/val/ai/838_biggan_00039.png,1,0,1,1,,2994.8228914290667,62,100
/workspace/benchmarks_ai_research/data/genimage/biggan/imagenet_ai_0419_biggan/val/ai/510_biggan_00074.png,1,0,1,1,,2619.8150496929884,62,100
/workspace/benchmarks_ai_research/data/genimage/biggan/imagenet_ai_0419_biggan/val/ai/436_biggan_00143.png,1,0,1,1,,3742.7604012191296,62,100
/workspace/benchmarks_ai_research/data/genimage/biggan/imagenet_ai_0419_biggan/val/ai/251_biggan_00074.png,1,0,1,1,,5015.398172661662,62,100
/workspace/benchmarks_ai_research/data/genimage/biggan/imagenet_ai_0419_biggan/val/ai/498_biggan_00035.png,1,0,1,1,,3833.532279357314,62,100
/workspace/benchmarks_ai_research/data/genimage/biggan/imagenet_ai_0419_biggan/val/ai/719_biggan_00143.png,1,0,1,1,,4232.9697497189045,62,100
/workspace/benchmarks_ai_research/data/genimage/biggan/imagenet_ai_0419_biggan/val/ai/556_biggan_00143.png,1,0,1,1,,3483.3198748528957,62,100
/workspace/benchmarks_ai_research/data/genimage/biggan/imagenet_ai_0419_biggan/val/ai/921_biggan_00035.png,1,0,1,1,,3511.7915235459805,62,100
/workspace/benchmarks_ai_research/data/genimage/biggan/imagenet_ai_0419_biggan/val/ai/584_biggan_00035.png,1,0,1,1,,2915.6362395733595,62,100
/workspace/benchmarks_ai_research/data/genimage/biggan/imagenet_ai_0419_biggan/val/ai/865_biggan_00020.png,1,0,1,1,,2473.414059728384,62,100
/workspace/benchmarks_ai_research/data/genimage/biggan/imagenet_ai_0419_biggan/val/ai/028_biggan_00039.png,1,0,1,1,,3182.6031040400267,62,100
/workspace/benchmarks_ai_research/data/genimage/biggan/imagenet_ai_0419_biggan/val/ai/501_biggan_00143.png,1,0,1,1,,2924.0864850580692,62,100
/workspace/benchmarks_ai_research/data/genimage/biggan/imagenet_ai_0419_biggan/val/ai/522_biggan_00035.png,1,0,1,1,,2605.1107607781887,62,100
/workspace/benchmarks_ai_research/data/genimage/biggan/imagenet_ai_0419_biggan/val/ai/399_biggan_00020.png,1,0,1,1,,2952.8520051389933,62,100
/workspace/benchmarks_ai_research/data/genimage/biggan/imagenet_ai_0419_biggan/val/ai/608_biggan_00035.png,1,0,1,1,,3095.909036695957,62,100
/workspace/benchmarks_ai_research/data/genimage/biggan/imagenet_ai_0419_biggan/val/ai/577_biggan_00074.png,1,0,1,1,,3027.0953811705112,62,100
/workspace/benchmarks_ai_research/data/genimage/biggan/imagenet_ai_0419_biggan/val/ai/947_biggan_00074.png,1,0,1,1,,3201.654179021716,62,100
/workspace/benchmarks_ai_research/data/genimage/biggan/imagenet_ai_0419_biggan/val/ai/264_biggan_00020.png,1,0,1,0,REAL,6343.908591195941,62,96
/workspace/benchmarks_ai_research/data/genimage/biggan/imagenet_ai_0419_biggan/val/ai/231_biggan_00039.png,1,0,1,1,,2612.4013513326645,62,100
/workspace/benchmarks_ai_research/data/genimage/biggan/imagenet_ai_0419_biggan/val/ai/426_biggan_00035.png,1,0,1,1,,2986.2472284585238,62,100
/workspace/benchmarks_ai_research/data/genimage/biggan/imagenet_ai_0419_biggan/val/ai/150_biggan_00020.png,1,0,1,0,REAL,4828.9479948580265,62,92
/workspace/benchmarks_ai_research/data/genimage/biggan/imagenet_ai_0419_biggan/val/ai/102_biggan_00039.png,1,0,1,1,,3537.495831027627,62,100
/workspace/benchmarks_ai_research/data/genimage/biggan/imagenet_ai_0419_biggan/val/ai/352_biggan_00143.png,1,0,1,1,,3003.022713586688,62,100
/workspace/benchmarks_ai_research/data/genimage/biggan/imagenet_ai_0419_biggan/val/ai/847_biggan_00035.png,1,0,1,1,,4066.3868747651577,62,100
/workspace/benchmarks_ai_research/data/genimage/biggan/imagenet_ai_0419_biggan/val/ai/386_biggan_00035.png,1,0,1,0,REAL,3317.831950262189,62,100
/workspace/benchmarks_ai_research/data/genimage/biggan/imagenet_ai_0419_biggan/val/ai/312_biggan_00127.png,1,0,1,1,,2653.2802246510983,62,100
/workspace/benchmarks_ai_research/data/genimage/biggan/imagenet_ai_0419_biggan/val/ai/936_biggan_00035.png,1,0,1,0,REAL,2298.59721288085,62,71
/workspace/benchmarks_ai_research/data/genimage/biggan/imagenet_ai_0419_biggan/val/ai/800_biggan_00035.png,1,0,1,1,,2284.0015590190887,62,100
/workspace/benchmarks_ai_research/data/genimage/biggan/imagenet_ai_0419_biggan/val/ai/300_biggan_00127.png,1,0,1,1,,2913.949867710471,62,100
/workspace/benchmarks_ai_research/data/genimage/biggan/imagenet_ai_0419_biggan/val/ai/398_biggan_00035.png,1,0,1,1,,3780.704628676176,62,100
/workspace/benchmarks_ai_research/data/genimage/biggan/imagenet_ai_0419_biggan/val/ai/718_biggan_00020.png,1,0,1,1,,2577.0800914615393,62,100
/workspace/benchmarks_ai_research/data/genimage/biggan/imagenet_ai_0419_biggan/val/ai/479_biggan_00074.png,1,0,1,1,,2891.9459842145443,62,100
/workspace/benchmarks_ai_research/data/genimage/biggan/imagenet_ai_0419_biggan/val/ai/485_biggan_00020.png,1,0,1,1,,2926.349852234125,62,100
/workspace/benchmarks_ai_research/data/genimage/biggan/imagenet_ai_0419_biggan/val/ai/472_biggan_00020.png,1,0,1,0,REAL,3034.47849676013,62,82
/workspace/benchmarks_ai_research/data/genimage/biggan/imagenet_ai_0419_biggan/val/ai/249_biggan_00127.png,1,0,1,0,REAL,2623.7019766122103,62,84
/workspace/benchmarks_ai_research/data/genimage/biggan/imagenet_ai_0419_biggan/val/ai/491_biggan_00127.png,1,0,1,1,,3523.7263552844524,62,100
/workspace/benchmarks_ai_research/data/genimage/biggan/imagenet_ai_0419_biggan/val/ai/582_biggan_00035.png,1,0,1,1,,3818.2880729436874,62,100
/workspace/benchmarks_ai_research/data/genimage/biggan/imagenet_ai_0419_biggan/val/ai/086_biggan_00143.png,1,0,1,1,,2921.7196237295866,62,100
/workspace/benchmarks_ai_research/data/genimage/biggan/imagenet_ai_0419_biggan/val/ai/743_biggan_00035.png,1,0,1,1,,2927.5970682501793,62,100
/workspace/benchmarks_ai_research/data/genimage/biggan/imagenet_ai_0419_biggan/val/ai/685_biggan_00020.png,1,0,1,1,,3398.2402365654707,62,100
/workspace/benchmarks_ai_research/data/genimage/biggan/imagenet_ai_0419_biggan/val/ai/172_biggan_00039.png,1,0,1,1,,3438.4288378059864,62,100
/workspace/benchmarks_ai_research/data/genimage/biggan/imagenet_ai_0419_biggan/val/ai/919_biggan_00074.png,1,0,1,1,,6560.738451778889,62,100
/workspace/benchmarks_ai_research/data/genimage/biggan/imagenet_ai_0419_biggan/val/ai/618_biggan_00035.png,1,0,1,1,,5246.7505522072315,62,100
/workspace/benchmarks_ai_research/data/genimage/biggan/imagenet_ai_0419_biggan/val/ai/284_biggan_00074.png,1,0,1,1,,3699.169632047415,62,100
/workspace/benchmarks_ai_research/data/genimage/biggan/imagenet_ai_0419_biggan/val/ai/694_biggan_00127.png,1,0,1,1,,3846.853757277131,62,100
/workspace/benchmarks_ai_research/data/genimage/biggan/imagenet_ai_0419_biggan/val/ai/838_biggan_00143.png,1,0,1,1,,3684.111999347806,62,100
/workspace/benchmarks_ai_research/data/genimage/biggan/imagenet_ai_0419_biggan/val/ai/139_biggan_00074.png,1,0,1,1,,2964.9754986166954,62,100
/workspace/benchmarks_ai_research/data/genimage/biggan/imagenet_ai_0419_biggan/val/ai/478_biggan_00074.png,1,0,1,1,,3476.7308365553617,62,100
/workspace/benchmarks_ai_research/data/genimage/biggan/imagenet_ai_0419_biggan/val/ai/777_biggan_00039.png,1,0,1,1,,3347.3279494792223,62,100
/workspace/benchmarks_ai_research/data/genimage/biggan/imagenet_ai_0419_biggan/val/ai/457_biggan_00074.png,1,0,1,1,,3788.164798170328,62,100
/workspace/benchmarks_ai_research/data/genimage/biggan/imagenet_ai_0419_biggan/val/ai/615_biggan_00039.png,1,0,1,1,,3317.9577607661486,62,100
/workspace/benchmarks_ai_research/data/genimage/biggan/imagenet_ai_0419_biggan/val/ai/417_biggan_00020.png,1,0,1,1,,3121.971432119608,62,100
/workspace/benchmarks_ai_research/data/genimage/biggan/imagenet_ai_0419_biggan/val/ai/996_biggan_00020.png,1,0,1,1,,3462.513944134116,62,100
/workspace/benchmarks_ai_research/data/genimage/biggan/imagenet_ai_0419_biggan/val/ai/511_biggan_00074.png,1,0,1,1,,3804.2169101536274,62,100
/workspace/benchmarks_ai_research/data/genimage/biggan/imagenet_ai_0419_biggan/val/ai/859_biggan_00127.png,1,0,1,1,,3361.313519999385,62,100
/workspace/benchmarks_ai_research/data/genimage/biggan/imagenet_ai_0419_biggan/val/ai/881_biggan_00020.png,1,0,1,1,,3312.612069770694,62,100
/workspace/benchmarks_ai_research/data/genimage/biggan/imagenet_ai_0419_biggan/val/ai/695_biggan_00143.png,1,0,1,1,,3951.2933865189552,62,100
/workspace/benchmarks_ai_research/data/genimage/biggan/imagenet_ai_0419_biggan/val/ai/477_biggan_00143.png,1,0,1,1,,3463.7054223567247,62,100
/workspace/benchmarks_ai_research/data/genimage/biggan/imagenet_ai_0419_biggan/val/ai/726_biggan_00035.png,1,0,1,1,,3623.417627066374,62,100
/workspace/benchmarks_ai_research/data/genimage/biggan/imagenet_ai_0419_biggan/val/ai/182_biggan_00020.png,1,0,1,0,REAL,3429.211089387536,62,91
/workspace/benchmarks_ai_research/data/genimage/biggan/imagenet_ai_0419_biggan/val/ai/136_biggan_00039.png,1,0,1,0,REAL,4178.690550848842,62,82
/workspace/benchmarks_ai_research/data/genimage/biggan/imagenet_ai_0419_biggan/val/ai/429_biggan_00039.png,1,0,1,1,,4489.885861054063,62,100
/workspace/benchmarks_ai_research/data/genimage/biggan/imagenet_ai_0419_biggan/val/ai/741_biggan_00039.png,1,0,1,1,,3681.8573214113712,62,100
/workspace/benchmarks_ai_research/data/genimage/biggan/imagenet_ai_0419_biggan/val/ai/816_biggan_00039.png,1,0,1,1,,3861.089400947094,62,100
/workspace/benchmarks_ai_research/data/genimage/biggan/imagenet_ai_0419_biggan/val/ai/467_biggan_00039.png,1,0,1,1,,3218.782538548112,62,100
/workspace/benchmarks_ai_research/data/genimage/biggan/imagenet_ai_0419_biggan/val/ai/593_biggan_00039.png,1,0,1,1,,3804.203636944294,62,100
/workspace/benchmarks_ai_research/data/genimage/biggan/imagenet_ai_0419_biggan/val/ai/788_biggan_00035.png,1,0,1,1,,4411.260426044464,62,100
/workspace/benchmarks_ai_research/data/genimage/biggan/imagenet_ai_0419_biggan/val/ai/511_biggan_00127.png,1,0,1,1,,4041.577085852623,62,100
/workspace/benchmarks_ai_research/data/genimage/biggan/imagenet_ai_0419_biggan/val/ai/577_biggan_00035.png,1,0,1,1,,4263.685651123524,62,100
/workspace/benchmarks_ai_research/data/genimage/biggan/imagenet_ai_0419_biggan/val/ai/380_biggan_00039.png,1,0,1,1,,3298.559555783868,62,100
/workspace/benchmarks_ai_research/data/genimage/biggan/imagenet_ai_0419_biggan/val/ai/050_biggan_00143.png,1,0,1,1,,2712.2791036963463,62,100
/workspace/benchmarks_ai_research/data/genimage/biggan/imagenet_ai_0419_biggan/val/ai/147_biggan_00074.png,1,0,1,1,,3023.1809075921774,62,100
/workspace/benchmarks_ai_research/data/genimage/biggan/imagenet_ai_0419_biggan/val/ai/018_biggan_00127.png,1,0,1,1,,4320.664599537849,62,100
/workspace/benchmarks_ai_research/data/genimage/biggan/imagenet_ai_0419_biggan/val/ai/619_biggan_00035.png,1,0,1,1,,2988.136688247323,62,100
/workspace/benchmarks_ai_research/data/genimage/biggan/imagenet_ai_0419_biggan/val/ai/675_biggan_00020.png,1,0,1,1,,4620.580330491066,62,100
/workspace/benchmarks_ai_research/data/genimage/biggan/imagenet_ai_0419_biggan/val/ai/898_biggan_00020.png,1,0,1,1,,2759.117051959038,62,100
/workspace/benchmarks_ai_research/data/genimage/biggan/imagenet_ai_0419_biggan/val/ai/509_biggan_00039.png,1,0,1,1,,3932.9997319728136,62,100
/workspace/benchmarks_ai_research/data/genimage/biggan/imagenet_ai_0419_biggan/val/ai/477_biggan_00127.png,1,0,1,1,,3214.3775429576635,62,100
/workspace/benchmarks_ai_research/data/genimage/biggan/imagenet_ai_0419_biggan/val/ai/549_biggan_00035.png,1,0,1,1,,2990.797320380807,62,100
/workspace/benchmarks_ai_research/data/genimage/biggan/imagenet_ai_0419_biggan/val/ai/839_biggan_00039.png,1,0,1,1,,3220.435731112957,62,100
/workspace/benchmarks_ai_research/data/genimage/biggan/imagenet_ai_0419_biggan/val/ai/964_biggan_00039.png,1,0,1,1,,3164.085889235139,62,100
/workspace/benchmarks_ai_research/data/genimage/biggan/imagenet_ai_0419_biggan/val/ai/951_biggan_00020.png,1,0,1,1,,5332.822013646364,62,100
/workspace/benchmarks_ai_research/data/genimage/biggan/imagenet_ai_0419_biggan/val/ai/258_biggan_00020.png,1,0,1,1,,3738.9421444386244,62,100
/workspace/benchmarks_ai_research/data/genimage/biggan/imagenet_ai_0419_biggan/val/ai/817_biggan_00143.png,1,0,1,1,,3312.6160800457,62,100
/workspace/benchmarks_ai_research/data/genimage/biggan/imagenet_ai_0419_biggan/val/ai/625_biggan_00035.png,1,0,1,1,,4290.474476292729,62,100
/workspace/benchmarks_ai_research/data/genimage/biggan/imagenet_ai_0419_biggan/val/ai/491_biggan_00143.png,1,0,1,1,,3808.311039581895,62,100
/workspace/benchmarks_ai_research/data/genimage/biggan/imagenet_ai_0419_biggan/val/ai/910_biggan_00035.png,1,0,1,1,,3628.0325800180435,62,100
/workspace/benchmarks_ai_research/data/genimage/biggan/imagenet_ai_0419_biggan/val/ai/490_biggan_00039.png,1,0,1,1,,3598.245484754443,62,100
/workspace/benchmarks_ai_research/data/genimage/biggan/imagenet_ai_0419_biggan/val/ai/137_biggan_00143.png,1,0,1,0,REAL,4302.231637760997,62,91
/workspace/benchmarks_ai_research/data/genimage/biggan/imagenet_ai_0419_biggan/val/ai/052_biggan_00074.png,1,0,1,1,,4015.3409112244844,62,100
/workspace/benchmarks_ai_research/data/genimage/biggan/imagenet_ai_0419_biggan/val/ai/818_biggan_00143.png,1,0,1,1,,3399.186812341213,62,100
/workspace/benchmarks_ai_research/data/genimage/biggan/imagenet_ai_0419_biggan/val/ai/027_biggan_00143.png,1,0,1,1,,3253.063367679715,62,100
/workspace/benchmarks_ai_research/data/genimage/biggan/imagenet_ai_0419_biggan/val/ai/990_biggan_00074.png,1,0,1,1,,4239.768393337727,62,100
/workspace/benchmarks_ai_research/data/genimage/biggan/imagenet_ai_0419_biggan/val/ai/705_biggan_00127.png,1,0,1,1,,3727.559158578515,62,100
/workspace/benchmarks_ai_research/data/genimage/biggan/imagenet_ai_0419_biggan/val/ai/465_biggan_00039.png,1,0,1,0,REAL,2828.4792620688677,62,82
/workspace/benchmarks_ai_research/data/genimage/biggan/imagenet_ai_0419_biggan/val/ai/484_biggan_00035.png,1,0,1,1,,3365.2421813458204,62,100
/workspace/benchmarks_ai_research/data/genimage/biggan/imagenet_ai_0419_biggan/val/ai/993_biggan_00020.png,1,0,1,1,,3193.968592211604,62,100
/workspace/benchmarks_ai_research/data/genimage/biggan/imagenet_ai_0419_biggan/val/ai/742_biggan_00074.png,1,0,1,0,REAL,1964.7096134722233,62,52
/workspace/benchmarks_ai_research/data/genimage/biggan/imagenet_ai_0419_biggan/val/ai/069_biggan_00020.png,1,0,1,1,,2889.581648632884,62,100
/workspace/benchmarks_ai_research/data/genimage/biggan/imagenet_ai_0419_biggan/val/ai/707_biggan_00074.png,1,0,1,1,,3309.115070849657,62,100
/workspace/benchmarks_ai_research/data/genimage/biggan/imagenet_ai_0419_biggan/val/ai/142_biggan_00143.png,1,0,1,1,,3651.829918846488,62,100
/workspace/benchmarks_ai_research/data/genimage/biggan/imagenet_ai_0419_biggan/val/ai/462_biggan_00039.png,1,0,1,1,,2879.7123190015554,62,100
/workspace/benchmarks_ai_research/data/genimage/biggan/imagenet_ai_0419_biggan/val/ai/360_biggan_00035.png,1,0,1,1,,2778.692929074168,62,100
/workspace/benchmarks_ai_research/data/genimage/biggan/imagenet_ai_0419_biggan/val/ai/056_biggan_00143.png,1,0,1,1,,2547.919876873493,62,100
/workspace/benchmarks_ai_research/data/genimage/biggan/imagenet_ai_0419_biggan/val/ai/569_biggan_00039.png,1,0,1,1,,3715.3743468225002,62,100
/workspace/benchmarks_ai_research/data/genimage/biggan/imagenet_ai_0419_biggan/val/ai/980_biggan_00035.png,1,0,1,0,REAL,3208.3128318190575,62,100
/workspace/benchmarks_ai_research/data/genimage/biggan/imagenet_ai_0419_biggan/val/ai/446_biggan_00035.png,1,0,1,1,,3231.1650682240725,62,100
/workspace/benchmarks_ai_research/data/genimage/biggan/imagenet_ai_0419_biggan/val/ai/754_biggan_00074.png,1,0,1,1,,3735.11697165668,62,100
/workspace/benchmarks_ai_research/data/genimage/biggan/imagenet_ai_0419_biggan/val/ai/147_biggan_00020.png,1,0,1,0,REAL,2640.6248826533556,62,78
/workspace/benchmarks_ai_research/data/genimage/biggan/imagenet_ai_0419_biggan/val/ai/838_biggan_00020.png,1,0,1,1,,3351.861709728837,62,100
/workspace/benchmarks_ai_research/data/genimage/biggan/imagenet_ai_0419_biggan/val/ai/644_biggan_00127.png,1,0,1,0,REAL,3214.900838211179,62,92
/workspace/benchmarks_ai_research/data/genimage/biggan/imagenet_ai_0419_biggan/val/ai/824_biggan_00127.png,1,0,1,1,,2800.7130660116673,62,100
/workspace/benchmarks_ai_research/data/genimage/biggan/imagenet_ai_0419_biggan/val/ai/271_biggan_00020.png,1,0,1,1,,2859.8296102136374,62,100
/workspace/benchmarks_ai_research/data/genimage/biggan/imagenet_ai_0419_biggan/val/ai/256_biggan_00074.png,1,0,1,0,REAL,2291.9657807797194,62,72
/workspace/benchmarks_ai_research/data/genimage/biggan/imagenet_ai_0419_biggan/val/ai/787_biggan_00035.png,1,0,1,1,,3038.073990494013,62,100
/workspace/benchmarks_ai_research/data/genimage/biggan/imagenet_ai_0419_biggan/val/ai/613_biggan_00074.png,1,0,1,1,,3012.819467112422,62,100
/workspace/benchmarks_ai_research/data/genimage/biggan/imagenet_ai_0419_biggan/val/ai/811_biggan_00039.png,1,0,1,1,,2624.279797077179,62,100
/workspace/benchmarks_ai_research/data/genimage/biggan/imagenet_ai_0419_biggan/val/ai/990_biggan_00143.png,1,0,1,1,,3429.823435842991,62,100
/workspace/benchmarks_ai_research/data/genimage/biggan/imagenet_ai_0419_biggan/val/ai/972_biggan_00074.png,1,0,1,1,,2708.2348316907883,62,100
/workspace/benchmarks_ai_research/data/genimage/biggan/imagenet_ai_0419_biggan/val/ai/337_biggan_00143.png,1,0,1,1,,4991.261402145028,62,100
/workspace/benchmarks_ai_research/data/genimage/biggan/imagenet_ai_0419_biggan/val/ai/502_biggan_00074.png,1,0,1,1,,2781.845424324274,62,100
/workspace/benchmarks_ai_research/data/genimage/biggan/imagenet_ai_0419_biggan/val/ai/610_biggan_00127.png,1,0,1,1,,2786.691129207611,62,100
/workspace/benchmarks_ai_research/data/genimage/biggan/imagenet_ai_0419_biggan/val/ai/194_biggan_00127.png,1,0,1,1,,2774.9800439924,62,100
/workspace/benchmarks_ai_research/data/genimage/biggan/imagenet_ai_0419_biggan/val/ai/780_biggan_00035.png,1,0,1,1,,3109.0329755097628,62,100
/workspace/benchmarks_ai_research/data/genimage/biggan/imagenet_ai_0419_biggan/val/ai/567_biggan_00039.png,1,0,1,0,REAL,3102.4220399558544,62,100
/workspace/benchmarks_ai_research/data/genimage/biggan/imagenet_ai_0419_biggan/val/ai/041_biggan_00020.png,1,0,1,1,,2990.7484110444784,62,100
/workspace/benchmarks_ai_research/data/genimage/biggan/imagenet_ai_0419_biggan/val/ai/144_biggan_00143.png,1,0,1,1,,2904.6215023845434,62,100
/workspace/benchmarks_ai_research/data/genimage/biggan/imagenet_ai_0419_biggan/val/ai/472_biggan_00127.png,1,0,1,1,,2976.6920171678066,62,100
/workspace/benchmarks_ai_research/data/genimage/biggan/imagenet_ai_0419_biggan/val/ai/617_biggan_00020.png,1,0,1,1,,2476.5867311507463,62,100
/workspace/benchmarks_ai_research/data/genimage/biggan/imagenet_ai_0419_biggan/val/ai/403_biggan_00020.png,1,0,1,1,,3303.6472722887993,62,100
/workspace/benchmarks_ai_research/data/genimage/biggan/imagenet_ai_0419_biggan/val/ai/685_biggan_00039.png,1,0,1,1,,2943.3067943900824,62,100
/workspace/benchmarks_ai_research/data/genimage/biggan/imagenet_ai_0419_biggan/val/ai/673_biggan_00020.png,1,0,1,1,,3099.6593050658703,62,100
/workspace/benchmarks_ai_research/data/genimage/biggan/imagenet_ai_0419_biggan/val/ai/590_biggan_00127.png,1,0,1,1,,2707.550184801221,62,100
/workspace/benchmarks_ai_research/data/genimage/biggan/imagenet_ai_0419_biggan/val/ai/478_biggan_00020.png,1,0,1,1,,3585.020162165165,62,100
/workspace/benchmarks_ai_research/data/genimage/biggan/imagenet_ai_0419_biggan/val/ai/185_biggan_00020.png,1,0,1,0,REAL,2862.443944439292,62,100
/workspace/benchmarks_ai_research/data/genimage/biggan/imagenet_ai_0419_biggan/val/ai/280_biggan_00143.png,1,0,1,1,,2747.063484042883,62,100
/workspace/benchmarks_ai_research/data/genimage/biggan/imagenet_ai_0419_biggan/val/ai/748_biggan_00035.png,1,0,1,1,,2459.466729313135,62,100
/workspace/benchmarks_ai_research/data/genimage/biggan/imagenet_ai_0419_biggan/val/ai/513_biggan_00143.png,1,0,1,1,,2718.1034311652184,62,100
/workspace/benchmarks_ai_research/data/genimage/biggan/imagenet_ai_0419_biggan/val/ai/090_biggan_00035.png,1,0,1,1,,3237.4341301620007,62,100
/workspace/benchmarks_ai_research/data/genimage/biggan/imagenet_ai_0419_biggan/val/ai/542_biggan_00039.png,1,0,1,1,,2691.8647531419992,62,100
/workspace/benchmarks_ai_research/data/genimage/biggan/imagenet_ai_0419_biggan/val/ai/651_biggan_00127.png,1,0,1,1,,2718.612302094698,62,100
/workspace/benchmarks_ai_research/data/genimage/biggan/imagenet_ai_0419_biggan/val/ai/712_biggan_00020.png,1,0,1,1,,2730.8503948152065,62,100
/workspace/benchmarks_ai_research/data/genimage/biggan/imagenet_ai_0419_biggan/val/ai/005_biggan_00035.png,1,0,1,1,,2523.4823897480965,62,100
/workspace/benchmarks_ai_research/data/genimage/biggan/imagenet_ai_0419_biggan/val/ai/410_biggan_00039.png,1,0,1,1,,4166.94887727499,62,100
/workspace/benchmarks_ai_research/data/genimage/biggan/imagenet_ai_0419_biggan/val/ai/650_biggan_00143.png,1,0,1,1,,2878.497963771224,62,100
/workspace/benchmarks_ai_research/data/genimage/biggan/imagenet_ai_0419_biggan/val/ai/412_biggan_00039.png,1,0,1,1,,2921.8579567968845,62,100
/workspace/benchmarks_ai_research/data/genimage/biggan/imagenet_ai_0419_biggan/val/ai/831_biggan_00020.png,1,0,1,1,,2508.5661597549915,62,100
/workspace/benchmarks_ai_research/data/genimage/biggan/imagenet_ai_0419_biggan/val/ai/912_biggan_00074.png,1,0,1,1,,3208.567261695862,62,100
/workspace/benchmarks_ai_research/data/genimage/biggan/imagenet_ai_0419_biggan/val/ai/450_biggan_00143.png,1,0,1,1,,3678.51341329515,62,100
/workspace/benchmarks_ai_research/data/genimage/biggan/imagenet_ai_0419_biggan/val/ai/539_biggan_00143.png,1,0,1,1,,3222.690423950553,62,100
/workspace/benchmarks_ai_research/data/genimage/biggan/imagenet_ai_0419_biggan/val/ai/410_biggan_00127.png,1,0,1,1,,2564.347479492426,62,100
/workspace/benchmarks_ai_research/data/genimage/biggan/imagenet_ai_0419_biggan/val/ai/656_biggan_00127.png,1,0,1,1,,3055.4888751357794,62,100
/workspace/benchmarks_ai_research/data/genimage/biggan/imagenet_ai_0419_biggan/val/ai/499_biggan_00020.png,1,0,1,1,,2767.887720838189,62,100
/workspace/benchmarks_ai_research/data/genimage/biggan/imagenet_ai_0419_biggan/val/ai/060_biggan_00127.png,1,0,1,1,,3004.3942909687757,62,100
/workspace/benchmarks_ai_research/data/genimage/biggan/imagenet_ai_0419_biggan/val/ai/686_biggan_00074.png,1,0,1,1,,2925.970593467355,62,100
/workspace/benchmarks_ai_research/data/genimage/biggan/imagenet_ai_0419_biggan/val/ai/139_biggan_00039.png,1,0,1,1,,3018.2220339775085,62,100
/workspace/benchmarks_ai_research/data/genimage/biggan/imagenet_ai_0419_biggan/val/ai/593_biggan_00127.png,1,0,1,1,,3309.559144079685,62,100
/workspace/benchmarks_ai_research/data/genimage/biggan/imagenet_ai_0419_biggan/val/ai/497_biggan_00143.png,1,0,1,1,FAKE,3157.8437723219395,62,96
/workspace/benchmarks_ai_research/data/genimage/biggan/imagenet_ai_0419_biggan/val/ai/145_biggan_00035.png,1,0,1,1,,3303.270300850272,62,100
/workspace/benchmarks_ai_research/data/genimage/biggan/imagenet_ai_0419_biggan/val/ai/451_biggan_00143.png,1,0,1,1,,4030.838379636407,62,100
/workspace/benchmarks_ai_research/data/genimage/biggan/imagenet_ai_0419_biggan/val/ai/399_biggan_00039.png,1,0,1,1,,3242.2994319349527,62,100
/workspace/benchmarks_ai_research/data/genimage/biggan/imagenet_ai_0419_biggan/val/ai/693_biggan_00020.png,1,0,1,1,,2980.5479515343904,62,100
/workspace/benchmarks_ai_research/data/genimage/biggan/imagenet_ai_0419_biggan/val/ai/100_biggan_00035.png,1,0,1,1,,2702.667934820056,62,100
/workspace/benchmarks_ai_research/data/genimage/biggan/imagenet_ai_0419_biggan/val/ai/425_biggan_00127.png,1,0,1,1,,3315.95447473228,62,100
/workspace/benchmarks_ai_research/data/genimage/biggan/imagenet_ai_0419_biggan/val/ai/128_biggan_00035.png,1,0,1,1,,3222.9617945849895,62,100
/workspace/benchmarks_ai_research/data/genimage/biggan/imagenet_ai_0419_biggan/val/ai/328_biggan_00020.png,1,0,1,1,,2850.462479516864,62,100
/workspace/benchmarks_ai_research/data/genimage/biggan/imagenet_ai_0419_biggan/val/ai/475_biggan_00035.png,1,0,1,0,REAL,1758.328404277563,62,66
/workspace/benchmarks_ai_research/data/genimage/biggan/imagenet_ai_0419_biggan/val/ai/925_biggan_00020.png,1,0,1,1,,2904.8408940434456,62,100
/workspace/benchmarks_ai_research/data/genimage/biggan/imagenet_ai_0419_biggan/val/ai/708_biggan_00035.png,1,0,1,1,,2842.525167390704,62,100
/workspace/benchmarks_ai_research/data/genimage/biggan/imagenet_ai_0419_biggan/val/ai/156_biggan_00143.png,1,0,1,1,,2709.330305457115,62,100
/workspace/benchmarks_ai_research/data/genimage/biggan/imagenet_ai_0419_biggan/val/ai/794_biggan_00039.png,1,0,1,1,,3580.9451397508383,62,100
/workspace/benchmarks_ai_research/data/genimage/biggan/imagenet_ai_0419_biggan/val/ai/415_biggan_00035.png,1,0,1,1,,2918.9176447689533,62,100
/workspace/benchmarks_ai_research/data/genimage/biggan/imagenet_ai_0419_biggan/val/ai/028_biggan_00020.png,1,0,1,1,,3262.8062311559916,62,100
/workspace/benchmarks_ai_research/data/genimage/biggan/imagenet_ai_0419_biggan/val/ai/405_biggan_00039.png,1,0,1,1,,3005.395097658038,62,100
/workspace/benchmarks_ai_research/data/genimage/biggan/imagenet_ai_0419_biggan/val/ai/919_biggan_00039.png,1,0,1,1,,3315.490370616317,62,100
/workspace/benchmarks_ai_research/data/genimage/biggan/imagenet_ai_0419_biggan/val/ai/640_biggan_00020.png,1,0,1,1,,2638.360232114792,62,100
/workspace/benchmarks_ai_research/data/genimage/biggan/imagenet_ai_0419_biggan/val/ai/894_biggan_00020.png,1,0,1,0,REAL,2551.9064888358116,62,73
/workspace/benchmarks_ai_research/data/genimage/biggan/imagenet_ai_0419_biggan/val/ai/398_biggan_00074.png,1,0,1,1,,3543.2961247861385,62,100
/workspace/benchmarks_ai_research/data/genimage/biggan/imagenet_ai_0419_biggan/val/ai/618_biggan_00143.png,1,0,1,1,,2885.727468878031,62,100
/workspace/benchmarks_ai_research/data/genimage/biggan/imagenet_ai_0419_biggan/val/ai/804_biggan_00020.png,1,0,1,1,,3488.66930603981,62,100
/workspace/benchmarks_ai_research/data/genimage/biggan/imagenet_ai_0419_biggan/val/ai/781_biggan_00143.png,1,0,1,1,,4415.876472368836,62,100
/workspace/benchmarks_ai_research/data/genimage/biggan/imagenet_ai_0419_biggan/val/ai/274_biggan_00127.png,1,0,1,1,,3256.993144750595,62,100
/workspace/benchmarks_ai_research/data/genimage/biggan/imagenet_ai_0419_biggan/val/ai/212_biggan_00039.png,1,0,1,1,,2932.6982647180557,62,100
/workspace/benchmarks_ai_research/data/genimage/biggan/imagenet_ai_0419_biggan/val/ai/606_biggan_00020.png,1,0,1,1,,2370.8455748856068,62,100
/workspace/benchmarks_ai_research/data/genimage/biggan/imagenet_ai_0419_biggan/val/ai/637_biggan_00127.png,1,0,1,1,,3002.1399948745966,62,100
/workspace/benchmarks_ai_research/data/genimage/biggan/imagenet_ai_0419_biggan/val/ai/436_biggan_00074.png,1,0,1,1,,3413.260353729129,62,100
/workspace/benchmarks_ai_research/data/genimage/biggan/imagenet_ai_0419_biggan/val/ai/829_biggan_00143.png,1,0,1,1,,3307.7992536127567,62,100
/workspace/benchmarks_ai_research/data/genimage/biggan/imagenet_ai_0419_biggan/val/ai/855_biggan_00020.png,1,0,1,1,,4027.244998142123,62,100
/workspace/benchmarks_ai_research/data/genimage/biggan/imagenet_ai_0419_biggan/val/ai/856_biggan_00074.png,1,0,1,1,,2758.835172280669,62,100
/workspace/benchmarks_ai_research/data/genimage/biggan/imagenet_ai_0419_biggan/val/ai/796_biggan_00143.png,1,0,1,1,,3345.1275005936623,62,100
/workspace/benchmarks_ai_research/data/genimage/biggan/imagenet_ai_0419_biggan/val/ai/810_biggan_00143.png,1,0,1,1,,3588.8472832739353,62,100
/workspace/benchmarks_ai_research/data/genimage/biggan/imagenet_ai_0419_biggan/val/ai/059_biggan_00035.png,1,0,1,1,,3196.1352843791246,62,100
/workspace/benchmarks_ai_research/data/genimage/biggan/imagenet_ai_0419_biggan/val/ai/828_biggan_00039.png,1,0,1,1,,3372.297814115882,62,100
/workspace/benchmarks_ai_research/data/genimage/biggan/imagenet_ai_0419_biggan/val/ai/991_biggan_00127.png,1,0,1,1,,3438.8880729675293,62,100
/workspace/benchmarks_ai_research/data/genimage/biggan/imagenet_ai_0419_biggan/val/ai/798_biggan_00020.png,1,0,1,1,,3928.154569119215,62,100
/workspace/benchmarks_ai_research/data/genimage/biggan/imagenet_ai_0419_biggan/val/ai/353_biggan_00127.png,1,0,1,1,,2620.261238887906,62,100
/workspace/benchmarks_ai_research/data/genimage/biggan/imagenet_ai_0419_biggan/val/ai/473_biggan_00035.png,1,0,1,1,,3225.8703224360943,62,100
/workspace/benchmarks_ai_research/data/genimage/biggan/imagenet_ai_0419_biggan/val/ai/434_biggan_00074.png,1,0,1,1,,3114.488575607538,62,100
/workspace/benchmarks_ai_research/data/genimage/biggan/imagenet_ai_0419_biggan/val/ai/577_biggan_00039.png,1,0,1,1,,3339.035289362073,62,100
/workspace/benchmarks_ai_research/data/genimage/biggan/imagenet_ai_0419_biggan/val/ai/981_biggan_00020.png,1,0,1,1,,3483.498774468899,62,100
/workspace/benchmarks_ai_research/data/genimage/biggan/imagenet_ai_0419_biggan/val/ai/501_biggan_00074.png,1,0,1,1,,3459.432352334261,62,100
/workspace/benchmarks_ai_research/data/genimage/biggan/imagenet_ai_0419_biggan/val/ai/674_biggan_00127.png,1,0,1,1,,3120.1859805732965,62,100
/workspace/benchmarks_ai_research/data/genimage/biggan/imagenet_ai_0419_biggan/val/ai/540_biggan_00143.png,1,0,1,1,,3337.724778801203,62,100
/workspace/benchmarks_ai_research/data/genimage/biggan/imagenet_ai_0419_biggan/val/ai/651_biggan_00143.png,1,0,1,1,,2952.6888635009527,62,100
/workspace/benchmarks_ai_research/data/genimage/biggan/imagenet_ai_0419_biggan/val/ai/270_biggan_00127.png,1,0,1,1,,3004.387943074107,62,100
/workspace/benchmarks_ai_research/data/genimage/biggan/imagenet_ai_0419_biggan/val/ai/580_biggan_00020.png,1,0,1,1,,3322.348151355982,62,100
/workspace/benchmarks_ai_research/data/genimage/biggan/imagenet_ai_0419_biggan/val/ai/901_biggan_00074.png,1,0,1,1,,4290.235066786408,62,100
/workspace/benchmarks_ai_research/data/genimage/biggan/imagenet_ai_0419_biggan/val/ai/472_biggan_00143.png,1,0,1,1,,2826.7971575260162,62,100
/workspace/benchmarks_ai_research/data/genimage/biggan/imagenet_ai_0419_biggan/val/ai/686_biggan_00143.png,1,0,1,1,,2896.5612184256315,62,100
/workspace/benchmarks_ai_research/data/genimage/biggan/imagenet_ai_0419_biggan/val/ai/814_biggan_00143.png,1,0,1,0,REAL,2545.040652155876,62,89
/workspace/benchmarks_ai_research/data/genimage/biggan/imagenet_ai_0419_biggan/val/ai/070_biggan_00127.png,1,0,1,1,,2407.890787348151,62,100
/workspace/benchmarks_ai_research/data/genimage/biggan/imagenet_ai_0419_biggan/val/ai/821_biggan_00074.png,1,0,1,1,,2671.5712789446115,62,100
/workspace/benchmarks_ai_research/data/genimage/biggan/imagenet_ai_0419_biggan/val/ai/143_biggan_00074.png,1,0,1,0,REAL,2961.8289079517126,62,100
/workspace/benchmarks_ai_research/data/genimage/biggan/imagenet_ai_0419_biggan/val/ai/616_biggan_00020.png,1,0,1,1,,2914.3027029931545,62,100
/workspace/benchmarks_ai_research/data/genimage/biggan/imagenet_ai_0419_biggan/val/ai/615_biggan_00127.png,1,0,1,1,,2769.66255530715,62,100
/workspace/benchmarks_ai_research/data/genimage/biggan/imagenet_ai_0419_biggan/val/ai/542_biggan_00035.png,1,0,1,1,,2966.6184447705746,62,100
/workspace/benchmarks_ai_research/data/genimage/biggan/imagenet_ai_0419_biggan/val/ai/863_biggan_00127.png,1,0,1,1,,3283.7775889784098,62,100
/workspace/benchmarks_ai_research/data/genimage/biggan/imagenet_ai_0419_biggan/val/ai/159_biggan_00035.png,1,0,1,0,REAL,3265.127209946513,62,86
/workspace/benchmarks_ai_research/data/genimage/biggan/imagenet_ai_0419_biggan/val/ai/824_biggan_00143.png,1,0,1,1,,2870.1888602226973,62,100
/workspace/benchmarks_ai_research/data/genimage/biggan/imagenet_ai_0419_biggan/val/ai/249_biggan_00020.png,1,0,1,1,,2986.7505375295877,62,100
/workspace/benchmarks_ai_research/data/genimage/biggan/imagenet_ai_0419_biggan/val/ai/841_biggan_00074.png,1,0,1,1,,3343.469539657235,62,100
/workspace/benchmarks_ai_research/data/genimage/biggan/imagenet_ai_0419_biggan/val/ai/661_biggan_00035.png,1,0,1,1,,2877.445735037327,62,100
/workspace/benchmarks_ai_research/data/genimage/biggan/imagenet_ai_0419_biggan/val/ai/455_biggan_00074.png,1,0,1,1,,3203.398896381259,62,100
/workspace/benchmarks_ai_research/data/genimage/biggan/imagenet_ai_0419_biggan/val/ai/648_biggan_00127.png,1,0,1,1,,2910.946140065789,62,100
/workspace/benchmarks_ai_research/data/genimage/biggan/imagenet_ai_0419_biggan/val/ai/609_biggan_00020.png,1,0,1,1,,3206.4240649342537,62,100
/workspace/benchmarks_ai_research/data/genimage/biggan/imagenet_ai_0419_biggan/val/ai/885_biggan_00127.png,1,0,1,1,,2553.290046751499,62,100
/workspace/benchmarks_ai_research/data/genimage/biggan/imagenet_ai_0419_biggan/val/ai/910_biggan_00127.png,1,0,1,1,,3140.7914627343416,62,100
/workspace/benchmarks_ai_research/data/genimage/biggan/imagenet_ai_0419_biggan/val/ai/749_biggan_00143.png,1,0,1,1,,2771.654684096575,62,100
/workspace/benchmarks_ai_research/data/genimage/biggan/imagenet_ai_0419_biggan/val/ai/799_biggan_00020.png,1,0,1,1,,2809.935700148344,62,100
/workspace/benchmarks_ai_research/data/genimage/biggan/imagenet_ai_0419_biggan/val/ai/120_biggan_00039.png,1,0,1,1,,3425.223808735609,62,100
/workspace/benchmarks_ai_research/data/genimage/biggan/imagenet_ai_0419_biggan/val/ai/654_biggan_00035.png,1,0,1,1,,2642.1108916401863,62,100
/workspace/benchmarks_ai_research/data/genimage/biggan/imagenet_ai_0419_biggan/val/ai/680_biggan_00020.png,1,0,1,1,,3085.3530261665583,62,100
/workspace/benchmarks_ai_research/data/genimage/biggan/imagenet_ai_0419_biggan/val/ai/731_biggan_00143.png,1,0,1,1,,3566.8634194880724,62,100
/workspace/benchmarks_ai_research/data/genimage/biggan/imagenet_ai_0419_biggan/val/ai/704_biggan_00127.png,1,0,1,1,,2910.2376978844404,62,100
/workspace/benchmarks_ai_research/data/genimage/biggan/imagenet_ai_0419_biggan/val/ai/746_biggan_00039.png,1,0,1,1,,3264.4766196608543,62,100
/workspace/benchmarks_ai_research/data/genimage/biggan/imagenet_ai_0419_biggan/val/ai/088_biggan_00039.png,1,0,1,1,,3214.8908842355013,62,100
/workspace/benchmarks_ai_research/data/genimage/biggan/imagenet_ai_0419_biggan/val/ai/811_biggan_00020.png,1,0,1,1,,3601.237127557397,62,100
/workspace/benchmarks_ai_research/data/genimage/biggan/imagenet_ai_0419_biggan/val/ai/044_biggan_00127.png,1,0,1,1,,3444.392576813698,62,100
/workspace/benchmarks_ai_research/data/genimage/biggan/imagenet_ai_0419_biggan/val/ai/247_biggan_00074.png,1,0,1,1,,3076.986012980342,62,100
/workspace/benchmarks_ai_research/data/genimage/biggan/imagenet_ai_0419_biggan/val/ai/731_biggan_00035.png,1,0,1,1,,3463.470531627536,62,100
/workspace/benchmarks_ai_research/data/genimage/biggan/imagenet_ai_0419_biggan/val/ai/147_biggan_00039.png,1,0,1,1,,2425.346277654171,62,100
/workspace/benchmarks_ai_research/data/genimage/biggan/imagenet_ai_0419_biggan/val/ai/220_biggan_00074.png,1,0,1,1,,2699.568912386894,62,100
/workspace/benchmarks_ai_research/data/genimage/biggan/imagenet_ai_0419_biggan/val/ai/977_biggan_00035.png,1,0,1,1,,2324.720924720168,62,100
/workspace/benchmarks_ai_research/data/genimage/biggan/imagenet_ai_0419_biggan/val/ai/626_biggan_00074.png,1,0,1,1,,2607.6495964080095,62,100
/workspace/benchmarks_ai_research/data/genimage/biggan/imagenet_ai_0419_biggan/val/ai/978_biggan_00020.png,1,0,1,0,REAL,2890.3011474758387,62,93
/workspace/benchmarks_ai_research/data/genimage/biggan/imagenet_ai_0419_biggan/val/ai/552_biggan_00143.png,1,0,1,1,,2891.567325219512,62,100
/workspace/benchmarks_ai_research/data/genimage/biggan/imagenet_ai_0419_biggan/val/ai/685_biggan_00143.png,1,0,1,1,,2704.484498128295,62,100
/workspace/benchmarks_ai_research/data/genimage/biggan/imagenet_ai_0419_biggan/val/ai/178_biggan_00127.png,1,0,1,1,,3174.5725721120834,62,100
/workspace/benchmarks_ai_research/data/genimage/biggan/imagenet_ai_0419_biggan/val/ai/858_biggan_00127.png,1,0,1,1,,2584.5743976533413,62,100
/workspace/benchmarks_ai_research/data/genimage/biggan/imagenet_ai_0419_biggan/val/ai/026_biggan_00035.png,1,0,1,0,REAL,2383.0105382949114,62,83
/workspace/benchmarks_ai_research/data/genimage/biggan/imagenet_ai_0419_biggan/val/ai/491_biggan_00074.png,1,0,1,1,,3184.6272852271795,62,100
/workspace/benchmarks_ai_research/data/genimage/biggan/imagenet_ai_0419_biggan/val/ai/498_biggan_00020.png,1,0,1,1,,2760.921822860837,62,100
/workspace/benchmarks_ai_research/data/genimage/biggan/imagenet_ai_0419_biggan/val/ai/398_biggan_00127.png,1,0,1,1,,2250.194389373064,62,100
/workspace/benchmarks_ai_research/data/genimage/biggan/imagenet_ai_0419_biggan/val/ai/631_biggan_00035.png,1,0,1,0,REAL,3839.487912133336,62,93
/workspace/benchmarks_ai_research/data/genimage/biggan/imagenet_ai_0419_biggan/val/ai/276_biggan_00035.png,1,0,1,1,,3405.978547409177,62,100
/workspace/benchmarks_ai_research/data/genimage/biggan/imagenet_ai_0419_biggan/val/ai/049_biggan_00039.png,1,0,1,1,,2465.6677078455687,62,100
/workspace/benchmarks_ai_research/data/genimage/biggan/imagenet_ai_0419_biggan/val/ai/990_biggan_00035.png,1,0,1,1,,2845.828555524349,62,100
/workspace/benchmarks_ai_research/data/genimage/biggan/imagenet_ai_0419_biggan/val/ai/630_biggan_00127.png,1,0,1,1,,2617.458587512374,62,100
/workspace/benchmarks_ai_research/data/genimage/biggan/imagenet_ai_0419_biggan/val/ai/693_biggan_00143.png,1,0,1,1,,2909.5125794410706,62,100
/workspace/benchmarks_ai_research/data/genimage/biggan/imagenet_ai_0419_biggan/val/ai/623_biggan_00143.png,1,0,1,1,,3335.6254659593105,62,100
/workspace/benchmarks_ai_research/data/genimage/biggan/imagenet_ai_0419_biggan/val/ai/904_biggan_00039.png,1,0,1,1,,2509.0455524623394,62,100
/workspace/benchmarks_ai_research/data/genimage/biggan/imagenet_ai_0419_biggan/val/ai/254_biggan_00143.png,1,0,1,0,REAL,2234.352469444275,62,65
/workspace/benchmarks_ai_research/data/genimage/biggan/imagenet_ai_0419_biggan/val/ai/397_biggan_00020.png,1,0,1,1,,3008.704351261258,62,100
/workspace/benchmarks_ai_research/data/genimage/biggan/imagenet_ai_0419_biggan/val/ai/313_biggan_00143.png,1,0,1,1,,2866.9349681586027,62,100
/workspace/benchmarks_ai_research/data/genimage/biggan/imagenet_ai_0419_biggan/val/ai/906_biggan_00143.png,1,0,1,1,,3072.482615709305,62,100
/workspace/benchmarks_ai_research/data/genimage/biggan/imagenet_ai_0419_biggan/val/ai/381_biggan_00143.png,1,0,1,1,,3192.304339259863,62,100
/workspace/benchmarks_ai_research/data/genimage/biggan/imagenet_ai_0419_biggan/val/ai/361_biggan_00143.png,1,0,1,1,,2905.8048743754625,62,100
/workspace/benchmarks_ai_research/data/genimage/biggan/imagenet_ai_0419_biggan/val/ai/116_biggan_00020.png,1,0,1,1,,2973.301276564598,62,100
/workspace/benchmarks_ai_research/data/genimage/biggan/imagenet_ai_0419_biggan/val/ai/384_biggan_00039.png,1,0,1,1,,2824.2506440728903,62,100
/workspace/benchmarks_ai_research/data/genimage/biggan/imagenet_ai_0419_biggan/val/ai/825_biggan_00039.png,1,0,1,1,,2709.6757739782333,62,100
/workspace/benchmarks_ai_research/data/genimage/biggan/imagenet_ai_0419_biggan/val/ai/162_biggan_00039.png,1,0,1,1,,3413.006255403161,62,100
/workspace/benchmarks_ai_research/data/genimage/biggan/imagenet_ai_0419_biggan/val/ai/457_biggan_00035.png,1,0,1,1,FAKE,2530.3492713719606,62,89
/workspace/benchmarks_ai_research/data/genimage/biggan/imagenet_ai_0419_biggan/val/ai/317_biggan_00127.png,1,0,1,1,,3188.599167391658,62,100
/workspace/benchmarks_ai_research/data/genimage/biggan/imagenet_ai_0419_biggan/val/ai/993_biggan_00074.png,1,0,1,1,,3428.5423196852207,62,100
/workspace/benchmarks_ai_research/data/genimage/biggan/imagenet_ai_0419_biggan/val/ai/377_biggan_00020.png,1,0,1,1,,3204.048875719309,62,100
/workspace/benchmarks_ai_research/data/genimage/biggan/imagenet_ai_0419_biggan/val/ai/836_biggan_00127.png,1,0,1,1,,2831.106221303344,62,100
/workspace/benchmarks_ai_research/data/genimage/biggan/imagenet_ai_0419_biggan/val/ai/446_biggan_00039.png,1,0,1,1,,2956.270517781377,62,100
/workspace/benchmarks_ai_research/data/genimage/biggan/imagenet_ai_0419_biggan/val/ai/825_biggan_00020.png,1,0,1,1,,2629.842860624194,62,100
/workspace/benchmarks_ai_research/data/genimage/biggan/imagenet_ai_0419_biggan/val/ai/971_biggan_00143.png,1,0,1,1,,3031.7594408988953,62,100
/workspace/benchmarks_ai_research/data/genimage/biggan/imagenet_ai_0419_biggan/val/ai/805_biggan_00074.png,1,0,1,1,,2969.609821215272,62,100
/workspace/benchmarks_ai_research/data/genimage/biggan/imagenet_ai_0419_biggan/val/ai/337_biggan_00020.png,1,0,1,1,,3150.308307260275,62,100
/workspace/benchmarks_ai_research/data/genimage/biggan/imagenet_ai_0419_biggan/val/ai/065_biggan_00035.png,1,0,1,1,,2718.2896938174963,62,100
/workspace/benchmarks_ai_research/data/genimage/biggan/imagenet_ai_0419_biggan/val/ai/329_biggan_00035.png,1,0,1,1,,2525.60961432755,62,100
/workspace/benchmarks_ai_research/data/genimage/biggan/imagenet_ai_0419_biggan/val/ai/079_biggan_00039.png,1,0,1,0,REAL,2827.7819231152534,62,89
/workspace/benchmarks_ai_research/data/genimage/biggan/imagenet_ai_0419_biggan/val/ai/581_biggan_00074.png,1,0,1,1,,2960.0930213928223,62,100
/workspace/benchmarks_ai_research/data/genimage/biggan/imagenet_ai_0419_biggan/val/ai/000_biggan_00020.png,1,0,1,1,,3151.4537893235683,62,100
/workspace/benchmarks_ai_research/data/genimage/biggan/imagenet_ai_0419_biggan/val/ai/777_biggan_00143.png,1,0,1,1,,2937.5985488295555,62,100
/workspace/benchmarks_ai_research/data/genimage/biggan/imagenet_ai_0419_biggan/val/ai/469_biggan_00143.png,1,0,1,1,,4093.103762716055,62,100
/workspace/benchmarks_ai_research/data/genimage/biggan/imagenet_ai_0419_biggan/val/ai/049_biggan_00143.png,1,0,1,1,,3013.42817209661,62,100
/workspace/benchmarks_ai_research/data/genimage/biggan/imagenet_ai_0419_biggan/val/ai/362_biggan_00020.png,1,0,1,0,REAL,2353.5363506525755,62,81
/workspace/benchmarks_ai_research/data/genimage/biggan/imagenet_ai_0419_biggan/val/ai/684_biggan_00074.png,1,0,1,1,,2493.2135175913572,62,100
/workspace/benchmarks_ai_research/data/genimage/biggan/imagenet_ai_0419_biggan/val/ai/978_biggan_00143.png,1,0,1,1,,2574.3857622146606,62,100
/workspace/benchmarks_ai_research/data/genimage/biggan/imagenet_ai_0419_biggan/val/ai/940_biggan_00035.png,1,0,1,1,,3906.3615556806326,62,100
/workspace/benchmarks_ai_research/data/genimage/biggan/imagenet_ai_0419_biggan/val/ai/798_biggan_00035.png,1,0,1,1,,2699.712745845318,62,100
/workspace/benchmarks_ai_research/data/genimage/biggan/imagenet_ai_0419_biggan/val/ai/405_biggan_00020.png,1,0,1,1,,3485.5022877454758,62,100
/workspace/benchmarks_ai_research/data/genimage/biggan/imagenet_ai_0419_biggan/val/ai/732_biggan_00039.png,1,0,1,1,,2976.8160730600357,62,100
/workspace/benchmarks_ai_research/data/genimage/biggan/imagenet_ai_0419_biggan/val/ai/410_biggan_00035.png,1,0,1,1,,2842.995272949338,62,100
/workspace/benchmarks_ai_research/data/genimage/biggan/imagenet_ai_0419_biggan/val/ai/487_biggan_00020.png,1,0,1,1,,2453.8346715271473,62,100
/workspace/benchmarks_ai_research/data/genimage/biggan/imagenet_ai_0419_biggan/val/ai/518_biggan_00074.png,1,0,1,1,,2854.9304734915495,62,100
/workspace/benchmarks_ai_research/data/genimage/biggan/imagenet_ai_0419_biggan/val/ai/331_biggan_00074.png,1,0,1,0,REAL,2941.8633487075567,62,98
/workspace/benchmarks_ai_research/data/genimage/biggan/imagenet_ai_0419_biggan/val/ai/632_biggan_00143.png,1,0,1,1,,2745.4494424164295,62,100
/workspace/benchmarks_ai_research/data/genimage/biggan/imagenet_ai_0419_biggan/val/ai/492_biggan_00127.png,1,0,1,1,,2643.6631996184587,62,100
/workspace/benchmarks_ai_research/data/genimage/biggan/imagenet_ai_0419_biggan/val/ai/005_biggan_00143.png,1,0,1,1,,2329.411156475544,62,100
/workspace/benchmarks_ai_research/data/genimage/biggan/imagenet_ai_0419_biggan/val/ai/764_biggan_00020.png,1,0,1,1,,2579.6530600637197,62,100
/workspace/benchmarks_ai_research/data/genimage/biggan/imagenet_ai_0419_biggan/val/ai/980_biggan_00127.png,1,0,1,1,,3350.2224795520306,62,100
/workspace/benchmarks_ai_research/data/genimage/biggan/imagenet_ai_0419_biggan/val/ai/640_biggan_00127.png,1,0,1,1,,3018.74415948987,62,100
/workspace/benchmarks_ai_research/data/genimage/biggan/imagenet_ai_0419_biggan/val/ai/233_biggan_00074.png,1,0,1,1,,2747.2868841141462,62,100
/workspace/benchmarks_ai_research/data/genimage/biggan/imagenet_ai_0419_biggan/val/ai/777_biggan_00035.png,1,0,1,1,,2733.910381793976,62,100
/workspace/benchmarks_ai_research/data/genimage/biggan/imagenet_ai_0419_biggan/val/ai/460_biggan_00035.png,1,0,1,1,,2826.0637242347,62,100
/workspace/benchmarks_ai_research/data/genimage/biggan/imagenet_ai_0419_biggan/val/ai/160_biggan_00020.png,1,0,1,1,,2516.76463522017,62,100
/workspace/benchmarks_ai_research/data/genimage/biggan/imagenet_ai_0419_biggan/val/ai/414_biggan_00035.png,1,0,1,1,,2889.077564701438,62,100
/workspace/benchmarks_ai_research/data/genimage/biggan/imagenet_ai_0419_biggan/val/ai/715_biggan_00127.png,1,0,1,1,,3051.5983160585165,62,100
/workspace/benchmarks_ai_research/data/genimage/biggan/imagenet_ai_0419_biggan/val/ai/712_biggan_00127.png,1,0,1,1,,3852.6716157794,62,100
/workspace/benchmarks_ai_research/data/genimage/biggan/imagenet_ai_0419_biggan/val/ai/464_biggan_00035.png,1,0,1,1,,3299.2993127554655,62,100
/workspace/benchmarks_ai_research/data/genimage/biggan/imagenet_ai_0419_biggan/val/ai/541_biggan_00127.png,1,0,1,1,,2982.5281389057636,62,100
/workspace/benchmarks_ai_research/data/genimage/biggan/imagenet_ai_0419_biggan/val/ai/876_biggan_00035.png,1,0,1,1,,2426.3587556779385,62,100
/workspace/benchmarks_ai_research/data/genimage/biggan/imagenet_ai_0419_biggan/val/ai/019_biggan_00039.png,1,0,1,1,,3545.134337618947,62,100
/workspace/benchmarks_ai_research/data/genimage/biggan/imagenet_ai_0419_biggan/val/ai/911_biggan_00127.png,1,0,1,1,,3622.0283899456263,62,100
/workspace/benchmarks_ai_research/data/genimage/biggan/imagenet_ai_0419_biggan/val/ai/535_biggan_00035.png,1,0,1,1,,3046.8153040856123,62,100
/workspace/benchmarks_ai_research/data/genimage/biggan/imagenet_ai_0419_biggan/val/ai/675_biggan_00127.png,1,0,1,1,,3211.1491821706295,62,100
