path,y_true,y_qwen72b,p_fake_qwen72b,raw,latency_qwen72b_ms,qwen72b_input_tokens,qwen72b_output_tokens
/workspace/benchmarks_ai_research/data/genimage/sd_1_4/imagenet_ai_0419_sdv4/val/nature/ILSVRC2012_val_00007261.JPEG,0,0,0.009125637389180518,REAL,330.86747862398624,292,2
/workspace/benchmarks_ai_research/data/aigibench/flux/FLUX1-dev/1_fake/FLUX1-dev_87.png,1,0,0.06954174450582809,REAL,940.5181799083948,1427,2
/workspace/benchmarks_ai_research/data/aigibench/flux/FLUX1-dev/1_fake/FLUX1-dev_791.png,1,0,0.07544198290809752,FAKE,1004.0437020361423,1427,3
/workspace/benchmarks_ai_research/data/aigibench/flux/FLUX1-dev/1_fake/FLUX1-dev_4415.png,1,1,0.9935117304033434,FAKE,1004.9605555832386,1427,3
/workspace/benchmarks_ai_research/data/aigibench/flux/FLUX1-dev/1_fake/FLUX1-dev_3227.png,1,0,0.07642084161127807,FAKE,1005.3140465170145,1427,3
/workspace/benchmarks_ai_research/data/aigibench/flux/FLUX1-dev/1_fake/FLUX1-dev_4471.png,1,1,0.9950945942942779,FAKE,1009.0572088956833,1427,3
/workspace/benchmarks_ai_research/data/aigibench/flux/FLUX1-dev/1_fake/FLUX1-dev_4399.png,1,0,0.08085374880924574,FAKE,1008.4330625832081,1427,3
/workspace/benchmarks_ai_research/data/genimage/sd_1_4/imagenet_ai_0419_sdv4/val/nature/ILSVRC2012_val_00012996.JPEG,0,0,0.2904055014228624,REAL,332.15506188571453,292,2
/workspace/benchmarks_ai_research/data/genimage/sd_1_4/imagenet_ai_0419_sdv4/val/nature/ILSVRC2012_val_00035245.JPEG,0,0,0.0032730649706716308,REAL,326.7715610563755,292,2
/workspace/benchmarks_ai_research/data/aigibench/flux/FLUX1-dev/1_fake/FLUX1-dev_2278.png,1,0,0.07692121306066892,FAKE,1003.7024561315775,1427,3
/workspace/benchmarks_ai_research/data/aigibench/flux/FLUX1-dev/1_fake/FLUX1-dev_669.png,1,1,0.9715639669551474,FAKE,1007.3130521923304,1427,3
/workspace/benchmarks_ai_research/data/aigibench/flux/FLUX1-dev/1_fake/FLUX1-dev_4479.png,1,1,0.9626731126558706,FAKE,1005.9127882122993,1427,3
/workspace/benchmarks_ai_research/data/aigibench/flux/FLUX1-dev/1_fake/FLUX1-dev_1784.png,1,0,0.3276683008207139,REAL,937.3774752020836,1427,2
/workspace/benchmarks_ai_research/data/aigibench/flux/FLUX1-dev/1_fake/FLUX1-dev_1178.png,1,1,0.9995626655964818,FAKE,1006.9767609238625,1427,3
/workspace/benchmarks_ai_research/data/aigibench/flux/FLUX1-dev/1_fake/FLUX1-dev_4007.png,1,0,0.07244899591632911,FAKE,1003.6556962877512,1427,3
/workspace/benchmarks_ai_research/data/aigibench/flux/FLUX1-dev/1_fake/FLUX1-dev_3366.png,1,0,0.0785750340006512,FAKE,1004.7789681702852,1427,3
/workspace/benchmarks_ai_research/data/aigibench/flux/FLUX1-dev/1_fake/FLUX1-dev_2228.png,1,1,0.96036116089903,FAKE,1014.4502986222506,1427,3
/workspace/benchmarks_ai_research/data/aigibench/flux/FLUX1-dev/1_fake/FLUX1-dev_1689.png,1,0,0.07789092937105854,FAKE,1016.1486268043518,1427,3
/workspace/benchmarks_ai_research/data/aigibench/flux/FLUX1-dev/1_fake/FLUX1-dev_3395.png,1,0,0.0758712514251495,FAKE,1016.558576375246,1427,3
/workspace/benchmarks_ai_research/data/genimage/sd_1_4/imagenet_ai_0419_sdv4/val/nature/ILSVRC2012_val_00021574.JPEG,0,0,0.0045384317247953825,REAL,389.5718865096569,346,2
/workspace/benchmarks_ai_research/data/aigibench/flux/FLUX1-dev/1_fake/FLUX1-dev_2418.png,1,0,0.06998841384450491,FAKE,1009.7311288118362,1427,3
/workspace/benchmarks_ai_research/data/genimage/sd_1_4/imagenet_ai_0419_sdv4/val/nature/ILSVRC2012_val_00035806.JPEG,0,0,0.016152834822140957,REAL,508.19211080670357,667,2
/workspace/benchmarks_ai_research/data/aigibench/flux/FLUX1-dev/1_fake/FLUX1-dev_1260.png,1,0,0.07860196654099603,FAKE,1010.2928131818771,1427,3
/workspace/benchmarks_ai_research/data/genimage/sd_1_4/imagenet_ai_0419_sdv4/val/nature/ILSVRC2012_val_00030890.JPEG,0,0,0.05261895334771377,REAL,326.4164961874485,274,2
/workspace/benchmarks_ai_research/data/aigibench/flux/FLUX1-dev/1_fake/FLUX1-dev_262.png,1,0,0.06600508154359075,FAKE,1011.7121636867523,1427,3
/workspace/benchmarks_ai_research/data/aigibench/flux/FLUX1-dev/1_fake/FLUX1-dev_1070.png,1,1,0.9381240142763573,FAKE,1007.6360870152712,1427,3
/workspace/benchmarks_ai_research/data/genimage/sd_1_4/imagenet_ai_0419_sdv4/val/nature/ILSVRC2012_val_00019307.JPEG,0,0,0.042722197546490565,REAL,296.054819598794,202,2
/workspace/benchmarks_ai_research/data/genimage/sd_1_4/imagenet_ai_0419_sdv4/val/nature/ILSVRC2012_val_00022041.JPEG,0,0,0.184767510648,REAL,292.2769393771887,179,2
/workspace/benchmarks_ai_research/data/aigibench/flux/FLUX1-dev/1_fake/FLUX1-dev_3282.png,1,0,0.07186370139826567,FAKE,1012.3884417116642,1427,3
/workspace/benchmarks_ai_research/data/aigibench/flux/FLUX1-dev/1_fake/FLUX1-dev_1661.png,1,1,0.9621075733703927,FAKE,1009.4128604978323,1427,3
/workspace/benchmarks_ai_research/data/aigibench/flux/FLUX1-dev/1_fake/FLUX1-dev_605.png,1,0,0.3311197396289915,REAL,943.7588527798653,1427,2
/workspace/benchmarks_ai_research/data/aigibench/flux/FLUX1-dev/1_fake/FLUX1-dev_1897.png,1,1,0.9995044640524365,FAKE,1010.752759873867,1427,3
/workspace/benchmarks_ai_research/data/aigibench/flux/FLUX1-dev/1_fake/FLUX1-dev_260.png,1,1,0.9362850057480346,FAKE,1011.652460321784,1427,3
/workspace/benchmarks_ai_research/data/aigibench/flux/FLUX1-dev/1_fake/FLUX1-dev_1912.png,1,0,0.24798742624020276,REAL,941.0767275840044,1427,2
/workspace/benchmarks_ai_research/data/aigibench/flux/FLUX1-dev/1_fake/FLUX1-dev_2690.png,1,1,0.9579122720843811,FAKE,1008.7594799697399,1427,3
/workspace/benchmarks_ai_research/data/aigibench/flux/FLUX1-dev/1_fake/FLUX1-dev_1188.png,1,1,0.9956684979794361,FAKE,1008.4085948765278,1427,3
/workspace/benchmarks_ai_research/data/genimage/sd_1_4/imagenet_ai_0419_sdv4/val/nature/ILSVRC2012_val_00041818.JPEG,0,0,0.012241275291807161,REAL,338.5701812803745,266,2
/workspace/benchmarks_ai_research/data/aigibench/flux/FLUX1-dev/1_fake/FLUX1-dev_2103.png,1,0,0.06839513430480758,FAKE,1007.8926458954811,1427,3
/workspace/benchmarks_ai_research/data/aigibench/flux/FLUX1-dev/1_fake/FLUX1-dev_1773.png,1,0,0.12940273159163906,REAL,938.5067410767078,1427,2
/workspace/benchmarks_ai_research/data/aigibench/flux/FLUX1-dev/1_fake/FLUX1-dev_4346.png,1,1,0.9956005868372635,FAKE,1008.5451882332563,1427,3
/workspace/benchmarks_ai_research/data/aigibench/flux/FLUX1-dev/1_fake/FLUX1-dev_2854.png,1,0,0.13660839002621936,REAL,940.9160278737545,1427,2
/workspace/benchmarks_ai_research/data/genimage/sd_1_4/imagenet_ai_0419_sdv4/val/nature/ILSVRC2012_val_00013073.JPEG,0,0,0.0029810327298548972,REAL,384.74753126502037,449,2
/workspace/benchmarks_ai_research/data/aigibench/flux/FLUX1-dev/1_fake/FLUX1-dev_1937.png,1,0,0.07198787042112106,FAKE,1009.7893457859755,1427,3
/workspace/benchmarks_ai_research/data/aigibench/flux/FLUX1-dev/1_fake/FLUX1-dev_749.png,1,1,0.94815453335022,FAKE,1009.184991940856,1427,3
/workspace/benchmarks_ai_research/data/aigibench/flux/FLUX1-dev/1_fake/FLUX1-dev_2847.png,1,0,0.38315195724221024,REAL,945.1217912137508,1427,2
/workspace/benchmarks_ai_research/data/aigibench/flux/FLUX1-dev/1_fake/FLUX1-dev_2265.png,1,1,0.9591542840900507,FAKE,1008.5414610803127,1427,3
/workspace/benchmarks_ai_research/data/aigibench/flux/FLUX1-dev/1_fake/FLUX1-dev_4266.png,1,1,0.9353465116437761,FAKE,1007.319051772356,1427,3
/workspace/benchmarks_ai_research/data/genimage/sd_1_4/imagenet_ai_0419_sdv4/val/nature/ILSVRC2012_val_00028979.JPEG,0,0,0.0008167381046669485,REAL,289.0883833169937,184,2
/workspace/benchmarks_ai_research/data/aigibench/flux/FLUX1-dev/1_fake/FLUX1-dev_1295.png,1,0,0.1645164628965632,REAL,942.0978352427483,1427,2
/workspace/benchmarks_ai_research/data/aigibench/flux/FLUX1-dev/1_fake/FLUX1-dev_2748.png,1,1,0.9843363512883317,FAKE,1006.9520473480225,1427,3
/workspace/benchmarks_ai_research/data/genimage/sd_1_4/imagenet_ai_0419_sdv4/val/nature/ILSVRC2012_val_00025301.JPEG,0,0,0.00433150202056399,REAL,464.1620106995106,534,2
/workspace/benchmarks_ai_research/data/genimage/sd_1_4/imagenet_ai_0419_sdv4/val/nature/ILSVRC2012_val_00033907.JPEG,0,0,0.0209642408181275,REAL,283.4212798625231,148,2
/workspace/benchmarks_ai_research/data/aigibench/flux/FLUX1-dev/1_fake/FLUX1-dev_4345.png,1,1,0.9961155234512341,FAKE,1004.9620866775513,1427,3
/workspace/benchmarks_ai_research/data/aigibench/flux/FLUX1-dev/1_fake/FLUX1-dev_3161.png,1,0,0.05261895334771377,REAL,937.9488192498684,1427,2
/workspace/benchmarks_ai_research/data/aigibench/flux/FLUX1-dev/1_fake/FLUX1-dev_788.png,1,1,0.9830850867332734,FAKE,1007.010955363512,1427,3
/workspace/benchmarks_ai_research/data/aigibench/flux/FLUX1-dev/1_fake/FLUX1-dev_1753.png,1,0,0.07435933550502051,FAKE,1008.1446226686239,1427,3
/workspace/benchmarks_ai_research/data/aigibench/flux/FLUX1-dev/1_fake/FLUX1-dev_948.png,1,1,0.9999877809239794,FAKE,1009.324150159955,1427,3
/workspace/benchmarks_ai_research/data/aigibench/flux/FLUX1-dev/1_fake/FLUX1-dev_1034.png,1,0,0.3380771241500058,REAL,941.3842912763357,1427,2
/workspace/benchmarks_ai_research/data/genimage/sd_1_4/imagenet_ai_0419_sdv4/val/nature/ILSVRC2012_val_00048483.JPEG,0,0,0.01744248473620534,REAL,386.3593731075525,466,2
/workspace/benchmarks_ai_research/data/aigibench/flux/FLUX1-dev/1_fake/FLUX1-dev_1137.png,1,0,0.07609324545187839,FAKE,1009.0914107859135,1427,3
/workspace/benchmarks_ai_research/data/genimage/sd_1_4/imagenet_ai_0419_sdv4/val/nature/ILSVRC2012_val_00000435.JPEG,0,0,0.06008665017400762,REAL,303.8565516471863,212,2
/workspace/benchmarks_ai_research/data/aigibench/flux/FLUX1-dev/1_fake/FLUX1-dev_3678.png,1,0,0.13296424019782924,REAL,941.4352048188448,1427,2
/workspace/benchmarks_ai_research/data/aigibench/flux/FLUX1-dev/1_fake/FLUX1-dev_2.png,1,1,0.9966233876182606,FAKE,1011.0238175839186,1427,3
/workspace/benchmarks_ai_research/data/aigibench/flux/FLUX1-dev/1_fake/FLUX1-dev_868.png,1,0,0.34108056762156236,REAL,940.9799668937922,1427,2
/workspace/benchmarks_ai_research/data/aigibench/flux/FLUX1-dev/1_fake/FLUX1-dev_1908.png,1,0,0.07301350487706443,FAKE,1008.536284789443,1427,3
/workspace/benchmarks_ai_research/data/aigibench/flux/FLUX1-dev/1_fake/FLUX1-dev_3323.png,1,0,0.07139365287017325,FAKE,1006.5845120698214,1427,3
/workspace/benchmarks_ai_research/data/aigibench/flux/FLUX1-dev/1_fake/FLUX1-dev_1331.png,1,0,0.0755458185060103,FAKE,1004.223395138979,1427,3
/workspace/benchmarks_ai_research/data/genimage/sd_1_4/imagenet_ai_0419_sdv4/val/nature/ILSVRC2012_val_00000185.JPEG,0,0,0.01691491326672651,REAL,339.9849608540535,292,2
/workspace/benchmarks_ai_research/data/aigibench/flux/FLUX1-dev/1_fake/FLUX1-dev_3757.png,1,0,0.06656918897050168,REAL,944.4500859826803,1427,2
/workspace/benchmarks_ai_research/data/aigibench/flux/FLUX1-dev/1_fake/FLUX1-dev_4230.png,1,0,0.07519583217491416,FAKE,1004.7093201428652,1427,3
/workspace/benchmarks_ai_research/data/aigibench/flux/FLUX1-dev/1_fake/FLUX1-dev_4154.png,1,1,0.9241418199787566,FAKE,1003.4737642854452,1427,3
/workspace/benchmarks_ai_research/data/aigibench/flux/FLUX1-dev/1_fake/FLUX1-dev_492.png,1,0,0.07410367343591727,FAKE,1005.1077641546726,1427,3
/workspace/benchmarks_ai_research/data/aigibench/flux/FLUX1-dev/1_fake/FLUX1-dev_2936.png,1,0,0.29098086621490676,REAL,944.4449208676815,1427,2
/workspace/benchmarks_ai_research/data/aigibench/flux/FLUX1-dev/1_fake/FLUX1-dev_2365.png,1,1,0.9441768588653856,FAKE,1005.6685749441385,1427,3
/workspace/benchmarks_ai_research/data/aigibench/flux/FLUX1-dev/1_fake/FLUX1-dev_2488.png,1,0,0.07627655097143345,FAKE,1003.2935366034508,1427,3
/workspace/benchmarks_ai_research/data/genimage/sd_1_4/imagenet_ai_0419_sdv4/val/nature/ILSVRC2012_val_00028050.JPEG,0,0,0.013020490113842825,REAL,346.1539205163717,279,2
/workspace/benchmarks_ai_research/data/genimage/sd_1_4/imagenet_ai_0419_sdv4/val/nature/ILSVRC2012_val_00048365.JPEG,0,0,0.0446808702726502,REAL,393.1235019117594,382,2
/workspace/benchmarks_ai_research/data/genimage/sd_1_4/imagenet_ai_0419_sdv4/val/nature/ILSVRC2012_val_00029100.JPEG,0,0,0.014503579691381979,REAL,345.5878496170044,274,2
/workspace/benchmarks_ai_research/data/genimage/sd_1_4/imagenet_ai_0419_sdv4/val/nature/ILSVRC2012_val_00015551.JPEG,0,0,0.0027149854690051763,REAL,381.20273128151894,382,2
/workspace/benchmarks_ai_research/data/aigibench/flux/FLUX1-dev/1_fake/FLUX1-dev_2464.png,1,0,0.07277468622504442,FAKE,1007.8457333147526,1427,3
/workspace/benchmarks_ai_research/data/aigibench/flux/FLUX1-dev/1_fake/FLUX1-dev_2637.png,1,1,0.991422514586288,FAKE,1003.5031419247389,1427,3
/workspace/benchmarks_ai_research/data/aigibench/flux/FLUX1-dev/1_fake/FLUX1-dev_1250.png,1,0,0.1242130083520534,REAL,940.9514050930738,1427,2
/workspace/benchmarks_ai_research/data/aigibench/flux/FLUX1-dev/1_fake/FLUX1-dev_2650.png,1,1,0.9504109770159683,FAKE,1008.2830339670181,1427,3
/workspace/benchmarks_ai_research/data/genimage/sd_1_4/imagenet_ai_0419_sdv4/val/nature/ILSVRC2012_val_00023007.JPEG,0,0,0.0011513995656772138,REAL,298.25398325920105,226,2
/workspace/benchmarks_ai_research/data/aigibench/flux/FLUX1-dev/1_fake/FLUX1-dev_437.png,1,1,0.9817357216481429,FAKE,1006.3656829297543,1427,3
/workspace/benchmarks_ai_research/data/aigibench/flux/FLUX1-dev/1_fake/FLUX1-dev_1054.png,1,0,0.28140560742914383,REAL,940.6131915748119,1427,2
/workspace/benchmarks_ai_research/data/aigibench/flux/FLUX1-dev/1_fake/FLUX1-dev_4272.png,1,1,0.9998176453920533,FAKE,1007.3812901973724,1427,3
/workspace/benchmarks_ai_research/data/aigibench/flux/FLUX1-dev/1_fake/FLUX1-dev_3823.png,1,0,0.06549093048264151,FAKE,1007.8861862421036,1427,3
/workspace/benchmarks_ai_research/data/aigibench/flux/FLUX1-dev/1_fake/FLUX1-dev_3652.png,1,0,0.07864241573465937,FAKE,1004.968635737896,1427,3
/workspace/benchmarks_ai_research/data/aigibench/flux/FLUX1-dev/1_fake/FLUX1-dev_1435.png,1,0,0.07055959618729296,REAL,942.1763364225626,1427,2
/workspace/benchmarks_ai_research/data/genimage/sd_1_4/imagenet_ai_0419_sdv4/val/nature/ILSVRC2012_val_00031939.JPEG,0,0,0.036220055864974746,REAL,280.76067939400673,146,2
/workspace/benchmarks_ai_research/data/aigibench/flux/FLUX1-dev/1_fake/FLUX1-dev_4267.png,1,0,0.0674179627366759,FAKE,1008.8219363242388,1427,3
/workspace/benchmarks_ai_research/data/genimage/sd_1_4/imagenet_ai_0419_sdv4/val/nature/ILSVRC2012_val_00040355.JPEG,0,0,0.020023441289455244,REAL,298.30038733780384,212,2
/workspace/benchmarks_ai_research/data/aigibench/flux/FLUX1-dev/1_fake/FLUX1-dev_1047.png,1,1,0.9995694429186754,FAKE,1006.3557401299477,1427,3
/workspace/benchmarks_ai_research/data/aigibench/flux/FLUX1-dev/1_fake/FLUX1-dev_2647.png,1,0,0.07279978770481031,FAKE,1008.2000587135553,1427,3
/workspace/benchmarks_ai_research/data/aigibench/flux/FLUX1-dev/1_fake/FLUX1-dev_3514.png,1,0,0.06879923283040057,FAKE,1007.590813562274,1427,3
/workspace/benchmarks_ai_research/data/aigibench/flux/FLUX1-dev/1_fake/FLUX1-dev_1066.png,1,1,0.9811668701095654,FAKE,1005.9256795793772,1427,3
/workspace/benchmarks_ai_research/data/aigibench/flux/FLUX1-dev/1_fake/FLUX1-dev_220.png,1,1,0.9907319866190857,FAKE,1009.559091180563,1427,3
/workspace/benchmarks_ai_research/data/genimage/sd_1_4/imagenet_ai_0419_sdv4/val/nature/ILSVRC2012_val_00001680.JPEG,0,0,0.004070137715896127,REAL,379.3704342097044,352,2
/workspace/benchmarks_ai_research/data/genimage/sd_1_4/imagenet_ai_0419_sdv4/val/nature/ILSVRC2012_val_00010162.JPEG,0,0,0.0009697519677825861,REAL,386.8849240243435,346,2
/workspace/benchmarks_ai_research/data/aigibench/flux/FLUX1-dev/1_fake/FLUX1-dev_1988.png,1,1,0.9621075733703927,FAKE,1010.1007502526045,1427,3
/workspace/benchmarks_ai_research/data/aigibench/flux/FLUX1-dev/1_fake/FLUX1-dev_1818.png,1,1,0.9871787857334058,FAKE,1006.4027532935143,1427,3
/workspace/benchmarks_ai_research/data/genimage/sd_1_4/imagenet_ai_0419_sdv4/val/nature/ILSVRC2012_val_00015190.JPEG,0,0,0.018833129890434692,REAL,335.62716469168663,310,2
/workspace/benchmarks_ai_research/data/aigibench/flux/FLUX1-dev/1_fake/FLUX1-dev_2600.png,1,1,0.9869795098861571,FAKE,1007.0146899670362,1427,3
/workspace/benchmarks_ai_research/data/aigibench/flux/FLUX1-dev/1_fake/FLUX1-dev_4239.png,1,1,0.9324533088603709,FAKE,1005.8470703661442,1427,3
/workspace/benchmarks_ai_research/data/aigibench/flux/FLUX1-dev/1_fake/FLUX1-dev_3641.png,1,0,0.009859855303538789,REAL,946.0000246763229,1427,2
/workspace/benchmarks_ai_research/data/aigibench/flux/FLUX1-dev/1_fake/FLUX1-dev_510.png,1,0,0.19930799790404563,REAL,939.1237962990999,1427,2
/workspace/benchmarks_ai_research/data/aigibench/flux/FLUX1-dev/1_fake/FLUX1-dev_208.png,1,1,0.9999460891559674,FAKE,1006.8674590438604,1427,3
/workspace/benchmarks_ai_research/data/aigibench/flux/FLUX1-dev/1_fake/FLUX1-dev_1596.png,1,1,0.9943580914999767,FAKE,1008.0890916287899,1427,3
/workspace/benchmarks_ai_research/data/genimage/sd_1_4/imagenet_ai_0419_sdv4/val/nature/ILSVRC2012_val_00008897.JPEG,0,0,0.025178841700601855,REAL,331.2957398593426,292,2
/workspace/benchmarks_ai_research/data/genimage/sd_1_4/imagenet_ai_0419_sdv4/val/nature/ILSVRC2012_val_00002115.JPEG,0,0,0.32590855446660266,REAL,301.06239579617977,193,2
/workspace/benchmarks_ai_research/data/genimage/sd_1_4/imagenet_ai_0419_sdv4/val/nature/ILSVRC2012_val_00017600.JPEG,0,0,0.002757622367395409,REAL,330.4545171558857,310,2
/workspace/benchmarks_ai_research/data/aigibench/flux/FLUX1-dev/1_fake/FLUX1-dev_1662.png,1,0,0.01495708659314999,REAL,940.7560862600803,1427,2
/workspace/benchmarks_ai_research/data/aigibench/flux/FLUX1-dev/1_fake/FLUX1-dev_660.png,1,1,0.9504109770159683,FAKE,1007.8318603336811,1427,3
/workspace/benchmarks_ai_research/data/aigibench/flux/FLUX1-dev/1_fake/FLUX1-dev_4285.png,1,0,0.13660839002621936,REAL,939.0248637646437,1427,2
/workspace/benchmarks_ai_research/data/aigibench/flux/FLUX1-dev/1_fake/FLUX1-dev_695.png,1,1,0.9820137900379085,FAKE,1007.6220706105232,1427,3
/workspace/benchmarks_ai_research/data/aigibench/flux/FLUX1-dev/1_fake/FLUX1-dev_3067.png,1,1,0.9525741268224334,FAKE,1008.9035760611296,1427,3
/workspace/benchmarks_ai_research/data/aigibench/flux/FLUX1-dev/1_fake/FLUX1-dev_4354.png,1,1,0.9969721649754317,FAKE,1007.6705608516932,1427,3
/workspace/benchmarks_ai_research/data/genimage/sd_1_4/imagenet_ai_0419_sdv4/val/nature/ILSVRC2012_val_00036776.JPEG,0,0,0.014281933925111153,REAL,330.06278425455093,292,2
/workspace/benchmarks_ai_research/data/aigibench/flux/FLUX1-dev/1_fake/FLUX1-dev_1868.png,1,0,0.07403986804301274,FAKE,1003.6412216722965,1427,3
/workspace/benchmarks_ai_research/data/genimage/sd_1_4/imagenet_ai_0419_sdv4/val/nature/ILSVRC2012_val_00049947.JPEG,0,0,0.009559399347091532,REAL,270.15463449060917,107,2
/workspace/benchmarks_ai_research/data/aigibench/flux/FLUX1-dev/1_fake/FLUX1-dev_2045.png,1,0,0.341582499438317,REAL,940.6414404511452,1427,2
/workspace/benchmarks_ai_research/data/aigibench/flux/FLUX1-dev/1_fake/FLUX1-dev_2452.png,1,0,0.04672495862609242,REAL,938.8737492263317,1427,2
/workspace/benchmarks_ai_research/data/aigibench/flux/FLUX1-dev/1_fake/FLUX1-dev_2900.png,1,1,0.9553191297273498,FAKE,1006.2643978744745,1427,3
/workspace/benchmarks_ai_research/data/aigibench/flux/FLUX1-dev/1_fake/FLUX1-dev_1705.png,1,0,0.07424418406378244,FAKE,1007.440535351634,1427,3
/workspace/benchmarks_ai_research/data/genimage/sd_1_4/imagenet_ai_0419_sdv4/val/nature/ILSVRC2012_val_00017876.JPEG,0,0,0.0194193481824486,REAL,283.7015725672245,157,2
/workspace/benchmarks_ai_research/data/aigibench/flux/FLUX1-dev/1_fake/FLUX1-dev_3085.png,1,0,0.07079173210726403,FAKE,1008.3750896155834,1427,3
/workspace/benchmarks_ai_research/data/genimage/sd_1_4/imagenet_ai_0419_sdv4/val/nature/ILSVRC2012_val_00006928.JPEG,0,0,0.0023596606820630445,REAL,394.4031558930874,364,2
/workspace/benchmarks_ai_research/data/genimage/sd_1_4/imagenet_ai_0419_sdv4/val/nature/ILSVRC2012_val_00004923.JPEG,0,0,0.02595735719779685,REAL,368.9366988837719,328,2
/workspace/benchmarks_ai_research/data/aigibench/flux/FLUX1-dev/1_fake/FLUX1-dev_2340.png,1,0,0.0703890137672309,FAKE,1009.999530389905,1427,3
/workspace/benchmarks_ai_research/data/aigibench/flux/FLUX1-dev/1_fake/FLUX1-dev_502.png,1,1,0.9284088005554476,FAKE,1007.5377523899078,1427,3
/workspace/benchmarks_ai_research/data/aigibench/flux/FLUX1-dev/1_fake/FLUX1-dev_2051.png,1,0,0.07084071081786435,FAKE,1007.1785040199757,1427,3
/workspace/benchmarks_ai_research/data/aigibench/flux/FLUX1-dev/1_fake/FLUX1-dev_4098.png,1,1,0.9324533088603709,FAKE,1005.5331736803055,1427,3
/workspace/benchmarks_ai_research/data/genimage/sd_1_4/imagenet_ai_0419_sdv4/val/nature/ILSVRC2012_val_00040022.JPEG,0,0,0.008985428752560176,REAL,335.9956666827202,313,2
/workspace/benchmarks_ai_research/data/aigibench/flux/FLUX1-dev/1_fake/FLUX1-dev_2922.png,1,0,0.07533824518078679,FAKE,1005.8284234255552,1427,3
/workspace/benchmarks_ai_research/data/genimage/sd_1_4/imagenet_ai_0419_sdv4/val/nature/ILSVRC2012_val_00030408.JPEG,0,0,,!!!!!!!!!!!!!!!!!!!!!!!!!!!!!!!!!!!!!!!!!!!!!!!!!!!!!!!!!!!!!!!!,8506.37910887599,4960,64
/workspace/benchmarks_ai_research/data/genimage/sd_1_4/imagenet_ai_0419_sdv4/val/nature/ILSVRC2012_val_00032798.JPEG,0,0,0.008445626941126032,REAL,326.59871876239777,292,2
/workspace/benchmarks_ai_research/data/aigibench/flux/FLUX1-dev/1_fake/FLUX1-dev_4060.png,1,0,0.33674627959910636,REAL,946.6148763895035,1427,2
/workspace/benchmarks_ai_research/data/genimage/sd_1_4/imagenet_ai_0419_sdv4/val/nature/ILSVRC2012_val_00016726.JPEG,0,0,0.02297736991002561,REAL,383.8623557239771,382,2
/workspace/benchmarks_ai_research/data/aigibench/flux/FLUX1-dev/1_fake/FLUX1-dev_4296.png,1,0,0.0771990325494902,FAKE,1006.3176080584526,1427,3
/workspace/benchmarks_ai_research/data/aigibench/flux/FLUX1-dev/1_fake/FLUX1-dev_4135.png,1,0,0.07647336073500098,FAKE,1006.1736553907394,1427,3
/workspace/benchmarks_ai_research/data/aigibench/flux/FLUX1-dev/1_fake/FLUX1-dev_4022.png,1,0,0.24508501313237172,REAL,942.5239972770214,1427,2
/workspace/benchmarks_ai_research/data/aigibench/flux/FLUX1-dev/1_fake/FLUX1-dev_2540.png,1,0,0.12252321251815919,REAL,942.2146063297987,1427,2
/workspace/benchmarks_ai_research/data/aigibench/flux/FLUX1-dev/1_fake/FLUX1-dev_3895.png,1,0,0.33529377399502064,REAL,942.9906476289034,1427,2
/workspace/benchmarks_ai_research/data/aigibench/flux/FLUX1-dev/1_fake/FLUX1-dev_1270.png,1,1,0.9504109770159683,FAKE,1004.3446272611618,1427,3
/workspace/benchmarks_ai_research/data/aigibench/flux/FLUX1-dev/1_fake/FLUX1-dev_2458.png,1,1,0.9787126482065489,FAKE,1006.3298549503088,1427,3
/workspace/benchmarks_ai_research/data/aigibench/flux/FLUX1-dev/1_fake/FLUX1-dev_1554.png,1,1,0.9999895484519483,FAKE,1006.5930467098951,1427,3
/workspace/benchmarks_ai_research/data/aigibench/flux/FLUX1-dev/1_fake/FLUX1-dev_2975.png,1,1,0.9425067211996143,FAKE,1008.1609822809696,1427,3
/workspace/benchmarks_ai_research/data/aigibench/flux/FLUX1-dev/1_fake/FLUX1-dev_2240.png,1,1,0.9294404038127071,FAKE,1008.254362270236,1427,3
/workspace/benchmarks_ai_research/data/aigibench/flux/FLUX1-dev/1_fake/FLUX1-dev_1008.png,1,0,0.06628082303274596,FAKE,1008.3070695400238,1427,3
/workspace/benchmarks_ai_research/data/aigibench/flux/FLUX1-dev/1_fake/FLUX1-dev_1582.png,1,0,0.3346307398157604,REAL,939.344858750701,1427,2
/workspace/benchmarks_ai_research/data/genimage/sd_1_4/imagenet_ai_0419_sdv4/val/nature/ILSVRC2012_val_00009865.JPEG,0,0,0.007815888789288626,REAL,399.0842346101999,382,2
/workspace/benchmarks_ai_research/data/genimage/sd_1_4/imagenet_ai_0419_sdv4/val/nature/ILSVRC2012_val_00026630.JPEG,0,0,0.013222821752305148,REAL,327.85963639616966,274,2
/workspace/benchmarks_ai_research/data/aigibench/flux/FLUX1-dev/1_fake/FLUX1-dev_2374.png,1,1,0.9881308789536605,FAKE,1006.6876783967018,1427,3
/workspace/benchmarks_ai_research/data/aigibench/flux/FLUX1-dev/1_fake/FLUX1-dev_4241.png,1,1,0.9609517072737735,FAKE,1010.1073961704969,1427,3
/workspace/benchmarks_ai_research/data/aigibench/flux/FLUX1-dev/1_fake/FLUX1-dev_3105.png,1,1,0.9381240142763573,FAKE,1005.8265570551157,1427,3
/workspace/benchmarks_ai_research/data/genimage/sd_1_4/imagenet_ai_0419_sdv4/val/nature/ILSVRC2012_val_00007607.JPEG,0,0,0.048857778622174906,REAL,372.8142771869898,324,2
/workspace/benchmarks_ai_research/data/aigibench/flux/FLUX1-dev/1_fake/FLUX1-dev_2549.png,1,0,0.08632347658627028,REAL,954.6183217316866,1427,2
/workspace/benchmarks_ai_research/data/aigibench/flux/FLUX1-dev/1_fake/FLUX1-dev_2794.png,1,1,0.984810951192016,FAKE,1019.340118393302,1427,3
/workspace/benchmarks_ai_research/data/aigibench/flux/FLUX1-dev/1_fake/FLUX1-dev_1144.png,1,1,0.9334308110294983,FAKE,1024.4193207472563,1427,3
/workspace/benchmarks_ai_research/data/aigibench/flux/FLUX1-dev/1_fake/FLUX1-dev_3586.png,1,0,0.0010817152527255937,REAL,948.0164032429457,1427,2
/workspace/benchmarks_ai_research/data/aigibench/flux/FLUX1-dev/1_fake/FLUX1-dev_187.png,1,0,0.10521053670308635,REAL,948.1455497443676,1427,2
/workspace/benchmarks_ai_research/data/aigibench/flux/FLUX1-dev/1_fake/FLUX1-dev_2166.png,1,0,0.07317736544062571,FAKE,1017.2791853547096,1427,3
/workspace/benchmarks_ai_research/data/genimage/sd_1_4/imagenet_ai_0419_sdv4/val/nature/ILSVRC2012_val_00042625.JPEG,0,0,0.01098694263059318,REAL,337.18755654990673,274,2
/workspace/benchmarks_ai_research/data/aigibench/flux/FLUX1-dev/1_fake/FLUX1-dev_2963.png,1,0,0.07214957643621918,FAKE,1023.2975482940674,1427,3
/workspace/benchmarks_ai_research/data/aigibench/flux/FLUX1-dev/1_fake/FLUX1-dev_2615.png,1,0,0.07420581487393411,FAKE,1014.3429040908813,1427,3
/workspace/benchmarks_ai_research/data/aigibench/flux/FLUX1-dev/1_fake/FLUX1-dev_313.png,1,0,0.39829490105972254,REAL,949.3195340037346,1427,2
/workspace/benchmarks_ai_research/data/aigibench/flux/FLUX1-dev/1_fake/FLUX1-dev_2892.png,1,0,0.07891240215276564,FAKE,1017.8708638995886,1427,3
/workspace/benchmarks_ai_research/data/genimage/sd_1_4/imagenet_ai_0419_sdv4/val/nature/ILSVRC2012_val_00018115.JPEG,0,0,0.13296424019782924,REAL,394.42047849297523,449,2
/workspace/benchmarks_ai_research/data/genimage/sd_1_4/imagenet_ai_0419_sdv4/val/nature/ILSVRC2012_val_00045867.JPEG,0,0,0.015424552081841137,REAL,384.67325642704964,346,2
/workspace/benchmarks_ai_research/data/aigibench/flux/FLUX1-dev/1_fake/FLUX1-dev_592.png,1,0,0.07423140322960413,FAKE,1023.1037698686123,1427,3
/workspace/benchmarks_ai_research/data/aigibench/flux/FLUX1-dev/1_fake/FLUX1-dev_477.png,1,0,0.3702253925955866,REAL,950.8356340229511,1427,2
/workspace/benchmarks_ai_research/data/aigibench/flux/FLUX1-dev/1_fake/FLUX1-dev_1742.png,1,1,0.9845754479181588,FAKE,1015.9289166331291,1427,3
/workspace/benchmarks_ai_research/data/aigibench/flux/FLUX1-dev/1_fake/FLUX1-dev_3470.png,1,0,0.07263673848083786,FAKE,1007.6366625726223,1427,3
/workspace/benchmarks_ai_research/data/aigibench/flux/FLUX1-dev/1_fake/FLUX1-dev_560.png,1,0,0.1968262036430985,REAL,943.7726009637117,1427,2
/workspace/benchmarks_ai_research/data/aigibench/flux/FLUX1-dev/1_fake/FLUX1-dev_4388.png,1,1,0.9999623635528191,FAKE,1010.1061668246984,1427,3
/workspace/benchmarks_ai_research/data/aigibench/flux/FLUX1-dev/1_fake/FLUX1-dev_3595.png,1,0,0.28140560742914383,REAL,938.4910222142935,1427,2
/workspace/benchmarks_ai_research/data/aigibench/flux/FLUX1-dev/1_fake/FLUX1-dev_682.png,1,0,0.06430567781925596,FAKE,1008.8440515100956,1427,3
/workspace/benchmarks_ai_research/data/aigibench/flux/FLUX1-dev/1_fake/FLUX1-dev_4150.png,1,0,0.07814515692699907,FAKE,1006.5530557185411,1427,3
/workspace/benchmarks_ai_research/data/aigibench/flux/FLUX1-dev/1_fake/FLUX1-dev_4274.png,1,1,0.985496420308618,FAKE,1006.1978623270988,1427,3
/workspace/benchmarks_ai_research/data/aigibench/flux/FLUX1-dev/1_fake/FLUX1-dev_236.png,1,1,0.9981613347123114,FAKE,1007.783479988575,1427,3
/workspace/benchmarks_ai_research/data/aigibench/flux/FLUX1-dev/1_fake/FLUX1-dev_4253.png,1,1,0.9441768588653856,FAKE,1005.1658656448126,1427,3
/workspace/benchmarks_ai_research/data/aigibench/flux/FLUX1-dev/1_fake/FLUX1-dev_1097.png,1,1,0.9961155234512341,FAKE,1005.8546029031277,1427,3
/workspace/benchmarks_ai_research/data/genimage/sd_1_4/imagenet_ai_0419_sdv4/val/nature/ILSVRC2012_val_00028331.JPEG,0,1,,ERROR,0.0,0,0
/workspace/benchmarks_ai_research/data/aigibench/flux/FLUX1-dev/1_fake/FLUX1-dev_3054.png,1,0,0.08269734267503885,REAL,941.1093033850193,1427,2
/workspace/benchmarks_ai_research/data/aigibench/flux/FLUX1-dev/1_fake/FLUX1-dev_2134.png,1,0,0.07182646698588811,FAKE,1008.8925287127495,1427,3
/workspace/benchmarks_ai_research/data/aigibench/flux/FLUX1-dev/1_fake/FLUX1-dev_1887.png,1,1,0.983342959990771,FAKE,1005.022207275033,1427,3
/workspace/benchmarks_ai_research/data/aigibench/flux/FLUX1-dev/1_fake/FLUX1-dev_1158.png,1,1,0.9899864293768268,FAKE,1007.50064663589,1427,3
/workspace/benchmarks_ai_research/data/genimage/sd_1_4/imagenet_ai_0419_sdv4/val/nature/ILSVRC2012_val_00044121.JPEG,0,0,0.03904829272622638,REAL,336.1498285084963,274,2
/workspace/benchmarks_ai_research/data/aigibench/flux/FLUX1-dev/1_fake/FLUX1-dev_1721.png,1,0,0.07170255485105688,FAKE,1005.6327041238546,1427,3
/workspace/benchmarks_ai_research/data/genimage/sd_1_4/imagenet_ai_0419_sdv4/val/nature/ILSVRC2012_val_00000084.JPEG,0,0,0.021615332762647654,REAL,327.525956556201,292,2
/workspace/benchmarks_ai_research/data/genimage/sd_1_4/imagenet_ai_0419_sdv4/val/nature/ILSVRC2012_val_00030200.JPEG,0,0,0.07696083569602613,REAL,383.7871178984642,454,2
/workspace/benchmarks_ai_research/data/aigibench/flux/FLUX1-dev/1_fake/FLUX1-dev_4381.png,1,0,0.32423539898095244,REAL,943.1743156164885,1427,2
/workspace/benchmarks_ai_research/data/aigibench/flux/FLUX1-dev/1_fake/FLUX1-dev_2898.png,1,1,0.9643214491222695,FAKE,1003.8206614553928,1427,3
/workspace/benchmarks_ai_research/data/aigibench/flux/FLUX1-dev/1_fake/FLUX1-dev_925.png,1,0,0.017986209962091555,REAL,942.1564731746912,1427,2
/workspace/benchmarks_ai_research/data/aigibench/flux/FLUX1-dev/1_fake/FLUX1-dev_2916.png,1,0,0.07617176020416294,FAKE,1006.5206084400415,1427,3
/workspace/benchmarks_ai_research/data/genimage/sd_1_4/imagenet_ai_0419_sdv4/val/nature/ILSVRC2012_val_00014772.JPEG,0,0,0.036220055864974746,REAL,384.8044089972973,346,2
/workspace/benchmarks_ai_research/data/aigibench/flux/FLUX1-dev/1_fake/FLUX1-dev_2133.png,1,1,0.994269753485008,FAKE,1005.6172646582127,1427,3
/workspace/benchmarks_ai_research/data/aigibench/flux/FLUX1-dev/1_fake/FLUX1-dev_572.png,1,1,0.9793540692607815,FAKE,1007.4060317128897,1427,3
/workspace/benchmarks_ai_research/data/aigibench/flux/FLUX1-dev/1_fake/FLUX1-dev_2496.png,1,0,0.007232763803479049,REAL,938.1882008165121,1427,2
/workspace/benchmarks_ai_research/data/aigibench/flux/FLUX1-dev/1_fake/FLUX1-dev_2506.png,1,1,0.9489172630429474,FAKE,1004.1064061224461,1427,3
/workspace/benchmarks_ai_research/data/aigibench/flux/FLUX1-dev/1_fake/FLUX1-dev_3637.png,1,0,0.3482649321911681,REAL,938.5744128376245,1427,2
/workspace/benchmarks_ai_research/data/aigibench/flux/FLUX1-dev/1_fake/FLUX1-dev_4087.png,1,0,0.08035746882220708,REAL,944.0804906189442,1427,2
/workspace/benchmarks_ai_research/data/aigibench/flux/FLUX1-dev/1_fake/FLUX1-dev_423.png,1,0,0.3183941825912738,REAL,938.8482458889484,1427,2
/workspace/benchmarks_ai_research/data/aigibench/flux/FLUX1-dev/1_fake/FLUX1-dev_4366.png,1,1,0.9814534354878828,FAKE,1003.7085171788931,1427,3
/workspace/benchmarks_ai_research/data/aigibench/flux/FLUX1-dev/1_fake/FLUX1-dev_3205.png,1,0,0.29098086621490676,REAL,939.5513907074928,1427,2
/workspace/benchmarks_ai_research/data/genimage/sd_1_4/imagenet_ai_0419_sdv4/val/nature/ILSVRC2012_val_00022760.JPEG,0,0,0.016152834822140957,REAL,332.73324370384216,274,2
/workspace/benchmarks_ai_research/data/aigibench/flux/FLUX1-dev/1_fake/FLUX1-dev_302.png,1,1,0.9999593054220953,FAKE,1005.5568236857653,1427,3
/workspace/benchmarks_ai_research/data/aigibench/flux/FLUX1-dev/1_fake/FLUX1-dev_729.png,1,1,0.9715639669551474,FAKE,1005.8155041188002,1427,3
/workspace/benchmarks_ai_research/data/aigibench/flux/FLUX1-dev/1_fake/FLUX1-dev_837.png,1,0,0.07226173276119274,FAKE,1004.2781922966242,1427,3
/workspace/benchmarks_ai_research/data/genimage/sd_1_4/imagenet_ai_0419_sdv4/val/nature/ILSVRC2012_val_00009616.JPEG,0,0,0.004070137715896127,REAL,334.4932310283184,292,2
/workspace/benchmarks_ai_research/data/genimage/sd_1_4/imagenet_ai_0419_sdv4/val/nature/ILSVRC2012_val_00041843.JPEG,0,0,0.042087727915618836,REAL,332.2927560657263,292,2
/workspace/benchmarks_ai_research/data/genimage/sd_1_4/imagenet_ai_0419_sdv4/val/nature/ILSVRC2012_val_00038162.JPEG,0,0,0.02333076880848049,REAL,332.6395805925131,274,2
/workspace/benchmarks_ai_research/data/genimage/sd_1_4/imagenet_ai_0419_sdv4/val/nature/ILSVRC2012_val_00035514.JPEG,0,0,0.010818448652863185,REAL,369.54253911972046,328,2
/workspace/benchmarks_ai_research/data/aigibench/flux/FLUX1-dev/1_fake/FLUX1-dev_271.png,1,0,0.3867633332842489,REAL,938.4322483092546,1427,2
/workspace/benchmarks_ai_research/data/aigibench/flux/FLUX1-dev/1_fake/FLUX1-dev_543.png,1,1,0.9343951625409306,FAKE,1010.2702919393778,1427,3
/workspace/benchmarks_ai_research/data/genimage/sd_1_4/imagenet_ai_0419_sdv4/val/nature/ILSVRC2012_val_00033766.JPEG,0,0,0.005911068856243796,REAL,327.3736257106066,292,2
/workspace/benchmarks_ai_research/data/aigibench/flux/FLUX1-dev/1_fake/FLUX1-dev_4393.png,1,1,0.9799765587105447,FAKE,1008.8528767228127,1427,3
/workspace/benchmarks_ai_research/data/aigibench/flux/FLUX1-dev/1_fake/FLUX1-dev_1521.png,1,1,0.9990746151133504,FAKE,1005.4168663918972,1427,3
/workspace/benchmarks_ai_research/data/genimage/sd_1_4/imagenet_ai_0419_sdv4/val/nature/ILSVRC2012_val_00040005.JPEG,0,0,0.013636835281429876,REAL,280.3817577660084,154,2
/workspace/benchmarks_ai_research/data/genimage/sd_1_4/imagenet_ai_0419_sdv4/val/nature/ILSVRC2012_val_00012790.JPEG,0,0,0.007460643463940165,REAL,331.4249739050865,274,2
/workspace/benchmarks_ai_research/data/aigibench/flux/FLUX1-dev/1_fake/FLUX1-dev_2187.png,1,1,0.9390248191350352,FAKE,1009.0058725327253,1427,3
/workspace/benchmarks_ai_research/data/aigibench/flux/FLUX1-dev/1_fake/FLUX1-dev_2091.png,1,0,0.07659168354410491,FAKE,1008.392320945859,1427,3
/workspace/benchmarks_ai_research/data/aigibench/flux/FLUX1-dev/1_fake/FLUX1-dev_3360.png,1,0,0.36779988444836526,REAL,937.6145042479038,1427,2
/workspace/benchmarks_ai_research/data/genimage/sd_1_4/imagenet_ai_0419_sdv4/val/nature/ILSVRC2012_val_00009552.JPEG,0,0,0.007011795381497108,REAL,331.20421320199966,274,2
/workspace/benchmarks_ai_research/data/aigibench/flux/FLUX1-dev/1_fake/FLUX1-dev_3542.png,1,1,0.9362850057480346,FAKE,1005.8986078947783,1427,3
/workspace/benchmarks_ai_research/data/aigibench/flux/FLUX1-dev/1_fake/FLUX1-dev_545.png,1,1,0.9970650482552862,FAKE,1005.5945068597794,1427,3
/workspace/benchmarks_ai_research/data/aigibench/flux/FLUX1-dev/1_fake/FLUX1-dev_2863.png,1,1,0.9669140216112958,FAKE,1006.5567549318075,1427,3
/workspace/benchmarks_ai_research/data/genimage/sd_1_4/imagenet_ai_0419_sdv4/val/nature/ILSVRC2012_val_00011643.JPEG,0,0,0.007460643463940165,REAL,335.8115404844284,292,2
/workspace/benchmarks_ai_research/data/aigibench/flux/FLUX1-dev/1_fake/FLUX1-dev_2341.png,1,0,0.12252321251815919,REAL,939.3921718001366,1427,2
/workspace/benchmarks_ai_research/data/aigibench/flux/FLUX1-dev/1_fake/FLUX1-dev_1375.png,1,0,0.07267432790935681,FAKE,1009.4575174152851,1427,3
/workspace/benchmarks_ai_research/data/genimage/sd_1_4/imagenet_ai_0419_sdv4/val/nature/ILSVRC2012_val_00033485.JPEG,0,0,0.014503579691381979,REAL,337.65459060668945,310,2
/workspace/benchmarks_ai_research/data/genimage/sd_1_4/imagenet_ai_0419_sdv4/val/nature/ILSVRC2012_val_00041770.JPEG,0,0,0.04742587317756679,REAL,392.8889948874712,352,2
/workspace/benchmarks_ai_research/data/genimage/sd_1_4/imagenet_ai_0419_sdv4/val/nature/ILSVRC2012_val_00041200.JPEG,0,0,0.003222484324002434,REAL,405.30784614384174,364,2
/workspace/benchmarks_ai_research/data/aigibench/flux/FLUX1-dev/1_fake/FLUX1-dev_1365.png,1,0,0.07985034054269133,FAKE,1007.0257633924484,1427,3
/workspace/benchmarks_ai_research/data/aigibench/flux/FLUX1-dev/1_fake/FLUX1-dev_3233.png,1,0,0.010652510839726162,REAL,944.2788194864988,1427,2
/workspace/benchmarks_ai_research/data/aigibench/flux/FLUX1-dev/1_fake/FLUX1-dev_4050.png,1,0,0.09138210306717136,REAL,940.9538991749287,1427,2
/workspace/benchmarks_ai_research/data/genimage/sd_1_4/imagenet_ai_0419_sdv4/val/nature/ILSVRC2012_val_00017064.JPEG,0,0,0.00028240807799315707,REAL,301.36546306312084,238,2
/workspace/benchmarks_ai_research/data/genimage/sd_1_4/imagenet_ai_0419_sdv4/val/nature/ILSVRC2012_val_00043383.JPEG,0,0,0.0018969200744787132,REAL,486.1604329198599,638,2
/workspace/benchmarks_ai_research/data/aigibench/flux/FLUX1-dev/1_fake/FLUX1-dev_1182.png,1,1,0.9899864293768268,FAKE,1007.8737139701843,1427,3
/workspace/benchmarks_ai_research/data/aigibench/flux/FLUX1-dev/1_fake/FLUX1-dev_409.png,1,1,0.9828232909876817,FAKE,1009.794669225812,1427,3
/workspace/benchmarks_ai_research/data/genimage/sd_1_4/imagenet_ai_0419_sdv4/val/nature/ILSVRC2012_val_00016395.JPEG,0,0,0.07697408127681644,FAKE,399.65421333909035,292,3
/workspace/benchmarks_ai_research/data/aigibench/flux/FLUX1-dev/1_fake/FLUX1-dev_2251.png,1,1,0.9998726889583779,FAKE,1006.2182173132896,1427,3
/workspace/benchmarks_ai_research/data/genimage/sd_1_4/imagenet_ai_0419_sdv4/val/nature/ILSVRC2012_val_00012626.JPEG,0,0,0.026759283185443145,REAL,334.39034409821033,292,2
/workspace/benchmarks_ai_research/data/aigibench/flux/FLUX1-dev/1_fake/FLUX1-dev_2545.png,1,1,0.9908743626108194,FAKE,1008.2781780511141,1427,3
/workspace/benchmarks_ai_research/data/genimage/sd_1_4/imagenet_ai_0419_sdv4/val/nature/ILSVRC2012_val_00037920.JPEG,0,0,0.0013045066466158166,REAL,335.682338103652,310,2
/workspace/benchmarks_ai_research/data/aigibench/flux/FLUX1-dev/1_fake/FLUX1-dev_2932.png,1,1,0.9407897492587141,FAKE,1007.7380333095789,1427,3
/workspace/benchmarks_ai_research/data/aigibench/flux/FLUX1-dev/1_fake/FLUX1-dev_3116.png,1,1,0.9465966702001757,FAKE,1006.5575297921896,1427,3
/workspace/benchmarks_ai_research/data/aigibench/flux/FLUX1-dev/1_fake/FLUX1-dev_1141.png,1,1,0.9284088005554476,FAKE,1005.3472891449928,1427,3
/workspace/benchmarks_ai_research/data/genimage/sd_1_4/imagenet_ai_0419_sdv4/val/nature/ILSVRC2012_val_00036677.JPEG,0,0,0.12765262532179067,REAL,301.76498740911484,256,2
/workspace/benchmarks_ai_research/data/aigibench/flux/FLUX1-dev/1_fake/FLUX1-dev_917.png,1,0,0.34666235224565206,REAL,938.425911590457,1427,2
/workspace/benchmarks_ai_research/data/aigibench/flux/FLUX1-dev/1_fake/FLUX1-dev_4336.png,1,0,0.06781667798051856,FAKE,1004.3983608484268,1427,3
/workspace/benchmarks_ai_research/data/aigibench/flux/FLUX1-dev/1_fake/FLUX1-dev_4485.png,1,0,0.07098777193200516,FAKE,1012.7444192767143,1427,3
/workspace/benchmarks_ai_research/data/aigibench/flux/FLUX1-dev/1_fake/FLUX1-dev_1354.png,1,1,0.999851161517427,FAKE,1005.9061087667942,1427,3
/workspace/benchmarks_ai_research/data/aigibench/flux/FLUX1-dev/1_fake/FLUX1-dev_92.png,1,0,0.07425696692199972,FAKE,1005.4755192250013,1427,3
/workspace/benchmarks_ai_research/data/genimage/sd_1_4/imagenet_ai_0419_sdv4/val/nature/ILSVRC2012_val_00039319.JPEG,0,0,0.037892426629607394,REAL,394.7188276797533,382,2
/workspace/benchmarks_ai_research/data/aigibench/flux/FLUX1-dev/1_fake/FLUX1-dev_609.png,1,0,0.2068940488158881,REAL,937.9737917333841,1427,2
/workspace/benchmarks_ai_research/data/genimage/sd_1_4/imagenet_ai_0419_sdv4/val/nature/ILSVRC2012_val_00012755.JPEG,0,0,0.07001262684793862,FAKE,399.165078997612,292,3
/workspace/benchmarks_ai_research/data/genimage/sd_1_4/imagenet_ai_0419_sdv4/val/nature/ILSVRC2012_val_00006765.JPEG,0,0,0.0015731121653489969,REAL,389.32876102626324,373,2
/workspace/benchmarks_ai_research/data/genimage/sd_1_4/imagenet_ai_0419_sdv4/val/nature/ILSVRC2012_val_00013723.JPEG,0,0,0.001477942980215951,REAL,332.5668778270483,274,2
/workspace/benchmarks_ai_research/data/aigibench/flux/FLUX1-dev/1_fake/FLUX1-dev_2927.png,1,1,0.9591542840900507,FAKE,1008.8404063135386,1427,3
/workspace/benchmarks_ai_research/data/aigibench/flux/FLUX1-dev/1_fake/FLUX1-dev_3162.png,1,1,0.9719924793940118,FAKE,1004.7086644917727,1427,3
/workspace/benchmarks_ai_research/data/aigibench/flux/FLUX1-dev/1_fake/FLUX1-dev_3639.png,1,0,0.07144298437990969,FAKE,1008.7323132902384,1427,3
/workspace/benchmarks_ai_research/data/aigibench/flux/FLUX1-dev/1_fake/FLUX1-dev_2137.png,1,0,0.36258207710003215,REAL,939.4794907420874,1427,2
/workspace/benchmarks_ai_research/data/genimage/sd_1_4/imagenet_ai_0419_sdv4/val/nature/ILSVRC2012_val_00029180.JPEG,0,0,0.025565213923269593,REAL,336.6398438811302,274,2
/workspace/benchmarks_ai_research/data/genimage/sd_1_4/imagenet_ai_0419_sdv4/val/nature/ILSVRC2012_val_00009803.JPEG,0,0,0.037326887344129464,REAL,285.0907426327467,158,2
/workspace/benchmarks_ai_research/data/aigibench/flux/FLUX1-dev/1_fake/FLUX1-dev_1489.png,1,1,0.9621075733703927,FAKE,1005.97158446908,1427,3
/workspace/benchmarks_ai_research/data/aigibench/flux/FLUX1-dev/1_fake/FLUX1-dev_506.png,1,0,0.13117322376181567,REAL,942.0989193022251,1427,2
/workspace/benchmarks_ai_research/data/aigibench/flux/FLUX1-dev/1_fake/FLUX1-dev_3016.png,1,0,0.1480471980316895,REAL,943.0663082748652,1427,2
/workspace/benchmarks_ai_research/data/genimage/sd_1_4/imagenet_ai_0419_sdv4/val/nature/ILSVRC2012_val_00012175.JPEG,0,0,0.020645930739218447,REAL,387.10577972233295,448,2
/workspace/benchmarks_ai_research/data/genimage/sd_1_4/imagenet_ai_0419_sdv4/val/nature/ILSVRC2012_val_00019797.JPEG,0,0,0.008315778477474129,REAL,327.5578133761883,292,2
/workspace/benchmarks_ai_research/data/aigibench/flux/FLUX1-dev/1_fake/FLUX1-dev_179.png,1,1,0.9748211582993981,FAKE,1008.2742944359779,1427,3
/workspace/benchmarks_ai_research/data/aigibench/flux/FLUX1-dev/1_fake/FLUX1-dev_1786.png,1,0,0.07526051959016392,FAKE,1006.6800080239773,1427,3
/workspace/benchmarks_ai_research/data/genimage/sd_1_4/imagenet_ai_0419_sdv4/val/nature/ILSVRC2012_val_00048224.JPEG,0,0,0.05419872982318558,REAL,326.98591239750385,274,2
/workspace/benchmarks_ai_research/data/aigibench/flux/FLUX1-dev/1_fake/FLUX1-dev_1007.png,1,1,0.9865717452580314,FAKE,1008.9936126023531,1427,3
/workspace/benchmarks_ai_research/data/genimage/sd_1_4/imagenet_ai_0419_sdv4/val/nature/ILSVRC2012_val_00001377.JPEG,0,0,0.005554924703691103,REAL,299.6762581169605,198,2
/workspace/benchmarks_ai_research/data/aigibench/flux/FLUX1-dev/1_fake/FLUX1-dev_4173.png,1,0,0.1968262036430985,REAL,939.1453713178635,1427,2
/workspace/benchmarks_ai_research/data/aigibench/flux/FLUX1-dev/1_fake/FLUX1-dev_782.png,1,1,0.9857180660748888,FAKE,1007.9080127179623,1427,3
/workspace/benchmarks_ai_research/data/genimage/sd_1_4/imagenet_ai_0419_sdv4/val/nature/ILSVRC2012_val_00023147.JPEG,0,0,0.05261895334771377,REAL,395.1480370014906,382,2
/workspace/benchmarks_ai_research/data/genimage/sd_1_4/imagenet_ai_0419_sdv4/val/nature/ILSVRC2012_val_00005853.JPEG,0,0,0.05582314113461443,REAL,381.4569227397442,382,2
/workspace/benchmarks_ai_research/data/genimage/sd_1_4/imagenet_ai_0419_sdv4/val/nature/ILSVRC2012_val_00040363.JPEG,0,0,0.0022170130229473865,REAL,330.77666349709034,274,2
/workspace/benchmarks_ai_research/data/aigibench/flux/FLUX1-dev/1_fake/FLUX1-dev_1177.png,1,1,0.9748211582993981,FAKE,1011.8126403540373,1427,3
/workspace/benchmarks_ai_research/data/aigibench/flux/FLUX1-dev/1_fake/FLUX1-dev_411.png,1,0,0.07392517181265203,FAKE,1006.2205269932747,1427,3
/workspace/benchmarks_ai_research/data/aigibench/flux/FLUX1-dev/1_fake/FLUX1-dev_3505.png,1,0,0.07455159769079114,FAKE,1004.0394030511379,1427,3
/workspace/benchmarks_ai_research/data/aigibench/flux/FLUX1-dev/1_fake/FLUX1-dev_532.png,1,1,0.9658995742876885,FAKE,1004.5886002480984,1427,3
/workspace/benchmarks_ai_research/data/aigibench/flux/FLUX1-dev/1_fake/FLUX1-dev_2199.png,1,1,0.9799765587105447,FAKE,1007.9014468938112,1427,3
/workspace/benchmarks_ai_research/data/aigibench/flux/FLUX1-dev/1_fake/FLUX1-dev_2822.png,1,1,0.9893474891602738,FAKE,1008.8605377823114,1427,3
/workspace/benchmarks_ai_research/data/aigibench/flux/FLUX1-dev/1_fake/FLUX1-dev_4264.png,1,0,0.0751053224815165,FAKE,1009.3817040324211,1427,3
/workspace/benchmarks_ai_research/data/genimage/sd_1_4/imagenet_ai_0419_sdv4/val/nature/ILSVRC2012_val_00041181.JPEG,0,0,0.01590639171181471,REAL,331.75199665129185,274,2
/workspace/benchmarks_ai_research/data/aigibench/flux/FLUX1-dev/1_fake/FLUX1-dev_624.png,1,0,0.07318997914276838,FAKE,1003.7311315536499,1427,3
/workspace/benchmarks_ai_research/data/aigibench/flux/FLUX1-dev/1_fake/FLUX1-dev_1207.png,1,0,0.07737150246031568,FAKE,1010.4097183793783,1427,3
/workspace/benchmarks_ai_research/data/genimage/sd_1_4/imagenet_ai_0419_sdv4/val/nature/ILSVRC2012_val_00013391.JPEG,0,0,0.013428254741968517,REAL,338.17378245294094,310,2
/workspace/benchmarks_ai_research/data/genimage/sd_1_4/imagenet_ai_0419_sdv4/val/nature/ILSVRC2012_val_00013615.JPEG,0,0,0.02635535284611975,REAL,403.0811879783869,454,2
/workspace/benchmarks_ai_research/data/aigibench/flux/FLUX1-dev/1_fake/FLUX1-dev_1516.png,1,1,0.941654159388319,FAKE,1008.1616025418043,1427,3
/workspace/benchmarks_ai_research/data/genimage/sd_1_4/imagenet_ai_0419_sdv4/val/nature/ILSVRC2012_val_00009850.JPEG,0,0,0.22815650216092537,REAL,383.2433745265007,346,2
/workspace/benchmarks_ai_research/data/genimage/sd_1_4/imagenet_ai_0419_sdv4/val/nature/ILSVRC2012_val_00043897.JPEG,0,0,0.007937994101407319,REAL,381.0310699045658,364,2
/workspace/benchmarks_ai_research/data/aigibench/flux/FLUX1-dev/1_fake/FLUX1-dev_1117.png,1,0,0.37583721959038385,REAL,940.4180832207203,1427,2
/workspace/benchmarks_ai_research/data/aigibench/flux/FLUX1-dev/1_fake/FLUX1-dev_2766.png,1,0,0.16885695214168314,REAL,940.8739935606718,1427,2
/workspace/benchmarks_ai_research/data/aigibench/flux/FLUX1-dev/1_fake/FLUX1-dev_4222.png,1,0,0.06995210885833901,FAKE,1007.6617114245892,1427,3
/workspace/benchmarks_ai_research/data/aigibench/flux/FLUX1-dev/1_fake/FLUX1-dev_4301.png,1,0,0.07234905169168439,FAKE,1005.3094942122698,1427,3
/workspace/benchmarks_ai_research/data/aigibench/flux/FLUX1-dev/1_fake/FLUX1-dev_352.png,1,1,0.9955316157335089,FAKE,1006.5741315484047,1427,3
/workspace/benchmarks_ai_research/data/aigibench/flux/FLUX1-dev/1_fake/FLUX1-dev_460.png,1,0,0.10818895456207035,REAL,942.5925929099321,1427,2
/workspace/benchmarks_ai_research/data/aigibench/flux/FLUX1-dev/1_fake/FLUX1-dev_1930.png,1,1,0.9353465116437761,FAKE,1006.605276837945,1427,3
/workspace/benchmarks_ai_research/data/genimage/sd_1_4/imagenet_ai_0419_sdv4/val/nature/ILSVRC2012_val_00003032.JPEG,0,0,0.009125637389180518,REAL,473.8880358636379,523,2
/workspace/benchmarks_ai_research/data/aigibench/flux/FLUX1-dev/1_fake/FLUX1-dev_3658.png,1,0,0.05665242530797383,REAL,939.6618772298098,1427,2
/workspace/benchmarks_ai_research/data/aigibench/flux/FLUX1-dev/1_fake/FLUX1-dev_889.png,1,0,0.07442336123126911,FAKE,1007.6372567564249,1427,3
/workspace/benchmarks_ai_research/data/aigibench/flux/FLUX1-dev/1_fake/FLUX1-dev_4458.png,1,0,0.01495708659314999,REAL,941.0139247775078,1427,2
/workspace/benchmarks_ai_research/data/genimage/sd_1_4/imagenet_ai_0419_sdv4/val/nature/ILSVRC2012_val_00021878.JPEG,0,0,0.03021458706739398,REAL,328.2630555331707,274,2
/workspace/benchmarks_ai_research/data/genimage/sd_1_4/imagenet_ai_0419_sdv4/val/nature/ILSVRC2012_val_00032411.JPEG,0,0,0.006589771663080563,REAL,338.60029838979244,274,2
/workspace/benchmarks_ai_research/data/genimage/sd_1_4/imagenet_ai_0419_sdv4/val/nature/ILSVRC2012_val_00003015.JPEG,0,0,0.00042388474199374983,REAL,394.04047653079033,382,2
/workspace/benchmarks_ai_research/data/genimage/sd_1_4/imagenet_ai_0419_sdv4/val/nature/ILSVRC2012_val_00019514.JPEG,0,0,0.02635535284611975,REAL,298.84058237075806,238,2
/workspace/benchmarks_ai_research/data/aigibench/flux/FLUX1-dev/1_fake/FLUX1-dev_3943.png,1,0,0.0030753698500482337,REAL,941.0536475479603,1427,2
/workspace/benchmarks_ai_research/data/aigibench/flux/FLUX1-dev/1_fake/FLUX1-dev_2285.png,1,1,0.9988664309949126,FAKE,1008.9000780135393,1427,3
/workspace/benchmarks_ai_research/data/genimage/sd_1_4/imagenet_ai_0419_sdv4/val/nature/ILSVRC2012_val_00012774.JPEG,0,0,0.08509904500702024,REAL,334.2982139438391,292,2
/workspace/benchmarks_ai_research/data/aigibench/flux/FLUX1-dev/1_fake/FLUX1-dev_4221.png,1,1,0.9994207083300786,FAKE,1007.2431899607182,1427,3
/workspace/benchmarks_ai_research/data/genimage/sd_1_4/imagenet_ai_0419_sdv4/val/nature/ILSVRC2012_val_00005944.JPEG,0,0,0.00530189486940215,REAL,268.4428580105305,83,2
/workspace/benchmarks_ai_research/data/aigibench/flux/FLUX1-dev/1_fake/FLUX1-dev_1018.png,1,1,0.9981897889737974,FAKE,1008.0363228917122,1427,3
/workspace/benchmarks_ai_research/data/aigibench/flux/FLUX1-dev/1_fake/FLUX1-dev_2983.png,1,0,0.07085295253787657,FAKE,1008.2563366740942,1427,3
/workspace/benchmarks_ai_research/data/aigibench/flux/FLUX1-dev/1_fake/FLUX1-dev_3941.png,1,0,0.07274956055518017,FAKE,1005.7494547218084,1427,3
/workspace/benchmarks_ai_research/data/aigibench/flux/FLUX1-dev/1_fake/FLUX1-dev_1517.png,1,0,0.3511414535799414,REAL,940.6627863645554,1427,2
/workspace/benchmarks_ai_research/data/aigibench/flux/FLUX1-dev/1_fake/FLUX1-dev_4474.png,1,0,0.07214957643621918,FAKE,1008.1416927278042,1427,3
/workspace/benchmarks_ai_research/data/genimage/sd_1_4/imagenet_ai_0419_sdv4/val/nature/ILSVRC2012_val_00028100.JPEG,0,0,0.0062899021368924835,REAL,337.7475459128618,274,2
/workspace/benchmarks_ai_research/data/genimage/sd_1_4/imagenet_ai_0419_sdv4/val/nature/ILSVRC2012_val_00014157.JPEG,0,0,0.021287351793451054,REAL,382.73557275533676,346,2
/workspace/benchmarks_ai_research/data/aigibench/flux/FLUX1-dev/1_fake/FLUX1-dev_3833.png,1,0,0.31405054499180746,REAL,939.2792601138353,1427,2
/workspace/benchmarks_ai_research/data/aigibench/flux/FLUX1-dev/1_fake/FLUX1-dev_4218.png,1,1,0.98504291340685,FAKE,1006.5118242055178,1427,3
/workspace/benchmarks_ai_research/data/aigibench/flux/FLUX1-dev/1_fake/FLUX1-dev_2618.png,1,0,0.3349207503890948,REAL,940.0463122874498,1427,2
/workspace/benchmarks_ai_research/data/genimage/sd_1_4/imagenet_ai_0419_sdv4/val/nature/ILSVRC2012_val_00019638.JPEG,0,0,0.010818448652863185,REAL,333.3379216492176,292,2
/workspace/benchmarks_ai_research/data/genimage/sd_1_4/imagenet_ai_0419_sdv4/val/nature/ILSVRC2012_val_00009986.JPEG,0,0,0.0032730649706716308,REAL,279.90338765084743,142,2
/workspace/benchmarks_ai_research/data/aigibench/flux/FLUX1-dev/1_fake/FLUX1-dev_1920.png,1,1,0.9989515307328389,FAKE,1007.087305188179,1427,3
/workspace/benchmarks_ai_research/data/aigibench/flux/FLUX1-dev/1_fake/FLUX1-dev_2810.png,1,0,0.31405054499180746,REAL,939.4626691937447,1427,2
/workspace/benchmarks_ai_research/data/aigibench/flux/FLUX1-dev/1_fake/FLUX1-dev_2764.png,1,0,0.07537711900275204,FAKE,1007.743377238512,1427,3
/workspace/benchmarks_ai_research/data/aigibench/flux/FLUX1-dev/1_fake/FLUX1-dev_821.png,1,0,0.06893043430449396,FAKE,1010.8807738870382,1427,3
/workspace/benchmarks_ai_research/data/aigibench/flux/FLUX1-dev/1_fake/FLUX1-dev_4386.png,1,0,0.07115969432260864,FAKE,1006.2356665730476,1427,3
/workspace/benchmarks_ai_research/data/genimage/sd_1_4/imagenet_ai_0419_sdv4/val/nature/ILSVRC2012_val_00022869.JPEG,0,0,0.01665704000922906,REAL,330.04783280193806,274,2
/workspace/benchmarks_ai_research/data/genimage/sd_1_4/imagenet_ai_0419_sdv4/val/nature/ILSVRC2012_val_00042002.JPEG,0,0,0.012431650853185818,REAL,325.72950050234795,292,2
/workspace/benchmarks_ai_research/data/aigibench/flux/FLUX1-dev/1_fake/FLUX1-dev_777.png,1,1,0.9968763514001466,FAKE,1010.0369211286306,1427,3
/workspace/benchmarks_ai_research/data/aigibench/flux/FLUX1-dev/1_fake/FLUX1-dev_842.png,1,1,0.9987934102877537,FAKE,1008.0976691097021,1427,3
/workspace/benchmarks_ai_research/data/genimage/sd_1_4/imagenet_ai_0419_sdv4/val/nature/ILSVRC2012_val_00017716.JPEG,0,0,0.04023794262361602,REAL,336.38325333595276,292,2
/workspace/benchmarks_ai_research/data/aigibench/flux/FLUX1-dev/1_fake/FLUX1-dev_1982.png,1,1,0.99861147672431,FAKE,1007.8314822167158,1427,3
/workspace/benchmarks_ai_research/data/aigibench/flux/FLUX1-dev/1_fake/FLUX1-dev_3533.png,1,0,0.07795777408767089,FAKE,1003.3562406897545,1427,3
/workspace/benchmarks_ai_research/data/aigibench/flux/FLUX1-dev/1_fake/FLUX1-dev_3354.png,1,1,0.9787126482065489,FAKE,1006.1419606208801,1427,3
/workspace/benchmarks_ai_research/data/genimage/sd_1_4/imagenet_ai_0419_sdv4/val/nature/ILSVRC2012_val_00011416.JPEG,0,1,0.9773707999669629,FAKE,399.9203760176897,310,3
/workspace/benchmarks_ai_research/data/aigibench/flux/FLUX1-dev/1_fake/FLUX1-dev_2444.png,1,0,0.0783867080169672,FAKE,1005.403907969594,1427,3
/workspace/benchmarks_ai_research/data/aigibench/flux/FLUX1-dev/1_fake/FLUX1-dev_2928.png,1,1,0.9546474194456936,FAKE,1009.7013060003519,1427,3
/workspace/benchmarks_ai_research/data/genimage/sd_1_4/imagenet_ai_0419_sdv4/val/nature/ILSVRC2012_val_00043297.JPEG,0,0,0.003884476548765805,REAL,331.5127845853567,274,2
/workspace/benchmarks_ai_research/data/aigibench/flux/FLUX1-dev/1_fake/FLUX1-dev_2622.png,1,1,0.9609517072737735,FAKE,1007.1272160857916,1427,3
/workspace/benchmarks_ai_research/data/aigibench/flux/FLUX1-dev/1_fake/FLUX1-dev_966.png,1,1,0.991422514586288,FAKE,1006.6292118281126,1427,3
/workspace/benchmarks_ai_research/data/aigibench/flux/FLUX1-dev/1_fake/FLUX1-dev_3153.png,1,1,0.983596967483837,FAKE,1013.1702702492476,1427,3
/workspace/benchmarks_ai_research/data/aigibench/flux/FLUX1-dev/1_fake/FLUX1-dev_1142.png,1,1,0.9905874104123901,FAKE,1006.7927781492472,1427,3
/workspace/benchmarks_ai_research/data/genimage/sd_1_4/imagenet_ai_0419_sdv4/val/nature/ILSVRC2012_val_00046116.JPEG,0,0,0.021287351793451054,REAL,293.9831055700779,250,2
/workspace/benchmarks_ai_research/data/genimage/sd_1_4/imagenet_ai_0419_sdv4/val/nature/ILSVRC2012_val_00036820.JPEG,0,0,0.014281933925111153,REAL,329.9582712352276,292,2
/workspace/benchmarks_ai_research/data/genimage/sd_1_4/imagenet_ai_0419_sdv4/val/nature/ILSVRC2012_val_00032945.JPEG,0,0,0.0028449096649795012,REAL,326.7447669059038,274,2
/workspace/benchmarks_ai_research/data/aigibench/flux/FLUX1-dev/1_fake/FLUX1-dev_2491.png,1,1,0.9937100978631075,FAKE,1009.5739979296923,1427,3
/workspace/benchmarks_ai_research/data/genimage/sd_1_4/imagenet_ai_0419_sdv4/val/nature/ILSVRC2012_val_00044477.JPEG,0,1,0.9799765587105447,FAKE,409.97327119112015,279,3
/workspace/benchmarks_ai_research/data/aigibench/flux/FLUX1-dev/1_fake/FLUX1-dev_859.png,1,1,0.9693241982893259,FAKE,1004.6241600066423,1427,3
/workspace/benchmarks_ai_research/data/aigibench/flux/FLUX1-dev/1_fake/FLUX1-dev_3927.png,1,0,0.22000709974589314,REAL,940.8161491155624,1427,2
/workspace/benchmarks_ai_research/data/aigibench/flux/FLUX1-dev/1_fake/FLUX1-dev_3645.png,1,1,0.9473810466522863,FAKE,1006.8382695317268,1427,3
/workspace/benchmarks_ai_research/data/genimage/sd_1_4/imagenet_ai_0419_sdv4/val/nature/ILSVRC2012_val_00047104.JPEG,0,0,0.11279540628289321,REAL,375.6135609000921,338,2
/workspace/benchmarks_ai_research/data/aigibench/flux/FLUX1-dev/1_fake/FLUX1-dev_2623.png,1,0,0.05184546664977983,REAL,940.1047043502331,1427,2
/workspace/benchmarks_ai_research/data/aigibench/flux/FLUX1-dev/1_fake/FLUX1-dev_733.png,1,1,0.9314625069680097,FAKE,1005.6883692741394,1427,3
/workspace/benchmarks_ai_research/data/aigibench/flux/FLUX1-dev/1_fake/FLUX1-dev_1925.png,1,0,0.3286113809081942,REAL,937.2539967298508,1427,2
/workspace/benchmarks_ai_research/data/aigibench/flux/FLUX1-dev/1_fake/FLUX1-dev_2885.png,1,0,0.0754160112472555,FAKE,1007.0771276950836,1427,3
/workspace/benchmarks_ai_research/data/genimage/sd_1_4/imagenet_ai_0419_sdv4/val/nature/ILSVRC2012_val_00019710.JPEG,0,0,0.05834584061168106,REAL,396.464703604579,352,2
/workspace/benchmarks_ai_research/data/genimage/sd_1_4/imagenet_ai_0419_sdv4/val/nature/ILSVRC2012_val_00034247.JPEG,0,0,0.0027149854690051763,REAL,338.47021125257015,292,2
/workspace/benchmarks_ai_research/data/aigibench/flux/FLUX1-dev/1_fake/FLUX1-dev_4243.png,1,0,0.3649930416255424,REAL,940.7298006117344,1427,2
/workspace/benchmarks_ai_research/data/aigibench/flux/FLUX1-dev/1_fake/FLUX1-dev_2089.png,1,0,0.38910416716523083,REAL,938.8225469738245,1427,2
/workspace/benchmarks_ai_research/data/aigibench/flux/FLUX1-dev/1_fake/FLUX1-dev_704.png,1,1,0.9995044640524365,FAKE,1006.334563717246,1427,3
/workspace/benchmarks_ai_research/data/genimage/sd_1_4/imagenet_ai_0419_sdv4/val/nature/ILSVRC2012_val_00004726.JPEG,0,0,0.08389038641057993,REAL,389.27643932402134,352,2
/workspace/benchmarks_ai_research/data/aigibench/flux/FLUX1-dev/1_fake/FLUX1-dev_332.png,1,1,0.9984752136087741,FAKE,1010.0724101066589,1427,3
/workspace/benchmarks_ai_research/data/aigibench/flux/FLUX1-dev/1_fake/FLUX1-dev_1267.png,1,1,0.9504109770159683,FAKE,1006.1342157423496,1427,3
/workspace/benchmarks_ai_research/data/aigibench/flux/FLUX1-dev/1_fake/FLUX1-dev_3737.png,1,0,0.07302612483844242,FAKE,1003.9730854332447,1427,3
/workspace/benchmarks_ai_research/data/aigibench/flux/FLUX1-dev/1_fake/FLUX1-dev_459.png,1,1,0.9843363512883317,FAKE,1005.8424156159163,1427,3
/workspace/benchmarks_ai_research/data/aigibench/flux/FLUX1-dev/1_fake/FLUX1-dev_3079.png,1,0,0.07964558938528873,FAKE,1008.7839514017105,1427,3
/workspace/benchmarks_ai_research/data/aigibench/flux/FLUX1-dev/1_fake/FLUX1-dev_3204.png,1,0,0.07262421265396495,FAKE,1008.3015784621239,1427,3
/workspace/benchmarks_ai_research/data/aigibench/flux/FLUX1-dev/1_fake/FLUX1-dev_317.png,1,0,0.07425696692199972,FAKE,1006.3416250050068,1427,3
/workspace/benchmarks_ai_research/data/aigibench/flux/FLUX1-dev/1_fake/FLUX1-dev_416.png,1,0,0.08235932927394563,FAKE,1007.6237879693508,1427,3
/workspace/benchmarks_ai_research/data/aigibench/flux/FLUX1-dev/1_fake/FLUX1-dev_72.png,1,0,0.0446808702726502,REAL,940.5415914952755,1427,2
/workspace/benchmarks_ai_research/data/genimage/sd_1_4/imagenet_ai_0419_sdv4/val/nature/ILSVRC2012_val_00030110.JPEG,0,0,0.010169657753872614,REAL,327.9161471873522,292,2
/workspace/benchmarks_ai_research/data/aigibench/flux/FLUX1-dev/1_fake/FLUX1-dev_4235.png,1,1,0.9802808718926534,FAKE,1011.2548004835844,1427,3
/workspace/benchmarks_ai_research/data/aigibench/flux/FLUX1-dev/1_fake/FLUX1-dev_2165.png,1,0,0.0755588071795428,FAKE,1006.6776964813471,1427,3
/workspace/benchmarks_ai_research/data/aigibench/flux/FLUX1-dev/1_fake/FLUX1-dev_4153.png,1,1,0.9895109087400621,FAKE,1005.5380314588547,1427,3
/workspace/benchmarks_ai_research/data/aigibench/flux/FLUX1-dev/1_fake/FLUX1-dev_1222.png,1,1,0.9950945942942779,FAKE,1008.702639490366,1427,3
/workspace/benchmarks_ai_research/data/genimage/sd_1_4/imagenet_ai_0419_sdv4/val/nature/ILSVRC2012_val_00010843.JPEG,0,0,0.007937994101407319,REAL,331.77822455763817,292,2
/workspace/benchmarks_ai_research/data/genimage/sd_1_4/imagenet_ai_0419_sdv4/val/nature/ILSVRC2012_val_00014275.JPEG,0,0,0.0019267346633274755,REAL,327.82923988997936,274,2
/workspace/benchmarks_ai_research/data/aigibench/flux/FLUX1-dev/1_fake/FLUX1-dev_2575.png,1,1,0.9702399060540357,FAKE,1007.700065150857,1427,3
/workspace/benchmarks_ai_research/data/genimage/sd_1_4/imagenet_ai_0419_sdv4/val/nature/ILSVRC2012_val_00001033.JPEG,0,0,0.002434382008505326,REAL,394.11480352282524,382,2
/workspace/benchmarks_ai_research/data/aigibench/flux/FLUX1-dev/1_fake/FLUX1-dev_2443.png,1,0,0.0063883209097212856,REAL,938.5653920471668,1427,2
/workspace/benchmarks_ai_research/data/aigibench/flux/FLUX1-dev/1_fake/FLUX1-dev_2174.png,1,0,0.0743081186004538,FAKE,1005.8331470936537,1427,3
/workspace/benchmarks_ai_research/data/aigibench/flux/FLUX1-dev/1_fake/FLUX1-dev_149.png,1,1,0.9997694932780068,FAKE,1005.1836241036654,1427,3
/workspace/benchmarks_ai_research/data/aigibench/flux/FLUX1-dev/1_fake/FLUX1-dev_3571.png,1,1,0.941654159388319,FAKE,1010.8580142259598,1427,3
/workspace/benchmarks_ai_research/data/aigibench/flux/FLUX1-dev/1_fake/FLUX1-dev_1885.png,1,0,0.0752346384920848,FAKE,1005.5895522236824,1427,3
/workspace/benchmarks_ai_research/data/genimage/sd_1_4/imagenet_ai_0419_sdv4/val/nature/ILSVRC2012_val_00029276.JPEG,0,0,0.0011695102650555148,REAL,340.7992422580719,279,2
/workspace/benchmarks_ai_research/data/aigibench/flux/FLUX1-dev/1_fake/FLUX1-dev_2347.png,1,1,0.9433475746920261,FAKE,1004.9304813146591,1427,3
/workspace/benchmarks_ai_research/data/aigibench/flux/FLUX1-dev/1_fake/FLUX1-dev_4343.png,1,1,0.9928785712542649,FAKE,1008.5516329854727,1427,3
/workspace/benchmarks_ai_research/data/aigibench/flux/FLUX1-dev/1_fake/FLUX1-dev_4106.png,1,0,0.08632347658627028,REAL,939.40251134336,1427,2
/workspace/benchmarks_ai_research/data/aigibench/flux/FLUX1-dev/1_fake/FLUX1-dev_3506.png,1,0,0.008061991528271641,REAL,938.5338593274355,1427,2
/workspace/benchmarks_ai_research/data/aigibench/flux/FLUX1-dev/1_fake/FLUX1-dev_2726.png,1,0,0.07667066991690066,FAKE,1005.0681363791227,1427,3
/workspace/benchmarks_ai_research/data/genimage/sd_1_4/imagenet_ai_0419_sdv4/val/nature/ILSVRC2012_val_00026783.JPEG,0,0,0.030675801710674105,REAL,329.27017472684383,292,2
/workspace/benchmarks_ai_research/data/aigibench/flux/FLUX1-dev/1_fake/FLUX1-dev_4048.png,1,0,0.07747777122984727,FAKE,1006.7306887358427,1427,3
/workspace/benchmarks_ai_research/data/genimage/sd_1_4/imagenet_ai_0419_sdv4/val/nature/ILSVRC2012_val_00011144.JPEG,0,0,0.0022170130229473865,REAL,332.31551200151443,292,2
/workspace/benchmarks_ai_research/data/aigibench/flux/FLUX1-dev/1_fake/FLUX1-dev_778.png,1,0,0.23934934732271168,REAL,939.0260856598616,1427,2
/workspace/benchmarks_ai_research/data/genimage/sd_1_4/imagenet_ai_0419_sdv4/val/nature/ILSVRC2012_val_00018602.JPEG,0,0,0.006192990157855187,REAL,330.2543703466654,310,2
/workspace/benchmarks_ai_research/data/genimage/sd_1_4/imagenet_ai_0419_sdv4/val/nature/ILSVRC2012_val_00048091.JPEG,0,0,0.01744248473620534,REAL,333.03180523216724,292,2
/workspace/benchmarks_ai_research/data/aigibench/flux/FLUX1-dev/1_fake/FLUX1-dev_793.png,1,1,0.9609517072737735,FAKE,1005.0678718835115,1427,3
/workspace/benchmarks_ai_research/data/aigibench/flux/FLUX1-dev/1_fake/FLUX1-dev_3741.png,1,1,0.9998415637808975,FAKE,1004.3338648974895,1427,3
/workspace/benchmarks_ai_research/data/genimage/sd_1_4/imagenet_ai_0419_sdv4/val/nature/ILSVRC2012_val_00003366.JPEG,0,0,0.0020829707830458,REAL,381.7846439778805,432,2
/workspace/benchmarks_ai_research/data/aigibench/flux/FLUX1-dev/1_fake/FLUX1-dev_1648.png,1,0,0.24798742624020276,REAL,940.1948004961014,1427,2
/workspace/benchmarks_ai_research/data/aigibench/flux/FLUX1-dev/1_fake/FLUX1-dev_2322.png,1,0,0.07502785078795485,FAKE,1008.8984780013561,1427,3
/workspace/benchmarks_ai_research/data/aigibench/flux/FLUX1-dev/1_fake/FLUX1-dev_128.png,1,1,0.9518632288833652,FAKE,1005.7868584990501,1427,3
/workspace/benchmarks_ai_research/data/aigibench/flux/FLUX1-dev/1_fake/FLUX1-dev_1655.png,1,0,0.25683199138751883,REAL,938.1946083158255,1427,2
/workspace/benchmarks_ai_research/data/aigibench/flux/FLUX1-dev/1_fake/FLUX1-dev_1779.png,1,1,0.9859363729567544,FAKE,1006.2291119247675,1427,3
/workspace/benchmarks_ai_research/data/genimage/sd_1_4/imagenet_ai_0419_sdv4/val/nature/ILSVRC2012_val_00018408.JPEG,0,0,0.005554924703691103,REAL,325.478358194232,274,2
/workspace/benchmarks_ai_research/data/aigibench/flux/FLUX1-dev/1_fake/FLUX1-dev_3472.png,1,0,0.01665704000922906,REAL,938.9330539852381,1427,2
/workspace/benchmarks_ai_research/data/genimage/sd_1_4/imagenet_ai_0419_sdv4/val/nature/ILSVRC2012_val_00044094.JPEG,0,0,0.0037654137846738736,REAL,335.29286459088326,292,2
/workspace/benchmarks_ai_research/data/aigibench/flux/FLUX1-dev/1_fake/FLUX1-dev_1017.png,1,0,0.371918339883844,REAL,943.1820325553417,1427,2
/workspace/benchmarks_ai_research/data/aigibench/flux/FLUX1-dev/1_fake/FLUX1-dev_1119.png,1,1,0.9924227587321393,FAKE,1007.9991240054369,1427,3
/workspace/benchmarks_ai_research/data/aigibench/flux/FLUX1-dev/1_fake/FLUX1-dev_2869.png,1,1,0.9958012047285281,FAKE,1005.0946492701769,1427,3
/workspace/benchmarks_ai_research/data/aigibench/flux/FLUX1-dev/1_fake/FLUX1-dev_1014.png,1,1,0.9496693674025232,FAKE,1005.754966288805,1427,3
/workspace/benchmarks_ai_research/data/aigibench/flux/FLUX1-dev/1_fake/FLUX1-dev_2442.png,1,0,0.07241151393567345,FAKE,1005.6665502488613,1427,3
/workspace/benchmarks_ai_research/data/aigibench/flux/FLUX1-dev/1_fake/FLUX1-dev_2675.png,1,0,0.06997631024684012,FAKE,1010.2246589958668,1427,3
/workspace/benchmarks_ai_research/data/genimage/sd_1_4/imagenet_ai_0419_sdv4/val/nature/ILSVRC2012_val_00041772.JPEG,0,0,0.01744248473620534,REAL,331.7837119102478,292,2
/workspace/benchmarks_ai_research/data/aigibench/flux/FLUX1-dev/1_fake/FLUX1-dev_1171.png,1,0,0.07343008514298546,FAKE,1007.1653593331575,1427,3
/workspace/benchmarks_ai_research/data/aigibench/flux/FLUX1-dev/1_fake/FLUX1-dev_990.png,1,0,0.07369630225740545,FAKE,1006.2596201896667,1427,3
/workspace/benchmarks_ai_research/data/genimage/sd_1_4/imagenet_ai_0419_sdv4/val/nature/ILSVRC2012_val_00005717.JPEG,0,0,0.11436852618181247,REAL,327.91188172996044,292,2
/workspace/benchmarks_ai_research/data/aigibench/flux/FLUX1-dev/1_fake/FLUX1-dev_3387.png,1,0,0.09009299396195182,REAL,942.0847482979298,1427,2
/workspace/benchmarks_ai_research/data/aigibench/flux/FLUX1-dev/1_fake/FLUX1-dev_3830.png,1,0,0.33791057446746425,REAL,943.2760365307331,1427,2
/workspace/benchmarks_ai_research/data/aigibench/flux/FLUX1-dev/1_fake/FLUX1-dev_1936.png,1,1,0.9857180660748888,FAKE,1006.0424190014601,1427,3
/workspace/benchmarks_ai_research/data/aigibench/flux/FLUX1-dev/1_fake/FLUX1-dev_380.png,1,0,0.25683199138751883,REAL,939.4845888018608,1427,2
/workspace/benchmarks_ai_research/data/aigibench/flux/FLUX1-dev/1_fake/FLUX1-dev_4027.png,1,0,0.07200029501623917,FAKE,1007.3022246360779,1427,3
/workspace/benchmarks_ai_research/data/aigibench/flux/FLUX1-dev/1_fake/FLUX1-dev_3975.png,1,0,0.22000709974589314,REAL,944.5245955139399,1427,2
/workspace/benchmarks_ai_research/data/aigibench/flux/FLUX1-dev/1_fake/FLUX1-dev_2127.png,1,0,0.04023794262361602,REAL,938.8330802321434,1427,2
/workspace/benchmarks_ai_research/data/aigibench/flux/FLUX1-dev/1_fake/FLUX1-dev_3444.png,1,0,0.13846179056896438,REAL,939.9472791701555,1427,2
/workspace/benchmarks_ai_research/data/aigibench/flux/FLUX1-dev/1_fake/FLUX1-dev_4294.png,1,1,0.988841968751916,FAKE,1007.0938114076853,1427,3
/workspace/benchmarks_ai_research/data/aigibench/flux/FLUX1-dev/1_fake/FLUX1-dev_1293.png,1,1,0.9621075733703927,FAKE,1008.3872508257627,1427,3
/workspace/benchmarks_ai_research/data/genimage/sd_1_4/imagenet_ai_0419_sdv4/val/nature/ILSVRC2012_val_00040690.JPEG,0,0,0.006097562192575309,REAL,386.11460849642754,449,2
/workspace/benchmarks_ai_research/data/aigibench/flux/FLUX1-dev/1_fake/FLUX1-dev_2524.png,1,1,0.9353465116437761,FAKE,1009.885935112834,1427,3
/workspace/benchmarks_ai_research/data/aigibench/flux/FLUX1-dev/1_fake/FLUX1-dev_527.png,1,1,0.9458012701768145,FAKE,1008.1809982657433,1427,3
/workspace/benchmarks_ai_research/data/aigibench/flux/FLUX1-dev/1_fake/FLUX1-dev_2779.png,1,0,0.383855667437412,REAL,939.2961021512747,1427,2
/workspace/benchmarks_ai_research/data/aigibench/flux/FLUX1-dev/1_fake/FLUX1-dev_1395.png,1,1,0.9998665799890902,FAKE,1006.1337947845459,1427,3
/workspace/benchmarks_ai_research/data/aigibench/flux/FLUX1-dev/1_fake/FLUX1-dev_4337.png,1,1,0.9992206339069791,FAKE,1010.469226166606,1427,3
/workspace/benchmarks_ai_research/data/genimage/sd_1_4/imagenet_ai_0419_sdv4/val/nature/ILSVRC2012_val_00034728.JPEG,0,0,0.07318997914276838,FAKE,533.9793246239424,538,3
/workspace/benchmarks_ai_research/data/aigibench/flux/FLUX1-dev/1_fake/FLUX1-dev_4429.png,1,1,0.9678992932829918,FAKE,1004.7449637204409,1427,3
/workspace/benchmarks_ai_research/data/aigibench/flux/FLUX1-dev/1_fake/FLUX1-dev_2558.png,1,0,0.07054743257041615,FAKE,1005.1203779876232,1427,3
/workspace/benchmarks_ai_research/data/aigibench/flux/FLUX1-dev/1_fake/FLUX1-dev_19.png,1,1,0.9886682464686385,FAKE,1004.6089068055153,1427,3
/workspace/benchmarks_ai_research/data/aigibench/flux/FLUX1-dev/1_fake/FLUX1-dev_3650.png,1,0,0.07224926656394622,FAKE,1012.5608425587416,1427,3
/workspace/benchmarks_ai_research/data/aigibench/flux/FLUX1-dev/1_fake/FLUX1-dev_226.png,1,1,0.9902915235185259,FAKE,1005.2634421736002,1427,3
/workspace/benchmarks_ai_research/data/genimage/sd_1_4/imagenet_ai_0419_sdv4/val/nature/ILSVRC2012_val_00022446.JPEG,0,0,0.010652510839726162,REAL,332.20270834863186,292,2
/workspace/benchmarks_ai_research/data/genimage/sd_1_4/imagenet_ai_0419_sdv4/val/nature/ILSVRC2012_val_00048109.JPEG,0,0,0.1968262036430985,REAL,280.3137879818678,135,2
/workspace/benchmarks_ai_research/data/aigibench/flux/FLUX1-dev/1_fake/FLUX1-dev_2860.png,1,0,0.007695647178392188,REAL,940.6141936779022,1427,2
/workspace/benchmarks_ai_research/data/aigibench/flux/FLUX1-dev/1_fake/FLUX1-dev_3954.png,1,0,0.0741164340388068,FAKE,1006.5007619559765,1427,3
/workspace/benchmarks_ai_research/data/aigibench/flux/FLUX1-dev/1_fake/FLUX1-dev_4006.png,1,0,0.02800752060598813,REAL,942.1104956418276,1427,2
/workspace/benchmarks_ai_research/data/aigibench/flux/FLUX1-dev/1_fake/FLUX1-dev_4103.png,1,0,0.05033063259747688,REAL,944.8221530765295,1427,2
/workspace/benchmarks_ai_research/data/genimage/sd_1_4/imagenet_ai_0419_sdv4/val/nature/ILSVRC2012_val_00015150.JPEG,0,0,0.0013458604012970923,REAL,330.90074360370636,274,2
/workspace/benchmarks_ai_research/data/aigibench/flux/FLUX1-dev/1_fake/FLUX1-dev_295.png,1,0,0.07727859284319803,FAKE,1008.428419008851,1427,3
/workspace/benchmarks_ai_research/data/aigibench/flux/FLUX1-dev/1_fake/FLUX1-dev_631.png,1,1,0.9895109087400621,FAKE,1006.5116100013256,1427,3
/workspace/benchmarks_ai_research/data/aigibench/flux/FLUX1-dev/1_fake/FLUX1-dev_1599.png,1,0,0.081033631202571,FAKE,1007.4216462671757,1427,3
/workspace/benchmarks_ai_research/data/aigibench/flux/FLUX1-dev/1_fake/FLUX1-dev_787.png,1,1,0.9998534687060929,FAKE,1002.354035153985,1427,3
/workspace/benchmarks_ai_research/data/aigibench/flux/FLUX1-dev/1_fake/FLUX1-dev_1173.png,1,0,0.013636835281429876,REAL,938.4847730398178,1427,2
/workspace/benchmarks_ai_research/data/aigibench/flux/FLUX1-dev/1_fake/FLUX1-dev_1255.png,1,0,0.07287514002042347,FAKE,1005.2859243005514,1427,3
/workspace/benchmarks_ai_research/data/aigibench/flux/FLUX1-dev/1_fake/FLUX1-dev_1597.png,1,1,0.9553191297273498,FAKE,1016.1607451736927,1427,3
/workspace/benchmarks_ai_research/data/aigibench/flux/FLUX1-dev/1_fake/FLUX1-dev_1776.png,1,1,0.9997965730219448,FAKE,1016.99448376894,1427,3
/workspace/benchmarks_ai_research/data/aigibench/flux/FLUX1-dev/1_fake/FLUX1-dev_3448.png,1,0,0.07103684444092145,FAKE,1015.7970953732729,1427,3
/workspace/benchmarks_ai_research/data/aigibench/flux/FLUX1-dev/1_fake/FLUX1-dev_2480.png,1,0,0.07605403268441563,FAKE,1025.3342110663652,1427,3
/workspace/benchmarks_ai_research/data/genimage/sd_1_4/imagenet_ai_0419_sdv4/val/nature/ILSVRC2012_val_00043170.JPEG,0,0,0.007345826574477061,REAL,384.47324372828007,382,2
/workspace/benchmarks_ai_research/data/aigibench/flux/FLUX1-dev/1_fake/FLUX1-dev_4361.png,1,0,0.32570431063423333,REAL,945.2607445418835,1427,2
/workspace/benchmarks_ai_research/data/aigibench/flux/FLUX1-dev/1_fake/FLUX1-dev_390.png,1,0,0.07997343589436583,FAKE,1020.9982506930828,1427,3
/workspace/benchmarks_ai_research/data/genimage/sd_1_4/imagenet_ai_0419_sdv4/val/nature/ILSVRC2012_val_00027043.JPEG,0,0,0.002800926967120973,REAL,345.89687921106815,279,2
/workspace/benchmarks_ai_research/data/genimage/sd_1_4/imagenet_ai_0419_sdv4/val/nature/ILSVRC2012_val_00002384.JPEG,0,0,0.06465348835622392,REAL,847.9792140424252,1354,2
/workspace/benchmarks_ai_research/data/aigibench/flux/FLUX1-dev/1_fake/FLUX1-dev_1445.png,1,1,0.9473810466522863,FAKE,1021.1931206285954,1427,3
/workspace/benchmarks_ai_research/data/genimage/sd_1_4/imagenet_ai_0419_sdv4/val/nature/ILSVRC2012_val_00009491.JPEG,0,0,0.001432536594710079,REAL,602.8581187129021,863,2
/workspace/benchmarks_ai_research/data/aigibench/flux/FLUX1-dev/1_fake/FLUX1-dev_1224.png,1,1,0.9999840633797528,FAKE,1013.6495251208544,1427,3
/workspace/benchmarks_ai_research/data/aigibench/flux/FLUX1-dev/1_fake/FLUX1-dev_3807.png,1,0,0.07567583090400272,FAKE,1016.1314159631729,1427,3
/workspace/benchmarks_ai_research/data/genimage/sd_1_4/imagenet_ai_0419_sdv4/val/nature/ILSVRC2012_val_00039341.JPEG,0,0,0.0003799845147518645,REAL,334.2954237014055,292,2
/workspace/benchmarks_ai_research/data/aigibench/flux/FLUX1-dev/1_fake/FLUX1-dev_936.png,1,1,0.9967269350293284,FAKE,1012.549763545394,1427,3
/workspace/benchmarks_ai_research/data/aigibench/flux/FLUX1-dev/1_fake/FLUX1-dev_646.png,1,1,0.9678992932829918,FAKE,1014.3929086625576,1427,3
/workspace/benchmarks_ai_research/data/genimage/sd_1_4/imagenet_ai_0419_sdv4/val/nature/ILSVRC2012_val_00015234.JPEG,0,0,0.05582314113461443,REAL,334.537198767066,292,2
/workspace/benchmarks_ai_research/data/genimage/sd_1_4/imagenet_ai_0419_sdv4/val/nature/ILSVRC2012_val_00005559.JPEG,0,0,0.001432536594710079,REAL,393.42980831861496,382,2
/workspace/benchmarks_ai_research/data/aigibench/flux/FLUX1-dev/1_fake/FLUX1-dev_2405.png,1,0,0.07055962745872822,FAKE,1018.4724070131779,1427,3
/workspace/benchmarks_ai_research/data/genimage/sd_1_4/imagenet_ai_0419_sdv4/val/nature/ILSVRC2012_val_00025885.JPEG,0,0,0.012431650853185818,REAL,374.99209120869637,328,2
/workspace/benchmarks_ai_research/data/aigibench/flux/FLUX1-dev/1_fake/FLUX1-dev_983.png,1,0,0.07370899829569467,FAKE,1011.330297216773,1427,3
/workspace/benchmarks_ai_research/data/aigibench/flux/FLUX1-dev/1_fake/FLUX1-dev_610.png,1,0,0.07698729506296378,FAKE,1004.7781933099031,1427,3
/workspace/benchmarks_ai_research/data/aigibench/flux/FLUX1-dev/1_fake/FLUX1-dev_4032.png,1,0,0.12252321251815919,REAL,936.6108011454344,1427,2
/workspace/benchmarks_ai_research/data/aigibench/flux/FLUX1-dev/1_fake/FLUX1-dev_4187.png,1,1,0.9770226300899744,FAKE,1005.7689025998116,1427,3
/workspace/benchmarks_ai_research/data/aigibench/flux/FLUX1-dev/1_fake/FLUX1-dev_219.png,1,0,0.12940273159163906,REAL,942.3496257513762,1427,2
/workspace/benchmarks_ai_research/data/genimage/sd_1_4/imagenet_ai_0419_sdv4/val/nature/ILSVRC2012_val_00015033.JPEG,0,0,0.002323162522631283,REAL,472.3800867795944,542,2
/workspace/benchmarks_ai_research/data/aigibench/flux/FLUX1-dev/1_fake/FLUX1-dev_4486.png,1,1,0.9777138144607745,FAKE,1006.8027880042791,1427,3
/workspace/benchmarks_ai_research/data/genimage/sd_1_4/imagenet_ai_0419_sdv4/val/nature/ILSVRC2012_val_00022280.JPEG,0,0,0.017986209962091555,REAL,330.7002913206816,292,2
/workspace/benchmarks_ai_research/data/genimage/sd_1_4/imagenet_ai_0419_sdv4/val/nature/ILSVRC2012_val_00022746.JPEG,0,0,0.05033063259747688,REAL,395.03883570432663,382,2
/workspace/benchmarks_ai_research/data/aigibench/flux/FLUX1-dev/1_fake/FLUX1-dev_4402.png,1,1,0.9977829869770526,FAKE,1006.9388002157211,1427,3
/workspace/benchmarks_ai_research/data/aigibench/flux/FLUX1-dev/1_fake/FLUX1-dev_485.png,1,0,0.08286685853021827,FAKE,1002.6054475456476,1427,3
/workspace/benchmarks_ai_research/data/aigibench/flux/FLUX1-dev/1_fake/FLUX1-dev_4058.png,1,0,0.07066946914244654,FAKE,1005.9497449547052,1427,3
/workspace/benchmarks_ai_research/data/genimage/sd_1_4/imagenet_ai_0419_sdv4/val/nature/ILSVRC2012_val_00031700.JPEG,0,0,0.0035380860570885376,REAL,331.9531325250864,292,2
/workspace/benchmarks_ai_research/data/genimage/sd_1_4/imagenet_ai_0419_sdv4/val/nature/ILSVRC2012_val_00012087.JPEG,0,0,0.005819959584259008,REAL,331.8886626511812,292,2
/workspace/benchmarks_ai_research/data/aigibench/flux/FLUX1-dev/1_fake/FLUX1-dev_2891.png,1,0,0.0763945944575887,FAKE,1006.1041750013828,1427,3
/workspace/benchmarks_ai_research/data/aigibench/flux/FLUX1-dev/1_fake/FLUX1-dev_1663.png,1,0,0.00506033203196621,REAL,941.3542058318853,1427,2
/workspace/benchmarks_ai_research/data/genimage/sd_1_4/imagenet_ai_0419_sdv4/val/nature/ILSVRC2012_val_00014526.JPEG,0,0,0.009859855303538789,REAL,330.93428798019886,292,2
/workspace/benchmarks_ai_research/data/aigibench/flux/FLUX1-dev/1_fake/FLUX1-dev_3723.png,1,0,0.001727458626729702,REAL,939.8620557039976,1427,2
/workspace/benchmarks_ai_research/data/aigibench/flux/FLUX1-dev/1_fake/FLUX1-dev_1291.png,1,1,0.9664104943498959,FAKE,1005.8795176446438,1427,3
/workspace/benchmarks_ai_research/data/aigibench/flux/FLUX1-dev/1_fake/FLUX1-dev_1268.png,1,0,0.0743081186004538,FAKE,1006.8776682019234,1427,3
/workspace/benchmarks_ai_research/data/aigibench/flux/FLUX1-dev/1_fake/FLUX1-dev_3525.png,1,0,0.0646760129013616,FAKE,1008.0486480146646,1427,3
/workspace/benchmarks_ai_research/data/aigibench/flux/FLUX1-dev/1_fake/FLUX1-dev_261.png,1,0,0.07377250868939313,FAKE,1009.0565253049135,1427,3
/workspace/benchmarks_ai_research/data/aigibench/flux/FLUX1-dev/1_fake/FLUX1-dev_2999.png,1,0,0.07486018125792913,FAKE,1007.1733649820089,1427,3
/workspace/benchmarks_ai_research/data/aigibench/flux/FLUX1-dev/1_fake/FLUX1-dev_2392.png,1,0,0.20946968133032526,REAL,940.1610009372234,1427,2
/workspace/benchmarks_ai_research/data/aigibench/flux/FLUX1-dev/1_fake/FLUX1-dev_470.png,1,0,0.25386100696924885,REAL,938.4093824774027,1427,2
/workspace/benchmarks_ai_research/data/aigibench/flux/FLUX1-dev/1_fake/FLUX1-dev_2627.png,1,1,0.9626731126558706,FAKE,1005.4930280894041,1427,3
/workspace/benchmarks_ai_research/data/aigibench/flux/FLUX1-dev/1_fake/FLUX1-dev_2362.png,1,1,0.994180040415741,FAKE,1009.1474521905184,1427,3
/workspace/benchmarks_ai_research/data/aigibench/flux/FLUX1-dev/1_fake/FLUX1-dev_2297.png,1,0,0.07585821344930728,FAKE,1005.5864360183477,1427,3
/workspace/benchmarks_ai_research/data/aigibench/flux/FLUX1-dev/1_fake/FLUX1-dev_594.png,1,0,0.07242400594238238,FAKE,1008.99538397789,1427,3
/workspace/benchmarks_ai_research/data/aigibench/flux/FLUX1-dev/1_fake/FLUX1-dev_2071.png,1,0,0.12940273159163906,REAL,941.0248436033726,1427,2
/workspace/benchmarks_ai_research/data/aigibench/flux/FLUX1-dev/1_fake/FLUX1-dev_1367.png,1,1,0.9993638087890532,FAKE,1005.7100746780634,1427,3
/workspace/benchmarks_ai_research/data/aigibench/flux/FLUX1-dev/1_fake/FLUX1-dev_1000.png,1,0,0.0653430681138694,FAKE,1009.8425000905991,1427,3
/workspace/benchmarks_ai_research/data/aigibench/flux/FLUX1-dev/1_fake/FLUX1-dev_1793.png,1,0,0.1871326821624266,REAL,940.4974393546581,1427,2
/workspace/benchmarks_ai_research/data/genimage/sd_1_4/imagenet_ai_0419_sdv4/val/nature/ILSVRC2012_val_00022872.JPEG,0,0,0.002757622367395409,REAL,391.8375987559557,352,2
/workspace/benchmarks_ai_research/data/aigibench/flux/FLUX1-dev/1_fake/FLUX1-dev_1765.png,1,1,0.9984021545059827,FAKE,1006.7898482084274,1427,3
/workspace/benchmarks_ai_research/data/aigibench/flux/FLUX1-dev/1_fake/FLUX1-dev_2771.png,1,0,0.07870981573804545,FAKE,1005.9560444205999,1427,3
/workspace/benchmarks_ai_research/data/genimage/sd_1_4/imagenet_ai_0419_sdv4/val/nature/ILSVRC2012_val_00042363.JPEG,0,0,0.001367025645656356,REAL,333.88689532876015,292,2
/workspace/benchmarks_ai_research/data/aigibench/flux/FLUX1-dev/1_fake/FLUX1-dev_139.png,1,1,0.9955316157335089,FAKE,1008.934274315834,1427,3
/workspace/benchmarks_ai_research/data/genimage/sd_1_4/imagenet_ai_0419_sdv4/val/nature/ILSVRC2012_val_00040647.JPEG,0,0,0.003884476548765805,REAL,277.73463539779186,112,2
/workspace/benchmarks_ai_research/data/genimage/sd_1_4/imagenet_ai_0419_sdv4/val/nature/ILSVRC2012_val_00020122.JPEG,0,0,0.007460643463940165,REAL,392.0581117272377,364,2
/workspace/benchmarks_ai_research/data/aigibench/flux/FLUX1-dev/1_fake/FLUX1-dev_554.png,1,1,0.9918120900983038,FAKE,1006.911413744092,1427,3
/workspace/benchmarks_ai_research/data/aigibench/flux/FLUX1-dev/1_fake/FLUX1-dev_1578.png,1,0,0.2068940488158881,REAL,938.344394788146,1427,2
/workspace/benchmarks_ai_research/data/aigibench/flux/FLUX1-dev/1_fake/FLUX1-dev_3609.png,1,0,0.365381047517102,REAL,941.6467510163784,1427,2
/workspace/benchmarks_ai_research/data/aigibench/flux/FLUX1-dev/1_fake/FLUX1-dev_2422.png,1,0,0.3511414535799414,REAL,937.9427433013916,1427,2
/workspace/benchmarks_ai_research/data/genimage/sd_1_4/imagenet_ai_0419_sdv4/val/nature/ILSVRC2012_val_00008473.JPEG,0,0,0.06656918897050168,REAL,331.8735398352146,292,2
/workspace/benchmarks_ai_research/data/genimage/sd_1_4/imagenet_ai_0419_sdv4/val/nature/ILSVRC2012_val_00037490.JPEG,0,0,0.00433150202056399,REAL,327.5703266263008,292,2
/workspace/benchmarks_ai_research/data/aigibench/flux/FLUX1-dev/1_fake/FLUX1-dev_3188.png,1,0,0.012821214266594244,REAL,937.6491028815508,1427,2
/workspace/benchmarks_ai_research/data/aigibench/flux/FLUX1-dev/1_fake/FLUX1-dev_224.png,1,0,0.07334153224591755,FAKE,1007.8467726707458,1427,3
/workspace/benchmarks_ai_research/data/aigibench/flux/FLUX1-dev/1_fake/FLUX1-dev_2640.png,1,0,0.07435933550502051,FAKE,1008.7456591427326,1427,3
/workspace/benchmarks_ai_research/data/genimage/sd_1_4/imagenet_ai_0419_sdv4/val/nature/ILSVRC2012_val_00039837.JPEG,0,0,0.013020490113842825,REAL,723.5972825437784,1057,2
/workspace/benchmarks_ai_research/data/aigibench/flux/FLUX1-dev/1_fake/FLUX1-dev_2873.png,1,0,0.07337945754441663,FAKE,1005.2945595234632,1427,3
/workspace/benchmarks_ai_research/data/aigibench/flux/FLUX1-dev/1_fake/FLUX1-dev_3876.png,1,1,0.9407897492587141,FAKE,1005.4366029798985,1427,3
/workspace/benchmarks_ai_research/data/aigibench/flux/FLUX1-dev/1_fake/FLUX1-dev_564.png,1,1,0.9898303422461273,FAKE,1010.3657022118568,1427,3
/workspace/benchmarks_ai_research/data/aigibench/flux/FLUX1-dev/1_fake/FLUX1-dev_1186.png,1,0,0.07355674613457017,FAKE,1005.8527253568172,1427,3
/workspace/benchmarks_ai_research/data/genimage/sd_1_4/imagenet_ai_0419_sdv4/val/nature/ILSVRC2012_val_00004858.JPEG,0,0,0.3090633197680385,REAL,332.1420829743147,292,2
/workspace/benchmarks_ai_research/data/aigibench/flux/FLUX1-dev/1_fake/FLUX1-dev_427.png,1,1,0.9998911030899734,FAKE,1007.148377597332,1427,3
/workspace/benchmarks_ai_research/data/aigibench/flux/FLUX1-dev/1_fake/FLUX1-dev_1688.png,1,1,0.9441768588653856,FAKE,1004.1910018771887,1427,3
/workspace/benchmarks_ai_research/data/aigibench/flux/FLUX1-dev/1_fake/FLUX1-dev_3972.png,1,0,0.042722197546490565,REAL,940.3228610754013,1427,2
/workspace/benchmarks_ai_research/data/aigibench/flux/FLUX1-dev/1_fake/FLUX1-dev_855.png,1,1,0.9518632288833652,FAKE,1010.1486947387457,1427,3
/workspace/benchmarks_ai_research/data/aigibench/flux/FLUX1-dev/1_fake/FLUX1-dev_4013.png,1,0,0.3337202129539714,REAL,938.3285585790873,1427,2
/workspace/benchmarks_ai_research/data/aigibench/flux/FLUX1-dev/1_fake/FLUX1-dev_2596.png,1,1,0.9252299570920387,FAKE,1004.8757717013359,1427,3
/workspace/benchmarks_ai_research/data/aigibench/flux/FLUX1-dev/1_fake/FLUX1-dev_4397.png,1,1,0.9893474891602738,FAKE,1005.2381996065378,1427,3
/workspace/benchmarks_ai_research/data/aigibench/flux/FLUX1-dev/1_fake/FLUX1-dev_1387.png,1,1,0.9683812327313545,FAKE,1004.2163897305727,1427,3
/workspace/benchmarks_ai_research/data/aigibench/flux/FLUX1-dev/1_fake/FLUX1-dev_1274.png,1,1,0.9407897492587141,FAKE,1008.1007834523916,1427,3
/workspace/benchmarks_ai_research/data/genimage/sd_1_4/imagenet_ai_0419_sdv4/val/nature/ILSVRC2012_val_00026657.JPEG,0,0,0.1561048974454574,REAL,302.32774280011654,220,2
/workspace/benchmarks_ai_research/data/aigibench/flux/FLUX1-dev/1_fake/FLUX1-dev_1210.png,1,0,0.08433465119689908,FAKE,1008.0382339656353,1427,3
/workspace/benchmarks_ai_research/data/aigibench/flux/FLUX1-dev/1_fake/FLUX1-dev_3080.png,1,0,0.06940949701130551,FAKE,1005.4119508713484,1427,3
/workspace/benchmarks_ai_research/data/aigibench/flux/FLUX1-dev/1_fake/FLUX1-dev_3549.png,1,0,0.0709755086977278,FAKE,1005.4431930184364,1427,3
/workspace/benchmarks_ai_research/data/aigibench/flux/FLUX1-dev/1_fake/FLUX1-dev_2167.png,1,1,0.9755769099458929,FAKE,1010.8484961092472,1427,3
/workspace/benchmarks_ai_research/data/aigibench/flux/FLUX1-dev/1_fake/FLUX1-dev_2562.png,1,0,0.05500528829345415,REAL,938.2457640022039,1427,2
/workspace/benchmarks_ai_research/data/aigibench/flux/FLUX1-dev/1_fake/FLUX1-dev_3001.png,1,0,0.031143830534778462,REAL,941.199216991663,1427,2
/workspace/benchmarks_ai_research/data/genimage/sd_1_4/imagenet_ai_0419_sdv4/val/nature/ILSVRC2012_val_00006787.JPEG,0,0,0.07477004290796138,REAL,280.1448907703161,138,2
/workspace/benchmarks_ai_research/data/aigibench/flux/FLUX1-dev/1_fake/FLUX1-dev_4271.png,1,0,0.3040416749665474,REAL,938.8970322906971,1427,2
/workspace/benchmarks_ai_research/data/genimage/sd_1_4/imagenet_ai_0419_sdv4/val/nature/ILSVRC2012_val_00001783.JPEG,0,0,0.0209642408181275,REAL,288.8698522001505,190,2
/workspace/benchmarks_ai_research/data/aigibench/flux/FLUX1-dev/1_fake/FLUX1-dev_1114.png,1,0,0.07079173210726403,FAKE,1005.5481009185314,1427,3
/workspace/benchmarks_ai_research/data/aigibench/flux/FLUX1-dev/1_fake/FLUX1-dev_3912.png,1,0,0.04146227271140963,REAL,941.174566745758,1427,2
/workspace/benchmarks_ai_research/data/genimage/sd_1_4/imagenet_ai_0419_sdv4/val/nature/ILSVRC2012_val_00000370.JPEG,0,0,0.00263167397488458,REAL,333.11033993959427,310,2
/workspace/benchmarks_ai_research/data/aigibench/flux/FLUX1-dev/1_fake/FLUX1-dev_274.png,1,0,0.07514408588466812,FAKE,1004.546444863081,1427,3
/workspace/benchmarks_ai_research/data/genimage/sd_1_4/imagenet_ai_0419_sdv4/val/nature/ILSVRC2012_val_00001318.JPEG,0,0,0.036769466075598736,REAL,342.01935678720474,292,2
/workspace/benchmarks_ai_research/data/aigibench/flux/FLUX1-dev/1_fake/FLUX1-dev_3043.png,1,1,0.9933071490757153,FAKE,1005.2527170628309,1427,3
/workspace/benchmarks_ai_research/data/aigibench/flux/FLUX1-dev/1_fake/FLUX1-dev_4400.png,1,0,0.05033063259747688,REAL,941.912230104208,1427,2
/workspace/benchmarks_ai_research/data/aigibench/flux/FLUX1-dev/1_fake/FLUX1-dev_350.png,1,0,0.34376112820443594,REAL,939.9772994220257,1427,2
/workspace/benchmarks_ai_research/data/aigibench/flux/FLUX1-dev/1_fake/FLUX1-dev_4348.png,1,1,0.9899864293768268,FAKE,1006.52115046978,1427,3
/workspace/benchmarks_ai_research/data/aigibench/flux/FLUX1-dev/1_fake/FLUX1-dev_3450.png,1,0,0.07651277180033858,FAKE,1004.1106473654509,1427,3
/workspace/benchmarks_ai_research/data/aigibench/flux/FLUX1-dev/1_fake/FLUX1-dev_3270.png,1,0,0.33083127760911535,REAL,939.4208248704672,1427,2
/workspace/benchmarks_ai_research/data/aigibench/flux/FLUX1-dev/1_fake/FLUX1-dev_337.png,1,1,0.9822877012965885,FAKE,1007.4227228760719,1427,3
/workspace/benchmarks_ai_research/data/aigibench/flux/FLUX1-dev/1_fake/FLUX1-dev_3722.png,1,0,0.016403032516163058,REAL,940.0889407843351,1427,2
/workspace/benchmarks_ai_research/data/aigibench/flux/FLUX1-dev/1_fake/FLUX1-dev_3809.png,1,0,0.12592276483513232,REAL,940.4346644878387,1427,2
/workspace/benchmarks_ai_research/data/genimage/sd_1_4/imagenet_ai_0419_sdv4/val/nature/ILSVRC2012_val_00035470.JPEG,0,0,0.09807932347046003,REAL,394.04002763330936,347,2
/workspace/benchmarks_ai_research/data/aigibench/flux/FLUX1-dev/1_fake/FLUX1-dev_4427.png,1,0,0.06582182698679515,FAKE,1008.0059599131346,1427,3
/workspace/benchmarks_ai_research/data/aigibench/flux/FLUX1-dev/1_fake/FLUX1-dev_1792.png,1,0,0.01691491326672651,REAL,939.5739492028952,1427,2
/workspace/benchmarks_ai_research/data/aigibench/flux/FLUX1-dev/1_fake/FLUX1-dev_2894.png,1,0,0.3665897363221599,REAL,940.8143647015095,1427,2
/workspace/benchmarks_ai_research/data/genimage/sd_1_4/imagenet_ai_0419_sdv4/val/nature/ILSVRC2012_val_00041909.JPEG,0,0,0.0015978454940173436,REAL,331.90795220434666,292,2
/workspace/benchmarks_ai_research/data/aigibench/flux/FLUX1-dev/1_fake/FLUX1-dev_2886.png,1,0,0.07369626970604846,REAL,939.9212207645178,1427,2
/workspace/benchmarks_ai_research/data/aigibench/flux/FLUX1-dev/1_fake/FLUX1-dev_2188.png,1,1,0.9997933701751162,FAKE,1007.1005765348673,1427,3
/workspace/benchmarks_ai_research/data/genimage/sd_1_4/imagenet_ai_0419_sdv4/val/nature/ILSVRC2012_val_00046754.JPEG,0,0,0.28140560742914383,REAL,330.656873062253,292,2
/workspace/benchmarks_ai_research/data/aigibench/flux/FLUX1-dev/1_fake/FLUX1-dev_4435.png,1,0,0.0780781994686336,FAKE,1060.8620624989271,1427,3
/workspace/benchmarks_ai_research/data/genimage/sd_1_4/imagenet_ai_0419_sdv4/val/nature/ILSVRC2012_val_00043894.JPEG,0,0,0.06371499425196533,REAL,330.73064871132374,310,2
/workspace/benchmarks_ai_research/data/aigibench/flux/FLUX1-dev/1_fake/FLUX1-dev_1318.png,1,1,0.9983770329385311,FAKE,1012.0768714696169,1427,3
/workspace/benchmarks_ai_research/data/aigibench/flux/FLUX1-dev/1_fake/FLUX1-dev_1451.png,1,0,0.0696260542402313,FAKE,1010.1454369723797,1427,3
/workspace/benchmarks_ai_research/data/aigibench/flux/FLUX1-dev/1_fake/FLUX1-dev_3254.png,1,0,0.31405054499180746,REAL,938.77337500453,1427,2
/workspace/benchmarks_ai_research/data/aigibench/flux/FLUX1-dev/1_fake/FLUX1-dev_1134.png,1,0,0.06967428692589378,FAKE,1009.0241320431232,1427,3
/workspace/benchmarks_ai_research/data/aigibench/flux/FLUX1-dev/1_fake/FLUX1-dev_2385.png,1,0,0.07593647216263463,FAKE,1008.4668584167957,1427,3
/workspace/benchmarks_ai_research/data/aigibench/flux/FLUX1-dev/1_fake/FLUX1-dev_2173.png,1,1,0.9597620573763841,FAKE,1008.2358811050653,1427,3
/workspace/benchmarks_ai_research/data/aigibench/flux/FLUX1-dev/1_fake/FLUX1-dev_691.png,1,0,0.07246149388408275,FAKE,1008.9860204607248,1427,3
/workspace/benchmarks_ai_research/data/aigibench/flux/FLUX1-dev/1_fake/FLUX1-dev_18.png,1,0,0.07625031569710165,FAKE,1007.9529583454132,1427,3
/workspace/benchmarks_ai_research/data/aigibench/flux/FLUX1-dev/1_fake/FLUX1-dev_1105.png,1,0,0.012241275291807161,REAL,937.9060622304678,1427,2
/workspace/benchmarks_ai_research/data/aigibench/flux/FLUX1-dev/1_fake/FLUX1-dev_359.png,1,0,0.006903838071221877,REAL,942.9924748837948,1427,2
/workspace/benchmarks_ai_research/data/aigibench/flux/FLUX1-dev/1_fake/FLUX1-dev_2536.png,1,0,0.06943352468692583,FAKE,1045.9463987499475,1427,3
/workspace/benchmarks_ai_research/data/aigibench/flux/FLUX1-dev/1_fake/FLUX1-dev_3779.png,1,0,0.3851763491254657,REAL,944.2752972245216,1427,2
/workspace/benchmarks_ai_research/data/aigibench/flux/FLUX1-dev/1_fake/FLUX1-dev_606.png,1,1,0.9683812327313545,FAKE,1004.3077282607555,1427,3
/workspace/benchmarks_ai_research/data/aigibench/flux/FLUX1-dev/1_fake/FLUX1-dev_1057.png,1,1,0.9553191297273498,FAKE,1010.4641877114773,1427,3
/workspace/benchmarks_ai_research/data/aigibench/flux/FLUX1-dev/1_fake/FLUX1-dev_1048.png,1,0,0.020023441289455244,REAL,939.473357051611,1427,2
/workspace/benchmarks_ai_research/data/aigibench/flux/FLUX1-dev/1_fake/FLUX1-dev_3121.png,1,0,0.23651623644570763,REAL,940.8862311393023,1427,2
/workspace/benchmarks_ai_research/data/aigibench/flux/FLUX1-dev/1_fake/FLUX1-dev_4182.png,1,1,0.9905874104123901,FAKE,1009.8076984286308,1427,3
/workspace/benchmarks_ai_research/data/aigibench/flux/FLUX1-dev/1_fake/FLUX1-dev_3784.png,1,1,0.9766692311915195,FAKE,1003.8380511105061,1427,3
/workspace/benchmarks_ai_research/data/aigibench/flux/FLUX1-dev/1_fake/FLUX1-dev_2117.png,1,0,0.0741930401155018,FAKE,1007.3221623897552,1427,3
/workspace/benchmarks_ai_research/data/aigibench/flux/FLUX1-dev/1_fake/FLUX1-dev_1393.png,1,0,0.1561048974454574,REAL,937.8611799329519,1427,2
/workspace/benchmarks_ai_research/data/aigibench/flux/FLUX1-dev/1_fake/FLUX1-dev_1348.png,1,1,0.9770226300899744,FAKE,1008.0965403467417,1427,3
/workspace/benchmarks_ai_research/data/genimage/sd_1_4/imagenet_ai_0419_sdv4/val/nature/ILSVRC2012_val_00029979.JPEG,0,0,0.013636835281429876,REAL,333.1361711025238,310,2
/workspace/benchmarks_ai_research/data/genimage/sd_1_4/imagenet_ai_0419_sdv4/val/nature/ILSVRC2012_val_00010435.JPEG,0,0,0.08632347658627028,REAL,325.0919319689274,292,2
/workspace/benchmarks_ai_research/data/aigibench/flux/FLUX1-dev/1_fake/FLUX1-dev_2769.png,1,1,0.9891815513471369,FAKE,1006.1948802322149,1427,3
/workspace/benchmarks_ai_research/data/aigibench/flux/FLUX1-dev/1_fake/FLUX1-dev_823.png,1,1,0.9811668701095654,FAKE,1004.029767587781,1427,3
/workspace/benchmarks_ai_research/data/aigibench/flux/FLUX1-dev/1_fake/FLUX1-dev_1615.png,1,0,0.08078467391556068,FAKE,1007.0915631949902,1427,3
/workspace/benchmarks_ai_research/data/aigibench/flux/FLUX1-dev/1_fake/FLUX1-dev_3803.png,1,0,0.19930799790404563,REAL,940.1178825646639,1427,2
/workspace/benchmarks_ai_research/data/aigibench/flux/FLUX1-dev/1_fake/FLUX1-dev_346.png,1,0,0.07571489802365908,FAKE,1008.8266301900148,1427,3
/workspace/benchmarks_ai_research/data/aigibench/flux/FLUX1-dev/1_fake/FLUX1-dev_524.png,1,0,0.07420581487393411,FAKE,1005.1451344043016,1427,3
/workspace/benchmarks_ai_research/data/genimage/sd_1_4/imagenet_ai_0419_sdv4/val/nature/ILSVRC2012_val_00004178.JPEG,0,0,0.001648482941851288,REAL,333.7361142039299,305,2
/workspace/benchmarks_ai_research/data/aigibench/flux/FLUX1-dev/1_fake/FLUX1-dev_1179.png,1,0,0.07964558938528873,FAKE,1004.7178622335196,1427,3
/workspace/benchmarks_ai_research/data/aigibench/flux/FLUX1-dev/1_fake/FLUX1-dev_1130.png,1,1,0.9997621779493597,FAKE,1007.5584445148706,1427,3
/workspace/benchmarks_ai_research/data/aigibench/flux/FLUX1-dev/1_fake/FLUX1-dev_3825.png,1,1,0.9822877012965885,FAKE,1006.5541155636311,1427,3
/workspace/benchmarks_ai_research/data/aigibench/flux/FLUX1-dev/1_fake/FLUX1-dev_2481.png,1,0,0.06902600739369348,FAKE,1009.2226285487413,1427,3
/workspace/benchmarks_ai_research/data/aigibench/flux/FLUX1-dev/1_fake/FLUX1-dev_3827.png,1,1,0.9664104943498959,FAKE,1007.7283103018999,1427,3
/workspace/benchmarks_ai_research/data/aigibench/flux/FLUX1-dev/1_fake/FLUX1-dev_4202.png,1,1,0.9324533088603709,FAKE,1003.9033945649862,1427,3
/workspace/benchmarks_ai_research/data/aigibench/flux/FLUX1-dev/1_fake/FLUX1-dev_2870.png,1,0,0.06961400861732181,FAKE,1006.4668580889702,1427,3
/workspace/benchmarks_ai_research/data/aigibench/flux/FLUX1-dev/1_fake/FLUX1-dev_2038.png,1,1,0.9748211582993981,FAKE,1006.5710041671991,1427,3
/workspace/benchmarks_ai_research/data/aigibench/flux/FLUX1-dev/1_fake/FLUX1-dev_2712.png,1,0,0.09268777863937604,REAL,941.1941356956959,1427,2
/workspace/benchmarks_ai_research/data/aigibench/flux/FLUX1-dev/1_fake/FLUX1-dev_1423.png,1,0,0.07995975397908184,FAKE,1005.103025585413,1427,3
/workspace/benchmarks_ai_research/data/aigibench/flux/FLUX1-dev/1_fake/FLUX1-dev_292.png,1,0,0.075002010130761,FAKE,1006.1643105000257,1427,3
/workspace/benchmarks_ai_research/data/aigibench/flux/FLUX1-dev/1_fake/FLUX1-dev_4448.png,1,1,0.9987156918798661,FAKE,1007.8429467976093,1427,3
/workspace/benchmarks_ai_research/data/genimage/sd_1_4/imagenet_ai_0419_sdv4/val/nature/ILSVRC2012_val_00000675.JPEG,0,0,0.0035936025814200896,REAL,332.7666912227869,274,2
/workspace/benchmarks_ai_research/data/aigibench/flux/FLUX1-dev/1_fake/FLUX1-dev_4046.png,1,0,0.35220178204788966,REAL,938.0975160747766,1427,2
/workspace/benchmarks_ai_research/data/aigibench/flux/FLUX1-dev/1_fake/FLUX1-dev_827.png,1,0,0.350887162320904,REAL,937.3956304043531,1427,2
/workspace/benchmarks_ai_research/data/aigibench/flux/FLUX1-dev/1_fake/FLUX1-dev_528.png,1,1,0.9711290930537122,FAKE,1008.0152172595263,1427,3
/workspace/benchmarks_ai_research/data/aigibench/flux/FLUX1-dev/1_fake/FLUX1-dev_2314.png,1,0,0.07367088367816782,FAKE,1009.550966322422,1427,3
/workspace/benchmarks_ai_research/data/aigibench/flux/FLUX1-dev/1_fake/FLUX1-dev_3519.png,1,1,0.9362850057480346,FAKE,1008.3661209791899,1427,3
/workspace/benchmarks_ai_research/data/aigibench/flux/FLUX1-dev/1_fake/FLUX1-dev_119.png,1,1,0.9511422213778251,FAKE,1007.4357651174068,1427,3
/workspace/benchmarks_ai_research/data/aigibench/flux/FLUX1-dev/1_fake/FLUX1-dev_800.png,1,1,0.9805806518175514,FAKE,1008.53450037539,1427,3
/workspace/benchmarks_ai_research/data/genimage/sd_1_4/imagenet_ai_0419_sdv4/val/nature/ILSVRC2012_val_00001253.JPEG,0,0,0.010169657753872614,REAL,331.16573095321655,292,2
/workspace/benchmarks_ai_research/data/genimage/sd_1_4/imagenet_ai_0419_sdv4/val/nature/ILSVRC2012_val_00049232.JPEG,0,0,0.3040416749665474,REAL,332.4017133563757,292,2
/workspace/benchmarks_ai_research/data/genimage/sd_1_4/imagenet_ai_0419_sdv4/val/nature/ILSVRC2012_val_00002860.JPEG,0,0,0.08882029240011771,REAL,386.89468055963516,394,2
/workspace/benchmarks_ai_research/data/aigibench/flux/FLUX1-dev/1_fake/FLUX1-dev_1083.png,1,1,0.9943580914999767,FAKE,1011.0291168093681,1427,3
/workspace/benchmarks_ai_research/data/aigibench/flux/FLUX1-dev/1_fake/FLUX1-dev_4244.png,1,1,0.9999215621087787,FAKE,1015.044130384922,1427,3
/workspace/benchmarks_ai_research/data/aigibench/flux/FLUX1-dev/1_fake/FLUX1-dev_686.png,1,0,0.07741133759120362,FAKE,1006.431458517909,1427,3
/workspace/benchmarks_ai_research/data/aigibench/flux/FLUX1-dev/1_fake/FLUX1-dev_413.png,1,0,0.07696083569602613,REAL,944.3813748657703,1427,2
/workspace/benchmarks_ai_research/data/aigibench/flux/FLUX1-dev/1_fake/FLUX1-dev_833.png,1,1,0.9744347860767304,FAKE,1007.8174788504839,1427,3
/workspace/benchmarks_ai_research/data/genimage/sd_1_4/imagenet_ai_0419_sdv4/val/nature/ILSVRC2012_val_00008984.JPEG,0,0,0.07301350487706443,FAKE,400.2191834151745,292,3
/workspace/benchmarks_ai_research/data/aigibench/flux/FLUX1-dev/1_fake/FLUX1-dev_4143.png,1,1,0.9993436271675653,FAKE,1004.9216952174902,1427,3
/workspace/benchmarks_ai_research/data/aigibench/flux/FLUX1-dev/1_fake/FLUX1-dev_2865.png,1,0,0.0756108157102628,FAKE,1007.3488187044859,1427,3
/workspace/benchmarks_ai_research/data/aigibench/flux/FLUX1-dev/1_fake/FLUX1-dev_2413.png,1,0,0.0754549551862102,FAKE,1006.5406765788794,1427,3
/workspace/benchmarks_ai_research/data/aigibench/flux/FLUX1-dev/1_fake/FLUX1-dev_2409.png,1,0,0.08056392518704114,FAKE,1008.3796512335539,1427,3
/workspace/benchmarks_ai_research/data/aigibench/flux/FLUX1-dev/1_fake/FLUX1-dev_694.png,1,1,0.9796676466573412,FAKE,1005.1059722900391,1427,3
/workspace/benchmarks_ai_research/data/aigibench/flux/FLUX1-dev/1_fake/FLUX1-dev_1928.png,1,0,0.0732909932587752,FAKE,1008.3302576094866,1427,3
/workspace/benchmarks_ai_research/data/genimage/sd_1_4/imagenet_ai_0419_sdv4/val/nature/ILSVRC2012_val_00040566.JPEG,0,0,0.013428254741968517,REAL,394.08545941114426,382,2
/workspace/benchmarks_ai_research/data/aigibench/flux/FLUX1-dev/1_fake/FLUX1-dev_329.png,1,0,0.06651143457056997,FAKE,1007.3083732277155,1427,3
/workspace/benchmarks_ai_research/data/genimage/sd_1_4/imagenet_ai_0419_sdv4/val/nature/ILSVRC2012_val_00048587.JPEG,0,0,0.03161876726864548,REAL,770.7878071814775,1131,2
/workspace/benchmarks_ai_research/data/aigibench/flux/FLUX1-dev/1_fake/FLUX1-dev_1346.png,1,1,0.9643214491222695,FAKE,1009.2070735991001,1427,3
/workspace/benchmarks_ai_research/data/aigibench/flux/FLUX1-dev/1_fake/FLUX1-dev_4144.png,1,0,0.29098086621490676,REAL,940.5759517103434,1427,2
/workspace/benchmarks_ai_research/data/genimage/sd_1_4/imagenet_ai_0419_sdv4/val/nature/ILSVRC2012_val_00041637.JPEG,0,0,0.007232763803479049,REAL,335.3753238916397,292,2
/workspace/benchmarks_ai_research/data/aigibench/flux/FLUX1-dev/1_fake/FLUX1-dev_240.png,1,1,0.9999215621087787,FAKE,1008.2736983895302,1427,3
/workspace/benchmarks_ai_research/data/aigibench/flux/FLUX1-dev/1_fake/FLUX1-dev_630.png,1,0,0.0730638998978802,FAKE,1007.9977232962847,1427,3
/workspace/benchmarks_ai_research/data/aigibench/flux/FLUX1-dev/1_fake/FLUX1-dev_1396.png,1,0,0.07162832130754541,FAKE,1007.6735485345125,1427,3
/workspace/benchmarks_ai_research/data/genimage/sd_1_4/imagenet_ai_0419_sdv4/val/nature/ILSVRC2012_val_00001424.JPEG,0,0,0.07055959618729296,REAL,331.9053240120411,274,2
/workspace/benchmarks_ai_research/data/genimage/sd_1_4/imagenet_ai_0419_sdv4/val/nature/ILSVRC2012_val_00007282.JPEG,0,0,0.001455062938532843,REAL,336.3422751426697,274,2
/workspace/benchmarks_ai_research/data/genimage/sd_1_4/imagenet_ai_0419_sdv4/val/nature/ILSVRC2012_val_00032040.JPEG,0,0,0.012241275291807161,REAL,326.6919907182455,292,2
/workspace/benchmarks_ai_research/data/genimage/sd_1_4/imagenet_ai_0419_sdv4/val/nature/ILSVRC2012_val_00048722.JPEG,0,0,0.001700722411435288,REAL,328.7575338035822,268,2
/workspace/benchmarks_ai_research/data/genimage/sd_1_4/imagenet_ai_0419_sdv4/val/nature/ILSVRC2012_val_00019653.JPEG,0,0,0.002323162522631283,REAL,329.2757775634527,274,2
/workspace/benchmarks_ai_research/data/aigibench/flux/FLUX1-dev/1_fake/FLUX1-dev_3375.png,1,0,0.07085295253787657,FAKE,1005.6160278618336,1427,3
/workspace/benchmarks_ai_research/data/aigibench/flux/FLUX1-dev/1_fake/FLUX1-dev_1229.png,1,0,0.07031603712145619,FAKE,1007.0891287177801,1427,3
/workspace/benchmarks_ai_research/data/aigibench/flux/FLUX1-dev/1_fake/FLUX1-dev_4057.png,1,0,0.0023596606820630445,REAL,937.751853838563,1427,2
/workspace/benchmarks_ai_research/data/genimage/sd_1_4/imagenet_ai_0419_sdv4/val/nature/ILSVRC2012_val_00047020.JPEG,0,0,0.0649691787843273,FAKE,334.25709046423435,93,3
/workspace/benchmarks_ai_research/data/genimage/sd_1_4/imagenet_ai_0419_sdv4/val/nature/ILSVRC2012_val_00024229.JPEG,0,0,0.005554924703691103,REAL,331.2129881232977,292,2
/workspace/benchmarks_ai_research/data/aigibench/flux/FLUX1-dev/1_fake/FLUX1-dev_212.png,1,1,0.988841968751916,FAKE,1006.7721959203482,1427,3
/workspace/benchmarks_ai_research/data/genimage/sd_1_4/imagenet_ai_0419_sdv4/val/nature/ILSVRC2012_val_00040746.JPEG,0,0,0.0021489492836254285,REAL,325.85678808391094,292,2
/workspace/benchmarks_ai_research/data/aigibench/flux/FLUX1-dev/1_fake/FLUX1-dev_288.png,1,0,0.07103684444092145,FAKE,1008.8466815650463,1427,3
/workspace/benchmarks_ai_research/data/aigibench/flux/FLUX1-dev/1_fake/FLUX1-dev_209.png,1,1,0.9343951625409306,FAKE,1005.3096357733011,1427,3
/workspace/benchmarks_ai_research/data/genimage/sd_1_4/imagenet_ai_0419_sdv4/val/nature/ILSVRC2012_val_00032295.JPEG,0,0,0.0022170130229473865,REAL,392.1372164040804,364,2
/workspace/benchmarks_ai_research/data/aigibench/flux/FLUX1-dev/1_fake/FLUX1-dev_2490.png,1,1,0.9978172835546547,FAKE,1009.2392787337303,1427,3
/workspace/benchmarks_ai_research/data/aigibench/flux/FLUX1-dev/1_fake/FLUX1-dev_17.png,1,0,0.07761082933766157,FAKE,1008.8964253664017,1427,3
/workspace/benchmarks_ai_research/data/aigibench/flux/FLUX1-dev/1_fake/FLUX1-dev_2073.png,1,1,0.999694651067888,FAKE,1006.1817914247513,1427,3
/workspace/benchmarks_ai_research/data/aigibench/flux/FLUX1-dev/1_fake/FLUX1-dev_1027.png,1,1,0.9884918509356967,FAKE,1006.5729133784771,1427,3
/workspace/benchmarks_ai_research/data/aigibench/flux/FLUX1-dev/1_fake/FLUX1-dev_404.png,1,1,0.9518632288833652,FAKE,1004.0050130337477,1427,3
/workspace/benchmarks_ai_research/data/aigibench/flux/FLUX1-dev/1_fake/FLUX1-dev_850.png,1,1,0.9724147177732099,FAKE,1008.04677978158,1427,3
/workspace/benchmarks_ai_research/data/aigibench/flux/FLUX1-dev/1_fake/FLUX1-dev_4131.png,1,0,0.07933251789144306,FAKE,1004.6578627079725,1427,3
/workspace/benchmarks_ai_research/data/genimage/sd_1_4/imagenet_ai_0419_sdv4/val/nature/ILSVRC2012_val_00010140.JPEG,0,0,0.004007288945911384,REAL,326.8867526203394,292,2
/workspace/benchmarks_ai_research/data/aigibench/flux/FLUX1-dev/1_fake/FLUX1-dev_4138.png,1,1,0.9263037302939515,FAKE,1004.0482245385647,1427,3
/workspace/benchmarks_ai_research/data/aigibench/flux/FLUX1-dev/1_fake/FLUX1-dev_1249.png,1,1,0.995929862284104,FAKE,1003.8212593644857,1427,3
/workspace/benchmarks_ai_research/data/aigibench/flux/FLUX1-dev/1_fake/FLUX1-dev_2042.png,1,1,0.9996898440132873,FAKE,1003.8144923746586,1427,3
/workspace/benchmarks_ai_research/data/genimage/sd_1_4/imagenet_ai_0419_sdv4/val/nature/ILSVRC2012_val_00034195.JPEG,0,0,0.0038244836446372104,REAL,296.49885557591915,234,2
/workspace/benchmarks_ai_research/data/aigibench/flux/FLUX1-dev/1_fake/FLUX1-dev_2939.png,1,1,0.9697854129326061,FAKE,1005.1196496933699,1427,3
/workspace/benchmarks_ai_research/data/aigibench/flux/FLUX1-dev/1_fake/FLUX1-dev_3559.png,1,1,0.9967775156759975,FAKE,1005.3435750305653,1427,3
/workspace/benchmarks_ai_research/data/genimage/sd_1_4/imagenet_ai_0419_sdv4/val/nature/ILSVRC2012_val_00015443.JPEG,0,0,0.017712298703411445,REAL,336.3585229963064,292,2
/workspace/benchmarks_ai_research/data/aigibench/flux/FLUX1-dev/1_fake/FLUX1-dev_1898.png,1,0,0.06735949513766377,FAKE,1005.4647736251354,1427,3
/workspace/benchmarks_ai_research/data/aigibench/flux/FLUX1-dev/1_fake/FLUX1-dev_67.png,1,1,0.9334308110294983,FAKE,1007.8665241599083,1427,3
/workspace/benchmarks_ai_research/data/aigibench/flux/FLUX1-dev/1_fake/FLUX1-dev_1088.png,1,0,0.07872330207676485,FAKE,1008.7035540491343,1427,3
/workspace/benchmarks_ai_research/data/genimage/sd_1_4/imagenet_ai_0419_sdv4/val/nature/ILSVRC2012_val_00008163.JPEG,0,0,0.05033063259747688,REAL,404.19341810047626,499,2
/workspace/benchmarks_ai_research/data/aigibench/flux/FLUX1-dev/1_fake/FLUX1-dev_3646.png,1,1,0.9669140216112958,FAKE,1006.626496091485,1427,3
/workspace/benchmarks_ai_research/data/aigibench/flux/FLUX1-dev/1_fake/FLUX1-dev_2369.png,1,1,0.9924227587321393,FAKE,1006.5316036343575,1427,3
/workspace/benchmarks_ai_research/data/genimage/sd_1_4/imagenet_ai_0419_sdv4/val/nature/ILSVRC2012_val_00004658.JPEG,0,0,0.0053849379617779605,REAL,477.0001657307148,618,2
/workspace/benchmarks_ai_research/data/aigibench/flux/FLUX1-dev/1_fake/FLUX1-dev_2808.png,1,0,0.07020667215078455,FAKE,1009.8278131335974,1427,3
/workspace/benchmarks_ai_research/data/genimage/sd_1_4/imagenet_ai_0419_sdv4/val/nature/ILSVRC2012_val_00021823.JPEG,0,0,0.00263167397488458,REAL,330.8130633085966,292,2
/workspace/benchmarks_ai_research/data/aigibench/flux/FLUX1-dev/1_fake/FLUX1-dev_1813.png,1,1,0.9518632288833652,FAKE,1009.2738047242165,1427,3
/workspace/benchmarks_ai_research/data/aigibench/flux/FLUX1-dev/1_fake/FLUX1-dev_2701.png,1,0,0.07515701110321432,FAKE,1008.0200750380754,1427,3
/workspace/benchmarks_ai_research/data/aigibench/flux/FLUX1-dev/1_fake/FLUX1-dev_1550.png,1,0,0.07076727016318861,FAKE,1003.49310785532,1427,3
/workspace/benchmarks_ai_research/data/aigibench/flux/FLUX1-dev/1_fake/FLUX1-dev_1553.png,1,0,0.07584517753007379,FAKE,1009.5092188566923,1427,3
/workspace/benchmarks_ai_research/data/genimage/sd_1_4/imagenet_ai_0419_sdv4/val/nature/ILSVRC2012_val_00040361.JPEG,0,0,0.013428254741968517,REAL,325.9189110249281,292,2
/workspace/benchmarks_ai_research/data/aigibench/flux/FLUX1-dev/1_fake/FLUX1-dev_3976.png,1,0,0.025565213923269593,REAL,940.398346632719,1427,2
/workspace/benchmarks_ai_research/data/aigibench/flux/FLUX1-dev/1_fake/FLUX1-dev_3914.png,1,1,0.993096161928778,FAKE,1007.1366336196661,1427,3
/workspace/benchmarks_ai_research/data/aigibench/flux/FLUX1-dev/1_fake/FLUX1-dev_4188.png,1,0,0.31465188062849875,REAL,940.5686091631651,1427,2
/workspace/benchmarks_ai_research/data/aigibench/flux/FLUX1-dev/1_fake/FLUX1-dev_3169.png,1,0,0.0783867080169672,FAKE,1007.5361840426922,1427,3
/workspace/benchmarks_ai_research/data/aigibench/flux/FLUX1-dev/1_fake/FLUX1-dev_2407.png,1,0,0.07529935657244419,FAKE,1007.9211760312319,1427,3
/workspace/benchmarks_ai_research/data/aigibench/flux/FLUX1-dev/1_fake/FLUX1-dev_1021.png,1,1,0.9972423776326046,FAKE,1005.5063031613827,1427,3
/workspace/benchmarks_ai_research/data/aigibench/flux/FLUX1-dev/1_fake/FLUX1-dev_3859.png,1,0,0.014281933925111153,REAL,941.6056405752897,1427,2
/workspace/benchmarks_ai_research/data/aigibench/flux/FLUX1-dev/1_fake/FLUX1-dev_3454.png,1,0,0.07242400594238238,FAKE,1007.003653794527,1427,3
/workspace/benchmarks_ai_research/data/genimage/sd_1_4/imagenet_ai_0419_sdv4/val/nature/ILSVRC2012_val_00008324.JPEG,0,0,0.012053779516236447,REAL,330.8067489415407,292,2
/workspace/benchmarks_ai_research/data/aigibench/flux/FLUX1-dev/1_fake/FLUX1-dev_1672.png,1,1,0.9986329743543437,FAKE,1009.5651764422655,1427,3
/workspace/benchmarks_ai_research/data/aigibench/flux/FLUX1-dev/1_fake/FLUX1-dev_2691.png,1,0,0.07160359255798182,FAKE,1005.2860844880342,1427,3
/workspace/benchmarks_ai_research/data/genimage/sd_1_4/imagenet_ai_0419_sdv4/val/nature/ILSVRC2012_val_00028843.JPEG,0,0,0.012624949281564409,REAL,340.9175034612417,310,2
/workspace/benchmarks_ai_research/data/genimage/sd_1_4/imagenet_ai_0419_sdv4/val/nature/ILSVRC2012_val_00011140.JPEG,0,0,0.020023441289455244,REAL,333.9605964720249,292,2
/workspace/benchmarks_ai_research/data/aigibench/flux/FLUX1-dev/1_fake/FLUX1-dev_1759.png,1,0,0.07192574527638437,FAKE,1005.3961426019669,1427,3
/workspace/benchmarks_ai_research/data/genimage/sd_1_4/imagenet_ai_0419_sdv4/val/nature/ILSVRC2012_val_00032957.JPEG,0,0,0.006097562192575309,REAL,334.2893719673157,292,2
/workspace/benchmarks_ai_research/data/aigibench/flux/FLUX1-dev/1_fake/FLUX1-dev_1380.png,1,0,0.07911543047464101,FAKE,1006.0470774769783,1427,3
/workspace/benchmarks_ai_research/data/aigibench/flux/FLUX1-dev/1_fake/FLUX1-dev_3836.png,1,0,0.30735801686526387,REAL,941.8795257806778,1427,2
/workspace/benchmarks_ai_research/data/aigibench/flux/FLUX1-dev/1_fake/FLUX1-dev_1562.png,1,1,0.9890130573694068,FAKE,1007.8867506235838,1427,3
/workspace/benchmarks_ai_research/data/aigibench/flux/FLUX1-dev/1_fake/FLUX1-dev_953.png,1,1,0.9907319866190857,FAKE,1007.7277757227421,1427,3
/workspace/benchmarks_ai_research/data/aigibench/flux/FLUX1-dev/1_fake/FLUX1-dev_3404.png,1,0,0.02800752060598813,REAL,941.9036284089088,1427,2
/workspace/benchmarks_ai_research/data/genimage/sd_1_4/imagenet_ai_0419_sdv4/val/nature/ILSVRC2012_val_00003043.JPEG,0,0,0.18952109132967754,REAL,391.5118705481291,346,2
/workspace/benchmarks_ai_research/data/aigibench/flux/FLUX1-dev/1_fake/FLUX1-dev_1657.png,1,0,0.07770410475486741,FAKE,1005.5997595191002,1427,3
/workspace/benchmarks_ai_research/data/genimage/sd_1_4/imagenet_ai_0419_sdv4/val/nature/ILSVRC2012_val_00025323.JPEG,0,0,0.022286185539225494,REAL,375.1706425100565,328,2
/workspace/benchmarks_ai_research/data/aigibench/flux/FLUX1-dev/1_fake/FLUX1-dev_1996.png,1,1,0.9407897492587141,FAKE,1007.234962657094,1427,3
/workspace/benchmarks_ai_research/data/genimage/sd_1_4/imagenet_ai_0419_sdv4/val/nature/ILSVRC2012_val_00023232.JPEG,0,0,0.02297736991002561,REAL,327.4562731385231,292,2
/workspace/benchmarks_ai_research/data/aigibench/flux/FLUX1-dev/1_fake/FLUX1-dev_4349.png,1,1,0.9991030606763281,FAKE,1007.2445701807737,1427,3
/workspace/benchmarks_ai_research/data/genimage/sd_1_4/imagenet_ai_0419_sdv4/val/nature/ILSVRC2012_val_00042078.JPEG,0,0,0.018546564512117298,REAL,327.50504091382027,292,2
/workspace/benchmarks_ai_research/data/aigibench/flux/FLUX1-dev/1_fake/FLUX1-dev_4438.png,1,1,0.983847165177859,FAKE,1009.1212522238493,1427,3
/workspace/benchmarks_ai_research/data/genimage/sd_1_4/imagenet_ai_0419_sdv4/val/nature/ILSVRC2012_val_00025615.JPEG,0,0,0.009859855303538789,REAL,391.1426980048418,449,2
/workspace/benchmarks_ai_research/data/genimage/sd_1_4/imagenet_ai_0419_sdv4/val/nature/ILSVRC2012_val_00019494.JPEG,0,0,0.0011335690050875116,REAL,621.3959641754627,978,2
/workspace/benchmarks_ai_research/data/aigibench/flux/FLUX1-dev/1_fake/FLUX1-dev_3848.png,1,1,0.992767236196521,FAKE,1007.56417773664,1427,3
/workspace/benchmarks_ai_research/data/genimage/sd_1_4/imagenet_ai_0419_sdv4/val/nature/ILSVRC2012_val_00019281.JPEG,0,0,0.015663648711668327,REAL,490.0178052484989,609,2
/workspace/benchmarks_ai_research/data/genimage/sd_1_4/imagenet_ai_0419_sdv4/val/nature/ILSVRC2012_val_00010000.JPEG,0,0,0.011687257995694434,REAL,331.7837994545698,292,2
/workspace/benchmarks_ai_research/data/aigibench/flux/FLUX1-dev/1_fake/FLUX1-dev_2561.png,1,0,0.07377250868939313,FAKE,1004.6104826033115,1427,3
/workspace/benchmarks_ai_research/data/aigibench/flux/FLUX1-dev/1_fake/FLUX1-dev_1148.png,1,1,0.9912886155422945,FAKE,1007.7061261981726,1427,3
/workspace/benchmarks_ai_research/data/aigibench/flux/FLUX1-dev/1_fake/FLUX1-dev_848.png,1,0,0.09138210306717136,REAL,937.4668076634407,1427,2
/workspace/benchmarks_ai_research/data/aigibench/flux/FLUX1-dev/1_fake/FLUX1-dev_4377.png,1,0,0.033085978388704126,REAL,940.2105193585157,1427,2
/workspace/benchmarks_ai_research/data/genimage/sd_1_4/imagenet_ai_0419_sdv4/val/nature/ILSVRC2012_val_00042355.JPEG,0,0,0.004755199909833047,REAL,275.845592841506,118,2
/workspace/benchmarks_ai_research/data/genimage/sd_1_4/imagenet_ai_0419_sdv4/val/nature/ILSVRC2012_val_00007453.JPEG,0,0,0.007011795381497108,REAL,332.19869807362556,274,2
/workspace/benchmarks_ai_research/data/aigibench/flux/FLUX1-dev/1_fake/FLUX1-dev_4328.png,1,1,0.9971550903350206,FAKE,1008.1951469182968,1427,3
/workspace/benchmarks_ai_research/data/aigibench/flux/FLUX1-dev/1_fake/FLUX1-dev_3815.png,1,0,0.22815650216092537,REAL,941.8387394398451,1427,2
/workspace/benchmarks_ai_research/data/aigibench/flux/FLUX1-dev/1_fake/FLUX1-dev_2634.png,1,0,0.07418026738006891,FAKE,1009.643068537116,1427,3
/workspace/benchmarks_ai_research/data/aigibench/flux/FLUX1-dev/1_fake/FLUX1-dev_95.png,1,1,0.9830850867332734,FAKE,1005.6224092841148,1427,3
/workspace/benchmarks_ai_research/data/genimage/sd_1_4/imagenet_ai_0419_sdv4/val/nature/ILSVRC2012_val_00001818.JPEG,0,0,0.002934951744713737,REAL,376.0220594704151,328,2
/workspace/benchmarks_ai_research/data/aigibench/flux/FLUX1-dev/1_fake/FLUX1-dev_1172.png,1,1,0.9504109770159683,FAKE,1005.3829792886972,1427,3
/workspace/benchmarks_ai_research/data/aigibench/flux/FLUX1-dev/1_fake/FLUX1-dev_3097.png,1,1,0.9925393565360598,FAKE,1009.0724788606167,1427,3
/workspace/benchmarks_ai_research/data/aigibench/flux/FLUX1-dev/1_fake/FLUX1-dev_2237.png,1,0,0.07308909327006059,FAKE,1005.960039794445,1427,3
/workspace/benchmarks_ai_research/data/aigibench/flux/FLUX1-dev/1_fake/FLUX1-dev_279.png,1,0,0.13846179056896438,REAL,937.0779134333134,1427,2
/workspace/benchmarks_ai_research/data/aigibench/flux/FLUX1-dev/1_fake/FLUX1-dev_24.png,1,1,0.9999733114704275,FAKE,1006.7453123629093,1427,3
/workspace/benchmarks_ai_research/data/aigibench/flux/FLUX1-dev/1_fake/FLUX1-dev_157.png,1,1,0.9381240142763573,FAKE,1010.2603789418936,1427,3
/workspace/benchmarks_ai_research/data/aigibench/flux/FLUX1-dev/1_fake/FLUX1-dev_482.png,1,0,0.0795501844395132,FAKE,1009.6673332154751,1427,3
/workspace/benchmarks_ai_research/data/genimage/sd_1_4/imagenet_ai_0419_sdv4/val/nature/ILSVRC2012_val_00042603.JPEG,0,0,0.06008665017400762,REAL,353.51660661399364,274,2
/workspace/benchmarks_ai_research/data/genimage/sd_1_4/imagenet_ai_0419_sdv4/val/nature/ILSVRC2012_val_00012475.JPEG,0,0,0.0020829707830458,REAL,392.8102105855942,364,2
/workspace/benchmarks_ai_research/data/aigibench/flux/FLUX1-dev/1_fake/FLUX1-dev_294.png,1,1,0.983342959990771,FAKE,1007.29607231915,1427,3
/workspace/benchmarks_ai_research/data/aigibench/flux/FLUX1-dev/1_fake/FLUX1-dev_2591.png,1,0,0.36206636660955993,REAL,938.072431832552,1427,2
/workspace/benchmarks_ai_research/data/aigibench/flux/FLUX1-dev/1_fake/FLUX1-dev_1617.png,1,0,0.06849001978924318,FAKE,1015.076307579875,1427,3
/workspace/benchmarks_ai_research/data/genimage/sd_1_4/imagenet_ai_0419_sdv4/val/nature/ILSVRC2012_val_00023595.JPEG,0,0,0.009859855303538789,REAL,386.93925365805626,403,2
/workspace/benchmarks_ai_research/data/aigibench/flux/FLUX1-dev/1_fake/FLUX1-dev_2703.png,1,1,0.9678992932829918,FAKE,1013.5249178856611,1427,3
/workspace/benchmarks_ai_research/data/genimage/sd_1_4/imagenet_ai_0419_sdv4/val/nature/ILSVRC2012_val_00024672.JPEG,0,0,0.029312230751356316,REAL,334.448479115963,274,2
/workspace/benchmarks_ai_research/data/genimage/sd_1_4/imagenet_ai_0419_sdv4/val/nature/ILSVRC2012_val_00011184.JPEG,0,0,0.001455062938532843,REAL,401.4219827950001,382,2
/workspace/benchmarks_ai_research/data/genimage/sd_1_4/imagenet_ai_0419_sdv4/val/nature/ILSVRC2012_val_00017322.JPEG,0,0,0.01826427835185701,REAL,333.29847268760204,292,2
/workspace/benchmarks_ai_research/data/aigibench/flux/FLUX1-dev/1_fake/FLUX1-dev_289.png,1,0,0.07263670636078697,REAL,945.9134060889482,1427,2
/workspace/benchmarks_ai_research/data/aigibench/flux/FLUX1-dev/1_fake/FLUX1-dev_1030.png,1,1,0.9966233876182606,FAKE,1027.6199541985989,1427,3
/workspace/benchmarks_ai_research/data/aigibench/flux/FLUX1-dev/1_fake/FLUX1-dev_2154.png,1,1,0.9372107914029487,FAKE,1019.5737946778536,1427,3
/workspace/benchmarks_ai_research/data/aigibench/flux/FLUX1-dev/1_fake/FLUX1-dev_2210.png,1,0,0.07559781882749761,FAKE,1021.3019996881485,1427,3
/workspace/benchmarks_ai_research/data/genimage/sd_1_4/imagenet_ai_0419_sdv4/val/nature/ILSVRC2012_val_00018905.JPEG,0,0,0.015663648711668327,REAL,394.70342360436916,449,2
/workspace/benchmarks_ai_research/data/aigibench/flux/FLUX1-dev/1_fake/FLUX1-dev_3579.png,1,0,0.06965015127120612,FAKE,1020.2508885413408,1427,3
/workspace/benchmarks_ai_research/data/aigibench/flux/FLUX1-dev/1_fake/FLUX1-dev_2576.png,1,1,0.9546474194456936,FAKE,1020.7831356674433,1427,3
/workspace/benchmarks_ai_research/data/genimage/sd_1_4/imagenet_ai_0419_sdv4/val/nature/ILSVRC2012_val_00005709.JPEG,0,0,0.0034834241930806675,REAL,731.9172099232674,1057,2
/workspace/benchmarks_ai_research/data/genimage/sd_1_4/imagenet_ai_0419_sdv4/val/nature/ILSVRC2012_val_00047093.JPEG,0,0,0.24508501313237172,REAL,297.6879309862852,238,2
/workspace/benchmarks_ai_research/data/genimage/sd_1_4/imagenet_ai_0419_sdv4/val/nature/ILSVRC2012_val_00015408.JPEG,0,0,0.022629200033037256,REAL,391.7917534708977,352,2
/workspace/benchmarks_ai_research/data/aigibench/flux/FLUX1-dev/1_fake/FLUX1-dev_581.png,1,0,0.07391244151058265,FAKE,1014.2361670732498,1427,3
/workspace/benchmarks_ai_research/data/aigibench/flux/FLUX1-dev/1_fake/FLUX1-dev_740.png,1,0,0.07242400594238238,FAKE,1013.9930434525013,1427,3
/workspace/benchmarks_ai_research/data/aigibench/flux/FLUX1-dev/1_fake/FLUX1-dev_3738.png,1,0,0.34254522314915836,REAL,949.0045346319675,1427,2
/workspace/benchmarks_ai_research/data/aigibench/flux/FLUX1-dev/1_fake/FLUX1-dev_937.png,1,1,0.9441768588653856,FAKE,1022.3292429000139,1427,3
/workspace/benchmarks_ai_research/data/aigibench/flux/FLUX1-dev/1_fake/FLUX1-dev_2372.png,1,1,0.9425067211996143,FAKE,1006.9382376968861,1427,3
/workspace/benchmarks_ai_research/data/aigibench/flux/FLUX1-dev/1_fake/FLUX1-dev_62.png,1,1,0.9958660319095476,FAKE,1007.8049749135971,1427,3
/workspace/benchmarks_ai_research/data/aigibench/flux/FLUX1-dev/1_fake/FLUX1-dev_668.png,1,0,0.07686841196828985,FAKE,1005.2707679569721,1427,3
/workspace/benchmarks_ai_research/data/aigibench/flux/FLUX1-dev/1_fake/FLUX1-dev_1867.png,1,1,0.9869795098861571,FAKE,1007.7313203364611,1427,3
/workspace/benchmarks_ai_research/data/genimage/sd_1_4/imagenet_ai_0419_sdv4/val/nature/ILSVRC2012_val_00040424.JPEG,0,0,0.001477942980215951,REAL,336.17627806961536,274,2
/workspace/benchmarks_ai_research/data/aigibench/flux/FLUX1-dev/1_fake/FLUX1-dev_2840.png,1,1,0.9621075733703927,FAKE,1010.56201569736,1427,3
/workspace/benchmarks_ai_research/data/genimage/sd_1_4/imagenet_ai_0419_sdv4/val/nature/ILSVRC2012_val_00047508.JPEG,0,0,0.005911068856243796,REAL,331.9333102554083,274,2
/workspace/benchmarks_ai_research/data/aigibench/flux/FLUX1-dev/1_fake/FLUX1-dev_4014.png,1,0,0.035678550877730524,REAL,942.7822288125753,1427,2
/workspace/benchmarks_ai_research/data/aigibench/flux/FLUX1-dev/1_fake/FLUX1-dev_1215.png,1,1,0.9669140216112958,FAKE,1010.5497650802135,1427,3
/workspace/benchmarks_ai_research/data/genimage/sd_1_4/imagenet_ai_0419_sdv4/val/nature/ILSVRC2012_val_00027637.JPEG,0,0,0.05749327880038583,REAL,333.3743680268526,274,2
/workspace/benchmarks_ai_research/data/aigibench/flux/FLUX1-dev/1_fake/FLUX1-dev_191.png,1,0,0.0694816031309217,FAKE,1008.7336525321007,1427,3
/workspace/benchmarks_ai_research/data/genimage/sd_1_4/imagenet_ai_0419_sdv4/val/nature/ILSVRC2012_val_00007613.JPEG,0,0,0.00564190850002335,REAL,336.82339638471603,292,2
/workspace/benchmarks_ai_research/data/aigibench/flux/FLUX1-dev/1_fake/FLUX1-dev_2388.png,1,0,0.3684055846428489,REAL,941.2744864821434,1427,2
/workspace/benchmarks_ai_research/data/aigibench/flux/FLUX1-dev/1_fake/FLUX1-dev_2587.png,1,0,0.06818212502240714,FAKE,1007.439348846674,1427,3
/workspace/benchmarks_ai_research/data/aigibench/flux/FLUX1-dev/1_fake/FLUX1-dev_2855.png,1,1,0.9532750413739076,FAKE,1006.8520698696375,1427,3
/workspace/benchmarks_ai_research/data/aigibench/flux/FLUX1-dev/1_fake/FLUX1-dev_2335.png,1,0,0.10521053670308635,REAL,942.914480343461,1427,2
/workspace/benchmarks_ai_research/data/aigibench/flux/FLUX1-dev/1_fake/FLUX1-dev_1467.png,1,0,0.07630276091906066,FAKE,1007.9045798629522,1427,3
/workspace/benchmarks_ai_research/data/aigibench/flux/FLUX1-dev/1_fake/FLUX1-dev_1456.png,1,0,0.07389971322580102,FAKE,1006.5646767616272,1427,3
/workspace/benchmarks_ai_research/data/genimage/sd_1_4/imagenet_ai_0419_sdv4/val/nature/ILSVRC2012_val_00017294.JPEG,0,0,0.042087727915618836,REAL,332.45281688869,274,2
/workspace/benchmarks_ai_research/data/aigibench/flux/FLUX1-dev/1_fake/FLUX1-dev_637.png,1,1,0.9724147177732099,FAKE,1005.2454993128777,1427,3
/workspace/benchmarks_ai_research/data/genimage/sd_1_4/imagenet_ai_0419_sdv4/val/nature/ILSVRC2012_val_00036007.JPEG,0,0,0.013222821752305148,REAL,877.7705132961273,1434,2
/workspace/benchmarks_ai_research/data/aigibench/flux/FLUX1-dev/1_fake/FLUX1-dev_218.png,1,0,0.07880429911310395,FAKE,1010.191235691309,1427,3
/workspace/benchmarks_ai_research/data/genimage/sd_1_4/imagenet_ai_0419_sdv4/val/nature/ILSVRC2012_val_00025879.JPEG,0,0,0.007577241267860811,REAL,386.3822165876627,358,2
/workspace/benchmarks_ai_research/data/genimage/sd_1_4/imagenet_ai_0419_sdv4/val/nature/ILSVRC2012_val_00001006.JPEG,0,0,0.05184546664977983,REAL,329.4960577040911,292,2
/workspace/benchmarks_ai_research/data/aigibench/flux/FLUX1-dev/1_fake/FLUX1-dev_2168.png,1,0,0.07234905169168439,FAKE,1004.7171749174595,1427,3
/workspace/benchmarks_ai_research/data/genimage/sd_1_4/imagenet_ai_0419_sdv4/val/nature/ILSVRC2012_val_00016741.JPEG,0,0,0.10669059394565118,REAL,329.9650326371193,274,2
/workspace/benchmarks_ai_research/data/aigibench/flux/FLUX1-dev/1_fake/FLUX1-dev_1801.png,1,1,0.9968763514001466,FAKE,1009.0296231210232,1427,3
/workspace/benchmarks_ai_research/data/genimage/sd_1_4/imagenet_ai_0419_sdv4/val/nature/ILSVRC2012_val_00022903.JPEG,0,0,0.013222821752305148,REAL,332.8502606600523,292,2
/workspace/benchmarks_ai_research/data/aigibench/flux/FLUX1-dev/1_fake/FLUX1-dev_3093.png,1,0,0.06885882727197654,FAKE,1008.3108860999346,1427,3
/workspace/benchmarks_ai_research/data/aigibench/flux/FLUX1-dev/1_fake/FLUX1-dev_2373.png,1,1,0.9867771782476948,FAKE,1008.4230471402407,1427,3
/workspace/benchmarks_ai_research/data/aigibench/flux/FLUX1-dev/1_fake/FLUX1-dev_171.png,1,1,0.9814534354878828,FAKE,1009.0155303478241,1427,3
/workspace/benchmarks_ai_research/data/aigibench/flux/FLUX1-dev/1_fake/FLUX1-dev_1444.png,1,0,0.3286934442029221,REAL,943.7561426311731,1427,2
/workspace/benchmarks_ai_research/data/genimage/sd_1_4/imagenet_ai_0419_sdv4/val/nature/ILSVRC2012_val_00008893.JPEG,0,0,0.0034834241930806675,REAL,332.3838245123625,292,2
/workspace/benchmarks_ai_research/data/aigibench/flux/FLUX1-dev/1_fake/FLUX1-dev_2729.png,1,1,0.9893474891602738,FAKE,1007.989414036274,1427,3
/workspace/benchmarks_ai_research/data/aigibench/flux/FLUX1-dev/1_fake/FLUX1-dev_2872.png,1,0,0.07049864124518414,FAKE,1010.0520830601454,1427,3
/workspace/benchmarks_ai_research/data/aigibench/flux/FLUX1-dev/1_fake/FLUX1-dev_3063.png,1,1,0.9637799441350253,FAKE,1004.6149827539921,1427,3
/workspace/benchmarks_ai_research/data/aigibench/flux/FLUX1-dev/1_fake/FLUX1-dev_4038.png,1,0,0.07956380233389083,FAKE,1008.439464494586,1427,3
/workspace/benchmarks_ai_research/data/genimage/sd_1_4/imagenet_ai_0419_sdv4/val/nature/ILSVRC2012_val_00002178.JPEG,0,0,0.2963049566971738,REAL,397.87971787154675,373,2
/workspace/benchmarks_ai_research/data/aigibench/flux/FLUX1-dev/1_fake/FLUX1-dev_2414.png,1,0,0.07285001460043321,FAKE,1011.1521743237972,1427,3
/workspace/benchmarks_ai_research/data/aigibench/flux/FLUX1-dev/1_fake/FLUX1-dev_4190.png,1,0,0.36413121376436863,REAL,938.6409856379032,1427,2
/workspace/benchmarks_ai_research/data/aigibench/flux/FLUX1-dev/1_fake/FLUX1-dev_152.png,1,1,0.9334308110294983,FAKE,1005.9575475752354,1427,3
/workspace/benchmarks_ai_research/data/genimage/sd_1_4/imagenet_ai_0419_sdv4/val/nature/ILSVRC2012_val_00027185.JPEG,0,0,0.06673120854055259,FAKE,365.4819652438164,214,3
/workspace/benchmarks_ai_research/data/aigibench/flux/FLUX1-dev/1_fake/FLUX1-dev_3785.png,1,0,0.34999797293560236,REAL,942.3780217766762,1427,2
/workspace/benchmarks_ai_research/data/aigibench/flux/FLUX1-dev/1_fake/FLUX1-dev_1043.png,1,0,0.07219938966212844,FAKE,1011.3006364554167,1427,3
/workspace/benchmarks_ai_research/data/aigibench/flux/FLUX1-dev/1_fake/FLUX1-dev_2492.png,1,0,0.06779316905798231,FAKE,1009.0734921395779,1427,3
/workspace/benchmarks_ai_research/data/genimage/sd_1_4/imagenet_ai_0419_sdv4/val/nature/ILSVRC2012_val_00040605.JPEG,0,0,0.06097518086496481,REAL,281.8278279155493,146,2
/workspace/benchmarks_ai_research/data/genimage/sd_1_4/imagenet_ai_0419_sdv4/val/nature/ILSVRC2012_val_00042319.JPEG,0,0,0.008711384457705508,REAL,332.9686466604471,292,2
/workspace/benchmarks_ai_research/data/aigibench/flux/FLUX1-dev/1_fake/FLUX1-dev_2416.png,1,0,0.017176709012318405,REAL,939.7519547492266,1427,2
/workspace/benchmarks_ai_research/data/genimage/sd_1_4/imagenet_ai_0419_sdv4/val/nature/ILSVRC2012_val_00027690.JPEG,0,0,0.07263670636078697,REAL,336.14538237452507,283,2
/workspace/benchmarks_ai_research/data/aigibench/flux/FLUX1-dev/1_fake/FLUX1-dev_394.png,1,0,0.011869121046339474,REAL,940.0885682553053,1427,2
/workspace/benchmarks_ai_research/data/aigibench/flux/FLUX1-dev/1_fake/FLUX1-dev_4240.png,1,0,0.07348071243803281,FAKE,1001.9069761037827,1427,3
/workspace/benchmarks_ai_research/data/aigibench/flux/FLUX1-dev/1_fake/FLUX1-dev_3170.png,1,0,0.17781086947804958,REAL,942.066602408886,1427,2
/workspace/benchmarks_ai_research/data/aigibench/flux/FLUX1-dev/1_fake/FLUX1-dev_1668.png,1,0,0.0031726828424851893,REAL,938.5849088430405,1427,2
/workspace/benchmarks_ai_research/data/aigibench/flux/FLUX1-dev/1_fake/FLUX1-dev_2469.png,1,1,0.9381240142763573,FAKE,1011.556701734662,1427,3
/workspace/benchmarks_ai_research/data/aigibench/flux/FLUX1-dev/1_fake/FLUX1-dev_997.png,1,1,0.9425067211996143,FAKE,1005.8498587459326,1427,3
/workspace/benchmarks_ai_research/data/aigibench/flux/FLUX1-dev/1_fake/FLUX1-dev_1754.png,1,1,0.9263037302939515,FAKE,1007.576072588563,1427,3
/workspace/benchmarks_ai_research/data/aigibench/flux/FLUX1-dev/1_fake/FLUX1-dev_2720.png,1,0,0.07491174787915311,FAKE,1008.1080477684736,1427,3
/workspace/benchmarks_ai_research/data/aigibench/flux/FLUX1-dev/1_fake/FLUX1-dev_1957.png,1,1,0.9793540692607815,FAKE,1009.5068942755461,1427,3
/workspace/benchmarks_ai_research/data/aigibench/flux/FLUX1-dev/1_fake/FLUX1-dev_2431.png,1,0,0.06920551081154405,FAKE,1010.8890887349844,1427,3
/workspace/benchmarks_ai_research/data/aigibench/flux/FLUX1-dev/1_fake/FLUX1-dev_75.png,1,1,0.9967775156759975,FAKE,1005.9190355241299,1427,3
/workspace/benchmarks_ai_research/data/genimage/sd_1_4/imagenet_ai_0419_sdv4/val/nature/ILSVRC2012_val_00005030.JPEG,0,0,0.00530189486940215,REAL,332.58592896163464,292,2
/workspace/benchmarks_ai_research/data/aigibench/flux/FLUX1-dev/1_fake/FLUX1-dev_3012.png,1,0,0.12940273159163906,REAL,941.2419237196445,1427,2
/workspace/benchmarks_ai_research/data/genimage/sd_1_4/imagenet_ai_0419_sdv4/val/nature/ILSVRC2012_val_00016477.JPEG,0,0,0.0015011822567369915,REAL,329.14615608751774,274,2
/workspace/benchmarks_ai_research/data/genimage/sd_1_4/imagenet_ai_0419_sdv4/val/nature/ILSVRC2012_val_00017555.JPEG,0,0,0.0035936025814200896,REAL,333.23149755597115,292,2
/workspace/benchmarks_ai_research/data/genimage/sd_1_4/imagenet_ai_0419_sdv4/val/nature/ILSVRC2012_val_00041713.JPEG,0,0,0.008315778477474129,REAL,329.1173055768013,292,2
/workspace/benchmarks_ai_research/data/aigibench/flux/FLUX1-dev/1_fake/FLUX1-dev_2455.png,1,0,0.06979495746437624,FAKE,1010.7808839529753,1427,3
/workspace/benchmarks_ai_research/data/aigibench/flux/FLUX1-dev/1_fake/FLUX1-dev_2526.png,1,0,0.06955380941836685,FAKE,1006.392914801836,1427,3
/workspace/benchmarks_ai_research/data/genimage/sd_1_4/imagenet_ai_0419_sdv4/val/nature/ILSVRC2012_val_00033922.JPEG,0,0,0.012053779516236447,REAL,395.49631252884865,358,2
/workspace/benchmarks_ai_research/data/aigibench/flux/FLUX1-dev/1_fake/FLUX1-dev_949.png,1,0,0.3702253925955866,REAL,941.6999854147434,1427,2
/workspace/benchmarks_ai_research/data/aigibench/flux/FLUX1-dev/1_fake/FLUX1-dev_3329.png,1,0,0.07058402307948874,FAKE,1013.6675890535116,1427,3
/workspace/benchmarks_ai_research/data/aigibench/flux/FLUX1-dev/1_fake/FLUX1-dev_46.png,1,1,0.9719924793940118,FAKE,1010.1112313568592,1427,3
/workspace/benchmarks_ai_research/data/genimage/sd_1_4/imagenet_ai_0419_sdv4/val/nature/ILSVRC2012_val_00032689.JPEG,0,0,0.02479816019558566,REAL,334.83119681477547,310,2
/workspace/benchmarks_ai_research/data/aigibench/flux/FLUX1-dev/1_fake/FLUX1-dev_588.png,1,1,0.9982178036776337,FAKE,1011.449670419097,1427,3
/workspace/benchmarks_ai_research/data/genimage/sd_1_4/imagenet_ai_0419_sdv4/val/nature/ILSVRC2012_val_00040909.JPEG,0,0,0.002800926967120973,REAL,331.0266975313425,292,2
/workspace/benchmarks_ai_research/data/genimage/sd_1_4/imagenet_ai_0419_sdv4/val/nature/ILSVRC2012_val_00016016.JPEG,0,0,0.025565213923269593,REAL,388.44358921051025,346,2
/workspace/benchmarks_ai_research/data/aigibench/flux/FLUX1-dev/1_fake/FLUX1-dev_2070.png,1,0,0.017986209962091555,REAL,942.5106290727854,1427,2
/workspace/benchmarks_ai_research/data/genimage/sd_1_4/imagenet_ai_0419_sdv4/val/nature/ILSVRC2012_val_00005028.JPEG,0,0,0.0038244836446372104,REAL,329.02646623551846,292,2
/workspace/benchmarks_ai_research/data/aigibench/flux/FLUX1-dev/1_fake/FLUX1-dev_2800.png,1,1,0.9294404038127071,FAKE,1009.1309081763029,1427,3
/workspace/benchmarks_ai_research/data/aigibench/flux/FLUX1-dev/1_fake/FLUX1-dev_2498.png,1,0,0.3699651610754529,REAL,939.6325591951609,1427,2
/workspace/benchmarks_ai_research/data/aigibench/flux/FLUX1-dev/1_fake/FLUX1-dev_628.png,1,1,0.9621075733703927,FAKE,1006.9717168807983,1427,3
/workspace/benchmarks_ai_research/data/aigibench/flux/FLUX1-dev/1_fake/FLUX1-dev_3111.png,1,0,0.07115969432260864,FAKE,1007.00443983078,1427,3
/workspace/benchmarks_ai_research/data/aigibench/flux/FLUX1-dev/1_fake/FLUX1-dev_828.png,1,0,0.29098086621490676,REAL,942.5279069691896,1427,2
/workspace/benchmarks_ai_research/data/genimage/sd_1_4/imagenet_ai_0419_sdv4/val/nature/ILSVRC2012_val_00029858.JPEG,0,0,0.018833129890434692,REAL,333.2611285150051,274,2
/workspace/benchmarks_ai_research/data/genimage/sd_1_4/imagenet_ai_0419_sdv4/val/nature/ILSVRC2012_val_00015773.JPEG,0,0,0.010489091259938018,REAL,330.0101272761822,292,2
/workspace/benchmarks_ai_research/data/genimage/sd_1_4/imagenet_ai_0419_sdv4/val/nature/ILSVRC2012_val_00017933.JPEG,0,0,0.0953494648991095,REAL,333.8262401521206,292,2
/workspace/benchmarks_ai_research/data/genimage/sd_1_4/imagenet_ai_0419_sdv4/val/nature/ILSVRC2012_val_00035017.JPEG,0,0,0.006692850924284856,REAL,397.73605577647686,328,2
/workspace/benchmarks_ai_research/data/aigibench/flux/FLUX1-dev/1_fake/FLUX1-dev_4442.png,1,1,0.9334308110294983,FAKE,1008.1516578793526,1427,3
/workspace/benchmarks_ai_research/data/aigibench/flux/FLUX1-dev/1_fake/FLUX1-dev_2093.png,1,0,0.07364550569972539,FAKE,1007.1716103702784,1427,3
/workspace/benchmarks_ai_research/data/aigibench/flux/FLUX1-dev/1_fake/FLUX1-dev_4444.png,1,1,0.9999023843393975,FAKE,1005.2984450012445,1427,3
/workspace/benchmarks_ai_research/data/aigibench/flux/FLUX1-dev/1_fake/FLUX1-dev_1639.png,1,0,0.07558482399611766,FAKE,1005.4059494286776,1427,3
/workspace/benchmarks_ai_research/data/aigibench/flux/FLUX1-dev/1_fake/FLUX1-dev_3498.png,1,0,0.06278920859705135,REAL,937.6934878528118,1427,2
/workspace/benchmarks_ai_research/data/genimage/sd_1_4/imagenet_ai_0419_sdv4/val/nature/ILSVRC2012_val_00006576.JPEG,0,0,0.00600359579657149,REAL,394.71438713371754,382,2
/workspace/benchmarks_ai_research/data/aigibench/flux/FLUX1-dev/1_fake/FLUX1-dev_4398.png,1,0,0.06974664750604433,FAKE,1004.716070368886,1427,3
/workspace/benchmarks_ai_research/data/aigibench/flux/FLUX1-dev/1_fake/FLUX1-dev_4283.png,1,0,0.07566282376039614,FAKE,1004.3492931872606,1427,3
/workspace/benchmarks_ai_research/data/aigibench/flux/FLUX1-dev/1_fake/FLUX1-dev_927.png,1,1,0.9871787857334058,FAKE,1006.96393661201,1427,3
/workspace/benchmarks_ai_research/data/aigibench/flux/FLUX1-dev/1_fake/FLUX1-dev_3653.png,1,1,0.9334308110294983,FAKE,1008.7681002914906,1427,3
/workspace/benchmarks_ai_research/data/aigibench/flux/FLUX1-dev/1_fake/FLUX1-dev_4340.png,1,0,0.3056972276354263,REAL,937.555817887187,1427,2
/workspace/benchmarks_ai_research/data/aigibench/flux/FLUX1-dev/1_fake/FLUX1-dev_451.png,1,0,0.07162832130754541,FAKE,1005.8345999568701,1427,3
/workspace/benchmarks_ai_research/data/genimage/sd_1_4/imagenet_ai_0419_sdv4/val/nature/ILSVRC2012_val_00004360.JPEG,0,0,0.1480471980316895,REAL,386.0007394105196,449,2
/workspace/benchmarks_ai_research/data/genimage/sd_1_4/imagenet_ai_0419_sdv4/val/nature/ILSVRC2012_val_00015606.JPEG,0,0,0.006797531550373378,REAL,332.07172341644764,274,2
/workspace/benchmarks_ai_research/data/aigibench/flux/FLUX1-dev/1_fake/FLUX1-dev_3712.png,1,0,0.02297736991002561,REAL,939.4155368208885,1427,2
/workspace/benchmarks_ai_research/data/aigibench/flux/FLUX1-dev/1_fake/FLUX1-dev_45.png,1,0,0.07522170100929551,FAKE,1005.4979491978884,1427,3
/workspace/benchmarks_ai_research/data/aigibench/flux/FLUX1-dev/1_fake/FLUX1-dev_3284.png,1,0,0.07047427289689544,FAKE,1004.5684576034546,1427,3
/workspace/benchmarks_ai_research/data/aigibench/flux/FLUX1-dev/1_fake/FLUX1-dev_4116.png,1,0,0.07224926656394622,FAKE,1006.3251126557589,1427,3
/workspace/benchmarks_ai_research/data/aigibench/flux/FLUX1-dev/1_fake/FLUX1-dev_2806.png,1,0,0.07721228172168057,FAKE,1004.5728515833616,1427,3
/workspace/benchmarks_ai_research/data/aigibench/flux/FLUX1-dev/1_fake/FLUX1-dev_1138.png,1,1,0.9995694429186754,FAKE,1004.9933660775423,1427,3
/workspace/benchmarks_ai_research/data/aigibench/flux/FLUX1-dev/1_fake/FLUX1-dev_3920.png,1,0,0.07181407006578581,FAKE,1010.91143861413,1427,3
/workspace/benchmarks_ai_research/data/aigibench/flux/FLUX1-dev/1_fake/FLUX1-dev_1016.png,1,1,0.9999215621087787,FAKE,1006.7997761070728,1427,3
/workspace/benchmarks_ai_research/data/genimage/sd_1_4/imagenet_ai_0419_sdv4/val/nature/ILSVRC2012_val_00010676.JPEG,0,0,0.0013885232756900101,REAL,396.2815999984741,377,2
/workspace/benchmarks_ai_research/data/aigibench/flux/FLUX1-dev/1_fake/FLUX1-dev_1664.png,1,0,0.07243649993584829,FAKE,1006.2319729477167,1427,3
/workspace/benchmarks_ai_research/data/genimage/sd_1_4/imagenet_ai_0419_sdv4/val/nature/ILSVRC2012_val_00037632.JPEG,0,0,0.02843603304485266,REAL,329.78002168238163,292,2
/workspace/benchmarks_ai_research/data/genimage/sd_1_4/imagenet_ai_0419_sdv4/val/nature/ILSVRC2012_val_00047790.JPEG,0,0,0.015424552081841137,REAL,332.182589918375,292,2
/workspace/benchmarks_ai_research/data/genimage/sd_1_4/imagenet_ai_0419_sdv4/val/nature/ILSVRC2012_val_00034554.JPEG,0,0,0.015189048807983947,REAL,280.1106981933117,128,2
/workspace/benchmarks_ai_research/data/genimage/sd_1_4/imagenet_ai_0419_sdv4/val/nature/ILSVRC2012_val_00020183.JPEG,0,0,0.017986209962091555,REAL,441.89152121543884,274,2
/workspace/benchmarks_ai_research/data/aigibench/flux/FLUX1-dev/1_fake/FLUX1-dev_2652.png,1,1,0.9263037302939515,FAKE,1010.3537552058697,1427,3
/workspace/benchmarks_ai_research/data/aigibench/flux/FLUX1-dev/1_fake/FLUX1-dev_1483.png,1,0,0.07290030565206068,FAKE,1009.4332452863455,1427,3
/workspace/benchmarks_ai_research/data/aigibench/flux/FLUX1-dev/1_fake/FLUX1-dev_3381.png,1,1,0.9609517072737735,FAKE,1006.3305031508207,1427,3
/workspace/benchmarks_ai_research/data/aigibench/flux/FLUX1-dev/1_fake/FLUX1-dev_2620.png,1,0,0.0726993974875344,FAKE,1008.1073194742203,1427,3
/workspace/benchmarks_ai_research/data/aigibench/flux/FLUX1-dev/1_fake/FLUX1-dev_4347.png,1,1,0.9998147742567347,FAKE,1009.9272467195988,1427,3
/workspace/benchmarks_ai_research/data/aigibench/flux/FLUX1-dev/1_fake/FLUX1-dev_96.png,1,1,0.9744347860767304,FAKE,1004.568325355649,1427,3
/workspace/benchmarks_ai_research/data/aigibench/flux/FLUX1-dev/1_fake/FLUX1-dev_1640.png,1,1,0.9871787857334058,FAKE,1008.1871617585421,1427,3
/workspace/benchmarks_ai_research/data/aigibench/flux/FLUX1-dev/1_fake/FLUX1-dev_1231.png,1,1,0.9632305339244013,FAKE,1007.3462910950184,1427,3
/workspace/benchmarks_ai_research/data/aigibench/flux/FLUX1-dev/1_fake/FLUX1-dev_4373.png,1,0,0.39958842240974174,REAL,940.2362760156393,1427,2
/workspace/benchmarks_ai_research/data/aigibench/flux/FLUX1-dev/1_fake/FLUX1-dev_472.png,1,1,0.9759464471055739,FAKE,1011.1737679690123,1427,3
/workspace/benchmarks_ai_research/data/aigibench/flux/FLUX1-dev/1_fake/FLUX1-dev_2843.png,1,1,0.9585377272885904,FAKE,1005.1766335964203,1427,3
/workspace/benchmarks_ai_research/data/aigibench/flux/FLUX1-dev/1_fake/FLUX1-dev_1852.png,1,0,0.07401437311360934,FAKE,1007.5264200568199,1427,3
/workspace/benchmarks_ai_research/data/aigibench/flux/FLUX1-dev/1_fake/FLUX1-dev_2135.png,1,1,0.9539660976007597,FAKE,1006.7333076149225,1427,3
/workspace/benchmarks_ai_research/data/aigibench/flux/FLUX1-dev/1_fake/FLUX1-dev_4119.png,1,0,0.07113511496371666,FAKE,1013.8519667088985,1427,3
/workspace/benchmarks_ai_research/data/aigibench/flux/FLUX1-dev/1_fake/FLUX1-dev_2582.png,1,1,0.9881308789536605,FAKE,1010.4632377624512,1427,3
/workspace/benchmarks_ai_research/data/genimage/sd_1_4/imagenet_ai_0419_sdv4/val/nature/ILSVRC2012_val_00017361.JPEG,0,0,0.013020490113842825,REAL,332.1236278861761,292,2
/workspace/benchmarks_ai_research/data/aigibench/flux/FLUX1-dev/1_fake/FLUX1-dev_483.png,1,1,0.9525741268224334,FAKE,1004.8925951123238,1427,3
/workspace/benchmarks_ai_research/data/genimage/sd_1_4/imagenet_ai_0419_sdv4/val/nature/ILSVRC2012_val_00018653.JPEG,0,0,0.0019267346633274755,REAL,351.78641602396965,292,2
/workspace/benchmarks_ai_research/data/aigibench/flux/FLUX1-dev/1_fake/FLUX1-dev_3157.png,1,0,0.23370635691404026,REAL,939.3860213458538,1427,2
/workspace/benchmarks_ai_research/data/genimage/sd_1_4/imagenet_ai_0419_sdv4/val/nature/ILSVRC2012_val_00040451.JPEG,0,0,0.06560483745906928,REAL,1695.6257224082947,2509,2
/workspace/benchmarks_ai_research/data/genimage/sd_1_4/imagenet_ai_0419_sdv4/val/nature/ILSVRC2012_val_00044406.JPEG,0,0,0.005220125693558397,REAL,332.9154532402754,292,2
/workspace/benchmarks_ai_research/data/aigibench/flux/FLUX1-dev/1_fake/FLUX1-dev_1592.png,1,0,0.36456201913318415,REAL,939.3758960068226,1427,2
/workspace/benchmarks_ai_research/data/aigibench/flux/FLUX1-dev/1_fake/FLUX1-dev_3961.png,1,0,0.21733752104706247,REAL,938.671899959445,1427,2
/workspace/benchmarks_ai_research/data/aigibench/flux/FLUX1-dev/1_fake/FLUX1-dev_926.png,1,1,0.9997765836398173,FAKE,1009.7082927823067,1427,3
/workspace/benchmarks_ai_research/data/aigibench/flux/FLUX1-dev/1_fake/FLUX1-dev_1683.png,1,0,0.3608642050669382,REAL,943.4547163546085,1427,2
/workspace/benchmarks_ai_research/data/genimage/sd_1_4/imagenet_ai_0419_sdv4/val/nature/ILSVRC2012_val_00003624.JPEG,0,0,0.00263167397488458,REAL,1598.0429761111736,2452,2
/workspace/benchmarks_ai_research/data/genimage/sd_1_4/imagenet_ai_0419_sdv4/val/nature/ILSVRC2012_val_00021374.JPEG,0,0,0.025178841700601855,REAL,331.69568143785,292,2
/workspace/benchmarks_ai_research/data/genimage/sd_1_4/imagenet_ai_0419_sdv4/val/nature/ILSVRC2012_val_00031243.JPEG,0,0,0.012624949281564409,REAL,390.54401218891144,352,2
/workspace/benchmarks_ai_research/data/aigibench/flux/FLUX1-dev/1_fake/FLUX1-dev_761.png,1,1,0.9911526449170697,FAKE,1013.677790760994,1427,3
/workspace/benchmarks_ai_research/data/aigibench/flux/FLUX1-dev/1_fake/FLUX1-dev_453.png,1,1,0.9615338079816756,FAKE,1006.6124573349953,1427,3
/workspace/benchmarks_ai_research/data/genimage/sd_1_4/imagenet_ai_0419_sdv4/val/nature/ILSVRC2012_val_00037180.JPEG,0,0,0.22815650216092537,REAL,335.84670536220074,292,2
/workspace/benchmarks_ai_research/data/aigibench/flux/FLUX1-dev/1_fake/FLUX1-dev_3466.png,1,0,0.07686841196828985,FAKE,1005.5296625941992,1427,3
/workspace/benchmarks_ai_research/data/aigibench/flux/FLUX1-dev/1_fake/FLUX1-dev_3459.png,1,0,0.07238653588149499,FAKE,1006.7555382847786,1427,3
/workspace/benchmarks_ai_research/data/genimage/sd_1_4/imagenet_ai_0419_sdv4/val/nature/ILSVRC2012_val_00027815.JPEG,0,0,0.12085323249047067,REAL,377.42034904658794,333,2
/workspace/benchmarks_ai_research/data/aigibench/flux/FLUX1-dev/1_fake/FLUX1-dev_2420.png,1,0,0.0692534431199209,FAKE,1011.9648091495037,1427,3
/workspace/benchmarks_ai_research/data/aigibench/flux/FLUX1-dev/1_fake/FLUX1-dev_2672.png,1,0,0.014063627043245474,REAL,967.6165729761124,1427,2
/workspace/benchmarks_ai_research/data/genimage/sd_1_4/imagenet_ai_0419_sdv4/val/nature/ILSVRC2012_val_00010783.JPEG,0,0,0.04401864986294638,REAL,290.724728256464,168,2
/workspace/benchmarks_ai_research/data/aigibench/flux/FLUX1-dev/1_fake/FLUX1-dev_3059.png,1,0,0.2974699426047947,REAL,940.0038812309504,1427,2
/workspace/benchmarks_ai_research/data/aigibench/flux/FLUX1-dev/1_fake/FLUX1-dev_2280.png,1,0,0.07205001317922642,FAKE,1003.5244915634394,1427,3
/workspace/benchmarks_ai_research/data/aigibench/flux/FLUX1-dev/1_fake/FLUX1-dev_526.png,1,0,0.07048645609782735,FAKE,1012.9635408520699,1427,3
/workspace/benchmarks_ai_research/data/aigibench/flux/FLUX1-dev/1_fake/FLUX1-dev_1409.png,1,1,0.9999215621087787,FAKE,1003.6823693662882,1427,3
/workspace/benchmarks_ai_research/data/genimage/sd_1_4/imagenet_ai_0419_sdv4/val/nature/ILSVRC2012_val_00030602.JPEG,0,1,,ERROR,0.0,0,0
/workspace/benchmarks_ai_research/data/genimage/sd_1_4/imagenet_ai_0419_sdv4/val/nature/ILSVRC2012_val_00020819.JPEG,0,0,0.0446808702726502,REAL,389.588275924325,394,2
/workspace/benchmarks_ai_research/data/aigibench/flux/FLUX1-dev/1_fake/FLUX1-dev_3651.png,1,0,0.07668383594499245,FAKE,1008.6111631244421,1427,3
/workspace/benchmarks_ai_research/data/aigibench/flux/FLUX1-dev/1_fake/FLUX1-dev_1468.png,1,1,0.9407897492587141,FAKE,1006.8175811320543,1427,3
/workspace/benchmarks_ai_research/data/aigibench/flux/FLUX1-dev/1_fake/FLUX1-dev_1622.png,1,0,0.07667066991690066,FAKE,1008.5678286850452,1427,3
/workspace/benchmarks_ai_research/data/genimage/sd_1_4/imagenet_ai_0419_sdv4/val/nature/ILSVRC2012_val_00006908.JPEG,0,0,0.002800926967120973,REAL,383.03228467702866,449,2
/workspace/benchmarks_ai_research/data/aigibench/flux/FLUX1-dev/1_fake/FLUX1-dev_4002.png,1,0,0.06849001978924318,FAKE,1010.8395610004663,1427,3
/workspace/benchmarks_ai_research/data/aigibench/flux/FLUX1-dev/1_fake/FLUX1-dev_375.png,1,0,0.0762896549126285,FAKE,1006.5621323883533,1427,3
/workspace/benchmarks_ai_research/data/genimage/sd_1_4/imagenet_ai_0419_sdv4/val/nature/ILSVRC2012_val_00028288.JPEG,0,0,0.07369626970604846,REAL,332.002991810441,292,2
/workspace/benchmarks_ai_research/data/genimage/sd_1_4/imagenet_ai_0419_sdv4/val/nature/ILSVRC2012_val_00023530.JPEG,0,1,0.9653811611608242,FAKE,397.3049037158489,292,3
/workspace/benchmarks_ai_research/data/genimage/sd_1_4/imagenet_ai_0419_sdv4/val/nature/ILSVRC2012_val_00041432.JPEG,0,0,0.001187905494116342,REAL,327.4012915790081,274,2
/workspace/benchmarks_ai_research/data/aigibench/flux/FLUX1-dev/1_fake/FLUX1-dev_1244.png,1,1,0.9990452682889194,FAKE,1008.9619737118483,1427,3
/workspace/benchmarks_ai_research/data/genimage/sd_1_4/imagenet_ai_0419_sdv4/val/nature/ILSVRC2012_val_00043042.JPEG,0,0,0.29677057437726,REAL,328.45013961195946,292,2
/workspace/benchmarks_ai_research/data/aigibench/flux/FLUX1-dev/1_fake/FLUX1-dev_1963.png,1,0,0.0726492662988554,FAKE,1012.0011381804943,1427,3
/workspace/benchmarks_ai_research/data/aigibench/flux/FLUX1-dev/1_fake/FLUX1-dev_4246.png,1,1,0.9859363729567544,FAKE,1005.9135444462299,1427,3
/workspace/benchmarks_ai_research/data/aigibench/flux/FLUX1-dev/1_fake/FLUX1-dev_134.png,1,1,0.9585377272885904,FAKE,1007.1794372051954,1427,3
/workspace/benchmarks_ai_research/data/aigibench/flux/FLUX1-dev/1_fake/FLUX1-dev_1185.png,1,0,0.1480471980316895,REAL,944.1922158002853,1427,2
/workspace/benchmarks_ai_research/data/genimage/sd_1_4/imagenet_ai_0419_sdv4/val/nature/ILSVRC2012_val_00008832.JPEG,0,0,0.017986209962091555,REAL,339.8587666451931,292,2
/workspace/benchmarks_ai_research/data/genimage/sd_1_4/imagenet_ai_0419_sdv4/val/nature/ILSVRC2012_val_00002299.JPEG,0,0,0.08632347658627028,REAL,414.00037705898285,344,2
/workspace/benchmarks_ai_research/data/aigibench/flux/FLUX1-dev/1_fake/FLUX1-dev_999.png,1,0,0.34158239219579073,REAL,940.1612784713507,1427,2
/workspace/benchmarks_ai_research/data/aigibench/flux/FLUX1-dev/1_fake/FLUX1-dev_2493.png,1,1,0.9585377272885904,FAKE,1007.2055067867041,1427,3
/workspace/benchmarks_ai_research/data/genimage/sd_1_4/imagenet_ai_0419_sdv4/val/nature/ILSVRC2012_val_00037442.JPEG,0,0,0.001700722411435288,REAL,382.7410712838173,364,2
/workspace/benchmarks_ai_research/data/genimage/sd_1_4/imagenet_ai_0419_sdv4/val/nature/ILSVRC2012_val_00005110.JPEG,0,0,0.001700722411435288,REAL,335.1875711232424,274,2
/workspace/benchmarks_ai_research/data/genimage/sd_1_4/imagenet_ai_0419_sdv4/val/nature/ILSVRC2012_val_00022883.JPEG,0,0,0.002511463513809854,REAL,335.3543523699045,292,2
/workspace/benchmarks_ai_research/data/genimage/sd_1_4/imagenet_ai_0419_sdv4/val/nature/ILSVRC2012_val_00001252.JPEG,0,0,0.025178841700601855,REAL,332.13132433593273,292,2
/workspace/benchmarks_ai_research/data/aigibench/flux/FLUX1-dev/1_fake/FLUX1-dev_3531.png,1,1,0.9489172630429474,FAKE,1004.6532656997442,1427,3
/workspace/benchmarks_ai_research/data/genimage/sd_1_4/imagenet_ai_0419_sdv4/val/nature/ILSVRC2012_val_00035015.JPEG,0,0,0.042722197546490565,REAL,409.49314646422863,382,2
/workspace/benchmarks_ai_research/data/aigibench/flux/FLUX1-dev/1_fake/FLUX1-dev_4295.png,1,1,0.9902915235185259,FAKE,1006.0714744031429,1427,3
/workspace/benchmarks_ai_research/data/aigibench/flux/FLUX1-dev/1_fake/FLUX1-dev_1624.png,1,0,0.07473145686536078,FAKE,1005.679776892066,1427,3
/workspace/benchmarks_ai_research/data/aigibench/flux/FLUX1-dev/1_fake/FLUX1-dev_2552.png,1,0,0.07486018125792913,FAKE,1005.2612908184528,1427,3
/workspace/benchmarks_ai_research/data/genimage/sd_1_4/imagenet_ai_0419_sdv4/val/nature/ILSVRC2012_val_00008520.JPEG,0,0,0.0022170130229473865,REAL,338.2719960063696,266,2
/workspace/benchmarks_ai_research/data/aigibench/flux/FLUX1-dev/1_fake/FLUX1-dev_1531.png,1,1,0.9783846672373524,FAKE,1010.4419831186533,1427,3
/workspace/benchmarks_ai_research/data/genimage/sd_1_4/imagenet_ai_0419_sdv4/val/nature/ILSVRC2012_val_00019164.JPEG,0,0,0.027585282226789985,REAL,396.0062563419342,382,2
/workspace/benchmarks_ai_research/data/aigibench/flux/FLUX1-dev/1_fake/FLUX1-dev_3611.png,1,1,0.9989182847472744,FAKE,1008.4170959889889,1427,3
/workspace/benchmarks_ai_research/data/aigibench/flux/FLUX1-dev/1_fake/FLUX1-dev_3439.png,1,1,0.9967269350293284,FAKE,1007.8756269067526,1427,3
/workspace/benchmarks_ai_research/data/genimage/sd_1_4/imagenet_ai_0419_sdv4/val/nature/ILSVRC2012_val_00041277.JPEG,0,0,0.01495708659314999,REAL,490.9557569772005,630,2
/workspace/benchmarks_ai_research/data/genimage/sd_1_4/imagenet_ai_0419_sdv4/val/nature/ILSVRC2012_val_00017150.JPEG,0,0,0.12765262532179067,REAL,378.4617315977812,344,2
/workspace/benchmarks_ai_research/data/genimage/sd_1_4/imagenet_ai_0419_sdv4/val/nature/ILSVRC2012_val_00012824.JPEG,0,0,0.015189048807983947,REAL,383.90718773007393,449,2
/workspace/benchmarks_ai_research/data/aigibench/flux/FLUX1-dev/1_fake/FLUX1-dev_2114.png,1,0,0.07432091158276245,FAKE,1006.4556114375591,1427,3
/workspace/benchmarks_ai_research/data/genimage/sd_1_4/imagenet_ai_0419_sdv4/val/nature/ILSVRC2012_val_00033095.JPEG,0,0,0.012241275291807161,REAL,340.67266806960106,274,2
/workspace/benchmarks_ai_research/data/aigibench/flux/FLUX1-dev/1_fake/FLUX1-dev_3582.png,1,0,0.12252321251815919,REAL,939.2830785363913,1427,2
/workspace/benchmarks_ai_research/data/aigibench/flux/FLUX1-dev/1_fake/FLUX1-dev_863.png,1,0,0.07337945754441663,FAKE,1007.4479673057795,1427,3
/workspace/benchmarks_ai_research/data/aigibench/flux/FLUX1-dev/1_fake/FLUX1-dev_1933.png,1,0,0.07246149388408275,FAKE,1007.1319565176964,1427,3
/workspace/benchmarks_ai_research/data/aigibench/flux/FLUX1-dev/1_fake/FLUX1-dev_1362.png,1,0,0.07544198290809752,FAKE,1008.4942635148764,1427,3
/workspace/benchmarks_ai_research/data/genimage/sd_1_4/imagenet_ai_0419_sdv4/val/nature/ILSVRC2012_val_00039874.JPEG,0,0,0.0013045066466158166,REAL,332.8556530177593,292,2
/workspace/benchmarks_ai_research/data/aigibench/flux/FLUX1-dev/1_fake/FLUX1-dev_440.png,1,0,0.06377051474997089,FAKE,1002.3886915296316,1427,3
/workspace/benchmarks_ai_research/data/aigibench/flux/FLUX1-dev/1_fake/FLUX1-dev_2475.png,1,1,0.9546474194456936,FAKE,1006.2270518392324,1427,3
/workspace/benchmarks_ai_research/data/aigibench/flux/FLUX1-dev/1_fake/FLUX1-dev_2674.png,1,0,0.19193278644723683,REAL,940.9896899014711,1427,2
/workspace/benchmarks_ai_research/data/genimage/sd_1_4/imagenet_ai_0419_sdv4/val/nature/ILSVRC2012_val_00043877.JPEG,0,0,0.002550912421286719,REAL,279.53983657062054,135,2
/workspace/benchmarks_ai_research/data/aigibench/flux/FLUX1-dev/1_fake/FLUX1-dev_738.png,1,0,0.07773076395677618,FAKE,1008.369792252779,1427,3
/workspace/benchmarks_ai_research/data/aigibench/flux/FLUX1-dev/1_fake/FLUX1-dev_4228.png,1,1,0.9999916019279651,FAKE,1008.5772275924683,1427,3
/workspace/benchmarks_ai_research/data/aigibench/flux/FLUX1-dev/1_fake/FLUX1-dev_3267.png,1,0,0.08509904500702024,REAL,940.4127784073353,1427,2
/workspace/benchmarks_ai_research/data/aigibench/flux/FLUX1-dev/1_fake/FLUX1-dev_1560.png,1,1,0.9763105287006256,FAKE,1015.2665693312883,1427,3
/workspace/benchmarks_ai_research/data/aigibench/flux/FLUX1-dev/1_fake/FLUX1-dev_535.png,1,0,0.07462865022516577,FAKE,1013.2062863558531,1427,3
/workspace/benchmarks_ai_research/data/aigibench/flux/FLUX1-dev/1_fake/FLUX1-dev_1281.png,1,1,0.9304582554941719,FAKE,1015.2208581566811,1427,3
/workspace/benchmarks_ai_research/data/aigibench/flux/FLUX1-dev/1_fake/FLUX1-dev_1132.png,1,0,0.07059622381244883,FAKE,1012.8921568393707,1427,3
/workspace/benchmarks_ai_research/data/aigibench/flux/FLUX1-dev/1_fake/FLUX1-dev_3948.png,1,0,0.0762896549126285,FAKE,1007.0755202323198,1427,3
/workspace/benchmarks_ai_research/data/genimage/sd_1_4/imagenet_ai_0419_sdv4/val/nature/ILSVRC2012_val_00013494.JPEG,0,0,0.22270013882530884,REAL,357.16076008975506,274,2
/workspace/benchmarks_ai_research/data/aigibench/flux/FLUX1-dev/1_fake/FLUX1-dev_3196.png,1,0,0.07369630225740545,FAKE,1004.0892120450735,1427,3
/workspace/benchmarks_ai_research/data/genimage/sd_1_4/imagenet_ai_0419_sdv4/val/nature/ILSVRC2012_val_00023591.JPEG,0,0,0.0033766123817395013,REAL,389.83944803476334,346,2
/workspace/benchmarks_ai_research/data/aigibench/flux/FLUX1-dev/1_fake/FLUX1-dev_3024.png,1,1,0.9790357591818724,FAKE,1009.9685695022345,1427,3
/workspace/benchmarks_ai_research/data/aigibench/flux/FLUX1-dev/1_fake/FLUX1-dev_2116.png,1,0,0.07190092179759154,FAKE,1003.4282486885786,1427,3
/workspace/benchmarks_ai_research/data/genimage/sd_1_4/imagenet_ai_0419_sdv4/val/nature/ILSVRC2012_val_00029289.JPEG,0,0,0.003222484324002434,REAL,332.3859591037035,292,2
/workspace/benchmarks_ai_research/data/genimage/sd_1_4/imagenet_ai_0419_sdv4/val/nature/ILSVRC2012_val_00002853.JPEG,0,0,0.16667540468797667,REAL,382.9576801508665,382,2
/workspace/benchmarks_ai_research/data/aigibench/flux/FLUX1-dev/1_fake/FLUX1-dev_2941.png,1,1,0.9911526449170697,FAKE,1007.0360340178013,1427,3
/workspace/benchmarks_ai_research/data/aigibench/flux/FLUX1-dev/1_fake/FLUX1-dev_3296.png,1,0,0.23651623644570763,REAL,940.8999476581812,1427,2
/workspace/benchmarks_ai_research/data/aigibench/flux/FLUX1-dev/1_fake/FLUX1-dev_1775.png,1,1,0.9998785182471945,FAKE,1004.9908850342035,1427,3
/workspace/benchmarks_ai_research/data/genimage/sd_1_4/imagenet_ai_0419_sdv4/val/nature/ILSVRC2012_val_00033046.JPEG,0,0,0.02333076880848049,REAL,392.9165303707123,382,2
/workspace/benchmarks_ai_research/data/aigibench/flux/FLUX1-dev/1_fake/FLUX1-dev_4223.png,1,1,0.9985220570197841,FAKE,1003.0461456626654,1427,3
/workspace/benchmarks_ai_research/data/aigibench/flux/FLUX1-dev/1_fake/FLUX1-dev_3088.png,1,0,0.07789092937105854,FAKE,1005.4795406758785,1427,3
/workspace/benchmarks_ai_research/data/aigibench/flux/FLUX1-dev/1_fake/FLUX1-dev_1355.png,1,1,0.9621075733703927,FAKE,1007.7850110828876,1427,3
/workspace/benchmarks_ai_research/data/aigibench/flux/FLUX1-dev/1_fake/FLUX1-dev_4451.png,1,1,0.9353465116437761,FAKE,1004.723446443677,1427,3
/workspace/benchmarks_ai_research/data/aigibench/flux/FLUX1-dev/1_fake/FLUX1-dev_537.png,1,1,0.9553191297273498,FAKE,1008.092699572444,1427,3
/workspace/benchmarks_ai_research/data/genimage/sd_1_4/imagenet_ai_0419_sdv4/val/nature/ILSVRC2012_val_00031928.JPEG,0,0,0.0033766123817395013,REAL,334.35695990920067,310,2
/workspace/benchmarks_ai_research/data/genimage/sd_1_4/imagenet_ai_0419_sdv4/val/nature/ILSVRC2012_val_00047989.JPEG,0,0,0.02479816019558566,REAL,327.8427831828594,292,2
/workspace/benchmarks_ai_research/data/aigibench/flux/FLUX1-dev/1_fake/FLUX1-dev_1510.png,1,0,0.3311197396289915,REAL,938.3833520114422,1427,2
/workspace/benchmarks_ai_research/data/genimage/sd_1_4/imagenet_ai_0419_sdv4/val/nature/ILSVRC2012_val_00036867.JPEG,0,0,0.016403032516163058,REAL,329.9781810492277,292,2
/workspace/benchmarks_ai_research/data/aigibench/flux/FLUX1-dev/1_fake/FLUX1-dev_1432.png,1,1,0.9943580914999767,FAKE,1009.5736235380173,1427,3
/workspace/benchmarks_ai_research/data/aigibench/flux/FLUX1-dev/1_fake/FLUX1-dev_2403.png,1,0,0.06997631024684012,FAKE,1008.6180735379457,1427,3
/workspace/benchmarks_ai_research/data/aigibench/flux/FLUX1-dev/1_fake/FLUX1-dev_2048.png,1,0,0.0774246201428493,FAKE,1011.4362090826035,1427,3
/workspace/benchmarks_ai_research/data/genimage/sd_1_4/imagenet_ai_0419_sdv4/val/nature/ILSVRC2012_val_00003639.JPEG,0,0,0.012053779516236447,REAL,388.5052502155304,346,2
/workspace/benchmarks_ai_research/data/aigibench/flux/FLUX1-dev/1_fake/FLUX1-dev_1094.png,1,0,0.0062899021368924835,REAL,940.023435279727,1427,2
/workspace/benchmarks_ai_research/data/aigibench/flux/FLUX1-dev/1_fake/FLUX1-dev_4030.png,1,1,0.9890130573694068,FAKE,1010.4669984430075,1427,3
/workspace/benchmarks_ai_research/data/aigibench/flux/FLUX1-dev/1_fake/FLUX1-dev_1044.png,1,1,0.9353465116437761,FAKE,1008.8224280625582,1427,3
/workspace/benchmarks_ai_research/data/aigibench/flux/FLUX1-dev/1_fake/FLUX1-dev_1630.png,1,0,0.06574182754951188,FAKE,1004.9409475177526,1427,3
/workspace/benchmarks_ai_research/data/genimage/sd_1_4/imagenet_ai_0419_sdv4/val/nature/ILSVRC2012_val_00047987.JPEG,0,0,0.027169231535681047,REAL,375.819968059659,328,2
/workspace/benchmarks_ai_research/data/genimage/sd_1_4/imagenet_ai_0419_sdv4/val/nature/ILSVRC2012_val_00039121.JPEG,0,0,0.020332353342658753,REAL,285.3954806923866,190,2
/workspace/benchmarks_ai_research/data/aigibench/flux/FLUX1-dev/1_fake/FLUX1-dev_213.png,1,0,0.3040416749665474,REAL,940.3775911778212,1427,2
/workspace/benchmarks_ai_research/data/aigibench/flux/FLUX1-dev/1_fake/FLUX1-dev_159.png,1,1,0.9998286918065652,FAKE,1004.3256841599941,1427,3
/workspace/benchmarks_ai_research/data/genimage/sd_1_4/imagenet_ai_0419_sdv4/val/nature/ILSVRC2012_val_00013374.JPEG,0,0,0.03904829272622638,REAL,475.35387240350246,602,2
/workspace/benchmarks_ai_research/data/aigibench/flux/FLUX1-dev/1_fake/FLUX1-dev_3154.png,1,0,0.07308909327006059,FAKE,1005.2323210984468,1427,3
/workspace/benchmarks_ai_research/data/aigibench/flux/FLUX1-dev/1_fake/FLUX1-dev_4273.png,1,1,0.9787126482065489,FAKE,1010.3588681668043,1427,3
/workspace/benchmarks_ai_research/data/genimage/sd_1_4/imagenet_ai_0419_sdv4/val/nature/ILSVRC2012_val_00026768.JPEG,0,0,0.11124120650754304,REAL,280.1539730280638,130,2
/workspace/benchmarks_ai_research/data/aigibench/flux/FLUX1-dev/1_fake/FLUX1-dev_1316.png,1,0,0.008187909901696235,REAL,947.4758040159941,1427,2
/workspace/benchmarks_ai_research/data/aigibench/flux/FLUX1-dev/1_fake/FLUX1-dev_2288.png,1,0,0.07291287535400386,FAKE,1006.7654754966497,1427,3
/workspace/benchmarks_ai_research/data/genimage/sd_1_4/imagenet_ai_0419_sdv4/val/nature/ILSVRC2012_val_00015459.JPEG,0,0,0.04023794262361602,REAL,332.15427957475185,274,2
/workspace/benchmarks_ai_research/data/genimage/sd_1_4/imagenet_ai_0419_sdv4/val/nature/ILSVRC2012_val_00045083.JPEG,0,0,0.33144932443769975,REAL,337.3035807162523,274,2
/workspace/benchmarks_ai_research/data/aigibench/flux/FLUX1-dev/1_fake/FLUX1-dev_229.png,1,0,0.005554924703691103,REAL,940.7608173787594,1427,2
/workspace/benchmarks_ai_research/data/aigibench/flux/FLUX1-dev/1_fake/FLUX1-dev_158.png,1,0,0.07263673848083786,FAKE,1005.253916606307,1427,3
/workspace/benchmarks_ai_research/data/aigibench/flux/FLUX1-dev/1_fake/FLUX1-dev_3023.png,1,0,0.3687952223654118,REAL,938.3746888488531,1427,2
/workspace/benchmarks_ai_research/data/aigibench/flux/FLUX1-dev/1_fake/FLUX1-dev_895.png,1,0,0.06957788331584894,FAKE,1003.7184525281191,1427,3
/workspace/benchmarks_ai_research/data/aigibench/flux/FLUX1-dev/1_fake/FLUX1-dev_4432.png,1,0,0.06933742937534085,FAKE,1004.1274130344391,1427,3
/workspace/benchmarks_ai_research/data/aigibench/flux/FLUX1-dev/1_fake/FLUX1-dev_871.png,1,0,0.25386100696924885,REAL,942.006653174758,1427,2
/workspace/benchmarks_ai_research/data/aigibench/flux/FLUX1-dev/1_fake/FLUX1-dev_498.png,1,1,0.9961155234512341,FAKE,1002.3071616888046,1427,3
/workspace/benchmarks_ai_research/data/genimage/sd_1_4/imagenet_ai_0419_sdv4/val/nature/ILSVRC2012_val_00018650.JPEG,0,0,0.030675801710674105,REAL,299.75420981645584,238,2
/workspace/benchmarks_ai_research/data/aigibench/flux/FLUX1-dev/1_fake/FLUX1-dev_4054.png,1,0,0.34949034746193897,REAL,939.2414726316929,1427,2
/workspace/benchmarks_ai_research/data/aigibench/flux/FLUX1-dev/1_fake/FLUX1-dev_3667.png,1,0,0.07035251669808894,FAKE,1007.3816422373056,1427,3
/workspace/benchmarks_ai_research/data/genimage/sd_1_4/imagenet_ai_0419_sdv4/val/nature/ILSVRC2012_val_00025173.JPEG,0,0,0.12765262532179067,REAL,332.32533372938633,292,2
/workspace/benchmarks_ai_research/data/aigibench/flux/FLUX1-dev/1_fake/FLUX1-dev_3930.png,1,0,0.07711958125681455,FAKE,1007.7757835388184,1427,3
/workspace/benchmarks_ai_research/data/aigibench/flux/FLUX1-dev/1_fake/FLUX1-dev_574.png,1,1,0.9965703960759055,FAKE,1004.5758355408907,1427,3
/workspace/benchmarks_ai_research/data/aigibench/flux/FLUX1-dev/1_fake/FLUX1-dev_1156.png,1,0,0.07522170100929551,FAKE,1005.5717043578625,1427,3
/workspace/benchmarks_ai_research/data/genimage/sd_1_4/imagenet_ai_0419_sdv4/val/nature/ILSVRC2012_val_00016678.JPEG,0,0,0.002590979364429334,REAL,334.60572361946106,292,2
/workspace/benchmarks_ai_research/data/genimage/sd_1_4/imagenet_ai_0419_sdv4/val/nature/ILSVRC2012_val_00028763.JPEG,0,0,0.07617176020416294,FAKE,394.4159038364887,292,3
/workspace/benchmarks_ai_research/data/genimage/sd_1_4/imagenet_ai_0419_sdv4/val/nature/ILSVRC2012_val_00029373.JPEG,0,0,0.1561048974454574,REAL,326.9633837044239,292,2
/workspace/benchmarks_ai_research/data/aigibench/flux/FLUX1-dev/1_fake/FLUX1-dev_3433.png,1,0,0.07109826062475079,FAKE,1002.918379381299,1427,3
/workspace/benchmarks_ai_research/data/aigibench/flux/FLUX1-dev/1_fake/FLUX1-dev_2567.png,1,1,0.9473810466522863,FAKE,1002.7161948382854,1427,3
/workspace/benchmarks_ai_research/data/genimage/sd_1_4/imagenet_ai_0419_sdv4/val/nature/ILSVRC2012_val_00017889.JPEG,0,0,0.21206880435710532,REAL,331.57555386424065,310,2
/workspace/benchmarks_ai_research/data/genimage/sd_1_4/imagenet_ai_0419_sdv4/val/nature/ILSVRC2012_val_00020690.JPEG,0,0,0.0022170130229473865,REAL,334.2969622462988,310,2
/workspace/benchmarks_ai_research/data/aigibench/flux/FLUX1-dev/1_fake/FLUX1-dev_622.png,1,0,0.06640756434660192,FAKE,1006.9336649030447,1427,3
/workspace/benchmarks_ai_research/data/aigibench/flux/FLUX1-dev/1_fake/FLUX1-dev_2128.png,1,0,0.07412919666313778,FAKE,1008.117264136672,1427,3
/workspace/benchmarks_ai_research/data/aigibench/flux/FLUX1-dev/1_fake/FLUX1-dev_1394.png,1,1,0.9609517072737735,FAKE,1005.881642922759,1427,3
/workspace/benchmarks_ai_research/data/aigibench/flux/FLUX1-dev/1_fake/FLUX1-dev_857.png,1,0,0.07532529133281209,FAKE,1011.1599266529083,1427,3
/workspace/benchmarks_ai_research/data/genimage/sd_1_4/imagenet_ai_0419_sdv4/val/nature/ILSVRC2012_val_00011357.JPEG,0,0,0.001674399303710119,REAL,331.5968383103609,310,2
/workspace/benchmarks_ai_research/data/genimage/sd_1_4/imagenet_ai_0419_sdv4/val/nature/ILSVRC2012_val_00010385.JPEG,0,0,0.004755199909833047,REAL,334.55049246549606,292,2
/workspace/benchmarks_ai_research/data/genimage/sd_1_4/imagenet_ai_0419_sdv4/val/nature/ILSVRC2012_val_00026020.JPEG,0,0,0.07682883295590544,FAKE,352.701960131526,179,3
/workspace/benchmarks_ai_research/data/aigibench/flux/FLUX1-dev/1_fake/FLUX1-dev_1321.png,1,1,0.9799765587105447,FAKE,1064.6152012050152,1427,3
/workspace/benchmarks_ai_research/data/aigibench/flux/FLUX1-dev/1_fake/FLUX1-dev_3890.png,1,0,0.07441055203170441,FAKE,1004.3620020151138,1427,3
/workspace/benchmarks_ai_research/data/genimage/sd_1_4/imagenet_ai_0419_sdv4/val/nature/ILSVRC2012_val_00018825.JPEG,0,0,0.1422318950098963,REAL,392.43449456989765,382,2
/workspace/benchmarks_ai_research/data/aigibench/flux/FLUX1-dev/1_fake/FLUX1-dev_1997.png,1,0,0.3820974228075332,REAL,946.6496836394072,1427,2
/workspace/benchmarks_ai_research/data/genimage/sd_1_4/imagenet_ai_0419_sdv4/val/nature/ILSVRC2012_val_00046970.JPEG,0,0,0.006589771663080563,REAL,330.79379983246326,274,2
/workspace/benchmarks_ai_research/data/aigibench/flux/FLUX1-dev/1_fake/FLUX1-dev_3945.png,1,0,0.07071836970073027,FAKE,1012.2560113668442,1427,3
/workspace/benchmarks_ai_research/data/aigibench/flux/FLUX1-dev/1_fake/FLUX1-dev_309.png,1,1,0.941654159388319,FAKE,1004.1420180350542,1427,3
/workspace/benchmarks_ai_research/data/genimage/sd_1_4/imagenet_ai_0419_sdv4/val/nature/ILSVRC2012_val_00036050.JPEG,0,0,0.05108273695705249,REAL,268.9087949693203,107,2
/workspace/benchmarks_ai_research/data/genimage/sd_1_4/imagenet_ai_0419_sdv4/val/nature/ILSVRC2012_val_00003855.JPEG,0,0,0.007011795381497108,REAL,334.58488807082176,274,2
/workspace/benchmarks_ai_research/data/aigibench/flux/FLUX1-dev/1_fake/FLUX1-dev_2739.png,1,0,0.07350603813535557,FAKE,1017.3813309520483,1427,3
/workspace/benchmarks_ai_research/data/aigibench/flux/FLUX1-dev/1_fake/FLUX1-dev_4378.png,1,1,0.9353465116437761,FAKE,1018.3372441679239,1427,3
/workspace/benchmarks_ai_research/data/aigibench/flux/FLUX1-dev/1_fake/FLUX1-dev_2948.png,1,1,0.9653811611608242,FAKE,1021.5891096740961,1427,3
/workspace/benchmarks_ai_research/data/aigibench/flux/FLUX1-dev/1_fake/FLUX1-dev_541.png,1,1,0.9961755163553627,FAKE,1017.9234109818935,1427,3
/workspace/benchmarks_ai_research/data/aigibench/flux/FLUX1-dev/1_fake/FLUX1-dev_4177.png,1,1,0.9284088005554476,FAKE,1022.6656813174486,1427,3
/workspace/benchmarks_ai_research/data/aigibench/flux/FLUX1-dev/1_fake/FLUX1-dev_3551.png,1,0,0.06894237041027401,FAKE,1014.080535620451,1427,3
/workspace/benchmarks_ai_research/data/aigibench/flux/FLUX1-dev/1_fake/FLUX1-dev_4017.png,1,0,0.37074585924267944,REAL,944.7268638759851,1427,2
/workspace/benchmarks_ai_research/data/genimage/sd_1_4/imagenet_ai_0419_sdv4/val/nature/ILSVRC2012_val_00015999.JPEG,0,0,0.004755199909833047,REAL,334.35296453535557,310,2
/workspace/benchmarks_ai_research/data/aigibench/flux/FLUX1-dev/1_fake/FLUX1-dev_2592.png,1,1,0.9902915235185259,FAKE,1018.1642472743988,1427,3
/workspace/benchmarks_ai_research/data/aigibench/flux/FLUX1-dev/1_fake/FLUX1-dev_283.png,1,1,0.9963500129687901,FAKE,1015.257965773344,1427,3
/workspace/benchmarks_ai_research/data/aigibench/flux/FLUX1-dev/1_fake/FLUX1-dev_3394.png,1,0,0.07057182429500047,FAKE,1013.1590217351913,1427,3
/workspace/benchmarks_ai_research/data/aigibench/flux/FLUX1-dev/1_fake/FLUX1-dev_2721.png,1,1,0.9902915235185259,FAKE,1020.1781336218119,1427,3
/workspace/benchmarks_ai_research/data/aigibench/flux/FLUX1-dev/1_fake/FLUX1-dev_3851.png,1,0,0.0010817152527255937,REAL,942.6973965018988,1427,2
/workspace/benchmarks_ai_research/data/genimage/sd_1_4/imagenet_ai_0419_sdv4/val/nature/ILSVRC2012_val_00008396.JPEG,0,0,0.006589771663080563,REAL,338.55233900249004,292,2
/workspace/benchmarks_ai_research/data/aigibench/flux/FLUX1-dev/1_fake/FLUX1-dev_1238.png,1,0,0.020332353342658753,REAL,941.3477256894112,1427,2
/workspace/benchmarks_ai_research/data/aigibench/flux/FLUX1-dev/1_fake/FLUX1-dev_4326.png,1,0,0.3686220782051064,REAL,939.0107076615095,1427,2
/workspace/benchmarks_ai_research/data/genimage/sd_1_4/imagenet_ai_0419_sdv4/val/nature/ILSVRC2012_val_00007832.JPEG,0,0,0.011508149064303403,REAL,302.41106636822224,223,2
/workspace/benchmarks_ai_research/data/genimage/sd_1_4/imagenet_ai_0419_sdv4/val/nature/ILSVRC2012_val_00021382.JPEG,0,0,0.0010649626720559452,REAL,326.4543693512678,292,2
/workspace/benchmarks_ai_research/data/aigibench/flux/FLUX1-dev/1_fake/FLUX1-dev_2955.png,1,0,0.0713320327024033,FAKE,1006.3369087874889,1427,3
/workspace/benchmarks_ai_research/data/genimage/sd_1_4/imagenet_ai_0419_sdv4/val/nature/ILSVRC2012_val_00016172.JPEG,0,0,0.0007096703991005882,REAL,396.47623896598816,449,2
/workspace/benchmarks_ai_research/data/aigibench/flux/FLUX1-dev/1_fake/FLUX1-dev_4193.png,1,0,0.07087744184047255,FAKE,1005.9629864990711,1427,3
/workspace/benchmarks_ai_research/data/aigibench/flux/FLUX1-dev/1_fake/FLUX1-dev_2809.png,1,0,0.01665704000922906,REAL,937.0430205017328,1427,2
/workspace/benchmarks_ai_research/data/genimage/sd_1_4/imagenet_ai_0419_sdv4/val/nature/ILSVRC2012_val_00002925.JPEG,0,0,0.18010666408646395,REAL,392.35262759029865,382,2
/workspace/benchmarks_ai_research/data/aigibench/flux/FLUX1-dev/1_fake/FLUX1-dev_4037.png,1,0,0.05749327880038583,REAL,941.7465757578611,1427,2
/workspace/benchmarks_ai_research/data/aigibench/flux/FLUX1-dev/1_fake/FLUX1-dev_3029.png,1,0,0.07723882030266102,FAKE,1005.5778045207262,1427,3
/workspace/benchmarks_ai_research/data/genimage/sd_1_4/imagenet_ai_0419_sdv4/val/nature/ILSVRC2012_val_00049044.JPEG,0,0,0.010013570623173138,REAL,725.6526369601488,1057,2
/workspace/benchmarks_ai_research/data/aigibench/flux/FLUX1-dev/1_fake/FLUX1-dev_3553.png,1,1,0.9787126482065489,FAKE,1004.9233045428991,1427,3
/workspace/benchmarks_ai_research/data/aigibench/flux/FLUX1-dev/1_fake/FLUX1-dev_4252.png,1,0,0.07418026738006891,FAKE,1004.7275796532631,1427,3
/workspace/benchmarks_ai_research/data/genimage/sd_1_4/imagenet_ai_0419_sdv4/val/nature/ILSVRC2012_val_00047441.JPEG,0,0,0.008315778477474129,REAL,340.2810227125883,274,2
/workspace/benchmarks_ai_research/data/aigibench/flux/FLUX1-dev/1_fake/FLUX1-dev_3991.png,1,0,0.07051082833922159,FAKE,1005.8891922235489,1427,3
/workspace/benchmarks_ai_research/data/aigibench/flux/FLUX1-dev/1_fake/FLUX1-dev_781.png,1,1,0.9525741268224334,FAKE,1010.2530363947153,1427,3
/workspace/benchmarks_ai_research/data/aigibench/flux/FLUX1-dev/1_fake/FLUX1-dev_4426.png,1,0,0.013636835281429876,REAL,938.7472849339247,1427,2
/workspace/benchmarks_ai_research/data/aigibench/flux/FLUX1-dev/1_fake/FLUX1-dev_2970.png,1,0,0.001674399303710119,REAL,938.8360325247049,1427,2
/workspace/benchmarks_ai_research/data/aigibench/flux/FLUX1-dev/1_fake/FLUX1-dev_3882.png,1,0,0.0764864956875301,FAKE,1007.1219522505999,1427,3
/workspace/benchmarks_ai_research/data/aigibench/flux/FLUX1-dev/1_fake/FLUX1-dev_539.png,1,0,0.07469288912804155,FAKE,1006.5471772104502,1427,3
/workspace/benchmarks_ai_research/data/aigibench/flux/FLUX1-dev/1_fake/FLUX1-dev_1541.png,1,0,0.25683199138751883,REAL,942.7017699927092,1427,2
/workspace/benchmarks_ai_research/data/aigibench/flux/FLUX1-dev/1_fake/FLUX1-dev_65.png,1,0,0.07532529133281209,FAKE,1006.0262978076935,1427,3
/workspace/benchmarks_ai_research/data/aigibench/flux/FLUX1-dev/1_fake/FLUX1-dev_4376.png,1,0,0.07406537105194919,FAKE,1008.607866242528,1427,3
/workspace/benchmarks_ai_research/data/aigibench/flux/FLUX1-dev/1_fake/FLUX1-dev_1604.png,1,0,0.039638839100970026,REAL,938.6061877012253,1427,2
/workspace/benchmarks_ai_research/data/aigibench/flux/FLUX1-dev/1_fake/FLUX1-dev_770.png,1,0,0.07604096588333449,FAKE,1004.5237187296152,1427,3
/workspace/benchmarks_ai_research/data/aigibench/flux/FLUX1-dev/1_fake/FLUX1-dev_3683.png,1,0,0.10818895456207035,REAL,942.8140036761761,1427,2
/workspace/benchmarks_ai_research/data/aigibench/flux/FLUX1-dev/1_fake/FLUX1-dev_880.png,1,1,0.9669140216112958,FAKE,1009.2670824378729,1427,3
/workspace/benchmarks_ai_research/data/aigibench/flux/FLUX1-dev/1_fake/FLUX1-dev_3473.png,1,1,0.9996800017559261,FAKE,1006.9903749972582,1427,3
/workspace/benchmarks_ai_research/data/aigibench/flux/FLUX1-dev/1_fake/FLUX1-dev_4288.png,1,0,0.08099209571055312,FAKE,1006.7131519317627,1427,3
/workspace/benchmarks_ai_research/data/aigibench/flux/FLUX1-dev/1_fake/FLUX1-dev_3676.png,1,0,0.3342580829177739,REAL,939.009964466095,1427,2
/workspace/benchmarks_ai_research/data/genimage/sd_1_4/imagenet_ai_0419_sdv4/val/nature/ILSVRC2012_val_00036766.JPEG,0,0,0.03846619201832428,REAL,401.49535052478313,292,2
/workspace/benchmarks_ai_research/data/genimage/sd_1_4/imagenet_ai_0419_sdv4/val/nature/ILSVRC2012_val_00009879.JPEG,0,0,0.01098694263059318,REAL,330.90172335505486,292,2
/workspace/benchmarks_ai_research/data/genimage/sd_1_4/imagenet_ai_0419_sdv4/val/nature/ILSVRC2012_val_00043507.JPEG,0,0,0.017986209962091555,REAL,389.34923708438873,346,2
/workspace/benchmarks_ai_research/data/aigibench/flux/FLUX1-dev/1_fake/FLUX1-dev_3082.png,1,0,0.01971912810734659,REAL,941.4910357445478,1427,2
/workspace/benchmarks_ai_research/data/aigibench/flux/FLUX1-dev/1_fake/FLUX1-dev_918.png,1,0,0.07298833550809494,FAKE,1006.0245580971241,1427,3
/workspace/benchmarks_ai_research/data/aigibench/flux/FLUX1-dev/1_fake/FLUX1-dev_2112.png,1,1,0.9820137900379085,FAKE,1004.6175979077816,1427,3
/workspace/benchmarks_ai_research/data/aigibench/flux/FLUX1-dev/1_fake/FLUX1-dev_33.png,1,1,0.9999531611157506,FAKE,1008.9903138577938,1427,3
/workspace/benchmarks_ai_research/data/genimage/sd_1_4/imagenet_ai_0419_sdv4/val/nature/ILSVRC2012_val_00027601.JPEG,0,0,0.04023794262361602,REAL,300.7332570850849,223,2
/workspace/benchmarks_ai_research/data/aigibench/flux/FLUX1-dev/1_fake/FLUX1-dev_2329.png,1,0,0.23651623644570763,REAL,941.0721827298403,1427,2
/workspace/benchmarks_ai_research/data/aigibench/flux/FLUX1-dev/1_fake/FLUX1-dev_670.png,1,0,0.07602790114252092,FAKE,1004.7482717782259,1427,3
/workspace/benchmarks_ai_research/data/genimage/sd_1_4/imagenet_ai_0419_sdv4/val/nature/ILSVRC2012_val_00028465.JPEG,0,0,0.07858849921549334,FAKE,396.4954037219286,292,3
/workspace/benchmarks_ai_research/data/aigibench/flux/FLUX1-dev/1_fake/FLUX1-dev_3302.png,1,0,0.07209979490767056,FAKE,1009.3740485608578,1427,3
/workspace/benchmarks_ai_research/data/aigibench/flux/FLUX1-dev/1_fake/FLUX1-dev_47.png,1,1,0.9489172630429474,FAKE,1011.0635068267584,1427,3
/workspace/benchmarks_ai_research/data/genimage/sd_1_4/imagenet_ai_0419_sdv4/val/nature/ILSVRC2012_val_00031264.JPEG,0,0,0.006192990157855187,REAL,334.7588274627924,274,2
/workspace/benchmarks_ai_research/data/genimage/sd_1_4/imagenet_ai_0419_sdv4/val/nature/ILSVRC2012_val_00016084.JPEG,0,0,0.0037072528743862213,REAL,327.9574625194073,274,2
/workspace/benchmarks_ai_research/data/aigibench/flux/FLUX1-dev/1_fake/FLUX1-dev_4363.png,1,1,0.9938070098421449,FAKE,1005.2521377801895,1427,3
/workspace/benchmarks_ai_research/data/aigibench/flux/FLUX1-dev/1_fake/FLUX1-dev_3694.png,1,0,0.0732909932587752,FAKE,1006.1790328472853,1427,3
/workspace/benchmarks_ai_research/data/aigibench/flux/FLUX1-dev/1_fake/FLUX1-dev_803.png,1,0,0.07515701110321432,FAKE,1006.5025445073843,1427,3
/workspace/benchmarks_ai_research/data/genimage/sd_1_4/imagenet_ai_0419_sdv4/val/nature/ILSVRC2012_val_00008425.JPEG,0,0,0.006589771663080563,REAL,288.893086835742,184,2
/workspace/benchmarks_ai_research/data/aigibench/flux/FLUX1-dev/1_fake/FLUX1-dev_4453.png,1,1,0.984810951192016,FAKE,1004.4763684272766,1427,3
/workspace/benchmarks_ai_research/data/aigibench/flux/FLUX1-dev/1_fake/FLUX1-dev_677.png,1,1,0.9877587247081928,FAKE,1008.2869250327349,1427,3
/workspace/benchmarks_ai_research/data/aigibench/flux/FLUX1-dev/1_fake/FLUX1-dev_3134.png,1,1,0.9857180660748888,FAKE,1013.9029137790203,1427,3
/workspace/benchmarks_ai_research/data/genimage/sd_1_4/imagenet_ai_0419_sdv4/val/nature/ILSVRC2012_val_00010792.JPEG,0,0,0.006488269596656705,REAL,332.2713393718004,292,2
/workspace/benchmarks_ai_research/data/aigibench/flux/FLUX1-dev/1_fake/FLUX1-dev_3979.png,1,1,0.9219218348550491,FAKE,1007.9296603798866,1427,3
/workspace/benchmarks_ai_research/data/aigibench/flux/FLUX1-dev/1_fake/FLUX1-dev_641.png,1,1,0.9736446471538801,FAKE,1007.8382100909948,1427,3
/workspace/benchmarks_ai_research/data/genimage/sd_1_4/imagenet_ai_0419_sdv4/val/nature/ILSVRC2012_val_00014743.JPEG,0,0,0.07585818002124356,REAL,395.1631560921669,382,2
/workspace/benchmarks_ai_research/data/aigibench/flux/FLUX1-dev/1_fake/FLUX1-dev_4040.png,1,0,0.350887162320904,REAL,940.9772884100676,1427,2
/workspace/benchmarks_ai_research/data/aigibench/flux/FLUX1-dev/1_fake/FLUX1-dev_2518.png,1,0,0.071307366808437,FAKE,1010.3486757725477,1427,3
/workspace/benchmarks_ai_research/data/aigibench/flux/FLUX1-dev/1_fake/FLUX1-dev_4489.png,1,1,0.9999881568609741,FAKE,1008.9490339159966,1427,3
/workspace/benchmarks_ai_research/data/genimage/sd_1_4/imagenet_ai_0419_sdv4/val/nature/ILSVRC2012_val_00043525.JPEG,0,0,0.002550912421286719,REAL,570.3134350478649,814,2
/workspace/benchmarks_ai_research/data/aigibench/flux/FLUX1-dev/1_fake/FLUX1-dev_3936.png,1,1,0.9425067211996143,FAKE,1007.913563400507,1427,3
/workspace/benchmarks_ai_research/data/genimage/sd_1_4/imagenet_ai_0419_sdv4/val/nature/ILSVRC2012_val_00039480.JPEG,0,0,0.021287351793451054,REAL,339.9560283869505,292,2
/workspace/benchmarks_ai_research/data/aigibench/flux/FLUX1-dev/1_fake/FLUX1-dev_56.png,1,1,0.9532750413739076,FAKE,1006.5763909369707,1427,3
/workspace/benchmarks_ai_research/data/aigibench/flux/FLUX1-dev/1_fake/FLUX1-dev_2334.png,1,1,0.9783846672373524,FAKE,1010.3435795754194,1427,3
/workspace/benchmarks_ai_research/data/aigibench/flux/FLUX1-dev/1_fake/FLUX1-dev_763.png,1,1,0.927363293639213,FAKE,1010.9320692718029,1427,3
/workspace/benchmarks_ai_research/data/aigibench/flux/FLUX1-dev/1_fake/FLUX1-dev_3177.png,1,0,0.08066043937624076,FAKE,1006.1952956020832,1427,3
/workspace/benchmarks_ai_research/data/aigibench/flux/FLUX1-dev/1_fake/FLUX1-dev_774.png,1,0,0.07678923882303056,FAKE,1006.7951418459415,1427,3
/workspace/benchmarks_ai_research/data/aigibench/flux/FLUX1-dev/1_fake/FLUX1-dev_1706.png,1,0,0.07604096588333449,FAKE,1007.7571161091328,1427,3
/workspace/benchmarks_ai_research/data/aigibench/flux/FLUX1-dev/1_fake/FLUX1-dev_2908.png,1,0,0.33545958109290636,REAL,942.4224197864532,1427,2
/workspace/benchmarks_ai_research/data/aigibench/flux/FLUX1-dev/1_fake/FLUX1-dev_810.png,1,0,0.08049507621122554,FAKE,1004.2277295142412,1427,3
/workspace/benchmarks_ai_research/data/genimage/sd_1_4/imagenet_ai_0419_sdv4/val/nature/ILSVRC2012_val_00020808.JPEG,0,0,0.0041987952714718675,REAL,403.0778482556343,382,2
/workspace/benchmarks_ai_research/data/aigibench/flux/FLUX1-dev/1_fake/FLUX1-dev_1842.png,1,0,0.07448747052216236,FAKE,1008.32792930305,1427,3
/workspace/benchmarks_ai_research/data/aigibench/flux/FLUX1-dev/1_fake/FLUX1-dev_3289.png,1,1,0.9615338079816756,FAKE,1003.5440530627966,1427,3
/workspace/benchmarks_ai_research/data/aigibench/flux/FLUX1-dev/1_fake/FLUX1-dev_2321.png,1,0,0.22270013882530884,REAL,939.006021246314,1427,2
/workspace/benchmarks_ai_research/data/aigibench/flux/FLUX1-dev/1_fake/FLUX1-dev_2448.png,1,0,0.07231161738680332,FAKE,1013.017239049077,1427,3
/workspace/benchmarks_ai_research/data/aigibench/flux/FLUX1-dev/1_fake/FLUX1-dev_1476.png,1,1,0.9987934102877537,FAKE,1006.7184306681156,1427,3
/workspace/benchmarks_ai_research/data/aigibench/flux/FLUX1-dev/1_fake/FLUX1-dev_1896.png,1,0,0.07077950015894242,FAKE,1007.5397286564112,1427,3
/workspace/benchmarks_ai_research/data/genimage/sd_1_4/imagenet_ai_0419_sdv4/val/nature/ILSVRC2012_val_00033666.JPEG,0,0,0.0029810327298548972,REAL,397.4565267562866,274,2
/workspace/benchmarks_ai_research/data/aigibench/flux/FLUX1-dev/1_fake/FLUX1-dev_1791.png,1,0,0.07316475374074195,FAKE,1011.1336968839169,1427,3
/workspace/benchmarks_ai_research/data/aigibench/flux/FLUX1-dev/1_fake/FLUX1-dev_282.png,1,1,0.9263037302939515,FAKE,1019.6387190371752,1427,3
/workspace/benchmarks_ai_research/data/genimage/sd_1_4/imagenet_ai_0419_sdv4/val/nature/ILSVRC2012_val_00008801.JPEG,0,0,0.006692850924284856,REAL,336.42678521573544,292,2
/workspace/benchmarks_ai_research/data/aigibench/flux/FLUX1-dev/1_fake/FLUX1-dev_3198.png,1,1,0.941654159388319,FAKE,1007.0142559707165,1427,3
/workspace/benchmarks_ai_research/data/aigibench/flux/FLUX1-dev/1_fake/FLUX1-dev_804.png,1,1,0.9744347860767304,FAKE,1007.4884183704853,1427,3
/workspace/benchmarks_ai_research/data/aigibench/flux/FLUX1-dev/1_fake/FLUX1-dev_3781.png,1,1,0.9879462204837635,FAKE,1006.5284110605717,1427,3
/workspace/benchmarks_ai_research/data/aigibench/flux/FLUX1-dev/1_fake/FLUX1-dev_2457.png,1,0,0.009268013380914325,REAL,945.803651586175,1427,2
/workspace/benchmarks_ai_research/data/aigibench/flux/FLUX1-dev/1_fake/FLUX1-dev_3837.png,1,0,0.3007455789412415,REAL,941.8571349233389,1427,2
/workspace/benchmarks_ai_research/data/aigibench/flux/FLUX1-dev/1_fake/FLUX1-dev_4076.png,1,0,0.341582499438317,REAL,941.205520182848,1427,2
/workspace/benchmarks_ai_research/data/genimage/sd_1_4/imagenet_ai_0419_sdv4/val/nature/ILSVRC2012_val_00029240.JPEG,0,0,0.05834584061168106,REAL,332.2554100304842,292,2
/workspace/benchmarks_ai_research/data/genimage/sd_1_4/imagenet_ai_0419_sdv4/val/nature/ILSVRC2012_val_00008035.JPEG,0,0,0.002050743539917378,REAL,338.01153115928173,310,2
/workspace/benchmarks_ai_research/data/aigibench/flux/FLUX1-dev/1_fake/FLUX1-dev_2308.png,1,0,0.07382338586562649,FAKE,1009.60748270154,1427,3
/workspace/benchmarks_ai_research/data/aigibench/flux/FLUX1-dev/1_fake/FLUX1-dev_3642.png,1,1,0.9999741325689185,FAKE,1019.5620954036713,1427,3
/workspace/benchmarks_ai_research/data/aigibench/flux/FLUX1-dev/1_fake/FLUX1-dev_2153.png,1,1,0.9999687980886061,FAKE,1006.678031757474,1427,3
/workspace/benchmarks_ai_research/data/genimage/sd_1_4/imagenet_ai_0419_sdv4/val/nature/ILSVRC2012_val_00038352.JPEG,0,0,0.0446808702726502,REAL,332.56429992616177,292,2
/workspace/benchmarks_ai_research/data/genimage/sd_1_4/imagenet_ai_0419_sdv4/val/nature/ILSVRC2012_val_00001043.JPEG,0,0,0.040845715909949315,REAL,624.5281100273132,909,2
/workspace/benchmarks_ai_research/data/aigibench/flux/FLUX1-dev/1_fake/FLUX1-dev_369.png,1,0,0.3770161545087825,REAL,941.7198374867439,1427,2
/workspace/benchmarks_ai_research/data/aigibench/flux/FLUX1-dev/1_fake/FLUX1-dev_165.png,1,0,0.07123351100705293,FAKE,1009.4830002635717,1427,3
/workspace/benchmarks_ai_research/data/aigibench/flux/FLUX1-dev/1_fake/FLUX1-dev_4157.png,1,0,0.07803801589608077,FAKE,1006.2448848038912,1427,3
/workspace/benchmarks_ai_research/data/genimage/sd_1_4/imagenet_ai_0419_sdv4/val/nature/ILSVRC2012_val_00035395.JPEG,0,0,0.0044683842664911206,REAL,329.4791653752327,310,2
/workspace/benchmarks_ai_research/data/aigibench/flux/FLUX1-dev/1_fake/FLUX1-dev_3820.png,1,0,0.07470574300699481,FAKE,1009.0930871665478,1427,3
/workspace/benchmarks_ai_research/data/aigibench/flux/FLUX1-dev/1_fake/FLUX1-dev_199.png,1,0,0.06940949701130551,FAKE,1005.238676443696,1427,3
/workspace/benchmarks_ai_research/data/genimage/sd_1_4/imagenet_ai_0419_sdv4/val/nature/ILSVRC2012_val_00028488.JPEG,0,0,0.0019267346633274755,REAL,343.231700360775,310,2
/workspace/benchmarks_ai_research/data/aigibench/flux/FLUX1-dev/1_fake/FLUX1-dev_1812.png,1,0,0.3507601027185806,REAL,939.991956576705,1427,2
/workspace/benchmarks_ai_research/data/genimage/sd_1_4/imagenet_ai_0419_sdv4/val/nature/ILSVRC2012_val_00013462.JPEG,0,0,0.0034834241930806675,REAL,345.75135819613934,279,2
/workspace/benchmarks_ai_research/data/aigibench/flux/FLUX1-dev/1_fake/FLUX1-dev_183.png,1,0,0.07259913486788298,FAKE,1008.9350361377001,1427,3
/workspace/benchmarks_ai_research/data/genimage/sd_1_4/imagenet_ai_0419_sdv4/val/nature/ILSVRC2012_val_00029209.JPEG,0,0,0.004755199909833047,REAL,270.166601985693,112,2
/workspace/benchmarks_ai_research/data/aigibench/flux/FLUX1-dev/1_fake/FLUX1-dev_307.png,1,0,0.07298833550809494,FAKE,1006.7371148616076,1427,3
/workspace/benchmarks_ai_research/data/genimage/sd_1_4/imagenet_ai_0419_sdv4/val/nature/ILSVRC2012_val_00020847.JPEG,0,0,0.009559399347091532,REAL,274.26513470709324,107,2
/workspace/benchmarks_ai_research/data/aigibench/flux/FLUX1-dev/1_fake/FLUX1-dev_2554.png,1,0,0.34170787702932287,REAL,936.9062408804893,1427,2
/workspace/benchmarks_ai_research/data/aigibench/flux/FLUX1-dev/1_fake/FLUX1-dev_1009.png,1,1,0.9928785712542649,FAKE,1009.8886955529451,1427,3
/workspace/benchmarks_ai_research/data/aigibench/flux/FLUX1-dev/1_fake/FLUX1-dev_3117.png,1,1,0.9511422213778251,FAKE,1009.0504977852106,1427,3
/workspace/benchmarks_ai_research/data/aigibench/flux/FLUX1-dev/1_fake/FLUX1-dev_335.png,1,0,0.1500288243424251,REAL,941.9083036482334,1427,2
/workspace/benchmarks_ai_research/data/genimage/sd_1_4/imagenet_ai_0419_sdv4/val/nature/ILSVRC2012_val_00042803.JPEG,0,0,0.0045384317247953825,REAL,327.0620908588171,274,2
/workspace/benchmarks_ai_research/data/aigibench/flux/FLUX1-dev/1_fake/FLUX1-dev_1404.png,1,1,0.9974490875787134,FAKE,1007.6096672564745,1427,3
/workspace/benchmarks_ai_research/data/aigibench/flux/FLUX1-dev/1_fake/FLUX1-dev_3125.png,1,0,0.0745131153008608,FAKE,1006.5259542316198,1427,3
/workspace/benchmarks_ai_research/data/aigibench/flux/FLUX1-dev/1_fake/FLUX1-dev_1853.png,1,1,0.9773707999669629,FAKE,1007.0344191044569,1427,3
/workspace/benchmarks_ai_research/data/aigibench/flux/FLUX1-dev/1_fake/FLUX1-dev_2775.png,1,1,0.9334308110294983,FAKE,1013.1163280457258,1427,3
/workspace/benchmarks_ai_research/data/aigibench/flux/FLUX1-dev/1_fake/FLUX1-dev_3794.png,1,0,0.3380771241500058,REAL,943.1507028639317,1427,2
/workspace/benchmarks_ai_research/data/aigibench/flux/FLUX1-dev/1_fake/FLUX1-dev_341.png,1,0,0.07903414108599915,FAKE,1007.1942918002605,1427,3
/workspace/benchmarks_ai_research/data/genimage/sd_1_4/imagenet_ai_0419_sdv4/val/nature/ILSVRC2012_val_00008712.JPEG,0,0,0.012624949281564409,REAL,285.7136968523264,168,2
/workspace/benchmarks_ai_research/data/aigibench/flux/FLUX1-dev/1_fake/FLUX1-dev_2310.png,1,0,0.07548090588823948,FAKE,1009.2939902096987,1427,3
/workspace/benchmarks_ai_research/data/aigibench/flux/FLUX1-dev/1_fake/FLUX1-dev_1157.png,1,0,0.07123351100705293,FAKE,1011.86060346663,1427,3
/workspace/benchmarks_ai_research/data/aigibench/flux/FLUX1-dev/1_fake/FLUX1-dev_1641.png,1,1,0.9852713861502774,FAKE,1008.9558437466621,1427,3
/workspace/benchmarks_ai_research/data/genimage/sd_1_4/imagenet_ai_0419_sdv4/val/nature/ILSVRC2012_val_00030637.JPEG,0,0,0.001727458626729702,REAL,332.89661072194576,292,2
/workspace/benchmarks_ai_research/data/aigibench/flux/FLUX1-dev/1_fake/FLUX1-dev_566.png,1,1,0.9998557401355151,FAKE,1008.0765765160322,1427,3
/workspace/benchmarks_ai_research/data/genimage/sd_1_4/imagenet_ai_0419_sdv4/val/nature/ILSVRC2012_val_00019153.JPEG,0,0,0.0020190139004485808,REAL,369.4923799484968,328,2
/workspace/benchmarks_ai_research/data/aigibench/flux/FLUX1-dev/1_fake/FLUX1-dev_3704.png,1,0,0.07155412701565743,FAKE,1008.815748617053,1427,3
/workspace/benchmarks_ai_research/data/aigibench/flux/FLUX1-dev/1_fake/FLUX1-dev_4414.png,1,1,0.9965165758069192,FAKE,1008.9728198945522,1427,3
/workspace/benchmarks_ai_research/data/aigibench/flux/FLUX1-dev/1_fake/FLUX1-dev_4475.png,1,0,0.015189048807983947,REAL,938.6015757918358,1427,2
/workspace/benchmarks_ai_research/data/genimage/sd_1_4/imagenet_ai_0419_sdv4/val/nature/ILSVRC2012_val_00030902.JPEG,0,0,0.009859855303538789,REAL,383.67557525634766,436,2
/workspace/benchmarks_ai_research/data/aigibench/flux/FLUX1-dev/1_fake/FLUX1-dev_4068.png,1,0,0.06834775243296877,FAKE,1012.2386272996664,1427,3
/workspace/benchmarks_ai_research/data/aigibench/flux/FLUX1-dev/1_fake/FLUX1-dev_2595.png,1,1,0.9664104943498959,FAKE,1007.1372948586941,1427,3
/workspace/benchmarks_ai_research/data/aigibench/flux/FLUX1-dev/1_fake/FLUX1-dev_3301.png,1,0,0.07392517181265203,FAKE,1007.983174175024,1427,3
/workspace/benchmarks_ai_research/data/aigibench/flux/FLUX1-dev/1_fake/FLUX1-dev_834.png,1,0,0.2974699426047947,REAL,939.5069889724255,1427,2
/workspace/benchmarks_ai_research/data/aigibench/flux/FLUX1-dev/1_fake/FLUX1-dev_3098.png,1,0,0.12940273159163906,REAL,937.4470431357622,1427,2
/workspace/benchmarks_ai_research/data/genimage/sd_1_4/imagenet_ai_0419_sdv4/val/nature/ILSVRC2012_val_00002477.JPEG,0,0,0.009859855303538789,REAL,265.69268852472305,78,2
/workspace/benchmarks_ai_research/data/aigibench/flux/FLUX1-dev/1_fake/FLUX1-dev_4422.png,1,0,0.07358209595630545,FAKE,1003.8612075150013,1427,3
/workspace/benchmarks_ai_research/data/aigibench/flux/FLUX1-dev/1_fake/FLUX1-dev_1694.png,1,0,0.06618878067829635,FAKE,1009.999006986618,1427,3
/workspace/benchmarks_ai_research/data/aigibench/flux/FLUX1-dev/1_fake/FLUX1-dev_4195.png,1,1,0.9770226300899744,FAKE,1006.2713641673326,1427,3
/workspace/benchmarks_ai_research/data/aigibench/flux/FLUX1-dev/1_fake/FLUX1-dev_130.png,1,1,0.9496693674025232,FAKE,1005.2064098417759,1427,3
/workspace/benchmarks_ai_research/data/aigibench/flux/FLUX1-dev/1_fake/FLUX1-dev_1892.png,1,0,0.07822560962801281,FAKE,1006.6658575087786,1427,3
/workspace/benchmarks_ai_research/data/genimage/sd_1_4/imagenet_ai_0419_sdv4/val/nature/ILSVRC2012_val_00014511.JPEG,0,0,0.040845715909949315,REAL,316.0589709877968,238,2
/workspace/benchmarks_ai_research/data/aigibench/flux/FLUX1-dev/1_fake/FLUX1-dev_1397.png,1,1,0.9891815513471369,FAKE,1007.570393383503,1427,3
/workspace/benchmarks_ai_research/data/aigibench/flux/FLUX1-dev/1_fake/FLUX1-dev_960.png,1,1,0.9763105287006256,FAKE,1004.4599045068026,1427,3
/workspace/benchmarks_ai_research/data/aigibench/flux/FLUX1-dev/1_fake/FLUX1-dev_1580.png,1,1,0.9893474891602738,FAKE,1005.351172760129,1427,3
/workspace/benchmarks_ai_research/data/genimage/sd_1_4/imagenet_ai_0419_sdv4/val/nature/ILSVRC2012_val_00000964.JPEG,0,0,0.0007208380258812108,REAL,394.5073839277029,352,2
/workspace/benchmarks_ai_research/data/aigibench/flux/FLUX1-dev/1_fake/FLUX1-dev_3974.png,1,0,0.05184546664977983,REAL,937.4442286789417,1427,2
/workspace/benchmarks_ai_research/data/genimage/sd_1_4/imagenet_ai_0419_sdv4/val/nature/ILSVRC2012_val_00015159.JPEG,0,0,0.02595735719779685,REAL,728.2207328826189,1057,2
/workspace/benchmarks_ai_research/data/aigibench/flux/FLUX1-dev/1_fake/FLUX1-dev_986.png,1,0,0.19193278644723683,REAL,942.8171776235104,1427,2
/workspace/benchmarks_ai_research/data/aigibench/flux/FLUX1-dev/1_fake/FLUX1-dev_2680.png,1,1,0.9441768588653856,FAKE,1006.1759036034346,1427,3
/workspace/benchmarks_ai_research/data/aigibench/flux/FLUX1-dev/1_fake/FLUX1-dev_1918.png,1,0,0.0757018513503312,FAKE,1006.3695535063744,1427,3
/workspace/benchmarks_ai_research/data/aigibench/flux/FLUX1-dev/1_fake/FLUX1-dev_3783.png,1,0,0.08756383952305867,REAL,941.0905763506889,1427,2
/workspace/benchmarks_ai_research/data/aigibench/flux/FLUX1-dev/1_fake/FLUX1-dev_1159.png,1,0,0.06782843527629127,FAKE,1006.2622670084238,1427,3
/workspace/benchmarks_ai_research/data/genimage/sd_1_4/imagenet_ai_0419_sdv4/val/nature/ILSVRC2012_val_00033008.JPEG,0,0,0.05033063259747688,REAL,383.3684865385294,324,2
/workspace/benchmarks_ai_research/data/genimage/sd_1_4/imagenet_ai_0419_sdv4/val/nature/ILSVRC2012_val_00020561.JPEG,0,0,0.06656918897050168,REAL,328.4640684723854,274,2
/workspace/benchmarks_ai_research/data/aigibench/flux/FLUX1-dev/1_fake/FLUX1-dev_4199.png,1,1,0.9991704108116409,FAKE,1007.645957171917,1427,3
/workspace/benchmarks_ai_research/data/genimage/sd_1_4/imagenet_ai_0419_sdv4/val/nature/ILSVRC2012_val_00013623.JPEG,0,0,0.04813677111663481,REAL,330.15463314950466,292,2
/workspace/benchmarks_ai_research/data/aigibench/flux/FLUX1-dev/1_fake/FLUX1-dev_4374.png,1,1,0.9978172835546547,FAKE,1008.5019022226334,1427,3
/workspace/benchmarks_ai_research/data/aigibench/flux/FLUX1-dev/1_fake/FLUX1-dev_1568.png,1,1,0.9974490875787134,FAKE,1007.2301253676414,1427,3
/workspace/benchmarks_ai_research/data/genimage/sd_1_4/imagenet_ai_0419_sdv4/val/nature/ILSVRC2012_val_00038487.JPEG,0,0,0.1480471980316895,REAL,278.1476266682148,112,2
/workspace/benchmarks_ai_research/data/aigibench/flux/FLUX1-dev/1_fake/FLUX1-dev_1788.png,1,0,0.07144298437990969,FAKE,1006.7312885075808,1427,3
/workspace/benchmarks_ai_research/data/aigibench/flux/FLUX1-dev/1_fake/FLUX1-dev_1167.png,1,1,0.9999516743618128,FAKE,1008.2286205142736,1427,3
/workspace/benchmarks_ai_research/data/aigibench/flux/FLUX1-dev/1_fake/FLUX1-dev_3334.png,1,0,0.07125812175655818,FAKE,1008.9896768331528,1427,3
/workspace/benchmarks_ai_research/data/aigibench/flux/FLUX1-dev/1_fake/FLUX1-dev_3268.png,1,0,0.0640487083312638,FAKE,1007.163867354393,1427,3
/workspace/benchmarks_ai_research/data/aigibench/flux/FLUX1-dev/1_fake/FLUX1-dev_1443.png,1,0,0.0763158689909915,FAKE,1009.4028022140265,1427,3
/workspace/benchmarks_ai_research/data/aigibench/flux/FLUX1-dev/1_fake/FLUX1-dev_1315.png,1,0,0.21733752104706247,REAL,943.3454032987356,1427,2
/workspace/benchmarks_ai_research/data/aigibench/flux/FLUX1-dev/1_fake/FLUX1-dev_2244.png,1,0,0.3338029177507406,REAL,940.0077108293772,1427,2
/workspace/benchmarks_ai_research/data/aigibench/flux/FLUX1-dev/1_fake/FLUX1-dev_3248.png,1,0,0.06670804897316639,FAKE,1009.4450749456882,1427,3
/workspace/benchmarks_ai_research/data/genimage/sd_1_4/imagenet_ai_0419_sdv4/val/nature/ILSVRC2012_val_00001500.JPEG,0,0,0.040845715909949315,REAL,383.75229202210903,449,2
/workspace/benchmarks_ai_research/data/aigibench/flux/FLUX1-dev/1_fake/FLUX1-dev_533.png,1,1,0.9648551535992067,FAKE,1011.4607401192188,1427,3
/workspace/benchmarks_ai_research/data/genimage/sd_1_4/imagenet_ai_0419_sdv4/val/nature/ILSVRC2012_val_00000797.JPEG,0,0,0.032589744766025344,REAL,330.6836113333702,292,2
/workspace/benchmarks_ai_research/data/aigibench/flux/FLUX1-dev/1_fake/FLUX1-dev_2612.png,1,1,0.9977127723941301,FAKE,1005.444860085845,1427,3
/workspace/benchmarks_ai_research/data/aigibench/flux/FLUX1-dev/1_fake/FLUX1-dev_1006.png,1,1,0.9390248191350352,FAKE,1007.827416062355,1427,3
/workspace/benchmarks_ai_research/data/genimage/sd_1_4/imagenet_ai_0419_sdv4/val/nature/ILSVRC2012_val_00047729.JPEG,0,0,0.029312230751356316,REAL,329.90909926593304,274,2
/workspace/benchmarks_ai_research/data/genimage/sd_1_4/imagenet_ai_0419_sdv4/val/nature/ILSVRC2012_val_00020685.JPEG,0,0,0.21206880435710532,REAL,334.4797380268574,310,2
/workspace/benchmarks_ai_research/data/aigibench/flux/FLUX1-dev/1_fake/FLUX1-dev_1931.png,1,0,0.2877678157610531,REAL,941.7650122195482,1427,2
/workspace/benchmarks_ai_research/data/genimage/sd_1_4/imagenet_ai_0419_sdv4/val/nature/ILSVRC2012_val_00030592.JPEG,0,0,0.005730246514992079,REAL,335.67175827920437,292,2
/workspace/benchmarks_ai_research/data/aigibench/flux/FLUX1-dev/1_fake/FLUX1-dev_1123.png,1,1,0.9992903296008995,FAKE,1008.314948529005,1427,3
/workspace/benchmarks_ai_research/data/aigibench/flux/FLUX1-dev/1_fake/FLUX1-dev_2223.png,1,1,0.9950177302695786,FAKE,1008.5149351507425,1427,3
/workspace/benchmarks_ai_research/data/aigibench/flux/FLUX1-dev/1_fake/FLUX1-dev_41.png,1,1,0.9996485617367191,FAKE,1006.7978724837303,1427,3
/workspace/benchmarks_ai_research/data/aigibench/flux/FLUX1-dev/1_fake/FLUX1-dev_3115.png,1,0,0.07434650362443262,FAKE,1010.011836886406,1427,3
/workspace/benchmarks_ai_research/data/aigibench/flux/FLUX1-dev/1_fake/FLUX1-dev_2516.png,1,0,0.06912167247719667,FAKE,1008.3123333752155,1427,3
/workspace/benchmarks_ai_research/data/aigibench/flux/FLUX1-dev/1_fake/FLUX1-dev_4411.png,1,0,0.07497621072298008,FAKE,1009.1793164610863,1427,3
/workspace/benchmarks_ai_research/data/aigibench/flux/FLUX1-dev/1_fake/FLUX1-dev_1254.png,1,0,0.372744312021821,REAL,939.6663177758455,1427,2
/workspace/benchmarks_ai_research/data/aigibench/flux/FLUX1-dev/1_fake/FLUX1-dev_2542.png,1,0,0.21206880435710532,REAL,940.3768293559551,1427,2
/workspace/benchmarks_ai_research/data/aigibench/flux/FLUX1-dev/1_fake/FLUX1-dev_1110.png,1,0,0.07228667110615764,FAKE,1008.7243895977736,1427,3
/workspace/benchmarks_ai_research/data/genimage/sd_1_4/imagenet_ai_0419_sdv4/val/nature/ILSVRC2012_val_00046995.JPEG,0,0,0.05749327880038583,REAL,333.7701912969351,282,2
/workspace/benchmarks_ai_research/data/aigibench/flux/FLUX1-dev/1_fake/FLUX1-dev_2864.png,1,0,0.07729185452614329,FAKE,1007.8082829713821,1427,3
/workspace/benchmarks_ai_research/data/aigibench/flux/FLUX1-dev/1_fake/FLUX1-dev_324.png,1,1,0.9993736658418905,FAKE,1007.2483718395233,1427,3
/workspace/benchmarks_ai_research/data/aigibench/flux/FLUX1-dev/1_fake/FLUX1-dev_3022.png,1,0,0.20181322226037882,REAL,940.2890149503946,1427,2
/workspace/benchmarks_ai_research/data/genimage/sd_1_4/imagenet_ai_0419_sdv4/val/nature/ILSVRC2012_val_00036347.JPEG,0,0,0.05261895334771377,REAL,386.30520552396774,343,2
/workspace/benchmarks_ai_research/data/genimage/sd_1_4/imagenet_ai_0419_sdv4/val/nature/ILSVRC2012_val_00045702.JPEG,0,0,0.027585282226789985,REAL,272.7256491780281,112,2
/workspace/benchmarks_ai_research/data/genimage/sd_1_4/imagenet_ai_0419_sdv4/val/nature/ILSVRC2012_val_00044327.JPEG,0,0,0.1520322416221742,REAL,299.72394183278084,238,2
/workspace/benchmarks_ai_research/data/aigibench/flux/FLUX1-dev/1_fake/FLUX1-dev_611.png,1,1,0.941654159388319,FAKE,1005.4705422371626,1427,3
/workspace/benchmarks_ai_research/data/aigibench/flux/FLUX1-dev/1_fake/FLUX1-dev_382.png,1,1,0.9990302480322174,FAKE,1006.9847907871008,1427,3
/workspace/benchmarks_ai_research/data/aigibench/flux/FLUX1-dev/1_fake/FLUX1-dev_3924.png,1,0,0.07576697179766187,FAKE,1006.7253299057484,1427,3
/workspace/benchmarks_ai_research/data/aigibench/flux/FLUX1-dev/1_fake/FLUX1-dev_64.png,1,1,0.995929862284104,FAKE,1005.452610552311,1427,3
/workspace/benchmarks_ai_research/data/aigibench/flux/FLUX1-dev/1_fake/FLUX1-dev_2067.png,1,0,0.076001777840651,FAKE,1010.7631757855415,1427,3
/workspace/benchmarks_ai_research/data/aigibench/flux/FLUX1-dev/1_fake/FLUX1-dev_3070.png,1,0,0.25091278688527247,REAL,940.0035813450813,1427,2
/workspace/benchmarks_ai_research/data/genimage/sd_1_4/imagenet_ai_0419_sdv4/val/nature/ILSVRC2012_val_00029057.JPEG,0,0,0.02479816019558566,REAL,336.4491742104292,292,2
/workspace/benchmarks_ai_research/data/aigibench/flux/FLUX1-dev/1_fake/FLUX1-dev_4379.png,1,1,0.9997262783268163,FAKE,1008.902857080102,1427,3
/workspace/benchmarks_ai_research/data/genimage/sd_1_4/imagenet_ai_0419_sdv4/val/nature/ILSVRC2012_val_00017587.JPEG,0,0,0.16026603232776068,REAL,466.99561551213264,533,2
/workspace/benchmarks_ai_research/data/genimage/sd_1_4/imagenet_ai_0419_sdv4/val/nature/ILSVRC2012_val_00022794.JPEG,0,0,0.010652510839726162,REAL,303.5525009036064,256,2
/workspace/benchmarks_ai_research/data/aigibench/flux/FLUX1-dev/1_fake/FLUX1-dev_1815.png,1,0,0.08077082999376987,FAKE,1010.6082279235125,1427,3
/workspace/benchmarks_ai_research/data/aigibench/flux/FLUX1-dev/1_fake/FLUX1-dev_4417.png,1,1,0.9993121488449448,FAKE,1007.2191059589386,1427,3
/workspace/benchmarks_ai_research/data/aigibench/flux/FLUX1-dev/1_fake/FLUX1-dev_3201.png,1,0,0.3954898068278524,REAL,939.7185277193785,1427,2
/workspace/benchmarks_ai_research/data/aigibench/flux/FLUX1-dev/1_fake/FLUX1-dev_744.png,1,1,0.9805806518175514,FAKE,1005.9080645442009,1427,3
/workspace/benchmarks_ai_research/data/genimage/sd_1_4/imagenet_ai_0419_sdv4/val/nature/ILSVRC2012_val_00028259.JPEG,0,0,0.33289351642953924,REAL,398.318188264966,508,2
/workspace/benchmarks_ai_research/data/aigibench/flux/FLUX1-dev/1_fake/FLUX1-dev_178.png,1,0,0.06713780081103303,FAKE,1008.7574124336243,1427,3
/workspace/benchmarks_ai_research/data/aigibench/flux/FLUX1-dev/1_fake/FLUX1-dev_1183.png,1,1,0.9904406006529085,FAKE,1007.000882178545,1427,3
/workspace/benchmarks_ai_research/data/aigibench/flux/FLUX1-dev/1_fake/FLUX1-dev_913.png,1,1,0.9814534354878828,FAKE,1005.7425796985626,1427,3
/workspace/benchmarks_ai_research/data/genimage/sd_1_4/imagenet_ai_0419_sdv4/val/nature/ILSVRC2012_val_00014627.JPEG,0,0,0.027585282226789985,REAL,400.8283466100693,382,2
/workspace/benchmarks_ai_research/data/aigibench/flux/FLUX1-dev/1_fake/FLUX1-dev_3292.png,1,1,0.9697854129326061,FAKE,1007.2672795504332,1427,3
/workspace/benchmarks_ai_research/data/aigibench/flux/FLUX1-dev/1_fake/FLUX1-dev_1948.png,1,1,0.9956005868372635,FAKE,1008.6293201893568,1427,3
/workspace/benchmarks_ai_research/data/aigibench/flux/FLUX1-dev/1_fake/FLUX1-dev_3018.png,1,1,0.9353465116437761,FAKE,1007.2967801243067,1427,3
/workspace/benchmarks_ai_research/data/aigibench/flux/FLUX1-dev/1_fake/FLUX1-dev_2648.png,1,1,0.9893474891602738,FAKE,1010.9140742570162,1427,3
/workspace/benchmarks_ai_research/data/aigibench/flux/FLUX1-dev/1_fake/FLUX1-dev_2621.png,1,0,0.05033063259747688,REAL,938.2709041237831,1427,2
/workspace/benchmarks_ai_research/data/aigibench/flux/FLUX1-dev/1_fake/FLUX1-dev_1670.png,1,0,0.07187610622253561,FAKE,1004.9523524940014,1427,3
/workspace/benchmarks_ai_research/data/aigibench/flux/FLUX1-dev/1_fake/FLUX1-dev_225.png,1,1,0.9362850057480346,FAKE,1008.4099546074867,1427,3
/workspace/benchmarks_ai_research/data/aigibench/flux/FLUX1-dev/1_fake/FLUX1-dev_511.png,1,1,0.9999673007265776,FAKE,1006.7563280463219,1427,3
/workspace/benchmarks_ai_research/data/genimage/sd_1_4/imagenet_ai_0419_sdv4/val/nature/ILSVRC2012_val_00036747.JPEG,0,0,0.007232763803479049,REAL,339.7327270358801,292,2
/workspace/benchmarks_ai_research/data/genimage/sd_1_4/imagenet_ai_0419_sdv4/val/nature/ILSVRC2012_val_00000705.JPEG,0,0,0.05500528829345415,REAL,325.4074603319168,292,2
/workspace/benchmarks_ai_research/data/genimage/sd_1_4/imagenet_ai_0419_sdv4/val/nature/ILSVRC2012_val_00001643.JPEG,0,0,0.0002737216731838081,REAL,401.0298289358616,382,2
/workspace/benchmarks_ai_research/data/aigibench/flux/FLUX1-dev/1_fake/FLUX1-dev_3724.png,1,0,0.07581907844814138,FAKE,1004.5086238533258,1427,3
/workspace/benchmarks_ai_research/data/genimage/sd_1_4/imagenet_ai_0419_sdv4/val/nature/ILSVRC2012_val_00019775.JPEG,0,0,0.019124036750888904,REAL,298.63989539444447,238,2
/workspace/benchmarks_ai_research/data/aigibench/flux/FLUX1-dev/1_fake/FLUX1-dev_3209.png,1,0,0.001187905494116342,REAL,941.191054880619,1427,2
/workspace/benchmarks_ai_research/data/genimage/sd_1_4/imagenet_ai_0419_sdv4/val/nature/ILSVRC2012_val_00034277.JPEG,0,0,0.004133968090452445,REAL,332.3421962559223,292,2
/workspace/benchmarks_ai_research/data/genimage/sd_1_4/imagenet_ai_0419_sdv4/val/nature/ILSVRC2012_val_00043329.JPEG,0,0,0.06371499425196533,REAL,338.6015109717846,292,2
/workspace/benchmarks_ai_research/data/aigibench/flux/FLUX1-dev/1_fake/FLUX1-dev_508.png,1,1,0.9304582554941719,FAKE,1005.3701233118773,1427,3
/workspace/benchmarks_ai_research/data/genimage/sd_1_4/imagenet_ai_0419_sdv4/val/nature/ILSVRC2012_val_00042521.JPEG,0,0,0.20434189993684582,REAL,369.6493227034807,328,2
/workspace/benchmarks_ai_research/data/genimage/sd_1_4/imagenet_ai_0419_sdv4/val/nature/ILSVRC2012_val_00004759.JPEG,0,0,0.0041987952714718675,REAL,403.61324325203896,382,2
/workspace/benchmarks_ai_research/data/aigibench/flux/FLUX1-dev/1_fake/FLUX1-dev_1889.png,1,0,0.07625031569710165,FAKE,1005.6965034455061,1427,3
/workspace/benchmarks_ai_research/data/aigibench/flux/FLUX1-dev/1_fake/FLUX1-dev_742.png,1,0,0.32423539898095244,REAL,937.7232473343611,1427,2
/workspace/benchmarks_ai_research/data/genimage/sd_1_4/imagenet_ai_0419_sdv4/val/nature/ILSVRC2012_val_00021920.JPEG,0,0,0.001524786391225749,REAL,325.65630227327347,146,2
/workspace/benchmarks_ai_research/data/aigibench/flux/FLUX1-dev/1_fake/FLUX1-dev_2136.png,1,0,0.07162832130754541,FAKE,1011.8082575500011,1427,3
/workspace/benchmarks_ai_research/data/aigibench/flux/FLUX1-dev/1_fake/FLUX1-dev_830.png,1,1,0.9954615682752046,FAKE,1007.7005214989185,1427,3
/workspace/benchmarks_ai_research/data/aigibench/flux/FLUX1-dev/1_fake/FLUX1-dev_4130.png,1,0,0.15405756269148546,REAL,941.9633410871029,1427,2
/workspace/benchmarks_ai_research/data/aigibench/flux/FLUX1-dev/1_fake/FLUX1-dev_89.png,1,1,0.9496693674025232,FAKE,1009.8181702196598,1427,3
/workspace/benchmarks_ai_research/data/aigibench/flux/FLUX1-dev/1_fake/FLUX1-dev_1001.png,1,1,0.9822877012965885,FAKE,1007.3951557278633,1427,3
/workspace/benchmarks_ai_research/data/aigibench/flux/FLUX1-dev/1_fake/FLUX1-dev_2521.png,1,0,0.0678049225744997,FAKE,1010.2006420493126,1427,3
/workspace/benchmarks_ai_research/data/genimage/sd_1_4/imagenet_ai_0419_sdv4/val/nature/ILSVRC2012_val_00045270.JPEG,0,0,0.010169657753872614,REAL,287.551449611783,128,2
/workspace/benchmarks_ai_research/data/genimage/sd_1_4/imagenet_ai_0419_sdv4/val/nature/ILSVRC2012_val_00040337.JPEG,0,0,0.3040416749665474,REAL,332.0530988276005,292,2
/workspace/benchmarks_ai_research/data/aigibench/flux/FLUX1-dev/1_fake/FLUX1-dev_2086.png,1,0,0.07107370086202959,FAKE,1009.2960372567177,1427,3
/workspace/benchmarks_ai_research/data/aigibench/flux/FLUX1-dev/1_fake/FLUX1-dev_2770.png,1,0,0.06852565230062228,FAKE,1004.8036929219961,1427,3
/workspace/benchmarks_ai_research/data/aigibench/flux/FLUX1-dev/1_fake/FLUX1-dev_4003.png,1,1,0.9925393565360598,FAKE,1010.567206889391,1427,3
/workspace/benchmarks_ai_research/data/aigibench/flux/FLUX1-dev/1_fake/FLUX1-dev_2839.png,1,1,0.9362850057480346,FAKE,1009.720828384161,1427,3
/workspace/benchmarks_ai_research/data/aigibench/flux/FLUX1-dev/1_fake/FLUX1-dev_3664.png,1,0,0.07261165670813724,FAKE,1009.3310922384262,1427,3
/workspace/benchmarks_ai_research/data/genimage/sd_1_4/imagenet_ai_0419_sdv4/val/nature/ILSVRC2012_val_00017490.JPEG,0,0,0.017986209962091555,REAL,330.2199710160494,310,2
/workspace/benchmarks_ai_research/data/aigibench/flux/FLUX1-dev/1_fake/FLUX1-dev_3009.png,1,1,0.9962345862153261,FAKE,1008.9024305343628,1427,3
/workspace/benchmarks_ai_research/data/aigibench/flux/FLUX1-dev/1_fake/FLUX1-dev_2164.png,1,0,0.14608724704829565,REAL,939.3854215741158,1427,2
/workspace/benchmarks_ai_research/data/aigibench/flux/FLUX1-dev/1_fake/FLUX1-dev_2659.png,1,1,0.9678992932829918,FAKE,1012.2875943779945,1427,3
/workspace/benchmarks_ai_research/data/aigibench/flux/FLUX1-dev/1_fake/FLUX1-dev_3980.png,1,0,0.030675801710674105,REAL,934.8521213978529,1427,2
/workspace/benchmarks_ai_research/data/aigibench/flux/FLUX1-dev/1_fake/FLUX1-dev_2704.png,1,1,0.9883127420043056,FAKE,1010.9533499926329,1427,3
/workspace/benchmarks_ai_research/data/aigibench/flux/FLUX1-dev/1_fake/FLUX1-dev_1069.png,1,1,0.9997346976231016,FAKE,1003.1946897506714,1427,3
/workspace/benchmarks_ai_research/data/genimage/sd_1_4/imagenet_ai_0419_sdv4/val/nature/ILSVRC2012_val_00026954.JPEG,0,0,0.018546564512117298,REAL,374.4481559842825,328,2
/workspace/benchmarks_ai_research/data/aigibench/flux/FLUX1-dev/1_fake/FLUX1-dev_973.png,1,1,0.9390248191350352,FAKE,1005.2150543779135,1427,3
/workspace/benchmarks_ai_research/data/genimage/sd_1_4/imagenet_ai_0419_sdv4/val/nature/ILSVRC2012_val_00011017.JPEG,0,0,0.017712298703411445,REAL,389.6303605288267,346,2
/workspace/benchmarks_ai_research/data/aigibench/flux/FLUX1-dev/1_fake/FLUX1-dev_1834.png,1,0,0.071566482522881,FAKE,1008.841460570693,1427,3
/workspace/benchmarks_ai_research/data/genimage/sd_1_4/imagenet_ai_0419_sdv4/val/nature/ILSVRC2012_val_00041082.JPEG,0,0,0.015663648711668327,REAL,286.61205992102623,146,2
/workspace/benchmarks_ai_research/data/aigibench/flux/FLUX1-dev/1_fake/FLUX1-dev_2694.png,1,0,0.01495708659314999,REAL,939.9031922221184,1427,2
/workspace/benchmarks_ai_research/data/aigibench/flux/FLUX1-dev/1_fake/FLUX1-dev_4311.png,1,0,0.07439774485955711,FAKE,1006.9216433912516,1427,3
/workspace/benchmarks_ai_research/data/aigibench/flux/FLUX1-dev/1_fake/FLUX1-dev_2203.png,1,0,0.4000794203213561,REAL,938.195887953043,1427,2
/workspace/benchmarks_ai_research/data/genimage/sd_1_4/imagenet_ai_0419_sdv4/val/nature/ILSVRC2012_val_00000926.JPEG,0,0,0.011687257995694434,REAL,345.64371407032013,292,2
/workspace/benchmarks_ai_research/data/genimage/sd_1_4/imagenet_ai_0419_sdv4/val/nature/ILSVRC2012_val_00035695.JPEG,0,0,0.02194825371486785,REAL,329.31450940668583,292,2
/workspace/benchmarks_ai_research/data/aigibench/flux/FLUX1-dev/1_fake/FLUX1-dev_644.png,1,1,0.9996800017559261,FAKE,1005.8577042073011,1427,3
/workspace/benchmarks_ai_research/data/aigibench/flux/FLUX1-dev/1_fake/FLUX1-dev_3025.png,1,1,0.9353465116437761,FAKE,1009.3147344887257,1427,3
/workspace/benchmarks_ai_research/data/aigibench/flux/FLUX1-dev/1_fake/FLUX1-dev_4010.png,1,0,0.06954174450582809,REAL,944.0457057207823,1427,2
/workspace/benchmarks_ai_research/data/aigibench/flux/FLUX1-dev/1_fake/FLUX1-dev_805.png,1,1,0.9989515307328389,FAKE,1009.7479652613401,1427,3
/workspace/benchmarks_ai_research/data/aigibench/flux/FLUX1-dev/1_fake/FLUX1-dev_4297.png,1,1,0.9591542840900507,FAKE,1003.3304933458567,1427,3
/workspace/benchmarks_ai_research/data/aigibench/flux/FLUX1-dev/1_fake/FLUX1-dev_3893.png,1,0,0.06483371588974489,FAKE,1007.4791684746742,1427,3
/workspace/benchmarks_ai_research/data/genimage/sd_1_4/imagenet_ai_0419_sdv4/val/nature/ILSVRC2012_val_00018985.JPEG,0,0,0.015663648711668327,REAL,314.9042371660471,240,2
/workspace/benchmarks_ai_research/data/aigibench/flux/FLUX1-dev/1_fake/FLUX1-dev_4476.png,1,0,0.06599361793016821,FAKE,1007.3169264942408,1427,3
/workspace/benchmarks_ai_research/data/aigibench/flux/FLUX1-dev/1_fake/FLUX1-dev_2140.png,1,1,0.983596967483837,FAKE,1009.6414536237717,1427,3
/workspace/benchmarks_ai_research/data/aigibench/flux/FLUX1-dev/1_fake/FLUX1-dev_353.png,1,1,0.9995487893762218,FAKE,1006.9150719791651,1427,3
/workspace/benchmarks_ai_research/data/aigibench/flux/FLUX1-dev/1_fake/FLUX1-dev_1302.png,1,0,0.12765262532179067,REAL,946.1281355470419,1427,2
/workspace/benchmarks_ai_research/data/aigibench/flux/FLUX1-dev/1_fake/FLUX1-dev_1472.png,1,1,0.9899864293768268,FAKE,1019.9633203446865,1427,3
/workspace/benchmarks_ai_research/data/aigibench/flux/FLUX1-dev/1_fake/FLUX1-dev_4319.png,1,1,0.9998118579244951,FAKE,1018.2024128735065,1427,3
/workspace/benchmarks_ai_research/data/aigibench/flux/FLUX1-dev/1_fake/FLUX1-dev_450.png,1,0,0.07208732258031694,FAKE,1023.790379986167,1427,3
/workspace/benchmarks_ai_research/data/aigibench/flux/FLUX1-dev/1_fake/FLUX1-dev_732.png,1,1,0.9736446471538801,FAKE,1017.1141047030687,1427,3
/workspace/benchmarks_ai_research/data/aigibench/flux/FLUX1-dev/1_fake/FLUX1-dev_3603.png,1,0,0.07107370086202959,FAKE,1018.49633641541,1427,3
/workspace/benchmarks_ai_research/data/aigibench/flux/FLUX1-dev/1_fake/FLUX1-dev_4305.png,1,1,0.9473810466522863,FAKE,1018.8504923135042,1427,3
/workspace/benchmarks_ai_research/data/aigibench/flux/FLUX1-dev/1_fake/FLUX1-dev_3149.png,1,0,0.07075504211974652,FAKE,1018.0059000849724,1427,3
/workspace/benchmarks_ai_research/data/genimage/sd_1_4/imagenet_ai_0419_sdv4/val/nature/ILSVRC2012_val_00023792.JPEG,0,0,0.025565213923269593,REAL,386.5350931882858,324,2
/workspace/benchmarks_ai_research/data/aigibench/flux/FLUX1-dev/1_fake/FLUX1-dev_34.png,1,1,0.9783846672373524,FAKE,1022.7889399975538,1427,3
/workspace/benchmarks_ai_research/data/genimage/sd_1_4/imagenet_ai_0419_sdv4/val/nature/ILSVRC2012_val_00037240.JPEG,0,0,0.006097562192575309,REAL,273.4149917960167,112,2
/workspace/benchmarks_ai_research/data/genimage/sd_1_4/imagenet_ai_0419_sdv4/val/nature/ILSVRC2012_val_00014310.JPEG,0,0,0.001987774212383911,REAL,334.40446481108665,292,2
/workspace/benchmarks_ai_research/data/aigibench/flux/FLUX1-dev/1_fake/FLUX1-dev_4457.png,1,0,0.07421862441920503,FAKE,1013.9530878514051,1427,3
/workspace/benchmarks_ai_research/data/aigibench/flux/FLUX1-dev/1_fake/FLUX1-dev_2025.png,1,0,0.07640771700063713,FAKE,1015.2642913162708,1427,3
/workspace/benchmarks_ai_research/data/aigibench/flux/FLUX1-dev/1_fake/FLUX1-dev_221.png,1,1,0.9504109770159683,FAKE,1013.4335365146399,1427,3
/workspace/benchmarks_ai_research/data/aigibench/flux/FLUX1-dev/1_fake/FLUX1-dev_3317.png,1,0,0.3451052709578724,REAL,944.2759901285172,1427,2
/workspace/benchmarks_ai_research/data/aigibench/flux/FLUX1-dev/1_fake/FLUX1-dev_227.png,1,0,0.07393790413226854,FAKE,1011.5855522453785,1427,3
/workspace/benchmarks_ai_research/data/aigibench/flux/FLUX1-dev/1_fake/FLUX1-dev_2804.png,1,1,0.9918120900983038,FAKE,1004.8340521752834,1427,3
/workspace/benchmarks_ai_research/data/aigibench/flux/FLUX1-dev/1_fake/FLUX1-dev_816.png,1,1,0.9597620573763841,FAKE,1008.5728093981743,1427,3
/workspace/benchmarks_ai_research/data/genimage/sd_1_4/imagenet_ai_0419_sdv4/val/nature/ILSVRC2012_val_00008568.JPEG,0,0,0.005911068856243796,REAL,563.1017833948135,771,2
/workspace/benchmarks_ai_research/data/aigibench/flux/FLUX1-dev/1_fake/FLUX1-dev_2029.png,1,0,0.3639158374934251,REAL,940.3468370437622,1427,2
/workspace/benchmarks_ai_research/data/genimage/sd_1_4/imagenet_ai_0419_sdv4/val/nature/ILSVRC2012_val_00006724.JPEG,0,0,0.01495708659314999,REAL,326.2482453137636,292,2
/workspace/benchmarks_ai_research/data/genimage/sd_1_4/imagenet_ai_0419_sdv4/val/nature/ILSVRC2012_val_00029945.JPEG,0,0,0.010328152519305191,REAL,330.8255076408386,292,2
/workspace/benchmarks_ai_research/data/aigibench/flux/FLUX1-dev/1_fake/FLUX1-dev_230.png,1,0,0.04813677111663481,REAL,937.2233301401138,1427,2
/workspace/benchmarks_ai_research/data/aigibench/flux/FLUX1-dev/1_fake/FLUX1-dev_629.png,1,1,0.9999307781659553,FAKE,1006.5104998648167,1427,3
/workspace/benchmarks_ai_research/data/aigibench/flux/FLUX1-dev/1_fake/FLUX1-dev_3632.png,1,0,0.36133625621272397,REAL,942.8049419075251,1427,2
/workspace/benchmarks_ai_research/data/aigibench/flux/FLUX1-dev/1_fake/FLUX1-dev_1350.png,1,0,0.3711365176716938,REAL,940.7480861991644,1427,2
/workspace/benchmarks_ai_research/data/aigibench/flux/FLUX1-dev/1_fake/FLUX1-dev_306.png,1,1,0.9994557867375674,FAKE,1007.2756670415401,1427,3
/workspace/benchmarks_ai_research/data/aigibench/flux/FLUX1-dev/1_fake/FLUX1-dev_1991.png,1,0,0.006192990157855187,REAL,938.70759755373,1427,2
/workspace/benchmarks_ai_research/data/genimage/sd_1_4/imagenet_ai_0419_sdv4/val/nature/ILSVRC2012_val_00048523.JPEG,0,0,0.006192990157855187,REAL,330.9238348156214,292,2
/workspace/benchmarks_ai_research/data/aigibench/flux/FLUX1-dev/1_fake/FLUX1-dev_4134.png,1,1,0.9992445943672705,FAKE,1007.3930192738771,1427,3
/workspace/benchmarks_ai_research/data/aigibench/flux/FLUX1-dev/1_fake/FLUX1-dev_1983.png,1,1,0.9787126482065489,FAKE,1006.0573611408472,1427,3
/workspace/benchmarks_ai_research/data/aigibench/flux/FLUX1-dev/1_fake/FLUX1-dev_4383.png,1,0,0.053403329799824234,REAL,942.4959439784288,1427,2
/workspace/benchmarks_ai_research/data/aigibench/flux/FLUX1-dev/1_fake/FLUX1-dev_1010.png,1,0,0.07737150246031568,FAKE,1007.3633268475533,1427,3
/workspace/benchmarks_ai_research/data/aigibench/flux/FLUX1-dev/1_fake/FLUX1-dev_575.png,1,0,0.06943352468692583,FAKE,1005.3303223103285,1427,3
/workspace/benchmarks_ai_research/data/aigibench/flux/FLUX1-dev/1_fake/FLUX1-dev_3019.png,1,0,0.0665807750723554,FAKE,1010.8847822993994,1427,3
/workspace/benchmarks_ai_research/data/aigibench/flux/FLUX1-dev/1_fake/FLUX1-dev_2039.png,1,1,0.9334308110294983,FAKE,1009.8963640630245,1427,3
/workspace/benchmarks_ai_research/data/aigibench/flux/FLUX1-dev/1_fake/FLUX1-dev_4229.png,1,0,0.33314146007226403,REAL,940.8373683691025,1427,2
/workspace/benchmarks_ai_research/data/genimage/sd_1_4/imagenet_ai_0419_sdv4/val/nature/ILSVRC2012_val_00031560.JPEG,0,0,0.056841605793690346,FAKE,347.1328243613243,107,3
/workspace/benchmarks_ai_research/data/aigibench/flux/FLUX1-dev/1_fake/FLUX1-dev_1243.png,1,0,0.0783329519039035,FAKE,1004.4827777892351,1427,3
/workspace/benchmarks_ai_research/data/genimage/sd_1_4/imagenet_ai_0419_sdv4/val/nature/ILSVRC2012_val_00026039.JPEG,0,0,0.0009850082967450694,REAL,338.6173788458109,310,2
/workspace/benchmarks_ai_research/data/aigibench/flux/FLUX1-dev/1_fake/FLUX1-dev_1682.png,1,1,0.9773707999669629,FAKE,1008.3017069846392,1427,3
/workspace/benchmarks_ai_research/data/aigibench/flux/FLUX1-dev/1_fake/FLUX1-dev_3715.png,1,1,0.9241418199787566,FAKE,1010.6915067881346,1427,3
/workspace/benchmarks_ai_research/data/aigibench/flux/FLUX1-dev/1_fake/FLUX1-dev_486.png,1,0,0.3840756063079222,REAL,940.8196229487658,1427,2
/workspace/benchmarks_ai_research/data/aigibench/flux/FLUX1-dev/1_fake/FLUX1-dev_4359.png,1,0,0.07055959618729296,REAL,939.9166442453861,1427,2
/workspace/benchmarks_ai_research/data/genimage/sd_1_4/imagenet_ai_0419_sdv4/val/nature/ILSVRC2012_val_00006119.JPEG,0,0,0.0732909932587752,FAKE,377.373730763793,211,3
/workspace/benchmarks_ai_research/data/aigibench/flux/FLUX1-dev/1_fake/FLUX1-dev_3671.png,1,0,0.03021458706739398,REAL,940.8178273588419,1427,2
/workspace/benchmarks_ai_research/data/aigibench/flux/FLUX1-dev/1_fake/FLUX1-dev_1843.png,1,1,0.9966755631083445,FAKE,1007.4515603482723,1427,3
/workspace/benchmarks_ai_research/data/aigibench/flux/FLUX1-dev/1_fake/FLUX1-dev_3464.png,1,0,0.033589505650103976,REAL,941.9694077223539,1427,2
/workspace/benchmarks_ai_research/data/aigibench/flux/FLUX1-dev/1_fake/FLUX1-dev_1588.png,1,0,0.07767745392613966,FAKE,1005.4864212870598,1427,3
/workspace/benchmarks_ai_research/data/genimage/sd_1_4/imagenet_ai_0419_sdv4/val/nature/ILSVRC2012_val_00046536.JPEG,0,0,0.015663648711668327,REAL,374.67291578650475,328,2
/workspace/benchmarks_ai_research/data/genimage/sd_1_4/imagenet_ai_0419_sdv4/val/nature/ILSVRC2012_val_00033886.JPEG,0,0,0.0032730649706716308,REAL,329.45670560002327,274,2
/workspace/benchmarks_ai_research/data/genimage/sd_1_4/imagenet_ai_0419_sdv4/val/nature/ILSVRC2012_val_00044409.JPEG,0,0,0.002511463513809854,REAL,327.7227785438299,292,2
/workspace/benchmarks_ai_research/data/aigibench/flux/FLUX1-dev/1_fake/FLUX1-dev_2553.png,1,1,0.9241418199787566,FAKE,1006.027003750205,1427,3
/workspace/benchmarks_ai_research/data/aigibench/flux/FLUX1-dev/1_fake/FLUX1-dev_1099.png,1,0,0.06771091722630837,FAKE,1008.3296913653612,1427,3
/workspace/benchmarks_ai_research/data/genimage/sd_1_4/imagenet_ai_0419_sdv4/val/nature/ILSVRC2012_val_00003813.JPEG,0,0,0.014063627043245474,REAL,341.4020240306854,274,2
/workspace/benchmarks_ai_research/data/genimage/sd_1_4/imagenet_ai_0419_sdv4/val/nature/ILSVRC2012_val_00043389.JPEG,0,0,0.10669059394565118,REAL,329.32627759873867,274,2
/workspace/benchmarks_ai_research/data/aigibench/flux/FLUX1-dev/1_fake/FLUX1-dev_3776.png,1,0,0.22815650216092537,REAL,936.9234126061201,1427,2
/workspace/benchmarks_ai_research/data/aigibench/flux/FLUX1-dev/1_fake/FLUX1-dev_2639.png,1,0,0.07401437311360934,FAKE,1009.5209274441004,1427,3
/workspace/benchmarks_ai_research/data/aigibench/flux/FLUX1-dev/1_fake/FLUX1-dev_3701.png,1,0,0.22000709974589314,REAL,938.4420644491911,1427,2
/workspace/benchmarks_ai_research/data/genimage/sd_1_4/imagenet_ai_0419_sdv4/val/nature/ILSVRC2012_val_00018778.JPEG,0,0,0.01691491326672651,REAL,326.0542079806328,292,2
/workspace/benchmarks_ai_research/data/genimage/sd_1_4/imagenet_ai_0419_sdv4/val/nature/ILSVRC2012_val_00008345.JPEG,0,0,0.19193278644723683,REAL,264.5199578255415,74,2
/workspace/benchmarks_ai_research/data/aigibench/flux/FLUX1-dev/1_fake/FLUX1-dev_2713.png,1,0,0.06719608984521618,FAKE,1003.0823349952698,1427,3
/workspace/benchmarks_ai_research/data/aigibench/flux/FLUX1-dev/1_fake/FLUX1-dev_3420.png,1,0,0.06954174450582809,REAL,937.62899748981,1427,2
/workspace/benchmarks_ai_research/data/genimage/sd_1_4/imagenet_ai_0419_sdv4/val/nature/ILSVRC2012_val_00011506.JPEG,0,0,0.002757622367395409,REAL,293.6165872961283,188,2
/workspace/benchmarks_ai_research/data/aigibench/flux/FLUX1-dev/1_fake/FLUX1-dev_444.png,1,0,0.11596071825396677,REAL,943.8562169671059,1427,2
/workspace/benchmarks_ai_research/data/aigibench/flux/FLUX1-dev/1_fake/FLUX1-dev_3172.png,1,0,0.32082130082460697,REAL,940.7492224127054,1427,2
/workspace/benchmarks_ai_research/data/genimage/sd_1_4/imagenet_ai_0419_sdv4/val/nature/ILSVRC2012_val_00046205.JPEG,0,0,0.02194825371486785,REAL,339.26687203347683,274,2
/workspace/benchmarks_ai_research/data/aigibench/flux/FLUX1-dev/1_fake/FLUX1-dev_596.png,1,0,0.07669700404617592,FAKE,1008.337153121829,1427,3
/workspace/benchmarks_ai_research/data/aigibench/flux/FLUX1-dev/1_fake/FLUX1-dev_328.png,1,1,0.983847165177859,FAKE,1006.9025177508593,1427,3
/workspace/benchmarks_ai_research/data/aigibench/flux/FLUX1-dev/1_fake/FLUX1-dev_4174.png,1,1,0.9863631647185701,FAKE,1003.608088940382,1427,3
/workspace/benchmarks_ai_research/data/aigibench/flux/FLUX1-dev/1_fake/FLUX1-dev_3699.png,1,0,0.07711958125681455,FAKE,1006.2733180820942,1427,3
/workspace/benchmarks_ai_research/data/aigibench/flux/FLUX1-dev/1_fake/FLUX1-dev_2833.png,1,0,0.10970577387797076,REAL,940.2388241142035,1427,2
/workspace/benchmarks_ai_research/data/aigibench/flux/FLUX1-dev/1_fake/FLUX1-dev_1939.png,1,0,0.21733752104706247,REAL,940.9792870283127,1427,2
/workspace/benchmarks_ai_research/data/aigibench/flux/FLUX1-dev/1_fake/FLUX1-dev_198.png,1,1,0.9995121428772178,FAKE,1007.8614205121994,1427,3
/workspace/benchmarks_ai_research/data/aigibench/flux/FLUX1-dev/1_fake/FLUX1-dev_1482.png,1,1,0.9759464471055739,FAKE,1004.5678783208132,1427,3
/workspace/benchmarks_ai_research/data/aigibench/flux/FLUX1-dev/1_fake/FLUX1-dev_371.png,1,0,0.04672495862609242,REAL,939.8974496871233,1427,2
/workspace/benchmarks_ai_research/data/aigibench/flux/FLUX1-dev/1_fake/FLUX1-dev_3467.png,1,0,0.07377250868939313,FAKE,1009.1518331319094,1427,3
/workspace/benchmarks_ai_research/data/aigibench/flux/FLUX1-dev/1_fake/FLUX1-dev_1613.png,1,0,0.07762414323892383,FAKE,1004.6151839196682,1427,3
/workspace/benchmarks_ai_research/data/aigibench/flux/FLUX1-dev/1_fake/FLUX1-dev_653.png,1,0,0.23934934732271168,REAL,942.2063007950783,1427,2
/workspace/benchmarks_ai_research/data/aigibench/flux/FLUX1-dev/1_fake/FLUX1-dev_3071.png,1,0,0.07372169634712171,FAKE,1006.7598950117826,1427,3
/workspace/benchmarks_ai_research/data/aigibench/flux/FLUX1-dev/1_fake/FLUX1-dev_4306.png,1,1,0.9965165758069192,FAKE,1008.6197722703218,1427,3
/workspace/benchmarks_ai_research/data/aigibench/flux/FLUX1-dev/1_fake/FLUX1-dev_2850.png,1,0,0.06983118701322047,FAKE,1006.7409630864859,1427,3
/workspace/benchmarks_ai_research/data/aigibench/flux/FLUX1-dev/1_fake/FLUX1-dev_1909.png,1,1,0.9736446471538801,FAKE,1007.1525610983372,1427,3
/workspace/benchmarks_ai_research/data/genimage/sd_1_4/imagenet_ai_0419_sdv4/val/nature/ILSVRC2012_val_00042685.JPEG,0,0,0.07795777408767089,FAKE,445.1421797275543,328,3
/workspace/benchmarks_ai_research/data/aigibench/flux/FLUX1-dev/1_fake/FLUX1-dev_217.png,1,1,0.9938070098421449,FAKE,1005.5524799972773,1427,3
/workspace/benchmarks_ai_research/data/genimage/sd_1_4/imagenet_ai_0419_sdv4/val/nature/ILSVRC2012_val_00031854.JPEG,0,0,0.013020490113842825,REAL,300.9031508117914,198,2
/workspace/benchmarks_ai_research/data/aigibench/flux/FLUX1-dev/1_fake/FLUX1-dev_955.png,1,1,0.9997621779493597,FAKE,1005.7976432144642,1427,3
/workspace/benchmarks_ai_research/data/aigibench/flux/FLUX1-dev/1_fake/FLUX1-dev_593.png,1,1,0.9988664309949126,FAKE,1005.0528217107058,1427,3
/workspace/benchmarks_ai_research/data/aigibench/flux/FLUX1-dev/1_fake/FLUX1-dev_3474.png,1,0,0.07180167511981603,FAKE,1005.8727879077196,1427,3
/workspace/benchmarks_ai_research/data/genimage/sd_1_4/imagenet_ai_0419_sdv4/val/nature/ILSVRC2012_val_00046184.JPEG,0,0,0.021287351793451054,REAL,485.355069860816,551,2
/workspace/benchmarks_ai_research/data/aigibench/flux/FLUX1-dev/1_fake/FLUX1-dev_3569.png,1,0,0.33521088567821145,REAL,939.1426164656878,1427,2
/workspace/benchmarks_ai_research/data/aigibench/flux/FLUX1-dev/1_fake/FLUX1-dev_2009.png,1,0,0.2598256379609837,REAL,939.1562808305025,1427,2
/workspace/benchmarks_ai_research/data/genimage/sd_1_4/imagenet_ai_0419_sdv4/val/nature/ILSVRC2012_val_00033102.JPEG,0,0,0.001674399303710119,REAL,386.9358692318201,346,2
/workspace/benchmarks_ai_research/data/aigibench/flux/FLUX1-dev/1_fake/FLUX1-dev_1557.png,1,0,0.06761703275445596,FAKE,1008.3418171852827,1427,3
/workspace/benchmarks_ai_research/data/genimage/sd_1_4/imagenet_ai_0419_sdv4/val/nature/ILSVRC2012_val_00032089.JPEG,0,0,0.0032730649706716308,REAL,399.2635700851679,508,2
/workspace/benchmarks_ai_research/data/aigibench/flux/FLUX1-dev/1_fake/FLUX1-dev_1332.png,1,0,0.03514484640079327,REAL,941.1184284836054,1427,2
/workspace/benchmarks_ai_research/data/aigibench/flux/FLUX1-dev/1_fake/FLUX1-dev_2856.png,1,0,0.07504075763558701,FAKE,1006.6289622336626,1427,3
/workspace/benchmarks_ai_research/data/genimage/sd_1_4/imagenet_ai_0419_sdv4/val/nature/ILSVRC2012_val_00048061.JPEG,0,0,0.015663648711668327,REAL,375.94310380518436,328,2
/workspace/benchmarks_ai_research/data/genimage/sd_1_4/imagenet_ai_0419_sdv4/val/nature/ILSVRC2012_val_00024717.JPEG,0,0,0.014281933925111153,REAL,622.7915547788143,940,2
/workspace/benchmarks_ai_research/data/aigibench/flux/FLUX1-dev/1_fake/FLUX1-dev_3163.png,1,1,0.9997086299393205,FAKE,1006.0117468237877,1427,3
/workspace/benchmarks_ai_research/data/aigibench/flux/FLUX1-dev/1_fake/FLUX1-dev_4439.png,1,1,0.9263037302939515,FAKE,1009.1538522392511,1427,3
/workspace/benchmarks_ai_research/data/aigibench/flux/FLUX1-dev/1_fake/FLUX1-dev_2903.png,1,0,0.06986743395576663,FAKE,1006.7232120782137,1427,3
/workspace/benchmarks_ai_research/data/aigibench/flux/FLUX1-dev/1_fake/FLUX1-dev_1590.png,1,0,0.17328820592932656,REAL,940.0273393839598,1427,2
/workspace/benchmarks_ai_research/data/aigibench/flux/FLUX1-dev/1_fake/FLUX1-dev_1345.png,1,1,0.9637799441350253,FAKE,1004.9060545861721,1427,3
/workspace/benchmarks_ai_research/data/aigibench/flux/FLUX1-dev/1_fake/FLUX1-dev_882.png,1,0,0.07053520836836141,FAKE,1008.8466387242079,1427,3
/workspace/benchmarks_ai_research/data/genimage/sd_1_4/imagenet_ai_0419_sdv4/val/nature/ILSVRC2012_val_00020946.JPEG,0,0,0.0015731121653489969,REAL,333.9316677302122,274,2
/workspace/benchmarks_ai_research/data/aigibench/flux/FLUX1-dev/1_fake/FLUX1-dev_540.png,1,0,0.0740271195684992,FAKE,1008.7688565254211,1427,3
/workspace/benchmarks_ai_research/data/genimage/sd_1_4/imagenet_ai_0419_sdv4/val/nature/ILSVRC2012_val_00032324.JPEG,0,0,0.015424552081841137,REAL,333.03025737404823,274,2
/workspace/benchmarks_ai_research/data/aigibench/flux/FLUX1-dev/1_fake/FLUX1-dev_1584.png,1,1,0.9796676466573412,FAKE,1009.3022547662258,1427,3
/workspace/benchmarks_ai_research/data/aigibench/flux/FLUX1-dev/1_fake/FLUX1-dev_3476.png,1,0,0.07770410475486741,FAKE,1005.6496318429708,1427,3
/workspace/benchmarks_ai_research/data/genimage/sd_1_4/imagenet_ai_0419_sdv4/val/nature/ILSVRC2012_val_00014948.JPEG,0,0,0.011869121046339474,REAL,340.04861675202847,292,2
/workspace/benchmarks_ai_research/data/genimage/sd_1_4/imagenet_ai_0419_sdv4/val/nature/ILSVRC2012_val_00029659.JPEG,0,0,0.0012255674483830526,REAL,381.5951906144619,449,2
/workspace/benchmarks_ai_research/data/aigibench/flux/FLUX1-dev/1_fake/FLUX1-dev_4436.png,1,1,0.9884918509356967,FAKE,1007.9687722027302,1427,3
/workspace/benchmarks_ai_research/data/genimage/sd_1_4/imagenet_ai_0419_sdv4/val/nature/ILSVRC2012_val_00032365.JPEG,0,0,0.00433150202056399,REAL,295.4005114734173,238,2
/workspace/benchmarks_ai_research/data/genimage/sd_1_4/imagenet_ai_0419_sdv4/val/nature/ILSVRC2012_val_00004857.JPEG,0,0,0.006903838071221877,REAL,331.5223343670368,274,2
/workspace/benchmarks_ai_research/data/genimage/sd_1_4/imagenet_ai_0419_sdv4/val/nature/ILSVRC2012_val_00018486.JPEG,0,0,0.05033063259747688,REAL,325.41409879922867,292,2
/workspace/benchmarks_ai_research/data/genimage/sd_1_4/imagenet_ai_0419_sdv4/val/nature/ILSVRC2012_val_00048603.JPEG,0,0,0.029312230751356316,REAL,327.53968611359596,292,2
/workspace/benchmarks_ai_research/data/aigibench/flux/FLUX1-dev/1_fake/FLUX1-dev_1327.png,1,0,0.07176450212412964,FAKE,1004.7768913209438,1427,3
/workspace/benchmarks_ai_research/data/aigibench/flux/FLUX1-dev/1_fake/FLUX1-dev_1611.png,1,1,0.9949396679680339,FAKE,1009.453060105443,1427,3
/workspace/benchmarks_ai_research/data/aigibench/flux/FLUX1-dev/1_fake/FLUX1-dev_2302.png,1,1,0.9609517072737735,FAKE,1009.6823256462812,1427,3
/workspace/benchmarks_ai_research/data/genimage/sd_1_4/imagenet_ai_0419_sdv4/val/nature/ILSVRC2012_val_00017270.JPEG,0,0,0.0011695102650555148,REAL,300.1613710075617,211,2
/workspace/benchmarks_ai_research/data/aigibench/flux/FLUX1-dev/1_fake/FLUX1-dev_1190.png,1,1,0.9956684979794361,FAKE,1007.6626669615507,1427,3
/workspace/benchmarks_ai_research/data/aigibench/flux/FLUX1-dev/1_fake/FLUX1-dev_3744.png,1,0,0.31742626558767584,REAL,941.3920473307371,1427,2
/workspace/benchmarks_ai_research/data/aigibench/flux/FLUX1-dev/1_fake/FLUX1-dev_1950.png,1,0,0.0675818684824454,FAKE,1011.4788338541985,1427,3
/workspace/benchmarks_ai_research/data/aigibench/flux/FLUX1-dev/1_fake/FLUX1-dev_2267.png,1,0,0.0691695817347826,FAKE,1010.5097256600857,1427,3
/workspace/benchmarks_ai_research/data/genimage/sd_1_4/imagenet_ai_0419_sdv4/val/nature/ILSVRC2012_val_00020068.JPEG,0,0,0.1500288243424251,REAL,338.72975409030914,274,2
/workspace/benchmarks_ai_research/data/aigibench/flux/FLUX1-dev/1_fake/FLUX1-dev_2635.png,1,0,0.07285001460043321,FAKE,1007.3128808289766,1427,3
/workspace/benchmarks_ai_research/data/aigibench/flux/FLUX1-dev/1_fake/FLUX1-dev_2551.png,1,0,0.07584517753007379,FAKE,1007.1370657533407,1427,3
/workspace/benchmarks_ai_research/data/genimage/sd_1_4/imagenet_ai_0419_sdv4/val/nature/ILSVRC2012_val_00028178.JPEG,0,0,0.0045384317247953825,REAL,305.82883954048157,226,2
/workspace/benchmarks_ai_research/data/aigibench/flux/FLUX1-dev/1_fake/FLUX1-dev_1762.png,1,1,0.9648551535992067,FAKE,1007.3250643908978,1427,3
/workspace/benchmarks_ai_research/data/aigibench/flux/FLUX1-dev/1_fake/FLUX1-dev_3220.png,1,0,0.07774409669833028,FAKE,1008.558476343751,1427,3
/workspace/benchmarks_ai_research/data/genimage/sd_1_4/imagenet_ai_0419_sdv4/val/nature/ILSVRC2012_val_00003949.JPEG,0,0,0.0035936025814200896,REAL,336.4058267325163,292,2
/workspace/benchmarks_ai_research/data/aigibench/flux/FLUX1-dev/1_fake/FLUX1-dev_1820.png,1,1,0.9972423776326046,FAKE,1004.4773351401091,1427,3
/workspace/benchmarks_ai_research/data/aigibench/flux/FLUX1-dev/1_fake/FLUX1-dev_736.png,1,1,0.9970189672701452,FAKE,1006.690364331007,1427,3
/workspace/benchmarks_ai_research/data/genimage/sd_1_4/imagenet_ai_0419_sdv4/val/nature/ILSVRC2012_val_00015761.JPEG,0,0,0.03021458706739398,REAL,331.99488185346127,274,2
/workspace/benchmarks_ai_research/data/aigibench/flux/FLUX1-dev/1_fake/FLUX1-dev_3869.png,1,0,0.03410042571231151,REAL,941.5166769176722,1427,2
/workspace/benchmarks_ai_research/data/aigibench/flux/FLUX1-dev/1_fake/FLUX1-dev_1434.png,1,0,0.0765259129611415,FAKE,1007.3516946285963,1427,3
/workspace/benchmarks_ai_research/data/aigibench/flux/FLUX1-dev/1_fake/FLUX1-dev_2613.png,1,0,0.07388698695804767,FAKE,1009.1657862067223,1427,3
/workspace/benchmarks_ai_research/data/genimage/sd_1_4/imagenet_ai_0419_sdv4/val/nature/ILSVRC2012_val_00036905.JPEG,0,0,0.09807932347046003,REAL,335.65428480505943,292,2
/workspace/benchmarks_ai_research/data/aigibench/flux/FLUX1-dev/1_fake/FLUX1-dev_185.png,1,0,0.07369630225740545,FAKE,1007.618660107255,1427,3
/workspace/benchmarks_ai_research/data/aigibench/flux/FLUX1-dev/1_fake/FLUX1-dev_4096.png,1,0,0.18952109132967754,REAL,941.2990752607584,1427,2
/workspace/benchmarks_ai_research/data/aigibench/flux/FLUX1-dev/1_fake/FLUX1-dev_1191.png,1,1,0.9284088005554476,FAKE,1007.0542152971029,1427,3
/workspace/benchmarks_ai_research/data/genimage/sd_1_4/imagenet_ai_0419_sdv4/val/nature/ILSVRC2012_val_00011710.JPEG,0,0,0.3113320795281778,REAL,384.59656573832035,449,2
/workspace/benchmarks_ai_research/data/aigibench/flux/FLUX1-dev/1_fake/FLUX1-dev_4313.png,1,0,0.07290030565206068,FAKE,1006.9305151700974,1427,3
/workspace/benchmarks_ai_research/data/aigibench/flux/FLUX1-dev/1_fake/FLUX1-dev_1684.png,1,0,0.07081623323913071,FAKE,1009.1568659991026,1427,3
/workspace/benchmarks_ai_research/data/aigibench/flux/FLUX1-dev/1_fake/FLUX1-dev_3325.png,1,0,0.1520322416221742,REAL,940.1664454489946,1427,2
/workspace/benchmarks_ai_research/data/aigibench/flux/FLUX1-dev/1_fake/FLUX1-dev_1217.png,1,0,0.07146769357520451,FAKE,1006.4872466027737,1427,3
/workspace/benchmarks_ai_research/data/aigibench/flux/FLUX1-dev/1_fake/FLUX1-dev_3411.png,1,1,0.9740426428022031,FAKE,1005.0093326717615,1427,3
/workspace/benchmarks_ai_research/data/aigibench/flux/FLUX1-dev/1_fake/FLUX1-dev_1828.png,1,1,0.9724147177732099,FAKE,1004.4641569256783,1427,3
/workspace/benchmarks_ai_research/data/genimage/sd_1_4/imagenet_ai_0419_sdv4/val/nature/ILSVRC2012_val_00049238.JPEG,0,0,0.0035936025814200896,REAL,297.1983328461647,250,2
/workspace/benchmarks_ai_research/data/aigibench/flux/FLUX1-dev/1_fake/FLUX1-dev_3995.png,1,0,0.10374862686637971,REAL,938.9712437987328,1427,2
/workspace/benchmarks_ai_research/data/genimage/sd_1_4/imagenet_ai_0419_sdv4/val/nature/ILSVRC2012_val_00045606.JPEG,0,0,0.007232763803479049,REAL,337.62507885694504,274,2
/workspace/benchmarks_ai_research/data/aigibench/flux/FLUX1-dev/1_fake/FLUX1-dev_190.png,1,1,0.9830850867332734,FAKE,1007.1431398391724,1427,3
/workspace/benchmarks_ai_research/data/genimage/sd_1_4/imagenet_ai_0419_sdv4/val/nature/ILSVRC2012_val_00028616.JPEG,0,0,0.010169657753872614,REAL,331.50541223585606,296,2
/workspace/benchmarks_ai_research/data/aigibench/flux/FLUX1-dev/1_fake/FLUX1-dev_716.png,1,0,0.07681564410407488,FAKE,1008.1525668501854,1427,3
/workspace/benchmarks_ai_research/data/aigibench/flux/FLUX1-dev/1_fake/FLUX1-dev_54.png,1,1,0.9971104189822263,FAKE,1005.3806211799383,1427,3
/workspace/benchmarks_ai_research/data/aigibench/flux/FLUX1-dev/1_fake/FLUX1-dev_1041.png,1,0,0.07246149388408275,FAKE,1008.8014882057905,1427,3
/workspace/benchmarks_ai_research/data/aigibench/flux/FLUX1-dev/1_fake/FLUX1-dev_1881.png,1,0,0.07755759464454397,FAKE,1007.015448063612,1427,3
/workspace/benchmarks_ai_research/data/aigibench/flux/FLUX1-dev/1_fake/FLUX1-dev_3965.png,1,0,0.22000709974589314,REAL,942.288551479578,1427,2
/workspace/benchmarks_ai_research/data/aigibench/flux/FLUX1-dev/1_fake/FLUX1-dev_3856.png,1,0,0.3007455789412415,REAL,939.3178876489401,1427,2
/workspace/benchmarks_ai_research/data/genimage/sd_1_4/imagenet_ai_0419_sdv4/val/nature/ILSVRC2012_val_00028914.JPEG,0,0,0.0034296039240944865,REAL,337.57648803293705,292,2
/workspace/benchmarks_ai_research/data/genimage/sd_1_4/imagenet_ai_0419_sdv4/val/nature/ILSVRC2012_val_00045674.JPEG,0,0,0.0029810327298548972,REAL,287.8140974789858,190,2
/workspace/benchmarks_ai_research/data/aigibench/flux/FLUX1-dev/1_fake/FLUX1-dev_2115.png,1,1,0.9994557867375674,FAKE,1007.5004156678915,1427,3
/workspace/benchmarks_ai_research/data/genimage/sd_1_4/imagenet_ai_0419_sdv4/val/nature/ILSVRC2012_val_00045854.JPEG,0,0,0.008061991528271641,REAL,290.2867179363966,157,2
/workspace/benchmarks_ai_research/data/genimage/sd_1_4/imagenet_ai_0419_sdv4/val/nature/ILSVRC2012_val_00026770.JPEG,0,0,0.004007288945911384,REAL,394.0119706094265,364,2
/workspace/benchmarks_ai_research/data/aigibench/flux/FLUX1-dev/1_fake/FLUX1-dev_1524.png,1,0,0.07246149388408275,FAKE,1003.1777527183294,1427,3
/workspace/benchmarks_ai_research/data/aigibench/flux/FLUX1-dev/1_fake/FLUX1-dev_4126.png,1,1,0.9615338079816756,FAKE,1006.7924875766039,1427,3
/workspace/benchmarks_ai_research/data/aigibench/flux/FLUX1-dev/1_fake/FLUX1-dev_1665.png,1,1,0.9937100978631075,FAKE,1006.8292897194624,1427,3
/workspace/benchmarks_ai_research/data/genimage/sd_1_4/imagenet_ai_0419_sdv4/val/nature/ILSVRC2012_val_00028941.JPEG,0,0,0.0023596606820630445,REAL,331.3434924930334,292,2
/workspace/benchmarks_ai_research/data/aigibench/flux/FLUX1-dev/1_fake/FLUX1-dev_1170.png,1,0,0.26284183737131667,REAL,939.2789844423532,1427,2
/workspace/benchmarks_ai_research/data/aigibench/flux/FLUX1-dev/1_fake/FLUX1-dev_658.png,1,1,0.983342959990771,FAKE,1007.9483911395073,1427,3
/workspace/benchmarks_ai_research/data/aigibench/flux/FLUX1-dev/1_fake/FLUX1-dev_3225.png,1,0,0.07448747052216236,FAKE,1005.0225183367729,1427,3
/workspace/benchmarks_ai_research/data/aigibench/flux/FLUX1-dev/1_fake/FLUX1-dev_570.png,1,0,0.07042555955230273,FAKE,1009.9351722747087,1427,3
/workspace/benchmarks_ai_research/data/aigibench/flux/FLUX1-dev/1_fake/FLUX1-dev_2184.png,1,0,0.07178928214772157,FAKE,1008.0887153744698,1427,3
/workspace/benchmarks_ai_research/data/genimage/sd_1_4/imagenet_ai_0419_sdv4/val/nature/ILSVRC2012_val_00030442.JPEG,0,0,0.0008040859356292355,REAL,334.1769576072693,274,2
/workspace/benchmarks_ai_research/data/aigibench/flux/FLUX1-dev/1_fake/FLUX1-dev_1565.png,1,1,0.9752018398044143,FAKE,1004.8485957086086,1427,3
/workspace/benchmarks_ai_research/data/aigibench/flux/FLUX1-dev/1_fake/FLUX1-dev_1421.png,1,0,0.01590639171181471,REAL,937.7480801194906,1427,2
/workspace/benchmarks_ai_research/data/aigibench/flux/FLUX1-dev/1_fake/FLUX1-dev_2830.png,1,0,0.020645930739218447,REAL,941.1632623523474,1427,2
/workspace/benchmarks_ai_research/data/genimage/sd_1_4/imagenet_ai_0419_sdv4/val/nature/ILSVRC2012_val_00021519.JPEG,0,0,0.005554924703691103,REAL,338.3429329842329,292,2
/workspace/benchmarks_ai_research/data/aigibench/flux/FLUX1-dev/1_fake/FLUX1-dev_2683.png,1,1,0.9449947117065459,FAKE,1004.9113556742668,1427,3
/workspace/benchmarks_ai_research/data/aigibench/flux/FLUX1-dev/1_fake/FLUX1-dev_866.png,1,0,0.07856157089620631,FAKE,1007.3321349918842,1427,3
/workspace/benchmarks_ai_research/data/genimage/sd_1_4/imagenet_ai_0419_sdv4/val/nature/ILSVRC2012_val_00041964.JPEG,0,0,0.006488269596656705,REAL,330.7447284460068,292,2
/workspace/benchmarks_ai_research/data/aigibench/flux/FLUX1-dev/1_fake/FLUX1-dev_692.png,1,0,0.07205001317922642,FAKE,1006.1182174831629,1427,3
/workspace/benchmarks_ai_research/data/genimage/sd_1_4/imagenet_ai_0419_sdv4/val/nature/ILSVRC2012_val_00005668.JPEG,0,0,0.002115703400593114,REAL,328.30252684652805,292,2
/workspace/benchmarks_ai_research/data/genimage/sd_1_4/imagenet_ai_0419_sdv4/val/nature/ILSVRC2012_val_00037585.JPEG,0,0,0.04958902298403175,REAL,333.04518833756447,310,2
/workspace/benchmarks_ai_research/data/aigibench/flux/FLUX1-dev/1_fake/FLUX1-dev_1993.png,1,0,0.3699651610754529,REAL,937.3068362474442,1427,2
/workspace/benchmarks_ai_research/data/genimage/sd_1_4/imagenet_ai_0419_sdv4/val/nature/ILSVRC2012_val_00045712.JPEG,0,0,0.20181322226037882,REAL,283.24037231504917,179,2
/workspace/benchmarks_ai_research/data/genimage/sd_1_4/imagenet_ai_0419_sdv4/val/nature/ILSVRC2012_val_00028061.JPEG,0,0,0.011331753531361453,REAL,326.6714457422495,292,2
/workspace/benchmarks_ai_research/data/genimage/sd_1_4/imagenet_ai_0419_sdv4/val/nature/ILSVRC2012_val_00041308.JPEG,0,0,0.0005274784125231481,REAL,394.84430477023125,382,2
/workspace/benchmarks_ai_research/data/aigibench/flux/FLUX1-dev/1_fake/FLUX1-dev_98.png,1,1,0.9861513897844354,FAKE,1006.3870754092932,1427,3
/workspace/benchmarks_ai_research/data/genimage/sd_1_4/imagenet_ai_0419_sdv4/val/nature/ILSVRC2012_val_00021590.JPEG,0,0,0.011508149064303403,REAL,329.82010021805763,292,2
/workspace/benchmarks_ai_research/data/aigibench/flux/FLUX1-dev/1_fake/FLUX1-dev_4331.png,1,1,0.9407897492587141,FAKE,1004.9777533859015,1427,3
/workspace/benchmarks_ai_research/data/genimage/sd_1_4/imagenet_ai_0419_sdv4/val/nature/ILSVRC2012_val_00026413.JPEG,0,0,0.0009547317110805592,REAL,330.26753924787045,292,2
/workspace/benchmarks_ai_research/data/genimage/sd_1_4/imagenet_ai_0419_sdv4/val/nature/ILSVRC2012_val_00044675.JPEG,0,0,0.0024726231566347748,REAL,326.8862795084715,292,2
/workspace/benchmarks_ai_research/data/aigibench/flux/FLUX1-dev/1_fake/FLUX1-dev_3259.png,1,0,0.06958992315538529,FAKE,1004.3531004339457,1427,3
/workspace/benchmarks_ai_research/data/aigibench/flux/FLUX1-dev/1_fake/FLUX1-dev_2050.png,1,0,0.07165305793820816,FAKE,1004.1793715208769,1427,3
/workspace/benchmarks_ai_research/data/aigibench/flux/FLUX1-dev/1_fake/FLUX1-dev_2327.png,1,1,0.9362850057480346,FAKE,1005.3475964814425,1427,3
/workspace/benchmarks_ai_research/data/aigibench/flux/FLUX1-dev/1_fake/FLUX1-dev_2896.png,1,0,0.16667540468797667,REAL,939.4082669168711,1427,2
/workspace/benchmarks_ai_research/data/aigibench/flux/FLUX1-dev/1_fake/FLUX1-dev_141.png,1,1,0.9840936082881853,FAKE,1011.0735613852739,1427,3
/workspace/benchmarks_ai_research/data/aigibench/flux/FLUX1-dev/1_fake/FLUX1-dev_1358.png,1,1,0.9343951625409306,FAKE,1010.8332056552172,1427,3
/workspace/benchmarks_ai_research/data/aigibench/flux/FLUX1-dev/1_fake/FLUX1-dev_2395.png,1,0,0.07418026738006891,FAKE,1006.4882393926382,1427,3
/workspace/benchmarks_ai_research/data/aigibench/flux/FLUX1-dev/1_fake/FLUX1-dev_2330.png,1,1,0.9632305339244013,FAKE,1007.3847398161888,1427,3
/workspace/benchmarks_ai_research/data/aigibench/flux/FLUX1-dev/1_fake/FLUX1-dev_1523.png,1,0,0.07377250868939313,FAKE,1008.3758663386106,1427,3
/workspace/benchmarks_ai_research/data/genimage/sd_1_4/imagenet_ai_0419_sdv4/val/nature/ILSVRC2012_val_00036254.JPEG,0,0,0.006589771663080563,REAL,338.1332568824291,310,2
/workspace/benchmarks_ai_research/data/genimage/sd_1_4/imagenet_ai_0419_sdv4/val/nature/ILSVRC2012_val_00022571.JPEG,0,0,0.015189048807983947,REAL,334.20700021088123,292,2
/workspace/benchmarks_ai_research/data/aigibench/flux/FLUX1-dev/1_fake/FLUX1-dev_1485.png,1,1,0.9985449370614672,FAKE,1007.247319445014,1427,3
/workspace/benchmarks_ai_research/data/aigibench/flux/FLUX1-dev/1_fake/FLUX1-dev_2619.png,1,0,0.07456442921431003,FAKE,1004.521356895566,1427,3
/workspace/benchmarks_ai_research/data/aigibench/flux/FLUX1-dev/1_fake/FLUX1-dev_916.png,1,0,0.14414885303274058,REAL,941.0352576524019,1427,2
/workspace/benchmarks_ai_research/data/aigibench/flux/FLUX1-dev/1_fake/FLUX1-dev_712.png,1,0,0.07087744184047255,FAKE,1005.7413708418608,1427,3
/workspace/benchmarks_ai_research/data/aigibench/flux/FLUX1-dev/1_fake/FLUX1-dev_3507.png,1,1,0.9553191297273498,FAKE,1012.690357863903,1427,3
/workspace/benchmarks_ai_research/data/genimage/sd_1_4/imagenet_ai_0419_sdv4/val/nature/ILSVRC2012_val_00035417.JPEG,0,0,0.012624949281564409,REAL,332.72342197597027,292,2
/workspace/benchmarks_ai_research/data/aigibench/flux/FLUX1-dev/1_fake/FLUX1-dev_3665.png,1,1,0.9458012701768145,FAKE,1007.5444504618645,1427,3
/workspace/benchmarks_ai_research/data/aigibench/flux/FLUX1-dev/1_fake/FLUX1-dev_4213.png,1,1,0.9920620058985926,FAKE,1007.1615315973759,1427,3
/workspace/benchmarks_ai_research/data/aigibench/flux/FLUX1-dev/1_fake/FLUX1-dev_2138.png,1,1,0.927363293639213,FAKE,1007.9508367925882,1427,3
/workspace/benchmarks_ai_research/data/aigibench/flux/FLUX1-dev/1_fake/FLUX1-dev_2384.png,1,1,0.9736446471538801,FAKE,1006.9532934576273,1427,3
/workspace/benchmarks_ai_research/data/genimage/sd_1_4/imagenet_ai_0419_sdv4/val/nature/ILSVRC2012_val_00001290.JPEG,0,0,0.00154876109428798,REAL,325.91723278164864,292,2
/workspace/benchmarks_ai_research/data/aigibench/flux/FLUX1-dev/1_fake/FLUX1-dev_2257.png,1,0,0.07157887168746117,FAKE,1008.6146872490644,1427,3
/workspace/benchmarks_ai_research/data/aigibench/flux/FLUX1-dev/1_fake/FLUX1-dev_910.png,1,1,0.9553191297273498,FAKE,1007.4839405715466,1427,3
/workspace/benchmarks_ai_research/data/aigibench/flux/FLUX1-dev/1_fake/FLUX1-dev_393.png,1,1,0.9653811611608242,FAKE,1008.3507765084505,1427,3
/workspace/benchmarks_ai_research/data/aigibench/flux/FLUX1-dev/1_fake/FLUX1-dev_3901.png,1,0,0.00433150202056399,REAL,941.3446243852377,1427,2
/workspace/benchmarks_ai_research/data/genimage/sd_1_4/imagenet_ai_0419_sdv4/val/nature/ILSVRC2012_val_00023887.JPEG,0,0,0.013428254741968517,REAL,332.3163203895092,292,2
/workspace/benchmarks_ai_research/data/aigibench/flux/FLUX1-dev/1_fake/FLUX1-dev_1959.png,1,1,0.9991573576912437,FAKE,1008.6047369986773,1427,3
/workspace/benchmarks_ai_research/data/aigibench/flux/FLUX1-dev/1_fake/FLUX1-dev_1577.png,1,0,0.07769077829398727,FAKE,1006.0917250812054,1427,3
/workspace/benchmarks_ai_research/data/genimage/sd_1_4/imagenet_ai_0419_sdv4/val/nature/ILSVRC2012_val_00000278.JPEG,0,0,0.002050743539917378,REAL,331.70342072844505,310,2
/workspace/benchmarks_ai_research/data/aigibench/flux/FLUX1-dev/1_fake/FLUX1-dev_4071.png,1,0,0.06669647198836756,FAKE,1010.5347111821175,1427,3
/workspace/benchmarks_ai_research/data/genimage/sd_1_4/imagenet_ai_0419_sdv4/val/nature/ILSVRC2012_val_00000694.JPEG,0,0,0.007232763803479049,REAL,303.521778434515,212,2
/workspace/benchmarks_ai_research/data/aigibench/flux/FLUX1-dev/1_fake/FLUX1-dev_1288.png,1,1,0.9504109770159683,FAKE,1007.3730479925871,1427,3
/workspace/benchmarks_ai_research/data/aigibench/flux/FLUX1-dev/1_fake/FLUX1-dev_1135.png,1,0,0.07513116270837679,FAKE,1003.825232386589,1427,3
/workspace/benchmarks_ai_research/data/genimage/sd_1_4/imagenet_ai_0419_sdv4/val/nature/ILSVRC2012_val_00029205.JPEG,0,0,0.0037072528743862213,REAL,330.41274920105934,274,2
/workspace/benchmarks_ai_research/data/aigibench/flux/FLUX1-dev/1_fake/FLUX1-dev_1653.png,1,0,0.011158031248084033,REAL,939.6884813904762,1427,2
/workspace/benchmarks_ai_research/data/aigibench/flux/FLUX1-dev/1_fake/FLUX1-dev_988.png,1,0,0.07502785078795485,FAKE,1010.2640967816114,1427,3
/workspace/benchmarks_ai_research/data/aigibench/flux/FLUX1-dev/1_fake/FLUX1-dev_170.png,1,1,0.9899864293768268,FAKE,1009.8367221653461,1427,3
/workspace/benchmarks_ai_research/data/genimage/sd_1_4/imagenet_ai_0419_sdv4/val/nature/ILSVRC2012_val_00024203.JPEG,0,0,0.012821214266594244,REAL,338.15309405326843,292,2
/workspace/benchmarks_ai_research/data/aigibench/flux/FLUX1-dev/1_fake/FLUX1-dev_3131.png,1,0,0.07807816514495095,REAL,941.5280967950821,1427,2
/workspace/benchmarks_ai_research/data/aigibench/flux/FLUX1-dev/1_fake/FLUX1-dev_685.png,1,0,0.06800505187709667,FAKE,1005.3042564541101,1427,3
/workspace/benchmarks_ai_research/data/aigibench/flux/FLUX1-dev/1_fake/FLUX1-dev_4482.png,1,0,0.35936414516010196,REAL,941.1617927253246,1427,2
/workspace/benchmarks_ai_research/data/genimage/sd_1_4/imagenet_ai_0419_sdv4/val/nature/ILSVRC2012_val_00023879.JPEG,0,0,0.017712298703411445,REAL,326.75804011523724,292,2
/workspace/benchmarks_ai_research/data/genimage/sd_1_4/imagenet_ai_0419_sdv4/val/nature/ILSVRC2012_val_00020111.JPEG,0,0,0.01826427835185701,REAL,329.00561206042767,292,2
/workspace/benchmarks_ai_research/data/aigibench/flux/FLUX1-dev/1_fake/FLUX1-dev_4137.png,1,1,0.9988304897349445,FAKE,1007.8326966613531,1427,3
/workspace/benchmarks_ai_research/data/aigibench/flux/FLUX1-dev/1_fake/FLUX1-dev_2708.png,1,0,0.0727119352651472,FAKE,1009.763553738594,1427,3
/workspace/benchmarks_ai_research/data/aigibench/flux/FLUX1-dev/1_fake/FLUX1-dev_1981.png,1,0,0.07321521255486525,FAKE,1006.7615546286106,1427,3
/workspace/benchmarks_ai_research/data/genimage/sd_1_4/imagenet_ai_0419_sdv4/val/nature/ILSVRC2012_val_00039137.JPEG,0,0,0.007695647178392188,REAL,1422.7002412080765,2224,2
/workspace/benchmarks_ai_research/data/aigibench/flux/FLUX1-dev/1_fake/FLUX1-dev_1537.png,1,1,0.9449947117065459,FAKE,1007.3120482265949,1427,3
/workspace/benchmarks_ai_research/data/aigibench/flux/FLUX1-dev/1_fake/FLUX1-dev_343.png,1,1,0.9715639669551474,FAKE,1007.8593231737614,1427,3
/workspace/benchmarks_ai_research/data/aigibench/flux/FLUX1-dev/1_fake/FLUX1-dev_336.png,1,1,0.9719924793940118,FAKE,1009.7893178462982,1427,3
/workspace/benchmarks_ai_research/data/genimage/sd_1_4/imagenet_ai_0419_sdv4/val/nature/ILSVRC2012_val_00014971.JPEG,0,0,0.07369626970604846,REAL,341.388002038002,292,2
/workspace/benchmarks_ai_research/data/genimage/sd_1_4/imagenet_ai_0419_sdv4/val/nature/ILSVRC2012_val_00021116.JPEG,0,0,0.24220562872535945,REAL,332.0278637111187,274,2
/workspace/benchmarks_ai_research/data/aigibench/flux/FLUX1-dev/1_fake/FLUX1-dev_1023.png,1,1,0.9986954933533843,FAKE,1006.5652057528496,1427,3
/workspace/benchmarks_ai_research/data/genimage/sd_1_4/imagenet_ai_0419_sdv4/val/nature/ILSVRC2012_val_00037887.JPEG,0,0,0.0018969200744787132,REAL,334.05290357768536,274,2
/workspace/benchmarks_ai_research/data/aigibench/flux/FLUX1-dev/1_fake/FLUX1-dev_3280.png,1,1,0.9381240142763573,FAKE,1004.2487643659115,1427,3
/workspace/benchmarks_ai_research/data/genimage/sd_1_4/imagenet_ai_0419_sdv4/val/nature/ILSVRC2012_val_00029427.JPEG,0,0,0.026759283185443145,REAL,284.4921834766865,136,2
/workspace/benchmarks_ai_research/data/aigibench/flux/FLUX1-dev/1_fake/FLUX1-dev_184.png,1,0,0.07274956055518017,FAKE,1008.4145367145538,1427,3
/workspace/benchmarks_ai_research/data/genimage/sd_1_4/imagenet_ai_0419_sdv4/val/nature/ILSVRC2012_val_00046483.JPEG,0,0,0.004133968090452445,REAL,330.1195316016674,274,2
/workspace/benchmarks_ai_research/data/aigibench/flux/FLUX1-dev/1_fake/FLUX1-dev_3407.png,1,0,0.003884476548765805,REAL,940.4412303119898,1427,2
/workspace/benchmarks_ai_research/data/aigibench/flux/FLUX1-dev/1_fake/FLUX1-dev_2151.png,1,1,0.9653811611608242,FAKE,1007.6903533190489,1427,3
/workspace/benchmarks_ai_research/data/aigibench/flux/FLUX1-dev/1_fake/FLUX1-dev_674.png,1,1,0.9996898440132873,FAKE,1007.1150157600641,1427,3
/workspace/benchmarks_ai_research/data/aigibench/flux/FLUX1-dev/1_fake/FLUX1-dev_2953.png,1,0,0.184767510648,REAL,944.9143912643194,1427,2
/workspace/benchmarks_ai_research/data/aigibench/flux/FLUX1-dev/1_fake/FLUX1-dev_2795.png,1,1,0.9891815513471369,FAKE,1005.2827522158623,1427,3
/workspace/benchmarks_ai_research/data/aigibench/flux/FLUX1-dev/1_fake/FLUX1-dev_529.png,1,1,0.9780517462851323,FAKE,1008.9451037347317,1427,3
/workspace/benchmarks_ai_research/data/aigibench/flux/FLUX1-dev/1_fake/FLUX1-dev_2799.png,1,1,0.9643214491222695,FAKE,1007.2514042258263,1427,3
/workspace/benchmarks_ai_research/data/aigibench/flux/FLUX1-dev/1_fake/FLUX1-dev_2099.png,1,0,0.20181322226037882,REAL,937.8477558493614,1427,2
/workspace/benchmarks_ai_research/data/aigibench/flux/FLUX1-dev/1_fake/FLUX1-dev_1681.png,1,1,0.9702399060540357,FAKE,1007.8704506158829,1427,3
/workspace/benchmarks_ai_research/data/aigibench/flux/FLUX1-dev/1_fake/FLUX1-dev_1634.png,1,0,0.30735801686526387,REAL,939.3135234713554,1427,2
/workspace/benchmarks_ai_research/data/aigibench/flux/FLUX1-dev/1_fake/FLUX1-dev_1827.png,1,0,0.1645164628965632,REAL,940.6027775257826,1427,2
/workspace/benchmarks_ai_research/data/genimage/sd_1_4/imagenet_ai_0419_sdv4/val/nature/ILSVRC2012_val_00018262.JPEG,0,0,0.008061991528271641,REAL,334.2007286846638,268,2
/workspace/benchmarks_ai_research/data/aigibench/flux/FLUX1-dev/1_fake/FLUX1-dev_4380.png,1,0,0.08012411324580003,FAKE,1009.5293577760458,1427,3
/workspace/benchmarks_ai_research/data/aigibench/flux/FLUX1-dev/1_fake/FLUX1-dev_2312.png,1,0,0.07325307769642024,FAKE,1006.4234919846058,1427,3
/workspace/benchmarks_ai_research/data/genimage/sd_1_4/imagenet_ai_0419_sdv4/val/nature/ILSVRC2012_val_00024481.JPEG,0,0,0.032589744766025344,REAL,334.495360031724,292,2
/workspace/benchmarks_ai_research/data/aigibench/flux/FLUX1-dev/1_fake/FLUX1-dev_1320.png,1,1,0.9511422213778251,FAKE,1008.5320994257927,1427,3
/workspace/benchmarks_ai_research/data/aigibench/flux/FLUX1-dev/1_fake/FLUX1-dev_1849.png,1,1,0.9585377272885904,FAKE,1009.5676500350237,1427,3
/workspace/benchmarks_ai_research/data/genimage/sd_1_4/imagenet_ai_0419_sdv4/val/nature/ILSVRC2012_val_00008749.JPEG,0,0,0.011508149064303403,REAL,302.37044021487236,198,2
/workspace/benchmarks_ai_research/data/genimage/sd_1_4/imagenet_ai_0419_sdv4/val/nature/ILSVRC2012_val_00004791.JPEG,0,0,0.0015978454940173436,REAL,333.72597955167294,310,2
/workspace/benchmarks_ai_research/data/aigibench/flux/FLUX1-dev/1_fake/FLUX1-dev_2468.png,1,0,0.3508024535693571,REAL,936.4880956709385,1427,2
/workspace/benchmarks_ai_research/data/genimage/sd_1_4/imagenet_ai_0419_sdv4/val/nature/ILSVRC2012_val_00000292.JPEG,0,0,0.008315778477474129,REAL,328.32201942801476,292,2
/workspace/benchmarks_ai_research/data/aigibench/flux/FLUX1-dev/1_fake/FLUX1-dev_1504.png,1,1,0.9591542840900507,FAKE,1011.1328177154064,1427,3
/workspace/benchmarks_ai_research/data/aigibench/flux/FLUX1-dev/1_fake/FLUX1-dev_3066.png,1,0,0.32423539898095244,REAL,939.7201761603355,1427,2
/workspace/benchmarks_ai_research/data/aigibench/flux/FLUX1-dev/1_fake/FLUX1-dev_2509.png,1,0,0.00154876109428798,REAL,942.0065842568874,1427,2
/workspace/benchmarks_ai_research/data/aigibench/flux/FLUX1-dev/1_fake/FLUX1-dev_1697.png,1,0,0.07701372887288047,FAKE,1011.0886171460152,1427,3
/workspace/benchmarks_ai_research/data/aigibench/flux/FLUX1-dev/1_fake/FLUX1-dev_3078.png,1,0,0.05834584061168106,REAL,939.9267956614494,1427,2
/workspace/benchmarks_ai_research/data/aigibench/flux/FLUX1-dev/1_fake/FLUX1-dev_556.png,1,1,0.9987551566979116,FAKE,1007.248766720295,1427,3
/workspace/benchmarks_ai_research/data/aigibench/flux/FLUX1-dev/1_fake/FLUX1-dev_2159.png,1,1,0.9597620573763841,FAKE,1006.1752330511808,1427,3
/workspace/benchmarks_ai_research/data/aigibench/flux/FLUX1-dev/1_fake/FLUX1-dev_516.png,1,1,0.9999349718321424,FAKE,1007.7155698090792,1427,3
/workspace/benchmarks_ai_research/data/aigibench/flux/FLUX1-dev/1_fake/FLUX1-dev_2176.png,1,0,0.10970577387797076,REAL,940.2880314737558,1427,2
/workspace/benchmarks_ai_research/data/genimage/sd_1_4/imagenet_ai_0419_sdv4/val/nature/ILSVRC2012_val_00039498.JPEG,0,0,0.0008969393236719385,REAL,332.10274390876293,292,2
/workspace/benchmarks_ai_research/data/genimage/sd_1_4/imagenet_ai_0419_sdv4/val/nature/ILSVRC2012_val_00046490.JPEG,0,0,0.029760093945964218,REAL,331.9036588072777,292,2
/workspace/benchmarks_ai_research/data/aigibench/flux/FLUX1-dev/1_fake/FLUX1-dev_4407.png,1,1,0.9390248191350352,FAKE,1007.3461346328259,1427,3
/workspace/benchmarks_ai_research/data/genimage/sd_1_4/imagenet_ai_0419_sdv4/val/nature/ILSVRC2012_val_00006407.JPEG,0,0,0.02843603304485266,REAL,277.91111543774605,154,2
/workspace/benchmarks_ai_research/data/aigibench/flux/FLUX1-dev/1_fake/FLUX1-dev_933.png,1,0,0.2689414213699951,REAL,942.048218101263,1427,2
/workspace/benchmarks_ai_research/data/genimage/sd_1_4/imagenet_ai_0419_sdv4/val/nature/ILSVRC2012_val_00003113.JPEG,0,0,0.009859855303538789,REAL,394.3873643875122,382,2
/workspace/benchmarks_ai_research/data/aigibench/flux/FLUX1-dev/1_fake/FLUX1-dev_1646.png,1,1,0.9817357216481429,FAKE,1006.4594261348248,1427,3
/workspace/benchmarks_ai_research/data/genimage/sd_1_4/imagenet_ai_0419_sdv4/val/nature/ILSVRC2012_val_00039764.JPEG,0,0,0.005819959584259008,REAL,396.57521061599255,382,2
/workspace/benchmarks_ai_research/data/genimage/sd_1_4/imagenet_ai_0419_sdv4/val/nature/ILSVRC2012_val_00021665.JPEG,0,0,0.17781086947804958,REAL,328.57049629092216,274,2
/workspace/benchmarks_ai_research/data/aigibench/flux/FLUX1-dev/1_fake/FLUX1-dev_3909.png,1,1,0.9711290930537122,FAKE,1007.8715123236179,1427,3
/workspace/benchmarks_ai_research/data/aigibench/flux/FLUX1-dev/1_fake/FLUX1-dev_2059.png,1,1,0.9993833702652382,FAKE,1005.3788144141436,1427,3
/workspace/benchmarks_ai_research/data/aigibench/flux/FLUX1-dev/1_fake/FLUX1-dev_3719.png,1,0,0.37435481354913236,REAL,942.8789205849171,1427,2
/workspace/benchmarks_ai_research/data/genimage/sd_1_4/imagenet_ai_0419_sdv4/val/nature/ILSVRC2012_val_00025224.JPEG,0,0,0.002323162522631283,REAL,392.0173645019531,426,2
/workspace/benchmarks_ai_research/data/genimage/sd_1_4/imagenet_ai_0419_sdv4/val/nature/ILSVRC2012_val_00014049.JPEG,0,0,0.006797531550373378,REAL,333.9572995901108,292,2
/workspace/benchmarks_ai_research/data/genimage/sd_1_4/imagenet_ai_0419_sdv4/val/nature/ILSVRC2012_val_00048907.JPEG,0,0,0.03904829272622638,REAL,391.9839132577181,364,2
/workspace/benchmarks_ai_research/data/aigibench/flux/FLUX1-dev/1_fake/FLUX1-dev_78.png,1,1,0.9702399060540357,FAKE,1025.8127208799124,1427,3
/workspace/benchmarks_ai_research/data/aigibench/flux/FLUX1-dev/1_fake/FLUX1-dev_330.png,1,0,0.06939745526435852,FAKE,1021.0528820753098,1427,3
/workspace/benchmarks_ai_research/data/aigibench/flux/FLUX1-dev/1_fake/FLUX1-dev_1850.png,1,1,0.999971590257054,FAKE,1024.7152596712112,1427,3
/workspace/benchmarks_ai_research/data/aigibench/flux/FLUX1-dev/1_fake/FLUX1-dev_1065.png,1,1,0.9381240142763573,FAKE,1025.8682873100042,1427,3
/workspace/benchmarks_ai_research/data/aigibench/flux/FLUX1-dev/1_fake/FLUX1-dev_2628.png,1,0,0.07406537105194919,FAKE,1024.2328345775604,1427,3
/workspace/benchmarks_ai_research/data/aigibench/flux/FLUX1-dev/1_fake/FLUX1-dev_2958.png,1,1,0.9572778024535095,FAKE,1018.2447731494904,1427,3
/workspace/benchmarks_ai_research/data/aigibench/flux/FLUX1-dev/1_fake/FLUX1-dev_3151.png,1,0,0.07369626970604846,REAL,947.6518090814352,1427,2
/workspace/benchmarks_ai_research/data/aigibench/flux/FLUX1-dev/1_fake/FLUX1-dev_403.png,1,0,0.0736328197283956,FAKE,1021.2586279958487,1427,3
/workspace/benchmarks_ai_research/data/aigibench/flux/FLUX1-dev/1_fake/FLUX1-dev_3246.png,1,0,0.03846619201832428,REAL,950.273746624589,1427,2
/workspace/benchmarks_ai_research/data/genimage/sd_1_4/imagenet_ai_0419_sdv4/val/nature/ILSVRC2012_val_00018675.JPEG,0,1,0.9702399060540357,FAKE,661.7169734090567,868,3
