path,y_qwen,y_qwen_text,p_fake_qwen,p_real_qwen,qwen_margin,qwen_input_tokens,qwen_output_tokens,latency_qwen_ms,raw
/workspace/data/genbuster-mini/extracted/GenBuster-200K-mini/benchmark/real/01d7dce697b2c3be67fa8e5c77be91c82be0ba9e590b4c2636f2c98b944229f6.mp4,1,0,0.9959941914456385,0.004005808554361491,0.991988382891277,1427,2,1531.3899591565132,REAL
/workspace/data/genbuster-mini/extracted/GenBuster-200K-mini/benchmark/real/01657b74cbc6265899b7ec80f7fb089aacd97e87190d696261632f2f3d595551.mp4,0,1,0.18370528772946162,0.8162947122705384,0.6325894245410768,1427,3,698.9753395318985,FAKE
/workspace/data/genbuster-mini/extracted/GenBuster-200K-mini/benchmark/real/00bc6d099e238d673ab49da3c4ee6c3948ef3bac6fc339b129ef5cd242b1838a.mp4,0,0,0.048857778622174906,0.9511422213778251,0.9022844427556502,1427,2,668.4151440858841,REAL
/workspace/data/genbuster-mini/extracted/GenBuster-200K-mini/benchmark/real/00b7d4faaf2a33451384d4f5e94be1e08e5c748775e50993f0b906edd0b2744a.mp4,0,1,0.17764780482152392,0.8223521951784761,0.6447043903569523,1427,3,703.3669799566269,FAKE
/workspace/data/genbuster-mini/extracted/GenBuster-200K-mini/benchmark/real/00b2a2722089d0fe98102895074f5fd2cc44f7291f91581657ce6d6180aa0cba.mp4,0,1,0.16370000473705262,0.8362999952629473,0.6725999905258947,1427,3,703.4656181931496,FAKE
/workspace/data/genbuster-mini/extracted/GenBuster-200K-mini/benchmark/real/ffabb5b699586169b8b13343eb4ff1193aa7d6877f3aaa5479e3358da6512b7b.mp4,1,0,0.9927377860297063,0.007262213970293794,0.9854755720594125,1427,2,672.557570040226,REAL
/workspace/data/genbuster-mini/extracted/GenBuster-200K-mini/benchmark/real/ff81da7f4707728ba5cf56ea2a8c14963a46176cb2746de2d6b4d23c32b33231.mp4,0,0,0.027585282226789985,0.9724147177732099,0.9448294355464198,1427,2,674.9392300844193,REAL
/workspace/data/genbuster-mini/extracted/GenBuster-200K-mini/benchmark/real/ff672899dba83014d31d95bc75049f67b395e21cfdad578d1c099cdae7df796b.mp4,0,0,0.10374862686637971,0.8962513731336202,0.7925027462672405,1427,2,699.2741450667381,REAL
/workspace/data/genbuster-mini/extracted/GenBuster-200K-mini/benchmark/real/fe41e6ae69865f2593b5dc2b479cde7cb7ae8a83142deb2574e0ecec0e13b17e.mp4,1,0,0.9121681931709872,0.08783180682901286,0.8243363863419744,1427,2,706.1273008584976,REAL
/workspace/data/genbuster-mini/extracted/GenBuster-200K-mini/benchmark/real/fe01dd8cabab86d44b7399572aa218e841230685a5e22c8148b3956b77d16636.mp4,1,0,0.9236972390809394,0.07630276091906066,0.8473944781618787,1427,2,693.0354759097099,REAL
/workspace/data/genbuster-mini/extracted/GenBuster-200K-mini/benchmark/real/fd9567f10d00d9d0d966ffa8c39445273be9822841d0376b14c1992b0fd5104a.mp4,1,1,0.8221891305219503,0.17781086947804958,0.6443782610439007,1427,3,711.7633000016212,FAKE
/workspace/data/genbuster-mini/extracted/GenBuster-200K-mini/benchmark/real/fd4bc0ee6bc371fc65baaeb3b0fcc2e82895b4057123786ab518d00c3151597e.mp4,0,1,0.1802166765089288,0.8197833234910711,0.6395666469821423,1427,3,703.8323804736137,FAKE
/workspace/data/genbuster-mini/extracted/GenBuster-200K-mini/benchmark/real/fd38260b2d293fb0294ed8f7a5cda8665073a36bca8fcbba382fd7608a1fdf8d.mp4,0,1,0.17955809046432933,0.8204419095356706,0.6408838190713413,1427,3,698.8607123494148,FAKE
/workspace/data/genbuster-mini/extracted/GenBuster-200K-mini/benchmark/real/fd02416ac8201fc9ec6eaab453d52ea03f0b04ec48dc93f08e5b8457eb72b538.mp4,0,0,0.06465348835622392,0.9353465116437761,0.8706930232875523,1427,2,672.0918640494347,REAL
/workspace/data/genbuster-mini/extracted/GenBuster-200K-mini/benchmark/real/fc21ccee80691c18ca62b48929fb70fb586801719ace7ec27fcbb6cf8ba68e28.mp4,0,1,0.1714836587929951,0.828516341207005,0.6570326824140099,1427,3,700.5481272935867,FAKE
/workspace/data/genbuster-mini/extracted/GenBuster-200K-mini/benchmark/real/fb3a85105f094c4ac591cd4e4d4bfc82c0e26679e01fa8ae07a24ca23f2f91f0.mp4,0,1,0.1381957976962105,0.8618042023037895,0.723608404607579,1427,3,703.9192989468575,FAKE
/workspace/data/genbuster-mini/extracted/GenBuster-200K-mini/benchmark/real/fb232d4593fff918788ce4e39d5593037ff80ee7f41df9bb8d7972bfcf1d812c.mp4,1,0,0.9892727343127151,0.010727265687284928,0.9785454686254302,1427,2,672.5196689367294,REAL
/workspace/data/genbuster-mini/extracted/GenBuster-200K-mini/benchmark/real/fab6d58928f0b767125e9c9fb6cccc33ae1db9d07cc597048200d53917388b0d.mp4,0,0,0.07159119944455247,0.9284088005554476,0.8568176011108951,1427,2,667.5039455294609,REAL
/workspace/data/genbuster-mini/extracted/GenBuster-200K-mini/benchmark/real/fa93984a8a2e5044293e92fa7180efed4b870808615ba96b83e50516198cd6f6.mp4,0,0,0.04958902298403175,0.9504109770159683,0.9008219540319365,1427,2,667.5581634044647,REAL
/workspace/data/genbuster-mini/extracted/GenBuster-200K-mini/benchmark/real/fa7ba155356874927b3b531438b350b6525681a9223cd7ecedf7c2f965c0da9a.mp4,0,1,0.2084244312897781,0.7915755687102219,0.5831511374204439,1427,3,699.6350362896919,FAKE
/workspace/data/genbuster-mini/extracted/GenBuster-200K-mini/benchmark/real/fa621e4f20b302d4bfff8761ac6a61e0d5ff3e84d7d85e3f0b66ff5681d347e4.mp4,1,0,0.9560439129441675,0.04395608705583257,0.9120878258883349,1427,2,675.7804602384567,REAL
/workspace/data/genbuster-mini/extracted/GenBuster-200K-mini/benchmark/real/fa3e4020993636765943f92e712c86db94ca1887d3a7c29612614779eface9e9.mp4,1,0,0.9687549490648354,0.03124505093516463,0.9375098981296708,1427,2,667.0489609241486,REAL
/workspace/data/genbuster-mini/extracted/GenBuster-200K-mini/benchmark/real/fa108ee877afe4b87b22287b0d8a7a10ca31e2e986a3fcd2ccf69076c2151b1b.mp4,1,0,0.9511594581595313,0.04884054184046859,0.9023189163190627,1427,2,667.8798496723175,REAL
/workspace/data/genbuster-mini/extracted/GenBuster-200K-mini/benchmark/real/f9f3d7eff6d70534a1ee87a247392201626d3b11d82cf5786b60fd21cf174e78.mp4,1,0,0.94739953697567,0.052600463024330024,0.8947990739513401,1427,2,667.3046201467514,REAL
/workspace/data/genbuster-mini/extracted/GenBuster-200K-mini/benchmark/real/f9c33b9bea60d56220302f1a0b1d050d31cc8b8633e3b17c945421ee40a06083.mp4,1,0,0.9780597085106406,0.02194029148935943,0.9561194170212812,1427,2,668.5084998607635,REAL
/workspace/data/genbuster-mini/extracted/GenBuster-200K-mini/benchmark/real/f98d9ccd447a7f72e21e2d2a96473d58bb9786460c026fccb0f561d921304cc3.mp4,0,1,0.20512946044772454,0.7948705395522755,0.589741079104551,1427,3,727.6121973991394,FAKE
/workspace/data/genbuster-mini/extracted/GenBuster-200K-mini/benchmark/real/f974eef3d748c96400da86265efc5f5c1afbcd98fbc4252167003eeb717d9dd2.mp4,1,0,0.9814398729789019,0.01856012702109807,0.9628797459578038,1427,2,673.9422678947449,REAL
/workspace/data/genbuster-mini/extracted/GenBuster-200K-mini/benchmark/real/f9709b4bbade11584195fec359c02a5bf328d062dadd913697a58bfb09e7b736.mp4,0,1,0.17011382974874947,0.8298861702512506,0.6597723405025011,1427,3,703.6460787057877,FAKE
/workspace/data/genbuster-mini/extracted/GenBuster-200K-mini/benchmark/real/f93cfe16d2b0b151fdf0a6b2b27eb0b7d00c4f0bf46fdb7d872aab6d07c0a917.mp4,0,1,0.1653363197162632,0.8346636802837368,0.6693273605674737,1427,3,705.4028287529945,FAKE
/workspace/data/genbuster-mini/extracted/GenBuster-200K-mini/benchmark/real/f83e5080eec1a2bae9c40663839fde98fdfb9f97dcce6031860efebabed2d346.mp4,0,0,0.09138210306717136,0.9086178969328287,0.8172357938656574,1427,2,669.42248493433,REAL
/workspace/data/genbuster-mini/extracted/GenBuster-200K-mini/benchmark/real/f8187c57e5055f22c37ede363bb65cecfebfbc8e17a49d8765c60831a2aed212.mp4,1,1,0.7879311956428947,0.21206880435710532,0.5758623912857894,1427,3,705.8182433247566,FAKE
/workspace/data/genbuster-mini/extracted/GenBuster-200K-mini/benchmark/real/f7ee64921a549a4d5b5f02d0ed58186b9e9bca195bd992d46e7703c9701b9f8f.mp4,1,0,0.9751928206094607,0.024807179390539356,0.9503856412189213,1427,2,672.3475530743599,REAL
/workspace/data/genbuster-mini/extracted/GenBuster-200K-mini/benchmark/real/f7e9ef5eb734923046795956a06b3f8078947827b284d2ea89a48a0e8791599b.mp4,1,0,0.9930192119230249,0.006980788076975036,0.9860384238460499,1427,2,669.798769056797,REAL
/workspace/data/genbuster-mini/extracted/GenBuster-200K-mini/benchmark/real/f78be9d6c96967f293ac983bdda3a502853e48e19fce2a8fb4df4f20f330fa26.mp4,1,0,0.9878929318527823,0.012107068147217698,0.9757858637055645,1427,2,670.3346744179726,REAL
/workspace/data/genbuster-mini/extracted/GenBuster-200K-mini/benchmark/real/f721a63e5cf83cd273dd7424c6a8932d622a0246c620f873afab8205bb44f262.mp4,1,0,0.9341666784875853,0.06583332151241478,0.8683333569751706,1427,2,666.4706841111183,REAL
/workspace/data/genbuster-mini/extracted/GenBuster-200K-mini/benchmark/real/f70ac7139c2e2ce99d5f05c5ba0cb511161b10a0634bcbcab8beec7985abfb5e.mp4,1,0,0.9106967565412375,0.0893032434587625,0.821393513082475,1427,2,671.7666313052177,REAL
/workspace/data/genbuster-mini/extracted/GenBuster-200K-mini/benchmark/real/f6fb3ce4f39a804453d309829ba81e762e89ae1018113d3b3025c79d3e7df20d.mp4,0,1,0.17650935685366634,0.8234906431463337,0.6469812862926674,1427,3,701.8194645643234,FAKE
/workspace/data/genbuster-mini/extracted/GenBuster-200K-mini/benchmark/real/f6f726abc51d32a6866d58c1514762e1aec7f91fcf22e5733dd274a3f157d26b.mp4,1,1,0.9664104943498959,0.033589505650103976,0.9328209886997919,1427,3,708.2662060856819,FAKE
/workspace/data/genbuster-mini/extracted/GenBuster-200K-mini/benchmark/real/f63060417007ee1caa0d71b32cb94025c61f7d38f3a8981811c777f1aa0f5aa5.mp4,1,0,0.9874950530468065,0.012504946953193484,0.974990106093613,1427,2,682.5529113411903,REAL
/workspace/data/genbuster-mini/extracted/GenBuster-200K-mini/benchmark/real/f5ceb139efd93de889c1e54632d3dbc55c2ca9b9b0996de69590fb95d255c401.mp4,1,0,0.9913939854675113,0.008606014532488732,0.9827879709350226,1427,2,675.3605902194977,REAL
/workspace/data/genbuster-mini/extracted/GenBuster-200K-mini/benchmark/real/f5aa6854c5fa222b75bf307c2fcfee0424ac990601e53b8e50ae27eee193452e.mp4,1,0,0.9526748412017946,0.04732515879820551,0.905349682403589,1427,2,670.5558747053146,REAL
/workspace/data/genbuster-mini/extracted/GenBuster-200K-mini/benchmark/real/f57046e2d31dd9ccf4b9ea53aa96e99b9e53b27b4cb8886d56680f28d447cc97.mp4,1,0,0.9873796743472153,0.012620325652784712,0.9747593486944306,1427,2,668.3070808649063,REAL
/workspace/data/genbuster-mini/extracted/GenBuster-200K-mini/benchmark/real/f54917c47a8580ef4ab012f26e4f347c7f5108d6fb64ac1393c39c846b087b3c.mp4,1,0,0.9859415159698289,0.014058484030171086,0.9718830319396579,1427,2,668.3195158839226,REAL
/workspace/data/genbuster-mini/extracted/GenBuster-200K-mini/benchmark/real/f529242c22cc9c8b84a46b3afaaec57822d252953e61d56b9334ba5a2cb37986.mp4,1,0,0.9470462128686319,0.05295378713136812,0.8940924257372638,1427,2,668.2270392775536,REAL
/workspace/data/genbuster-mini/extracted/GenBuster-200K-mini/benchmark/real/f4f8eeaf3d6218b444c6d16fa330b5935ed70c9df44fae402f14d2bbd352b1b9.mp4,0,0,0.01691491326672651,0.9830850867332734,0.9661701734665469,1427,2,668.6693802475929,REAL
/workspace/data/genbuster-mini/extracted/GenBuster-200K-mini/benchmark/real/f433bc9eb035018550d0f1d0ea315a53b020112b94564e9a1adaff573c56a9ce.mp4,0,0,0.09947021388210707,0.9005297861178929,0.8010595722357858,1427,2,677.2973760962486,REAL
/workspace/data/genbuster-mini/extracted/GenBuster-200K-mini/benchmark/real/f3fdcedb1e58f18a8045b6c698a4121c7aefcf4616f5179153d7be60f930fa53.mp4,1,0,0.9885382990678259,0.011461700932174176,0.9770765981356517,1427,2,678.5201504826546,REAL
/workspace/data/genbuster-mini/extracted/GenBuster-200K-mini/benchmark/real/f3fd2f36557289e60c74e411e62fc6ea46b9b2fccc799bdd96a33cc55973506f.mp4,0,0,0.03410042571231151,0.9658995742876885,0.9317991485753769,1427,2,681.598037481308,REAL
/workspace/data/genbuster-mini/extracted/GenBuster-200K-mini/benchmark/real/f39891da5ff65de95d9d534a1e065474f913f15e2589b76835261e448d5d71b0.mp4,1,0,0.9528255746101114,0.047174425389888586,0.9056511492202228,1427,2,679.5819476246834,REAL
/workspace/data/genbuster-mini/extracted/GenBuster-200K-mini/benchmark/real/f382eabf50fd318341aada36b8b5dc88e234410401c2b82eb40ff87b1892f6de.mp4,0,1,0.14364484857101376,0.8563551514289862,0.7127103028579724,1427,3,718.3449566364288,FAKE
/workspace/data/genbuster-mini/extracted/GenBuster-200K-mini/benchmark/real/f380717d353b0bdf4a02cdee039820d94c5d1516fc8727bbefcd4f17a0cdb29b.mp4,0,1,0.19419314879806385,0.8058068512019361,0.6116137024038723,1427,3,710.3379964828491,FAKE
/workspace/data/genbuster-mini/extracted/GenBuster-200K-mini/benchmark/real/f3681b514c333fd0cb35547822165fc952cf2f32bfc4cef6fea23f7217ce33d2.mp4,1,0,0.969991821544126,0.03000817845587412,0.9399836430882519,1427,2,683.8573515415192,REAL
/workspace/data/genbuster-mini/extracted/GenBuster-200K-mini/benchmark/real/f31df9086cf78151a7c4aa6a6822267fb1575b90073d30a5d01f9b5a1aa6ecb2.mp4,0,1,0.18929267701754668,0.8107073229824534,0.6214146459649067,1427,3,719.8047861456871,FAKE
/workspace/data/genbuster-mini/extracted/GenBuster-200K-mini/benchmark/real/f24e1240bdd9ddf91ed64c2148da7e067a2e70f36492ec91e73081faf7e6fc8e.mp4,1,0,0.9386402555421826,0.0613597444578174,0.8772805110843651,1427,2,683.6656481027603,REAL
/workspace/data/genbuster-mini/extracted/GenBuster-200K-mini/benchmark/real/f1f9a74a129ffdc68397ed4305ee93850c7f38e2e5802c32a1e7c46298e3e5bb.mp4,1,0,0.9925283247586764,0.007471675241323712,0.9850566495173526,1427,2,679.9964234232903,REAL
/workspace/data/genbuster-mini/extracted/GenBuster-200K-mini/benchmark/real/f1cb5231b55aa92a9b33bdfabbe39384b523846d0b3ed6c4feff71d0263c9126.mp4,1,0,0.9850319357365002,0.014968064263499826,0.9700638714730003,1427,2,684.2103525996208,REAL
/workspace/data/genbuster-mini/extracted/GenBuster-200K-mini/benchmark/real/f1776c3465f146000939fc44da8081af59f574ded33fe8766dd025951f71568f.mp4,1,0,0.9407067684882425,0.059293231511757485,0.8814135369764851,1427,2,675.8267357945442,REAL
/workspace/data/genbuster-mini/extracted/GenBuster-200K-mini/benchmark/real/f160fd12cb7fb266ebb097e741721572128293b08906ebae90814a64b6100600.mp4,1,0,0.9768549779847326,0.0231450220152674,0.9537099559694653,1427,2,675.262063741684,REAL
/workspace/data/genbuster-mini/extracted/GenBuster-200K-mini/benchmark/real/f1462a8cccc3598e2a41b79bc105feea6b938d05efe2876b948b1733f1a3d5fc.mp4,1,1,0.8479677583778257,0.15203224162217424,0.6959355167556515,1427,3,715.5968025326729,FAKE
/workspace/data/genbuster-mini/extracted/GenBuster-200K-mini/benchmark/real/f13c19ce6e5ab68554b3eddd7d5767fbe78a9863ded18fa5482146dd964d6ae2.mp4,0,0,0.03904829272622638,0.9609517072737735,0.9219034145475472,1427,2,673.903651535511,REAL
/workspace/data/genbuster-mini/extracted/GenBuster-200K-mini/benchmark/real/f12163064b08a0ec580e6259c81b22bc55f9c1b04fc0635a20414649b12d0e60.mp4,0,1,0.22173571781094098,0.778264282189059,0.5565285643781179,1427,3,711.2786769866943,FAKE
/workspace/data/genbuster-mini/extracted/GenBuster-200K-mini/benchmark/real/f100581388bed75a848912835ebbb4908d6525b5b15071f6a7b2a3103e13a9d5.mp4,0,1,0.16740015970152847,0.8325998402984714,0.665199680596943,1427,3,708.074614405632,FAKE
/workspace/data/genbuster-mini/extracted/GenBuster-200K-mini/benchmark/real/f0d478b6507da43c791d6901185a251051272265101397b752730bede51c89c4.mp4,1,0,0.9164519862212046,0.08354801377879542,0.8329039724424092,1427,2,678.0488640069962,REAL
/workspace/data/genbuster-mini/extracted/GenBuster-200K-mini/benchmark/real/f0a9f85365b313db61e15e9b2a6d966dc10cb5c5b8d2b81517b002f2226a84ea.mp4,1,1,0.8577681049901036,0.1422318950098963,0.7155362099802073,1427,3,707.1217745542526,FAKE
/workspace/data/genbuster-mini/extracted/GenBuster-200K-mini/benchmark/real/efec34f86d8e7c5eb150a245d2f51fbf2c7858b47b77a36d61bd3b967ef63781.mp4,1,0,0.9709092160213835,0.029090783978616593,0.9418184320427668,1427,2,670.4674661159515,REAL
/workspace/data/genbuster-mini/extracted/GenBuster-200K-mini/benchmark/real/efa5a9ee9d71cd6a7f387e346285f3e62bc306139d67107fe4f050269a937853.mp4,1,0,0.9724346644722216,0.02756533552777831,0.9448693289444433,1427,2,676.7103523015976,REAL
/workspace/data/genbuster-mini/extracted/GenBuster-200K-mini/benchmark/real/ef91f9096326869fcedd7327af52b6b82f03e28e623becad392223bd9ce03722.mp4,1,0,0.9178933010793328,0.08210669892066721,0.8357866021586655,1427,2,681.3118308782578,REAL
/workspace/data/genbuster-mini/extracted/GenBuster-200K-mini/benchmark/real/ef5345962c143768a1ebb3d4edeb0752a107ba96a423cb1de2bce902b3e63dc3.mp4,1,0,0.9851085291749181,0.014891470825081998,0.9702170583498361,1427,2,673.7646982073784,REAL
/workspace/data/genbuster-mini/extracted/GenBuster-200K-mini/benchmark/real/eeedca9e5faa8f524802fa9e1d10dd14cb6d9252afc244a52bd499e0d464c2ab.mp4,0,1,0.19553572191212443,0.8044642780878756,0.6089285561757511,1427,3,706.298828125,FAKE
/workspace/data/genbuster-mini/extracted/GenBuster-200K-mini/benchmark/real/eede9497a713f1d21a2374be4cb677f8d13d3926a235515d34c9fc74b90aa224.mp4,1,0,0.9496693218192935,0.05033067818070644,0.8993386436385871,1427,2,677.583284676075,REAL
/workspace/data/genbuster-mini/extracted/GenBuster-200K-mini/benchmark/real/eed29332599d0eb8c9112c5300b993f9e981e2404404e6c2cdb0f81f40cb2e94.mp4,1,0,0.9856234828853555,0.014376517114644579,0.9712469657707109,1427,2,677.0324558019638,REAL
/workspace/data/genbuster-mini/extracted/GenBuster-200K-mini/benchmark/real/eeb108cf00694ee48c6a62d37fa10d8d753bde6dc9dde59ec7d80212c08ee8b3.mp4,0,1,0.18137376941296415,0.8186262305870359,0.6372524611740717,1427,3,705.6828737258911,FAKE
/workspace/data/genbuster-mini/extracted/GenBuster-200K-mini/benchmark/real/ee4bbc6002946ecdc1c79c09224d75305bb11d283eeb617bb6c2b9f32ecf761a.mp4,1,0,0.9956152243338487,0.004384775666151314,0.9912304486676974,1427,2,672.9065030813217,REAL
/workspace/data/genbuster-mini/extracted/GenBuster-200K-mini/benchmark/real/ee2877c200c9db8ee38f650ee90097b88289b555833d50c29553b7502cfd52e7.mp4,1,0,0.9954396628921767,0.00456033710782332,0.9908793257843533,1427,2,677.2746369242668,REAL
/workspace/data/genbuster-mini/extracted/GenBuster-200K-mini/benchmark/real/ee0d0f0ee677ca97295dea4a8e2f3f1e32d715019e7d1167000c93c313ff928e.mp4,1,0,0.981015019687235,0.018984980312764955,0.9620300393744701,1427,2,671.5937331318855,REAL
/workspace/data/genbuster-mini/extracted/GenBuster-200K-mini/benchmark/real/ed8d5698673178cdf235e64f237938b9e5194853a90bd96f4a69683bf2ac2ecd.mp4,1,0,0.9921985193495726,0.007801480650427356,0.9843970386991452,1427,2,677.5373890995979,REAL
/workspace/data/genbuster-mini/extracted/GenBuster-200K-mini/benchmark/real/ed83bbcbacf03f1b115e88e20bb12a1e827239041336ae09b0b7bc23dc9e32d7.mp4,1,0,0.9839767027486619,0.016023297251338088,0.9679534054973238,1427,2,673.2141673564911,REAL
/workspace/data/genbuster-mini/extracted/GenBuster-200K-mini/benchmark/real/ed74aec8b3cceac7f0b750c983c934536029406b12fa071b629368cc3ff07352.mp4,0,0,0.04535258055430642,0.9546474194456936,0.9092948388913872,1427,2,675.0445291399956,REAL
/workspace/data/genbuster-mini/extracted/GenBuster-200K-mini/benchmark/real/ed26ec82c4a264ffe735fcc9e34de10aca81f93801c0a6c0c9e40ba0d7c08352.mp4,0,1,0.23032581475519665,0.7696741852448034,0.5393483704896067,1427,3,712.2708484530449,FAKE
/workspace/data/genbuster-mini/extracted/GenBuster-200K-mini/benchmark/real/ece880f9f1e42a1ca03787c6d83dd12acf95ad62cb26109853a417a86efcedd8.mp4,1,0,0.991282181300956,0.008717818699043941,0.982564362601912,1427,2,683.3731234073639,REAL
/workspace/data/genbuster-mini/extracted/GenBuster-200K-mini/benchmark/real/ecc36355bfb7a8e804de8c415ff42d05516b52aa89c8988eb144d596481a15a2.mp4,0,1,0.18544102922707434,0.8145589707729257,0.6291179415458514,1427,3,720.7453921437263,FAKE
/workspace/data/genbuster-mini/extracted/GenBuster-200K-mini/benchmark/real/ecb6dcb9b755ce9f8a9e5cff03e241be50c3c9f110b41ab69cad9f9f78b80662.mp4,0,1,0.218098002231978,0.781901997768022,0.5638039955360441,1427,3,719.2365899682045,FAKE
/workspace/data/genbuster-mini/extracted/GenBuster-200K-mini/benchmark/real/ec6927a4cfced8c97b41912e6c0d7d77ab4fdc6c6663f62da8c6185646f6e4a7.mp4,0,1,0.18917854901563524,0.8108214509843648,0.6216429019687295,1427,3,715.4811397194862,FAKE
/workspace/data/genbuster-mini/extracted/GenBuster-200K-mini/benchmark/real/ec60467aaacb90b5405cad71c216df7579206c4a1ae78594e121fc2476f41279.mp4,0,1,0.20476567949932623,0.7952343205006738,0.5904686410013475,1427,3,712.7380073070526,FAKE
/workspace/data/genbuster-mini/extracted/GenBuster-200K-mini/benchmark/real/ec4ca47a3dc3bbf35c9708c8bf29a4c66fad73c08f86154db0e172d09a82d2c4.mp4,1,0,0.9617396603173196,0.038260339682680465,0.9234793206346391,1427,2,686.0477104783058,REAL
/workspace/data/genbuster-mini/extracted/GenBuster-200K-mini/benchmark/real/ebea2a78cfb97d973327fee21f216aa61fda6f5272d2451341203ccecbd92085.mp4,0,0,0.08269734267503885,0.9173026573249612,0.8346053146499224,1427,2,688.6335164308548,REAL
/workspace/data/genbuster-mini/extracted/GenBuster-200K-mini/benchmark/real/eb6727fa4168362a55b7a4517867636d3a68f1f35ced7f5daedab076eaf014fe.mp4,0,1,0.15802583494745476,0.8419741650525452,0.6839483301050904,1427,3,718.9376056194305,FAKE
/workspace/data/genbuster-mini/extracted/GenBuster-200K-mini/benchmark/real/ead022b1408667060a102f94aec6fb32580037652814cb7c5415048231a0b466.mp4,0,1,0.183315047027583,0.816684952972417,0.6333699059448341,1427,3,714.2658233642578,FAKE
/workspace/data/genbuster-mini/extracted/GenBuster-200K-mini/benchmark/real/ea3de97f87fd4e1b2cca0834fb14fc3ad77b116854e1c1ec7a6840abfbf5d428.mp4,0,1,0.2399594840887186,0.7600405159112814,0.5200810318225628,1427,3,709.3611359596252,FAKE
/workspace/data/genbuster-mini/extracted/GenBuster-200K-mini/benchmark/real/ea1320bba9f74a3d0438156a6820082497d7602fa5b91267d52ab7a18195dcf1.mp4,0,1,0.15439729500181149,0.8456027049981885,0.6912054099963769,1427,3,715.735636651516,FAKE
/workspace/data/genbuster-mini/extracted/GenBuster-200K-mini/benchmark/real/e9a5a09f1b46a7141fe807673beb1ad1ade428e3befd304ec0011a6915f0bd20.mp4,1,0,0.9602192593951712,0.0397807406048289,0.9204385187903422,1427,2,680.9008494019508,REAL
/workspace/data/genbuster-mini/extracted/GenBuster-200K-mini/benchmark/real/e987a34007e7a3856bd8e435acf9e85de29e32aa3683de5b836c791ea9d23073.mp4,0,1,0.20604077573392754,0.7939592242660726,0.587918448532145,1427,3,713.9280661940575,FAKE
/workspace/data/genbuster-mini/extracted/GenBuster-200K-mini/benchmark/real/e91e857ae965bd9dc92e5bd310f49ddd6b88f55c838251b364ea756c798d27eb.mp4,1,0,0.9124955744690488,0.08750442553095127,0.8249911489380976,1427,2,680.6697174906731,REAL
/workspace/data/genbuster-mini/extracted/GenBuster-200K-mini/benchmark/real/e8eeebf778f83b7117c0024e8e6ee1072026f0a48e32faec5bc6fbd2c5f2dbcf.mp4,1,0,0.9371888446670397,0.06281115533296035,0.8743776893340793,1427,2,683.5509836673737,REAL
/workspace/data/genbuster-mini/extracted/GenBuster-200K-mini/benchmark/real/e8bb154f3e691885152cc6c5068c015307ad26ff3eb3ab7932bafdb7a5cf6e53.mp4,1,0,0.9914351568827879,0.008564843117212107,0.9828703137655759,1427,2,692.6330626010895,REAL
/workspace/data/genbuster-mini/extracted/GenBuster-200K-mini/benchmark/real/e88f81769bca798a5577a04e5325b38089f7eb556137e4f5a3c5a064212f7f06.mp4,1,0,0.9724346644722216,0.02756533552777831,0.9448693289444433,1427,2,683.7047934532166,REAL
/workspace/data/genbuster-mini/extracted/GenBuster-200K-mini/benchmark/real/e869db4ff837bf056e30e99fa245b453e50c3bc76f6a94d846632a7e005f6212.mp4,1,0,0.9624854839206516,0.03751451607934834,0.9249709678413033,1427,2,684.8391368985176,REAL
/workspace/data/genbuster-mini/extracted/GenBuster-200K-mini/benchmark/real/e8354f218e256026a71d5e7522e5b84debf856d2aa29bdab32c5330e909f7de3.mp4,0,1,0.2345069525488795,0.7654930474511205,0.5309860949022409,1427,3,722.0497131347656,FAKE
/workspace/data/genbuster-mini/extracted/GenBuster-200K-mini/benchmark/real/e7e0bd7418fd3b4d581d0d714dd7589706c9c8a44bd8c9bf6223f3753272071d.mp4,0,0,0.036220055864974746,0.9637799441350253,0.9275598882700505,1427,2,685.1781234145164,REAL
/workspace/data/genbuster-mini/extracted/GenBuster-200K-mini/benchmark/real/e6d2dfaaa88ffc0e6def86d38ff18cae3d3da29c6149f42777cd16d42673aa22.mp4,1,0,0.9126142931198998,0.08738570688010022,0.8252285862397997,1427,2,681.0406967997551,REAL
/workspace/data/genbuster-mini/extracted/GenBuster-200K-mini/benchmark/real/e6b8e59d6ac03f0d1a32eb375a7da7872835ed80ebbf7a0fe5b2d7130d5aa435.mp4,0,0,0.06560483745906928,0.9343951625409306,0.8687903250818613,1427,2,693.2889670133591,REAL
/workspace/data/genbuster-mini/extracted/GenBuster-200K-mini/benchmark/real/e6b6b8cb52c027c1e85cd4f140d1843cdbc1cbc0c9331543f2fef3dcab144bc7.mp4,1,0,0.9894605857466022,0.010539414253397677,0.9789211714932046,1427,2,692.0250728726387,REAL
/workspace/data/genbuster-mini/extracted/GenBuster-200K-mini/benchmark/real/e60a28bdcd56a3bb8ea2ea5089fb6e36219ce2ecddd6c3f321c52ad4767691e0.mp4,0,0,0.07263670636078697,0.927363293639213,0.854726587278426,1427,2,682.5124248862267,REAL
/workspace/data/genbuster-mini/extracted/GenBuster-200K-mini/benchmark/real/e5c645d6070354b2243b30f953e91ee3d1fe2ec9cd1c8ee5dfa32837db5d692d.mp4,0,0,0.10521053670308635,0.8947894632969136,0.7895789265938272,1427,2,688.987523317337,REAL
/workspace/data/genbuster-mini/extracted/GenBuster-200K-mini/benchmark/real/e51917635045dcdb3ea0a7307448aa07d87c7b37711c8aca2fcccd91f82aa8b3.mp4,1,0,0.9337306850729069,0.0662693149270932,0.8674613701458137,1427,2,683.7957501411438,REAL
/workspace/data/genbuster-mini/extracted/GenBuster-200K-mini/benchmark/real/e500acdf272d4675088de9f44d77d07b8c596f5e459fa6b8c367c262a72e2439.mp4,0,1,0.18622900288059732,0.8137709971194026,0.6275419942388053,1427,3,718.0459126830101,FAKE
/workspace/data/genbuster-mini/extracted/GenBuster-200K-mini/benchmark/real/e4bcfb23e8e810c45e713accc4f3e4454b9e397166ef97857ac773ee0a055d0c.mp4,0,1,0.19026518988673052,0.8097348101132695,0.6194696202265391,1427,3,722.4202454090118,FAKE
/workspace/data/genbuster-mini/extracted/GenBuster-200K-mini/benchmark/real/e4a3eb7c6c6665ae04286c90d742ccacf4c99ba08bbff20d34d6f498ae3493da.mp4,0,0,0.04146227271140963,0.9585377272885904,0.9170754545771808,1427,2,684.0464845299721,REAL
/workspace/data/genbuster-mini/extracted/GenBuster-200K-mini/benchmark/real/e46ef7b34b76f7323f7dbff929053037aea31af45414af3fbb4d677841182404.mp4,1,0,0.9812765372178768,0.018723462782123258,0.9625530744357536,1427,2,694.4989636540413,REAL
/workspace/data/genbuster-mini/extracted/GenBuster-200K-mini/benchmark/real/e3e18f0c5f89fb8d30ea87bb1eb7fb86a35c6a4051dbab67c40673896082572b.mp4,1,0,0.9675973829513362,0.032402617048663734,0.9351947659026725,1427,2,682.7705502510071,REAL
/workspace/data/genbuster-mini/extracted/GenBuster-200K-mini/benchmark/real/e3cbe0611a9f12fa9df6a4af77ad92635c1437e282743724bfdeafaba0ceb9ca.mp4,0,1,0.15074189284399128,0.8492581071560088,0.6985162143120175,1427,3,716.9436439871788,FAKE
/workspace/data/genbuster-mini/extracted/GenBuster-200K-mini/benchmark/real/e332fedff040e6bb6748ca5f595bce2ba5b87f284fdc29b2232ce0e527a5caeb.mp4,1,0,0.9793088794480705,0.020691120551929475,0.9586177588961411,1427,2,682.0492371916771,REAL
/workspace/data/genbuster-mini/extracted/GenBuster-200K-mini/benchmark/real/e31d6f3172865ac727115fe265adffe1bdd5f5fe74d691554af7257e38f515b7.mp4,0,1,0.16765951520546674,0.8323404847945334,0.6646809695890666,1427,3,716.786302626133,FAKE
/workspace/data/genbuster-mini/extracted/GenBuster-200K-mini/benchmark/real/e2ec0c48aa59243c1c71555704d0c4513a91cdddf4ce34ea292ffab1a689e98f.mp4,1,0,0.9919439549884378,0.008056045011562277,0.9838879099768755,1427,2,684.7500875592232,REAL
/workspace/data/genbuster-mini/extracted/GenBuster-200K-mini/benchmark/real/e2acbafe7bdc81cdc235db86fb63baf3b785a2e98cc6a738ce2a2218d64c6b58.mp4,1,0,0.9191186061535208,0.08088139384647924,0.8382372123070416,1427,2,688.2960647344589,REAL
/workspace/data/genbuster-mini/extracted/GenBuster-200K-mini/benchmark/real/e2915a8b452d6d7b138c26aaf27abfc8009e29a2afb5680e85ae60fa9bca2249.mp4,0,0,0.06371499425196533,0.9362850057480346,0.8725700114960693,1427,2,691.4482265710831,REAL
/workspace/data/genbuster-mini/extracted/GenBuster-200K-mini/benchmark/real/e210eae6152f334f29ceaef90b700144b44e98dd56f80a5faece64379f160a74.mp4,0,1,0.18617264384743423,0.8138273561525659,0.6276547123051316,1427,3,720.2253490686417,FAKE
/workspace/data/genbuster-mini/extracted/GenBuster-200K-mini/benchmark/real/e1f7fd50289c6c8040e0de10b073da59c9ce98498149491a7382f7833be9f2b1.mp4,0,1,0.2128158627744403,0.7871841372255597,0.5743682744511194,1427,3,721.7319533228874,FAKE
/workspace/data/genbuster-mini/extracted/GenBuster-200K-mini/benchmark/real/e1c2f21ec0bb249c8707e8cec3b3a82e3d7a10186bbe4f4b79d3ab5b6bd2bdf6.mp4,0,1,0.19576985038982703,0.8042301496101729,0.6084602992203458,1427,3,720.4315587878227,FAKE
/workspace/data/genbuster-mini/extracted/GenBuster-200K-mini/benchmark/real/e184665a1afa1de9ce5d968aa2db8b73809bb24233a4fb53c150cddd3e7e8773.mp4,0,0,0.0675466911396291,0.9324533088603709,0.8649066177207418,1427,2,686.4155679941177,REAL
/workspace/data/genbuster-mini/extracted/GenBuster-200K-mini/benchmark/real/e144ef7798bb88d925d4795688fe00d2aa76b785fb516f2e64f24964e5e26417.mp4,1,0,0.9925117502742865,0.007488249725713421,0.9850235005485731,1427,2,683.3885535597801,REAL
/workspace/data/genbuster-mini/extracted/GenBuster-200K-mini/benchmark/real/e10221f60e27c929fb0efef021601f8905d437b7abaf0dbe6ad5fa356ec3cd9e.mp4,1,0,0.9874812670243043,0.012518732975695647,0.9749625340486087,1427,2,680.8471605181694,REAL
/workspace/data/genbuster-mini/extracted/GenBuster-200K-mini/benchmark/real/e04c3f285d4a7ebfae2308d810abd3edda571de9c9875ac14431b8d878addb08.mp4,1,0,0.9907388143909384,0.009261185609061754,0.9814776287818766,1427,2,682.4517399072647,REAL
/workspace/data/genbuster-mini/extracted/GenBuster-200K-mini/benchmark/real/e0466e1e08ac9fb0ed212ff51602cb0ff30b803c1a561f91e77b6488637e0785.mp4,0,1,0.16364909262000368,0.8363509073799963,0.6727018147599926,1427,3,713.9283642172813,FAKE
/workspace/data/genbuster-mini/extracted/GenBuster-200K-mini/benchmark/real/dfe92a27a7547dc863a0efea3781a2ba058a049cd1124ac2b7d97b64a897d737.mp4,1,0,0.9768634072032977,0.023136592796702396,0.9537268144065952,1427,2,686.3842606544495,REAL
/workspace/data/genbuster-mini/extracted/GenBuster-200K-mini/benchmark/real/dfa3f4335b48ebb4a3ee09828bb333dfbc6991513cd6b8728f500407bbd38f74.mp4,0,0,0.0446808702726502,0.9553191297273498,0.9106382594546996,1427,2,684.717059135437,REAL
/workspace/data/genbuster-mini/extracted/GenBuster-200K-mini/benchmark/real/df770c6eb7df3f47567171ea65bf2857e90308154ec01985c635e1d997c10205.mp4,1,0,0.9720935535280417,0.027906446471958307,0.9441871070560834,1427,2,684.0565502643585,REAL
/workspace/data/genbuster-mini/extracted/GenBuster-200K-mini/benchmark/real/df5e074706655372db7d5283236cabb28e9833134061dcadc5dbcc12704c95ff.mp4,1,0,0.9825192119996123,0.017480788000387645,0.9650384239992247,1427,2,682.4138984084129,REAL
/workspace/data/genbuster-mini/extracted/GenBuster-200K-mini/benchmark/real/df3885a21d5595dc212850dc28a88df26f79d2ee4273fff6c533d8cf5cc9d945.mp4,1,0,0.9896146462197942,0.010385353780205825,0.9792292924395885,1427,2,692.3515722155571,REAL
/workspace/data/genbuster-mini/extracted/GenBuster-200K-mini/benchmark/real/df263495104b4ac37eabfeb361fdac76a94f48293622ad16eb1e99a897614c7e.mp4,1,0,0.9926215427692033,0.0073784572307966055,0.9852430855384068,1427,2,680.7854399085045,REAL
/workspace/data/genbuster-mini/extracted/GenBuster-200K-mini/benchmark/real/de7579546fd5597789fde7c0874fae2992321d83536b792430b33444be3b1c55.mp4,0,1,0.20983961410328933,0.7901603858967108,0.5803207717934215,1427,3,717.5014019012451,FAKE
/workspace/data/genbuster-mini/extracted/GenBuster-200K-mini/benchmark/real/de5355099a8aa343a1a59d1f2d88c076e6e1164f16f284dbe5bbcbe0d3b699c0.mp4,0,1,0.19600419090260296,0.803995809097397,0.607991618194794,1427,3,723.1222242116928,FAKE
/workspace/data/genbuster-mini/extracted/GenBuster-200K-mini/benchmark/real/de3148b65cbf3957c095079ac534b27285c95e2875bcebc2e997d6c0f9836106.mp4,1,0,0.9532086879693182,0.04679131203068186,0.9064173759386364,1427,2,697.1729323267937,REAL
/workspace/data/genbuster-mini/extracted/GenBuster-200K-mini/benchmark/real/de0caa3122f86f537f19089d801460fa511de489faf3821228794f2f7486ff84.mp4,0,1,0.21905105456522572,0.7809489454347742,0.5618978908695484,1427,3,727.1261438727379,FAKE
/workspace/data/genbuster-mini/extracted/GenBuster-200K-mini/benchmark/real/ddd884df8f2b06c85df2445ef31edd4867f654647bb5ce38b5081e45b8794f95.mp4,1,0,0.9827729718142004,0.01722702818579958,0.9655459436284008,1427,2,693.9957067370415,REAL
/workspace/data/genbuster-mini/extracted/GenBuster-200K-mini/benchmark/real/ddd06206eb36af67ee340641adc1ecd1001876cd35ba93517eb2711f396ce40d.mp4,0,1,0.20295427098920416,0.797045729010796,0.5940914580215918,1427,3,723.9035367965698,FAKE
/workspace/data/genbuster-mini/extracted/GenBuster-200K-mini/benchmark/real/dcca6b1efa9f55b75f0ce0e54ffda9a6a16e962b4af3ee2315d38af950f98adc.mp4,0,0,0.007695647178392188,0.9923043528216078,0.9846087056432156,1427,2,680.1770254969597,REAL
/workspace/data/genbuster-mini/extracted/GenBuster-200K-mini/benchmark/real/dc9f426260e0aec20733846813ff6a41f17cf585a9123021174ecea79cce84f5.mp4,1,0,0.9790128258568888,0.020987174143111322,0.9580256517137774,1427,2,689.2475709319115,REAL
/workspace/data/genbuster-mini/extracted/GenBuster-200K-mini/benchmark/real/dc8f7b2165660769ca9491d7e7d08116f8f341080140c91d00260128bec8cc2f.mp4,1,0,0.9830106770506951,0.01698932294930483,0.9660213541013902,1427,2,684.0188130736351,REAL
/workspace/data/genbuster-mini/extracted/GenBuster-200K-mini/benchmark/real/dc7de6abedcbc89304a9d1a3006165ac74b0e0c2200e71b72d6002307304aaef.mp4,1,0,0.9889928210538549,0.011007178946145163,0.9779856421077098,1427,2,684.3060255050659,REAL
/workspace/data/genbuster-mini/extracted/GenBuster-200K-mini/benchmark/real/dc2b4ec01a8f7eedfb1d898bbae67f77e5b96ef205f61e75ab8035ca694c2aca.mp4,0,1,0.1857221008868511,0.814277899113149,0.6285557982262979,1427,3,721.3772907853127,FAKE
/workspace/data/genbuster-mini/extracted/GenBuster-200K-mini/benchmark/real/dbfb90ae002da553640656a0fec9f45a97dcb1d38c466b4cec81c6ae54af5845.mp4,1,0,0.9847719431896159,0.015228056810384116,0.9695438863792318,1427,2,689.8552402853966,REAL
/workspace/data/genbuster-mini/extracted/GenBuster-200K-mini/benchmark/real/db1bac6cdfdebcec84668a01e9d9fe647432d0d3176968009a17b192c0907747.mp4,1,0,0.9673984969434808,0.03260150305651929,0.9347969938869615,1427,2,696.4879781007767,REAL
/workspace/data/genbuster-mini/extracted/GenBuster-200K-mini/benchmark/real/da37bbd99d6aee97ac40dae175a5e13f7c9ce090b934e990681c6eebfcb4b1db.mp4,1,0,0.9937725665830318,0.00622743341696809,0.9875451331660637,1427,2,689.52826410532,REAL
/workspace/data/genbuster-mini/extracted/GenBuster-200K-mini/benchmark/real/da3630222fb5120015aa623a6ae6f592ed128c1d3e6769793e02666045476557.mp4,0,1,0.22802553302646492,0.771974466973535,0.5439489339470701,1427,3,718.3853834867477,FAKE
/workspace/data/genbuster-mini/extracted/GenBuster-200K-mini/benchmark/real/d9e0375795362965303580e8e58c45a6287ee95630949296dce70237e1a3ce17.mp4,1,0,0.9013266913798682,0.09867330862013178,0.8026533827597364,1427,2,690.9929513931274,REAL
/workspace/data/genbuster-mini/extracted/GenBuster-200K-mini/benchmark/real/d989ce83f5605ba5d2f1449b1d7daf6c3dd46fb30fbfd615c4b92d314d9f5424.mp4,0,0,0.05184546664977983,0.94815453335022,0.8963090667004402,1427,2,684.382937848568,REAL
/workspace/data/genbuster-mini/extracted/GenBuster-200K-mini/benchmark/real/d97e8655daa71c4588c84549f8d7671d4be318e64fb8ee2c3663d65960b381f3.mp4,0,1,0.17977736313750553,0.8202226368624944,0.6404452737249888,1427,3,717.9253026843071,FAKE
/workspace/data/genbuster-mini/extracted/GenBuster-200K-mini/benchmark/real/d97ad2015606d3f7ec84c5b7dd8a160ce349ef55059c9909f9cb9d9be82c0750.mp4,1,0,0.9832757827602147,0.016724217239785334,0.9665515655204293,1427,2,685.7035309076309,REAL
/workspace/data/genbuster-mini/extracted/GenBuster-200K-mini/benchmark/real/d922a46e32668259c701952a4d40e42f3b461ba7e0776fddf56e9ce22523f819.mp4,1,0,0.9768044693236815,0.023195530676318417,0.9536089386473631,1427,2,688.3908584713936,REAL
/workspace/data/genbuster-mini/extracted/GenBuster-200K-mini/benchmark/real/d911cce992f8788344fbcd5a3a32c0fcb340d23664d5c54cd45370934852e79b.mp4,0,1,0.19853735711972728,0.8014626428802728,0.6029252857605455,1427,3,721.0505157709122,FAKE
/workspace/data/genbuster-mini/extracted/GenBuster-200K-mini/benchmark/real/d9082d7483f4ad74f4f32412d5293c58e83b26c6f0fbb31ee2b2a6caf62a0c2b.mp4,0,1,0.19723826040712547,0.8027617395928747,0.6055234791857492,1427,3,719.2301601171494,FAKE
/workspace/data/genbuster-mini/extracted/GenBuster-200K-mini/benchmark/real/d8df7dc153184180f1303bcdeded6950ef18d38e28d5990df49617e8b5feab4a.mp4,0,1,0.21294050574365267,0.7870594942563474,0.5741189885126947,1427,3,716.5482342243195,FAKE
/workspace/data/genbuster-mini/extracted/GenBuster-200K-mini/benchmark/real/d8cb8a272cdeede6afac1761249afd714f2155845746fd2c3f063c5d10ca0f6d.mp4,1,0,0.9835909502555561,0.01640904974444391,0.9671819005111122,1427,2,690.0641247630119,REAL
/workspace/data/genbuster-mini/extracted/GenBuster-200K-mini/benchmark/real/d8561d0c717a2f50c1d4da9c38febbfde12b2ddfe74f71609bb2eb80976b1af8.mp4,0,1,0.22763294353533328,0.7723670564646666,0.5447341129293334,1427,3,724.8072177171707,FAKE
/workspace/data/genbuster-mini/extracted/GenBuster-200K-mini/benchmark/real/d840a875ab1e6fd328b6c034b3352eb57663a16429a5c665b45bf185913fb71a.mp4,1,1,0.8991213772699436,0.10087862273005653,0.798242754539887,1427,3,720.4999029636383,FAKE
/workspace/data/genbuster-mini/extracted/GenBuster-200K-mini/benchmark/real/d7967c2586d7aa877629b76fa445769cbdee71402017d43b27ac9dab0d21669f.mp4,1,0,0.9903911558391914,0.0096088441608087,0.9807823116783827,1427,2,683.8003993034363,REAL
/workspace/data/genbuster-mini/extracted/GenBuster-200K-mini/benchmark/real/d73cb5f37c92f5ecb4ebf155904b0f50821a5d3bc33153421b75481f0606411f.mp4,1,0,0.9931848621215688,0.006815137878431362,0.9863697242431374,1427,2,690.1330873370171,REAL
/workspace/data/genbuster-mini/extracted/GenBuster-200K-mini/benchmark/real/d6fdd02c50fdd82aabaf700dbf8b528d02f4d32d24c817f23894ddd6445286d3.mp4,0,1,0.21275356125582745,0.7872464387441725,0.5744928774883451,1427,3,730.2076742053032,FAKE
/workspace/data/genbuster-mini/extracted/GenBuster-200K-mini/benchmark/real/d6ab1d108067ad41e5f507d18db82c1b0553e60d7836e975d9448a500742e849.mp4,1,0,0.9833002458727896,0.01669975412721028,0.9666004917455794,1427,2,685.3524446487427,REAL
/workspace/data/genbuster-mini/extracted/GenBuster-200K-mini/benchmark/real/d69ae7d707c7e47b0c43d8b9c0a5a4f2d4bc462840b5dcfac8373f1bd67d9b4b.mp4,0,1,0.20127454620729665,0.7987254537927034,0.5974509075854068,1427,3,722.9494005441666,FAKE
/workspace/data/genbuster-mini/extracted/GenBuster-200K-mini/benchmark/real/d635ae1f1e447da530c2484385d45c5466050c21dc10c3ff6e75933b1c4f221d.mp4,1,0,0.9921261918329266,0.007873808167073263,0.9842523836658533,1427,2,690.7372176647186,REAL
/workspace/data/genbuster-mini/extracted/GenBuster-200K-mini/benchmark/real/d60c54bd6f937f165a1864e1512ebf13420e0f96e0842de454528d046545b683.mp4,1,0,0.9468967477033476,0.05310325229665246,0.8937934954066952,1427,2,689.6686553955078,REAL
/workspace/data/genbuster-mini/extracted/GenBuster-200K-mini/benchmark/real/d5f6cfb0f94b3aa8bb5a4edddb28c6ddbf75370ccf7712b8ad24162ed898dc6f.mp4,0,1,0.18589104599580175,0.8141089540041982,0.6282179080083965,1427,3,718.4074148535728,FAKE
/workspace/data/genbuster-mini/extracted/GenBuster-200K-mini/benchmark/real/d5c90b593636fa3c988e0293e7cb59821350296975bbbd01159384f54b3bf56a.mp4,1,0,0.9920385323013057,0.007961467698694257,0.9840770646026115,1427,2,689.5055174827576,REAL
/workspace/data/genbuster-mini/extracted/GenBuster-200K-mini/benchmark/real/d5b9a82467c13170c4b1fcf39068a43dc2a5c3f57ef126b0ca96e4aa46420d00.mp4,1,0,0.9853198836836974,0.014680116316302663,0.9706397673673948,1427,2,693.7705650925636,REAL
/workspace/data/genbuster-mini/extracted/GenBuster-200K-mini/benchmark/real/d54c9074ab6b9b36c437d3b73e7cfec7b166692face86b615423fbe5f3c3f47e.mp4,0,0,0.06465348835622392,0.9353465116437761,0.8706930232875523,1427,2,684.5763698220253,REAL
/workspace/data/genbuster-mini/extracted/GenBuster-200K-mini/benchmark/real/d4e8983e9dc1be67d1ba600c3378a7bf882c0bb6fa35d3c481b30dc2c374c0da.mp4,1,0,0.9349403566830038,0.06505964331699625,0.8698807133660076,1427,2,691.0908743739128,REAL
/workspace/data/genbuster-mini/extracted/GenBuster-200K-mini/benchmark/real/d4453e8eda6ebff44aaf76f704823d73c073660a7d1e72bfe82ce4424c08968c.mp4,0,1,0.16791932474237375,0.8320806752576262,0.6641613505152524,1427,3,719.358317553997,FAKE
/workspace/data/genbuster-mini/extracted/GenBuster-200K-mini/benchmark/real/d3bed4933d7e7dc7df9c83a7f452f1a743d7c4a1f1640a969fc93b18b01cbf54.mp4,1,0,0.9690352605979896,0.030964739402010423,0.9380705211959792,1427,2,686.0317513346672,REAL
/workspace/data/genbuster-mini/extracted/GenBuster-200K-mini/benchmark/real/d30e8bb77d7e387ce58a833ace857d3270b53877b016f0cd0278cb40896e36cc.mp4,1,0,0.9894100338973043,0.010589966102695667,0.9788200677946086,1427,2,686.8313252925873,REAL
/workspace/data/genbuster-mini/extracted/GenBuster-200K-mini/benchmark/real/d2e9bae405168351ef1203926b98d9dd2caeef3b3df669ee498395ed283791fc.mp4,1,0,0.8995927744179528,0.10040722558204718,0.7991855488359056,1427,2,686.7079213261604,REAL
/workspace/data/genbuster-mini/extracted/GenBuster-200K-mini/benchmark/real/d2b4f675346e76c4b5968323467e2bd0d7cd417975f393d745858c83877cc6b7.mp4,1,0,0.9910838645198573,0.008916135480142771,0.9821677290397145,1427,2,698.1572583317757,REAL
/workspace/data/genbuster-mini/extracted/GenBuster-200K-mini/benchmark/real/d28c9df977c8c7fdf7623e30a2d0ab19555f3c4edad22ada99513061ca32117d.mp4,0,0,0.039638839100970026,0.96036116089903,0.92072232179806,1427,2,690.851129591465,REAL
/workspace/data/genbuster-mini/extracted/GenBuster-200K-mini/benchmark/real/d242c1cb5b6714b7ec494d0895365d3ec404b4c9bbacede7afb506b3634355ff.mp4,1,0,0.9346227925593894,0.06537720744061051,0.8692455851187789,1427,2,686.5265592932701,REAL
/workspace/data/genbuster-mini/extracted/GenBuster-200K-mini/benchmark/real/d229358420fb30f106d7d54cd18836c59e9d6a0aef24ff8b166251e99aefa20d.mp4,0,1,0.19384418180971372,0.8061558181902863,0.6123116363805725,1427,3,720.9077551960945,FAKE
/workspace/data/genbuster-mini/extracted/GenBuster-200K-mini/benchmark/real/d2267dd4b5d0f2dbb011d0b597e78580afa4574c8220b1d9562b850fd8cd1d13.mp4,0,1,0.18872241857143798,0.811277581428562,0.622555162857124,1427,3,716.9658318161964,FAKE
/workspace/data/genbuster-mini/extracted/GenBuster-200K-mini/benchmark/real/d1f514e960010ed901b3071dd634cd02dfd2613e120bf75fc98e62973d4f5b24.mp4,0,1,0.18798309842474947,0.8120169015752505,0.624033803150501,1427,3,731.0406565666199,FAKE
/workspace/data/genbuster-mini/extracted/GenBuster-200K-mini/benchmark/real/d1ec5a8a1249aa01496a3d82c6591edfef806396a22db455326e7aa4a5ca84ba.mp4,1,0,0.9871976020632774,0.012802397936722514,0.9743952041265549,1427,2,690.9396946430206,REAL
/workspace/data/genbuster-mini/extracted/GenBuster-200K-mini/benchmark/real/d1bb9c6e2c086c72b05d7512179ea2f0b9135ef4c9a649ecc9393bc3d079794c.mp4,1,1,0.9381240142763573,0.061875985723642724,0.8762480285527146,1427,3,726.4040559530258,FAKE
/workspace/data/genbuster-mini/extracted/GenBuster-200K-mini/benchmark/real/d15d1757432e89ccab7fff7c32f71daafee76f4eb8990ab6c8f3a95e09fd1996.mp4,0,0,0.02800752060598813,0.9719924793940118,0.9439849587880237,1427,2,690.1889517903328,REAL
/workspace/data/genbuster-mini/extracted/GenBuster-200K-mini/benchmark/real/d12ce6a4a2a2defcb34ff71e3de968bc115a0c47c57eb5b60ff1d4f20a818074.mp4,0,0,0.03410042571231151,0.9658995742876885,0.9317991485753769,1427,2,687.9785880446434,REAL
/workspace/data/genbuster-mini/extracted/GenBuster-200K-mini/benchmark/real/d123da7fddf018e4f64cea29d6134229e0638ca7843e64dbce4a353ef797ee64.mp4,1,0,0.9749849830751122,0.025015016924887938,0.9499699661502242,1427,2,690.7223984599113,REAL
/workspace/data/genbuster-mini/extracted/GenBuster-200K-mini/benchmark/real/d102c7bb7e70db26271afa69eaa3e861c4ec71d40353dc3d456a0f31d7f724ec.mp4,1,0,0.9050988220625735,0.0949011779374266,0.8101976441251469,1427,2,701.1999115347862,REAL
/workspace/data/genbuster-mini/extracted/GenBuster-200K-mini/benchmark/real/d0dfcc350e24b6e488039a78837a11525bcc087a177a3c9d81bb15171ffdb317.mp4,1,1,0.9124361604769414,0.08756383952305867,0.8248723209538827,1427,3,720.8310067653656,FAKE
/workspace/data/genbuster-mini/extracted/GenBuster-200K-mini/benchmark/real/d077e15ccbee55ce9d2672b18e8bec1ca9b15d2d8e51a9c9614f14adbf005021.mp4,1,0,0.9853682376484728,0.014631762351527232,0.9707364752969456,1427,2,696.9622820615768,REAL
/workspace/data/genbuster-mini/extracted/GenBuster-200K-mini/benchmark/real/d00e21bcca9f1c1a42190a082d38893cdc673736e2cade655cc930c9343c6746.mp4,1,0,0.9895763412842449,0.010423658715755065,0.9791526825684899,1427,2,687.7401769161224,REAL
/workspace/data/genbuster-mini/extracted/GenBuster-200K-mini/benchmark/real/cf9d828f5849a8fac5b26de549e7f5282379b69f0b7fb03b3d0c083eea3dd23e.mp4,1,0,0.9475106821164222,0.05248931788357771,0.8950213642328445,1427,2,690.4878243803978,REAL
/workspace/data/genbuster-mini/extracted/GenBuster-200K-mini/benchmark/real/cf5a2bf014dccef2388d4cbdce0391a16fcee9c79a350f863d49bbc7deae7d97.mp4,1,0,0.9919825090269808,0.008017490973019311,0.9839650180539615,1427,2,685.8466491103172,REAL
/workspace/data/genbuster-mini/extracted/GenBuster-200K-mini/benchmark/real/cf53452a3a689fad717f0e3fc29086dd6e5c8a158ca80f1cea6fcd52e1ce9587.mp4,1,0,0.9945266725653021,0.005473327434698001,0.9890533451306042,1427,2,688.9616400003433,REAL
/workspace/data/genbuster-mini/extracted/GenBuster-200K-mini/benchmark/real/cf20eef3c15804f3a88afac7b227943757c017dbd14fe5d9c6b25312f74395bb.mp4,1,0,0.9887098397590223,0.011290160240977695,0.9774196795180445,1427,2,698.7121403217316,REAL
/workspace/data/genbuster-mini/extracted/GenBuster-200K-mini/benchmark/real/cefc61cce68ae17e578be22e12490b3609cc34435d62f08ff5b7c1d3e99a8e62.mp4,1,0,0.9925338391360087,0.007466160863991397,0.9850676782720172,1427,2,697.1308812499046,REAL
/workspace/data/genbuster-mini/extracted/GenBuster-200K-mini/benchmark/real/ce98235ab8f6d5ebd81859651a37189a2f6a9c8c8ea43092b9dfd62f9638b795.mp4,1,0,0.9108176771574384,0.0891823228425616,0.8216353543148769,1427,2,686.21676415205,REAL
/workspace/data/genbuster-mini/extracted/GenBuster-200K-mini/benchmark/real/ce918d15f286b74225b03d5ae329bac0c023492b87e96ce5f9bb5aed420b3ac8.mp4,0,1,0.20713843219153802,0.7928615678084621,0.585723135616924,1427,3,723.6147597432137,FAKE
/workspace/data/genbuster-mini/extracted/GenBuster-200K-mini/benchmark/real/ce2fd88a9d8cd32afa21657ac26a106d8c5999f7f2a042dd487124892aaaecb0.mp4,1,0,0.9875363329785681,0.012463667021431804,0.9750726659571364,1427,2,687.5052601099014,REAL
/workspace/data/genbuster-mini/extracted/GenBuster-200K-mini/benchmark/real/cde323280db4fe366a95078e57201af3cad4e85e66aa2920eeb4e2d09e0b6fc4.mp4,1,0,0.9917026044982828,0.008297395501717268,0.9834052089965656,1427,2,688.2190406322479,REAL
/workspace/data/genbuster-mini/extracted/GenBuster-200K-mini/benchmark/real/cdc3c928569d745575f78f9417f6773f5bf53e8211659fef5109e22fed2df63d.mp4,0,0,0.04023794262361602,0.9597620573763841,0.9195241147527681,1427,2,684.5058649778366,REAL
/workspace/data/genbuster-mini/extracted/GenBuster-200K-mini/benchmark/real/cd6c3ca22cbd09431dbb9c8064e810fe0d055eddc2aa8501806f8675b6c5c91f.mp4,0,0,0.008315778477474129,0.9916842215225259,0.9833684430450518,1427,2,691.1323145031929,REAL
/workspace/data/genbuster-mini/extracted/GenBuster-200K-mini/benchmark/real/cd5f9894825d4b2cc7cf81ff64bc3d3c69833c21ee3e1a77dcedc3c9bcd00f93.mp4,1,0,0.9914161783865965,0.008583821613403453,0.982832356773193,1427,2,684.4629272818565,REAL
/workspace/data/genbuster-mini/extracted/GenBuster-200K-mini/benchmark/real/ccfd553d1d983d2f0be7b46adb433188b7cfa613492e9d8d547fc7dca5ccbb8b.mp4,0,1,0.19960508958559164,0.8003949104144082,0.6007898208288166,1427,3,718.8316732645035,FAKE
/workspace/data/genbuster-mini/extracted/GenBuster-200K-mini/benchmark/real/cc7086a0660e8b211da215f61835435e17249621de199e0285abf981d922482a.mp4,1,0,0.9952833725831591,0.004716627416840776,0.9905667451663184,1427,2,687.3408630490303,REAL
/workspace/data/genbuster-mini/extracted/GenBuster-200K-mini/benchmark/real/cbf1e03d95f3367f6467f1f3930af0450bde58207029eb76386cb38b8e044447.mp4,1,0,0.9427280167931169,0.05727198320688318,0.8854560335862337,1427,2,691.7308047413826,REAL
/workspace/data/genbuster-mini/extracted/GenBuster-200K-mini/benchmark/real/cbd59d456ca8d12e44fb739b06463ea96d9f736a804d3ec33f9d0f8436065cd6.mp4,1,0,0.9241678229152802,0.07583217708471966,0.8483356458305605,1427,2,694.6372240781784,REAL
/workspace/data/genbuster-mini/extracted/GenBuster-200K-mini/benchmark/real/caca97733d8f4588ca7e06fda79517b82a248d8c27cb4704e6fa24458c06b270.mp4,0,1,0.16528499927089396,0.834715000729106,0.669430001458212,1427,3,725.851871073246,FAKE
/workspace/data/genbuster-mini/extracted/GenBuster-200K-mini/benchmark/real/ca9af865a7ea2df2dc6db76e29b3eda5610cc6a9121e0cd165111b46a4a406c8.mp4,1,0,0.9532584295469761,0.04674157045302382,0.9065168590939523,1427,2,689.6248012781143,REAL
/workspace/data/genbuster-mini/extracted/GenBuster-200K-mini/benchmark/real/ca9a995793688876c2e7b772cb0a74fb9bb26836659194b5774f01704aaf2fa0.mp4,0,1,0.22782917866856298,0.772170821331437,0.544341642662874,1427,3,721.0727334022522,FAKE
/workspace/data/genbuster-mini/extracted/GenBuster-200K-mini/benchmark/real/ca927bc10ce5ffcfd73726492c3478a684dd4378c737bdb12785b87edf7e9cba.mp4,0,1,0.21157204331389243,0.7884279566861075,0.5768559133722151,1427,3,726.1003032326698,FAKE
/workspace/data/genbuster-mini/extracted/GenBuster-200K-mini/benchmark/real/ca49f6d1b5492602c66fac1a9c2767121f3d08928d46d224fae857c24a33ba0b.mp4,1,0,0.9875317542766856,0.012468245723314448,0.9750635085533712,1427,2,688.4424909949303,REAL
/workspace/data/genbuster-mini/extracted/GenBuster-200K-mini/benchmark/real/ca314d39001dd09da5661179088653cc797f6db74154e7d21eb02c11cebd9518.mp4,0,1,0.21550806405022552,0.7844919359497745,0.568983871899549,1427,3,717.4146622419357,FAKE
/workspace/data/genbuster-mini/extracted/GenBuster-200K-mini/benchmark/real/ca151ce5a5778e6493ca475155bdeb2389c86be28e90e11fc66e669359e6862c.mp4,1,0,0.9480996090845161,0.051900390915484026,0.896199218169032,1427,2,690.5673295259476,REAL
/workspace/data/genbuster-mini/extracted/GenBuster-200K-mini/benchmark/real/c9b70603cf9a295fe0b79d4a280b298e1cd28b8462368ba78670f0c402210e87.mp4,1,0,0.9892648272629606,0.010735172737039295,0.9785296545259213,1427,2,691.682979464531,REAL
/workspace/data/genbuster-mini/extracted/GenBuster-200K-mini/benchmark/real/c93745e2f3ea616b401fc772437e3edd0dbe2b7f3c4242a3527745e79fc4febc.mp4,1,0,0.9013928287558846,0.09860717124411537,0.8027856575117692,1427,2,710.8340635895729,REAL
/workspace/data/genbuster-mini/extracted/GenBuster-200K-mini/benchmark/real/c906b5ae36cdb255a8d07506d7d89e2b5039e641346a28632e238b366d641cc3.mp4,1,0,0.9381887517922554,0.06181124820774459,0.8763775035845107,1427,2,684.7850233316422,REAL
/workspace/data/genbuster-mini/extracted/GenBuster-200K-mini/benchmark/real/c8543e96915afc10f11b1dc7288ef14839bd4b71bec5f3189a474180e4bb0efc.mp4,1,0,0.9896146462197942,0.010385353780205825,0.9792292924395885,1427,2,689.1002431511879,REAL
/workspace/data/genbuster-mini/extracted/GenBuster-200K-mini/benchmark/real/c7dfb7b7cc42da12d1366a919c011b2fea360971bb8176664d29a465c7ec7679.mp4,1,0,0.9458584389575658,0.05414156104243419,0.8917168779151317,1427,2,688.1446018815041,REAL
/workspace/data/genbuster-mini/extracted/GenBuster-200K-mini/benchmark/real/c7d7f968f87b36bd6be05986ada1cc27d7062ba5c32abb05f54142648aa6fe21.mp4,1,0,0.9830788849589107,0.01692111504108931,0.9661577699178214,1427,2,698.1242299079895,REAL
/workspace/data/genbuster-mini/extracted/GenBuster-200K-mini/benchmark/real/c6ded60877c321fe8ba2ecfa4f6be6f74bdcb20275f952fa0f9078c38d28aa4c.mp4,1,0,0.9045862691234086,0.09541373087659141,0.8091725382468171,1427,2,692.636713385582,REAL
/workspace/data/genbuster-mini/extracted/GenBuster-200K-mini/benchmark/real/c6d20079254cec072a3c1e4846da2cc59e7dba1cdf4ce9e9f85d7e20dc36142e.mp4,1,0,0.9498113968810835,0.05018860311891655,0.8996227937621669,1427,2,689.8457407951355,REAL
/workspace/data/genbuster-mini/extracted/GenBuster-200K-mini/benchmark/real/c6bc9b44617aafc0523bbf33195245e3adf9af2890f954fae459599de7e51c7b.mp4,0,0,0.07263670636078697,0.927363293639213,0.854726587278426,1427,2,684.1211766004562,REAL
/workspace/data/genbuster-mini/extracted/GenBuster-200K-mini/benchmark/real/c678822a1eeec037ed68202138fd92ac24e4ada57cd372487b9312f6bf862fc8.mp4,1,0,0.9938934091672904,0.006106590832709518,0.9877868183345809,1427,2,687.6261010766029,REAL
/workspace/data/genbuster-mini/extracted/GenBuster-200K-mini/benchmark/real/c60a153f05fde1fe9f59d63ffba30a8b1057421ddd23de6674524b1256448be0.mp4,1,0,0.9807499391060607,0.019250060893939245,0.9614998782121215,1427,2,689.6848827600479,REAL
/workspace/data/genbuster-mini/extracted/GenBuster-200K-mini/benchmark/real/c5fdbe1303cd0226ccd44935529c1ef1347e641b52dc755509e5d3e53e30a2a8.mp4,1,0,0.9290244913022723,0.0709755086977278,0.8580489826045444,1427,2,686.5346878767014,REAL
/workspace/data/genbuster-mini/extracted/GenBuster-200K-mini/benchmark/real/c5c8ed8bacda166cfd528d927674759f413f2d0c7f0b7e3ea9820bf0e23a9e4f.mp4,0,1,0.21256657693649417,0.7874334230635058,0.5748668461270117,1427,3,716.6205495595932,FAKE
/workspace/data/genbuster-mini/extracted/GenBuster-200K-mini/benchmark/real/c5be8e9a2177a2c78a7eb7917c433452be00781eff58bd8e608820c3d132af40.mp4,0,1,0.19571129839323492,0.8042887016067651,0.6085774032135303,1427,3,719.2042395472527,FAKE
/workspace/data/genbuster-mini/extracted/GenBuster-200K-mini/benchmark/real/c4a2ebcaab7cbe3443251b1f4630e94d11cbb9c231c1fcff5863b662612d05d8.mp4,1,0,0.9511767777487566,0.048823222251243296,0.9023535554975134,1427,2,684.1887757182121,REAL
/workspace/data/genbuster-mini/extracted/GenBuster-200K-mini/benchmark/real/c47cfb3c2c19db4a914490d19f0b50587fea33aa45f90b5f7eb4ffb3d0fe4a0f.mp4,1,0,0.9904476410198939,0.009552358980106094,0.9808952820397878,1427,2,704.2832151055336,REAL
/workspace/data/genbuster-mini/extracted/GenBuster-200K-mini/benchmark/real/c43a4108d295cdec0c1789804312d5a4f65bb6d5fea14404401958b945e3054a.mp4,1,0,0.9638059021732918,0.03619409782670823,0.9276118043465835,1427,2,689.431257545948,REAL
/workspace/data/genbuster-mini/extracted/GenBuster-200K-mini/benchmark/real/c2fe4c26783b664eed33be3e287c6d92654922cd99b3b2dca508a0f497c87719.mp4,0,1,0.21126184136416687,0.7887381586358331,0.5774763172716662,1427,3,726.9383743405342,FAKE
/workspace/data/genbuster-mini/extracted/GenBuster-200K-mini/benchmark/real/c2f5965fa1e1e528170f9bd27f58ff8719204aadbcf607776174c27b72e316c4.mp4,1,0,0.964051645160167,0.03594835483983313,0.9281032903203338,1427,2,690.4603317379951,REAL
/workspace/data/genbuster-mini/extracted/GenBuster-200K-mini/benchmark/real/c2c7463fc85975ac30a6e844e81c4a5c02ed3f23cedd9c0bbd44af651aa385c9.mp4,0,1,0.16187479537333793,0.8381252046266622,0.6762504092533242,1427,3,723.2911437749863,FAKE
/workspace/data/genbuster-mini/extracted/GenBuster-200K-mini/benchmark/real/c2bfdcb663ff5d6b8937bf5420dbf159547be8f36c531100fbde9d99ea5bcc5b.mp4,1,0,0.9781870870220138,0.021812912977986064,0.9563741740440278,1427,2,688.7971386313438,REAL
/workspace/data/genbuster-mini/extracted/GenBuster-200K-mini/benchmark/real/c26ed88996cb59f6e703a49c018fb182b8ac5ce1dcd97038a9efc82ac7c530d1.mp4,1,0,0.897284495143912,0.10271550485608805,0.7945689902878239,1427,2,691.9521018862724,REAL
/workspace/data/genbuster-mini/extracted/GenBuster-200K-mini/benchmark/real/c236ce42443da43897db9e2082f2240f6fa80c72bc00549bb3060f5b8cbce69c.mp4,1,0,0.9677254397194308,0.03227456028056927,0.9354508794388615,1427,2,691.7930841445923,REAL
/workspace/data/genbuster-mini/extracted/GenBuster-200K-mini/benchmark/real/c2348b3b8276935ae183eab2b38ac4eb87e2260788bc57ab3d4ceaa10506541b.mp4,0,1,0.18992147110926294,0.810078528890737,0.620157057781474,1427,3,729.507327079773,FAKE
/workspace/data/genbuster-mini/extracted/GenBuster-200K-mini/benchmark/real/c19385a16b67d85c2e69ae025f98a78023b8bb0c6db2a0c8325eae297d13d509.mp4,0,1,0.19972395832418027,0.8002760416758198,0.6005520833516396,1427,3,720.7766473293304,FAKE
/workspace/data/genbuster-mini/extracted/GenBuster-200K-mini/benchmark/real/c15ace85df82c01d1ac78eba1b883aa425a0936b0651588db8231f5fd991f0f6.mp4,0,1,0.19659112065004475,0.8034088793499552,0.6068177586999104,1427,3,723.4381213784218,FAKE
/workspace/data/genbuster-mini/extracted/GenBuster-200K-mini/benchmark/real/c11df17a779745f20978a008590052007cdc2e1bb3175683072aa06f998c6dd2.mp4,1,0,0.96859692327036,0.03140307672964006,0.9371938465407199,1427,2,683.7580129504204,REAL
/workspace/data/genbuster-mini/extracted/GenBuster-200K-mini/benchmark/real/bfa47399b5e04e1e2346f5afd5a66570e2bc4fa3036b777d9f0f6861cc967cac.mp4,0,1,0.28776801122379636,0.7122319887762036,0.4244639775524073,1427,3,720.6349149346352,FAKE
/workspace/data/genbuster-mini/extracted/GenBuster-200K-mini/benchmark/real/bf90d271c4e24ee666c1d74272c32ef2a8858a97e019100585fbdb65a6b93a1d.mp4,0,0,0.07807816514495095,0.9219218348550491,0.8438436697100982,1427,2,684.5395714044571,REAL
/workspace/data/genbuster-mini/extracted/GenBuster-200K-mini/benchmark/real/bf765bd1d54810e580c5ee62086c974fca45fdbb8480e2c07b4d8ff6dccce6c1.mp4,1,0,0.9745642061780813,0.025435793821918674,0.9491284123561626,1427,2,690.3924718499184,REAL
/workspace/data/genbuster-mini/extracted/GenBuster-200K-mini/benchmark/real/bf0c59c63123904776b536eda79f16a2069a6040af60dbf0be34673236a8c51f.mp4,1,1,0.8615382094310357,0.13846179056896438,0.7230764188620713,1427,3,730.1734834909439,FAKE
/workspace/data/genbuster-mini/extracted/GenBuster-200K-mini/benchmark/real/beca7060df36b1483965685df94aff8fd9802607647c37e513b9ade424775374.mp4,1,0,0.9901219635743806,0.00987803642561931,0.9802439271487613,1427,2,692.6921308040619,REAL
/workspace/data/genbuster-mini/extracted/GenBuster-200K-mini/benchmark/real/be73af6dffc1c9e3f702ab6e4d50e6b2749548c86047aa3adf4b62223b7b5b0e.mp4,1,1,0.9465966702001757,0.053403329799824234,0.8931933404003515,1427,3,719.8093980550766,FAKE
/workspace/data/genbuster-mini/extracted/GenBuster-200K-mini/benchmark/real/be3ff3481d8107ad8c6c2f0590c6aa1de46a1147a71aa467a4400038094e9038.mp4,1,0,0.9884664263558584,0.011533573644141773,0.9769328527117166,1427,2,686.3639876246452,REAL
/workspace/data/genbuster-mini/extracted/GenBuster-200K-mini/benchmark/real/bd8065f2685c700b2dca08deb6224424227a27d295723f520b87bc689b3ec342.mp4,0,1,0.18325937126083694,0.8167406287391631,0.6334812574783262,1427,3,721.6387912631035,FAKE
/workspace/data/genbuster-mini/extracted/GenBuster-200K-mini/benchmark/real/bd69270ccda9cd02ea6c79646bc16ae47fc315332c104cdedf6449fcf26f63f4.mp4,0,1,0.21194453422947684,0.7880554657705232,0.5761109315410464,1427,3,722.4466055631638,FAKE
/workspace/data/genbuster-mini/extracted/GenBuster-200K-mini/benchmark/real/bd2d080d76dd85a00a80e87e68e6d6c82316029d4d594d0f81ce4325b7dbddc0.mp4,1,0,0.9467281294425486,0.05327187055745153,0.893456258885097,1427,2,686.636246740818,REAL
/workspace/data/genbuster-mini/extracted/GenBuster-200K-mini/benchmark/real/bd0defd5f9b933d663bccb5e6a2505878315bff0495a4ae2782055d6455908b7.mp4,1,0,0.9717279414028211,0.028272058597178785,0.9434558828056424,1427,2,685.8717799186707,REAL
/workspace/data/genbuster-mini/extracted/GenBuster-200K-mini/benchmark/real/bcaf141d2c4fa83dbce65a383bd302fe0ab1908db737251a550782eda2046d78.mp4,1,0,0.9882351371628378,0.01176486283716211,0.9764702743256757,1427,2,691.5493011474609,REAL
/workspace/data/genbuster-mini/extracted/GenBuster-200K-mini/benchmark/real/bba754ed8a36ea152861343021cac2a9958f8fb58f605c6fa6a310f34837cddb.mp4,1,0,0.985733765737923,0.014266234262076832,0.9714675314758462,1427,2,692.4334019422531,REAL
/workspace/data/genbuster-mini/extracted/GenBuster-200K-mini/benchmark/real/bb96e770ba2fec9aeb060d71361df3897cd5441ee44846f8d00738be2972c4ad.mp4,0,1,0.197356067196063,0.802643932803937,0.605287865607874,1427,3,720.8647653460503,FAKE
/workspace/data/genbuster-mini/extracted/GenBuster-200K-mini/benchmark/real/bb1d8e0d2e86cc595a2ac8beef885119183519d59cf11586e3b8a1d1f15919bc.mp4,1,1,0.7981867777396212,0.20181322226037882,0.5963735554792424,1427,3,724.1594567894936,FAKE
/workspace/data/genbuster-mini/extracted/GenBuster-200K-mini/benchmark/real/ba06cb429b8868f121e7fd71b5da39d4de14b5602d6a65f4b31042a66e69caab.mp4,1,0,0.9865322567070264,0.013467743292973653,0.9730645134140528,1427,2,684.3768730759621,REAL
/workspace/data/genbuster-mini/extracted/GenBuster-200K-mini/benchmark/real/b9d798cc28e84dbd6252f399f7851eaa6d75a59171f86c62cf86a6b8ac652a47.mp4,1,0,0.9842731162943266,0.015726883705673503,0.968546232588653,1427,2,689.5512416958809,REAL
/workspace/data/genbuster-mini/extracted/GenBuster-200K-mini/benchmark/real/b92ae7f71f9d6f070c305d438e0ba8617b0d923562e5c1ce161461dd0790dcfb.mp4,1,0,0.9886055508763059,0.011394449123694125,0.9772111017526117,1427,2,685.1484701037407,REAL
/workspace/data/genbuster-mini/extracted/GenBuster-200K-mini/benchmark/real/b90186156a44c1e21e8beab7876703296b12800d34e4373c74c2248549f4de5e.mp4,0,1,0.1929156355290955,0.8070843644709045,0.614168728941809,1427,3,727.2258922457695,FAKE
/workspace/data/genbuster-mini/extracted/GenBuster-200K-mini/benchmark/real/b8d9c614a938839ad643fc804c80a97676e36c66b8b03553f1ce5df89a7ecdec.mp4,1,0,0.979481547884,0.020518452115999942,0.9589630957680001,1427,2,685.8232393860817,REAL
/workspace/data/genbuster-mini/extracted/GenBuster-200K-mini/benchmark/real/b82761a4f267b55aced65933000dbdade1abb08118772763cc39fd0429153447.mp4,1,0,0.9836149600434202,0.016385039956579767,0.9672299200868404,1427,2,685.7497692108154,REAL
/workspace/data/genbuster-mini/extracted/GenBuster-200K-mini/benchmark/real/b803ebc732047f3d31693acbb6943dc237965efaad444e7059e1352bfbca3c3f.mp4,1,0,0.992605180530607,0.007394819469393059,0.985210361061214,1427,2,686.3967925310135,REAL
/workspace/data/genbuster-mini/extracted/GenBuster-200K-mini/benchmark/real/b7e7e9e25a8ca0b8f79b1665ec2b975105698741d97cfd0e886e9d69a60991ab.mp4,0,1,0.16901373995138064,0.8309862600486193,0.6619725200972386,1427,3,734.1723069548607,FAKE
/workspace/data/genbuster-mini/extracted/GenBuster-200K-mini/benchmark/real/b7d2708f67040b3c5e805ae762bdd2eb12adf27f449782069911733ab36f40a1.mp4,1,0,0.9908642589938073,0.009135741006192659,0.9817285179876146,1427,2,700.193502008915,REAL
/workspace/data/genbuster-mini/extracted/GenBuster-200K-mini/benchmark/real/b79840b07ab02a89525947b1a6a5dafc50465fe310b7c76f6dcf6cb3957355d8.mp4,0,1,0.21962438796301273,0.7803756120369872,0.5607512240739745,1427,3,725.2572253346443,FAKE
/workspace/data/genbuster-mini/extracted/GenBuster-200K-mini/benchmark/real/b6ccd327a06ecc4170992e1fd79884cebf1a7a19a8962dd7439a73f79861156f.mp4,1,0,0.9496515413786245,0.05034845862137555,0.899303082757249,1427,2,689.3297657370567,REAL
/workspace/data/genbuster-mini/extracted/GenBuster-200K-mini/benchmark/real/b6c3968ae2d54584b8c09ee87c34e6c5bcc5b3dc51d059c0b02135ed721411da.mp4,0,1,0.17715917529110722,0.8228408247088927,0.6456816494177855,1427,3,723.2313603162766,FAKE
/workspace/data/genbuster-mini/extracted/GenBuster-200K-mini/benchmark/real/b6a02c619337948155e28d2a0a9f0359638ac46ab1cfcb6d641a54a421e3a4aa.mp4,1,0,0.952050342823828,0.04794965717617188,0.9041006856476562,1427,2,689.518541097641,REAL
/workspace/data/genbuster-mini/extracted/GenBuster-200K-mini/benchmark/real/b64c44656c22fd8d44fca3505abec8e94732ef6f9d0e29e5083d7cbf8f62dab0.mp4,1,0,0.9439213651683986,0.05607863483160145,0.8878427303367972,1427,2,688.6978447437286,REAL
/workspace/data/genbuster-mini/extracted/GenBuster-200K-mini/benchmark/real/b62bc96db457645a2baea29a1e18950e2e43d8bf5f8ea6ff513bffefe9594d80.mp4,1,0,0.9888542732398942,0.011145726760105824,0.9777085464797883,1427,2,687.4905899167061,REAL
/workspace/data/genbuster-mini/extracted/GenBuster-200K-mini/benchmark/real/b6157c7bb724d53e94e4dfe9d93ad2967e12bcd5e2ba4890f5bf71d22c306281.mp4,1,0,0.9691911507632271,0.03080884923677284,0.9383823015264543,1427,2,687.8323256969452,REAL
/workspace/data/genbuster-mini/extracted/GenBuster-200K-mini/benchmark/real/b5c942ac056a109b7e9b857ffcab87384c338346e2a83a48f8db6e7d8e5ada4f.mp4,0,1,0.2073217420806531,0.792678257919347,0.5853565158386939,1427,3,721.8079939484596,FAKE
/workspace/data/genbuster-mini/extracted/GenBuster-200K-mini/benchmark/real/b5bb902857991641b85015165cb88a2bc128b0a44965f9d9958fc815f041149b.mp4,1,0,0.9540639985154901,0.04593600148450999,0.9081279970309801,1427,2,692.1835467219353,REAL
/workspace/data/genbuster-mini/extracted/GenBuster-200K-mini/benchmark/real/b576150b1b1b70cfdceaa0e2ff8e64929704a5a72b2fb5118f1fca2464a111f5.mp4,1,0,0.9700783370865719,0.029921662913428144,0.9401566741731437,1427,2,694.6606636047363,REAL
/workspace/data/genbuster-mini/extracted/GenBuster-200K-mini/benchmark/real/b54e5054cf7508c0eed8b04f5e63751f9ba5861bb241034f7908512f3b4f370a.mp4,0,1,0.14809423610957143,0.8519057638904286,0.7038115277808572,1427,3,725.4711389541626,FAKE
/workspace/data/genbuster-mini/extracted/GenBuster-200K-mini/benchmark/real/b51671d1b49480f7c186fc8e91bdf555fd67c26919013bf5b2d9b98919e6980b.mp4,1,1,0.7905303186696747,0.20946968133032526,0.5810606373393494,1427,3,728.0607670545578,FAKE
/workspace/data/genbuster-mini/extracted/GenBuster-200K-mini/benchmark/real/b5155322fbf5dae704e1bfc2056843cc61e6bfa073f5a49ab176d94eeb447acf.mp4,1,0,0.946219238205657,0.05378076179434307,0.8924384764113139,1427,2,694.6827694773674,REAL
/workspace/data/genbuster-mini/extracted/GenBuster-200K-mini/benchmark/real/b483131a209cc9855cc0d4ac33be6164f8e0eedd40f7aa7e3e93126d301b6201.mp4,0,0,0.04535258055430642,0.9546474194456936,0.9092948388913872,1427,2,691.4513483643532,REAL
/workspace/data/genbuster-mini/extracted/GenBuster-200K-mini/benchmark/real/b47644a4565cbfff5a5555ac1d12e161984c9ca9552931edb0dfae4b28152da7.mp4,1,1,0.8244619263765707,0.17553807362342935,0.6489238527531414,1427,3,724.6317118406296,FAKE
/workspace/data/genbuster-mini/extracted/GenBuster-200K-mini/benchmark/real/b460776f200a3840f9fdc0adb4c9b57dc7b222073d0f2513a27f06d0cd5de4a5.mp4,1,0,0.9895417463500803,0.010458253649919596,0.9790834927001607,1427,2,692.9553970694542,REAL
/workspace/data/genbuster-mini/extracted/GenBuster-200K-mini/benchmark/real/b441747d30327ea8055850be85cd5d35133c23dd0cff584511e7bfb5376bcce0.mp4,1,0,0.9574296534897893,0.042570346510210716,0.9148593069795785,1427,2,686.7333129048347,REAL
/workspace/data/genbuster-mini/extracted/GenBuster-200K-mini/benchmark/real/b3e43dde4ed9dc338d54a17d1996cf92eeaa8109a443385c1d605216e559bee2.mp4,1,0,0.9844107410653441,0.015589258934655785,0.9688214821306883,1427,2,688.4041577577591,REAL
/workspace/data/genbuster-mini/extracted/GenBuster-200K-mini/benchmark/real/b3d1cfd2436e1d854425f8de8e8db9edf8faea02f8191cb726eb9a82a891b7cb.mp4,0,1,0.20157367780050917,0.7984263221994908,0.5968526443989817,1427,3,723.5874608159065,FAKE
/workspace/data/genbuster-mini/extracted/GenBuster-200K-mini/benchmark/real/b3903995dbbfbdf1c6e58ae417f6f89ed51ccb6c393e29477fe8bbec8f0bf174.mp4,1,0,0.9785492508063098,0.021450749193690267,0.9570985016126196,1427,2,688.2509887218475,REAL
/workspace/data/genbuster-mini/extracted/GenBuster-200K-mini/benchmark/real/b3564a7d60d35fce8a33b06b33c0235501bfc1992cc0f93a54174df9176a23d7.mp4,1,0,0.9284087371686004,0.07159126283139974,0.8568174743372007,1427,2,694.9205547571182,REAL
/workspace/data/genbuster-mini/extracted/GenBuster-200K-mini/benchmark/real/b26e84b0d5828130956fa3f0751f3d2f062c9e3c56cf2c8479fdec1b244bc325.mp4,1,0,0.9368815711450794,0.06311842885492044,0.873763142290159,1427,2,693.9554587006569,REAL
/workspace/data/genbuster-mini/extracted/GenBuster-200K-mini/benchmark/real/b262bc4819ccdd747e03b2d58652fdc244a6ace6328cc2c1e0ffe42ac351f421.mp4,1,0,0.9440983429316978,0.05590165706830223,0.8881966858633956,1427,2,704.0561437606812,REAL
/workspace/data/genbuster-mini/extracted/GenBuster-200K-mini/benchmark/real/b249231ea1d82dfaf2e95d320908af9ec9c965f1d393c0212e2c2aef15e369e4.mp4,0,1,0.2156967657426003,0.7843032342573997,0.5686064685147993,1427,3,718.4553369879723,FAKE
/workspace/data/genbuster-mini/extracted/GenBuster-200K-mini/benchmark/real/b21e2a2ab1304a59322de2eb184d4e1250c8d1e8d36d776a6dfb8b679d50d20a.mp4,0,1,0.23006201272747187,0.7699379872725282,0.5398759745450563,1427,3,723.1031954288483,FAKE
/workspace/data/genbuster-mini/extracted/GenBuster-200K-mini/benchmark/real/b1fd6701b1c0cc4e18cbf4f4e169de899899f427fb60eabe634f5a20af92b188.mp4,1,0,0.9763535014752728,0.02364649852472723,0.9527070029505456,1427,2,691.5283873677254,REAL
/workspace/data/genbuster-mini/extracted/GenBuster-200K-mini/benchmark/real/b1aff83725714077e90db670837aa4254fe59c8558e1856d59c06736e22019b1.mp4,1,0,0.9375601300351598,0.062439869964840175,0.8751202600703196,1427,2,689.145177602768,REAL
/workspace/data/genbuster-mini/extracted/GenBuster-200K-mini/benchmark/real/b168e065332fd8417592077a9d9ea51e1f1720a0539748435804c4c779a5ab94.mp4,1,1,0.9539660976007597,0.046033902399240385,0.9079321952015192,1427,3,721.9136357307434,FAKE
/workspace/data/genbuster-mini/extracted/GenBuster-200K-mini/benchmark/real/b0fd0e4334e6d74ab956d13525f4253e192ce5709af6a2b0b28a7b9bc89d3cb1.mp4,1,0,0.9930603564382188,0.006939643561781089,0.9861207128764377,1427,2,690.4463991522789,REAL
/workspace/data/genbuster-mini/extracted/GenBuster-200K-mini/benchmark/real/b0ab0d012c5726b4c3e3dab3cb3648b0b294cf52d3eec4b4b75e52ad33199ed8.mp4,1,0,0.9879550755866375,0.012044924413362534,0.975910151173275,1427,2,695.9696635603905,REAL
/workspace/data/genbuster-mini/extracted/GenBuster-200K-mini/benchmark/real/b0a280a886eb2826366682ce7b54966434b249ee8a2261845c42b45f78ef7534.mp4,1,0,0.9785960634025226,0.021403936597477434,0.9571921268050452,1427,2,699.6781975030899,REAL
/workspace/data/genbuster-mini/extracted/GenBuster-200K-mini/benchmark/real/b0886b90dac63f552d0a0adbb70aa9259469505c566ac88b36fe0e8152cae670.mp4,0,1,0.1657474752430827,0.8342525247569172,0.6685050495138345,1427,3,719.8961526155472,FAKE
/workspace/data/genbuster-mini/extracted/GenBuster-200K-mini/benchmark/real/afdb866bc50950ad94cfcfe55a757d468b7126e702748a7309b9eba9d0bd1e70.mp4,1,0,0.9352564273750579,0.06474357262494214,0.8705128547501157,1427,2,686.6096556186676,REAL
/workspace/data/genbuster-mini/extracted/GenBuster-200K-mini/benchmark/real/afda3d647615ae8ac568dc353b4918207be7813a28d5e6ab7c82a3a44fe39486.mp4,1,0,0.9442943629913473,0.05570563700865275,0.8885887259826946,1427,2,703.0743211507797,REAL
/workspace/data/genbuster-mini/extracted/GenBuster-200K-mini/benchmark/real/af9e1ed5dc271c8516f0931c67b905f74a9d9d5361f9d8f245f8fd6ada27331a.mp4,1,0,0.9230655137466713,0.0769344862533288,0.8461310274933426,1427,2,692.546434700489,REAL
/workspace/data/genbuster-mini/extracted/GenBuster-200K-mini/benchmark/real/af0d4b7afccee0ac613e3f5d77edfd8e84adbffd05baa825b50f91ba2405890b.mp4,1,0,0.9665069477006938,0.033493052299306214,0.9330138954013876,1427,2,694.2766532301903,REAL
/workspace/data/genbuster-mini/extracted/GenBuster-200K-mini/benchmark/real/aebae259d1e8211ec4e092cbf454a980264b2d0fb92e68d865eb7fe047d9e8f3.mp4,1,0,0.9885677712214979,0.01143222877850223,0.9771355424429956,1427,2,685.6411695480347,REAL
/workspace/data/genbuster-mini/extracted/GenBuster-200K-mini/benchmark/real/ae9c0edeb8a190573e87f5df270312e9f6c338de38e8ab9371e04814406c8f10.mp4,1,0,0.9500414306694667,0.04995856933053334,0.9000828613389333,1427,2,685.632586479187,REAL
/workspace/data/genbuster-mini/extracted/GenBuster-200K-mini/benchmark/real/ae5cd0d494a7750c92efc3265d7f3cb51c994080e27b89edb1c71f587cf0699b.mp4,1,0,0.9886139271957007,0.011386072804299416,0.9772278543914014,1427,2,686.5222454071045,REAL
/workspace/data/genbuster-mini/extracted/GenBuster-200K-mini/benchmark/real/ae5c6dccc540d891f6281383818d7373e1028f853c0c156fa5ae839464f7b5b9.mp4,0,0,0.05033063259747688,0.9496693674025232,0.8993387348050463,1427,2,687.9846900701523,REAL
/workspace/data/genbuster-mini/extracted/GenBuster-200K-mini/benchmark/real/ade7e32b97f811930098a6818d3514b8130dc8cf664037fd572df9380ab8a4ea.mp4,1,0,0.9838057227144438,0.016194277285556242,0.9676114454288876,1427,2,687.9701167345047,REAL
/workspace/data/genbuster-mini/extracted/GenBuster-200K-mini/benchmark/real/addf3c0a6f7ef47e10c4814c483f6c6b15aa6fc39669071f7f0b2fc991566acc.mp4,1,0,0.9782742324429432,0.021725767557056828,0.9565484648858864,1427,2,698.6967697739601,REAL
/workspace/data/genbuster-mini/extracted/GenBuster-200K-mini/benchmark/real/ad2d83a3114851015a8a7da16c4c7dbd2783b6dda432e1e5aa185055a9e76e36.mp4,1,0,0.9391949635035799,0.060805036496419995,0.8783899270071599,1427,2,690.365694463253,REAL
/workspace/data/genbuster-mini/extracted/GenBuster-200K-mini/benchmark/real/acf034d34169ae0d54a36a885fe2b59d557203d502dda2004bb1eb261594a138.mp4,1,0,0.9753632502949663,0.02463674970503361,0.9507265005899327,1427,2,684.4245940446854,REAL
/workspace/data/genbuster-mini/extracted/GenBuster-200K-mini/benchmark/real/acbf2aae8fed3d02e3b405c04a47a81ecac1147f38497423685962577d2965e2.mp4,0,0,0.05582314113461443,0.9441768588653856,0.8883537177307712,1427,2,689.550444483757,REAL
/workspace/data/genbuster-mini/extracted/GenBuster-200K-mini/benchmark/real/aca8fc7dadc7bfe3daeac98ef93a8f4c0fccbe6a5cab0add74a41ac56af7e1c4.mp4,1,0,0.9839767027486619,0.016023297251338088,0.9679534054973238,1427,2,686.1566305160522,REAL
/workspace/data/genbuster-mini/extracted/GenBuster-200K-mini/benchmark/real/ac11a5a405489c09e4e9fd841e9ca991aefde7c53d37102a6869e466b085509b.mp4,1,0,0.9844847831191632,0.015515216880836728,0.9689695662383265,1427,2,688.9614686369896,REAL
/workspace/data/genbuster-mini/extracted/GenBuster-200K-mini/benchmark/real/ac0db7d299c88789657b843da13c127455d9ec32a6092bbacc5f4dfcd7bee7f8.mp4,0,1,0.20187329525429118,0.7981267047457088,0.5962534094914176,1427,3,719.3609029054642,FAKE
/workspace/data/genbuster-mini/extracted/GenBuster-200K-mini/benchmark/real/abe8e6e7f0b87ad502fce169280dc40b1d36539a8e5f7c94381f5e96841f2e14.mp4,1,0,0.9567266852534762,0.04327331474652384,0.9134533705069523,1427,2,692.0906528830528,REAL
/workspace/data/genbuster-mini/extracted/GenBuster-200K-mini/benchmark/real/abc559799165c4fb15aaa632d0956cecfc487a9a069dad94e6323f74647faad7.mp4,1,0,0.9693352273633418,0.03066477263665821,0.9386704547266835,1427,2,693.0337622761726,REAL
/workspace/data/genbuster-mini/extracted/GenBuster-200K-mini/benchmark/real/ab9fec1086f40dc02276bce357f211beeb54fa25bd1bffa48459d7d0d67875fe.mp4,0,1,0.20373785284250379,0.7962621471574962,0.5925242943149924,1427,3,724.7537672519684,FAKE
/workspace/data/genbuster-mini/extracted/GenBuster-200K-mini/benchmark/real/ab640d150333be6aee99aabcd8fce2f1172de0061c77029f605dee75345ca0e2.mp4,0,0,0.09138210306717136,0.9086178969328287,0.8172357938656574,1427,2,685.1598098874092,REAL
/workspace/data/genbuster-mini/extracted/GenBuster-200K-mini/benchmark/real/ab31d97f67b5551303168bfea1c462f4ea088587adadf3872922b77a03591564.mp4,1,0,0.9879771852400315,0.012022814759968529,0.975954370480063,1427,2,689.1806721687317,REAL
/workspace/data/genbuster-mini/extracted/GenBuster-200K-mini/benchmark/real/ab22d70011ad2a8e30e6c7555da22d1db8e426c1c33dbef649f7dcf76a7bd6f0.mp4,0,1,0.19320549787654598,0.806794502123454,0.6135890042469081,1427,3,728.8000583648682,FAKE
/workspace/data/genbuster-mini/extracted/GenBuster-200K-mini/benchmark/real/ab0522b5f7e9cbf9c22f0cf3b4a549acddaa709a915b207b6b571aed660f3f0a.mp4,0,1,0.1652336916018575,0.8347663083981425,0.669532616796285,1427,3,722.6203307509422,FAKE
/workspace/data/genbuster-mini/extracted/GenBuster-200K-mini/benchmark/real/aab4520d0c6a008199cfb9d8da55486ed5593646a364e790e09d53713a57c6cf.mp4,1,0,0.990958075882247,0.009041924117753036,0.981916151764494,1427,2,686.3344386219978,REAL
/workspace/data/genbuster-mini/extracted/GenBuster-200K-mini/benchmark/real/aa8ec46a17b6f701da58e36082e2042c2f022fb1d3b1073b941908234e4a3f2a.mp4,0,0,0.10230470789265303,0.8976952921073469,0.7953905842146939,1427,2,684.8649233579636,REAL
/workspace/data/genbuster-mini/extracted/GenBuster-200K-mini/benchmark/real/aa84e9c35d82a403cd2ac1a49f2abdd03d1d7019b0b8497afbbbdd8da1863366.mp4,0,1,0.19741514158828982,0.8025848584117101,0.6051697168234202,1427,3,721.5696647763252,FAKE
/workspace/data/genbuster-mini/extracted/GenBuster-200K-mini/benchmark/real/aa63bf56da4cfc791ebb296a1e58a1085b2f14fec7542a9ba4c17c896b7a7112.mp4,1,0,0.9458202838868149,0.05417971611318505,0.8916405677736299,1427,2,685.4771226644516,REAL
/workspace/data/genbuster-mini/extracted/GenBuster-200K-mini/benchmark/real/aa43ba01b7748a3f44b6aed730c8efb199a581b9788a145abd20dd093affde70.mp4,0,1,0.20097559363689052,0.7990244063631095,0.5980488127262189,1427,3,722.3696634173393,FAKE
/workspace/data/genbuster-mini/extracted/GenBuster-200K-mini/benchmark/real/a9d697e8d50b835110a802175119032e18ec22e8a063bb8a49bb81797376ebc8.mp4,1,0,0.9863531426148385,0.013646857385161453,0.9727062852296771,1427,2,686.443567276001,REAL
/workspace/data/genbuster-mini/extracted/GenBuster-200K-mini/benchmark/real/a9bf64905725ddf5dd170c894ce03db05620718534ec43af5cfcd3c448b1132c.mp4,0,0,0.053403329799824234,0.9465966702001757,0.8931933404003515,1427,2,705.770269036293,REAL
/workspace/data/genbuster-mini/extracted/GenBuster-200K-mini/benchmark/real/a8cef40536945b37e17b72f89ba5c4b749625f4150f0646b17ba87d3f1f49dca.mp4,1,0,0.9259473487664186,0.07405265123358139,0.8518946975328372,1427,2,726.2959182262421,REAL
/workspace/data/genbuster-mini/extracted/GenBuster-200K-mini/benchmark/real/a880f3fd826d34fa40fd9f3df08868fb525c966be5671dca53f462df5576071f.mp4,1,0,0.8950343112215702,0.10496568877842978,0.7900686224431404,1427,2,688.3211880922318,REAL
/workspace/data/genbuster-mini/extracted/GenBuster-200K-mini/benchmark/real/a87b8cf2052f8c07655b198fadb9461c8c33f25a1e3ce7f7d02abbda702c1f86.mp4,0,1,0.1604163828514057,0.8395836171485943,0.6791672342971886,1427,3,738.3291572332382,FAKE
/workspace/data/genbuster-mini/extracted/GenBuster-200K-mini/benchmark/real/a868dff2350fd742c13465fb31c076f9176d6711c0c18b114cf17bac1fa9a1c6.mp4,1,0,0.9787048780242473,0.021295121975752628,0.9574097560484947,1427,2,687.5262707471848,REAL
/workspace/data/genbuster-mini/extracted/GenBuster-200K-mini/benchmark/real/a8185d5b782181c8444f96ef1c6abd7eafa3ad243089627fd9eff64a112b2059.mp4,1,0,0.9907080413453324,0.009291958654667611,0.9814160826906648,1427,2,684.5112517476082,REAL
/workspace/data/genbuster-mini/extracted/GenBuster-200K-mini/benchmark/real/a7bcc4b3be75780a6fd750b0f928779b456d383c5aa09620f6e3013357084eb6.mp4,0,1,0.2101482841529376,0.7898517158470625,0.5797034316941249,1427,3,718.4113040566444,FAKE
/workspace/data/genbuster-mini/extracted/GenBuster-200K-mini/benchmark/real/a7a83e0b47f580c392bbfb9e4801d67f1eecc4e89733ac99a9efa5a42ae7040a.mp4,1,0,0.9905630951627521,0.009436904837247947,0.9811261903255042,1427,2,696.8765705823898,REAL
/workspace/data/genbuster-mini/extracted/GenBuster-200K-mini/benchmark/real/a783774dae1df2c72889f90cb4f7185d79a4ab152ba81d7f0b5d003a03207b0e.mp4,1,0,0.9871787736629059,0.012821226337094248,0.9743575473258116,1427,2,689.8108348250389,REAL
/workspace/data/genbuster-mini/extracted/GenBuster-200K-mini/benchmark/real/a7196150c76e5f5af1202e94b6bb60866f4aa2df12a1b8dddfae06ef033b3ffd.mp4,1,0,0.9781950215856392,0.02180497841436082,0.9563900431712784,1427,2,693.3262571692467,REAL
/workspace/data/genbuster-mini/extracted/GenBuster-200K-mini/benchmark/real/a71475095e59d2735b942b006a71a7e2d58cf2dc92a0616a288cedbb1f75baaf.mp4,1,0,0.9770142575151914,0.022985742484808502,0.9540285150303829,1427,2,688.4677037596703,REAL
/workspace/data/genbuster-mini/extracted/GenBuster-200K-mini/benchmark/real/a710b12bb1cedb9c60f6abf00ea6e0d952358683409ff6c27caf861906d14ffe.mp4,1,0,0.9885382990678259,0.011461700932174176,0.9770765981356517,1427,2,691.7993202805519,REAL
/workspace/data/genbuster-mini/extracted/GenBuster-200K-mini/benchmark/real/a7074fb84329e2914d7cc38f3af7b89de4d6a20b69094ff315ad7a9f3cba0cea.mp4,0,1,0.20025967770997666,0.7997403222900232,0.5994806445800466,1427,3,723.0700701475143,FAKE
/workspace/data/genbuster-mini/extracted/GenBuster-200K-mini/benchmark/real/a6e88a1ea38f1c11564da6c683f21d25257650282c767dbe2ad2e66aebfca799.mp4,1,0,0.9850319357365002,0.014968064263499826,0.9700638714730003,1427,2,691.757932305336,REAL
/workspace/data/genbuster-mini/extracted/GenBuster-200K-mini/benchmark/real/a684c42f912a579237859c582777acbf029ef8a96d973cb1fe28e6c0a15a0457.mp4,1,0,0.9758326359909255,0.02416736400907452,0.951665271981851,1427,2,691.4369836449623,REAL
/workspace/data/genbuster-mini/extracted/GenBuster-200K-mini/benchmark/real/a5ec03d4545eecf03c80487c80b87b1295f440f4f0b8a24aa9f16326918dc7d8.mp4,1,0,0.9648929703725267,0.03510702962747332,0.9297859407450534,1427,2,692.4159973859787,REAL
/workspace/data/genbuster-mini/extracted/GenBuster-200K-mini/benchmark/real/a53054ab4ac16fa4aee22c156aa15d7bccb70d77a74a1bc73721743628ea69e9.mp4,1,0,0.9303618673149231,0.06963813268507685,0.8607237346298462,1427,2,691.1268010735512,REAL
/workspace/data/genbuster-mini/extracted/GenBuster-200K-mini/benchmark/real/a5236f8e6cb974a65c1446c92b3ee0bb01add6bc0915269fef0a32a8e34f55c8.mp4,1,0,0.980027582713213,0.019972417286787083,0.9600551654264259,1427,2,691.0767257213593,REAL
/workspace/data/genbuster-mini/extracted/GenBuster-200K-mini/benchmark/real/a4cca18a70b695cedf32bbc3f5e90c6474038b4fd66f5706ff4d5a9a0be7db04.mp4,1,1,0.8006920020959544,0.19930799790404563,0.6013840041919087,1427,3,729.2376905679703,FAKE
/workspace/data/genbuster-mini/extracted/GenBuster-200K-mini/benchmark/real/a4bf519fa73d697afb07a3b27205dd11ac6ab6189143518a360eae89c624bd44.mp4,0,0,0.09138210306717136,0.9086178969328287,0.8172357938656574,1427,2,687.611386179924,REAL
/workspace/data/genbuster-mini/extracted/GenBuster-200K-mini/benchmark/real/a489e43fb92b8a55a7dc5863d213f97dba1a764ffe05918e5241ecbb628c2fb9.mp4,1,0,0.9482823672299523,0.051717632770047664,0.8965647344599046,1427,2,694.2606493830681,REAL
/workspace/data/genbuster-mini/extracted/GenBuster-200K-mini/benchmark/real/a48447f927db2c045417c805b95e5b26ab411c56da0f3d3df17a55914e56fd34.mp4,0,0,0.04742587317756679,0.9525741268224334,0.9051482536448666,1427,2,686.2024441361427,REAL
/workspace/data/genbuster-mini/extracted/GenBuster-200K-mini/benchmark/real/a44e8017ad9fb5d5e1b21413025b5ecf07099c34661e5b5150ef2ba4ad9c6b6e.mp4,1,0,0.9394705555661921,0.060529444433807825,0.8789411111323843,1427,2,684.835284948349,REAL
/workspace/data/genbuster-mini/extracted/GenBuster-200K-mini/benchmark/real/a444faeb4b46be2794d136b27b2c1c2bdf61eb3ed2760a701297fcc24417437c.mp4,1,0,0.9935714069655555,0.0064285930344446405,0.9871428139311108,1427,2,696.358360350132,REAL
/workspace/data/genbuster-mini/extracted/GenBuster-200K-mini/benchmark/real/a4392ad36115d4672cfc3b39019a0d2d9f23e56615173a8008ead1170be52f03.mp4,0,1,0.2528055300878186,0.7471944699121813,0.4943889398243627,1427,3,721.4085161685944,FAKE
/workspace/data/genbuster-mini/extracted/GenBuster-200K-mini/benchmark/real/a404d44174e221878ea807639fd73ca8dbc97d11f2ce0fc0e4deb1007a4f896f.mp4,0,0,0.07055959618729296,0.9294404038127071,0.8588808076254142,1427,2,686.7796406149864,REAL
/workspace/data/genbuster-mini/extracted/GenBuster-200K-mini/benchmark/real/a3d8eed6f4631802f2aa2112bbc584c923570b75c39dfa8fd17da43a498c0006.mp4,1,0,0.9906565247422976,0.009343475257702431,0.9813130494845952,1427,2,691.4837583899498,REAL
/workspace/data/genbuster-mini/extracted/GenBuster-200K-mini/benchmark/real/a3b6b793fa4f9257ef11920e9fef26cb22b80c96651f7ae552b31d73ba1ba308.mp4,0,0,0.07055959618729296,0.9294404038127071,0.8588808076254142,1427,2,691.818080842495,REAL
/workspace/data/genbuster-mini/extracted/GenBuster-200K-mini/benchmark/real/a3b69e8e1cefe2fdfe8b856c7a52f15ae668606270304ae34550c108ac21d2e8.mp4,0,1,0.19930815009555644,0.8006918499044435,0.6013836998088871,1427,3,721.4902117848396,FAKE
/workspace/data/genbuster-mini/extracted/GenBuster-200K-mini/benchmark/real/a39aa0c247a5ddefe6a41d887e680cf9d292b0a8086fdad2c04b6dae54d48c88.mp4,0,1,0.23544315368720914,0.7645568463127907,0.5291136926255816,1427,3,719.9812009930611,FAKE
/workspace/data/genbuster-mini/extracted/GenBuster-200K-mini/benchmark/real/a300e6c46ac4e5fc3158069200c9ccd60f6d2ffae64d3ef395cc4b023772c93f.mp4,1,0,0.9205178382091674,0.07948216179083258,0.8410356764183349,1427,2,687.6951307058334,REAL
/workspace/data/genbuster-mini/extracted/GenBuster-200K-mini/benchmark/real/a2bc47eafd33d066a4e819b73f5869b99820eeb5d7dc253580a9699c510bdfbd.mp4,1,0,0.9905107826443048,0.009489217355695185,0.9810215652886096,1427,2,686.5179017186165,REAL
/workspace/data/genbuster-mini/extracted/GenBuster-200K-mini/benchmark/real/a2a33dd80fe89e7b9be183a68468d6f1a512aef1f0f564eac6ac8848878edacb.mp4,0,1,0.1572355261993399,0.8427644738006601,0.6855289476013202,1427,3,719.4714695215225,FAKE
/workspace/data/genbuster-mini/extracted/GenBuster-200K-mini/benchmark/real/a1df14bf785215eabe470c11dc9e5d31a4066c4c0d8c23fdf34aa78a7c9fcaaf.mp4,1,0,0.9689122338946469,0.031087766105353135,0.9378244677892937,1427,2,697.5609511137009,REAL
/workspace/data/genbuster-mini/extracted/GenBuster-200K-mini/benchmark/real/a1ccd7856a9eb49bd0baa3df00f1ec3e5a55488aea9d24bb8670723c091778f3.mp4,0,0,0.05184546664977983,0.94815453335022,0.8963090667004402,1427,2,688.9048293232918,REAL
/workspace/data/genbuster-mini/extracted/GenBuster-200K-mini/benchmark/real/a1bc3ae1528851440056dfdcc3a33fb93d15b10ef3a0e95c57868b2fe3a9471c.mp4,0,1,0.2737963809956453,0.7262036190043547,0.4524072380087094,1427,3,719.8004126548767,FAKE
/workspace/data/genbuster-mini/extracted/GenBuster-200K-mini/benchmark/real/a11e49f6be2cd376add06f23097e34895cf0b167ee83761cc5420f984e4bcc68.mp4,1,1,0.8918110454379297,0.10818895456207035,0.7836220908758593,1427,3,718.1717827916145,FAKE
/workspace/data/genbuster-mini/extracted/GenBuster-200K-mini/benchmark/real/a10f31d0a0109a4d9c91abcf3bffceb971ca895364a3def1fe5d4831b28fa284.mp4,1,0,0.9242200046225407,0.07577999537745919,0.8484400092450816,1427,2,686.4842250943184,REAL
/workspace/data/genbuster-mini/extracted/GenBuster-200K-mini/benchmark/real/a06b25f7d68b5f08e2988c7cf1fab28953a6e50b92931c851ff263350c2c0837.mp4,1,0,0.9775102431082888,0.02248975689171115,0.9550204862165776,1427,2,695.2164396643639,REAL
/workspace/data/genbuster-mini/extracted/GenBuster-200K-mini/benchmark/real/a03ec9554207c26680713efef7fb4e654a71fea64c56361ea438337790ef59e0.mp4,0,1,0.19471764251785664,0.8052823574821433,0.6105647149642867,1427,3,734.4389781355858,FAKE
/workspace/data/genbuster-mini/extracted/GenBuster-200K-mini/benchmark/real/a025ba9e2d137aab0945ab7e1c1d31bc4c8cfd08a6dd86c8c42ebb65025ae219.mp4,1,0,0.9865273015005426,0.013472698499457378,0.9730546030010851,1427,2,688.9477446675301,REAL
/workspace/data/genbuster-mini/extracted/GenBuster-200K-mini/benchmark/real/9fed1a8fae9a0649cb76871a6bbb8f8689fa513775b277ca7bbcb9ac1e4c5366.mp4,1,0,0.9600911975850714,0.03990880241492846,0.920182395170143,1427,2,693.7771961092949,REAL
/workspace/data/genbuster-mini/extracted/GenBuster-200K-mini/benchmark/real/9fd2f05c9b4029ecb4ab73795efe63e61b555ed750672ecaa1f2750de3716849.mp4,1,0,0.9946961382438161,0.005303861756183925,0.9893922764876322,1427,2,685.9399750828743,REAL
/workspace/data/genbuster-mini/extracted/GenBuster-200K-mini/benchmark/real/9fc31fa3d2c3ef06dd70d928da636aefb357329928744dbe8ed8a12ce0983d14.mp4,1,0,0.9944244810623297,0.005575518937670234,0.9888489621246594,1427,2,708.2367688417435,REAL
/workspace/data/genbuster-mini/extracted/GenBuster-200K-mini/benchmark/real/9f92b54d7ddd117881e7dace99a7b86212b272c272ff61d7ba5a1add2798980b.mp4,1,0,0.9881526697723364,0.011847330227663674,0.9763053395446727,1427,2,686.3597705960274,REAL
/workspace/data/genbuster-mini/extracted/GenBuster-200K-mini/benchmark/real/9f6a7de2ed6d0f5c83e3e3134414c85eed72f6408cf0fcfd6feff5fc5dbc55a7.mp4,1,0,0.9600198448946604,0.03998015510533967,0.9200396897893207,1427,2,689.8330673575401,REAL
/workspace/data/genbuster-mini/extracted/GenBuster-200K-mini/benchmark/real/9f566b7838f347f51fb7ec0b36c39ad6e96c075748df5616530380110656dbf1.mp4,1,0,0.9231711670440946,0.07682883295590544,0.8463423340881892,1427,2,684.3846514821053,REAL
/workspace/data/genbuster-mini/extracted/GenBuster-200K-mini/benchmark/real/9f3a6eb19abb9f3341f9baf5e4120e9d87dea6c11839c2b267bd31fc9b4c09e3.mp4,1,0,0.9892924514868516,0.010707548513148434,0.9785849029737032,1427,2,700.545035302639,REAL
/workspace/data/genbuster-mini/extracted/GenBuster-200K-mini/benchmark/real/9ea77445ded250a03ed4421d19e9bae660b7f70fd4ea5e9b5c980d67fb32ef8b.mp4,1,1,0.7490872131147275,0.25091278688527247,0.498174426229455,1427,3,738.9892041683197,FAKE
/workspace/data/genbuster-mini/extracted/GenBuster-200K-mini/benchmark/real/9e6d3eda581203624c93b35fcdc64a432998f4c069531fd23a9cfc9735b13160.mp4,0,0,0.09947021388210707,0.9005297861178929,0.8010595722357858,1427,2,690.342552959919,REAL
/workspace/data/genbuster-mini/extracted/GenBuster-200K-mini/benchmark/real/9e3027111c5ca60a222fe65577842a2e0fc0cd6cdfa00db233ed732158dd542c.mp4,0,0,0.021615332762647654,0.9783846672373524,0.9567693344747048,1427,2,684.7648844122887,REAL
/workspace/data/genbuster-mini/extracted/GenBuster-200K-mini/benchmark/real/9de1636d1dcfad68fa81d3e5dd9e335b24459636b91f9d289478b6c9c601ab4c.mp4,1,0,0.9773790035077164,0.022620996492283614,0.9547580070154328,1427,2,698.2000023126602,REAL
/workspace/data/genbuster-mini/extracted/GenBuster-200K-mini/benchmark/real/9dc562c440ca3b29ec67f43f856be467d9508d9328cc57c67989b0c7d37abb6d.mp4,1,0,0.9363293669662608,0.06367063303373924,0.8726587339325216,1427,2,687.8761574625969,REAL
/workspace/data/genbuster-mini/extracted/GenBuster-200K-mini/benchmark/real/9d85aaebc565a4e221ae7c3fd155766a3838db0edf181be9a05b6cb641322077.mp4,0,1,0.18192680207314613,0.8180731979268538,0.6361463958537077,1427,3,728.0629873275757,FAKE
/workspace/data/genbuster-mini/extracted/GenBuster-200K-mini/benchmark/real/9d804568bbc7639bf8a02caeaa31e86303f5017d2c1cbab7457a541810b1ab88.mp4,1,0,0.9754079210280829,0.02459207897191715,0.9508158420561658,1427,2,687.9714205861092,REAL
/workspace/data/genbuster-mini/extracted/GenBuster-200K-mini/benchmark/real/9d66c30b89730fea63fc2148b0889c624df9a5adef602e41b1f31ba249e8aaa4.mp4,1,0,0.9798520734396395,0.02014792656036055,0.959704146879279,1427,2,687.5806003808975,REAL
/workspace/data/genbuster-mini/extracted/GenBuster-200K-mini/benchmark/real/9d1d7ba27752815253276e7798e5e7db8f6a6f005aaea1c950b9b36e0b2c5de0.mp4,1,0,0.9446844641623579,0.05531553583764216,0.8893689283247157,1427,2,691.0886093974113,REAL
/workspace/data/genbuster-mini/extracted/GenBuster-200K-mini/benchmark/real/9ca561e52013da475a7b5a00c4b23d943ab7283962ae20a857f89fcc810b95f3.mp4,1,0,0.9051626971373943,0.0948373028626057,0.8103253942747886,1427,2,687.666617333889,REAL
/workspace/data/genbuster-mini/extracted/GenBuster-200K-mini/benchmark/real/9ca440a960551bea710b842adb234ecb99c05f9cb5c5b1d5727fa4ce88ec1543.mp4,1,0,0.9844335557015301,0.015566444298469926,0.9688671114030603,1427,2,698.0589777231216,REAL
/workspace/data/genbuster-mini/extracted/GenBuster-200K-mini/benchmark/real/9bf115d156a3fe9a994cb6d60fc53077009d8776a56d39e0061d599fdfc8b51c.mp4,1,1,0.8479677583778257,0.15203224162217424,0.6959355167556515,1427,3,718.2993516325951,FAKE
/workspace/data/genbuster-mini/extracted/GenBuster-200K-mini/benchmark/real/9bcb2be0ce5e212f7a0523f111e792a555a1bec0ff082b6d36b765128e1d2a89.mp4,0,1,0.1908964537972242,0.8091035462027758,0.6182070924055516,1427,3,718.6401262879372,FAKE
/workspace/data/genbuster-mini/extracted/GenBuster-200K-mini/benchmark/real/9b95a99753a645b4f5a2180f3a0ee69d2a4c2a46fa24deba2bc8b7760cc330ac.mp4,0,1,0.14341612372616114,0.8565838762738389,0.7131677525476778,1427,3,730.3260564804077,FAKE
/workspace/data/genbuster-mini/extracted/GenBuster-200K-mini/benchmark/real/9b3657eaf6684a6d0643001aea6fa2ad5a2d2402c268738f9d0055adcad7dd4a.mp4,1,1,0.7826624789529376,0.21733752104706247,0.5653249579058751,1427,3,720.8066508173943,FAKE
/workspace/data/genbuster-mini/extracted/GenBuster-200K-mini/benchmark/real/9af65d161dc5b1ae4d235b51172bbfcb3a58c790d528c3bca88bfe411181e800.mp4,1,0,0.9801582402239576,0.019841759776042415,0.9603164804479152,1427,2,689.1025751829147,REAL
/workspace/data/genbuster-mini/extracted/GenBuster-200K-mini/benchmark/real/9ae80978b1c09891be50ea704516efd05a199701c2b3b276f6c1d8c19acdba4b.mp4,0,0,0.05749327880038583,0.9425067211996143,0.8850134423992285,1427,2,690.430074930191,REAL
/workspace/data/genbuster-mini/extracted/GenBuster-200K-mini/benchmark/real/9ac8119a378344455378fe626346cfc9216966142f9f3e6e280aac7cf38fd7c4.mp4,0,1,0.1534766756848935,0.8465233243151065,0.6930466486302129,1427,3,729.4464781880379,FAKE
/workspace/data/genbuster-mini/extracted/GenBuster-200K-mini/benchmark/real/9a786b8d51f1b6f9eb72431957d66adfedf45ee579ab049b0a3ff15d8f919c38.mp4,0,0,0.010013570623173138,0.9899864293768268,0.9799728587536537,1427,2,691.3953050971031,REAL
/workspace/data/genbuster-mini/extracted/GenBuster-200K-mini/benchmark/real/9a4b137c3ab11608ece1579157de9c824367ec5e3e9eb4dba9cb05dbeca18c36.mp4,0,1,0.20247337393860604,0.797526626061394,0.595053252122788,1427,3,724.4964689016342,FAKE
/workspace/data/genbuster-mini/extracted/GenBuster-200K-mini/benchmark/real/9a3056a12a633916a638ac223e6cfe1c94ddb881f8ae21da8e1f2967c7afe4a3.mp4,0,0,0.0446808702726502,0.9553191297273498,0.9106382594546996,1427,2,691.8768733739853,REAL
/workspace/data/genbuster-mini/extracted/GenBuster-200K-mini/benchmark/real/9a25442c0f679b5e3f513edbb557874d0f05957c34fb21c992c0aa1875822cf6.mp4,1,0,0.9763277269468492,0.023672273053150863,0.9526554538936983,1427,2,690.244697034359,REAL
/workspace/data/genbuster-mini/extracted/GenBuster-200K-mini/benchmark/real/9a251727fdd3c82701f2b02d6252ac8baa5e36cf07a5289ab04211038b5d7c35.mp4,1,0,0.9636889164608782,0.03631108353912185,0.9273778329217564,1427,2,686.4969953894615,REAL
/workspace/data/genbuster-mini/extracted/GenBuster-200K-mini/benchmark/real/99faef10cbbfb8cd70d7848ff66066805ab467bf0181b0a27e0240aa1a967493.mp4,0,0,0.0675466911396291,0.9324533088603709,0.8649066177207418,1427,2,686.7808774113655,REAL
/workspace/data/genbuster-mini/extracted/GenBuster-200K-mini/benchmark/real/999ed94d8f576480beae20a9eef909c9044c193cc56349ad17c2e2b246c64af2.mp4,1,0,0.9299025044640322,0.07009749553596771,0.8598050089280646,1427,2,689.8531541228294,REAL
/workspace/data/genbuster-mini/extracted/GenBuster-200K-mini/benchmark/real/99853ebd0e8e7dc13211e2be4acb050228f4de3c96046223cee8a58fd0bba505.mp4,1,0,0.9830912545681918,0.016908745431808196,0.9661825091363836,1427,2,689.4967555999756,REAL
/workspace/data/genbuster-mini/extracted/GenBuster-200K-mini/benchmark/real/9969e45831fb806f9a7a3c3970e4be4f038c2e6349c5e035bbf8a6ace094061a.mp4,1,0,0.9574448101971899,0.04255518980281011,0.9148896203943797,1427,2,685.6963634490967,REAL
/workspace/data/genbuster-mini/extracted/GenBuster-200K-mini/benchmark/real/9965da124e3a36b11281560dcfed4ba2deca8440c449dda25b82dc17b3bdd753.mp4,1,0,0.9665189855540648,0.03348101444593522,0.9330379711081296,1427,2,699.6202915906906,REAL
/workspace/data/genbuster-mini/extracted/GenBuster-200K-mini/benchmark/real/993875fe52689cd72dcce66d006b20dde1d4a059e0a2da1c646c995127f4f814.mp4,1,0,0.9548723710934173,0.04512762890658275,0.9097447421868345,1427,2,687.1600672602654,REAL
/workspace/data/genbuster-mini/extracted/GenBuster-200K-mini/benchmark/real/98e77f2ae1625d52329e0ec2dd1244ec52c1d08d73fc138b11e629bf22f9f338.mp4,1,0,0.946634261186985,0.05336573881301492,0.8932685223739701,1427,2,688.4077042341232,REAL
/workspace/data/genbuster-mini/extracted/GenBuster-200K-mini/benchmark/real/988118f1f2aaec8d3e3a4e688ae9bdf4df977f7f147d9ff9de929ad4f9e57d34.mp4,0,0,0.09009299396195182,0.9099070060380482,0.8198140120760964,1427,2,692.0584738254547,REAL
/workspace/data/genbuster-mini/extracted/GenBuster-200K-mini/benchmark/real/97b15d6cd8f5a44b92077ad384e19a5f5ed3edda79e4d166b4f2c575f07faf2c.mp4,1,0,0.9756211802770284,0.024378819722971633,0.9512423605540568,1427,2,693.6043053865433,REAL
/workspace/data/genbuster-mini/extracted/GenBuster-200K-mini/benchmark/real/97a867f435361bc1ded9cadce12b6e021594babfdc1eb8b4177dbaed902ecf45.mp4,0,0,0.08389038641057993,0.91610961358942,0.8322192271788401,1427,2,689.8287162184715,REAL
/workspace/data/genbuster-mini/extracted/GenBuster-200K-mini/benchmark/real/979e7a959669ea1d790fab8cbf5b20d43644526214f18986a20ebf5e0d8870a1.mp4,1,0,0.9661802796150509,0.03381972038494909,0.9323605592301019,1427,2,695.8588436245918,REAL
/workspace/data/genbuster-mini/extracted/GenBuster-200K-mini/benchmark/real/979552f424b0cce863eba40b786c11c8996f36458f80d359cea6dfb491173ef3.mp4,1,0,0.9683584191255629,0.03164158087443704,0.9367168382511258,1427,2,689.5239502191544,REAL
/workspace/data/genbuster-mini/extracted/GenBuster-200K-mini/benchmark/real/9761824bfa7324175adf698f0e2689ca6e085d954c7c7c1147e9c76d485132a8.mp4,1,0,0.9646907619042536,0.03530923809574635,0.9293815238085072,1427,2,695.8066523075104,REAL
/workspace/data/genbuster-mini/extracted/GenBuster-200K-mini/benchmark/real/971ed46291b5659baa84fc014d0154f07374f16645ff91f5c2c8d634aac6b2c4.mp4,1,0,0.9928284164351929,0.007171583564806934,0.985656832870386,1427,2,685.2514296770096,REAL
/workspace/data/genbuster-mini/extracted/GenBuster-200K-mini/benchmark/real/971835fecbe3c259de5e757a8a1f207f7a7eba0048149282febdf13219bc7645.mp4,1,0,0.9615337727085429,0.03846622729145696,0.9230675454170859,1427,2,689.2781555652618,REAL
/workspace/data/genbuster-mini/extracted/GenBuster-200K-mini/benchmark/real/96f4b0cfd639d6b91d964ce30228db944cfdf2214e913fabfc28d66010c66a22.mp4,0,1,0.18253663729043051,0.8174633627095695,0.6349267254191391,1427,3,720.6006124615669,FAKE
/workspace/data/genbuster-mini/extracted/GenBuster-200K-mini/benchmark/real/96d485bbefd463ab97df52b054adf6ab80b50f54133e5fd976f28c35c93bf647.mp4,0,1,0.19396045118778013,0.80603954881222,0.6120790976244398,1427,3,723.4663292765617,FAKE
/workspace/data/genbuster-mini/extracted/GenBuster-200K-mini/benchmark/real/964b02a52c1d4831c8d7b2ffb4e79ecab5c3765943df94938db4c997858903b7.mp4,0,1,0.23297446048919454,0.7670255395108054,0.5340510790216109,1427,3,727.3098081350327,FAKE
/workspace/data/genbuster-mini/extracted/GenBuster-200K-mini/benchmark/real/9601c6d0ed3676a8590c73db86677699bf05ac8c1542b0482e66d0b7bac3cb24.mp4,0,0,0.06008665017400762,0.9399133498259924,0.8798266996519848,1427,2,685.3985041379929,REAL
/workspace/data/genbuster-mini/extracted/GenBuster-200K-mini/benchmark/real/9545acd4cb30284373f00b503c01ab5f68696e368eaa130827329c15dd7e6f52.mp4,1,0,0.977056005102895,0.02294399489710501,0.9541120102057901,1427,2,688.6656805872917,REAL
/workspace/data/genbuster-mini/extracted/GenBuster-200K-mini/benchmark/real/952af4ec45ce948dfa3cfba7c4c3638ecdd9048a15d2fbadae7e5c63d5ceb7a8.mp4,1,0,0.9878349532642469,0.012165046735753238,0.9756699065284936,1427,2,691.9232234358788,REAL
/workspace/data/genbuster-mini/extracted/GenBuster-200K-mini/benchmark/real/951e065e5ada5f75c0e964f41b21e28dbce26c50b811478a0fc088d4030c87b7.mp4,1,0,0.9390460569153448,0.060953943084655196,0.8780921138306896,1427,2,696.7938095331192,REAL
/workspace/data/genbuster-mini/extracted/GenBuster-200K-mini/benchmark/real/94fc3d0a84597ba3ed690fa31bfaa1310603e772fc6d4c22c44ac6b28296ecef.mp4,1,0,0.9902305268483237,0.00976947315167625,0.9804610536966475,1427,2,690.5251145362854,REAL
/workspace/data/genbuster-mini/extracted/GenBuster-200K-mini/benchmark/real/94c88066bc472fec6ef95d346fcb5b322ece8b3b0c6450c7b4a0e583d5829ce5.mp4,1,0,0.9835488768579708,0.016451123142029123,0.9670977537159416,1427,2,689.2622783780098,REAL
/workspace/data/genbuster-mini/extracted/GenBuster-200K-mini/benchmark/real/94bbad944eac3a4999677aeb38fcf5680aedc6b691ff1cd4806486a0e72ab22b.mp4,1,0,0.9834341111454976,0.016565888854502393,0.9668682222909952,1427,2,692.4240738153458,REAL
/workspace/data/genbuster-mini/extracted/GenBuster-200K-mini/benchmark/real/949ad22955c25cf934f845bbdff81b25af4dc4830801d2933573b044c16d063f.mp4,1,0,0.9856550700100457,0.014344929989954383,0.9713101400200913,1427,2,693.7148869037628,REAL
/workspace/data/genbuster-mini/extracted/GenBuster-200K-mini/benchmark/real/945e12b44c1892c8be668a38b73d4d7cc70f2cfd90687369453d8f96e43eea0c.mp4,1,1,0.8740772351648677,0.12592276483513232,0.7481544703297354,1427,3,719.1379442811012,FAKE
/workspace/data/genbuster-mini/extracted/GenBuster-200K-mini/benchmark/real/94518b8056688042899c55a809e19ee5de188244832585fcc09a55ed8d2dafcd.mp4,1,0,0.9031640862871281,0.09683591371287188,0.8063281725742562,1427,2,689.3344894051552,REAL
/workspace/data/genbuster-mini/extracted/GenBuster-200K-mini/benchmark/real/944576cc81b55bf25fdfe7528c2a2f810d54b79bdae34f26380372f3fec2af7f.mp4,1,0,0.9401230602412765,0.0598769397587236,0.8802461204825529,1427,2,696.9238072633743,REAL
/workspace/data/genbuster-mini/extracted/GenBuster-200K-mini/benchmark/real/9419151611235acdb7130f3ed9f82a8152b0949f1be9be81fa392bdfb22f4633.mp4,1,1,0.8221891305219503,0.17781086947804958,0.6443782610439007,1427,3,722.168579697609,FAKE
/workspace/data/genbuster-mini/extracted/GenBuster-200K-mini/benchmark/real/931da1b797c521e4f68332f91d3120708eb1e021b29c68a921732e6a6d36e46c.mp4,1,0,0.9412439640628755,0.058756035937124675,0.8824879281257508,1427,2,692.0994743704796,REAL
/workspace/data/genbuster-mini/extracted/GenBuster-200K-mini/benchmark/real/92e8587bab1f2dc09cfc68a7b1ace43e11366a5df75b2f0986727a4c7c712062.mp4,1,0,0.9890130470065577,0.010986952993442215,0.9780260940131155,1427,2,687.8654584288597,REAL
/workspace/data/genbuster-mini/extracted/GenBuster-200K-mini/benchmark/real/92045928447d2d14b02fc014f75cce4b73f05591aeb3d8002b8f3002b265214f.mp4,0,1,0.1788466170596611,0.8211533829403388,0.6423067658806777,1427,3,732.9789698123932,FAKE
/workspace/data/genbuster-mini/extracted/GenBuster-200K-mini/benchmark/real/9187e55e9bb10f326986102338c945001e3f82221fd14f9147c1bae1b4a4da78.mp4,1,0,0.9619035871608658,0.03809641283913436,0.9238071743217314,1427,2,689.412035048008,REAL
/workspace/data/genbuster-mini/extracted/GenBuster-200K-mini/benchmark/real/9175f0edfedf0b912017a8e46924dac2e00e74c2ff617f2d56eaeb729d815df0.mp4,0,0,0.04958902298403175,0.9504109770159683,0.9008219540319365,1427,2,691.53843075037,REAL
/workspace/data/genbuster-mini/extracted/GenBuster-200K-mini/benchmark/real/9098c8adbec17ed54d502e1dc0174bbdc709a6f915eabbb53480293e500ae878.mp4,1,0,0.9612715090017555,0.03872849099824444,0.922543018003511,1427,2,684.8563030362129,REAL
/workspace/data/genbuster-mini/extracted/GenBuster-200K-mini/benchmark/real/9027056b48bd656a7989166487186915861647aae7f2dce05994c719e7a14928.mp4,0,1,0.18645457057965298,0.8135454294203471,0.6270908588406942,1427,3,722.5303500890732,FAKE
/workspace/data/genbuster-mini/extracted/GenBuster-200K-mini/benchmark/real/8fa5dd10b1d62f94eb57c2aec6fe4e3f97cbd62ac40a3e34019432dddd0e5a0e.mp4,0,1,0.18803987889221813,0.8119601211077819,0.6239202422155639,1427,3,722.3692238330841,FAKE
/workspace/data/genbuster-mini/extracted/GenBuster-200K-mini/benchmark/real/8f9d5fdb4db7d53c38afbdc9024b7c3b36e7ca303abc0bf955301056e0ec8866.mp4,1,0,0.9884196794581893,0.011580320541810673,0.9768393589163786,1427,2,685.0337535142899,REAL
/workspace/data/genbuster-mini/extracted/GenBuster-200K-mini/benchmark/real/8f5127afe6704c1fc4f9142690ea486542ec27487bfb16c58b9a30162ee56b52.mp4,1,0,0.9908608915378292,0.009139108462170795,0.9817217830756584,1427,2,690.4496550559998,REAL
/workspace/data/genbuster-mini/extracted/GenBuster-200K-mini/benchmark/real/8ecb6ffae257e12913a3eb258ad5994eef9a4fa21b7aecb1126e85eb4d468205.mp4,0,0,0.07477004290796138,0.9252299570920387,0.8504599141840773,1427,2,690.8017694950104,REAL
/workspace/data/genbuster-mini/extracted/GenBuster-200K-mini/benchmark/real/8e951f1260066d9cb6ac2d7e9797e663dfb11bdf6d615e114ce045bca28794d2.mp4,0,1,0.20597993862274838,0.7940200613772516,0.5880401227545031,1427,3,726.6078665852547,FAKE
/workspace/data/genbuster-mini/extracted/GenBuster-200K-mini/benchmark/real/8e50131915460df9d0a08d059f7195bd9c445ffe4b778bdbea87620f6faedec8.mp4,0,0,0.10970577387797074,0.8902942261220291,0.7805884522440584,1427,2,688.212513923645,REAL
/workspace/data/genbuster-mini/extracted/GenBuster-200K-mini/benchmark/real/8e372ba5b06b44399d3c712a671deed3fe0f15a8338f4b7f378a8c73e761a878.mp4,1,0,0.991425668786674,0.008574331213326061,0.982851337573348,1427,2,695.5529674887657,REAL
/workspace/data/genbuster-mini/extracted/GenBuster-200K-mini/benchmark/real/8e3442c512baac872de9805dadca9352420c2e821824b3bfefdbb2c12718bc46.mp4,1,0,0.9912531978136726,0.008746802186327443,0.9825063956273452,1427,2,685.2956637740135,REAL
/workspace/data/genbuster-mini/extracted/GenBuster-200K-mini/benchmark/real/8e0c59b980db21552de9a78ca2fdb0e05ff66523b4780dd89e09958491009b4f.mp4,0,1,0.20025967770997666,0.7997403222900232,0.5994806445800466,1427,3,732.1221455931664,FAKE
/workspace/data/genbuster-mini/extracted/GenBuster-200K-mini/benchmark/real/8d96c954418161a5fbd802e2c98ada7946414778901745324ee7e76f4b23bbcd.mp4,0,1,0.2036775212717935,0.7963224787282066,0.5926449574564131,1427,3,719.6653410792351,FAKE
/workspace/data/genbuster-mini/extracted/GenBuster-200K-mini/benchmark/real/8d5562607097d0aaa09dab60b3be2eb07d180ea9a27eb1b68efafa6315fd4840.mp4,1,0,0.95884707315119,0.04115292684880986,0.9176941463023801,1427,2,693.0347234010696,REAL
/workspace/data/genbuster-mini/extracted/GenBuster-200K-mini/benchmark/real/8cdf740fb6e9673682511df58e0fa73243842e82b95eb3acb6c2e391954623c2.mp4,1,0,0.9898714434372967,0.010128556562703207,0.9797428868745935,1427,2,691.947914659977,REAL
/workspace/data/genbuster-mini/extracted/GenBuster-200K-mini/benchmark/real/8c8835453143a5096de904f16931e9a2982c9e48b357675328755627f3b00663.mp4,0,1,0.21620071734605187,0.783799282653948,0.5675985653078962,1427,3,720.6966280937195,FAKE
/workspace/data/genbuster-mini/extracted/GenBuster-200K-mini/benchmark/real/8c7ff01956fbb3a7cb064d751baaaed50ab140b6a8b8b431b4da62aa1990fc1f.mp4,0,1,0.15867048544512968,0.8413295145548703,0.6826590291097405,1427,3,720.9963873028755,FAKE
/workspace/data/genbuster-mini/extracted/GenBuster-200K-mini/benchmark/real/8bc698c1b1249229869d4bf5ff48f11459c22db6fba8be1c931cf7ee5764a8b0.mp4,1,0,0.9851303520044818,0.014869647995518116,0.9702607040089637,1427,2,684.689536690712,REAL
/workspace/data/genbuster-mini/extracted/GenBuster-200K-mini/benchmark/real/8ba13eef1b6e7f165bd12e489855aee349b18f09e58db0f44198ed77d34d1cbc.mp4,1,0,0.957140615940078,0.04285938405992199,0.9142812318801561,1427,2,692.6177516579628,REAL
/workspace/data/genbuster-mini/extracted/GenBuster-200K-mini/benchmark/real/8b9854b39aee13dc6b329ff62dd51ddf0f75a21d477d914038597df33b63bd06.mp4,1,0,0.9850099847494306,0.014990015250569408,0.9700199694988612,1427,2,691.5325075387955,REAL
/workspace/data/genbuster-mini/extracted/GenBuster-200K-mini/benchmark/real/8b41bf6b4a5b9b933fe8c20629f517af768d2a39ea9a9de0cf733570c8ffb924.mp4,1,0,0.9905769921122846,0.009423007887715504,0.981153984224569,1427,2,689.9187713861465,REAL
/workspace/data/genbuster-mini/extracted/GenBuster-200K-mini/benchmark/real/8b2c314b6181ab34f7ce4bfdcda587eea38efaa4db396818bd6e1d8388aacf75.mp4,1,0,0.9848276326682737,0.015172367331726375,0.9696552653365473,1427,2,690.9099295735359,REAL
/workspace/data/genbuster-mini/extracted/GenBuster-200K-mini/benchmark/real/8b1ebca7b34effa5725cdc42f083801858a104c05e2bbdcc6852b6aafd501c47.mp4,1,0,0.9793841292760198,0.020615870723980117,0.9587682585520397,1427,2,690.9166425466537,REAL
/workspace/data/genbuster-mini/extracted/GenBuster-200K-mini/benchmark/real/8b0d225c6b3ac94fa2f5379d524032bd59d8a6540a15d14f26525ade105f8997.mp4,1,0,0.9793465282654464,0.020653471734553588,0.9586930565308929,1427,2,688.9255493879318,REAL
/workspace/data/genbuster-mini/extracted/GenBuster-200K-mini/benchmark/real/8aa080df70685efb3f6369039a8f73211dbced44cc535e585670a714118d98cd.mp4,1,0,0.9741833512766741,0.025816648723325883,0.9483667025533482,1427,2,685.9955936670303,REAL
/workspace/data/genbuster-mini/extracted/GenBuster-200K-mini/benchmark/real/8a3402e5d6bde57f7daab783610abc5fc5ccc7369445230d97a922d8e2420541.mp4,1,0,0.9772139334737082,0.022786066526291733,0.9544278669474164,1427,2,691.9542998075485,REAL
/workspace/data/genbuster-mini/extracted/GenBuster-200K-mini/benchmark/real/8a26f56b2236ca48f1cfac6fd40797403a134306fac810ce9db16d4c1d334ca2.mp4,0,1,0.16979888111084157,0.8302011188891584,0.6604022377783167,1427,3,719.7148576378822,FAKE
/workspace/data/genbuster-mini/extracted/GenBuster-200K-mini/benchmark/real/8a040e3640ca3c4b2d3c05ad9527a77069de0c9d723e62ad2de5c1ef635082b0.mp4,1,1,0.8056321889812553,0.19436781101874467,0.6112643779625107,1427,3,723.7101271748543,FAKE
/workspace/data/genbuster-mini/extracted/GenBuster-200K-mini/benchmark/real/89de9e6d8f578910841966854fe4c6ee6d24bd2b94189842192c4326ea4f03a6.mp4,1,0,0.9922329988061763,0.007767001193823724,0.9844659976123527,1427,2,690.204806625843,REAL
/workspace/data/genbuster-mini/extracted/GenBuster-200K-mini/benchmark/real/89de3c3c299bf724116f915ed5646a3d84bce287c6ec3c6b65084586c8e56031.mp4,0,1,0.22424966164666515,0.7757503383533348,0.5515006767066697,1427,3,723.0320051312447,FAKE
/workspace/data/genbuster-mini/extracted/GenBuster-200K-mini/benchmark/real/89bcbd1dde179c0596463885deab5b58997c875e61070b3e2c86fed85b9a58bd.mp4,0,1,0.23853771791721703,0.761462282082783,0.522924564165566,1427,3,720.3639149665833,FAKE
/workspace/data/genbuster-mini/extracted/GenBuster-200K-mini/benchmark/real/89a97d665653f1949aa0b4b7bc84dab9c108c8ef33226d8e8f5ec4977dedd188.mp4,1,0,0.968642172932387,0.0313578270676131,0.9372843458647738,1427,2,689.2736181616783,REAL
/workspace/data/genbuster-mini/extracted/GenBuster-200K-mini/benchmark/real/892fc869a7b28238665202ce32275b8a175e8607bb3cd46ccb620593ccb2d109.mp4,1,0,0.9940692175985516,0.0059307824014484724,0.9881384351971031,1427,2,687.6541078090668,REAL
/workspace/data/genbuster-mini/extracted/GenBuster-200K-mini/benchmark/real/88c616830e1e34492b4a80ace923b3dbda155ecfdfaf0e5aa68a07c4042fa4a5.mp4,1,0,0.9857023359449777,0.014297664055022271,0.9714046718899554,1427,2,699.4752734899521,REAL
/workspace/data/genbuster-mini/extracted/GenBuster-200K-mini/benchmark/real/88b244e781d3bf5acbac6ab69a5582dc419eb919252069104b6970ec435a1341.mp4,0,1,0.19877434349468087,0.8012256565053191,0.6024513130106381,1427,3,720.4080820083618,FAKE
/workspace/data/genbuster-mini/extracted/GenBuster-200K-mini/benchmark/real/889daf0921b6b8a5826d3bbe63f54c4cec3ee0905e312c040740f1bbdd74c610.mp4,1,0,0.9322656003014939,0.06773439969850613,0.8645312006029877,1427,2,697.1488445997238,REAL
/workspace/data/genbuster-mini/extracted/GenBuster-200K-mini/benchmark/real/887203cd40a455bb7ec95b1f61d148d33908bf9123890faa5152f33f24fddb30.mp4,0,0,0.06097518086496481,0.9390248191350352,0.8780496382700704,1427,2,690.594881772995,REAL
/workspace/data/genbuster-mini/extracted/GenBuster-200K-mini/benchmark/real/87d4b1dfe1a9b61c6dcf53c1b87c0aa5f8bdec1a3ca8ca7979cf8c88eefa5165.mp4,0,1,0.165438998940886,0.8345610010591139,0.6691220021182279,1427,3,718.0866003036499,FAKE
/workspace/data/genbuster-mini/extracted/GenBuster-200K-mini/benchmark/real/86727196a9af15fe5f8f24b1563c5e32fabd7a575cc174ad3710db5ce4fdc03d.mp4,0,1,0.18877937043512313,0.8112206295648767,0.6224412591297536,1427,3,722.2329154610634,FAKE
/workspace/data/genbuster-mini/extracted/GenBuster-200K-mini/benchmark/real/86406f2873c0e5397813b3d57621d3bb06c13f3ddb5945c8de4a80263e0a6022.mp4,1,0,0.9605166124583445,0.03948338754165537,0.9210332249166892,1427,2,686.1365735530853,REAL
/workspace/data/genbuster-mini/extracted/GenBuster-200K-mini/benchmark/real/863a533cc7f7a74c8c733bf60c855c0908dc29acf2cc36d0c27a96ff4553d6d0.mp4,1,0,0.9916750070223266,0.008324992977673482,0.983350014044653,1427,2,691.7301565408707,REAL
/workspace/data/genbuster-mini/extracted/GenBuster-200K-mini/benchmark/real/85ec05189b1a471560c224a75eb5afa068c27267e964db757b520d2ccf28c1ea.mp4,1,0,0.9896984255254813,0.010301574474518776,0.9793968510509625,1427,2,684.8432645201683,REAL
/workspace/data/genbuster-mini/extracted/GenBuster-200K-mini/benchmark/real/84c957c9fbbd4f92274f1c191b4503ab0b384d5afe20a2b408d40847e0e20083.mp4,0,1,0.2210943769160846,0.7789056230839154,0.5578112461678308,1427,3,723.3312726020813,FAKE
/workspace/data/genbuster-mini/extracted/GenBuster-200K-mini/benchmark/real/848494ca43911edb0aac73f57913571b941413c2554a1cf4e8b032ed01a72159.mp4,1,0,0.978820882954865,0.021179117045134893,0.9576417659097302,1427,2,688.1246045231819,REAL
/workspace/data/genbuster-mini/extracted/GenBuster-200K-mini/benchmark/real/843ff2ba6e8f22d652c2acb5596c0ea105f43162295cbfe49f02fd0d538ea43a.mp4,1,0,0.9732697604772264,0.02673023952277368,0.9465395209544527,1427,2,689.9495050311089,REAL
/workspace/data/genbuster-mini/extracted/GenBuster-200K-mini/benchmark/real/8429dd756ee18877d40a8a1d045e304ddf1b9490bbe6582a1deb0d01284c018a.mp4,0,1,0.1713251875158038,0.8286748124841963,0.6573496249683924,1427,3,723.1125086545944,FAKE
/workspace/data/genbuster-mini/extracted/GenBuster-200K-mini/benchmark/real/83f13ecf8b46151e069895d0331209452d13e08e4e8acbfa8011f820622eb7ad.mp4,0,1,0.20422098412922265,0.7957790158707773,0.5915580317415546,1427,3,725.067988038063,FAKE
/workspace/data/genbuster-mini/extracted/GenBuster-200K-mini/benchmark/real/83987a1e3d508cb00a62dfa01f8ef101c67e97e00e49a2bffe624cfcd223d881.mp4,1,0,0.993070601603243,0.006929398396756868,0.9861412032064861,1427,2,685.6233477592468,REAL
/workspace/data/genbuster-mini/extracted/GenBuster-200K-mini/benchmark/real/83823ca2bdf4d3cbf8227532ddeea43284b542726f7ad4fc5ec8a5c7b1d8d211.mp4,1,0,0.9921523054607132,0.00784769453928678,0.9843046109214264,1427,2,688.5893642902374,REAL
/workspace/data/genbuster-mini/extracted/GenBuster-200K-mini/benchmark/real/835c5bb492d2c03e35270ea801558336928987e1bb1bc07415e867dfb94d9039.mp4,1,0,0.973625527780553,0.026374472219447026,0.947251055561106,1427,2,695.081926882267,REAL
/workspace/data/genbuster-mini/extracted/GenBuster-200K-mini/benchmark/real/8341a0fb0a64bcbf42970752c2f32d7bbf55e4b33b6764fa9de6701756d4e9bc.mp4,1,0,0.9504985495566599,0.04950145044334009,0.9009970991133198,1427,2,689.4122287631035,REAL
/workspace/data/genbuster-mini/extracted/GenBuster-200K-mini/benchmark/real/82f2d07558c268f508f651012e3dbca996b01ab0c88e89574a2f7827f42c9d68.mp4,1,0,0.970002645760988,0.02999735423901185,0.9400052915219762,1427,2,691.4924085140228,REAL
/workspace/data/genbuster-mini/extracted/GenBuster-200K-mini/benchmark/real/824598f55f50004a6aa5bcd67c4c4ce38782f30954f55fda388bdf60b370570f.mp4,1,0,0.9511594581595313,0.04884054184046859,0.9023189163190627,1427,2,687.0617642998695,REAL
/workspace/data/genbuster-mini/extracted/GenBuster-200K-mini/benchmark/real/81b769991d7462a8bc3908b7d1282ea881802d1bcdbd6953105cda5151c7c627.mp4,0,1,0.19268410268810685,0.8073158973118932,0.6146317946237864,1427,3,721.8848243355751,FAKE
/workspace/data/genbuster-mini/extracted/GenBuster-200K-mini/benchmark/real/8199ccc19dbdc3927b8091dd5931fc1bd0df9a0ef3ce88c061b71a3a88bb07c4.mp4,0,1,0.15078951343414873,0.8492104865658513,0.6984209731317026,1427,3,721.3038131594658,FAKE
/workspace/data/genbuster-mini/extracted/GenBuster-200K-mini/benchmark/real/818c5dcb230fb89501c9cda6fe7f5ce733e6c05b261085a2087685825e01e6eb.mp4,0,1,0.18398432276808155,0.8160156772319185,0.632031354463837,1427,3,717.5371572375298,FAKE
/workspace/data/genbuster-mini/extracted/GenBuster-200K-mini/benchmark/real/813244758e5a6d59264403acbaebaf41afdca2522499f6a159a82a3131de2652.mp4,0,1,0.204644577424415,0.795355422575585,0.59071084515117,1427,3,720.5999568104744,FAKE
/workspace/data/genbuster-mini/extracted/GenBuster-200K-mini/benchmark/real/8128a77b9420f572f28f70226d6ccde1f03a08ab6b3ecbf8efabc4d764a773e8.mp4,0,1,0.1789560278141522,0.8210439721858477,0.6420879443716955,1427,3,729.3282002210617,FAKE
/workspace/data/genbuster-mini/extracted/GenBuster-200K-mini/benchmark/real/80f89d76673b2d6c2affd2e921489d044cacaa2253e8b515ed56ab9aa27b2635.mp4,1,0,0.9765246768942946,0.02347532310570548,0.9530493537885891,1427,2,688.7797862291336,REAL
/workspace/data/genbuster-mini/extracted/GenBuster-200K-mini/benchmark/real/80d7f539725624a286c586fce4b12c62db1989264268fb85072a2c571197cb8f.mp4,1,0,0.9830788849589107,0.01692111504108931,0.9661577699178214,1427,2,684.7144365310669,REAL
/workspace/data/genbuster-mini/extracted/GenBuster-200K-mini/benchmark/real/8075ca5043aad2b350aba6e26e2d36d16510ed8c32c0d030362fe0a109d9ee86.mp4,1,1,0.7931059511841119,0.2068940488158881,0.5862119023682237,1427,3,717.4633592367172,FAKE
/workspace/data/genbuster-mini/extracted/GenBuster-200K-mini/benchmark/real/805383277ac54cb569f00fce5e4a72edfcc93649b0cb351b92915ff258d7e0e0.mp4,0,1,0.21275356125582745,0.7872464387441725,0.5744928774883451,1427,3,722.9421734809875,FAKE
/workspace/data/genbuster-mini/extracted/GenBuster-200K-mini/benchmark/real/803f9e380f382fc21b8cf4d60b4a54b6a7deb38e2f3103a2545dbc4ed17e97cd.mp4,0,1,0.1841520445825637,0.8158479554174363,0.6316959108348725,1427,3,718.3810919523239,FAKE
/workspace/data/genbuster-mini/extracted/GenBuster-200K-mini/benchmark/real/802a29fae3fd4de2e678fd81b2aef5233d5f745a00aaa96b4cad6b45a9e6dc4a.mp4,0,1,0.1809873833759099,0.8190126166240901,0.6380252332481802,1427,3,721.495121717453,FAKE
/workspace/data/genbuster-mini/extracted/GenBuster-200K-mini/benchmark/real/801c444ef66b2017cd9ad5ed0dea4898111cd3b6a0ebbfc53cc67e532eff4db0.mp4,1,0,0.938231874981081,0.061768125018919,0.8764637499621619,1427,2,690.427154302597,REAL
/workspace/data/genbuster-mini/extracted/GenBuster-200K-mini/benchmark/real/8003fa78b34a93c9c37e5d4af6e0040dc18ff11bbe2edad6fffe90f774850d22.mp4,1,0,0.9449559833658038,0.055044016634196176,0.8899119667316076,1427,2,694.5723444223404,REAL
/workspace/data/genbuster-mini/extracted/GenBuster-200K-mini/benchmark/real/7fd9e323a5765dbf989e80201ac4378343a7ee326871c96afc78dd60d6e9c29f.mp4,1,0,0.9759639031629321,0.024036096837067936,0.9519278063258642,1427,2,686.8191361427307,REAL
/workspace/data/genbuster-mini/extracted/GenBuster-200K-mini/benchmark/real/7fb1864041d0ba0e60c41b4322967db4339e7067600413103ffa030b4500ac38.mp4,1,0,0.9519653768104568,0.04803462318954326,0.9039307536209136,1427,2,690.6025633215904,REAL
/workspace/data/genbuster-mini/extracted/GenBuster-200K-mini/benchmark/real/7fa3c4c6acda02ac326b633230bc98a2211cc092f2344ac895c43d5dac6794bf.mp4,1,0,0.9845584790223884,0.01544152097761163,0.9691169580447767,1427,2,693.8969567418098,REAL
/workspace/data/genbuster-mini/extracted/GenBuster-200K-mini/benchmark/real/7f18b3aa2d0ede535999d7686630903b962dc0203858746fb8725f3acb6ce9ce.mp4,0,1,0.19506795120333997,0.80493204879666,0.60986409759332,1427,3,726.238988339901,FAKE
/workspace/data/genbuster-mini/extracted/GenBuster-200K-mini/benchmark/real/7f0d53934512da796e1a82d6b7787ac3e954a171c45a5c4a4000e92fe6358a9f.mp4,1,0,0.9537532131650456,0.04624678683495446,0.9075064263300912,1427,2,693.4174224734306,REAL
/workspace/data/genbuster-mini/extracted/GenBuster-200K-mini/benchmark/real/7ecfd41107d8eb6498465c9211a1cafdebe649da47f2d9deeb0c9919635510af.mp4,0,0,0.09138210306717136,0.9086178969328287,0.8172357938656574,1427,2,693.381167948246,REAL
/workspace/data/genbuster-mini/extracted/GenBuster-200K-mini/benchmark/real/7eb0d3a5a7388e7878afc0962f2be25ebd1878cda7c84c36545bd8b8ce306dec.mp4,0,1,0.19066677182945804,0.8093332281705421,0.6186664563410841,1427,3,724.0523472428322,FAKE
/workspace/data/genbuster-mini/extracted/GenBuster-200K-mini/benchmark/real/7ea4b00d513b4b8f9bcc25610c5530117ee28075ce77bc0cc707d25e51eefd66.mp4,1,0,0.9878662117737768,0.01213378822622311,0.9757324235475536,1427,2,687.380850315094,REAL
/workspace/data/genbuster-mini/extracted/GenBuster-200K-mini/benchmark/real/7e86e59c17df4fab3f31e02f40408874dff185819adfb257e2aef9c81324d8b8.mp4,1,0,0.9531588960585976,0.04684110394140234,0.9063177921171952,1427,2,684.7693622112274,REAL
/workspace/data/genbuster-mini/extracted/GenBuster-200K-mini/benchmark/real/7de01c03af76047e9587434a0106c31cba0cd170caee4e9c0c6e58fa28c6fd2f.mp4,1,0,0.9784318109671357,0.021568189032864296,0.9568636219342714,1427,2,693.7330439686775,REAL
/workspace/data/genbuster-mini/extracted/GenBuster-200K-mini/benchmark/real/7d773f6dcfeaf15bd2c0a2c312aa9ef6c18b31359377d827fd0ebf49c1863482.mp4,0,1,0.1730219532874328,0.8269780467125672,0.6539560934251345,1427,3,719.3976864218712,FAKE
/workspace/data/genbuster-mini/extracted/GenBuster-200K-mini/benchmark/real/7d2f39fc591657e6f88d5f5bfa79e8bf06e3e9a76199dbfda481187e9eb8e899.mp4,1,1,0.8459424373085146,0.15405756269148546,0.6918848746170292,1427,3,719.024583697319,FAKE
/workspace/data/genbuster-mini/extracted/GenBuster-200K-mini/benchmark/real/7d036185d15ae8143279dd129b72a8111dd1bb64aee4e1a6ccad88f481ecb09d.mp4,0,1,0.22276469396510992,0.77723530603489,0.5544706120697801,1427,3,722.7218002080917,FAKE
/workspace/data/genbuster-mini/extracted/GenBuster-200K-mini/benchmark/real/7c07d9e328e546e34f6b9f03c4a23aa3c4bdcc32bffcefebbcbd4854e081fc05.mp4,1,1,0.9073122213606241,0.09268777863937604,0.814624442721248,1427,3,717.7054733037949,FAKE
/workspace/data/genbuster-mini/extracted/GenBuster-200K-mini/benchmark/real/7bf831c28163bb5b343091495e94a783c02faaaac2c697445e71dbf25c57b0cf.mp4,0,1,0.22587169435740204,0.774128305642598,0.548256611285196,1427,3,722.5792482495308,FAKE
/workspace/data/genbuster-mini/extracted/GenBuster-200K-mini/benchmark/real/7bd13ee3fc3367e1a41dbb49b761dca6055077215a289556a30abda2faa83ae0.mp4,1,0,0.966794767343112,0.03320523265688797,0.933589534686224,1427,2,687.3866096138954,REAL
/workspace/data/genbuster-mini/extracted/GenBuster-200K-mini/benchmark/real/7b932bdedd3b096c65b0f5a01320435fd0953b4037808ec3d3fbf2e3cab2532b.mp4,1,0,0.9562311326742514,0.043768867325748625,0.9124622653485028,1427,2,686.594657599926,REAL
/workspace/data/genbuster-mini/extracted/GenBuster-200K-mini/benchmark/real/7b26bbae89717d4dc9ece7f694f30062c9555e8e8ee4b9b6d0e7b7b31d275b73.mp4,0,1,0.13984339732525763,0.8601566026747425,0.7203132053494848,1427,3,722.3657518625259,FAKE
/workspace/data/genbuster-mini/extracted/GenBuster-200K-mini/benchmark/real/7b03af0e5d2fd4b7436f27260013bf8fed203400eadc9b5aeb68a9b550a3adda.mp4,1,0,0.9715639406075698,0.028436059392430223,0.9431278812151396,1427,2,687.4557435512543,REAL
/workspace/data/genbuster-mini/extracted/GenBuster-200K-mini/benchmark/real/7ab0c60faff0ec3961baec19c6424edf10aa806ee90c531a4adbc5c42ae35a69.mp4,1,0,0.9858535926753964,0.0141464073246036,0.9717071853507928,1427,2,686.3897144794464,REAL
/workspace/data/genbuster-mini/extracted/GenBuster-200K-mini/benchmark/real/79ff04806df9f50f2aad2e56275506e4a3732b53d624f29f8285c82c8cf1e517.mp4,1,1,0.8418256472515684,0.1581743527484317,0.6836512945031367,1427,3,726.1579632759094,FAKE
/workspace/data/genbuster-mini/extracted/GenBuster-200K-mini/benchmark/real/79e05ebc9848a57f7e434411f2113fa801ef3e9ee9af558eac888477fefe03b1.mp4,1,0,0.9910805772823427,0.008919422717657369,0.9821611545646853,1427,2,691.23275578022,REAL
/workspace/data/genbuster-mini/extracted/GenBuster-200K-mini/benchmark/real/79c192ce6087d2a828fc59d039c160ad5d8a85b9316de1d57e0364f9e3e023eb.mp4,0,1,0.19629756521746564,0.8037024347825343,0.6074048695650687,1427,3,729.5937240123749,FAKE
/workspace/data/genbuster-mini/extracted/GenBuster-200K-mini/benchmark/real/79c042430cc1caf06f704fe1413e5e01da2b594d6f385968fca12ea0c3172d0e.mp4,0,1,0.1968263544053655,0.8031736455946344,0.6063472911892689,1427,3,720.1866805553436,FAKE
/workspace/data/genbuster-mini/extracted/GenBuster-200K-mini/benchmark/real/79a493c713bc738a052550a12389e44ffd871f1c82d4f4b2c1d411954c5d1791.mp4,0,0,0.04813677111663481,0.9518632288833652,0.9037264577667303,1427,2,687.9786252975464,REAL
/workspace/data/genbuster-mini/extracted/GenBuster-200K-mini/benchmark/real/793a9af4ced5f1174beb23cb834e9eabc1f5ce9489a492ca692393a77307fce7.mp4,1,0,0.9933318300787637,0.006668169921236287,0.9866636601575274,1427,2,705.5791392922401,REAL
/workspace/data/genbuster-mini/extracted/GenBuster-200K-mini/benchmark/real/78dcbd137f9008aa3b74526dace047f10f1c117aa5e193a03da9e54d02a9385f.mp4,1,0,0.9872912995556431,0.01270870044435685,0.9745825991112862,1427,2,690.4188022017479,REAL
/workspace/data/genbuster-mini/extracted/GenBuster-200K-mini/benchmark/real/78a1fea3ed27227470cb1afe83c2fa63b12ce3a2f34cf2e14a2b98d9e0c7486d.mp4,0,1,0.19147173105623325,0.8085282689437667,0.6170565378875335,1427,3,723.9862307906151,FAKE
/workspace/data/genbuster-mini/extracted/GenBuster-200K-mini/benchmark/real/789e733ef9a19043646a320bacdf5f5f12ccfea8d251a5ab12bba0b6374c050f.mp4,1,0,0.9306505385171367,0.06934946148286338,0.8613010770342734,1427,2,685.7907250523567,REAL
/workspace/data/genbuster-mini/extracted/GenBuster-200K-mini/benchmark/real/788b03fbc12c73e4f1ef992cab8e375d2f56ca34cda1150772f53e0029d0ced4.mp4,1,1,0.8175744761936437,0.18242552380635632,0.6351489523872873,1427,3,720.3947976231575,FAKE
/workspace/data/genbuster-mini/extracted/GenBuster-200K-mini/benchmark/real/787c840d0c49af66b058a20844a92e28538cb770fda3771ad82462926b07ff32.mp4,0,1,0.15936696162100963,0.8406330383789903,0.6812660767579807,1427,3,724.740631878376,FAKE
/workspace/data/genbuster-mini/extracted/GenBuster-200K-mini/benchmark/real/77d1d33c6cfc399968f8a024850e5f046ae25f41bb2ab2c21aca7c09cba50f13.mp4,0,1,0.18934976080610422,0.8106502391938959,0.6213004783877917,1427,3,723.4600856900215,FAKE
/workspace/data/genbuster-mini/extracted/GenBuster-200K-mini/benchmark/real/77ccd29d655874c98a262aa34dd6d1e3be7222e2bebb34d1e2d36191d2f06e1b.mp4,1,0,0.9890895915726097,0.010910408427390272,0.9781791831452193,1427,2,688.9991834759712,REAL
/workspace/data/genbuster-mini/extracted/GenBuster-200K-mini/benchmark/real/77befd0da5fb02ca850633cdbbe3b31d47b53e9db6b4cdd6e80585e54914a6cf.mp4,1,0,0.9876548214584782,0.012345178541521827,0.9753096429169563,1427,2,683.5615485906601,REAL
/workspace/data/genbuster-mini/extracted/GenBuster-200K-mini/benchmark/real/778229d5551571562409da2da8ae09fca37554f8b94272d71f61ecc931577378.mp4,1,0,0.9189247783584382,0.08107522164156186,0.8378495567168763,1427,2,684.5298558473587,REAL
/workspace/data/genbuster-mini/extracted/GenBuster-200K-mini/benchmark/real/7733c1c98d59aae61b782c4f349f1d3e1aa581a1bd10966f81a950edd33ada13.mp4,1,0,0.9617259721398715,0.03827402786012842,0.9234519442797431,1427,2,690.7188072800636,REAL
/workspace/data/genbuster-mini/extracted/GenBuster-200K-mini/benchmark/real/771e65da9886523dee1fc585b4b9d6ddc0d75372b01c08a355cfd178adabce66.mp4,1,0,0.9195324483438254,0.08046755165617446,0.8390648966876509,1427,2,699.3047818541527,REAL
/workspace/data/genbuster-mini/extracted/GenBuster-200K-mini/benchmark/real/76f02be4b17af71fcc1d8138c952536309ebc8765916bbcc57f61f1299142451.mp4,1,0,0.9114202211703438,0.08857977882965616,0.8228404423406877,1427,2,694.6632787585258,REAL
/workspace/data/genbuster-mini/extracted/GenBuster-200K-mini/benchmark/real/76e498cc8569769ef926de2b638f061ebf8017107fb35ed960a74fe1be0996cd.mp4,0,1,0.21306520195520243,0.7869347980447976,0.5738695960895952,1427,3,727.2966355085373,FAKE
/workspace/data/genbuster-mini/extracted/GenBuster-200K-mini/benchmark/real/76e35390da447e38385099d3b21fb617414d57feff1a9e2409195f43fae20ff0.mp4,1,0,0.9589497217247547,0.041050278275245385,0.9178994434495092,1427,2,697.9130581021309,REAL
/workspace/data/genbuster-mini/extracted/GenBuster-200K-mini/benchmark/real/76a28d3890929a7db1217e159e64e5a0a88b2016b156dc9706d943d577d80b78.mp4,0,0,0.10374862686637971,0.8962513731336202,0.7925027462672405,1427,2,688.2057413458824,REAL
/workspace/data/genbuster-mini/extracted/GenBuster-200K-mini/benchmark/real/7681f867964c5a7d534f73fc1cead4a45cf3df1bfab7f4e57498dd3a047b385e.mp4,1,0,0.9846093017587197,0.015390698241280303,0.9692186035174395,1427,2,686.9411692023277,REAL
/workspace/data/genbuster-mini/extracted/GenBuster-200K-mini/benchmark/real/75f924fd40c3f61ac7a7e89b23b74fb44c2931aa742bdabd6a9d33f873b97b33.mp4,0,1,0.18060163887352432,0.8193983611264756,0.6387967222529513,1427,3,721.2675884366035,FAKE
/workspace/data/genbuster-mini/extracted/GenBuster-200K-mini/benchmark/real/75f2ae26b00ae047991f9f607fe97072f9737f06621f3152c23031db2fcd4dfc.mp4,0,1,0.19227928128958496,0.807720718710415,0.61544143742083,1427,3,735.1276353001595,FAKE
/workspace/data/genbuster-mini/extracted/GenBuster-200K-mini/benchmark/real/75727ce23609d2f9cfa2e184d543d135f807f397a094a4bd169d233bc37deba3.mp4,1,0,0.991425668786674,0.008574331213326061,0.982851337573348,1427,2,688.068576157093,REAL
/workspace/data/genbuster-mini/extracted/GenBuster-200K-mini/benchmark/real/75266cba7c4d40436b613c1254cd57cc2e3589a4c84390c5cf30db48394ea4e4.mp4,1,0,0.9704966260742366,0.029503373925763434,0.9409932521484732,1427,2,684.7096979618073,REAL
/workspace/data/genbuster-mini/extracted/GenBuster-200K-mini/benchmark/real/74dad1051d1511e55ec80a4f2bb53d88315dc3a2278c98d8a712195331616fd2.mp4,0,1,0.19101137403192867,0.8089886259680713,0.6179772519361426,1427,3,719.2087844014168,FAKE
/workspace/data/genbuster-mini/extracted/GenBuster-200K-mini/benchmark/real/74d3c9defa2f70102ee9072248bf4a31998c636bdbb65a5bb674ebc903065b62.mp4,1,0,0.9913844603038612,0.008615539696138767,0.9827689206077224,1427,2,688.4169206023216,REAL
/workspace/data/genbuster-mini/extracted/GenBuster-200K-mini/benchmark/real/74a9feb34e34677e960c845474e8d809cc256871f06d7cb0add7e956efce85ca.mp4,1,0,0.9468218418627661,0.053178158137233866,0.8936436837255322,1427,2,686.640053987503,REAL
/workspace/data/genbuster-mini/extracted/GenBuster-200K-mini/benchmark/real/74a8e8c0be631ab9a7c3390c0e026439237690d2ff24c8ce6e1ffae155eb13fd.mp4,1,0,0.9819940545430169,0.01800594545698296,0.9639881090860339,1427,2,686.8590489029884,REAL
/workspace/data/genbuster-mini/extracted/GenBuster-200K-mini/benchmark/real/7472343c6654f4b0a6a6012d84754eb69b76d599894ad925a16624258a3cb70f.mp4,1,0,0.9483917485607638,0.0516082514392363,0.8967834971215275,1427,2,688.3345320820808,REAL
/workspace/data/genbuster-mini/extracted/GenBuster-200K-mini/benchmark/real/7418147139a33479c0b29e9586d52011d94fafdf03b4470b9c4f90064b8cae80.mp4,1,0,0.969991821544126,0.03000817845587412,0.9399836430882519,1427,2,690.0571212172508,REAL
/workspace/data/genbuster-mini/extracted/GenBuster-200K-mini/benchmark/real/73aad369bb2cd328f0dc784e60a2a9b1a6703e75962ddcba8f251a060beec7e7.mp4,1,0,0.9632436708161448,0.036756329183855095,0.9264873416322897,1427,2,692.1976655721664,REAL
/workspace/data/genbuster-mini/extracted/GenBuster-200K-mini/benchmark/real/738f4d1d9f9a0013717b0adcac80807dacf74db23d7709d6bf2c23959d27ac0d.mp4,0,1,0.2005578326515409,0.7994421673484592,0.5988843346969183,1427,3,723.2676595449448,FAKE
/workspace/data/genbuster-mini/extracted/GenBuster-200K-mini/benchmark/real/738afe588ed93f4aa7756ba1793d9760e7373673fe571d70f23534ef33efa036.mp4,0,0,0.08632347658627028,0.9136765234137297,0.8273530468274595,1427,2,689.8855119943619,REAL
/workspace/data/genbuster-mini/extracted/GenBuster-200K-mini/benchmark/real/731c18fcad20337cc958a14e1619564a7750d2d93f818dbaa9c9c6d5986aaf0e.mp4,0,1,0.25761402928444993,0.74238597071555,0.4847719414311001,1427,3,721.1608588695526,FAKE
/workspace/data/genbuster-mini/extracted/GenBuster-200K-mini/benchmark/real/72c53948dc8bd9ee798413a1d94f5d75e7583309369316346b82a98f2daa55b9.mp4,0,1,0.20531145284908603,0.794688547150914,0.5893770943018279,1427,3,730.3063198924065,FAKE
/workspace/data/genbuster-mini/extracted/GenBuster-200K-mini/benchmark/real/72722b1ae27d7e1b2a6f2ae9156d65463eb56445503687afa393651e4e51fa2f.mp4,0,0,0.05261895334771377,0.9473810466522863,0.8947620933045726,1427,2,700.401596724987,REAL
/workspace/data/genbuster-mini/extracted/GenBuster-200K-mini/benchmark/real/7244993888587bdbfeea60f22370b5ab99e0781c458a5fe84e5af5e134bb2bea.mp4,1,0,0.9650814989339761,0.0349185010660239,0.9301629978679522,1427,2,702.2592425346375,REAL
/workspace/data/genbuster-mini/extracted/GenBuster-200K-mini/benchmark/real/722e0f14551bad2d3a2cab35e2d2037a376d9b84b74e8484557c48388bb491b0.mp4,1,0,0.9850538691075738,0.0149461308924264,0.9701077382151474,1427,2,688.0986467003822,REAL
/workspace/data/genbuster-mini/extracted/GenBuster-200K-mini/benchmark/real/71ad98782797f8a2f3ab89918f44ebd3159ee777bdd170979c04588d284bf851.mp4,1,0,0.9091723352912501,0.09082766470874995,0.8183446705825002,1427,2,690.8888518810272,REAL
/workspace/data/genbuster-mini/extracted/GenBuster-200K-mini/benchmark/real/716b4f20df2ba81bb20bbe03333061a714380a7ae64194c98d4a630ec48db318.mp4,0,0,0.09268777863937604,0.9073122213606241,0.814624442721248,1427,2,689.9053379893303,REAL
/workspace/data/genbuster-mini/extracted/GenBuster-200K-mini/benchmark/real/71529bff0922e5163a6af904fa5973dcb47a0024cc5e6536b26e8996b41dbce7.mp4,0,0,0.022629200033037256,0.9773707999669629,0.9547415999339256,1427,2,687.5694766640663,REAL
/workspace/data/genbuster-mini/extracted/GenBuster-200K-mini/benchmark/real/71163b9067e7df401501cf2875f5f18e7688f11059bf12331f62c81e848893cd.mp4,1,0,0.9650940306098651,0.034905969390134864,0.9301880612197302,1427,2,686.5281015634537,REAL
/workspace/data/genbuster-mini/extracted/GenBuster-200K-mini/benchmark/real/70357fd7c10d538fadd94be926cc0c194a148c057bbf304a1f828f2726982366.mp4,1,0,0.950777842171495,0.049222157828505156,0.9015556843429898,1427,2,686.8306547403336,REAL
/workspace/data/genbuster-mini/extracted/GenBuster-200K-mini/benchmark/real/6fcdae97f5b5540d7a9aa7bbdfcf04fe0939ae41e68a767ddf0a5c11c6881358.mp4,1,0,0.9631645786892394,0.03683542131076049,0.926329157378479,1427,2,687.2335448861122,REAL
/workspace/data/genbuster-mini/extracted/GenBuster-200K-mini/benchmark/real/6fa08977969266a74fe21e7ed65cdffa961348b3c90f18bd43fd6181b35ac525.mp4,1,0,0.9819874769448244,0.01801252305517553,0.9639749538896488,1427,2,686.9910433888435,REAL
/workspace/data/genbuster-mini/extracted/GenBuster-200K-mini/benchmark/real/6e7631f811d4fa63f937f93f2354fbb909d79c12b07d5d7f28c044d10d97377c.mp4,0,1,0.1951263574218271,0.8048736425781728,0.6097472851563457,1427,3,721.5519845485687,FAKE
/workspace/data/genbuster-mini/extracted/GenBuster-200K-mini/benchmark/real/6e6141860ce5f237a10bafdcfbd9b361ce1ad1db69e7692c40e0fc21477faf39.mp4,0,1,0.2100246812227943,0.7899753187772057,0.5799506375544115,1427,3,719.8154628276825,FAKE
/workspace/data/genbuster-mini/extracted/GenBuster-200K-mini/benchmark/real/6e49c9b555f1c90359c1c3c5c1a069dfafe209ba7d41b36a63ba7dd032857b2e.mp4,1,1,0.9086178969328287,0.09138210306717136,0.8172357938656574,1427,3,725.2353578805923,FAKE
/workspace/data/genbuster-mini/extracted/GenBuster-200K-mini/benchmark/real/6e38117d1ec3cdc7d1b6582479ffa4fee7e76dbdbf86974df26365ec7bfd667f.mp4,0,0,0.08035746882220708,0.9196425311777929,0.8392850623555859,1427,2,688.6740699410439,REAL
/workspace/data/genbuster-mini/extracted/GenBuster-200K-mini/benchmark/real/6e2c9d31275f6196534ab51a92fd43a450c70cb5032cb6548d2ae32a48396275.mp4,1,0,0.9623104755487727,0.0376895244512274,0.9246209510975453,1427,2,687.3044967651367,REAL
/workspace/data/genbuster-mini/extracted/GenBuster-200K-mini/benchmark/real/6e046fd4c7582f9375bb815bf46633cfe730ce767df6af51a3d9e7bf8c4de80c.mp4,0,1,0.1644654778411617,0.8355345221588384,0.6710690443176767,1427,3,726.4664173126221,FAKE
/workspace/data/genbuster-mini/extracted/GenBuster-200K-mini/benchmark/real/6d6f22916a01b311c047e3cb4dfb1359627a05205b4213a140e616201191335b.mp4,1,0,0.982967141576578,0.017032858423421945,0.9659342831531561,1427,2,690.189965069294,REAL
/workspace/data/genbuster-mini/extracted/GenBuster-200K-mini/benchmark/real/6d4cf9cbaf4d3de2acf5a75604b6d997ada5ef9d90b0a1008f82058d2c7f43b1.mp4,1,0,0.9942803390269435,0.005719660973056543,0.9885606780538869,1427,2,688.7025833129883,REAL
/workspace/data/genbuster-mini/extracted/GenBuster-200K-mini/benchmark/real/6d22e9d6c43856d45db6fda7bc042019c8c76db8f3fa6fd162b5f24c98cfe835.mp4,1,0,0.9893748929342525,0.010625107065747486,0.978749785868505,1427,2,687.3729079961777,REAL
/workspace/data/genbuster-mini/extracted/GenBuster-200K-mini/benchmark/real/6ce0742306d1eac7bf718d3d432eb1002278bd62ef419922045ea1ffe580878f.mp4,1,0,0.9721339097401931,0.027866090259806995,0.9442678194803861,1427,2,692.8175613284111,REAL
/workspace/data/genbuster-mini/extracted/GenBuster-200K-mini/benchmark/real/6cbc463af5fa3581236528f5f10eeeef7abed79811261888e584f759a76ac02c.mp4,1,0,0.9306505385171367,0.06934946148286338,0.8613010770342734,1427,2,689.4508302211761,REAL
/workspace/data/genbuster-mini/extracted/GenBuster-200K-mini/benchmark/real/6c603f152b9b5f04fbe6ab5e01d5a1016b2bb49008ba4605bac9dde0fc8921a5.mp4,1,0,0.9487908673951085,0.05120913260489156,0.897581734790217,1427,2,686.004213988781,REAL
/workspace/data/genbuster-mini/extracted/GenBuster-200K-mini/benchmark/real/6c4059c305fb5ed4b5df4808354e7813c2cd1c0014a28e20f304beba47f9a1f7.mp4,1,0,0.9172743663034076,0.08272563369659236,0.8345487326068153,1427,2,690.2555376291275,REAL
/workspace/data/genbuster-mini/extracted/GenBuster-200K-mini/benchmark/real/6bccb1e0b7fb214357f2bef2a96a29c5328d107469a3424f129c6dc37f7f5f1a.mp4,0,1,0.20658906477097205,0.7934109352290278,0.5868218704580558,1427,3,719.6539789438248,FAKE
/workspace/data/genbuster-mini/extracted/GenBuster-200K-mini/benchmark/real/6b27d3914ad5af23ffaa89485ffaeb6754e1854ffe9caa0e5b59f75be3f3cda1.mp4,1,0,0.9879727665189417,0.012027233481058372,0.9759455330378833,1427,2,683.7539076805115,REAL
/workspace/data/genbuster-mini/extracted/GenBuster-200K-mini/benchmark/real/6b0cb29c9f15d42c658c67667f1d5a8b6995cce217a4e9ca5e0da0d2e3ca6029.mp4,0,0,0.06097518086496481,0.9390248191350352,0.8780496382700704,1427,2,689.1710981726646,REAL
/workspace/data/genbuster-mini/extracted/GenBuster-200K-mini/benchmark/real/6aa2586fa7436cbe5019e20a42daead18f192063d18931821061650f47eb6829.mp4,1,0,0.9795263684694285,0.02047363153057149,0.9590527369388571,1427,2,692.1492889523506,REAL
/workspace/data/genbuster-mini/extracted/GenBuster-200K-mini/benchmark/real/69a0d985e99dbddccc7827656e823dbc75a64a14c89d07ee40de94df7317ca90.mp4,1,0,0.9846487198868481,0.015351280113151957,0.9692974397736961,1427,2,685.4767054319382,REAL
/workspace/data/genbuster-mini/extracted/GenBuster-200K-mini/benchmark/real/698f7d36aa93c73589e300a12632b50dd545736d25a1a902b65e6e2e9c24c589.mp4,1,0,0.9494198079271134,0.05058019207288641,0.898839615854227,1427,2,685.214564204216,REAL
/workspace/data/genbuster-mini/extracted/GenBuster-200K-mini/benchmark/real/6971265352488fd0375b712fde140e55022b8034031bbd345cb05ae80fa99e19.mp4,0,1,0.18198216319975474,0.8180178368002453,0.6360356736004906,1427,3,731.468640267849,FAKE
/workspace/data/genbuster-mini/extracted/GenBuster-200K-mini/benchmark/real/6910b9b8534f2b0230e219a2ef0df283bd642c4dcc2c037137ed05ba4490ba7f.mp4,1,1,0.8080672135527632,0.19193278644723683,0.6161344271055265,1427,3,732.9369261860847,FAKE
/workspace/data/genbuster-mini/extracted/GenBuster-200K-mini/benchmark/real/68e8022242cf221b8b8514ca80a80a51404ea3fd1a0f2b066e71e3cb635f5c51.mp4,1,0,0.987347190410019,0.012652809589981063,0.9746943808200379,1427,2,688.9372915029526,REAL
/workspace/data/genbuster-mini/extracted/GenBuster-200K-mini/benchmark/real/68aeb5e645f17b8cce5a80bdc6088e06ef78aea975937323885cc6a09597b7e7.mp4,1,0,0.9898677137692705,0.010132286230729462,0.979735427538541,1427,2,686.3910257816315,REAL
/workspace/data/genbuster-mini/extracted/GenBuster-200K-mini/benchmark/real/68970fe2fcb5cec5aa4169a139fa972dd31432301bcf5bc792c8bb2eb4e3d3f1.mp4,1,0,0.9814872559142969,0.01851274408570314,0.9629745118285937,1427,2,690.7611265778542,REAL
/workspace/data/genbuster-mini/extracted/GenBuster-200K-mini/benchmark/real/67ea0cd284b2b44317e726f47842cccb315ed75f56e97f44240f8d2f095d6973.mp4,1,0,0.9909647386124922,0.00903526138750785,0.9819294772249844,1427,2,684.3428015708923,REAL
/workspace/data/genbuster-mini/extracted/GenBuster-200K-mini/benchmark/real/67e8385c0ef8cf9946ddbe98a837f533d888af3b14eab9b3a8e5ebb264002cbc.mp4,0,0,0.07159119944455247,0.9284088005554476,0.8568176011108951,1427,2,694.0382495522499,REAL
/workspace/data/genbuster-mini/extracted/GenBuster-200K-mini/benchmark/real/679e7a23ad8d8be02d22c765d232b6e035447cceafd47c3a12d27b605ae39910.mp4,0,0,0.027169231535681047,0.9728307684643189,0.9456615369286379,1427,2,686.7808327078819,REAL
/workspace/data/genbuster-mini/extracted/GenBuster-200K-mini/benchmark/real/66fd0897305bafc33cd0ac2d339618d82f49d0b725ec8def0a56f9c5d543c347.mp4,1,0,0.9937425661690191,0.006257433830980779,0.9874851323380384,1427,2,690.7637268304825,REAL
/workspace/data/genbuster-mini/extracted/GenBuster-200K-mini/benchmark/real/66cab03b57372169c07b42753656485f3d1e8aa031a08e473be4f25acdea71c1.mp4,1,0,0.9687211575013999,0.03127884249860008,0.9374423150027997,1427,2,702.5413066148758,REAL
/workspace/data/genbuster-mini/extracted/GenBuster-200K-mini/benchmark/real/65fab7bbfbf59c47b323eee58d84650d2645b74148b152707af3bcfe430070da.mp4,1,0,0.959876809305009,0.040123190694990915,0.919753618610018,1427,2,687.3594969511032,REAL
/workspace/data/genbuster-mini/extracted/GenBuster-200K-mini/benchmark/real/65b72d20bedd761f55a019043333cb002dea10756971465e20317ac919996997.mp4,1,0,0.9609516714885372,0.039048328511462796,0.9219033429770744,1427,2,694.3006813526154,REAL
/workspace/data/genbuster-mini/extracted/GenBuster-200K-mini/benchmark/real/6597d84343af4bdb189ba9dd792db8bce7edeaee8011551eac2962e2edaa71bd.mp4,1,0,0.9119295142623546,0.08807048573764541,0.8238590285247092,1427,2,688.6518150568008,REAL
/workspace/data/genbuster-mini/extracted/GenBuster-200K-mini/benchmark/real/65106f3c882b253a561c1e498803d218f8a88ea84745ea5d9866197db4c8152c.mp4,0,1,0.1978279762724368,0.8021720237275631,0.6043440474551263,1427,3,724.8556911945343,FAKE
/workspace/data/genbuster-mini/extracted/GenBuster-200K-mini/benchmark/real/64f3e1f2f9a2002fa5eff25ab8344fbf140d9256b5a54772fde27c3ec0da2836.mp4,0,1,0.15941679547339985,0.8405832045266002,0.6811664090532004,1427,3,720.6870838999748,FAKE
/workspace/data/genbuster-mini/extracted/GenBuster-200K-mini/benchmark/real/63e8d0784bc1f3511a278e150f1a0298ff12fd772cfa5827ea92e2b6053e0798.mp4,1,0,0.992338360897276,0.007661639102723934,0.9846767217945521,1427,2,689.154677093029,REAL
/workspace/data/genbuster-mini/extracted/GenBuster-200K-mini/benchmark/real/63c9cad21151ca67b8db51fd3c52e981dc7835d4e217e73713ca1f79be13a940.mp4,0,1,0.1782464217124686,0.8217535782875314,0.6435071565750627,1427,3,723.0781242251396,FAKE
/workspace/data/genbuster-mini/extracted/GenBuster-200K-mini/benchmark/real/63a5477d09727e994bcf0da5e1bdcd517ae7c595f2e5137b0c77e6dfafe158a4.mp4,1,1,0.8031737963569016,0.1968262036430985,0.6063475927138031,1427,3,718.6561897397041,FAKE
/workspace/data/genbuster-mini/extracted/GenBuster-200K-mini/benchmark/real/638af88dac18cee0f341c859f01f20cd9c99b0c0416fa8ed46243cf8fb730d4b.mp4,0,1,0.17286235704027367,0.8271376429597264,0.6542752859194527,1427,3,718.7135368585587,FAKE
/workspace/data/genbuster-mini/extracted/GenBuster-200K-mini/benchmark/real/6342919db78cb90c264260c72ac16f7a243cfd7be3158696db07a825363000f6.mp4,1,1,0.9893474891602738,0.010652510839726164,0.9786949783205476,1427,3,720.3208580613136,FAKE
/workspace/data/genbuster-mini/extracted/GenBuster-200K-mini/benchmark/real/62ab4a73c43894b180457e745edb67a7d5dc6e067f3d64ba89bd22e909adb3aa.mp4,0,1,0.20025967770997666,0.7997403222900232,0.5994806445800466,1427,3,725.3758609294891,FAKE
/workspace/data/genbuster-mini/extracted/GenBuster-200K-mini/benchmark/real/6260fe5096ff9c0f2b3a133cf6e442157a505142222d653c9d373ea065019f38.mp4,1,0,0.9625525734503783,0.03744742654962183,0.9251051469007564,1427,2,690.4164701700211,REAL
/workspace/data/genbuster-mini/extracted/GenBuster-200K-mini/benchmark/real/6236706664aa3b365bb6bb138290ac4a06b63a98ec0353fb792c92e8cfbf4e51.mp4,1,0,0.9879727665189417,0.012027233481058372,0.9759455330378833,1427,2,685.0746050477028,REAL
/workspace/data/genbuster-mini/extracted/GenBuster-200K-mini/benchmark/real/6143816a2e2a805878e6b3a55d312bd65a69b2235ecdd606bccb196e49b0e1cb.mp4,1,0,0.9701861347203381,0.02981386527966191,0.9403722694406762,1427,2,684.0987354516983,REAL
/workspace/data/genbuster-mini/extracted/GenBuster-200K-mini/benchmark/real/6140acfd592497355f949ab732c03e3b6ac327831f3a477bcf6a928d27bc0c9d.mp4,1,0,0.9882610544772972,0.011738945522702852,0.9765221089545943,1427,2,684.2998266220093,REAL
/workspace/data/genbuster-mini/extracted/GenBuster-200K-mini/benchmark/real/61383f2c973fdabb0f036dc5420a3137684dc58b7675662317029dd7806d50f7.mp4,0,1,0.20061747294056068,0.7993825270594394,0.5987650541188787,1427,3,725.7068008184433,FAKE
/workspace/data/genbuster-mini/extracted/GenBuster-200K-mini/benchmark/real/6120e24e19942fbb2d884982d828f895ed1a984d76f0a822a3eef3d68de19b09.mp4,1,0,0.9442552208331845,0.05574477916681564,0.8885104416663688,1427,2,689.1471147537231,REAL
/workspace/data/genbuster-mini/extracted/GenBuster-200K-mini/benchmark/real/5ff4dd7e5eb3eff9e7279a1421e0a2f913427d7be8e0e435f37aac6e1a365b1d.mp4,1,0,0.9807358722502919,0.01926412774970808,0.9614717445005838,1427,2,684.8852559924126,REAL
/workspace/data/genbuster-mini/extracted/GenBuster-200K-mini/benchmark/real/5ff202b89289528f40bbf7ab9fe76cccaaaa251aef7037d45549893afc329346.mp4,1,0,0.9505510226945993,0.04944897730540068,0.9011020453891987,1427,2,686.0073432326317,REAL
/workspace/data/genbuster-mini/extracted/GenBuster-200K-mini/benchmark/real/5fca5b2496504dbed67d32fb98980c15abb6b3eb91120b5b8c8f159399ed9200.mp4,1,0,0.9227478902773221,0.07725210972267793,0.8454957805546441,1427,2,683.4238320589066,REAL
/workspace/data/genbuster-mini/extracted/GenBuster-200K-mini/benchmark/real/5fc9330dee5a32870421a8f15006b4c24b584f1c100b81d229c8a221ac8fc565.mp4,0,1,0.15449443819699926,0.8455055618030007,0.6910111236060015,1427,3,719.2902639508247,FAKE
/workspace/data/genbuster-mini/extracted/GenBuster-200K-mini/benchmark/real/5fa84565153d62ce9314f1364978d7cabb686b0703436d1543d1fee2ea0be924.mp4,0,1,0.16359819323957253,0.8364018067604274,0.6728036135208548,1427,3,725.0624373555183,FAKE
/workspace/data/genbuster-mini/extracted/GenBuster-200K-mini/benchmark/real/5fa7e4a829c5f0a6ea922ebd04667691127f6637c20c7e7e67d70c11a1e47009.mp4,1,0,0.9744347623191343,0.02556523768086564,0.9488695246382687,1427,2,687.9220828413963,REAL
/workspace/data/genbuster-mini/extracted/GenBuster-200K-mini/benchmark/real/5f9fab49aee5d0d59dbd4fa2335573ba1a485f64e186c776d120d37eca1251ba.mp4,1,0,0.900862452442275,0.09913754755772494,0.8017249048845501,1427,2,687.0883628726006,REAL
/workspace/data/genbuster-mini/extracted/GenBuster-200K-mini/benchmark/real/5f4239acaac273b2f01bb614beeedd750b5b8db4634c7dab9ce581eee37bda41.mp4,1,0,0.9458012212902774,0.054198778709722464,0.891602442580555,1427,2,687.444306910038,REAL
/workspace/data/genbuster-mini/extracted/GenBuster-200K-mini/benchmark/real/5f19f29751a4e7402d8532ec13ace5a67fff38e462bcec02f62b3a815cfceea1.mp4,0,0,0.02635535284611975,0.9736446471538801,0.9472892943077603,1427,2,697.802297770977,REAL
/workspace/data/genbuster-mini/extracted/GenBuster-200K-mini/benchmark/real/5f0ae825b10db91e1b122218f206f12e84323ada3f582360640c168361f10aab.mp4,1,0,0.9422238071358148,0.05777619286418514,0.8844476142716297,1427,2,690.5293762683868,REAL
/workspace/data/genbuster-mini/extracted/GenBuster-200K-mini/benchmark/real/5e1d3ab4358decdaab305b4ee97d0aee5a5aaf22924b1f1a6319c154fbd3e8bf.mp4,1,0,0.9257941196092699,0.07420588039073005,0.8515882392185399,1427,2,695.0102746486664,REAL
/workspace/data/genbuster-mini/extracted/GenBuster-200K-mini/benchmark/real/5dce4142967044b1dea5e32b7e6f828b1b2c574b27b56e4471b3fe1c52bd75cc.mp4,0,0,0.07921032410902437,0.9207896758909757,0.8415793517819513,1427,2,684.7248300909996,REAL
/workspace/data/genbuster-mini/extracted/GenBuster-200K-mini/benchmark/real/5dbe598f9efe018dfed619f22e54d5f885eb48a157ecb571200bb36b034fdde1.mp4,0,0,0.04401864986294638,0.9559813501370537,0.9119627002741073,1427,2,684.8291829228401,REAL
/workspace/data/genbuster-mini/extracted/GenBuster-200K-mini/benchmark/real/5d8ef19c4250cc6ae3b590d380fc2035df830ab324482b4aa9c1ad95b3859d00.mp4,1,0,0.9044899210858068,0.09551007891419308,0.8089798421716138,1427,2,695.9668397903442,REAL
/workspace/data/genbuster-mini/extracted/GenBuster-200K-mini/benchmark/real/5d6098909393138ce382f92202e8f9d6a949dcc26267eb1ada17ad65b383f1a9.mp4,1,0,0.9938298589755006,0.006170141024499391,0.9876597179510012,1427,2,687.08086758852,REAL
/workspace/data/genbuster-mini/extracted/GenBuster-200K-mini/benchmark/real/5d559bdf00f38bd0d251f98939d66bcdb2a5046df7bf75364caf914d44eb9a44.mp4,0,1,0.15040877312887413,0.8495912268711258,0.6991824537422516,1427,3,720.2829420566559,FAKE
/workspace/data/genbuster-mini/extracted/GenBuster-200K-mini/benchmark/real/5d1ea25e1d4c969b616562f3e8c8acae7f76804ae5f67a2fa7e6aabb28218cf8.mp4,0,1,0.2073217420806531,0.792678257919347,0.5853565158386939,1427,3,716.7280092835426,FAKE
/workspace/data/genbuster-mini/extracted/GenBuster-200K-mini/benchmark/real/5d1e59a1cded8c9f2b537f43e86b7ccda7db83e5fab44f0d1fc8fa28f1d2eb1a.mp4,0,0,0.05033063259747688,0.9496693674025232,0.8993387348050463,1427,2,693.1044608354568,REAL
/workspace/data/genbuster-mini/extracted/GenBuster-200K-mini/benchmark/real/5d0ac82bbe07c48088af1bb918e50d321b48920c98b7ca3de32491a588c31d8d.mp4,1,0,0.9258197326199311,0.07418026738006891,0.8516394652398622,1427,2,686.836265027523,REAL
/workspace/data/genbuster-mini/extracted/GenBuster-200K-mini/benchmark/real/5ce6c2e085cfebe1294d0f15c45c035fc41c1726fa99496637f173136e3a2490.mp4,0,1,0.2033759083610377,0.7966240916389623,0.5932481832779246,1427,3,759.795293211937,FAKE
/workspace/data/genbuster-mini/extracted/GenBuster-200K-mini/benchmark/real/5ce24c267bcfb7d70c7ee20d6d14128f89d63d7bf39dc3e2f31f7bdde209d08d.mp4,1,0,0.9886640681294865,0.011335931870513575,0.9773281362589729,1427,2,684.5246851444244,REAL
/workspace/data/genbuster-mini/extracted/GenBuster-200K-mini/benchmark/real/5cc6a6e464df923bb001c1e282fcdb162ebe05ea6c93c60eba5a81c35c934d6a.mp4,0,0,0.04958902298403175,0.9504109770159683,0.9008219540319365,1427,2,695.8896815776825,REAL
/workspace/data/genbuster-mini/extracted/GenBuster-200K-mini/benchmark/real/5c8761dc32321cefd909820c66ef00a324572dbc46c0e9f113b5d22aeb816955.mp4,1,0,0.9443139243704795,0.05568607562952051,0.8886278487409589,1427,2,692.3209875822067,REAL
/workspace/data/genbuster-mini/extracted/GenBuster-200K-mini/benchmark/real/5c697f432e170cbf51d82b024e3ee7eccced9b1430c7ac315adff90a93c6a9fa.mp4,1,0,0.9275634680257171,0.07243653197428286,0.8551269360514342,1427,2,693.5383155941963,REAL
/workspace/data/genbuster-mini/extracted/GenBuster-200K-mini/benchmark/real/5c5ac1f05afb53b9d9a44c0af3008858ece4dc024dc5d5154baee5fb164246f2.mp4,1,0,0.9738538293854909,0.026146170614509176,0.9477076587709817,1427,2,697.1675977110863,REAL
/workspace/data/genbuster-mini/extracted/GenBuster-200K-mini/benchmark/real/5b634f213bf5ad9bbdc98767ab46dc5ad9c636086783d0aa314620b7c78319ed.mp4,1,0,0.981815578018273,0.01818442198172691,0.9636311560365461,1427,2,693.9832270145416,REAL
/workspace/data/genbuster-mini/extracted/GenBuster-200K-mini/benchmark/real/5b384c2526ce8ab3b02379323f4a9758b6ebcf7823a1a22a7096b8b5f3dcfd6d.mp4,1,0,0.9036833825853964,0.09631661741460353,0.8073667651707929,1427,2,685.4974254965782,REAL
/workspace/data/genbuster-mini/extracted/GenBuster-200K-mini/benchmark/real/5b138557f45038b514b4d53cc9ca5255a72b89e077dae39fef5ee7c1b1d51133.mp4,1,0,0.990143765774899,0.009856234225101049,0.980287531549798,1427,2,697.8726536035538,REAL
/workspace/data/genbuster-mini/extracted/GenBuster-200K-mini/benchmark/real/5a77d477f875393927c8684cd686415d0362172603fed68ddeec97087652962a.mp4,0,1,0.16021611191623814,0.8397838880837619,0.6795677761675238,1427,3,718.3883488178253,FAKE
/workspace/data/genbuster-mini/extracted/GenBuster-200K-mini/benchmark/real/59d57ef44ee46fc38481061da723f4dc6d7ddcff072e5ccdd8ac56c5c4d1af79.mp4,0,0,0.07369626970604846,0.9263037302939515,0.852607460587903,1427,2,686.8554279208183,REAL
/workspace/data/genbuster-mini/extracted/GenBuster-200K-mini/benchmark/real/59c1ae39341de5940de1ae5ed4d99dd820fb30cc7ad5119798bd44698287004d.mp4,1,0,0.9604036148770991,0.039596385122900805,0.9208072297541984,1427,2,684.2855513095856,REAL
/workspace/data/genbuster-mini/extracted/GenBuster-200K-mini/benchmark/real/599ecc4b21e60d73553459ac494d95eed3bbeed96af69d72df577d8f71a00bec.mp4,1,0,0.9383395600237354,0.06166043997626471,0.8766791200474707,1427,2,684.4400092959404,REAL
/workspace/data/genbuster-mini/extracted/GenBuster-200K-mini/benchmark/real/58a57d2270ded31bef64396d8d3ff8afcd6e7977491304d7e7ee83356f734cd2.mp4,0,0,0.04742587317756679,0.9525741268224334,0.9051482536448666,1427,2,718.3013260364532,REAL
/workspace/data/genbuster-mini/extracted/GenBuster-200K-mini/benchmark/real/58a4092951bdea569b527ba52854e12615289d9b4ae25df3cc4f5ea2093e93ae.mp4,1,0,0.9262782710911842,0.07372172890881572,0.8525565421823685,1427,2,686.0929131507874,REAL
/workspace/data/genbuster-mini/extracted/GenBuster-200K-mini/benchmark/real/589cd21f6032690aaa668ca8f19237c2ec6c38da7a1270ba719772e0d2465c5f.mp4,1,0,0.9850319357365002,0.014968064263499826,0.9700638714730003,1427,2,687.9922077059746,REAL
/workspace/data/genbuster-mini/extracted/GenBuster-200K-mini/benchmark/real/5894eca7199fa314219a3769ca57f70c2c9518c3ed1e6d4b345c7307861cbd6f.mp4,1,0,0.9932024620110583,0.006797537988941771,0.9864049240221165,1427,2,688.0329549312592,REAL
/workspace/data/genbuster-mini/extracted/GenBuster-200K-mini/benchmark/real/586464c9b93d980c8b9cc8b2bf77fb6a4bdb781c9cd6366127c2b83b0f33d6c2.mp4,0,1,0.18093225793762394,0.8190677420623762,0.6381354841247523,1427,3,716.3097858428955,FAKE
/workspace/data/genbuster-mini/extracted/GenBuster-200K-mini/benchmark/real/57f62a7ae86509413c305d271e3573d0b6ad37031d6901f945e07c8798da8df0.mp4,1,0,0.9108478842249133,0.0891521157750867,0.8216957684498265,1427,2,687.6900568604469,REAL
/workspace/data/genbuster-mini/extracted/GenBuster-200K-mini/benchmark/real/57e339227d379183a826f379a632a21d981bd4f594278dc368b4d2ef0bba989f.mp4,0,0,0.042722197546490565,0.9572778024535095,0.9145556049070189,1427,2,694.9000507593155,REAL
/workspace/data/genbuster-mini/extracted/GenBuster-200K-mini/benchmark/real/578f8716af70edf0d86fd451722f5b85cb1d27635aaea223882c53d6626162d3.mp4,1,0,0.9706771576333117,0.029322842366688206,0.9413543152666235,1427,2,695.5582872033119,REAL
/workspace/data/genbuster-mini/extracted/GenBuster-200K-mini/benchmark/real/57899de84fd59dd67e095a4c9c36781b034378b490fc043dc17795ffc76048b8.mp4,0,1,0.2364492529205523,0.7635507470794477,0.5271014941588954,1427,3,719.253733754158,FAKE
/workspace/data/genbuster-mini/extracted/GenBuster-200K-mini/benchmark/real/56b4f0712e10b7b02439a743a8aff438ad324b7e086ec169cbce60143d29c15b.mp4,1,0,0.9921725582877807,0.00782744171221937,0.9843451165755613,1427,2,686.3446533679962,REAL
/workspace/data/genbuster-mini/extracted/GenBuster-200K-mini/benchmark/real/56a3d61c42815ce1e0e97ba4d9b041dbc4e0441f4052d6148f3a62d78f682d02.mp4,0,1,0.236583577556498,0.763416422443502,0.5268328448870041,1427,3,719.4501459598541,FAKE
/workspace/data/genbuster-mini/extracted/GenBuster-200K-mini/benchmark/real/56409ce660653a10501f7474009217be25b7f16e9b26a7117edd91d10dd7d321.mp4,1,0,0.9670090784266513,0.032990921573348715,0.9340181568533026,1427,2,687.8560706973076,REAL
/workspace/data/genbuster-mini/extracted/GenBuster-200K-mini/benchmark/real/55fe4a1b4ed3c71239d077655a507f80c7b2052bd9682e85678542d6928b369d.mp4,0,0,0.04742587317756679,0.9525741268224334,0.9051482536448666,1427,2,688.3018463850021,REAL
/workspace/data/genbuster-mini/extracted/GenBuster-200K-mini/benchmark/real/55f90b043cac4ba5b1d9ffab342c73ec199f1d335000aa1486c01583c995c38a.mp4,1,0,0.9122576232928951,0.08774237670710505,0.82451524658579,1427,2,685.9110668301582,REAL
/workspace/data/genbuster-mini/extracted/GenBuster-200K-mini/benchmark/real/55ec087c9326222ca3139cd25dd3c8c001e88e879b640bbf7fa57c86a77264cc.mp4,0,1,0.181705346729091,0.818294653270909,0.636589306541818,1427,3,719.0573439002037,FAKE
/workspace/data/genbuster-mini/extracted/GenBuster-200K-mini/benchmark/real/55a18ab1b107d40ed1577ced4fbb6ab85b224865e5fdcaafb79c38aca76f8ba4.mp4,1,0,0.9958919848157153,0.004108015184284581,0.9917839696314307,1427,2,686.9119852781296,REAL
/workspace/data/genbuster-mini/extracted/GenBuster-200K-mini/benchmark/real/559793d33cce9485c75b3c5163bb7d3b36e09718fb1e15d883b0e87aad9aded4.mp4,1,0,0.9705072737400086,0.02949272625999152,0.941014547480017,1427,2,687.8147795796394,REAL
/workspace/data/genbuster-mini/extracted/GenBuster-200K-mini/benchmark/real/558fbdf645f66a4c41f7ad8cba711d55f42033142b5114c19085aa046aa709a4.mp4,1,1,0.9924227587321393,0.007577241267860811,0.9848455174642784,1427,3,730.423741042614,FAKE
/workspace/data/genbuster-mini/extracted/GenBuster-200K-mini/benchmark/real/5570b2e3e18f5333a8e526fe9516655fad1fb409d771ce1735293361a7523df5.mp4,0,1,0.1927998426541529,0.807200157345847,0.6144003146916941,1427,3,723.7960770726204,FAKE
/workspace/data/genbuster-mini/extracted/GenBuster-200K-mini/benchmark/real/54358fc3e6646c7e07a34bab10832bd743da68ad641d7e11d9ce0289eb58bf61.mp4,1,0,0.9908102231916407,0.009189776808359211,0.9816204463832815,1427,2,693.2926699519157,REAL
/workspace/data/genbuster-mini/extracted/GenBuster-200K-mini/benchmark/real/541d0885dbbe3911c93c567294c68dfb2ca59a8cb4d2e5c37cb37c5e5f0fa8e1.mp4,1,0,0.9440000645146847,0.055999935485315275,0.8880001290293694,1427,2,689.8606196045876,REAL
/workspace/data/genbuster-mini/extracted/GenBuster-200K-mini/benchmark/real/540db36a3444c10d74799843cee19ee1ae29c1d6bb70e432de6c86b749557c4c.mp4,1,0,0.9753005875574963,0.02469941244250372,0.9506011751149925,1427,2,691.3846507668495,REAL
/workspace/data/genbuster-mini/extracted/GenBuster-200K-mini/benchmark/real/53cbe736ab7b67b7870ad10945e8daa33e7b6abf3cc612e36b59b0e3e3a4dc0d.mp4,1,0,0.9856023732019444,0.014397626798055589,0.9712047464038889,1427,2,690.954826772213,REAL
/workspace/data/genbuster-mini/extracted/GenBuster-200K-mini/benchmark/real/53a391412acee385cccbd21ad38852f31ad88cd11a23532d3834049fdf887ba3.mp4,0,0,0.08389038641057993,0.91610961358942,0.8322192271788401,1427,2,685.552679002285,REAL
/workspace/data/genbuster-mini/extracted/GenBuster-200K-mini/benchmark/real/536428bfea9b961e0e777a884a6487cb70f3a9d87eb76f032ca79ea4e6b8dbb3.mp4,1,0,0.9271625451161297,0.0728374548838703,0.8543250902322594,1427,2,688.342995941639,REAL
/workspace/data/genbuster-mini/extracted/GenBuster-200K-mini/benchmark/real/53630ce79d238304d144406b33f9a3873dc106fbeceddce4bcea8e8deae80914.mp4,0,0,0.01590639171181471,0.9840936082881853,0.9681872165763705,1427,2,691.001832485199,REAL
/workspace/data/genbuster-mini/extracted/GenBuster-200K-mini/benchmark/real/533720df799c02a5409a878a9c6cbba91f4c282c18087310617536abadb064b2.mp4,0,1,0.16719290616401625,0.8328070938359837,0.6656141876719674,1427,3,723.2531905174255,FAKE
/workspace/data/genbuster-mini/extracted/GenBuster-200K-mini/benchmark/real/52fefcf478488970b2ef9a1fb713f2718c054828885e07732760605a1b658d41.mp4,0,1,0.1593171403941866,0.8406828596058135,0.6813657192116269,1427,3,735.4051992297173,FAKE
/workspace/data/genbuster-mini/extracted/GenBuster-200K-mini/benchmark/real/527fb1f96e07467405801e7b8faf7573b4c4cbb6631cdf38aebf17a92b204c0e.mp4,0,1,0.21008655514657748,0.7899134448534224,0.5798268897068449,1427,3,729.7453060746193,FAKE
/workspace/data/genbuster-mini/extracted/GenBuster-200K-mini/benchmark/real/51e6d06c2ef9adcdef864724d58e7fc180b67e9b7e6a5c983ccb6b6ccb31b958.mp4,0,1,0.1757536269187927,0.8242463730812073,0.6484927461624146,1427,3,721.4903235435486,FAKE
/workspace/data/genbuster-mini/extracted/GenBuster-200K-mini/benchmark/real/5192a267fe658c3912fc67e8aefe7c7aaf46513a633eb58adb891c24e044b26e.mp4,1,0,0.9621753121810857,0.03782468781891421,0.9243506243621714,1427,2,684.4269186258316,REAL
/workspace/data/genbuster-mini/extracted/GenBuster-200K-mini/benchmark/real/518aa5b7dcc76612364aae4c17a7cc61d9ba2cf61bd9abc945a5e6f0990989f5.mp4,0,1,0.2100246812227943,0.7899753187772057,0.5799506375544115,1427,3,718.9080789685249,FAKE
/workspace/data/genbuster-mini/extracted/GenBuster-200K-mini/benchmark/real/517a385478f0935ddcd52dc148ce10d95ea439f16481f1e3e443df78f70beaaf.mp4,1,0,0.987164643491736,0.012835356508264046,0.974329286983472,1427,2,701.3691738247871,REAL
/workspace/data/genbuster-mini/extracted/GenBuster-200K-mini/benchmark/real/516f17e2fb50475a4942a7e304737acc648592a629b309e259430de02bba46e4.mp4,0,1,0.16441424344113,0.8355857565588699,0.6711715131177399,1427,3,732.5106486678123,FAKE
/workspace/data/genbuster-mini/extracted/GenBuster-200K-mini/benchmark/real/516dcd0bd1b8d42590295e76f75e45285a55592e59cbc1153ec85973a981f747.mp4,1,0,0.9928151563929157,0.007184843607084173,0.9856303127858316,1427,2,688.4403079748154,REAL
/workspace/data/genbuster-mini/extracted/GenBuster-200K-mini/benchmark/real/51447a4a06ff8edf6c01a5931901a9958ba4a787bdcd9a484d9425baeaedc69a.mp4,1,0,0.9797784963848435,0.020221503615156393,0.9595569927696871,1427,2,688.3382052183151,REAL
/workspace/data/genbuster-mini/extracted/GenBuster-200K-mini/benchmark/real/5139a2f32188bb37dc4e95465209fb71d3941a396b3ba73a814515ddae99b2c9.mp4,0,1,0.18510403318861918,0.8148959668113808,0.6297919336227615,1427,3,720.1425805687904,FAKE
/workspace/data/genbuster-mini/extracted/GenBuster-200K-mini/benchmark/real/50fc4e70d6f0d57a361f024f2d639edd648f39f1d353dc7474b8bb3c925893b5.mp4,1,0,0.9406860195790337,0.05931398042096637,0.8813720391580674,1427,2,694.6692243218422,REAL
/workspace/data/genbuster-mini/extracted/GenBuster-200K-mini/benchmark/real/50f7fcd889e08d47a237fcbd02d6173380965515c48b321a5bac321fd281a402.mp4,1,0,0.9690352605979896,0.030964739402010423,0.9380705211959792,1427,2,695.3105926513672,REAL
/workspace/data/genbuster-mini/extracted/GenBuster-200K-mini/benchmark/real/50e3284c77244dbad7ec96ed369ad031b53f3df477970bedb9e98764337424b1.mp4,1,0,0.9951145247519875,0.004885475248012474,0.990229049503975,1427,2,688.0617290735245,REAL
/workspace/data/genbuster-mini/extracted/GenBuster-200K-mini/benchmark/real/50bebe92a9660b8e2fa617ff6693d10d9dd5fbdee8852c67218790ecf2655932.mp4,1,1,0.9433475746920261,0.05665242530797383,0.8866951493840523,1427,3,720.160149037838,FAKE
/workspace/data/genbuster-mini/extracted/GenBuster-200K-mini/benchmark/real/506e3a71eed8e76ddcaf677c0251f346d588bc0885bc509d99699dfa8d1ad545.mp4,1,0,0.9694676722977968,0.030532327702203023,0.9389353445955938,1427,2,693.7447339296341,REAL
/workspace/data/genbuster-mini/extracted/GenBuster-200K-mini/benchmark/real/506c8eb1563a81e1d0ff438a901496f3d3e6e92309fe661310890081abc146f5.mp4,1,0,0.9439803994235257,0.05601960057647438,0.8879607988470514,1427,2,689.0614628791809,REAL
/workspace/data/genbuster-mini/extracted/GenBuster-200K-mini/benchmark/real/4fab469ca798ff9e7ef5c727b5aaa3f77912c2b4818e766006cb5bab36c4830e.mp4,1,0,0.9896413796996911,0.01035862030030885,0.9792827593993823,1427,2,688.1114020943642,REAL
/workspace/data/genbuster-mini/extracted/GenBuster-200K-mini/benchmark/real/4f9b6152b0f7c0b80373fbf276ea26a5e673e6f7e3edd2e0d63f5c385cf770ca.mp4,1,0,0.9729778639662476,0.027022136033752423,0.9459557279324952,1427,2,691.1179050803185,REAL
/workspace/data/genbuster-mini/extracted/GenBuster-200K-mini/benchmark/real/4f9063ec15e3aeeb4c366b053282f778c0c9f02f90ad9ecac7e485d93b207aca.mp4,0,1,0.17944839206915347,0.8205516079308466,0.6411032158616932,1427,3,721.7838540673256,FAKE
/workspace/data/genbuster-mini/extracted/GenBuster-200K-mini/benchmark/real/4f06d31c1e99ae7f64f4678822ecc9127290603ca29fbf8fc63325c8b10093cc.mp4,1,0,0.9247912344296745,0.0752087655703255,0.849582468859349,1427,2,690.3258338570595,REAL
/workspace/data/genbuster-mini/extracted/GenBuster-200K-mini/benchmark/real/4ee9268e9c2e8c0c656aade80fdc2b0f42c45c2a2d39378d54a997b9cf94574c.mp4,1,0,0.9709512337536257,0.02904876624637424,0.9419024675072515,1427,2,702.3670449852943,REAL
/workspace/data/genbuster-mini/extracted/GenBuster-200K-mini/benchmark/real/4ec147eec3afbaefe6dffbe9d598fdd640a2292b6e50965246a88829e1c6be20.mp4,0,1,0.20163354398251498,0.798366456017485,0.59673291203497,1427,3,719.0951406955719,FAKE
/workspace/data/genbuster-mini/extracted/GenBuster-200K-mini/benchmark/real/4ea31e9fa1df7e4ea5186831984012b11a6c1b6baffe246aa58f9aa3b685ae4b.mp4,0,1,0.18176065543863237,0.8182393445613676,0.6364786891227352,1427,3,723.3571708202362,FAKE
/workspace/data/genbuster-mini/extracted/GenBuster-200K-mini/benchmark/real/4e954e2e7e64dfcc777763c5824a46d61b08e213ef430ef7b6233ced1183fad9.mp4,0,1,0.20781131098276986,0.7921886890172302,0.5843773780344603,1427,3,721.085250377655,FAKE
/workspace/data/genbuster-mini/extracted/GenBuster-200K-mini/benchmark/real/4e68363062d51c25b56d88cd5e190978b3d5e44611dea3e1d37051b8d3fdcb4d.mp4,0,0,0.08632347658627028,0.9136765234137297,0.8273530468274595,1427,2,687.393993139267,REAL
/workspace/data/genbuster-mini/extracted/GenBuster-200K-mini/benchmark/real/4e4c5bfc2ac9599bd4b77d5f0b2b9ab7ee0a13923239a218278dcf581f8c6712.mp4,0,0,0.06008665017400762,0.9399133498259924,0.8798266996519848,1427,2,736.617349088192,REAL
/workspace/data/genbuster-mini/extracted/GenBuster-200K-mini/benchmark/real/4e3b3248084abfdc840702e63ac52a527b90ca13d5fb6e37f4a353cbba0122ba.mp4,1,0,0.9668663635109521,0.03313363648904792,0.9337327270219042,1427,2,696.3011547923088,REAL
/workspace/data/genbuster-mini/extracted/GenBuster-200K-mini/benchmark/real/4e03a2d0f1874e2309e160e870c7e04d7c4a100b54e4a9f8f9251c43f3a5606e.mp4,0,1,0.2200072634002412,0.7799927365997589,0.5599854731995176,1427,3,721.3351055979729,FAKE
/workspace/data/genbuster-mini/extracted/GenBuster-200K-mini/benchmark/real/4dedb36e0049cf6aef63af724129a9d53df0cf47ed6a6bb82c6ead2fb4a1a7b3.mp4,1,0,0.9934780660282508,0.006521933971749101,0.9869561320565018,1427,2,687.9844963550568,REAL
/workspace/data/genbuster-mini/extracted/GenBuster-200K-mini/benchmark/real/4dec05b44c775e49143b068383cd0ed91fcaecf99416627551c809ad5dfc05f0.mp4,0,1,0.19524320960075767,0.8047567903992423,0.6095135807984846,1427,3,719.8267132043839,FAKE
/workspace/data/genbuster-mini/extracted/GenBuster-200K-mini/benchmark/real/4db937b8ef537b959c7cf6e150a4ac9c818a084d22b6872b23378c274ed2e153.mp4,0,1,0.16719290616401625,0.8328070938359837,0.6656141876719674,1427,3,723.0064496397972,FAKE
/workspace/data/genbuster-mini/extracted/GenBuster-200K-mini/benchmark/real/4d9745b53a306896c6dfa43aa772b2cef284767751679e069bfa7f4f5881152c.mp4,0,0,0.07369626970604846,0.9263037302939515,0.852607460587903,1427,2,687.5765547156334,REAL
/workspace/data/genbuster-mini/extracted/GenBuster-200K-mini/benchmark/real/4d973be77026f6c3601f3d0791f04a0520220ce79ec630b1773ac2ea86d40eb5.mp4,1,0,0.9895686655072893,0.010431334492710689,0.9791373310145786,1427,2,692.0445412397385,REAL
/workspace/data/genbuster-mini/extracted/GenBuster-200K-mini/benchmark/real/4d7448e81de56fb9a5f97607c0dad4f7340297a5e220f3e593337252577e0d32.mp4,1,0,0.9866454677105733,0.013354532289426749,0.9732909354211465,1427,2,689.6909773349762,REAL
/workspace/data/genbuster-mini/extracted/GenBuster-200K-mini/benchmark/real/4d106b7874516b74c406f281e4659d48c2aac1c3411f4cb47f2f01366908d89f.mp4,1,0,0.9927189918412627,0.007281008158737302,0.9854379836825253,1427,2,687.566839158535,REAL
/workspace/data/genbuster-mini/extracted/GenBuster-200K-mini/benchmark/real/4cea7c80eb4fad37315f08519f52415a3f5392d97c3ac1501d0f3aa7fdc8a16e.mp4,1,0,0.9917331611008049,0.008266838899195234,0.9834663222016097,1427,2,696.85398042202,REAL
/workspace/data/genbuster-mini/extracted/GenBuster-200K-mini/benchmark/real/4cb623fa370be3d2ff5d7199c1e22a4990e32bc65536c4d660dfb5aba4d07e7c.mp4,0,1,0.22154322530028306,0.778456774699717,0.5569135493994339,1427,3,728.8023605942726,FAKE
/workspace/data/genbuster-mini/extracted/GenBuster-200K-mini/benchmark/real/4ba8e3dd434195a6fbb6871f9102eb0a2f49da5c24292799bd0cd354257961f9.mp4,1,0,0.9822553001219124,0.01774469987808762,0.9645106002438248,1427,2,685.4053139686584,REAL
/workspace/data/genbuster-mini/extracted/GenBuster-200K-mini/benchmark/real/4b2baf4e4cce1526d1c7f357b8bd401fb4173dcc53df5e98a6cf2edcd504d681.mp4,1,0,0.9102418304268344,0.08975816957316564,0.8204836608536688,1427,2,685.3088214993477,REAL
/workspace/data/genbuster-mini/extracted/GenBuster-200K-mini/benchmark/real/4b291ab13bbde956f9cfe7cf6d0ffda7de8ea8778ad877f19834cc344b0cbc74.mp4,1,1,0.8175744761936437,0.18242552380635632,0.6351489523872873,1427,3,718.9666405320168,FAKE
/workspace/data/genbuster-mini/extracted/GenBuster-200K-mini/benchmark/real/4b17d1e578c451b9b6415602ca2dfbfb78cc0072e6a4418122ea5c22b30d9b0d.mp4,1,0,0.9770976573032703,0.022902342696729788,0.9541953146065405,1427,2,687.9474744200706,REAL
/workspace/data/genbuster-mini/extracted/GenBuster-200K-mini/benchmark/real/4ab97bf15dc58bf5a4fd4fba90a526df06bdb46eb02e9ac87ad8ef9addfcf145.mp4,0,0,0.08269734267503885,0.9173026573249612,0.8346053146499224,1427,2,691.288910806179,REAL
/workspace/data/genbuster-mini/extracted/GenBuster-200K-mini/benchmark/real/4a85b87f9cdb104d94c4d3f669e9f9344380334cd6fc95cf2b8e231840be0cf5.mp4,1,0,0.9349855890970008,0.06501441090299918,0.8699711781940016,1427,2,687.1982216835022,REAL
/workspace/data/genbuster-mini/extracted/GenBuster-200K-mini/benchmark/real/4a423be3de161d023475d307cf01a34835667ae92d4fdcb9fa507afe0ba2f23b.mp4,1,1,0.8670357598021706,0.13296424019782924,0.7340715196043414,1427,3,716.9255092740059,FAKE
/workspace/data/genbuster-mini/extracted/GenBuster-200K-mini/benchmark/real/49edee64675b96506da683b2bd7640821e69d4bb5662c54b736e0e8b08e8c4a3.mp4,0,0,0.03210070671700819,0.9678992932829918,0.9357985865659837,1427,2,688.8718158006668,REAL
/workspace/data/genbuster-mini/extracted/GenBuster-200K-mini/benchmark/real/49ac17fd8fd03503032ec7cd9faabf532c905fb1e5c150257ca60182d2bddb1f.mp4,1,0,0.9722846705827337,0.02771532941726619,0.9445693411654675,1427,2,687.8314092755318,REAL
/workspace/data/genbuster-mini/extracted/GenBuster-200K-mini/benchmark/real/498b76398e3efb0f04caaa643595c5335c1f11a21065a66d43faff6704da23e3.mp4,1,0,0.8952438698339272,0.10475613016607284,0.7904877396678543,1427,2,684.9824413657188,REAL
/workspace/data/genbuster-mini/extracted/GenBuster-200K-mini/benchmark/real/48beda5b988bb36a2d8c310c8902d88a046e9ce68de29334a33bfcbfee24da9b.mp4,1,0,0.9894217186543713,0.010578281345628698,0.9788434373087427,1427,2,684.1481998562813,REAL
/workspace/data/genbuster-mini/extracted/GenBuster-200K-mini/benchmark/real/4842b20a5ceaed400c17915cf1163b895d762fdab4401a1ec48bb89c82e1175f.mp4,1,0,0.9954733154366142,0.004526684563385835,0.9909466308732284,1427,2,689.4364356994629,REAL
/workspace/data/genbuster-mini/extracted/GenBuster-200K-mini/benchmark/real/48423dffde828f6d0b3e02bc53d57128c12f99f482b601d223912d0125a7cb2e.mp4,0,1,0.17296874159563091,0.8270312584043691,0.6540625168087382,1427,3,724.6560454368591,FAKE
/workspace/data/genbuster-mini/extracted/GenBuster-200K-mini/benchmark/real/4840050212559552f80c44c9644c6bda8dabb2702591346ade8026446dbf6684.mp4,0,1,0.1857783546644359,0.8142216453355642,0.6284432906711283,1427,3,721.187449991703,FAKE
/workspace/data/genbuster-mini/extracted/GenBuster-200K-mini/benchmark/real/47c6400a0b595c3b027ad94be029332676f48268168ed8a4c2bc5480acc3b017.mp4,0,1,0.2226359271373856,0.7773640728626143,0.5547281457252288,1427,3,717.7382409572601,FAKE
/workspace/data/genbuster-mini/extracted/GenBuster-200K-mini/benchmark/real/47b6e5104b5334411b5a267ee8b05eea0642be8272d80162bd552dc1b5110a31.mp4,1,0,0.9550803055126041,0.04491969448739597,0.9101606110252082,1427,2,685.5153888463974,REAL
/workspace/data/genbuster-mini/extracted/GenBuster-200K-mini/benchmark/real/47a14fc2ae4ea5447a514fddeeb3ef075f597f1b154f1081a86868359cf54330.mp4,0,0,0.09138210306717136,0.9086178969328287,0.8172357938656574,1427,2,687.9208013415337,REAL
/workspace/data/genbuster-mini/extracted/GenBuster-200K-mini/benchmark/real/46b2e1d5c9497fc0cba8dfea98930424f01cb9b5f0aed2f3170ca951113a6ac2.mp4,0,1,0.1981234076988541,0.8018765923011459,0.6037531846022919,1427,3,721.3206216692924,FAKE
/workspace/data/genbuster-mini/extracted/GenBuster-200K-mini/benchmark/real/46b15e139b00f856ef5a70d125db1b1a7e0aef31955de97a184a91681efc40c3.mp4,1,0,0.974267429220724,0.02573257077927608,0.9485348584414479,1427,2,693.553738296032,REAL
/workspace/data/genbuster-mini/extracted/GenBuster-200K-mini/benchmark/real/463dd6774d6018e6d52cbfa24132d8a680043767b1747d5e8f419b4f4078df65.mp4,0,1,0.16714099207835378,0.8328590079216462,0.6657180158432925,1427,3,724.9810546636581,FAKE
/workspace/data/genbuster-mini/extracted/GenBuster-200K-mini/benchmark/real/45b5e0289beac97074f1f3127031f7c9c024d99d5c9762c37c19b02ccecb5661.mp4,0,1,0.18809667253749318,0.8119033274625068,0.6238066549250136,1427,3,719.8408097028732,FAKE
/workspace/data/genbuster-mini/extracted/GenBuster-200K-mini/benchmark/real/459e81c55969c6411b6053a8bac69a4f3bac62b84a0e6c5cc508fc9e83714076.mp4,1,0,0.9369035616399024,0.06309643836009754,0.8738071232798048,1427,2,685.8734488487244,REAL
/workspace/data/genbuster-mini/extracted/GenBuster-200K-mini/benchmark/real/454f49fdfb54b6b9a591d04fdfdc73c05376440001fc22b44f9346e36b1b1828.mp4,1,0,0.9824872267778816,0.01751277322211843,0.9649744535557632,1427,2,684.7808882594109,REAL
/workspace/data/genbuster-mini/extracted/GenBuster-200K-mini/benchmark/real/450909ce40ac8333fe969b570602a5c953e02a621d617dcafff5ef8839729875.mp4,1,0,0.9907319778623322,0.009268022137667873,0.9814639557246644,1427,2,689.1320198774338,REAL
/workspace/data/genbuster-mini/extracted/GenBuster-200K-mini/benchmark/real/44da4bcc1934b80733cf98f7194b69812e482fa2d542a0fe5115ea19041b617d.mp4,0,1,0.19588699414004107,0.8041130058599589,0.6082260117199179,1427,3,725.4625484347343,FAKE
/workspace/data/genbuster-mini/extracted/GenBuster-200K-mini/benchmark/real/444ab1f0fda68150a1b4b852547d40a148ade93d173bf86c84fbad5571e29ba0.mp4,1,0,0.9897438401915138,0.01025615980848617,0.9794876803830277,1427,2,694.3231374025345,REAL
/workspace/data/genbuster-mini/extracted/GenBuster-200K-mini/benchmark/real/43d09f1f1805c009e67b890f50d6ec6ab1179c6f00412f061269b018f42d99a5.mp4,0,1,0.14814116618452214,0.851858833815478,0.7037176676309559,1427,3,723.2721820473671,FAKE
/workspace/data/genbuster-mini/extracted/GenBuster-200K-mini/benchmark/real/43b0f816e5f16daf02ffc1709830ec3451a512f125c438bd1acbfef196619cc5.mp4,1,0,0.9925310824524278,0.007468917547572153,0.9850621649048557,1427,2,688.8463646173477,REAL
/workspace/data/genbuster-mini/extracted/GenBuster-200K-mini/benchmark/real/433b7f777d4bb8174a71ca3c3446aec95cf6491bd7f0bfa16c0a21e771ecfe93.mp4,1,0,0.989296390617701,0.010703609382299098,0.9785927812354019,1427,2,696.1829364299774,REAL
/workspace/data/genbuster-mini/extracted/GenBuster-200K-mini/benchmark/real/42f66de4f8a8ba654f78dd138b45079e7a6a8beec702f7600125f13426f7f750.mp4,0,1,0.20983961410328933,0.7901603858967108,0.5803207717934215,1427,3,726.7422303557396,FAKE
/workspace/data/genbuster-mini/extracted/GenBuster-200K-mini/benchmark/real/42f04b0a3075fd9c89621adf57a54e224ad3ad846ab46ff1bed6d7bbc17fca4c.mp4,1,0,0.9126142931198998,0.08738570688010022,0.8252285862397997,1427,2,690.8073425292969,REAL
/workspace/data/genbuster-mini/extracted/GenBuster-200K-mini/benchmark/real/42ea64077e3ab3565b0ac3edd6d197a9c4d86cda0a7f64fa5eeeb4d2347ef325.mp4,0,1,0.1736082732609263,0.8263917267390738,0.6527834534781475,1427,3,720.7878679037094,FAKE
/workspace/data/genbuster-mini/extracted/GenBuster-200K-mini/benchmark/real/42e372d2b3aaa90cade5e465bf54e13f3b08a1d02527add7ce4b60be25cc5120.mp4,1,0,0.9649055672478208,0.0350944327521791,0.9298111344956418,1427,2,693.2791993021965,REAL
/workspace/data/genbuster-mini/extracted/GenBuster-200K-mini/benchmark/real/4290698b7797b61d80fdccf7e0830c0a490c7936ce8a1ff3a27e61c28d31a318.mp4,1,0,0.977947671459285,0.02205232854071514,0.9558953429185698,1427,2,690.9238398075104,REAL
/workspace/data/genbuster-mini/extracted/GenBuster-200K-mini/benchmark/real/427472a2af89df954ed886f328d9ffb7333d85d09226595ad97480bfc809d929.mp4,0,1,0.17634722976865944,0.8236527702313406,0.6473055404626812,1427,3,718.4840813279152,FAKE
/workspace/data/genbuster-mini/extracted/GenBuster-200K-mini/benchmark/real/4267a4dbb1c58591dbe92ef49f833007684fe36c8d4e4501b4ae9317ff7200a6.mp4,1,1,0.8633916099737806,0.13660839002621938,0.7267832199475612,1427,3,726.787194609642,FAKE
/workspace/data/genbuster-mini/extracted/GenBuster-200K-mini/benchmark/real/42444456e69b4f86cf198ab07ce3cc03408008349bea0f1ed89c2fc1e2c4686f.mp4,1,0,0.9954783406640917,0.004521659335908249,0.9909566813281835,1427,2,686.7799758911133,REAL
/workspace/data/genbuster-mini/extracted/GenBuster-200K-mini/benchmark/real/4222cdfd1bcd83828e0e935e4311397a602804226aa96314c4761a1618439ebe.mp4,0,1,0.1656960525103772,0.8343039474896228,0.6686078949792456,1427,3,728.9093807339668,FAKE
/workspace/data/genbuster-mini/extracted/GenBuster-200K-mini/benchmark/real/41c1accfb10045707a9a26d2ae3c048b43f61515ae3b9321c5b583bd478f2052.mp4,1,0,0.9893748929342525,0.010625107065747486,0.978749785868505,1427,2,697.1316114068031,REAL
/workspace/data/genbuster-mini/extracted/GenBuster-200K-mini/benchmark/real/41b0a3615d9b2d25b7283e5c8154700113d6a7a4e894a87b297f26a4b04319fc.mp4,1,0,0.9888214208782802,0.011178579121719727,0.9776428417565605,1427,2,686.0105618834496,REAL
/workspace/data/genbuster-mini/extracted/GenBuster-200K-mini/benchmark/real/4101bff79071683cf1db10d3383db8f865e867f112884daa5c5bbd8c5970d54e.mp4,1,0,0.982728821731251,0.01727117826874913,0.9654576434625018,1427,2,685.7959926128387,REAL
/workspace/data/genbuster-mini/extracted/GenBuster-200K-mini/benchmark/real/40fddaf0b9b53c1f2347ab891b9057e20b4bd8875fd92d6f9ae4753515bcb184.mp4,1,0,0.9893357132313556,0.010664286768644433,0.9786714264627112,1427,2,692.0205727219582,REAL
/workspace/data/genbuster-mini/extracted/GenBuster-200K-mini/benchmark/real/40d629c71c83ac55824837789605fb23ff64ff89ba2d8c0ac6d70c01fc08c398.mp4,1,0,0.9776244516704682,0.02237554832953172,0.9552489033409365,1427,2,687.5967606902122,REAL
/workspace/data/genbuster-mini/extracted/GenBuster-200K-mini/benchmark/real/409b8119407f42de8e65bf5da7725c9fd52cd8f26ba4683a1fc9af8641f8b239.mp4,0,0,0.021615332762647654,0.9783846672373524,0.9567693344747048,1427,2,694.4553777575493,REAL
/workspace/data/genbuster-mini/extracted/GenBuster-200K-mini/benchmark/real/403e84ab98be591ecd5a9095732dfa534f76489d661e6fbd29bb7a738df3d88a.mp4,0,1,0.22386152217605598,0.7761384778239441,0.5522769556478881,1427,3,720.7836955785751,FAKE
/workspace/data/genbuster-mini/extracted/GenBuster-200K-mini/benchmark/real/402e0c602e2795ffd650c4d0f8c70d5884e3b8151f078e68e026006d7e2ec576.mp4,1,0,0.9550324112856174,0.04496758871438262,0.9100648225712348,1427,2,691.3451477885246,REAL
/workspace/data/genbuster-mini/extracted/GenBuster-200K-mini/benchmark/real/3ff464eb855dc6af55490b08796471c066a3b2238c5a24cf8a3cba254d277555.mp4,0,1,0.20434205499125652,0.7956579450087435,0.5913158900174871,1427,3,718.2946875691414,FAKE
/workspace/data/genbuster-mini/extracted/GenBuster-200K-mini/benchmark/real/3fea13c27724d9aa7d6397311994994a3421a24f77a6d9a1ee7c35c86e00e6ad.mp4,1,0,0.9959464129072972,0.00405358709270287,0.9918928258145944,1427,2,693.8764080405235,REAL
/workspace/data/genbuster-mini/extracted/GenBuster-200K-mini/benchmark/real/3f218fabf96bdb09748d65e5e724a7bdb24b3818750a3acb0bb8bc8feb5cfd30.mp4,0,1,0.1924526332506852,0.8075473667493148,0.6150947334986296,1427,3,722.7043882012367,FAKE
/workspace/data/genbuster-mini/extracted/GenBuster-200K-mini/benchmark/real/3ee70a7359f981bde8e8bfc6734ff65acf8131db556559f608e3b5a64f52ade6.mp4,1,0,0.9678645773618331,0.032135422638166954,0.9357291547236661,1427,2,690.7768398523331,REAL
/workspace/data/genbuster-mini/extracted/GenBuster-200K-mini/benchmark/real/3e9f431ab5f42306d61ad52d26b8407a12ba92d3bca981a65c4fac5c6440896a.mp4,1,0,0.9375165691024893,0.0624834308975107,0.8750331382049785,1427,2,690.0173053145409,REAL
/workspace/data/genbuster-mini/extracted/GenBuster-200K-mini/benchmark/real/3e6db909bb1fe7170764527ce2fbd5d6665976d506356347a6e7c8a51e598372.mp4,1,0,0.8936633686663539,0.10633663133364607,0.7873267373327077,1427,2,692.190907895565,REAL
/workspace/data/genbuster-mini/extracted/GenBuster-200K-mini/benchmark/real/3e2f2b68e9b6c69f6222e1917d1dd8c07809bc3dd0704cae30822a1e1487b5fe.mp4,0,1,0.16755573451807423,0.8324442654819258,0.6648885309638516,1427,3,721.4325442910194,FAKE
/workspace/data/genbuster-mini/extracted/GenBuster-200K-mini/benchmark/real/3e2c888ab73704535dec096404dd65670e60a8884bb164494fc22c94dddb9f89.mp4,1,0,0.9891416562856427,0.010858343714357396,0.9782833125712853,1427,2,698.4471008181572,REAL
/workspace/data/genbuster-mini/extracted/GenBuster-200K-mini/benchmark/real/3def97f450e4a6b55e4a4863b3d5c9c3fc962d7464aa545baeb1dc354e383484.mp4,1,0,0.9891616219714942,0.010838378028505903,0.9783232439429882,1427,2,684.2756420373917,REAL
/workspace/data/genbuster-mini/extracted/GenBuster-200K-mini/benchmark/real/3d85a0eb4ab71b70bb479f936f68e63ce05f525ca45d684e1fa196c22934d0e8.mp4,0,0,0.0185465645121173,0.9814534354878828,0.9629068709757654,1427,2,688.1409958004951,REAL
/workspace/data/genbuster-mini/extracted/GenBuster-200K-mini/benchmark/real/3d551ef44cc6fb90bd23a506523a690bae176ccc85d2277da9a7e184ad4dcb26.mp4,1,0,0.9857546721671983,0.01424532783280175,0.9715093443343965,1427,2,686.9235336780548,REAL
/workspace/data/genbuster-mini/extracted/GenBuster-200K-mini/benchmark/real/3d51d8d6341c676fff4ba3d709ab12343bbe6f367f36fb705bc074f4157107ba.mp4,1,0,0.9724146921915195,0.027585307808480314,0.9448293843830392,1427,2,689.5619556307793,REAL
/workspace/data/genbuster-mini/extracted/GenBuster-200K-mini/benchmark/real/3d336cdeb15d50494fd7584d21db26d481b69db63fe58292d927b6aac8eb68d3.mp4,0,1,0.22841876744048284,0.7715812325595172,0.5431624651190343,1427,3,724.1723537445068,FAKE
/workspace/data/genbuster-mini/extracted/GenBuster-200K-mini/benchmark/real/3d259358f50f0c2d7a7347a79408199487583514350e85885dcb60d63992b3e2.mp4,0,1,0.17781100889971202,0.8221889911002881,0.6443779822005761,1427,3,734.6516326069832,FAKE
/workspace/data/genbuster-mini/extracted/GenBuster-200K-mini/benchmark/real/3d17140ad4245f9fa7f7fd63ef3e7551df5336952b1b815238b3ef2a04670730.mp4,1,1,0.8418256472515684,0.1581743527484317,0.6836512945031367,1427,3,730.1433235406876,FAKE
/workspace/data/genbuster-mini/extracted/GenBuster-200K-mini/benchmark/real/3ce4312a5080b25f5837a25dbd617f3265f986eb0ad9939c6c2624558c0fa6f6.mp4,1,0,0.9957116006126555,0.0042883993873443944,0.9914232012253111,1427,2,696.3827908039093,REAL
/workspace/data/genbuster-mini/extracted/GenBuster-200K-mini/benchmark/real/3cdfed4e13eccee7ec0bf85bca9e2b672ad5e436593a2174020dddb8f247c9dc.mp4,0,1,0.19942688606075368,0.8005731139392464,0.6011462278784927,1427,3,736.3990545272827,FAKE
/workspace/data/genbuster-mini/extracted/GenBuster-200K-mini/benchmark/real/3cb5e2cbebfa75d8d31ce2d7782e2e364917a476579d1ededa077dd9a33f4a4a.mp4,0,1,0.22186411257965782,0.7781358874203422,0.5562717748406845,1427,3,720.9618464112282,FAKE
/workspace/data/genbuster-mini/extracted/GenBuster-200K-mini/benchmark/real/3c07998dc8fb06340b07409473e6cc287a17fbaa4f86f6866e627e3a8d26694a.mp4,1,0,0.9841922949078721,0.01580770509212798,0.968384589815744,1427,2,685.2329447865486,REAL
/workspace/data/genbuster-mini/extracted/GenBuster-200K-mini/benchmark/real/3bb205d5556d746327ad112078f30ada39483142f2c27e65e5173995f783f0ad.mp4,1,0,0.9912111677784672,0.008788832221532865,0.9824223355569344,1427,2,689.7281855344772,REAL
/workspace/data/genbuster-mini/extracted/GenBuster-200K-mini/benchmark/real/3aecf24d9bb9fbf58c7f24cf7c0ff547fc953dba9bc915a37dfa73d4d11d6954.mp4,0,1,0.22697952033205804,0.773020479667942,0.5460409593358839,1427,3,730.4876744747162,FAKE
/workspace/data/genbuster-mini/extracted/GenBuster-200K-mini/benchmark/real/3ae9b49bc38d35b0203be58bce1c0f7f0bfff4b17293794ab9fddee2620ec55c.mp4,0,1,0.23934952094988082,0.7606504790501193,0.5213009581002385,1427,3,717.9294526576996,FAKE
/workspace/data/genbuster-mini/extracted/GenBuster-200K-mini/benchmark/real/3ae22e39f7d8c3a8a9c3227e46f1f95dd65b6f355e217cc008ebbfd98ed53744.mp4,1,0,0.9756388664936425,0.024361133506357553,0.9512777329872849,1427,2,690.6485855579376,REAL
/workspace/data/genbuster-mini/extracted/GenBuster-200K-mini/benchmark/real/3ad77608e7db7aee6950e31b819aff6d609dd93b2150defb8c1ccb545bf03097.mp4,1,0,0.9654184322223034,0.034581567777696505,0.9308368644446069,1427,2,686.103343963623,REAL
/workspace/data/genbuster-mini/extracted/GenBuster-200K-mini/benchmark/real/3ad65cb7f82dbeba1669fb85a1d13b9253a404774ab1602558e793e28762c6ca.mp4,1,0,0.9879816023574626,0.012018397642537506,0.975963204714925,1427,2,695.7194283604622,REAL
/workspace/data/genbuster-mini/extracted/GenBuster-200K-mini/benchmark/real/3a8dc9632525a4213fd4490a3927c2b01ddb2670fff5dd9dab8a547ecdf85b95.mp4,1,0,0.9641803532176593,0.03581964678234077,0.9283607064353185,1427,2,685.0252524018288,REAL
/workspace/data/genbuster-mini/extracted/GenBuster-200K-mini/benchmark/real/39c597d126d300a9a45bc11a1290e51fa92ab933db353d50781ccac2c0ac6acc.mp4,0,1,0.2178442413351147,0.7821557586648853,0.5643115173297706,1427,3,720.5381616950035,FAKE
/workspace/data/genbuster-mini/extracted/GenBuster-200K-mini/benchmark/real/391cbe62a40a123f7997d13501bb9e3d5ac4ffe13b965c584325715b7f7e99f8.mp4,0,1,0.1696940461476042,0.8303059538523958,0.6606119077047916,1427,3,722.2771272063255,FAKE
/workspace/data/genbuster-mini/extracted/GenBuster-200K-mini/benchmark/real/38b9c3e5f301fbe2e410a0f6e72efefbdce83e9a5ec4e6f0a5aba1cf7e124680.mp4,1,0,0.9327338773924001,0.06726612260760001,0.8654677547848001,1427,2,684.7881749272346,REAL
/workspace/data/genbuster-mini/extracted/GenBuster-200K-mini/benchmark/real/388d2492913e682f6f7d61ff1b87c03efdf15614dcdd5e7204d7c75030d549c1.mp4,0,0,0.061875985723642724,0.9381240142763573,0.8762480285527146,1427,2,689.886786043644,REAL
/workspace/data/genbuster-mini/extracted/GenBuster-200K-mini/benchmark/real/3857b24e088646dbf3bb8ebc65ed57630f1bc20e7b61fae076fbf3a15fa4384a.mp4,1,0,0.9014589266487704,0.09854107335122966,0.8029178532975407,1427,2,687.9319995641708,REAL
/workspace/data/genbuster-mini/extracted/GenBuster-200K-mini/benchmark/real/38271c7ecb7be8ec1c9685f4db9e751d11405cc7aa82417aaadfcdf38e85304e.mp4,1,0,0.966216720443328,0.033783279556671944,0.932433440886656,1427,2,685.837410390377,REAL
/workspace/data/genbuster-mini/extracted/GenBuster-200K-mini/benchmark/real/377b7a6554f29ef415e09104ffc9dc82e19925045317cee681a2afe8705858bf.mp4,1,0,0.9933784877303966,0.006621512269603329,0.9867569754607933,1427,2,694.8588564991951,REAL
/workspace/data/genbuster-mini/extracted/GenBuster-200K-mini/benchmark/real/37765e3329da95184e41104cb9d45b5f326d84abe5aea0376eaa6aebe437764f.mp4,1,0,0.9856129250972383,0.014387074902761695,0.9712258501944766,1427,2,686.0024854540825,REAL
/workspace/data/genbuster-mini/extracted/GenBuster-200K-mini/benchmark/real/36f512c0e80f3503f634e2cbfdd01e54faaa71f75c7cc696a42e42aaa5f9a70b.mp4,0,1,0.20996297887220908,0.790037021127791,0.5800740422555819,1427,3,722.9543849825859,FAKE
/workspace/data/genbuster-mini/extracted/GenBuster-200K-mini/benchmark/real/36e93d665955af308033d1cf7f15f05efa4ae60754d807a2a3e6e5fb7c1badb4.mp4,1,0,0.9531256308587789,0.0468743691412212,0.9062512617175577,1427,2,689.7540464997292,REAL
/workspace/data/genbuster-mini/extracted/GenBuster-200K-mini/benchmark/real/36d01802b3fccc83be6fdeffe2c90af972a5b6acb3c984c1efe967a31499d7ad.mp4,1,0,0.9845301808953733,0.015469819104626723,0.9690603617907465,1427,2,690.3335601091385,REAL
/workspace/data/genbuster-mini/extracted/GenBuster-200K-mini/benchmark/real/36af777b26bdfef75a756603c46920ac58fb7982181fcc84a56a44303e311490.mp4,1,0,0.9079048817497709,0.09209511825022902,0.8158097634995419,1427,2,695.235438644886,REAL
/workspace/data/genbuster-mini/extracted/GenBuster-200K-mini/benchmark/real/367aefb915b73fbac3acbfcdc5625594443b9c95e65e81fd8940145b01058cf0.mp4,1,0,0.9933466015674673,0.0066533984325325875,0.9866932031349348,1427,2,684.5269650220871,REAL
/workspace/data/genbuster-mini/extracted/GenBuster-200K-mini/benchmark/real/3667af63e65a2790622ab78285354f70f77bdb9215bba5ef1afc34c9c3642893.mp4,1,0,0.9655176326660888,0.03448236733391126,0.9310352653321775,1427,2,694.7734504938126,REAL
/workspace/data/genbuster-mini/extracted/GenBuster-200K-mini/benchmark/real/364d4cd501dcf98f989c41e4008443d2519c923f9ea9b8a8ac1350bda28f608e.mp4,1,0,0.992949239757897,0.007050760242103108,0.9858984795157938,1427,2,684.5025718212128,REAL
/workspace/data/genbuster-mini/extracted/GenBuster-200K-mini/benchmark/real/36401ede75da013e456cf6f53e54125d0ca39699e585a2fcf883c68248ab01d5.mp4,1,0,0.9469154466117092,0.05308455338829083,0.8938308932234184,1427,2,686.4112615585327,REAL
/workspace/data/genbuster-mini/extracted/GenBuster-200K-mini/benchmark/real/35ab68c7457dbba7ab921401220238ce8adbcda4e96893d8a97bd7e93170555c.mp4,1,0,0.9843478163049302,0.015652183695069773,0.9686956326098604,1427,2,692.2675892710686,REAL
/workspace/data/genbuster-mini/extracted/GenBuster-200K-mini/benchmark/real/353b08475859daa247fcad586c1ad9eee28e86da27722626807d29c2a85d62b9.mp4,1,0,0.971440347567116,0.02855965243288392,0.942880695134232,1427,2,697.9710608720779,REAL
/workspace/data/genbuster-mini/extracted/GenBuster-200K-mini/benchmark/real/352f26df6b300aead31c37c88c5806da7298445425b11145314d8675c784f54d.mp4,0,1,0.19227928128958496,0.807720718710415,0.61544143742083,1427,3,728.9584800601006,FAKE
/workspace/data/genbuster-mini/extracted/GenBuster-200K-mini/benchmark/real/348830cdd1d438e3728404e5939b8c9b7c146a94e8bc5216373119be78e02e25.mp4,0,1,0.15630111158448975,0.8436988884155103,0.6873977768310205,1427,3,723.4092876315117,FAKE
/workspace/data/genbuster-mini/extracted/GenBuster-200K-mini/benchmark/real/3424fc0a9de2642b2a19ffe28d6fd34ba8f38323b8fb79cf87580432eab691d0.mp4,0,1,0.20247337393860604,0.797526626061394,0.595053252122788,1427,3,719.4584459066391,FAKE
/workspace/data/genbuster-mini/extracted/GenBuster-200K-mini/benchmark/real/330b9c1dda55a76d4a6472d178606d5c45a6fbab78451b03ce468e031fe43f9d.mp4,1,0,0.9939451214742877,0.006054878525712219,0.9878902429485755,1427,2,690.4300302267075,REAL
/workspace/data/genbuster-mini/extracted/GenBuster-200K-mini/benchmark/real/329c448943faa5d4c93e8b0c0db48b4ec16260ab680a7882f5431f4a8f21c72b.mp4,1,0,0.991538777424525,0.008461222575475035,0.98307755484905,1427,2,687.0145723223686,REAL
/workspace/data/genbuster-mini/extracted/GenBuster-200K-mini/benchmark/real/3257e39f0cc2a65d4cf8b0e7f39f82f7edef7cc6df944c95c9075cf6b3ad16c6.mp4,0,1,0.201753469800427,0.7982465301995729,0.596493060399146,1427,3,725.2171188592911,FAKE
/workspace/data/genbuster-mini/extracted/GenBuster-200K-mini/benchmark/real/316e51db52c1216dcb122776880e65972888bfd454870908f711a2230afced31.mp4,0,1,0.18724600609077685,0.8127539939092231,0.6255079878184462,1427,3,727.3149415850639,FAKE
/workspace/data/genbuster-mini/extracted/GenBuster-200K-mini/benchmark/real/30a8a6bf558962c622c0bc67204bf585d4fda5757ea5d0f62c39cf3c660f3bdf.mp4,0,1,0.14743826433452215,0.8525617356654779,0.7051234713309558,1427,3,720.0529500842094,FAKE
/workspace/data/genbuster-mini/extracted/GenBuster-200K-mini/benchmark/real/30629433b48a0438c7de2fe48056cba1892e6d31dae958e421a8ea1b551266db.mp4,1,0,0.9894411748750436,0.010558825124956414,0.9788823497500871,1427,2,687.8614500164986,REAL
/workspace/data/genbuster-mini/extracted/GenBuster-200K-mini/benchmark/real/30603254edb5ab3f8fdf214299350cc5557bddd6fcf603604e0ee50a9e21ec3e.mp4,0,0,0.08035746882220708,0.9196425311777929,0.8392850623555859,1427,2,685.7976317405701,REAL
/workspace/data/genbuster-mini/extracted/GenBuster-200K-mini/benchmark/real/304318ce6b4d167e0741c98675f4847c27d228c631c002300b913ddb5d46d51a.mp4,1,0,0.970571081531928,0.02942891846807209,0.9411421630638559,1427,2,684.4529211521149,REAL
/workspace/data/genbuster-mini/extracted/GenBuster-200K-mini/benchmark/real/300b9c69ade2efde3b0521054144a028dce831e2c99ec9472d909aeb4f221c7d.mp4,0,1,0.15174477085137927,0.8482552291486207,0.6965104582972415,1427,3,725.1550033688545,FAKE
/workspace/data/genbuster-mini/extracted/GenBuster-200K-mini/benchmark/real/2ff065e0a4192f7fed539c91b901bd2fd8a0a484c3b440dc8f28dfba90a17789.mp4,1,0,0.939745032676293,0.060254967323707165,0.8794900653525858,1427,2,684.4832077622414,REAL
/workspace/data/genbuster-mini/extracted/GenBuster-200K-mini/benchmark/real/2fabf6a24c628a2a12fa28e95d4d73bb652775f4a8f48e628f8af9689830fec2.mp4,1,0,0.976284686389574,0.023715313610425913,0.9525693727791481,1427,2,688.4879842400551,REAL
/workspace/data/genbuster-mini/extracted/GenBuster-200K-mini/benchmark/real/2f834c451f59b6b720c8f59d34968155bd4340289e134a5f6f7af726bde72120.mp4,1,0,0.9526916071589189,0.047308392841081216,0.9053832143178376,1427,2,683.9722245931625,REAL
/workspace/data/genbuster-mini/extracted/GenBuster-200K-mini/benchmark/real/2f1115c1a468672f18a3ca76fbca5cead3c369445878d70178b83b188ed3b6b9.mp4,1,1,0.8558511469672594,0.14414885303274058,0.7117022939345188,1427,3,724.7297689318657,FAKE
/workspace/data/genbuster-mini/extracted/GenBuster-200K-mini/benchmark/real/2eedb0bf5f0e9fedef7336af16d0e498dfb8a095171537d6ed722f45377a896d.mp4,1,0,0.981815578018273,0.01818442198172691,0.9636311560365461,1427,2,692.42974370718,REAL
/workspace/data/genbuster-mini/extracted/GenBuster-200K-mini/benchmark/real/2e266d5bf0cabc6b6a4e593fbd437e7feb5b0d09a7b6b70f80ef89c999895aeb.mp4,1,0,0.9433873159591907,0.05661268404080934,0.8867746319183814,1427,2,699.0514174103737,REAL
/workspace/data/genbuster-mini/extracted/GenBuster-200K-mini/benchmark/real/2e09f08ac78875bf85370094dbab5d92ba63717b80bad14c0299358061de8a8b.mp4,1,0,0.9865322567070264,0.013467743292973653,0.9730645134140528,1427,2,696.3969469070435,REAL
/workspace/data/genbuster-mini/extracted/GenBuster-200K-mini/benchmark/real/2e02a60f8b76e60ed8de7a03bd857e28d4d67e78a3fa64939995f6251821fcb0.mp4,1,1,0.870597268408361,0.12940273159163906,0.741194536816722,1427,3,726.9699573516846,FAKE
/workspace/data/genbuster-mini/extracted/GenBuster-200K-mini/benchmark/real/2d9f5bb60eb7918431ee5cbb03a27d911e1a3c921a772dcddf3b93b91107f122.mp4,0,0,0.09947021388210707,0.9005297861178929,0.8010595722357858,1427,2,687.0334520936012,REAL
/workspace/data/genbuster-mini/extracted/GenBuster-200K-mini/benchmark/real/2d23ab8a36d8aa0333ca3272cefb7304be6d23526d2e97e0b736a31a521cd389.mp4,1,0,0.9902052987882803,0.009794701211719612,0.9804105975765607,1427,2,689.2829909920692,REAL
/workspace/data/genbuster-mini/extracted/GenBuster-200K-mini/benchmark/real/2cf951576c9b178584dae0a462494232a6b55020173151c9834c6ebb31e2dacc.mp4,1,0,0.9910707083618291,0.008929291638170796,0.9821414167236583,1427,2,688.9472529292107,REAL
/workspace/data/genbuster-mini/extracted/GenBuster-200K-mini/benchmark/real/2cc08da7a2044f93d3d8134cb932aea2ab3e49effd481f7a648938da97262661.mp4,1,0,0.9505685020199233,0.04943149798007673,0.9011370040398465,1427,2,694.5081427693367,REAL
/workspace/data/genbuster-mini/extracted/GenBuster-200K-mini/benchmark/real/2cbec03f9de2c21b02253c644f76b5aa22905cc992146b8db9e6f06971d47f63.mp4,1,0,0.9246876272621242,0.07531237273787587,0.8493752545242483,1427,2,684.7686171531677,REAL
/workspace/data/genbuster-mini/extracted/GenBuster-200K-mini/benchmark/real/2bfcbf702beb88196921fb5124fa5bf04893965f5173343ee16a8fba7ccd21d9.mp4,0,1,0.15679233690897607,0.8432076630910239,0.6864153261820478,1427,3,724.4589403271675,FAKE
/workspace/data/genbuster-mini/extracted/GenBuster-200K-mini/benchmark/real/2b525391925c0af683d70cf5e0ce053012e3bdda6a41a106d1e8864697433569.mp4,1,0,0.9852605736570952,0.014739426342904824,0.9705211473141904,1427,2,684.1244325041771,REAL
/workspace/data/genbuster-mini/extracted/GenBuster-200K-mini/benchmark/real/2ad8bc99a8e1a41c586498e740c3ce977c47e2f87723beb5234f4504d8a2f465.mp4,1,0,0.9863531426148385,0.013646857385161453,0.9727062852296771,1427,2,685.7505813241005,REAL
/workspace/data/genbuster-mini/extracted/GenBuster-200K-mini/benchmark/real/2ac174f21603fb9d2a9bd1034b59b2f8ff6e8a7f49169fcfebefe35956d26b9f.mp4,0,1,0.22386152217605598,0.7761384778239441,0.5522769556478881,1427,3,724.8423546552658,FAKE
/workspace/data/genbuster-mini/extracted/GenBuster-200K-mini/benchmark/real/2a47048761a7c54f7eb129458ffc15c990dc0a38914b37e82333ec6011d4e494.mp4,0,1,0.2268490282528815,0.7731509717471184,0.5463019434942369,1427,3,724.4701981544495,FAKE
/workspace/data/genbuster-mini/extracted/GenBuster-200K-mini/benchmark/real/2a23c4674d4ca03f06cb87df2312e5e209ad39e802d52646d3062897885d2f00.mp4,0,1,0.1809873833759099,0.8190126166240901,0.6380252332481802,1427,3,724.5967760682106,FAKE
/workspace/data/genbuster-mini/extracted/GenBuster-200K-mini/benchmark/real/29f1b9d123da2f099f749f1234a4f93c411322a8e1d0b0cad0fe23a594e86d93.mp4,0,0,0.08151975597471893,0.9184802440252811,0.8369604880505621,1427,2,686.998575925827,REAL
/workspace/data/genbuster-mini/extracted/GenBuster-200K-mini/benchmark/real/29e031590120ebc0f4e2a3e32e80705b6d1f5db2e1be55b5607b080894885fdb.mp4,1,0,0.9642060349499976,0.03579396505000229,0.9284120698999953,1427,2,690.877802670002,REAL
/workspace/data/genbuster-mini/extracted/GenBuster-200K-mini/benchmark/real/2998922fa931d52346fa4a093b85354fb9e0fa23920f7f3a2f5d46513e7fb86d.mp4,1,0,0.9274133849820018,0.07258661501799835,0.8548267699640034,1427,2,694.7644501924515,REAL
/workspace/data/genbuster-mini/extracted/GenBuster-200K-mini/benchmark/real/2981f0f2653b98a62dae04de9846c018802dcec281a6945a21699f7cc3a271f9.mp4,0,0,0.08756383952305867,0.9124361604769414,0.8248723209538827,1427,2,684.2909082770348,REAL
/workspace/data/genbuster-mini/extracted/GenBuster-200K-mini/benchmark/real/295dea2aa46d81adb4b6f78783e915666782e88545d26c6549ba1a08bdf3dd0d.mp4,0,0,0.06465348835622392,0.9353465116437761,0.8706930232875523,1427,2,691.6222870349884,REAL
/workspace/data/genbuster-mini/extracted/GenBuster-200K-mini/benchmark/real/28f0b6b5a0532df2b5d0d0e58eb88330c9a5c76c0222d027c4016e7105fdc07d.mp4,0,1,0.17095573784265117,0.8290442621573488,0.6580885243146977,1427,3,721.1606428027153,FAKE
/workspace/data/genbuster-mini/extracted/GenBuster-200K-mini/benchmark/real/28bd7521da9d767d46a73fd7ee5babc46c306f40caf8e22d7402a703ee8a62bd.mp4,0,1,0.2202626705951377,0.7797373294048623,0.5594746588097246,1427,3,719.7132781147957,FAKE
/workspace/data/genbuster-mini/extracted/GenBuster-200K-mini/benchmark/real/286614f1ad946b96a210a88e14af2836c5fe5473bb362badbe457e15abd34f24.mp4,1,0,0.9835729317709292,0.016427068229070668,0.9671458635418585,1427,2,698.5223889350891,REAL
/workspace/data/genbuster-mini/extracted/GenBuster-200K-mini/benchmark/real/280656db2a1df1de7e3c8015bdddacd10a0455d1ac31442e9ad34e74fab33a85.mp4,1,0,0.9878840316237982,0.012115968376201627,0.9757680632475966,1427,2,687.0695948600769,REAL
/workspace/data/genbuster-mini/extracted/GenBuster-200K-mini/benchmark/real/27de1a0b25be1e8a8533b8c1d145db84bbab44c0b8bed2ba23e87b492d7e95e5.mp4,0,1,0.19712050666975012,0.8028794933302499,0.6057589866604998,1427,3,723.691888153553,FAKE
/workspace/data/genbuster-mini/extracted/GenBuster-200K-mini/benchmark/real/278dfb511a5e7cb41e6383377471ff1d9662681d2de28b46de0727952bae4138.mp4,1,0,0.9922042752238681,0.007795724776131953,0.9844085504477361,1427,2,695.9347650408745,REAL
/workspace/data/genbuster-mini/extracted/GenBuster-200K-mini/benchmark/real/26fea516cec446446e2d6d8dead54c54908f10fd7f83d821124f3f1ef6411371.mp4,0,1,0.15280126250430187,0.8471987374956982,0.6943974749913964,1427,3,721.6635420918465,FAKE
/workspace/data/genbuster-mini/extracted/GenBuster-200K-mini/benchmark/real/26faedc4093ca55bf99a87f14c23a93dbd177fe1b97cb8f43ed95f8cf28e569b.mp4,1,0,0.9911786989012503,0.008821301098749734,0.9823573978025006,1427,2,693.1161507964134,REAL
/workspace/data/genbuster-mini/extracted/GenBuster-200K-mini/benchmark/real/26db40ffeabc9765fc23500cd824a485a41b3da98d975f46822b4b59e4976e3a.mp4,1,0,0.9312484388570842,0.06875156114291578,0.8624968777141684,1427,2,690.3098672628403,REAL
/workspace/data/genbuster-mini/extracted/GenBuster-200K-mini/benchmark/real/26cf354062ffc48fa6f0a99c70bfb7b6c5ec64abfd3516951d7550e48336b682.mp4,0,0,0.09947021388210707,0.9005297861178929,0.8010595722357858,1427,2,692.016988992691,REAL
/workspace/data/genbuster-mini/extracted/GenBuster-200K-mini/benchmark/real/26bc7b5dec5f85a351ae82c104d610c8e0402926c562a6e83b1dc0c9bebdf5e3.mp4,0,0,0.07055959618729296,0.9294404038127071,0.8588808076254142,1427,2,684.8466917872429,REAL
/workspace/data/genbuster-mini/extracted/GenBuster-200K-mini/benchmark/real/2568e4da2f4c9112ea2f7df7706bd1eef6354961841ff6381e7cdddf349799e1.mp4,1,0,0.9284829276946482,0.07151707230535183,0.8569658553892964,1427,2,688.5574981570244,REAL
/workspace/data/genbuster-mini/extracted/GenBuster-200K-mini/benchmark/real/25312c0392aebf74dc6b63ce067b05afeea4aabd05b6f6c78663ebf48f2e4cf9.mp4,1,0,0.9938662550785601,0.006133744921439844,0.9877325101571203,1427,2,687.0448142290115,REAL
/workspace/data/genbuster-mini/extracted/GenBuster-200K-mini/benchmark/real/25135e943f0a4380e17938f9cdd6b3b5fbdc7c83849998165a5ac98642dfbbc5.mp4,0,1,0.1830367993496412,0.8169632006503589,0.6339264013007176,1427,3,718.3623388409615,FAKE
/workspace/data/genbuster-mini/extracted/GenBuster-200K-mini/benchmark/real/24f51fdc168a9a8385b7c7dc7db068ae16b3e856ab046368e215c27354e605f0.mp4,0,1,0.16006591331120096,0.8399340866887991,0.6798681733775982,1427,3,726.691871881485,FAKE
/workspace/data/genbuster-mini/extracted/GenBuster-200K-mini/benchmark/real/24def7c5093a023d44577334278b6550a6736f5463b5b18736ff8489753a74da.mp4,1,0,0.9771807615572475,0.022819238442752573,0.954361523114495,1427,2,686.130978167057,REAL
/workspace/data/genbuster-mini/extracted/GenBuster-200K-mini/benchmark/real/248152a9c6be230cf2c4ad766536f8c03493f99a515028912e3562899e27b9d3.mp4,1,0,0.9744254952173372,0.02557450478266271,0.9488509904346745,1427,2,686.6051629185677,REAL
/workspace/data/genbuster-mini/extracted/GenBuster-200K-mini/benchmark/real/2480676c6639e94c48c6a0315ed38dc28cd21c7029d3d773cf9a3a6233361dc3.mp4,1,0,0.9804455909663978,0.019554409033602192,0.9608911819327957,1427,2,694.0811797976494,REAL
/workspace/data/genbuster-mini/extracted/GenBuster-200K-mini/benchmark/real/2442da25c9a04f6a171ef304f5a5ff954fe669a16d4a06250adebd1b8b10e697.mp4,1,0,0.993299720749472,0.006700279250528032,0.986599441498944,1427,2,685.2102726697922,REAL
/workspace/data/genbuster-mini/extracted/GenBuster-200K-mini/benchmark/real/2405c21cf7206d45d6a39018a357b0be926235925b2e0ba963d97e657b572589.mp4,1,0,0.9152478040447607,0.08475219595523922,0.8304956080895215,1427,2,688.400886952877,REAL
/workspace/data/genbuster-mini/extracted/GenBuster-200K-mini/benchmark/real/238be96373129d74218a0fe67acc3f021f9dd1a237da4cbd2473b3fbc421fd54.mp4,1,0,0.9938321392758802,0.006167860724119707,0.9876642785517605,1427,2,686.1187145113945,REAL
/workspace/data/genbuster-mini/extracted/GenBuster-200K-mini/benchmark/real/2385e7069e0dd2088d333f007caadf4c940164733930b6611f8649ab06592684.mp4,1,0,0.9331528221126394,0.06684717788736064,0.8663056442252788,1427,2,686.8666186928749,REAL
/workspace/data/genbuster-mini/extracted/GenBuster-200K-mini/benchmark/real/23476f5d1e983374e9654a1fcbea598d252cd0056dfc2ad75d49d3813bba48f9.mp4,1,0,0.9546634785546758,0.04533652144532425,0.9093269571093515,1427,2,694.3234503269196,REAL
/workspace/data/genbuster-mini/extracted/GenBuster-200K-mini/benchmark/real/230d39a7325857c3391d0cc8a79532a545e3405b4a1cb30ef71c5f8d6de48678.mp4,0,1,0.17623921007808122,0.8237607899219187,0.6475215798438375,1427,3,722.3994582891464,FAKE
/workspace/data/genbuster-mini/extracted/GenBuster-200K-mini/benchmark/real/230b95b616870cb1f8d42d22d58e34cde809195c39b8b9c44b888c1ec60ae1e8.mp4,0,1,0.18510403318861918,0.8148959668113808,0.6297919336227615,1427,3,719.0723046660423,FAKE
/workspace/data/genbuster-mini/extracted/GenBuster-200K-mini/benchmark/real/22b9d5af32b6a00ffcd5379e2f7f6f1b2970aee834bac8fbbff75196a2d427e7.mp4,0,0,0.08882029240011771,0.9111797075998822,0.8223594151997645,1427,2,687.5873059034348,REAL
/workspace/data/genbuster-mini/extracted/GenBuster-200K-mini/benchmark/real/2277b8de314bd165d7c82530c882fba26c3bebf0ab11c5fee4e169ae35f160e3.mp4,1,0,0.9769808232057147,0.02301917679428547,0.9539616464114292,1427,2,688.0417466163635,REAL
/workspace/data/genbuster-mini/extracted/GenBuster-200K-mini/benchmark/real/21db1defc751def07f8ae082d1edf8a1c5ba91584d82918d2c02cfd698b6f470.mp4,0,1,0.1798870778549482,0.8201129221450517,0.6402258442901035,1427,3,722.1980690956116,FAKE
/workspace/data/genbuster-mini/extracted/GenBuster-200K-mini/benchmark/real/20b5811333b7e89cdc52fb0d0854b9e79fc622103db680e8afe6d5704f7da752.mp4,1,0,0.9926920522998005,0.0073079477001994995,0.985384104599601,1427,2,687.2924491763115,REAL
/workspace/data/genbuster-mini/extracted/GenBuster-200K-mini/benchmark/real/204c5225cec80fb7ebce8b9f19755ef93804fa24c49ae1e421eb8daeb4a0b59a.mp4,1,0,0.9888706583570511,0.011129341642948938,0.9777413167141021,1427,2,701.6277387738228,REAL
/workspace/data/genbuster-mini/extracted/GenBuster-200K-mini/benchmark/real/20127e75a57d3cc12d0cf2c7ca6c5b4a3c787d40b2eff91913f16ade3f164353.mp4,0,0,0.07696083569602613,0.9230391643039738,0.8460783286079476,1427,2,684.2805817723274,REAL
/workspace/data/genbuster-mini/extracted/GenBuster-200K-mini/benchmark/real/2009e5047ad849b283baffd6a0acd016fd4ab613d28bc155bbe5aa3f2f65aef6.mp4,1,0,0.9262782710911842,0.07372172890881572,0.8525565421823685,1427,2,694.4383978843689,REAL
/workspace/data/genbuster-mini/extracted/GenBuster-200K-mini/benchmark/real/1fecb773f094458407eb76eb8f71457856016f74e36acb8c7b2935ca1b979c62.mp4,1,0,0.982092452794616,0.01790754720538394,0.9641849055892321,1427,2,690.6860768795013,REAL
/workspace/data/genbuster-mini/extracted/GenBuster-200K-mini/benchmark/real/1f8e17e87bd4333df5be03a00dd43420fd0db7503e9a4e5e5a5ba3299d9d0ba2.mp4,0,1,0.20163354398251498,0.798366456017485,0.59673291203497,1427,3,737.5581040978432,FAKE
/workspace/data/genbuster-mini/extracted/GenBuster-200K-mini/benchmark/real/1f4fc615d357407c581e2952fccc0a1217582e921846b0b9493637f16fe8b74c.mp4,0,1,0.22083827845188025,0.7791617215481198,0.5583234430962396,1427,3,728.6510095000267,FAKE
/workspace/data/genbuster-mini/extracted/GenBuster-200K-mini/benchmark/real/1f2ec56519daa3c88b0498c67bb58688fa54b8eec5f7bdbdd7ddfebf1241305d.mp4,0,1,0.2005578326515409,0.7994421673484592,0.5988843346969183,1427,3,723.6738577485085,FAKE
/workspace/data/genbuster-mini/extracted/GenBuster-200K-mini/benchmark/real/1f042e83e6b6d79147a15cf7da3fa3b3b207a65eb21040362532d8bab35a9bfe.mp4,1,0,0.9804455909663978,0.019554409033602192,0.9608911819327957,1427,2,685.7117116451263,REAL
/workspace/data/genbuster-mini/extracted/GenBuster-200K-mini/benchmark/real/1ec2e10b0c7f2ab4d5e5eae916e2167f50c03f0dc6b7910d3fc4d174a44509e3.mp4,0,1,0.21506806485984753,0.7849319351401525,0.5698638702803049,1427,3,733.4409132599831,FAKE
/workspace/data/genbuster-mini/extracted/GenBuster-200K-mini/benchmark/real/1e5dc9d44e587c7ed3f377f263eaa88185a5c8ac514aee5f28c9238ee7bc3a1f.mp4,0,1,0.20025967770997666,0.7997403222900232,0.5994806445800466,1427,3,726.0649502277374,FAKE
/workspace/data/genbuster-mini/extracted/GenBuster-200K-mini/benchmark/real/1e33d1e64f45ea750553a389700d79b7100ad4bb5da0d95ce3c7fda27d086d25.mp4,1,0,0.9833490353877149,0.016650964612285064,0.9666980707754298,1427,2,686.5120828151703,REAL
/workspace/data/genbuster-mini/extracted/GenBuster-200K-mini/benchmark/real/1e08162c197161f73aaf932c157b3a0a755392e1e36fb0dcf132b50d55141d37.mp4,0,1,0.19320549787654598,0.806794502123454,0.6135890042469081,1427,3,716.6208103299141,FAKE
/workspace/data/genbuster-mini/extracted/GenBuster-200K-mini/benchmark/real/1df7fd7f91e1a33f64cb235133c09fded06c70c27a1b4b4d14c56e6d92f50488.mp4,1,0,0.8956270269784508,0.10437297302154931,0.7912540539569014,1427,2,686.7299601435661,REAL
/workspace/data/genbuster-mini/extracted/GenBuster-200K-mini/benchmark/real/1df1a3deafa06654e9978f8782bf525eadd7c26906bfabcfb0c3ec9de51b5e04.mp4,1,0,0.9716358075680024,0.028364192431997507,0.9432716151360049,1427,2,687.4807551503181,REAL
/workspace/data/genbuster-mini/extracted/GenBuster-200K-mini/benchmark/real/1dbf87602bc3146f27fddf4cdbd8cf03dfb3d9c627ecf5704275e99c8f3a8eef.mp4,1,0,0.9689458256493398,0.031054174350660102,0.9378916512986797,1427,2,698.0746984481812,REAL
/workspace/data/genbuster-mini/extracted/GenBuster-200K-mini/benchmark/real/1d6bcf5d639ec6140500a8dbf8450c7b3c11ae0298f0353bff4c818c30fbde71.mp4,1,0,0.9787822769026018,0.02121772309739823,0.9575645538052036,1427,2,688.6723339557648,REAL
/workspace/data/genbuster-mini/extracted/GenBuster-200K-mini/benchmark/real/1d617baee2eeee8cbfcd7a0221609737683f62aee88f93ca8bacd96d6bc1b569.mp4,0,1,0.168961509102615,0.831038490897385,0.66207698179477,1427,3,721.5686365962029,FAKE
/workspace/data/genbuster-mini/extracted/GenBuster-200K-mini/benchmark/real/1d3f8ff5c51d64056772c1103c68a91ab4575d020589d643523adee57fbdaa9f.mp4,1,1,0.8128673178375735,0.1871326821624266,0.6257346356751469,1427,3,725.4783436655998,FAKE
/workspace/data/genbuster-mini/extracted/GenBuster-200K-mini/benchmark/real/1d381a9a5ba41e72c9afb7a881817c3ce660743c889b3879a9bf0b4235d5632d.mp4,1,0,0.9847551871156205,0.015244812884379408,0.9695103742312411,1427,2,693.7428265810013,REAL
/workspace/data/genbuster-mini/extracted/GenBuster-200K-mini/benchmark/real/1d21ea46a47dfdb163235132cfa3e985e79553fe72a5377b9999ff21a44d7673.mp4,1,0,0.978974581799274,0.02102541820072593,0.9579491635985481,1427,2,696.7516094446182,REAL
/workspace/data/genbuster-mini/extracted/GenBuster-200K-mini/benchmark/real/1d01d54716cfe6e5f0264c0f8a1d830dfaea498cf92bfd51caabf8e51d0188ad.mp4,0,1,0.18404016915208685,0.815959830847913,0.6319196616958261,1427,3,728.044405579567,FAKE
/workspace/data/genbuster-mini/extracted/GenBuster-200K-mini/benchmark/real/1c45241d747416971b19af83afb45c35efe6acb69fa496de6c28778a74442afa.mp4,0,1,0.17602318842087908,0.823976811579121,0.6479536231582419,1427,3,729.7553047537804,FAKE
/workspace/data/genbuster-mini/extracted/GenBuster-200K-mini/benchmark/real/1bd5699fa7c6fff9e9fe23def4f9508db6fab32af7449add0622dc339b5a9d8e.mp4,0,0,0.09401017961657226,0.9059898203834277,0.8119796407668554,1427,2,690.9555643796921,REAL
/workspace/data/genbuster-mini/extracted/GenBuster-200K-mini/benchmark/real/1bc796a7531611bae9f23b0bc54a0842d1f13da602b9d23c43d0da161e317091.mp4,0,1,0.16901373995138064,0.8309862600486193,0.6619725200972386,1427,3,722.1429273486137,FAKE
/workspace/data/genbuster-mini/extracted/GenBuster-200K-mini/benchmark/real/1ba3455e6155469d53cffb9813417a4df471d04567f07c5f8b198dd66cd235fd.mp4,1,0,0.9177530381178021,0.08224696188219788,0.8355060762356041,1427,2,692.6750764250755,REAL
/workspace/data/genbuster-mini/extracted/GenBuster-200K-mini/benchmark/real/1b965a3f6eecbd38dd6f2dec599dbd8fed809579faf48a1294b84c80181c5f9a.mp4,0,0,0.05419872982318558,0.9458012701768145,0.8916025403536288,1427,2,687.2080937027931,REAL
/workspace/data/genbuster-mini/extracted/GenBuster-200K-mini/benchmark/real/1b52068e13aa4bcbe80d662e94f52a6f2615f40e95c08455dbe0cf683d050fd4.mp4,0,1,0.17661764530789528,0.8233823546921046,0.6467647093842094,1427,3,725.0463515520096,FAKE
/workspace/data/genbuster-mini/extracted/GenBuster-200K-mini/benchmark/real/1b16f7e9e6491e6e5ec0830c91b43e26f1eed9fa9818aa9c5bd07e8b8a2530eb.mp4,0,0,0.03161876726864548,0.9683812327313545,0.936762465462709,1427,2,685.8288198709488,REAL
/workspace/data/genbuster-mini/extracted/GenBuster-200K-mini/benchmark/real/1ae58a9ad48c2606500d55e731f33f7a1fdabfbe2a191a2af106f0d98e741803.mp4,1,1,0.9173026573249612,0.08269734267503885,0.8346053146499224,1427,3,722.741037607193,FAKE
/workspace/data/genbuster-mini/extracted/GenBuster-200K-mini/benchmark/real/1ab7f258a38a69c1100252ff99cb2aaca176e6f37668df1e82c50a06648b5fdf.mp4,0,1,0.17543044400634975,0.8245695559936503,0.6491391119873006,1427,3,724.7236743569374,FAKE
/workspace/data/genbuster-mini/extracted/GenBuster-200K-mini/benchmark/real/1ab14c3d51056275e1497292fa01344f12d2370ddb1c89e7a66af135cf6328e3.mp4,1,0,0.9948489608087498,0.0051510391912502175,0.9896979216174996,1427,2,695.0139328837395,REAL
/workspace/data/genbuster-mini/extracted/GenBuster-200K-mini/benchmark/real/1a7cd3e40931a49587225c59b3680eab51f5b0c3a56f5603b30ac0977f2b76b9.mp4,1,0,0.9810772808753319,0.01892271912466815,0.9621545617506637,1427,2,691.9525936245918,REAL
/workspace/data/genbuster-mini/extracted/GenBuster-200K-mini/benchmark/real/1a375d5b24a45bf6b75f64bfb72d89c2c5eb2f2f6ff561a71ffc295cbbfa26cb.mp4,1,0,0.9888870196574648,0.011112980342535168,0.9777740393149297,1427,2,689.9824663996696,REAL
/workspace/data/genbuster-mini/extracted/GenBuster-200K-mini/benchmark/real/1a3379fd4003802823700f3558a4762720b06e3b6d5cf20c9fe912d3a4455e72.mp4,1,0,0.9890372799811235,0.01096272001887646,0.978074559962247,1427,2,689.7040456533432,REAL
/workspace/data/genbuster-mini/extracted/GenBuster-200K-mini/benchmark/real/197b76cb62c07cfd158a3a21fd76ee36d1bbb68055e5b3d1c514f8613e584695.mp4,1,0,0.9558559293583588,0.044144070641641234,0.9117118587167176,1427,2,684.8711594939232,REAL
/workspace/data/genbuster-mini/extracted/GenBuster-200K-mini/benchmark/real/196a85c97d9c576a1ce459c8d17a98037521c9864d0dc4425b8a7ab8b23a29ff.mp4,1,0,0.984569784001132,0.015430215998868013,0.9691395680022641,1427,2,684.5108717679977,REAL
/workspace/data/genbuster-mini/extracted/GenBuster-200K-mini/benchmark/real/1960811f561a88f71e6cba03c329267f2135cae3702751db2aadf84e4278bf4a.mp4,0,0,0.02635535284611975,0.9736446471538801,0.9472892943077603,1427,2,684.6978887915611,REAL
/workspace/data/genbuster-mini/extracted/GenBuster-200K-mini/benchmark/real/195b50860376e61d376a29da3f0c2a9d95ff48479dac55c1ce7de298e63afd78.mp4,1,0,0.9377992644977624,0.06220073550223764,0.8755985289955248,1427,2,686.2487196922302,REAL
/workspace/data/genbuster-mini/extracted/GenBuster-200K-mini/benchmark/real/18d45273dc4d38feb779b1d22e3a9886e66070ddc7da758e48afdfb08b6d3774.mp4,0,1,0.14861126352721415,0.8513887364727859,0.7027774729455718,1427,3,721.859484910965,FAKE
/workspace/data/genbuster-mini/extracted/GenBuster-200K-mini/benchmark/real/18c143150103d26df0a440fd468239db6d83be2d0fa3725480640c2045b20f25.mp4,1,1,0.8152324893520001,0.184767510648,0.6304649787040001,1427,3,718.3009684085846,FAKE
/workspace/data/genbuster-mini/extracted/GenBuster-200K-mini/benchmark/real/18acf5ad9f559413bcb20a1223a0d1b18ce2a1dc362cba9b2c1afe67e53e7716.mp4,0,1,0.21651601869871476,0.7834839813012852,0.5669679626025704,1427,3,728.6398187279701,FAKE
/workspace/data/genbuster-mini/extracted/GenBuster-200K-mini/benchmark/real/189ee23e7ba46a89fd789cca0c2d0bc9df279fb7e01df741904e83c2ce6eb403.mp4,1,0,0.9699701617543872,0.030029838245612915,0.9399403235087743,1427,2,686.3067299127579,REAL
/workspace/data/genbuster-mini/extracted/GenBuster-200K-mini/benchmark/real/177f113a18f9530067972b62275b329e9a69106426ca0facf11af978944ffae6.mp4,1,0,0.9480813044242796,0.05191869557572038,0.8961626088485593,1427,2,686.1715316772461,REAL
/workspace/data/genbuster-mini/extracted/GenBuster-200K-mini/benchmark/real/174c72990ea687fb77f144f3d11630b8bdbf9a92b32a8902ed99ef9eadf3f561.mp4,1,0,0.9284334541104691,0.07156654588953087,0.8568669082209381,1427,2,694.7234719991684,REAL
/workspace/data/genbuster-mini/extracted/GenBuster-200K-mini/benchmark/real/172f722689f368cc340693188596d5df19b51497be0369caf6770a1707179767.mp4,0,0,0.08509904500702024,0.9149009549929797,0.8298019099859595,1427,2,709.2962637543678,REAL
/workspace/data/genbuster-mini/extracted/GenBuster-200K-mini/benchmark/real/1721292af967906a9f1887875c948baaa9f1b7cf39b75b8ccfa5a902cacf0fce.mp4,1,1,0.8633916099737806,0.13660839002621938,0.7267832199475612,1427,3,718.8723906874657,FAKE
/workspace/data/genbuster-mini/extracted/GenBuster-200K-mini/benchmark/real/16f3263af3f2d56f06e00067cc8bbb27dde1e6204f6bdb1ec9922945d86ec056.mp4,1,0,0.9383395600237354,0.06166043997626471,0.8766791200474707,1427,2,687.438428401947,REAL
/workspace/data/genbuster-mini/extracted/GenBuster-200K-mini/benchmark/real/16dd45554867c064e355ca45411567f5c30256de91c1a8a551fd9defa993207b.mp4,0,1,0.17505414947066483,0.8249458505293351,0.6498917010586702,1427,3,718.9826741814613,FAKE
/workspace/data/genbuster-mini/extracted/GenBuster-200K-mini/benchmark/real/16c04c6d5d04b149193d2044a03abbf6a701cf068c3304b0c91b54d1de9a1319.mp4,0,1,0.20482625048791914,0.7951737495120809,0.5903474990241617,1427,3,734.7228527069092,FAKE
/workspace/data/genbuster-mini/extracted/GenBuster-200K-mini/benchmark/real/16bf994a524e24cf8724889a40c16434ba991f96de96138175f0906d16c91c5f.mp4,0,1,0.25520224448786905,0.7447977555121309,0.48959551102426185,1427,3,733.5136458277702,FAKE
/workspace/data/genbuster-mini/extracted/GenBuster-200K-mini/benchmark/real/165c2f9be2787ac19d42e547f69be41aedf7f08493f7708b0c01ee4c7737d7e5.mp4,0,0,0.05665242530797383,0.9433475746920261,0.8866951493840523,1427,2,698.3880177140236,REAL
/workspace/data/genbuster-mini/extracted/GenBuster-200K-mini/benchmark/real/1648edeff7e6bd52a30ebc04801736b251a2d78f757470ccd079d1f90bee0dec.mp4,1,0,0.9559343321230122,0.044065667876987825,0.9118686642460243,1427,2,717.3932567238808,REAL
/workspace/data/genbuster-mini/extracted/GenBuster-200K-mini/benchmark/real/15b95828d14d91aada8cfe3d05f3b4f7fa2a505b0fdeef0ea4ceebe81eee3363.mp4,0,1,0.21905105456522572,0.7809489454347742,0.5618978908695484,1427,3,722.1818640828133,FAKE
/workspace/data/genbuster-mini/extracted/GenBuster-200K-mini/benchmark/real/153b50cdd26e935178e2056317838b8c7a7b622924d7f00bdbef54231b2b46f4.mp4,1,0,0.934463528812864,0.06553647118713594,0.8689270576257281,1427,2,696.2379962205887,REAL
/workspace/data/genbuster-mini/extracted/GenBuster-200K-mini/benchmark/real/152e6d0501d7cf87d5aa4cc0cc52ccad5f417a613aba073b335dc18c2c0f6d3b.mp4,0,1,0.22652286292334092,0.7734771370766591,0.5469542741533182,1427,3,729.3539941310883,FAKE
/workspace/data/genbuster-mini/extracted/GenBuster-200K-mini/benchmark/real/150873edc39391dc14d6032a2a9e9f348c4926c82d5cb59f2ccae45b741c1216.mp4,1,0,0.9859312016325046,0.0140687983674954,0.9718624032650092,1427,2,690.2022436261177,REAL
/workspace/data/genbuster-mini/extracted/GenBuster-200K-mini/benchmark/real/14c284b39fff4c91cedeebc9b3532e0f6d0157b7e26fc88b7bb5dcb2b74e468e.mp4,0,1,0.22192832989155342,0.7780716701084466,0.5561433402168932,1427,3,733.7997853755951,FAKE
/workspace/data/genbuster-mini/extracted/GenBuster-200K-mini/benchmark/real/140630293acc72e996f8f82ee12b422aa032fafe5c24422db500583821e5a0eb.mp4,1,0,0.9812970266693991,0.018702973330600853,0.9625940533387982,1427,2,693.7197148799896,REAL
/workspace/data/genbuster-mini/extracted/GenBuster-200K-mini/benchmark/real/13796dc33a67cfb52878d0d09eecd206f7030d4bb82845a3c3fcb683d6cafde2.mp4,0,1,0.19308957264306356,0.8069104273569364,0.6138208547138728,1427,3,729.9382761120796,FAKE
/workspace/data/genbuster-mini/extracted/GenBuster-200K-mini/benchmark/real/13700e98ed944ee3ce93658678ef027fd093e1c887a5b602ebad8b4f9b2bdd2f.mp4,1,1,0.7662936430859597,0.23370635691404026,0.5325872861719194,1427,3,719.5662409067154,FAKE
/workspace/data/genbuster-mini/extracted/GenBuster-200K-mini/benchmark/real/131e01ce1a3d1fc92afdcd2c738135bb8bc5bc9bad7897019766ce5480d94c71.mp4,0,1,0.1904371541371355,0.8095628458628645,0.6191256917257291,1427,3,719.2392647266388,FAKE
/workspace/data/genbuster-mini/extracted/GenBuster-200K-mini/benchmark/real/12f1dc4089b9de8b7d0cecee194e682d5fb3ec01cf60b8777ad3a1893027af0c.mp4,0,1,0.1810976735022154,0.8189023264977846,0.6378046529955692,1427,3,728.3771112561226,FAKE
/workspace/data/genbuster-mini/extracted/GenBuster-200K-mini/benchmark/real/12b7a19b245b78552cfb94b9821152eae720b21add9b994104463b902e6d3153.mp4,0,0,0.010818448652863185,0.9891815513471369,0.9783631026942737,1427,2,689.9552717804909,REAL
/workspace/data/genbuster-mini/extracted/GenBuster-200K-mini/benchmark/real/1285a2a926af5e6a7227bc3c57b1b57dd9cad6e0b4be57be9ddea6abd6c856c5.mp4,1,0,0.9796453901992407,0.0203546098007592,0.9592907803984815,1427,2,694.330208003521,REAL
/workspace/data/genbuster-mini/extracted/GenBuster-200K-mini/benchmark/real/11d1fac4c86742fc86cf2e0c935495b3b30a7550b67c13c93561cb12aed3bfad.mp4,0,1,0.22347402647552267,0.7765259735244774,0.5530519470489548,1427,3,735.08121073246,FAKE
/workspace/data/genbuster-mini/extracted/GenBuster-200K-mini/benchmark/real/11abea281015082cffda6a99a3d0c3f4ffd5a43c845d33fa86ee75a5ee4721cd.mp4,0,0,0.037326887344129464,0.9626731126558706,0.9253462253117412,1427,2,685.6473758816719,REAL
/workspace/data/genbuster-mini/extracted/GenBuster-200K-mini/benchmark/real/1189d52f62e895207c9c00b504e6c396f78a5096ef7ad7d35a3476a8feaeede5.mp4,1,0,0.9846824154118584,0.015317584588141454,0.9693648308237169,1427,2,699.6859014034271,REAL
/workspace/data/genbuster-mini/extracted/GenBuster-200K-mini/benchmark/real/11742daa8c829171124d67f312ec54e514098abde0cb9d0ce6a3e1faf1afc93e.mp4,0,1,0.18209292474756034,0.8179070752524396,0.6358141505048792,1427,3,719.3237915635109,FAKE
/workspace/data/genbuster-mini/extracted/GenBuster-200K-mini/benchmark/real/11670a7f7a64823ae1e23eb2a32024c74108a6200a0311ec6c38cc68e25d067d.mp4,1,0,0.940206805986683,0.05979319401331693,0.8804136119733661,1427,2,689.3516033887863,REAL
/workspace/data/genbuster-mini/extracted/GenBuster-200K-mini/benchmark/real/1135c6789213b9cd105c8a49b05b1d53c95d3c56b197bfc564293cb0cb2bc897.mp4,0,1,0.2502143660109435,0.7497856339890566,0.49957126797811313,1427,3,718.0912345647812,FAKE
/workspace/data/genbuster-mini/extracted/GenBuster-200K-mini/benchmark/real/11078b538f44f3967b23443cd6fd3df429a1f8d01cab5d5f4aac9ccb5d79733e.mp4,1,0,0.9836568672429568,0.016343132757043365,0.9673137344859134,1427,2,688.1956085562706,REAL
/workspace/data/genbuster-mini/extracted/GenBuster-200K-mini/benchmark/real/10f63874c8d6068dc9d45a349d9df3f408e9438f0ea49ea1f2ad1a1e81554b18.mp4,1,0,0.9833673109046372,0.01663268909536269,0.9667346218092746,1427,2,691.866360604763,REAL
/workspace/data/genbuster-mini/extracted/GenBuster-200K-mini/benchmark/real/10efbfefb5b687e1d362e951121ce45779abc3d27e7cb9eb8457f54bbbc9a571.mp4,0,0,0.02635535284611975,0.9736446471538801,0.9472892943077603,1427,2,692.0171305537224,REAL
/workspace/data/genbuster-mini/extracted/GenBuster-200K-mini/benchmark/real/10c1aedf7574aa61d4f315e09eb11c4499230da9b778248524e91a0cdfa9ed98.mp4,1,0,0.9880520811178448,0.011947918882155318,0.9761041622356895,1427,2,695.1382458209991,REAL
/workspace/data/genbuster-mini/extracted/GenBuster-200K-mini/benchmark/real/10b677f0103405510fc7ee6c017fb8fea18c09c1c72f22b314ad29edb75776d3.mp4,0,1,0.2501445952115095,0.7498554047884904,0.49971080957698094,1427,3,730.762779712677,FAKE
/workspace/data/genbuster-mini/extracted/GenBuster-200K-mini/benchmark/real/10748479bfc7ac5f946b65a2b54f9378c2b452a1b13e5b571192834c5c089197.mp4,1,0,0.9209252064064043,0.07907479359359583,0.8418504128128085,1427,2,694.3283602595329,REAL
/workspace/data/genbuster-mini/extracted/GenBuster-200K-mini/benchmark/real/1022db21e3be49e84541d4ecd8c4217d58495eac316155ccbad2ab8c2878d523.mp4,1,0,0.9266078318216433,0.07339216817835655,0.8532156636432867,1427,2,688.9073774218559,REAL
/workspace/data/genbuster-mini/extracted/GenBuster-200K-mini/benchmark/real/0fea02ffaec1f6bb7a17aa3ea871438e71a09acbdcef093d097418c1a1384fce.mp4,1,1,0.9465966702001757,0.053403329799824234,0.8931933404003515,1427,3,724.9221354722977,FAKE
/workspace/data/genbuster-mini/extracted/GenBuster-200K-mini/benchmark/real/0fc37536f6812dad044edefac07d650bf92b5a0fb78c131b7ada7eb81c8debdb.mp4,1,0,0.9895031753854993,0.01049682461450069,0.9790063507709985,1427,2,688.3823424577713,REAL
/workspace/data/genbuster-mini/extracted/GenBuster-200K-mini/benchmark/real/0fb23966065611dec149730e0a751a9bf2c36fadb1a0cab2567608ae4ebb3f19.mp4,1,0,0.9887015331926154,0.011298466807384572,0.9774030663852309,1427,2,700.6012052297592,REAL
/workspace/data/genbuster-mini/extracted/GenBuster-200K-mini/benchmark/real/0f636392f9d346b18f57055a8a997faf29e58ebb49e0e95b3bf066c65aa866a5.mp4,0,1,0.20677201527940933,0.7932279847205906,0.5864559694411813,1427,3,721.4938029646873,FAKE
/workspace/data/genbuster-mini/extracted/GenBuster-200K-mini/benchmark/real/0f4836d3d073f1081a2b3a8af98386ac2c60c71be7a46eaec27bf01eeb51632a.mp4,1,0,0.9762588386770639,0.023741161322936136,0.9525176773541277,1427,2,694.5494636893272,REAL
/workspace/data/genbuster-mini/extracted/GenBuster-200K-mini/benchmark/real/0f32900c364124ec156ea21fda0efa1aee41ee298a070423003787d9a184be58.mp4,1,0,0.9594302802311883,0.04056971976881163,0.9188605604623766,1427,2,684.6143454313278,REAL
/workspace/data/genbuster-mini/extracted/GenBuster-200K-mini/benchmark/real/0f2d226250581998f6cbaf19efecdaee3a408948edf4e9efd568c93074867d97.mp4,0,1,0.18866547989336177,0.8113345201066383,0.6226690402132765,1427,3,728.6889106035233,FAKE
/workspace/data/genbuster-mini/extracted/GenBuster-200K-mini/benchmark/real/0eddce535d055e02ffd8256322645998957850a5105de19dea2e448a3a514170.mp4,0,1,0.2170213547548602,0.7829786452451397,0.5659572904902795,1427,3,725.3671512007713,FAKE
/workspace/data/genbuster-mini/extracted/GenBuster-200K-mini/benchmark/real/0ebfe50ad1349566b3dce4d144b280292fba3597e9b9a12d55d9a302b46142a4.mp4,1,0,0.9731144560241182,0.02688554397588172,0.9462289120482364,1427,2,688.0199760198593,REAL
/workspace/data/genbuster-mini/extracted/GenBuster-200K-mini/benchmark/real/0e3ca0e4c5efafbba7baf17f5b677ac8b6d24cc53edd7538b43d6b2b338c451b.mp4,0,1,0.20283396696597103,0.7971660330340289,0.5943320660680579,1427,3,720.3367054462433,FAKE
/workspace/data/genbuster-mini/extracted/GenBuster-200K-mini/benchmark/real/0e31c8908fcde25f09d8558888f1944fe08d17c2f76136003bca0697aa4ea768.mp4,0,1,0.19303148131716458,0.8069685186828354,0.6139370373656707,1427,3,722.0151796936989,FAKE
/workspace/data/genbuster-mini/extracted/GenBuster-200K-mini/benchmark/real/0e2cd349b36dc1ad510649f8c32cacba4dfd72e92af6c680ccad0e9acdab9aea.mp4,1,0,0.9288771402736449,0.07112285972635518,0.8577542805472897,1427,2,687.7496689558029,REAL
/workspace/data/genbuster-mini/extracted/GenBuster-200K-mini/benchmark/real/0d7de720e5ac112f7bf883e9dc98eae16baeacf20b959efa3681bdbf79d4b50b.mp4,1,0,0.9257941196092699,0.07420588039073005,0.8515882392185399,1427,2,692.8481236100197,REAL
/workspace/data/genbuster-mini/extracted/GenBuster-200K-mini/benchmark/real/0d136b731937a39ed208b509754433ca8ad981377d997aaa7e75cf9609c1b9f2.mp4,0,1,0.2197519053805528,0.7802480946194472,0.5604961892388944,1427,3,717.6183760166168,FAKE
/workspace/data/genbuster-mini/extracted/GenBuster-200K-mini/benchmark/real/0ca925e74f4e1a4f0fc8be22d71e8bf46ad351abe2ba8c9489f8b9fdac323afc.mp4,1,0,0.9768718118780794,0.023128188121920627,0.9537436237561587,1427,2,686.1834824085236,REAL
/workspace/data/genbuster-mini/extracted/GenBuster-200K-mini/benchmark/real/0ca6e242b11fa310de030162a901f4a5be468fa642ed5711d53cb008d1768080.mp4,0,1,0.18404016915208685,0.815959830847913,0.6319196616958261,1427,3,717.270128428936,FAKE
/workspace/data/genbuster-mini/extracted/GenBuster-200K-mini/benchmark/real/0c05de9a3758bd1c2cce0058ebcd3e0ffef3dc8a91582919d7af7d6a376a851f.mp4,1,0,0.9773296118719458,0.022670388128054313,0.9546592237438914,1427,2,689.1274824738503,REAL
/workspace/data/genbuster-mini/extracted/GenBuster-200K-mini/benchmark/real/0bddbec5d82923ac69d4dfe6c8853f6048174682eb4fac3e54745461c8d36652.mp4,0,1,0.14410309137145028,0.8558969086285497,0.7117938172570994,1427,3,717.9058939218521,FAKE
/workspace/data/genbuster-mini/extracted/GenBuster-200K-mini/benchmark/real/0bdc3aabdc9f8d6ea9eac15222f15ece0605f14d861d7447da74ed3470bfc56d.mp4,1,1,0.7956581000631541,0.20434189993684582,0.5913162001263083,1427,3,724.4419381022453,FAKE
/workspace/data/genbuster-mini/extracted/GenBuster-200K-mini/benchmark/real/0bd1e058c5dc322993582f524838aff39735e770fcc4fe68b6f325cf8cbec474.mp4,0,1,0.19853735711972728,0.8014626428802728,0.6029252857605455,1427,3,720.0789004564285,FAKE
/workspace/data/genbuster-mini/extracted/GenBuster-200K-mini/benchmark/real/0b8ceac63be1eb77d4358c2bb2be6b71826c1c603f933f4c52e2820e6c84a03c.mp4,1,0,0.9742767520868456,0.025723247913154536,0.9485535041736911,1427,2,683.5958436131477,REAL
/workspace/data/genbuster-mini/extracted/GenBuster-200K-mini/benchmark/real/0b785024b6f97debabace7941415f1145c76f798ceefe6a9db39fe319a46d190.mp4,1,0,0.9938275778373142,0.006172422162685843,0.9876551556746284,1427,2,688.4485483169556,REAL
/workspace/data/genbuster-mini/extracted/GenBuster-200K-mini/benchmark/real/0b65ba4e433f25a72e98ed73e96565b6673151230dd5aae9e98791ad04f7bdd2.mp4,1,0,0.9174999427978895,0.08250005720211048,0.834999885595779,1427,2,695.3978836536407,REAL
/workspace/data/genbuster-mini/extracted/GenBuster-200K-mini/benchmark/real/0afd78490a319caa7d5d39f86f1851e6fecc0168476813e1bc65e5266418de01.mp4,1,0,0.996510111089883,0.003489888910116958,0.993020222179766,1427,2,689.2110854387283,REAL
/workspace/data/genbuster-mini/extracted/GenBuster-200K-mini/benchmark/real/0a99652d4aa264da7fa5d972bf9f46c397194d379dd47100f495c8f5a057f5f6.mp4,1,0,0.9897325075571282,0.010267492442871727,0.9794650151142564,1427,2,688.4855329990387,REAL
/workspace/data/genbuster-mini/extracted/GenBuster-200K-mini/benchmark/real/0a866f31f3df7a36d584fc415a87d8978f2f622189ebb60e4a07edf79b6e8ff0.mp4,0,1,0.1852162646093206,0.8147837353906794,0.6295674707813588,1427,3,723.08249771595,FAKE
/workspace/data/genbuster-mini/extracted/GenBuster-200K-mini/benchmark/real/0a2ff71fc61f7a48f87c012af5cb7e1725e9e745ae83f49213f1db169fe1dbcc.mp4,1,0,0.9128809535551674,0.08711904644483252,0.8257619071103349,1427,2,687.4099671840668,REAL
/workspace/data/genbuster-mini/extracted/GenBuster-200K-mini/benchmark/real/09e0f11435f8f2cf933ee1401f054d037d4c8ed6c0d59927f417ee8f2dc8c6b8.mp4,1,0,0.9282354978758702,0.07176450212412964,0.8564709957517406,1427,2,685.2634698152542,REAL
/workspace/data/genbuster-mini/extracted/GenBuster-200K-mini/benchmark/real/09aea19c14c0652e93d00e53b762194b9b4ef10b8ad76038089afe3c30ed5f06.mp4,1,0,0.9801147748413973,0.01988522515860266,0.9602295496827946,1427,2,686.0416084527969,REAL
/workspace/data/genbuster-mini/extracted/GenBuster-200K-mini/benchmark/real/096c7c540fc0d25e93e461116a3323c2279470fd3ef2d22bc1c9fb3c6410c342.mp4,0,0,0.07055959618729296,0.9294404038127071,0.8588808076254142,1427,2,691.962793469429,REAL
/workspace/data/genbuster-mini/extracted/GenBuster-200K-mini/benchmark/real/089bf28fcdba45a36d1523b9cff542a41d29fb51e46397b565baed411c29e407.mp4,1,1,0.8104789086703224,0.18952109132967757,0.6209578173406448,1427,3,718.0784568190575,FAKE
/workspace/data/genbuster-mini/extracted/GenBuster-200K-mini/benchmark/real/085edcbe2e2553236f0faa3644ecc37a8545eb8bf2e09bade90fe7e7a76745f8.mp4,0,1,0.1730219532874328,0.8269780467125672,0.6539560934251345,1427,3,723.4638333320618,FAKE
/workspace/data/genbuster-mini/extracted/GenBuster-200K-mini/benchmark/real/085e17e421507fe75c9f6d69c128bf48e7820be1e90613409ba87d4ed9b20195.mp4,0,0,0.07263670636078697,0.927363293639213,0.854726587278426,1427,2,690.9929066896439,REAL
/workspace/data/genbuster-mini/extracted/GenBuster-200K-mini/benchmark/real/08323f7ee0faf6de12f12833441b30d3cf6e02a1b746a727fcb607aa71c217dc.mp4,1,0,0.974948672733448,0.025051327266552098,0.9498973454668959,1427,2,690.8906772732735,REAL
/workspace/data/genbuster-mini/extracted/GenBuster-200K-mini/benchmark/real/08248467e99087b6ac08fbc1ee0eb9b677e3427a6959a10d70951deee11f6114.mp4,0,1,0.22077428705951213,0.7792257129404878,0.5584514258809756,1427,3,737.2763976454735,FAKE
/workspace/data/genbuster-mini/extracted/GenBuster-200K-mini/benchmark/real/08217c4402cb5fb0519e7f0894f65d4f850d694a553a5525ae462c374d7d3c4b.mp4,0,0,0.10230470789265303,0.8976952921073469,0.7953905842146939,1427,2,691.9504851102829,REAL
/workspace/data/genbuster-mini/extracted/GenBuster-200K-mini/benchmark/real/08206e5c46f2a21c9c52b11f6b6acb87839a6490b712304a6b6da3af1ebad051.mp4,1,0,0.9520843327577387,0.04791566724226138,0.9041686655154774,1427,2,690.8204033970833,REAL
/workspace/data/genbuster-mini/extracted/GenBuster-200K-mini/benchmark/real/07ae26c4807d4b9f1876bee31c76b9d7e196245d6268588827a5ed5ef4364583.mp4,1,0,0.9863981401714224,0.01360185982857761,0.9727962803428447,1427,2,686.9971752166748,REAL
/workspace/data/genbuster-mini/extracted/GenBuster-200K-mini/benchmark/real/076a8fa1a7df84d802bf50b27ed2780fd845819fdae4722ad30e35a91744997d.mp4,1,0,0.9819874769448244,0.01801252305517553,0.9639749538896488,1427,2,688.7520998716354,REAL
/workspace/data/genbuster-mini/extracted/GenBuster-200K-mini/benchmark/real/0709fdba97938dddc09ac2d0bb094f19e44a0297e94e20979942b2191dca1f04.mp4,1,0,0.9753543112467506,0.0246456887532494,0.9507086224935013,1427,2,693.2950392365456,REAL
/workspace/data/genbuster-mini/extracted/GenBuster-200K-mini/benchmark/real/06eb0b1ec20a46607900691fc9a2294f1edeb75e2285bdc6fd022f11be3818b5.mp4,1,0,0.9659363069130505,0.03406369308694935,0.9318726138261012,1427,2,687.8831908106804,REAL
/workspace/data/genbuster-mini/extracted/GenBuster-200K-mini/benchmark/real/06e6f7dd25a45bcfb1fa61b3cf050ae41bdcc71341db45e0e1a07dfa663e4792.mp4,1,0,0.9787436218468464,0.021256378153153628,0.9574872436936928,1427,2,692.4564242362976,REAL
/workspace/data/genbuster-mini/extracted/GenBuster-200K-mini/benchmark/real/06897613134be72863fd15f53c9293d95fd3537b699272d627150bec646edc6d.mp4,1,0,0.9731047235362927,0.02689527646370732,0.9462094470725855,1427,2,684.5635399222374,REAL
/workspace/data/genbuster-mini/extracted/GenBuster-200K-mini/benchmark/real/06775684481e427303fad0b09736ac854f77cbe50c55a91ab09cd03a46349345.mp4,1,0,0.987435193321697,0.012564806678303016,0.974870386643394,1427,2,686.5688562393188,REAL
/workspace/data/genbuster-mini/extracted/GenBuster-200K-mini/benchmark/real/06426d4bfe5a08d1b1eb5fe9fc20bedbb259ce48f44fe81af63e146ef3cd3c6b.mp4,0,0,0.08269734267503885,0.9173026573249612,0.8346053146499224,1427,2,691.5402486920357,REAL
/workspace/data/genbuster-mini/extracted/GenBuster-200K-mini/benchmark/real/05b7139cabb16f25c796d969af5a07a522c5aa0d0fe3d2afb9dd7e134849db04.mp4,0,1,0.18560963277947973,0.8143903672205204,0.6287807344410407,1427,3,719.435915350914,FAKE
/workspace/data/genbuster-mini/extracted/GenBuster-200K-mini/benchmark/real/05ae099511cce8f14f6fc82bb8ac11deaa9c13719c4ce6e83d2297977578258f.mp4,0,0,0.030675801710674105,0.9693241982893259,0.9386483965786518,1427,2,690.7607913017273,REAL
/workspace/data/genbuster-mini/extracted/GenBuster-200K-mini/benchmark/real/05a513a6c8f45a2393e7635d4909df8dfd2287c5cdfd0d26cca332a1100843c5.mp4,1,0,0.9465025351051315,0.05349746489486848,0.893005070210263,1427,2,685.746394097805,REAL
/workspace/data/genbuster-mini/extracted/GenBuster-200K-mini/benchmark/real/05294e43123ae02691c8ed5888fd651c1ed9ae1087c1e94659902cd7ff368611.mp4,1,0,0.9323594848987729,0.06764051510122719,0.8647189697975457,1427,2,697.6236030459404,REAL
/workspace/data/genbuster-mini/extracted/GenBuster-200K-mini/benchmark/real/04de1edbe2b408208af645b2eb3003a90d0b6ada34bff5e2db1b27190a260bc3.mp4,1,0,0.9300236897531599,0.06997631024684012,0.8600473795063197,1427,2,685.908317565918,REAL
/workspace/data/genbuster-mini/extracted/GenBuster-200K-mini/benchmark/real/048d04181aff29a8ff74a49c0305a2b78f13b60ee9308498df9ecb19e9c53229.mp4,1,0,0.90938717934007,0.09061282065992993,0.81877435868014,1427,2,687.3541250824928,REAL
/workspace/data/genbuster-mini/extracted/GenBuster-200K-mini/benchmark/real/047c74306469628c4baf1f25a86564e3f6e362cfcc56223ca8e7ee272b5fa0f2.mp4,1,0,0.9897097953864334,0.010290204613566539,0.9794195907728669,1427,2,689.919039607048,REAL
/workspace/data/genbuster-mini/extracted/GenBuster-200K-mini/benchmark/real/044519fcad01fe14bec50d60dccd96af3c18ce6ed0b6d0a51b2359604d595f13.mp4,0,1,0.2210943769160846,0.7789056230839154,0.5578112461678308,1427,3,722.1663892269135,FAKE
/workspace/data/genbuster-mini/extracted/GenBuster-200K-mini/benchmark/real/04313a2457055b2af264fdcb4b0a5cea77c98594f827896113b6717514bdbaef.mp4,1,0,0.991116679328949,0.008883320671050902,0.9822333586578981,1427,2,686.6512671113014,REAL
/workspace/data/genbuster-mini/extracted/GenBuster-200K-mini/benchmark/real/042f671593b1defb57e4c5de5c2daaf89e66b3445634da8e62e6a23b14b9130d.mp4,0,0,0.028870906946287907,0.9711290930537122,0.9422581861074243,1427,2,685.8547702431679,REAL
/workspace/data/genbuster-mini/extracted/GenBuster-200K-mini/benchmark/real/03ed8b9bfcd7fd58ef2632345b4f1cfb1bf61413f82794dd8f0becccb781cbbf.mp4,1,0,0.9232239099981925,0.0767760900018075,0.846447819996385,1427,2,688.3262172341347,REAL
/workspace/data/genbuster-mini/extracted/GenBuster-200K-mini/benchmark/real/039ee49819c7a45dcc2f9f2e75862c3fc7d432e668a8c102f8ae2f1a8d5c0557.mp4,0,1,0.16076747287880502,0.8392325271211949,0.6784650542423899,1427,3,723.3641818165779,FAKE
/workspace/data/genbuster-mini/extracted/GenBuster-200K-mini/benchmark/real/0383ebf9db4b3c3343bdbb3c783e49e365c6ff9cceb8fbe0ede912f3cd68f858.mp4,0,1,0.1882672782897837,0.8117327217102163,0.6234654434204325,1427,3,720.3116193413734,FAKE
/workspace/data/genbuster-mini/extracted/GenBuster-200K-mini/benchmark/real/037df8db36c37ab2d479248a6960e6e12b9fd2a0b7bdf6f7525f4dcbc12de460.mp4,1,0,0.9892411019576937,0.010758898042306404,0.9784822039153872,1427,2,687.4921470880508,REAL
/workspace/data/genbuster-mini/extracted/GenBuster-200K-mini/benchmark/real/0363f60aac06815532b84768fe035e0fa202ec796336b1ff1c135a5226bd6e6f.mp4,0,0,0.09807932347046003,0.90192067652954,0.80384135305908,1427,2,686.6070032119751,REAL
/workspace/data/genbuster-mini/extracted/GenBuster-200K-mini/benchmark/real/033b67efc911855a1d845821a107d9324abac093c2e01effe9b0a74ecac1015c.mp4,1,0,0.9806089613159596,0.01939103868404027,0.9612179226319194,1427,2,689.1920939087868,REAL
/workspace/data/genbuster-mini/extracted/GenBuster-200K-mini/benchmark/real/0339ed8439b7f17b8cc1b9e8206e851433b688c2a3c00bdc23df75f5985ec692.mp4,0,0,0.0953494648991095,0.9046505351008906,0.8093010702017811,1427,2,692.430779337883,REAL
/workspace/data/genbuster-mini/extracted/GenBuster-200K-mini/benchmark/real/0307194a1cda0d49aa2e821dee4d6ff85d33dbb7c7c26a312e29d61660e6ba09.mp4,1,0,0.9718503259337584,0.028149674066241616,0.9437006518675168,1427,2,696.5678557753563,REAL
/workspace/data/genbuster-mini/extracted/GenBuster-200K-mini/benchmark/real/02a833c519ac25544fa7491beabc8ef8ca70fe9b154b5c34e5ba5f464f675cef.mp4,0,1,0.20549356497279875,0.7945064350272013,0.5890128700544026,1427,3,719.9097201228142,FAKE
/workspace/data/genbuster-mini/extracted/GenBuster-200K-mini/benchmark/real/01fbbdee65c525b486e5d729aac442dc458a897fa1651c9124acbd7a1d96c32e.mp4,0,0,0.07055959618729296,0.9294404038127071,0.8588808076254142,1427,2,688.3521750569344,REAL
/workspace/data/genbuster-mini/extracted/GenBuster-200K-mini/benchmark/real/01f09eba69285ee16b8497202fca6d4a66d58dc9e4131348248b7bb117898ced.mp4,1,0,0.9520333610468074,0.04796663895319274,0.9040667220936146,1427,2,685.8326569199562,REAL
/workspace/data/genbuster-mini/extracted/GenBuster-200K-mini/benchmark/fake/wanx/fadc0e07da7d1c95fd0dd935a1e6347a56680e0bcd3e7a2974f6f8072900d702.mp4,1,1,0.8311430478583168,0.16885695214168314,0.6622860957166337,1427,3,722.9509726166725,FAKE
/workspace/data/genbuster-mini/extracted/GenBuster-200K-mini/benchmark/fake/wanx/f870e0bd4e1a9dcee0849fd32faf69f17dfb2630fa1d406e9d9037b6b267922e.mp4,1,1,0.7956581000631541,0.20434189993684582,0.5913162001263083,1427,3,718.6542302370071,FAKE
/workspace/data/genbuster-mini/extracted/GenBuster-200K-mini/benchmark/fake/wanx/f7b9b3bf891018b849980e20ec4b335c63f3965ca11877b5ab335268c142fcd1.mp4,1,1,0.7606506526772884,0.23934934732271168,0.5213013053545767,1427,3,723.4103828668594,FAKE
/workspace/data/genbuster-mini/extracted/GenBuster-200K-mini/benchmark/fake/wanx/f6061b75b25fff5fd66faa63125619a10de423efa98c038b9e55febacd4dc96f.mp4,1,0,0.9924311447383397,0.007568855261660211,0.9848622894766795,1427,2,684.6837177872658,REAL
/workspace/data/genbuster-mini/extracted/GenBuster-200K-mini/benchmark/fake/wanx/f5df91963f4c8678588b6175f26c6ffeeeffd7a5d010473af8fd1c678328ad34.mp4,0,1,0.2184787988399326,0.7815212011600673,0.5630424023201347,1427,3,727.4317741394043,FAKE
/workspace/data/genbuster-mini/extracted/GenBuster-200K-mini/benchmark/fake/wanx/f524f01c7534359984ad936f3989c711bae21e50fc542a6f5c573a57f9d1caf6.mp4,1,0,0.9819545366579127,0.01804546334208733,0.9639090733158253,1427,2,688.7911930680275,REAL
/workspace/data/genbuster-mini/extracted/GenBuster-200K-mini/benchmark/fake/wanx/f50e8395098d723017010c91a5c28fd5b82e6a3771d33a852bf9320af176fe10.mp4,0,1,0.19623889390116608,0.8037611060988339,0.6075222121976678,1427,3,716.2026911973953,FAKE
/workspace/data/genbuster-mini/extracted/GenBuster-200K-mini/benchmark/fake/wanx/f4caa2321b2049bb0e6d97211b4ed5b711f87b29c16625c62fd0aada561c0e34.mp4,1,0,0.992134910900952,0.007865089099047977,0.984269821801904,1427,2,690.2887299656868,REAL
/workspace/data/genbuster-mini/extracted/GenBuster-200K-mini/benchmark/fake/wanx/f4ca4c9670e2ca09aacb6e63b98325862a8ef6583d3c58cdac56b5fa37c812a6.mp4,1,1,0.9230391643039738,0.07696083569602613,0.8460783286079476,1427,3,719.2735597491264,FAKE
/workspace/data/genbuster-mini/extracted/GenBuster-200K-mini/benchmark/fake/wanx/f42115c1e0fc1b1f79d069fa2ae07a98fd7c735bfbc1025e91a41270fd9a7762.mp4,1,1,0.9688561694652216,0.031143830534778462,0.9377123389304431,1427,3,726.9682064652443,FAKE
/workspace/data/genbuster-mini/extracted/GenBuster-200K-mini/benchmark/fake/wanx/f15f7724441302c269ad6520eabc48fd447615741248a61ad47b866356c3f453.mp4,1,1,0.8670357598021706,0.13296424019782924,0.7340715196043414,1427,3,723.0116426944733,FAKE
/workspace/data/genbuster-mini/extracted/GenBuster-200K-mini/benchmark/fake/wanx/f06ee99835b3fa54a2d1fc7ee247e53fbbac3d7fe1522fb5e67b3fa100158aae.mp4,0,1,0.18651114009547876,0.8134888599045211,0.6269777198090424,1427,3,721.9787612557411,FAKE
/workspace/data/genbuster-mini/extracted/GenBuster-200K-mini/benchmark/fake/wanx/efd417b259474ce3e9f7eb5323a0583dc6d5778bbed556225a11de9ab0b584e5.mp4,1,1,0.9518632288833652,0.04813677111663481,0.9037264577667303,1427,3,722.4916741251945,FAKE
/workspace/data/genbuster-mini/extracted/GenBuster-200K-mini/benchmark/fake/wanx/ef169de022f06a4ad2182bfd5a96e56fb1649952674b21d0ad6d0dfecd90f65d.mp4,1,0,0.9884111619129329,0.011588838087067115,0.9768223238258658,1427,2,689.8461133241653,REAL
/workspace/data/genbuster-mini/extracted/GenBuster-200K-mini/benchmark/fake/wanx/eea27911022b607337574dc0aa20b199a35aae7714d4e54542bd8bbbd867d7ed.mp4,1,1,0.8615382094310357,0.13846179056896438,0.7230764188620713,1427,3,718.7088653445244,FAKE
/workspace/data/genbuster-mini/extracted/GenBuster-200K-mini/benchmark/fake/wanx/ee32135f0786a6011b30c7fca23180c152514b419fb0e2e064cdfc2b47b997b1.mp4,1,1,0.8354835371034369,0.1645164628965632,0.6709670742068737,1427,3,722.4782183766365,FAKE
/workspace/data/genbuster-mini/extracted/GenBuster-200K-mini/benchmark/fake/wanx/ecaeece0bfab44f0cb025edc6b0dde9a2174ee7c0d6edf225e7ce8f1401c19fe.mp4,1,0,0.9750031190112165,0.02499688098878349,0.950006238022433,1427,2,686.719998717308,REAL
/workspace/data/genbuster-mini/extracted/GenBuster-200K-mini/benchmark/fake/wanx/eab692b963840c17900463bab52ccdabc06010a96a9d3b83fbbe35a20207bc31.mp4,0,1,0.20744401520995373,0.7925559847900462,0.5851119695800925,1427,3,719.08088773489,FAKE
/workspace/data/genbuster-mini/extracted/GenBuster-200K-mini/benchmark/fake/wanx/e9e3e3e6d84605d15bad29486a7ffc251b69aceeb4865a95cc9dd94124497a3c.mp4,0,1,0.2075053285646327,0.7924946714353672,0.5849893428707346,1427,3,718.4386551380157,FAKE
/workspace/data/genbuster-mini/extracted/GenBuster-200K-mini/benchmark/fake/wanx/e7eb414b8242fb69b2503b019957b80184f09d17893153f86d316082cb21acd8.mp4,1,0,0.9772304911558506,0.022769508844149366,0.9544609823117012,1427,2,685.8143880963326,REAL
/workspace/data/genbuster-mini/extracted/GenBuster-200K-mini/benchmark/fake/wanx/e6a19558b188223038405a9cbba9e7b98447ac59bda432f4a3ec965c44fa1a0c.mp4,1,1,0.8031737963569016,0.1968262036430985,0.6063475927138031,1427,3,735.8618080615997,FAKE
/workspace/data/genbuster-mini/extracted/GenBuster-200K-mini/benchmark/fake/wanx/e5a21eb81ada4ebea846c363c3ebc08af76f5e58536d840eeb6ab1daa2a9d31c.mp4,0,1,0.22763294353533328,0.7723670564646666,0.5447341129293334,1427,3,718.5864597558975,FAKE
/workspace/data/genbuster-mini/extracted/GenBuster-200K-mini/benchmark/fake/wanx/e3e262b1e0626936f3fc2326423244e86e641a4a6ae0b31c00ce6c4c8032aef1.mp4,1,0,0.9787513583655079,0.021248641634492166,0.9575027167310157,1427,2,688.1682351231575,REAL
/workspace/data/genbuster-mini/extracted/GenBuster-200K-mini/benchmark/fake/wanx/e13bdf686b7ff8d3b0589d3e7549b821fcb89a46f6f92377d232c129c6157d59.mp4,1,0,0.9846599598282064,0.015340040171793546,0.9693199196564128,1427,2,688.074991106987,REAL
/workspace/data/genbuster-mini/extracted/GenBuster-200K-mini/benchmark/fake/wanx/e0ad9bffac51815fdb7022bd4ff161e853ceb5b0449a12ec17a3900330d6f2c8.mp4,0,1,0.21419018471941384,0.7858098152805861,0.5716196305611723,1427,3,718.2419970631599,FAKE
/workspace/data/genbuster-mini/extracted/GenBuster-200K-mini/benchmark/fake/wanx/dfada9ccac4728100205547e08bd3ea6b0149899f5bfc7cf22a0bacef907558f.mp4,1,0,0.9548723710934173,0.04512762890658275,0.9097447421868345,1427,2,689.3163546919823,REAL
/workspace/data/genbuster-mini/extracted/GenBuster-200K-mini/benchmark/fake/wanx/de2ce91b97dd7da66b03fc9d3af6dea1d81f83f81ae0a6bd8a78de25ee6c4aea.mp4,0,1,0.2390109385590338,0.7609890614409661,0.5219781228819323,1427,3,718.5850068926811,FAKE
/workspace/data/genbuster-mini/extracted/GenBuster-200K-mini/benchmark/fake/wanx/d4464dda555a865cb165f745d095e56dd8b4e377f5a9638c2a1923e8881feab4.mp4,1,0,0.965144146061704,0.03485585393829613,0.9302882921234078,1427,2,686.7250129580498,REAL
/workspace/data/genbuster-mini/extracted/GenBuster-200K-mini/benchmark/fake/wanx/d401aa05a0f45584374914f19b56d6857ca92b00d2bb80dec50ce1c23fea8051.mp4,1,1,0.8596637505099167,0.14033624949008322,0.7193275010198334,1427,3,724.1997197270393,FAKE
/workspace/data/genbuster-mini/extracted/GenBuster-200K-mini/benchmark/fake/wanx/d1e9cac9f1cf6cdc498ea7f01a27309dccc3ca0bc0114ed3d6f788c9e4b9acaf.mp4,0,1,0.23604642300707873,0.7639535769929212,0.5279071539858424,1427,3,723.4548255801201,FAKE
/workspace/data/genbuster-mini/extracted/GenBuster-200K-mini/benchmark/fake/wanx/cf09d119bcf717bf53db80c7603ebda2e99fb6593e419db1fe06b881077838df.mp4,1,0,0.9944450700281451,0.005554929971854898,0.9888901400562902,1427,2,687.9005581140518,REAL
/workspace/data/genbuster-mini/extracted/GenBuster-200K-mini/benchmark/fake/wanx/cc925e9d2002da9a37abb24edb581e49813cd552ce8d0cd3bdc0cc88f3bba032.mp4,1,0,0.9921291042186597,0.007870895781340186,0.9842582084373196,1427,2,692.0225992798805,REAL
/workspace/data/genbuster-mini/extracted/GenBuster-200K-mini/benchmark/fake/wanx/cbfa3468242fb9ae09ccda17362f1d4c9576e3282fa05fac7d1f4188a8606031.mp4,1,1,0.8244619263765707,0.17553807362342935,0.6489238527531414,1427,3,728.313498198986,FAKE
/workspace/data/genbuster-mini/extracted/GenBuster-200K-mini/benchmark/fake/wanx/cbae1c0cfc55ce8c0ec0c02ff93bf32f6f0af06ea0fb92730f716e0c78e70c71.mp4,0,1,0.21262883848869127,0.7873711615113087,0.5747423230226174,1427,3,721.0632562637329,FAKE
/workspace/data/genbuster-mini/extracted/GenBuster-200K-mini/benchmark/fake/wanx/cb6c9beaef0cb0ea9b60a6ed79950cf760341aef044608a12d6b712df3271f32.mp4,0,1,0.2412510226405121,0.758748977359488,0.5174979547189759,1427,3,719.8924422264099,FAKE
/workspace/data/genbuster-mini/extracted/GenBuster-200K-mini/benchmark/fake/wanx/cb0d09623cfdf0fcba2e32c0ae9b362e40f446b3513ced7555029d68d3e16b20.mp4,1,0,0.966758928582452,0.03324107141754787,0.9335178571649042,1427,2,688.6548921465874,REAL
/workspace/data/genbuster-mini/extracted/GenBuster-200K-mini/benchmark/fake/wanx/ca6a4fa8090dda8d41dc5699ccb0a1f5eb733ab52be6311f25def0931065eeed.mp4,0,1,0.2126289981508058,0.7873710018491942,0.5747420036983883,1427,3,731.1259061098099,FAKE
/workspace/data/genbuster-mini/extracted/GenBuster-200K-mini/benchmark/fake/wanx/c80193a5ba077dd35005281f6365ab9260d6d9a652ff25c55bfa88839c0ed4b4.mp4,1,0,0.9854964066775292,0.014503593322470696,0.9709928133550586,1427,2,690.1353225111961,REAL
/workspace/data/genbuster-mini/extracted/GenBuster-200K-mini/benchmark/fake/wanx/c71046bff9251b91b06222bc7fee8080a366e0e8947e55786a61ff5543d3a486.mp4,0,1,0.18054660502579328,0.8194533949742067,0.6389067899484133,1427,3,721.962571144104,FAKE
/workspace/data/genbuster-mini/extracted/GenBuster-200K-mini/benchmark/fake/wanx/c707de13d1d608834f802ab3a17d56e7570845a8a6f1b14f978df4b4e36b6df7.mp4,1,1,0.9553191297273498,0.0446808702726502,0.9106382594546996,1427,3,722.8370755910873,FAKE
/workspace/data/genbuster-mini/extracted/GenBuster-200K-mini/benchmark/fake/wanx/c480ca1732e84c21232286b902d81ab00b2753d180d314199852c2a4ae0f549e.mp4,0,1,0.2028941123305811,0.7971058876694189,0.5942117753388378,1427,3,726.8368154764175,FAKE
/workspace/data/genbuster-mini/extracted/GenBuster-200K-mini/benchmark/fake/wanx/c451d6937c66abb0847b8c120e32b7c8432ec6def8f3fa27e812f14522e541ba.mp4,0,1,0.20403971015989836,0.7959602898401017,0.5919205796802034,1427,3,718.6737880110741,FAKE
/workspace/data/genbuster-mini/extracted/GenBuster-200K-mini/benchmark/fake/wanx/c27f76b8bfe03df4bfab14b895c217f9e0859fd99e6f900baad413a12fa51266.mp4,1,1,0.870597268408361,0.12940273159163906,0.741194536816722,1427,3,717.3579335212708,FAKE
/workspace/data/genbuster-mini/extracted/GenBuster-200K-mini/benchmark/fake/wanx/c17b4c12ae16e528d43269132f1c4e38620e84f0db21d04996c0bce2b409d730.mp4,1,1,0.9230391643039738,0.07696083569602613,0.8460783286079476,1427,3,725.734569132328,FAKE
/workspace/data/genbuster-mini/extracted/GenBuster-200K-mini/benchmark/fake/wanx/bcc1d21af8fd254e328fa2e15194800f29a00db2d4dbfc483c1b14c7b67bbf92.mp4,0,1,0.20014056986876902,0.7998594301312311,0.599718860262462,1427,3,723.9110320806503,FAKE
/workspace/data/genbuster-mini/extracted/GenBuster-200K-mini/benchmark/fake/wanx/bc3e5927be756bc484aa2c6e3dac80681abdf3c1a5b9262f775c0deee6926b70.mp4,1,1,0.8244619263765707,0.17553807362342935,0.6489238527531414,1427,3,722.6075753569603,FAKE
/workspace/data/genbuster-mini/extracted/GenBuster-200K-mini/benchmark/fake/wanx/ba99c0ed62cfa2381a840a21d30b11ca5616b806cf314cd838f94b566bd90ce7.mp4,0,1,0.2534385397521642,0.7465614602478358,0.4931229204956716,1427,3,720.7882180809975,FAKE
/workspace/data/genbuster-mini/extracted/GenBuster-200K-mini/benchmark/fake/wanx/b91d4d689bdf8ececf539cdea7706a8f5c588ccf310c6c15cc27977a10000b50.mp4,0,1,0.26061359472371126,0.7393864052762887,0.4787728105525775,1427,3,720.9762185811996,FAKE
/workspace/data/genbuster-mini/extracted/GenBuster-200K-mini/benchmark/fake/wanx/b257ed7def777871fa9fb778c1f2cf3c51d16ac161859f6aab5afeeb5dc8469e.mp4,1,0,0.99225304501108,0.007746954988919942,0.98450609002216,1427,2,688.9882981777191,REAL
/workspace/data/genbuster-mini/extracted/GenBuster-200K-mini/benchmark/fake/wanx/b120115069aa82df4de047f1fc854ea7aa5db43345bd31409580c952c530c0b3.mp4,1,1,0.9343951625409306,0.06560483745906928,0.8687903250818613,1427,3,727.220393717289,FAKE
/workspace/data/genbuster-mini/extracted/GenBuster-200K-mini/benchmark/fake/wanx/ab2b61ab1eb9ae56f5d40ede37841e0345d15bb6b08ae76e40993411ceefbd2b.mp4,0,1,0.25287579278843647,0.7471242072115636,0.4942484144231271,1427,3,721.0841998457909,FAKE
/workspace/data/genbuster-mini/extracted/GenBuster-200K-mini/benchmark/fake/wanx/a40aaf26e51ab5ea7d520f46284293ce598bb0e9c6e35261d5aad0c7e127b94f.mp4,0,1,0.20446302406480701,0.795536975935193,0.591073951870386,1427,3,720.0468927621841,FAKE
/workspace/data/genbuster-mini/extracted/GenBuster-200K-mini/benchmark/fake/wanx/a32101f2f7cfa6e0917ee53dc3f2a4699457fb9d3bb18cddd8c971412f2f4622.mp4,0,1,0.2630582721990401,0.7369417278009599,0.4738834556019198,1427,3,716.94415807724,FAKE
/workspace/data/genbuster-mini/extracted/GenBuster-200K-mini/benchmark/fake/wanx/9cf293c4b82db61600d4a42667343c3c1900a155f8247fb7c9ff015d5c9e8181.mp4,1,1,0.9124361604769414,0.08756383952305867,0.8248723209538827,1427,3,722.2863659262657,FAKE
/workspace/data/genbuster-mini/extracted/GenBuster-200K-mini/benchmark/fake/wanx/9ad8bad650e46c137d1e61e4edc647f868a90e57c21c17bcc478733daf1dd508.mp4,0,1,0.2151936663102758,0.7848063336897242,0.5696126673794484,1427,3,722.0510244369507,FAKE
/workspace/data/genbuster-mini/extracted/GenBuster-200K-mini/benchmark/fake/wanx/96f668cb71392434c4511d19d7e162092bcdf4029a65dfef59d8e9d3cf1686d5.mp4,0,1,0.2333069427102138,0.7666930572897861,0.5333861145795723,1427,3,723.0620011687279,FAKE
/workspace/data/genbuster-mini/extracted/GenBuster-200K-mini/benchmark/fake/wanx/959755320c3ee2d634be45518702e738ab91694aedf0f69b091258eefafe48a8.mp4,1,1,0.9304582554941719,0.06954174450582809,0.8609165109883439,1427,3,719.0179154276848,FAKE
/workspace/data/genbuster-mini/extracted/GenBuster-200K-mini/benchmark/fake/wanx/95245a190a93483e2cee6cc0fdb246393d9560a1c7ded7686f36ad00bd0438de.mp4,0,1,0.21406500921190072,0.7859349907880994,0.5718699815761986,1427,3,720.1117873191833,FAKE
/workspace/data/genbuster-mini/extracted/GenBuster-200K-mini/benchmark/fake/wanx/94fda1df9089f2b2319408944f4c85d079c8443e432b7398a3353e364617a1c5.mp4,1,1,0.9748211582993981,0.025178841700601855,0.9496423165987963,1427,3,730.8340147137642,FAKE
/workspace/data/genbuster-mini/extracted/GenBuster-200K-mini/benchmark/fake/wanx/9392779ccd445cf2ff5017e811344e9bdf9f5d873ed3abc49dc446da307f08a3.mp4,1,0,0.9941671084143577,0.005832891585642372,0.9883342168287154,1427,2,685.6131479144096,REAL
/workspace/data/genbuster-mini/extracted/GenBuster-200K-mini/benchmark/fake/wanx/927bf824360b9efaf2c6d70e9620cf9ecbf4488e0436208da531081d41f5dc97.mp4,1,0,0.9268099885118317,0.07319001148816819,0.8536199770236635,1427,2,692.9697543382645,REAL
/workspace/data/genbuster-mini/extracted/GenBuster-200K-mini/benchmark/fake/wanx/91fd922fa722fd69d57f639190e2dddea45f0c74a22068f356f877183a257c5c.mp4,1,0,0.9930166331896719,0.006983366810328063,0.9860332663793439,1427,2,687.7688691020012,REAL
/workspace/data/genbuster-mini/extracted/GenBuster-200K-mini/benchmark/fake/wanx/8fa25a7182f88785be1fc260b71ba08a5aee483bf55eff25ab92f629cea58e18.mp4,0,1,0.2265880360247313,0.7734119639752687,0.5468239279505374,1427,3,719.844177365303,FAKE
/workspace/data/genbuster-mini/extracted/GenBuster-200K-mini/benchmark/fake/wanx/8c06f99cec48d915c1619d7d09f540ea472e172523150eafdf4efd5ac259a95d.mp4,1,1,0.8740772351648677,0.12592276483513232,0.7481544703297354,1427,3,718.7483608722687,FAKE
/workspace/data/genbuster-mini/extracted/GenBuster-200K-mini/benchmark/fake/wanx/8bf9c1963ea39372b6fbf6a69bde93f40f70cf0dc2c400904869fd70a2982557.mp4,0,1,0.226067022430732,0.773932977569268,0.5478659551385361,1427,3,719.0721556544304,FAKE
/workspace/data/genbuster-mini/extracted/GenBuster-200K-mini/benchmark/fake/wanx/8b239a98c53ac610305c52d567ee47e1fb45f2ace770c9ebcb8521b56a530ffb.mp4,1,0,0.9937886641219723,0.006211335878027702,0.9875773282439446,1427,2,688.195988535881,REAL
/workspace/data/genbuster-mini/extracted/GenBuster-200K-mini/benchmark/fake/wanx/894cfc86f8d6f8fbc520323115cdec065952ecc4bfaa96e9b04b8f20181e69d9.mp4,1,0,0.9782821360107558,0.021717863989244194,0.9565642720215115,1427,2,684.9899291992188,REAL
/workspace/data/genbuster-mini/extracted/GenBuster-200K-mini/benchmark/fake/wanx/850ccab13d18679608e33fbe22114a3f718fb1c429c2896d461a74dbecc97d99.mp4,0,1,0.22528676041711784,0.7747132395828822,0.5494264791657644,1427,3,726.2190505862236,FAKE
/workspace/data/genbuster-mini/extracted/GenBuster-200K-mini/benchmark/fake/wanx/83b86b1ceff2cb444c3513ba75ff0ea8410acaf41207588be7ac6fdccc602616.mp4,1,0,0.9918512700221381,0.008148729977861837,0.9837025400442763,1427,2,686.6383403539658,REAL
/workspace/data/genbuster-mini/extracted/GenBuster-200K-mini/benchmark/fake/wanx/80f5dd938085265e3c637896d3777408e8035f74ae5d6a77d04856241dc2a85f.mp4,0,1,0.22750218635577804,0.772497813644222,0.544995627288444,1427,3,717.8570702672005,FAKE
/workspace/data/genbuster-mini/extracted/GenBuster-200K-mini/benchmark/fake/wanx/809e18fb75daaab0f05e41cfda735e71a8a9d5b9948a5b6201a40be9452c0c1b.mp4,1,0,0.976042302630597,0.02395769736940305,0.952084605261194,1427,2,688.3141919970512,REAL
/workspace/data/genbuster-mini/extracted/GenBuster-200K-mini/benchmark/fake/wanx/800f0170c2cc2ee171de6ced8e872f3f2dc8e452d2dc69a608f3504ae29f4696.mp4,0,1,0.24687912754730384,0.7531208724526961,0.5062417449053922,1427,3,721.8876406550407,FAKE
/workspace/data/genbuster-mini/extracted/GenBuster-200K-mini/benchmark/fake/wanx/7f9f77aedc5a02ce61ef8c0d367511e0ec4eddd978af6f944aabb37546eeea49.mp4,0,1,0.21733768326894132,0.7826623167310587,0.5653246334621174,1427,3,723.3927324414253,FAKE
/workspace/data/genbuster-mini/extracted/GenBuster-200K-mini/benchmark/fake/wanx/79bc1c80b43b61bfe57c04a4b37a4cf9db79f2bca12bf44237322198cbf11250.mp4,1,0,0.9840469501044037,0.015953049895596188,0.9680939002088075,1427,2,686.6871193051338,REAL
/workspace/data/genbuster-mini/extracted/GenBuster-200K-mini/benchmark/fake/wanx/78c4d0088e78d1bc1735822d74a32bd4651b49d3a568297e26e14a8546ea6a61.mp4,1,0,0.9917666437075909,0.008233356292409084,0.9835332874151819,1427,2,697.0581263303757,REAL
/workspace/data/genbuster-mini/extracted/GenBuster-200K-mini/benchmark/fake/wanx/7822e4a914d6bfa8aee5f11e2a3df892cf89700e8fd47a4c5b57429811dce93c.mp4,1,0,0.9930423846034935,0.0069576153965065285,0.986084769206987,1427,2,695.8711966872215,REAL
/workspace/data/genbuster-mini/extracted/GenBuster-200K-mini/benchmark/fake/wanx/776b51789eaf3469e49f0d4a338158b2da8d79d0e33756f5dd6844d4d47b0cb0.mp4,0,1,0.2609003740440438,0.7390996259559561,0.4781992519119123,1427,3,718.3036953210831,FAKE
/workspace/data/genbuster-mini/extracted/GenBuster-200K-mini/benchmark/fake/wanx/7730ed6d23c436d1b3bb28f72d1e8efcc1d6390035601f45fceebd1545a95c81.mp4,1,0,0.978099599872675,0.021900400127324984,0.9561991997453501,1427,2,693.9650550484657,REAL
/workspace/data/genbuster-mini/extracted/GenBuster-200K-mini/benchmark/fake/wanx/763c6533e03e745d0bd6dbde16834be6479fcd3572e840f9da7f290b13542c05.mp4,1,1,0.7401743620390163,0.2598256379609837,0.48034872407803264,1427,3,737.2286692261696,FAKE
/workspace/data/genbuster-mini/extracted/GenBuster-200K-mini/benchmark/fake/wanx/75be03e7e84116b55d8ecd21f0dd9e39a2fda0b2e750a6d87e636b963b249c6e.mp4,0,1,0.24729446000260402,0.752705539997396,0.505411079994792,1427,3,749.0452751517296,FAKE
/workspace/data/genbuster-mini/extracted/GenBuster-200K-mini/benchmark/fake/wanx/7275cc4570c8349a0ac09a0fb74d5a8c1e18ed76c5a1d5bfa8d863591b635889.mp4,0,1,0.2521735674321566,0.7478264325678433,0.49565286513568674,1427,3,730.796568095684,FAKE
/workspace/data/genbuster-mini/extracted/GenBuster-200K-mini/benchmark/fake/wanx/7104882f39570dfd5257a4f223d448feac9b9d08e3663912c43b506ae7b5d167.mp4,0,1,0.21708456140702323,0.7829154385929767,0.5658308771859535,1427,3,724.7258722782135,FAKE
/workspace/data/genbuster-mini/extracted/GenBuster-200K-mini/benchmark/fake/wanx/704bfbbe26588d20a86417a969d23127543bbe9b23c7cce0ae7afd1bedfa0bdb.mp4,0,1,0.23191239591850388,0.768087604081496,0.5361752081629921,1427,3,722.0294773578644,FAKE
/workspace/data/genbuster-mini/extracted/GenBuster-200K-mini/benchmark/fake/wanx/6fb28f3482ed82b7b7e53102a681d31bd0e2bd84f737afd1170c48c517f7af84.mp4,1,1,0.8056321889812553,0.19436781101874467,0.6112643779625107,1427,3,719.8378443717957,FAKE
/workspace/data/genbuster-mini/extracted/GenBuster-200K-mini/benchmark/fake/wanx/6cd3dba2317bbce4c97a8e1a21c27cdfc119562d1b4ce1d22e9b317094cb9888.mp4,0,1,0.20983961410328933,0.7901603858967108,0.5803207717934215,1427,3,720.7310795783997,FAKE
/workspace/data/genbuster-mini/extracted/GenBuster-200K-mini/benchmark/fake/wanx/685ebc7d39e8b2783d383937b2c39857b202f5203a33870ac2202433d4e5c9e9.mp4,0,1,0.23766024234374464,0.7623397576562553,0.5246795153125107,1427,3,723.729632794857,FAKE
/workspace/data/genbuster-mini/extracted/GenBuster-200K-mini/benchmark/fake/wanx/67c4a5419d82688164b96b863c8c7a8400feefd0cb28bcdf04a1b30470cfc8c5.mp4,0,1,0.2197519053805528,0.7802480946194472,0.5604961892388944,1427,3,718.2356640696526,FAKE
/workspace/data/genbuster-mini/extracted/GenBuster-200K-mini/benchmark/fake/wanx/65f92bb7d07431e4bd6c337e63b6dd7f1460910fbcb95d64d3baa8c20b1d5148.mp4,1,0,0.9912111677784672,0.008788832221532865,0.9824223355569344,1427,2,690.9240633249283,REAL
/workspace/data/genbuster-mini/extracted/GenBuster-200K-mini/benchmark/fake/wanx/5fb743f9bf347d7ff4f9b78a71b60d67e6ee69423dcdad70429eec6f264df712.mp4,1,1,0.7956581000631541,0.20434189993684582,0.5913162001263083,1427,3,718.6126038432121,FAKE
/workspace/data/genbuster-mini/extracted/GenBuster-200K-mini/benchmark/fake/wanx/5e87a694aa5e7f1fb8ae17509255b07d2c09b50c708c49ca3965b3ffce656f38.mp4,1,1,0.8757869916479466,0.1242130083520534,0.7515739832958932,1427,3,719.2252427339554,FAKE
/workspace/data/genbuster-mini/extracted/GenBuster-200K-mini/benchmark/fake/wanx/5e3e1d92b85b7ca9c39a92b77bddc1a202fa80272feccc8297dd588dd83600c4.mp4,1,1,0.8056321889812553,0.19436781101874467,0.6112643779625107,1427,3,723.4642952680588,FAKE
/workspace/data/genbuster-mini/extracted/GenBuster-200K-mini/benchmark/fake/wanx/5d9832af28acb81256936b06322784853f50746b5059c9501fcac142271595d6.mp4,0,0,0.10521053670308635,0.8947894632969136,0.7895789265938272,1427,2,687.2932761907578,REAL
/workspace/data/genbuster-mini/extracted/GenBuster-200K-mini/benchmark/fake/wanx/5cb7175b7fcbe97ccde328eb5ac9ca70a72f4612d838c7370214be26d97df883.mp4,0,1,0.25336817371585507,0.746631826284145,0.49326365256828997,1427,3,721.3644310832024,FAKE
/workspace/data/genbuster-mini/extracted/GenBuster-200K-mini/benchmark/fake/wanx/5c3378d4591da10687e308114bcd209de0816202e24bbaea62db7e868abc4a85.mp4,0,1,0.23417311150930126,0.7658268884906988,0.5316537769813976,1427,3,720.831461250782,FAKE
/workspace/data/genbuster-mini/extracted/GenBuster-200K-mini/benchmark/fake/wanx/5c0ddf6c204b22d84f0de36c53c96b663cc7f8c8402f8fec31e53b9e60cf0c61.mp4,0,1,0.21318995140868963,0.7868100485913104,0.5736200971826209,1427,3,720.9410518407822,FAKE
/workspace/data/genbuster-mini/extracted/GenBuster-200K-mini/benchmark/fake/wanx/5b276f71545541ee7cffe99c5654706a62e460271ad1653246275609646928b6.mp4,0,1,0.24002749735255696,0.7599725026474431,0.5199450052948862,1427,3,724.3467792868614,FAKE
/workspace/data/genbuster-mini/extracted/GenBuster-200K-mini/benchmark/fake/wanx/5a79f334d8917bf619daba7b9524437d34bbbb58c9892bc8586b074f2f27f9fa.mp4,1,1,0.8031737963569016,0.1968262036430985,0.6063475927138031,1427,3,729.118600487709,FAKE
/workspace/data/genbuster-mini/extracted/GenBuster-200K-mini/benchmark/fake/wanx/5a228ac837d4dbe7772f85ba7bb3b3b1c58215ea9f6924250ce861faf163f5f8.mp4,0,1,0.2547783073857186,0.7452216926142814,0.4904433852285628,1427,3,718.9689502120018,FAKE
/workspace/data/genbuster-mini/extracted/GenBuster-200K-mini/benchmark/fake/wanx/586098a8246a2f46f3a8719495b028e6e8581077c9d18e540e79d3642a97189c.mp4,1,0,0.9861919664522283,0.013808033547771692,0.9723839329044566,1427,2,686.3148882985115,REAL
/workspace/data/genbuster-mini/extracted/GenBuster-200K-mini/benchmark/fake/wanx/57c7949aa9cbda1755654004cc78420332a0cb5029215eab4d02c50cbf3a03be.mp4,0,1,0.18860855440025273,0.8113914455997472,0.6227828911994945,1427,3,722.8858768939972,FAKE
/workspace/data/genbuster-mini/extracted/GenBuster-200K-mini/benchmark/fake/wanx/5778af223a3160d1e578423738d2bfe066a160aed6842abe200c988a97038287.mp4,1,1,0.7217432062975979,0.2782567937024021,0.44348641259519583,1427,3,724.2910489439964,FAKE
/workspace/data/genbuster-mini/extracted/GenBuster-200K-mini/benchmark/fake/wanx/5774510484deda117ec272980e0f64d16adaeddcd1a326c0cf38e730bda3d582.mp4,0,0,0.05500528829345415,0.9449947117065459,0.8899894234130917,1427,2,691.9029802083969,REAL
/workspace/data/genbuster-mini/extracted/GenBuster-200K-mini/benchmark/fake/wanx/556a26459fbac79fb385eb01a9937797cf8e5d5432551e6b67db8a322704d371.mp4,1,0,0.9717279414028211,0.028272058597178785,0.9434558828056424,1427,2,688.0461946129799,REAL
/workspace/data/genbuster-mini/extracted/GenBuster-200K-mini/benchmark/fake/wanx/551f65bf8674f71f82cb82f2ef67100c052f6fffcaf9993e0141c1aceb8e0038.mp4,0,1,0.23921394442383842,0.7607860555761616,0.5215721111523233,1427,3,719.406746327877,FAKE
/workspace/data/genbuster-mini/extracted/GenBuster-200K-mini/benchmark/fake/wanx/4f1d27a3139054e19e9e17044752a102067e15d7d08c626fea1334638dd4ccdd.mp4,1,1,0.9059898203834277,0.09401017961657226,0.8119796407668554,1427,3,718.2911559939384,FAKE
/workspace/data/genbuster-mini/extracted/GenBuster-200K-mini/benchmark/fake/wanx/4ee1ded7a87732f19f3c3a7df23c38d0b9077feacec82b54217d5ae6c94c84d3.mp4,1,1,0.90192067652954,0.09807932347046003,0.80384135305908,1427,3,728.9917916059494,FAKE
/workspace/data/genbuster-mini/extracted/GenBuster-200K-mini/benchmark/fake/wanx/48acc468fb99e72c88dd2cf489c9f66b9323b6f1e218b476a0d604ee8cb0e27f.mp4,1,0,0.9881787665845609,0.011821233415439164,0.9763575331691218,1427,2,692.6724091172218,REAL
/workspace/data/genbuster-mini/extracted/GenBuster-200K-mini/benchmark/fake/wanx/48877755d1a2958ff004120adbe0f9fa47cb825ed6120571b86e9829c748c899.mp4,1,1,0.9073122213606241,0.09268777863937604,0.814624442721248,1427,3,725.4757657647133,FAKE
/workspace/data/genbuster-mini/extracted/GenBuster-200K-mini/benchmark/fake/wanx/4867b73c33bc9ce17da602bdbdaabbdffe2b1fd44d5f20c818c8f846c158ac62.mp4,1,0,0.9963296607751475,0.00367033922485256,0.9926593215502949,1427,2,686.0951632261276,REAL
/workspace/data/genbuster-mini/extracted/GenBuster-200K-mini/benchmark/fake/wanx/4392b3313eed3427cb8ff3b5d831d27fefacc7735845bb69a5595d9486504c1e.mp4,0,1,0.22128675463162584,0.7787132453683742,0.5574264907367483,1427,3,727.7193814516068,FAKE
/workspace/data/genbuster-mini/extracted/GenBuster-200K-mini/benchmark/fake/wanx/43289940508644e01da41688c63ba2f8215aab65692262ea1d66f031b8db86d4.mp4,1,0,0.9943476436787104,0.00565235632128962,0.9886952873574208,1427,2,692.2904998064041,REAL
/workspace/data/genbuster-mini/extracted/GenBuster-200K-mini/benchmark/fake/wanx/423b6d387db6ac76458218c9ff1aaf68f9d7a8c283293cd9c702d12a41c8a1d3.mp4,1,1,0.7745833841649233,0.2254166158350767,0.5491667683298467,1427,3,721.3122323155403,FAKE
/workspace/data/genbuster-mini/extracted/GenBuster-200K-mini/benchmark/fake/wanx/3bb6c64cc9b97263d18a9cdc6a01e519a905eef96514f0d04b7753b5dc08d68c.mp4,0,1,0.18821029936409464,0.8117897006359055,0.6235794012718109,1427,3,726.1055782437325,FAKE
/workspace/data/genbuster-mini/extracted/GenBuster-200K-mini/benchmark/fake/wanx/39ac5e202da3e24051e3c0a4e6d4a3ffdca06d58a0f70c05ffcb9f876004a20a.mp4,1,0,0.9765502421328046,0.02344975786719539,0.9531004842656092,1427,2,686.304472386837,REAL
/workspace/data/genbuster-mini/extracted/GenBuster-200K-mini/benchmark/fake/wanx/397852a19bc5a757aaeb83a9a83174fff29ffe432d1421d07b75a7d6f3687736.mp4,1,1,0.8947894632969136,0.10521053670308635,0.7895789265938272,1427,3,718.6687216162682,FAKE
/workspace/data/genbuster-mini/extracted/GenBuster-200K-mini/benchmark/fake/wanx/38c32072812e77e2929198b549589af885f36963e5a6bbabf63621061a608976.mp4,1,1,0.9898303422461273,0.010169657753872614,0.9796606844922547,1427,3,722.092516720295,FAKE
/workspace/data/genbuster-mini/extracted/GenBuster-200K-mini/benchmark/fake/wanx/36cff24ee7db697de639597f7c4f89dfcfde7b7141848356eb07be7868409e0b.mp4,0,0,0.020023441289455244,0.9799765587105447,0.9599531174210895,1427,2,688.4425431489944,REAL
/workspace/data/genbuster-mini/extracted/GenBuster-200K-mini/benchmark/fake/wanx/3258700ab99ddf654a44639cdbe90392196032f5d63da451744506fd8c5dfa2b.mp4,0,1,0.2398916579099134,0.7601083420900866,0.5202166841801732,1427,3,718.9946249127388,FAKE
/workspace/data/genbuster-mini/extracted/GenBuster-200K-mini/benchmark/fake/wanx/324a4af18425a113a87fe3fb139573145d92987b631543e7900f7ddfcf8e65a7.mp4,1,1,0.7401743620390163,0.2598256379609837,0.48034872407803264,1427,3,718.8308835029602,FAKE
/workspace/data/genbuster-mini/extracted/GenBuster-200K-mini/benchmark/fake/wanx/3247cb7813e3acba232445200167e161f7f28295cc98a3bbfe344c156f72d609.mp4,1,0,0.986561874357722,0.013438125642278047,0.9731237487154439,1427,2,687.1812492609024,REAL
/workspace/data/genbuster-mini/extracted/GenBuster-200K-mini/benchmark/fake/wanx/313939889b8bd27edbec18dc077dad37f5eb12c873b1803722b0162a508c0612.mp4,1,0,0.9957306204500039,0.004269379549996081,0.9914612409000079,1427,2,690.481498837471,REAL
/workspace/data/genbuster-mini/extracted/GenBuster-200K-mini/benchmark/fake/wanx/302b22f819f65d6577f87116e7ddea427fcbd3ef041ef981a41b83c64debe63e.mp4,1,1,0.9086178969328287,0.09138210306717136,0.8172357938656574,1427,3,718.2805985212326,FAKE
/workspace/data/genbuster-mini/extracted/GenBuster-200K-mini/benchmark/fake/wanx/2ef15dbc61b5573fdf4eb9f5707f48346048ec91c29ef796cf46b5bd6e7bae38.mp4,1,1,0.8757869916479466,0.1242130083520534,0.7515739832958932,1427,3,717.8454771637917,FAKE
/workspace/data/genbuster-mini/extracted/GenBuster-200K-mini/benchmark/fake/wanx/2b9f67f14e73a788430baee1a00555dbf24190f70332b74350323efad2e47cc4.mp4,1,0,0.9901691507510711,0.0098308492489288,0.9803383015021423,1427,2,687.6732856035233,REAL
/workspace/data/genbuster-mini/extracted/GenBuster-200K-mini/benchmark/fake/wanx/2b7733ab910264af16770f558c91fcf2d107b76c9066668d79473987926972b4.mp4,0,1,0.26298617613942915,0.7370138238605708,0.47402764772114164,1427,3,716.7178317904472,FAKE
/workspace/data/genbuster-mini/extracted/GenBuster-200K-mini/benchmark/fake/wanx/29cf2ef7c758650c4dba896138c23f4b3c276ecba0af9e5f2825f974826c4ff1.mp4,1,1,0.8376199633332891,0.16238003666671086,0.6752399266665783,1427,3,722.666434943676,FAKE
/workspace/data/genbuster-mini/extracted/GenBuster-200K-mini/benchmark/fake/wanx/29cea89efd778ffaded3acf67618972b54f1997338788f03bce44357294baae3.mp4,1,1,0.8774767874818407,0.12252321251815919,0.7549535749636814,1427,3,731.1199977993965,FAKE
/workspace/data/genbuster-mini/extracted/GenBuster-200K-mini/benchmark/fake/wanx/29b02d4decb09260963f94b7cd9d302caa974ae6b3a27606e912980458b03e34.mp4,0,1,0.22470306771484921,0.7752969322851508,0.5505938645703017,1427,3,718.5512334108353,FAKE
/workspace/data/genbuster-mini/extracted/GenBuster-200K-mini/benchmark/fake/wanx/2682efbb75708e1226f7c32d402e82d69f669edc57bdfffe87e01060b0482f09.mp4,1,1,0.8397339676722393,0.16026603232776068,0.6794679353444786,1427,3,717.6184728741646,FAKE
/workspace/data/genbuster-mini/extracted/GenBuster-200K-mini/benchmark/fake/wanx/22ed9eba0e75a174a5fbbb27d2590fc0ba93cea130f5b48106cc769242b08e08.mp4,0,1,0.2152566480927942,0.7847433519072059,0.5694867038144117,1427,3,725.4230082035065,FAKE
/workspace/data/genbuster-mini/extracted/GenBuster-200K-mini/benchmark/fake/wanx/2292598507c9cb98de96d25c962aa2a18bd2735ea02cbd4fbec2a2b88ea0ffa4.mp4,1,0,0.9957824940029946,0.00421750599700535,0.9915649880059892,1427,2,687.1019378304482,REAL
/workspace/data/genbuster-mini/extracted/GenBuster-200K-mini/benchmark/fake/wanx/21ea88df124bb3f68f31170751fe993def7877114967c7086a063bf51de1639b.mp4,0,1,0.23975604491957134,0.7602439550804286,0.5204879101608573,1427,3,725.2211198210716,FAKE
/workspace/data/genbuster-mini/extracted/GenBuster-200K-mini/benchmark/fake/wanx/200cd6d7876a6826e60464bfc8133f9cefff38c3400f0fde33a0b208e313088b.mp4,1,0,0.9843478163049302,0.015652183695069773,0.9686956326098604,1427,2,687.9377141594887,REAL
/workspace/data/genbuster-mini/extracted/GenBuster-200K-mini/benchmark/fake/wanx/19ff832cc4478b6fcae443642f44987c4ed6682b4b3abd3ff41513ba77fbae29.mp4,1,1,0.8479677583778257,0.15203224162217424,0.6959355167556515,1427,3,723.6221954226494,FAKE
/workspace/data/genbuster-mini/extracted/GenBuster-200K-mini/benchmark/fake/wanx/190f543d31a3fd1450727085d4f24c563a600c6527729121e61549b2d92048c5.mp4,0,1,0.20652810787995582,0.7934718921200443,0.5869437842400885,1427,3,722.8270173072815,FAKE
/workspace/data/genbuster-mini/extracted/GenBuster-200K-mini/benchmark/fake/wanx/17828f9b485d2172bc80808a3dbc894b79c083e43d4d2d1b9cddd6f3df83fe73.mp4,1,1,0.9086178969328287,0.09138210306717136,0.8172357938656574,1427,3,727.3271009325981,FAKE
/workspace/data/genbuster-mini/extracted/GenBuster-200K-mini/benchmark/fake/wanx/164de5e0552624cdda1671fed80b22a35fd5d21e0ae294aaedc44e0c5c293699.mp4,1,0,0.9945246476239873,0.005475352376012721,0.9890492952479746,1427,2,691.3314983248711,REAL
/workspace/data/genbuster-mini/extracted/GenBuster-200K-mini/benchmark/fake/wanx/154f2d35c4eac50d636be2ad091c11a87b034cef8c1e98c6868ccc392dc0fdfa.mp4,0,1,0.260541931795387,0.7394580682046131,0.47891613640922615,1427,3,732.1955114603043,FAKE
/workspace/data/genbuster-mini/extracted/GenBuster-200K-mini/benchmark/fake/wanx/154903614bbbd53c1fc80d4017b0eb9f4c1e09dde034d08dbe46e60ed4d8ce8f.mp4,0,1,0.1951263574218271,0.8048736425781728,0.6097472851563457,1427,3,726.9414663314819,FAKE
/workspace/data/genbuster-mini/extracted/GenBuster-200K-mini/benchmark/fake/wanx/11a6795c013ce65e6a8b5c789bb3826285c6a7aec981f40135b7fb4747989185.mp4,0,1,0.2777342287039272,0.7222657712960728,0.4445315425921456,1427,3,725.6881967186928,FAKE
/workspace/data/genbuster-mini/extracted/GenBuster-200K-mini/benchmark/fake/wanx/115d4c912f2a8628b273d4def28ca3002b29349e56c928114805845ab4c0d2f8.mp4,1,1,0.8198933359135361,0.18010666408646395,0.6397866718270722,1427,3,720.4443663358688,FAKE
/workspace/data/genbuster-mini/extracted/GenBuster-200K-mini/benchmark/fake/wanx/1071116f75950607e03e037c1084c6b8287847fe79bb4d279ae5f125c464d96c.mp4,1,1,0.9969721649754317,0.0030278350245683794,0.9939443299508633,1427,3,718.1924805045128,FAKE
/workspace/data/genbuster-mini/extracted/GenBuster-200K-mini/benchmark/fake/wanx/0df1c67a1f9957b83296d4f651269ab22686cc2af56db0cb47363b247ead2ecb.mp4,1,0,0.9637019291144814,0.03629807088551862,0.9274038582289628,1427,2,690.5780583620071,REAL
/workspace/data/genbuster-mini/extracted/GenBuster-200K-mini/benchmark/fake/wanx/09313dfdc8f644a5a1ee2567c7a5ae789bec4f5658e69f48438e4ef5fc7f0848.mp4,1,1,0.8856314738181876,0.1143685261818125,0.7712629476363752,1427,3,727.4270579218864,FAKE
/workspace/data/genbuster-mini/extracted/GenBuster-200K-mini/benchmark/fake/wanx/08e0b506dd1b6561ef0f957641bad65a7282f324dedd63a0533193bbb1ea8d3c.mp4,1,0,0.9943098806185618,0.00569011938143806,0.9886197612371238,1427,2,684.5685541629791,REAL
/workspace/data/genbuster-mini/extracted/GenBuster-200K-mini/benchmark/fake/wanx/06ee3ffc7b97f2e7835870d3f98efe7379e9ba3a1043bde8420c3cca2ae5d920.mp4,1,1,0.785308580887758,0.2146914191122419,0.5706171617755161,1427,3,725.5402654409409,FAKE
/workspace/data/genbuster-mini/extracted/GenBuster-200K-mini/benchmark/fake/wanx/06695de08d80927057020947f92ce9e3f1e36a1874b4d3efd5208f65e05d1e11.mp4,0,1,0.21803458268050982,0.7819654173194902,0.5639308346389804,1427,3,717.5266146659851,FAKE
/workspace/data/genbuster-mini/extracted/GenBuster-200K-mini/benchmark/fake/wanx/050213285684b773ffe7f4148220f154556c81b2941dc89347e67633a8b9e825.mp4,0,1,0.2083017321576563,0.7916982678423438,0.5833965356846875,1427,3,717.6365926861763,FAKE
/workspace/data/genbuster-mini/extracted/GenBuster-200K-mini/benchmark/fake/wanx/04e88998cad24253fd42ba61f8f76d517c59621b8e09ed50955f453d70bd3340.mp4,1,1,0.8976952921073469,0.10230470789265303,0.7953905842146939,1427,3,718.2123214006424,FAKE
/workspace/data/genbuster-mini/extracted/GenBuster-200K-mini/benchmark/fake/wanx/03802cae3aae4d795d462f80ea15bd09bbaedd9704a610e8811d8a8750b19535.mp4,1,1,0.9973683260251155,0.00263167397488458,0.9947366520502309,1427,3,726.9486114382744,FAKE
/workspace/data/genbuster-mini/extracted/GenBuster-200K-mini/benchmark/fake/vidu/ffd1731f5ebdee43b90379395e26eaa7bbdad953dc11f2e45280984ea33d11b3.mp4,0,1,0.21318995140868963,0.7868100485913104,0.5736200971826209,1427,3,727.8845086693764,FAKE
/workspace/data/genbuster-mini/extracted/GenBuster-200K-mini/benchmark/fake/vidu/fbb04897cf7749f060f018f4458830b0605abe1ab3fb88da3b690b4b19870349.mp4,0,1,0.20313498110392414,0.796865018896076,0.5937300377921518,1427,3,720.0602367520332,FAKE
/workspace/data/genbuster-mini/extracted/GenBuster-200K-mini/benchmark/fake/vidu/fb5ac50dc32d43bdd7a4feb55b86c46c46839be64fcb2d4621849fb73fd0aa2d.mp4,1,1,0.7826624789529376,0.21733752104706247,0.5653249579058751,1427,3,725.2940759062767,FAKE
/workspace/data/genbuster-mini/extracted/GenBuster-200K-mini/benchmark/fake/vidu/fb35cc5516fb0e26ab347c3c67864cf5c3da3d651781bd44f0ba28c3a0b08acc.mp4,0,1,0.20229310297862438,0.7977068970213755,0.5954137940427512,1427,3,718.8276052474976,FAKE
/workspace/data/genbuster-mini/extracted/GenBuster-200K-mini/benchmark/fake/vidu/fa99bbd55687acd7e63a4138cf4e08fa59a8680a5c414d96f6ea8c40da71dae5.mp4,1,0,0.978836298223145,0.021163701776854924,0.9576725964462901,1427,2,685.5231449007988,REAL
/workspace/data/genbuster-mini/extracted/GenBuster-200K-mini/benchmark/fake/vidu/f8c05f46b554d98ef8c6c86343dc60882af69fbfd6ea4109b1a7976606e41e27.mp4,0,1,0.2371888624350656,0.7628111375649345,0.5256222751298689,1427,3,735.5011254549026,FAKE
/workspace/data/genbuster-mini/extracted/GenBuster-200K-mini/benchmark/fake/vidu/f8b5e11e791b162a8d167380a78294e4869da397297481cc3895045970592af1.mp4,1,0,0.9915699322201521,0.008430067779847972,0.9831398644403041,1427,2,708.2613557577133,REAL
/workspace/data/genbuster-mini/extracted/GenBuster-200K-mini/benchmark/fake/vidu/f7f1e3f6a1db9ff4382f59df6270ceca2759029d861c770ed3158b96b1314d23.mp4,0,1,0.21350221811300424,0.7864977818869957,0.5729955637739914,1427,3,717.4137383699417,FAKE
/workspace/data/genbuster-mini/extracted/GenBuster-200K-mini/benchmark/fake/vidu/f27ecdb5d37f988bd873d24ce2cf283187c0ac13a66dc55b331d8d4a0af308f6.mp4,0,1,0.22276469396510992,0.77723530603489,0.5544706120697801,1427,3,716.7728841304779,FAKE
/workspace/data/genbuster-mini/extracted/GenBuster-200K-mini/benchmark/fake/vidu/eb7ab44b766c1ec337453b8167b6c66e48a5e3d73bbf18135e8c4147050c236d.mp4,1,0,0.9764563479441257,0.023543652055874324,0.9529126958882514,1427,2,684.6665516495705,REAL
/workspace/data/genbuster-mini/extracted/GenBuster-200K-mini/benchmark/fake/vidu/e911eb2695265d5b649a346d246ec0dd330fa5c337110700b1669bb2241aaffe.mp4,1,1,0.8311430478583168,0.16885695214168314,0.6622860957166337,1427,3,722.6096987724304,FAKE
/workspace/data/genbuster-mini/extracted/GenBuster-200K-mini/benchmark/fake/vidu/e2559f15d1e54a4a3f96ebb64eb1497c69e96c0bc38dc57ee4c863b1b60bc3fd.mp4,0,1,0.22697952033205804,0.773020479667942,0.5460409593358839,1427,3,720.2064767479897,FAKE
/workspace/data/genbuster-mini/extracted/GenBuster-200K-mini/benchmark/fake/vidu/de52d676990908387fadbf7f981fc5f9c5d2d50a39dd1196031ef12493c3fe48.mp4,1,0,0.9785492508063098,0.021450749193690267,0.9570985016126196,1427,2,686.5354478359222,REAL
/workspace/data/genbuster-mini/extracted/GenBuster-200K-mini/benchmark/fake/vidu/dde19af241b7b56ff03b4f032938cae5b4d3203e5b7039263bf23dd1e792c673.mp4,1,0,0.940996592937412,0.05900340706258809,0.8819931858748239,1427,2,685.6710910797119,REAL
/workspace/data/genbuster-mini/extracted/GenBuster-200K-mini/benchmark/fake/vidu/d99d845d9bc29c055dfb8e34846006371808244075faee0b17fb995a8714e3b7.mp4,1,0,0.9900232330913551,0.009976766908644803,0.9800464661827103,1427,2,689.0932694077492,REAL
/workspace/data/genbuster-mini/extracted/GenBuster-200K-mini/benchmark/fake/vidu/d8c83392ce8f59a85a9cc326b6c40a3c43ec6322a52ea2e5fe7ed7243991e56b.mp4,1,1,0.8354835371034369,0.1645164628965632,0.6709670742068737,1427,3,721.5591594576836,FAKE
/workspace/data/genbuster-mini/extracted/GenBuster-200K-mini/benchmark/fake/vidu/d7a7e59e933a6a34e4f40588f7111b8703f373bf863f981c1723ad52058f782e.mp4,1,1,0.8289388083214156,0.17106119167858438,0.6578776166428313,1427,3,716.5980115532875,FAKE
/workspace/data/genbuster-mini/extracted/GenBuster-200K-mini/benchmark/fake/vidu/d781de3f0a6f992554114612dfc564af84e63486547a125e0fc96429b9ab29c1.mp4,1,0,0.9961882483002542,0.0038117516997458172,0.9923764966005084,1427,2,685.1136237382889,REAL
/workspace/data/genbuster-mini/extracted/GenBuster-200K-mini/benchmark/fake/vidu/d5b9f8f7e5c56d01b1ac2a2f863040f770b1a6065a5a911f7c2e491fa39cc210.mp4,0,1,0.21312757002673,0.78687242997327,0.57374485994654,1427,3,720.8368107676506,FAKE
/workspace/data/genbuster-mini/extracted/GenBuster-200K-mini/benchmark/fake/vidu/d1faf4107fd672fe123c439cf5e0fa0efb29257dd0d1671aac0d4496cc478bd2.mp4,0,1,0.19806432514559677,0.8019356748544032,0.6038713497088064,1427,3,730.0631329417229,FAKE
/workspace/data/genbuster-mini/extracted/GenBuster-200K-mini/benchmark/fake/vidu/cf4947906005c8a5b2787ac1fadffd6a212d453e94d25cbd7dac5b0435e95f2c.mp4,1,1,0.7772998611746911,0.22270013882530884,0.5545997223493823,1427,3,726.28553211689,FAKE
/workspace/data/genbuster-mini/extracted/GenBuster-200K-mini/benchmark/fake/vidu/cdacb01e2591a6d14f6e5fcf8a5b4456b78797f4f95237dd25d10e3f91654419.mp4,0,1,0.21350221811300424,0.7864977818869957,0.5729955637739914,1427,3,718.6702340841293,FAKE
/workspace/data/genbuster-mini/extracted/GenBuster-200K-mini/benchmark/fake/vidu/cdaae2650982c251ef29471d89c25cad2a3772067c62a2428978dfba5e1ba1d7.mp4,1,0,0.9870367417356908,0.012963258264309293,0.9740734834713815,1427,2,683.6663633584976,REAL
/workspace/data/genbuster-mini/extracted/GenBuster-200K-mini/benchmark/fake/vidu/ccf3e06de4b918259fd42ed540e80def7e2365966bd2a01b230046c6bc522c8c.mp4,1,0,0.9905874015203335,0.009412598479666391,0.9811748030406672,1427,2,687.1567144989967,REAL
/workspace/data/genbuster-mini/extracted/GenBuster-200K-mini/benchmark/fake/vidu/cc8ecb26c0d6c779b623c721302b0face5bf98caa6d8d0bc4aed0e7ccb9bb267.mp4,1,1,0.9518632288833652,0.04813677111663481,0.9037264577667303,1427,3,724.4445532560349,FAKE
/workspace/data/genbuster-mini/extracted/GenBuster-200K-mini/benchmark/fake/vidu/cbcac6eab85d3878a174f4b0fb06a594195b060a0f8fd7b6b0a459b37617c4e7.mp4,1,0,0.9242720866140959,0.07572791338590404,0.8485441732281919,1427,2,692.8558349609375,REAL
/workspace/data/genbuster-mini/extracted/GenBuster-200K-mini/benchmark/fake/vidu/cb9a18a09cba3de80ce13614ba3d872d22bb833abee9f73f147f56e7cdbae3c1.mp4,1,1,0.9822877012965885,0.017712298703411445,0.9645754025931771,1427,3,720.5563560128212,FAKE
/workspace/data/genbuster-mini/extracted/GenBuster-200K-mini/benchmark/fake/vidu/cb545badfda64c6289b33103918d94edf5f2af03570be265324e4b2547e44996.mp4,1,0,0.9361294575350537,0.06387054246494642,0.8722589150701073,1427,2,687.5732392072678,REAL
/workspace/data/genbuster-mini/extracted/GenBuster-200K-mini/benchmark/fake/vidu/c9e5c502219b25a19a41663fcd446994768ad0243c2847be062ee4596d6bcc0f.mp4,0,1,0.17559204597234182,0.8244079540276582,0.6488159080553164,1427,3,719.7908014059067,FAKE
/workspace/data/genbuster-mini/extracted/GenBuster-200K-mini/benchmark/fake/vidu/c980639c2c687069d0309680d74972b3cbc64ef778f6c236783a672b80d5d983.mp4,1,0,0.993108900432262,0.006891099567737965,0.986217800864524,1427,2,684.4961643218994,REAL
/workspace/data/genbuster-mini/extracted/GenBuster-200K-mini/benchmark/fake/vidu/c7a85d4fc46c191623355c284e3bd1385c513f3eae4dc0a5ea6bb4b49203f06c.mp4,0,1,0.19210604832994888,0.8078939516700511,0.6157879033401021,1427,3,726.9299477338791,FAKE
/workspace/data/genbuster-mini/extracted/GenBuster-200K-mini/benchmark/fake/vidu/c664b7e1ac5e9073f19c20cd1dbdfce217f57dc484d7ce75861fcdf8110c3fd2.mp4,0,1,0.18471163713418462,0.8152883628658154,0.6305767257316308,1427,3,720.7456603646278,FAKE
/workspace/data/genbuster-mini/extracted/GenBuster-200K-mini/benchmark/fake/vidu/c56143c71b657145e00a3fcffd0c3ff463d729e65206f3463882638d33085a46.mp4,1,0,0.9930629191387699,0.006937080861230267,0.9861258382775396,1427,2,688.0714893341064,REAL
/workspace/data/genbuster-mini/extracted/GenBuster-200K-mini/benchmark/fake/vidu/c4cd56399d951e019695aea35d5bca324f9969ea294aa0a3746a618fae7d7ebb.mp4,1,1,0.8933094060543487,0.10669059394565118,0.7866188121086976,1427,3,720.8095267415047,FAKE
/workspace/data/genbuster-mini/extracted/GenBuster-200K-mini/benchmark/fake/vidu/c47794f818247534dee6056d142cfe9a6bad0ce67969904d3f8e061c418de993.mp4,1,1,0.8031737963569016,0.1968262036430985,0.6063475927138031,1427,3,718.5813933610916,FAKE
/workspace/data/genbuster-mini/extracted/GenBuster-200K-mini/benchmark/fake/vidu/c13388b12702987d3dd578f0faf83b0d5e4ff83b4d27dc6ff6104ef7f8c08ffa.mp4,1,0,0.9918602833279323,0.008139716672067754,0.9837205666558646,1427,2,689.0549287199974,REAL
/workspace/data/genbuster-mini/extracted/GenBuster-200K-mini/benchmark/fake/vidu/c06ceb48433a94a308880a0fa934f29e7a2fb4f14347dc446a7a1c3797bd7b20.mp4,0,1,0.23631480883225028,0.7636851911677497,0.5273703823354994,1427,3,726.7878204584122,FAKE
/workspace/data/genbuster-mini/extracted/GenBuster-200K-mini/benchmark/fake/vidu/bd4d0c651b426f01ac2aeb5d7b06f9ada9f0aea4864d3de5a7a72fb3b8b532cb.mp4,0,1,0.18016173417635378,0.8198382658236463,0.6396765316472925,1427,3,724.2692559957504,FAKE
/workspace/data/genbuster-mini/extracted/GenBuster-200K-mini/benchmark/fake/vidu/bce4e534f85f213e8525c5dcddf5845f3af3b2c7b5e2add0385de5a7bdba55a6.mp4,1,1,0.9005297861178929,0.09947021388210707,0.8010595722357858,1427,3,717.9311588406563,FAKE
/workspace/data/genbuster-mini/extracted/GenBuster-200K-mini/benchmark/fake/vidu/b9c3b8dac8e0722990269aa8c46394f88994d8f754240c0bead164d72f638751.mp4,0,1,0.19841901950497287,0.8015809804950271,0.6031619609900543,1427,3,717.284619808197,FAKE
/workspace/data/genbuster-mini/extracted/GenBuster-200K-mini/benchmark/fake/vidu/b66bc0d6f845ad0ddf6284d5ec55df63ea327847f66a1c919c338164b98a5ad5.mp4,1,0,0.9695666000381525,0.030433399961847553,0.939133200076305,1427,2,691.8075233697891,REAL
/workspace/data/genbuster-mini/extracted/GenBuster-200K-mini/benchmark/fake/vidu/b47751e279b487c08c402d6fa42cc59e58719dd0d96c2901454ec9441ee61300.mp4,1,0,0.9949546265703685,0.005045373429631519,0.989909253140737,1427,2,687.5527575612068,REAL
/workspace/data/genbuster-mini/extracted/GenBuster-200K-mini/benchmark/fake/vidu/b4763ca82358a2902715abf39897bed5380a3175dac3556dd19b196352b27553.mp4,1,0,0.9933195008985228,0.006680499101477056,0.9866390017970458,1427,2,692.0118257403374,REAL
/workspace/data/genbuster-mini/extracted/GenBuster-200K-mini/benchmark/fake/vidu/b45288c4218dd433ad16ba2f038108fcda78b19e4d58c45baa89dd1ac1e95db4.mp4,1,0,0.9943726787265488,0.005627321273451197,0.9887453574530976,1427,2,688.3245632052422,REAL
/workspace/data/genbuster-mini/extracted/GenBuster-200K-mini/benchmark/fake/vidu/b2d31d5504bed6256cdb186e5ee96ee53d265dc072ce0734954afa0627c77463.mp4,1,0,0.9931368495377008,0.006863150462299274,0.9862736990754015,1427,2,685.9155967831612,REAL
/workspace/data/genbuster-mini/extracted/GenBuster-200K-mini/benchmark/fake/vidu/b23d282b61cbee1db895681dfe7dd46c8f0ed797e9917615d8fa3bd2ec5a0cc5.mp4,1,0,0.9870176920904239,0.012982307909576078,0.9740353841808478,1427,2,689.6019726991653,REAL
/workspace/data/genbuster-mini/extracted/GenBuster-200K-mini/benchmark/fake/vidu/acf8f247b54b14c281555ecca9bc0115272247e2df075a65feba98d6231bfe04.mp4,0,1,0.2547783073857186,0.7452216926142814,0.4904433852285628,1427,3,725.9938418865204,FAKE
/workspace/data/genbuster-mini/extracted/GenBuster-200K-mini/benchmark/fake/vidu/ac4c4289549c4bc246adbb7a7458d9e79661c67a55ea24f7b81ea6204e5bd461.mp4,0,1,0.24694828749161707,0.753051712508383,0.506103425016766,1427,3,718.375138938427,FAKE
/workspace/data/genbuster-mini/extracted/GenBuster-200K-mini/benchmark/fake/vidu/ac48d272ae8bf4c145b83284eec4554afae00e5ef434efe8627397b9c44f83d4.mp4,1,1,0.8670357598021706,0.13296424019782924,0.7340715196043414,1427,3,724.3871912360191,FAKE
/workspace/data/genbuster-mini/extracted/GenBuster-200K-mini/benchmark/fake/vidu/a9b6f8bd690ccb9f3541628dd33d83a016642fc6705fefe8a155abede5d8f05d.mp4,1,1,0.8104789086703224,0.18952109132967757,0.6209578173406448,1427,3,721.126951277256,FAKE
/workspace/data/genbuster-mini/extracted/GenBuster-200K-mini/benchmark/fake/vidu/a8aeef225d67a0f951863f99e1f0fe4f6c70a36be153cf887c7f05ac1cd4d30d.mp4,0,1,0.21244209376465645,0.7875579062353435,0.575115812470687,1427,3,721.4592769742012,FAKE
/workspace/data/genbuster-mini/extracted/GenBuster-200K-mini/benchmark/fake/vidu/a899a80d540ca052b721857fe4c98d50e8687222f50347092859f702b44ce8ea.mp4,1,0,0.994192938407401,0.005807061592598902,0.9883858768148021,1427,2,685.6569573283195,REAL
/workspace/data/genbuster-mini/extracted/GenBuster-200K-mini/benchmark/fake/vidu/a76e1c5d013a4f695814d16ae72555a0698c0d344c79c5358d8b681775c8fa0b.mp4,0,1,0.218098002231978,0.781901997768022,0.5638039955360441,1427,3,717.7551090717316,FAKE
/workspace/data/genbuster-mini/extracted/GenBuster-200K-mini/benchmark/fake/vidu/a6de1cf21017055026ea8e6329499e43d88936cb562b33b6b227263c9d99aad3.mp4,1,0,0.9865963597014368,0.013403640298563209,0.9731927194028736,1427,2,695.090189576149,REAL
/workspace/data/genbuster-mini/extracted/GenBuster-200K-mini/benchmark/fake/vidu/a639cebe1881b6a96d013985df23e16c06bca3c27564f206b156b2a586824863.mp4,1,0,0.9835729317709292,0.016427068229070668,0.9671458635418585,1427,2,686.2205043435097,REAL
/workspace/data/genbuster-mini/extracted/GenBuster-200K-mini/benchmark/fake/vidu/a5e11bb954decff3b1750e55f097629eee621ccfa39bb23c8e544ef157c802f6.mp4,0,1,0.23177991821550223,0.7682200817844977,0.5364401635689955,1427,3,728.5131067037582,FAKE
/workspace/data/genbuster-mini/extracted/GenBuster-200K-mini/benchmark/fake/vidu/a2f23d89ca6ede2bfcdc6ea067b357a706a15428eb42f3937045febadef91629.mp4,1,0,0.9861869007865544,0.01381309921344556,0.9723738015731088,1427,2,698.5618248581886,REAL
/workspace/data/genbuster-mini/extracted/GenBuster-200K-mini/benchmark/fake/vidu/9ee3cdeb8ffc60ec4dd2d201ab5155224802b061c0edb899a54d320e5be73ab5.mp4,0,1,0.1947759692292654,0.8052240307707347,0.6104480615414692,1427,3,718.70057284832,FAKE
/workspace/data/genbuster-mini/extracted/GenBuster-200K-mini/benchmark/fake/vidu/9de860b81878ef2ec08427edc360b9838cfa164ecc87fb821502c3ef2c8bae23.mp4,1,1,0.7931059511841119,0.2068940488158881,0.5862119023682237,1427,3,730.5826768279076,FAKE
/workspace/data/genbuster-mini/extracted/GenBuster-200K-mini/benchmark/fake/vidu/9dd961bf5478cdde209f087bf54478cb2dfd2cc4c44660b2153723055a7ca93b.mp4,1,0,0.9785726796069206,0.02142732039307945,0.9571453592138411,1427,2,693.8294619321823,REAL
/workspace/data/genbuster-mini/extracted/GenBuster-200K-mini/benchmark/fake/vidu/9dc618f92f9722dddbf55bb985ab47bf1fa515866bf52a94b14ae4bc58cf2aea.mp4,0,1,0.20719952218075743,0.7928004778192426,0.5856009556384851,1427,3,728.7125810980797,FAKE
/workspace/data/genbuster-mini/extracted/GenBuster-200K-mini/benchmark/fake/vidu/9d93f4357a4c3168b0836c3580d161aca80dc9f50112b3e5018c95662e9eba60.mp4,1,1,0.8267117940706734,0.17328820592932656,0.6534235881413468,1427,3,718.2487174868584,FAKE
/workspace/data/genbuster-mini/extracted/GenBuster-200K-mini/benchmark/fake/vidu/9af1445d154423152485151a982119d7d21fa7e695534ffd9a390d66e5487cb2.mp4,0,1,0.1929156355290955,0.8070843644709045,0.614168728941809,1427,3,729.9528941512108,FAKE
/workspace/data/genbuster-mini/extracted/GenBuster-200K-mini/benchmark/fake/vidu/99ecc949804861fa0aeb0044df192812727a5cb9bd045797e48f2737a9cb3026.mp4,0,1,0.22045436556102713,0.7795456344389728,0.5590912688779457,1427,3,723.2859879732132,FAKE
/workspace/data/genbuster-mini/extracted/GenBuster-200K-mini/benchmark/fake/vidu/97ee406ba4048a680a8a006f3233b8b7124330333eab9058f24e49eaf0f979b3.mp4,1,0,0.9766267966872133,0.023373203312786663,0.9532535933744266,1427,2,688.820593059063,REAL
/workspace/data/genbuster-mini/extracted/GenBuster-200K-mini/benchmark/fake/vidu/96a9ece19a8074e066b70228cba07961387dad2af64ff760ec8431300dac796d.mp4,0,1,0.2036775212717935,0.7963224787282066,0.5926449574564131,1427,3,723.4242260456085,FAKE
/workspace/data/genbuster-mini/extracted/GenBuster-200K-mini/benchmark/fake/vidu/94f3177fe30076050bc610ad7e9700ab82c9137300631c580d4643655924720a.mp4,0,1,0.18838098426460187,0.8116190157353981,0.6232380314707961,1427,3,731.4353585243225,FAKE
/workspace/data/genbuster-mini/extracted/GenBuster-200K-mini/benchmark/fake/vidu/8fb144834350ae3621720b66e52707a4cda159093e991e63ed6ae693033e90a6.mp4,1,1,0.9465966702001757,0.053403329799824234,0.8931933404003515,1427,3,726.6464829444885,FAKE
/workspace/data/genbuster-mini/extracted/GenBuster-200K-mini/benchmark/fake/vidu/8f84e2c1bd0043ced1beba7d530c80d1cbe24a72dc27d5815a3afca29aa7454f.mp4,1,0,0.9764392408878867,0.023560759112113354,0.9528784817757734,1427,2,714.2441123723984,REAL
/workspace/data/genbuster-mini/extracted/GenBuster-200K-mini/benchmark/fake/vidu/8b64db300a2bf9aec9240ccd55281f23b7cf868068add5c008de89e8be818b92.mp4,0,1,0.19355359113510306,0.8064464088648969,0.6128928177297939,1427,3,719.8020592331886,FAKE
/workspace/data/genbuster-mini/extracted/GenBuster-200K-mini/benchmark/fake/vidu/8b085c74bb789c54f5044ea3b2cc27f1c2cfeca4b65e6c16c22d2cb9d679919f.mp4,1,1,0.8670357598021706,0.13296424019782924,0.7340715196043414,1427,3,730.3363159298897,FAKE
/workspace/data/genbuster-mini/extracted/GenBuster-200K-mini/benchmark/fake/vidu/8654957a5deafd4b0327f217a52e176073b51f1ea42c60a14c05233c7721c961.mp4,0,1,0.22173571781094098,0.778264282189059,0.5565285643781179,1427,3,740.387573838234,FAKE
/workspace/data/genbuster-mini/extracted/GenBuster-200K-mini/benchmark/fake/vidu/840cc7f1270e90c7826e94d49d2591004ce47e58219084d8c848361ae84717e4.mp4,1,0,0.9903414668943952,0.009658533105604807,0.9806829337887903,1427,2,696.0194408893585,REAL
/workspace/data/genbuster-mini/extracted/GenBuster-200K-mini/benchmark/fake/vidu/83bfb866e4fd3d6c34bfe4a7b2c8887e54045e9cda2a26cb006e894a82672de4.mp4,0,1,0.23464051285961676,0.7653594871403833,0.5307189742807665,1427,3,718.8142314553261,FAKE
/workspace/data/genbuster-mini/extracted/GenBuster-200K-mini/benchmark/fake/vidu/833c872d7ffa6a673a02ea420d6eadf2ca1bcfd67b87cd36054f60f3da9de48f.mp4,0,1,0.19227928128958496,0.807720718710415,0.61544143742083,1427,3,718.1673645973206,FAKE
/workspace/data/genbuster-mini/extracted/GenBuster-200K-mini/benchmark/fake/vidu/8163e84bc1f01b74d208a5df24d0d3d95738c2f9d5d33055f8c1684c18d35ec9.mp4,0,1,0.21262883848869127,0.7873711615113087,0.5747423230226174,1427,3,721.3650643825531,FAKE
/workspace/data/genbuster-mini/extracted/GenBuster-200K-mini/benchmark/fake/vidu/8042ef5280099d370ebfa91a8eb910a159a0960900b93a062e34b52d6242265c.mp4,1,0,0.9866601617078127,0.013339838292187385,0.9733203234156252,1427,2,695.7331672310829,REAL
/workspace/data/genbuster-mini/extracted/GenBuster-200K-mini/benchmark/fake/vidu/7d38a3a0b42f4a60fb37e56ba93a2db4f3971c3c3a0400f2660b4f8cbc9ab2f0.mp4,0,1,0.21064259539801075,0.7893574046019893,0.5787148092039786,1427,3,720.5757945775986,FAKE
/workspace/data/genbuster-mini/extracted/GenBuster-200K-mini/benchmark/fake/vidu/7c203cd10a07628e09779cbcb01c6922cd1edb198f5b6b583472559a118a1df9.mp4,0,1,0.19676756373415533,0.8032324362658446,0.6064648725316892,1427,3,732.4422150850296,FAKE
/workspace/data/genbuster-mini/extracted/GenBuster-200K-mini/benchmark/fake/vidu/7a93012f0d971e7ebeb67fcbba84d81061bfb75e460051aeb13619fe2665e96f.mp4,0,1,0.22528676041711784,0.7747132395828822,0.5494264791657644,1427,3,719.933420419693,FAKE
/workspace/data/genbuster-mini/extracted/GenBuster-200K-mini/benchmark/fake/vidu/77ec4fdeef91e6ba34a7b84a4ff662e83ec68357714ba8252188c2b1cbe9830b.mp4,1,1,0.8031737963569016,0.1968262036430985,0.6063475927138031,1427,3,724.0661904215813,FAKE
/workspace/data/genbuster-mini/extracted/GenBuster-200K-mini/benchmark/fake/vidu/76de6505187ecee306a2b795aa2d2f88b920a2069be82bb7d96812b9abca1097.mp4,0,1,0.2165791188842329,0.7834208811157671,0.5668417622315343,1427,3,719.9568822979927,FAKE
/workspace/data/genbuster-mini/extracted/GenBuster-200K-mini/benchmark/fake/vidu/764ce52d7a07e4537959b1c46d062f5990df32e46cf29372eabe12a2e64a1079.mp4,1,0,0.9904300214266651,0.009569978573334905,0.9808600428533303,1427,2,703.0977681279182,REAL
/workspace/data/genbuster-mini/extracted/GenBuster-200K-mini/benchmark/fake/vidu/762b0df89d04b6c512840046438f996aeedaaa322c865d02cca6fc3eac7c7618.mp4,0,1,0.2152566480927942,0.7847433519072059,0.5694867038144117,1427,3,731.6949144005775,FAKE
/workspace/data/genbuster-mini/extracted/GenBuster-200K-mini/benchmark/fake/vidu/6f4a0028c2681b426703101fcf23538934b03c62095658117fbbcb2bd6a968a7.mp4,0,1,0.17233107453063762,0.8276689254693624,0.6553378509387249,1427,3,717.2285690903664,FAKE
/workspace/data/genbuster-mini/extracted/GenBuster-200K-mini/benchmark/fake/vidu/6d62cbe45288bfbde6d0464eb62559fbff043a881e95daf7e1c81e872db46a47.mp4,1,0,0.9891016260047591,0.010898373995240792,0.9782032520095184,1427,2,688.541442155838,REAL
/workspace/data/genbuster-mini/extracted/GenBuster-200K-mini/benchmark/fake/vidu/6d1bc8da821425d9fcf387272d49f109818fc926559d90b804b73929d0a338b1.mp4,0,1,0.20683318184776947,0.7931668181522304,0.586333636304461,1427,3,718.4354662895203,FAKE
/workspace/data/genbuster-mini/extracted/GenBuster-200K-mini/benchmark/fake/vidu/6c61e9c60791ad2fdeb4d7e1c9a3684cf30daf195fff5b2a0680a6cb98e58d96.mp4,0,1,0.19541858723099984,0.8045814127690002,0.6091628255380004,1427,3,721.8613922595978,FAKE
/workspace/data/genbuster-mini/extracted/GenBuster-200K-mini/benchmark/fake/vidu/6b42813e0e8fcfd715bd313303bfd41d3c23b47d6b32afc8cdf40e89d1dcb593.mp4,1,1,0.8198933359135361,0.18010666408646395,0.6397866718270722,1427,3,725.8799895644188,FAKE
/workspace/data/genbuster-mini/extracted/GenBuster-200K-mini/benchmark/fake/vidu/684aeb38258ec99336cb94ee3337cfc702ebf1f95ef239f348eef7822ff63b56.mp4,0,1,0.22874668706503254,0.7712533129349675,0.5425066258699349,1427,3,721.2340459227562,FAKE
/workspace/data/genbuster-mini/extracted/GenBuster-200K-mini/benchmark/fake/vidu/66d55151e1f0c7c1a9559f75544dfee9a732dc2ece13b6d57a16539d4b8d25a9.mp4,1,0,0.9930320980121561,0.006967901987843881,0.9860641960243122,1427,2,690.923310816288,REAL
/workspace/data/genbuster-mini/extracted/GenBuster-200K-mini/benchmark/fake/vidu/62d0ad59f553a4fd8c97c272ec02d99dab87eeb779225b6563a91b022616213f.mp4,0,1,0.19576985038982703,0.8042301496101729,0.6084602992203458,1427,3,723.8176316022873,FAKE
/workspace/data/genbuster-mini/extracted/GenBuster-200K-mini/benchmark/fake/vidu/62aaa2e8e8782251a24f2dfbfd6d7620cbaecd6a07657cd8b95d767100543669.mp4,0,1,0.21318995140868963,0.7868100485913104,0.5736200971826209,1427,3,721.1788222193718,FAKE
/workspace/data/genbuster-mini/extracted/GenBuster-200K-mini/benchmark/fake/vidu/5dbdff8ab8cbf8271cc892f26c74b148d9c86c6bafe887c224b1d636169ae7d9.mp4,0,1,0.1853286925894367,0.8146713074105633,0.6293426148211265,1427,3,721.3821187615395,FAKE
/workspace/data/genbuster-mini/extracted/GenBuster-200K-mini/benchmark/fake/vidu/5d86def21a18f8af4be39bf7ff0750c67d6fbcfdae60257701959df9b980d6c5.mp4,0,1,0.20199317386643897,0.798006826133561,0.596013652267122,1427,3,722.9936271905899,FAKE
/workspace/data/genbuster-mini/extracted/GenBuster-200K-mini/benchmark/fake/vidu/5d54ef5e11a0b31641573d58048245ccd57adef9792d0f3de41608adf7c7ae48.mp4,0,1,0.1730751779233736,0.8269248220766263,0.6538496441532528,1427,3,722.5762531161308,FAKE
/workspace/data/genbuster-mini/extracted/GenBuster-200K-mini/benchmark/fake/vidu/5bebd02f412fa60f1930a1be2befb7067246571b2a323e9d49776b8deb1a8723.mp4,0,1,0.21513085893118492,0.7848691410688151,0.5697382821376302,1427,3,724.3232801556587,FAKE
/workspace/data/genbuster-mini/extracted/GenBuster-200K-mini/benchmark/fake/vidu/5379c7a0d2510102e30d74cbe48be981de38752704277cdf33f887a99d92b65c.mp4,0,1,0.19712050666975012,0.8028794933302499,0.6057589866604998,1427,3,720.7467034459114,FAKE
/workspace/data/genbuster-mini/extracted/GenBuster-200K-mini/benchmark/fake/vidu/50fe90bd7f3d0d00343e943b007a45d9eb44a38c8c7f5a2d06144bd0c882c99e.mp4,0,1,0.1672965072865156,0.8327034927134843,0.6654069854269687,1427,3,731.2791347503662,FAKE
/workspace/data/genbuster-mini/extracted/GenBuster-200K-mini/benchmark/fake/vidu/50a25d65f1bbf9078bcafb264f873e7350c74b4fc49f7086b74c359614e0bd15.mp4,1,1,0.9802808718926534,0.01971912810734659,0.9605617437853069,1427,3,719.167947769165,FAKE
/workspace/data/genbuster-mini/extracted/GenBuster-200K-mini/benchmark/fake/vidu/4dc91967db651e39d49f1b61451cdcfbc7593549e8ed4f9573863972b2fca0ac.mp4,1,0,0.9634931200746746,0.036506879925325475,0.9269862401493492,1427,2,686.839759349823,REAL
/workspace/data/genbuster-mini/extracted/GenBuster-200K-mini/benchmark/fake/vidu/4c7ec46c56275445fc68d18f9c5f0abe5ef13a7a1288b67fc603ceb6279da068.mp4,0,1,0.2133773354883616,0.7866226645116383,0.5732453290232767,1427,3,717.9559394717216,FAKE
/workspace/data/genbuster-mini/extracted/GenBuster-200K-mini/benchmark/fake/vidu/4c08c0d31a9fae0d6bcfba53c2e9efa7e979cb1fb61355c3ab9a0db1d36eb967.mp4,1,1,0.8902942261220291,0.10970577387797074,0.7805884522440584,1427,3,717.329777777195,FAKE
/workspace/data/genbuster-mini/extracted/GenBuster-200K-mini/benchmark/fake/vidu/49879bf764c49ea2a5002cb4a1b625afbeea93e87531db44d26443685320facd.mp4,1,0,0.9843592730630462,0.015640726936953765,0.9687185461260924,1427,2,686.2226724624634,REAL
/workspace/data/genbuster-mini/extracted/GenBuster-200K-mini/benchmark/fake/vidu/469a7079700a2d9117a6adb31071e54431326789ac2ae555e836fb2a816dabaa.mp4,1,0,0.9930063087939021,0.0069936912060979285,0.9860126175878041,1427,2,684.4178661704063,REAL
/workspace/data/genbuster-mini/extracted/GenBuster-200K-mini/benchmark/fake/vidu/44450ae6a80876b00c7476927c4e9261b88b12d489d29fb4646bbde454dbb098.mp4,1,0,0.976838153706567,0.02316184629343309,0.9536763074131339,1427,2,688.689798116684,REAL
/workspace/data/genbuster-mini/extracted/GenBuster-200K-mini/benchmark/fake/vidu/41d483b1fe47f144fef3c7c9e726b0b30b2d99c9f71fe5a12c878a81e024373f.mp4,1,0,0.9683812035307678,0.03161879646923228,0.9367624070615356,1427,2,683.7985441088676,REAL
/workspace/data/genbuster-mini/extracted/GenBuster-200K-mini/benchmark/fake/vidu/3f681018b0be05b57f8c8df4990bc008b9082517fcce657e9eef601fddc55fce.mp4,0,1,0.20223309057433067,0.7977669094256693,0.5955338188513386,1427,3,718.6959311366081,FAKE
/workspace/data/genbuster-mini/extracted/GenBuster-200K-mini/benchmark/fake/vidu/3f3964f21feb0ec913200982745a75dfde314472426c81e42c66e3e06ff8452f.mp4,0,1,0.21803458268050982,0.7819654173194902,0.5639308346389804,1427,3,718.6672985553741,FAKE
/workspace/data/genbuster-mini/extracted/GenBuster-200K-mini/benchmark/fake/vidu/3ef83b3f98f4e039b5663913a3d686ccc7cd38b8a3d9163fe68870ded0a1de6c.mp4,0,1,0.2186060003413653,0.7813939996586348,0.5627879993172695,1427,3,720.6742465496063,FAKE
/workspace/data/genbuster-mini/extracted/GenBuster-200K-mini/benchmark/fake/vidu/3b06b316991a12373a85d9c24df990851bb7eaa1454161985e65eded101819ec.mp4,1,1,0.785308580887758,0.2146914191122419,0.5706171617755161,1427,3,720.4015329480171,FAKE
/workspace/data/genbuster-mini/extracted/GenBuster-200K-mini/benchmark/fake/vidu/38b8f737e1722eb23258d7d3617ad6a29bc725d4950e28201bac3170d5e94fbe.mp4,1,0,0.989893802467426,0.010106197532573965,0.9797876049348521,1427,2,689.8101791739464,REAL
/workspace/data/genbuster-mini/extracted/GenBuster-200K-mini/benchmark/fake/vidu/380e39c488ef8203ee87791b6557690366710eb784b209fcff08d1cd3f096d6b.mp4,1,1,0.9173026573249612,0.08269734267503885,0.8346053146499224,1427,3,732.9701855778694,FAKE
/workspace/data/genbuster-mini/extracted/GenBuster-200K-mini/benchmark/fake/vidu/360b64515cd598bca0409d61a255c99d2860d995e80b042a21737a71bf9ff736.mp4,1,0,0.9657275864149153,0.0342724135850846,0.9314551728298307,1427,2,687.0380192995071,REAL
/workspace/data/genbuster-mini/extracted/GenBuster-200K-mini/benchmark/fake/vidu/35b53c52445d0016282a4e341ef975229caa89b64921288de2754cae925176a2.mp4,0,1,0.2580410510455258,0.7419589489544741,0.4839178979089483,1427,3,721.4933335781097,FAKE
/workspace/data/genbuster-mini/extracted/GenBuster-200K-mini/benchmark/fake/vidu/31c9f8eb57eeaefc4e2e2ae6362ae737203464098bd5c45b748b01afa2aa937f.mp4,1,0,0.9728700631539383,0.027129936846061756,0.9457401263078765,1427,2,687.6632794737816,REAL
/workspace/data/genbuster-mini/extracted/GenBuster-200K-mini/benchmark/fake/vidu/310155e6233ca98fc4264b296aff863ff0cc74085224127cc631f6a725aee0bb.mp4,1,1,0.7879311956428947,0.21206880435710532,0.5758623912857894,1427,3,726.7611026763916,FAKE
/workspace/data/genbuster-mini/extracted/GenBuster-200K-mini/benchmark/fake/vidu/2f52b4bd65257b822d7ebe0ada751fd83172eedfd957137939aab8c66c106750.mp4,1,0,0.9755946274760978,0.024405372523902232,0.9511892549521956,1427,2,690.917506814003,REAL
/workspace/data/genbuster-mini/extracted/GenBuster-200K-mini/benchmark/fake/vidu/2e011925cd199faf971bae9dd624ba62fed141795c5435e6908fefd058707a9c.mp4,1,1,0.8652240825770433,0.1347759174229568,0.7304481651540865,1427,3,764.0231400728226,FAKE
/workspace/data/genbuster-mini/extracted/GenBuster-200K-mini/benchmark/fake/vidu/2c826a3a3bb4a3700786ff541271e0663074409f6eff39c303e322a0e20b39af.mp4,1,0,0.9914225064763216,0.0085774935236784,0.9828450129526431,1427,2,685.7711896300316,REAL
/workspace/data/genbuster-mini/extracted/GenBuster-200K-mini/benchmark/fake/vidu/2bba7f0502d4ee0016c123e97b996701a3df16cf55f127f89a59f6e04f6f2cf2.mp4,1,1,0.8652240825770433,0.1347759174229568,0.7304481651540865,1427,3,722.5111648440361,FAKE
/workspace/data/genbuster-mini/extracted/GenBuster-200K-mini/benchmark/fake/vidu/2a8275a25610f5246e4a007ee2fbd75dd9d4c6def6b14ff8073c37671227edc5.mp4,0,1,0.23813243962690572,0.7618675603730942,0.5237351207461884,1427,3,718.724250793457,FAKE
/workspace/data/genbuster-mini/extracted/GenBuster-200K-mini/benchmark/fake/vidu/2a3e1c256fae556cfb7a8d6ccb7bdb0ebeb3dd366a2a93ce55e3e6e32b084f66.mp4,1,0,0.9875042353999602,0.012495764600039795,0.9750084707999205,1427,2,686.7980808019638,REAL
/workspace/data/genbuster-mini/extracted/GenBuster-200K-mini/benchmark/fake/vidu/28653a6866add91d979eda940ecaedb594a39ece7afad12971bb951a76282f47.mp4,0,1,0.2519632059602612,0.7480367940397387,0.49607358807947743,1427,3,718.4001356363297,FAKE
/workspace/data/genbuster-mini/extracted/GenBuster-200K-mini/benchmark/fake/vidu/28099108d40cbae91a3488a39e39590227935ac5a2898cb72b4326d631c25ad2.mp4,1,0,0.9938480837762921,0.00615191622370801,0.987696167552584,1427,2,685.5364367365837,REAL
/workspace/data/genbuster-mini/extracted/GenBuster-200K-mini/benchmark/fake/vidu/27720f714f056520d0441c53dc18d22945af5532818478b10ed8537e15d7c8fe.mp4,0,1,0.19372796537770604,0.806272034622294,0.612544069244588,1427,3,722.5857526063919,FAKE
/workspace/data/genbuster-mini/extracted/GenBuster-200K-mini/benchmark/fake/vidu/2433e1bed7c5b81b10d205dd12f9d9f666d4384b2afa7971deb800f840cfbae2.mp4,1,0,0.987342543114569,0.012657456885430992,0.9746850862291381,1427,2,685.7956349849701,REAL
/workspace/data/genbuster-mini/extracted/GenBuster-200K-mini/benchmark/fake/vidu/212bc6436c0f378348c7fff4570cb2b2f250589555a2313d9a49d224f4c09ffa.mp4,1,0,0.9140864046338368,0.08591359536616325,0.8281728092676736,1427,2,686.0223263502121,REAL
/workspace/data/genbuster-mini/extracted/GenBuster-200K-mini/benchmark/fake/vidu/1ed1a95e17b60e9f69c2668b15189c06b0e877ef6377b71d6da4a3a57ffd110e.mp4,1,0,0.9859724274684231,0.014027572531577001,0.971944854936846,1427,2,688.3163154125214,REAL
/workspace/data/genbuster-mini/extracted/GenBuster-200K-mini/benchmark/fake/vidu/1a57c84f978c5f2e50b73e12629a7d83d6c9416df27522593917f7216fe4cc5b.mp4,0,1,0.2155709513074827,0.7844290486925173,0.5688580973850346,1427,3,718.1892618536949,FAKE
/workspace/data/genbuster-mini/extracted/GenBuster-200K-mini/benchmark/fake/vidu/18d6dfd8175bc7373f84c8cdecfc94ed2a7aa137bb803b314fc64dd477089cf7.mp4,1,0,0.9839473558417688,0.016052644158231096,0.9678947116835378,1427,2,688.1124302744865,REAL
/workspace/data/genbuster-mini/extracted/GenBuster-200K-mini/benchmark/fake/vidu/17ccd0bf78a27f7f15accaa89c2300bd318205858bbc3a18f66379c508ae60fd.mp4,1,1,0.8962513731336202,0.10374862686637971,0.7925027462672405,1427,3,721.6218039393425,FAKE
/workspace/data/genbuster-mini/extracted/GenBuster-200K-mini/benchmark/fake/vidu/137ce0b7d02788f80f4905e848a00b0c4eaa0fb86aefba738d2821d66b418f7f.mp4,1,1,0.9304582554941719,0.06954174450582809,0.8609165109883439,1427,3,718.0251181125641,FAKE
/workspace/data/genbuster-mini/extracted/GenBuster-200K-mini/benchmark/fake/vidu/117295fadb1607ea61c745400b0b9d8ab63ddcc9b40761cdba68914597a647c9.mp4,0,1,0.23039175609815524,0.7696082439018447,0.5392164878036895,1427,3,723.5125079751015,FAKE
/workspace/data/genbuster-mini/extracted/GenBuster-200K-mini/benchmark/fake/vidu/10d4dc96121d5208744ccd930d0febcc2d0a6c902af8fcc0dc19500fff2341eb.mp4,0,1,0.17011382974874947,0.8298861702512506,0.6597723405025011,1427,3,717.4559012055397,FAKE
/workspace/data/genbuster-mini/extracted/GenBuster-200K-mini/benchmark/fake/vidu/10a464e630a89f2f2cebb56a57dc6ddc02d6cabd7d3eda47df21f6539cd56699.mp4,0,1,0.20470512181155598,0.7952948781884439,0.5905897563768879,1427,3,721.0816219449043,FAKE
/workspace/data/genbuster-mini/extracted/GenBuster-200K-mini/benchmark/fake/vidu/105d45bd91239e83b53d65c00d3bedd1185c45a1a22994dc66b7c07518276f6a.mp4,0,1,0.14955515185235596,0.850444848147644,0.700889696295288,1427,3,718.4057757258415,FAKE
/workspace/data/genbuster-mini/extracted/GenBuster-200K-mini/benchmark/fake/vidu/0fb71eca253388fdfb5a0059100810afada2d70e91cda2158fc83871af523928.mp4,0,1,0.1790106827385608,0.8209893172614392,0.6419786345228784,1427,3,742.7724376320839,FAKE
/workspace/data/genbuster-mini/extracted/GenBuster-200K-mini/benchmark/fake/vidu/0efb966749efcacf3afd775addca77cb8a4ac9637504b7d78cc77917690537f6.mp4,0,1,0.2258066671402529,0.7741933328597472,0.5483866657194943,1427,3,726.7170399427414,FAKE
/workspace/data/genbuster-mini/extracted/GenBuster-200K-mini/benchmark/fake/vidu/0bf965d2ab8c3d6c39d1fa94a97b3516849f051185589fdb09a6bed49b10179d.mp4,1,0,0.9765757801979402,0.02342421980205982,0.9531515603958804,1427,2,685.4907646775246,REAL
/workspace/data/genbuster-mini/extracted/GenBuster-200K-mini/benchmark/fake/vidu/0b06896ce5e9e00590e9ba90975059d0776d15a2e969835c898f3a57d1f96c0e.mp4,1,0,0.9087105010666324,0.0912894989333677,0.8174210021332647,1427,2,702.3743912577629,REAL
/workspace/data/genbuster-mini/extracted/GenBuster-200K-mini/benchmark/fake/vidu/0a5248b880f71f2e01f7fe820c441a39f95003576dbcd25b335a1d046123fbde.mp4,0,1,0.16585035907157622,0.8341496409284239,0.6682992818568477,1427,3,737.4358028173447,FAKE
/workspace/data/genbuster-mini/extracted/GenBuster-200K-mini/benchmark/fake/vidu/0a3760272bcc04d5f35ad0bdb46bcbacdbff030388a02e94a4f9972c12a21c3a.mp4,1,1,0.9425067211996143,0.05749327880038583,0.8850134423992285,1427,3,719.4998264312744,FAKE
/workspace/data/genbuster-mini/extracted/GenBuster-200K-mini/benchmark/fake/vidu/0969aa5626a915105cd09f0d4f4141d6cc8de9f07942a47d8dbdcb54d8554c0d.mp4,1,0,0.9911428466513539,0.008857153348646087,0.9822856933027078,1427,2,684.8432496190071,REAL
/workspace/data/genbuster-mini/extracted/GenBuster-200K-mini/benchmark/fake/vidu/03de62c2b9c6830a891bbfaf599ffacc5c28187042e6ade9c7dc4333c2804198.mp4,0,1,0.17564589329386707,0.824354106706133,0.6487082134122659,1427,3,717.9771661758423,FAKE
/workspace/data/genbuster-mini/extracted/GenBuster-200K-mini/benchmark/fake/vidu/038681a528a5738f2fb75595423d406e8f47bb5d2881b241924ea81ab018e40a.mp4,1,1,0.7401743620390163,0.2598256379609837,0.48034872407803264,1427,3,721.984013915062,FAKE
/workspace/data/genbuster-mini/extracted/GenBuster-200K-mini/benchmark/fake/vidu/0326d0fb4285e60a944c7179c6628bfaddbe989a2821e1d8d5a5d4d0853fb13d.mp4,1,0,0.939258653091153,0.06074134690884697,0.878517306182306,1427,2,686.5889504551888,REAL
/workspace/data/genbuster-mini/extracted/GenBuster-200K-mini/benchmark/fake/vidu/0313eb4e3e91c1c1fa502b66ec3a286bad79dadcbda6885216c11131a48620df.mp4,0,1,0.19883358533256715,0.8011664146674329,0.6023328293348658,1427,3,725.7442027330399,FAKE
/workspace/data/genbuster-mini/extracted/GenBuster-200K-mini/benchmark/fake/vidu/016ca050a8d192bc0fde03b9d9463d1fd1272c924e4dbaddc423ba7b96ee6e0d.mp4,1,0,0.9863531426148385,0.013646857385161453,0.9727062852296771,1427,2,687.7464279532433,REAL
/workspace/data/genbuster-mini/extracted/GenBuster-200K-mini/benchmark/fake/vidu/00e48c1f4e510313704843eb2929ef2563f10ee148a5f62d59562b03fb284e89.mp4,0,1,0.26733549722738914,0.7326645027726109,0.4653290055452217,1427,3,724.6115952730179,FAKE
/workspace/data/genbuster-mini/extracted/GenBuster-200K-mini/benchmark/fake/sora/fecf705d8a30d9de916764ebe5389f26060e206bd709c77f0da4fd88ef803e8c.mp4,1,1,0.7690802370707283,0.23091976292927183,0.5381604741414564,1427,3,721.3387787342072,FAKE
/workspace/data/genbuster-mini/extracted/GenBuster-200K-mini/benchmark/fake/sora/fc63d0a3573136e134f210ec02ca25e50f762f2a8d62281aa5d1606394ffda37.mp4,1,0,0.9519313503914288,0.04806864960857109,0.9038627007828578,1427,2,685.6437399983406,REAL
/workspace/data/genbuster-mini/extracted/GenBuster-200K-mini/benchmark/fake/sora/fb1d2037d3367f3cfba68e3f376d60d557d236040f5d39165468087e9984d5b9.mp4,0,1,0.25718728704055566,0.7428127129594443,0.48562542591888863,1427,3,719.3781659007072,FAKE
/workspace/data/genbuster-mini/extracted/GenBuster-200K-mini/benchmark/fake/sora/fa3d2fd40916d37d9fabeb4603c6d4a2b32247de5dd53d7779ed3366f428f39a.mp4,1,0,0.9548563413706038,0.04514365862939621,0.9097126827412076,1427,2,687.2954219579697,REAL
/workspace/data/genbuster-mini/extracted/GenBuster-200K-mini/benchmark/fake/sora/fa0dc2a7a5c11b6d3bea043dd41104d4e4f0ac38b19ea84577c1fbed8474405d.mp4,1,0,0.9797858640273829,0.020214135972617054,0.9595717280547659,1427,2,691.280759871006,REAL
/workspace/data/genbuster-mini/extracted/GenBuster-200K-mini/benchmark/fake/sora/f94537c11a0c58fecdc2030b78647bdbf49c60af3ebac027391a35efa6b0e3a9.mp4,1,0,0.992662305210378,0.007337694789621903,0.9853246104207561,1427,2,696.4149996638298,REAL
/workspace/data/genbuster-mini/extracted/GenBuster-200K-mini/benchmark/fake/sora/f79b54987d232dd58d3b9e8ce46cbcc027fa71a94dc8f86d7c2bfab0ef63a7cf.mp4,1,1,0.8438951025545426,0.1561048974454574,0.6877902051090852,1427,3,723.1516987085342,FAKE
/workspace/data/genbuster-mini/extracted/GenBuster-200K-mini/benchmark/fake/sora/f63a96ccc36ad915746d1d78a6a3999ab8763c7152080549fbed025e2ff64da1.mp4,1,0,0.994504351977067,0.0054956480229329694,0.989008703954134,1427,2,689.1832798719406,REAL
/workspace/data/genbuster-mini/extracted/GenBuster-200K-mini/benchmark/fake/sora/f62407a2ca020f93054d92202437aefe9f312361f8ee3cb150b6dd1d8c8cbe1b.mp4,1,1,0.9343951625409306,0.06560483745906928,0.8687903250818613,1427,3,721.0280895233154,FAKE
/workspace/data/genbuster-mini/extracted/GenBuster-200K-mini/benchmark/fake/sora/f56f94d5c32fdf4831d16c2f2afaf2d6cdf614373f7b055b5d4b65d8d9ecb090.mp4,0,0,0.07477004290796138,0.9252299570920387,0.8504599141840773,1427,2,687.64378875494,REAL
/workspace/data/genbuster-mini/extracted/GenBuster-200K-mini/benchmark/fake/sora/f52231449249ab72e168ab6d96eaff488562a3d04e973b4b0f72951e2e734633.mp4,1,0,0.9864180864091058,0.013581913590894229,0.9728361728182116,1427,2,693.1340470910072,REAL
/workspace/data/genbuster-mini/extracted/GenBuster-200K-mini/benchmark/fake/sora/f3b93e76c10371f9acc6e70b2788f070908ad3ede763314ceb77f93a1ff47189.mp4,0,1,0.19055186299049545,0.8094481370095046,0.6188962740190092,1427,3,717.5599783658981,FAKE
/workspace/data/genbuster-mini/extracted/GenBuster-200K-mini/benchmark/fake/sora/f31c079b357ab6ef60d5d4b68d16b5d4a0fbf1dfbdedf8ad72960fce00f20ccf.mp4,1,0,0.9474921812518406,0.052507818748159386,0.8949843625036813,1427,2,692.1077817678452,REAL
/workspace/data/genbuster-mini/extracted/GenBuster-200K-mini/benchmark/fake/sora/f1f122764995a2d913ee6e1dd5b6aae91149b053be6d213adba7f964af15e289.mp4,1,0,0.9897173683936935,0.010282631606306509,0.979434736787387,1427,2,684.3317747116089,REAL
/workspace/data/genbuster-mini/extracted/GenBuster-200K-mini/benchmark/fake/sora/f0a309323c93bb0c1cf96a2bd0de0d069531d8f414522a310f02a7941bd17180.mp4,0,1,0.18724600609077685,0.8127539939092231,0.6255079878184462,1427,3,719.120629131794,FAKE
/workspace/data/genbuster-mini/extracted/GenBuster-200K-mini/benchmark/fake/sora/efd7e392e7f2006cfb7b593ef9d8eec0e611e0ecf8340bbc70f4541d73838aba.mp4,1,0,0.9942909051263844,0.005709094873615438,0.9885818102527689,1427,2,687.966875731945,REAL
/workspace/data/genbuster-mini/extracted/GenBuster-200K-mini/benchmark/fake/sora/ef2deb1336f89c2a146bd0649f0c6e8303916088916b2d7e9c1ed114a626f896.mp4,0,1,0.19506795120333997,0.80493204879666,0.60986409759332,1427,3,719.0199419856071,FAKE
/workspace/data/genbuster-mini/extracted/GenBuster-200K-mini/benchmark/fake/sora/ee2167539539db3ed6d628e807612ab7ca2c670057789f6005d5856ea54b718a.mp4,0,1,0.24833457505132575,0.7516654249486742,0.5033308498973484,1427,3,717.4601927399635,FAKE
/workspace/data/genbuster-mini/extracted/GenBuster-200K-mini/benchmark/fake/sora/eb4fb7eaf1fdf46323fe793cf9bbab297a5fb5baddeda9a5c0841bcd3468f423.mp4,1,0,0.99225304501108,0.007746954988919942,0.98450609002216,1427,2,683.7804242968559,REAL
/workspace/data/genbuster-mini/extracted/GenBuster-200K-mini/benchmark/fake/sora/eb338609ace1512aeae96b003a36f067b93a3c8efb4c491549ba0a0f544c3bd7.mp4,1,0,0.9829608973076892,0.01703910269231075,0.9659217946153784,1427,2,692.4834549427032,REAL
/workspace/data/genbuster-mini/extracted/GenBuster-200K-mini/benchmark/fake/sora/e980086fb0f1eddadef5c32fe0e4c978d56b48a0a0adf83fbb9fc4c3b8aed9c3.mp4,0,0,0.03410042571231151,0.9658995742876885,0.9317991485753769,1427,2,686.6341382265091,REAL
/workspace/data/genbuster-mini/extracted/GenBuster-200K-mini/benchmark/fake/sora/e905f4bf523e15765623ad858bb0b75092b82dbe8e8fe63cbf1f9f22c5cb4e8d.mp4,1,1,0.8418256472515684,0.1581743527484317,0.6836512945031367,1427,3,726.1225581169128,FAKE
/workspace/data/genbuster-mini/extracted/GenBuster-200K-mini/benchmark/fake/sora/e8c8896c96a035221358f623c1bf3803adabf1e003312c1377a939aca7df2e35.mp4,0,1,0.21300284719415968,0.7869971528058404,0.5739943056116807,1427,3,717.5823822617531,FAKE
/workspace/data/genbuster-mini/extracted/GenBuster-200K-mini/benchmark/fake/sora/e4c401ad1c402fa0a60a7668ed6b130911fd745325eac40ab2bc341f09d88d52.mp4,1,0,0.9934272500765061,0.00657274992349394,0.9868545001530121,1427,2,684.5255196094513,REAL
/workspace/data/genbuster-mini/extracted/GenBuster-200K-mini/benchmark/fake/sora/e44c6ba630e9d11556462e46efccbf5ac4a9e5382041c862b257dcae216829e4.mp4,1,0,0.9902125107393644,0.009787489260635635,0.9804250214787288,1427,2,718.9755663275719,REAL
/workspace/data/genbuster-mini/extracted/GenBuster-200K-mini/benchmark/fake/sora/e3e8ae363853e06fecd78df70d15a83b1ae7ad82377d42e442e5c99e3aa8d00f.mp4,0,1,0.22340949032379198,0.7765905096762079,0.5531810193524159,1427,3,727.044865489006,FAKE
/workspace/data/genbuster-mini/extracted/GenBuster-200K-mini/benchmark/fake/sora/e39ed0acb3693763bd663b411a273cc35a5ff84a3f0a148891c5cbdcf5fbe48d.mp4,1,0,0.9893788020618656,0.010621197938134368,0.9787576041237313,1427,2,697.5803524255753,REAL
/workspace/data/genbuster-mini/extracted/GenBuster-200K-mini/benchmark/fake/sora/e3956b7d3ea5e00bfcf6bb569a60c6797649806ba2fc450a32b28419ed0f14ca.mp4,0,1,0.27202473994751314,0.7279752600524869,0.4559505201049738,1427,3,729.257382452488,FAKE
/workspace/data/genbuster-mini/extracted/GenBuster-200K-mini/benchmark/fake/sora/e29417daf8497617428a9ea9f6a6054678d50f7190657bc361f193fdf2decba4.mp4,1,0,0.9617943660348193,0.0382056339651807,0.9235887320696385,1427,2,683.8411018252373,REAL
/workspace/data/genbuster-mini/extracted/GenBuster-200K-mini/benchmark/fake/sora/df193c20964c53c1cbbba6801448bc092b3cd2cdcdbd8136ed5c4f83219798b1.mp4,1,0,0.9208167294324326,0.07918327056756741,0.8416334588648653,1427,2,686.63240224123,REAL
/workspace/data/genbuster-mini/extracted/GenBuster-200K-mini/benchmark/fake/sora/de4deb2b38ed3d17100cb23a5ccd0388a1f53017a5770833eb410301a01a11a7.mp4,1,0,0.9957052432966238,0.004294756703376118,0.9914104865932477,1427,2,692.1296864748001,REAL
/workspace/data/genbuster-mini/extracted/GenBuster-200K-mini/benchmark/fake/sora/dd3689904ca29d71f3339948ea2559e5991ebf763eee7d69831b4f76e2dd133f.mp4,1,0,0.9325001455464066,0.06749985445359342,0.8650002910928132,1427,2,688.4906962513924,REAL
/workspace/data/genbuster-mini/extracted/GenBuster-200K-mini/benchmark/fake/sora/da8c0a0fbc9292c183141f9f62ed7ee4d76847cfda4fa2bac0423a9269ee2a30.mp4,0,1,0.2639968621316818,0.7360031378683183,0.4720062757366365,1427,3,719.6861356496811,FAKE
/workspace/data/genbuster-mini/extracted/GenBuster-200K-mini/benchmark/fake/sora/da4b6257ce8923639bff131c5c554406d715564cae2d77c36a9e4f4561c62b0d.mp4,1,0,0.9910707083618291,0.008929291638170796,0.9821414167236583,1427,2,684.127114713192,REAL
/workspace/data/genbuster-mini/extracted/GenBuster-200K-mini/benchmark/fake/sora/da30095b36e23ef33791b3d128e51861bb49d2c930df93c02a367e64e960ed02.mp4,1,0,0.9908844465425733,0.009115553457426647,0.9817688930851467,1427,2,695.2027082443237,REAL
/workspace/data/genbuster-mini/extracted/GenBuster-200K-mini/benchmark/fake/sora/d9a891f42f11045727d2c0aceb04335c5ac758e6f23c1e274a1c5145c7a6520f.mp4,1,0,0.9605166124583445,0.03948338754165537,0.9210332249166892,1427,2,687.7465695142746,REAL
/workspace/data/genbuster-mini/extracted/GenBuster-200K-mini/benchmark/fake/sora/d891a3708e912f9c8faa07bb2e97acfe66c7ddf133733d06444519b1794576f4.mp4,0,1,0.19717937690719634,0.8028206230928036,0.6056412461856072,1427,3,718.1545943021774,FAKE
/workspace/data/genbuster-mini/extracted/GenBuster-200K-mini/benchmark/fake/sora/d8054b309e5017a2f9ec0e90e6f3304994dd5f1c084484bf86f7596d6712f271.mp4,0,1,0.18544102922707434,0.8145589707729257,0.6291179415458514,1427,3,718.1309759616852,FAKE
/workspace/data/genbuster-mini/extracted/GenBuster-200K-mini/benchmark/fake/sora/d71613ef4fa74b6a2a3ed0f4a18e3c81053335121c130608661c72e5042a2832.mp4,0,0,0.06278920859705135,0.9372107914029487,0.8744215828058973,1427,2,686.6423115134239,REAL
/workspace/data/genbuster-mini/extracted/GenBuster-200K-mini/benchmark/fake/sora/d6d1c194be00cf9484d46a4948a15ba0c749a42fe1d2aa453516bd7d25b980f1.mp4,1,0,0.9513492120666506,0.04865078793334952,0.902698424133301,1427,2,685.9046965837479,REAL
/workspace/data/genbuster-mini/extracted/GenBuster-200K-mini/benchmark/fake/sora/d68b9a8f8f58707292f2941b9d5a3d3c6c74e95648a29faa62d29ea492d53f47.mp4,1,0,0.9965551011729542,0.0034448988270457544,0.9931102023459084,1427,2,691.4716064929962,REAL
/workspace/data/genbuster-mini/extracted/GenBuster-200K-mini/benchmark/fake/sora/d4c8bde2c7e93ae55aac0eebf772d653f8a7e96b9373f3d3aca44b6e60b2f71e.mp4,0,1,0.15976611409148356,0.8402338859085163,0.6804677718170328,1427,3,719.3025648593903,FAKE
/workspace/data/genbuster-mini/extracted/GenBuster-200K-mini/benchmark/fake/sora/d1dff98137894b9523ae811be9f28bac02b0225b1faa8c632bf9314a077ced3c.mp4,0,1,0.2523842252217679,0.747615774778232,0.49523154955646415,1427,3,751.6908571124077,FAKE
/workspace/data/genbuster-mini/extracted/GenBuster-200K-mini/benchmark/fake/sora/d15bfda0f2418dec7aa34ee4817b86a86e8b24138e607b36b5f8b0fd3819b633.mp4,0,1,0.18120815746540628,0.8187918425345937,0.6375836850691874,1427,3,722.1106067299843,FAKE
/workspace/data/genbuster-mini/extracted/GenBuster-200K-mini/benchmark/fake/sora/d111f990e9a6dbeb66ee2987700bdc0ea37ecc36b90bcb2a554d59444fc7430c.mp4,1,0,0.9945205955059907,0.005479404494009376,0.9890411910119813,1427,2,684.5567673444748,REAL
/workspace/data/genbuster-mini/extracted/GenBuster-200K-mini/benchmark/fake/sora/d02403d6eaaf02c727093cc03e9558c120552b603967137f97dbea568cec78ba.mp4,1,0,0.9599197603833818,0.040080239616618094,0.9198395207667637,1427,2,689.7142454981804,REAL
/workspace/data/genbuster-mini/extracted/GenBuster-200K-mini/benchmark/fake/sora/ce8417b4c4b6de5dd4cc1c0d436df2da23c68c07a729a94fa3aabf78606d3e5f.mp4,1,0,0.9852335428911435,0.014766457108856391,0.9704670857822871,1427,2,691.9374838471413,REAL
/workspace/data/genbuster-mini/extracted/GenBuster-200K-mini/benchmark/fake/sora/ce56568f57e5676339add48a8981f6c420e59396c13c56f4819ed0ab2f28d89f.mp4,1,0,0.987794650145364,0.012205349854635917,0.9755893002907281,1427,2,686.7447420954704,REAL
/workspace/data/genbuster-mini/extracted/GenBuster-200K-mini/benchmark/fake/sora/cd29c86c5fb83c4f5bc9c107e9bd74b3cdc5b91f1bec915d7c17edd1539c15df.mp4,0,1,0.24131911114067767,0.7586808888593224,0.5173617777186448,1427,3,718.8185751438141,FAKE
/workspace/data/genbuster-mini/extracted/GenBuster-200K-mini/benchmark/fake/sora/cbdecfc82a723f692fe2f6c60a11b941f64daea6cdd1c95eaff33f2c22057e28.mp4,1,0,0.980302429048703,0.019697570951297,0.960604858097406,1427,2,686.5625828504562,REAL
/workspace/data/genbuster-mini/extracted/GenBuster-200K-mini/benchmark/fake/sora/ca5a3bd00b4d17810c96ab42ae4658ccdf3309c644918efd50dcb9e9dd4d380e.mp4,1,1,0.8354835371034369,0.1645164628965632,0.6709670742068737,1427,3,728.4007668495178,FAKE
/workspace/data/genbuster-mini/extracted/GenBuster-200K-mini/benchmark/fake/sora/c9ad66768480f1db5a6cbd417b9309d75a4423211fc7cfa2a85635cbee6af6ea.mp4,1,0,0.9572473311793813,0.04275266882061867,0.9144946623587626,1427,2,686.1565187573433,REAL
/workspace/data/genbuster-mini/extracted/GenBuster-200K-mini/benchmark/fake/sora/c950b68aa336782847647890db8cf949ab4956160c00bf28f3d93dab2970d931.mp4,1,1,0.8397339676722393,0.16026603232776068,0.6794679353444786,1427,3,719.3958014249802,FAKE
/workspace/data/genbuster-mini/extracted/GenBuster-200K-mini/benchmark/fake/sora/c8813df5bf0e07540fbececaf1233606570acdd621e7e1d9e90d3d9ca04257af.mp4,1,0,0.9748576486989895,0.025142351301010665,0.9497152973979789,1427,2,689.521074295044,REAL
/workspace/data/genbuster-mini/extracted/GenBuster-200K-mini/benchmark/fake/sora/c83d41c1653764d04a8202f1b44f3d7583c51b8e5128aa95199f2c6dac3ee8cc.mp4,1,0,0.9570030871734777,0.04299691282652228,0.9140061743469554,1427,2,695.1513066887856,REAL
/workspace/data/genbuster-mini/extracted/GenBuster-200K-mini/benchmark/fake/sora/c75e183ddd2add452ad012bd5cfa42d7d6e5eb69926befbf164a765f9d14dcdc.mp4,0,1,0.1907815863979575,0.8092184136020425,0.618436827204085,1427,3,727.35645622015,FAKE
/workspace/data/genbuster-mini/extracted/GenBuster-200K-mini/benchmark/fake/sora/c6dbdaf93af38f0ff686ab9db54935a8f11727d16e08434f1d4df4b50af97617.mp4,0,1,0.23833493302221823,0.7616650669777818,0.5233301339555636,1427,3,719.5855751633644,FAKE
/workspace/data/genbuster-mini/extracted/GenBuster-200K-mini/benchmark/fake/sora/be78b7d0dea037a680ce1c530ca2c21065a29f70a0f970a714c802f00aafcc62.mp4,0,1,0.25168290508075697,0.748317094919243,0.49663418983848606,1427,3,721.2788090109825,FAKE
/workspace/data/genbuster-mini/extracted/GenBuster-200K-mini/benchmark/fake/sora/bb091f08e54883f8b685c3f519fdb790f2dd5c757ae880035353d87f21aed602.mp4,0,0,0.06853749303199023,0.9314625069680097,0.8629250139360195,1427,2,694.1112950444221,REAL
/workspace/data/genbuster-mini/extracted/GenBuster-200K-mini/benchmark/fake/sora/b94851283cf9a77037ef0f4d241e35c2d5c5066b316381a15c3c90d7b813cda6.mp4,1,0,0.9916565555279124,0.008343444472087473,0.983313111055825,1427,2,687.2131004929543,REAL
/workspace/data/genbuster-mini/extracted/GenBuster-200K-mini/benchmark/fake/sora/b76cd6aa089e0de9cb5f6b208e658ba0427f9b25dbc480432079e4b46b15f2dd.mp4,0,1,0.20726062547708887,0.7927393745229112,0.5854787490458223,1427,3,721.7942327260971,FAKE
/workspace/data/genbuster-mini/extracted/GenBuster-200K-mini/benchmark/fake/sora/b57196e77975eddc5718db6b81eb9d3991c631a502329993f9becb81f300f100.mp4,1,1,0.8807970779778823,0.11920292202211755,0.7615941559557647,1427,3,724.5796248316765,FAKE
/workspace/data/genbuster-mini/extracted/GenBuster-200K-mini/benchmark/fake/sora/b28d33df4d72cca3a257f7441dce956d2d15006ea914a884f9f587826bc29904.mp4,0,0,0.022629200033037256,0.9773707999669629,0.9547415999339256,1427,2,689.4144341349602,REAL
/workspace/data/genbuster-mini/extracted/GenBuster-200K-mini/benchmark/fake/sora/b05f8629aac7aaf5dd61f076bebfe4c00a8027b5600c576c6da94f48f34194ba.mp4,1,0,0.9949208980132771,0.005079101986722811,0.9898417960265543,1427,2,711.2398073077202,REAL
/workspace/data/genbuster-mini/extracted/GenBuster-200K-mini/benchmark/fake/sora/afc11c62e884d6802f2a7afb498c396f93e6f25745b0fb382f25f03dd8bc7ecd.mp4,1,0,0.9273632293990981,0.07263677060090185,0.8547264587981962,1427,2,695.8038881421089,REAL
/workspace/data/genbuster-mini/extracted/GenBuster-200K-mini/benchmark/fake/sora/ae29f142ca46eb391f6552a3cf74a4f727d469bb7eb82b2b824b728911bbae0e.mp4,1,0,0.9692355713803161,0.030764428619683818,0.9384711427606323,1427,2,688.8526380062103,REAL
/workspace/data/genbuster-mini/extracted/GenBuster-200K-mini/benchmark/fake/sora/adb66d6ec321607059cadb7b1482231bb9aab1fa669bd6dd88794ba89628eefd.mp4,1,1,0.8175744761936437,0.18242552380635632,0.6351489523872873,1427,3,717.6595777273178,FAKE
/workspace/data/genbuster-mini/extracted/GenBuster-200K-mini/benchmark/fake/sora/ad9194c4616aaacd44bd616f18a1fc5e7638622bebe510e87d97b3ff70353311.mp4,0,1,0.1796677006763014,0.8203322993236986,0.6406645986473971,1427,3,717.6912352442741,FAKE
/workspace/data/genbuster-mini/extracted/GenBuster-200K-mini/benchmark/fake/sora/a9ce2ab1fd1d5e7bb13e2be8416961881e82e02a196f87f8505f0f125c45db56.mp4,1,1,0.7154239957834733,0.28457600421652673,0.43084799156694653,1427,3,725.367821753025,FAKE
/workspace/data/genbuster-mini/extracted/GenBuster-200K-mini/benchmark/fake/sora/a9c9f8c545129c624fc313d0247f0285d786a8350074d8cedcd84e6c1a51ef03.mp4,0,1,0.247848728934074,0.752151271065926,0.5043025421318521,1427,3,726.2977436184883,FAKE
/workspace/data/genbuster-mini/extracted/GenBuster-200K-mini/benchmark/fake/sora/a97557cc64df153a90d00ab77ff990551342552d98a57831e99898089b9f6f9b.mp4,0,1,0.23151512137438965,0.7684848786256103,0.5369697572512206,1427,3,720.1068624854088,FAKE
/workspace/data/genbuster-mini/extracted/GenBuster-200K-mini/benchmark/fake/sora/a966767519adaa74f4459ab6cc35dfdbf072f8017d2f695f2c1642e039e4f81d.mp4,1,0,0.9934828840633342,0.006517115936665846,0.9869657681266684,1427,2,687.6201555132866,REAL
/workspace/data/genbuster-mini/extracted/GenBuster-200K-mini/benchmark/fake/sora/a6410a2c38c1147e376545abf97d624d1aeab6d963cd2a0fb34341f4f3508a9b.mp4,1,0,0.9749304750019533,0.025069524998046714,0.9498609500039066,1427,2,684.5888793468475,REAL
/workspace/data/genbuster-mini/extracted/GenBuster-200K-mini/benchmark/fake/sora/a5f42588af9f421948a97b77f869a1baea0e7ee6ab3fa2be2ead0acd06d93b59.mp4,1,0,0.987568337438449,0.012431662561550896,0.975136674876898,1427,2,687.2077435255051,REAL
/workspace/data/genbuster-mini/extracted/GenBuster-200K-mini/benchmark/fake/sora/a5a8b0c2eb59f4e20d2b4b9b57ea9bb11e1bb7b0f43d21479e98e82fdd27cf59.mp4,1,0,0.9831837753255414,0.01681622467445855,0.9663675506510828,1427,2,692.4318298697472,REAL
/workspace/data/genbuster-mini/extracted/GenBuster-200K-mini/benchmark/fake/sora/a399d57c396c57b3273a23845558c31a36c754b4e9378b2f35e543cbb72a6a30.mp4,1,0,0.989518626566517,0.01048137343348296,0.979037253133034,1427,2,688.772588968277,REAL
/workspace/data/genbuster-mini/extracted/GenBuster-200K-mini/benchmark/fake/sora/a2ff893a7169df34225e444ba25725dfcc6e86285190d617faefb86f96bd34f8.mp4,1,0,0.985733765737923,0.014266234262076832,0.9714675314758462,1427,2,698.7756714224815,REAL
/workspace/data/genbuster-mini/extracted/GenBuster-200K-mini/benchmark/fake/sora/a2c400c75b847d95944a36be628691d928e94cfd1097a13a319f9387a40d5153.mp4,0,1,0.2387404479444827,0.7612595520555172,0.5225191041110345,1427,3,723.7741276621819,FAKE
/workspace/data/genbuster-mini/extracted/GenBuster-200K-mini/benchmark/fake/sora/9ed64f57633232f6e77805bbadca5035b92bd057936efb74f72c52819c0d7173.mp4,1,1,0.8244619263765707,0.17553807362342935,0.6489238527531414,1427,3,720.1510891318321,FAKE
/workspace/data/genbuster-mini/extracted/GenBuster-200K-mini/benchmark/fake/sora/9e39f21aef114fb534c7fef8828a1026cefaff8ebc282f00dad622e41d6fd7b7.mp4,1,0,0.9903911558391914,0.0096088441608087,0.9807823116783827,1427,2,688.9645680785179,REAL
/workspace/data/genbuster-mini/extracted/GenBuster-200K-mini/benchmark/fake/sora/9b6e966e8377f34af257fb5b98b04ec0e8f64d28f60ccc170b32281fbf8c8606.mp4,1,0,0.9933046696480268,0.006695330351973303,0.9866093392960534,1427,2,689.9907663464546,REAL
/workspace/data/genbuster-mini/extracted/GenBuster-200K-mini/benchmark/fake/sora/9b502940edb4f85c99a713d4a6825ba9baa7c88db0e258f37bef4593eb08b3c4.mp4,1,1,0.8856314738181876,0.1143685261818125,0.7712629476363752,1427,3,721.7579483985901,FAKE
/workspace/data/genbuster-mini/extracted/GenBuster-200K-mini/benchmark/fake/sora/99baf03762df7ea807a62be55e2649f3198f3c383743b8d3705b844f3cc79057.mp4,1,1,0.8128673178375735,0.1871326821624266,0.6257346356751469,1427,3,748.0989620089531,FAKE
/workspace/data/genbuster-mini/extracted/GenBuster-200K-mini/benchmark/fake/sora/988155f25307558c5aabd466783b6a39a6f0700a3fb470106b1652c4ee6fd8c3.mp4,1,0,0.9460486399056126,0.053951360094387286,0.8920972798112253,1427,2,685.9466880559921,REAL
/workspace/data/genbuster-mini/extracted/GenBuster-200K-mini/benchmark/fake/sora/9536c8aa6b54fb378cdd38e6c93b222cab80adf35529658049ad2f8f9740f193.mp4,0,1,0.23270854205556063,0.7672914579444393,0.5345829158888786,1427,3,717.9403305053711,FAKE
/workspace/data/genbuster-mini/extracted/GenBuster-200K-mini/benchmark/fake/sora/9476c66341a271bb54c5d16064bd8ff68daafd82a71f109dd5a226933e34b537.mp4,1,0,0.9790128258568888,0.020987174143111322,0.9580256517137774,1427,2,688.9711171388626,REAL
/workspace/data/genbuster-mini/extracted/GenBuster-200K-mini/benchmark/fake/sora/9472cd6429f5409327caa5c9665b5d3c0cd03f3360edaffa76a4f6fc2af1aaa7.mp4,1,0,0.9349176714698326,0.06508232853016731,0.8698353429396654,1427,2,691.0666227340698,REAL
/workspace/data/genbuster-mini/extracted/GenBuster-200K-mini/benchmark/fake/sora/9388d01fac83b4bd7f0c3ad9343010f607bf0e0e55e0958ce58532d30f08b63e.mp4,1,0,0.9225620952177259,0.077437904782274,0.845124190435452,1427,2,686.9395598769188,REAL
/workspace/data/genbuster-mini/extracted/GenBuster-200K-mini/benchmark/fake/sora/937e49497abc1d49b18195745f33f08961ec14f04c69594be8d09b89073e7749.mp4,0,1,0.15782798744761498,0.842172012552385,0.6843440251047701,1427,3,724.6036976575851,FAKE
/workspace/data/genbuster-mini/extracted/GenBuster-200K-mini/benchmark/fake/sora/92d5230d0fc64f40f55e958e33b19d0e59d64ca9a52537be892253db7ce12809.mp4,0,1,0.21375214308266172,0.7862478569173383,0.5724957138346767,1427,3,721.1132943630219,FAKE
/workspace/data/genbuster-mini/extracted/GenBuster-200K-mini/benchmark/fake/sora/8e8b49f559d3da4196dc320424550baf8f485a87c1a225c278ffb8992b93feb7.mp4,1,0,0.9752736944247068,0.024726305575293126,0.9505473888494137,1427,2,688.2254108786583,REAL
/workspace/data/genbuster-mini/extracted/GenBuster-200K-mini/benchmark/fake/sora/8e61985a53ad536b1d841d827f2925c65a816f17461eb7e5a35fb556487560c1.mp4,0,1,0.2255466908940297,0.7744533091059703,0.5489066182119406,1427,3,721.1300060153008,FAKE
/workspace/data/genbuster-mini/extracted/GenBuster-200K-mini/benchmark/fake/sora/8cb65a5f77b29d700586664cf534b0c2b1c33ec5942434436b62f84ed098f33f.mp4,1,0,0.9912757505966123,0.008724249403387584,0.9825515011932248,1427,2,689.7605508565903,REAL
/workspace/data/genbuster-mini/extracted/GenBuster-200K-mini/benchmark/fake/sora/8a4f53a72a7080fb18f392097b5e59793fcbe91e0d35771afcd15a3d3a15a5e2.mp4,0,1,0.17419616158186535,0.8258038384181345,0.6516076768362692,1427,3,721.7815890908241,FAKE
/workspace/data/genbuster-mini/extracted/GenBuster-200K-mini/benchmark/fake/sora/8a17128b087229ecd75269e2a3564547366e088efcfd26d5b7fbd93468434d79.mp4,0,1,0.22115843475436436,0.7788415652456357,0.5576831304912714,1427,3,719.1104888916016,FAKE
/workspace/data/genbuster-mini/extracted/GenBuster-200K-mini/benchmark/fake/sora/86403ddcd835d67a776799ad6fb730b9978bb16af42aba2a534f75a6344bf2a8.mp4,0,1,0.21437804779982586,0.7856219522001741,0.5712439044003482,1427,3,726.4520227909088,FAKE
/workspace/data/genbuster-mini/extracted/GenBuster-200K-mini/benchmark/fake/sora/85d031887826fb5893aec947a1e60b56734de0d9c0d9c6f1f3d1f923ed545f0d.mp4,1,0,0.9772883505512863,0.02271164944871375,0.9545767011025725,1427,2,687.6824051141739,REAL
/workspace/data/genbuster-mini/extracted/GenBuster-200K-mini/benchmark/fake/sora/83f994630feeb82650434459a82fdf7e499cf142c82c0505f2b41b721df687ac.mp4,1,1,0.7490872131147275,0.25091278688527247,0.498174426229455,1427,3,743.0905550718307,FAKE
/workspace/data/genbuster-mini/extracted/GenBuster-200K-mini/benchmark/fake/sora/8357bfc60a53de090a395478481927fc100ff1a2162efb967706e76e21f7c534.mp4,1,0,0.9945408314942062,0.0054591685057937865,0.9890816629884125,1427,2,700.1422494649887,REAL
/workspace/data/genbuster-mini/extracted/GenBuster-200K-mini/benchmark/fake/sora/83394d1d598911587441f437b02ef4c7ffc014a59aa1aec3241074a7c39f73fa.mp4,1,1,0.7826624789529376,0.21733752104706247,0.5653249579058751,1427,3,722.6695790886879,FAKE
/workspace/data/genbuster-mini/extracted/GenBuster-200K-mini/benchmark/fake/sora/8080e591aff0120e9c78286b30c9619c4a0bd8b93e4836adc9e3910be61b0a37.mp4,0,1,0.20897739384636804,0.791022606153632,0.5820452123072639,1427,3,729.4725105166435,FAKE
/workspace/data/genbuster-mini/extracted/GenBuster-200K-mini/benchmark/fake/sora/7fa83de689a7480d2020d3f3d1b231ad6773cf2821c341180e6c1006d56474bc.mp4,0,1,0.20049820564560805,0.7995017943543918,0.5990035887087838,1427,3,731.8164184689522,FAKE
/workspace/data/genbuster-mini/extracted/GenBuster-200K-mini/benchmark/fake/sora/7f36c5747aa44d28a87d3b47905471d1f02b6e5dc75e1eb4cdde866092267493.mp4,1,0,0.9634145443246095,0.036585455675390594,0.9268290886492189,1427,2,690.3746053576469,REAL
/workspace/data/genbuster-mini/extracted/GenBuster-200K-mini/benchmark/fake/sora/7e89fe9a85e404483dac605b7e2e7a40119ac7f61cd6e0570175f829f955938a.mp4,1,1,0.8221891305219503,0.17781086947804958,0.6443782610439007,1427,3,719.1120162606239,FAKE
/workspace/data/genbuster-mini/extracted/GenBuster-200K-mini/benchmark/fake/sora/7e36e5e3ba1c901fa035301b5656e8c7ed850b0e88bb7f6321bd408d12b9e60c.mp4,1,0,0.9507081705918982,0.0492918294081018,0.9014163411837963,1427,2,684.639573097229,REAL
/workspace/data/genbuster-mini/extracted/GenBuster-200K-mini/benchmark/fake/sora/7d5621e2cae7d47016611daf3d2aaed54692c6011829532f35ff9b24be43281f.mp4,0,1,0.20313498110392414,0.796865018896076,0.5937300377921518,1427,3,741.2296235561371,FAKE
/workspace/data/genbuster-mini/extracted/GenBuster-200K-mini/benchmark/fake/sora/7d15b7b129cb61a4bebe34594d4c693a793af4946f41dcc79e1dd10c2d648004.mp4,1,0,0.9942399993092703,0.005760000690729808,0.9884799986185405,1427,2,695.688433945179,REAL
/workspace/data/genbuster-mini/extracted/GenBuster-200K-mini/benchmark/fake/sora/7cf43b671eb7e17e0fcb078c583bc4219d871e7bec20564774de1c2299666741.mp4,1,1,0.7956581000631541,0.20434189993684582,0.5913162001263083,1427,3,738.1822988390923,FAKE
/workspace/data/genbuster-mini/extracted/GenBuster-200K-mini/benchmark/fake/sora/7b62d4476cbbd64c51a0d0ddaad6b59f2a651bfec5b28ff3d2e5d0c7de419cd0.mp4,0,1,0.1923948360403606,0.8076051639596395,0.615210327919279,1427,3,724.7163280844688,FAKE
/workspace/data/genbuster-mini/extracted/GenBuster-200K-mini/benchmark/fake/sora/79ded3f6544084fc64c9878f0a32c1a1ed39d2d495709e06850508671fbd38b0.mp4,1,0,0.9903165225172665,0.009683477482733323,0.9806330450345332,1427,2,685.7376098632812,REAL
/workspace/data/genbuster-mini/extracted/GenBuster-200K-mini/benchmark/fake/sora/78d1d84ba5ebc24c736cd39414a7b9fe732292e2454af10629d741384d50553c.mp4,1,0,0.9923015047781207,0.007698495221879321,0.9846030095562414,1427,2,703.2045498490334,REAL
/workspace/data/genbuster-mini/extracted/GenBuster-200K-mini/benchmark/fake/sora/788f6cc103699cab78dbc2227548a5c5583b886767c71964b1f5bed3f00f8663.mp4,0,1,0.2201987988573458,0.7798012011426543,0.5596024022853084,1427,3,723.2258394360542,FAKE
/workspace/data/genbuster-mini/extracted/GenBuster-200K-mini/benchmark/fake/sora/776cdb6bbf41c740be852d3e33eb42957d2223d74b6368ed04e734212b9e25ef.mp4,1,0,0.9946030914114008,0.005396908588599116,0.9892061828228017,1427,2,692.0263394713402,REAL
/workspace/data/genbuster-mini/extracted/GenBuster-200K-mini/benchmark/fake/sora/75a58315b1fd5e045153c8bbba2027067907970bce34aa67b09eb664169352dd.mp4,1,0,0.9911526365542199,0.008847363445780096,0.9823052731084398,1427,2,687.9856064915657,REAL
/workspace/data/genbuster-mini/extracted/GenBuster-200K-mini/benchmark/fake/sora/753c5fe13dad89eccdf1bd631751571a0e80a732a06e13f5c9a9ffefbd6660b8.mp4,1,0,0.9825766278060878,0.017423372193912066,0.9651532556121757,1427,2,687.7661868929863,REAL
/workspace/data/genbuster-mini/extracted/GenBuster-200K-mini/benchmark/fake/sora/732e00be041011d998052066b54d43c3d17349ff542e8a349e9b30e6aebbb2eb.mp4,1,1,0.7772998611746911,0.22270013882530884,0.5545997223493823,1427,3,726.3428419828415,FAKE
/workspace/data/genbuster-mini/extracted/GenBuster-200K-mini/benchmark/fake/sora/71fbba0f167eea8de5f0a87aa648dfa2ad6fc8a3f7bf04ce17823e8a89f7ee2e.mp4,0,0,0.06278920859705135,0.9372107914029487,0.8744215828058973,1427,2,684.1463819146156,REAL
/workspace/data/genbuster-mini/extracted/GenBuster-200K-mini/benchmark/fake/sora/713d235a6e7c1c7733c2a1868268995c47a3cfa382123a75ca5ea75c7a2d3be3.mp4,0,1,0.20253343954439473,0.7974665604556052,0.5949331209112104,1427,3,730.4252535104752,FAKE
/workspace/data/genbuster-mini/extracted/GenBuster-200K-mini/benchmark/fake/sora/7071efc4c319c84ea73a848eabc903f531b4840bf0f4b8a923e6e207ff4cf210.mp4,0,1,0.21924215479499506,0.780757845205005,0.5615156904100099,1427,3,725.9143143892288,FAKE
/workspace/data/genbuster-mini/extracted/GenBuster-200K-mini/benchmark/fake/sora/6e35e452802f395f1f0aac14862756e61fa5189a4287512e862614569e212021.mp4,1,0,0.9807990309836491,0.01920096901635092,0.9615980619672981,1427,2,711.4950865507126,REAL
/workspace/data/genbuster-mini/extracted/GenBuster-200K-mini/benchmark/fake/sora/6d20854c5b245d1850212b5d2db9192b380348bed9e956a36b2bed4a73cebae8.mp4,1,1,0.8991213772699436,0.10087862273005653,0.798242754539887,1427,3,728.1188741326332,FAKE
/workspace/data/genbuster-mini/extracted/GenBuster-200K-mini/benchmark/fake/sora/6cb677d48c43b80ccd171e402258da1813feba01972d7858389819d8d9ba3994.mp4,0,1,0.2036172029981562,0.7963827970018438,0.5927655940036876,1427,3,721.6746658086777,FAKE
/workspace/data/genbuster-mini/extracted/GenBuster-200K-mini/benchmark/fake/sora/6c7f8d4ca46da815f918b3ba20a51312832c969aab465ffb44def0ece564a443.mp4,0,0,0.042722197546490565,0.9572778024535095,0.9145556049070189,1427,2,685.13523042202,REAL
/workspace/data/genbuster-mini/extracted/GenBuster-200K-mini/benchmark/fake/sora/6b9b011387c579527bffa72f0992a391b778e26db4358d6d47a8427b58af986b.mp4,0,1,0.23125036644805658,0.7687496335519434,0.5374992671038867,1427,3,717.5665199756622,FAKE
/workspace/data/genbuster-mini/extracted/GenBuster-200K-mini/benchmark/fake/sora/6b67fd26a48397f4f1b91b4b7968be97070aa460f0b898ff9c210414e3ed995c.mp4,0,1,0.2265880360247313,0.7734119639752687,0.5468239279505374,1427,3,717.1334251761436,FAKE
/workspace/data/genbuster-mini/extracted/GenBuster-200K-mini/benchmark/fake/sora/6af9386aac3ac8d0960db26614107151b5710def4524e3019764c86adb495f37.mp4,0,1,0.2144406954447164,0.7855593045552837,0.5711186091105673,1427,3,725.3986746072769,FAKE
/workspace/data/genbuster-mini/extracted/GenBuster-200K-mini/benchmark/fake/sora/6a67f40efe524da544997b35f8c366bd396f5fbe6b5e8e1b704dbea620eda0df.mp4,1,1,0.8006920020959544,0.19930799790404563,0.6013840041919087,1427,3,724.3464589118958,FAKE
/workspace/data/genbuster-mini/extracted/GenBuster-200K-mini/benchmark/fake/sora/64f9016d05e8b50ccbad44b061977c73e21b24ae4739e04fbadacc60f1ef1f04.mp4,1,0,0.9825638720598249,0.01743612794017503,0.9651277441196499,1427,2,695.1509714126587,REAL
/workspace/data/genbuster-mini/extracted/GenBuster-200K-mini/benchmark/fake/sora/64c420d76eb4102641d38d7b8c5be39ceb34e43924b62d49250cff72200e4a1a.mp4,0,1,0.20031925155266583,0.7996807484473342,0.5993614968946683,1427,3,717.396467924118,FAKE
/workspace/data/genbuster-mini/extracted/GenBuster-200K-mini/benchmark/fake/sora/645e76ca7b3b11cb4690f4446b7fffe3ddaae53fcb73cf9a41a1235d2b523edc.mp4,1,0,0.9913749246894495,0.00862507531055053,0.982749849378899,1427,2,684.2271685600281,REAL
/workspace/data/genbuster-mini/extracted/GenBuster-200K-mini/benchmark/fake/sora/6449fe15023ac8be22e25cc5d54fb7fcdc83c42922292e11566f101915a83e55.mp4,1,0,0.9875592015964264,0.012440798403573431,0.9751184031928529,1427,2,686.296246945858,REAL
/workspace/data/genbuster-mini/extracted/GenBuster-200K-mini/benchmark/fake/sora/617de1f8c88d8bf36409ccfdc833ae11bdedf123e909b1b364ca0392a338785a.mp4,0,1,0.1895212378168113,0.8104787621831887,0.6209575243663774,1427,3,718.6230048537254,FAKE
/workspace/data/genbuster-mini/extracted/GenBuster-200K-mini/benchmark/fake/sora/5dc3e1231a3cb2ad03343551dd25a3acb58bc5035bf1fe381eaf25e519f574ad.mp4,1,1,0.7718434978390747,0.22815650216092537,0.5436869956781494,1427,3,716.7454436421394,FAKE
/workspace/data/genbuster-mini/extracted/GenBuster-200K-mini/benchmark/fake/sora/5db81e4ce9957160d5f83ae6e6e6377760d57348f607cbc31c6465cb2ba3c0fd.mp4,1,0,0.942284519151955,0.05771548084804508,0.8845690383039099,1427,2,684.7273483872414,REAL
/workspace/data/genbuster-mini/extracted/GenBuster-200K-mini/benchmark/fake/sora/5d9e1d2566c064f85a163db9b4d76e279cb9f4de20bbf82a3676a068b3a79f0d.mp4,0,1,0.17011382974874947,0.8298861702512506,0.6597723405025011,1427,3,727.4438142776489,FAKE
/workspace/data/genbuster-mini/extracted/GenBuster-200K-mini/benchmark/fake/sora/5cce61c49d5c13be186e2557b9c2ddc872d057cb5d4c99aee609facc14aba69f.mp4,1,0,0.9106967565412375,0.0893032434587625,0.821393513082475,1427,2,701.9874230027199,REAL
/workspace/data/genbuster-mini/extracted/GenBuster-200K-mini/benchmark/fake/sora/5b2a2b4c734d889464920bfadaf5a2cdad374b4dcf3855d326df50b7870d9fc0.mp4,1,0,0.9735106508160611,0.02648934918393884,0.9470213016321223,1427,2,688.2236450910568,REAL
/workspace/data/genbuster-mini/extracted/GenBuster-200K-mini/benchmark/fake/sora/5afbba3f9d7a24fb1af384bd86bf554bcbeacc4851814ec7fbadd69452ead656.mp4,0,1,0.22835322324121535,0.7716467767587846,0.5432935535175692,1427,3,725.5476415157318,FAKE
/workspace/data/genbuster-mini/extracted/GenBuster-200K-mini/benchmark/fake/sora/5a506b53f57802ec32f3a3ea4c5871d4607de7717f63479315ab76b2e8735269.mp4,0,1,0.1842638293152914,0.8157361706847086,0.6314723413694172,1427,3,744.4713860750198,FAKE
/workspace/data/genbuster-mini/extracted/GenBuster-200K-mini/benchmark/fake/sora/58cdc10e5cafe6c248a1a2b473348583fc75c04ae15849b3fc3a391ea74a6a94.mp4,0,1,0.18364952009262986,0.8163504799073701,0.6327009598147402,1427,3,726.4879643917084,FAKE
/workspace/data/genbuster-mini/extracted/GenBuster-200K-mini/benchmark/fake/sora/5894f21278c021c4ead340475dcdf472c1e205525fa4e5a935f02c9677f07a77.mp4,1,0,0.9907660756834746,0.009233924316525402,0.9815321513669493,1427,2,691.8911412358284,REAL
/workspace/data/genbuster-mini/extracted/GenBuster-200K-mini/benchmark/fake/sora/57aad1a95a3bc7278b79caff8009657f3ece8f1950ca8f7fb5710592eede16fb.mp4,1,0,0.9930859477436035,0.006914052256396416,0.9861718954872071,1427,2,686.4611506462097,REAL
/workspace/data/genbuster-mini/extracted/GenBuster-200K-mini/benchmark/fake/sora/56bffc46cfefc6d7b029994942fd0711c8f3f880fb56476e5d684b4b7fe305f8.mp4,0,1,0.19948627395841603,0.800513726041584,0.601027452083168,1427,3,726.0515317320824,FAKE
/workspace/data/genbuster-mini/extracted/GenBuster-200K-mini/benchmark/fake/sora/55ab6f5090e22c80319073e73bd564bcc02d29fa7f0a17461b6d9366c2d85c86.mp4,1,1,0.9324533088603709,0.0675466911396291,0.8649066177207418,1427,3,721.0499867796898,FAKE
/workspace/data/genbuster-mini/extracted/GenBuster-200K-mini/benchmark/fake/sora/54b68b7a890c8395d3d82c03c033f93d6dab98c2cb6bb2c815d804f6e2f717a9.mp4,0,1,0.22848432488232928,0.7715156751176708,0.5430313502353415,1427,3,718.4222340583801,FAKE
/workspace/data/genbuster-mini/extracted/GenBuster-200K-mini/benchmark/fake/sora/4fe8c571c0ca1b7b6aa933e5b81a385fbcfbe20e736d274456770a1d68ded8ec.mp4,0,1,0.25224371378501426,0.7477562862149857,0.49551257242997143,1427,3,722.1228033304214,FAKE
/workspace/data/genbuster-mini/extracted/GenBuster-200K-mini/benchmark/fake/sora/4fe3e8e230fc6707f96e21dbc65c962065b2e3941f82a9669235dd859a8be94b.mp4,1,0,0.9755946274760978,0.024405372523902232,0.9511892549521956,1427,2,688.6151134967804,REAL
/workspace/data/genbuster-mini/extracted/GenBuster-200K-mini/benchmark/fake/sora/4dda247368056550cf7c8a087855bda49048623fcc654bfd2adf0a3cc6b2d30b.mp4,0,1,0.22940368783113352,0.7705963121688665,0.541192624337733,1427,3,718.4900641441345,FAKE
/workspace/data/genbuster-mini/extracted/GenBuster-200K-mini/benchmark/fake/sora/4bbcf5aca827fe43681887a09255cf6a620d1a3d5547d838dced52351a395f38.mp4,1,0,0.9585820499749214,0.04141795002507861,0.9171640999498427,1427,2,684.761680662632,REAL
/workspace/data/genbuster-mini/extracted/GenBuster-200K-mini/benchmark/fake/sora/4b1e69d2cca9b6f0e0fa3509d228e641a0cd016c525aa1c83468b10c0114eb9a.mp4,1,1,0.7577943712746406,0.24220562872535945,0.5155887425492811,1427,3,718.7412604689598,FAKE
/workspace/data/genbuster-mini/extracted/GenBuster-200K-mini/benchmark/fake/sora/49641a5d9f5757d56f7bbf89505d555e21f49eb7092997144413d3305648be7c.mp4,1,1,0.8006920020959544,0.19930799790404563,0.6013840041919087,1427,3,720.7382693886757,FAKE
/workspace/data/genbuster-mini/extracted/GenBuster-200K-mini/benchmark/fake/sora/48c24c5fd88598584646c82172542fcbde73c0c215e29538bf9e9cfa74b3bd98.mp4,0,1,0.18437566656908208,0.8156243334309179,0.6312486668618358,1427,3,721.8984737992287,FAKE
/workspace/data/genbuster-mini/extracted/GenBuster-200K-mini/benchmark/fake/sora/4865b80e3f2364ae2811829570de93d68c5ab3380e1c27f2dfa04f3386b3432f.mp4,1,0,0.9911395809652042,0.008860419034795824,0.9822791619304083,1427,2,689.16454911232,REAL
/workspace/data/genbuster-mini/extracted/GenBuster-200K-mini/benchmark/fake/sora/47a298c1a1e8c5960c8669a82374c1a66e958c5388c0dceabfac3d51816a081e.mp4,1,0,0.9907626723742803,0.009237327625719745,0.9815253447485606,1427,2,685.9321519732475,REAL
/workspace/data/genbuster-mini/extracted/GenBuster-200K-mini/benchmark/fake/sora/45f0534bc58825203670918e007171e74e37f8827779e35d0d9ca562ad3c2f12.mp4,1,1,0.9219218348550491,0.07807816514495095,0.8438436697100982,1427,3,722.7104231715202,FAKE
/workspace/data/genbuster-mini/extracted/GenBuster-200K-mini/benchmark/fake/sora/441bbb7fb1fc50ae84e8f5aa45bfd6b3fd39212d3ddd721b05c946e870a7faf6.mp4,1,0,0.9433673976519719,0.056632602348028235,0.8867347953039436,1427,2,688.495546579361,REAL
/workspace/data/genbuster-mini/extracted/GenBuster-200K-mini/benchmark/fake/sora/41a34f0712af95dbf343d9244e4c1b4cd492e085c1dc47466ca3d7b4a168327c.mp4,0,1,0.19853735711972728,0.8014626428802728,0.6029252857605455,1427,3,717.7318409085274,FAKE
/workspace/data/genbuster-mini/extracted/GenBuster-200K-mini/benchmark/fake/sora/3fd44998b6ab3d5aedb1d0a80079f7f6010a5ca4d9ae4e9eef951e379bfb3c68.mp4,0,1,0.23759286290006915,0.7624071370999308,0.5248142741998616,1427,3,719.0503254532814,FAKE
/workspace/data/genbuster-mini/extracted/GenBuster-200K-mini/benchmark/fake/sora/3d195d492843072a74ee6f89167c07b23c27bb2c3cea5b77a03b0787e2396186.mp4,0,1,0.23264213806115283,0.7673578619388473,0.5347157238776944,1427,3,717.0267254114151,FAKE
/workspace/data/genbuster-mini/extracted/GenBuster-200K-mini/benchmark/fake/sora/38039201b9b770f05e4b06be7cb7974b97e7c5485a8c11b1224c37c9e935413e.mp4,1,1,0.746138993030751,0.25386100696924885,0.4922779860615022,1427,3,747.0290213823318,FAKE
/workspace/data/genbuster-mini/extracted/GenBuster-200K-mini/benchmark/fake/sora/37720f36e90ebeb7e6d11df08c4b0c138af84ae4e76392e55640b9dbb0072dc5.mp4,1,0,0.9906908975533535,0.009309102446646548,0.981381795106707,1427,2,691.2912949919701,REAL
/workspace/data/genbuster-mini/extracted/GenBuster-200K-mini/benchmark/fake/sora/355f9374b5bd3dc23080f75d0c42edfa422c0a0abb87cbb4e74b4db5f57ebf00.mp4,1,0,0.9395762743406716,0.06042372565932847,0.8791525486813431,1427,2,687.7772584557533,REAL
/workspace/data/genbuster-mini/extracted/GenBuster-200K-mini/benchmark/fake/sora/341eff9279d02c0cb58533acb78351e9fb968b809291db36783408cc8c812886.mp4,0,1,0.17753916019654445,0.8224608398034556,0.6449216796069112,1427,3,718.3067128062248,FAKE
/workspace/data/genbuster-mini/extracted/GenBuster-200K-mini/benchmark/fake/sora/3298c41511afc519600df7764f62d7691754bbe834016ba87c3155bc87ea0fa3.mp4,1,0,0.989117661760411,0.010882338239588863,0.9782353235208222,1427,2,688.4617730975151,REAL
/workspace/data/genbuster-mini/extracted/GenBuster-200K-mini/benchmark/fake/sora/323ac78849bf8eb9ccb9d92c3ff9c3a1766114450cc494fff8659757f55ac0a8.mp4,0,1,0.18792633113442717,0.8120736688655728,0.6241473377311456,1427,3,727.973572909832,FAKE
/workspace/data/genbuster-mini/extracted/GenBuster-200K-mini/benchmark/fake/sora/31a8a9ccfbe2e274e03fc9413f275b9f5467e61b6df1571ab7587bd60fae7388.mp4,0,1,0.24460363190000795,0.755396368099992,0.510792736199984,1427,3,722.1978083252907,FAKE
/workspace/data/genbuster-mini/extracted/GenBuster-200K-mini/benchmark/fake/sora/30e8073650a748244d04f4a1e52eb62e7cde9b354072ac68a85cff3ef95aeb51.mp4,1,0,0.9691355733161334,0.030864426683866644,0.9382711466322667,1427,2,690.9172534942627,REAL
/workspace/data/genbuster-mini/extracted/GenBuster-200K-mini/benchmark/fake/sora/304446209b9a8fe0ac74d57e608ad7e277c5d579c915cc1ff7fa367dce537999.mp4,1,0,0.9832144943707387,0.01678550562926126,0.9664289887414774,1427,2,695.8674862980843,REAL
/workspace/data/genbuster-mini/extracted/GenBuster-200K-mini/benchmark/fake/sora/2f27a81043d0e29bc0c9955594526250e58614eecc0d95284eaf9c12054f7d46.mp4,1,1,0.8056321889812553,0.19436781101874467,0.6112643779625107,1427,3,725.5644276738167,FAKE
/workspace/data/genbuster-mini/extracted/GenBuster-200K-mini/benchmark/fake/sora/2f2393855e81c4d9629bfb018fb98895f6d7c774786b7e624679ac951aa8b821.mp4,1,1,0.8418256472515684,0.1581743527484317,0.6836512945031367,1427,3,719.5656150579453,FAKE
/workspace/data/genbuster-mini/extracted/GenBuster-200K-mini/benchmark/fake/sora/2c3d723d34728692d436966e972a7d8e208d38cd97222b8a094fcb044c055dcd.mp4,0,0,0.06465348835622392,0.9353465116437761,0.8706930232875523,1427,2,687.7142786979675,REAL
/workspace/data/genbuster-mini/extracted/GenBuster-200K-mini/benchmark/fake/sora/2af46c1a0294248b9de9b297d5726234ea4aa4ecad12868f085560fa081e0c33.mp4,1,1,0.7025300573952054,0.2974699426047947,0.40506011479041065,1427,3,745.872288942337,FAKE
/workspace/data/genbuster-mini/extracted/GenBuster-200K-mini/benchmark/fake/sora/2a37a23239ea08b760d26436c8755c935e0e579b9341c9dd9f27958c2cdcbff5.mp4,0,1,0.24694828749161707,0.753051712508383,0.506103425016766,1427,3,724.8484343290329,FAKE
/workspace/data/genbuster-mini/extracted/GenBuster-200K-mini/benchmark/fake/sora/28323d3622122c94f3c3493d07d5bb8c26545ac2104cc9666957c2e4f37406cb.mp4,0,1,0.21727442337046515,0.7827255766295348,0.5654511532590696,1427,3,720.6915616989136,FAKE
/workspace/data/genbuster-mini/extracted/GenBuster-200K-mini/benchmark/fake/sora/28197cb300223e2749d487cf61284d60e5edbf54f543c1a2123ba0571f75f256.mp4,1,0,0.9893748929342525,0.010625107065747486,0.978749785868505,1427,2,687.2261613607407,REAL
/workspace/data/genbuster-mini/extracted/GenBuster-200K-mini/benchmark/fake/sora/25331e2a389e38c28c10e8cf3eb0fc74f1fa80eceec1632d6b19f95c900e7d27.mp4,0,1,0.19199062579482856,0.8080093742051714,0.6160187484103428,1427,3,728.6460101604462,FAKE
/workspace/data/genbuster-mini/extracted/GenBuster-200K-mini/benchmark/fake/sora/210da8c580174519898cf6f8ee2dff4182c8bd31abbdeaaaf125a233645edf30.mp4,1,0,0.977786636085964,0.022213363914036083,0.9555732721719279,1427,2,684.511087834835,REAL
/workspace/data/genbuster-mini/extracted/GenBuster-200K-mini/benchmark/fake/sora/1d39b7a95aa723243825b741fe122d90a9a9483c6ef53ce85f637b8cf8cad46a.mp4,1,1,0.9324533088603709,0.0675466911396291,0.8649066177207418,1427,3,726.1883988976479,FAKE
/workspace/data/genbuster-mini/extracted/GenBuster-200K-mini/benchmark/fake/sora/1cf5f3c8be3e91441c626e9dc004dd20c1bedf58128fb5757bb044d423480d8a.mp4,1,0,0.991425668786674,0.008574331213326061,0.982851337573348,1427,2,686.4568516612053,REAL
/workspace/data/genbuster-mini/extracted/GenBuster-200K-mini/benchmark/fake/sora/1b14cf829b2af6036688d38884fb84067e38de1aa4c8bb745f399d8074c9b397.mp4,1,0,0.9722043516475776,0.027795648352422462,0.9444087032951551,1427,2,691.7052194476128,REAL
/workspace/data/genbuster-mini/extracted/GenBuster-200K-mini/benchmark/fake/sora/1a44cf5c0c4ad9c1324c951ccf6c3eb6b0cbb2aa161bbafb2b1c68e51d10ee2f.mp4,1,0,0.9892648272629606,0.010735172737039295,0.9785296545259213,1427,2,689.2963722348213,REAL
/workspace/data/genbuster-mini/extracted/GenBuster-200K-mini/benchmark/fake/sora/190a7c95ad635c468058f84bc43e36b3e6c46c4ab228a21d290163bdb0f1f805.mp4,1,0,0.9678992636520779,0.03210073634792211,0.9357985273041558,1427,2,683.8613897562027,REAL
/workspace/data/genbuster-mini/extracted/GenBuster-200K-mini/benchmark/fake/sora/1829dfe5b2488c5330cab1e256dfb39cbe80266703e4d8c8fe20f7ac7098cf86.mp4,0,1,0.24426017982331583,0.7557398201766843,0.5114796403533685,1427,3,720.0135290622711,FAKE
/workspace/data/genbuster-mini/extracted/GenBuster-200K-mini/benchmark/fake/sora/17432574d074603a0134897c272308b1e572f852b3c7a990dab59d89261fe007.mp4,1,0,0.994858481908183,0.005141518091816862,0.9897169638163662,1427,2,691.0030990839005,REAL
/workspace/data/genbuster-mini/extracted/GenBuster-200K-mini/benchmark/fake/sora/16f7f2cfe2970a974b15b137e7e5b3eb243f83d1cd28107302dfe61b17bfa42d.mp4,0,1,0.19303148131716458,0.8069685186828354,0.6139370373656707,1427,3,723.9324524998665,FAKE
/workspace/data/genbuster-mini/extracted/GenBuster-200K-mini/benchmark/fake/sora/159f136615aea2fd3889f316a04a6f8bb00f47e8f090d528ff324238e59ec7ac.mp4,0,1,0.18866547989336177,0.8113345201066383,0.6226690402132765,1427,3,726.0609790682793,FAKE
/workspace/data/genbuster-mini/extracted/GenBuster-200K-mini/benchmark/fake/sora/14f0e8be77b3278855acb003b52c8ade3530d42f42f9cd62604be377ecf37ce8.mp4,0,1,0.21835181343882906,0.781648186561171,0.5632963731223419,1427,3,717.7590131759644,FAKE
/workspace/data/genbuster-mini/extracted/GenBuster-200K-mini/benchmark/fake/sora/12a8ca19ce576aad0d01f4c739024cde4953d7664b4d91db439a5493bc3581d4.mp4,1,1,0.7879311956428947,0.21206880435710532,0.5758623912857894,1427,3,726.2435778975487,FAKE
/workspace/data/genbuster-mini/extracted/GenBuster-200K-mini/benchmark/fake/sora/124b810f71d95eff57f01a8c11f41a11f0095f03932758678464677697a3c2dd.mp4,1,1,0.7772998611746911,0.22270013882530884,0.5545997223493823,1427,3,729.6455278992653,FAKE
/workspace/data/genbuster-mini/extracted/GenBuster-200K-mini/benchmark/fake/sora/11f90da010173d4f72208f067f778b699eafb7a52fb76373c5d22d4785c8b2d6.mp4,0,1,0.25070312456191235,0.7492968754380878,0.4985937508761754,1427,3,728.5802438855171,FAKE
/workspace/data/genbuster-mini/extracted/GenBuster-200K-mini/benchmark/fake/sora/119edb5d3cfdfd7b43240912ae19de2ff06533fbabcd361dcecd801835a799a1.mp4,1,1,0.7371581626286834,0.26284183737131667,0.4743163252573667,1427,3,728.2465100288391,FAKE
/workspace/data/genbuster-mini/extracted/GenBuster-200K-mini/benchmark/fake/sora/1194c25f803627bd81772357f8e253edeb7e6259e9e07e0ef80f060f2c9e24fe.mp4,1,0,0.9909979878685065,0.009002012131493651,0.9819959757370128,1427,2,697.063073515892,REAL
/workspace/data/genbuster-mini/extracted/GenBuster-200K-mini/benchmark/fake/sora/0f700f160913012fe993b65d128feaee0d00253a99c6735a1a6a99f4eb6b7163.mp4,0,1,0.18281429477730368,0.8171857052226964,0.6343714104453927,1427,3,728.707030415535,FAKE
/workspace/data/genbuster-mini/extracted/GenBuster-200K-mini/benchmark/fake/sora/0b90f9060a7a19fcc4ec5a6d5b2110d76937c4e960da89e7393b7d5a13f397af.mp4,0,1,0.24111488495323388,0.7588851150467661,0.5177702300935323,1427,3,723.227433860302,FAKE
/workspace/data/genbuster-mini/extracted/GenBuster-200K-mini/benchmark/fake/sora/0aa26abe42f4272804f2b030791d3be01ad4ebdf39dd4686355194c42721ccd2.mp4,1,0,0.9794591111742769,0.020540888825723202,0.9589182223485536,1427,2,701.6042023897171,REAL
/workspace/data/genbuster-mini/extracted/GenBuster-200K-mini/benchmark/fake/sora/09ed41a444814fd2029f82774705cdc4544cc20ce43b12f5ae7391767bd7c247.mp4,1,0,0.9842096449334803,0.015790355066519778,0.9684192898669605,1427,2,706.095926463604,REAL
/workspace/data/genbuster-mini/extracted/GenBuster-200K-mini/benchmark/fake/sora/076736ade4d5f44fb0b1798c21b15223e2e58f1802521d968a9a245ab954e63e.mp4,0,0,0.06097518086496481,0.9390248191350352,0.8780496382700704,1427,2,700.6668299436569,REAL
/workspace/data/genbuster-mini/extracted/GenBuster-200K-mini/benchmark/fake/sora/04c4ee325148c0f808ab4301aec9944f7529f54ccb7adde767cab229841b296d.mp4,1,0,0.9475661477712062,0.052433852228793765,0.8951322955424124,1427,2,696.2653547525406,REAL
/workspace/data/genbuster-mini/extracted/GenBuster-200K-mini/benchmark/fake/sora/04a537dcf1d94db097dd42b9f5460161b9dcd01a7a9ba3391777d35152eb2e0c.mp4,1,1,0.927363293639213,0.07263670636078697,0.854726587278426,1427,3,727.0675674080849,FAKE
/workspace/data/genbuster-mini/extracted/GenBuster-200K-mini/benchmark/fake/sora/04a3e498fa13b20d309dc99e482e02dd00631fedf47a001593b25ddc763d87e2.mp4,1,1,0.8933094060543487,0.10669059394565118,0.7866188121086976,1427,3,727.3420840501785,FAKE
/workspace/data/genbuster-mini/extracted/GenBuster-200K-mini/benchmark/fake/pika/fc74bdd83e76b91234c2ab9a98af1a1de31823a0b4d7dd7ffba09f9d0269659f.mp4,1,1,0.9763105287006256,0.023689471299374428,0.9526210574012512,1427,3,732.7087000012398,FAKE
/workspace/data/genbuster-mini/extracted/GenBuster-200K-mini/benchmark/fake/pika/fbda5a1c738cfd8c7280b578e045b2201ef28832a12b6981a1b79f4e15f0be53.mp4,0,1,0.19378606697570352,0.8062139330242964,0.6124278660485929,1427,3,724.1843864321709,FAKE
/workspace/data/genbuster-mini/extracted/GenBuster-200K-mini/benchmark/fake/pika/f9076d91c5cfccfc4538fff5cb2437a4f0c4374a0432fac31d255c3cf93fc588.mp4,1,1,0.8670357598021706,0.13296424019782924,0.7340715196043414,1427,3,721.859335899353,FAKE
/workspace/data/genbuster-mini/extracted/GenBuster-200K-mini/benchmark/fake/pika/f6db7656b2a20dc37ee925b694d24a81224ce47fada8dee4fd26dd8cc2ce3a3e.mp4,1,0,0.9884451949899802,0.011554805010019886,0.9768903899799602,1427,2,687.6155734062195,REAL
/workspace/data/genbuster-mini/extracted/GenBuster-200K-mini/benchmark/fake/pika/f6164a380870793e3cc5f43f0c7d59f778ad1e32beb412d771387a2fe097cf69.mp4,0,1,0.2141275903109908,0.7858724096890093,0.5717448193780185,1427,3,727.2403910756111,FAKE
/workspace/data/genbuster-mini/extracted/GenBuster-200K-mini/benchmark/fake/pika/f60612775c35b61a17677fda7100f94d2002750373419928233f7eaf7a74d24c.mp4,1,0,0.9893983363715667,0.010601663628433178,0.9787966727431335,1427,2,690.2168095111847,REAL
/workspace/data/genbuster-mini/extracted/GenBuster-200K-mini/benchmark/fake/pika/efb76254c738ddd0adb9ee906bdeaa7af33d2cfc2dfe9163a925158e6d866551.mp4,0,1,0.2647927576500189,0.7352072423499811,0.4704144846999622,1427,3,720.1798558235168,FAKE
/workspace/data/genbuster-mini/extracted/GenBuster-200K-mini/benchmark/fake/pika/ed10e0bc9c7cd246828a4c4f50f4533432bd7f380da81a585242841bf0164590.mp4,1,0,0.9956475870050092,0.004352412994990794,0.9912951740100184,1427,2,686.3545253872871,REAL
/workspace/data/genbuster-mini/extracted/GenBuster-200K-mini/benchmark/fake/pika/eb464f4a512669c4e5e5628a383b2f11a312845da049b191537a81ca2e0da975.mp4,0,1,0.21733768326894132,0.7826623167310587,0.5653246334621174,1427,3,718.8249602913857,FAKE
/workspace/data/genbuster-mini/extracted/GenBuster-200K-mini/benchmark/fake/pika/eb2d7b42d10c55307515027f955200a98c5b611549e7c93619d76d2cde34058e.mp4,0,1,0.24480985982687586,0.7551901401731241,0.5103802803462483,1427,3,731.7254170775414,FAKE
/workspace/data/genbuster-mini/extracted/GenBuster-200K-mini/benchmark/fake/pika/e6c3f03ab6ece93ecaf8ce5c639ff58e481ed27a6bc1d449becb36d95fce79e4.mp4,1,0,0.9731144560241182,0.02688554397588172,0.9462289120482364,1427,2,695.0835287570953,REAL
/workspace/data/genbuster-mini/extracted/GenBuster-200K-mini/benchmark/fake/pika/e64cc08b900844e4360631e53aff59897cfb2bbd1df964762ea58193a47f81e0.mp4,1,0,0.9748576486989895,0.025142351301010665,0.9497152973979789,1427,2,695.068322122097,REAL
/workspace/data/genbuster-mini/extracted/GenBuster-200K-mini/benchmark/fake/pika/e4588562fabe50b1297c72444cfabf2a09f97748fa41c4ae43cb1808a0ea53b8.mp4,1,0,0.9936258285887104,0.006374171411289703,0.9872516571774207,1427,2,684.511736035347,REAL
/workspace/data/genbuster-mini/extracted/GenBuster-200K-mini/benchmark/fake/pika/e3e2c06db65d9925fa6ee5612cd90d8e64c1a89f3011bf2a440670cf34919fc8.mp4,1,0,0.9909179885609776,0.00908201143902248,0.9818359771219551,1427,2,689.105711877346,REAL
/workspace/data/genbuster-mini/extracted/GenBuster-200K-mini/benchmark/fake/pika/e2cdabed4ce9043e6dae773cb85512a935366541e456129624cfb198de807e6a.mp4,0,1,0.25077299904810757,0.7492270009518924,0.49845400190378486,1427,3,719.141773879528,FAKE
/workspace/data/genbuster-mini/extracted/GenBuster-200K-mini/benchmark/fake/pika/dfb04559195579059744af6fb4497928ba95e3537f809adf7058354e8fde7cab.mp4,0,1,0.20671101847056117,0.7932889815294388,0.5865779630588777,1427,3,733.7876409292221,FAKE
/workspace/data/genbuster-mini/extracted/GenBuster-200K-mini/benchmark/fake/pika/dda85fbc3402ef7a70c6361fc43a41c3097f13ab46ecb6718bfa1dd0e6314af3.mp4,1,0,0.9490613010654707,0.050938698934529326,0.8981226021309414,1427,2,684.4874024391174,REAL
/workspace/data/genbuster-mini/extracted/GenBuster-200K-mini/benchmark/fake/pika/dd6a5de71bc5512761235de106abf5e9337e3f4f0a7af9f98eeb738d8a5e97fc.mp4,1,0,0.9954278244600113,0.004572175539988648,0.9908556489200226,1427,2,689.7434070706367,REAL
/workspace/data/genbuster-mini/extracted/GenBuster-200K-mini/benchmark/fake/pika/dd30a676fbef2674255a5fa724465b15d8a56db53a2cb255cde31bb3b8f0e350.mp4,0,1,0.16303901017469272,0.8369609898253073,0.6739219796506146,1427,3,719.3871885538101,FAKE
/workspace/data/genbuster-mini/extracted/GenBuster-200K-mini/benchmark/fake/pika/dc1227fa2ef70dfa8e917933b2e0169ef8c2ea3b3e07063a545bac4da690f010.mp4,1,0,0.9925338391360087,0.007466160863991397,0.9850676782720172,1427,2,690.731406211853,REAL
/workspace/data/genbuster-mini/extracted/GenBuster-200K-mini/benchmark/fake/pika/da0fde02b7542fc99501d0e43279fc4a622bc5a33d7b9c66b7d4bbddce2777b8.mp4,0,1,0.22386152217605598,0.7761384778239441,0.5522769556478881,1427,3,723.4118357300758,FAKE
/workspace/data/genbuster-mini/extracted/GenBuster-200K-mini/benchmark/fake/pika/d9f85035a3c3b09e7a9e484f937d78ea865a91896537a2dabaa99dbbbe3c3197.mp4,0,1,0.22135085236798974,0.7786491476320102,0.5572982952640204,1427,3,719.1939130425453,FAKE
/workspace/data/genbuster-mini/extracted/GenBuster-200K-mini/benchmark/fake/pika/d78bc9b7b345b820e011043239c589d4fa9c0f6f7e2aa15a2efa24229b65ff56.mp4,0,1,0.23982384485323718,0.7601761551467627,0.5203523102935256,1427,3,717.445857822895,FAKE
/workspace/data/genbuster-mini/extracted/GenBuster-200K-mini/benchmark/fake/pika/d3e302b706c1ccf01a2fc6ef1e39eb3900621264d8d77d9adf7d01cf4b35fedb.mp4,1,0,0.9891855206283829,0.010814479371617097,0.9783710412567659,1427,2,687.5573173165321,REAL
/workspace/data/genbuster-mini/extracted/GenBuster-200K-mini/benchmark/fake/pika/d34cfadd56791683b537a7b5cea310b274858429b28afcab759ad7e5566e3a48.mp4,1,0,0.9869890658136224,0.013010934186377492,0.973978131627245,1427,2,729.4268608093262,REAL
/workspace/data/genbuster-mini/extracted/GenBuster-200K-mini/benchmark/fake/pika/d129a841fe082341dd2bba1185851e8533ad8d91e0ffecf00279ada1530ec5d2.mp4,0,1,0.21956064919641174,0.7804393508035883,0.5608787016071766,1427,3,722.5795313715935,FAKE
/workspace/data/genbuster-mini/extracted/GenBuster-200K-mini/benchmark/fake/pika/cda72e2f95e371207c18a0072e216b46bacb72c82607b4b0077e03c04b634046.mp4,1,1,0.90192067652954,0.09807932347046003,0.80384135305908,1427,3,717.5579145550728,FAKE
/workspace/data/genbuster-mini/extracted/GenBuster-200K-mini/benchmark/fake/pika/c3878ae31e0f881d9ddf3d46d8ebb708348b250d78d6d8b14e160c0c77d3da2e.mp4,0,1,0.19565275964838785,0.8043472403516121,0.6086944807032242,1427,3,718.5944765806198,FAKE
/workspace/data/genbuster-mini/extracted/GenBuster-200K-mini/benchmark/fake/pika/c311a229c3900935c28d4bbe6cbff206349bcedb635a1d74588f003b9cf1dab4.mp4,1,1,0.8947894632969136,0.10521053670308635,0.7895789265938272,1427,3,720.9150791168213,FAKE
/workspace/data/genbuster-mini/extracted/GenBuster-200K-mini/benchmark/fake/pika/c1af5f05d038f2377f45d8c13f1eef34a42b58e199aa92329729a0c89c936fec.mp4,1,1,0.888758793492457,0.11124120650754304,0.777517586984914,1427,3,717.6221534609795,FAKE
/workspace/data/genbuster-mini/extracted/GenBuster-200K-mini/benchmark/fake/pika/c1607ca27f026805b7bddb8ba5f336b2b758a6d2ac5dc066bc3f0c74fa0417b9.mp4,0,1,0.22593673483590973,0.7740632651640904,0.5481265303281807,1427,3,721.8909710645676,FAKE
/workspace/data/genbuster-mini/extracted/GenBuster-200K-mini/benchmark/fake/pika/bfe7eba33fd5d5c99c7b08c95d7a0ed80f3899da37bde44ac78018eeace2defb.mp4,1,0,0.9912499724554704,0.008750027544529526,0.9824999449109408,1427,2,685.3043884038925,REAL
/workspace/data/genbuster-mini/extracted/GenBuster-200K-mini/benchmark/fake/pika/bd98ce6bcac809a2d0a54f45b8e1c53cc87eb01066805656ccb6c4208647a4b0.mp4,1,0,0.9955382289101625,0.00446177108983741,0.9910764578203252,1427,2,692.3429667949677,REAL
/workspace/data/genbuster-mini/extracted/GenBuster-200K-mini/benchmark/fake/pika/b8aa1e3be71b4bd8b2e362e0f7e8f7b204af912a9bab332b1d0c8effd1b51c53.mp4,1,1,0.9465966702001757,0.053403329799824234,0.8931933404003515,1427,3,724.9150425195694,FAKE
/workspace/data/genbuster-mini/extracted/GenBuster-200K-mini/benchmark/fake/pika/b879e3f4bf1a35fb5a5fb305967519adc47f5b1e06840e62dcc45eae95876ddc.mp4,0,1,0.23237665414011155,0.7676233458598885,0.5352466917197769,1427,3,730.7398468255997,FAKE
/workspace/data/genbuster-mini/extracted/GenBuster-200K-mini/benchmark/fake/pika/b7a22f47e8b8166ff8661b248067e4a62eade1978bd88b1bb363d1735597775e.mp4,0,1,0.17944853249456055,0.8205514675054395,0.641102935010879,1427,3,721.0227772593498,FAKE
/workspace/data/genbuster-mini/extracted/GenBuster-200K-mini/benchmark/fake/pika/b70a8e48cbcbf4612a5a68a397a799bd959e31bce70e4447e1ecac195f2fcd4c.mp4,1,0,0.9944058908963374,0.005594109103662668,0.9888117817926747,1427,2,690.593346953392,REAL
/workspace/data/genbuster-mini/extracted/GenBuster-200K-mini/benchmark/fake/pika/b6e694023a16b31e8ddd8535ac0838c9c9ec7fc9b4847a1f4ef3fe1fa3decdec.mp4,1,0,0.9921523054607132,0.00784769453928678,0.9843046109214264,1427,2,687.4756589531898,REAL
/workspace/data/genbuster-mini/extracted/GenBuster-200K-mini/benchmark/fake/pika/b5ed10dc4f3e1389e4d67b9cd0aa75f80d0bee35db8e27766bfac9f39c35c901.mp4,1,1,0.7772998611746911,0.22270013882530884,0.5545997223493823,1427,3,716.7915776371956,FAKE
/workspace/data/genbuster-mini/extracted/GenBuster-200K-mini/benchmark/fake/pika/b40ecffc8f2e68a4e4efdee0cfd36a9f19474a419937c919f414373cff0765d8.mp4,1,1,0.8918110454379297,0.10818895456207035,0.7836220908758593,1427,3,728.2888367772102,FAKE
/workspace/data/genbuster-mini/extracted/GenBuster-200K-mini/benchmark/fake/pika/b3d94e0e78aadb4a67fb35733b19c2af7277601e511a9099020dbdd8bf21bb0c.mp4,1,0,0.9654804646972416,0.03451953530275856,0.930960929394483,1427,2,689.9745687842369,REAL
/workspace/data/genbuster-mini/extracted/GenBuster-200K-mini/benchmark/fake/pika/b30b7feeb04101f277b46723d013f5cf3fa64e089f8c4bd734823d50bb174a32.mp4,1,0,0.9574144916241936,0.04258550837580637,0.9148289832483872,1427,2,699.0738660097122,REAL
/workspace/data/genbuster-mini/extracted/GenBuster-200K-mini/benchmark/fake/pika/b22120bb05804596c3cfd9809b0e99b2f6253a938a1d82c1f35adf344e09e4df.mp4,0,1,0.2437797197031822,0.7562202802968178,0.5124405605936355,1427,3,739.0362173318863,FAKE
/workspace/data/genbuster-mini/extracted/GenBuster-200K-mini/benchmark/fake/pika/b0a79819811833d4819ae855e35907ed044a31785cd019830c3239016dd40277.mp4,0,1,0.2500049136964946,0.7499950863035053,0.49999017260701073,1427,3,720.4461693763733,FAKE
/workspace/data/genbuster-mini/extracted/GenBuster-200K-mini/benchmark/fake/pika/ab438d629dffa1b3c8d8da094c07591d928d13024a4bec27b992cef8960e8e75.mp4,1,0,0.9943098806185618,0.00569011938143806,0.9886197612371238,1427,2,685.9967857599258,REAL
/workspace/data/genbuster-mini/extracted/GenBuster-200K-mini/benchmark/fake/pika/a70ecd69bb018a498cec1659bf62efc81e1846e901474fbaf42aa70e5268c1d9.mp4,1,0,0.9877811903254852,0.012218809674514877,0.9755623806509703,1427,2,691.7765587568283,REAL
/workspace/data/genbuster-mini/extracted/GenBuster-200K-mini/benchmark/fake/pika/a0d3b59cf12c60e89f736814318e0191c99ae8e8a1da89107bf7045eea82f408.mp4,1,0,0.9786738491586792,0.0213261508413208,0.9573476983173583,1427,2,686.8977770209312,REAL
/workspace/data/genbuster-mini/extracted/GenBuster-200K-mini/benchmark/fake/pika/9d63403c6bca7006ed70d011b59403539afedb33f37aef0076bb355fb2aa1dd3.mp4,0,1,0.24501638164406017,0.7549836183559397,0.5099672367118796,1427,3,719.6981832385063,FAKE
/workspace/data/genbuster-mini/extracted/GenBuster-200K-mini/benchmark/fake/pika/9cfb6d139842fe95d62048051ee4ec9922df8c4791db48bd90ad7f9508f67b8f.mp4,1,1,0.8128673178375735,0.1871326821624266,0.6257346356751469,1427,3,717.7544012665749,FAKE
/workspace/data/genbuster-mini/extracted/GenBuster-200K-mini/benchmark/fake/pika/9c6034bc7a7cb76f48775c724e1889450863c8c637cd1750e65abce3279e09d4.mp4,0,1,0.22489751254282442,0.7751024874571756,0.5502049749143512,1427,3,718.1538715958595,FAKE
/workspace/data/genbuster-mini/extracted/GenBuster-200K-mini/benchmark/fake/pika/9a0b021c264be9d85870aabcd936e56c2b6fc4849fdc56af9851f52439e38960.mp4,1,0,0.9824808261221613,0.01751917387783881,0.9649616522443224,1427,2,686.9207918643951,REAL
/workspace/data/genbuster-mini/extracted/GenBuster-200K-mini/benchmark/fake/pika/995c76cd16307489da6d595c86f27d8d4be6fa99178daae62274540c73be17cd.mp4,1,0,0.9459345755685888,0.05406542443141119,0.8918691511371777,1427,2,686.9056820869446,REAL
/workspace/data/genbuster-mini/extracted/GenBuster-200K-mini/benchmark/fake/pika/98f35b33a0dcf8d4c9760e56e9e08a65019ec0e82bd1693083fa6a61fb4e59fd.mp4,1,0,0.9947469275776549,0.005253072422345085,0.9894938551553099,1427,2,698.646642267704,REAL
/workspace/data/genbuster-mini/extracted/GenBuster-200K-mini/benchmark/fake/pika/939eca6044ae3b6d3f7c51744e3d08ebc7480f1a2fb2bfbba28e129c7d3aae48.mp4,0,1,0.20049820564560805,0.7995017943543918,0.5990035887087838,1427,3,718.4150889515877,FAKE
/workspace/data/genbuster-mini/extracted/GenBuster-200K-mini/benchmark/fake/pika/927832f853528d5cf8465e96a76882e0b4a4341c140368facc904b0f463c3aa3.mp4,0,1,0.2149425166408829,0.785057483359117,0.570114966718234,1427,3,717.761866748333,FAKE
/workspace/data/genbuster-mini/extracted/GenBuster-200K-mini/benchmark/fake/pika/87915f8d833b82a63940a354fba88d73981561f8fb9b001a5c7322b914619b49.mp4,1,1,0.9916842215225259,0.008315778477474129,0.9833684430450518,1427,3,725.4878133535385,FAKE
/workspace/data/genbuster-mini/extracted/GenBuster-200K-mini/benchmark/fake/pika/825ec539de744ec6d3f29593367a5b5fe9f6da8f82c513748636ace0cbb7e20d.mp4,0,1,0.20458404633770808,0.7954159536622919,0.5908319073245838,1427,3,729.5175194740295,FAKE
/workspace/data/genbuster-mini/extracted/GenBuster-200K-mini/benchmark/fake/pika/7be32452bf93a8dfa141cda33ccac89aa73b90f43aaf4f4bdbc5c7c72ee13646.mp4,1,1,0.9099070060380482,0.09009299396195182,0.8198140120760964,1427,3,721.4753776788712,FAKE
/workspace/data/genbuster-mini/extracted/GenBuster-200K-mini/benchmark/fake/pika/7a8c19ebbb72c9839ca863361644140bb9164b6f4dafc5811d1e2dd87d84cf2e.mp4,1,0,0.9859312016325046,0.0140687983674954,0.9718624032650092,1427,2,687.3487532138824,REAL
/workspace/data/genbuster-mini/extracted/GenBuster-200K-mini/benchmark/fake/pika/794c78124c67a84b8f595cf13390f9c57d37a8364f2bc932dc76b31f9a5cfbc3.mp4,0,1,0.1775934759950491,0.822406524004951,0.6448130480099019,1427,3,717.8418040275574,FAKE
/workspace/data/genbuster-mini/extracted/GenBuster-200K-mini/benchmark/fake/pika/75c551ee2082e047436809ce9f231dd909ff60c350c2aab157ad5f8e132fa613.mp4,1,1,0.9843363512883317,0.015663648711668327,0.9686727025766634,1427,3,727.8172001242638,FAKE
/workspace/data/genbuster-mini/extracted/GenBuster-200K-mini/benchmark/fake/pika/73c073f93c98c0c48dda0c797647d2a7c511b336def1fab9e79850505a87e80d.mp4,0,1,0.22160737618442944,0.7783926238155705,0.556785247631141,1427,3,719.774104654789,FAKE
/workspace/data/genbuster-mini/extracted/GenBuster-200K-mini/benchmark/fake/pika/73a79ba5bfc3f9e0d0450db3291d4ae6dc1621a77321b9f3d2f31a013807e9bc.mp4,0,1,0.1911263471067166,0.8088736528932835,0.6177473057865669,1427,3,719.4096148014069,FAKE
/workspace/data/genbuster-mini/extracted/GenBuster-200K-mini/benchmark/fake/pika/6d4dc60f2c7f7f0ad028b25751d88a11bd6f4b27f934513f53fc194a2868334c.mp4,0,1,0.22386152217605598,0.7761384778239441,0.5522769556478881,1427,3,725.0827550888062,FAKE
/workspace/data/genbuster-mini/extracted/GenBuster-200K-mini/benchmark/fake/pika/69659f79707bf8f653480e3912cdf5759c79809f0a51abc245e4e597f290a545.mp4,1,0,0.9901183252352082,0.009881674764791936,0.9802366504704162,1427,2,696.6054141521454,REAL
/workspace/data/genbuster-mini/extracted/GenBuster-200K-mini/benchmark/fake/pika/671f5cbf3ef7fecd14f730dd50392baf3bc0c2b6745340959d67166773d0099f.mp4,1,1,0.9787126482065489,0.021287351793451054,0.9574252964130978,1427,3,725.1893430948257,FAKE
/workspace/data/genbuster-mini/extracted/GenBuster-200K-mini/benchmark/fake/pika/66d75b7918e622d086b1591ec59fb5bca9369f67c732dc1d00125e0b6e17604a.mp4,1,0,0.9888952018597267,0.01110479814027342,0.9777904037194532,1427,2,687.5683963298798,REAL
/workspace/data/genbuster-mini/extracted/GenBuster-200K-mini/benchmark/fake/pika/66acbf56343d85b4e8fef1e12edc5843c9b655533c76245148ddd77895be079b.mp4,0,1,0.19841901950497287,0.8015809804950271,0.6031619609900543,1427,3,717.8873643279076,FAKE
/workspace/data/genbuster-mini/extracted/GenBuster-200K-mini/benchmark/fake/pika/669753586a0f3d1fb94cf364f1c97d22d9f4bf127e33b30da55eba0734e07726.mp4,1,1,0.8128673178375735,0.1871326821624266,0.6257346356751469,1427,3,718.1883826851845,FAKE
/workspace/data/genbuster-mini/extracted/GenBuster-200K-mini/benchmark/fake/pika/62f45d26cbd8235a41fd346e948b5525d153086a35df934785e33ccccb0b214b.mp4,1,1,0.7799929002541067,0.22000709974589314,0.5599858005082136,1427,3,723.4148979187012,FAKE
/workspace/data/genbuster-mini/extracted/GenBuster-200K-mini/benchmark/fake/pika/62b0ac134115d886665ab47888712486ef07467738dcfbeb39c21b2d0d491d82.mp4,0,1,0.20793379710695403,0.7920662028930459,0.5841324057860918,1427,3,721.186451613903,FAKE
/workspace/data/genbuster-mini/extracted/GenBuster-200K-mini/benchmark/fake/pika/62886e6e3d149ad4e8f4b04179549426bc2fe502badb0f61c00487b1d3ec7d41.mp4,1,0,0.9922042752238681,0.007795724776131953,0.9844085504477361,1427,2,698.2317939400673,REAL
/workspace/data/genbuster-mini/extracted/GenBuster-200K-mini/benchmark/fake/pika/5f6af2540a856799b9d3ef0c83e4c88d2a2bc1e158f40674ac2a520193c88cd6.mp4,1,0,0.9934369571672456,0.006563042832754499,0.986873914334491,1427,2,685.3395253419876,REAL
/workspace/data/genbuster-mini/extracted/GenBuster-200K-mini/benchmark/fake/pika/581e011afc5fc884f027dd4d0dbe243eaf720c61bc251d1f7702eb13133b161a.mp4,0,1,0.22828769228504694,0.7717123077149529,0.5434246154299059,1427,3,721.4978411793709,FAKE
/workspace/data/genbuster-mini/extracted/GenBuster-200K-mini/benchmark/fake/pika/56a0c9ac24de50822cac6071b5e5e1636dc57b32c3a05b0774d743a87c6385c1.mp4,1,0,0.9849824873241504,0.015017512675849484,0.9699649746483009,1427,2,688.047431409359,REAL
/workspace/data/genbuster-mini/extracted/GenBuster-200K-mini/benchmark/fake/pika/53a914adcec4b11b7af4c23f9867fd14a0b4cb42efd81a1c5d713a94adafe74a.mp4,0,1,0.23019397174966527,0.7698060282503347,0.5396120565006695,1427,3,729.8598662018776,FAKE
/workspace/data/genbuster-mini/extracted/GenBuster-200K-mini/benchmark/fake/pika/5254e2d51ccef9673b0f7705a6220332e13ec2c4b0b86df645668f3682792c59.mp4,1,0,0.9823329421868707,0.017667057813129227,0.9646658843737415,1427,2,690.3026401996613,REAL
/workspace/data/genbuster-mini/extracted/GenBuster-200K-mini/benchmark/fake/pika/3e29e82043489b8d7ba58f4d9a288717f7694f0cd534ce5a73632b670edf3768.mp4,0,1,0.26952702287849617,0.7304729771215038,0.46094595424300766,1427,3,719.7960466146469,FAKE
/workspace/data/genbuster-mini/extracted/GenBuster-200K-mini/benchmark/fake/pika/39e4135144a9f854e9516d6a6f994267174d55a24b1e45b23517c5b0f10c3791.mp4,1,1,0.8289388083214156,0.17106119167858438,0.6578776166428313,1427,3,726.1278405785561,FAKE
/workspace/data/genbuster-mini/extracted/GenBuster-200K-mini/benchmark/fake/pika/37cdd4f43054ccfaad6784c12502ef9d0f7aa483a36aef5aaf4a069ca0db1f49.mp4,0,1,0.20658906477097205,0.7934109352290278,0.5868218704580558,1427,3,728.5231873393059,FAKE
/workspace/data/genbuster-mini/extracted/GenBuster-200K-mini/benchmark/fake/pika/2f53e7d9227465b1f78092e7594e624e2b4d5a628388d88d3ee06bd98005b7de.mp4,0,1,0.20422098412922265,0.7957790158707773,0.5915580317415546,1427,3,723.0312675237656,FAKE
/workspace/data/genbuster-mini/extracted/GenBuster-200K-mini/benchmark/fake/pika/2b5d2b62430b5185b49d20a2f0afbb48bb9cf63614ea94b7d679fa600766ab3c.mp4,1,0,0.9703364082403747,0.029663591759625265,0.9406728164807494,1427,2,692.8654611110687,REAL
/workspace/data/genbuster-mini/extracted/GenBuster-200K-mini/benchmark/fake/pika/23692d7be8cc90e830b90e3cfa2c9eeceae8188402575182fb933ee409760d35.mp4,0,1,0.19106885396402282,0.8089311460359772,0.6178622920719543,1427,3,724.8424887657166,FAKE
/workspace/data/genbuster-mini/extracted/GenBuster-200K-mini/benchmark/fake/pika/1dc4ae4bb309a6db913167ad789b4b2def193a3906c9002ff847fff5ed4d42d8.mp4,0,1,0.1996645173157893,0.8003354826842106,0.6006709653684214,1427,3,718.8240215182304,FAKE
/workspace/data/genbuster-mini/extracted/GenBuster-200K-mini/benchmark/fake/pika/1ce0331df1d0c5895a526e31a50e8a3d6adc8fce1470af7b61681da8dd1d09de.mp4,0,1,0.22979859142562392,0.770201408574376,0.540402817148752,1427,3,722.3949655890465,FAKE
/workspace/data/genbuster-mini/extracted/GenBuster-200K-mini/benchmark/fake/pika/1aa281030c17847821606db4f5bbe6fbc89ed78f566f54c338277b757d64dd90.mp4,1,1,0.985496420308618,0.014503579691381979,0.970992840617236,1427,3,721.8051105737686,FAKE
/workspace/data/genbuster-mini/extracted/GenBuster-200K-mini/benchmark/fake/pika/15695567381c160ffe16a856a403ce930f518e5a76b819a7cbbb4ba05d17879b.mp4,0,1,0.23921394442383842,0.7607860555761616,0.5215721111523233,1427,3,724.8283326625824,FAKE
/workspace/data/genbuster-mini/extracted/GenBuster-200K-mini/benchmark/fake/pika/13bf159e1ccd6d14593c0e6ab7c7750c901583e0b31f25435981e183e7873ede.mp4,1,1,0.8397339676722393,0.16026603232776068,0.6794679353444786,1427,3,719.7412550449371,FAKE
/workspace/data/genbuster-mini/extracted/GenBuster-200K-mini/benchmark/fake/pika/137370f6d0c9253958c3152ad70a34c92bf98eac27671b4446d6c061d33193af.mp4,0,1,0.2712886474735594,0.7287113525264407,0.4574227050528813,1427,3,716.9277742505074,FAKE
/workspace/data/genbuster-mini/extracted/GenBuster-200K-mini/benchmark/fake/pika/1274bf20abfadf9571dfe7f1088614eceb59060b8d4a3c9a6221d10e5159c6f6.mp4,1,1,0.8031737963569016,0.1968262036430985,0.6063475927138031,1427,3,721.4949056506157,FAKE
/workspace/data/genbuster-mini/extracted/GenBuster-200K-mini/benchmark/fake/pika/104160327684a28de197913495786d175e3ede7461bd3b4a7deaf21e86ba4cd1.mp4,0,1,0.22071030895719218,0.7792896910428079,0.5585793820856157,1427,3,721.075139939785,FAKE
/workspace/data/genbuster-mini/extracted/GenBuster-200K-mini/benchmark/fake/pika/0e84756a85111f2578dd42025a8c16e09032f0f981bbdbd9e8f1f9ff2309444a.mp4,1,0,0.9893357132313556,0.010664286768644433,0.9786714264627112,1427,2,690.3875172138214,REAL
/workspace/data/genbuster-mini/extracted/GenBuster-200K-mini/benchmark/fake/pika/0c9fad2dc2532afaaedf485c8e4ae053ea89713d252a342d16ce0cfed2d8b349.mp4,1,1,0.7931059511841119,0.2068940488158881,0.5862119023682237,1427,3,717.8960964083672,FAKE
/workspace/data/genbuster-mini/extracted/GenBuster-200K-mini/benchmark/fake/pika/0c37753660d10db749ed54c8c4b4fb94b861c92d8a75650b5e977640b507a954.mp4,1,0,0.9915325343816679,0.00846746561833216,0.9830650687633358,1427,2,687.7662241458893,REAL
/workspace/data/genbuster-mini/extracted/GenBuster-200K-mini/benchmark/fake/pika/09fab2b29b14bc0eddc2d900c9e03f09caf8cce07e05e026af0e1949704c9474.mp4,1,0,0.9924059518614303,0.0075940481385698136,0.9848119037228605,1427,2,709.2100977897644,REAL
/workspace/data/genbuster-mini/extracted/GenBuster-200K-mini/benchmark/fake/pika/095581faf93d500d396549e321baad6ec25600637b4ae3d96cf88001dbfe5441.mp4,0,1,0.20145398530072187,0.7985460146992781,0.5970920293985562,1427,3,727.1841764450073,FAKE
/workspace/data/genbuster-mini/extracted/GenBuster-200K-mini/benchmark/fake/pika/08ce7a365f18973ad7d676ba5ae708e7d9f482189ff3eaf63dcba899e1302ab6.mp4,0,1,0.20604077573392754,0.7939592242660726,0.587918448532145,1427,3,722.8505164384842,FAKE
/workspace/data/genbuster-mini/extracted/GenBuster-200K-mini/benchmark/fake/pika/08bdc1d087466e7cc4883e2443f45c26ee6f1d71566495cebec62b36126f635f.mp4,0,1,0.2031951929751288,0.7968048070248713,0.5936096140497426,1427,3,723.2600376009941,FAKE
/workspace/data/genbuster-mini/extracted/GenBuster-200K-mini/benchmark/fake/pika/085b3abec4d6d46a6dfd1ebf221d9ff4ae97f3d88af5e01c0294796f372f964b.mp4,0,1,0.27158285891611106,0.728417141083889,0.45683428216777794,1427,3,730.9001609683037,FAKE
/workspace/data/genbuster-mini/extracted/GenBuster-200K-mini/benchmark/fake/pika/0235e59f00668e92db1c510a55f0700c1b70ff79e5898aa0819672a80393bca6.mp4,1,0,0.9158231829407479,0.0841768170592522,0.8316463658814958,1427,2,685.4427009820938,REAL
/workspace/data/genbuster-mini/extracted/GenBuster-200K-mini/benchmark/fake/luma/ffc27d2529ce1894c8e6a421870f77e89598424cd55884db9972f9e44dee23f8.mp4,0,1,0.23457372611165878,0.7654262738883412,0.5308525477766823,1427,3,739.957720041275,FAKE
/workspace/data/genbuster-mini/extracted/GenBuster-200K-mini/benchmark/fake/luma/fc8349376fbf9653db666da5631a89e2b5167d8208af72e3416bdc47c7365439.mp4,1,0,0.9970475766028617,0.0029524233971384324,0.9940951532057233,1427,2,712.8848880529404,REAL
/workspace/data/genbuster-mini/extracted/GenBuster-200K-mini/benchmark/fake/luma/f9728d6c80a6eb1f3a1205d2d1e5133991d81ded1616fdfb0ec59226853cac5c.mp4,0,1,0.2170213547548602,0.7829786452451397,0.5659572904902795,1427,3,724.7142866253853,FAKE
/workspace/data/genbuster-mini/extracted/GenBuster-200K-mini/benchmark/fake/luma/f7ba05c987b32b804c189ce5701e287b9dcd090bf62770ebca8a9e40c01d5030.mp4,1,1,0.9939024378074247,0.006097562192575309,0.9878048756148494,1427,3,727.2141203284264,FAKE
/workspace/data/genbuster-mini/extracted/GenBuster-200K-mini/benchmark/fake/luma/f6197a71c23c81747203744da87a1ce61569f593a49dcfae52d82b79632fd6db.mp4,1,0,0.9881570231905277,0.0118429768094724,0.9763140463810552,1427,2,684.5420300960541,REAL
/workspace/data/genbuster-mini/extracted/GenBuster-200K-mini/benchmark/fake/luma/f5d545c3d28f62c65868b42274ba5a12c6eab7a09da3b0ed7680722701919865.mp4,1,1,0.9974090206355707,0.002590979364429334,0.9948180412711414,1427,3,724.548302590847,FAKE
/workspace/data/genbuster-mini/extracted/GenBuster-200K-mini/benchmark/fake/luma/f404f142b2214e2df5676cee4f358a85043bc13de97e78cc1331218bb5276fa9.mp4,1,1,0.8670357598021706,0.13296424019782924,0.7340715196043414,1427,3,718.2926014065742,FAKE
/workspace/data/genbuster-mini/extracted/GenBuster-200K-mini/benchmark/fake/luma/f4014e746e367c41fe92a7145919cfab261b7f0fdc2abbd8192ad9f0478110c7.mp4,1,1,0.7826624789529376,0.21733752104706247,0.5653249579058751,1427,3,724.0841463208199,FAKE
/workspace/data/genbuster-mini/extracted/GenBuster-200K-mini/benchmark/fake/luma/ee2518b78a0aad693bdf6e41e2b89847024bfbdf239f723987e14e2ca67a2471.mp4,1,1,0.8479677583778257,0.15203224162217424,0.6959355167556515,1427,3,742.0729473233223,FAKE
/workspace/data/genbuster-mini/extracted/GenBuster-200K-mini/benchmark/fake/luma/ec10c08ad8dc12d9c61340129f4908c991e7b88e0b1af09cb5d98ca3d07027f4.mp4,1,1,0.8376199633332891,0.16238003666671086,0.6752399266665783,1427,3,721.2640717625618,FAKE
/workspace/data/genbuster-mini/extracted/GenBuster-200K-mini/benchmark/fake/luma/e99162af3c0ada1793bbe05d0da8a92260e47fbfa144ecf775b260a0c04ad85e.mp4,0,1,0.23357316606166112,0.7664268339383389,0.5328536678766778,1427,3,727.4828404188156,FAKE
/workspace/data/genbuster-mini/extracted/GenBuster-200K-mini/benchmark/fake/luma/e8a8055e8ccbd5b63de69068e950846e74206a07e8d3bf1970f6dc20cc2170d6.mp4,0,1,0.26945380216929676,0.7305461978307032,0.4610923956614064,1427,3,725.2866700291634,FAKE
/workspace/data/genbuster-mini/extracted/GenBuster-200K-mini/benchmark/fake/luma/e7142de9e6886d3f2896312337662b1dfef7e89eb3cd0a09885545aa24e7b8c1.mp4,1,0,0.930842390786537,0.06915760921346306,0.8616847815730739,1427,2,707.7340856194496,REAL
/workspace/data/genbuster-mini/extracted/GenBuster-200K-mini/benchmark/fake/luma/e6c10f39397f9c32df070215600cfc0188cc40a47e068d70cfce770dbc0dc62d.mp4,0,1,0.2083017321576563,0.7916982678423438,0.5833965356846875,1427,3,719.8789268732071,FAKE
/workspace/data/genbuster-mini/extracted/GenBuster-200K-mini/benchmark/fake/luma/e691d4635ae96c2c12ab3573c7dc803c052cfddd3067a8b811aaed125e925fb7.mp4,0,1,0.16776348036911132,0.8322365196308887,0.6644730392617775,1427,3,725.6692424416542,FAKE
/workspace/data/genbuster-mini/extracted/GenBuster-200K-mini/benchmark/fake/luma/e644a29742cd3c60b4b27d2e9fabdd71fe642d222941fe5c3cca23343aa33439.mp4,1,0,0.9908102231916407,0.009189776808359211,0.9816204463832815,1427,2,688.7359768152237,REAL
/workspace/data/genbuster-mini/extracted/GenBuster-200K-mini/benchmark/fake/luma/e5c883c1193007086fcfcda2a7924266820a05f534cb9b13345f124356a89722.mp4,1,0,0.9676556377705624,0.032344362229437526,0.9353112755411249,1427,2,686.9559362530708,REAL
/workspace/data/genbuster-mini/extracted/GenBuster-200K-mini/benchmark/fake/luma/e387f940b321e2bd31709f89ae9f9745623b092c96a4b94aa5239a1193bfd018.mp4,1,1,0.9621075733703927,0.037892426629607394,0.9242151467407853,1427,3,721.624106168747,FAKE
/workspace/data/genbuster-mini/extracted/GenBuster-200K-mini/benchmark/fake/luma/d6bb9b397aa6fa9a95dfc09f58b3709b9b24ea52dc694ce339fa2a3a527600c4.mp4,1,1,0.9632305339244013,0.036769466075598736,0.9264610678488026,1427,3,725.4468575119972,FAKE
/workspace/data/genbuster-mini/extracted/GenBuster-200K-mini/benchmark/fake/luma/d55dbe5c4a68fdec32198af228e736a450009544e4005833fb09810545f00b16.mp4,1,1,0.8872045937171068,0.11279540628289324,0.7744091874342136,1427,3,741.9338971376419,FAKE
/workspace/data/genbuster-mini/extracted/GenBuster-200K-mini/benchmark/fake/luma/d1f7d33b44762d8e17ae85c634033beae0577f21c494edc1003dfb7034552d2d.mp4,0,1,0.22470306771484921,0.7752969322851508,0.5505938645703017,1427,3,726.0565981268883,FAKE
/workspace/data/genbuster-mini/extracted/GenBuster-200K-mini/benchmark/fake/luma/cde9bbea1b285834fc5d6e85fc10107c68c4b006b1b84db2f16108d161cd106d.mp4,0,1,0.26176212047490177,0.7382378795250981,0.47647575905019635,1427,3,718.8301384449005,FAKE
/workspace/data/genbuster-mini/extracted/GenBuster-200K-mini/benchmark/fake/luma/cb31ce27ce95c30e5c525e1ef278f69c650d61f931eb030212697383fe621ba8.mp4,1,0,0.9871221485697221,0.012877851430277813,0.9742442971394443,1427,2,688.3827596902847,REAL
/workspace/data/genbuster-mini/extracted/GenBuster-200K-mini/benchmark/fake/luma/c87fe790c924b803f2e67ddab8a79ca00275ea8edfe2295dbe435ed0278d028d.mp4,0,1,0.22920649908851323,0.7707935009114868,0.5415870018229736,1427,3,717.3603400588036,FAKE
/workspace/data/genbuster-mini/extracted/GenBuster-200K-mini/benchmark/fake/luma/c71d352245ae2e6972514b099a0b35cee7c9f32f41ac1986cdccbe7828ffa74d.mp4,1,1,0.9372107914029487,0.06278920859705135,0.8744215828058973,1427,3,718.8334986567497,FAKE
/workspace/data/genbuster-mini/extracted/GenBuster-200K-mini/benchmark/fake/luma/c653daba980e89e6e6935130a1fb4605daec03ca3863daccf2d7e54ff5850049.mp4,1,1,0.7185943925708561,0.28140560742914383,0.4371887851417123,1427,3,775.4172459244728,FAKE
/workspace/data/genbuster-mini/extracted/GenBuster-200K-mini/benchmark/fake/luma/c5f785c4a00119c25bdea636d80c4f4bc1e22f0fe64fa63ceba57dfde12d3a70.mp4,1,1,0.8558511469672594,0.14414885303274058,0.7117022939345188,1427,3,721.0915461182594,FAKE
/workspace/data/genbuster-mini/extracted/GenBuster-200K-mini/benchmark/fake/luma/c5f0b2db06d1a26c4de3f2d42368122d742038c62682b7350d4af15f65353dc4.mp4,1,1,0.8267117940706734,0.17328820592932656,0.6534235881413468,1427,3,725.7559448480606,FAKE
/workspace/data/genbuster-mini/extracted/GenBuster-200K-mini/benchmark/fake/luma/c4db751e51aa1ba13847e7e797941db87ac0bb68cc3fb4b9e7363a5ba96ea74f.mp4,1,0,0.9346455151175821,0.06535448488241795,0.8692910302351642,1427,2,688.4611323475838,REAL
/workspace/data/genbuster-mini/extracted/GenBuster-200K-mini/benchmark/fake/luma/c3d88740c1ea89f183534b1b86ddec72a8fb502beb23856deb8efa717c60820c.mp4,1,0,0.983650886959672,0.016349113040328024,0.9673017739193439,1427,2,689.3907189369202,REAL
/workspace/data/genbuster-mini/extracted/GenBuster-200K-mini/benchmark/fake/luma/c1ec4b7339534fef8d33f98abf26bf83f713b220b4f6bfe055af224230c458b7.mp4,1,1,0.8962513731336202,0.10374862686637971,0.7925027462672405,1427,3,724.7223109006882,FAKE
/workspace/data/genbuster-mini/extracted/GenBuster-200K-mini/benchmark/fake/luma/c05188597460e6dc0faf92d116943dea84a628178b8e14d45548634c6b445b38.mp4,1,1,0.9433475746920261,0.05665242530797383,0.8866951493840523,1427,3,718.986451625824,FAKE
/workspace/data/genbuster-mini/extracted/GenBuster-200K-mini/benchmark/fake/luma/bad0696a5952c39cc5cbb6f6c5841050b7908e554d7bec95151dd06249b49615.mp4,1,1,0.9005297861178929,0.09947021388210707,0.8010595722357858,1427,3,723.6507758498192,FAKE
/workspace/data/genbuster-mini/extracted/GenBuster-200K-mini/benchmark/fake/luma/b9b84267aac5a9633c3d28e553a13dd169c6c1660edcb910ceca96913ce895ec.mp4,0,1,0.21765418229676603,0.782345817703234,0.5646916354064679,1427,3,720.5412611365318,FAKE
/workspace/data/genbuster-mini/extracted/GenBuster-200K-mini/benchmark/fake/luma/ae2ff9ee6073db5cb96fcddbbb6edb147d5e8c18c6219f69d119a5ddbeba9d75.mp4,1,1,0.9511422213778251,0.048857778622174906,0.9022844427556502,1427,3,732.0475578308105,FAKE
/workspace/data/genbuster-mini/extracted/GenBuster-200K-mini/benchmark/fake/luma/ae1b1d1a89af83ef60c9f30ac5e9b859d49b166a904d0a1073d4a2d3237df337.mp4,1,1,0.7745833841649233,0.2254166158350767,0.5491667683298467,1427,3,724.0017428994179,FAKE
/workspace/data/genbuster-mini/extracted/GenBuster-200K-mini/benchmark/fake/luma/ab6e1496d961624aa05d95800579e576cc6fd88ccb5e33f663cbd0852740e416.mp4,0,1,0.19118385346058678,0.8088161465394132,0.6176322930788265,1427,3,721.1516872048378,FAKE
/workspace/data/genbuster-mini/extracted/GenBuster-200K-mini/benchmark/fake/luma/a9cc0ebaab6d06c044a5808c84c0f794edef8a8519a2e5c4df833c3041763e7d.mp4,1,1,0.8031737963569016,0.1968262036430985,0.6063475927138031,1427,3,727.4557948112488,FAKE
/workspace/data/genbuster-mini/extracted/GenBuster-200K-mini/benchmark/fake/luma/a522f0750ec64b2c0470b542dde52b50b28dcfe7ea372566fca7db93cde793d4.mp4,1,0,0.9856445485748369,0.014355451425163226,0.9712890971496736,1427,2,684.4472736120224,REAL
/workspace/data/genbuster-mini/extracted/GenBuster-200K-mini/benchmark/fake/luma/a5204dd5e270ec5aad583ecf4ce8a57b75b85346f5f1c59bbcec4f1705340f5d.mp4,0,1,0.20025967770997666,0.7997403222900232,0.5994806445800466,1427,3,718.8771665096283,FAKE
/workspace/data/genbuster-mini/extracted/GenBuster-200K-mini/benchmark/fake/luma/a4c4c6a55720d7db83d7543c1d2f904f3a85cf27790a8d0b5437be5d7f7c4b11.mp4,1,0,0.950777842171495,0.049222157828505156,0.9015556843429898,1427,2,691.1699026823044,REAL
/workspace/data/genbuster-mini/extracted/GenBuster-200K-mini/benchmark/fake/luma/a4343cd8259619671067633c790fc13f3582bc2cf1bb5bc1a31d89b9367b3d3e.mp4,1,1,0.7371581626286834,0.26284183737131667,0.4743163252573667,1427,3,719.7290658950806,FAKE
/workspace/data/genbuster-mini/extracted/GenBuster-200K-mini/benchmark/fake/luma/a2586bf083895319f92d166e0090b46497326b9425fac950aa28402b921370b2.mp4,1,0,0.9138816473706051,0.08611835262939506,0.82776329474121,1427,2,688.93613666296,REAL
/workspace/data/genbuster-mini/extracted/GenBuster-200K-mini/benchmark/fake/luma/9bfee34b3082f4f2fa811f7ce21ff41bdf87a10eb1549596853399f19924284a.mp4,1,1,0.9173026573249612,0.08269734267503885,0.8346053146499224,1427,3,719.0110757946968,FAKE
/workspace/data/genbuster-mini/extracted/GenBuster-200K-mini/benchmark/fake/luma/9b980e89fcf05b81e0e99b14e3dfe352ee3d194972c432a8a455cfbf91a08f4f.mp4,1,0,0.9875820404776932,0.012417959522306815,0.9751640809553863,1427,2,695.8069875836372,REAL
/workspace/data/genbuster-mini/extracted/GenBuster-200K-mini/benchmark/fake/luma/9a5aeb2c4d20db3763d24393162b0a1e0a720094f135edd9c4a2e3f3f0c45989.mp4,1,0,0.9843248632928521,0.01567513670714802,0.968649726585704,1427,2,695.8758383989334,REAL
/workspace/data/genbuster-mini/extracted/GenBuster-200K-mini/benchmark/fake/luma/98c25e91efec4365042e3e918318a3a5032e1fc53a52f49f85dbed30783d2851.mp4,1,1,0.7905303186696747,0.20946968133032526,0.5810606373393494,1427,3,729.7368794679642,FAKE
/workspace/data/genbuster-mini/extracted/GenBuster-200K-mini/benchmark/fake/luma/95d57e86cb3260fbde1d5e5463242e1f2be6fc6b78a897174620e46d3052473e.mp4,1,0,0.9767453848805017,0.023254615119498265,0.9534907697610034,1427,2,690.2108937501907,REAL
/workspace/data/genbuster-mini/extracted/GenBuster-200K-mini/benchmark/fake/luma/957c40af1825ea3aa856c8978c31c57100b62f39b51e5b6b0f53de7951b34298.mp4,0,1,0.27372243506753696,0.726277564932463,0.452555129864926,1427,3,718.1165963411331,FAKE
/workspace/data/genbuster-mini/extracted/GenBuster-200K-mini/benchmark/fake/luma/948d01ab93c0799b52e64fe171ce4e854ed6d46e60af4534582036abfe280b7d.mp4,0,1,0.26226573033488026,0.7377342696651197,0.4754685393302394,1427,3,718.654677271843,FAKE
/workspace/data/genbuster-mini/extracted/GenBuster-200K-mini/benchmark/fake/luma/92c9554c7be60b8376c4f1489372165a63e7f3461a570c9bb3ccd64eccbbd4c3.mp4,1,1,0.9632305339244013,0.036769466075598736,0.9264610678488026,1427,3,721.7726334929466,FAKE
/workspace/data/genbuster-mini/extracted/GenBuster-200K-mini/benchmark/fake/luma/8fcfa340a1dd51fba3a5070f904ae473ac246da202dc9d3df36f7b3fc1223d95.mp4,0,1,0.2189238297269489,0.7810761702730511,0.5621523405461022,1427,3,717.3093855381012,FAKE
/workspace/data/genbuster-mini/extracted/GenBuster-200K-mini/benchmark/fake/luma/8f5adca7a75292bf9c0b660926b4f7f3735c5bf3ffc665fdb1ef0a222eb7bb7b.mp4,1,0,0.9948964012302387,0.005103598769761359,0.9897928024604773,1427,2,685.2135807275772,REAL
/workspace/data/genbuster-mini/extracted/GenBuster-200K-mini/benchmark/fake/luma/8ce6bc77af8337fc95db491c605ca98127f16b48c399547bb8593632762297d0.mp4,0,1,0.20014056986876902,0.7998594301312311,0.599718860262462,1427,3,718.5003459453583,FAKE
/workspace/data/genbuster-mini/extracted/GenBuster-200K-mini/benchmark/fake/luma/8be76b1d9af0b8ff56c8452007848c39b7084058614051b4233c1f9e41cba9aa.mp4,1,1,0.785308580887758,0.2146914191122419,0.5706171617755161,1427,3,721.4722782373428,FAKE
/workspace/data/genbuster-mini/extracted/GenBuster-200K-mini/benchmark/fake/luma/839c6556d265946b45f8513b6908b0ce321092115884d71d872b7d1307c66eb6.mp4,0,1,0.233107413777126,0.7668925862228739,0.533785172445748,1427,3,720.6797897815704,FAKE
/workspace/data/genbuster-mini/extracted/GenBuster-200K-mini/benchmark/fake/luma/8333ba06988df14b3cef1ddd2c462a6315e1e19c834c60e93a1f74e2cf59b04c.mp4,1,1,0.9124361604769414,0.08756383952305867,0.8248723209538827,1427,3,724.9166890978813,FAKE
/workspace/data/genbuster-mini/extracted/GenBuster-200K-mini/benchmark/fake/luma/80809743886cfa38696ce7792048f3121abeb088b9c0bd97a583e42fdca858be.mp4,1,0,0.9929388164343774,0.007061183565622663,0.9858776328687547,1427,2,683.9448064565659,REAL
/workspace/data/genbuster-mini/extracted/GenBuster-200K-mini/benchmark/fake/luma/807e225ac199ecbdf612b6d8433d3890acb2b8235bed69180512e6d9cb70f973.mp4,1,0,0.9850812237953486,0.014918776204651298,0.9701624475906973,1427,2,687.399722635746,REAL
/workspace/data/genbuster-mini/extracted/GenBuster-200K-mini/benchmark/fake/luma/7d4d6453a5c9089420d9b29a2fb77b680789b3064aec7978c581629f6451e7f8.mp4,1,1,0.8104789086703224,0.18952109132967757,0.6209578173406448,1427,3,723.5016152262688,FAKE
/workspace/data/genbuster-mini/extracted/GenBuster-200K-mini/benchmark/fake/luma/7c5e93979dc0d43d4c47c99f85c50143cd783496193c978b7bf74be208fc7d8e.mp4,1,1,0.8918110454379297,0.10818895456207035,0.7836220908758593,1427,3,720.0549617409706,FAKE
/workspace/data/genbuster-mini/extracted/GenBuster-200K-mini/benchmark/fake/luma/7bf18e496d27bf871bb43e30e3bb493e2c3e4798297209a3ae498c1adde7b2e0.mp4,1,1,0.8031737963569016,0.1968262036430985,0.6063475927138031,1427,3,718.4467613697052,FAKE
/workspace/data/genbuster-mini/extracted/GenBuster-200K-mini/benchmark/fake/luma/78052419e88a4aa4d75b4eea8019adbcbc5e8925a6a8979763c5d23dd81f24b8.mp4,0,1,0.19859669761708781,0.8014033023829122,0.6028066047658245,1427,3,722.9753360152245,FAKE
/workspace/data/genbuster-mini/extracted/GenBuster-200K-mini/benchmark/fake/luma/732c3d5d9bea4c1d6b426b7634cf95a649943bc816f510d1d3083d8b3ed71390.mp4,0,1,0.2210303323664035,0.7789696676335965,0.5579393352671931,1427,3,718.0968150496483,FAKE
/workspace/data/genbuster-mini/extracted/GenBuster-200K-mini/benchmark/fake/luma/72bf144d00677e9bfbbccbdcfdc3250cb3a2329df6106c6e6e1b2639768caa56.mp4,1,1,0.9207896758909757,0.07921032410902437,0.8415793517819513,1427,3,718.5801938176155,FAKE
/workspace/data/genbuster-mini/extracted/GenBuster-200K-mini/benchmark/fake/luma/725851cd258b3b3a24549aa380cefcfe213f24933966e54e086d8eb8794d6e5d.mp4,1,0,0.9747021608150582,0.025297839184941745,0.9494043216301165,1427,2,693.8948705792427,REAL
/workspace/data/genbuster-mini/extracted/GenBuster-200K-mini/benchmark/fake/luma/67c6ff956261b40d85d6696aefef335f76ae884c867112617d595dbeba9d4490.mp4,1,1,0.8558511469672594,0.14414885303274058,0.7117022939345188,1427,3,717.7651971578598,FAKE
/workspace/data/genbuster-mini/extracted/GenBuster-200K-mini/benchmark/fake/luma/6671370290d33463c32c706207b30fb70d34e1b937f7263f86d437d735b23c60.mp4,1,1,0.8104789086703224,0.18952109132967757,0.6209578173406448,1427,3,720.5809727311134,FAKE
/workspace/data/genbuster-mini/extracted/GenBuster-200K-mini/benchmark/fake/luma/641ab5f61e945b19a980a44a67b92111605186c3f6db78a03c5f029ca47b66b4.mp4,1,0,0.9898826338413405,0.010117366158659503,0.9797652676826809,1427,2,689.2888695001602,REAL
/workspace/data/genbuster-mini/extracted/GenBuster-200K-mini/benchmark/fake/luma/60bdca87d3a4730af5799291662d051845ff797ba37024abb2e986c528bb711c.mp4,0,1,0.240706786462124,0.759293213537876,0.5185864270757521,1427,3,718.4891253709793,FAKE
/workspace/data/genbuster-mini/extracted/GenBuster-200K-mini/benchmark/fake/luma/5faa0d8399ab39207a47e1f728f49df8eef8237f786c0450bc48fa045fe748d7.mp4,1,1,0.785308580887758,0.2146914191122419,0.5706171617755161,1427,3,725.6178930401802,FAKE
/workspace/data/genbuster-mini/extracted/GenBuster-200K-mini/benchmark/fake/luma/5c1771460250e2e93b94f78874c47bd8865c1558348efcd9be79197d41cab27d.mp4,1,0,0.9909079328020344,0.009092067197965707,0.9818158656040686,1427,2,686.6090223193169,REAL
/workspace/data/genbuster-mini/extracted/GenBuster-200K-mini/benchmark/fake/luma/5bd79a2c93cc791cd4d04846aa24eac7277820da3e7e986282367c2de9b2266d.mp4,1,0,0.9934223911841124,0.006577608815887728,0.9868447823682246,1427,2,685.250848531723,REAL
/workspace/data/genbuster-mini/extracted/GenBuster-200K-mini/benchmark/fake/luma/5b624c26961ac0d7e9877184db5887bdb301bc14b01fd655f2e6a8e781582951.mp4,1,0,0.9346455151175821,0.06535448488241795,0.8692910302351642,1427,2,695.1955631375313,REAL
/workspace/data/genbuster-mini/extracted/GenBuster-200K-mini/benchmark/fake/luma/4e295b9ba014a68bab6afe1d2507d5d2d03d7ed59f814b0983f6f26a51be2015.mp4,0,1,0.16390391128751197,0.836096088712488,0.672192177424976,1427,3,719.260573387146,FAKE
/workspace/data/genbuster-mini/extracted/GenBuster-200K-mini/benchmark/fake/luma/4dc9eaba5d616fafd8d836bf991d960142a1b77e8e22967df31cb364d8beb9ab.mp4,1,1,0.7826624789529376,0.21733752104706247,0.5653249579058751,1427,3,741.469219326973,FAKE
/workspace/data/genbuster-mini/extracted/GenBuster-200K-mini/benchmark/fake/luma/4a14813c223a3f42b8b43e3f02b1f3db40c96cba9b8c866fb4d6186301a0dfbd.mp4,1,1,0.7981867777396212,0.20181322226037882,0.5963735554792424,1427,3,717.5882682204247,FAKE
/workspace/data/genbuster-mini/extracted/GenBuster-200K-mini/benchmark/fake/luma/4571b524870780df86c63cc415c371664449b71d35d482abaa75c1fa57cd35d8.mp4,1,0,0.9870700244310455,0.012929975568954566,0.9741400488620909,1427,2,696.3837221264839,REAL
/workspace/data/genbuster-mini/extracted/GenBuster-200K-mini/benchmark/fake/luma/40d17e8203534ca6038b80dfa42463d01982e887beee2a1ca385bf452d1bf1f3.mp4,1,0,0.9839767027486619,0.016023297251338088,0.9679534054973238,1427,2,685.2511689066887,REAL
/workspace/data/genbuster-mini/extracted/GenBuster-200K-mini/benchmark/fake/luma/391f3ccf2f4e5d4b3ab7959840eaa245de45b6d6d83828b6acb0a4c8375c5068.mp4,0,1,0.224314370395499,0.775685629604501,0.5513712592090021,1427,3,727.9051542282104,FAKE
/workspace/data/genbuster-mini/extracted/GenBuster-200K-mini/benchmark/fake/luma/2da85e40c0f24435f2c3e87241e4751d83e33d34f167608ef4a457c92dbcbd7a.mp4,0,1,0.20355674341031216,0.7964432565896878,0.5928865131793757,1427,3,720.9218442440033,FAKE
/workspace/data/genbuster-mini/extracted/GenBuster-200K-mini/benchmark/fake/luma/297770b9e7245701f20997d9d8b514343634f932361881ab19f6cf5b02749566.mp4,1,1,0.8918110454379297,0.10818895456207035,0.7836220908758593,1427,3,725.4931926727295,FAKE
/workspace/data/genbuster-mini/extracted/GenBuster-200K-mini/benchmark/fake/luma/2873c12295f9cd3a73457e624cf36f5d7365cf05c42c0face13d50b444b113aa.mp4,0,1,0.23158130076249758,0.7684186992375024,0.5368373984750048,1427,3,724.7202694416046,FAKE
/workspace/data/genbuster-mini/extracted/GenBuster-200K-mini/benchmark/fake/luma/256e1880d12a03ead0586e81fd5e932f7be2ac8a8f7f6212fd19871ca75487fd.mp4,1,0,0.9912853948909947,0.008714605109005404,0.9825707897819892,1427,2,688.1536021828651,REAL
/workspace/data/genbuster-mini/extracted/GenBuster-200K-mini/benchmark/fake/luma/24ddbdff069f9dbf876cddf10397929a0e640244a6002570e2522c86adc2d2e6.mp4,1,1,0.9763105287006256,0.023689471299374428,0.9526210574012512,1427,3,720.884695649147,FAKE
/workspace/data/genbuster-mini/extracted/GenBuster-200K-mini/benchmark/fake/luma/23083a46d38c036ec1f29e52c4df0c0849d7f7a567ea9b1234bcf8aa2de7fcc5.mp4,1,0,0.9909547426917191,0.009045257308280956,0.9819094853834381,1427,2,695.2602341771126,REAL
/workspace/data/genbuster-mini/extracted/GenBuster-200K-mini/benchmark/fake/luma/16333278a60df4abf22feb1caae328950c232f2816768a2e49645bfc09e48ee7.mp4,1,0,0.990100104281319,0.009899895718681046,0.980200208562638,1427,2,693.6241537332535,REAL
/workspace/data/genbuster-mini/extracted/GenBuster-200K-mini/benchmark/fake/luma/1097126b91d8f9c905212176e8acda8c2001e44aa776150bd0c2759979b4c347.mp4,1,1,0.8902942261220291,0.10970577387797074,0.7805884522440584,1427,3,732.6915338635445,FAKE
/workspace/data/genbuster-mini/extracted/GenBuster-200K-mini/benchmark/fake/luma/100c693a4bf5080f73e5daf50e58d1186227b8e85e010eb0abef73ba5b943a05.mp4,1,0,0.9934514973111738,0.006548502688826281,0.9869029946223475,1427,2,702.8444409370422,REAL
/workspace/data/genbuster-mini/extracted/GenBuster-200K-mini/benchmark/fake/luma/0d26ba5c64d05ef86f46ab9a4c176e65534b2e116694e9bf21fd367f0060edb7.mp4,0,1,0.19060923722488426,0.8093907627751158,0.6187815255502316,1427,3,720.0063318014145,FAKE
/workspace/data/genbuster-mini/extracted/GenBuster-200K-mini/benchmark/fake/luma/0cf60544ff768d12c57a3e00b0749b8e32153420b3fce82cd937c290b4370dc8.mp4,1,1,0.7718434978390747,0.22815650216092537,0.5436869956781494,1427,3,721.124567091465,FAKE
/workspace/data/genbuster-mini/extracted/GenBuster-200K-mini/benchmark/fake/luma/0ac7b78284d5e16995d15f448c7176512ded0859da004d78b072f701c1f1876a.mp4,1,1,0.8104789086703224,0.18952109132967757,0.6209578173406448,1427,3,717.6042050123215,FAKE
/workspace/data/genbuster-mini/extracted/GenBuster-200K-mini/benchmark/fake/luma/08f8ebff27ab021da883ab53cf0756cf4067939a68198af4eddf041360340c56.mp4,1,1,0.9706877692486436,0.029312230751356316,0.9413755384972873,1427,3,718.7089398503304,FAKE
/workspace/data/genbuster-mini/extracted/GenBuster-200K-mini/benchmark/fake/luma/0837e65af9a457a388c950a2671dc61610a9711544a89c153336761342ec657b.mp4,1,0,0.9805451897780656,0.01945481022193445,0.9610903795561312,1427,2,693.297266960144,REAL
/workspace/data/genbuster-mini/extracted/GenBuster-200K-mini/benchmark/fake/luma/07fa17e5ebb428e0fedea2757bfabbbfef74c1428842a300ea8541b5a13643b2.mp4,1,0,0.9941519858947937,0.005848014105206288,0.9883039717895874,1427,2,688.1027817726135,REAL
/workspace/data/genbuster-mini/extracted/GenBuster-200K-mini/benchmark/fake/luma/078418ec9564068fbfd1ff0ebc28e9c62e4fb651067393b34fed3fa9dad8e6ed.mp4,1,1,0.7490872131147275,0.25091278688527247,0.498174426229455,1427,3,722.1334353089333,FAKE
/workspace/data/genbuster-mini/extracted/GenBuster-200K-mini/benchmark/fake/luma/077d55e8540e87baf41a5de5dff6d6512fe4076de1f1f96a57c050b8571b7cd1.mp4,1,1,0.9489172630429474,0.05108273695705249,0.897834526085895,1427,3,717.6661938428879,FAKE
/workspace/data/genbuster-mini/extracted/GenBuster-200K-mini/benchmark/fake/luma/05e831a817f7dbf5642cfebf9d802f476e20bb7adecfa178cbcf9438cd491a68.mp4,1,1,0.7826624789529376,0.21733752104706247,0.5653249579058751,1427,3,719.6755856275558,FAKE
/workspace/data/genbuster-mini/extracted/GenBuster-200K-mini/benchmark/fake/luma/05780ca002538727bd48e6bddf2b8a56ab438d31619c56c9ab75dd59732151fc.mp4,1,1,0.870597268408361,0.12940273159163906,0.741194536816722,1427,3,722.196638584137,FAKE
/workspace/data/genbuster-mini/extracted/GenBuster-200K-mini/benchmark/fake/luma/031816e6622278a9eab2a4dff0a8909bfcba9b35c11d358b315def13c561d111.mp4,0,1,0.19285773247774718,0.8071422675222528,0.6142845350445056,1427,3,722.2931161522865,FAKE
/workspace/data/genbuster-mini/extracted/GenBuster-200K-mini/benchmark/fake/kling/fcdd4ed0ddc3ef37c6c79afee501b3b2005d381d582e5ff2f1103b62dae46d99.mp4,1,0,0.9862979490683358,0.01370205093166426,0.9725958981366716,1427,2,694.6136578917503,REAL
/workspace/data/genbuster-mini/extracted/GenBuster-200K-mini/benchmark/fake/kling/faadfdd993ef200011aeb78c072edb90edd3580e7a1bfd8d9503585f28694e9f.mp4,1,0,0.9337996947327872,0.06620030526721277,0.8675993894655745,1427,2,685.4121014475822,REAL
/workspace/data/genbuster-mini/extracted/GenBuster-200K-mini/benchmark/fake/kling/f48dc017cfad61e8703d46cbdf846d76b212b5d6ad752cc9b01538e2cb65870d.mp4,1,0,0.9370573513825479,0.06294264861745227,0.8741147027650956,1427,2,685.3004693984985,REAL
/workspace/data/genbuster-mini/extracted/GenBuster-200K-mini/benchmark/fake/kling/f34c28675df83a31f6ebd5a052496e6230ec3864939494c92549131e70658ae9.mp4,0,0,0.0675466911396291,0.9324533088603709,0.8649066177207418,1427,2,685.688242316246,REAL
/workspace/data/genbuster-mini/extracted/GenBuster-200K-mini/benchmark/fake/kling/f2654a6ffcdfad15995209fd339518be2bb349d4271c06d829a6c49400563718.mp4,0,1,0.1597161917899349,0.8402838082100651,0.6805676164201302,1427,3,717.387244105339,FAKE
/workspace/data/genbuster-mini/extracted/GenBuster-200K-mini/benchmark/fake/kling/f0e42bf3ae5d8b42b2eb88cb457f18aaa2fb748dd25daebcecb29fb6a70e6871.mp4,1,0,0.984547165891025,0.015452834108974889,0.9690943317820501,1427,2,687.8295391798019,REAL
/workspace/data/genbuster-mini/extracted/GenBuster-200K-mini/benchmark/fake/kling/ecd234e446386240a1c9bcbdcdfdb65e14722fb6c8f8f404c64bf1446553ba79.mp4,0,1,0.1917597915477768,0.8082402084522231,0.6164804169044463,1427,3,722.2459688782692,FAKE
/workspace/data/genbuster-mini/extracted/GenBuster-200K-mini/benchmark/fake/kling/ebe572cbfd5e0a689841b40e9421fd4c322874ce4b31810cfb2e9609be068c43.mp4,0,0,0.04336579876390677,0.9566342012360932,0.9132684024721864,1427,2,685.6584399938583,REAL
/workspace/data/genbuster-mini/extracted/GenBuster-200K-mini/benchmark/fake/kling/e84c1946b2e5662bb54f56ecf8200f13e91e9f76f02f64776a06855b603b3bf5.mp4,1,0,0.9765927904919242,0.02340720950807587,0.9531855809838483,1427,2,687.2763186693192,REAL
/workspace/data/genbuster-mini/extracted/GenBuster-200K-mini/benchmark/fake/kling/e29a8a451a88a076b74fee39b155395cc62e59a86030014a7dd73928f1d4cf09.mp4,0,1,0.23982384485323718,0.7601761551467627,0.5203523102935256,1427,3,719.5739448070526,FAKE
/workspace/data/genbuster-mini/extracted/GenBuster-200K-mini/benchmark/fake/kling/dd5e682c86d75b24d0299ef9b6e30ad9c74ead5b4d09250e02cd5d7a9c5c71bd.mp4,1,0,0.9814737350109733,0.018526264989026656,0.9629474700219467,1427,2,689.2255321145058,REAL
/workspace/data/genbuster-mini/extracted/GenBuster-200K-mini/benchmark/fake/kling/dac7daa66cdae96fefdfce344f97bdfa4aab2e27980d3881beb5bb54b2e5f82d.mp4,1,1,0.9046505351008906,0.0953494648991095,0.8093010702017811,1427,3,718.5767516493797,FAKE
/workspace/data/genbuster-mini/extracted/GenBuster-200K-mini/benchmark/fake/kling/d84b960a1bbbe609ef5384868deb20fc9638482a0f96d5d0826595bf219621ee.mp4,1,0,0.9726729850524742,0.027327014947525794,0.9453459701049485,1427,2,685.2581575512886,REAL
/workspace/data/genbuster-mini/extracted/GenBuster-200K-mini/benchmark/fake/kling/d7f10be5abd2b6c5f077633ff546ceb630976b0031159431ab238b7201dbb1ae.mp4,1,0,0.9734434043507502,0.026556595649249854,0.9468868087015003,1427,2,686.4485070109367,REAL
/workspace/data/genbuster-mini/extracted/GenBuster-200K-mini/benchmark/fake/kling/d76e3d95cafde09d99cc5b1b4fc9d93cbbdc53e0cd3e0e11905a66c7353d678a.mp4,0,1,0.2155709513074827,0.7844290486925173,0.5688580973850346,1427,3,717.189185321331,FAKE
/workspace/data/genbuster-mini/extracted/GenBuster-200K-mini/benchmark/fake/kling/d63d0110820e0e4deb762118b55d93e6e4fce9a28e8000cca5e5c2d5ab30a50a.mp4,1,0,0.9093565266002978,0.09064347339970218,0.8187130532005956,1427,2,697.589598596096,REAL
/workspace/data/genbuster-mini/extracted/GenBuster-200K-mini/benchmark/fake/kling/d57f41aa2d4405ecdd34bd5bc00d512bda50e6759e78c45205d50260d73fb05b.mp4,1,0,0.9799253882654448,0.02007461173455506,0.9598507765308898,1427,2,694.1274851560593,REAL
/workspace/data/genbuster-mini/extracted/GenBuster-200K-mini/benchmark/fake/kling/d56b901042bafed670ef922bfda04337ccc607b78b25d2f95af71832b3536cb0.mp4,0,1,0.16293752968089867,0.8370624703191013,0.6741249406382026,1427,3,718.0009260773659,FAKE
/workspace/data/genbuster-mini/extracted/GenBuster-200K-mini/benchmark/fake/kling/d476a86ff613c26da3c7af144613e09a4ca98df7f71b082b76f7bc2bab02d855.mp4,1,0,0.9901401353860793,0.009859864613920792,0.9802802707721585,1427,2,686.0826164484024,REAL
/workspace/data/genbuster-mini/extracted/GenBuster-200K-mini/benchmark/fake/kling/d3c4277610221c09cec32dbc59317b8bf0c13fc8381e88ea32f65203313ac9ed.mp4,1,0,0.9798079511844974,0.020192048815502642,0.9596159023689947,1427,2,703.7416622042656,REAL
/workspace/data/genbuster-mini/extracted/GenBuster-200K-mini/benchmark/fake/kling/d22c2a92933c75b144b73d2a65fee7fe541b5e6e35edf7326c2c685dca997427.mp4,1,0,0.984169132359101,0.015830867640899127,0.9683382647182018,1427,2,691.7317360639572,REAL
/workspace/data/genbuster-mini/extracted/GenBuster-200K-mini/benchmark/fake/kling/d224a0d3adabec45915584966184afc9ce13af02efd91b3fe123939ac392fd17.mp4,0,1,0.223215796172181,0.776784203827819,0.553568407655638,1427,3,727.2815108299255,FAKE
/workspace/data/genbuster-mini/extracted/GenBuster-200K-mini/benchmark/fake/kling/d178a1d885c9fc17e41c64b6985ae6053be825c5528e23aaf71990f95a4d1db8.mp4,1,0,0.9876002724271908,0.012399727572809112,0.9752005448543817,1427,2,686.3179430365562,REAL
/workspace/data/genbuster-mini/extracted/GenBuster-200K-mini/benchmark/fake/kling/cf51242af31825492f4894baa1a3a69932facd11674e50996e7cd69149706c61.mp4,1,0,0.9457249076606914,0.05427509233930861,0.8914498153213828,1427,2,685.8978122472763,REAL
/workspace/data/genbuster-mini/extracted/GenBuster-200K-mini/benchmark/fake/kling/cc268990c1411554302f1c0fb940b656356f3bbf7edcaff3e28918803ed3e9ed.mp4,1,0,0.991403508319432,0.008596491680568015,0.982807016638864,1427,2,686.101533472538,REAL
/workspace/data/genbuster-mini/extracted/GenBuster-200K-mini/benchmark/fake/kling/c7360146cc9bc24cc4af5a4d5ab52091b318eb9c00d9154c0312821483607ce5.mp4,1,0,0.9529591814255133,0.04704081857448666,0.9059183628510267,1427,2,690.2786493301392,REAL
/workspace/data/genbuster-mini/extracted/GenBuster-200K-mini/benchmark/fake/kling/c2e47b8af7e9ae29eff20aba6e6e5c531fd06328cc1fc8a32e24970fe8afa570.mp4,1,0,0.9851139983265039,0.014886001673496123,0.9702279966530079,1427,2,686.9736686348915,REAL
/workspace/data/genbuster-mini/extracted/GenBuster-200K-mini/benchmark/fake/kling/bee478593de8f9e1605769da2e154b509d374e6ac3a79573e1c105fd09c2b40d.mp4,1,0,0.9632436708161448,0.036756329183855095,0.9264873416322897,1427,2,689.8262798786163,REAL
/workspace/data/genbuster-mini/extracted/GenBuster-200K-mini/benchmark/fake/kling/b824e4728a2584bf7a6a56fcd507bb13fdc557c4a6be1948b069d4d836da0990.mp4,1,0,0.9719620618964481,0.028037938103551846,0.9439241237928963,1427,2,684.9605664610863,REAL
/workspace/data/genbuster-mini/extracted/GenBuster-200K-mini/benchmark/fake/kling/b36e99b2f4f07262a8cc800c5832a72997566e4a4b85047b9659d2525b01d03f.mp4,1,0,0.9640645326714241,0.035935467328575936,0.9281290653428482,1427,2,737.0250225067139,REAL
/workspace/data/genbuster-mini/extracted/GenBuster-200K-mini/benchmark/fake/kling/aee759496434b10f0333efee997ca3ff2eea675e050f1f378b8cc7c10beda029.mp4,0,1,0.2089159178060476,0.7910840821939523,0.5821681643879048,1427,3,724.2091447114944,FAKE
/workspace/data/genbuster-mini/extracted/GenBuster-200K-mini/benchmark/fake/kling/ad44fbc4b17ea033a24e206eaa326501553375f9ff0398bfce6d7f5783adbf79.mp4,1,0,0.9958950269527619,0.004104973047238007,0.9917900539055239,1427,2,688.1586536765099,REAL
/workspace/data/genbuster-mini/extracted/GenBuster-200K-mini/benchmark/fake/kling/aa55ee43f3558193f315c39445be314dd954ee902f1a3112404b6699cec4c129.mp4,1,0,0.9861970302861764,0.013802969713823615,0.9723940605723528,1427,2,692.8221136331558,REAL
/workspace/data/genbuster-mini/extracted/GenBuster-200K-mini/benchmark/fake/kling/a6ee07fda44b91e4f7943e2978f7f090093ad6de5b876001ed4cb38d7119a24e.mp4,1,0,0.9798960824729922,0.020103917527007662,0.9597921649459845,1427,2,687.6033022999763,REAL
/workspace/data/genbuster-mini/extracted/GenBuster-200K-mini/benchmark/fake/kling/a68d4217394313ab1d20cbe70fc9902f806a034c5c04aaf689ec95e2193c3992.mp4,1,0,0.991796966425336,0.00820303357466398,0.983593932850672,1427,2,683.9582845568657,REAL
/workspace/data/genbuster-mini/extracted/GenBuster-200K-mini/benchmark/fake/kling/a23cd665b49078e47920738980fe4d041384683ea0f6b71725cc41d7b0f295b3.mp4,1,1,0.9304582554941719,0.06954174450582809,0.8609165109883439,1427,3,723.0310961604118,FAKE
/workspace/data/genbuster-mini/extracted/GenBuster-200K-mini/benchmark/fake/kling/9e79879f614f243914c7408c28c88678f6278447e7b9c18a3e40fc6741aadb9f.mp4,1,0,0.9799692404312345,0.02003075956876569,0.9599384808624688,1427,2,688.7097954750061,REAL
/workspace/data/genbuster-mini/extracted/GenBuster-200K-mini/benchmark/fake/kling/9627925ece6e27c330f651ef8a05c42a75e89cacc47e556de43df39a87b11423.mp4,0,1,0.24446621189396503,0.755533788106035,0.51106757621207,1427,3,720.8344712853432,FAKE
/workspace/data/genbuster-mini/extracted/GenBuster-200K-mini/benchmark/fake/kling/947007390c30fabb9a444245521d5572ec214adce1cb072b35c77cd213eaed91.mp4,1,0,0.948917216815195,0.05108278318480488,0.8978344336303902,1427,2,686.1661151051521,REAL
/workspace/data/genbuster-mini/extracted/GenBuster-200K-mini/benchmark/fake/kling/9350a157aa6a456d6903e6abbaeaf0d7ceacf0f4752773a06257a2ba3256b594.mp4,0,1,0.2111998727241873,0.7888001272758126,0.5776002545516253,1427,3,737.9574030637741,FAKE
/workspace/data/genbuster-mini/extracted/GenBuster-200K-mini/benchmark/fake/kling/9273aeef77388813688edd5636bcdd98864a8c5599e6858818663d408f0aee43.mp4,0,0,0.07263670636078697,0.927363293639213,0.854726587278426,1427,2,687.4966472387314,REAL
/workspace/data/genbuster-mini/extracted/GenBuster-200K-mini/benchmark/fake/kling/8bc1d4f7abae565d01cad0d5c15a2a9e3dd79291cc02bbe8649d34ce76a21e6f.mp4,1,0,0.9192843471483215,0.08071565285167838,0.8385686942966432,1427,2,701.1886686086655,REAL
/workspace/data/genbuster-mini/extracted/GenBuster-200K-mini/benchmark/fake/kling/8ba59f53a9a615a55bea948b4fdf0677dfe2e4c03128486548e90a5108487237.mp4,1,1,0.9149009549929797,0.08509904500702024,0.8298019099859595,1427,3,720.8371311426163,FAKE
/workspace/data/genbuster-mini/extracted/GenBuster-200K-mini/benchmark/fake/kling/8a7933d026331caf8e938e0181543fbaf2f8b27d9765171da28bf232827da487.mp4,1,0,0.9488631032217802,0.05113689677821978,0.8977262064435605,1427,2,686.1404702067375,REAL
/workspace/data/genbuster-mini/extracted/GenBuster-200K-mini/benchmark/fake/kling/8a224925dd9df9c5de90dc1d6cca7b80d9094009d03d18d6f2c62e7a66675fff.mp4,0,1,0.2150052840963766,0.7849947159036235,0.5699894318072469,1427,3,718.1867137551308,FAKE
/workspace/data/genbuster-mini/extracted/GenBuster-200K-mini/benchmark/fake/kling/882717030c5ab7e1f37023ebec08f79cd596519d535b69d69536ac23637c163d.mp4,1,0,0.990704616847339,0.009295383152660909,0.9814092336946781,1427,2,703.549787402153,REAL
/workspace/data/genbuster-mini/extracted/GenBuster-200K-mini/benchmark/fake/kling/87970bcc6fb7ca1b2dd62c6be8fdc071da84e30fb37f96470d10583011ca324c.mp4,1,0,0.9656412790258085,0.03435872097419147,0.9312825580516171,1427,2,684.8290041089058,REAL
/workspace/data/genbuster-mini/extracted/GenBuster-200K-mini/benchmark/fake/kling/855b0636e547bf45a7352e56b4d78e944f54084774ad06018061fd178ed2e4b2.mp4,0,1,0.17398225230087472,0.8260177476991254,0.6520354953982507,1427,3,722.6043045520782,FAKE
/workspace/data/genbuster-mini/extracted/GenBuster-200K-mini/benchmark/fake/kling/812ed163084b71ccef7e83da333d721f55089ed924a3a9adaa1096f5ce5a0270.mp4,1,0,0.9918992345261345,0.008100765473865477,0.983798469052269,1427,2,689.887247979641,REAL
/workspace/data/genbuster-mini/extracted/GenBuster-200K-mini/benchmark/fake/kling/80f55cf3515c115887cf5e3a4eab9006e85d5f9c6a1b352ff3304bc15d70cea9.mp4,1,1,0.7520125737597972,0.24798742624020276,0.5040251475195945,1427,3,730.4779663681984,FAKE
/workspace/data/genbuster-mini/extracted/GenBuster-200K-mini/benchmark/fake/kling/7f4a26dd9ab9e9a835469f19d60a3a975a175e4bf44d9b5f83a8c3151bbe2747.mp4,1,0,0.9449753259509962,0.05502467404900379,0.8899506519019924,1427,2,687.4869167804718,REAL
/workspace/data/genbuster-mini/extracted/GenBuster-200K-mini/benchmark/fake/kling/7a09518e2573f77ccd94307bb7a1b48822013a4cdd03101515959ee769d6805e.mp4,0,1,0.18866547989336177,0.8113345201066383,0.6226690402132765,1427,3,718.6033204197884,FAKE
/workspace/data/genbuster-mini/extracted/GenBuster-200K-mini/benchmark/fake/kling/7725e80a420e6d381898ed20d716ba8c36f4245d816ead59580847ee2c5f6393.mp4,1,0,0.9320302994742173,0.06796970052578277,0.8640605989484346,1427,2,686.9017630815506,REAL
/workspace/data/genbuster-mini/extracted/GenBuster-200K-mini/benchmark/fake/kling/77174fccae45d7f8fbc37c365634b74a8db30581357715aca82b61156657c03f.mp4,0,1,0.17748485742507988,0.8225151425749202,0.6450302851498403,1427,3,727.7605012059212,FAKE
/workspace/data/genbuster-mini/extracted/GenBuster-200K-mini/benchmark/fake/kling/73da5939dc1500a1deb172274795a1e1395b7f0fd3e3df733515c54fe6b08c91.mp4,1,0,0.9880212956302151,0.011978704369784876,0.9760425912604302,1427,2,688.233032822609,REAL
/workspace/data/genbuster-mini/extracted/GenBuster-200K-mini/benchmark/fake/kling/7285e0a205283652cfd8d85379c3e754a9dd9fd6f8ab05bb8feaa177aef53f9d.mp4,1,0,0.965665982231602,0.03433401776839797,0.9313319644632041,1427,2,712.4365568161011,REAL
/workspace/data/genbuster-mini/extracted/GenBuster-200K-mini/benchmark/fake/kling/6f5c8b1f1513bf238af69bd742b2ca0c8fce95f67e8a59068911c3502c5d139b.mp4,1,0,0.9921291042186597,0.007870895781340186,0.9842582084373196,1427,2,686.1932203173637,REAL
/workspace/data/genbuster-mini/extracted/GenBuster-200K-mini/benchmark/fake/kling/6f2bed1594f266c558df49590e0eaf6046e15d5fb5862de12a23b394dc5184cb.mp4,1,0,0.9486098087911295,0.05139019120887048,0.8972196175822591,1427,2,686.1020550131798,REAL
/workspace/data/genbuster-mini/extracted/GenBuster-200K-mini/benchmark/fake/kling/6f04c320f57e9892c74e670cd1a2e3580192fc1d150ff659285baaee2de614ad.mp4,0,0,0.08882029240011771,0.9111797075998822,0.8223594151997645,1427,2,690.8220797777176,REAL
/workspace/data/genbuster-mini/extracted/GenBuster-200K-mini/benchmark/fake/kling/6ebbdf57a77769ab5a9cfb682249a9cfb9e389666d1b568bedcaf37c45c521f6.mp4,1,0,0.9916842136579265,0.008315786342073521,0.9833684273158529,1427,2,687.3236894607544,REAL
/workspace/data/genbuster-mini/extracted/GenBuster-200K-mini/benchmark/fake/kling/6e3e3cdbe478a97d2003abad1c3519ed19d4dff5b33e5bea204f9835720ee4b3.mp4,1,0,0.9865322567070264,0.013467743292973653,0.9730645134140528,1427,2,689.1337111592293,REAL
/workspace/data/genbuster-mini/extracted/GenBuster-200K-mini/benchmark/fake/kling/6dfefcb3aa87b09511fa6a1c1484d6cbf2c36a990e0d4e7fe33fb05af8416eb3.mp4,1,0,0.9748211348915777,0.025178865108422318,0.9496422697831555,1427,2,688.9177039265633,REAL
/workspace/data/genbuster-mini/extracted/GenBuster-200K-mini/benchmark/fake/kling/68e47a69d1871ddac924f79d157ab34ec65104f5f06c187f5f7f09957a6b6f45.mp4,1,0,0.9901110445762408,0.009888955423759262,0.9802220891524815,1427,2,693.6568319797516,REAL
/workspace/data/genbuster-mini/extracted/GenBuster-200K-mini/benchmark/fake/kling/68cf8954b660d911afcf17d91bab427969c88d7baca4592be8b8b4b356f50418.mp4,1,0,0.9966308890990416,0.0033691109009584275,0.9932617781980833,1427,2,685.412622988224,REAL
/workspace/data/genbuster-mini/extracted/GenBuster-200K-mini/benchmark/fake/kling/681e8be49aa651149ae357899665c6f8e53e84b57bf51bc6ae7e507139be5957.mp4,1,1,0.7799929002541067,0.22000709974589314,0.5599858005082136,1427,3,719.0240174531937,FAKE
/workspace/data/genbuster-mini/extracted/GenBuster-200K-mini/benchmark/fake/kling/677556bd0dd4f24367eab7d3ad16dcab271e069c322eb618a371540cb0364c4d.mp4,1,0,0.9460486399056126,0.053951360094387286,0.8920972798112253,1427,2,696.1451694369316,REAL
/workspace/data/genbuster-mini/extracted/GenBuster-200K-mini/benchmark/fake/kling/5c64ff363063d1d24e338f72740393d69ef712f9e17805885ab2d2e08d87bac3.mp4,1,0,0.9916473185291496,0.008352681470850453,0.9832946370582991,1427,2,699.463851749897,REAL
/workspace/data/genbuster-mini/extracted/GenBuster-200K-mini/benchmark/fake/kling/5ac0dd0770a8e4f9c8a4c4f5ac8037bfbd43fad7529250ff0f1db7c4d946150e.mp4,1,0,0.9698942052755357,0.03010579472446437,0.9397884105510713,1427,2,689.7876262664795,REAL
/workspace/data/genbuster-mini/extracted/GenBuster-200K-mini/benchmark/fake/kling/5a68485eb70db8af3611994bad6afa3ce15998e2fb032a57cd2ac1984aa641f1.mp4,1,0,0.9858639630948245,0.014136036905175637,0.9717279261896489,1427,2,692.4218162894249,REAL
/workspace/data/genbuster-mini/extracted/GenBuster-200K-mini/benchmark/fake/kling/582cfba019c15579dd8e7b890932ce66b73546ae0d3e88a74b38763bb803ea2f.mp4,1,0,0.9835428422834701,0.01645715771652999,0.9670856845669401,1427,2,688.7867152690887,REAL
/workspace/data/genbuster-mini/extracted/GenBuster-200K-mini/benchmark/fake/kling/56a1d7d1d2665fab3014199edb78a334de9ff1155cfa0912f381d5cdb3a7a441.mp4,1,0,0.9932350406609156,0.006764959339084303,0.9864700813218313,1427,2,688.3420720696449,REAL
/workspace/data/genbuster-mini/extracted/GenBuster-200K-mini/benchmark/fake/kling/5509516ca18f8ddba05e9dd1e8b2f21b27ebb7cddd132b461fcec505786dc7e3.mp4,0,1,0.18010680491392775,0.8198931950860723,0.6397863901721446,1427,3,721.9801172614098,FAKE
/workspace/data/genbuster-mini/extracted/GenBuster-200K-mini/benchmark/fake/kling/52565c9edeff8f2bae8e81030c00719d1abdcd33f9be01321c56674992a95824.mp4,1,0,0.9903093864576382,0.009690613542361892,0.9806187729152763,1427,2,687.7534091472626,REAL
/workspace/data/genbuster-mini/extracted/GenBuster-200K-mini/benchmark/fake/kling/4defc0cd7757ef96df3f8a756c58a8eee4b96601976a2da155f870591e16e78a.mp4,1,0,0.9620260981291116,0.03797390187088853,0.924052196258223,1427,2,695.0508654117584,REAL
/workspace/data/genbuster-mini/extracted/GenBuster-200K-mini/benchmark/fake/kling/4af2d0845e85b8d8d64bfd556abed090f365e6478400fefb799552f2224c463b.mp4,0,1,0.21956064919641174,0.7804393508035883,0.5608787016071766,1427,3,721.3697656989098,FAKE
/workspace/data/genbuster-mini/extracted/GenBuster-200K-mini/benchmark/fake/kling/490e1e3b07972daebb96295aecb5df18daf36bae962d283f9aa942d1351a0859.mp4,1,0,0.9878840316237982,0.012115968376201627,0.9757680632475966,1427,2,688.9582648873329,REAL
/workspace/data/genbuster-mini/extracted/GenBuster-200K-mini/benchmark/fake/kling/46c6ffd6823e1371ae0936fcd8558c18b3828863854b28b8a6e5f548df52439f.mp4,1,0,0.9954983903748679,0.004501609625132179,0.9909967807497357,1427,2,683.7372928857803,REAL
/workspace/data/genbuster-mini/extracted/GenBuster-200K-mini/benchmark/fake/kling/4465ec7d8a5b4f0bf64e8e655cbdc11d2e84dc9a4c32e8048c40182954717896.mp4,0,1,0.24111488495323388,0.7588851150467661,0.5177702300935323,1427,3,724.8172089457512,FAKE
/workspace/data/genbuster-mini/extracted/GenBuster-200K-mini/benchmark/fake/kling/442579e352a25f6ea4f5409a1640eaf749ae2f68d15bbc2d4dcc71741a52ef5c.mp4,0,1,0.19233705205350787,0.8076629479464921,0.6153258958929841,1427,3,720.6056267023087,FAKE
/workspace/data/genbuster-mini/extracted/GenBuster-200K-mini/benchmark/fake/kling/421e748bf0f071652b6303177d19f1366ce55d795887adb375a34ebf31a7fdfb.mp4,0,1,0.1981825035209265,0.8018174964790735,0.603634992958147,1427,3,724.4390845298767,FAKE
/workspace/data/genbuster-mini/extracted/GenBuster-200K-mini/benchmark/fake/kling/3b8d2e422c2f2a6c0010b625de3d4e9eede61b03835e4e89491ffaf55e005981.mp4,0,1,0.19193293435700917,0.8080670656429908,0.6161341312859816,1427,3,735.359825193882,FAKE
/workspace/data/genbuster-mini/extracted/GenBuster-200K-mini/benchmark/fake/kling/3b6b48d77b5b8e46aaae99fdd0811f9af7e46fe498f2e452b07826801d37df65.mp4,0,0,0.03210070671700819,0.9678992932829918,0.9357985865659837,1427,2,685.9896779060364,REAL
/workspace/data/genbuster-mini/extracted/GenBuster-200K-mini/benchmark/fake/kling/386196d692f7005d9280d895eaf161a44ecaef3e95dfa9fe480129559d8093da.mp4,1,0,0.966216720443328,0.033783279556671944,0.932433440886656,1427,2,693.0125504732132,REAL
/workspace/data/genbuster-mini/extracted/GenBuster-200K-mini/benchmark/fake/kling/3793ed8de08649b845cbb12232e27d4ea656451600f05bbbbce3b93c5ace9123.mp4,1,0,0.9943643477667826,0.0056356522332174485,0.9887286955335651,1427,2,712.0210900902748,REAL
/workspace/data/genbuster-mini/extracted/GenBuster-200K-mini/benchmark/fake/kling/376c3d96050f590322398cf336381b40886ee35466519613c5fb7858b15ffbb4.mp4,0,1,0.1912990533410821,0.8087009466589179,0.6174018933178358,1427,3,719.1585525870323,FAKE
/workspace/data/genbuster-mini/extracted/GenBuster-200K-mini/benchmark/fake/kling/30b59bc25d83a8920da3720beae1c92e312d1d42e596c91c471428360f2781cd.mp4,1,0,0.9817756927611647,0.018224307238835166,0.9635513855223296,1427,2,689.704917371273,REAL
/workspace/data/genbuster-mini/extracted/GenBuster-200K-mini/benchmark/fake/kling/2d75c50d05f2432bf0e4a5115578dd7e89ba73ec26e7b5f6b147dcf089007894.mp4,1,0,0.9059580559735357,0.09404194402646432,0.8119161119470715,1427,2,687.90652602911,REAL
/workspace/data/genbuster-mini/extracted/GenBuster-200K-mini/benchmark/fake/kling/29dc17e9e732fac0730e0cb1bad02557e9c1ca3a2152c7ae59605d7ad27bb9d6.mp4,0,1,0.17419616158186535,0.8258038384181345,0.6516076768362692,1427,3,724.2858782410622,FAKE
/workspace/data/genbuster-mini/extracted/GenBuster-200K-mini/benchmark/fake/kling/26867aceaf59b2875ae9eaf1a8f28ba51d056979cdef1441ebf91cdf9ca58f57.mp4,1,1,0.7879311956428947,0.21206880435710532,0.5758623912857894,1427,3,717.506542801857,FAKE
/workspace/data/genbuster-mini/extracted/GenBuster-200K-mini/benchmark/fake/kling/25c1c085dbd1e4068086986d34b077dec95949e36915b5d7d4d19ad0f2484afd.mp4,1,1,0.9449947117065459,0.05500528829345415,0.8899894234130917,1427,3,717.7491784095764,FAKE
/workspace/data/genbuster-mini/extracted/GenBuster-200K-mini/benchmark/fake/kling/2258fb6752a2dc804cfe5a003c9895067883b5f0787eef81abdfbe0905799705.mp4,1,0,0.9893317884159173,0.010668211584082663,0.9786635768318346,1427,2,689.3043294548988,REAL
/workspace/data/genbuster-mini/extracted/GenBuster-200K-mini/benchmark/fake/kling/2103a4eab9b43a29640b531e7dcc57c4d26e1e2a78a50270c130e311d1cff2b4.mp4,1,1,0.8856314738181876,0.1143685261818125,0.7712629476363752,1427,3,753.0245780944824,FAKE
/workspace/data/genbuster-mini/extracted/GenBuster-200K-mini/benchmark/fake/kling/1c014f2de333788954c09cd01c676ead4bc1fb23c314eb416da2fd0891712a32.mp4,1,0,0.9821838325615337,0.01781616743846623,0.9643676651230675,1427,2,691.4676949381828,REAL
/workspace/data/genbuster-mini/extracted/GenBuster-200K-mini/benchmark/fake/kling/1473910a232fca46d4d280e8d052d31256185ae81beefb244954266e2ca79481.mp4,1,0,0.9935761564915097,0.006423843508490293,0.9871523129830193,1427,2,685.7927888631821,REAL
/workspace/data/genbuster-mini/extracted/GenBuster-200K-mini/benchmark/fake/kling/12bd77a25dedcff44bfd8ab7a0a826efdd5b438fd49d119191b6cdc514d1b2d8.mp4,1,0,0.9927485108012759,0.007251489198724113,0.9854970216025518,1427,2,684.4220161437988,REAL
/workspace/data/genbuster-mini/extracted/GenBuster-200K-mini/benchmark/fake/kling/123faf7a5c57347f54363675e34521ec239203e1ed66d9ba5203ffc77ff864f0.mp4,1,0,0.9229068858506709,0.07709311414932907,0.8458137717013419,1427,2,692.2409608960152,REAL
/workspace/data/genbuster-mini/extracted/GenBuster-200K-mini/benchmark/fake/kling/0adfdbe21a8444c57d126ff48106ca02f7ab3446e93b426a4659c668862bfc1b.mp4,1,0,0.9876048262830422,0.012395173716957645,0.9752096525660846,1427,2,688.1919875741005,REAL
/workspace/data/genbuster-mini/extracted/GenBuster-200K-mini/benchmark/fake/kling/0574cabd7ac17633d8b5683f9c66669e0fe4a9fa2485e19e34b9cb919fb8dcca.mp4,1,0,0.9836986843276159,0.016301315672384083,0.9673973686552317,1427,2,692.3146843910217,REAL
/workspace/data/genbuster-mini/extracted/GenBuster-200K-mini/benchmark/fake/kling/0321de872050fd8e3f4295c89cf9cf08050c0c250b80a5ed89881228ab40d66e.mp4,1,0,0.8997270748546382,0.10027292514536178,0.7994541497092764,1427,2,686.3965317606926,REAL
/workspace/data/genbuster-mini/extracted/GenBuster-200K-mini/benchmark/fake/kling/01eb670602034bcde36476278a76bffc3c8d4084c8a8c2cdaf562990f7c206f8.mp4,0,1,0.1730751779233736,0.8269248220766263,0.6538496441532528,1427,3,720.5055132508278,FAKE
/workspace/data/genbuster-mini/extracted/GenBuster-200K-mini/benchmark/fake/jimeng/fce378942ec239a253d8e870cf8b03a11471095f97869edf5dcf98def35da5c9.mp4,0,1,0.20247337393860604,0.797526626061394,0.595053252122788,1427,3,721.4416936039925,FAKE
/workspace/data/genbuster-mini/extracted/GenBuster-200K-mini/benchmark/fake/jimeng/fc10188324eb6ac8a2b7d7951e134692f7761d1b8e29708cb96f80f4d93a6ddd.mp4,0,1,0.19355359113510306,0.8064464088648969,0.6128928177297939,1427,3,720.4156517982483,FAKE
/workspace/data/genbuster-mini/extracted/GenBuster-200K-mini/benchmark/fake/jimeng/f8682a4945be00a5ea562211601a8ab2bd786cdae4f35e553e23dfc9f25ddd44.mp4,0,1,0.2198156840309882,0.7801843159690118,0.5603686319380237,1427,3,731.0072630643845,FAKE
/workspace/data/genbuster-mini/extracted/GenBuster-200K-mini/benchmark/fake/jimeng/f4367f492582b945275fcdcfe8e160d090e28e26a237df80443cb99f97910389.mp4,0,1,0.19274196605778318,0.8072580339422168,0.6145160678844337,1427,3,737.4084889888763,FAKE
/workspace/data/genbuster-mini/extracted/GenBuster-200K-mini/benchmark/fake/jimeng/ef3e7ee3a2dbf3676c5cd3e44f5480f4784a4091bbc9c003c8015d1092ba6f56.mp4,1,1,0.746138993030751,0.25386100696924885,0.4922779860615022,1427,3,718.4933796525002,FAKE
/workspace/data/genbuster-mini/extracted/GenBuster-200K-mini/benchmark/fake/jimeng/ed80a27f9d09e910b8f59af2b7b15302ba13da62ce80783e8c9025f76252cf7b.mp4,0,1,0.22496235402155415,0.7750376459784458,0.5500752919568916,1427,3,723.1201976537704,FAKE
/workspace/data/genbuster-mini/extracted/GenBuster-200K-mini/benchmark/fake/jimeng/ecc34eacb57a18e93e43777827a89092754bc78e7bdecf1cadc65e89d24754a0.mp4,1,1,0.9918120900983038,0.008187909901696235,0.9836241801966076,1427,3,728.0567958950996,FAKE
/workspace/data/genbuster-mini/extracted/GenBuster-200K-mini/benchmark/fake/jimeng/ebb35a2aa0fb045677182390fafcb37a9a7c517adfceecb5b5ca6159ba3362d5.mp4,0,1,0.20434205499125652,0.7956579450087435,0.5913158900174871,1427,3,723.7874045968056,FAKE
/workspace/data/genbuster-mini/extracted/GenBuster-200K-mini/benchmark/fake/jimeng/e339b4ffa53eaf0a766e40b1ee4db7680461926312524ecb3f7e0d83da77e132.mp4,0,1,0.21306520195520243,0.7869347980447976,0.5738695960895952,1427,3,738.075740635395,FAKE
/workspace/data/genbuster-mini/extracted/GenBuster-200K-mini/benchmark/fake/jimeng/e161eddc32dcbc0d4ef22ef9f3792f96add17c0f04b733c4400655364ef21fd8.mp4,0,1,0.26370789358238655,0.7362921064176136,0.472584212835227,1427,3,718.7147065997124,FAKE
/workspace/data/genbuster-mini/extracted/GenBuster-200K-mini/benchmark/fake/jimeng/dee27a904b8ff34c27ed713ff9591e0a1275f2bc78636e459bdb9c50cd0d74ff.mp4,0,1,0.23914626267024297,0.760853737329757,0.5217074746595141,1427,3,720.4615250229836,FAKE
/workspace/data/genbuster-mini/extracted/GenBuster-200K-mini/benchmark/fake/jimeng/ddf016159d891a86812efc66e2f88a61303ffeb2b4f73dcb22f865ac24a315ae.mp4,0,1,0.2237969063718611,0.776203093628139,0.5524061872562779,1427,3,718.7568694353104,FAKE
/workspace/data/genbuster-mini/extracted/GenBuster-200K-mini/benchmark/fake/jimeng/dde1590b9b638b590ed371191113823aafc0d00c91af2262f63f6cd47bafef18.mp4,1,0,0.9932624816343023,0.006737518365697677,0.9865249632686046,1427,2,689.847968518734,REAL
/workspace/data/genbuster-mini/extracted/GenBuster-200K-mini/benchmark/fake/jimeng/db40a73c2ae8b32fb7b6efb7bdcdd76e7ece3492bd6569d5249d8a944c030291.mp4,0,1,0.24847345442297053,0.7515265455770295,0.5030530911540589,1427,3,719.5307314395905,FAKE
/workspace/data/genbuster-mini/extracted/GenBuster-200K-mini/benchmark/fake/jimeng/db2826b78b14bdfae8d42666ea66dbecdc82c20aaea7f91c1605d314025e710f.mp4,0,1,0.2165791188842329,0.7834208811157671,0.5668417622315343,1427,3,717.7497670054436,FAKE
/workspace/data/genbuster-mini/extracted/GenBuster-200K-mini/benchmark/fake/jimeng/d6997c3d41832338cf4d47bbb09c83bde672e688860c77f0b9bdb895cd322aa3.mp4,0,1,0.1835937655776257,0.8164062344223744,0.6328124688447487,1427,3,723.2043296098709,FAKE
/workspace/data/genbuster-mini/extracted/GenBuster-200K-mini/benchmark/fake/jimeng/d5ed995d984e479271cbde193fdeae945d160c6b1505abe33fed74aa23829568.mp4,0,1,0.2364492529205523,0.7635507470794477,0.5271014941588954,1427,3,722.9780703783035,FAKE
/workspace/data/genbuster-mini/extracted/GenBuster-200K-mini/benchmark/fake/jimeng/d417a2292957a48a58941e6b5f952d4976cc8ca9610033f0380ac9b24db39aa0.mp4,0,1,0.19653238304861723,0.8034676169513828,0.6069352339027656,1427,3,726.9414216279984,FAKE
/workspace/data/genbuster-mini/extracted/GenBuster-200K-mini/benchmark/fake/jimeng/d0168a0ae79561aa6aab9fb5fa046776488d0ac9563852439bb1e528ba015c39.mp4,1,0,0.9948508664307968,0.00514913356920316,0.9897017328615936,1427,2,690.1990845799446,REAL
/workspace/data/genbuster-mini/extracted/GenBuster-200K-mini/benchmark/fake/jimeng/ce459d0b85154a82cc6f17063d5e0aea6521ed3d0261779a56249b9409ea02fc.mp4,0,1,0.23544315368720914,0.7645568463127907,0.5291136926255816,1427,3,720.1080620288849,FAKE
/workspace/data/genbuster-mini/extracted/GenBuster-200K-mini/benchmark/fake/jimeng/cd520cbe914c3815c0d4d854a373ab27ab6c98870ded1a380ba6ce1b5d08fae4.mp4,1,1,0.8872045937171068,0.11279540628289324,0.7744091874342136,1427,3,721.7849418520927,FAKE
/workspace/data/genbuster-mini/extracted/GenBuster-200K-mini/benchmark/fake/jimeng/c8e6c4ce3f492defae8075de1d64f4c0e10cf8afae9a3e18f68336e00a3e7707.mp4,0,1,0.21613769699156032,0.7838623030084396,0.5677246060168792,1427,3,719.476230442524,FAKE
/workspace/data/genbuster-mini/extracted/GenBuster-200K-mini/benchmark/fake/jimeng/c3b6e3d062d81c50c45b85691d678152bf229accc2486c0a86151113750ca589.mp4,0,1,0.22090228313401045,0.7790977168659896,0.5581954337319792,1427,3,721.4591205120087,FAKE
/workspace/data/genbuster-mini/extracted/GenBuster-200K-mini/benchmark/fake/jimeng/c3779bb4c5a0a7ff3eadb4c7219809a3bcf3d07c38cb048f0b38a8b9de3e58e3.mp4,1,0,0.9511248901599365,0.04887510984006353,0.902249780319873,1427,2,691.3175880908966,REAL
/workspace/data/genbuster-mini/extracted/GenBuster-200K-mini/benchmark/fake/jimeng/c2b1003797a0e97523360fec1be3d2405ea1cd1ec30ab7c36c919605b9686daf.mp4,1,1,0.9219218348550491,0.07807816514495095,0.8438436697100982,1427,3,719.0744802355766,FAKE
/workspace/data/genbuster-mini/extracted/GenBuster-200K-mini/benchmark/fake/jimeng/be894cc6ae5ad5463f6034616f75136c7a4227b6eac768311cc9996f15c2ef29.mp4,1,1,0.7772998611746911,0.22270013882530884,0.5545997223493823,1427,3,736.2159565091133,FAKE
/workspace/data/genbuster-mini/extracted/GenBuster-200K-mini/benchmark/fake/jimeng/bbc1483fdb48682c41a3ada5558ab6c5f8d7106ab43fd99f0cf2924697dbf519.mp4,1,1,0.7718434978390747,0.22815650216092537,0.5436869956781494,1427,3,730.6407019495964,FAKE
/workspace/data/genbuster-mini/extracted/GenBuster-200K-mini/benchmark/fake/jimeng/bb9101eabe0e0319927ed5fdd102fe19903f2c112f08a91db7826c2fa27a6f47.mp4,1,0,0.9909347093984223,0.009065290601577807,0.9818694187968445,1427,2,685.8792901039124,REAL
/workspace/data/genbuster-mini/extracted/GenBuster-200K-mini/benchmark/fake/jimeng/b62ef8a07156b9b49ef7efa6ec95fbff4549f92a3d8adb315eda3d8be41ea206.mp4,0,1,0.24736369808153616,0.7526363019184639,0.5052726038369277,1427,3,727.0474135875702,FAKE
/workspace/data/genbuster-mini/extracted/GenBuster-200K-mini/benchmark/fake/jimeng/b36f5b0392f05a7488ac2ab5e4395e34570d366969988c793df2e0e2e75e82d4.mp4,0,1,0.20910038585673282,0.790899614143267,0.5817992282865342,1427,3,719.8334410786629,FAKE
/workspace/data/genbuster-mini/extracted/GenBuster-200K-mini/benchmark/fake/jimeng/b1f26350f01d8949d93de6c7257d7a8a04e112e2359a626e50deeca2e1385cab.mp4,0,1,0.23091993229789326,0.7690800677021067,0.5381601354042134,1427,3,734.309509396553,FAKE
/workspace/data/genbuster-mini/extracted/GenBuster-200K-mini/benchmark/fake/jimeng/aad70c907166b2e9d8e762140c833143ecd080a81b0fd14c96d4e242e77b3af5.mp4,1,1,0.8104789086703224,0.18952109132967757,0.6209578173406448,1427,3,727.1496579051018,FAKE
/workspace/data/genbuster-mini/extracted/GenBuster-200K-mini/benchmark/fake/jimeng/a8253b57e643cd2dfa657564564b6b1e38273d115817522b820092ae5d889ec9.mp4,1,0,0.9904687313245599,0.009531268675440073,0.9809374626491199,1427,2,689.9090334773064,REAL
/workspace/data/genbuster-mini/extracted/GenBuster-200K-mini/benchmark/fake/jimeng/a76c42ed486f31b217b2e8ab54c29bd8f2f91c5fc1299d196a53e039099cff67.mp4,1,1,0.8056321889812553,0.19436781101874467,0.6112643779625107,1427,3,719.9259251356125,FAKE
/workspace/data/genbuster-mini/extracted/GenBuster-200K-mini/benchmark/fake/jimeng/a2305b8eab3bf8afc7c149f0aefde113b003111f070148ddbf5cbfbf5ae255e5.mp4,1,1,0.8558511469672594,0.14414885303274058,0.7117022939345188,1427,3,720.0122326612473,FAKE
/workspace/data/genbuster-mini/extracted/GenBuster-200K-mini/benchmark/fake/jimeng/9e8d07d1b75768730021968b9645fb8b3885932e851009a51f16b1eb44a26859.mp4,1,0,0.9941433301349847,0.005856669865015262,0.9882866602699695,1427,2,697.4969729781151,REAL
/workspace/data/genbuster-mini/extracted/GenBuster-200K-mini/benchmark/fake/jimeng/933df887f4326633d29253712fe4cff06982d09e604207888bf86d8b84e44897.mp4,1,1,0.8807970779778823,0.11920292202211755,0.7615941559557647,1427,3,718.6825647950172,FAKE
/workspace/data/genbuster-mini/extracted/GenBuster-200K-mini/benchmark/fake/jimeng/8d499c58ab6c201db0a3852ae26c7cfa0a27c8121275a28fab4dd9f6c3483490.mp4,1,0,0.9917270602856634,0.008272939714336548,0.9834541205713269,1427,2,687.3945742845535,REAL
/workspace/data/genbuster-mini/extracted/GenBuster-200K-mini/benchmark/fake/jimeng/84c416ae9f5aedaff7dc443846d87070e5e26ce83afd092a28c02718db64baa6.mp4,0,1,0.18969268719177962,0.8103073128082204,0.6206146256164409,1427,3,723.3416587114334,FAKE
/workspace/data/genbuster-mini/extracted/GenBuster-200K-mini/benchmark/fake/jimeng/83a08841426157d7a1fd7745fbe1f4c8181ffe8a10f0b8d7e48e301365da8863.mp4,0,1,0.20193322791544194,0.7980667720845581,0.5961335441691162,1427,3,726.3103723526001,FAKE
/workspace/data/genbuster-mini/extracted/GenBuster-200K-mini/benchmark/fake/jimeng/808733f341991ceaf2d8b7bfc829146cfcc5bb4d59edf26362d1befb83f6d279.mp4,0,1,0.21714778136249963,0.7828522186375003,0.5657044372750006,1427,3,735.5238497257233,FAKE
/workspace/data/genbuster-mini/extracted/GenBuster-200K-mini/benchmark/fake/jimeng/7f5f6e571cf44771b7b06bf62d92b2eb2f96299566bd18903f50f77792bdd82c.mp4,1,1,0.9136765234137297,0.08632347658627028,0.8273530468274595,1427,3,720.294788479805,FAKE
/workspace/data/genbuster-mini/extracted/GenBuster-200K-mini/benchmark/fake/jimeng/7da01570fb1443e7e492a148d5172a0b4e229a6ef35fef3f8da357494afa9edd.mp4,0,1,0.23962048442478562,0.7603795155752143,0.5207590311504287,1427,3,725.5573496222496,FAKE
/workspace/data/genbuster-mini/extracted/GenBuster-200K-mini/benchmark/fake/jimeng/7d5485a901c41e071dd3bdf74bda6c132b9578c547a2b9ed775513f904ed8865.mp4,1,0,0.9807569597579305,0.01924304024206943,0.9615139195158611,1427,2,686.008483171463,REAL
/workspace/data/genbuster-mini/extracted/GenBuster-200K-mini/benchmark/fake/jimeng/782aa746a857e94de5900a3fce574c83475a3f2e1b85e2d66a47007a5f0fc645.mp4,1,1,0.9294404038127071,0.07055959618729296,0.8588808076254142,1427,3,723.4481424093246,FAKE
/workspace/data/genbuster-mini/extracted/GenBuster-200K-mini/benchmark/fake/jimeng/73f0686a649a63cbcae8a00ba5aa8dc35f5f20637c81eb1ad3cd8cefe76a181a.mp4,0,1,0.20500819869018236,0.7949918013098177,0.5899836026196353,1427,3,723.0421155691147,FAKE
/workspace/data/genbuster-mini/extracted/GenBuster-200K-mini/benchmark/fake/jimeng/6fba842c43435900b415124fb6023dfc232b14cd8ad5183f7cf7fa83e1f12c27.mp4,0,1,0.2241202839647308,0.7758797160352692,0.5517594320705383,1427,3,720.1131731271744,FAKE
/workspace/data/genbuster-mini/extracted/GenBuster-200K-mini/benchmark/fake/jimeng/6ed3ec0a9a7025c02852e643d522229857c815ea994dd7c06fa1016c233ebf1d.mp4,1,1,0.8104789086703224,0.18952109132967757,0.6209578173406448,1427,3,719.3058654665947,FAKE
/workspace/data/genbuster-mini/extracted/GenBuster-200K-mini/benchmark/fake/jimeng/6df5ce71b7cb02689c018173374662a6c051091431bce60e5621cccc3204261a.mp4,0,1,0.21294050574365267,0.7870594942563474,0.5741189885126947,1427,3,726.030595600605,FAKE
/workspace/data/genbuster-mini/extracted/GenBuster-200K-mini/benchmark/fake/jimeng/6c4224b0310f46574a904ed30bb267d6cc53ceece91f1b9378b9ba3a9701b100.mp4,0,1,0.19297355180872586,0.8070264481912741,0.6140528963825482,1427,3,719.73517537117,FAKE
/workspace/data/genbuster-mini/extracted/GenBuster-200K-mini/benchmark/fake/jimeng/6c102dbf66f88aa414fc92badfae6df0c324f8c66a7a1f6d182bbb3d7af5640f.mp4,0,1,0.22353857590359275,0.7764614240964072,0.5529228481928145,1427,3,722.007229924202,FAKE
/workspace/data/genbuster-mini/extracted/GenBuster-200K-mini/benchmark/fake/jimeng/69ea5150d83ac0d3881a1acdcd748585e688eda94ecdbdf82f00629244f4eefb.mp4,1,0,0.9935404376515682,0.006459562348431845,0.9870808753031364,1427,2,710.5581685900688,REAL
/workspace/data/genbuster-mini/extracted/GenBuster-200K-mini/benchmark/fake/jimeng/63f0dcd110e9d12d33ab0c4d95a62a3c1d9fa65d83ef87ca7fc94744e0a0e37f.mp4,1,1,0.7577943712746406,0.24220562872535945,0.5155887425492811,1427,3,718.2854637503624,FAKE
/workspace/data/genbuster-mini/extracted/GenBuster-200K-mini/benchmark/fake/jimeng/604c10488f9e45532923a1b18c53a4fc9406f584e86a52e272fad4769e28afb7.mp4,1,1,0.746138993030751,0.25386100696924885,0.4922779860615022,1427,3,720.656581223011,FAKE
/workspace/data/genbuster-mini/extracted/GenBuster-200K-mini/benchmark/fake/jimeng/5da8020828498ef51f91e9ddf1fe1eb673f89c7435c824c321ea230deb563a0d.mp4,1,1,0.9314625069680097,0.06853749303199023,0.8629250139360195,1427,3,718.9865037798882,FAKE
/workspace/data/genbuster-mini/extracted/GenBuster-200K-mini/benchmark/fake/jimeng/5b9e0e8a4527d8342bf840b1b4d4fe79548e64d1f456f4ba76be78295f9b8e59.mp4,0,1,0.17027141078062352,0.8297285892193764,0.6594571784387528,1427,3,722.8509783744812,FAKE
/workspace/data/genbuster-mini/extracted/GenBuster-200K-mini/benchmark/fake/jimeng/59f436115d102a28289ebaf2341da61d8b87d53ee52695da380f6c518fd31485.mp4,1,0,0.9860647474074279,0.0139352525925721,0.9721294948148558,1427,2,691.264271736145,REAL
/workspace/data/genbuster-mini/extracted/GenBuster-200K-mini/benchmark/fake/jimeng/57c23c2182aa3a073946df6de6b65318e5ecd88fc60f25c19dada689d7b240f9.mp4,0,1,0.24965638409001953,0.7503436159099806,0.500687231819961,1427,3,727.6530265808105,FAKE
/workspace/data/genbuster-mini/extracted/GenBuster-200K-mini/benchmark/fake/jimeng/5505fb0e524c8b2107c5605c7b45a4bda4c6de1c9df7ee3c7742b671a84516ff.mp4,0,1,0.19471764251785664,0.8052823574821433,0.6105647149642867,1427,3,717.549093067646,FAKE
/workspace/data/genbuster-mini/extracted/GenBuster-200K-mini/benchmark/fake/jimeng/50b03734f16a8822bae9f18e6959afd158d6b2f34d1177f4c0b326ba5ea7c8d9.mp4,0,1,0.1730751779233736,0.8269248220766263,0.6538496441532528,1427,3,718.7452167272568,FAKE
/workspace/data/genbuster-mini/extracted/GenBuster-200K-mini/benchmark/fake/jimeng/5055f97b7f753de0bf550a8774b54eea6f68eef9c47c34737e164292bad3fdb6.mp4,1,1,0.8688267762381844,0.13117322376181567,0.7376535524763688,1427,3,734.5056086778641,FAKE
/workspace/data/genbuster-mini/extracted/GenBuster-200K-mini/benchmark/fake/jimeng/4f761c6b877a73283c8fede71f05c281660f3978b7d3ccf33bfa4348090b63f8.mp4,0,1,0.24965638409001953,0.7503436159099806,0.500687231819961,1427,3,718.6364829540253,FAKE
/workspace/data/genbuster-mini/extracted/GenBuster-200K-mini/benchmark/fake/jimeng/4dc0d19e88692db6450f218b757fd8980e76eaff7e3d6bd44ea4fe0f1f02d851.mp4,0,1,0.1944844681060282,0.8055155318939717,0.6110310637879435,1427,3,718.2698398828506,FAKE
/workspace/data/genbuster-mini/extracted/GenBuster-200K-mini/benchmark/fake/jimeng/4b819771b29f71dfd0b0cf3fb23bd185eaa36bcce201eadcda400a4a2215f6f5.mp4,0,1,0.23078768188183596,0.7692123181181639,0.538424636236328,1427,3,719.2926928400993,FAKE
/workspace/data/genbuster-mini/extracted/GenBuster-200K-mini/benchmark/fake/jimeng/452b4a1c376e0826db86a7756a1b88838b4e5738a7ac5d8375ea85a15b051dd1.mp4,0,1,0.2206463441452043,0.7793536558547958,0.5587073117095915,1427,3,727.2004336118698,FAKE
/workspace/data/genbuster-mini/extracted/GenBuster-200K-mini/benchmark/fake/jimeng/445eee940d98351e5106a7f69b086d92088f9de88b1daa8fdd7828a03b72e300.mp4,1,0,0.9630058691460128,0.036994130853987305,0.9260117382920255,1427,2,689.144916832447,REAL
/workspace/data/genbuster-mini/extracted/GenBuster-200K-mini/benchmark/fake/jimeng/434f3579b481a85d03a538a46633cb00e2462f1163db6a51e47c8aa4314621f0.mp4,1,0,0.9923185410180878,0.00768145898191209,0.9846370820361757,1427,2,692.1837255358696,REAL
/workspace/data/genbuster-mini/extracted/GenBuster-200K-mini/benchmark/fake/jimeng/4216bfb0057645623ebb50f4e5deeee14b110d3109fc0a03bc953cd4730befa4.mp4,1,0,0.9932425338066294,0.006757466193370512,0.9864850676132589,1427,2,686.105988919735,REAL
/workspace/data/genbuster-mini/extracted/GenBuster-200K-mini/benchmark/fake/jimeng/41a2030fe918c12d950ab9158767ddad585562d06dbda6515552855a6b62bb61.mp4,1,1,0.9802808718926534,0.01971912810734659,0.9605617437853069,1427,3,717.3230424523354,FAKE
/workspace/data/genbuster-mini/extracted/GenBuster-200K-mini/benchmark/fake/jimeng/3cf462914b5394549ed94ba0cf064787c68265c024d2f78c2e2a05cead1cba9c.mp4,0,1,0.19460102882614008,0.8053989711738598,0.6107979423477198,1427,3,720.0115993618965,FAKE
/workspace/data/genbuster-mini/extracted/GenBuster-200K-mini/benchmark/fake/jimeng/3b5bafb9ecb9d7ee75dc701ae608feaae777a22e3d2d9ef5918ba8e2c633e1bd.mp4,1,1,0.8333245953120233,0.16667540468797667,0.6666491906240466,1427,3,720.8408415317535,FAKE
/workspace/data/genbuster-mini/extracted/GenBuster-200K-mini/benchmark/fake/jimeng/3a0adec6c932adc6d5a28dba6944259c9dd1b405e46497bfd461746eeb522be6.mp4,0,1,0.23012807008824965,0.7698719299117504,0.5397438598235007,1427,3,724.7499227523804,FAKE
/workspace/data/genbuster-mini/extracted/GenBuster-200K-mini/benchmark/fake/jimeng/39fba3880c6d0abe6ddfa840dba94203f257f0f38ab82202c4c4681588f7864a.mp4,1,0,0.9265065932488223,0.07349340675117766,0.8530131864976447,1427,2,685.4363828897476,REAL
/workspace/data/genbuster-mini/extracted/GenBuster-200K-mini/benchmark/fake/jimeng/383b92918261cf60c6ded74ba534d200bfe5c8d4f84c6e35990236a886070447.mp4,0,1,0.19101137403192867,0.8089886259680713,0.6179772519361426,1427,3,719.555638730526,FAKE
/workspace/data/genbuster-mini/extracted/GenBuster-200K-mini/benchmark/fake/jimeng/38227620d46dfe75c8d484e1e528a562c0a071acd5cd9923a2db6e6a7993a449.mp4,1,1,0.8962513731336202,0.10374862686637971,0.7925027462672405,1427,3,720.6053882837296,FAKE
/workspace/data/genbuster-mini/extracted/GenBuster-200K-mini/benchmark/fake/jimeng/381380836cc0ef2d776e6edb4230823aa2b5bd94f7dfec64afcdf01dcf191a11.mp4,0,1,0.17446397729661112,0.8255360227033889,0.6510720454067778,1427,3,723.807193338871,FAKE
/workspace/data/genbuster-mini/extracted/GenBuster-200K-mini/benchmark/fake/jimeng/37bfe42a7a39843efef79a71e42c6a1dcf92d62340fca3a796e6212049ba186a.mp4,0,1,0.16781541565830665,0.8321845843416933,0.6643691686833866,1427,3,724.0209951996803,FAKE
/workspace/data/genbuster-mini/extracted/GenBuster-200K-mini/benchmark/fake/jimeng/3787acd350a92c3dcbee1eb1e85b0165f11e89c7c535906be53934851070c164.mp4,0,1,0.24736369808153616,0.7526363019184639,0.5052726038369277,1427,3,721.6514423489571,FAKE
/workspace/data/genbuster-mini/extracted/GenBuster-200K-mini/benchmark/fake/jimeng/33b0718ff78e35349b176a5cd8990723c080c74716482acacf606885aab6db06.mp4,0,1,0.21425279243708537,0.7857472075629147,0.5714944151258293,1427,3,736.1370250582695,FAKE
/workspace/data/genbuster-mini/extracted/GenBuster-200K-mini/benchmark/fake/jimeng/32089f1eb79294de177d99ba2173687612b8c8f8807a8c44636b26587f36c194.mp4,0,1,0.2394849764325643,0.7605150235674356,0.5210300471348713,1427,3,721.0782244801521,FAKE
/workspace/data/genbuster-mini/extracted/GenBuster-200K-mini/benchmark/fake/jimeng/3014aa683fb320cfb2fcc87a9d1b9cd3a3efd8a156e9c85ac241c8ca0196e02c.mp4,0,1,0.1947759692292654,0.8052240307707347,0.6104480615414692,1427,3,722.661629319191,FAKE
/workspace/data/genbuster-mini/extracted/GenBuster-200K-mini/benchmark/fake/jimeng/2f06ed93437c1240fdb4d5bc599b0f8ce8d6781d26583b69e0e75017014788e3.mp4,1,0,0.9718604992192806,0.02813950078071935,0.9437209984385613,1427,2,686.3639503717422,REAL
/workspace/data/genbuster-mini/extracted/GenBuster-200K-mini/benchmark/fake/jimeng/2b110b3e51a2e0e695cef692740cf6526ffe1dcbaf3df22b5004b0e278e5ae89.mp4,0,1,0.20097559363689052,0.7990244063631095,0.5980488127262189,1427,3,721.3618084788322,FAKE
/workspace/data/genbuster-mini/extracted/GenBuster-200K-mini/benchmark/fake/jimeng/297a80e2c76011e5454b83cda6fec8343c28d43e37d8ba7e962454c12b72dca1.mp4,0,1,0.19384418180971372,0.8061558181902863,0.6123116363805725,1427,3,719.0578281879425,FAKE
/workspace/data/genbuster-mini/extracted/GenBuster-200K-mini/benchmark/fake/jimeng/259ffcdc34b8683ce9086ec6bfc6a22749dba4ddc460f6e89713a76a00aa6713.mp4,1,1,0.9263037302939515,0.07369626970604846,0.852607460587903,1427,3,729.0533035993576,FAKE
/workspace/data/genbuster-mini/extracted/GenBuster-200K-mini/benchmark/fake/jimeng/24b095caaef3dd37dfcf2965c43e89315254e6debd1463e6ab5925a973e9f1c7.mp4,1,1,0.8902942261220291,0.10970577387797074,0.7805884522440584,1427,3,721.6038480401039,FAKE
/workspace/data/genbuster-mini/extracted/GenBuster-200K-mini/benchmark/fake/jimeng/21477cbb4c7effe8fcfeff9b2f3eb17d1a032cccc980dd6404a446678dc8f5ef.mp4,1,0,0.9921116511782231,0.0078883488217769,0.9842233023564462,1427,2,695.5957114696503,REAL
/workspace/data/genbuster-mini/extracted/GenBuster-200K-mini/benchmark/fake/jimeng/1f330209594ff388a72fd1aea7ff4e0fc3f9f536f56d6a8f3c1c66f6a7176659.mp4,1,0,0.90684181752104,0.09315818247895993,0.8136836350420801,1427,2,690.972350537777,REAL
/workspace/data/genbuster-mini/extracted/GenBuster-200K-mini/benchmark/fake/jimeng/1989261166affba5ae66c5692020ab29f953b7299d88151c27e2743a33dbda21.mp4,1,1,0.8438951025545426,0.1561048974454574,0.6877902051090852,1427,3,717.0211747288704,FAKE
/workspace/data/genbuster-mini/extracted/GenBuster-200K-mini/benchmark/fake/jimeng/1851bb941f27051768d5c84ff70c1338159e7c697765871909004a7dd518d6d4.mp4,0,1,0.2156967657426003,0.7843032342573997,0.5686064685147993,1427,3,718.4949219226837,FAKE
/workspace/data/genbuster-mini/extracted/GenBuster-200K-mini/benchmark/fake/jimeng/184cf1fa59774a9aa6c40cef001b863170c3bc6816debc074f5620c9f086d4d1.mp4,1,0,0.9907251450974605,0.009274854902539535,0.9814502901949209,1427,2,695.3468173742294,REAL
/workspace/data/genbuster-mini/extracted/GenBuster-200K-mini/benchmark/fake/jimeng/151c525ee54aed1d70e9f6bed2c0bf94c3592bfcc31e0e35c3895b344aea0013.mp4,0,1,0.22483268433185682,0.7751673156681432,0.5503346313362865,1427,3,723.3522236347198,FAKE
/workspace/data/genbuster-mini/extracted/GenBuster-200K-mini/benchmark/fake/jimeng/147eac2f8b0030d89b12b40f242ba4a6980e72d3df29b8ad5cd77a2a55af5755.mp4,0,1,0.17569975360902504,0.824300246390975,0.64860049278195,1427,3,727.4980843067169,FAKE
/workspace/data/genbuster-mini/extracted/GenBuster-200K-mini/benchmark/fake/jimeng/140c3558f9b8cb285269dfe4c9e7a8c1413dff79a03862da1d358611949cff9b.mp4,1,1,0.9073122213606241,0.09268777863937604,0.814624442721248,1427,3,724.7702032327652,FAKE
/workspace/data/genbuster-mini/extracted/GenBuster-200K-mini/benchmark/fake/jimeng/0c23e6f308b303d2de8782bca3c9ad6ffe6bfc8dc6a001beaa5fe2b6b948f1c7.mp4,1,0,0.9915200265730869,0.008479973426913125,0.9830400531461738,1427,2,683.4457367658615,REAL
/workspace/data/genbuster-mini/extracted/GenBuster-200K-mini/benchmark/fake/jimeng/097122128c7b74f67a1344721c344605922092dccc662c2df90fb42a865e78c6.mp4,0,1,0.23091993229789326,0.7690800677021067,0.5381601354042134,1427,3,720.9777981042862,FAKE
/workspace/data/genbuster-mini/extracted/GenBuster-200K-mini/benchmark/fake/jimeng/05823f2de0628aebc4a4485007c6ef8e54dbcec4aa530b986bbba980c5d44574.mp4,0,1,0.1882672782897837,0.8117327217102163,0.6234654434204325,1427,3,733.5842996835709,FAKE
/workspace/data/genbuster-mini/extracted/GenBuster-200K-mini/benchmark/fake/jimeng/030de55edb976973f48a7a8420fbc7626f953c1712b9af707caafc170633f414.mp4,1,1,0.8652240825770433,0.1347759174229568,0.7304481651540865,1427,3,721.5783670544624,FAKE
/workspace/data/genbuster-mini/extracted/GenBuster-200K-mini/benchmark/fake/jimeng/01731692add2acebba4b0cc6a905a10d95e4a73661bcbb804964e0f69431cd86.mp4,1,0,0.9877407112990674,0.012259288700932656,0.9754814225981348,1427,2,684.8766505718231,REAL
/workspace/data/genbuster-mini/extracted/GenBuster-200K-mini/benchmark/fake/jimeng/0044083bdb2695fd93327da0cea6b633108154e081ef96b508b826c7aaf538b8.mp4,0,1,0.19990251355393993,0.80009748644606,0.6001949728921201,1427,3,717.4706608057022,FAKE
/workspace/data/genbuster-mini/extracted/GenBuster-200K-mini/benchmark/fake/gen3/ff4157290aaa72b49db080be9dc936f5ee1256f5a1afdf3f9b45de48bcd56d0c.mp4,1,0,0.9948145295525954,0.0051854704474045415,0.9896290591051908,1427,2,693.2614669203758,REAL
/workspace/data/genbuster-mini/extracted/GenBuster-200K-mini/benchmark/fake/gen3/ff18a850dd3298713bd01550b581d1228ec24ccf5357dce29185054b6427992c.mp4,1,0,0.993341683455413,0.006658316544587077,0.9866833669108259,1427,2,684.898391366005,REAL
/workspace/data/genbuster-mini/extracted/GenBuster-200K-mini/benchmark/fake/gen3/fed5f23873eb6fb1446a563b26bdfa144ed077a246255d63213a0046a7ab700a.mp4,1,0,0.993341683455413,0.006658316544587077,0.9866833669108259,1427,2,698.9161595702171,REAL
/workspace/data/genbuster-mini/extracted/GenBuster-200K-mini/benchmark/fake/gen3/fe85bec62a20a5d55e4213487a8579a9acd711a226d34d1d81b69bccad287f0a.mp4,1,0,0.993341683455413,0.006658316544587077,0.9866833669108259,1427,2,687.2170716524124,REAL
/workspace/data/genbuster-mini/extracted/GenBuster-200K-mini/benchmark/fake/gen3/fceec3b99b3218190967ba598186cac4ab332dbfdc9e1a039af52d6f34407031.mp4,1,0,0.993341683455413,0.006658316544587077,0.9866833669108259,1427,2,689.6131113171577,REAL
/workspace/data/genbuster-mini/extracted/GenBuster-200K-mini/benchmark/fake/gen3/f70eef3d4fdf33a7fb46f86449b6a87b250c08040bcae1f0d8a9f89c85c5ff03.mp4,1,0,0.993341683455413,0.006658316544587077,0.9866833669108259,1427,2,686.8013739585876,REAL
/workspace/data/genbuster-mini/extracted/GenBuster-200K-mini/benchmark/fake/gen3/f557cc42e47d22f008726db8146332734b2cc9aeb1214359edf0d175e8383b0b.mp4,1,0,0.993341683455413,0.006658316544587077,0.9866833669108259,1427,2,684.3099668622017,REAL
/workspace/data/genbuster-mini/extracted/GenBuster-200K-mini/benchmark/fake/gen3/f4372e6da83e58641b8955160603bde952f298243390810e549e8940853d25fd.mp4,1,0,0.993341683455413,0.006658316544587077,0.9866833669108259,1427,2,684.8905757069588,REAL
/workspace/data/genbuster-mini/extracted/GenBuster-200K-mini/benchmark/fake/gen3/ecd7e2648800cc0e0e268ab3206a8a5c339de9550b3fa94705973b5a963e470f.mp4,1,0,0.993341683455413,0.006658316544587077,0.9866833669108259,1427,2,683.6603209376335,REAL
/workspace/data/genbuster-mini/extracted/GenBuster-200K-mini/benchmark/fake/gen3/ebe47c7089b96e321bdb25669c79a5c9a84ee9221a15ef33114b456e1b5a8453.mp4,1,0,0.993341683455413,0.006658316544587077,0.9866833669108259,1427,2,683.8680058717728,REAL
/workspace/data/genbuster-mini/extracted/GenBuster-200K-mini/benchmark/fake/gen3/e984e97a2eb6f7660d61c71283f2fc71237d89dbb887b8700a140e299fc258bf.mp4,1,0,0.993341683455413,0.006658316544587077,0.9866833669108259,1427,2,687.9902556538582,REAL
/workspace/data/genbuster-mini/extracted/GenBuster-200K-mini/benchmark/fake/gen3/e94d29ef031268a050f4072cc399bd9a4c0797c45b1bcfae1219f4b12fcdbf49.mp4,0,1,0.26791869640015104,0.732081303599849,0.464162607199698,1427,3,718.3688580989838,FAKE
/workspace/data/genbuster-mini/extracted/GenBuster-200K-mini/benchmark/fake/gen3/e7641b8493feff20abcfb453bd3e0eeb4eca8d467b0a905e2824c6fe5c5f02ae.mp4,1,0,0.993341683455413,0.006658316544587077,0.9866833669108259,1427,2,685.48484146595,REAL
/workspace/data/genbuster-mini/extracted/GenBuster-200K-mini/benchmark/fake/gen3/de66a001d3bdc0159a6b867c7df1a3fe7767797d77f44ef9c6173159e2049fed.mp4,1,0,0.993341683455413,0.006658316544587077,0.9866833669108259,1427,2,693.7487423419952,REAL
/workspace/data/genbuster-mini/extracted/GenBuster-200K-mini/benchmark/fake/gen3/dd1c41b751aafd6d47245dd0f9e2e6cb49edf8a9062c3fb70752e384a7a0b1e0.mp4,1,0,0.993341683455413,0.006658316544587077,0.9866833669108259,1427,2,684.4619363546371,REAL
/workspace/data/genbuster-mini/extracted/GenBuster-200K-mini/benchmark/fake/gen3/d06dd9222c8f6354433a0269635307930ad2aad1c08760647bec6e1a7b13842c.mp4,1,0,0.993341683455413,0.006658316544587077,0.9866833669108259,1427,2,696.5576708316803,REAL
/workspace/data/genbuster-mini/extracted/GenBuster-200K-mini/benchmark/fake/gen3/c8c452483abf8639135abd039291fecf9e90bc27f7d057ecacde1ccce5fbd7fe.mp4,1,0,0.993341683455413,0.006658316544587077,0.9866833669108259,1427,2,686.083197593689,REAL
/workspace/data/genbuster-mini/extracted/GenBuster-200K-mini/benchmark/fake/gen3/c7db72810e3caa4ddc1c72d4637cd3e9259c50e83008f497964e7b4b3c4e3b82.mp4,1,0,0.993341683455413,0.006658316544587077,0.9866833669108259,1427,2,685.7742816209793,REAL
/workspace/data/genbuster-mini/extracted/GenBuster-200K-mini/benchmark/fake/gen3/c314cd4cd5fc8f1b6a8e7f42d448435f2abeadbd611472856073a92e5492f61a.mp4,1,0,0.993341683455413,0.006658316544587077,0.9866833669108259,1427,2,683.7324872612953,REAL
/workspace/data/genbuster-mini/extracted/GenBuster-200K-mini/benchmark/fake/gen3/bf56109c2ca2560e21d5f92718257bb4ac244f8b767e9d48924b3869bb99642b.mp4,0,1,0.25882530533567066,0.7411746946643294,0.48234938932865873,1427,3,728.2038033008575,FAKE
/workspace/data/genbuster-mini/extracted/GenBuster-200K-mini/benchmark/fake/gen3/bb73e8593da775e2b947bf4cc78749f42f5138fd832eca3c73b861fe86243ad9.mp4,1,0,0.993341683455413,0.006658316544587077,0.9866833669108259,1427,2,689.1200765967369,REAL
/workspace/data/genbuster-mini/extracted/GenBuster-200K-mini/benchmark/fake/gen3/b6cc887f725f7b5d00d0e9c06ab9cf338e80b1bd444a9d352201ad7ed840b5dc.mp4,1,0,0.993341683455413,0.006658316544587077,0.9866833669108259,1427,2,690.9186244010925,REAL
/workspace/data/genbuster-mini/extracted/GenBuster-200K-mini/benchmark/fake/gen3/b5b117e22436cce16f1063e3c96e7df8a6562915a12db4ee8ff9780fae11f2e0.mp4,0,1,0.25463709805573287,0.7453629019442671,0.49072580388853426,1427,3,719.9632674455643,FAKE
/workspace/data/genbuster-mini/extracted/GenBuster-200K-mini/benchmark/fake/gen3/b4a75d74ce2d9dd7d64511bf057f929cb444fe08dd5bb21c1b4b00c62468cb89.mp4,0,1,0.2937517881301375,0.7062482118698625,0.412496423739725,1427,3,718.3547094464302,FAKE
/workspace/data/genbuster-mini/extracted/GenBuster-200K-mini/benchmark/fake/gen3/b22c92f44b5f996fe4adea133232a10b8d70a98a59b9a330519ce31e83dd702c.mp4,1,0,0.993341683455413,0.006658316544587077,0.9866833669108259,1427,2,684.3683421611786,REAL
/workspace/data/genbuster-mini/extracted/GenBuster-200K-mini/benchmark/fake/gen3/ad50afe904051d114748284677fe5be7d8393ebc6543cce0cb27105ea593e8ab.mp4,1,0,0.993341683455413,0.006658316544587077,0.9866833669108259,1427,2,687.2341558337212,REAL
/workspace/data/genbuster-mini/extracted/GenBuster-200K-mini/benchmark/fake/gen3/abb547b50262b95c1346113ff77d0afd3c1512529a42270d58e04ee5d6c2da6d.mp4,1,0,0.993341683455413,0.006658316544587077,0.9866833669108259,1427,2,683.6163997650146,REAL
/workspace/data/genbuster-mini/extracted/GenBuster-200K-mini/benchmark/fake/gen3/ab6830fdc33ce439214feeadda58e16e035b301cddcc5522cd7f75c2ef203840.mp4,1,0,0.993341683455413,0.006658316544587077,0.9866833669108259,1427,2,685.2299049496651,REAL
/workspace/data/genbuster-mini/extracted/GenBuster-200K-mini/benchmark/fake/gen3/a756de852fc1747ad1b248facf24c40ce61887de3da126ecfbed5855d9cbcafd.mp4,1,0,0.9949695459511576,0.005030454048842329,0.9899390919023153,1427,2,691.751204431057,REAL
/workspace/data/genbuster-mini/extracted/GenBuster-200K-mini/benchmark/fake/gen3/a730ff4fafe84e825ba1034060e4b6237de342b948ab20eaf8b7d711c0abe926.mp4,1,0,0.993341683455413,0.006658316544587077,0.9866833669108259,1427,2,685.0710138678551,REAL
/workspace/data/genbuster-mini/extracted/GenBuster-200K-mini/benchmark/fake/gen3/a556f12df230a65444141a1f15e20ba16ec7e8ab92b1fe229f0b1e408d355a84.mp4,1,0,0.993341683455413,0.006658316544587077,0.9866833669108259,1427,2,783.9058414101601,REAL
/workspace/data/genbuster-mini/extracted/GenBuster-200K-mini/benchmark/fake/gen3/a4dfab0818e46ff1e11ccac2832230d51ba5fe4c93431c8013af747a4256641e.mp4,1,0,0.993341683455413,0.006658316544587077,0.9866833669108259,1427,2,684.6953332424164,REAL
/workspace/data/genbuster-mini/extracted/GenBuster-200K-mini/benchmark/fake/gen3/9ecab184a6b3388c1e486a1b818ecceadb9ea88db9a055702fa1494e658c5b03.mp4,1,0,0.993341683455413,0.006658316544587077,0.9866833669108259,1427,2,682.6707646250725,REAL
/workspace/data/genbuster-mini/extracted/GenBuster-200K-mini/benchmark/fake/gen3/9ac55a7bff05535c1abf41f2d425383d458a7e3ba10ff2f3d836b1d625bea43b.mp4,1,0,0.993341683455413,0.006658316544587077,0.9866833669108259,1427,2,692.527636885643,REAL
/workspace/data/genbuster-mini/extracted/GenBuster-200K-mini/benchmark/fake/gen3/91cad250035107c464156a1b54a9d71d1540512760022da70804af2275f49b33.mp4,0,1,0.25591001763928667,0.7440899823607133,0.48817996472142666,1427,3,724.246084690094,FAKE
/workspace/data/genbuster-mini/extracted/GenBuster-200K-mini/benchmark/fake/gen3/8d4512fd335090d9c7459872a73516c8e178ed19233151a6d88ea72c846ed1cd.mp4,0,1,0.28155624676293495,0.7184437532370651,0.43688750647413016,1427,3,722.9143753647804,FAKE
/workspace/data/genbuster-mini/extracted/GenBuster-200K-mini/benchmark/fake/gen3/8b8d096633b0e07714103541ecc9ea6c7309e29c1e10c684bf18e59da756a83e.mp4,1,0,0.9945569677904679,0.005443032209532172,0.9891139355809357,1427,2,684.801496565342,REAL
/workspace/data/genbuster-mini/extracted/GenBuster-200K-mini/benchmark/fake/gen3/89eee2bfc7f32f88c9395201f4f23ee05739be4415a1665893437622dc691893.mp4,0,1,0.2591823968050742,0.7408176031949258,0.48163520638985163,1427,3,748.0431571602821,FAKE
/workspace/data/genbuster-mini/extracted/GenBuster-200K-mini/benchmark/fake/gen3/866d39424c98294047d9e1dbb579cd41488a6977d6fb4d89d96ac79c139c4e75.mp4,0,1,0.26945380216929676,0.7305461978307032,0.4610923956614064,1427,3,719.8948413133621,FAKE
/workspace/data/genbuster-mini/extracted/GenBuster-200K-mini/benchmark/fake/gen3/844291787c8ed32700e1b2918dee3fea212610cb498065fad04cdf09521fabd4.mp4,1,0,0.993341683455413,0.006658316544587077,0.9866833669108259,1427,2,683.3947747945786,REAL
/workspace/data/genbuster-mini/extracted/GenBuster-200K-mini/benchmark/fake/gen3/80d2ea29075e6543c6085972c8c75730927fc09b32c7b4ceae8545ddd8aceeaf.mp4,1,0,0.993341683455413,0.006658316544587077,0.9866833669108259,1427,2,687.5506490468979,REAL
/workspace/data/genbuster-mini/extracted/GenBuster-200K-mini/benchmark/fake/gen3/7d2b5d5e5c8f3c87b2dd8c548669d8b33c31659c234e291c8e68a557b2a2cad3.mp4,1,0,0.993341683455413,0.006658316544587077,0.9866833669108259,1427,2,686.4164769649506,REAL
/workspace/data/genbuster-mini/extracted/GenBuster-200K-mini/benchmark/fake/gen3/7c6fb3654c579a96dbe393504db32e52ca6d0e3e4202d6518bdaa536fd6e04b3.mp4,1,0,0.993341683455413,0.006658316544587077,0.9866833669108259,1427,2,683.791883289814,REAL
/workspace/data/genbuster-mini/extracted/GenBuster-200K-mini/benchmark/fake/gen3/7be049f0021b7e73921792d0b56f225cff70b4abf5f3669226de0e344005c60d.mp4,1,0,0.993341683455413,0.006658316544587077,0.9866833669108259,1427,2,690.2867406606674,REAL
/workspace/data/genbuster-mini/extracted/GenBuster-200K-mini/benchmark/fake/gen3/788554ff21dea8ac2e41011f27d4777eda062e79137f535cf0aa76ac9efb502c.mp4,1,0,0.993341683455413,0.006658316544587077,0.9866833669108259,1427,2,681.9508671760559,REAL
/workspace/data/genbuster-mini/extracted/GenBuster-200K-mini/benchmark/fake/gen3/760b485163234a499691d32bce3cf673494c58e7c373fb324cb6cd53e803788b.mp4,1,0,0.993341683455413,0.006658316544587077,0.9866833669108259,1427,2,688.08663636446,REAL
/workspace/data/genbuster-mini/extracted/GenBuster-200K-mini/benchmark/fake/gen3/756687a6ce1711e756a29ef0274c997a68e86b531fdea11a11b5ad093adad4d3.mp4,1,0,0.993341683455413,0.006658316544587077,0.9866833669108259,1427,2,689.4277632236481,REAL
/workspace/data/genbuster-mini/extracted/GenBuster-200K-mini/benchmark/fake/gen3/74f281e0dedc3d1b4acc97788720265f58149d0015767d8cd8be2b4ef258c156.mp4,1,0,0.993341683455413,0.006658316544587077,0.9866833669108259,1427,2,688.0908235907555,REAL
/workspace/data/genbuster-mini/extracted/GenBuster-200K-mini/benchmark/fake/gen3/71e85262036b6ab49da3a4fd90f7c590de239ac9302351026baabf30274ab448.mp4,1,0,0.993341683455413,0.006658316544587077,0.9866833669108259,1427,2,686.8683025240898,REAL
/workspace/data/genbuster-mini/extracted/GenBuster-200K-mini/benchmark/fake/gen3/6ee3435fb97aa52fbf1bdfe548aec2a06d7d166c49ee811f3de63973cb77543f.mp4,0,1,0.26982021912825205,0.7301797808717481,0.460359561743496,1427,3,720.1256528496742,FAKE
/workspace/data/genbuster-mini/extracted/GenBuster-200K-mini/benchmark/fake/gen3/6e961c6bc3d29d1330d2ca2b586239fec121dcf9b971394a1cafac3ff49f76f6.mp4,0,1,0.26240968076998744,0.7375903192300125,0.47518063846002506,1427,3,722.1777364611626,FAKE
/workspace/data/genbuster-mini/extracted/GenBuster-200K-mini/benchmark/fake/gen3/6c8d22e3fd7da0ac00eca659de165689a495297908cd3b4377038ee48c46a805.mp4,1,0,0.993341683455413,0.006658316544587077,0.9866833669108259,1427,2,684.330016374588,REAL
/workspace/data/genbuster-mini/extracted/GenBuster-200K-mini/benchmark/fake/gen3/6c6b2381f45bafb6b74f2591b36363c1bbc58e9df7967bab34965a016e3abf36.mp4,1,0,0.993341683455413,0.006658316544587077,0.9866833669108259,1427,2,683.6673021316528,REAL
/workspace/data/genbuster-mini/extracted/GenBuster-200K-mini/benchmark/fake/gen3/641b442493431b543413ea682ffc37f56c47e33ba9a5a5f536c7ba503cbfb9a4.mp4,1,0,0.993341683455413,0.006658316544587077,0.9866833669108259,1427,2,684.7489923238754,REAL
/workspace/data/genbuster-mini/extracted/GenBuster-200K-mini/benchmark/fake/gen3/635b5d1b83389da71b877e8a40c9ea7a3ec690f2d1c33aa4755b88ea788e2dc3.mp4,1,0,0.993341683455413,0.006658316544587077,0.9866833669108259,1427,2,682.9942390322685,REAL
/workspace/data/genbuster-mini/extracted/GenBuster-200K-mini/benchmark/fake/gen3/5e33163606c9c95d4861b3e1d5a842ffec20db04119aedcadc11bce0df0ca0d3.mp4,1,0,0.993341683455413,0.006658316544587077,0.9866833669108259,1427,2,687.250442802906,REAL
/workspace/data/genbuster-mini/extracted/GenBuster-200K-mini/benchmark/fake/gen3/5dcab1c49845c88144a16d6766c7624eee072042252c7f7b87dd6ed79d42801e.mp4,0,1,0.24715602288811264,0.7528439771118873,0.5056879542237747,1427,3,722.2180962562561,FAKE
/workspace/data/genbuster-mini/extracted/GenBuster-200K-mini/benchmark/fake/gen3/5c1170fe1b67a72a65daf3e08054edc987221106107c10550bff1e2a21dc0756.mp4,1,0,0.993341683455413,0.006658316544587077,0.9866833669108259,1427,2,684.8611533641815,REAL
/workspace/data/genbuster-mini/extracted/GenBuster-200K-mini/benchmark/fake/gen3/5bde6adf54375d0a20efadd59c1c8bb17d5f433c64e04012701d54cad92ba94e.mp4,1,0,0.993341683455413,0.006658316544587077,0.9866833669108259,1427,2,689.883403480053,REAL
/workspace/data/genbuster-mini/extracted/GenBuster-200K-mini/benchmark/fake/gen3/5ad8df45f2d0e21c11db4fb0f904de98f8053f8a594f0eedfaa48f0a91733ca0.mp4,1,0,0.993341683455413,0.006658316544587077,0.9866833669108259,1427,2,684.3640878796577,REAL
/workspace/data/genbuster-mini/extracted/GenBuster-200K-mini/benchmark/fake/gen3/5423a62b7c97adbea2e72cb679aeaf4eeac46e3b1d7d57a170a676fd5dc6040d.mp4,1,0,0.993341683455413,0.006658316544587077,0.9866833669108259,1427,2,689.4441917538643,REAL
/workspace/data/genbuster-mini/extracted/GenBuster-200K-mini/benchmark/fake/gen3/53bdd09d28266a9854b7fc9758372dfad3901055e3de96661eb385e5422a4149.mp4,0,1,0.25669003588065537,0.7433099641193446,0.4866199282386892,1427,3,717.7198976278305,FAKE
/workspace/data/genbuster-mini/extracted/GenBuster-200K-mini/benchmark/fake/gen3/51b3222ac9c605dbeea963b0e8866bd8df4269a8d443a9ca2c0b32fb7a652bbe.mp4,0,1,0.2601120387809975,0.7398879612190025,0.479775922438005,1427,3,717.0335054397583,FAKE
/workspace/data/genbuster-mini/extracted/GenBuster-200K-mini/benchmark/fake/gen3/4f2468a71ab74b8d4c2a403e88414964d6578094f801ca43bc7a4dfab8203baa.mp4,1,0,0.993341683455413,0.006658316544587077,0.9866833669108259,1427,2,684.2718571424484,REAL
/workspace/data/genbuster-mini/extracted/GenBuster-200K-mini/benchmark/fake/gen3/4dfd82fa541c842ed624ba1795afdaa8801c59f0976c95fefa07b99073a985ec.mp4,1,0,0.993341683455413,0.006658316544587077,0.9866833669108259,1427,2,686.0945075750351,REAL
/workspace/data/genbuster-mini/extracted/GenBuster-200K-mini/benchmark/fake/gen3/4d528713b34777e06f2c4d10f38aec434cf54b04e35ce649ef0225408fb1361d.mp4,1,0,0.993341683455413,0.006658316544587077,0.9866833669108259,1427,2,700.9389027953148,REAL
/workspace/data/genbuster-mini/extracted/GenBuster-200K-mini/benchmark/fake/gen3/4cf9716f4ebe084fc4b4d9247f3c2a57636eb4b7dd7803fa471758de98854931.mp4,1,0,0.993341683455413,0.006658316544587077,0.9866833669108259,1427,2,683.4506317973137,REAL
/workspace/data/genbuster-mini/extracted/GenBuster-200K-mini/benchmark/fake/gen3/49dd1a92f982f7f4421d2839e5d0d5089c1dade0860eccd9c7c4ac8380ae78dc.mp4,1,0,0.993341683455413,0.006658316544587077,0.9866833669108259,1427,2,687.0251968502998,REAL
/workspace/data/genbuster-mini/extracted/GenBuster-200K-mini/benchmark/fake/gen3/480e6febf1d3816c601ca92180aeb6e47c0fb767a04a261bb6ea237061e32f51.mp4,1,0,0.993341683455413,0.006658316544587077,0.9866833669108259,1427,2,686.3164156675339,REAL
/workspace/data/genbuster-mini/extracted/GenBuster-200K-mini/benchmark/fake/gen3/474b38a57dbbd73f367df3b54b6d1a9e09969f9238cc0ccf8c96536b781e9790.mp4,1,0,0.993341683455413,0.006658316544587077,0.9866833669108259,1427,2,723.8284274935722,REAL
/workspace/data/genbuster-mini/extracted/GenBuster-200K-mini/benchmark/fake/gen3/466af592f2d0515a37efb263ac35b1ed4a19997c41e09a0b969279fb9d572f37.mp4,1,0,0.993341683455413,0.006658316544587077,0.9866833669108259,1427,2,698.6600831151009,REAL
/workspace/data/genbuster-mini/extracted/GenBuster-200K-mini/benchmark/fake/gen3/453b617bc759a97f70e21c260018ec9eb4e1e08b82451cb3e173b45c492725af.mp4,1,0,0.993341683455413,0.006658316544587077,0.9866833669108259,1427,2,685.8786195516586,REAL
/workspace/data/genbuster-mini/extracted/GenBuster-200K-mini/benchmark/fake/gen3/4468bed6b3eef3d52e60fdb68943f435eae6da67bf01b281bf1cca8e6af95a9c.mp4,1,0,0.993341683455413,0.006658316544587077,0.9866833669108259,1427,2,683.8325336575508,REAL
/workspace/data/genbuster-mini/extracted/GenBuster-200K-mini/benchmark/fake/gen3/38f7a9037c866438679da07dadc1a4e4102fce66dd7b62742e48cf68558559ae.mp4,1,0,0.993341683455413,0.006658316544587077,0.9866833669108259,1427,2,684.467688202858,REAL
/workspace/data/genbuster-mini/extracted/GenBuster-200K-mini/benchmark/fake/gen3/3488c9fbc0807a3547b310cf77b05b6c2c440200da68b06fd56606df29a5ddc6.mp4,1,0,0.993341683455413,0.006658316544587077,0.9866833669108259,1427,2,689.1499236226082,REAL
/workspace/data/genbuster-mini/extracted/GenBuster-200K-mini/benchmark/fake/gen3/344fb9e56c4fb146164102f69ba14d6ea6bf25016eb53b9f8d0d1664837b1562.mp4,1,0,0.993341683455413,0.006658316544587077,0.9866833669108259,1427,2,687.6818314194679,REAL
/workspace/data/genbuster-mini/extracted/GenBuster-200K-mini/benchmark/fake/gen3/2f9ccc650fd75b7f8231145af6410abc722d5a855b8f284f0404b5b16bef07ff.mp4,0,1,0.2643585437250382,0.7356414562749618,0.4712829125499236,1427,3,717.5721377134323,FAKE
/workspace/data/genbuster-mini/extracted/GenBuster-200K-mini/benchmark/fake/gen3/2d3b867e8a9c6ac7fd472933a87fcde0199fab0cbcc554f3f27f265cbcabb788.mp4,1,0,0.993341683455413,0.006658316544587077,0.9866833669108259,1427,2,693.8750743865967,REAL
/workspace/data/genbuster-mini/extracted/GenBuster-200K-mini/benchmark/fake/gen3/2b509f1f5e3d98a8b0fdeb0b383b7b928f03eaebd8d779abdb7da211ad35f248.mp4,1,0,0.993341683455413,0.006658316544587077,0.9866833669108259,1427,2,684.7696676850319,REAL
/workspace/data/genbuster-mini/extracted/GenBuster-200K-mini/benchmark/fake/gen3/28c5b2e67564e93ee338b4fd9e20d2bbedcab5a60f14cd958e0c0061a6806acb.mp4,1,0,0.993341683455413,0.006658316544587077,0.9866833669108259,1427,2,699.5779722929001,REAL
/workspace/data/genbuster-mini/extracted/GenBuster-200K-mini/benchmark/fake/gen3/24f736971716590e23cab0aed8e4acb51ab00da68b999255f6765b3670e3c574.mp4,1,0,0.993341683455413,0.006658316544587077,0.9866833669108259,1427,2,690.0646314024925,REAL
/workspace/data/genbuster-mini/extracted/GenBuster-200K-mini/benchmark/fake/gen3/23c2174451d3c888e140eff1db6caaf94aa1b1075de59f55fed1a33f61cdca52.mp4,1,0,0.993341683455413,0.006658316544587077,0.9866833669108259,1427,2,690.0888904929161,REAL
/workspace/data/genbuster-mini/extracted/GenBuster-200K-mini/benchmark/fake/gen3/231b2d9af67d8e2ce32271f7ccbeb17f6e807d18a303854a9c384003fed32656.mp4,1,0,0.993341683455413,0.006658316544587077,0.9866833669108259,1427,2,684.7667992115021,REAL
/workspace/data/genbuster-mini/extracted/GenBuster-200K-mini/benchmark/fake/gen3/2168b844eb7ae0b802d502d0790ea974e9a4abae7f63f48a27de0d8575af1f9e.mp4,1,0,0.993341683455413,0.006658316544587077,0.9866833669108259,1427,2,685.2033734321594,REAL
/workspace/data/genbuster-mini/extracted/GenBuster-200K-mini/benchmark/fake/gen3/1fb56da853a8b8136991e83decd017a9968cea3f5f2182f7dc53068079ad6e4c.mp4,1,0,0.993341683455413,0.006658316544587077,0.9866833669108259,1427,2,690.8046081662178,REAL
/workspace/data/genbuster-mini/extracted/GenBuster-200K-mini/benchmark/fake/gen3/1f640b438d9347f58470d86883a5929f42b340cbebc2bbab2cfba882117f3395.mp4,1,0,0.993341683455413,0.006658316544587077,0.9866833669108259,1427,2,701.4386877417564,REAL
/workspace/data/genbuster-mini/extracted/GenBuster-200K-mini/benchmark/fake/gen3/1c954baf3deb088b99ad39b8a99f9b662d35fbc8b83437be93b0cabb0181ae74.mp4,1,0,0.993341683455413,0.006658316544587077,0.9866833669108259,1427,2,684.1615438461304,REAL
/workspace/data/genbuster-mini/extracted/GenBuster-200K-mini/benchmark/fake/gen3/1c34df0cfd248c072a36edb3f14cc91a1b63f8afc6d0ed0e169864761ee8118e.mp4,1,0,0.993341683455413,0.006658316544587077,0.9866833669108259,1427,2,685.6818497180939,REAL
/workspace/data/genbuster-mini/extracted/GenBuster-200K-mini/benchmark/fake/gen3/189fa1be438d2224f6b144f6e35e0d1c2f5146c451500402b8e2c16fca31c9c9.mp4,1,0,0.993341683455413,0.006658316544587077,0.9866833669108259,1427,2,683.7391257286072,REAL
/workspace/data/genbuster-mini/extracted/GenBuster-200K-mini/benchmark/fake/gen3/16f109c1596357765cee08ccaea5028d402894fe7103955e6d48b5af5244aa27.mp4,1,0,0.993341683455413,0.006658316544587077,0.9866833669108259,1427,2,684.2867285013199,REAL
/workspace/data/genbuster-mini/extracted/GenBuster-200K-mini/benchmark/fake/gen3/1455b2af497fcd78bd683011231193339b80da765be70782e9c1e1aa808cb7bf.mp4,0,1,0.2521735674321566,0.7478264325678433,0.49565286513568674,1427,3,733.279787003994,FAKE
/workspace/data/genbuster-mini/extracted/GenBuster-200K-mini/benchmark/fake/gen3/13d91beebbd95cc415ad68d7ccc6a429290e6c7a51bc6681dfe9c1f331eddbe3.mp4,1,0,0.993341683455413,0.006658316544587077,0.9866833669108259,1427,2,685.2535307407379,REAL
/workspace/data/genbuster-mini/extracted/GenBuster-200K-mini/benchmark/fake/gen3/12e4bd9e2c1c1ecbbde18812b9e8a0e02e46e93f3063693b0eb64a273e0ec84f.mp4,1,0,0.993341683455413,0.006658316544587077,0.9866833669108259,1427,2,690.8193826675415,REAL
/workspace/data/genbuster-mini/extracted/GenBuster-200K-mini/benchmark/fake/gen3/129c605a59571ebfb01ab1c70b4566376e72b742413e039dcb1ccce38663a4e6.mp4,1,0,0.993341683455413,0.006658316544587077,0.9866833669108259,1427,2,690.9008175134659,REAL
/workspace/data/genbuster-mini/extracted/GenBuster-200K-mini/benchmark/fake/gen3/0cd5fac50e44d761fbbd42f0a7cb0fe59847e7440ceb34689e351555894659fb.mp4,1,0,0.993341683455413,0.006658316544587077,0.9866833669108259,1427,2,685.736671090126,REAL
/workspace/data/genbuster-mini/extracted/GenBuster-200K-mini/benchmark/fake/gen3/0c2303dfd6e69463c559c1a4df334858c39c280575a4861160d13b1b573becb4.mp4,1,0,0.993341683455413,0.006658316544587077,0.9866833669108259,1427,2,687.3267814517021,REAL
/workspace/data/genbuster-mini/extracted/GenBuster-200K-mini/benchmark/fake/gen3/09734fd48914d32da4b49d2be4b4b1416eceb5af9d44df9116e96a710bbf7b66.mp4,1,0,0.993341683455413,0.006658316544587077,0.9866833669108259,1427,2,691.432923078537,REAL
/workspace/data/genbuster-mini/extracted/GenBuster-200K-mini/benchmark/fake/gen3/0343654a620b2ec8aa67462dabe530d773f8b859f13bfcfd0e5c09a0a89e5cf1.mp4,1,0,0.993341683455413,0.006658316544587077,0.9866833669108259,1427,2,684.2409893870354,REAL
/workspace/data/genbuster-mini/extracted/GenBuster-200K-mini/benchmark/fake/gen3/030e4443824d06e0ac4da697fa66b9a677a32fe4a88aa48f85476a52e9fe92ba.mp4,1,0,0.993341683455413,0.006658316544587077,0.9866833669108259,1427,2,683.6128830909729,REAL
/workspace/data/genbuster-mini/extracted/GenBuster-200K-mini/benchmark/fake/gen3/01bbc183c0809966ec1c056783f8499e59e8bc0e190209bb310c01690c1ea70c.mp4,1,0,0.993341683455413,0.006658316544587077,0.9866833669108259,1427,2,692.4479752779007,REAL
