path,y_true,y_qwen72b,p_fake_qwen72b,raw,latency_qwen72b_ms,qwen72b_input_tokens,qwen72b_output_tokens
/workspace/benchmarks_ai_research/data/aigibench/sdxl/SDXL/1_fake/image_954.png,1,1,0.9999398584822231,FAKE,1618.322966620326,1427,3
/workspace/benchmarks_ai_research/data/aigibench/sdxl/SDXL/1_fake/image_1097.png,1,1,0.985496420308618,FAKE,1001.0643620043993,1427,3
/workspace/benchmarks_ai_research/data/aigibench/sdxl/SDXL/1_fake/image_926.png,1,1,0.9828232909876817,FAKE,1001.6577150672674,1427,3
/workspace/benchmarks_ai_research/data/aigibench/sdxl/SDXL/1_fake/image_1721.png,1,1,0.9986329743543437,FAKE,1002.7156975120306,1427,3
/workspace/benchmarks_ai_research/data/aigibench/sdxl/SDXL/1_fake/image_1034.png,1,1,0.9901401446964613,FAKE,1003.249429166317,1427,3
/workspace/benchmarks_ai_research/data/genimage/sd_1_4/imagenet_ai_0419_sdv4/val/nature/ILSVRC2012_val_00028050.JPEG,0,0,0.013020490113842825,REAL,346.1539205163717,279,2
/workspace/benchmarks_ai_research/data/genimage/sd_1_4/imagenet_ai_0419_sdv4/val/nature/ILSVRC2012_val_00011643.JPEG,0,0,0.007460643463940165,REAL,335.8115404844284,292,2
/workspace/benchmarks_ai_research/data/aigibench/sdxl/SDXL/1_fake/image_658.png,1,1,0.9955316157335089,FAKE,1006.7339334636927,1427,3
/workspace/benchmarks_ai_research/data/genimage/sd_1_4/imagenet_ai_0419_sdv4/val/nature/ILSVRC2012_val_00043382.JPEG,0,0,0.02800752060598813,REAL,327.42929458618164,292,2
/workspace/benchmarks_ai_research/data/aigibench/sdxl/SDXL/1_fake/image_3539.png,1,1,0.985496420308618,FAKE,1007.659712806344,1427,3
/workspace/benchmarks_ai_research/data/genimage/sd_1_4/imagenet_ai_0419_sdv4/val/nature/ILSVRC2012_val_00024481.JPEG,0,0,0.032589744766025344,REAL,334.495360031724,292,2
/workspace/benchmarks_ai_research/data/aigibench/sdxl/SDXL/1_fake/image_2986.png,1,0,0.1520322416221742,REAL,938.1342176347971,1427,2
/workspace/benchmarks_ai_research/data/aigibench/sdxl/SDXL/1_fake/image_1890.png,1,0,0.07073059188877338,FAKE,1003.4394208341837,1427,3
/workspace/benchmarks_ai_research/data/aigibench/sdxl/SDXL/1_fake/image_1787.png,1,1,0.983596967483837,FAKE,1002.7875620871782,1427,3
/workspace/benchmarks_ai_research/data/aigibench/sdxl/SDXL/1_fake/image_782.png,1,0,0.07350603813535557,FAKE,1009.9171232432127,1427,3
/workspace/benchmarks_ai_research/data/aigibench/sdxl/SDXL/1_fake/image_3363.png,1,1,0.9911526449170697,FAKE,1008.916936814785,1427,3
/workspace/benchmarks_ai_research/data/aigibench/sdxl/SDXL/1_fake/image_3333.png,1,1,0.984810951192016,FAKE,1006.6321715712547,1427,3
/workspace/benchmarks_ai_research/data/aigibench/sdxl/SDXL/1_fake/image_2027.png,1,1,0.9933071490757153,FAKE,1003.3574216067791,1427,3
/workspace/benchmarks_ai_research/data/genimage/sd_1_4/imagenet_ai_0419_sdv4/val/nature/ILSVRC2012_val_00045865.JPEG,0,0,0.0035936025814200896,REAL,329.4059596955776,292,2
/workspace/benchmarks_ai_research/data/aigibench/sdxl/SDXL/1_fake/image_4521.png,1,1,0.9626731126558706,FAKE,1003.5288687795401,1427,3
/workspace/benchmarks_ai_research/data/genimage/sd_1_4/imagenet_ai_0419_sdv4/val/nature/ILSVRC2012_val_00020969.JPEG,0,0,0.06954174450582809,REAL,491.79432913661003,609,2
/workspace/benchmarks_ai_research/data/aigibench/sdxl/SDXL/1_fake/image_2236.png,1,0,0.07515701110321432,FAKE,1004.875760525465,1427,3
/workspace/benchmarks_ai_research/data/genimage/sd_1_4/imagenet_ai_0419_sdv4/val/nature/ILSVRC2012_val_00015308.JPEG,0,0,0.01665704000922906,REAL,393.6171066015959,364,2
/workspace/benchmarks_ai_research/data/aigibench/sdxl/SDXL/1_fake/image_1897.png,1,1,0.9802808718926534,FAKE,1006.8380944430828,1427,3
/workspace/benchmarks_ai_research/data/genimage/sd_1_4/imagenet_ai_0419_sdv4/val/nature/ILSVRC2012_val_00029373.JPEG,0,0,0.1561048974454574,REAL,326.9633837044239,292,2
/workspace/benchmarks_ai_research/data/genimage/sd_1_4/imagenet_ai_0419_sdv4/val/nature/ILSVRC2012_val_00035376.JPEG,0,0,0.15405756269148546,REAL,389.1921862959862,394,2
/workspace/benchmarks_ai_research/data/aigibench/sdxl/SDXL/1_fake/image_4243.png,1,1,0.9566342012360932,FAKE,1006.1715543270111,1427,3
/workspace/benchmarks_ai_research/data/aigibench/sdxl/SDXL/1_fake/image_221.png,1,1,0.9938070098421449,FAKE,1005.1821749657393,1427,3
/workspace/benchmarks_ai_research/data/aigibench/sdxl/SDXL/1_fake/image_817.png,1,1,0.9908743626108194,FAKE,1004.8129726201296,1427,3
/workspace/benchmarks_ai_research/data/genimage/sd_1_4/imagenet_ai_0419_sdv4/val/nature/ILSVRC2012_val_00026235.JPEG,0,0,0.008187909901696235,REAL,330.44278994202614,292,2
/workspace/benchmarks_ai_research/data/genimage/sd_1_4/imagenet_ai_0419_sdv4/val/nature/ILSVRC2012_val_00007282.JPEG,0,0,0.001455062938532843,REAL,336.3422751426697,274,2
/workspace/benchmarks_ai_research/data/aigibench/sdxl/SDXL/1_fake/image_13.png,1,1,0.983342959990771,FAKE,1009.914493188262,1427,3
/workspace/benchmarks_ai_research/data/genimage/sd_1_4/imagenet_ai_0419_sdv4/val/nature/ILSVRC2012_val_00033143.JPEG,0,0,0.001116014259843091,REAL,330.41052520275116,292,2
/workspace/benchmarks_ai_research/data/aigibench/sdxl/SDXL/1_fake/image_3604.png,1,0,0.07594952248361528,FAKE,1010.2566741406918,1427,3
/workspace/benchmarks_ai_research/data/aigibench/sdxl/SDXL/1_fake/image_402.png,1,0,0.07150472467151521,FAKE,1007.2666257619858,1427,3
/workspace/benchmarks_ai_research/data/genimage/sd_1_4/imagenet_ai_0419_sdv4/val/nature/ILSVRC2012_val_00007692.JPEG,0,0,0.061875985723642724,REAL,333.7189368903637,292,2
/workspace/benchmarks_ai_research/data/aigibench/sdxl/SDXL/1_fake/image_3547.png,1,1,0.9532750413739076,FAKE,1011.1560635268688,1427,3
/workspace/benchmarks_ai_research/data/genimage/sd_1_4/imagenet_ai_0419_sdv4/val/nature/ILSVRC2012_val_00013399.JPEG,0,0,0.0009547317110805592,REAL,388.54701071977615,362,2
/workspace/benchmarks_ai_research/data/aigibench/sdxl/SDXL/1_fake/image_816.png,1,0,0.07346805260220969,FAKE,1009.6212718635798,1427,3
/workspace/benchmarks_ai_research/data/aigibench/sdxl/SDXL/1_fake/image_1570.png,1,1,0.9787126482065489,FAKE,1004.1027590632439,1427,3
/workspace/benchmarks_ai_research/data/aigibench/sdxl/SDXL/1_fake/image_3070.png,1,1,0.9999728911986345,FAKE,1011.2252160906792,1427,3
/workspace/benchmarks_ai_research/data/aigibench/sdxl/SDXL/1_fake/image_2943.png,1,1,0.9566342012360932,FAKE,1005.7597942650318,1427,3
/workspace/benchmarks_ai_research/data/aigibench/sdxl/SDXL/1_fake/image_2689.png,1,1,0.9867771782476948,FAKE,1006.5690334886312,1427,3
/workspace/benchmarks_ai_research/data/aigibench/sdxl/SDXL/1_fake/image_1713.png,1,1,0.9998313472460109,FAKE,1009.0435892343521,1427,3
/workspace/benchmarks_ai_research/data/aigibench/sdxl/SDXL/1_fake/image_1574.png,1,1,0.9884918509356967,FAKE,1008.3686970174313,1427,3
/workspace/benchmarks_ai_research/data/aigibench/sdxl/SDXL/1_fake/image_1848.png,1,1,0.9993332976907565,FAKE,1006.7467465996742,1427,3
/workspace/benchmarks_ai_research/data/aigibench/sdxl/SDXL/1_fake/image_2197.png,1,0,0.07822560962801281,FAKE,1010.9173357486725,1427,3
/workspace/benchmarks_ai_research/data/aigibench/sdxl/SDXL/1_fake/image_4132.png,1,1,0.9939024378074247,FAKE,1010.7493903487921,1427,3
/workspace/benchmarks_ai_research/data/aigibench/sdxl/SDXL/1_fake/image_2890.png,1,0,0.07113511496371666,FAKE,1008.8422000408173,1427,3
/workspace/benchmarks_ai_research/data/genimage/sd_1_4/imagenet_ai_0419_sdv4/val/nature/ILSVRC2012_val_00033548.JPEG,0,0,0.0021827164453451808,REAL,304.52639795839787,212,2
/workspace/benchmarks_ai_research/data/aigibench/sdxl/SDXL/1_fake/image_2477.png,1,1,0.9988120945058837,FAKE,1012.654984369874,1427,3
/workspace/benchmarks_ai_research/data/genimage/sd_1_4/imagenet_ai_0419_sdv4/val/nature/ILSVRC2012_val_00021946.JPEG,0,0,0.1422318950098963,REAL,287.3832583427429,114,2
/workspace/benchmarks_ai_research/data/aigibench/sdxl/SDXL/1_fake/image_2952.png,1,0,0.07785086827202609,FAKE,1008.2416478544474,1427,3
/workspace/benchmarks_ai_research/data/genimage/sd_1_4/imagenet_ai_0419_sdv4/val/nature/ILSVRC2012_val_00048091.JPEG,0,0,0.01744248473620534,REAL,333.03180523216724,292,2
/workspace/benchmarks_ai_research/data/genimage/sd_1_4/imagenet_ai_0419_sdv4/val/nature/ILSVRC2012_val_00039365.JPEG,0,0,0.010328152519305191,REAL,287.89076395332813,157,2
/workspace/benchmarks_ai_research/data/aigibench/sdxl/SDXL/1_fake/image_3173.png,1,1,0.9924227587321393,FAKE,1013.9431580901146,1427,3
/workspace/benchmarks_ai_research/data/aigibench/sdxl/SDXL/1_fake/image_2616.png,1,1,0.9998804014219498,FAKE,1006.5333899110556,1427,3
/workspace/benchmarks_ai_research/data/aigibench/sdxl/SDXL/1_fake/image_2255.png,1,1,0.9978172835546547,FAKE,1008.4167085587978,1427,3
/workspace/benchmarks_ai_research/data/aigibench/sdxl/SDXL/1_fake/image_745.png,1,1,0.9971550903350206,FAKE,1008.488966152072,1427,3
/workspace/benchmarks_ai_research/data/aigibench/sdxl/SDXL/1_fake/image_1098.png,1,1,0.9964619139429115,FAKE,1010.0432354956865,1427,3
/workspace/benchmarks_ai_research/data/aigibench/sdxl/SDXL/1_fake/image_4387.png,1,1,0.9711290930537122,FAKE,1011.1536867916584,1427,3
/workspace/benchmarks_ai_research/data/aigibench/sdxl/SDXL/1_fake/image_3550.png,1,0,0.07584517753007379,FAKE,1010.8389351516962,1427,3
/workspace/benchmarks_ai_research/data/aigibench/sdxl/SDXL/1_fake/image_4248.png,1,1,0.9314625069680097,FAKE,1005.8110728859901,1427,3
/workspace/benchmarks_ai_research/data/genimage/sd_1_4/imagenet_ai_0419_sdv4/val/nature/ILSVRC2012_val_00016395.JPEG,0,0,0.07697408127681644,FAKE,399.65421333909035,292,3
/workspace/benchmarks_ai_research/data/aigibench/sdxl/SDXL/1_fake/image_1229.png,1,1,0.9978842965994068,FAKE,1008.5919760167599,1427,3
/workspace/benchmarks_ai_research/data/aigibench/sdxl/SDXL/1_fake/image_3817.png,1,1,0.9637799441350253,FAKE,1010.3407576680183,1427,3
/workspace/benchmarks_ai_research/data/genimage/sd_1_4/imagenet_ai_0419_sdv4/val/nature/ILSVRC2012_val_00049337.JPEG,0,0,0.25091278688527247,REAL,304.19676564633846,254,2
/workspace/benchmarks_ai_research/data/aigibench/sdxl/SDXL/1_fake/image_2392.png,1,1,0.9793540692607815,FAKE,1005.9628468006849,1427,3
/workspace/benchmarks_ai_research/data/aigibench/sdxl/SDXL/1_fake/image_1867.png,1,1,0.9773707999669629,FAKE,1008.2686431705952,1427,3
/workspace/benchmarks_ai_research/data/aigibench/sdxl/SDXL/1_fake/image_4330.png,1,1,0.9763105287006256,FAKE,1008.6597446352243,1427,3
/workspace/benchmarks_ai_research/data/aigibench/sdxl/SDXL/1_fake/image_4177.png,1,1,0.94815453335022,FAKE,1010.1688876748085,1427,3
/workspace/benchmarks_ai_research/data/aigibench/sdxl/SDXL/1_fake/image_471.png,1,1,0.9923043528216078,FAKE,1007.5013842433691,1427,3
/workspace/benchmarks_ai_research/data/aigibench/sdxl/SDXL/1_fake/image_3970.png,1,1,0.9962345862153261,FAKE,1007.0138983428478,1427,3
/workspace/benchmarks_ai_research/data/aigibench/sdxl/SDXL/1_fake/image_2615.png,1,1,0.9353465116437761,FAKE,1006.1126258224249,1427,3
/workspace/benchmarks_ai_research/data/aigibench/sdxl/SDXL/1_fake/image_1144.png,1,1,0.9999177981052164,FAKE,1007.0854835212231,1427,3
/workspace/benchmarks_ai_research/data/aigibench/sdxl/SDXL/1_fake/image_326.png,1,1,0.9963500129687901,FAKE,1011.8914172053337,1427,3
/workspace/benchmarks_ai_research/data/aigibench/sdxl/SDXL/1_fake/image_3221.png,1,1,0.9852713861502774,FAKE,1008.8667906820774,1427,3
/workspace/benchmarks_ai_research/data/genimage/sd_1_4/imagenet_ai_0419_sdv4/val/nature/ILSVRC2012_val_00025044.JPEG,0,0,0.007937994101407319,REAL,331.4261585474014,292,2
/workspace/benchmarks_ai_research/data/aigibench/sdxl/SDXL/1_fake/image_574.png,1,1,0.9637799441350253,FAKE,1007.0776473730803,1427,3
/workspace/benchmarks_ai_research/data/aigibench/sdxl/SDXL/1_fake/image_889.png,1,1,0.9939024378074247,FAKE,1011.6140861064196,1427,3
/workspace/benchmarks_ai_research/data/aigibench/sdxl/SDXL/1_fake/image_617.png,1,1,0.9999706884614404,FAKE,1009.2520788311958,1427,3
/workspace/benchmarks_ai_research/data/genimage/sd_1_4/imagenet_ai_0419_sdv4/val/nature/ILSVRC2012_val_00031482.JPEG,0,0,0.02635535284611975,REAL,304.11539040505886,226,2
/workspace/benchmarks_ai_research/data/genimage/sd_1_4/imagenet_ai_0419_sdv4/val/nature/ILSVRC2012_val_00014526.JPEG,0,0,0.009859855303538789,REAL,330.93428798019886,292,2
/workspace/benchmarks_ai_research/data/aigibench/sdxl/SDXL/1_fake/image_312.png,1,1,0.992988204618503,FAKE,1009.7486935555935,1427,3
/workspace/benchmarks_ai_research/data/genimage/sd_1_4/imagenet_ai_0419_sdv4/val/nature/ILSVRC2012_val_00006156.JPEG,0,0,0.02800752060598813,REAL,387.93583400547504,346,2
/workspace/benchmarks_ai_research/data/genimage/sd_1_4/imagenet_ai_0419_sdv4/val/nature/ILSVRC2012_val_00018871.JPEG,0,0,0.009268013380914325,REAL,386.5495938807726,346,2
/workspace/benchmarks_ai_research/data/aigibench/sdxl/SDXL/1_fake/image_2275.png,1,1,0.9901401446964613,FAKE,1008.9241210371256,1427,3
/workspace/benchmarks_ai_research/data/genimage/sd_1_4/imagenet_ai_0419_sdv4/val/nature/ILSVRC2012_val_00037453.JPEG,0,0,0.015424552081841137,REAL,379.2556133121252,458,2
/workspace/benchmarks_ai_research/data/genimage/sd_1_4/imagenet_ai_0419_sdv4/val/nature/ILSVRC2012_val_00049947.JPEG,0,0,0.009559399347091532,REAL,270.15463449060917,107,2
/workspace/benchmarks_ai_research/data/aigibench/sdxl/SDXL/1_fake/image_1620.png,1,1,0.9808759632491112,FAKE,1012.4677643179893,1427,3
/workspace/benchmarks_ai_research/data/aigibench/sdxl/SDXL/1_fake/image_1973.png,1,1,0.9883127420043056,FAKE,1011.0393185168505,1427,3
/workspace/benchmarks_ai_research/data/genimage/sd_1_4/imagenet_ai_0419_sdv4/val/nature/ILSVRC2012_val_00017484.JPEG,0,0,0.20434189993684582,REAL,332.30841904878616,292,2
/workspace/benchmarks_ai_research/data/aigibench/sdxl/SDXL/1_fake/image_4205.png,1,1,0.9755769099458929,FAKE,1008.2859136164188,1427,3
/workspace/benchmarks_ai_research/data/aigibench/sdxl/SDXL/1_fake/image_2666.png,1,1,0.9674102552339746,FAKE,1006.0686934739351,1427,3
/workspace/benchmarks_ai_research/data/aigibench/sdxl/SDXL/1_fake/image_1239.png,1,1,0.9904406006529085,FAKE,1008.0407317727804,1427,3
/workspace/benchmarks_ai_research/data/genimage/sd_1_4/imagenet_ai_0419_sdv4/val/nature/ILSVRC2012_val_00009616.JPEG,0,0,0.004070137715896127,REAL,334.4932310283184,292,2
/workspace/benchmarks_ai_research/data/aigibench/sdxl/SDXL/1_fake/image_2435.png,1,1,0.9777138144607745,FAKE,1008.451908826828,1427,3
/workspace/benchmarks_ai_research/data/aigibench/sdxl/SDXL/1_fake/image_2159.png,1,1,0.9653811611608242,FAKE,1006.1283558607101,1427,3
/workspace/benchmarks_ai_research/data/aigibench/sdxl/SDXL/1_fake/image_1159.png,1,1,0.9546474194456936,FAKE,1007.077181711793,1427,3
/workspace/benchmarks_ai_research/data/genimage/sd_1_4/imagenet_ai_0419_sdv4/val/nature/ILSVRC2012_val_00006576.JPEG,0,0,0.00600359579657149,REAL,394.71438713371754,382,2
/workspace/benchmarks_ai_research/data/aigibench/sdxl/SDXL/1_fake/image_2024.png,1,1,0.9996140339094192,FAKE,1007.9854670912027,1427,3
/workspace/benchmarks_ai_research/data/aigibench/sdxl/SDXL/1_fake/image_1385.png,1,0,0.07388698695804767,FAKE,1009.1181676834822,1427,3
/workspace/benchmarks_ai_research/data/aigibench/sdxl/SDXL/1_fake/image_1250.png,1,1,0.9911526449170697,FAKE,1008.6885150521994,1427,3
/workspace/benchmarks_ai_research/data/aigibench/sdxl/SDXL/1_fake/image_1205.png,1,1,0.9940889311437562,FAKE,1008.5971783846617,1427,3
/workspace/benchmarks_ai_research/data/aigibench/sdxl/SDXL/1_fake/image_1907.png,1,1,0.9458012701768145,FAKE,1005.5421926081181,1427,3
/workspace/benchmarks_ai_research/data/aigibench/sdxl/SDXL/1_fake/image_3732.png,1,0,0.07051082833922159,FAKE,1009.8797045648098,1427,3
/workspace/benchmarks_ai_research/data/aigibench/sdxl/SDXL/1_fake/image_1960.png,1,1,0.9674102552339746,FAKE,1007.890123873949,1427,3
/workspace/benchmarks_ai_research/data/aigibench/sdxl/SDXL/1_fake/image_1376.png,1,1,0.9648551535992067,FAKE,1006.0329735279083,1427,3
/workspace/benchmarks_ai_research/data/aigibench/sdxl/SDXL/1_fake/image_2338.png,1,1,0.9987355780553607,FAKE,1007.774394005537,1427,3
/workspace/benchmarks_ai_research/data/aigibench/sdxl/SDXL/1_fake/image_3750.png,1,1,0.9961155234512341,FAKE,1015.3399780392647,1427,3
/workspace/benchmarks_ai_research/data/aigibench/sdxl/SDXL/1_fake/image_2498.png,1,1,0.9989515307328389,FAKE,1022.4055349826813,1427,3
/workspace/benchmarks_ai_research/data/aigibench/sdxl/SDXL/1_fake/image_466.png,1,1,0.9433475746920261,FAKE,1005.900276824832,1427,3
/workspace/benchmarks_ai_research/data/genimage/sd_1_4/imagenet_ai_0419_sdv4/val/nature/ILSVRC2012_val_00028259.JPEG,0,0,0.33289351642953924,REAL,398.318188264966,508,2
/workspace/benchmarks_ai_research/data/aigibench/sdxl/SDXL/1_fake/image_570.png,1,1,0.9899864293768268,FAKE,1007.928878068924,1427,3
/workspace/benchmarks_ai_research/data/aigibench/sdxl/SDXL/1_fake/image_589.png,1,1,0.9891815513471369,FAKE,1009.6212960779667,1427,3
/workspace/benchmarks_ai_research/data/aigibench/sdxl/SDXL/1_fake/image_1760.png,1,1,0.9969246301499518,FAKE,1010.3735979646444,1427,3
/workspace/benchmarks_ai_research/data/genimage/sd_1_4/imagenet_ai_0419_sdv4/val/nature/ILSVRC2012_val_00001387.JPEG,0,0,0.10087862273005653,REAL,334.5117047429085,292,2
/workspace/benchmarks_ai_research/data/aigibench/sdxl/SDXL/1_fake/image_4255.png,1,1,0.9653811611608242,FAKE,1009.898379445076,1427,3
/workspace/benchmarks_ai_research/data/genimage/sd_1_4/imagenet_ai_0419_sdv4/val/nature/ILSVRC2012_val_00012540.JPEG,0,0,0.017176709012318405,REAL,394.72613483667374,382,2
/workspace/benchmarks_ai_research/data/aigibench/sdxl/SDXL/1_fake/image_3019.png,1,1,0.9711290930537122,FAKE,1007.4946153908968,1427,3
/workspace/benchmarks_ai_research/data/aigibench/sdxl/SDXL/1_fake/image_3797.png,1,1,0.94815453335022,FAKE,1013.8555187731981,1427,3
/workspace/benchmarks_ai_research/data/aigibench/sdxl/SDXL/1_fake/image_1772.png,1,0,0.07053520836836141,FAKE,1009.6384361386299,1427,3
/workspace/benchmarks_ai_research/data/aigibench/sdxl/SDXL/1_fake/image_3211.png,1,1,0.9719924793940118,FAKE,1008.27856361866,1427,3
/workspace/benchmarks_ai_research/data/genimage/sd_1_4/imagenet_ai_0419_sdv4/val/nature/ILSVRC2012_val_00023810.JPEG,0,0,0.008315778477474129,REAL,278.8154110312462,112,2
/workspace/benchmarks_ai_research/data/genimage/sd_1_4/imagenet_ai_0419_sdv4/val/nature/ILSVRC2012_val_00015159.JPEG,0,0,0.02595735719779685,REAL,728.2207328826189,1057,2
/workspace/benchmarks_ai_research/data/aigibench/sdxl/SDXL/1_fake/image_2618.png,1,1,0.9890130573694068,FAKE,1012.9708554595709,1427,3
/workspace/benchmarks_ai_research/data/genimage/sd_1_4/imagenet_ai_0419_sdv4/val/nature/ILSVRC2012_val_00007275.JPEG,0,0,0.003884476548765805,REAL,331.92647248506546,292,2
/workspace/benchmarks_ai_research/data/genimage/sd_1_4/imagenet_ai_0419_sdv4/val/nature/ILSVRC2012_val_00003366.JPEG,0,0,0.0020829707830458,REAL,381.7846439778805,432,2
/workspace/benchmarks_ai_research/data/aigibench/sdxl/SDXL/1_fake/image_1587.png,1,1,0.9637799441350253,FAKE,1006.9524887949228,1427,3
/workspace/benchmarks_ai_research/data/genimage/sd_1_4/imagenet_ai_0419_sdv4/val/nature/ILSVRC2012_val_00028763.JPEG,0,0,0.07617176020416294,FAKE,394.4159038364887,292,3
/workspace/benchmarks_ai_research/data/genimage/sd_1_4/imagenet_ai_0419_sdv4/val/nature/ILSVRC2012_val_00018650.JPEG,0,0,0.030675801710674105,REAL,299.75420981645584,238,2
/workspace/benchmarks_ai_research/data/aigibench/sdxl/SDXL/1_fake/image_4153.png,1,1,0.98504291340685,FAKE,1006.3809119164944,1427,3
/workspace/benchmarks_ai_research/data/aigibench/sdxl/SDXL/1_fake/image_4358.png,1,1,0.9950177302695786,FAKE,1007.9596247524023,1427,3
/workspace/benchmarks_ai_research/data/aigibench/sdxl/SDXL/1_fake/image_1103.png,1,1,0.992988204618503,FAKE,1008.6472760885954,1427,3
/workspace/benchmarks_ai_research/data/aigibench/sdxl/SDXL/1_fake/image_1577.png,1,1,0.9766692311915195,FAKE,1007.9697147011757,1427,3
/workspace/benchmarks_ai_research/data/aigibench/sdxl/SDXL/1_fake/image_4293.png,1,1,0.9871787857334058,FAKE,1006.7669451236725,1427,3
/workspace/benchmarks_ai_research/data/aigibench/sdxl/SDXL/1_fake/image_4505.png,1,0,0.0706939311782509,FAKE,1007.2122719138861,1427,3
/workspace/benchmarks_ai_research/data/aigibench/sdxl/SDXL/1_fake/image_2945.png,1,1,0.9999945777810301,FAKE,1010.6393788009882,1427,3
/workspace/benchmarks_ai_research/data/aigibench/sdxl/SDXL/1_fake/image_3821.png,1,1,0.9314625069680097,FAKE,1008.7782386690378,1427,3
/workspace/benchmarks_ai_research/data/aigibench/sdxl/SDXL/1_fake/image_3283.png,1,1,0.9353465116437761,FAKE,1005.7799089699984,1427,3
/workspace/benchmarks_ai_research/data/genimage/sd_1_4/imagenet_ai_0419_sdv4/val/nature/ILSVRC2012_val_00048176.JPEG,0,0,0.016403032516163058,REAL,332.2920463979244,292,2
/workspace/benchmarks_ai_research/data/genimage/sd_1_4/imagenet_ai_0419_sdv4/val/nature/ILSVRC2012_val_00024293.JPEG,0,0,0.12252321251815919,REAL,393.2725377380848,382,2
/workspace/benchmarks_ai_research/data/aigibench/sdxl/SDXL/1_fake/image_1052.png,1,1,0.9999263140701885,FAKE,1007.667550817132,1427,3
/workspace/benchmarks_ai_research/data/aigibench/sdxl/SDXL/1_fake/image_3545.png,1,0,0.0730638998978802,FAKE,1007.2242189198732,1427,3
/workspace/benchmarks_ai_research/data/genimage/sd_1_4/imagenet_ai_0419_sdv4/val/nature/ILSVRC2012_val_00001043.JPEG,0,0,0.040845715909949315,REAL,624.5281100273132,909,2
/workspace/benchmarks_ai_research/data/aigibench/sdxl/SDXL/1_fake/image_2283.png,1,1,0.9971550903350206,FAKE,1006.1572473496199,1427,3
/workspace/benchmarks_ai_research/data/aigibench/sdxl/SDXL/1_fake/image_2533.png,1,1,0.9518632288833652,FAKE,1007.9800691455603,1427,3
/workspace/benchmarks_ai_research/data/genimage/sd_1_4/imagenet_ai_0419_sdv4/val/nature/ILSVRC2012_val_00017482.JPEG,0,0,0.008577485413711986,REAL,332.290293648839,292,2
/workspace/benchmarks_ai_research/data/genimage/sd_1_4/imagenet_ai_0419_sdv4/val/nature/ILSVRC2012_val_00008187.JPEG,0,0,0.018546564512117298,REAL,327.9118575155735,292,2
/workspace/benchmarks_ai_research/data/aigibench/sdxl/SDXL/1_fake/image_3772.png,1,1,0.9399133498259924,FAKE,1005.7524312287569,1427,3
/workspace/benchmarks_ai_research/data/aigibench/sdxl/SDXL/1_fake/image_420.png,1,1,0.9933071490757153,FAKE,1012.4148484319448,1427,3
/workspace/benchmarks_ai_research/data/aigibench/sdxl/SDXL/1_fake/image_3882.png,1,1,0.9777138144607745,FAKE,1007.1580410003662,1427,3
/workspace/benchmarks_ai_research/data/aigibench/sdxl/SDXL/1_fake/image_3766.png,1,1,0.983342959990771,FAKE,1010.0669637322426,1427,3
/workspace/benchmarks_ai_research/data/aigibench/sdxl/SDXL/1_fake/image_2229.png,1,0,0.07559781882749761,FAKE,1006.098797544837,1427,3
/workspace/benchmarks_ai_research/data/aigibench/sdxl/SDXL/1_fake/image_3120.png,1,1,0.9884918509356967,FAKE,1007.4496679008007,1427,3
/workspace/benchmarks_ai_research/data/aigibench/sdxl/SDXL/1_fake/image_953.png,1,1,0.9881308789536605,FAKE,1011.7524806410074,1427,3
/workspace/benchmarks_ai_research/data/aigibench/sdxl/SDXL/1_fake/image_1485.png,1,1,0.9933071490757153,FAKE,1006.6419467329979,1427,3
/workspace/benchmarks_ai_research/data/aigibench/sdxl/SDXL/1_fake/image_575.png,1,0,0.08756383952305867,REAL,943.1566428393126,1427,2
/workspace/benchmarks_ai_research/data/genimage/sd_1_4/imagenet_ai_0419_sdv4/val/nature/ILSVRC2012_val_00000465.JPEG,0,0,0.09807932347046003,REAL,303.72466519474983,256,2
/workspace/benchmarks_ai_research/data/aigibench/sdxl/SDXL/1_fake/image_3977.png,1,1,0.9732407168145568,FAKE,1008.0744568258524,1427,3
/workspace/benchmarks_ai_research/data/genimage/sd_1_4/imagenet_ai_0419_sdv4/val/nature/ILSVRC2012_val_00011524.JPEG,0,0,0.008577485413711986,REAL,333.0472484230995,292,2
/workspace/benchmarks_ai_research/data/genimage/sd_1_4/imagenet_ai_0419_sdv4/val/nature/ILSVRC2012_val_00040361.JPEG,0,0,0.013428254741968517,REAL,325.9189110249281,292,2
/workspace/benchmarks_ai_research/data/genimage/sd_1_4/imagenet_ai_0419_sdv4/val/nature/ILSVRC2012_val_00023795.JPEG,0,0,0.06560483745906928,REAL,325.80840587615967,274,2
/workspace/benchmarks_ai_research/data/genimage/sd_1_4/imagenet_ai_0419_sdv4/val/nature/ILSVRC2012_val_00008163.JPEG,0,0,0.05033063259747688,REAL,404.19341810047626,499,2
/workspace/benchmarks_ai_research/data/aigibench/sdxl/SDXL/1_fake/image_3084.png,1,1,0.9938070098421449,FAKE,1009.6030719578266,1427,3
/workspace/benchmarks_ai_research/data/aigibench/sdxl/SDXL/1_fake/image_3633.png,1,1,0.9955316157335089,FAKE,1007.8068599104881,1427,3
/workspace/benchmarks_ai_research/data/aigibench/sdxl/SDXL/1_fake/image_4352.png,1,0,0.06882306487297928,FAKE,1007.4328929185867,1427,3
/workspace/benchmarks_ai_research/data/aigibench/sdxl/SDXL/1_fake/image_1915.png,1,1,0.9890130573694068,FAKE,1008.7551306933165,1427,3
/workspace/benchmarks_ai_research/data/genimage/sd_1_4/imagenet_ai_0419_sdv4/val/nature/ILSVRC2012_val_00044043.JPEG,0,0,0.20946968133032526,REAL,290.30999168753624,190,2
/workspace/benchmarks_ai_research/data/aigibench/sdxl/SDXL/1_fake/image_54.png,1,1,0.998654139598703,FAKE,1007.4241440743208,1427,3
/workspace/benchmarks_ai_research/data/aigibench/sdxl/SDXL/1_fake/image_537.png,1,0,0.06834775243296877,FAKE,1009.7806919366121,1427,3
/workspace/benchmarks_ai_research/data/genimage/sd_1_4/imagenet_ai_0419_sdv4/val/nature/ILSVRC2012_val_00013723.JPEG,0,0,0.001477942980215951,REAL,332.5668778270483,274,2
/workspace/benchmarks_ai_research/data/aigibench/sdxl/SDXL/1_fake/image_1508.png,1,1,0.9910145712474399,FAKE,1007.7106822282076,1427,3
/workspace/benchmarks_ai_research/data/aigibench/sdxl/SDXL/1_fake/image_176.png,1,1,0.9923043528216078,FAKE,1011.0679194331169,1427,3
/workspace/benchmarks_ai_research/data/aigibench/sdxl/SDXL/1_fake/image_758.png,1,1,0.9945307254013009,FAKE,1006.6099483519793,1427,3
/workspace/benchmarks_ai_research/data/aigibench/sdxl/SDXL/1_fake/image_2416.png,1,1,0.9998088956841223,FAKE,1009.6855722367764,1427,3
/workspace/benchmarks_ai_research/data/genimage/sd_1_4/imagenet_ai_0419_sdv4/val/nature/ILSVRC2012_val_00029205.JPEG,0,0,0.0037072528743862213,REAL,330.41274920105934,274,2
/workspace/benchmarks_ai_research/data/aigibench/sdxl/SDXL/1_fake/image_2889.png,1,1,0.983342959990771,FAKE,1014.9521995335817,1427,3
/workspace/benchmarks_ai_research/data/aigibench/sdxl/SDXL/1_fake/image_117.png,1,1,0.9968273171575148,FAKE,1006.6222902387381,1427,3
/workspace/benchmarks_ai_research/data/aigibench/sdxl/SDXL/1_fake/image_1337.png,1,1,0.9793540692607815,FAKE,1009.5875822007656,1427,3
/workspace/benchmarks_ai_research/data/genimage/sd_1_4/imagenet_ai_0419_sdv4/val/nature/ILSVRC2012_val_00029642.JPEG,0,0,0.184767510648,REAL,333.3819955587387,292,2
/workspace/benchmarks_ai_research/data/aigibench/sdxl/SDXL/1_fake/image_3435.png,1,0,0.33670474557477065,REAL,941.6610021144152,1427,2
/workspace/benchmarks_ai_research/data/genimage/sd_1_4/imagenet_ai_0419_sdv4/val/nature/ILSVRC2012_val_00011955.JPEG,0,0,0.012431650853185818,REAL,328.95270362496376,292,2
/workspace/benchmarks_ai_research/data/aigibench/sdxl/SDXL/1_fake/image_3344.png,1,1,0.9935117304033434,FAKE,1008.3208959549665,1427,3
/workspace/benchmarks_ai_research/data/aigibench/sdxl/SDXL/1_fake/image_1998.png,1,1,0.988841968751916,FAKE,1009.3641988933086,1427,3
/workspace/benchmarks_ai_research/data/genimage/sd_1_4/imagenet_ai_0419_sdv4/val/nature/ILSVRC2012_val_00019586.JPEG,0,0,0.0063883209097212856,REAL,515.8827695995569,754,2
/workspace/benchmarks_ai_research/data/aigibench/sdxl/SDXL/1_fake/image_508.png,1,1,0.9873750507184357,FAKE,1010.6004271656275,1427,3
/workspace/benchmarks_ai_research/data/genimage/sd_1_4/imagenet_ai_0419_sdv4/val/nature/ILSVRC2012_val_00006383.JPEG,0,0,0.010013570623173138,REAL,394.93388682603836,382,2
/workspace/benchmarks_ai_research/data/aigibench/sdxl/SDXL/1_fake/image_2752.png,1,1,0.9934102283369194,FAKE,1010.4865357279778,1427,3
/workspace/benchmarks_ai_research/data/aigibench/sdxl/SDXL/1_fake/image_672.png,1,1,0.9948603889024311,FAKE,1008.600264787674,1427,3
/workspace/benchmarks_ai_research/data/aigibench/sdxl/SDXL/1_fake/image_4313.png,1,1,0.9433475746920261,FAKE,1009.6595492213964,1427,3
/workspace/benchmarks_ai_research/data/aigibench/sdxl/SDXL/1_fake/image_1685.png,1,1,0.9951702782541956,FAKE,1014.9894300848246,1427,3
/workspace/benchmarks_ai_research/data/aigibench/sdxl/SDXL/1_fake/image_4275.png,1,1,0.9591542840900507,FAKE,1014.8548595607281,1427,3
/workspace/benchmarks_ai_research/data/aigibench/sdxl/SDXL/1_fake/image_1665.png,1,1,0.9908743626108194,FAKE,1015.9967709332705,1427,3
/workspace/benchmarks_ai_research/data/genimage/sd_1_4/imagenet_ai_0419_sdv4/val/nature/ILSVRC2012_val_00025615.JPEG,0,0,0.009859855303538789,REAL,391.1426980048418,449,2
/workspace/benchmarks_ai_research/data/aigibench/sdxl/SDXL/1_fake/image_1222.png,1,1,0.9937100978631075,FAKE,1022.7575991302729,1427,3
/workspace/benchmarks_ai_research/data/genimage/sd_1_4/imagenet_ai_0419_sdv4/val/nature/ILSVRC2012_val_00044094.JPEG,0,0,0.0037654137846738736,REAL,335.29286459088326,292,2
/workspace/benchmarks_ai_research/data/aigibench/sdxl/SDXL/1_fake/image_952.png,1,1,0.9637799441350253,FAKE,1017.5703931599855,1427,3
/workspace/benchmarks_ai_research/data/aigibench/sdxl/SDXL/1_fake/image_2434.png,1,1,0.9702399060540357,FAKE,1014.3858846276999,1427,3
/workspace/benchmarks_ai_research/data/aigibench/sdxl/SDXL/1_fake/image_3620.png,1,0,0.09401017961657226,REAL,949.2190908640623,1427,2
/workspace/benchmarks_ai_research/data/genimage/sd_1_4/imagenet_ai_0419_sdv4/val/nature/ILSVRC2012_val_00036390.JPEG,0,0,0.4198744232239902,REAL,338.8877101242542,292,2
/workspace/benchmarks_ai_research/data/genimage/sd_1_4/imagenet_ai_0419_sdv4/val/nature/ILSVRC2012_val_00011357.JPEG,0,0,0.001674399303710119,REAL,331.5968383103609,310,2
/workspace/benchmarks_ai_research/data/aigibench/sdxl/SDXL/1_fake/image_195.png,1,1,0.9998944531420457,FAKE,1018.4391792863607,1427,3
/workspace/benchmarks_ai_research/data/aigibench/sdxl/SDXL/1_fake/image_4280.png,1,1,0.9473810466522863,FAKE,1019.7172295302153,1427,3
/workspace/benchmarks_ai_research/data/aigibench/sdxl/SDXL/1_fake/image_3433.png,1,1,0.9597620573763841,FAKE,1015.4505725950003,1427,3
/workspace/benchmarks_ai_research/data/aigibench/sdxl/SDXL/1_fake/image_2393.png,1,1,0.9697854129326061,FAKE,1024.0883473306894,1427,3
/workspace/benchmarks_ai_research/data/genimage/sd_1_4/imagenet_ai_0419_sdv4/val/nature/ILSVRC2012_val_00000727.JPEG,0,0,0.02843603304485266,REAL,311.47185899317265,220,2
/workspace/benchmarks_ai_research/data/aigibench/sdxl/SDXL/1_fake/image_3971.png,1,1,0.9884918509356967,FAKE,1019.4341689348221,1427,3
/workspace/benchmarks_ai_research/data/aigibench/sdxl/SDXL/1_fake/image_559.png,1,1,0.999908298030948,FAKE,1011.8987802416086,1427,3
/workspace/benchmarks_ai_research/data/aigibench/sdxl/SDXL/1_fake/image_779.png,1,1,0.9294404038127071,FAKE,1007.8790634870529,1427,3
/workspace/benchmarks_ai_research/data/aigibench/sdxl/SDXL/1_fake/image_1712.png,1,1,0.9715639669551474,FAKE,1006.0386434197426,1427,3
/workspace/benchmarks_ai_research/data/aigibench/sdxl/SDXL/1_fake/image_2430.png,1,1,0.9925393565360598,FAKE,1010.2051068097353,1427,3
/workspace/benchmarks_ai_research/data/aigibench/sdxl/SDXL/1_fake/image_1765.png,1,1,0.9891815513471369,FAKE,1009.3175787478685,1427,3
/workspace/benchmarks_ai_research/data/aigibench/sdxl/SDXL/1_fake/image_243.png,1,1,0.9972423776326046,FAKE,1005.2100289613008,1427,3
/workspace/benchmarks_ai_research/data/aigibench/sdxl/SDXL/1_fake/image_4083.png,1,1,0.9473810466522863,FAKE,1007.0603657513857,1427,3
/workspace/benchmarks_ai_research/data/aigibench/sdxl/SDXL/1_fake/image_1054.png,1,1,0.9996485617367191,FAKE,1011.1660659313202,1427,3
/workspace/benchmarks_ai_research/data/aigibench/sdxl/SDXL/1_fake/image_2489.png,1,1,0.9907319866190857,FAKE,1007.4767153710127,1427,3
/workspace/benchmarks_ai_research/data/aigibench/sdxl/SDXL/1_fake/image_269.png,1,1,0.9715639669551474,FAKE,1004.5465715229511,1427,3
/workspace/benchmarks_ai_research/data/aigibench/sdxl/SDXL/1_fake/image_2252.png,1,1,0.9861513897844354,FAKE,1006.6271461546421,1427,3
/workspace/benchmarks_ai_research/data/aigibench/sdxl/SDXL/1_fake/image_393.png,1,1,0.9883127420043056,FAKE,1008.8233985006809,1427,3
/workspace/benchmarks_ai_research/data/aigibench/sdxl/SDXL/1_fake/image_2892.png,1,1,0.9755769099458929,FAKE,1010.1267956197262,1427,3
/workspace/benchmarks_ai_research/data/aigibench/sdxl/SDXL/1_fake/image_3215.png,1,0,0.07198787042112106,FAKE,1005.6326948106289,1427,3
/workspace/benchmarks_ai_research/data/genimage/sd_1_4/imagenet_ai_0419_sdv4/val/nature/ILSVRC2012_val_00022638.JPEG,0,0,0.04535258055430642,REAL,330.9201095253229,292,2
/workspace/benchmarks_ai_research/data/aigibench/sdxl/SDXL/1_fake/image_1530.png,1,1,0.9744347860767304,FAKE,1007.5579956173897,1427,3
/workspace/benchmarks_ai_research/data/aigibench/sdxl/SDXL/1_fake/image_1517.png,1,1,0.9937100978631075,FAKE,1008.4394123405218,1427,3
/workspace/benchmarks_ai_research/data/genimage/sd_1_4/imagenet_ai_0419_sdv4/val/nature/ILSVRC2012_val_00026937.JPEG,0,0,0.10521053670308635,REAL,333.6505349725485,310,2
/workspace/benchmarks_ai_research/data/genimage/sd_1_4/imagenet_ai_0419_sdv4/val/nature/ILSVRC2012_val_00039468.JPEG,0,0,0.31521369551319534,REAL,325.8979953825474,292,2
/workspace/benchmarks_ai_research/data/aigibench/sdxl/SDXL/1_fake/image_224.png,1,1,0.9934102283369194,FAKE,1007.9588443040848,1427,3
/workspace/benchmarks_ai_research/data/genimage/sd_1_4/imagenet_ai_0419_sdv4/val/nature/ILSVRC2012_val_00043841.JPEG,0,0,0.0015011822567369915,REAL,386.4789009094238,346,2
/workspace/benchmarks_ai_research/data/aigibench/sdxl/SDXL/1_fake/image_1008.png,1,1,0.999620015485248,FAKE,1008.1903580576181,1427,3
/workspace/benchmarks_ai_research/data/genimage/sd_1_4/imagenet_ai_0419_sdv4/val/nature/ILSVRC2012_val_00023530.JPEG,0,1,0.9653811611608242,FAKE,397.3049037158489,292,3
/workspace/benchmarks_ai_research/data/aigibench/sdxl/SDXL/1_fake/image_3222.png,1,1,0.98504291340685,FAKE,1010.9679531306028,1427,3
/workspace/benchmarks_ai_research/data/aigibench/sdxl/SDXL/1_fake/image_4028.png,1,1,0.9988304897349445,FAKE,1004.0293224155903,1427,3
/workspace/benchmarks_ai_research/data/aigibench/sdxl/SDXL/1_fake/image_4064.png,1,1,0.9626731126558706,FAKE,1005.3263045847416,1427,3
/workspace/benchmarks_ai_research/data/aigibench/sdxl/SDXL/1_fake/image_3335.png,1,0,0.07929177910653819,FAKE,1005.6259520351887,1427,3
/workspace/benchmarks_ai_research/data/aigibench/sdxl/SDXL/1_fake/image_1943.png,1,1,0.9988664309949126,FAKE,1012.2355315834284,1427,3
/workspace/benchmarks_ai_research/data/genimage/sd_1_4/imagenet_ai_0419_sdv4/val/nature/ILSVRC2012_val_00042603.JPEG,0,0,0.06008665017400762,REAL,353.51660661399364,274,2
/workspace/benchmarks_ai_research/data/aigibench/sdxl/SDXL/1_fake/image_4256.png,1,1,0.9828232909876817,FAKE,1004.6830512583256,1427,3
/workspace/benchmarks_ai_research/data/aigibench/sdxl/SDXL/1_fake/image_4399.png,1,0,0.07665747221057129,FAKE,1007.6504945755005,1427,3
/workspace/benchmarks_ai_research/data/genimage/sd_1_4/imagenet_ai_0419_sdv4/val/nature/ILSVRC2012_val_00023522.JPEG,0,0,0.007577241267860811,REAL,331.8515308201313,292,2
/workspace/benchmarks_ai_research/data/genimage/sd_1_4/imagenet_ai_0419_sdv4/val/nature/ILSVRC2012_val_00004920.JPEG,0,0,0.004007288945911384,REAL,332.0057764649391,274,2
/workspace/benchmarks_ai_research/data/genimage/sd_1_4/imagenet_ai_0419_sdv4/val/nature/ILSVRC2012_val_00013529.JPEG,0,0,0.0004728544345203107,REAL,326.4187350869179,274,2
/workspace/benchmarks_ai_research/data/aigibench/sdxl/SDXL/1_fake/image_4420.png,1,0,0.07502785078795485,FAKE,1010.371858254075,1427,3
/workspace/benchmarks_ai_research/data/aigibench/sdxl/SDXL/1_fake/image_2482.png,1,1,0.9934102283369194,FAKE,1009.5014367252588,1427,3
/workspace/benchmarks_ai_research/data/genimage/sd_1_4/imagenet_ai_0419_sdv4/val/nature/ILSVRC2012_val_00031854.JPEG,0,0,0.013020490113842825,REAL,300.9031508117914,198,2
/workspace/benchmarks_ai_research/data/genimage/sd_1_4/imagenet_ai_0419_sdv4/val/nature/ILSVRC2012_val_00039498.JPEG,0,0,0.0008969393236719385,REAL,332.10274390876293,292,2
/workspace/benchmarks_ai_research/data/aigibench/sdxl/SDXL/1_fake/image_3869.png,1,1,0.9994887420950092,FAKE,1006.8268924951553,1427,3
/workspace/benchmarks_ai_research/data/aigibench/sdxl/SDXL/1_fake/image_4341.png,1,1,0.9748211582993981,FAKE,1007.6483823359013,1427,3
/workspace/benchmarks_ai_research/data/genimage/sd_1_4/imagenet_ai_0419_sdv4/val/nature/ILSVRC2012_val_00013642.JPEG,0,0,0.003222484324002434,REAL,327.49314419925213,292,2
/workspace/benchmarks_ai_research/data/aigibench/sdxl/SDXL/1_fake/image_1802.png,1,1,0.9852713861502774,FAKE,1005.9621147811413,1427,3
/workspace/benchmarks_ai_research/data/aigibench/sdxl/SDXL/1_fake/image_1658.png,1,0,0.07533824518078679,FAKE,1011.0793486237526,1427,3
/workspace/benchmarks_ai_research/data/aigibench/sdxl/SDXL/1_fake/image_1936.png,1,0,0.07642084161127807,FAKE,1010.7937417924404,1427,3
/workspace/benchmarks_ai_research/data/genimage/sd_1_4/imagenet_ai_0419_sdv4/val/nature/ILSVRC2012_val_00045702.JPEG,0,0,0.027585282226789985,REAL,272.7256491780281,112,2
/workspace/benchmarks_ai_research/data/aigibench/sdxl/SDXL/1_fake/image_3422.png,1,1,0.9706877692486436,FAKE,1005.9566032141447,1427,3
/workspace/benchmarks_ai_research/data/genimage/sd_1_4/imagenet_ai_0419_sdv4/val/nature/ILSVRC2012_val_00021176.JPEG,0,0,0.0053849379617779605,REAL,331.30276016891,292,2
/workspace/benchmarks_ai_research/data/aigibench/sdxl/SDXL/1_fake/image_2982.png,1,1,0.9825575152637948,FAKE,1008.6297243833542,1427,3
/workspace/benchmarks_ai_research/data/genimage/sd_1_4/imagenet_ai_0419_sdv4/val/nature/ILSVRC2012_val_00032448.JPEG,0,0,0.2598256379609837,REAL,391.78523048758507,415,2
/workspace/benchmarks_ai_research/data/genimage/sd_1_4/imagenet_ai_0419_sdv4/val/nature/ILSVRC2012_val_00015408.JPEG,0,0,0.022629200033037256,REAL,391.7917534708977,352,2
/workspace/benchmarks_ai_research/data/genimage/sd_1_4/imagenet_ai_0419_sdv4/val/nature/ILSVRC2012_val_00002618.JPEG,0,0,0.23370635691404026,REAL,326.8130999058485,292,2
/workspace/benchmarks_ai_research/data/genimage/sd_1_4/imagenet_ai_0419_sdv4/val/nature/ILSVRC2012_val_00043170.JPEG,0,0,0.007345826574477061,REAL,384.47324372828007,382,2
/workspace/benchmarks_ai_research/data/aigibench/sdxl/SDXL/1_fake/image_602.png,1,1,0.9907319866190857,FAKE,1010.7051879167557,1427,3
/workspace/benchmarks_ai_research/data/aigibench/sdxl/SDXL/1_fake/image_3296.png,1,0,0.079468486898968,FAKE,1005.8572385460138,1427,3
/workspace/benchmarks_ai_research/data/genimage/sd_1_4/imagenet_ai_0419_sdv4/val/nature/ILSVRC2012_val_00043097.JPEG,0,0,0.3230951249592869,REAL,332.636097446084,274,2
/workspace/benchmarks_ai_research/data/aigibench/sdxl/SDXL/1_fake/image_2287.png,1,1,0.998498817743263,FAKE,1008.8723804801702,1427,3
/workspace/benchmarks_ai_research/data/aigibench/sdxl/SDXL/1_fake/image_1009.png,1,1,0.9899864293768268,FAKE,1005.2771493792534,1427,3
/workspace/benchmarks_ai_research/data/aigibench/sdxl/SDXL/1_fake/image_3703.png,1,1,0.9873750507184357,FAKE,1009.02952067554,1427,3
/workspace/benchmarks_ai_research/data/genimage/sd_1_4/imagenet_ai_0419_sdv4/val/nature/ILSVRC2012_val_00024541.JPEG,0,0,0.009559399347091532,REAL,330.9159502387047,274,2
/workspace/benchmarks_ai_research/data/aigibench/sdxl/SDXL/1_fake/image_674.png,1,1,0.9962345862153261,FAKE,1007.5921714305878,1427,3
/workspace/benchmarks_ai_research/data/aigibench/sdxl/SDXL/1_fake/image_1759.png,1,1,0.9975656179914948,FAKE,1009.517839178443,1427,3
/workspace/benchmarks_ai_research/data/genimage/sd_1_4/imagenet_ai_0419_sdv4/val/nature/ILSVRC2012_val_00000292.JPEG,0,0,0.008315778477474129,REAL,328.32201942801476,292,2
/workspace/benchmarks_ai_research/data/aigibench/sdxl/SDXL/1_fake/image_2756.png,1,1,0.9991959140643708,FAKE,1010.1000685244799,1427,3
/workspace/benchmarks_ai_research/data/aigibench/sdxl/SDXL/1_fake/image_4435.png,1,0,0.0770798497960356,FAKE,1003.9422046393156,1427,3
/workspace/benchmarks_ai_research/data/aigibench/sdxl/SDXL/1_fake/image_1994.png,1,1,0.9902915235185259,FAKE,1006.8750400096178,1427,3
/workspace/benchmarks_ai_research/data/aigibench/sdxl/SDXL/1_fake/image_2594.png,1,1,0.9997694932780068,FAKE,1005.1219426095486,1427,3
/workspace/benchmarks_ai_research/data/aigibench/sdxl/SDXL/1_fake/image_613.png,1,1,0.9973683260251155,FAKE,1004.683269187808,1427,3
/workspace/benchmarks_ai_research/data/aigibench/sdxl/SDXL/1_fake/image_881.png,1,1,0.9869795098861571,FAKE,1011.4706624299288,1427,3
/workspace/benchmarks_ai_research/data/genimage/sd_1_4/imagenet_ai_0419_sdv4/val/nature/ILSVRC2012_val_00042559.JPEG,0,0,0.10521053670308635,REAL,336.5780971944332,292,2
/workspace/benchmarks_ai_research/data/genimage/sd_1_4/imagenet_ai_0419_sdv4/val/nature/ILSVRC2012_val_00040487.JPEG,0,0,0.048857778622174906,REAL,330.3331080824137,292,2
/workspace/benchmarks_ai_research/data/genimage/sd_1_4/imagenet_ai_0419_sdv4/val/nature/ILSVRC2012_val_00021522.JPEG,0,0,0.03410042571231151,REAL,354.77006807923317,292,2
/workspace/benchmarks_ai_research/data/aigibench/sdxl/SDXL/1_fake/image_3960.png,1,1,0.9546474194456936,FAKE,1004.7010146081448,1427,3
/workspace/benchmarks_ai_research/data/aigibench/sdxl/SDXL/1_fake/image_3365.png,1,1,0.9947798743064417,FAKE,1006.0622785240412,1427,3
/workspace/benchmarks_ai_research/data/aigibench/sdxl/SDXL/1_fake/image_367.png,1,1,0.9935117304033434,FAKE,1003.0011180788279,1427,3
/workspace/benchmarks_ai_research/data/aigibench/sdxl/SDXL/1_fake/image_3513.png,1,1,0.9736446471538801,FAKE,1005.6841019541025,1427,3
/workspace/benchmarks_ai_research/data/genimage/sd_1_4/imagenet_ai_0419_sdv4/val/nature/ILSVRC2012_val_00045232.JPEG,0,0,0.05921025074128593,REAL,333.2126308232546,292,2
/workspace/benchmarks_ai_research/data/aigibench/sdxl/SDXL/1_fake/image_2688.png,1,1,0.9898303422461273,FAKE,1005.085039883852,1427,3
/workspace/benchmarks_ai_research/data/aigibench/sdxl/SDXL/1_fake/image_964.png,1,0,0.08057770142801075,FAKE,1012.955354526639,1427,3
/workspace/benchmarks_ai_research/data/aigibench/sdxl/SDXL/1_fake/image_4165.png,1,0,0.34864513533394575,REAL,941.093809902668,1427,2
/workspace/benchmarks_ai_research/data/aigibench/sdxl/SDXL/1_fake/image_3472.png,1,1,0.9830850867332734,FAKE,1003.3829230815172,1427,3
/workspace/benchmarks_ai_research/data/aigibench/sdxl/SDXL/1_fake/image_772.png,1,1,0.9759464471055739,FAKE,1004.3264478445053,1427,3
/workspace/benchmarks_ai_research/data/aigibench/sdxl/SDXL/1_fake/image_358.png,1,1,0.991422514586288,FAKE,1008.9585352689028,1427,3
/workspace/benchmarks_ai_research/data/aigibench/sdxl/SDXL/1_fake/image_632.png,1,1,0.9865717452580314,FAKE,1012.0085906237364,1427,3
/workspace/benchmarks_ai_research/data/aigibench/sdxl/SDXL/1_fake/image_272.png,1,1,0.9879462204837635,FAKE,1011.5416161715984,1427,3
/workspace/benchmarks_ai_research/data/aigibench/sdxl/SDXL/1_fake/image_1022.png,1,0,0.07287514002042347,FAKE,1005.2906274795532,1427,3
/workspace/benchmarks_ai_research/data/genimage/sd_1_4/imagenet_ai_0419_sdv4/val/nature/ILSVRC2012_val_00041818.JPEG,0,0,0.012241275291807161,REAL,338.5701812803745,266,2
/workspace/benchmarks_ai_research/data/aigibench/sdxl/SDXL/1_fake/image_3124.png,1,1,0.9857180660748888,FAKE,1009.1589242219925,1427,3
/workspace/benchmarks_ai_research/data/aigibench/sdxl/SDXL/1_fake/image_1252.png,1,1,0.9973269939672114,FAKE,1007.2244964540005,1427,3
/workspace/benchmarks_ai_research/data/aigibench/sdxl/SDXL/1_fake/image_3119.png,1,1,0.9978172835546547,FAKE,1005.6463126093149,1427,3
/workspace/benchmarks_ai_research/data/genimage/sd_1_4/imagenet_ai_0419_sdv4/val/nature/ILSVRC2012_val_00044132.JPEG,0,0,0.06853749303199023,REAL,331.06276392936707,292,2
/workspace/benchmarks_ai_research/data/aigibench/sdxl/SDXL/1_fake/image_2368.png,1,1,0.9999307781659553,FAKE,1005.8578066527843,1427,3
/workspace/benchmarks_ai_research/data/aigibench/sdxl/SDXL/1_fake/image_4443.png,1,0,0.07459009835322125,FAKE,1008.9569482952356,1427,3
/workspace/benchmarks_ai_research/data/genimage/sd_1_4/imagenet_ai_0419_sdv4/val/nature/ILSVRC2012_val_00008250.JPEG,0,0,0.048857778622174906,REAL,348.101956769824,292,2
/workspace/benchmarks_ai_research/data/genimage/sd_1_4/imagenet_ai_0419_sdv4/val/nature/ILSVRC2012_val_00048907.JPEG,0,0,0.03904829272622638,REAL,391.9839132577181,364,2
/workspace/benchmarks_ai_research/data/aigibench/sdxl/SDXL/1_fake/image_3315.png,1,0,0.07213712808309848,FAKE,1011.046439409256,1427,3
/workspace/benchmarks_ai_research/data/aigibench/sdxl/SDXL/1_fake/image_826.png,1,1,0.9951702782541956,FAKE,1006.5600760281086,1427,3
/workspace/benchmarks_ai_research/data/aigibench/sdxl/SDXL/1_fake/image_2182.png,1,1,0.983596967483837,FAKE,1010.0290644913912,1427,3
/workspace/benchmarks_ai_research/data/genimage/sd_1_4/imagenet_ai_0419_sdv4/val/nature/ILSVRC2012_val_00018265.JPEG,0,0,0.008445626941126032,REAL,333.2865200936794,274,2
/workspace/benchmarks_ai_research/data/genimage/sd_1_4/imagenet_ai_0419_sdv4/val/nature/ILSVRC2012_val_00034170.JPEG,0,0,0.00530189486940215,REAL,328.33361625671387,292,2
/workspace/benchmarks_ai_research/data/genimage/sd_1_4/imagenet_ai_0419_sdv4/val/nature/ILSVRC2012_val_00048483.JPEG,0,0,0.01744248473620534,REAL,386.3593731075525,466,2
/workspace/benchmarks_ai_research/data/genimage/sd_1_4/imagenet_ai_0419_sdv4/val/nature/ILSVRC2012_val_00031032.JPEG,0,0,0.009125637389180518,REAL,327.88422517478466,292,2
/workspace/benchmarks_ai_research/data/genimage/sd_1_4/imagenet_ai_0419_sdv4/val/nature/ILSVRC2012_val_00018408.JPEG,0,0,0.005554924703691103,REAL,325.478358194232,274,2
/workspace/benchmarks_ai_research/data/genimage/sd_1_4/imagenet_ai_0419_sdv4/val/nature/ILSVRC2012_val_00026197.JPEG,0,0,0.010169657753872614,REAL,332.52941258251667,292,2
/workspace/benchmarks_ai_research/data/aigibench/sdxl/SDXL/1_fake/image_1642.png,1,0,0.06863256146278826,FAKE,1009.8965279757977,1427,3
/workspace/benchmarks_ai_research/data/aigibench/sdxl/SDXL/1_fake/image_667.png,1,1,0.9814534354878828,FAKE,1007.995069026947,1427,3
/workspace/benchmarks_ai_research/data/genimage/sd_1_4/imagenet_ai_0419_sdv4/val/nature/ILSVRC2012_val_00017846.JPEG,0,0,0.06560483745906928,REAL,295.71124725043774,212,2
/workspace/benchmarks_ai_research/data/aigibench/sdxl/SDXL/1_fake/image_363.png,1,1,0.9890130573694068,FAKE,1006.0931965708733,1427,3
/workspace/benchmarks_ai_research/data/aigibench/sdxl/SDXL/1_fake/image_3263.png,1,1,0.9978510507163746,FAKE,1010.3953052312136,1427,3
/workspace/benchmarks_ai_research/data/aigibench/sdxl/SDXL/1_fake/image_2284.png,1,1,0.9877587247081928,FAKE,1007.6649878174067,1427,3
/workspace/benchmarks_ai_research/data/aigibench/sdxl/SDXL/1_fake/image_3304.png,1,1,0.9763105287006256,FAKE,1009.8603684455156,1427,3
/workspace/benchmarks_ai_research/data/aigibench/sdxl/SDXL/1_fake/image_3082.png,1,1,0.9433475746920261,FAKE,1006.722018122673,1427,3
/workspace/benchmarks_ai_research/data/genimage/sd_1_4/imagenet_ai_0419_sdv4/val/nature/ILSVRC2012_val_00005085.JPEG,0,0,0.01971912810734659,REAL,269.3473268300295,82,2
/workspace/benchmarks_ai_research/data/aigibench/sdxl/SDXL/1_fake/image_415.png,1,1,0.9995891514623653,FAKE,1010.4928147047758,1427,3
/workspace/benchmarks_ai_research/data/aigibench/sdxl/SDXL/1_fake/image_698.png,1,1,0.9825575152637948,FAKE,1008.3385836333036,1427,3
/workspace/benchmarks_ai_research/data/aigibench/sdxl/SDXL/1_fake/image_1847.png,1,1,0.9879462204837635,FAKE,1006.6116321831942,1427,3
/workspace/benchmarks_ai_research/data/aigibench/sdxl/SDXL/1_fake/image_45.png,1,1,0.9953181774756662,FAKE,1009.6510834991932,1427,3
/workspace/benchmarks_ai_research/data/aigibench/sdxl/SDXL/1_fake/image_501.png,1,1,0.9943580914999767,FAKE,1009.6468329429626,1427,3
/workspace/benchmarks_ai_research/data/aigibench/sdxl/SDXL/1_fake/image_714.png,1,1,0.9968763514001466,FAKE,1009.2130694538355,1427,3
/workspace/benchmarks_ai_research/data/aigibench/sdxl/SDXL/1_fake/image_2303.png,1,1,0.9702399060540357,FAKE,1007.8084282577038,1427,3
/workspace/benchmarks_ai_research/data/genimage/sd_1_4/imagenet_ai_0419_sdv4/val/nature/ILSVRC2012_val_00026842.JPEG,0,0,0.00433150202056399,REAL,297.8978455066681,198,2
/workspace/benchmarks_ai_research/data/genimage/sd_1_4/imagenet_ai_0419_sdv4/val/nature/ILSVRC2012_val_00024564.JPEG,0,0,0.00031999824407395836,REAL,618.4927709400654,942,2
/workspace/benchmarks_ai_research/data/genimage/sd_1_4/imagenet_ai_0419_sdv4/val/nature/ILSVRC2012_val_00049003.JPEG,0,0,0.05749327880038583,REAL,331.8191822618246,292,2
/workspace/benchmarks_ai_research/data/aigibench/sdxl/SDXL/1_fake/image_1617.png,1,1,0.9867771782476948,FAKE,1010.6105729937553,1427,3
/workspace/benchmarks_ai_research/data/aigibench/sdxl/SDXL/1_fake/image_2415.png,1,1,0.983342959990771,FAKE,1009.8350085318089,1427,3
/workspace/benchmarks_ai_research/data/aigibench/sdxl/SDXL/1_fake/image_4369.png,1,0,0.35936414516010196,REAL,938.823776319623,1427,2
/workspace/benchmarks_ai_research/data/genimage/sd_1_4/imagenet_ai_0419_sdv4/val/nature/ILSVRC2012_val_00016380.JPEG,0,0,0.09947021388210707,REAL,331.21789805591106,292,2
/workspace/benchmarks_ai_research/data/aigibench/sdxl/SDXL/1_fake/image_2264.png,1,1,0.9953904278206259,FAKE,1007.8254602849483,1427,3
/workspace/benchmarks_ai_research/data/aigibench/sdxl/SDXL/1_fake/image_4509.png,1,1,0.9919380084717284,FAKE,1012.0125208050013,1427,3
/workspace/benchmarks_ai_research/data/genimage/sd_1_4/imagenet_ai_0419_sdv4/val/nature/ILSVRC2012_val_00034431.JPEG,0,0,0.10087862273005653,REAL,292.1578884124756,184,2
/workspace/benchmarks_ai_research/data/aigibench/sdxl/SDXL/1_fake/image_1816.png,1,1,0.9962345862153261,FAKE,1004.7013200819492,1427,3
/workspace/benchmarks_ai_research/data/genimage/sd_1_4/imagenet_ai_0419_sdv4/val/nature/ILSVRC2012_val_00003712.JPEG,0,0,0.005554924703691103,REAL,298.215901479125,250,2
/workspace/benchmarks_ai_research/data/genimage/sd_1_4/imagenet_ai_0419_sdv4/val/nature/ILSVRC2012_val_00023845.JPEG,0,0,0.05500528829345415,REAL,330.02051152288914,274,2
/workspace/benchmarks_ai_research/data/aigibench/sdxl/SDXL/1_fake/image_3702.png,1,1,0.9957353653078126,FAKE,1010.7662305235863,1427,3
/workspace/benchmarks_ai_research/data/aigibench/sdxl/SDXL/1_fake/image_2563.png,1,1,0.9802808718926534,FAKE,1006.9014132022858,1427,3
/workspace/benchmarks_ai_research/data/aigibench/sdxl/SDXL/1_fake/image_3417.png,1,1,0.9933071490757153,FAKE,1007.9153086990118,1427,3
/workspace/benchmarks_ai_research/data/aigibench/sdxl/SDXL/1_fake/image_277.png,1,1,0.9664104943498959,FAKE,1004.8474930226803,1427,3
/workspace/benchmarks_ai_research/data/aigibench/sdxl/SDXL/1_fake/image_1333.png,1,1,0.9777138144607745,FAKE,1006.9017820060253,1427,3
/workspace/benchmarks_ai_research/data/genimage/sd_1_4/imagenet_ai_0419_sdv4/val/nature/ILSVRC2012_val_00044477.JPEG,0,1,0.9799765587105447,FAKE,409.97327119112015,279,3
/workspace/benchmarks_ai_research/data/aigibench/sdxl/SDXL/1_fake/image_912.png,1,1,0.9901401446964613,FAKE,1007.3507726192474,1427,3
/workspace/benchmarks_ai_research/data/genimage/sd_1_4/imagenet_ai_0419_sdv4/val/nature/ILSVRC2012_val_00007888.JPEG,0,0,0.022286185539225494,REAL,327.5373000651598,292,2
/workspace/benchmarks_ai_research/data/aigibench/sdxl/SDXL/1_fake/image_1463.png,1,1,0.9896718474806949,FAKE,1006.2909126281738,1427,3
/workspace/benchmarks_ai_research/data/genimage/sd_1_4/imagenet_ai_0419_sdv4/val/nature/ILSVRC2012_val_00049044.JPEG,0,0,0.010013570623173138,REAL,725.6526369601488,1057,2
/workspace/benchmarks_ai_research/data/aigibench/sdxl/SDXL/1_fake/image_1833.png,1,1,0.9843363512883317,FAKE,1013.6946253478527,1427,3
/workspace/benchmarks_ai_research/data/aigibench/sdxl/SDXL/1_fake/image_740.png,1,1,0.94815453335022,FAKE,1008.528059348464,1427,3
/workspace/benchmarks_ai_research/data/genimage/sd_1_4/imagenet_ai_0419_sdv4/val/nature/ILSVRC2012_val_00005020.JPEG,0,0,0.002287227605869875,REAL,331.52895234525204,310,2
/workspace/benchmarks_ai_research/data/genimage/sd_1_4/imagenet_ai_0419_sdv4/val/nature/ILSVRC2012_val_00028697.JPEG,0,0,0.002050743539917378,REAL,519.0384034067392,709,2
/workspace/benchmarks_ai_research/data/aigibench/sdxl/SDXL/1_fake/image_2125.png,1,0,0.06922947312592881,FAKE,1003.5330876708031,1427,3
/workspace/benchmarks_ai_research/data/aigibench/sdxl/SDXL/1_fake/image_1984.png,1,0,0.0734047511083192,FAKE,1009.5299426466227,1427,3
/workspace/benchmarks_ai_research/data/aigibench/sdxl/SDXL/1_fake/image_3578.png,1,1,0.9985449370614672,FAKE,1004.7877375036478,1427,3
/workspace/benchmarks_ai_research/data/aigibench/sdxl/SDXL/1_fake/image_825.png,1,1,0.9964063974185798,FAKE,1008.1385858356953,1427,3
/workspace/benchmarks_ai_research/data/aigibench/sdxl/SDXL/1_fake/image_4146.png,1,1,0.9997868124387095,FAKE,1006.1705131083727,1427,3
/workspace/benchmarks_ai_research/data/aigibench/sdxl/SDXL/1_fake/image_3445.png,1,1,0.9861513897844354,FAKE,1006.7683570086956,1427,3
/workspace/benchmarks_ai_research/data/aigibench/sdxl/SDXL/1_fake/image_3086.png,1,1,0.9925393565360598,FAKE,1007.7262334525585,1427,3
/workspace/benchmarks_ai_research/data/aigibench/sdxl/SDXL/1_fake/image_2022.png,1,1,0.9999611688901312,FAKE,1007.2868671268225,1427,3
/workspace/benchmarks_ai_research/data/aigibench/sdxl/SDXL/1_fake/image_1246.png,1,1,0.9990452682889194,FAKE,1005.3178612142801,1427,3
/workspace/benchmarks_ai_research/data/aigibench/sdxl/SDXL/1_fake/image_2298.png,1,0,0.07290030565206068,FAKE,1007.6842196285725,1427,3
/workspace/benchmarks_ai_research/data/aigibench/sdxl/SDXL/1_fake/image_2333.png,1,1,0.9999580136917633,FAKE,1007.8975204378366,1427,3
/workspace/benchmarks_ai_research/data/aigibench/sdxl/SDXL/1_fake/image_2764.png,1,1,0.9828232909876817,FAKE,1009.4506926834583,1427,3
/workspace/benchmarks_ai_research/data/genimage/sd_1_4/imagenet_ai_0419_sdv4/val/nature/ILSVRC2012_val_00008230.JPEG,0,0,0.042722197546490565,REAL,306.40267953276634,245,2
/workspace/benchmarks_ai_research/data/aigibench/sdxl/SDXL/1_fake/image_4453.png,1,1,0.9911526449170697,FAKE,1007.3097925633192,1427,3
/workspace/benchmarks_ai_research/data/genimage/sd_1_4/imagenet_ai_0419_sdv4/val/nature/ILSVRC2012_val_00040714.JPEG,0,0,0.00225184727950302,REAL,399.05579201877117,364,2
/workspace/benchmarks_ai_research/data/aigibench/sdxl/SDXL/1_fake/image_4138.png,1,1,0.9996698472749022,FAKE,1010.0797526538372,1427,3
/workspace/benchmarks_ai_research/data/aigibench/sdxl/SDXL/1_fake/image_3715.png,1,1,0.9893474891602738,FAKE,1011.7820333689451,1427,3
/workspace/benchmarks_ai_research/data/aigibench/sdxl/SDXL/1_fake/image_1154.png,1,0,0.07921035888764952,FAKE,1009.1502405703068,1427,3
/workspace/benchmarks_ai_research/data/aigibench/sdxl/SDXL/1_fake/image_2682.png,1,1,0.9706877692486436,FAKE,1023.2196524739265,1427,3
/workspace/benchmarks_ai_research/data/aigibench/sdxl/SDXL/1_fake/image_1121.png,1,1,0.9884918509356967,FAKE,1005.3388252854347,1427,3
/workspace/benchmarks_ai_research/data/genimage/sd_1_4/imagenet_ai_0419_sdv4/val/nature/ILSVRC2012_val_00025048.JPEG,0,0,0.017986209962091555,REAL,375.78640691936016,328,2
/workspace/benchmarks_ai_research/data/genimage/sd_1_4/imagenet_ai_0419_sdv4/val/nature/ILSVRC2012_val_00011751.JPEG,0,0,0.007460643463940165,REAL,331.3711788505316,274,2
/workspace/benchmarks_ai_research/data/aigibench/sdxl/SDXL/1_fake/image_4368.png,1,1,0.9697854129326061,FAKE,1008.437979966402,1427,3
/workspace/benchmarks_ai_research/data/aigibench/sdxl/SDXL/1_fake/image_2913.png,1,0,0.07441055203170441,FAKE,1006.9793835282326,1427,3
/workspace/benchmarks_ai_research/data/aigibench/sdxl/SDXL/1_fake/image_207.png,1,1,0.9890130573694068,FAKE,1006.9143362343311,1427,3
/workspace/benchmarks_ai_research/data/aigibench/sdxl/SDXL/1_fake/image_3637.png,1,1,0.994269753485008,FAKE,1006.9842226803303,1427,3
/workspace/benchmarks_ai_research/data/aigibench/sdxl/SDXL/1_fake/image_2078.png,1,1,0.9732407168145568,FAKE,1010.0285690277815,1427,3
/workspace/benchmarks_ai_research/data/genimage/sd_1_4/imagenet_ai_0419_sdv4/val/nature/ILSVRC2012_val_00031873.JPEG,0,0,0.012241275291807161,REAL,330.8085147291422,292,2
/workspace/benchmarks_ai_research/data/aigibench/sdxl/SDXL/1_fake/image_2355.png,1,0,0.07256158128830553,FAKE,1006.9111362099648,1427,3
/workspace/benchmarks_ai_research/data/aigibench/sdxl/SDXL/1_fake/image_4277.png,1,1,0.995929862284104,FAKE,1010.1172681897879,1427,3
/workspace/benchmarks_ai_research/data/genimage/sd_1_4/imagenet_ai_0419_sdv4/val/nature/ILSVRC2012_val_00006099.JPEG,0,0,0.0042646346921872726,REAL,327.0971439778805,274,2
/workspace/benchmarks_ai_research/data/aigibench/sdxl/SDXL/1_fake/image_2315.png,1,1,0.9869795098861571,FAKE,1007.8989081084728,1427,3
/workspace/benchmarks_ai_research/data/aigibench/sdxl/SDXL/1_fake/image_3984.png,1,1,0.9959927110540886,FAKE,1037.6060884445906,1427,3
/workspace/benchmarks_ai_research/data/genimage/sd_1_4/imagenet_ai_0419_sdv4/val/nature/ILSVRC2012_val_00035417.JPEG,0,0,0.012624949281564409,REAL,332.72342197597027,292,2
/workspace/benchmarks_ai_research/data/genimage/sd_1_4/imagenet_ai_0419_sdv4/val/nature/ILSVRC2012_val_00030864.JPEG,0,0,0.05261895334771377,REAL,380.0557963550091,458,2
/workspace/benchmarks_ai_research/data/aigibench/sdxl/SDXL/1_fake/image_2826.png,1,1,0.994445075296309,FAKE,1008.4271561354399,1427,3
/workspace/benchmarks_ai_research/data/aigibench/sdxl/SDXL/1_fake/image_1662.png,1,1,0.9822877012965885,FAKE,1008.6763054132462,1427,3
/workspace/benchmarks_ai_research/data/aigibench/sdxl/SDXL/1_fake/image_3448.png,1,1,0.9693241982893259,FAKE,1009.7788963466883,1427,3
/workspace/benchmarks_ai_research/data/genimage/sd_1_4/imagenet_ai_0419_sdv4/val/nature/ILSVRC2012_val_00027538.JPEG,0,0,0.015663648711668327,REAL,331.39043115079403,292,2
/workspace/benchmarks_ai_research/data/aigibench/sdxl/SDXL/1_fake/image_3491.png,1,1,0.9953904278206259,FAKE,1005.7257749140263,1427,3
/workspace/benchmarks_ai_research/data/genimage/sd_1_4/imagenet_ai_0419_sdv4/val/nature/ILSVRC2012_val_00048224.JPEG,0,0,0.05419872982318558,REAL,326.98591239750385,274,2
/workspace/benchmarks_ai_research/data/genimage/sd_1_4/imagenet_ai_0419_sdv4/val/nature/ILSVRC2012_val_00048523.JPEG,0,0,0.006192990157855187,REAL,330.9238348156214,292,2
/workspace/benchmarks_ai_research/data/genimage/sd_1_4/imagenet_ai_0419_sdv4/val/nature/ILSVRC2012_val_00021591.JPEG,0,0,0.006903838071221877,REAL,324.89680126309395,274,2
/workspace/benchmarks_ai_research/data/aigibench/sdxl/SDXL/1_fake/image_2854.png,1,1,0.997603269129871,FAKE,1006.3972845673561,1427,3
/workspace/benchmarks_ai_research/data/genimage/sd_1_4/imagenet_ai_0419_sdv4/val/nature/ILSVRC2012_val_00012930.JPEG,0,0,0.014503579691381979,REAL,356.8319920450449,296,2
/workspace/benchmarks_ai_research/data/aigibench/sdxl/SDXL/1_fake/image_3887.png,1,0,0.07821220131227202,FAKE,1009.8356008529663,1427,3
/workspace/benchmarks_ai_research/data/aigibench/sdxl/SDXL/1_fake/image_1224.png,1,1,0.9902915235185259,FAKE,1008.1822406500578,1427,3
/workspace/benchmarks_ai_research/data/aigibench/sdxl/SDXL/1_fake/image_2530.png,1,1,0.9715639669551474,FAKE,1005.2289664745331,1427,3
/workspace/benchmarks_ai_research/data/aigibench/sdxl/SDXL/1_fake/image_3192.png,1,0,0.32881666398863485,REAL,952.3037727922201,1427,2
/workspace/benchmarks_ai_research/data/aigibench/sdxl/SDXL/1_fake/image_1942.png,1,1,0.9898303422461273,FAKE,1007.3808915913105,1427,3
/workspace/benchmarks_ai_research/data/genimage/sd_1_4/imagenet_ai_0419_sdv4/val/nature/ILSVRC2012_val_00009034.JPEG,0,0,0.11757213354550883,REAL,330.3685802966356,292,2
/workspace/benchmarks_ai_research/data/aigibench/sdxl/SDXL/1_fake/image_2661.png,1,0,0.07302612483844242,FAKE,1008.6548142135143,1427,3
/workspace/benchmarks_ai_research/data/aigibench/sdxl/SDXL/1_fake/image_1978.png,1,1,0.9945307254013009,FAKE,1003.8052685558796,1427,3
/workspace/benchmarks_ai_research/data/genimage/sd_1_4/imagenet_ai_0419_sdv4/val/nature/ILSVRC2012_val_00001461.JPEG,0,0,0.00035697063503765833,REAL,332.8081965446472,310,2
/workspace/benchmarks_ai_research/data/genimage/sd_1_4/imagenet_ai_0419_sdv4/val/nature/ILSVRC2012_val_00018486.JPEG,0,0,0.05033063259747688,REAL,325.41409879922867,292,2
/workspace/benchmarks_ai_research/data/aigibench/sdxl/SDXL/1_fake/image_486.png,1,1,0.9905874104123901,FAKE,1007.0896111428738,1427,3
/workspace/benchmarks_ai_research/data/aigibench/sdxl/SDXL/1_fake/image_1509.png,1,1,0.9967269350293284,FAKE,1010.2017465978861,1427,3
/workspace/benchmarks_ai_research/data/aigibench/sdxl/SDXL/1_fake/image_1073.png,1,1,0.9990746151133504,FAKE,1006.3129812479019,1427,3
/workspace/benchmarks_ai_research/data/aigibench/sdxl/SDXL/1_fake/image_2582.png,1,1,0.9951702782541956,FAKE,1005.9911981225014,1427,3
/workspace/benchmarks_ai_research/data/genimage/sd_1_4/imagenet_ai_0419_sdv4/val/nature/ILSVRC2012_val_00017889.JPEG,0,0,0.21206880435710532,REAL,331.57555386424065,310,2
/workspace/benchmarks_ai_research/data/genimage/sd_1_4/imagenet_ai_0419_sdv4/val/nature/ILSVRC2012_val_00036404.JPEG,0,0,0.06008665017400762,REAL,598.4631478786469,835,2
/workspace/benchmarks_ai_research/data/aigibench/sdxl/SDXL/1_fake/image_1085.png,1,1,0.9674102552339746,FAKE,1008.8713187724352,1427,3
/workspace/benchmarks_ai_research/data/aigibench/sdxl/SDXL/1_fake/image_4254.png,1,1,0.9960545931933981,FAKE,1009.4009079039097,1427,3
/workspace/benchmarks_ai_research/data/aigibench/sdxl/SDXL/1_fake/image_720.png,1,1,0.9425067211996143,FAKE,1004.4791847467422,1427,3
/workspace/benchmarks_ai_research/data/aigibench/sdxl/SDXL/1_fake/image_1318.png,1,1,0.9920620058985926,FAKE,1005.1935631781816,1427,3
/workspace/benchmarks_ai_research/data/aigibench/sdxl/SDXL/1_fake/image_1396.png,1,1,0.9626731126558706,FAKE,1007.0190243422985,1427,3
/workspace/benchmarks_ai_research/data/aigibench/sdxl/SDXL/1_fake/image_1558.png,1,1,0.991554373058874,FAKE,1009.6378084272146,1427,3
/workspace/benchmarks_ai_research/data/aigibench/sdxl/SDXL/1_fake/image_143.png,1,1,0.9991959140643708,FAKE,1003.6218278110027,1427,3
/workspace/benchmarks_ai_research/data/genimage/sd_1_4/imagenet_ai_0419_sdv4/val/nature/ILSVRC2012_val_00003848.JPEG,0,0,0.032589744766025344,REAL,384.73336584866047,449,2
/workspace/benchmarks_ai_research/data/aigibench/sdxl/SDXL/1_fake/image_412.png,1,1,0.9998557401355151,FAKE,1007.3190461844206,1427,3
/workspace/benchmarks_ai_research/data/aigibench/sdxl/SDXL/1_fake/image_3303.png,1,1,0.9736446471538801,FAKE,1008.130045607686,1427,3
/workspace/benchmarks_ai_research/data/genimage/sd_1_4/imagenet_ai_0419_sdv4/val/nature/ILSVRC2012_val_00041915.JPEG,0,0,0.03514484640079327,REAL,333.9654002338648,292,2
/workspace/benchmarks_ai_research/data/aigibench/sdxl/SDXL/1_fake/image_1459.png,1,1,0.9869795098861571,FAKE,1005.3435247391462,1427,3
/workspace/benchmarks_ai_research/data/aigibench/sdxl/SDXL/1_fake/image_3054.png,1,1,0.984810951192016,FAKE,1007.9273339360952,1427,3
/workspace/benchmarks_ai_research/data/aigibench/sdxl/SDXL/1_fake/image_1353.png,1,1,0.998654139598703,FAKE,1007.4638035148382,1427,3
/workspace/benchmarks_ai_research/data/genimage/sd_1_4/imagenet_ai_0419_sdv4/val/nature/ILSVRC2012_val_00019751.JPEG,0,0,0.06595923819083284,FAKE,334.42891016602516,93,3
/workspace/benchmarks_ai_research/data/aigibench/sdxl/SDXL/1_fake/image_4653.png,1,1,0.9773707999669629,FAKE,1009.155873209238,1427,3
/workspace/benchmarks_ai_research/data/aigibench/sdxl/SDXL/1_fake/image_3015.png,1,1,0.9899864293768268,FAKE,1007.7030267566442,1427,3
/workspace/benchmarks_ai_research/data/aigibench/sdxl/SDXL/1_fake/image_566.png,1,1,0.984810951192016,FAKE,1006.1928406357765,1427,3
/workspace/benchmarks_ai_research/data/aigibench/sdxl/SDXL/1_fake/image_3047.png,1,0,0.07344273895494498,FAKE,1006.5547935664654,1427,3
/workspace/benchmarks_ai_research/data/genimage/sd_1_4/imagenet_ai_0419_sdv4/val/nature/ILSVRC2012_val_00018622.JPEG,0,0,0.017986209962091555,REAL,333.91059562563896,292,2
/workspace/benchmarks_ai_research/data/aigibench/sdxl/SDXL/1_fake/image_160.png,1,1,0.9964063974185798,FAKE,1008.4136910736561,1427,3
/workspace/benchmarks_ai_research/data/genimage/sd_1_4/imagenet_ai_0419_sdv4/val/nature/ILSVRC2012_val_00017201.JPEG,0,0,0.0004173157606777201,REAL,1952.2906243801117,2900,2
/workspace/benchmarks_ai_research/data/aigibench/sdxl/SDXL/1_fake/image_699.png,1,1,0.983847165177859,FAKE,1004.0456932038069,1427,3
/workspace/benchmarks_ai_research/data/aigibench/sdxl/SDXL/1_fake/image_4483.png,1,0,0.0953494648991095,REAL,940.684050321579,1427,2
/workspace/benchmarks_ai_research/data/genimage/sd_1_4/imagenet_ai_0419_sdv4/val/nature/ILSVRC2012_val_00011416.JPEG,0,1,0.9773707999669629,FAKE,399.9203760176897,310,3
/workspace/benchmarks_ai_research/data/aigibench/sdxl/SDXL/1_fake/image_2771.png,1,1,0.984810951192016,FAKE,1007.8131426125765,1427,3
/workspace/benchmarks_ai_research/data/aigibench/sdxl/SDXL/1_fake/image_3394.png,1,1,0.9996374099337169,FAKE,1005.901399999857,1427,3
/workspace/benchmarks_ai_research/data/aigibench/sdxl/SDXL/1_fake/image_2310.png,1,1,0.9648551535992067,FAKE,1008.0795660614967,1427,3
/workspace/benchmarks_ai_research/data/aigibench/sdxl/SDXL/1_fake/image_2926.png,1,1,0.988841968751916,FAKE,1004.9619190394878,1427,3
/workspace/benchmarks_ai_research/data/aigibench/sdxl/SDXL/1_fake/image_502.png,1,0,0.07344273895494498,FAKE,1008.5512157529593,1427,3
/workspace/benchmarks_ai_research/data/genimage/sd_1_4/imagenet_ai_0419_sdv4/val/nature/ILSVRC2012_val_00012601.JPEG,0,0,0.002550912421286719,REAL,334.488682448864,310,2
/workspace/benchmarks_ai_research/data/genimage/sd_1_4/imagenet_ai_0419_sdv4/val/nature/ILSVRC2012_val_00022547.JPEG,0,0,0.28559956093156214,REAL,284.1709293425083,139,2
/workspace/benchmarks_ai_research/data/aigibench/sdxl/SDXL/1_fake/image_4160.png,1,1,0.9770226300899744,FAKE,1005.8686435222626,1427,3
/workspace/benchmarks_ai_research/data/aigibench/sdxl/SDXL/1_fake/image_4142.png,1,1,0.983847165177859,FAKE,1008.4143299609423,1427,3
/workspace/benchmarks_ai_research/data/aigibench/sdxl/SDXL/1_fake/image_3006.png,1,1,0.9796676466573412,FAKE,1008.6240358650684,1427,3
/workspace/benchmarks_ai_research/data/aigibench/sdxl/SDXL/1_fake/image_3598.png,1,1,0.9770226300899744,FAKE,1013.2840797305107,1427,3
/workspace/benchmarks_ai_research/data/aigibench/sdxl/SDXL/1_fake/image_4246.png,1,1,0.9381240142763573,FAKE,1006.9841891527176,1427,3
/workspace/benchmarks_ai_research/data/genimage/sd_1_4/imagenet_ai_0419_sdv4/val/nature/ILSVRC2012_val_00003388.JPEG,0,0,0.014281933925111153,REAL,389.5393516868353,352,2
/workspace/benchmarks_ai_research/data/genimage/sd_1_4/imagenet_ai_0419_sdv4/val/nature/ILSVRC2012_val_00000084.JPEG,0,0,0.021615332762647654,REAL,327.525956556201,292,2
/workspace/benchmarks_ai_research/data/genimage/sd_1_4/imagenet_ai_0419_sdv4/val/nature/ILSVRC2012_val_00005990.JPEG,0,0,0.33458944125318596,REAL,320.9255840629339,298,2
/workspace/benchmarks_ai_research/data/aigibench/sdxl/SDXL/1_fake/image_1118.png,1,1,0.9748211582993981,FAKE,1009.7801331430674,1427,3
/workspace/benchmarks_ai_research/data/genimage/sd_1_4/imagenet_ai_0419_sdv4/val/nature/ILSVRC2012_val_00003946.JPEG,0,0,0.009268013380914325,REAL,329.77371849119663,292,2
/workspace/benchmarks_ai_research/data/aigibench/sdxl/SDXL/1_fake/image_4239.png,1,1,0.9916842215225259,FAKE,1005.3823441267014,1427,3
/workspace/benchmarks_ai_research/data/aigibench/sdxl/SDXL/1_fake/image_2465.png,1,0,0.06901402724372739,FAKE,1009.2288684099913,1427,3
/workspace/benchmarks_ai_research/data/aigibench/sdxl/SDXL/1_fake/image_1161.png,1,1,0.9973269939672114,FAKE,1007.9520251601934,1427,3
/workspace/benchmarks_ai_research/data/genimage/sd_1_4/imagenet_ai_0419_sdv4/val/nature/ILSVRC2012_val_00033203.JPEG,0,0,0.002889581017773627,REAL,335.48484183847904,274,2
/workspace/benchmarks_ai_research/data/aigibench/sdxl/SDXL/1_fake/image_3240.png,1,1,0.9963500129687901,FAKE,1006.1653144657612,1427,3
/workspace/benchmarks_ai_research/data/genimage/sd_1_4/imagenet_ai_0419_sdv4/val/nature/ILSVRC2012_val_00033005.JPEG,0,0,0.012821214266594244,REAL,328.9999272674322,292,2
/workspace/benchmarks_ai_research/data/aigibench/sdxl/SDXL/1_fake/image_4099.png,1,0,0.07747777122984727,FAKE,1005.9173498302698,1427,3
/workspace/benchmarks_ai_research/data/genimage/sd_1_4/imagenet_ai_0419_sdv4/val/nature/ILSVRC2012_val_00042521.JPEG,0,0,0.20434189993684582,REAL,369.6493227034807,328,2
/workspace/benchmarks_ai_research/data/genimage/sd_1_4/imagenet_ai_0419_sdv4/val/nature/ILSVRC2012_val_00041255.JPEG,0,0,0.006797531550373378,REAL,334.1793492436409,310,2
/workspace/benchmarks_ai_research/data/aigibench/sdxl/SDXL/1_fake/image_4490.png,1,1,0.9546474194456936,FAKE,1007.0717241615057,1427,3
/workspace/benchmarks_ai_research/data/aigibench/sdxl/SDXL/1_fake/image_2375.png,1,1,0.9996993836411757,FAKE,1006.7135021090508,1427,3
/workspace/benchmarks_ai_research/data/aigibench/sdxl/SDXL/1_fake/image_1090.png,1,1,0.9817357216481429,FAKE,1004.973690956831,1427,3
/workspace/benchmarks_ai_research/data/aigibench/sdxl/SDXL/1_fake/image_2105.png,1,1,0.9822877012965885,FAKE,1005.5529642850161,1427,3
/workspace/benchmarks_ai_research/data/genimage/sd_1_4/imagenet_ai_0419_sdv4/val/nature/ILSVRC2012_val_00038352.JPEG,0,0,0.0446808702726502,REAL,332.56429992616177,292,2
/workspace/benchmarks_ai_research/data/genimage/sd_1_4/imagenet_ai_0419_sdv4/val/nature/ILSVRC2012_val_00019784.JPEG,0,0,0.035678550877730524,REAL,273.04916456341743,128,2
/workspace/benchmarks_ai_research/data/aigibench/sdxl/SDXL/1_fake/image_1946.png,1,1,0.9857180660748888,FAKE,1007.80925527215,1427,3
/workspace/benchmarks_ai_research/data/aigibench/sdxl/SDXL/1_fake/image_1844.png,1,1,0.9976403393179369,FAKE,1007.3680151253939,1427,3
/workspace/benchmarks_ai_research/data/genimage/sd_1_4/imagenet_ai_0419_sdv4/val/nature/ILSVRC2012_val_00015667.JPEG,0,0,0.024423090054107213,REAL,335.04896238446236,274,2
/workspace/benchmarks_ai_research/data/aigibench/sdxl/SDXL/1_fake/image_3361.png,1,1,0.9759464471055739,FAKE,1006.9413408637047,1427,3
/workspace/benchmarks_ai_research/data/aigibench/sdxl/SDXL/1_fake/image_4642.png,1,1,0.9449947117065459,FAKE,1004.511047154665,1427,3
/workspace/benchmarks_ai_research/data/genimage/sd_1_4/imagenet_ai_0419_sdv4/val/nature/ILSVRC2012_val_00033542.JPEG,0,0,0.05749327880038583,REAL,277.6231523603201,112,2
/workspace/benchmarks_ai_research/data/aigibench/sdxl/SDXL/1_fake/image_888.png,1,1,0.9697854129326061,FAKE,1008.6577087640762,1427,3
/workspace/benchmarks_ai_research/data/aigibench/sdxl/SDXL/1_fake/image_2678.png,1,1,0.9899864293768268,FAKE,1008.8938847184181,1427,3
/workspace/benchmarks_ai_research/data/aigibench/sdxl/SDXL/1_fake/image_3710.png,1,1,0.9881308789536605,FAKE,1012.676564976573,1427,3
/workspace/benchmarks_ai_research/data/aigibench/sdxl/SDXL/1_fake/image_1215.png,1,1,0.9933071490757153,FAKE,1022.0424719154835,1427,3
/workspace/benchmarks_ai_research/data/aigibench/sdxl/SDXL/1_fake/image_314.png,1,1,0.98504291340685,FAKE,1021.7090826481581,1427,3
/workspace/benchmarks_ai_research/data/aigibench/sdxl/SDXL/1_fake/image_2997.png,1,1,0.9871787857334058,FAKE,1019.1347636282444,1427,3
/workspace/benchmarks_ai_research/data/aigibench/sdxl/SDXL/1_fake/image_1070.png,1,1,0.9658995742876885,FAKE,1025.4010874778032,1427,3
/workspace/benchmarks_ai_research/data/genimage/sd_1_4/imagenet_ai_0419_sdv4/val/nature/ILSVRC2012_val_00033095.JPEG,0,0,0.012241275291807161,REAL,340.67266806960106,274,2
/workspace/benchmarks_ai_research/data/aigibench/sdxl/SDXL/1_fake/image_2104.png,1,1,0.9728307684643189,FAKE,1019.8697410523891,1427,3
/workspace/benchmarks_ai_research/data/aigibench/sdxl/SDXL/1_fake/image_1699.png,1,1,0.9998557401355151,FAKE,1022.9589622467756,1427,3
/workspace/benchmarks_ai_research/data/aigibench/sdxl/SDXL/1_fake/image_3451.png,1,1,0.9883127420043056,FAKE,1020.6250473856926,1427,3
/workspace/benchmarks_ai_research/data/aigibench/sdxl/SDXL/1_fake/image_975.png,1,1,0.9955316157335089,FAKE,1015.3275653719902,1427,3
/workspace/benchmarks_ai_research/data/aigibench/sdxl/SDXL/1_fake/image_4386.png,1,1,0.9999687980886061,FAKE,1016.829052940011,1427,3
/workspace/benchmarks_ai_research/data/genimage/sd_1_4/imagenet_ai_0419_sdv4/val/nature/ILSVRC2012_val_00029640.JPEG,0,0,0.23651623644570763,REAL,339.6524004638195,310,2
/workspace/benchmarks_ai_research/data/aigibench/sdxl/SDXL/1_fake/image_2437.png,1,1,0.988841968751916,FAKE,1015.0254834443331,1427,3
/workspace/benchmarks_ai_research/data/genimage/sd_1_4/imagenet_ai_0419_sdv4/val/nature/ILSVRC2012_val_00000141.JPEG,0,0,0.11279540628289321,REAL,332.8255005180836,292,2
/workspace/benchmarks_ai_research/data/genimage/sd_1_4/imagenet_ai_0419_sdv4/val/nature/ILSVRC2012_val_00001643.JPEG,0,0,0.0002737216731838081,REAL,401.0298289358616,382,2
/workspace/benchmarks_ai_research/data/aigibench/sdxl/SDXL/1_fake/image_1654.png,1,1,0.9936116790902788,FAKE,1026.8182680010796,1427,3
/workspace/benchmarks_ai_research/data/aigibench/sdxl/SDXL/1_fake/image_3933.png,1,1,0.9995044640524365,FAKE,1018.5957588255405,1427,3
/workspace/benchmarks_ai_research/data/aigibench/sdxl/SDXL/1_fake/image_2576.png,1,1,0.9399133498259924,FAKE,1014.4500900059938,1427,3
/workspace/benchmarks_ai_research/data/genimage/sd_1_4/imagenet_ai_0419_sdv4/val/nature/ILSVRC2012_val_00021977.JPEG,0,0,0.0953494648991095,REAL,338.8662915676832,292,2
/workspace/benchmarks_ai_research/data/aigibench/sdxl/SDXL/1_fake/image_2839.png,1,1,0.9770226300899744,FAKE,1007.7075306326151,1427,3
/workspace/benchmarks_ai_research/data/genimage/sd_1_4/imagenet_ai_0419_sdv4/val/nature/ILSVRC2012_val_00020304.JPEG,0,0,0.24798742624020276,REAL,329.86797764897346,198,2
/workspace/benchmarks_ai_research/data/aigibench/sdxl/SDXL/1_fake/image_93.png,1,1,0.9971990730328789,FAKE,1009.8888725042343,1427,3
/workspace/benchmarks_ai_research/data/aigibench/sdxl/SDXL/1_fake/image_2567.png,1,1,0.9572778024535095,FAKE,1003.7394315004349,1427,3
/workspace/benchmarks_ai_research/data/genimage/sd_1_4/imagenet_ai_0419_sdv4/val/nature/ILSVRC2012_val_00023959.JPEG,0,0,0.08089521959753236,FAKE,401.834461838007,292,3
/workspace/benchmarks_ai_research/data/genimage/sd_1_4/imagenet_ai_0419_sdv4/val/nature/ILSVRC2012_val_00045867.JPEG,0,0,0.015424552081841137,REAL,384.67325642704964,346,2
/workspace/benchmarks_ai_research/data/aigibench/sdxl/SDXL/1_fake/image_687.png,1,1,0.9948603889024311,FAKE,1009.8592918366194,1427,3
/workspace/benchmarks_ai_research/data/aigibench/sdxl/SDXL/1_fake/image_1682.png,1,1,0.9787126482065489,FAKE,1007.8277885913849,1427,3
/workspace/benchmarks_ai_research/data/aigibench/sdxl/SDXL/1_fake/image_3833.png,1,1,0.988841968751916,FAKE,1008.486682549119,1427,3
/workspace/benchmarks_ai_research/data/aigibench/sdxl/SDXL/1_fake/image_1421.png,1,1,0.994445075296309,FAKE,1006.1967801302671,1427,3
/workspace/benchmarks_ai_research/data/aigibench/sdxl/SDXL/1_fake/image_1868.png,1,0,0.08251409870586933,FAKE,1006.51765614748,1427,3
/workspace/benchmarks_ai_research/data/aigibench/sdxl/SDXL/1_fake/image_1775.png,1,1,0.9974885364861902,FAKE,1009.3129221349955,1427,3
/workspace/benchmarks_ai_research/data/aigibench/sdxl/SDXL/1_fake/image_2330.png,1,1,0.999631702073984,FAKE,1006.0182120651007,1427,3
/workspace/benchmarks_ai_research/data/aigibench/sdxl/SDXL/1_fake/image_3532.png,1,1,0.984810951192016,FAKE,1008.2345828413963,1427,3
/workspace/benchmarks_ai_research/data/genimage/sd_1_4/imagenet_ai_0419_sdv4/val/nature/ILSVRC2012_val_00012087.JPEG,0,0,0.005819959584259008,REAL,331.8886626511812,292,2
/workspace/benchmarks_ai_research/data/aigibench/sdxl/SDXL/1_fake/image_4052.png,1,1,0.992767236196521,FAKE,1006.2264241278172,1427,3
/workspace/benchmarks_ai_research/data/aigibench/sdxl/SDXL/1_fake/image_3362.png,1,1,0.9787126482065489,FAKE,1010.6773376464844,1427,3
/workspace/benchmarks_ai_research/data/aigibench/sdxl/SDXL/1_fake/image_3340.png,1,0,0.07335417200611513,FAKE,1004.0036458522081,1427,3
/workspace/benchmarks_ai_research/data/aigibench/sdxl/SDXL/1_fake/image_3343.png,1,1,0.9921841112107114,FAKE,1005.8206729590893,1427,3
/workspace/benchmarks_ai_research/data/genimage/sd_1_4/imagenet_ai_0419_sdv4/val/nature/ILSVRC2012_val_00012538.JPEG,0,0,0.013020490113842825,REAL,337.3986594378948,292,2
/workspace/benchmarks_ai_research/data/aigibench/sdxl/SDXL/1_fake/image_2493.png,1,1,0.9890130573694068,FAKE,1005.1170252263546,1427,3
/workspace/benchmarks_ai_research/data/genimage/sd_1_4/imagenet_ai_0419_sdv4/val/nature/ILSVRC2012_val_00047876.JPEG,0,0,0.005819959584259008,REAL,379.35410253703594,432,2
/workspace/benchmarks_ai_research/data/genimage/sd_1_4/imagenet_ai_0419_sdv4/val/nature/ILSVRC2012_val_00013401.JPEG,0,0,0.06371499425196533,REAL,325.9446956217289,274,2
/workspace/benchmarks_ai_research/data/aigibench/sdxl/SDXL/1_fake/image_1334.png,1,1,0.9830850867332734,FAKE,1006.4115393906832,1427,3
/workspace/benchmarks_ai_research/data/aigibench/sdxl/SDXL/1_fake/image_3471.png,1,1,0.9802808718926534,FAKE,1007.6708700507879,1427,3
/workspace/benchmarks_ai_research/data/aigibench/sdxl/SDXL/1_fake/image_2059.png,1,1,0.9998858776145566,FAKE,1007.2580203413963,1427,3
/workspace/benchmarks_ai_research/data/aigibench/sdxl/SDXL/1_fake/image_3061.png,1,1,0.9861513897844354,FAKE,1009.8301693797112,1427,3
/workspace/benchmarks_ai_research/data/aigibench/sdxl/SDXL/1_fake/image_4075.png,1,1,0.9830850867332734,FAKE,1005.7742390781641,1427,3
/workspace/benchmarks_ai_research/data/aigibench/sdxl/SDXL/1_fake/image_3876.png,1,1,0.9790357591818724,FAKE,1006.3707120716572,1427,3
/workspace/benchmarks_ai_research/data/aigibench/sdxl/SDXL/1_fake/image_1909.png,1,1,0.9811668701095654,FAKE,1007.4994917958975,1427,3
/workspace/benchmarks_ai_research/data/genimage/sd_1_4/imagenet_ai_0419_sdv4/val/nature/ILSVRC2012_val_00002471.JPEG,0,0,0.04672495862609242,REAL,393.8808236271143,382,2
/workspace/benchmarks_ai_research/data/genimage/sd_1_4/imagenet_ai_0419_sdv4/val/nature/ILSVRC2012_val_00012572.JPEG,0,0,0.13846179056896438,REAL,331.77899569272995,292,2
/workspace/benchmarks_ai_research/data/aigibench/sdxl/SDXL/1_fake/image_192.png,1,1,0.9952448000901669,FAKE,1006.1034634709358,1427,3
/workspace/benchmarks_ai_research/data/aigibench/sdxl/SDXL/1_fake/image_64.png,1,1,0.9998365352975459,FAKE,1002.4490710347891,1427,3
/workspace/benchmarks_ai_research/data/aigibench/sdxl/SDXL/1_fake/image_2327.png,1,1,0.9883127420043056,FAKE,1006.6851675510406,1427,3
/workspace/benchmarks_ai_research/data/aigibench/sdxl/SDXL/1_fake/image_1905.png,1,0,0.071541773477166,FAKE,1005.3334143012762,1427,3
/workspace/benchmarks_ai_research/data/aigibench/sdxl/SDXL/1_fake/image_2367.png,1,0,0.35577489351363034,REAL,942.8307451307774,1427,2
/workspace/benchmarks_ai_research/data/aigibench/sdxl/SDXL/1_fake/image_2701.png,1,1,0.9981613347123114,FAKE,1011.0499653965235,1427,3
/workspace/benchmarks_ai_research/data/aigibench/sdxl/SDXL/1_fake/image_153.png,1,1,0.9884918509356967,FAKE,1006.334662437439,1427,3
/workspace/benchmarks_ai_research/data/aigibench/sdxl/SDXL/1_fake/image_3966.png,1,1,0.9935117304033434,FAKE,1007.7894199639559,1427,3
/workspace/benchmarks_ai_research/data/aigibench/sdxl/SDXL/1_fake/image_2342.png,1,0,0.41489884579676883,REAL,940.0897771120071,1427,2
/workspace/benchmarks_ai_research/data/aigibench/sdxl/SDXL/1_fake/image_2079.png,1,0,0.08048127757213248,FAKE,1009.1843996196985,1427,3
/workspace/benchmarks_ai_research/data/genimage/sd_1_4/imagenet_ai_0419_sdv4/val/nature/ILSVRC2012_val_00022041.JPEG,0,0,0.184767510648,REAL,292.2769393771887,179,2
/workspace/benchmarks_ai_research/data/aigibench/sdxl/SDXL/1_fake/image_3967.png,1,1,0.9407897492587141,FAKE,1007.3049739003181,1427,3
/workspace/benchmarks_ai_research/data/aigibench/sdxl/SDXL/1_fake/image_648.png,1,1,0.991554373058874,FAKE,1013.0503252148628,1427,3
/workspace/benchmarks_ai_research/data/genimage/sd_1_4/imagenet_ai_0419_sdv4/val/nature/ILSVRC2012_val_00013043.JPEG,0,0,0.014728613849722676,REAL,338.43548223376274,292,2
/workspace/benchmarks_ai_research/data/aigibench/sdxl/SDXL/1_fake/image_4406.png,1,1,0.9886682464686385,FAKE,1016.2643454968929,1427,3
/workspace/benchmarks_ai_research/data/aigibench/sdxl/SDXL/1_fake/image_3195.png,1,1,0.9777138144607745,FAKE,1020.0706515461206,1427,3
/workspace/benchmarks_ai_research/data/genimage/sd_1_4/imagenet_ai_0419_sdv4/val/nature/ILSVRC2012_val_00040293.JPEG,0,0,0.031143830534778462,REAL,329.2901758104563,292,2
/workspace/benchmarks_ai_research/data/aigibench/sdxl/SDXL/1_fake/image_716.png,1,1,0.9817357216481429,FAKE,1004.7767162322998,1427,3
/workspace/benchmarks_ai_research/data/genimage/sd_1_4/imagenet_ai_0419_sdv4/val/nature/ILSVRC2012_val_00048643.JPEG,0,0,0.1500288243424251,REAL,372.23387509584427,338,2
/workspace/benchmarks_ai_research/data/genimage/sd_1_4/imagenet_ai_0419_sdv4/val/nature/ILSVRC2012_val_00014948.JPEG,0,0,0.011869121046339474,REAL,340.04861675202847,292,2
/workspace/benchmarks_ai_research/data/genimage/sd_1_4/imagenet_ai_0419_sdv4/val/nature/ILSVRC2012_val_00031809.JPEG,0,0,0.020332353342658753,REAL,288.3229274302721,184,2
/workspace/benchmarks_ai_research/data/aigibench/sdxl/SDXL/1_fake/image_2669.png,1,1,0.9706877692486436,FAKE,1006.955286487937,1427,3
/workspace/benchmarks_ai_research/data/aigibench/sdxl/SDXL/1_fake/image_4371.png,1,1,0.9669140216112958,FAKE,1003.8076899945736,1427,3
/workspace/benchmarks_ai_research/data/genimage/sd_1_4/imagenet_ai_0419_sdv4/val/nature/ILSVRC2012_val_00019153.JPEG,0,0,0.0020190139004485808,REAL,369.4923799484968,328,2
/workspace/benchmarks_ai_research/data/aigibench/sdxl/SDXL/1_fake/image_1291.png,1,0,0.07325307769642024,FAKE,1011.2299490720034,1427,3
/workspace/benchmarks_ai_research/data/genimage/sd_1_4/imagenet_ai_0419_sdv4/val/nature/ILSVRC2012_val_00008462.JPEG,0,0,0.037326887344129464,REAL,332.2912007570267,310,2
/workspace/benchmarks_ai_research/data/genimage/sd_1_4/imagenet_ai_0419_sdv4/val/nature/ILSVRC2012_val_00021878.JPEG,0,0,0.03021458706739398,REAL,328.2630555331707,274,2
/workspace/benchmarks_ai_research/data/aigibench/sdxl/SDXL/1_fake/image_3316.png,1,1,0.9658995742876885,FAKE,1008.4581561386585,1427,3
/workspace/benchmarks_ai_research/data/aigibench/sdxl/SDXL/1_fake/image_1819.png,1,1,0.9989182847472744,FAKE,1004.3339319527149,1427,3
/workspace/benchmarks_ai_research/data/aigibench/sdxl/SDXL/1_fake/image_2544.png,1,1,0.9843363512883317,FAKE,1009.0191401541233,1427,3
/workspace/benchmarks_ai_research/data/genimage/sd_1_4/imagenet_ai_0419_sdv4/val/nature/ILSVRC2012_val_00033886.JPEG,0,0,0.0032730649706716308,REAL,329.45670560002327,274,2
/workspace/benchmarks_ai_research/data/aigibench/sdxl/SDXL/1_fake/image_1156.png,1,1,0.9879462204837635,FAKE,1010.718272998929,1427,3
/workspace/benchmarks_ai_research/data/genimage/sd_1_4/imagenet_ai_0419_sdv4/val/nature/ILSVRC2012_val_00017064.JPEG,0,0,0.00028240807799315707,REAL,301.36546306312084,238,2
/workspace/benchmarks_ai_research/data/aigibench/sdxl/SDXL/1_fake/image_1809.png,1,1,0.9873750507184357,FAKE,1005.3996704518795,1427,3
/workspace/benchmarks_ai_research/data/aigibench/sdxl/SDXL/1_fake/image_3588.png,1,1,0.9715639669551474,FAKE,1007.7362805604935,1427,3
/workspace/benchmarks_ai_research/data/aigibench/sdxl/SDXL/1_fake/image_4325.png,1,0,0.07188851302222513,FAKE,1004.1700601577759,1427,3
/workspace/benchmarks_ai_research/data/genimage/sd_1_4/imagenet_ai_0419_sdv4/val/nature/ILSVRC2012_val_00041308.JPEG,0,0,0.0005274784125231481,REAL,394.84430477023125,382,2
/workspace/benchmarks_ai_research/data/genimage/sd_1_4/imagenet_ai_0419_sdv4/val/nature/ILSVRC2012_val_00010140.JPEG,0,0,0.004007288945911384,REAL,326.8867526203394,292,2
/workspace/benchmarks_ai_research/data/genimage/sd_1_4/imagenet_ai_0419_sdv4/val/nature/ILSVRC2012_val_00034674.JPEG,0,0,0.008711384457705508,REAL,328.8778606802225,310,2
/workspace/benchmarks_ai_research/data/aigibench/sdxl/SDXL/1_fake/image_40.png,1,1,0.9990889488055994,FAKE,1005.2303522825241,1427,3
/workspace/benchmarks_ai_research/data/aigibench/sdxl/SDXL/1_fake/image_601.png,1,1,0.9995955185021579,FAKE,1005.9208553284407,1427,3
/workspace/benchmarks_ai_research/data/aigibench/sdxl/SDXL/1_fake/image_3449.png,1,1,0.9799765587105447,FAKE,1004.7612693160772,1427,3
/workspace/benchmarks_ai_research/data/aigibench/sdxl/SDXL/1_fake/image_1173.png,1,1,0.9755769099458929,FAKE,1005.3052082657814,1427,3
/workspace/benchmarks_ai_research/data/aigibench/sdxl/SDXL/1_fake/image_467.png,1,1,0.927363293639213,FAKE,1004.9704890698195,1427,3
/workspace/benchmarks_ai_research/data/aigibench/sdxl/SDXL/1_fake/image_3040.png,1,1,0.9790357591818724,FAKE,1009.7413789480925,1427,3
/workspace/benchmarks_ai_research/data/aigibench/sdxl/SDXL/1_fake/image_1171.png,1,1,0.9976768374773688,FAKE,1006.8619288504124,1427,3
/workspace/benchmarks_ai_research/data/aigibench/sdxl/SDXL/1_fake/image_3301.png,1,1,0.988841968751916,FAKE,1005.2090007811785,1427,3
/workspace/benchmarks_ai_research/data/genimage/sd_1_4/imagenet_ai_0419_sdv4/val/nature/ILSVRC2012_val_00030927.JPEG,0,0,0.009859855303538789,REAL,342.5054866820574,292,2
/workspace/benchmarks_ai_research/data/aigibench/sdxl/SDXL/1_fake/image_608.png,1,1,0.9904406006529085,FAKE,1005.0043929368258,1427,3
/workspace/benchmarks_ai_research/data/aigibench/sdxl/SDXL/1_fake/image_2491.png,1,1,0.992767236196521,FAKE,1006.5880306065083,1427,3
/workspace/benchmarks_ai_research/data/genimage/sd_1_4/imagenet_ai_0419_sdv4/val/nature/ILSVRC2012_val_00045606.JPEG,0,0,0.007232763803479049,REAL,337.62507885694504,274,2
/workspace/benchmarks_ai_research/data/genimage/sd_1_4/imagenet_ai_0419_sdv4/val/nature/ILSVRC2012_val_00006092.JPEG,0,0,0.001455062938532843,REAL,486.2615689635277,585,2
/workspace/benchmarks_ai_research/data/genimage/sd_1_4/imagenet_ai_0419_sdv4/val/nature/ILSVRC2012_val_00001309.JPEG,0,0,0.004905405705722035,REAL,327.80166529119015,274,2
/workspace/benchmarks_ai_research/data/genimage/sd_1_4/imagenet_ai_0419_sdv4/val/nature/ILSVRC2012_val_00026954.JPEG,0,0,0.018546564512117298,REAL,374.4481559842825,328,2
/workspace/benchmarks_ai_research/data/aigibench/sdxl/SDXL/1_fake/image_2776.png,1,0,0.07406537105194919,FAKE,1011.2245846539736,1427,3
/workspace/benchmarks_ai_research/data/genimage/sd_1_4/imagenet_ai_0419_sdv4/val/nature/ILSVRC2012_val_00049328.JPEG,0,0,0.013222821752305148,REAL,335.8960244804621,292,2
/workspace/benchmarks_ai_research/data/aigibench/sdxl/SDXL/1_fake/image_4296.png,1,1,0.9994296842929216,FAKE,1006.2892884016037,1427,3
/workspace/benchmarks_ai_research/data/genimage/sd_1_4/imagenet_ai_0419_sdv4/val/nature/ILSVRC2012_val_00022402.JPEG,0,0,0.0030753698500482337,REAL,329.7805953770876,274,2
/workspace/benchmarks_ai_research/data/aigibench/sdxl/SDXL/1_fake/image_2101.png,1,1,0.9867771782476948,FAKE,1006.2748547643423,1427,3
/workspace/benchmarks_ai_research/data/genimage/sd_1_4/imagenet_ai_0419_sdv4/val/nature/ILSVRC2012_val_00036719.JPEG,0,0,0.014281933925111153,REAL,339.52992781996727,310,2
/workspace/benchmarks_ai_research/data/genimage/sd_1_4/imagenet_ai_0419_sdv4/val/nature/ILSVRC2012_val_00034279.JPEG,0,0,0.02595735719779685,REAL,282.09007531404495,139,2
/workspace/benchmarks_ai_research/data/aigibench/sdxl/SDXL/1_fake/image_418.png,1,1,0.9991306326071938,FAKE,1007.3770135641098,1427,3
/workspace/benchmarks_ai_research/data/aigibench/sdxl/SDXL/1_fake/image_1771.png,1,0,0.08279618250927369,FAKE,1005.8511439710855,1427,3
/workspace/benchmarks_ai_research/data/aigibench/sdxl/SDXL/1_fake/image_3141.png,1,1,0.9961155234512341,FAKE,1005.3289979696274,1427,3
/workspace/benchmarks_ai_research/data/aigibench/sdxl/SDXL/1_fake/image_833.png,1,1,0.9925393565360598,FAKE,1010.2899968624115,1427,3
/workspace/benchmarks_ai_research/data/aigibench/sdxl/SDXL/1_fake/image_1647.png,1,1,0.9975273768433653,FAKE,1004.6039409935474,1427,3
/workspace/benchmarks_ai_research/data/genimage/sd_1_4/imagenet_ai_0419_sdv4/val/nature/ILSVRC2012_val_00016307.JPEG,0,0,0.008847355082930386,REAL,746.2909538298845,1168,2
/workspace/benchmarks_ai_research/data/aigibench/sdxl/SDXL/1_fake/image_640.png,1,1,0.9799765587105447,FAKE,1004.8443954437971,1427,3
/workspace/benchmarks_ai_research/data/aigibench/sdxl/SDXL/1_fake/image_3754.png,1,1,0.994269753485008,FAKE,1007.734889164567,1427,3
/workspace/benchmarks_ai_research/data/aigibench/sdxl/SDXL/1_fake/image_3693.png,1,0,0.07861543597742271,FAKE,1007.1820188313723,1427,3
/workspace/benchmarks_ai_research/data/aigibench/sdxl/SDXL/1_fake/image_1559.png,1,1,0.9693241982893259,FAKE,1008.0339089035988,1427,3
/workspace/benchmarks_ai_research/data/aigibench/sdxl/SDXL/1_fake/image_718.png,1,1,0.9975273768433653,FAKE,1006.6951271146536,1427,3
/workspace/benchmarks_ai_research/data/aigibench/sdxl/SDXL/1_fake/image_2624.png,1,1,0.9697854129326061,FAKE,1005.1660742610693,1427,3
/workspace/benchmarks_ai_research/data/aigibench/sdxl/SDXL/1_fake/image_1427.png,1,1,0.9977127723941301,FAKE,1007.4665322899818,1427,3
/workspace/benchmarks_ai_research/data/aigibench/sdxl/SDXL/1_fake/image_3592.png,1,0,0.0755588071795428,FAKE,1008.7284650653601,1427,3
/workspace/benchmarks_ai_research/data/aigibench/sdxl/SDXL/1_fake/image_2552.png,1,1,0.9669140216112958,FAKE,1005.2684117108583,1427,3
/workspace/benchmarks_ai_research/data/aigibench/sdxl/SDXL/1_fake/image_218.png,1,1,0.9988486004343227,FAKE,1004.0674358606339,1427,3
/workspace/benchmarks_ai_research/data/aigibench/sdxl/SDXL/1_fake/image_3048.png,1,1,0.9811668701095654,FAKE,1008.0508384853601,1427,3
/workspace/benchmarks_ai_research/data/aigibench/sdxl/SDXL/1_fake/image_723.png,1,1,0.9861513897844354,FAKE,1010.3172790259123,1427,3
/workspace/benchmarks_ai_research/data/aigibench/sdxl/SDXL/1_fake/image_4072.png,1,0,0.07018239710355961,FAKE,1009.576391428709,1427,3
/workspace/benchmarks_ai_research/data/genimage/sd_1_4/imagenet_ai_0419_sdv4/val/nature/ILSVRC2012_val_00047441.JPEG,0,0,0.008315778477474129,REAL,340.2810227125883,274,2
/workspace/benchmarks_ai_research/data/genimage/sd_1_4/imagenet_ai_0419_sdv4/val/nature/ILSVRC2012_val_00035395.JPEG,0,0,0.0044683842664911206,REAL,329.4791653752327,310,2
/workspace/benchmarks_ai_research/data/aigibench/sdxl/SDXL/1_fake/image_3425.png,1,1,0.9877587247081928,FAKE,1004.9525406211615,1427,3
/workspace/benchmarks_ai_research/data/genimage/sd_1_4/imagenet_ai_0419_sdv4/val/nature/ILSVRC2012_val_00012824.JPEG,0,0,0.015189048807983947,REAL,383.90718773007393,449,2
/workspace/benchmarks_ai_research/data/aigibench/sdxl/SDXL/1_fake/image_4283.png,1,1,0.9953904278206259,FAKE,1006.0387533158064,1427,3
/workspace/benchmarks_ai_research/data/aigibench/sdxl/SDXL/1_fake/image_2005.png,1,1,0.9879462204837635,FAKE,1007.0833656936884,1427,3
/workspace/benchmarks_ai_research/data/aigibench/sdxl/SDXL/1_fake/image_3369.png,1,1,0.9879462204837635,FAKE,1006.6672936081886,1427,3
/workspace/benchmarks_ai_research/data/aigibench/sdxl/SDXL/1_fake/image_2699.png,1,1,0.9895109087400621,FAKE,1005.7572647929192,1427,3
/workspace/benchmarks_ai_research/data/aigibench/sdxl/SDXL/1_fake/image_4074.png,1,1,0.9511422213778251,FAKE,1008.2839969545603,1427,3
/workspace/benchmarks_ai_research/data/genimage/sd_1_4/imagenet_ai_0419_sdv4/val/nature/ILSVRC2012_val_00021920.JPEG,0,0,0.001524786391225749,REAL,325.65630227327347,146,2
/workspace/benchmarks_ai_research/data/genimage/sd_1_4/imagenet_ai_0419_sdv4/val/nature/ILSVRC2012_val_00028239.JPEG,0,0,0.007577241267860811,REAL,376.5433207154274,310,2
/workspace/benchmarks_ai_research/data/genimage/sd_1_4/imagenet_ai_0419_sdv4/val/nature/ILSVRC2012_val_00024761.JPEG,0,0,0.009412589587609823,REAL,329.09224927425385,292,2
/workspace/benchmarks_ai_research/data/aigibench/sdxl/SDXL/1_fake/image_4199.png,1,0,0.07259913486788298,FAKE,1005.9108156710863,1427,3
/workspace/benchmarks_ai_research/data/aigibench/sdxl/SDXL/1_fake/image_1248.png,1,1,0.9845754479181588,FAKE,1005.2877403795719,1427,3
/workspace/benchmarks_ai_research/data/aigibench/sdxl/SDXL/1_fake/image_1688.png,1,1,0.9912886155422945,FAKE,1022.5813407450914,1427,3
/workspace/benchmarks_ai_research/data/aigibench/sdxl/SDXL/1_fake/image_1964.png,1,0,0.07303871452542206,FAKE,1008.5165183991194,1427,3
/workspace/benchmarks_ai_research/data/aigibench/sdxl/SDXL/1_fake/image_1003.png,1,1,0.9817357216481429,FAKE,1006.6259484738111,1427,3
/workspace/benchmarks_ai_research/data/aigibench/sdxl/SDXL/1_fake/image_1251.png,1,1,0.9875683491468141,FAKE,1006.0386508703232,1427,3
/workspace/benchmarks_ai_research/data/aigibench/sdxl/SDXL/1_fake/image_2500.png,1,1,0.9989012689270753,FAKE,1002.6092194020748,1427,3
/workspace/benchmarks_ai_research/data/genimage/sd_1_4/imagenet_ai_0419_sdv4/val/nature/ILSVRC2012_val_00042925.JPEG,0,0,0.2068940488158881,REAL,289.38441537320614,157,2
/workspace/benchmarks_ai_research/data/aigibench/sdxl/SDXL/1_fake/image_1089.png,1,1,0.9978842965994068,FAKE,1007.0578753948212,1427,3
/workspace/benchmarks_ai_research/data/aigibench/sdxl/SDXL/1_fake/image_3981.png,1,0,0.0727119352651472,FAKE,1004.3937005102634,1427,3
/workspace/benchmarks_ai_research/data/aigibench/sdxl/SDXL/1_fake/image_87.png,1,1,0.9953904278206259,FAKE,1007.4226446449757,1427,3
/workspace/benchmarks_ai_research/data/aigibench/sdxl/SDXL/1_fake/image_4635.png,1,1,0.9591542840900507,FAKE,1009.6629783511162,1427,3
/workspace/benchmarks_ai_research/data/aigibench/sdxl/SDXL/1_fake/image_2529.png,1,1,0.9294404038127071,FAKE,1025.0434428453445,1427,3
/workspace/benchmarks_ai_research/data/aigibench/sdxl/SDXL/1_fake/image_710.png,1,1,0.9343951625409306,FAKE,1008.866336196661,1427,3
/workspace/benchmarks_ai_research/data/aigibench/sdxl/SDXL/1_fake/image_3947.png,1,1,0.9994887420950092,FAKE,1012.0228491723537,1427,3
/workspace/benchmarks_ai_research/data/aigibench/sdxl/SDXL/1_fake/image_1107.png,1,1,0.9759464471055739,FAKE,1009.2891342937946,1427,3
/workspace/benchmarks_ai_research/data/genimage/sd_1_4/imagenet_ai_0419_sdv4/val/nature/ILSVRC2012_val_00030592.JPEG,0,0,0.005730246514992079,REAL,335.67175827920437,292,2
/workspace/benchmarks_ai_research/data/genimage/sd_1_4/imagenet_ai_0419_sdv4/val/nature/ILSVRC2012_val_00004181.JPEG,0,0,0.029312230751356316,REAL,333.16326327621937,310,2
/workspace/benchmarks_ai_research/data/aigibench/sdxl/SDXL/1_fake/image_1550.png,1,0,0.06678914012449176,FAKE,1008.0311391502619,1427,3
/workspace/benchmarks_ai_research/data/aigibench/sdxl/SDXL/1_fake/image_1151.png,1,1,0.9953181774756662,FAKE,1008.5346382111311,1427,3
/workspace/benchmarks_ai_research/data/aigibench/sdxl/SDXL/1_fake/image_742.png,1,1,0.9706877692486436,FAKE,1007.0922691375017,1427,3
/workspace/benchmarks_ai_research/data/aigibench/sdxl/SDXL/1_fake/image_1520.png,1,1,0.9304582554941719,FAKE,1005.3871124982834,1427,3
/workspace/benchmarks_ai_research/data/aigibench/sdxl/SDXL/1_fake/image_550.png,1,0,0.07362013576864782,FAKE,1009.947432205081,1427,3
/workspace/benchmarks_ai_research/data/genimage/sd_1_4/imagenet_ai_0419_sdv4/val/nature/ILSVRC2012_val_00047380.JPEG,0,0,0.06008665017400762,REAL,304.72455732524395,202,2
/workspace/benchmarks_ai_research/data/genimage/sd_1_4/imagenet_ai_0419_sdv4/val/nature/ILSVRC2012_val_00020344.JPEG,0,0,0.022629200033037256,REAL,282.6721891760826,162,2
/workspace/benchmarks_ai_research/data/aigibench/sdxl/SDXL/1_fake/image_4525.png,1,1,0.9975656179914948,FAKE,1005.6092217564583,1427,3
/workspace/benchmarks_ai_research/data/aigibench/sdxl/SDXL/1_fake/image_4497.png,1,1,0.9777138144607745,FAKE,1007.4289683252573,1427,3
/workspace/benchmarks_ai_research/data/aigibench/sdxl/SDXL/1_fake/image_2681.png,1,0,0.1561048974454574,REAL,943.8470415771008,1427,2
/workspace/benchmarks_ai_research/data/aigibench/sdxl/SDXL/1_fake/image_898.png,1,1,0.9987355780553607,FAKE,1005.8266911655664,1427,3
/workspace/benchmarks_ai_research/data/aigibench/sdxl/SDXL/1_fake/image_726.png,1,1,0.9972423776326046,FAKE,1007.6176729053259,1427,3
/workspace/benchmarks_ai_research/data/genimage/sd_1_4/imagenet_ai_0419_sdv4/val/nature/ILSVRC2012_val_00016482.JPEG,0,0,0.24220562872535945,REAL,335.05929261446,292,2
/workspace/benchmarks_ai_research/data/genimage/sd_1_4/imagenet_ai_0419_sdv4/val/nature/ILSVRC2012_val_00033988.JPEG,0,0,0.0010005044009099887,REAL,330.99386654794216,305,2
/workspace/benchmarks_ai_research/data/aigibench/sdxl/SDXL/1_fake/image_1575.png,1,1,0.995929862284104,FAKE,1008.9933164417744,1427,3
/workspace/benchmarks_ai_research/data/aigibench/sdxl/SDXL/1_fake/image_2187.png,1,1,0.9999443779372634,FAKE,1009.3481913208961,1427,3
/workspace/benchmarks_ai_research/data/aigibench/sdxl/SDXL/1_fake/image_1764.png,1,0,0.0769344185276299,FAKE,1004.5688599348068,1427,3
/workspace/benchmarks_ai_research/data/aigibench/sdxl/SDXL/1_fake/image_3733.png,1,1,0.9688561694652216,FAKE,1004.1102319955826,1427,3
/workspace/benchmarks_ai_research/data/aigibench/sdxl/SDXL/1_fake/image_190.png,1,1,0.9933071490757153,FAKE,1007.0862583816051,1427,3
/workspace/benchmarks_ai_research/data/aigibench/sdxl/SDXL/1_fake/image_3963.png,1,1,0.9857180660748888,FAKE,1010.6304548680782,1427,3
/workspace/benchmarks_ai_research/data/aigibench/sdxl/SDXL/1_fake/image_3168.png,1,0,0.0758712514251495,FAKE,1011.1638568341732,1427,3
/workspace/benchmarks_ai_research/data/aigibench/sdxl/SDXL/1_fake/image_1407.png,1,1,0.9985449370614672,FAKE,1008.5350684821606,1427,3
/workspace/benchmarks_ai_research/data/aigibench/sdxl/SDXL/1_fake/image_2716.png,1,1,0.9863631647185701,FAKE,1018.8786182552576,1427,3
/workspace/benchmarks_ai_research/data/aigibench/sdxl/SDXL/1_fake/image_1404.png,1,1,0.9873750507184357,FAKE,1010.0086200982332,1427,3
/workspace/benchmarks_ai_research/data/genimage/sd_1_4/imagenet_ai_0419_sdv4/val/nature/ILSVRC2012_val_00026338.JPEG,0,0,0.005220125693558397,REAL,333.5325215011835,292,2
/workspace/benchmarks_ai_research/data/aigibench/sdxl/SDXL/1_fake/image_2980.png,1,0,0.07907479359359583,FAKE,1012.9149034619331,1427,3
/workspace/benchmarks_ai_research/data/aigibench/sdxl/SDXL/1_fake/image_3564.png,1,1,0.998774432551617,FAKE,1007.7966712415218,1427,3
/workspace/benchmarks_ai_research/data/aigibench/sdxl/SDXL/1_fake/image_3311.png,1,1,0.9532750413739076,FAKE,1007.4899233877659,1427,3
/workspace/benchmarks_ai_research/data/aigibench/sdxl/SDXL/1_fake/image_4112.png,1,1,0.9793540692607815,FAKE,1004.9127638339996,1427,3
/workspace/benchmarks_ai_research/data/genimage/sd_1_4/imagenet_ai_0419_sdv4/val/nature/ILSVRC2012_val_00026935.JPEG,0,0,0.036769466075598736,REAL,477.4930141866207,541,2
/workspace/benchmarks_ai_research/data/genimage/sd_1_4/imagenet_ai_0419_sdv4/val/nature/ILSVRC2012_val_00019775.JPEG,0,0,0.019124036750888904,REAL,298.63989539444447,238,2
/workspace/benchmarks_ai_research/data/genimage/sd_1_4/imagenet_ai_0419_sdv4/val/nature/ILSVRC2012_val_00028465.JPEG,0,0,0.07858849921549334,FAKE,396.4954037219286,292,3
/workspace/benchmarks_ai_research/data/genimage/sd_1_4/imagenet_ai_0419_sdv4/val/nature/ILSVRC2012_val_00005559.JPEG,0,0,0.001432536594710079,REAL,393.42980831861496,382,2
/workspace/benchmarks_ai_research/data/aigibench/sdxl/SDXL/1_fake/image_3248.png,1,1,0.9780517462851323,FAKE,1009.6597168594599,1427,3
/workspace/benchmarks_ai_research/data/aigibench/sdxl/SDXL/1_fake/image_880.png,1,1,0.9867771782476948,FAKE,1013.1046324968338,1427,3
/workspace/benchmarks_ai_research/data/genimage/sd_1_4/imagenet_ai_0419_sdv4/val/nature/ILSVRC2012_val_00016678.JPEG,0,0,0.002590979364429334,REAL,334.60572361946106,292,2
/workspace/benchmarks_ai_research/data/aigibench/sdxl/SDXL/1_fake/image_3009.png,1,1,0.9956684979794361,FAKE,1028.9281234145164,1427,3
/workspace/benchmarks_ai_research/data/aigibench/sdxl/SDXL/1_fake/image_4227.png,1,1,0.9967269350293284,FAKE,1006.9084744900465,1427,3
/workspace/benchmarks_ai_research/data/genimage/sd_1_4/imagenet_ai_0419_sdv4/val/nature/ILSVRC2012_val_00046995.JPEG,0,0,0.05749327880038583,REAL,333.7701912969351,282,2
/workspace/benchmarks_ai_research/data/genimage/sd_1_4/imagenet_ai_0419_sdv4/val/nature/ILSVRC2012_val_00032193.JPEG,0,0,0.001987774212383911,REAL,299.78726990520954,198,2
/workspace/benchmarks_ai_research/data/aigibench/sdxl/SDXL/1_fake/image_2123.png,1,0,0.07562381464467424,FAKE,1008.8120512664318,1427,3
/workspace/benchmarks_ai_research/data/aigibench/sdxl/SDXL/1_fake/image_1584.png,1,1,0.9728307684643189,FAKE,1005.4312627762556,1427,3
/workspace/benchmarks_ai_research/data/aigibench/sdxl/SDXL/1_fake/image_3153.png,1,0,0.07729185452614329,FAKE,1008.423175662756,1427,3
/workspace/benchmarks_ai_research/data/aigibench/sdxl/SDXL/1_fake/image_842.png,1,1,0.9719924793940118,FAKE,1009.2864725738764,1427,3
/workspace/benchmarks_ai_research/data/aigibench/sdxl/SDXL/1_fake/image_982.png,1,1,0.9899864293768268,FAKE,1008.3306729793549,1427,3
/workspace/benchmarks_ai_research/data/genimage/sd_1_4/imagenet_ai_0419_sdv4/val/nature/ILSVRC2012_val_00047388.JPEG,0,0,0.025565213923269593,REAL,333.64864252507687,292,2
/workspace/benchmarks_ai_research/data/genimage/sd_1_4/imagenet_ai_0419_sdv4/val/nature/ILSVRC2012_val_00027350.JPEG,0,0,0.10970577387797076,REAL,329.1607163846493,310,2
/workspace/benchmarks_ai_research/data/genimage/sd_1_4/imagenet_ai_0419_sdv4/val/nature/ILSVRC2012_val_00017270.JPEG,0,0,0.0011695102650555148,REAL,300.1613710075617,211,2
/workspace/benchmarks_ai_research/data/aigibench/sdxl/SDXL/1_fake/image_2947.png,1,1,0.9946150620382221,FAKE,1009.9143888801336,1427,3
/workspace/benchmarks_ai_research/data/aigibench/sdxl/SDXL/1_fake/image_1562.png,1,1,0.9951702782541956,FAKE,1009.9465195089579,1427,3
/workspace/benchmarks_ai_research/data/genimage/sd_1_4/imagenet_ai_0419_sdv4/val/nature/ILSVRC2012_val_00006983.JPEG,0,0,0.0034834241930806675,REAL,393.90499517321587,382,2
/workspace/benchmarks_ai_research/data/genimage/sd_1_4/imagenet_ai_0419_sdv4/val/nature/ILSVRC2012_val_00009214.JPEG,0,0,0.008711384457705508,REAL,327.75724679231644,292,2
/workspace/benchmarks_ai_research/data/aigibench/sdxl/SDXL/1_fake/image_3286.png,1,1,0.98504291340685,FAKE,1008.7161287665367,1427,3
/workspace/benchmarks_ai_research/data/aigibench/sdxl/SDXL/1_fake/image_3477.png,1,1,0.9934102283369194,FAKE,1004.6317931264639,1427,3
/workspace/benchmarks_ai_research/data/aigibench/sdxl/SDXL/1_fake/image_2709.png,1,1,0.9740426428022031,FAKE,1010.2433189749718,1427,3
/workspace/benchmarks_ai_research/data/genimage/sd_1_4/imagenet_ai_0419_sdv4/val/nature/ILSVRC2012_val_00041952.JPEG,0,0,0.036769466075598736,REAL,332.2581220418215,274,2
/workspace/benchmarks_ai_research/data/aigibench/sdxl/SDXL/1_fake/image_2165.png,1,1,0.9943580914999767,FAKE,1008.748572319746,1427,3
/workspace/benchmarks_ai_research/data/aigibench/sdxl/SDXL/1_fake/image_99.png,1,1,0.9969246301499518,FAKE,1005.0070304423571,1427,3
/workspace/benchmarks_ai_research/data/genimage/sd_1_4/imagenet_ai_0419_sdv4/val/nature/ILSVRC2012_val_00037694.JPEG,0,0,0.010013570623173138,REAL,392.4355711787939,382,2
/workspace/benchmarks_ai_research/data/aigibench/sdxl/SDXL/1_fake/image_2175.png,1,1,0.9780517462851323,FAKE,1012.1866445988417,1427,3
/workspace/benchmarks_ai_research/data/genimage/sd_1_4/imagenet_ai_0419_sdv4/val/nature/ILSVRC2012_val_00010913.JPEG,0,0,0.17781086947804958,REAL,302.592720836401,238,2
/workspace/benchmarks_ai_research/data/aigibench/sdxl/SDXL/1_fake/image_1244.png,1,1,0.9972423776326046,FAKE,1008.8874995708466,1427,3
/workspace/benchmarks_ai_research/data/aigibench/sdxl/SDXL/1_fake/image_1859.png,1,1,0.9899864293768268,FAKE,1006.4621958881617,1427,3
/workspace/benchmarks_ai_research/data/aigibench/sdxl/SDXL/1_fake/image_4580.png,1,1,0.9783846672373524,FAKE,1008.0173388123512,1427,3
/workspace/benchmarks_ai_research/data/aigibench/sdxl/SDXL/1_fake/image_1591.png,1,1,0.9458012701768145,FAKE,1010.3966780006886,1427,3
/workspace/benchmarks_ai_research/data/aigibench/sdxl/SDXL/1_fake/image_803.png,1,1,0.992988204618503,FAKE,1011.6274300962687,1427,3
/workspace/benchmarks_ai_research/data/aigibench/sdxl/SDXL/1_fake/image_4409.png,1,1,0.985496420308618,FAKE,1005.4676681756973,1427,3
/workspace/benchmarks_ai_research/data/genimage/sd_1_4/imagenet_ai_0419_sdv4/val/nature/ILSVRC2012_val_00014049.JPEG,0,0,0.006797531550373378,REAL,333.9572995901108,292,2
/workspace/benchmarks_ai_research/data/aigibench/sdxl/SDXL/1_fake/image_2758.png,1,1,0.9943580914999767,FAKE,1006.2770377844572,1427,3
/workspace/benchmarks_ai_research/data/genimage/sd_1_4/imagenet_ai_0419_sdv4/val/nature/ILSVRC2012_val_00020290.JPEG,0,0,0.0018969200744787132,REAL,378.7116967141628,328,2
/workspace/benchmarks_ai_research/data/aigibench/sdxl/SDXL/1_fake/image_4187.png,1,0,0.08184069172804433,FAKE,1008.0852694809437,1427,3
/workspace/benchmarks_ai_research/data/aigibench/sdxl/SDXL/1_fake/image_4631.png,1,1,0.9732407168145568,FAKE,1007.2844158858061,1427,3
/workspace/benchmarks_ai_research/data/genimage/sd_1_4/imagenet_ai_0419_sdv4/val/nature/ILSVRC2012_val_00046129.JPEG,0,0,0.02479816019558566,REAL,377.5449600070715,410,2
/workspace/benchmarks_ai_research/data/aigibench/sdxl/SDXL/1_fake/image_3145.png,1,0,0.07615867484362095,FAKE,1005.6279618293047,1427,3
/workspace/benchmarks_ai_research/data/aigibench/sdxl/SDXL/1_fake/image_2783.png,1,1,0.9918120900983038,FAKE,1007.7386908233166,1427,3
/workspace/benchmarks_ai_research/data/aigibench/sdxl/SDXL/1_fake/image_4634.png,1,1,0.9830850867332734,FAKE,1010.6062032282352,1427,3
/workspace/benchmarks_ai_research/data/aigibench/sdxl/SDXL/1_fake/image_1461.png,1,1,0.9995626655964818,FAKE,1008.3730723708868,1427,3
/workspace/benchmarks_ai_research/data/genimage/sd_1_4/imagenet_ai_0419_sdv4/val/nature/ILSVRC2012_val_00032742.JPEG,0,0,0.015663648711668327,REAL,332.19780027866364,310,2
/workspace/benchmarks_ai_research/data/genimage/sd_1_4/imagenet_ai_0419_sdv4/val/nature/ILSVRC2012_val_00049228.JPEG,0,0,0.0029810327298548972,REAL,327.1208181977272,292,2
/workspace/benchmarks_ai_research/data/aigibench/sdxl/SDXL/1_fake/image_3649.png,1,1,0.9591542840900507,FAKE,1008.023401722312,1427,3
/workspace/benchmarks_ai_research/data/aigibench/sdxl/SDXL/1_fake/image_475.png,1,1,0.9955316157335089,FAKE,1008.8787898421288,1427,3
/workspace/benchmarks_ai_research/data/genimage/sd_1_4/imagenet_ai_0419_sdv4/val/nature/ILSVRC2012_val_00040413.JPEG,0,0,0.12940273159163906,REAL,304.23895828425884,220,2
/workspace/benchmarks_ai_research/data/genimage/sd_1_4/imagenet_ai_0419_sdv4/val/nature/ILSVRC2012_val_00019281.JPEG,0,0,0.015663648711668327,REAL,490.0178052484989,609,2
/workspace/benchmarks_ai_research/data/aigibench/sdxl/SDXL/1_fake/image_3209.png,1,1,0.9808759632491112,FAKE,1006.1097089201212,1427,3
/workspace/benchmarks_ai_research/data/genimage/sd_1_4/imagenet_ai_0419_sdv4/val/nature/ILSVRC2012_val_00020545.JPEG,0,0,0.07528640886664828,FAKE,403.4466836601496,292,3
/workspace/benchmarks_ai_research/data/aigibench/sdxl/SDXL/1_fake/image_3463.png,1,1,0.9957353653078126,FAKE,1007.3216576129198,1427,3
/workspace/benchmarks_ai_research/data/aigibench/sdxl/SDXL/1_fake/image_2651.png,1,1,0.9904406006529085,FAKE,1009.3089397996664,1427,3
/workspace/benchmarks_ai_research/data/aigibench/sdxl/SDXL/1_fake/image_1715.png,1,0,0.07676287565763643,FAKE,1003.6766920238733,1427,3
/workspace/benchmarks_ai_research/data/aigibench/sdxl/SDXL/1_fake/image_3868.png,1,1,0.9546474194456936,FAKE,1004.8308651894331,1427,3
/workspace/benchmarks_ai_research/data/aigibench/sdxl/SDXL/1_fake/image_1153.png,1,1,0.9988304897349445,FAKE,1008.2244277000427,1427,3
/workspace/benchmarks_ai_research/data/genimage/sd_1_4/imagenet_ai_0419_sdv4/val/nature/ILSVRC2012_val_00000811.JPEG,0,0,0.013222821752305148,REAL,332.8431807458401,292,2
/workspace/benchmarks_ai_research/data/genimage/sd_1_4/imagenet_ai_0419_sdv4/val/nature/ILSVRC2012_val_00041770.JPEG,0,0,0.04742587317756679,REAL,392.8889948874712,352,2
/workspace/benchmarks_ai_research/data/aigibench/sdxl/SDXL/1_fake/image_3289.png,1,1,0.9939024378074247,FAKE,1006.8345963954926,1427,3
/workspace/benchmarks_ai_research/data/genimage/sd_1_4/imagenet_ai_0419_sdv4/val/nature/ILSVRC2012_val_00037211.JPEG,0,0,0.19193278644723683,REAL,294.54440623521805,212,2
/workspace/benchmarks_ai_research/data/aigibench/sdxl/SDXL/1_fake/image_4311.png,1,1,0.9763105287006256,FAKE,1009.1398786753416,1427,3
/workspace/benchmarks_ai_research/data/aigibench/sdxl/SDXL/1_fake/image_3852.png,1,1,0.9811668701095654,FAKE,1005.9773996472359,1427,3
/workspace/benchmarks_ai_research/data/genimage/sd_1_4/imagenet_ai_0419_sdv4/val/nature/ILSVRC2012_val_00022446.JPEG,0,0,0.010652510839726162,REAL,332.20270834863186,292,2
/workspace/benchmarks_ai_research/data/aigibench/sdxl/SDXL/1_fake/image_1201.png,1,1,0.9997175919220068,FAKE,1012.9871927201748,1427,3
/workspace/benchmarks_ai_research/data/genimage/sd_1_4/imagenet_ai_0419_sdv4/val/nature/ILSVRC2012_val_00033255.JPEG,0,0,0.00433150202056399,REAL,388.796528801322,346,2
/workspace/benchmarks_ai_research/data/aigibench/sdxl/SDXL/1_fake/image_1657.png,1,1,0.9817357216481429,FAKE,1008.4709599614143,1427,3
/workspace/benchmarks_ai_research/data/genimage/sd_1_4/imagenet_ai_0419_sdv4/val/nature/ILSVRC2012_val_00034521.JPEG,0,0,0.02194825371486785,REAL,330.08602634072304,292,2
/workspace/benchmarks_ai_research/data/genimage/sd_1_4/imagenet_ai_0419_sdv4/val/nature/ILSVRC2012_val_00020841.JPEG,0,0,0.0019267346633274755,REAL,328.52149568498135,292,2
/workspace/benchmarks_ai_research/data/genimage/sd_1_4/imagenet_ai_0419_sdv4/val/nature/ILSVRC2012_val_00017631.JPEG,0,0,0.0041987952714718675,REAL,327.38036662340164,274,2
/workspace/benchmarks_ai_research/data/aigibench/sdxl/SDXL/1_fake/image_611.png,1,1,0.9883127420043056,FAKE,1006.7118462175131,1427,3
/workspace/benchmarks_ai_research/data/genimage/sd_1_4/imagenet_ai_0419_sdv4/val/nature/ILSVRC2012_val_00048676.JPEG,0,0,0.005469274598698993,REAL,333.19372311234474,310,2
/workspace/benchmarks_ai_research/data/aigibench/sdxl/SDXL/1_fake/image_3092.png,1,1,0.9896718474806949,FAKE,1007.7051389962435,1427,3
/workspace/benchmarks_ai_research/data/aigibench/sdxl/SDXL/1_fake/image_824.png,1,1,0.9883127420043056,FAKE,1009.9599491804838,1427,3
/workspace/benchmarks_ai_research/data/genimage/sd_1_4/imagenet_ai_0419_sdv4/val/nature/ILSVRC2012_val_00018546.JPEG,0,0,0.05921025074128593,REAL,329.67464812099934,292,2
/workspace/benchmarks_ai_research/data/aigibench/sdxl/SDXL/1_fake/image_1603.png,1,1,0.9473810466522863,FAKE,1008.0823693424463,1427,3
/workspace/benchmarks_ai_research/data/aigibench/sdxl/SDXL/1_fake/image_609.png,1,1,0.9891815513471369,FAKE,1009.6812024712563,1427,3
/workspace/benchmarks_ai_research/data/aigibench/sdxl/SDXL/1_fake/image_2932.png,1,1,0.9755769099458929,FAKE,1010.5311069637537,1427,3
/workspace/benchmarks_ai_research/data/genimage/sd_1_4/imagenet_ai_0419_sdv4/val/nature/ILSVRC2012_val_00039222.JPEG,0,0,0.0008830458477845482,REAL,331.02921582758427,274,2
/workspace/benchmarks_ai_research/data/aigibench/sdxl/SDXL/1_fake/image_4649.png,1,1,0.9511422213778251,FAKE,1005.8575794100761,1427,3
/workspace/benchmarks_ai_research/data/aigibench/sdxl/SDXL/1_fake/image_3371.png,1,1,0.9626731126558706,FAKE,1006.7512337118387,1427,3
/workspace/benchmarks_ai_research/data/aigibench/sdxl/SDXL/1_fake/image_3529.png,1,1,0.9970189672701452,FAKE,1008.5538998246193,1427,3
/workspace/benchmarks_ai_research/data/aigibench/sdxl/SDXL/1_fake/image_2468.png,1,1,0.9978510507163746,FAKE,1005.5745020508766,1427,3
/workspace/benchmarks_ai_research/data/genimage/sd_1_4/imagenet_ai_0419_sdv4/val/nature/ILSVRC2012_val_00040159.JPEG,0,0,0.007121428745735101,REAL,332.49026350677013,292,2
/workspace/benchmarks_ai_research/data/aigibench/sdxl/SDXL/1_fake/image_1474.png,1,1,0.9724147177732099,FAKE,1005.2749905735254,1427,3
/workspace/benchmarks_ai_research/data/aigibench/sdxl/SDXL/1_fake/image_1610.png,1,1,0.9910145712474399,FAKE,1006.4226221293211,1427,3
/workspace/benchmarks_ai_research/data/aigibench/sdxl/SDXL/1_fake/image_834.png,1,1,0.9934102283369194,FAKE,1010.8639895915985,1427,3
/workspace/benchmarks_ai_research/data/aigibench/sdxl/SDXL/1_fake/image_3024.png,1,0,0.07710634666233157,FAKE,1006.1814039945602,1427,3
/workspace/benchmarks_ai_research/data/genimage/sd_1_4/imagenet_ai_0419_sdv4/val/nature/ILSVRC2012_val_00012629.JPEG,0,0,0.04146227271140963,REAL,335.2917805314064,292,2
/workspace/benchmarks_ai_research/data/aigibench/sdxl/SDXL/1_fake/image_2741.png,1,1,0.9961755163553627,FAKE,1007.0929247885942,1427,3
/workspace/benchmarks_ai_research/data/aigibench/sdxl/SDXL/1_fake/image_2677.png,1,1,0.999541687099365,FAKE,1007.5898934155703,1427,3
/workspace/benchmarks_ai_research/data/aigibench/sdxl/SDXL/1_fake/image_4361.png,1,1,0.9566342012360932,FAKE,1011.3068502396345,1427,3
/workspace/benchmarks_ai_research/data/aigibench/sdxl/SDXL/1_fake/image_2705.png,1,1,0.9908743626108194,FAKE,1006.5434593707323,1427,3
/workspace/benchmarks_ai_research/data/aigibench/sdxl/SDXL/1_fake/image_1524.png,1,1,0.9546474194456936,FAKE,1010.3758238255978,1427,3
/workspace/benchmarks_ai_research/data/aigibench/sdxl/SDXL/1_fake/image_610.png,1,1,0.9857180660748888,FAKE,1016.3528993725777,1427,3
/workspace/benchmarks_ai_research/data/aigibench/sdxl/SDXL/1_fake/image_1556.png,1,1,0.9980429830598053,FAKE,1015.5447591096163,1427,3
/workspace/benchmarks_ai_research/data/aigibench/sdxl/SDXL/1_fake/image_1825.png,1,1,0.9884918509356967,FAKE,1015.4400300234556,1427,3
/workspace/benchmarks_ai_research/data/aigibench/sdxl/SDXL/1_fake/image_1640.png,1,1,0.9896718474806949,FAKE,1016.3643527776003,1427,3
/workspace/benchmarks_ai_research/data/genimage/sd_1_4/imagenet_ai_0419_sdv4/val/nature/ILSVRC2012_val_00044906.JPEG,0,0,0.05500528829345415,REAL,527.44354121387,725,2
/workspace/benchmarks_ai_research/data/genimage/sd_1_4/imagenet_ai_0419_sdv4/val/nature/ILSVRC2012_val_00013320.JPEG,0,0,0.07529938977431871,FAKE,406.0705844312906,292,3
/workspace/benchmarks_ai_research/data/genimage/sd_1_4/imagenet_ai_0419_sdv4/val/nature/ILSVRC2012_val_00023262.JPEG,0,0,0.0018386652876885773,REAL,489.5833730697632,638,2
/workspace/benchmarks_ai_research/data/genimage/sd_1_4/imagenet_ai_0419_sdv4/val/nature/ILSVRC2012_val_00023736.JPEG,0,0,0.020645930739218447,REAL,335.6445673853159,310,2
/workspace/benchmarks_ai_research/data/aigibench/sdxl/SDXL/1_fake/image_480.png,1,1,0.9904406006529085,FAKE,1014.2839662730694,1427,3
/workspace/benchmarks_ai_research/data/genimage/sd_1_4/imagenet_ai_0419_sdv4/val/nature/ILSVRC2012_val_00000435.JPEG,0,0,0.06008665017400762,REAL,303.8565516471863,212,2
/workspace/benchmarks_ai_research/data/genimage/sd_1_4/imagenet_ai_0419_sdv4/val/nature/ILSVRC2012_val_00013417.JPEG,0,0,0.09947021388210707,REAL,331.86490647494793,292,2
/workspace/benchmarks_ai_research/data/aigibench/sdxl/SDXL/1_fake/image_4668.png,1,1,0.999183261895333,FAKE,1015.6945344060659,1427,3
/workspace/benchmarks_ai_research/data/aigibench/sdxl/SDXL/1_fake/image_4458.png,1,1,0.9759464471055739,FAKE,1023.6837137490511,1427,3
/workspace/benchmarks_ai_research/data/aigibench/sdxl/SDXL/1_fake/image_291.png,1,1,0.9933071490757153,FAKE,1016.3549240678549,1427,3
/workspace/benchmarks_ai_research/data/aigibench/sdxl/SDXL/1_fake/image_3913.png,1,1,0.9814534354878828,FAKE,1020.8781659603119,1427,3
/workspace/benchmarks_ai_research/data/genimage/sd_1_4/imagenet_ai_0419_sdv4/val/nature/ILSVRC2012_val_00001994.JPEG,0,0,0.0007437028637763687,REAL,309.02755819261074,256,2
/workspace/benchmarks_ai_research/data/genimage/sd_1_4/imagenet_ai_0419_sdv4/val/nature/ILSVRC2012_val_00046074.JPEG,0,0,0.035678550877730524,REAL,1609.992040321231,2452,2
/workspace/benchmarks_ai_research/data/aigibench/sdxl/SDXL/1_fake/image_563.png,1,1,0.9886682464686385,FAKE,1012.0579414069653,1427,3
/workspace/benchmarks_ai_research/data/aigibench/sdxl/SDXL/1_fake/image_3844.png,1,1,0.9993929244195585,FAKE,1004.9425810575485,1427,3
/workspace/benchmarks_ai_research/data/genimage/sd_1_4/imagenet_ai_0419_sdv4/val/nature/ILSVRC2012_val_00015459.JPEG,0,0,0.04023794262361602,REAL,332.15427957475185,274,2
/workspace/benchmarks_ai_research/data/aigibench/sdxl/SDXL/1_fake/image_1091.png,1,1,0.9783846672373524,FAKE,1007.0918910205364,1427,3
/workspace/benchmarks_ai_research/data/aigibench/sdxl/SDXL/1_fake/image_4633.png,1,1,0.9908743626108194,FAKE,1006.2489062547684,1427,3
/workspace/benchmarks_ai_research/data/aigibench/sdxl/SDXL/1_fake/image_2847.png,1,1,0.9770226300899744,FAKE,1006.1615817248821,1427,3
/workspace/benchmarks_ai_research/data/aigibench/sdxl/SDXL/1_fake/image_3874.png,1,1,0.9433475746920261,FAKE,1005.266472697258,1427,3
/workspace/benchmarks_ai_research/data/aigibench/sdxl/SDXL/1_fake/image_444.png,1,1,0.9952448000901669,FAKE,1004.1885860264301,1427,3
/workspace/benchmarks_ai_research/data/aigibench/sdxl/SDXL/1_fake/image_1010.png,1,1,0.9987355780553607,FAKE,1005.1604844629765,1427,3
/workspace/benchmarks_ai_research/data/aigibench/sdxl/SDXL/1_fake/image_2439.png,1,1,0.9728307684643189,FAKE,1003.4029595553875,1427,3
/workspace/benchmarks_ai_research/data/genimage/sd_1_4/imagenet_ai_0419_sdv4/val/nature/ILSVRC2012_val_00016220.JPEG,0,0,0.0007096703991005882,REAL,616.727065294981,946,2
/workspace/benchmarks_ai_research/data/aigibench/sdxl/SDXL/1_fake/image_4003.png,1,1,0.985496420308618,FAKE,1008.205508813262,1427,3
/workspace/benchmarks_ai_research/data/aigibench/sdxl/SDXL/1_fake/image_1983.png,1,1,0.9923043528216078,FAKE,1008.5423346608877,1427,3
/workspace/benchmarks_ai_research/data/genimage/sd_1_4/imagenet_ai_0419_sdv4/val/nature/ILSVRC2012_val_00028027.JPEG,0,0,0.005139611097568844,REAL,330.93344420194626,292,2
/workspace/benchmarks_ai_research/data/aigibench/sdxl/SDXL/1_fake/image_490.png,1,1,0.94815453335022,FAKE,1005.8770347386599,1427,3
/workspace/benchmarks_ai_research/data/genimage/sd_1_4/imagenet_ai_0419_sdv4/val/nature/ILSVRC2012_val_00029100.JPEG,0,0,0.014503579691381979,REAL,345.5878496170044,274,2
/workspace/benchmarks_ai_research/data/genimage/sd_1_4/imagenet_ai_0419_sdv4/val/nature/ILSVRC2012_val_00021962.JPEG,0,0,0.10818895456207035,REAL,384.9428240209818,474,2
/workspace/benchmarks_ai_research/data/genimage/sd_1_4/imagenet_ai_0419_sdv4/val/nature/ILSVRC2012_val_00035245.JPEG,0,0,0.0032730649706716308,REAL,326.7715610563755,292,2
/workspace/benchmarks_ai_research/data/genimage/sd_1_4/imagenet_ai_0419_sdv4/val/nature/ILSVRC2012_val_00005668.JPEG,0,0,0.002115703400593114,REAL,328.30252684652805,292,2
/workspace/benchmarks_ai_research/data/aigibench/sdxl/SDXL/1_fake/image_1527.png,1,1,0.9969246301499518,FAKE,1009.9294856190681,1427,3
/workspace/benchmarks_ai_research/data/genimage/sd_1_4/imagenet_ai_0419_sdv4/val/nature/ILSVRC2012_val_00034736.JPEG,0,0,0.016403032516163058,REAL,384.83922369778156,449,2
/workspace/benchmarks_ai_research/data/genimage/sd_1_4/imagenet_ai_0419_sdv4/val/nature/ILSVRC2012_val_00044649.JPEG,0,0,0.0446808702726502,REAL,327.32981257140636,292,2
/workspace/benchmarks_ai_research/data/genimage/sd_1_4/imagenet_ai_0419_sdv4/val/nature/ILSVRC2012_val_00014157.JPEG,0,0,0.021287351793451054,REAL,382.73557275533676,346,2
/workspace/benchmarks_ai_research/data/genimage/sd_1_4/imagenet_ai_0419_sdv4/val/nature/ILSVRC2012_val_00046483.JPEG,0,0,0.004133968090452445,REAL,330.1195316016674,274,2
/workspace/benchmarks_ai_research/data/aigibench/sdxl/SDXL/1_fake/image_531.png,1,1,0.9284088005554476,FAKE,1004.0241125971079,1427,3
/workspace/benchmarks_ai_research/data/aigibench/sdxl/SDXL/1_fake/image_3349.png,1,1,0.9615338079816756,FAKE,1005.1645897328854,1427,3
/workspace/benchmarks_ai_research/data/aigibench/sdxl/SDXL/1_fake/image_262.png,1,1,0.9859363729567544,FAKE,1006.6554490476847,1427,3
/workspace/benchmarks_ai_research/data/genimage/sd_1_4/imagenet_ai_0419_sdv4/val/nature/ILSVRC2012_val_00034915.JPEG,0,0,0.0034296039240944865,REAL,331.86766132712364,292,2
/workspace/benchmarks_ai_research/data/genimage/sd_1_4/imagenet_ai_0419_sdv4/val/nature/ILSVRC2012_val_00030259.JPEG,0,0,0.08882029240011771,REAL,369.92695555090904,328,2
/workspace/benchmarks_ai_research/data/aigibench/sdxl/SDXL/1_fake/image_2984.png,1,1,0.9830850867332734,FAKE,1007.1827713400126,1427,3
/workspace/benchmarks_ai_research/data/aigibench/sdxl/SDXL/1_fake/image_3045.png,1,1,0.9688561694652216,FAKE,1006.9813188165426,1427,3
/workspace/benchmarks_ai_research/data/genimage/sd_1_4/imagenet_ai_0419_sdv4/val/nature/ILSVRC2012_val_00045627.JPEG,0,0,0.0063883209097212856,REAL,330.82847855985165,292,2
/workspace/benchmarks_ai_research/data/genimage/sd_1_4/imagenet_ai_0419_sdv4/val/nature/ILSVRC2012_val_00030890.JPEG,0,0,0.05261895334771377,REAL,326.4164961874485,274,2
/workspace/benchmarks_ai_research/data/aigibench/sdxl/SDXL/1_fake/image_1663.png,1,1,0.9706877692486436,FAKE,1006.0044080018997,1427,3
/workspace/benchmarks_ai_research/data/aigibench/sdxl/SDXL/1_fake/image_4033.png,1,1,0.9997468436278489,FAKE,1007.1123708039522,1427,3
/workspace/benchmarks_ai_research/data/aigibench/sdxl/SDXL/1_fake/image_2046.png,1,1,0.9861513897844354,FAKE,1008.6336210370064,1427,3
/workspace/benchmarks_ai_research/data/aigibench/sdxl/SDXL/1_fake/image_3106.png,1,1,0.9294404038127071,FAKE,1003.7778858095407,1427,3
/workspace/benchmarks_ai_research/data/aigibench/sdxl/SDXL/1_fake/image_3156.png,1,1,0.994269753485008,FAKE,1006.6071841865778,1427,3
/workspace/benchmarks_ai_research/data/aigibench/sdxl/SDXL/1_fake/image_4343.png,1,1,0.9820137900379085,FAKE,1005.6120380759239,1427,3
/workspace/benchmarks_ai_research/data/aigibench/sdxl/SDXL/1_fake/image_37.png,1,1,0.9993638087890532,FAKE,1007.9624727368355,1427,3
/workspace/benchmarks_ai_research/data/aigibench/sdxl/SDXL/1_fake/image_808.png,1,1,0.983596967483837,FAKE,1008.0084595829248,1427,3
/workspace/benchmarks_ai_research/data/genimage/sd_1_4/imagenet_ai_0419_sdv4/val/nature/ILSVRC2012_val_00027893.JPEG,0,0,0.008445626941126032,REAL,330.1141280680895,274,2
/workspace/benchmarks_ai_research/data/aigibench/sdxl/SDXL/1_fake/image_3603.png,1,1,0.9609517072737735,FAKE,1004.6879854053259,1427,3
/workspace/benchmarks_ai_research/data/genimage/sd_1_4/imagenet_ai_0419_sdv4/val/nature/ILSVRC2012_val_00044199.JPEG,0,0,0.015663648711668327,REAL,327.8560321778059,292,2
/workspace/benchmarks_ai_research/data/aigibench/sdxl/SDXL/1_fake/image_2167.png,1,1,0.9978172835546547,FAKE,1005.0578657537699,1427,3
/workspace/benchmarks_ai_research/data/aigibench/sdxl/SDXL/1_fake/image_3607.png,1,1,0.983342959990771,FAKE,1009.3994475901127,1427,3
/workspace/benchmarks_ai_research/data/genimage/sd_1_4/imagenet_ai_0419_sdv4/val/nature/ILSVRC2012_val_00018122.JPEG,0,0,0.02843603304485266,REAL,330.1592357456684,292,2
/workspace/benchmarks_ai_research/data/aigibench/sdxl/SDXL/1_fake/image_1452.png,1,1,0.94815453335022,FAKE,1004.6975295990705,1427,3
/workspace/benchmarks_ai_research/data/genimage/sd_1_4/imagenet_ai_0419_sdv4/val/nature/ILSVRC2012_val_00021116.JPEG,0,0,0.24220562872535945,REAL,332.0278637111187,274,2
/workspace/benchmarks_ai_research/data/aigibench/sdxl/SDXL/1_fake/image_1460.png,1,1,0.9766692311915195,FAKE,1008.9014917612076,1427,3
/workspace/benchmarks_ai_research/data/aigibench/sdxl/SDXL/1_fake/image_2242.png,1,1,0.9919380084717284,FAKE,1008.0694071948528,1427,3
/workspace/benchmarks_ai_research/data/aigibench/sdxl/SDXL/1_fake/image_2863.png,1,0,0.06751156080005653,FAKE,1004.478195682168,1427,3
/workspace/benchmarks_ai_research/data/aigibench/sdxl/SDXL/1_fake/image_284.png,1,1,0.9643214491222695,FAKE,1008.3273220807314,1427,3
/workspace/benchmarks_ai_research/data/aigibench/sdxl/SDXL/1_fake/image_1272.png,1,0,0.07391244151058265,FAKE,1005.764415487647,1427,3
/workspace/benchmarks_ai_research/data/genimage/sd_1_4/imagenet_ai_0419_sdv4/val/nature/ILSVRC2012_val_00047774.JPEG,0,0,0.053403329799824234,REAL,463.8137426227331,533,2
/workspace/benchmarks_ai_research/data/genimage/sd_1_4/imagenet_ai_0419_sdv4/val/nature/ILSVRC2012_val_00020183.JPEG,0,0,0.017986209962091555,REAL,441.89152121543884,274,2
/workspace/benchmarks_ai_research/data/genimage/sd_1_4/imagenet_ai_0419_sdv4/val/nature/ILSVRC2012_val_00017567.JPEG,0,0,0.026759283185443145,REAL,324.92972165346146,292,2
/workspace/benchmarks_ai_research/data/genimage/sd_1_4/imagenet_ai_0419_sdv4/val/nature/ILSVRC2012_val_00024178.JPEG,0,0,0.0027149854690051763,REAL,297.55302891135216,212,2
/workspace/benchmarks_ai_research/data/genimage/sd_1_4/imagenet_ai_0419_sdv4/val/nature/ILSVRC2012_val_00030254.JPEG,0,0,0.06371499425196533,REAL,324.7237205505371,292,2
/workspace/benchmarks_ai_research/data/genimage/sd_1_4/imagenet_ai_0419_sdv4/val/nature/ILSVRC2012_val_00044812.JPEG,0,0,0.027169231535681047,REAL,382.90187530219555,466,2
/workspace/benchmarks_ai_research/data/genimage/sd_1_4/imagenet_ai_0419_sdv4/val/nature/ILSVRC2012_val_00012867.JPEG,0,0,0.08882029240011771,REAL,296.9440873712301,198,2
/workspace/benchmarks_ai_research/data/aigibench/sdxl/SDXL/1_fake/image_3559.png,1,1,0.9802808718926534,FAKE,1005.518589168787,1427,3
/workspace/benchmarks_ai_research/data/aigibench/sdxl/SDXL/1_fake/image_4425.png,1,1,0.9511422213778251,FAKE,1005.543963983655,1427,3
/workspace/benchmarks_ai_research/data/aigibench/sdxl/SDXL/1_fake/image_4440.png,1,1,0.9683812327313545,FAKE,1003.9014220237732,1427,3
/workspace/benchmarks_ai_research/data/genimage/sd_1_4/imagenet_ai_0419_sdv4/val/nature/ILSVRC2012_val_00048799.JPEG,0,0,0.013636835281429876,REAL,329.35761101543903,292,2
/workspace/benchmarks_ai_research/data/aigibench/sdxl/SDXL/1_fake/image_232.png,1,1,0.9923043528216078,FAKE,1029.6713504940271,1427,3
/workspace/benchmarks_ai_research/data/genimage/sd_1_4/imagenet_ai_0419_sdv4/val/nature/ILSVRC2012_val_00018913.JPEG,0,0,0.010818448652863185,REAL,329.43449541926384,274,2
/workspace/benchmarks_ai_research/data/genimage/sd_1_4/imagenet_ai_0419_sdv4/val/nature/ILSVRC2012_val_00029209.JPEG,0,0,0.004755199909833047,REAL,270.166601985693,112,2
/workspace/benchmarks_ai_research/data/genimage/sd_1_4/imagenet_ai_0419_sdv4/val/nature/ILSVRC2012_val_00025257.JPEG,0,0,0.06278920859705135,REAL,326.6273606568575,296,2
/workspace/benchmarks_ai_research/data/aigibench/sdxl/SDXL/1_fake/image_4043.png,1,1,0.9766692311915195,FAKE,1006.413884460926,1427,3
/workspace/benchmarks_ai_research/data/aigibench/sdxl/SDXL/1_fake/image_3147.png,1,1,0.9911526449170697,FAKE,1011.0045876353979,1427,3
/workspace/benchmarks_ai_research/data/aigibench/sdxl/SDXL/1_fake/image_2219.png,1,0,0.06862067504153957,FAKE,1012.1665056794882,1427,3
/workspace/benchmarks_ai_research/data/genimage/sd_1_4/imagenet_ai_0419_sdv4/val/nature/ILSVRC2012_val_00016399.JPEG,0,0,0.0062899021368924835,REAL,405.2452314645052,382,2
/workspace/benchmarks_ai_research/data/aigibench/sdxl/SDXL/1_fake/image_3728.png,1,1,0.9928785712542649,FAKE,1008.7806656956673,1427,3
/workspace/benchmarks_ai_research/data/aigibench/sdxl/SDXL/1_fake/image_2209.png,1,0,0.0688826784310207,FAKE,1006.0621052980423,1427,3
/workspace/benchmarks_ai_research/data/aigibench/sdxl/SDXL/1_fake/image_1258.png,1,1,0.9969246301499518,FAKE,1010.6009542942047,1427,3
/workspace/benchmarks_ai_research/data/genimage/sd_1_4/imagenet_ai_0419_sdv4/val/nature/ILSVRC2012_val_00033690.JPEG,0,0,0.010818448652863185,REAL,468.99740025401115,533,2
/workspace/benchmarks_ai_research/data/aigibench/sdxl/SDXL/1_fake/image_370.png,1,1,0.9978510507163746,FAKE,1007.8229550272226,1427,3
/workspace/benchmarks_ai_research/data/aigibench/sdxl/SDXL/1_fake/image_625.png,1,1,0.9871787857334058,FAKE,1005.2805040031672,1427,3
/workspace/benchmarks_ai_research/data/genimage/sd_1_4/imagenet_ai_0419_sdv4/val/nature/ILSVRC2012_val_00044774.JPEG,0,0,0.0062899021368924835,REAL,331.33106492459774,292,2
/workspace/benchmarks_ai_research/data/genimage/sd_1_4/imagenet_ai_0419_sdv4/val/nature/ILSVRC2012_val_00026770.JPEG,0,0,0.004007288945911384,REAL,394.0119706094265,364,2
/workspace/benchmarks_ai_research/data/aigibench/sdxl/SDXL/1_fake/image_3777.png,1,1,0.9353465116437761,FAKE,1008.123692125082,1427,3
/workspace/benchmarks_ai_research/data/genimage/sd_1_4/imagenet_ai_0419_sdv4/val/nature/ILSVRC2012_val_00017600.JPEG,0,0,0.002757622367395409,REAL,330.4545171558857,310,2
/workspace/benchmarks_ai_research/data/aigibench/sdxl/SDXL/1_fake/image_4040.png,1,1,0.9916842215225259,FAKE,1009.4397384673357,1427,3
/workspace/benchmarks_ai_research/data/genimage/sd_1_4/imagenet_ai_0419_sdv4/val/nature/ILSVRC2012_val_00041432.JPEG,0,0,0.001187905494116342,REAL,327.4012915790081,274,2
/workspace/benchmarks_ai_research/data/genimage/sd_1_4/imagenet_ai_0419_sdv4/val/nature/ILSVRC2012_val_00025301.JPEG,0,0,0.00433150202056399,REAL,464.1620106995106,534,2
/workspace/benchmarks_ai_research/data/aigibench/sdxl/SDXL/1_fake/image_454.png,1,1,0.9971550903350206,FAKE,1007.5581073760986,1427,3
/workspace/benchmarks_ai_research/data/aigibench/sdxl/SDXL/1_fake/image_455.png,1,1,0.9822877012965885,FAKE,1136.9831450283527,1427,3
/workspace/benchmarks_ai_research/data/aigibench/sdxl/SDXL/1_fake/image_3456.png,1,1,0.9843363512883317,FAKE,1003.0592996627092,1427,3
/workspace/benchmarks_ai_research/data/aigibench/sdxl/SDXL/1_fake/image_3679.png,1,0,0.07081623323913071,FAKE,1004.7953594475985,1427,3
/workspace/benchmarks_ai_research/data/aigibench/sdxl/SDXL/1_fake/image_1183.png,1,1,0.9964619139429115,FAKE,1011.0083632171154,1427,3
/workspace/benchmarks_ai_research/data/aigibench/sdxl/SDXL/1_fake/image_1455.png,1,1,0.9763105287006256,FAKE,1007.0871785283089,1427,3
/workspace/benchmarks_ai_research/data/aigibench/sdxl/SDXL/1_fake/image_2556.png,1,1,0.9780517462851323,FAKE,1008.5887499153614,1427,3
/workspace/benchmarks_ai_research/data/genimage/sd_1_4/imagenet_ai_0419_sdv4/val/nature/ILSVRC2012_val_00001252.JPEG,0,0,0.025178841700601855,REAL,332.13132433593273,292,2
/workspace/benchmarks_ai_research/data/aigibench/sdxl/SDXL/1_fake/image_3328.png,1,0,0.3621093211938859,REAL,940.1371199637651,1427,2
/workspace/benchmarks_ai_research/data/aigibench/sdxl/SDXL/1_fake/image_4104.png,1,0,0.07956380233389083,FAKE,1008.7364055216312,1427,3
/workspace/benchmarks_ai_research/data/aigibench/sdxl/SDXL/1_fake/image_673.png,1,1,0.9664104943498959,FAKE,1006.2481481581926,1427,3
/workspace/benchmarks_ai_research/data/genimage/sd_1_4/imagenet_ai_0419_sdv4/val/nature/ILSVRC2012_val_00027353.JPEG,0,0,0.0012644219446392272,REAL,330.88238537311554,292,2
/workspace/benchmarks_ai_research/data/aigibench/sdxl/SDXL/1_fake/image_2086.png,1,1,0.9920620058985926,FAKE,1006.6205374896526,1427,3
/workspace/benchmarks_ai_research/data/aigibench/sdxl/SDXL/1_fake/image_2097.png,1,1,0.9511422213778251,FAKE,1010.0773610174656,1427,3
/workspace/benchmarks_ai_research/data/genimage/sd_1_4/imagenet_ai_0419_sdv4/val/nature/ILSVRC2012_val_00008801.JPEG,0,0,0.006692850924284856,REAL,336.42678521573544,292,2
/workspace/benchmarks_ai_research/data/aigibench/sdxl/SDXL/1_fake/image_1145.png,1,1,0.9783846672373524,FAKE,1005.5140927433968,1427,3
/workspace/benchmarks_ai_research/data/genimage/sd_1_4/imagenet_ai_0419_sdv4/val/nature/ILSVRC2012_val_00021382.JPEG,0,0,0.0010649626720559452,REAL,326.4543693512678,292,2
/workspace/benchmarks_ai_research/data/aigibench/sdxl/SDXL/1_fake/image_906.png,1,0,0.06801683944811968,FAKE,1006.8875309079885,1427,3
/workspace/benchmarks_ai_research/data/genimage/sd_1_4/imagenet_ai_0419_sdv4/val/nature/ILSVRC2012_val_00028201.JPEG,0,0,0.06465348835622392,REAL,329.38823476433754,292,2
/workspace/benchmarks_ai_research/data/aigibench/sdxl/SDXL/1_fake/image_1770.png,1,1,0.9799765587105447,FAKE,1009.2032309621572,1427,3
/workspace/benchmarks_ai_research/data/aigibench/sdxl/SDXL/1_fake/image_1328.png,1,1,0.9989182847472744,FAKE,1007.9614073038101,1427,3
/workspace/benchmarks_ai_research/data/aigibench/sdxl/SDXL/1_fake/image_3191.png,1,1,0.998498817743263,FAKE,1006.6884681582451,1427,3
/workspace/benchmarks_ai_research/data/aigibench/sdxl/SDXL/1_fake/image_101.png,1,1,0.9808759632491112,FAKE,1009.2487633228302,1427,3
/workspace/benchmarks_ai_research/data/aigibench/sdxl/SDXL/1_fake/image_2388.png,1,1,0.9943580914999767,FAKE,1008.2148294895887,1427,3
/workspace/benchmarks_ai_research/data/genimage/sd_1_4/imagenet_ai_0419_sdv4/val/nature/ILSVRC2012_val_00018847.JPEG,0,0,0.0038244836446372104,REAL,336.0621314495802,292,2
/workspace/benchmarks_ai_research/data/aigibench/sdxl/SDXL/1_fake/image_2704.png,1,0,0.41295837122845924,REAL,942.1787597239017,1427,2
/workspace/benchmarks_ai_research/data/aigibench/sdxl/SDXL/1_fake/image_2223.png,1,1,0.9719924793940118,FAKE,1006.9146305322647,1427,3
/workspace/benchmarks_ai_research/data/aigibench/sdxl/SDXL/1_fake/image_1914.png,1,0,0.07456442921431003,FAKE,1004.1185319423676,1427,3
/workspace/benchmarks_ai_research/data/aigibench/sdxl/SDXL/1_fake/image_90.png,1,1,0.9999023843393975,FAKE,1006.9688055664301,1427,3
/workspace/benchmarks_ai_research/data/aigibench/sdxl/SDXL/1_fake/image_909.png,1,1,0.9343951625409306,FAKE,1011.5259755402803,1427,3
/workspace/benchmarks_ai_research/data/genimage/sd_1_4/imagenet_ai_0419_sdv4/val/nature/ILSVRC2012_val_00020122.JPEG,0,0,0.007460643463940165,REAL,392.0581117272377,364,2
/workspace/benchmarks_ai_research/data/genimage/sd_1_4/imagenet_ai_0419_sdv4/val/nature/ILSVRC2012_val_00010098.JPEG,0,0,0.00154876109428798,REAL,327.4591378867626,292,2
/workspace/benchmarks_ai_research/data/aigibench/sdxl/SDXL/1_fake/image_1029.png,1,1,0.9998557401355151,FAKE,1012.0609756559134,1427,3
/workspace/benchmarks_ai_research/data/genimage/sd_1_4/imagenet_ai_0419_sdv4/val/nature/ILSVRC2012_val_00016726.JPEG,0,0,0.02297736991002561,REAL,383.8623557239771,382,2
/workspace/benchmarks_ai_research/data/genimage/sd_1_4/imagenet_ai_0419_sdv4/val/nature/ILSVRC2012_val_00048541.JPEG,0,0,0.004982269730421259,REAL,332.62759260833263,274,2
/workspace/benchmarks_ai_research/data/aigibench/sdxl/SDXL/1_fake/image_4615.png,1,1,0.999541687099365,FAKE,1009.1914869844913,1427,3
/workspace/benchmarks_ai_research/data/aigibench/sdxl/SDXL/1_fake/image_4381.png,1,0,0.07919679628246866,FAKE,1126.0303370654583,1427,3
/workspace/benchmarks_ai_research/data/aigibench/sdxl/SDXL/1_fake/image_1226.png,1,1,0.9910145712474399,FAKE,1008.8935401290655,1427,3
/workspace/benchmarks_ai_research/data/genimage/sd_1_4/imagenet_ai_0419_sdv4/val/nature/ILSVRC2012_val_00001775.JPEG,0,0,0.0033766123817395013,REAL,327.0774092525244,292,2
/workspace/benchmarks_ai_research/data/aigibench/sdxl/SDXL/1_fake/image_874.png,1,1,0.9884918509356967,FAKE,1007.9445764422417,1427,3
/workspace/benchmarks_ai_research/data/aigibench/sdxl/SDXL/1_fake/image_2248.png,1,0,0.07047427289689544,FAKE,1006.6322404891253,1427,3
/workspace/benchmarks_ai_research/data/genimage/sd_1_4/imagenet_ai_0419_sdv4/val/nature/ILSVRC2012_val_00005482.JPEG,0,0,0.018546564512117298,REAL,331.9540824741125,292,2
/workspace/benchmarks_ai_research/data/genimage/sd_1_4/imagenet_ai_0419_sdv4/val/nature/ILSVRC2012_val_00032295.JPEG,0,0,0.0022170130229473865,REAL,392.1372164040804,364,2
/workspace/benchmarks_ai_research/data/aigibench/sdxl/SDXL/1_fake/image_266.png,1,1,0.9977829869770526,FAKE,1009.4543006271124,1427,3
/workspace/benchmarks_ai_research/data/aigibench/sdxl/SDXL/1_fake/image_3828.png,1,1,0.9372107914029487,FAKE,1007.6631084084511,1427,3
/workspace/benchmarks_ai_research/data/aigibench/sdxl/SDXL/1_fake/image_974.png,1,1,0.983847165177859,FAKE,1005.4450239986181,1427,3
/workspace/benchmarks_ai_research/data/genimage/sd_1_4/imagenet_ai_0419_sdv4/val/nature/ILSVRC2012_val_00022523.JPEG,0,0,0.013222821752305148,REAL,394.13732662796974,382,2
/workspace/benchmarks_ai_research/data/aigibench/sdxl/SDXL/1_fake/image_1256.png,1,1,0.9773707999669629,FAKE,1007.1040168404579,1427,3
/workspace/benchmarks_ai_research/data/genimage/sd_1_4/imagenet_ai_0419_sdv4/val/nature/ILSVRC2012_val_00034175.JPEG,0,0,0.007121428745735101,REAL,381.85091502964497,382,2
/workspace/benchmarks_ai_research/data/aigibench/sdxl/SDXL/1_fake/image_2509.png,1,1,0.9465966702001757,FAKE,1009.7657516598701,1427,3
/workspace/benchmarks_ai_research/data/genimage/sd_1_4/imagenet_ai_0419_sdv4/val/nature/ILSVRC2012_val_00006104.JPEG,0,0,0.009559399347091532,REAL,337.7241473644972,262,2
/workspace/benchmarks_ai_research/data/genimage/sd_1_4/imagenet_ai_0419_sdv4/val/nature/ILSVRC2012_val_00019797.JPEG,0,0,0.008315778477474129,REAL,327.5578133761883,292,2
/workspace/benchmarks_ai_research/data/genimage/sd_1_4/imagenet_ai_0419_sdv4/val/nature/ILSVRC2012_val_00029274.JPEG,0,0,0.007815888789288626,REAL,327.2950518876314,292,2
/workspace/benchmarks_ai_research/data/genimage/sd_1_4/imagenet_ai_0419_sdv4/val/nature/ILSVRC2012_val_00045427.JPEG,0,0,0.23651623644570763,REAL,333.63124541938305,274,2
/workspace/benchmarks_ai_research/data/genimage/sd_1_4/imagenet_ai_0419_sdv4/val/nature/ILSVRC2012_val_00002762.JPEG,0,0,0.008847355082930386,REAL,340.36937169730663,274,2
/workspace/benchmarks_ai_research/data/genimage/sd_1_4/imagenet_ai_0419_sdv4/val/nature/ILSVRC2012_val_00022561.JPEG,0,0,0.011869121046339474,REAL,328.65596003830433,292,2
/workspace/benchmarks_ai_research/data/aigibench/sdxl/SDXL/1_fake/image_2085.png,1,1,0.9934102283369194,FAKE,1007.3874611407518,1427,3
/workspace/benchmarks_ai_research/data/genimage/sd_1_4/imagenet_ai_0419_sdv4/val/nature/ILSVRC2012_val_00021140.JPEG,0,0,0.0062899021368924835,REAL,272.1496094018221,121,2
/workspace/benchmarks_ai_research/data/aigibench/sdxl/SDXL/1_fake/image_24.png,1,1,0.9992206339069791,FAKE,1005.9763602912426,1427,3
/workspace/benchmarks_ai_research/data/genimage/sd_1_4/imagenet_ai_0419_sdv4/val/nature/ILSVRC2012_val_00042319.JPEG,0,0,0.008711384457705508,REAL,332.9686466604471,292,2
/workspace/benchmarks_ai_research/data/genimage/sd_1_4/imagenet_ai_0419_sdv4/val/nature/ILSVRC2012_val_00028863.JPEG,0,0,0.08882029240011771,REAL,282.71282091736794,157,2
/workspace/benchmarks_ai_research/data/aigibench/sdxl/SDXL/1_fake/image_4643.png,1,1,0.9799765587105447,FAKE,1005.3936056792736,1427,3
/workspace/benchmarks_ai_research/data/aigibench/sdxl/SDXL/1_fake/image_1808.png,1,1,0.9748211582993981,FAKE,1006.1056241393089,1427,3
/workspace/benchmarks_ai_research/data/aigibench/sdxl/SDXL/1_fake/image_4107.png,1,1,0.9891815513471369,FAKE,1010.0139789283276,1427,3
/workspace/benchmarks_ai_research/data/genimage/sd_1_4/imagenet_ai_0419_sdv4/val/nature/ILSVRC2012_val_00028079.JPEG,0,0,0.001187905494116342,REAL,332.4615955352783,292,2
/workspace/benchmarks_ai_research/data/aigibench/sdxl/SDXL/1_fake/image_3277.png,1,1,0.9995271455654797,FAKE,1010.1010650396347,1427,3
/workspace/benchmarks_ai_research/data/aigibench/sdxl/SDXL/1_fake/image_656.png,1,1,0.9995487893762218,FAKE,1007.1983858942986,1427,3
/workspace/benchmarks_ai_research/data/aigibench/sdxl/SDXL/1_fake/image_2531.png,1,1,0.9952448000901669,FAKE,1007.468381896615,1427,3
/workspace/benchmarks_ai_research/data/aigibench/sdxl/SDXL/1_fake/image_2150.png,1,0,0.06603948348828804,FAKE,1006.1452500522137,1427,3
/workspace/benchmarks_ai_research/data/genimage/sd_1_4/imagenet_ai_0419_sdv4/val/nature/ILSVRC2012_val_00032504.JPEG,0,0,0.039638839100970026,REAL,303.87689359486103,256,2
/workspace/benchmarks_ai_research/data/genimage/sd_1_4/imagenet_ai_0419_sdv4/val/nature/ILSVRC2012_val_00007607.JPEG,0,0,0.048857778622174906,REAL,372.8142771869898,324,2
/workspace/benchmarks_ai_research/data/aigibench/sdxl/SDXL/1_fake/image_109.png,1,1,0.9905874104123901,FAKE,1006.3398350030184,1427,3
/workspace/benchmarks_ai_research/data/aigibench/sdxl/SDXL/1_fake/image_973.png,1,1,0.9968763514001466,FAKE,1008.725805208087,1427,3
/workspace/benchmarks_ai_research/data/genimage/sd_1_4/imagenet_ai_0419_sdv4/val/nature/ILSVRC2012_val_00006724.JPEG,0,0,0.01495708659314999,REAL,326.2482453137636,292,2
/workspace/benchmarks_ai_research/data/aigibench/sdxl/SDXL/1_fake/image_2440.png,1,1,0.9996140339094192,FAKE,1012.545907869935,1427,3
/workspace/benchmarks_ai_research/data/aigibench/sdxl/SDXL/1_fake/image_4438.png,1,0,0.06900207965131425,FAKE,1006.4544249325991,1427,3
/workspace/benchmarks_ai_research/data/genimage/sd_1_4/imagenet_ai_0419_sdv4/val/nature/ILSVRC2012_val_00030812.JPEG,0,0,0.006097562192575309,REAL,331.56513795256615,292,2
/workspace/benchmarks_ai_research/data/aigibench/sdxl/SDXL/1_fake/image_651.png,1,1,0.9979170292169542,FAKE,1008.63335467875,1427,3
/workspace/benchmarks_ai_research/data/genimage/sd_1_4/imagenet_ai_0419_sdv4/val/nature/ILSVRC2012_val_00015433.JPEG,0,0,0.0053849379617779605,REAL,327.12562195956707,292,2
/workspace/benchmarks_ai_research/data/aigibench/sdxl/SDXL/1_fake/image_384.png,1,1,0.9748211582993981,FAKE,1005.4236054420471,1427,3
/workspace/benchmarks_ai_research/data/genimage/sd_1_4/imagenet_ai_0419_sdv4/val/nature/ILSVRC2012_val_00027815.JPEG,0,0,0.12085323249047067,REAL,377.42034904658794,333,2
/workspace/benchmarks_ai_research/data/aigibench/sdxl/SDXL/1_fake/image_4137.png,1,0,0.07452594073432657,FAKE,1004.6643856912851,1427,3
/workspace/benchmarks_ai_research/data/aigibench/sdxl/SDXL/1_fake/image_4570.png,1,1,0.9966755631083445,FAKE,1006.4313244074583,1427,3
/workspace/benchmarks_ai_research/data/genimage/sd_1_4/imagenet_ai_0419_sdv4/val/nature/ILSVRC2012_val_00008484.JPEG,0,0,0.0010484692671610088,REAL,372.6969938725233,426,2
/workspace/benchmarks_ai_research/data/aigibench/sdxl/SDXL/1_fake/image_3160.png,1,1,0.9934102283369194,FAKE,1007.7623203396797,1427,3
/workspace/benchmarks_ai_research/data/aigibench/sdxl/SDXL/1_fake/image_3738.png,1,1,0.9793540692607815,FAKE,1002.8833653777838,1427,3
/workspace/benchmarks_ai_research/data/aigibench/sdxl/SDXL/1_fake/image_804.png,1,1,0.9995121428772178,FAKE,1008.0709457397461,1427,3
/workspace/benchmarks_ai_research/data/aigibench/sdxl/SDXL/1_fake/image_1476.png,1,1,0.9759464471055739,FAKE,1005.2819568663836,1427,3
/workspace/benchmarks_ai_research/data/aigibench/sdxl/SDXL/1_fake/image_2438.png,1,1,0.9840936082881853,FAKE,1010.7290800660849,1427,3
/workspace/benchmarks_ai_research/data/genimage/sd_1_4/imagenet_ai_0419_sdv4/val/nature/ILSVRC2012_val_00039446.JPEG,0,0,0.024423090054107213,REAL,395.54869942367077,382,2
/workspace/benchmarks_ai_research/data/aigibench/sdxl/SDXL/1_fake/image_1257.png,1,1,0.9770226300899744,FAKE,1010.0937876850367,1427,3
/workspace/benchmarks_ai_research/data/aigibench/sdxl/SDXL/1_fake/image_3579.png,1,1,0.9732407168145568,FAKE,1008.2498546689749,1427,3
/workspace/benchmarks_ai_research/data/aigibench/sdxl/SDXL/1_fake/image_3652.png,1,1,0.9766692311915195,FAKE,1006.2143336981535,1427,3
/workspace/benchmarks_ai_research/data/aigibench/sdxl/SDXL/1_fake/image_1948.png,1,1,0.9496693674025232,FAKE,1013.7057639658451,1427,3
/workspace/benchmarks_ai_research/data/genimage/sd_1_4/imagenet_ai_0419_sdv4/val/nature/ILSVRC2012_val_00004791.JPEG,0,0,0.0015978454940173436,REAL,333.72597955167294,310,2
/workspace/benchmarks_ai_research/data/aigibench/sdxl/SDXL/1_fake/image_472.png,1,1,0.9975656179914948,FAKE,1007.465273141861,1427,3
/workspace/benchmarks_ai_research/data/aigibench/sdxl/SDXL/1_fake/image_4166.png,1,1,0.9969721649754317,FAKE,1008.1255584955215,1427,3
/workspace/benchmarks_ai_research/data/aigibench/sdxl/SDXL/1_fake/image_3087.png,1,1,0.9959927110540886,FAKE,1007.455836981535,1427,3
/workspace/benchmarks_ai_research/data/aigibench/sdxl/SDXL/1_fake/image_2311.png,1,1,0.9511422213778251,FAKE,1007.7885594218969,1427,3
/workspace/benchmarks_ai_research/data/aigibench/sdxl/SDXL/1_fake/image_2301.png,1,1,0.9425067211996143,FAKE,1007.0264898240566,1427,3
/workspace/benchmarks_ai_research/data/aigibench/sdxl/SDXL/1_fake/image_477.png,1,1,0.9869795098861571,FAKE,1010.507533326745,1427,3
/workspace/benchmarks_ai_research/data/aigibench/sdxl/SDXL/1_fake/image_1507.png,1,1,0.9449947117065459,FAKE,1008.0676861107349,1427,3
/workspace/benchmarks_ai_research/data/genimage/sd_1_4/imagenet_ai_0419_sdv4/val/nature/ILSVRC2012_val_00029364.JPEG,0,0,0.010013570623173138,REAL,334.5370050519705,274,2
/workspace/benchmarks_ai_research/data/genimage/sd_1_4/imagenet_ai_0419_sdv4/val/nature/ILSVRC2012_val_00018825.JPEG,0,0,0.1422318950098963,REAL,392.43449456989765,382,2
/workspace/benchmarks_ai_research/data/aigibench/sdxl/SDXL/1_fake/image_2955.png,1,1,0.9822877012965885,FAKE,1010.0938305258751,1427,3
/workspace/benchmarks_ai_research/data/aigibench/sdxl/SDXL/1_fake/image_1042.png,1,1,0.9664104943498959,FAKE,1005.5937077850103,1427,3
/workspace/benchmarks_ai_research/data/aigibench/sdxl/SDXL/1_fake/image_3025.png,1,1,0.9830850867332734,FAKE,1007.1129631251097,1427,3
/workspace/benchmarks_ai_research/data/genimage/sd_1_4/imagenet_ai_0419_sdv4/val/nature/ILSVRC2012_val_00038162.JPEG,0,0,0.02333076880848049,REAL,332.6395805925131,274,2
/workspace/benchmarks_ai_research/data/aigibench/sdxl/SDXL/1_fake/image_1441.png,1,1,0.9658995742876885,FAKE,1007.0525240153074,1427,3
/workspace/benchmarks_ai_research/data/aigibench/sdxl/SDXL/1_fake/image_4494.png,1,1,0.9615338079816756,FAKE,1009.7906235605478,1427,3
/workspace/benchmarks_ai_research/data/aigibench/sdxl/SDXL/1_fake/image_437.png,1,1,0.9902915235185259,FAKE,1004.773834720254,1427,3
/workspace/benchmarks_ai_research/data/aigibench/sdxl/SDXL/1_fake/image_821.png,1,1,0.9763105287006256,FAKE,1007.6735503971577,1427,3
/workspace/benchmarks_ai_research/data/genimage/sd_1_4/imagenet_ai_0419_sdv4/val/nature/ILSVRC2012_val_00047093.JPEG,0,0,0.24508501313237172,REAL,297.6879309862852,238,2
/workspace/benchmarks_ai_research/data/aigibench/sdxl/SDXL/1_fake/image_3775.png,1,0,0.07034035489593997,FAKE,1004.6596340835094,1427,3
/workspace/benchmarks_ai_research/data/aigibench/sdxl/SDXL/1_fake/image_3089.png,1,1,0.9951702782541956,FAKE,1010.1019162684679,1427,3
/workspace/benchmarks_ai_research/data/aigibench/sdxl/SDXL/1_fake/image_1266.png,1,1,0.9993929244195585,FAKE,1006.8433526903391,1427,3
/workspace/benchmarks_ai_research/data/aigibench/sdxl/SDXL/1_fake/image_1635.png,1,1,0.9966233876182606,FAKE,1008.4614232182503,1427,3
/workspace/benchmarks_ai_research/data/aigibench/sdxl/SDXL/1_fake/image_4071.png,1,1,0.985496420308618,FAKE,1014.7377327084541,1427,3
/workspace/benchmarks_ai_research/data/genimage/sd_1_4/imagenet_ai_0419_sdv4/val/nature/ILSVRC2012_val_00001318.JPEG,0,0,0.036769466075598736,REAL,342.01935678720474,292,2
/workspace/benchmarks_ai_research/data/aigibench/sdxl/SDXL/1_fake/image_4503.png,1,0,0.2720245510940225,REAL,942.2317687422037,1427,2
/workspace/benchmarks_ai_research/data/aigibench/sdxl/SDXL/1_fake/image_2466.png,1,0,0.07619793711415614,FAKE,1004.3862406164408,1427,3
/workspace/benchmarks_ai_research/data/aigibench/sdxl/SDXL/1_fake/image_2763.png,1,1,0.9895109087400621,FAKE,1005.1490534096956,1427,3
/workspace/benchmarks_ai_research/data/genimage/sd_1_4/imagenet_ai_0419_sdv4/val/nature/ILSVRC2012_val_00036106.JPEG,0,0,0.07589733354770502,FAKE,398.9180438220501,274,3
/workspace/benchmarks_ai_research/data/aigibench/sdxl/SDXL/1_fake/image_2857.png,1,0,0.07535120107492782,FAKE,1008.893609046936,1427,3
/workspace/benchmarks_ai_research/data/genimage/sd_1_4/imagenet_ai_0419_sdv4/val/nature/ILSVRC2012_val_00004889.JPEG,0,0,0.20181322226037882,REAL,330.88178373873234,292,2
/workspace/benchmarks_ai_research/data/aigibench/sdxl/SDXL/1_fake/image_2019.png,1,1,0.9976403393179369,FAKE,1008.0402195453644,1427,3
/workspace/benchmarks_ai_research/data/genimage/sd_1_4/imagenet_ai_0419_sdv4/val/nature/ILSVRC2012_val_00020111.JPEG,0,0,0.01826427835185701,REAL,329.00561206042767,292,2
/workspace/benchmarks_ai_research/data/aigibench/sdxl/SDXL/1_fake/image_121.png,1,1,0.9983515170581486,FAKE,1006.8783834576607,1427,3
/workspace/benchmarks_ai_research/data/genimage/sd_1_4/imagenet_ai_0419_sdv4/val/nature/ILSVRC2012_val_00048244.JPEG,0,0,0.0209642408181275,REAL,268.2469133287668,114,2
/workspace/benchmarks_ai_research/data/aigibench/sdxl/SDXL/1_fake/image_4062.png,1,0,0.07308909327006059,FAKE,1009.1145411133766,1427,3
/workspace/benchmarks_ai_research/data/genimage/sd_1_4/imagenet_ai_0419_sdv4/val/nature/ILSVRC2012_val_00002893.JPEG,0,0,0.0062899021368924835,REAL,393.2337909936905,364,2
/workspace/benchmarks_ai_research/data/aigibench/sdxl/SDXL/1_fake/image_3368.png,1,1,0.9740426428022031,FAKE,1008.4271356463432,1427,3
/workspace/benchmarks_ai_research/data/aigibench/sdxl/SDXL/1_fake/image_26.png,1,1,0.9960545931933981,FAKE,1006.1326827853918,1427,3
/workspace/benchmarks_ai_research/data/aigibench/sdxl/SDXL/1_fake/image_4520.png,1,0,0.07076727016318861,FAKE,1007.8623350709677,1427,3
/workspace/benchmarks_ai_research/data/aigibench/sdxl/SDXL/1_fake/image_2218.png,1,1,0.9802808718926534,FAKE,1007.8005269169807,1427,3
/workspace/benchmarks_ai_research/data/aigibench/sdxl/SDXL/1_fake/image_434.png,1,0,0.07249903177747746,FAKE,1006.1697196215391,1427,3
/workspace/benchmarks_ai_research/data/aigibench/sdxl/SDXL/1_fake/image_4016.png,1,1,0.9799765587105447,FAKE,1007.0506222546101,1427,3
/workspace/benchmarks_ai_research/data/aigibench/sdxl/SDXL/1_fake/image_960.png,1,1,0.9990452682889194,FAKE,1005.2268337458372,1427,3
/workspace/benchmarks_ai_research/data/aigibench/sdxl/SDXL/1_fake/image_727.png,1,1,0.9905874104123901,FAKE,1002.7147866785526,1427,3
/workspace/benchmarks_ai_research/data/aigibench/sdxl/SDXL/1_fake/image_1990.png,1,1,0.9877587247081928,FAKE,1008.9985616505146,1427,3
/workspace/benchmarks_ai_research/data/aigibench/sdxl/SDXL/1_fake/image_995.png,1,1,0.9975273768433653,FAKE,1007.2200689464808,1427,3
/workspace/benchmarks_ai_research/data/aigibench/sdxl/SDXL/1_fake/image_3759.png,1,1,0.994445075296309,FAKE,1009.214986115694,1427,3
/workspace/benchmarks_ai_research/data/genimage/sd_1_4/imagenet_ai_0419_sdv4/val/nature/ILSVRC2012_val_00009879.JPEG,0,0,0.01098694263059318,REAL,330.90172335505486,292,2
/workspace/benchmarks_ai_research/data/aigibench/sdxl/SDXL/1_fake/image_872.png,1,1,0.9879462204837635,FAKE,1006.5014604479074,1427,3
/workspace/benchmarks_ai_research/data/aigibench/sdxl/SDXL/1_fake/image_287.png,1,1,0.9976403393179369,FAKE,1008.0877672880888,1427,3
/workspace/benchmarks_ai_research/data/aigibench/sdxl/SDXL/1_fake/image_267.png,1,1,0.9953904278206259,FAKE,1004.9450881779194,1427,3
/workspace/benchmarks_ai_research/data/aigibench/sdxl/SDXL/1_fake/image_3952.png,1,1,0.9518632288833652,FAKE,1005.0237476825714,1427,3
/workspace/benchmarks_ai_research/data/aigibench/sdxl/SDXL/1_fake/image_1854.png,1,1,0.9840936082881853,FAKE,1008.2827340811491,1427,3
/workspace/benchmarks_ai_research/data/genimage/sd_1_4/imagenet_ai_0419_sdv4/val/nature/ILSVRC2012_val_00032957.JPEG,0,0,0.006097562192575309,REAL,334.2893719673157,292,2
/workspace/benchmarks_ai_research/data/aigibench/sdxl/SDXL/1_fake/image_4174.png,1,1,0.9643214491222695,FAKE,1006.8103466182947,1427,3
/workspace/benchmarks_ai_research/data/aigibench/sdxl/SDXL/1_fake/image_3819.png,1,1,0.9814534354878828,FAKE,1007.9988799989223,1427,3
/workspace/benchmarks_ai_research/data/aigibench/sdxl/SDXL/1_fake/image_445.png,1,1,0.9805806518175514,FAKE,1003.6562941968441,1427,3
/workspace/benchmarks_ai_research/data/genimage/sd_1_4/imagenet_ai_0419_sdv4/val/nature/ILSVRC2012_val_00029289.JPEG,0,0,0.003222484324002434,REAL,332.3859591037035,292,2
/workspace/benchmarks_ai_research/data/genimage/sd_1_4/imagenet_ai_0419_sdv4/val/nature/ILSVRC2012_val_00033766.JPEG,0,0,0.005911068856243796,REAL,327.3736257106066,292,2
/workspace/benchmarks_ai_research/data/aigibench/sdxl/SDXL/1_fake/image_473.png,1,1,0.9732407168145568,FAKE,1007.5187794864178,1427,3
/workspace/benchmarks_ai_research/data/aigibench/sdxl/SDXL/1_fake/image_4192.png,1,1,0.9615338079816756,FAKE,1006.6308956593275,1427,3
/workspace/benchmarks_ai_research/data/aigibench/sdxl/SDXL/1_fake/image_4514.png,1,1,0.9879462204837635,FAKE,1010.8601171523333,1427,3
/workspace/benchmarks_ai_research/data/genimage/sd_1_4/imagenet_ai_0419_sdv4/val/nature/ILSVRC2012_val_00017921.JPEG,0,0,0.010169657753872614,REAL,388.80701549351215,394,2
/workspace/benchmarks_ai_research/data/aigibench/sdxl/SDXL/1_fake/image_343.png,1,1,0.9790357591818724,FAKE,1010.8630638569593,1427,3
/workspace/benchmarks_ai_research/data/aigibench/sdxl/SDXL/1_fake/image_4001.png,1,1,0.9399133498259924,FAKE,1009.6721053123474,1427,3
/workspace/benchmarks_ai_research/data/aigibench/sdxl/SDXL/1_fake/image_2931.png,1,1,0.9702399060540357,FAKE,1007.0266760885715,1427,3
/workspace/benchmarks_ai_research/data/aigibench/sdxl/SDXL/1_fake/image_1614.png,1,1,0.9965165758069192,FAKE,1006.3516423106194,1427,3
/workspace/benchmarks_ai_research/data/aigibench/sdxl/SDXL/1_fake/image_493.png,1,1,0.9923043528216078,FAKE,1006.7833885550499,1427,3
/workspace/benchmarks_ai_research/data/aigibench/sdxl/SDXL/1_fake/image_2785.png,1,1,0.9989837559589321,FAKE,1006.876390427351,1427,3
/workspace/benchmarks_ai_research/data/aigibench/sdxl/SDXL/1_fake/image_2163.png,1,1,0.9546474194456936,FAKE,1006.9990810006857,1427,3
/workspace/benchmarks_ai_research/data/genimage/sd_1_4/imagenet_ai_0419_sdv4/val/nature/ILSVRC2012_val_00013038.JPEG,0,0,0.0053849379617779605,REAL,332.4716128408909,292,2
/workspace/benchmarks_ai_research/data/aigibench/sdxl/SDXL/1_fake/image_1108.png,1,1,0.9987355780553607,FAKE,1007.5011849403381,1427,3
/workspace/benchmarks_ai_research/data/aigibench/sdxl/SDXL/1_fake/image_3227.png,1,1,0.9945307254013009,FAKE,1007.4866693466902,1427,3
/workspace/benchmarks_ai_research/data/aigibench/sdxl/SDXL/1_fake/image_173.png,1,0,0.07441055203170441,FAKE,1007.7870432287455,1427,3
/workspace/benchmarks_ai_research/data/aigibench/sdxl/SDXL/1_fake/image_1695.png,1,1,0.9983770329385311,FAKE,1006.3490252941847,1427,3
/workspace/benchmarks_ai_research/data/aigibench/sdxl/SDXL/1_fake/image_1975.png,1,1,0.9978510507163746,FAKE,1008.908174932003,1427,3
/workspace/benchmarks_ai_research/data/aigibench/sdxl/SDXL/1_fake/image_1730.png,1,1,0.9921841112107114,FAKE,1005.2622370421886,1427,3
/workspace/benchmarks_ai_research/data/aigibench/sdxl/SDXL/1_fake/image_2006.png,1,1,0.9702399060540357,FAKE,1008.4824357181787,1427,3
/workspace/benchmarks_ai_research/data/aigibench/sdxl/SDXL/1_fake/image_449.png,1,1,0.9972850145309949,FAKE,1013.715235516429,1427,3
/workspace/benchmarks_ai_research/data/genimage/sd_1_4/imagenet_ai_0419_sdv4/val/nature/ILSVRC2012_val_00041082.JPEG,0,0,0.015663648711668327,REAL,286.61205992102623,146,2
/workspace/benchmarks_ai_research/data/aigibench/sdxl/SDXL/1_fake/image_618.png,1,1,0.9883127420043056,FAKE,1010.7350330799818,1427,3
/workspace/benchmarks_ai_research/data/aigibench/sdxl/SDXL/1_fake/image_317.png,1,1,0.9263037302939515,FAKE,1007.98399746418,1427,3
/workspace/benchmarks_ai_research/data/genimage/sd_1_4/imagenet_ai_0419_sdv4/val/nature/ILSVRC2012_val_00029390.JPEG,0,0,0.0015011822567369915,REAL,337.15561404824257,292,2
/workspace/benchmarks_ai_research/data/genimage/sd_1_4/imagenet_ai_0419_sdv4/val/nature/ILSVRC2012_val_00025533.JPEG,0,0,0.0012843081201339697,REAL,329.20849695801735,292,2
/workspace/benchmarks_ai_research/data/aigibench/sdxl/SDXL/1_fake/image_1413.png,1,1,0.9891815513471369,FAKE,1009.1004874557257,1427,3
/workspace/benchmarks_ai_research/data/aigibench/sdxl/SDXL/1_fake/image_3842.png,1,0,0.07261165670813724,FAKE,1006.4703598618507,1427,3
/workspace/benchmarks_ai_research/data/genimage/sd_1_4/imagenet_ai_0419_sdv4/val/nature/ILSVRC2012_val_00038487.JPEG,0,0,0.1480471980316895,REAL,278.1476266682148,112,2
/workspace/benchmarks_ai_research/data/genimage/sd_1_4/imagenet_ai_0419_sdv4/val/nature/ILSVRC2012_val_00005038.JPEG,0,0,0.008061991528271641,REAL,330.2884493023157,292,2
/workspace/benchmarks_ai_research/data/aigibench/sdxl/SDXL/1_fake/image_2630.png,1,1,0.9916842215225259,FAKE,1006.8916287273169,1427,3
/workspace/benchmarks_ai_research/data/aigibench/sdxl/SDXL/1_fake/image_3310.png,1,1,0.9648551535992067,FAKE,1009.3961022794247,1427,3
/workspace/benchmarks_ai_research/data/genimage/sd_1_4/imagenet_ai_0419_sdv4/val/nature/ILSVRC2012_val_00028733.JPEG,0,0,0.013222821752305148,REAL,310.5671741068363,245,2
/workspace/benchmarks_ai_research/data/aigibench/sdxl/SDXL/1_fake/image_250.png,1,1,0.9995487893762218,FAKE,1004.6648103743792,1427,3
/workspace/benchmarks_ai_research/data/aigibench/sdxl/SDXL/1_fake/image_1529.png,1,1,0.9840936082881853,FAKE,1007.1116592735052,1427,3
/workspace/benchmarks_ai_research/data/genimage/sd_1_4/imagenet_ai_0419_sdv4/val/nature/ILSVRC2012_val_00022883.JPEG,0,0,0.002511463513809854,REAL,335.3543523699045,292,2
/workspace/benchmarks_ai_research/data/genimage/sd_1_4/imagenet_ai_0419_sdv4/val/nature/ILSVRC2012_val_00009942.JPEG,0,0,0.002934951744713737,REAL,385.4454532265663,449,2
/workspace/benchmarks_ai_research/data/aigibench/sdxl/SDXL/1_fake/image_633.png,1,1,0.9963500129687901,FAKE,1011.72517798841,1427,3
/workspace/benchmarks_ai_research/data/aigibench/sdxl/SDXL/1_fake/image_2968.png,1,1,0.9852713861502774,FAKE,1006.4161103218794,1427,3
/workspace/benchmarks_ai_research/data/aigibench/sdxl/SDXL/1_fake/image_1531.png,1,1,0.9711290930537122,FAKE,1006.0437340289354,1427,3
/workspace/benchmarks_ai_research/data/aigibench/sdxl/SDXL/1_fake/image_1671.png,1,1,0.9877587247081928,FAKE,1010.4926228523254,1427,3
/workspace/benchmarks_ai_research/data/aigibench/sdxl/SDXL/1_fake/image_457.png,1,1,0.9877587247081928,FAKE,1015.28624817729,1427,3
/workspace/benchmarks_ai_research/data/aigibench/sdxl/SDXL/1_fake/image_230.png,1,1,0.9987156918798661,FAKE,1016.9046465307474,1427,3
/workspace/benchmarks_ai_research/data/aigibench/sdxl/SDXL/1_fake/image_3524.png,1,1,0.9974490875787134,FAKE,1014.8118250072002,1427,3
/workspace/benchmarks_ai_research/data/genimage/sd_1_4/imagenet_ai_0419_sdv4/val/nature/ILSVRC2012_val_00033922.JPEG,0,0,0.012053779516236447,REAL,395.49631252884865,358,2
/workspace/benchmarks_ai_research/data/aigibench/sdxl/SDXL/1_fake/image_1795.png,1,1,0.9966755631083445,FAKE,1014.368137344718,1427,3
/workspace/benchmarks_ai_research/data/genimage/sd_1_4/imagenet_ai_0419_sdv4/val/nature/ILSVRC2012_val_00037180.JPEG,0,0,0.22815650216092537,REAL,335.84670536220074,292,2
/workspace/benchmarks_ai_research/data/genimage/sd_1_4/imagenet_ai_0419_sdv4/val/nature/ILSVRC2012_val_00024672.JPEG,0,0,0.029312230751356316,REAL,334.448479115963,274,2
/workspace/benchmarks_ai_research/data/aigibench/sdxl/SDXL/1_fake/image_2735.png,1,1,0.9496693674025232,FAKE,1020.6054672598839,1427,3
/workspace/benchmarks_ai_research/data/aigibench/sdxl/SDXL/1_fake/image_4550.png,1,1,0.9943580914999767,FAKE,1015.2382832020521,1427,3
/workspace/benchmarks_ai_research/data/aigibench/sdxl/SDXL/1_fake/image_3108.png,1,1,0.9715639669551474,FAKE,1019.9467744678259,1427,3
/workspace/benchmarks_ai_research/data/aigibench/sdxl/SDXL/1_fake/image_357.png,1,1,0.9304582554941719,FAKE,1024.0589324384928,1427,3
/workspace/benchmarks_ai_research/data/aigibench/sdxl/SDXL/1_fake/image_604.png,1,1,0.9861513897844354,FAKE,1021.1436282843351,1427,3
/workspace/benchmarks_ai_research/data/aigibench/sdxl/SDXL/1_fake/image_1655.png,1,1,0.9883127420043056,FAKE,1020.2399771660566,1427,3
/workspace/benchmarks_ai_research/data/aigibench/sdxl/SDXL/1_fake/image_612.png,1,1,0.9928785712542649,FAKE,1016.7195722460747,1427,3
/workspace/benchmarks_ai_research/data/aigibench/sdxl/SDXL/1_fake/image_2924.png,1,1,0.9390248191350352,FAKE,1013.5097745805979,1427,3
/workspace/benchmarks_ai_research/data/aigibench/sdxl/SDXL/1_fake/image_1743.png,1,1,0.9711290930537122,FAKE,1009.2109516263008,1427,3
/workspace/benchmarks_ai_research/data/genimage/sd_1_4/imagenet_ai_0419_sdv4/val/nature/ILSVRC2012_val_00003855.JPEG,0,0,0.007011795381497108,REAL,334.58488807082176,274,2
/workspace/benchmarks_ai_research/data/genimage/sd_1_4/imagenet_ai_0419_sdv4/val/nature/ILSVRC2012_val_00017366.JPEG,0,0,0.005911068856243796,REAL,1701.8047161400318,2509,2
/workspace/benchmarks_ai_research/data/genimage/sd_1_4/imagenet_ai_0419_sdv4/val/nature/ILSVRC2012_val_00005110.JPEG,0,0,0.001700722411435288,REAL,335.1875711232424,274,2
/workspace/benchmarks_ai_research/data/aigibench/sdxl/SDXL/1_fake/image_2619.png,1,1,0.9871787857334058,FAKE,1011.7992497980595,1427,3
/workspace/benchmarks_ai_research/data/aigibench/sdxl/SDXL/1_fake/image_3645.png,1,1,0.9948603889024311,FAKE,1101.38931684196,1427,3
/workspace/benchmarks_ai_research/data/aigibench/sdxl/SDXL/1_fake/image_3594.png,1,1,0.9968273171575148,FAKE,1096.6634042561054,1427,3
/workspace/benchmarks_ai_research/data/aigibench/sdxl/SDXL/1_fake/image_427.png,1,0,0.07581907844814138,FAKE,1029.5959152281284,1427,3
/workspace/benchmarks_ai_research/data/aigibench/sdxl/SDXL/1_fake/image_1933.png,1,1,0.9979809860995514,FAKE,1018.0646013468504,1427,3
/workspace/benchmarks_ai_research/data/aigibench/sdxl/SDXL/1_fake/image_3851.png,1,0,0.0694936275543958,FAKE,1008.3218477666378,1427,3
/workspace/benchmarks_ai_research/data/aigibench/sdxl/SDXL/1_fake/image_1225.png,1,1,0.9496693674025232,FAKE,1012.1518466621637,1427,3
/workspace/benchmarks_ai_research/data/aigibench/sdxl/SDXL/1_fake/image_3341.png,1,0,0.08269734267503885,REAL,944.004500284791,1427,2
/workspace/benchmarks_ai_research/data/aigibench/sdxl/SDXL/1_fake/image_1227.png,1,1,0.9559813501370537,FAKE,1005.5692046880722,1427,3
/workspace/benchmarks_ai_research/data/aigibench/sdxl/SDXL/1_fake/image_2525.png,1,1,0.9979492564600826,FAKE,1005.9870686382055,1427,3
/workspace/benchmarks_ai_research/data/genimage/sd_1_4/imagenet_ai_0419_sdv4/val/nature/ILSVRC2012_val_00012774.JPEG,0,0,0.08509904500702024,REAL,334.2982139438391,292,2
/workspace/benchmarks_ai_research/data/genimage/sd_1_4/imagenet_ai_0419_sdv4/val/nature/ILSVRC2012_val_00044691.JPEG,0,0,0.011331753531361453,REAL,332.3877640068531,292,2
/workspace/benchmarks_ai_research/data/genimage/sd_1_4/imagenet_ai_0419_sdv4/val/nature/ILSVRC2012_val_00029659.JPEG,0,0,0.0012255674483830526,REAL,381.5951906144619,449,2
/workspace/benchmarks_ai_research/data/aigibench/sdxl/SDXL/1_fake/image_1438.png,1,1,0.9896718474806949,FAKE,1012.3191196471453,1427,3
/workspace/benchmarks_ai_research/data/genimage/sd_1_4/imagenet_ai_0419_sdv4/val/nature/ILSVRC2012_val_00027687.JPEG,0,0,0.017986209962091555,REAL,327.80972495675087,274,2
/workspace/benchmarks_ai_research/data/aigibench/sdxl/SDXL/1_fake/image_135.png,1,1,0.9971990730328789,FAKE,1007.362887263298,1427,3
/workspace/benchmarks_ai_research/data/aigibench/sdxl/SDXL/1_fake/image_1412.png,1,1,0.9980429830598053,FAKE,1011.2965852022171,1427,3
/workspace/benchmarks_ai_research/data/genimage/sd_1_4/imagenet_ai_0419_sdv4/val/nature/ILSVRC2012_val_00011854.JPEG,0,0,0.06746474671086015,FAKE,469.7304181754589,373,3
/workspace/benchmarks_ai_research/data/aigibench/sdxl/SDXL/1_fake/image_3081.png,1,0,0.09807932347046003,REAL,942.2186519950628,1427,2
/workspace/benchmarks_ai_research/data/genimage/sd_1_4/imagenet_ai_0419_sdv4/val/nature/ILSVRC2012_val_00002014.JPEG,0,0,0.10669059394565118,REAL,343.632023781538,292,2
/workspace/benchmarks_ai_research/data/genimage/sd_1_4/imagenet_ai_0419_sdv4/val/nature/ILSVRC2012_val_00041469.JPEG,0,0,0.0035936025814200896,REAL,373.61222319304943,328,2
/workspace/benchmarks_ai_research/data/aigibench/sdxl/SDXL/1_fake/image_1234.png,1,1,0.9449947117065459,FAKE,1008.8685527443886,1427,3
/workspace/benchmarks_ai_research/data/aigibench/sdxl/SDXL/1_fake/image_655.png,1,1,0.9955316157335089,FAKE,1005.7453326880932,1427,3
/workspace/benchmarks_ai_research/data/aigibench/sdxl/SDXL/1_fake/image_4362.png,1,1,0.9805806518175514,FAKE,1009.3364212661982,1427,3
/workspace/benchmarks_ai_research/data/aigibench/sdxl/SDXL/1_fake/image_3999.png,1,1,0.9770226300899744,FAKE,1009.7668021917343,1427,3
/workspace/benchmarks_ai_research/data/aigibench/sdxl/SDXL/1_fake/image_3717.png,1,1,0.98504291340685,FAKE,1006.9760866463184,1427,3
/workspace/benchmarks_ai_research/data/aigibench/sdxl/SDXL/1_fake/image_410.png,1,1,0.9441768588653856,FAKE,1008.5001513361931,1427,3
/workspace/benchmarks_ai_research/data/genimage/sd_1_4/imagenet_ai_0419_sdv4/val/nature/ILSVRC2012_val_00013859.JPEG,0,0,0.03904829272622638,REAL,334.6755634993315,292,2
/workspace/benchmarks_ai_research/data/aigibench/sdxl/SDXL/1_fake/image_4179.png,1,0,0.06749985445359341,FAKE,1007.4618812650442,1427,3
/workspace/benchmarks_ai_research/data/aigibench/sdxl/SDXL/1_fake/image_1457.png,1,1,0.9966755631083445,FAKE,1006.6680181771517,1427,3
/workspace/benchmarks_ai_research/data/aigibench/sdxl/SDXL/1_fake/image_2039.png,1,1,0.9399133498259924,FAKE,1004.6349111944437,1427,3
/workspace/benchmarks_ai_research/data/aigibench/sdxl/SDXL/1_fake/image_2770.png,1,1,0.9989012689270753,FAKE,1006.5852403640747,1427,3
/workspace/benchmarks_ai_research/data/aigibench/sdxl/SDXL/1_fake/image_4373.png,1,1,0.9992791619741188,FAKE,1006.4773857593536,1427,3
/workspace/benchmarks_ai_research/data/aigibench/sdxl/SDXL/1_fake/image_23.png,1,1,0.9990889488055994,FAKE,1010.9738931059837,1427,3
/workspace/benchmarks_ai_research/data/genimage/sd_1_4/imagenet_ai_0419_sdv4/val/nature/ILSVRC2012_val_00037608.JPEG,0,0,0.05749327880038583,REAL,330.19883185625076,292,2
/workspace/benchmarks_ai_research/data/aigibench/sdxl/SDXL/1_fake/image_2444.png,1,1,0.9978172835546547,FAKE,1006.2824692577124,1427,3
/workspace/benchmarks_ai_research/data/aigibench/sdxl/SDXL/1_fake/image_2534.png,1,0,0.07511824157407976,FAKE,1005.5952835828066,1427,3
/workspace/benchmarks_ai_research/data/aigibench/sdxl/SDXL/1_fake/image_4058.png,1,1,0.9925393565360598,FAKE,1004.901759326458,1427,3
/workspace/benchmarks_ai_research/data/aigibench/sdxl/SDXL/1_fake/image_3402.png,1,1,0.9399133498259924,FAKE,1008.6858589202166,1427,3
/workspace/benchmarks_ai_research/data/aigibench/sdxl/SDXL/1_fake/image_2939.png,1,1,0.9674102552339746,FAKE,1007.2374045848846,1427,3
/workspace/benchmarks_ai_research/data/aigibench/sdxl/SDXL/1_fake/image_103.png,1,1,0.9971990730328789,FAKE,1005.6338757276535,1427,3
/workspace/benchmarks_ai_research/data/aigibench/sdxl/SDXL/1_fake/image_1405.png,1,0,0.08136672184408414,FAKE,1010.6229539960623,1427,3
/workspace/benchmarks_ai_research/data/aigibench/sdxl/SDXL/1_fake/image_72.png,1,1,0.9997219690361224,FAKE,1005.4707750678062,1427,3
/workspace/benchmarks_ai_research/data/aigibench/sdxl/SDXL/1_fake/image_2774.png,1,1,0.9697854129326061,FAKE,1004.3120570480824,1427,3
/workspace/benchmarks_ai_research/data/aigibench/sdxl/SDXL/1_fake/image_4170.png,1,1,0.9790357591818724,FAKE,1008.7465420365334,1427,3
/workspace/benchmarks_ai_research/data/aigibench/sdxl/SDXL/1_fake/image_148.png,1,1,0.9996259043952698,FAKE,1006.1412788927555,1427,3
/workspace/benchmarks_ai_research/data/genimage/sd_1_4/imagenet_ai_0419_sdv4/val/nature/ILSVRC2012_val_00004360.JPEG,0,0,0.1480471980316895,REAL,386.0007394105196,449,2
/workspace/benchmarks_ai_research/data/aigibench/sdxl/SDXL/1_fake/image_1573.png,1,1,0.9688561694652216,FAKE,1007.9022385179996,1427,3
/workspace/benchmarks_ai_research/data/aigibench/sdxl/SDXL/1_fake/image_2551.png,1,1,0.9959927110540886,FAKE,1007.0080794394016,1427,3
/workspace/benchmarks_ai_research/data/aigibench/sdxl/SDXL/1_fake/image_3762.png,1,1,0.9653811611608242,FAKE,1005.6669544428587,1427,3
/workspace/benchmarks_ai_research/data/aigibench/sdxl/SDXL/1_fake/image_4532.png,1,1,0.9566342012360932,FAKE,1003.3018924295902,1427,3
/workspace/benchmarks_ai_research/data/aigibench/sdxl/SDXL/1_fake/image_3663.png,1,1,0.9744347860767304,FAKE,1009.0973451733589,1427,3
/workspace/benchmarks_ai_research/data/aigibench/sdxl/SDXL/1_fake/image_133.png,1,1,0.9964063974185798,FAKE,1005.6959167122841,1427,3
/workspace/benchmarks_ai_research/data/aigibench/sdxl/SDXL/1_fake/image_1113.png,1,1,0.9958660319095476,FAKE,1003.6976002156734,1427,3
/workspace/benchmarks_ai_research/data/aigibench/sdxl/SDXL/1_fake/image_3010.png,1,1,0.9732407168145568,FAKE,1007.3127429932356,1427,3
/workspace/benchmarks_ai_research/data/aigibench/sdxl/SDXL/1_fake/image_3927.png,1,1,0.9875683491468141,FAKE,1006.0637202113867,1427,3
/workspace/benchmarks_ai_research/data/aigibench/sdxl/SDXL/1_fake/image_2013.png,1,1,0.9811668701095654,FAKE,1008.7158158421516,1427,3
/workspace/benchmarks_ai_research/data/aigibench/sdxl/SDXL/1_fake/image_4297.png,1,1,0.9744347860767304,FAKE,1006.7779738456011,1427,3
/workspace/benchmarks_ai_research/data/aigibench/sdxl/SDXL/1_fake/image_2082.png,1,1,0.9996749641547633,FAKE,1006.2125883996487,1427,3
/workspace/benchmarks_ai_research/data/aigibench/sdxl/SDXL/1_fake/image_3643.png,1,1,0.9991959140643708,FAKE,1005.9500355273485,1427,3
/workspace/benchmarks_ai_research/data/aigibench/sdxl/SDXL/1_fake/image_1884.png,1,1,0.9966755631083445,FAKE,1006.2460172921419,1427,3
/workspace/benchmarks_ai_research/data/genimage/sd_1_4/imagenet_ai_0419_sdv4/val/nature/ILSVRC2012_val_00004440.JPEG,0,0,0.0053849379617779605,REAL,337.57224306464195,310,2
/workspace/benchmarks_ai_research/data/aigibench/sdxl/SDXL/1_fake/image_681.png,1,1,0.9923043528216078,FAKE,1008.3870980888605,1427,3
/workspace/benchmarks_ai_research/data/aigibench/sdxl/SDXL/1_fake/image_3109.png,1,0,0.07960466879599397,FAKE,1007.3194447904825,1427,3
/workspace/benchmarks_ai_research/data/aigibench/sdxl/SDXL/1_fake/image_877.png,1,1,0.9861513897844354,FAKE,1003.7218146026134,1427,3
/workspace/benchmarks_ai_research/data/aigibench/sdxl/SDXL/1_fake/image_2235.png,1,0,0.07335417200611513,FAKE,1006.4918082207441,1427,3
/workspace/benchmarks_ai_research/data/genimage/sd_1_4/imagenet_ai_0419_sdv4/val/nature/ILSVRC2012_val_00033950.JPEG,0,0,0.020645930739218447,REAL,311.83728761970997,166,2
/workspace/benchmarks_ai_research/data/aigibench/sdxl/SDXL/1_fake/image_3749.png,1,0,0.06477736267038704,FAKE,1004.1876677423716,1427,3
/workspace/benchmarks_ai_research/data/genimage/sd_1_4/imagenet_ai_0419_sdv4/val/nature/ILSVRC2012_val_00001527.JPEG,0,0,0.027585282226789985,REAL,728.2299604266882,1057,2
/workspace/benchmarks_ai_research/data/aigibench/sdxl/SDXL/1_fake/image_3743.png,1,0,0.07725207573171927,FAKE,1006.5085403621197,1427,3
/workspace/benchmarks_ai_research/data/aigibench/sdxl/SDXL/1_fake/image_3176.png,1,1,0.9504109770159683,FAKE,1006.0072876513004,1427,3
/workspace/benchmarks_ai_research/data/aigibench/sdxl/SDXL/1_fake/image_968.png,1,1,0.9916842215225259,FAKE,1006.2892381101847,1427,3
/workspace/benchmarks_ai_research/data/aigibench/sdxl/SDXL/1_fake/image_3885.png,1,1,0.9728307684643189,FAKE,1009.1634318232536,1427,3
/workspace/benchmarks_ai_research/data/aigibench/sdxl/SDXL/1_fake/image_4489.png,1,0,0.07835984296115331,FAKE,1007.0650670677423,1427,3
/workspace/benchmarks_ai_research/data/aigibench/sdxl/SDXL/1_fake/image_922.png,1,0,0.12765262532179067,REAL,937.6126453280449,1427,2
/workspace/benchmarks_ai_research/data/aigibench/sdxl/SDXL/1_fake/image_3684.png,1,1,0.9796676466573412,FAKE,1004.5643951743841,1427,3
/workspace/benchmarks_ai_research/data/aigibench/sdxl/SDXL/1_fake/image_3021.png,1,0,0.07107370086202959,FAKE,1009.847367182374,1427,3
/workspace/benchmarks_ai_research/data/aigibench/sdxl/SDXL/1_fake/image_2458.png,1,1,0.9706877692486436,FAKE,1003.607677295804,1427,3
/workspace/benchmarks_ai_research/data/aigibench/sdxl/SDXL/1_fake/image_2590.png,1,1,0.9669140216112958,FAKE,1005.108118057251,1427,3
/workspace/benchmarks_ai_research/data/aigibench/sdxl/SDXL/1_fake/image_4219.png,1,1,0.94815453335022,FAKE,1006.0014519840479,1427,3
/workspace/benchmarks_ai_research/data/genimage/sd_1_4/imagenet_ai_0419_sdv4/val/nature/ILSVRC2012_val_00003639.JPEG,0,0,0.012053779516236447,REAL,388.5052502155304,346,2
/workspace/benchmarks_ai_research/data/aigibench/sdxl/SDXL/1_fake/image_1675.png,1,1,0.9886682464686385,FAKE,1008.4991976618767,1427,3
/workspace/benchmarks_ai_research/data/genimage/sd_1_4/imagenet_ai_0419_sdv4/val/nature/ILSVRC2012_val_00047298.JPEG,0,0,0.14414885303274058,REAL,284.09019112586975,179,2
/workspace/benchmarks_ai_research/data/aigibench/sdxl/SDXL/1_fake/image_2189.png,1,1,0.9799765587105447,FAKE,1007.7364202588797,1427,3
/workspace/benchmarks_ai_research/data/aigibench/sdxl/SDXL/1_fake/image_1265.png,1,1,0.998426887834651,FAKE,1006.6197104752064,1427,3
/workspace/benchmarks_ai_research/data/aigibench/sdxl/SDXL/1_fake/image_2828.png,1,1,0.9879462204837635,FAKE,1007.6596681028605,1427,3
/workspace/benchmarks_ai_research/data/aigibench/sdxl/SDXL/1_fake/image_1648.png,1,1,0.9921841112107114,FAKE,1010.1298782974482,1427,3
/workspace/benchmarks_ai_research/data/genimage/sd_1_4/imagenet_ai_0419_sdv4/val/nature/ILSVRC2012_val_00023513.JPEG,0,0,0.0018386652876885773,REAL,402.22010016441345,382,2
/workspace/benchmarks_ai_research/data/genimage/sd_1_4/imagenet_ai_0419_sdv4/val/nature/ILSVRC2012_val_00037619.JPEG,0,0,0.007937994101407319,REAL,332.1458585560322,274,2
/workspace/benchmarks_ai_research/data/aigibench/sdxl/SDXL/1_fake/image_789.png,1,1,0.999932907755004,FAKE,1006.6681150346994,1427,3
/workspace/benchmarks_ai_research/data/aigibench/sdxl/SDXL/1_fake/image_2425.png,1,1,0.9953904278206259,FAKE,1006.7558083683252,1427,3
/workspace/benchmarks_ai_research/data/aigibench/sdxl/SDXL/1_fake/image_2833.png,1,1,0.9867771782476948,FAKE,1008.7354574352503,1427,3
/workspace/benchmarks_ai_research/data/aigibench/sdxl/SDXL/1_fake/image_2422.png,1,1,0.9886682464686385,FAKE,1007.6554659754038,1427,3
/workspace/benchmarks_ai_research/data/aigibench/sdxl/SDXL/1_fake/image_2849.png,1,1,0.9890130573694068,FAKE,1007.3635634034872,1427,3
/workspace/benchmarks_ai_research/data/aigibench/sdxl/SDXL/1_fake/image_3582.png,1,1,0.9773707999669629,FAKE,1009.7832437604666,1427,3
/workspace/benchmarks_ai_research/data/aigibench/sdxl/SDXL/1_fake/image_4581.png,1,0,0.26284183737131667,REAL,937.9143249243498,1427,2
/workspace/benchmarks_ai_research/data/aigibench/sdxl/SDXL/1_fake/image_3648.png,1,0,0.07906125220723398,FAKE,1009.3622244894505,1427,3
/workspace/benchmarks_ai_research/data/aigibench/sdxl/SDXL/1_fake/image_3919.png,1,1,0.9759464471055739,FAKE,1007.6150577515364,1427,3
/workspace/benchmarks_ai_research/data/aigibench/sdxl/SDXL/1_fake/image_2263.png,1,0,0.07383610205212923,FAKE,1003.5337880253792,1427,3
/workspace/benchmarks_ai_research/data/aigibench/sdxl/SDXL/1_fake/image_382.png,1,1,0.9740426428022031,FAKE,1008.3877015858889,1427,3
/workspace/benchmarks_ai_research/data/aigibench/sdxl/SDXL/1_fake/image_3668.png,1,1,0.9947798743064417,FAKE,1003.8454011082649,1427,3
/workspace/benchmarks_ai_research/data/aigibench/sdxl/SDXL/1_fake/image_3855.png,1,1,0.9693241982893259,FAKE,1007.2311460971832,1427,3
/workspace/benchmarks_ai_research/data/aigibench/sdxl/SDXL/1_fake/image_614.png,1,1,0.985496420308618,FAKE,1005.1274690777063,1427,3
/workspace/benchmarks_ai_research/data/genimage/sd_1_4/imagenet_ai_0419_sdv4/val/nature/ILSVRC2012_val_00027895.JPEG,0,0,0.0044683842664911206,REAL,300.1355193555355,245,2
/workspace/benchmarks_ai_research/data/aigibench/sdxl/SDXL/1_fake/image_2954.png,1,0,0.07391244151058265,FAKE,1004.6114921569824,1427,3
/workspace/benchmarks_ai_research/data/genimage/sd_1_4/imagenet_ai_0419_sdv4/val/nature/ILSVRC2012_val_00008568.JPEG,0,0,0.005911068856243796,REAL,563.1017833948135,771,2
/workspace/benchmarks_ai_research/data/aigibench/sdxl/SDXL/1_fake/image_3412.png,1,1,0.9934102283369194,FAKE,1008.5853468626738,1427,3
/workspace/benchmarks_ai_research/data/aigibench/sdxl/SDXL/1_fake/image_4268.png,1,1,0.9956005868372635,FAKE,1006.1910524964333,1427,3
/workspace/benchmarks_ai_research/data/genimage/sd_1_4/imagenet_ai_0419_sdv4/val/nature/ILSVRC2012_val_00016924.JPEG,0,0,0.00530189486940215,REAL,340.4409531503916,292,2
/workspace/benchmarks_ai_research/data/aigibench/sdxl/SDXL/1_fake/image_1013.png,1,1,0.9637799441350253,FAKE,1008.2446970045567,1427,3
/workspace/benchmarks_ai_research/data/aigibench/sdxl/SDXL/1_fake/image_799.png,1,1,0.9865717452580314,FAKE,1004.9481466412544,1427,3
/workspace/benchmarks_ai_research/data/aigibench/sdxl/SDXL/1_fake/image_3931.png,1,1,0.9728307684643189,FAKE,1008.8828653097153,1427,3
/workspace/benchmarks_ai_research/data/aigibench/sdxl/SDXL/1_fake/image_3627.png,1,0,0.07437213659647503,FAKE,1006.5695364028215,1427,3
/workspace/benchmarks_ai_research/data/aigibench/sdxl/SDXL/1_fake/image_3669.png,1,1,0.9632305339244013,FAKE,1010.1148840039968,1427,3
/workspace/benchmarks_ai_research/data/aigibench/sdxl/SDXL/1_fake/image_189.png,1,1,0.9971550903350206,FAKE,1005.6123211979866,1427,3
/workspace/benchmarks_ai_research/data/aigibench/sdxl/SDXL/1_fake/image_2025.png,1,1,0.9664104943498959,FAKE,1007.3908008635044,1427,3
/workspace/benchmarks_ai_research/data/aigibench/sdxl/SDXL/1_fake/image_4073.png,1,1,0.9780517462851323,FAKE,1008.5231624543667,1427,3
/workspace/benchmarks_ai_research/data/genimage/sd_1_4/imagenet_ai_0419_sdv4/val/nature/ILSVRC2012_val_00025885.JPEG,0,0,0.012431650853185818,REAL,374.99209120869637,328,2
/workspace/benchmarks_ai_research/data/genimage/sd_1_4/imagenet_ai_0419_sdv4/val/nature/ILSVRC2012_val_00028833.JPEG,0,0,0.011869121046339474,REAL,284.9462777376175,166,2
/workspace/benchmarks_ai_research/data/genimage/sd_1_4/imagenet_ai_0419_sdv4/val/nature/ILSVRC2012_val_00028467.JPEG,0,0,0.0044683842664911206,REAL,326.77070423960686,310,2
/workspace/benchmarks_ai_research/data/aigibench/sdxl/SDXL/1_fake/image_546.png,1,0,0.07789092937105854,FAKE,1007.8222956508398,1427,3
/workspace/benchmarks_ai_research/data/aigibench/sdxl/SDXL/1_fake/image_4287.png,1,0,0.18952109132967754,REAL,941.0099741071463,1427,2
/workspace/benchmarks_ai_research/data/aigibench/sdxl/SDXL/1_fake/image_792.png,1,1,0.9890130573694068,FAKE,1005.0247460603714,1427,3
/workspace/benchmarks_ai_research/data/genimage/sd_1_4/imagenet_ai_0419_sdv4/val/nature/ILSVRC2012_val_00034554.JPEG,0,0,0.015189048807983947,REAL,280.1106981933117,128,2
/workspace/benchmarks_ai_research/data/aigibench/sdxl/SDXL/1_fake/image_2177.png,1,1,0.983847165177859,FAKE,1004.2817946523428,1427,3
/workspace/benchmarks_ai_research/data/genimage/sd_1_4/imagenet_ai_0419_sdv4/val/nature/ILSVRC2012_val_00029240.JPEG,0,0,0.05834584061168106,REAL,332.2554100304842,292,2
/workspace/benchmarks_ai_research/data/aigibench/sdxl/SDXL/1_fake/image_3778.png,1,1,0.9997933701751162,FAKE,1008.169636130333,1427,3
/workspace/benchmarks_ai_research/data/genimage/sd_1_4/imagenet_ai_0419_sdv4/val/nature/ILSVRC2012_val_00026809.JPEG,0,0,0.00439941316273649,REAL,330.8809269219637,274,2
/workspace/benchmarks_ai_research/data/genimage/sd_1_4/imagenet_ai_0419_sdv4/val/nature/ILSVRC2012_val_00001290.JPEG,0,0,0.00154876109428798,REAL,325.91723278164864,292,2
/workspace/benchmarks_ai_research/data/aigibench/sdxl/SDXL/1_fake/image_3706.png,1,1,0.9881308789536605,FAKE,1006.0138925909996,1427,3
/workspace/benchmarks_ai_research/data/aigibench/sdxl/SDXL/1_fake/image_360.png,1,1,0.9948603889024311,FAKE,1002.7569886296988,1427,3
/workspace/benchmarks_ai_research/data/aigibench/sdxl/SDXL/1_fake/image_3182.png,1,1,0.9984752136087741,FAKE,1011.303000152111,1427,3
/workspace/benchmarks_ai_research/data/genimage/sd_1_4/imagenet_ai_0419_sdv4/val/nature/ILSVRC2012_val_00007613.JPEG,0,0,0.00564190850002335,REAL,336.82339638471603,292,2
/workspace/benchmarks_ai_research/data/aigibench/sdxl/SDXL/1_fake/image_691.png,1,1,0.9962345862153261,FAKE,1006.1250329017639,1427,3
/workspace/benchmarks_ai_research/data/aigibench/sdxl/SDXL/1_fake/image_1123.png,1,1,0.9907319866190857,FAKE,1008.2631688565016,1427,3
/workspace/benchmarks_ai_research/data/aigibench/sdxl/SDXL/1_fake/image_1241.png,1,1,0.9615338079816756,FAKE,1008.3030443638563,1427,3
/workspace/benchmarks_ai_research/data/genimage/sd_1_4/imagenet_ai_0419_sdv4/val/nature/ILSVRC2012_val_00041384.JPEG,0,0,0.021615332762647654,REAL,332.92611315846443,292,2
/workspace/benchmarks_ai_research/data/genimage/sd_1_4/imagenet_ai_0419_sdv4/val/nature/ILSVRC2012_val_00000705.JPEG,0,0,0.05500528829345415,REAL,325.4074603319168,292,2
/workspace/benchmarks_ai_research/data/aigibench/sdxl/SDXL/1_fake/image_2797.png,1,1,0.9674102552339746,FAKE,1008.6756981909275,1427,3
/workspace/benchmarks_ai_research/data/aigibench/sdxl/SDXL/1_fake/image_2969.png,1,1,0.9965703960759055,FAKE,1006.0093998908997,1427,3
/workspace/benchmarks_ai_research/data/genimage/sd_1_4/imagenet_ai_0419_sdv4/val/nature/ILSVRC2012_val_00011140.JPEG,0,0,0.020023441289455244,REAL,333.9605964720249,292,2
/workspace/benchmarks_ai_research/data/genimage/sd_1_4/imagenet_ai_0419_sdv4/val/nature/ILSVRC2012_val_00041200.JPEG,0,0,0.003222484324002434,REAL,405.30784614384174,364,2
/workspace/benchmarks_ai_research/data/aigibench/sdxl/SDXL/1_fake/image_3480.png,1,0,0.07373439641194583,FAKE,1007.5135584920645,1427,3
/workspace/benchmarks_ai_research/data/aigibench/sdxl/SDXL/1_fake/image_4124.png,1,1,0.983847165177859,FAKE,1005.461398512125,1427,3
/workspace/benchmarks_ai_research/data/genimage/sd_1_4/imagenet_ai_0419_sdv4/val/nature/ILSVRC2012_val_00004380.JPEG,0,0,0.01098694263059318,REAL,372.004397213459,346,2
/workspace/benchmarks_ai_research/data/aigibench/sdxl/SDXL/1_fake/image_1514.png,1,1,0.9865717452580314,FAKE,1006.7550782114267,1427,3
/workspace/benchmarks_ai_research/data/genimage/sd_1_4/imagenet_ai_0419_sdv4/val/nature/ILSVRC2012_val_00034764.JPEG,0,0,0.014728613849722676,REAL,347.2742196172476,258,2
/workspace/benchmarks_ai_research/data/aigibench/sdxl/SDXL/1_fake/image_867.png,1,1,0.9919380084717284,FAKE,1006.0331467539072,1427,3
/workspace/benchmarks_ai_research/data/aigibench/sdxl/SDXL/1_fake/image_25.png,1,1,0.9911526449170697,FAKE,1004.65077906847,1427,3
/workspace/benchmarks_ai_research/data/aigibench/sdxl/SDXL/1_fake/image_3938.png,1,1,0.9597620573763841,FAKE,1006.5784491598606,1427,3
/workspace/benchmarks_ai_research/data/aigibench/sdxl/SDXL/1_fake/image_3605.png,1,1,0.9407897492587141,FAKE,1007.7268071472645,1427,3
/workspace/benchmarks_ai_research/data/genimage/sd_1_4/imagenet_ai_0419_sdv4/val/nature/ILSVRC2012_val_00043525.JPEG,0,0,0.002550912421286719,REAL,570.3134350478649,814,2
/workspace/benchmarks_ai_research/data/aigibench/sdxl/SDXL/1_fake/image_4022.png,1,1,0.999971590257054,FAKE,1007.8286305069923,1427,3
/workspace/benchmarks_ai_research/data/aigibench/sdxl/SDXL/1_fake/image_2571.png,1,1,0.9425067211996143,FAKE,1012.2548341751099,1427,3
/workspace/benchmarks_ai_research/data/aigibench/sdxl/SDXL/1_fake/image_4579.png,1,0,0.07343008514298546,FAKE,1004.994161427021,1427,3
/workspace/benchmarks_ai_research/data/genimage/sd_1_4/imagenet_ai_0419_sdv4/val/nature/ILSVRC2012_val_00031159.JPEG,0,0,0.007937994101407319,REAL,385.8027905225754,415,2
/workspace/benchmarks_ai_research/data/aigibench/sdxl/SDXL/1_fake/image_643.png,1,1,0.9921841112107114,FAKE,1008.5716638714075,1427,3
/workspace/benchmarks_ai_research/data/genimage/sd_1_4/imagenet_ai_0419_sdv4/val/nature/ILSVRC2012_val_00034277.JPEG,0,0,0.004133968090452445,REAL,332.3421962559223,292,2
/workspace/benchmarks_ai_research/data/aigibench/sdxl/SDXL/1_fake/image_670.png,1,1,0.9999407908348255,FAKE,1008.4886979311705,1427,3
/workspace/benchmarks_ai_research/data/genimage/sd_1_4/imagenet_ai_0419_sdv4/val/nature/ILSVRC2012_val_00031243.JPEG,0,0,0.012624949281564409,REAL,390.54401218891144,352,2
/workspace/benchmarks_ai_research/data/aigibench/sdxl/SDXL/1_fake/image_4340.png,1,1,0.9683812327313545,FAKE,1005.2132494747639,1427,3
/workspace/benchmarks_ai_research/data/genimage/sd_1_4/imagenet_ai_0419_sdv4/val/nature/ILSVRC2012_val_00004858.JPEG,0,0,0.3090633197680385,REAL,332.1420829743147,292,2
/workspace/benchmarks_ai_research/data/aigibench/sdxl/SDXL/1_fake/image_939.png,1,1,0.9898303422461273,FAKE,1006.0547553002834,1427,3
/workspace/benchmarks_ai_research/data/aigibench/sdxl/SDXL/1_fake/image_487.png,1,1,0.9773707999669629,FAKE,1004.4356100261211,1427,3
/workspace/benchmarks_ai_research/data/genimage/sd_1_4/imagenet_ai_0419_sdv4/val/nature/ILSVRC2012_val_00004419.JPEG,0,0,0.003324436891655637,REAL,390.2929238975048,373,2
/workspace/benchmarks_ai_research/data/genimage/sd_1_4/imagenet_ai_0419_sdv4/val/nature/ILSVRC2012_val_00033523.JPEG,0,0,0.001727458626729702,REAL,374.884283170104,403,2
/workspace/benchmarks_ai_research/data/aigibench/sdxl/SDXL/1_fake/image_683.png,1,1,0.9504109770159683,FAKE,1007.3343552649021,1427,3
/workspace/benchmarks_ai_research/data/aigibench/sdxl/SDXL/1_fake/image_3152.png,1,1,0.9817357216481429,FAKE,1006.9366991519928,1427,3
/workspace/benchmarks_ai_research/data/aigibench/sdxl/SDXL/1_fake/image_1860.png,1,1,0.9879462204837635,FAKE,1005.594102665782,1427,3
/workspace/benchmarks_ai_research/data/aigibench/sdxl/SDXL/1_fake/image_172.png,1,1,0.9920620058985926,FAKE,1007.9833678901196,1427,3
/workspace/benchmarks_ai_research/data/aigibench/sdxl/SDXL/1_fake/image_3065.png,1,1,0.9632305339244013,FAKE,1005.0672739744186,1427,3
/workspace/benchmarks_ai_research/data/aigibench/sdxl/SDXL/1_fake/image_1513.png,1,1,0.9937100978631075,FAKE,1010.6497798115015,1427,3
/workspace/benchmarks_ai_research/data/genimage/sd_1_4/imagenet_ai_0419_sdv4/val/nature/ILSVRC2012_val_00042834.JPEG,0,0,0.007121428745735101,REAL,333.3068825304508,292,2
/workspace/benchmarks_ai_research/data/genimage/sd_1_4/imagenet_ai_0419_sdv4/val/nature/ILSVRC2012_val_00029149.JPEG,0,0,0.0032730649706716308,REAL,393.24160292744637,382,2
/workspace/benchmarks_ai_research/data/aigibench/sdxl/SDXL/1_fake/image_2734.png,1,1,0.983596967483837,FAKE,1006.663216277957,1427,3
/workspace/benchmarks_ai_research/data/aigibench/sdxl/SDXL/1_fake/image_3044.png,1,1,0.9489172630429474,FAKE,1005.2515119314194,1427,3
/workspace/benchmarks_ai_research/data/aigibench/sdxl/SDXL/1_fake/image_2042.png,1,0,0.07337945754441663,FAKE,1010.1604964584112,1427,3
/workspace/benchmarks_ai_research/data/aigibench/sdxl/SDXL/1_fake/image_992.png,1,1,0.9919380084717284,FAKE,1003.9109028875828,1427,3
/workspace/benchmarks_ai_research/data/aigibench/sdxl/SDXL/1_fake/image_1276.png,1,1,0.9948603889024311,FAKE,1010.4084555059671,1427,3
/workspace/benchmarks_ai_research/data/aigibench/sdxl/SDXL/1_fake/image_4156.png,1,1,0.9920620058985926,FAKE,1006.713917478919,1427,3
/workspace/benchmarks_ai_research/data/aigibench/sdxl/SDXL/1_fake/image_1518.png,1,1,0.9954615682752046,FAKE,1004.9385447055101,1427,3
/workspace/benchmarks_ai_research/data/aigibench/sdxl/SDXL/1_fake/image_1672.png,1,1,0.9959927110540886,FAKE,1009.4329416751862,1427,3
/workspace/benchmarks_ai_research/data/genimage/sd_1_4/imagenet_ai_0419_sdv4/val/nature/ILSVRC2012_val_00040764.JPEG,0,0,0.01691491326672651,REAL,337.88975328207016,296,2
/workspace/benchmarks_ai_research/data/genimage/sd_1_4/imagenet_ai_0419_sdv4/val/nature/ILSVRC2012_val_00006945.JPEG,0,0,0.001367025645656356,REAL,326.54341123998165,292,2
/workspace/benchmarks_ai_research/data/aigibench/sdxl/SDXL/1_fake/image_2720.png,1,1,0.9919380084717284,FAKE,1004.7089233994484,1427,3
/workspace/benchmarks_ai_research/data/aigibench/sdxl/SDXL/1_fake/image_2995.png,1,1,0.9960545931933981,FAKE,1005.8343596756458,1427,3
/workspace/benchmarks_ai_research/data/aigibench/sdxl/SDXL/1_fake/image_794.png,1,0,0.071566482522881,FAKE,1007.1849953383207,1427,3
/workspace/benchmarks_ai_research/data/aigibench/sdxl/SDXL/1_fake/image_3822.png,1,0,0.1347759174229568,REAL,939.1636289656162,1427,2
/workspace/benchmarks_ai_research/data/genimage/sd_1_4/imagenet_ai_0419_sdv4/val/nature/ILSVRC2012_val_00021412.JPEG,0,0,0.012624949281564409,REAL,329.7438360750675,274,2
/workspace/benchmarks_ai_research/data/aigibench/sdxl/SDXL/1_fake/image_2846.png,1,1,0.988841968751916,FAKE,1006.3765849918127,1427,3
/workspace/benchmarks_ai_research/data/aigibench/sdxl/SDXL/1_fake/image_2827.png,1,1,0.9867771782476948,FAKE,1004.377469420433,1427,3
/workspace/benchmarks_ai_research/data/genimage/sd_1_4/imagenet_ai_0419_sdv4/val/nature/ILSVRC2012_val_00047828.JPEG,0,0,0.16026603232776068,REAL,379.6693719923496,328,2
/workspace/benchmarks_ai_research/data/aigibench/sdxl/SDXL/1_fake/image_1572.png,1,1,0.9732407168145568,FAKE,1003.8901567459106,1427,3
/workspace/benchmarks_ai_research/data/genimage/sd_1_4/imagenet_ai_0419_sdv4/val/nature/ILSVRC2012_val_00035015.JPEG,0,0,0.042722197546490565,REAL,409.49314646422863,382,2
/workspace/benchmarks_ai_research/data/genimage/sd_1_4/imagenet_ai_0419_sdv4/val/nature/ILSVRC2012_val_00023879.JPEG,0,0,0.017712298703411445,REAL,326.75804011523724,292,2
/workspace/benchmarks_ai_research/data/genimage/sd_1_4/imagenet_ai_0419_sdv4/val/nature/ILSVRC2012_val_00044970.JPEG,0,0,0.009708476481474066,REAL,324.78661090135574,274,2
/workspace/benchmarks_ai_research/data/aigibench/sdxl/SDXL/1_fake/image_883.png,1,0,0.07632897912868263,FAKE,1005.7595800608397,1427,3
/workspace/benchmarks_ai_research/data/genimage/sd_1_4/imagenet_ai_0419_sdv4/val/nature/ILSVRC2012_val_00005407.JPEG,0,0,0.08756383952305867,REAL,330.8436330407858,292,2
/workspace/benchmarks_ai_research/data/aigibench/sdxl/SDXL/1_fake/image_2410.png,1,1,0.9905874104123901,FAKE,1004.584763199091,1427,3
/workspace/benchmarks_ai_research/data/aigibench/sdxl/SDXL/1_fake/image_1941.png,1,1,0.9715639669551474,FAKE,1007.8026037663221,1427,3
/workspace/benchmarks_ai_research/data/genimage/sd_1_4/imagenet_ai_0419_sdv4/val/nature/ILSVRC2012_val_00033217.JPEG,0,0,0.11436852618181247,REAL,398.3457237482071,382,2
/workspace/benchmarks_ai_research/data/genimage/sd_1_4/imagenet_ai_0419_sdv4/val/nature/ILSVRC2012_val_00018807.JPEG,0,0,0.07585818002124356,REAL,329.2051963508129,274,2
/workspace/benchmarks_ai_research/data/aigibench/sdxl/SDXL/1_fake/image_4637.png,1,1,0.9736446471538801,FAKE,1005.5040158331394,1427,3
/workspace/benchmarks_ai_research/data/aigibench/sdxl/SDXL/1_fake/image_292.png,1,1,0.9343951625409306,FAKE,1004.4697411358356,1427,3
/workspace/benchmarks_ai_research/data/aigibench/sdxl/SDXL/1_fake/image_2836.png,1,1,0.9945307254013009,FAKE,1006.2057226896286,1427,3
/workspace/benchmarks_ai_research/data/aigibench/sdxl/SDXL/1_fake/image_4130.png,1,1,0.9458012701768145,FAKE,1007.9123042523861,1427,3
/workspace/benchmarks_ai_research/data/aigibench/sdxl/SDXL/1_fake/image_482.png,1,1,0.94815453335022,FAKE,1007.5877495110035,1427,3
/workspace/benchmarks_ai_research/data/aigibench/sdxl/SDXL/1_fake/image_4609.png,1,1,0.9763105287006256,FAKE,1007.57553614676,1427,3
/workspace/benchmarks_ai_research/data/genimage/sd_1_4/imagenet_ai_0419_sdv4/val/nature/ILSVRC2012_val_00044942.JPEG,0,0,0.013222821752305148,REAL,351.84588097035885,292,2
/workspace/benchmarks_ai_research/data/aigibench/sdxl/SDXL/1_fake/image_3506.png,1,1,0.9890130573694068,FAKE,1005.1671210676432,1427,3
/workspace/benchmarks_ai_research/data/aigibench/sdxl/SDXL/1_fake/image_3691.png,1,1,0.9988486004343227,FAKE,1002.3441966623068,1427,3
/workspace/benchmarks_ai_research/data/aigibench/sdxl/SDXL/1_fake/image_1612.png,1,1,0.9893474891602738,FAKE,1008.8892858475447,1427,3
/workspace/benchmarks_ai_research/data/genimage/sd_1_4/imagenet_ai_0419_sdv4/val/nature/ILSVRC2012_val_00046700.JPEG,0,0,0.0022170130229473865,REAL,384.4998683780432,403,2
/workspace/benchmarks_ai_research/data/aigibench/sdxl/SDXL/1_fake/image_1345.png,1,1,0.9877587247081928,FAKE,1003.903103992343,1427,3
/workspace/benchmarks_ai_research/data/aigibench/sdxl/SDXL/1_fake/image_3748.png,1,1,0.9643214491222695,FAKE,1004.2014345526695,1427,3
/workspace/benchmarks_ai_research/data/genimage/sd_1_4/imagenet_ai_0419_sdv4/val/nature/ILSVRC2012_val_00001680.JPEG,0,0,0.004070137715896127,REAL,379.3704342097044,352,2
/workspace/benchmarks_ai_research/data/aigibench/sdxl/SDXL/1_fake/image_2835.png,1,1,0.9895109087400621,FAKE,1007.6550617814064,1427,3
/workspace/benchmarks_ai_research/data/aigibench/sdxl/SDXL/1_fake/image_238.png,1,1,0.9923043528216078,FAKE,1006.8146586418152,1427,3
/workspace/benchmarks_ai_research/data/aigibench/sdxl/SDXL/1_fake/image_3988.png,1,1,0.9886682464686385,FAKE,1006.5557528287172,1427,3
/workspace/benchmarks_ai_research/data/aigibench/sdxl/SDXL/1_fake/image_3207.png,1,1,0.9863631647185701,FAKE,1003.7925336509943,1427,3
/workspace/benchmarks_ai_research/data/aigibench/sdxl/SDXL/1_fake/image_814.png,1,1,0.9845754479181588,FAKE,1005.6719202548265,1427,3
/workspace/benchmarks_ai_research/data/aigibench/sdxl/SDXL/1_fake/image_3916.png,1,1,0.9995197027681136,FAKE,1007.6843686401844,1427,3
/workspace/benchmarks_ai_research/data/genimage/sd_1_4/imagenet_ai_0419_sdv4/val/nature/ILSVRC2012_val_00000346.JPEG,0,0,0.046033902399240385,REAL,360.92484183609486,292,2
/workspace/benchmarks_ai_research/data/genimage/sd_1_4/imagenet_ai_0419_sdv4/val/nature/ILSVRC2012_val_00019514.JPEG,0,0,0.02635535284611975,REAL,298.84058237075806,238,2
/workspace/benchmarks_ai_research/data/aigibench/sdxl/SDXL/1_fake/image_2818.png,1,1,0.9433475746920261,FAKE,1006.1128251254559,1427,3
/workspace/benchmarks_ai_research/data/aigibench/sdxl/SDXL/1_fake/image_62.png,1,1,0.9954615682752046,FAKE,1008.2833133637905,1427,3
/workspace/benchmarks_ai_research/data/aigibench/sdxl/SDXL/1_fake/image_3711.png,1,0,0.07993239656019514,FAKE,1007.0001687854528,1427,3
/workspace/benchmarks_ai_research/data/aigibench/sdxl/SDXL/1_fake/image_593.png,1,1,0.998498817743263,FAKE,1006.008816882968,1427,3
/workspace/benchmarks_ai_research/data/aigibench/sdxl/SDXL/1_fake/image_1804.png,1,0,0.06857314842355436,FAKE,1006.3746105879545,1427,3
/workspace/benchmarks_ai_research/data/aigibench/sdxl/SDXL/1_fake/image_571.png,1,1,0.9998058868132211,FAKE,1008.4810480475426,1427,3
/workspace/benchmarks_ai_research/data/aigibench/sdxl/SDXL/1_fake/image_3143.png,1,1,0.9994725215874769,FAKE,1007.6981652528048,1427,3
/workspace/benchmarks_ai_research/data/aigibench/sdxl/SDXL/1_fake/image_4422.png,1,0,0.4138154363996116,REAL,941.4730332791805,1427,2
/workspace/benchmarks_ai_research/data/genimage/sd_1_4/imagenet_ai_0419_sdv4/val/nature/ILSVRC2012_val_00023595.JPEG,0,0,0.009859855303538789,REAL,386.93925365805626,403,2
/workspace/benchmarks_ai_research/data/genimage/sd_1_4/imagenet_ai_0419_sdv4/val/nature/ILSVRC2012_val_00003022.JPEG,0,0,0.34864513533394575,REAL,326.39564387500286,292,2
/workspace/benchmarks_ai_research/data/aigibench/sdxl/SDXL/1_fake/image_2504.png,1,1,0.9896718474806949,FAKE,1006.2005575746298,1427,3
/workspace/benchmarks_ai_research/data/genimage/sd_1_4/imagenet_ai_0419_sdv4/val/nature/ILSVRC2012_val_00028331.JPEG,0,1,,ERROR,0.0,0,0
/workspace/benchmarks_ai_research/data/aigibench/sdxl/SDXL/1_fake/image_456.png,1,1,0.9353465116437761,FAKE,1006.7239068448544,1427,3
/workspace/benchmarks_ai_research/data/aigibench/sdxl/SDXL/1_fake/image_3149.png,1,1,0.9518632288833652,FAKE,1005.5490545928478,1427,3
/workspace/benchmarks_ai_research/data/aigibench/sdxl/SDXL/1_fake/image_397.png,1,1,0.9937100978631075,FAKE,1005.1124840974808,1427,3
/workspace/benchmarks_ai_research/data/aigibench/sdxl/SDXL/1_fake/image_3469.png,1,1,0.9748211582993981,FAKE,1003.8337949663401,1427,3
/workspace/benchmarks_ai_research/data/genimage/sd_1_4/imagenet_ai_0419_sdv4/val/nature/ILSVRC2012_val_00037240.JPEG,0,0,0.006097562192575309,REAL,273.4149917960167,112,2
/workspace/benchmarks_ai_research/data/aigibench/sdxl/SDXL/1_fake/image_496.png,1,1,0.9907319866190857,FAKE,1010.6973238289356,1427,3
/workspace/benchmarks_ai_research/data/genimage/sd_1_4/imagenet_ai_0419_sdv4/val/nature/ILSVRC2012_val_00019181.JPEG,0,0,0.17328820592932656,REAL,292.38357953727245,179,2
/workspace/benchmarks_ai_research/data/aigibench/sdxl/SDXL/1_fake/image_3126.png,1,1,0.9999863686549141,FAKE,1006.0200802981853,1427,3
/workspace/benchmarks_ai_research/data/aigibench/sdxl/SDXL/1_fake/image_2199.png,1,1,0.9926541734255229,FAKE,1007.0165619254112,1427,3
/workspace/benchmarks_ai_research/data/aigibench/sdxl/SDXL/1_fake/image_3285.png,1,0,0.07358209595630545,FAKE,1007.8739617019892,1427,3
/workspace/benchmarks_ai_research/data/aigibench/sdxl/SDXL/1_fake/image_3088.png,1,1,0.9989012689270753,FAKE,1012.5279221683741,1427,3
/workspace/benchmarks_ai_research/data/genimage/sd_1_4/imagenet_ai_0419_sdv4/val/nature/ILSVRC2012_val_00003043.JPEG,0,0,0.18952109132967754,REAL,391.5118705481291,346,2
/workspace/benchmarks_ai_research/data/aigibench/sdxl/SDXL/1_fake/image_1043.png,1,1,0.9923043528216078,FAKE,1006.1433874070644,1427,3
/workspace/benchmarks_ai_research/data/aigibench/sdxl/SDXL/1_fake/image_2486.png,1,0,0.07478294198378879,FAKE,1007.229695096612,1427,3
/workspace/benchmarks_ai_research/data/aigibench/sdxl/SDXL/1_fake/image_3525.png,1,1,0.9861513897844354,FAKE,1008.5950586944818,1427,3
/workspace/benchmarks_ai_research/data/aigibench/sdxl/SDXL/1_fake/image_1901.png,1,1,0.9958012047285281,FAKE,1014.9233844131231,1427,3
/workspace/benchmarks_ai_research/data/aigibench/sdxl/SDXL/1_fake/image_413.png,1,1,0.9898303422461273,FAKE,1018.6363756656647,1427,3
/workspace/benchmarks_ai_research/data/aigibench/sdxl/SDXL/1_fake/image_2742.png,1,1,0.9967269350293284,FAKE,1017.7660472691059,1427,3
/workspace/benchmarks_ai_research/data/aigibench/sdxl/SDXL/1_fake/image_2.png,1,1,0.9970650482552862,FAKE,1017.9890468716621,1427,3
/workspace/benchmarks_ai_research/data/aigibench/sdxl/SDXL/1_fake/image_2518.png,1,0,0.07424418406378244,FAKE,1020.014114677906,1427,3
/workspace/benchmarks_ai_research/data/aigibench/sdxl/SDXL/1_fake/image_3897.png,1,1,0.9992206339069791,FAKE,1015.0632876902819,1427,3
/workspace/benchmarks_ai_research/data/genimage/sd_1_4/imagenet_ai_0419_sdv4/val/nature/ILSVRC2012_val_00012994.JPEG,0,0,0.1871326821624266,REAL,284.4681479036808,108,2
/workspace/benchmarks_ai_research/data/genimage/sd_1_4/imagenet_ai_0419_sdv4/val/nature/ILSVRC2012_val_00041637.JPEG,0,0,0.007232763803479049,REAL,335.3753238916397,292,2
/workspace/benchmarks_ai_research/data/aigibench/sdxl/SDXL/1_fake/image_3720.png,1,1,0.9937100978631075,FAKE,1019.8320802301168,1427,3
/workspace/benchmarks_ai_research/data/aigibench/sdxl/SDXL/1_fake/image_934.png,1,1,0.9883127420043056,FAKE,1017.6566727459431,1427,3
/workspace/benchmarks_ai_research/data/aigibench/sdxl/SDXL/1_fake/image_3699.png,1,1,0.9857180660748888,FAKE,1020.5092430114746,1427,3
/workspace/benchmarks_ai_research/data/genimage/sd_1_4/imagenet_ai_0419_sdv4/val/nature/ILSVRC2012_val_00045334.JPEG,0,0,0.025565213923269593,REAL,314.5701717585325,240,2
/workspace/benchmarks_ai_research/data/genimage/sd_1_4/imagenet_ai_0419_sdv4/val/nature/ILSVRC2012_val_00002207.JPEG,0,0,0.039638839100970026,REAL,392.64574088156223,394,2
/workspace/benchmarks_ai_research/data/aigibench/sdxl/SDXL/1_fake/image_523.png,1,1,0.9787126482065489,FAKE,1022.4831011146307,1427,3
/workspace/benchmarks_ai_research/data/aigibench/sdxl/SDXL/1_fake/image_1217.png,1,1,0.9770226300899744,FAKE,1018.1520469486713,1427,3
/workspace/benchmarks_ai_research/data/aigibench/sdxl/SDXL/1_fake/image_1061.png,1,1,0.9919380084717284,FAKE,1017.7186261862516,1427,3
/workspace/benchmarks_ai_research/data/aigibench/sdxl/SDXL/1_fake/image_254.png,1,1,0.9939024378074247,FAKE,1012.7565190196037,1427,3
/workspace/benchmarks_ai_research/data/aigibench/sdxl/SDXL/1_fake/image_781.png,1,0,0.07593647216263463,FAKE,1006.8531166762114,1427,3
/workspace/benchmarks_ai_research/data/aigibench/sdxl/SDXL/1_fake/image_1565.png,1,1,0.9895109087400621,FAKE,1005.6166164577007,1427,3
/workspace/benchmarks_ai_research/data/genimage/sd_1_4/imagenet_ai_0419_sdv4/val/nature/ILSVRC2012_val_00016741.JPEG,0,0,0.10669059394565118,REAL,329.9650326371193,274,2
/workspace/benchmarks_ai_research/data/genimage/sd_1_4/imagenet_ai_0419_sdv4/val/nature/ILSVRC2012_val_00019554.JPEG,0,0,0.006192990157855187,REAL,394.962752237916,382,2
/workspace/benchmarks_ai_research/data/genimage/sd_1_4/imagenet_ai_0419_sdv4/val/nature/ILSVRC2012_val_00030992.JPEG,0,0,0.010328152519305191,REAL,326.71611942350864,292,2
/workspace/benchmarks_ai_research/data/genimage/sd_1_4/imagenet_ai_0419_sdv4/val/nature/ILSVRC2012_val_00039131.JPEG,0,0,0.0020829707830458,REAL,325.75842179358006,292,2
/workspace/benchmarks_ai_research/data/aigibench/sdxl/SDXL/1_fake/image_4086.png,1,1,0.9458012701768145,FAKE,1005.8590844273567,1427,3
/workspace/benchmarks_ai_research/data/aigibench/sdxl/SDXL/1_fake/image_1505.png,1,0,0.07141831469322979,FAKE,1008.2369726151228,1427,3
/workspace/benchmarks_ai_research/data/aigibench/sdxl/SDXL/1_fake/image_2675.png,1,1,0.9916842215225259,FAKE,1010.7435770332813,1427,3
/workspace/benchmarks_ai_research/data/aigibench/sdxl/SDXL/1_fake/image_246.png,1,1,0.9995197027681136,FAKE,1007.4755493551493,1427,3
/workspace/benchmarks_ai_research/data/aigibench/sdxl/SDXL/1_fake/image_2795.png,1,0,0.11279540628289321,REAL,943.4954840689898,1427,2
/workspace/benchmarks_ai_research/data/aigibench/sdxl/SDXL/1_fake/image_426.png,1,1,0.9934102283369194,FAKE,1009.8658669739962,1427,3
/workspace/benchmarks_ai_research/data/aigibench/sdxl/SDXL/1_fake/image_744.png,1,1,0.9943580914999767,FAKE,1007.5489468872547,1427,3
/workspace/benchmarks_ai_research/data/aigibench/sdxl/SDXL/1_fake/image_2804.png,1,1,0.9990149917032549,FAKE,1011.8740145117044,1427,3
/workspace/benchmarks_ai_research/data/genimage/sd_1_4/imagenet_ai_0419_sdv4/val/nature/ILSVRC2012_val_00048739.JPEG,0,0,0.001700722411435288,REAL,335.9272163361311,292,2
/workspace/benchmarks_ai_research/data/genimage/sd_1_4/imagenet_ai_0419_sdv4/val/nature/ILSVRC2012_val_00049346.JPEG,0,0,0.020023441289455244,REAL,295.76127976179123,212,2
/workspace/benchmarks_ai_research/data/genimage/sd_1_4/imagenet_ai_0419_sdv4/val/nature/ILSVRC2012_val_00020789.JPEG,0,0,0.028870906946287907,REAL,328.32170091569424,274,2
/workspace/benchmarks_ai_research/data/genimage/sd_1_4/imagenet_ai_0419_sdv4/val/nature/ILSVRC2012_val_00045045.JPEG,0,0,0.04958902298403175,REAL,383.1601031124592,449,2
/workspace/benchmarks_ai_research/data/aigibench/sdxl/SDXL/1_fake/image_1830.png,1,1,0.9865717452580314,FAKE,1007.6162833720446,1427,3
/workspace/benchmarks_ai_research/data/aigibench/sdxl/SDXL/1_fake/image_3794.png,1,1,0.9984021545059827,FAKE,1008.5364878177643,1427,3
/workspace/benchmarks_ai_research/data/aigibench/sdxl/SDXL/1_fake/image_2113.png,1,1,0.9525741268224334,FAKE,1009.6769444644451,1427,3
/workspace/benchmarks_ai_research/data/aigibench/sdxl/SDXL/1_fake/image_2047.png,1,1,0.9828232909876817,FAKE,1012.1224671602249,1427,3
/workspace/benchmarks_ai_research/data/aigibench/sdxl/SDXL/1_fake/image_4089.png,1,0,0.07166542920959433,FAKE,1007.7509880065918,1427,3
/workspace/benchmarks_ai_research/data/genimage/sd_1_4/imagenet_ai_0419_sdv4/val/nature/ILSVRC2012_val_00016172.JPEG,0,0,0.0007096703991005882,REAL,396.47623896598816,449,2
/workspace/benchmarks_ai_research/data/aigibench/sdxl/SDXL/1_fake/image_4405.png,1,1,0.9525741268224334,FAKE,1011.823421344161,1427,3
/workspace/benchmarks_ai_research/data/aigibench/sdxl/SDXL/1_fake/image_3958.png,1,1,0.9648551535992067,FAKE,1007.2682090103626,1427,3
/workspace/benchmarks_ai_research/data/aigibench/sdxl/SDXL/1_fake/image_1659.png,1,1,0.9928785712542649,FAKE,1007.6845344156027,1427,3
/workspace/benchmarks_ai_research/data/aigibench/sdxl/SDXL/1_fake/image_2628.png,1,1,0.9669140216112958,FAKE,1009.1848876327276,1427,3
/workspace/benchmarks_ai_research/data/genimage/sd_1_4/imagenet_ai_0419_sdv4/val/nature/ILSVRC2012_val_00002947.JPEG,0,0,0.0048297217458043405,REAL,336.0952362418175,292,2
/workspace/benchmarks_ai_research/data/aigibench/sdxl/SDXL/1_fake/image_3889.png,1,1,0.9643214491222695,FAKE,1008.0269873142242,1427,3
/workspace/benchmarks_ai_research/data/aigibench/sdxl/SDXL/1_fake/image_2207.png,1,1,0.9970650482552862,FAKE,1006.5438598394394,1427,3
/workspace/benchmarks_ai_research/data/aigibench/sdxl/SDXL/1_fake/image_3230.png,1,1,0.994445075296309,FAKE,1005.7733207941055,1427,3
/workspace/benchmarks_ai_research/data/genimage/sd_1_4/imagenet_ai_0419_sdv4/val/nature/ILSVRC2012_val_00009420.JPEG,0,0,0.12085323249047067,REAL,391.6968908160925,352,2
/workspace/benchmarks_ai_research/data/genimage/sd_1_4/imagenet_ai_0419_sdv4/val/nature/ILSVRC2012_val_00049238.JPEG,0,0,0.0035936025814200896,REAL,297.1983328461647,250,2
/workspace/benchmarks_ai_research/data/aigibench/sdxl/SDXL/1_fake/image_4377.png,1,1,0.98504291340685,FAKE,1008.1098414957523,1427,3
/workspace/benchmarks_ai_research/data/aigibench/sdxl/SDXL/1_fake/image_4573.png,1,1,0.9928785712542649,FAKE,1008.294528350234,1427,3
/workspace/benchmarks_ai_research/data/aigibench/sdxl/SDXL/1_fake/image_1437.png,1,1,0.9919380084717284,FAKE,1009.1942716389894,1427,3
/workspace/benchmarks_ai_research/data/aigibench/sdxl/SDXL/1_fake/image_3467.png,1,1,0.9883127420043056,FAKE,1008.6949653923512,1427,3
/workspace/benchmarks_ai_research/data/genimage/sd_1_4/imagenet_ai_0419_sdv4/val/nature/ILSVRC2012_val_00022726.JPEG,0,0,0.23934934732271168,REAL,390.39671048521996,403,2
/workspace/benchmarks_ai_research/data/genimage/sd_1_4/imagenet_ai_0419_sdv4/val/nature/ILSVRC2012_val_00018602.JPEG,0,0,0.006192990157855187,REAL,330.2543703466654,310,2
/workspace/benchmarks_ai_research/data/aigibench/sdxl/SDXL/1_fake/image_6.png,1,1,0.9990149917032549,FAKE,1007.2138272225857,1427,3
/workspace/benchmarks_ai_research/data/aigibench/sdxl/SDXL/1_fake/image_1315.png,1,0,0.07674969718706542,FAKE,1011.1158788204193,1427,3
/workspace/benchmarks_ai_research/data/aigibench/sdxl/SDXL/1_fake/image_1486.png,1,1,0.9947798743064417,FAKE,1008.2340948283672,1427,3
/workspace/benchmarks_ai_research/data/genimage/sd_1_4/imagenet_ai_0419_sdv4/val/nature/ILSVRC2012_val_00038023.JPEG,0,0,0.027585282226789985,REAL,333.76243710517883,310,2
/workspace/benchmarks_ai_research/data/genimage/sd_1_4/imagenet_ai_0419_sdv4/val/nature/ILSVRC2012_val_00042803.JPEG,0,0,0.0045384317247953825,REAL,327.0620908588171,274,2
/workspace/benchmarks_ai_research/data/aigibench/sdxl/SDXL/1_fake/image_4575.png,1,1,0.9732407168145568,FAKE,1005.8063622564077,1427,3
/workspace/benchmarks_ai_research/data/aigibench/sdxl/SDXL/1_fake/image_916.png,1,1,0.9728307684643189,FAKE,1008.0622676759958,1427,3
/workspace/benchmarks_ai_research/data/genimage/sd_1_4/imagenet_ai_0419_sdv4/val/nature/ILSVRC2012_val_00005944.JPEG,0,0,0.00530189486940215,REAL,268.4428580105305,83,2
/workspace/benchmarks_ai_research/data/aigibench/sdxl/SDXL/1_fake/image_1499.png,1,1,0.9648551535992067,FAKE,1009.2107225209475,1427,3
/workspace/benchmarks_ai_research/data/aigibench/sdxl/SDXL/1_fake/image_2331.png,1,1,0.9597620573763841,FAKE,1008.5044875741005,1427,3
/workspace/benchmarks_ai_research/data/genimage/sd_1_4/imagenet_ai_0419_sdv4/val/nature/ILSVRC2012_val_00039773.JPEG,0,0,0.02800752060598813,REAL,334.7259648144245,292,2
/workspace/benchmarks_ai_research/data/genimage/sd_1_4/imagenet_ai_0419_sdv4/val/nature/ILSVRC2012_val_00017490.JPEG,0,0,0.017986209962091555,REAL,330.2199710160494,310,2
/workspace/benchmarks_ai_research/data/genimage/sd_1_4/imagenet_ai_0419_sdv4/val/nature/ILSVRC2012_val_00005650.JPEG,0,0,0.007937994101407319,REAL,327.95287296175957,292,2
/workspace/benchmarks_ai_research/data/aigibench/sdxl/SDXL/1_fake/image_3807.png,1,1,0.9489172630429474,FAKE,1005.8871563524008,1427,3
/workspace/benchmarks_ai_research/data/aigibench/sdxl/SDXL/1_fake/image_3803.png,1,1,0.9572778024535095,FAKE,1005.3103417158127,1427,3
/workspace/benchmarks_ai_research/data/aigibench/sdxl/SDXL/1_fake/image_2295.png,1,1,0.9956005868372635,FAKE,1012.6129202544689,1427,3
/workspace/benchmarks_ai_research/data/aigibench/sdxl/SDXL/1_fake/image_4454.png,1,1,0.9693241982893259,FAKE,1008.0744586884975,1427,3
/workspace/benchmarks_ai_research/data/aigibench/sdxl/SDXL/1_fake/image_1831.png,1,1,0.9976768374773688,FAKE,1006.7450348287821,1427,3
/workspace/benchmarks_ai_research/data/aigibench/sdxl/SDXL/1_fake/image_1720.png,1,1,0.9998911030899734,FAKE,1010.0564286112785,1427,3
/workspace/benchmarks_ai_research/data/genimage/sd_1_4/imagenet_ai_0419_sdv4/val/nature/ILSVRC2012_val_00022760.JPEG,0,0,0.016152834822140957,REAL,332.73324370384216,274,2
/workspace/benchmarks_ai_research/data/aigibench/sdxl/SDXL/1_fake/image_1037.png,1,1,0.9898303422461273,FAKE,1010.2451164275408,1427,3
/workspace/benchmarks_ai_research/data/aigibench/sdxl/SDXL/1_fake/image_4195.png,1,1,0.9883127420043056,FAKE,1006.8013407289982,1427,3
/workspace/benchmarks_ai_research/data/aigibench/sdxl/SDXL/1_fake/image_543.png,1,1,0.9966233876182606,FAKE,1007.5226370245218,1427,3
/workspace/benchmarks_ai_research/data/genimage/sd_1_4/imagenet_ai_0419_sdv4/val/nature/ILSVRC2012_val_00000993.JPEG,0,0,0.02843603304485266,REAL,338.0680289119482,292,2
/workspace/benchmarks_ai_research/data/aigibench/sdxl/SDXL/1_fake/image_4480.png,1,0,0.23091976292927183,REAL,940.5938591808081,1427,2
/workspace/benchmarks_ai_research/data/genimage/sd_1_4/imagenet_ai_0419_sdv4/val/nature/ILSVRC2012_val_00033016.JPEG,0,0,0.010169657753872614,REAL,336.9185086339712,274,2
/workspace/benchmarks_ai_research/data/aigibench/sdxl/SDXL/1_fake/image_680.png,1,1,0.9658995742876885,FAKE,1006.8085417151451,1427,3
/workspace/benchmarks_ai_research/data/aigibench/sdxl/SDXL/1_fake/image_4607.png,1,1,0.9965165758069192,FAKE,1006.4847525209188,1427,3
/workspace/benchmarks_ai_research/data/genimage/sd_1_4/imagenet_ai_0419_sdv4/val/nature/ILSVRC2012_val_00036684.JPEG,0,0,0.0006667023092435894,REAL,339.4157439470291,310,2
/workspace/benchmarks_ai_research/data/genimage/sd_1_4/imagenet_ai_0419_sdv4/val/nature/ILSVRC2012_val_00028311.JPEG,0,0,0.09268777863937604,REAL,383.79767537117004,346,2
/workspace/benchmarks_ai_research/data/aigibench/sdxl/SDXL/1_fake/image_2190.png,1,1,0.9919380084717284,FAKE,1007.1034152060747,1427,3
/workspace/benchmarks_ai_research/data/genimage/sd_1_4/imagenet_ai_0419_sdv4/val/nature/ILSVRC2012_val_00003148.JPEG,0,0,0.06465348835622392,REAL,327.86394096910954,274,2
/workspace/benchmarks_ai_research/data/genimage/sd_1_4/imagenet_ai_0419_sdv4/val/nature/ILSVRC2012_val_00025149.JPEG,0,0,0.02635535284611975,REAL,1701.0551411658525,2509,2
/workspace/benchmarks_ai_research/data/genimage/sd_1_4/imagenet_ai_0419_sdv4/val/nature/ILSVRC2012_val_00046184.JPEG,0,0,0.021287351793451054,REAL,485.355069860816,551,2
/workspace/benchmarks_ai_research/data/genimage/sd_1_4/imagenet_ai_0419_sdv4/val/nature/ILSVRC2012_val_00040693.JPEG,0,0,0.03021458706739398,REAL,335.9798341989517,274,2
/workspace/benchmarks_ai_research/data/aigibench/sdxl/SDXL/1_fake/image_4331.png,1,1,0.9615338079816756,FAKE,1007.8098922967911,1427,3
/workspace/benchmarks_ai_research/data/aigibench/sdxl/SDXL/1_fake/image_761.png,1,1,0.9985449370614672,FAKE,1009.270453825593,1427,3
/workspace/benchmarks_ai_research/data/aigibench/sdxl/SDXL/1_fake/image_1127.png,1,1,0.9952448000901669,FAKE,1007.4956752359867,1427,3
/workspace/benchmarks_ai_research/data/aigibench/sdxl/SDXL/1_fake/image_3111.png,1,1,0.993096161928778,FAKE,1007.4293110519648,1427,3
/workspace/benchmarks_ai_research/data/aigibench/sdxl/SDXL/1_fake/image_1571.png,1,1,0.9989012689270753,FAKE,1006.2341913580894,1427,3
/workspace/benchmarks_ai_research/data/genimage/sd_1_4/imagenet_ai_0419_sdv4/val/nature/ILSVRC2012_val_00017045.JPEG,0,0,0.15405756269148546,REAL,288.7172754853964,139,2
/workspace/benchmarks_ai_research/data/genimage/sd_1_4/imagenet_ai_0419_sdv4/val/nature/ILSVRC2012_val_00042848.JPEG,0,0,0.0020829707830458,REAL,303.70258539915085,256,2
/workspace/benchmarks_ai_research/data/aigibench/sdxl/SDXL/1_fake/image_900.png,1,1,0.9995197027681136,FAKE,1012.3845767229795,1427,3
/workspace/benchmarks_ai_research/data/aigibench/sdxl/SDXL/1_fake/image_3653.png,1,0,0.08077082999376987,FAKE,1010.895811021328,1427,3
/workspace/benchmarks_ai_research/data/genimage/sd_1_4/imagenet_ai_0419_sdv4/val/nature/ILSVRC2012_val_00040416.JPEG,0,0,0.04813677111663481,REAL,391.0289518535137,352,2
/workspace/benchmarks_ai_research/data/genimage/sd_1_4/imagenet_ai_0419_sdv4/val/nature/ILSVRC2012_val_00043897.JPEG,0,0,0.007937994101407319,REAL,381.0310699045658,364,2
/workspace/benchmarks_ai_research/data/genimage/sd_1_4/imagenet_ai_0419_sdv4/val/nature/ILSVRC2012_val_00030110.JPEG,0,0,0.010169657753872614,REAL,327.9161471873522,292,2
/workspace/benchmarks_ai_research/data/aigibench/sdxl/SDXL/1_fake/image_319.png,1,1,0.9947798743064417,FAKE,1010.5871465057135,1427,3
/workspace/benchmarks_ai_research/data/aigibench/sdxl/SDXL/1_fake/image_764.png,1,1,0.9566342012360932,FAKE,1009.0289544314146,1427,3
/workspace/benchmarks_ai_research/data/aigibench/sdxl/SDXL/1_fake/image_2738.png,1,1,0.9857180660748888,FAKE,1007.0060323923826,1427,3
/workspace/benchmarks_ai_research/data/genimage/sd_1_4/imagenet_ai_0419_sdv4/val/nature/ILSVRC2012_val_00003111.JPEG,0,0,0.009859855303538789,REAL,331.2001246958971,274,2
/workspace/benchmarks_ai_research/data/aigibench/sdxl/SDXL/1_fake/image_459.png,1,0,0.07223680234984668,FAKE,1005.3962729871273,1427,3
/workspace/benchmarks_ai_research/data/aigibench/sdxl/SDXL/1_fake/image_89.png,1,1,0.9966755631083445,FAKE,1007.5402427464724,1427,3
/workspace/benchmarks_ai_research/data/aigibench/sdxl/SDXL/1_fake/image_2687.png,1,1,0.9591542840900507,FAKE,1011.4812199026346,1427,3
/workspace/benchmarks_ai_research/data/aigibench/sdxl/SDXL/1_fake/image_3854.png,1,1,0.9869795098861571,FAKE,1005.2764881402254,1427,3
/workspace/benchmarks_ai_research/data/genimage/sd_1_4/imagenet_ai_0419_sdv4/val/nature/ILSVRC2012_val_00008893.JPEG,0,0,0.0034834241930806675,REAL,332.3838245123625,292,2
/workspace/benchmarks_ai_research/data/genimage/sd_1_4/imagenet_ai_0419_sdv4/val/nature/ILSVRC2012_val_00004611.JPEG,0,0,0.09947021388210707,REAL,616.1872651427984,883,2
/workspace/benchmarks_ai_research/data/aigibench/sdxl/SDXL/1_fake/image_1660.png,1,1,0.9982992775885648,FAKE,1007.5500104576349,1427,3
/workspace/benchmarks_ai_research/data/genimage/sd_1_4/imagenet_ai_0419_sdv4/val/nature/ILSVRC2012_val_00037836.JPEG,0,0,0.011508149064303403,REAL,297.07186110317707,128,2
/workspace/benchmarks_ai_research/data/aigibench/sdxl/SDXL/1_fake/image_4150.png,1,1,0.9979170292169542,FAKE,1009.2400945723057,1427,3
/workspace/benchmarks_ai_research/data/aigibench/sdxl/SDXL/1_fake/image_3378.png,1,1,0.9971550903350206,FAKE,1006.1068069189787,1427,3
/workspace/benchmarks_ai_research/data/genimage/sd_1_4/imagenet_ai_0419_sdv4/val/nature/ILSVRC2012_val_00009168.JPEG,0,0,0.0026730060327886528,REAL,330.21517284214497,274,2
/workspace/benchmarks_ai_research/data/genimage/sd_1_4/imagenet_ai_0419_sdv4/val/nature/ILSVRC2012_val_00025832.JPEG,0,0,0.008577485413711986,REAL,368.882704526186,328,2
/workspace/benchmarks_ai_research/data/aigibench/sdxl/SDXL/1_fake/image_1616.png,1,1,0.9996259043952698,FAKE,1007.8243874013424,1427,3
/workspace/benchmarks_ai_research/data/genimage/sd_1_4/imagenet_ai_0419_sdv4/val/nature/ILSVRC2012_val_00009552.JPEG,0,0,0.007011795381497108,REAL,331.20421320199966,274,2
/workspace/benchmarks_ai_research/data/aigibench/sdxl/SDXL/1_fake/image_2421.png,1,1,0.9820137900379085,FAKE,1004.7220252454281,1427,3
/workspace/benchmarks_ai_research/data/aigibench/sdxl/SDXL/1_fake/image_4032.png,1,1,0.9890130573694068,FAKE,1003.8073696196079,1427,3
/workspace/benchmarks_ai_research/data/aigibench/sdxl/SDXL/1_fake/image_3993.png,1,0,0.06914560791913228,FAKE,1003.8112886250019,1427,3
/workspace/benchmarks_ai_research/data/aigibench/sdxl/SDXL/1_fake/image_3.png,1,1,0.9950177302695786,FAKE,1008.5254907608032,1427,3
/workspace/benchmarks_ai_research/data/genimage/sd_1_4/imagenet_ai_0419_sdv4/val/nature/ILSVRC2012_val_00015568.JPEG,0,0,0.01691491326672651,REAL,331.5696269273758,292,2
/workspace/benchmarks_ai_research/data/genimage/sd_1_4/imagenet_ai_0419_sdv4/val/nature/ILSVRC2012_val_00005121.JPEG,0,0,0.22270013882530884,REAL,285.19395366311073,148,2
/workspace/benchmarks_ai_research/data/aigibench/sdxl/SDXL/1_fake/image_2074.png,1,1,0.9997219690361224,FAKE,1009.2043485492468,1427,3
/workspace/benchmarks_ai_research/data/genimage/sd_1_4/imagenet_ai_0419_sdv4/val/nature/ILSVRC2012_val_00018778.JPEG,0,0,0.01691491326672651,REAL,326.0542079806328,292,2
