path,logit,confidence,margin1,entropy1,y_cnn,y_true,generator,latency_cnn_ms
/workspace/data/genbuster-mini/extracted/GenBuster-200K-mini/benchmark/real/01d7dce697b2c3be67fa8e5c77be91c82be0ba9e590b4c2636f2c98b944229f6.mp4,-33.14630126953125,0.999999999999996,33.14630126953125,-8.848989457360534e-13,0,0,real,276.1662993580103
/workspace/data/genbuster-mini/extracted/GenBuster-200K-mini/benchmark/real/01657b74cbc6265899b7ec80f7fb089aacd97e87190d696261632f2f3d595551.mp4,-29.64610481262207,0.9999999999998667,29.64610481262207,2.8001482336752684e-12,0,0,real,5.2510276436805725
/workspace/data/genbuster-mini/extracted/GenBuster-200K-mini/benchmark/real/00bc6d099e238d673ab49da3c4ee6c3948ef3bac6fc339b129ef5cd242b1838a.mp4,2.7814950942993164,0.9416676759719849,2.7814950942993164,0.22235398076155494,1,0,real,5.41473925113678
/workspace/data/genbuster-mini/extracted/GenBuster-200K-mini/benchmark/real/00b7d4faaf2a33451384d4f5e94be1e08e5c748775e50993f0b906edd0b2744a.mp4,-23.245752334594727,0.9999999999197402,23.245752334594727,1.94396524439902e-09,0,0,real,7.167287170886993
/workspace/data/genbuster-mini/extracted/GenBuster-200K-mini/benchmark/real/00b2a2722089d0fe98102895074f5fd2cc44f7291f91581657ce6d6180aa0cba.mp4,-15.768622398376465,0.9999998581679961,15.768622398376465,2.3783253293014383e-06,0,0,real,8.28467309474945
/workspace/data/genbuster-mini/extracted/GenBuster-200K-mini/benchmark/real/ffabb5b699586169b8b13343eb4ff1193aa7d6877f3aaa5479e3358da6512b7b.mp4,-24.618518829345703,0.9999999999796618,24.618518829345703,5.190590862838348e-10,0,0,real,7.191605865955353
/workspace/data/genbuster-mini/extracted/GenBuster-200K-mini/benchmark/real/ff81da7f4707728ba5cf56ea2a8c14963a46176cb2746de2d6b4d23c32b33231.mp4,-16.77419090270996,0.9999999481126594,16.77419090270996,9.222535015408388e-07,0,0,real,10.822152718901634
/workspace/data/genbuster-mini/extracted/GenBuster-200K-mini/benchmark/real/ff672899dba83014d31d95bc75049f67b395e21cfdad578d1c099cdae7df796b.mp4,-10.379362106323242,0.9999689338910684,10.379362106323242,0.00035351298037800214,0,0,real,11.974228546023369
/workspace/data/genbuster-mini/extracted/GenBuster-200K-mini/benchmark/real/fe41e6ae69865f2593b5dc2b479cde7cb7ae8a83142deb2574e0ecec0e13b17e.mp4,-27.16684913635254,0.9999999999984093,27.16684913635254,4.3029095596673086e-11,0,0,real,10.834019631147385
/workspace/data/genbuster-mini/extracted/GenBuster-200K-mini/benchmark/real/fe01dd8cabab86d44b7399572aa218e841230685a5e22c8148b3956b77d16636.mp4,-16.998525619506836,0.9999999585395436,16.998525619506836,7.462250901515746e-07,0,0,real,10.950453579425812
/workspace/data/genbuster-mini/extracted/GenBuster-200K-mini/benchmark/real/fd9567f10d00d9d0d966ffa8c39445273be9822841d0376b14c1992b0fd5104a.mp4,-6.421036243438721,0.9983756733126938,6.421036243438721,0.012055507871994357,0,0,real,11.07928529381752
/workspace/data/genbuster-mini/extracted/GenBuster-200K-mini/benchmark/real/fd4bc0ee6bc371fc65baaeb3b0fcc2e82895b4057123786ab518d00c3151597e.mp4,-12.647795677185059,0.9999967853718772,12.647795677185059,4.387259091552481e-05,0,0,real,11.212775483727455
/workspace/data/genbuster-mini/extracted/GenBuster-200K-mini/benchmark/real/fd38260b2d293fb0294ed8f7a5cda8665073a36bca8fcbba382fd7608a1fdf8d.mp4,-9.623733520507812,0.9999338641573559,9.623733520507812,0.0007026117568337107,0,0,real,10.918524116277695
/workspace/data/genbuster-mini/extracted/GenBuster-200K-mini/benchmark/real/fd02416ac8201fc9ec6eaab453d52ea03f0b04ec48dc93f08e5b8457eb72b538.mp4,3.5256741046905518,0.9714095592498779,3.5256741046905518,0.12980773200361292,1,0,real,11.244460940361023
/workspace/data/genbuster-mini/extracted/GenBuster-200K-mini/benchmark/real/fc21ccee80691c18ca62b48929fb70fb586801719ace7ec27fcbb6cf8ba68e28.mp4,-32.28604507446289,0.9999999999999905,32.28604507446289,-7.27758205589248e-13,0,0,real,11.008024215698242
/workspace/data/genbuster-mini/extracted/GenBuster-200K-mini/benchmark/real/fb3a85105f094c4ac591cd4e4d4bfc82c0e26679e01fa8ae07a24ca23f2f91f0.mp4,-26.935989379882812,0.9999999999979963,26.935989379882812,5.416614776037803e-11,0,0,real,12.89217360317707
/workspace/data/genbuster-mini/extracted/GenBuster-200K-mini/benchmark/real/fb232d4593fff918788ce4e39d5593037ff80ee7f41df9bb8d7972bfcf1d812c.mp4,-18.745616912841797,0.9999999927742658,18.745616912841797,1.4267458066266496e-07,0,0,real,11.077767238020897
/workspace/data/genbuster-mini/extracted/GenBuster-200K-mini/benchmark/real/fab6d58928f0b767125e9c9fb6cccc33ae1db9d07cc597048200d53917388b0d.mp4,-23.22083854675293,0.9999999999177155,23.22083854675293,1.9910051441347173e-09,0,0,real,11.02016307413578
/workspace/data/genbuster-mini/extracted/GenBuster-200K-mini/benchmark/real/fa93984a8a2e5044293e92fa7180efed4b870808615ba96b83e50516198cd6f6.mp4,-28.884519577026367,0.9999999999997145,28.884519577026367,7.102529240183312e-12,0,0,real,11.221237480640411
/workspace/data/genbuster-mini/extracted/GenBuster-200K-mini/benchmark/real/fa7ba155356874927b3b531438b350b6525681a9223cd7ecedf7c2f965c0da9a.mp4,-17.665576934814453,0.9999999787216769,17.665576934814453,3.9717017765136427e-07,0,0,real,10.953212156891823
/workspace/data/genbuster-mini/extracted/GenBuster-200K-mini/benchmark/real/fa621e4f20b302d4bfff8761ac6a61e0d5ff3e84d7d85e3f0b66ff5681d347e4.mp4,-15.538722038269043,0.9999998215080268,15.538722038269043,2.952027144664639e-06,0,0,real,8.572008460760117
/workspace/data/genbuster-mini/extracted/GenBuster-200K-mini/benchmark/real/fa3e4020993636765943f92e712c86db94ca1887d3a7c29612614779eface9e9.mp4,-4.630556583404541,0.990344800055027,4.630556583404541,0.054411062861520705,0,0,real,10.902414098381996
/workspace/data/genbuster-mini/extracted/GenBuster-200K-mini/benchmark/real/fa108ee877afe4b87b22287b0d8a7a10ca31e2e986a3fcd2ccf69076c2151b1b.mp4,-27.230541229248047,0.9999999999985074,27.230541229248047,4.0369890713624553e-11,0,0,real,11.701395735144615
/workspace/data/genbuster-mini/extracted/GenBuster-200K-mini/benchmark/real/f9f3d7eff6d70534a1ee87a247392201626d3b11d82cf5786b60fd21cf174e78.mp4,-32.28120422363281,0.9999999999999905,32.28120422363281,-7.264834706804564e-13,0,0,real,10.928504168987274
/workspace/data/genbuster-mini/extracted/GenBuster-200K-mini/benchmark/real/f9c33b9bea60d56220302f1a0b1d050d31cc8b8633e3b17c945421ee40a06083.mp4,-17.383333206176758,0.9999999717827759,17.383333206176758,5.187246342171341e-07,0,0,real,9.68005321919918
/workspace/data/genbuster-mini/extracted/GenBuster-200K-mini/benchmark/real/f98d9ccd447a7f72e21e2d2a96473d58bb9786460c026fccb0f561d921304cc3.mp4,-16.6540584564209,0.9999999414894418,16.6540584564209,1.0329468220969435e-06,0,0,real,12.483596801757812
/workspace/data/genbuster-mini/extracted/GenBuster-200K-mini/benchmark/real/f974eef3d748c96400da86265efc5f5c1afbcd98fbc4252167003eeb717d9dd2.mp4,-29.424619674682617,0.9999999999998337,29.424619674682617,3.737330123928153e-12,0,0,real,13.540422543883324
/workspace/data/genbuster-mini/extracted/GenBuster-200K-mini/benchmark/real/f9709b4bbade11584195fec359c02a5bf328d062dadd913697a58bfb09e7b736.mp4,-29.247766494750977,0.9999999999998015,29.247766494750977,4.648430034707811e-12,0,0,real,10.92827320098877
/workspace/data/genbuster-mini/extracted/GenBuster-200K-mini/benchmark/real/f93cfe16d2b0b151fdf0a6b2b27eb0b7d00c4f0bf46fdb7d872aab6d07c0a917.mp4,-26.190271377563477,0.9999999999957762,26.190271377563477,1.12950422726001e-10,0,0,real,9.53846424818039
/workspace/data/genbuster-mini/extracted/GenBuster-200K-mini/benchmark/real/f83e5080eec1a2bae9c40663839fde98fdfb9f97dcce6031860efebabed2d346.mp4,3.506760835647583,0.9708795547485352,3.506760835647583,0.1316713289211695,1,0,real,8.390644565224648
/workspace/data/genbuster-mini/extracted/GenBuster-200K-mini/benchmark/real/f8187c57e5055f22c37ede363bb65cecfebfbc8e17a49d8765c60831a2aed212.mp4,-8.890580177307129,0.9998623392020818,8.890580177307129,0.0013615546383112628,0,0,real,31.669674441218376
/workspace/data/genbuster-mini/extracted/GenBuster-200K-mini/benchmark/real/f7ee64921a549a4d5b5f02d0ed58186b9e9bca195bd992d46e7703c9701b9f8f.mp4,-4.4977288246154785,0.9889883510768414,4.4977288246154785,0.060600136934543566,0,0,real,15.108594670891762
/workspace/data/genbuster-mini/extracted/GenBuster-200K-mini/benchmark/real/f7e9ef5eb734923046795956a06b3f8078947827b284d2ea89a48a0e8791599b.mp4,-35.375526428222656,0.9999999999999996,35.375526428222656,-9.876775651283336e-13,0,0,real,12.985503301024437
/workspace/data/genbuster-mini/extracted/GenBuster-200K-mini/benchmark/real/f78be9d6c96967f293ac983bdda3a502853e48e19fce2a8fb4df4f20f330fa26.mp4,-29.429439544677734,0.9999999999998345,29.429439544677734,3.714798688203074e-12,0,0,real,10.174624621868134
/workspace/data/genbuster-mini/extracted/GenBuster-200K-mini/benchmark/real/f721a63e5cf83cd273dd7424c6a8932d622a0246c620f873afab8205bb44f262.mp4,-27.702287673950195,0.9999999999990687,27.702287673950195,2.5048673375304035e-11,0,0,real,14.259442687034607
/workspace/data/genbuster-mini/extracted/GenBuster-200K-mini/benchmark/real/f70ac7139c2e2ce99d5f05c5ba0cb511161b10a0634bcbcab8beec7985abfb5e.mp4,-8.702240943908691,0.9998338147124741,8.702240943908691,0.0016123835190458252,0,0,real,8.162092417478561
/workspace/data/genbuster-mini/extracted/GenBuster-200K-mini/benchmark/real/f6fb3ce4f39a804453d309829ba81e762e89ae1018113d3b3025c79d3e7df20d.mp4,-10.894930839538574,0.9999814483053342,10.894930839538574,0.00022067129555516877,0,0,real,11.4936213940382
/workspace/data/genbuster-mini/extracted/GenBuster-200K-mini/benchmark/real/f6f726abc51d32a6866d58c1514762e1aec7f91fcf22e5733dd274a3f157d26b.mp4,-25.968467712402344,0.9999999999947272,25.968467712402344,1.4028254515596947e-10,0,0,real,5.429442971944809
/workspace/data/genbuster-mini/extracted/GenBuster-200K-mini/benchmark/real/f63060417007ee1caa0d71b32cb94025c61f7d38f3a8981811c777f1aa0f5aa5.mp4,-14.469386100769043,0.9999994799737806,14.469386100769043,8.044484497578843e-06,0,0,real,10.995317250490189
/workspace/data/genbuster-mini/extracted/GenBuster-200K-mini/benchmark/real/f5ceb139efd93de889c1e54632d3dbc55c2ca9b9b0996de69590fb95d255c401.mp4,-22.58534049987793,0.99999999984465,22.58534049987793,3.6619857555728676e-09,0,0,real,9.127968922257423
/workspace/data/genbuster-mini/extracted/GenBuster-200K-mini/benchmark/real/f5aa6854c5fa222b75bf307c2fcfee0424ac990601e53b8e50ae27eee193452e.mp4,-0.5906881093978882,0.6435230076313019,0.5906881093978882,0.6513642088944744,0,0,real,12.4936792999506
/workspace/data/genbuster-mini/extracted/GenBuster-200K-mini/benchmark/real/f57046e2d31dd9ccf4b9ea53aa96e99b9e53b27b4cb8886d56680f28d447cc97.mp4,-21.166723251342773,0.9999999993581865,21.166723251342773,1.4224904032901407e-08,0,0,real,10.09036973118782
/workspace/data/genbuster-mini/extracted/GenBuster-200K-mini/benchmark/real/f54917c47a8580ef4ab012f26e4f347c7f5108d6fb64ac1393c39c846b087b3c.mp4,-23.199081420898438,0.9999999999159056,23.199081420898438,2.033012624081931e-09,0,0,real,5.639184266328812
/workspace/data/genbuster-mini/extracted/GenBuster-200K-mini/benchmark/real/f529242c22cc9c8b84a46b3afaaec57822d252953e61d56b9334ba5a2cb37986.mp4,-18.907032012939453,0.999999993851342,18.907032012939453,1.2239953210181578e-07,0,0,real,10.22874191403389
/workspace/data/genbuster-mini/extracted/GenBuster-200K-mini/benchmark/real/f4f8eeaf3d6218b444c6d16fa330b5935ed70c9df44fae402f14d2bbd352b1b9.mp4,-12.523487091064453,0.999996359868419,12.523487091064453,4.922727706097215e-05,0,0,real,7.998788729310036
/workspace/data/genbuster-mini/extracted/GenBuster-200K-mini/benchmark/real/f433bc9eb035018550d0f1d0ea315a53b020112b94564e9a1adaff573c56a9ce.mp4,-6.611791133880615,0.9986573830246925,6.611791133880615,0.010220622037383574,0,0,real,13.657784089446068
/workspace/data/genbuster-mini/extracted/GenBuster-200K-mini/benchmark/real/f3fdcedb1e58f18a8045b6c698a4121c7aefcf4616f5179153d7be60f930fa53.mp4,-13.867000579833984,0.9999990501878528,13.867000579833984,1.4120856271558614e-05,0,0,real,10.008469223976135
/workspace/data/genbuster-mini/extracted/GenBuster-200K-mini/benchmark/real/f3fd2f36557289e60c74e411e62fc6ea46b9b2fccc799bdd96a33cc55973506f.mp4,-29.34491729736328,0.9999999999998198,29.34491729736328,4.128440443227522e-12,0,0,real,11.227568611502647
/workspace/data/genbuster-mini/extracted/GenBuster-200K-mini/benchmark/real/f39891da5ff65de95d9d534a1e065474f913f15e2589b76835261e448d5d71b0.mp4,-8.176802635192871,0.999718979728641,8.176802635192871,0.0025789070741409565,0,0,real,6.860513240098953
/workspace/data/genbuster-mini/extracted/GenBuster-200K-mini/benchmark/real/f382eabf50fd318341aada36b8b5dc88e234410401c2b82eb40ff87b1892f6de.mp4,-30.654830932617188,0.9999999999999514,30.654830932617188,3.8953116199351134e-13,0,0,real,9.661594405770302
/workspace/data/genbuster-mini/extracted/GenBuster-200K-mini/benchmark/real/f380717d353b0bdf4a02cdee039820d94c5d1516fc8727bbefcd4f17a0cdb29b.mp4,-15.214390754699707,0.999999753126815,15.214390754699707,4.0028963317827116e-06,0,0,real,12.72355206310749
/workspace/data/genbuster-mini/extracted/GenBuster-200K-mini/benchmark/real/f3681b514c333fd0cb35547822165fc952cf2f32bfc4cef6fea23f7217ce33d2.mp4,0.09016484022140503,0.52252596616745,0.09016484022140503,0.692131998676446,1,0,real,10.379455983638763
/workspace/data/genbuster-mini/extracted/GenBuster-200K-mini/benchmark/real/f31df9086cf78151a7c4aa6a6822267fb1575b90073d30a5d01f9b5a1aa6ecb2.mp4,-24.9163761138916,0.9999999999849007,24.9163761138916,3.8934954731617524e-10,0,0,real,13.1562240421772
/workspace/data/genbuster-mini/extracted/GenBuster-200K-mini/benchmark/real/f24e1240bdd9ddf91ed64c2148da7e067a2e70f36492ec91e73081faf7e6fc8e.mp4,-18.505720138549805,0.9999999908152395,18.505720138549805,1.7915336853654556e-07,0,0,real,10.905204340815544
/workspace/data/genbuster-mini/extracted/GenBuster-200K-mini/benchmark/real/f1f9a74a129ffdc68397ed4305ee93850c7f38e2e5802c32a1e7c46298e3e5bb.mp4,-34.53122329711914,0.999999999999999,34.53122329711914,-9.711391783986288e-13,0,0,real,12.424033135175705
/workspace/data/genbuster-mini/extracted/GenBuster-200K-mini/benchmark/real/f1cb5231b55aa92a9b33bdfabbe39384b523846d0b3ed6c4feff71d0263c9126.mp4,-2.1734368801116943,0.897838644683361,2.1734368801116943,0.32980616827638826,0,0,real,11.066276580095291
/workspace/data/genbuster-mini/extracted/GenBuster-200K-mini/benchmark/real/f1776c3465f146000939fc44da8081af59f574ded33fe8766dd025951f71568f.mp4,-37.888328552246094,1.0,37.888328552246094,-9.991190510589103e-13,0,0,real,11.056633666157722
/workspace/data/genbuster-mini/extracted/GenBuster-200K-mini/benchmark/real/f160fd12cb7fb266ebb097e741721572128293b08906ebae90814a64b6100600.mp4,-13.80635929107666,0.9999989908077396,13.80635929107666,1.4942461699756498e-05,0,0,real,16.210800036787987
/workspace/data/genbuster-mini/extracted/GenBuster-200K-mini/benchmark/real/f1462a8cccc3598e2a41b79bc105feea6b938d05efe2876b948b1733f1a3d5fc.mp4,-14.271897315979004,0.9999993664316662,14.271897315979004,9.675788753833528e-06,0,0,real,11.821925640106201
/workspace/data/genbuster-mini/extracted/GenBuster-200K-mini/benchmark/real/f13c19ce6e5ab68554b3eddd7d5767fbe78a9863ded18fa5482146dd964d6ae2.mp4,-11.013318061828613,0.9999835195321793,11.013318061828613,0.00019798523726024975,0,0,real,6.289191544055939
/workspace/data/genbuster-mini/extracted/GenBuster-200K-mini/benchmark/real/f12163064b08a0ec580e6259c81b22bc55f9c1b04fc0635a20414649b12d0e60.mp4,-24.706422805786133,0.9999999999813732,24.706422805786133,4.768528841975862e-10,0,0,real,8.804082870483398
/workspace/data/genbuster-mini/extracted/GenBuster-200K-mini/benchmark/real/f100581388bed75a848912835ebbb4908d6525b5b15071f6a7b2a3103e13a9d5.mp4,-22.880022048950195,0.9999999998843002,22.880022048950195,2.760918332970229e-09,0,0,real,10.390304028987885
/workspace/data/genbuster-mini/extracted/GenBuster-200K-mini/benchmark/real/f0d478b6507da43c791d6901185a251051272265101397b752730bede51c89c4.mp4,-29.853437423706055,0.9999999999998916,29.853437423706055,2.090861478664627e-12,0,0,real,14.036217704415321
/workspace/data/genbuster-mini/extracted/GenBuster-200K-mini/benchmark/real/f0a9f85365b313db61e15e9b2a6d966dc10cb5c5b8d2b81517b002f2226a84ea.mp4,-0.35544052720069885,0.587936282157898,0.35544052720069885,0.6776008699701064,0,0,real,5.3518712520599365
/workspace/data/genbuster-mini/extracted/GenBuster-200K-mini/benchmark/real/efec34f86d8e7c5eb150a245d2f51fbf2c7858b47b77a36d61bd3b967ef63781.mp4,-22.568864822387695,0.9999999998420693,22.568864822387695,3.720250078101163e-09,0,0,real,13.623971492052078
/workspace/data/genbuster-mini/extracted/GenBuster-200K-mini/benchmark/real/efa5a9ee9d71cd6a7f387e346285f3e62bc306139d67107fe4f050269a937853.mp4,-28.914491653442383,0.9999999999997229,28.914491653442383,6.86509639044227e-12,0,0,real,6.002550944685936
/workspace/data/genbuster-mini/extracted/GenBuster-200K-mini/benchmark/real/ef91f9096326869fcedd7327af52b6b82f03e28e623becad392223bd9ce03722.mp4,-15.016561508178711,0.9999996991222702,15.016561508178711,4.8190247294382245e-06,0,0,real,9.752696380019188
/workspace/data/genbuster-mini/extracted/GenBuster-200K-mini/benchmark/real/ef5345962c143768a1ebb3d4edeb0752a107ba96a423cb1de2bce902b3e63dc3.mp4,-25.491758346557617,0.9999999999915068,25.491758346557617,2.230537913137877e-10,0,0,real,9.467700496315956
/workspace/data/genbuster-mini/extracted/GenBuster-200K-mini/benchmark/real/eeedca9e5faa8f524802fa9e1d10dd14cb6d9252afc244a52bd499e0d464c2ab.mp4,-26.132822036743164,0.9999999999955264,26.132822036743164,1.194795943636187e-10,0,0,real,9.149735793471336
/workspace/data/genbuster-mini/extracted/GenBuster-200K-mini/benchmark/real/eede9497a713f1d21a2374be4cb677f8d13d3926a235515d34c9fc74b90aa224.mp4,-25.614816665649414,0.9999999999924902,25.614816665649414,1.9793230359341097e-10,0,0,real,12.10443302989006
/workspace/data/genbuster-mini/extracted/GenBuster-200K-mini/benchmark/real/eed29332599d0eb8c9112c5300b993f9e981e2404404e6c2cdb0f81f40cb2e94.mp4,-21.13860511779785,0.9999999993398837,21.13860511779785,1.4612054747445336e-08,0,0,real,16.045840457081795
/workspace/data/genbuster-mini/extracted/GenBuster-200K-mini/benchmark/real/eeb108cf00694ee48c6a62d37fa10d8d753bde6dc9dde59ec7d80212c08ee8b3.mp4,-32.871559143066406,0.9999999999999947,32.871559143066406,-8.484150846221473e-13,0,0,real,11.039644479751587
/workspace/data/genbuster-mini/extracted/GenBuster-200K-mini/benchmark/real/ee4bbc6002946ecdc1c79c09224d75305bb11d283eeb617bb6c2b9f32ecf761a.mp4,-25.101242065429688,0.9999999999874493,25.101242065429688,3.2562756795149256e-10,0,0,real,10.892443358898163
/workspace/data/genbuster-mini/extracted/GenBuster-200K-mini/benchmark/real/ee2877c200c9db8ee38f650ee90097b88289b555833d50c29553b7502cfd52e7.mp4,-25.28795051574707,0.9999999999895869,25.28795051574707,2.7178584391187637e-10,0,0,real,10.816311463713646
/workspace/data/genbuster-mini/extracted/GenBuster-200K-mini/benchmark/real/ee0d0f0ee677ca97295dea4a8e2f3f1e32d715019e7d1167000c93c313ff928e.mp4,-21.811819076538086,0.9999999996632967,21.811819076538086,7.67881577677509e-09,0,0,real,11.097783222794533
/workspace/data/genbuster-mini/extracted/GenBuster-200K-mini/benchmark/real/ed8d5698673178cdf235e64f237938b9e5194853a90bd96f4a69683bf2ac2ecd.mp4,-13.397906303405762,0.9999984816827237,13.397906303405762,2.1860589142151816e-05,0,0,real,12.33658380806446
/workspace/data/genbuster-mini/extracted/GenBuster-200K-mini/benchmark/real/ed83bbcbacf03f1b115e88e20bb12a1e827239041336ae09b0b7bc23dc9e32d7.mp4,-19.244108200073242,0.9999999956107533,19.244108200073242,8.885438616526905e-08,0,0,real,13.768436387181282
/workspace/data/genbuster-mini/extracted/GenBuster-200K-mini/benchmark/real/ed74aec8b3cceac7f0b750c983c934536029406b12fa071b629368cc3ff07352.mp4,-14.117195129394531,0.9999992604292061,14.117195129394531,1.1180234246607171e-05,0,0,real,11.852096766233444
/workspace/data/genbuster-mini/extracted/GenBuster-200K-mini/benchmark/real/ed26ec82c4a264ffe735fcc9e34de10aca81f93801c0a6c0c9e40ba0d7c08352.mp4,-17.90591812133789,0.999999983267589,17.90591812133789,3.1633959412096546e-07,0,0,real,5.233891308307648
/workspace/data/genbuster-mini/extracted/GenBuster-200K-mini/benchmark/real/ece880f9f1e42a1ca03787c6d83dd12acf95ad62cb26109853a417a86efcedd8.mp4,-19.1352481842041,0.9999999951059624,19.1352481842041,9.854066221016687e-08,0,0,real,5.930600687861443
/workspace/data/genbuster-mini/extracted/GenBuster-200K-mini/benchmark/real/ecc36355bfb7a8e804de8c415ff42d05516b52aa89c8988eb144d596481a15a2.mp4,-25.50763511657715,0.9999999999916406,25.50763511657715,2.196432501111084e-10,0,0,real,12.263081967830658
/workspace/data/genbuster-mini/extracted/GenBuster-200K-mini/benchmark/real/ecb6dcb9b755ce9f8a9e5cff03e241be50c3c9f110b41ab69cad9f9f78b80662.mp4,-16.976516723632812,0.9999999576169252,16.976516723632812,7.618980529684319e-07,0,0,real,13.068333268165588
/workspace/data/genbuster-mini/extracted/GenBuster-200K-mini/benchmark/real/ec6927a4cfced8c97b41912e6c0d7d77ab4fdc6c6663f62da8c6185646f6e4a7.mp4,-24.412029266357422,0.9999999999749971,24.412029266357422,6.333939365978111e-10,0,0,real,18.260683864355087
/workspace/data/genbuster-mini/extracted/GenBuster-200K-mini/benchmark/real/ec60467aaacb90b5405cad71c216df7579206c4a1ae78594e121fc2476f41279.mp4,-32.153656005859375,0.9999999999999891,32.153656005859375,-6.892429096904773e-13,0,0,real,11.483272537589073
/workspace/data/genbuster-mini/extracted/GenBuster-200K-mini/benchmark/real/ec4ca47a3dc3bbf35c9708c8bf29a4c66fad73c08f86154db0e172d09a82d2c4.mp4,-17.259140014648438,0.9999999680514833,17.259140014648438,5.83350441755946e-07,0,0,real,11.522511020302773
/workspace/data/genbuster-mini/extracted/GenBuster-200K-mini/benchmark/real/ebea2a78cfb97d973327fee21f216aa61fda6f5272d2451341203ccecbd92085.mp4,-38.85118865966797,1.0,38.85118865966797,-9.997186123713717e-13,0,0,real,11.34750060737133
/workspace/data/genbuster-mini/extracted/GenBuster-200K-mini/benchmark/real/eb6727fa4168362a55b7a4517867636d3a68f1f35ced7f5daedab076eaf014fe.mp4,-38.25077819824219,1.0,38.25077819824219,-9.994139147310195e-13,0,0,real,10.978464037179947
/workspace/data/genbuster-mini/extracted/GenBuster-200K-mini/benchmark/real/ead022b1408667060a102f94aec6fb32580037652814cb7c5415048231a0b466.mp4,-16.505237579345703,0.9999999321005291,16.505237579345703,1.1885943689590012e-06,0,0,real,10.798072442412376
/workspace/data/genbuster-mini/extracted/GenBuster-200K-mini/benchmark/real/ea3de97f87fd4e1b2cca0834fb14fc3ad77b116854e1c1ec7a6840abfbf5d428.mp4,-32.07453536987305,0.9999999999999882,32.07453536987305,-6.636674759971532e-13,0,0,real,8.592996746301651
/workspace/data/genbuster-mini/extracted/GenBuster-200K-mini/benchmark/real/ea1320bba9f74a3d0438156a6820082497d7602fa5b91267d52ab7a18195dcf1.mp4,-36.0119514465332,0.9999999999999998,36.0119514465332,-9.935339722135882e-13,0,0,real,10.95772348344326
/workspace/data/genbuster-mini/extracted/GenBuster-200K-mini/benchmark/real/e9a5a09f1b46a7141fe807673beb1ad1ade428e3befd304ec0011a6915f0bd20.mp4,-2.684741258621216,0.9361202344298363,2.684741258621216,0.23751199812956336,0,0,real,11.94075122475624
/workspace/data/genbuster-mini/extracted/GenBuster-200K-mini/benchmark/real/e987a34007e7a3856bd8e435acf9e85de29e32aa3683de5b836c791ea9d23073.mp4,-14.727559089660645,0.999999598299695,14.727559089660645,6.317763382268286e-06,0,0,real,10.71406900882721
/workspace/data/genbuster-mini/extracted/GenBuster-200K-mini/benchmark/real/e91e857ae965bd9dc92e5bd310f49ddd6b88f55c838251b364ea756c798d27eb.mp4,-38.30513381958008,1.0,38.30513381958008,-9.99449624641733e-13,0,0,real,11.74984872341156
/workspace/data/genbuster-mini/extracted/GenBuster-200K-mini/benchmark/real/e8eeebf778f83b7117c0024e8e6ee1072026f0a48e32faec5bc6fbd2c5f2dbcf.mp4,-7.310576438903809,0.9993320148787461,7.310576438903809,0.005551564617056283,0,0,real,6.294175982475281
/workspace/data/genbuster-mini/extracted/GenBuster-200K-mini/benchmark/real/e8bb154f3e691885152cc6c5068c015307ad26ff3eb3ab7932bafdb7a5cf6e53.mp4,-5.934074401855469,0.9973593193572015,5.934074401855469,0.018314168795503388,0,0,real,10.943444445729256
/workspace/data/genbuster-mini/extracted/GenBuster-200K-mini/benchmark/real/e88f81769bca798a5577a04e5325b38089f7eb556137e4f5a3c5a064212f7f06.mp4,-19.12503433227539,0.9999999950557195,19.12503433227539,9.950181594789468e-08,0,0,real,17.098313197493553
/workspace/data/genbuster-mini/extracted/GenBuster-200K-mini/benchmark/real/e869db4ff837bf056e30e99fa245b453e50c3bc76f6a94d846632a7e005f6212.mp4,-24.156984329223633,0.9999999999677333,24.156984329223633,8.097489470996409e-10,0,0,real,11.469980701804161
/workspace/data/genbuster-mini/extracted/GenBuster-200K-mini/benchmark/real/e8354f218e256026a71d5e7522e5b84debf856d2aa29bdab32c5330e909f7de3.mp4,-20.46210479736328,0.9999999987015633,20.46210479736328,2.78651848086686e-08,0,0,real,11.052735149860382
/workspace/data/genbuster-mini/extracted/GenBuster-200K-mini/benchmark/real/e7e0bd7418fd3b4d581d0d714dd7589706c9c8a44bd8c9bf6223f3753272071d.mp4,-29.63445281982422,0.9999999999998651,29.63445281982422,2.8444912656374687e-12,0,0,real,10.945703834295273
/workspace/data/genbuster-mini/extracted/GenBuster-200K-mini/benchmark/real/e6d2dfaaa88ffc0e6def86d38ff18cae3d3da29c6149f42777cd16d42673aa22.mp4,-9.0238676071167,0.9998795153369429,9.0238676071167,0.0012077295670244294,0,0,real,6.134852766990662
/workspace/data/genbuster-mini/extracted/GenBuster-200K-mini/benchmark/real/e6b8e59d6ac03f0d1a32eb375a7da7872835ed80ebbf7a0fe5b2d7130d5aa435.mp4,-14.464728355407715,0.9999994775459982,14.464728355407715,8.079607360387949e-06,0,0,real,6.157992407679558
/workspace/data/genbuster-mini/extracted/GenBuster-200K-mini/benchmark/real/e6b6b8cb52c027c1e85cd4f140d1843cdbc1cbc0c9331543f2fef3dcab144bc7.mp4,-20.342382431030273,0.9999999985364231,20.342382431030273,3.1234218865992017e-08,0,0,real,7.873557507991791
/workspace/data/genbuster-mini/extracted/GenBuster-200K-mini/benchmark/real/e60a28bdcd56a3bb8ea2ea5089fb6e36219ce2ecddd6c3f321c52ad4767691e0.mp4,-27.518861770629883,0.9999999999988813,27.518861770629883,3.0189348057444966e-11,0,0,real,9.17101837694645
/workspace/data/genbuster-mini/extracted/GenBuster-200K-mini/benchmark/real/e5c645d6070354b2243b30f953e91ee3d1fe2ec9cd1c8ee5dfa32837db5d692d.mp4,-24.779327392578125,0.999999999982683,24.779327392578125,4.4445063514154853e-10,0,0,real,10.95784455537796
/workspace/data/genbuster-mini/extracted/GenBuster-200K-mini/benchmark/real/e51917635045dcdb3ea0a7307448aa07d87c7b37711c8aca2fcccd91f82aa8b3.mp4,-8.849006652832031,0.999856496360735,8.849006652832031,0.0014133785928252198,0,0,real,10.900894179940224
/workspace/data/genbuster-mini/extracted/GenBuster-200K-mini/benchmark/real/e500acdf272d4675088de9f44d77d07b8c596f5e459fa6b8c367c262a72e2439.mp4,-30.7074031829834,0.9999999999999539,30.7074031829834,3.185202617703874e-13,0,0,real,12.731760740280151
/workspace/data/genbuster-mini/extracted/GenBuster-200K-mini/benchmark/real/e4bcfb23e8e810c45e713accc4f3e4454b9e397166ef97857ac773ee0a055d0c.mp4,-30.019245147705078,0.9999999999999082,30.019245147705078,1.6200984437129657e-12,0,0,real,6.5758563578128815
/workspace/data/genbuster-mini/extracted/GenBuster-200K-mini/benchmark/real/e4a3eb7c6c6665ae04286c90d742ccacf4c99ba08bbff20d34d6f498ae3493da.mp4,-28.804141998291016,0.9999999999996906,28.804141998291016,7.775069975540937e-12,0,0,real,12.82070204615593
/workspace/data/genbuster-mini/extracted/GenBuster-200K-mini/benchmark/real/e46ef7b34b76f7323f7dbff929053037aea31af45414af3fbb4d677841182404.mp4,-27.918237686157227,0.9999999999992496,27.918237686157227,2.006327997641e-11,0,0,real,12.945923954248428
/workspace/data/genbuster-mini/extracted/GenBuster-200K-mini/benchmark/real/e3e18f0c5f89fb8d30ea87bb1eb7fb86a35c6a4051dbab67c40673896082572b.mp4,0.6804035902023315,0.6638287901878357,0.6804035902023315,0.6384631394496953,1,0,real,11.00255362689495
/workspace/data/genbuster-mini/extracted/GenBuster-200K-mini/benchmark/real/e3cbe0611a9f12fa9df6a4af77ad92635c1437e282743724bfdeafaba0ceb9ca.mp4,-18.329666137695312,0.9999999890471489,18.329666137695312,2.1171295341853393e-07,0,0,real,11.179637163877487
/workspace/data/genbuster-mini/extracted/GenBuster-200K-mini/benchmark/real/e332fedff040e6bb6748ca5f595bce2ba5b87f284fdc29b2232ce0e527a5caeb.mp4,-14.11201286315918,0.999999256586591,14.11201286315918,1.123447122846085e-05,0,0,real,10.486247017979622
/workspace/data/genbuster-mini/extracted/GenBuster-200K-mini/benchmark/real/e31d6f3172865ac727115fe265adffe1bdd5f5fe74d691554af7257e38f515b7.mp4,-15.8535795211792,0.9999998697199857,15.8535795211792,2.1956826024648925e-06,0,0,real,9.742364287376404
/workspace/data/genbuster-mini/extracted/GenBuster-200K-mini/benchmark/real/e2ec0c48aa59243c1c71555704d0c4513a91cdddf4ce34ea292ffab1a689e98f.mp4,-22.79804039001465,0.9999999998744152,22.79804039001465,2.986674654958191e-09,0,0,real,10.634196922183037
/workspace/data/genbuster-mini/extracted/GenBuster-200K-mini/benchmark/real/e2acbafe7bdc81cdc235db86fb63baf3b785a2e98cc6a738ce2a2218d64c6b58.mp4,-26.513696670532227,0.9999999999969433,26.513696670532227,8.223502687685559e-11,0,0,real,6.238633766770363
/workspace/data/genbuster-mini/extracted/GenBuster-200K-mini/benchmark/real/e2915a8b452d6d7b138c26aaf27abfc8009e29a2afb5680e85ae60fa9bca2249.mp4,-32.43891906738281,0.9999999999999918,32.43891906738281,-7.663322092225733e-13,0,0,real,7.057107985019684
/workspace/data/genbuster-mini/extracted/GenBuster-200K-mini/benchmark/real/e210eae6152f334f29ceaef90b700144b44e98dd56f80a5faece64379f160a74.mp4,-27.505338668823242,0.9999999999988661,27.505338668823242,3.0605844954810655e-11,0,0,real,6.803451105952263
/workspace/data/genbuster-mini/extracted/GenBuster-200K-mini/benchmark/real/e1f7fd50289c6c8040e0de10b073da59c9ce98498149491a7382f7833be9f2b1.mp4,-8.501726150512695,0.9997969237883808,8.501726150512695,0.001929595166246139,0,0,real,5.257168784737587
/workspace/data/genbuster-mini/extracted/GenBuster-200K-mini/benchmark/real/e1c2f21ec0bb249c8707e8cec3b3a82e3d7a10186bbe4f4b79d3ab5b6bd2bdf6.mp4,-17.145549774169922,0.9999999642083033,17.145549774169922,6.494580183932833e-07,0,0,real,10.023349896073341
/workspace/data/genbuster-mini/extracted/GenBuster-200K-mini/benchmark/real/e184665a1afa1de9ce5d968aa2db8b73809bb24233a4fb53c150cddd3e7e8773.mp4,-27.38624382019043,0.9999999999987227,27.38624382019043,3.45201955849933e-11,0,0,real,11.810103431344032
/workspace/data/genbuster-mini/extracted/GenBuster-200K-mini/benchmark/real/e144ef7798bb88d925d4795688fe00d2aa76b785fb516f2e64f24964e5e26417.mp4,-0.1284441351890564,0.5320669412612915,0.1284441351890564,0.6910891909526327,0,0,real,8.85012187063694
/workspace/data/genbuster-mini/extracted/GenBuster-200K-mini/benchmark/real/e10221f60e27c929fb0efef021601f8905d437b7abaf0dbe6ad5fa356ec3cd9e.mp4,-3.024933338165283,0.9536879062652588,3.024933338165283,0.187509799943934,0,0,real,8.783861994743347
/workspace/data/genbuster-mini/extracted/GenBuster-200K-mini/benchmark/real/e04c3f285d4a7ebfae2308d810abd3edda571de9c9875ac14431b8d878addb08.mp4,-32.76609802246094,0.9999999999999941,32.76609802246094,-8.314755043558543e-13,0,0,real,12.086061760783195
/workspace/data/genbuster-mini/extracted/GenBuster-200K-mini/benchmark/real/e0466e1e08ac9fb0ed212ff51602cb0ff30b803c1a561f91e77b6488637e0785.mp4,-13.146631240844727,0.9999980479553869,13.146631240844727,2.7614855255452512e-05,0,0,real,7.495999336242676
/workspace/data/genbuster-mini/extracted/GenBuster-200K-mini/benchmark/real/dfe92a27a7547dc863a0efea3781a2ba058a049cd1124ac2b7d97b64a897d737.mp4,-6.818634033203125,0.9989079806255177,6.818634033203125,0.008538696543141966,0,0,real,10.648487135767937
/workspace/data/genbuster-mini/extracted/GenBuster-200K-mini/benchmark/real/dfa3f4335b48ebb4a3ee09828bb333dfbc6991513cd6b8728f500407bbd38f74.mp4,-16.990711212158203,0.9999999582142785,16.990711212158203,7.517528455652288e-07,0,0,real,5.694624036550522
/workspace/data/genbuster-mini/extracted/GenBuster-200K-mini/benchmark/real/df770c6eb7df3f47567171ea65bf2857e90308154ec01985c635e1d997c10205.mp4,-2.2155253887176514,0.9016350582242012,2.2155253887176514,0.3214754584100377,0,0,real,6.477048620581627
/workspace/data/genbuster-mini/extracted/GenBuster-200K-mini/benchmark/real/df5e074706655372db7d5283236cabb28e9833134061dcadc5dbcc12704c95ff.mp4,-30.962390899658203,0.9999999999999643,30.962390899658203,2.2051184078979876e-14,0,0,real,4.841525107622147
/workspace/data/genbuster-mini/extracted/GenBuster-200K-mini/benchmark/real/df3885a21d5595dc212850dc28a88df26f79d2ee4273fff6c533d8cf5cc9d945.mp4,-21.743925094604492,0.9999999996396427,21.743925094604492,8.193940253625133e-09,0,0,real,12.452015653252602
/workspace/data/genbuster-mini/extracted/GenBuster-200K-mini/benchmark/real/df263495104b4ac37eabfeb361fdac76a94f48293622ad16eb1e99a897614c7e.mp4,-35.701202392578125,0.9999999999999997,35.701202392578125,-9.910039545343553e-13,0,0,real,13.700144365429878
/workspace/data/genbuster-mini/extracted/GenBuster-200K-mini/benchmark/real/de7579546fd5597789fde7c0874fae2992321d83536b792430b33444be3b1c55.mp4,-15.906853675842285,0.9999998764789098,15.906853675842285,2.0883510217337384e-06,0,0,real,12.564348056912422
/workspace/data/genbuster-mini/extracted/GenBuster-200K-mini/benchmark/real/de5355099a8aa343a1a59d1f2d88c076e6e1164f16f284dbe5bbcbe0d3b699c0.mp4,-16.45062828063965,0.9999999282894763,16.45062828063965,1.2513916942930907e-06,0,0,real,10.667089372873306
/workspace/data/genbuster-mini/extracted/GenBuster-200K-mini/benchmark/real/de3148b65cbf3957c095079ac534b27285c95e2875bcebc2e997d6c0f9836106.mp4,-24.26583480834961,0.9999999999710611,24.26583480834961,7.291820737247931e-10,0,0,real,9.313119575381279
/workspace/data/genbuster-mini/extracted/GenBuster-200K-mini/benchmark/real/de0caa3122f86f537f19089d801460fa511de489faf3821228794f2f7486ff84.mp4,-13.301417350769043,0.9999983278813716,13.301417350769043,2.391366588535038e-05,0,0,real,12.505047023296356
/workspace/data/genbuster-mini/extracted/GenBuster-200K-mini/benchmark/real/ddd884df8f2b06c85df2445ef31edd4867f654647bb5ce38b5081e45b8794f95.mp4,-15.055649757385254,0.9999997106561409,15.055649757385254,4.6456016987681175e-06,0,0,real,9.854845702648163
/workspace/data/genbuster-mini/extracted/GenBuster-200K-mini/benchmark/real/ddd06206eb36af67ee340641adc1ecd1001876cd35ba93517eb2711f396ce40d.mp4,-30.098207473754883,0.9999999999999152,30.098207473754883,1.4215773634578907e-12,0,0,real,13.379350304603577
/workspace/data/genbuster-mini/extracted/GenBuster-200K-mini/benchmark/real/dcca6b1efa9f55b75f0ce0e54ffda9a6a16e962b4af3ee2315d38af950f98adc.mp4,-13.594426155090332,0.9999987525727647,13.594426155090332,1.8205483368599703e-05,0,0,real,11.244948953390121
/workspace/data/genbuster-mini/extracted/GenBuster-200K-mini/benchmark/real/dc9f426260e0aec20733846813ff6a41f17cf585a9123021174ecea79cce84f5.mp4,-22.712221145629883,0.9999999998631617,22.712221145629883,3.2427438115526272e-09,0,0,real,11.254789307713509
/workspace/data/genbuster-mini/extracted/GenBuster-200K-mini/benchmark/real/dc8f7b2165660769ca9491d7e7d08116f8f341080140c91d00260128bec8cc2f.mp4,-37.68183517456055,1.0,37.68183517456055,-9.988966070862372e-13,0,0,real,11.25962845981121
/workspace/data/genbuster-mini/extracted/GenBuster-200K-mini/benchmark/real/dc7de6abedcbc89304a9d1a3006165ac74b0e0c2200e71b72d6002307304aaef.mp4,-0.3203734755516052,0.5794152617454529,0.3203734755516052,0.6804800364259935,0,0,real,11.768735945224762
/workspace/data/genbuster-mini/extracted/GenBuster-200K-mini/benchmark/real/dc2b4ec01a8f7eedfb1d898bbae67f77e5b96ef205f61e75ab8035ca694c2aca.mp4,-26.59369659423828,0.9999999999971784,26.59369659423828,7.600398328749213e-11,0,0,real,11.556034907698631
/workspace/data/genbuster-mini/extracted/GenBuster-200K-mini/benchmark/real/dbfb90ae002da553640656a0fec9f45a97dcb1d38c466b4cec81c6ae54af5845.mp4,-28.980302810668945,0.9999999999997405,28.980302810668945,6.367863047882874e-12,0,0,real,10.27587242424488
/workspace/data/genbuster-mini/extracted/GenBuster-200K-mini/benchmark/real/db1bac6cdfdebcec84668a01e9d9fe647432d0d3176968009a17b192c0907747.mp4,-21.23752784729004,0.9999999994020583,21.23752784729004,1.3294745987019453e-08,0,0,real,6.269033998250961
/workspace/data/genbuster-mini/extracted/GenBuster-200K-mini/benchmark/real/da37bbd99d6aee97ac40dae175a5e13f7c9ce090b934e990681c6eebfcb4b1db.mp4,-19.610761642456055,0.9999999969580335,19.610761642456055,6.26952458249096e-08,0,0,real,5.555443465709686
/workspace/data/genbuster-mini/extracted/GenBuster-200K-mini/benchmark/real/da3630222fb5120015aa623a6ae6f592ed128c1d3e6769793e02666045476557.mp4,-35.284549713134766,0.9999999999999996,35.284549713134766,-9.865377833902772e-13,0,0,real,7.689433172345161
/workspace/data/genbuster-mini/extracted/GenBuster-200K-mini/benchmark/real/d9e0375795362965303580e8e58c45a6287ee95630949296dce70237e1a3ce17.mp4,-34.70276641845703,0.9999999999999991,34.70276641845703,-9.757495987403814e-13,0,0,real,7.611511275172234
/workspace/data/genbuster-mini/extracted/GenBuster-200K-mini/benchmark/real/d989ce83f5605ba5d2f1449b1d7daf6c3dd46fb30fbfd615c4b92d314d9f5424.mp4,-6.1372528076171875,0.9978438075631857,6.1372528076171875,0.015391618549405545,0,0,real,11.567194014787674
/workspace/data/genbuster-mini/extracted/GenBuster-200K-mini/benchmark/real/d97e8655daa71c4588c84549f8d7671d4be318e64fb8ee2c3663d65960b381f3.mp4,-16.750425338745117,0.9999999468647545,16.750425338745117,9.431712090985022e-07,0,0,real,6.610209122300148
/workspace/data/genbuster-mini/extracted/GenBuster-200K-mini/benchmark/real/d97ad2015606d3f7ec84c5b7dd8a160ce349ef55059c9909f9cb9d9be82c0750.mp4,-31.63404655456543,0.9999999999999818,31.63404655456543,-4.776606857697905e-13,0,0,real,10.936116799712181
/workspace/data/genbuster-mini/extracted/GenBuster-200K-mini/benchmark/real/d922a46e32668259c701952a4d40e42f3b461ba7e0776fddf56e9ce22523f819.mp4,-15.865852355957031,0.9999998713091003,15.865852355957031,2.1704797159452587e-06,0,0,real,9.530419483780861
/workspace/data/genbuster-mini/extracted/GenBuster-200K-mini/benchmark/real/d911cce992f8788344fbcd5a3a32c0fcb340d23664d5c54cd45370934852e79b.mp4,-18.960657119750977,0.9999999941723803,18.960657119750977,1.1632111962345559e-07,0,0,real,12.333022430539131
/workspace/data/genbuster-mini/extracted/GenBuster-200K-mini/benchmark/real/d9082d7483f4ad74f4f32412d5293c58e83b26c6f0fbb31ee2b2a6caf62a0c2b.mp4,6.295769691467285,0.9981593489646912,6.295769691467285,0.01343070611962905,1,0,real,13.113286346197128
/workspace/data/genbuster-mini/extracted/GenBuster-200K-mini/benchmark/real/d8df7dc153184180f1303bcdeded6950ef18d38e28d5990df49617e8b5feab4a.mp4,-5.861645221710205,0.9971615232061595,5.861645221710205,0.019480656774707533,0,0,real,11.926079168915749
/workspace/data/genbuster-mini/extracted/GenBuster-200K-mini/benchmark/real/d8cb8a272cdeede6afac1761249afd714f2155845746fd2c3f063c5d10ca0f6d.mp4,-18.59306526184082,0.9999999915834445,18.59306526184082,1.649041196494166e-07,0,0,real,11.351561173796654
/workspace/data/genbuster-mini/extracted/GenBuster-200K-mini/benchmark/real/d8561d0c717a2f50c1d4da9c38febbfde12b2ddfe74f71609bb2eb80976b1af8.mp4,-6.183534145355225,0.9979411240201443,6.183534145355225,0.014792128180182891,0,0,real,11.597761884331703
/workspace/data/genbuster-mini/extracted/GenBuster-200K-mini/benchmark/real/d840a875ab1e6fd328b6c034b3352eb57663a16429a5c665b45bf185913fb71a.mp4,-31.263460159301758,0.9999999999999736,31.263460159301758,-2.434718254380992e-13,0,0,real,11.856138706207275
/workspace/data/genbuster-mini/extracted/GenBuster-200K-mini/benchmark/real/d7967c2586d7aa877629b76fa445769cbdee71402017d43b27ac9dab0d21669f.mp4,-17.92621612548828,0.9999999836037983,17.92621612548828,3.1031605757782415e-07,0,0,real,10.040180757641792
/workspace/data/genbuster-mini/extracted/GenBuster-200K-mini/benchmark/real/d73cb5f37c92f5ecb4ebf155904b0f50821a5d3bc33153421b75481f0606411f.mp4,-22.702051162719727,0.9999999998617629,22.702051162719727,3.2745052209761227e-09,0,0,real,12.179011479020119
/workspace/data/genbuster-mini/extracted/GenBuster-200K-mini/benchmark/real/d6fdd02c50fdd82aabaf700dbf8b528d02f4d32d24c817f23894ddd6445286d3.mp4,-10.492182731628418,0.99997224821891,10.492182731628418,0.00031892892396285697,0,0,real,13.637233525514603
/workspace/data/genbuster-mini/extracted/GenBuster-200K-mini/benchmark/real/d6ab1d108067ad41e5f507d18db82c1b0553e60d7836e975d9448a500742e849.mp4,-10.57132625579834,0.9999743598727946,10.57132625579834,0.00029669060560296736,0,0,real,13.35890032351017
/workspace/data/genbuster-mini/extracted/GenBuster-200K-mini/benchmark/real/d69ae7d707c7e47b0c43d8b9c0a5a4f2d4bc462840b5dcfac8373f1bd67d9b4b.mp4,-27.977487564086914,0.9999999999992928,27.977487564086914,1.8869067229459333e-11,0,0,real,16.05243980884552
/workspace/data/genbuster-mini/extracted/GenBuster-200K-mini/benchmark/real/d635ae1f1e447da530c2484385d45c5466050c21dc10c3ff6e75933b1c4f221d.mp4,-6.167891979217529,0.9979087335523218,6.167891979217529,0.01499216175687206,0,0,real,13.856487348675728
/workspace/data/genbuster-mini/extracted/GenBuster-200K-mini/benchmark/real/d60c54bd6f937f165a1864e1512ebf13420e0f96e0842de454528d046545b683.mp4,-16.32209014892578,0.9999999184533195,16.32209014892578,1.4125569532749266e-06,0,0,real,14.91803489625454
/workspace/data/genbuster-mini/extracted/GenBuster-200K-mini/benchmark/real/d5f6cfb0f94b3aa8bb5a4edddb28c6ddbf75370ccf7712b8ad24162ed898dc6f.mp4,-12.854294776916504,0.9999973851331561,12.854294776916504,3.622713745114563e-05,0,0,real,13.993030413985252
/workspace/data/genbuster-mini/extracted/GenBuster-200K-mini/benchmark/real/d5c90b593636fa3c988e0293e7cb59821350296975bbbd01159384f54b3bf56a.mp4,-33.9940299987793,0.9999999999999982,33.9940299987793,-9.506749106355398e-13,0,0,real,8.914394304156303
/workspace/data/genbuster-mini/extracted/GenBuster-200K-mini/benchmark/real/d5b9a82467c13170c4b1fcf39068a43dc2a5c3f57ef126b0ca96e4aa46420d00.mp4,-16.41133689880371,0.9999999254157856,16.41133689880371,1.298608885061186e-06,0,0,real,6.747990846633911
/workspace/data/genbuster-mini/extracted/GenBuster-200K-mini/benchmark/real/d54c9074ab6b9b36c437d3b73e7cfec7b166692face86b615423fbe5f3c3f47e.mp4,4.014620304107666,0.9822701811790466,4.014620304107666,0.08906733357513363,1,0,real,5.806146189570427
/workspace/data/genbuster-mini/extracted/GenBuster-200K-mini/benchmark/real/d4e8983e9dc1be67d1ba600c3378a7bf882c0bb6fa35d3c481b30dc2c374c0da.mp4,-2.87117075920105,0.9464027658104897,2.87117075920105,0.2089738559870176,0,0,real,8.274104446172714
/workspace/data/genbuster-mini/extracted/GenBuster-200K-mini/benchmark/real/d4453e8eda6ebff44aaf76f704823d73c073660a7d1e72bfe82ce4424c08968c.mp4,-15.308008193969727,0.9999997751896075,15.308008193969727,3.6662077646547445e-06,0,0,real,4.510378465056419
/workspace/data/genbuster-mini/extracted/GenBuster-200K-mini/benchmark/real/d3bed4933d7e7dc7df9c83a7f452f1a743d7c4a1f1640a969fc93b18b01cbf54.mp4,-18.89275550842285,0.9999999937629314,18.89275550842285,1.2407048177566335e-07,0,0,real,6.3455235213041306
/workspace/data/genbuster-mini/extracted/GenBuster-200K-mini/benchmark/real/d30e8bb77d7e387ce58a833ace857d3270b53877b016f0cd0278cb40896e36cc.mp4,-28.785358428955078,0.9999999999996847,28.785358428955078,7.939951491357029e-12,0,0,real,46.02324776351452
/workspace/data/genbuster-mini/extracted/GenBuster-200K-mini/benchmark/real/d2e9bae405168351ef1203926b98d9dd2caeef3b3df669ee498395ed283791fc.mp4,-53.71320724487305,1.0,53.71320724487305,-1.0000889004518099e-12,0,0,real,4.459979012608528
/workspace/data/genbuster-mini/extracted/GenBuster-200K-mini/benchmark/real/d2b4f675346e76c4b5968323467e2bd0d7cd417975f393d745858c83877cc6b7.mp4,5.122679710388184,0.9940752983093262,5.122679710388184,0.03629268873655145,1,0,real,4.34616394340992
/workspace/data/genbuster-mini/extracted/GenBuster-200K-mini/benchmark/real/d28c9df977c8c7fdf7623e30a2d0ab19555f3c4edad22ada99513061ca32117d.mp4,-17.047807693481445,0.9999999605332697,17.047807693481445,7.122859623253079e-07,0,0,real,8.042339235544205
/workspace/data/genbuster-mini/extracted/GenBuster-200K-mini/benchmark/real/d242c1cb5b6714b7ec494d0895365d3ec404b4c9bbacede7afb506b3634355ff.mp4,-17.598848342895508,0.9999999772533599,17.598848342895508,4.230593108711802e-07,0,0,real,10.948693379759789
/workspace/data/genbuster-mini/extracted/GenBuster-200K-mini/benchmark/real/d229358420fb30f106d7d54cd18836c59e9d6a0aef24ff8b166251e99aefa20d.mp4,-22.64359474182129,0.9999999998534412,22.64359474182129,3.4631794519148547e-09,0,0,real,11.678846552968025
/workspace/data/genbuster-mini/extracted/GenBuster-200K-mini/benchmark/real/d2267dd4b5d0f2dbb011d0b597e78580afa4574c8220b1d9562b850fd8cd1d13.mp4,-0.4040985703468323,0.5996719598770142,0.4040985703468323,0.6731444516634243,0,0,real,8.643299341201782
/workspace/data/genbuster-mini/extracted/GenBuster-200K-mini/benchmark/real/d1f514e960010ed901b3071dd634cd02dfd2613e120bf75fc98e62973d4f5b24.mp4,0.8613510131835938,0.7029428482055664,0.8613510131835938,0.6083501743918875,1,0,real,10.595079511404037
/workspace/data/genbuster-mini/extracted/GenBuster-200K-mini/benchmark/real/d1ec5a8a1249aa01496a3d82c6591edfef806396a22db455326e7aa4a5ca84ba.mp4,-22.060577392578125,0.9999999997374495,22.060577392578125,6.052569517442853e-09,0,0,real,11.089075356721878
/workspace/data/genbuster-mini/extracted/GenBuster-200K-mini/benchmark/real/d1bb9c6e2c086c72b05d7512179ea2f0b9135ef4c9a649ecc9393bc3d079794c.mp4,-23.14396858215332,0.9999999999111409,23.14396858215332,2.143418107816829e-09,0,0,real,14.304501935839653
/workspace/data/genbuster-mini/extracted/GenBuster-200K-mini/benchmark/real/d15d1757432e89ccab7fff7c32f71daafee76f4eb8990ab6c8f3a95e09fd1996.mp4,-26.906997680664062,0.9999999999979373,26.906997680664062,5.5748843860081436e-11,0,0,real,12.47461512684822
/workspace/data/genbuster-mini/extracted/GenBuster-200K-mini/benchmark/real/d12ce6a4a2a2defcb34ff71e3de968bc115a0c47c57eb5b60ff1d4f20a818074.mp4,-28.57071876525879,0.9999999999996092,28.57071876525879,1.0058534667293034e-11,0,0,real,9.786436334252357
/workspace/data/genbuster-mini/extracted/GenBuster-200K-mini/benchmark/real/d123da7fddf018e4f64cea29d6134229e0638ca7843e64dbce4a353ef797ee64.mp4,-27.257917404174805,0.9999999999985477,27.257917404174805,3.9276384272609144e-11,0,0,real,8.033020421862602
/workspace/data/genbuster-mini/extracted/GenBuster-200K-mini/benchmark/real/d102c7bb7e70db26271afa69eaa3e861c4ec71d40353dc3d456a0f31d7f724ec.mp4,-34.07415771484375,0.9999999999999984,34.07415771484375,-9.545649101667367e-13,0,0,real,8.015049621462822
/workspace/data/genbuster-mini/extracted/GenBuster-200K-mini/benchmark/real/d0dfcc350e24b6e488039a78837a11525bcc087a177a3c9d81bb15171ffdb317.mp4,-20.95430564880371,0.9999999992062921,20.95430564880371,1.742330597237157e-08,0,0,real,30.310731381177902
/workspace/data/genbuster-mini/extracted/GenBuster-200K-mini/benchmark/real/d077e15ccbee55ce9d2672b18e8bec1ca9b15d2d8e51a9c9614f14adbf005021.mp4,-16.920419692993164,0.9999999551714076,16.920419692993164,8.033451882996101e-07,0,0,real,12.563927099108696
/workspace/data/genbuster-mini/extracted/GenBuster-200K-mini/benchmark/real/d00e21bcca9f1c1a42190a082d38893cdc673736e2cade655cc930c9343c6746.mp4,-32.668357849121094,0.9999999999999936,32.668357849121094,-8.143382999152579e-13,0,0,real,12.45877705514431
/workspace/data/genbuster-mini/extracted/GenBuster-200K-mini/benchmark/real/cf9d828f5849a8fac5b26de549e7f5282379b69f0b7fb03b3d0c083eea3dd23e.mp4,-26.95802879333496,0.9999999999980399,26.95802879333496,5.2992378212339815e-11,0,0,real,5.94845786690712
/workspace/data/genbuster-mini/extracted/GenBuster-200K-mini/benchmark/real/cf5a2bf014dccef2388d4cbdce0391a16fcee9c79a350f863d49bbc7deae7d97.mp4,-18.66033363342285,0.9999999921309906,18.66033363342285,1.5470535119797194e-07,0,0,real,50.740327686071396
/workspace/data/genbuster-mini/extracted/GenBuster-200K-mini/benchmark/real/cf53452a3a689fad717f0e3fc29086dd6e5c8a158ca80f1cea6fcd52e1ce9587.mp4,-17.376850128173828,0.9999999715992445,17.376850128173828,5.219144263398659e-07,0,0,real,11.050764471292496
/workspace/data/genbuster-mini/extracted/GenBuster-200K-mini/benchmark/real/cf20eef3c15804f3a88afac7b227943757c017dbd14fe5d9c6b25312f74395bb.mp4,-27.84966468811035,0.9999999999991964,27.84966468811035,2.1534045064368405e-11,0,0,real,9.14708711206913
/workspace/data/genbuster-mini/extracted/GenBuster-200K-mini/benchmark/real/cefc61cce68ae17e578be22e12490b3609cc34435d62f08ff5b7c1d3e99a8e62.mp4,-23.24358367919922,0.999999999919566,23.24358367919922,1.9480153930598416e-09,0,0,real,11.061755940318108
/workspace/data/genbuster-mini/extracted/GenBuster-200K-mini/benchmark/real/ce98235ab8f6d5ebd81859651a37189a2f6a9c8c8ea43092b9dfd62f9638b795.mp4,-19.286211013793945,0.999999995791717,19.286211013793945,8.536811855229223e-08,0,0,real,14.431528747081757
/workspace/data/genbuster-mini/extracted/GenBuster-200K-mini/benchmark/real/ce918d15f286b74225b03d5ae329bac0c023492b87e96ce5f9bb5aed420b3ac8.mp4,-20.72214126586914,0.9999999989988748,20.72214126586914,2.174458318620835e-08,0,0,real,14.040101319551468
/workspace/data/genbuster-mini/extracted/GenBuster-200K-mini/benchmark/real/ce2fd88a9d8cd32afa21657ac26a106d8c5999f7f2a042dd487124892aaaecb0.mp4,-16.115196228027344,0.9999998997096498,16.115196228027344,1.7164870320338669e-06,0,0,real,11.405618861317635
/workspace/data/genbuster-mini/extracted/GenBuster-200K-mini/benchmark/real/cde323280db4fe366a95078e57201af3cad4e85e66aa2920eeb4e2d09e0b6fc4.mp4,-23.187036514282227,0.9999999999148866,23.187036514282227,2.056646943434472e-09,0,0,real,10.962555184960365
/workspace/data/genbuster-mini/extracted/GenBuster-200K-mini/benchmark/real/cdc3c928569d745575f78f9417f6773f5bf53e8211659fef5109e22fed2df63d.mp4,-22.191991806030273,0.9999999997697814,22.191991806030273,5.337230269395205e-09,0,0,real,11.966459453105927
/workspace/data/genbuster-mini/extracted/GenBuster-200K-mini/benchmark/real/cd6c3ca22cbd09431dbb9c8064e810fe0d055eddc2aa8501806f8675b6c5c91f.mp4,-8.17056941986084,0.9997172231087461,8.17056941986084,0.0025932651280884643,0,0,real,11.071175336837769
/workspace/data/genbuster-mini/extracted/GenBuster-200K-mini/benchmark/real/cd5f9894825d4b2cc7cf81ff64bc3d3c69833c21ee3e1a77dcedc3c9bcd00f93.mp4,-20.786293029785156,0.9999999990610821,20.786293029785156,2.0453541997636558e-08,0,0,real,8.91152210533619
/workspace/data/genbuster-mini/extracted/GenBuster-200K-mini/benchmark/real/ccfd553d1d983d2f0be7b46adb433188b7cfa613492e9d8d547fc7dca5ccbb8b.mp4,-21.884042739868164,0.9999999996867572,21.884042739868164,7.1662612412516775e-09,0,0,real,5.455538630485535
/workspace/data/genbuster-mini/extracted/GenBuster-200K-mini/benchmark/real/cc7086a0660e8b211da215f61835435e17249621de199e0285abf981d922482a.mp4,-4.1297993659973145,0.9841685611754656,4.1297993659973145,0.08133876150355007,0,0,real,10.874850675463676
/workspace/data/genbuster-mini/extracted/GenBuster-200K-mini/benchmark/real/cbf1e03d95f3367f6467f1f3930af0450bde58207029eb76386cb38b8e044447.mp4,-33.18296432495117,0.9999999999999961,33.18296432495117,-8.889012409315077e-13,0,0,real,5.501231178641319
/workspace/data/genbuster-mini/extracted/GenBuster-200K-mini/benchmark/real/cbd59d456ca8d12e44fb739b06463ea96d9f736a804d3ec33f9d0f8436065cd6.mp4,-6.572022438049316,0.9986029891297221,6.572022438049316,0.010579174372129251,0,0,real,11.502640321850777
/workspace/data/genbuster-mini/extracted/GenBuster-200K-mini/benchmark/real/caca97733d8f4588ca7e06fda79517b82a248d8c27cb4704e6fa24458c06b270.mp4,-32.92924880981445,0.999999999999995,32.92924880981445,-8.568393210664988e-13,0,0,real,11.150326579809189
/workspace/data/genbuster-mini/extracted/GenBuster-200K-mini/benchmark/real/ca9af865a7ea2df2dc6db76e29b3eda5610cc6a9121e0cd165111b46a4a406c8.mp4,-4.251819133758545,0.9859615731984377,4.251819133758545,0.07382674792277098,0,0,real,11.036286130547523
/workspace/data/genbuster-mini/extracted/GenBuster-200K-mini/benchmark/real/ca9a995793688876c2e7b772cb0a74fb9bb26836659194b5774f01704aaf2fa0.mp4,-22.247404098510742,0.9999999997821913,22.247404098510742,5.06148855078059e-09,0,0,real,11.035546660423279
/workspace/data/genbuster-mini/extracted/GenBuster-200K-mini/benchmark/real/ca927bc10ce5ffcfd73726492c3478a684dd4378c737bdb12785b87edf7e9cba.mp4,-29.96207046508789,0.9999999999999029,29.96207046508789,1.7737126375226053e-12,0,0,real,8.424995467066765
/workspace/data/genbuster-mini/extracted/GenBuster-200K-mini/benchmark/real/ca49f6d1b5492602c66fac1a9c2767121f3d08928d46d224fae857c24a33ba0b.mp4,-19.118898391723633,0.9999999950252878,19.118898391723633,1.0008372897637045e-07,0,0,real,10.214172303676605
/workspace/data/genbuster-mini/extracted/GenBuster-200K-mini/benchmark/real/ca314d39001dd09da5661179088653cc797f6db74154e7d21eb02c11cebd9518.mp4,-2.8800809383392334,0.9468529373407364,2.8800809383392334,0.20767933375379932,0,0,real,6.558999419212341
/workspace/data/genbuster-mini/extracted/GenBuster-200K-mini/benchmark/real/ca151ce5a5778e6493ca475155bdeb2389c86be28e90e11fc66e669359e6862c.mp4,-26.696821212768555,0.9999999999974548,26.696821212768555,6.864987886652137e-11,0,0,real,7.917808368802071
/workspace/data/genbuster-mini/extracted/GenBuster-200K-mini/benchmark/real/c9b70603cf9a295fe0b79d4a280b298e1cd28b8462368ba78670f0c402210e87.mp4,-9.017402648925781,0.9998787339791306,9.017402648925781,0.001214777908022545,0,0,real,12.323275208473206
/workspace/data/genbuster-mini/extracted/GenBuster-200K-mini/benchmark/real/c93745e2f3ea616b401fc772437e3edd0dbe2b7f3c4242a3527745e79fc4febc.mp4,-5.621978759765625,0.9963955632410944,5.621978759765625,0.023875015474839768,0,0,real,6.974015384912491
/workspace/data/genbuster-mini/extracted/GenBuster-200K-mini/benchmark/real/c906b5ae36cdb255a8d07506d7d89e2b5039e641346a28632e238b366d641cc3.mp4,-14.999383926391602,0.9999996939092455,14.999383926391602,4.897261533461835e-06,0,0,real,9.988531470298767
/workspace/data/genbuster-mini/extracted/GenBuster-200K-mini/benchmark/real/c8543e96915afc10f11b1dc7288ef14839bd4b71bec5f3189a474180e4bb0efc.mp4,-32.405914306640625,0.9999999999999916,32.405914306640625,-7.585443266167864e-13,0,0,real,6.644187495112419
/workspace/data/genbuster-mini/extracted/GenBuster-200K-mini/benchmark/real/c7dfb7b7cc42da12d1366a919c011b2fea360971bb8176664d29a465c7ec7679.mp4,-22.677492141723633,0.999999999858326,22.677492141723633,3.3524896387423702e-09,0,0,real,10.34553349018097
/workspace/data/genbuster-mini/extracted/GenBuster-200K-mini/benchmark/real/c7d7f968f87b36bd6be05986ada1cc27d7062ba5c32abb05f54142648aa6fe21.mp4,-21.20783042907715,0.9999999993840346,21.20783042907715,1.3677255704497634e-08,0,0,real,9.50070284307003
/workspace/data/genbuster-mini/extracted/GenBuster-200K-mini/benchmark/real/c6ded60877c321fe8ba2ecfa4f6be6f74bdcb20275f952fa0f9078c38d28aa4c.mp4,-26.759000778198242,0.9999999999976082,26.759000778198242,6.455680926211942e-11,0,0,real,12.238971889019012
/workspace/data/genbuster-mini/extracted/GenBuster-200K-mini/benchmark/real/c6d20079254cec072a3c1e4846da2cc59e7dba1cdf4ce9e9f85d7e20dc36142e.mp4,-24.422395706176758,0.9999999999752549,24.422395706176758,6.270981904124463e-10,0,0,real,11.57740131020546
/workspace/data/genbuster-mini/extracted/GenBuster-200K-mini/benchmark/real/c6bc9b44617aafc0523bbf33195245e3adf9af2890f954fae459599de7e51c7b.mp4,-17.6075439453125,0.9999999774502975,17.6075439453125,4.1959258130821184e-07,0,0,real,8.108031004667282
/workspace/data/genbuster-mini/extracted/GenBuster-200K-mini/benchmark/real/c678822a1eeec037ed68202138fd92ac24e4ada57cd372487b9312f6bf862fc8.mp4,-36.62168884277344,0.9999999999999999,36.62168884277344,-9.964249611612667e-13,0,0,real,11.156449094414711
/workspace/data/genbuster-mini/extracted/GenBuster-200K-mini/benchmark/real/c60a153f05fde1fe9f59d63ffba30a8b1057421ddd23de6674524b1256448be0.mp4,-29.16644859313965,0.9999999999997846,29.16644859313965,5.12400537619468e-12,0,0,real,11.664912104606628
/workspace/data/genbuster-mini/extracted/GenBuster-200K-mini/benchmark/real/c5fdbe1303cd0226ccd44935529c1ef1347e641b52dc755509e5d3e53e30a2a8.mp4,-9.800945281982422,0.9999446038636961,9.800945281982422,0.0005983321710695247,0,0,real,11.184625327587128
/workspace/data/genbuster-mini/extracted/GenBuster-200K-mini/benchmark/real/c5c8ed8bacda166cfd528d927674759f413f2d0c7f0b7e3ea9820bf0e23a9e4f.mp4,-26.645986557006836,0.9999999999973221,26.645986557006836,7.218356666853138e-11,0,0,real,9.935358539223671
/workspace/data/genbuster-mini/extracted/GenBuster-200K-mini/benchmark/real/c5be8e9a2177a2c78a7eb7917c433452be00781eff58bd8e608820c3d132af40.mp4,-19.63663101196289,0.9999999970357183,19.63663101196289,6.117078826301402e-08,0,0,real,9.198049083352089
/workspace/data/genbuster-mini/extracted/GenBuster-200K-mini/benchmark/real/c4a2ebcaab7cbe3443251b1f4630e94d11cbb9c231c1fcff5863b662612d05d8.mp4,-14.887722969055176,0.9999996577496404,14.887722969055176,5.437576961790327e-06,0,0,real,9.189847856760025
/workspace/data/genbuster-mini/extracted/GenBuster-200K-mini/benchmark/real/c47cfb3c2c19db4a914490d19f0b50587fea33aa45f90b5f7eb4ffb3d0fe4a0f.mp4,-25.089256286621094,0.9999999999872979,25.089256286621094,3.294249493760586e-10,0,0,real,13.03301565349102
/workspace/data/genbuster-mini/extracted/GenBuster-200K-mini/benchmark/real/c43a4108d295cdec0c1789804312d5a4f65bb6d5fea14404401958b945e3054a.mp4,-29.42364501953125,0.9999999999998335,29.42364501953125,3.741986452817382e-12,0,0,real,11.553598567843437
/workspace/data/genbuster-mini/extracted/GenBuster-200K-mini/benchmark/real/c2fe4c26783b664eed33be3e287c6d92654922cd99b3b2dca508a0f497c87719.mp4,-18.02458381652832,0.9999999851398673,18.02458381652832,2.8270584041961834e-07,0,0,real,12.288076803088188
/workspace/data/genbuster-mini/extracted/GenBuster-200K-mini/benchmark/real/c2f5965fa1e1e528170f9bd27f58ff8719204aadbcf607776174c27b72e316c4.mp4,-16.764867782592773,0.9999999476266375,16.764867782592773,9.304038563383215e-07,0,0,real,12.628918513655663
/workspace/data/genbuster-mini/extracted/GenBuster-200K-mini/benchmark/real/c2c7463fc85975ac30a6e844e81c4a5c02ed3f23cedd9c0bbd44af651aa385c9.mp4,-15.587998390197754,0.9999998300902604,15.587998390197754,2.8184604887403246e-06,0,0,real,13.107644394040108
/workspace/data/genbuster-mini/extracted/GenBuster-200K-mini/benchmark/real/c2bfdcb663ff5d6b8937bf5420dbf159547be8f36c531100fbde9d99ea5bcc5b.mp4,-23.550073623657227,0.9999999999407985,23.550073623657227,1.4514105172248443e-09,0,0,real,11.249348521232605
/workspace/data/genbuster-mini/extracted/GenBuster-200K-mini/benchmark/real/c26ed88996cb59f6e703a49c018fb182b8ac5ce1dcd97038a9efc82ac7c530d1.mp4,-28.13367462158203,0.999999999999395,28.13367462158203,1.603345746562268e-11,0,0,real,11.298689991235733
/workspace/data/genbuster-mini/extracted/GenBuster-200K-mini/benchmark/real/c236ce42443da43897db9e2082f2240f6fa80c72bc00549bb3060f5b8cbce69c.mp4,-26.626239776611328,0.9999999999972687,26.626239776611328,7.360368723982031e-11,0,0,real,11.41483336687088
/workspace/data/genbuster-mini/extracted/GenBuster-200K-mini/benchmark/real/c2348b3b8276935ae183eab2b38ac4eb87e2260788bc57ab3d4ceaa10506541b.mp4,-34.657867431640625,0.9999999999999991,34.657867431640625,-9.746727077395896e-13,0,0,real,12.945050373673439
/workspace/data/genbuster-mini/extracted/GenBuster-200K-mini/benchmark/real/c19385a16b67d85c2e69ae025f98a78023b8bb0c6db2a0c8325eae297d13d509.mp4,-15.90967082977295,0.9999998768263794,15.90967082977295,2.0828233842871953e-06,0,0,real,11.147025972604752
/workspace/data/genbuster-mini/extracted/GenBuster-200K-mini/benchmark/real/c15ace85df82c01d1ac78eba1b883aa425a0936b0651588db8231f5fd991f0f6.mp4,-26.456127166748047,0.9999999999967621,26.456127166748047,8.70260592204132e-11,0,0,real,11.692393571138382
/workspace/data/genbuster-mini/extracted/GenBuster-200K-mini/benchmark/real/c11df17a779745f20978a008590052007cdc2e1bb3175683072aa06f998c6dd2.mp4,-23.801965713500977,0.9999999999539809,23.801965713500977,1.1393736509797269e-09,0,0,real,11.118985712528229
/workspace/data/genbuster-mini/extracted/GenBuster-200K-mini/benchmark/real/bfa47399b5e04e1e2346f5afd5a66570e2bc4fa3036b777d9f0f6861cc967cac.mp4,-33.113529205322266,0.9999999999999959,33.113529205322266,-8.809730575047216e-13,0,0,real,10.835302993655205
/workspace/data/genbuster-mini/extracted/GenBuster-200K-mini/benchmark/real/bf90d271c4e24ee666c1d74272c32ef2a8858a97e019100585fbdb65a6b93a1d.mp4,-17.208322525024414,0.9999999663859818,17.208322525024414,6.120528889868483e-07,0,0,real,11.326940730214119
/workspace/data/genbuster-mini/extracted/GenBuster-200K-mini/benchmark/real/bf765bd1d54810e580c5ee62086c974fca45fdbb8480e2c07b4d8ff6dccce6c1.mp4,-26.29503059387207,0.9999999999961963,26.29503059387207,1.019359525774795e-10,0,0,real,11.333467438817024
/workspace/data/genbuster-mini/extracted/GenBuster-200K-mini/benchmark/real/bf0c59c63123904776b536eda79f16a2069a6040af60dbf0be34673236a8c51f.mp4,-12.827630996704102,0.9999973144733758,12.827630996704102,3.713447288141633e-05,0,0,real,6.0184672474861145
/workspace/data/genbuster-mini/extracted/GenBuster-200K-mini/benchmark/real/beca7060df36b1483965685df94aff8fd9802607647c37e513b9ade424775374.mp4,-32.8405647277832,0.9999999999999946,32.8405647277832,-8.435870539651958e-13,0,0,real,8.562417700886726
/workspace/data/genbuster-mini/extracted/GenBuster-200K-mini/benchmark/real/be73af6dffc1c9e3f702ab6e4d50e6b2749548c86047aa3adf4b62223b7b5b0e.mp4,-33.45651626586914,0.999999999999997,33.45651626586914,-9.154403661927267e-13,0,0,real,10.94784401357174
/workspace/data/genbuster-mini/extracted/GenBuster-200K-mini/benchmark/real/be3ff3481d8107ad8c6c2f0590c6aa1de46a1147a71aa467a4400038094e9038.mp4,-25.881317138671875,0.999999999994247,25.881317138671875,1.527235855498367e-10,0,0,real,9.926687926054
/workspace/data/genbuster-mini/extracted/GenBuster-200K-mini/benchmark/real/bd8065f2685c700b2dca08deb6224424227a27d295723f520b87bc689b3ec342.mp4,-11.276026725769043,0.9999873270326134,11.276026725769043,0.00015557376446452228,0,0,real,11.401152238249779
/workspace/data/genbuster-mini/extracted/GenBuster-200K-mini/benchmark/real/bd69270ccda9cd02ea6c79646bc16ae47fc315332c104cdedf6449fcf26f63f4.mp4,-17.592615127563477,0.9999999771111323,17.592615127563477,4.25561908458692e-07,0,0,real,9.464610368013382
/workspace/data/genbuster-mini/extracted/GenBuster-200K-mini/benchmark/real/bd2d080d76dd85a00a80e87e68e6d6c82316029d4d594d0f81ce4325b7dbddc0.mp4,-29.17851448059082,0.9999999999997872,29.17851448059082,5.051150215151751e-12,0,0,real,10.859152302145958
/workspace/data/genbuster-mini/extracted/GenBuster-200K-mini/benchmark/real/bd0defd5f9b933d663bccb5e6a2505878315bff0495a4ae2782055d6455908b7.mp4,-37.71257781982422,1.0,37.71257781982422,-9.989327035768633e-13,0,0,real,11.328259482979774
/workspace/data/genbuster-mini/extracted/GenBuster-200K-mini/benchmark/real/bcaf141d2c4fa83dbce65a383bd302fe0ab1908db737251a550782eda2046d78.mp4,-16.265846252441406,0.9999999137353868,16.265846252441406,1.489429555220929e-06,0,0,real,10.877061635255814
/workspace/data/genbuster-mini/extracted/GenBuster-200K-mini/benchmark/real/bba754ed8a36ea152861343021cac2a9958f8fb58f605c6fa6a310f34837cddb.mp4,-7.882386207580566,0.9996228107484058,7.882386207580566,0.003350411770918943,0,0,real,10.845204815268517
/workspace/data/genbuster-mini/extracted/GenBuster-200K-mini/benchmark/real/bb96e770ba2fec9aeb060d71361df3897cd5441ee44846f8d00738be2972c4ad.mp4,-11.3970365524292,0.9999887714147917,11.3970365524292,0.0001392012422926247,0,0,real,10.752491652965546
/workspace/data/genbuster-mini/extracted/GenBuster-200K-mini/benchmark/real/bb1d8e0d2e86cc595a2ac8beef885119183519d59cf11586e3b8a1d1f15919bc.mp4,-25.230634689331055,0.9999999999889726,25.230634689331055,2.872994474627825e-10,0,0,real,10.974004864692688
/workspace/data/genbuster-mini/extracted/GenBuster-200K-mini/benchmark/real/ba06cb429b8868f121e7fd71b5da39d4de14b5602d6a65f4b31042a66e69caab.mp4,-6.433087348937988,0.9983950995374471,6.433087348937988,0.011930654559311735,0,0,real,5.962491035461426
/workspace/data/genbuster-mini/extracted/GenBuster-200K-mini/benchmark/real/b9d798cc28e84dbd6252f399f7851eaa6d75a59171f86c62cf86a6b8ac652a47.mp4,-17.29656410217285,0.9999999692250299,17.29656410217285,5.630742142778567e-07,0,0,real,5.827086046338081
/workspace/data/genbuster-mini/extracted/GenBuster-200K-mini/benchmark/real/b92ae7f71f9d6f070c305d438e0ba8617b0d923562e5c1ce161461dd0790dcfb.mp4,11.008986473083496,0.9999834299087524,11.008986473083496,0.0001989720453191097,1,0,real,5.352240055799484
/workspace/data/genbuster-mini/extracted/GenBuster-200K-mini/benchmark/real/b90186156a44c1e21e8beab7876703296b12800d34e4373c74c2248549f4de5e.mp4,-9.005724906921387,0.9998773097468074,9.005724906921387,0.0012276124522739389,0,0,real,10.011209174990654
/workspace/data/genbuster-mini/extracted/GenBuster-200K-mini/benchmark/real/b8d9c614a938839ad643fc804c80a97676e36c66b8b03553f1ce5df89a7ecdec.mp4,-14.412346839904785,0.9999994494496605,14.412346839904785,8.485270965580237e-06,0,0,real,6.02215901017189
/workspace/data/genbuster-mini/extracted/GenBuster-200K-mini/benchmark/real/b82761a4f267b55aced65933000dbdade1abb08118772763cc39fd0429153447.mp4,-5.955689430236816,0.9974156394600868,5.955689430236816,0.017979354614544824,0,0,real,8.165331557393074
/workspace/data/genbuster-mini/extracted/GenBuster-200K-mini/benchmark/real/b803ebc732047f3d31693acbb6943dc237965efaad444e7059e1352bfbca3c3f.mp4,-28.858741760253906,0.999999999999707,28.858741760253906,7.312511242306224e-12,0,0,real,7.895017042756081
/workspace/data/genbuster-mini/extracted/GenBuster-200K-mini/benchmark/real/b7e7e9e25a8ca0b8f79b1665ec2b975105698741d97cfd0e886e9d69a60991ab.mp4,-14.471540451049805,0.9999994810929138,14.471540451049805,8.028290121693739e-06,0,0,real,8.959105238318443
/workspace/data/genbuster-mini/extracted/GenBuster-200K-mini/benchmark/real/b7d2708f67040b3c5e805ae762bdd2eb12adf27f449782069911733ab36f40a1.mp4,-20.32493019104004,0.9999999985106561,20.32493019104004,3.1758154392183145e-08,0,0,real,8.496949449181557
/workspace/data/genbuster-mini/extracted/GenBuster-200K-mini/benchmark/real/b79840b07ab02a89525947b1a6a5dafc50465fe310b7c76f6dcf6cb3957355d8.mp4,-22.33984375,0.999999999801423,22.33984375,4.632760634306544e-09,0,0,real,11.218167841434479
/workspace/data/genbuster-mini/extracted/GenBuster-200K-mini/benchmark/real/b6ccd327a06ecc4170992e1fd79884cebf1a7a19a8962dd7439a73f79861156f.mp4,-9.610396385192871,0.9999329762431444,9.610396385192871,0.0007111508723451884,0,0,real,11.411631479859352
/workspace/data/genbuster-mini/extracted/GenBuster-200K-mini/benchmark/real/b6c3968ae2d54584b8c09ee87c34e6c5bcc5b3dc51d059c0b02135ed721411da.mp4,-16.479751586914062,0.9999999303478049,16.479751586914062,1.2175010681871679e-06,0,0,real,10.928735136985779
/workspace/data/genbuster-mini/extracted/GenBuster-200K-mini/benchmark/real/b6a02c619337948155e28d2a0a9f0359638ac46ab1cfcb6d641a54a421e3a4aa.mp4,-19.04192543029785,0.9999999946272471,19.04192543029785,1.0767831317416694e-07,0,0,real,10.794870555400848
/workspace/data/genbuster-mini/extracted/GenBuster-200K-mini/benchmark/real/b64c44656c22fd8d44fca3505abec8e94732ef6f9d0e29e5083d7cbf8f62dab0.mp4,-2.329256772994995,0.911271259188652,2.329256772994995,0.2995866849714873,0,0,real,11.685153469443321
/workspace/data/genbuster-mini/extracted/GenBuster-200K-mini/benchmark/real/b62bc96db457645a2baea29a1e18950e2e43d8bf5f8ea6ff513bffefe9594d80.mp4,-16.418617248535156,0.9999999259568142,16.418617248535156,1.2897279161245513e-06,0,0,real,11.689914390444756
/workspace/data/genbuster-mini/extracted/GenBuster-200K-mini/benchmark/real/b6157c7bb724d53e94e4dfe9d93ad2967e12bcd5e2ba4890f5bf71d22c306281.mp4,-30.795387268066406,0.9999999999999578,30.795387268066406,2.0751121648582783e-13,0,0,real,11.382373049855232
/workspace/data/genbuster-mini/extracted/GenBuster-200K-mini/benchmark/real/b5c942ac056a109b7e9b857ffcab87384c338346e2a83a48f8db6e7d8e5ada4f.mp4,-25.665119171142578,0.9999999999928586,25.665119171142578,1.8848913818755182e-10,0,0,real,8.493486791849136
/workspace/data/genbuster-mini/extracted/GenBuster-200K-mini/benchmark/real/b5bb902857991641b85015165cb88a2bc128b0a44965f9d9958fc815f041149b.mp4,-5.865876197814941,0.9971734734717757,5.865876197814941,0.019410583294764073,0,0,real,11.555412784218788
/workspace/data/genbuster-mini/extracted/GenBuster-200K-mini/benchmark/real/b576150b1b1b70cfdceaa0e2ff8e64929704a5a72b2fb5118f1fca2464a111f5.mp4,-11.84662914276123,0.9999928373913463,11.84662914276123,9.201540072698795e-05,0,0,real,11.052064597606659
/workspace/data/genbuster-mini/extracted/GenBuster-200K-mini/benchmark/real/b54e5054cf7508c0eed8b04f5e63751f9ba5861bb241034f7908512f3b4f370a.mp4,-20.422136306762695,0.9999999986486156,20.422136306762695,2.8947542182291617e-08,0,0,real,11.002043262124062
/workspace/data/genbuster-mini/extracted/GenBuster-200K-mini/benchmark/real/b51671d1b49480f7c186fc8e91bdf555fd67c26919013bf5b2d9b98919e6980b.mp4,-12.232211112976074,0.9999951290228637,12.232211112976074,6.445380772080398e-05,0,0,real,10.926153510808945
/workspace/data/genbuster-mini/extracted/GenBuster-200K-mini/benchmark/real/b5155322fbf5dae704e1bfc2056843cc61e6bfa073f5a49ab176d94eeb447acf.mp4,-44.48674392700195,1.0,44.48674392700195,-1.0000875791355432e-12,0,0,real,11.07228733599186
/workspace/data/genbuster-mini/extracted/GenBuster-200K-mini/benchmark/real/b483131a209cc9855cc0d4ac33be6164f8e0eedd40f7aa7e3e93126d301b6201.mp4,-15.613662719726562,0.9999998343954246,15.613662719726562,2.7512965874447052e-06,0,0,real,11.131785809993744
/workspace/data/genbuster-mini/extracted/GenBuster-200K-mini/benchmark/real/b47644a4565cbfff5a5555ac1d12e161984c9ca9552931edb0dfae4b28152da7.mp4,-10.356440544128418,0.9999682136076444,10.356440544128418,0.00036098077625540626,0,0,real,11.195207014679909
/workspace/data/genbuster-mini/extracted/GenBuster-200K-mini/benchmark/real/b460776f200a3840f9fdc0adb4c9b57dc7b222073d0f2513a27f06d0cd5de4a5.mp4,-13.101662635803223,0.9999979581712068,13.101662635803223,2.8793180899619235e-05,0,0,real,10.969255119562149
/workspace/data/genbuster-mini/extracted/GenBuster-200K-mini/benchmark/real/b441747d30327ea8055850be85cd5d35133c23dd0cff584511e7bfb5376bcce0.mp4,-25.688640594482422,0.9999999999930247,25.688640594482422,1.842277143266238e-10,0,0,real,12.6429982483387
/workspace/data/genbuster-mini/extracted/GenBuster-200K-mini/benchmark/real/b3e43dde4ed9dc338d54a17d1996cf92eeaa8109a443385c1d605216e559bee2.mp4,-26.232650756835938,0.9999999999959513,26.232650756835938,1.0836041520428266e-10,0,0,real,11.114455759525299
/workspace/data/genbuster-mini/extracted/GenBuster-200K-mini/benchmark/real/b3d1cfd2436e1d854425f8de8e8db9edf8faea02f8191cb726eb9a82a891b7cb.mp4,-19.1618595123291,0.9999999952344814,19.1618595123291,9.607971732140568e-08,0,0,real,11.923739686608315
/workspace/data/genbuster-mini/extracted/GenBuster-200K-mini/benchmark/real/b3903995dbbfbdf1c6e58ae417f6f89ed51ccb6c393e29477fe8bbec8f0bf174.mp4,-22.73758888244629,0.9999999998665893,22.73758888244629,3.1648517930664956e-09,0,0,real,11.282561346888542
/workspace/data/genbuster-mini/extracted/GenBuster-200K-mini/benchmark/real/b3564a7d60d35fce8a33b06b33c0235501bfc1992cc0f93a54174df9176a23d7.mp4,-9.154069900512695,0.999894222812145,9.154069900512695,0.0010740745515501774,0,0,real,4.98870387673378
/workspace/data/genbuster-mini/extracted/GenBuster-200K-mini/benchmark/real/b26e84b0d5828130956fa3f0751f3d2f062c9e3c56cf2c8479fdec1b244bc325.mp4,-15.62765884399414,0.9999998366970857,15.62765884399414,2.715343157915777e-06,0,0,real,5.635252222418785
/workspace/data/genbuster-mini/extracted/GenBuster-200K-mini/benchmark/real/b262bc4819ccdd747e03b2d58652fdc244a6ace6328cc2c1e0ffe42ac351f421.mp4,-18.698898315429688,0.9999999924286795,18.698898315429688,1.491446721772617e-07,0,0,real,10.97940281033516
/workspace/data/genbuster-mini/extracted/GenBuster-200K-mini/benchmark/real/b249231ea1d82dfaf2e95d320908af9ec9c965f1d393c0212e2c2aef15e369e4.mp4,-17.6374454498291,0.9999999781145874,17.6374454498291,4.078861845576334e-07,0,0,real,10.949991643428802
/workspace/data/genbuster-mini/extracted/GenBuster-200K-mini/benchmark/real/b21e2a2ab1304a59322de2eb184d4e1250c8d1e8d36d776a6dfb8b679d50d20a.mp4,-10.122771263122559,0.9999598469185003,10.122771263122559,0.0004466143433335905,0,0,real,11.020874604582787
/workspace/data/genbuster-mini/extracted/GenBuster-200K-mini/benchmark/real/b1fd6701b1c0cc4e18cbf4f4e169de899899f427fb60eabe634f5a20af92b188.mp4,-11.00211238861084,0.9999833338206372,11.00211238861084,0.00020002949509897915,0,0,real,11.49832084774971
/workspace/data/genbuster-mini/extracted/GenBuster-200K-mini/benchmark/real/b1aff83725714077e90db670837aa4254fe59c8558e1856d59c06736e22019b1.mp4,-26.327465057373047,0.9999999999963176,26.327465057373047,9.874513789827424e-11,0,0,real,10.112570598721504
/workspace/data/genbuster-mini/extracted/GenBuster-200K-mini/benchmark/real/b168e065332fd8417592077a9d9ea51e1f1720a0539748435804c4c779a5ab94.mp4,-24.279802322387695,0.9999999999714625,24.279802322387695,7.19439352144592e-10,0,0,real,11.380871757864952
/workspace/data/genbuster-mini/extracted/GenBuster-200K-mini/benchmark/real/b0fd0e4334e6d74ab956d13525f4253e192ce5709af6a2b0b28a7b9bc89d3cb1.mp4,-19.399816513061523,0.9999999962436439,19.399816513061523,7.662697548275484e-08,0,0,real,8.580196648836136
/workspace/data/genbuster-mini/extracted/GenBuster-200K-mini/benchmark/real/b0ab0d012c5726b4c3e3dab3cb3648b0b294cf52d3eec4b4b75e52ad33199ed8.mp4,-53.1777229309082,1.0,53.1777229309082,-1.0000889003597119e-12,0,0,real,11.096017435193062
/workspace/data/genbuster-mini/extracted/GenBuster-200K-mini/benchmark/real/b0a280a886eb2826366682ce7b54966434b249ee8a2261845c42b45f78ef7534.mp4,-14.511246681213379,0.9999995012930754,14.511246681213379,7.735564283693424e-06,0,0,real,11.086806654930115
/workspace/data/genbuster-mini/extracted/GenBuster-200K-mini/benchmark/real/b0886b90dac63f552d0a0adbb70aa9259469505c566ac88b36fe0e8152cae670.mp4,-42.45222091674805,1.0,42.45222091674805,-1.0000787933644917e-12,0,0,real,11.095196008682251
/workspace/data/genbuster-mini/extracted/GenBuster-200K-mini/benchmark/real/afdb866bc50950ad94cfcfe55a757d468b7126e702748a7309b9eba9d0bd1e70.mp4,-24.356271743774414,0.9999999999735634,24.356271743774414,6.683521014896575e-10,0,0,real,8.589508011937141
/workspace/data/genbuster-mini/extracted/GenBuster-200K-mini/benchmark/real/afda3d647615ae8ac568dc353b4918207be7813a28d5e6ab7c82a3a44fe39486.mp4,-42.54543685913086,1.0,42.54543685913086,-1.000079692938386e-12,0,0,real,11.515650898218155
/workspace/data/genbuster-mini/extracted/GenBuster-200K-mini/benchmark/real/af9e1ed5dc271c8516f0931c67b905f74a9d9d5361f9d8f245f8fd6ada27331a.mp4,-25.104907989501953,0.9999999999874952,25.104907989501953,3.2447482230949994e-10,0,0,real,4.569578915834427
/workspace/data/genbuster-mini/extracted/GenBuster-200K-mini/benchmark/real/af0d4b7afccee0ac613e3f5d77edfd8e84adbffd05baa825b50f91ba2405890b.mp4,-26.025239944458008,0.9999999999950182,26.025239944458008,1.3272172804153646e-10,0,0,real,5.088308826088905
/workspace/data/genbuster-mini/extracted/GenBuster-200K-mini/benchmark/real/aebae259d1e8211ec4e092cbf454a980264b2d0fb92e68d865eb7fe047d9e8f3.mp4,-20.182411193847656,0.999999998282526,20.182411193847656,3.637824190365649e-08,0,0,real,6.639027968049049
/workspace/data/genbuster-mini/extracted/GenBuster-200K-mini/benchmark/real/ae9c0edeb8a190573e87f5df270312e9f6c338de38e8ab9371e04814406c8f10.mp4,-4.8137383460998535,0.9919479060918093,4.8137383460998535,0.04684536091358809,0,0,real,12.042747810482979
/workspace/data/genbuster-mini/extracted/GenBuster-200K-mini/benchmark/real/ae5cd0d494a7750c92efc3265d7f3cb51c994080e27b89edb1c71f587cf0699b.mp4,-6.972284317016602,0.9990633692941628,6.972284317016602,0.007467525282609156,0,0,real,11.440889909863472
/workspace/data/genbuster-mini/extracted/GenBuster-200K-mini/benchmark/real/ae5c6dccc540d891f6281383818d7373e1028f853c0c156fa5ae839464f7b5b9.mp4,-4.879419326782227,0.9924559197388589,4.879419326782227,0.04438341245244694,0,0,real,8.009718731045723
/workspace/data/genbuster-mini/extracted/GenBuster-200K-mini/benchmark/real/ade7e32b97f811930098a6818d3514b8130dc8cf664037fd572df9380ab8a4ea.mp4,-24.80885124206543,0.9999999999831867,24.80885124206543,4.319604238796113e-10,0,0,real,11.372767388820648
/workspace/data/genbuster-mini/extracted/GenBuster-200K-mini/benchmark/real/addf3c0a6f7ef47e10c4814c483f6c6b15aa6fc39669071f7f0b2fc991566acc.mp4,-13.478537559509277,0.9999985993007385,13.478537559509277,2.0280075866428844e-05,0,0,real,11.044114828109741
/workspace/data/genbuster-mini/extracted/GenBuster-200K-mini/benchmark/real/ad2d83a3114851015a8a7da16c4c7dbd2783b6dda432e1e5aa185055a9e76e36.mp4,-1.745959758758545,0.851442500948906,1.745959758758545,0.4201987424508187,0,0,real,11.236518621444702
/workspace/data/genbuster-mini/extracted/GenBuster-200K-mini/benchmark/real/acf034d34169ae0d54a36a885fe2b59d557203d502dda2004bb1eb261594a138.mp4,-22.927934646606445,0.999999999889713,22.927934646606445,2.636945503128745e-09,0,0,real,11.21285930275917
/workspace/data/genbuster-mini/extracted/GenBuster-200K-mini/benchmark/real/acbf2aae8fed3d02e3b405c04a47a81ecac1147f38497423685962577d2965e2.mp4,-19.59842872619629,0.9999999969202849,19.59842872619629,6.343529319105224e-08,0,0,real,11.38061098754406
/workspace/data/genbuster-mini/extracted/GenBuster-200K-mini/benchmark/real/aca8fc7dadc7bfe3daeac98ef93a8f4c0fccbe6a5cab0add74a41ac56af7e1c4.mp4,-11.755364418029785,0.9999921529451967,11.755364418029785,0.00010009207253597128,0,0,real,8.302032947540283
/workspace/data/genbuster-mini/extracted/GenBuster-200K-mini/benchmark/real/ac11a5a405489c09e4e9fd841e9ca991aefde7c53d37102a6869e466b085509b.mp4,-13.639588356018066,0.9999988076561976,13.639588356018066,1.7455421225099978e-05,0,0,real,11.12595945596695
/workspace/data/genbuster-mini/extracted/GenBuster-200K-mini/benchmark/real/ac0db7d299c88789657b843da13c127455d9ec32a6092bbacc5f4dfcd7bee7f8.mp4,-29.06627082824707,0.999999999999762,29.06627082824707,5.764835855262282e-12,0,0,real,10.955622419714928
/workspace/data/genbuster-mini/extracted/GenBuster-200K-mini/benchmark/real/abe8e6e7f0b87ad502fce169280dc40b1d36539a8e5f7c94381f5e96841f2e14.mp4,-10.050203323364258,0.999956824893161,10.050203323364258,0.0004770946374230328,0,0,real,12.092549353837967
/workspace/data/genbuster-mini/extracted/GenBuster-200K-mini/benchmark/real/abc559799165c4fb15aaa632d0956cecfc487a9a069dad94e6323f74647faad7.mp4,-29.72184944152832,0.9999999999998764,29.72184944152832,2.523961783362067e-12,0,0,real,9.244007989764214
/workspace/data/genbuster-mini/extracted/GenBuster-200K-mini/benchmark/real/ab9fec1086f40dc02276bce357f211beeb54fa25bd1bffa48459d7d0d67875fe.mp4,-37.26462936401367,0.9999999999999999,37.26462936401367,-9.98057295914552e-13,0,0,real,8.624250069260597
/workspace/data/genbuster-mini/extracted/GenBuster-200K-mini/benchmark/real/ab640d150333be6aee99aabcd8fce2f1172de0061c77029f605dee75345ca0e2.mp4,-17.384214401245117,0.9999999718076289,17.384214401245117,5.182925951396914e-07,0,0,real,11.240758001804352
/workspace/data/genbuster-mini/extracted/GenBuster-200K-mini/benchmark/real/ab31d97f67b5551303168bfea1c462f4ea088587adadf3872922b77a03591564.mp4,-25.50631332397461,0.9999999999916296,25.50631332397461,2.199251713866255e-10,0,0,real,43.03846322000027
/workspace/data/genbuster-mini/extracted/GenBuster-200K-mini/benchmark/real/ab22d70011ad2a8e30e6c7555da22d1db8e426c1c33dbef649f7dcf76a7bd6f0.mp4,-18.19526481628418,0.999999987471563,18.19526481628418,2.404846651074931e-07,0,0,real,8.600050583481789
/workspace/data/genbuster-mini/extracted/GenBuster-200K-mini/benchmark/real/ab0522b5f7e9cbf9c22f0cf3b4a549acddaa709a915b207b6b571aed660f3f0a.mp4,-24.89717674255371,0.9999999999846081,24.89717674255371,3.96639084093051e-10,0,0,real,10.905571281909943
/workspace/data/genbuster-mini/extracted/GenBuster-200K-mini/benchmark/real/aab4520d0c6a008199cfb9d8da55486ed5593646a364e790e09d53713a57c6cf.mp4,-2.9851748943328857,0.9518998712301254,2.9851748943328857,0.1928827287916693,0,0,real,10.983124375343323
/workspace/data/genbuster-mini/extracted/GenBuster-200K-mini/benchmark/real/aa8ec46a17b6f701da58e36082e2042c2f022fb1d3b1073b941908234e4a3f2a.mp4,-14.125904083251953,0.9999992668421669,14.125904083251953,1.1089673342749423e-05,0,0,real,10.871371254324913
/workspace/data/genbuster-mini/extracted/GenBuster-200K-mini/benchmark/real/aa84e9c35d82a403cd2ac1a49f2abdd03d1d7019b0b8497afbbbdd8da1863366.mp4,-13.52380657196045,0.9999986612950806,13.52380657196045,1.9443090173412784e-05,0,0,real,11.0570527613163
/workspace/data/genbuster-mini/extracted/GenBuster-200K-mini/benchmark/real/aa63bf56da4cfc791ebb296a1e58a1085b2f14fec7542a9ba4c17c896b7a7112.mp4,-35.904136657714844,0.9999999999999998,35.904136657714844,-9.928130347064461e-13,0,0,real,11.069344356656075
/workspace/data/genbuster-mini/extracted/GenBuster-200K-mini/benchmark/real/aa43ba01b7748a3f44b6aed730c8efb199a581b9788a145abd20dd093affde70.mp4,-26.472410202026367,0.9999999999968145,26.472410202026367,8.564378556071254e-11,0,0,real,11.221867054700851
/workspace/data/genbuster-mini/extracted/GenBuster-200K-mini/benchmark/real/a9d697e8d50b835110a802175119032e18ec22e8a063bb8a49bb81797376ebc8.mp4,-45.71723175048828,1.0,45.71723175048828,-1.0000885145212192e-12,0,0,real,11.096745729446411
/workspace/data/genbuster-mini/extracted/GenBuster-200K-mini/benchmark/real/a9bf64905725ddf5dd170c894ce03db05620718534ec43af5cfcd3c448b1132c.mp4,-18.90300941467285,0.9999999938265587,18.90300941467285,1.2286806061274828e-07,0,0,real,10.90153306722641
/workspace/data/genbuster-mini/extracted/GenBuster-200K-mini/benchmark/real/a8cef40536945b37e17b72f89ba5c4b749625f4150f0646b17ba87d3f1f49dca.mp4,-31.49437141418457,0.999999999999979,31.49437141418457,-3.9924770540375074e-13,0,0,real,10.967405512928963
/workspace/data/genbuster-mini/extracted/GenBuster-200K-mini/benchmark/real/a880f3fd826d34fa40fd9f3df08868fb525c966be5671dca53f462df5576071f.mp4,-31.829381942749023,0.999999999999985,31.829381942749023,-5.701909469135057e-13,0,0,real,7.872859016060829
/workspace/data/genbuster-mini/extracted/GenBuster-200K-mini/benchmark/real/a87b8cf2052f8c07655b198fadb9461c8c33f25a1e3ce7f7d02abbda702c1f86.mp4,-28.019670486450195,0.999999999999322,28.019670486450195,1.8060183799551933e-11,0,0,real,10.96295565366745
/workspace/data/genbuster-mini/extracted/GenBuster-200K-mini/benchmark/real/a868dff2350fd742c13465fb31c076f9176d6711c0c18b114cf17bac1fa9a1c6.mp4,-30.765209197998047,0.9999999999999565,30.765209197998047,2.4449547474399894e-13,0,0,real,11.618774384260178
/workspace/data/genbuster-mini/extracted/GenBuster-200K-mini/benchmark/real/a8185d5b782181c8444f96ef1c6abd7eafa3ad243089627fd9eff64a112b2059.mp4,-17.172582626342773,0.9999999651628926,17.172582626342773,6.330782155221461e-07,0,0,real,11.433389037847519
/workspace/data/genbuster-mini/extracted/GenBuster-200K-mini/benchmark/real/a7bcc4b3be75780a6fd750b0f928779b456d383c5aa09620f6e3013357084eb6.mp4,-0.035722848027944565,0.5089297592639923,0.035722848027944565,0.6929876908777532,0,0,real,11.924289166927338
/workspace/data/genbuster-mini/extracted/GenBuster-200K-mini/benchmark/real/a7a83e0b47f580c392bbfb9e4801d67f1eecc4e89733ac99a9efa5a42ae7040a.mp4,-1.7378394603729248,0.8504124283790588,1.7378394603729248,0.42199302155049867,0,0,real,6.63175992667675
/workspace/data/genbuster-mini/extracted/GenBuster-200K-mini/benchmark/real/a783774dae1df2c72889f90cb4f7185d79a4ab152ba81d7f0b5d003a03207b0e.mp4,-21.082366943359375,0.9999999993016963,21.082366943359375,1.5418200338621174e-08,0,0,real,11.982699856162071
/workspace/data/genbuster-mini/extracted/GenBuster-200K-mini/benchmark/real/a7196150c76e5f5af1202e94b6bb60866f4aa2df12a1b8dddfae06ef033b3ffd.mp4,-34.84736633300781,0.9999999999999992,34.84736633300781,-9.789067762870662e-13,0,0,real,9.192697703838348
/workspace/data/genbuster-mini/extracted/GenBuster-200K-mini/benchmark/real/a71475095e59d2735b942b006a71a7e2d58cf2dc92a0616a288cedbb1f75baaf.mp4,-16.11740493774414,0.9999998999309199,16.11740493774414,1.7129209764586133e-06,0,0,real,9.406087920069695
/workspace/data/genbuster-mini/extracted/GenBuster-200K-mini/benchmark/real/a710b12bb1cedb9c60f6abf00ea6e0d952358683409ff6c27caf861906d14ffe.mp4,-39.633567810058594,1.0,39.633567810058594,-9.999195615497225e-13,0,0,real,10.780878365039825
/workspace/data/genbuster-mini/extracted/GenBuster-200K-mini/benchmark/real/a7074fb84329e2914d7cc38f3af7b89de4d6a20b69094ff315ad7a9f3cba0cea.mp4,-27.665456771850586,0.9999999999990339,27.665456771850586,2.6008560779632935e-11,0,0,real,11.019375175237656
/workspace/data/genbuster-mini/extracted/GenBuster-200K-mini/benchmark/real/a6e88a1ea38f1c11564da6c683f21d25257650282c767dbe2ad2e66aebfca799.mp4,-8.644305229187012,0.9998239040141925,8.644305229187012,0.0016983389409527083,0,0,real,10.422555729746819
/workspace/data/genbuster-mini/extracted/GenBuster-200K-mini/benchmark/real/a684c42f912a579237859c582777acbf029ef8a96d973cb1fe28e6c0a15a0457.mp4,-19.455060958862305,0.9999999964455337,19.455060958862305,7.270482438092482e-08,0,0,real,6.186164915561676
/workspace/data/genbuster-mini/extracted/GenBuster-200K-mini/benchmark/real/a5ec03d4545eecf03c80487c80b87b1295f440f4f0b8a24aa9f16326918dc7d8.mp4,-20.304183959960938,0.9999999984794352,20.304183959960938,3.2392392320258064e-08,0,0,real,11.109035462141037
/workspace/data/genbuster-mini/extracted/GenBuster-200K-mini/benchmark/real/a53054ab4ac16fa4aee22c156aa15d7bccb70d77a74a1bc73721743628ea69e9.mp4,-3.229491949081421,0.9619291536509991,3.229491949081421,0.16176396965662865,0,0,real,8.863084018230438
/workspace/data/genbuster-mini/extracted/GenBuster-200K-mini/benchmark/real/a5236f8e6cb974a65c1446c92b3ee0bb01add6bc0915269fef0a32a8e34f55c8.mp4,-29.83638572692871,0.9999999999998898,29.83638572692871,2.1439689735656563e-12,0,0,real,6.493555381894112
/workspace/data/genbuster-mini/extracted/GenBuster-200K-mini/benchmark/real/a4cca18a70b695cedf32bbc3f5e90c6474038b4fd66f5706ff4d5a9a0be7db04.mp4,-35.64575958251953,0.9999999999999997,35.64575958251953,-9.905113578131587e-13,0,0,real,5.6141447275877
/workspace/data/genbuster-mini/extracted/GenBuster-200K-mini/benchmark/real/a4bf519fa73d697afb07a3b27205dd11ac6ab6189143518a360eae89c624bd44.mp4,-22.02430534362793,0.9999999997277513,22.02430534362793,6.266337706839921e-09,0,0,real,4.611369222402573
/workspace/data/genbuster-mini/extracted/GenBuster-200K-mini/benchmark/real/a489e43fb92b8a55a7dc5863d213f97dba1a764ffe05918e5241ecbb628c2fb9.mp4,-26.45972442626953,0.9999999999967738,26.45972442626953,8.67188119795273e-11,0,0,real,5.819458514451981
/workspace/data/genbuster-mini/extracted/GenBuster-200K-mini/benchmark/real/a48447f927db2c045417c805b95e5b26ab411c56da0f3d3df17a55914e56fd34.mp4,-8.155869483947754,0.9997130367846694,8.155869483947754,0.0026274389351667506,0,0,real,9.063346311450005
/workspace/data/genbuster-mini/extracted/GenBuster-200K-mini/benchmark/real/a44e8017ad9fb5d5e1b21413025b5ecf07099c34661e5b5150ef2ba4ad9c6b6e.mp4,-22.43848991394043,0.9999999998200766,22.43848991394043,4.215135502244326e-09,0,0,real,7.886806502938271
/workspace/data/genbuster-mini/extracted/GenBuster-200K-mini/benchmark/real/a444faeb4b46be2794d136b27b2c1c2bdf61eb3ed2760a701297fcc24417437c.mp4,-18.46042823791504,0.9999999903896795,18.46042823791504,1.8701895343747963e-07,0,0,real,5.353739485144615
/workspace/data/genbuster-mini/extracted/GenBuster-200K-mini/benchmark/real/a4392ad36115d4672cfc3b39019a0d2d9f23e56615173a8008ead1170be52f03.mp4,-17.834400177001953,0.9999999820270897,17.834400177001953,3.385069846514074e-07,0,0,real,4.514478147029877
/workspace/data/genbuster-mini/extracted/GenBuster-200K-mini/benchmark/real/a404d44174e221878ea807639fd73ca8dbc97d11f2ce0fc0e4deb1007a4f896f.mp4,-26.962587356567383,0.9999999999980488,26.962587356567383,5.27527269232533e-11,0,0,real,5.716612562537193
/workspace/data/genbuster-mini/extracted/GenBuster-200K-mini/benchmark/real/a3d8eed6f4631802f2aa2112bbc584c923570b75c39dfa8fd17da43a498c0006.mp4,-23.58193588256836,0.999999999942655,23.58193588256836,1.4076592839590413e-09,0,0,real,6.242202594876289
/workspace/data/genbuster-mini/extracted/GenBuster-200K-mini/benchmark/real/a3b6b793fa4f9257ef11920e9fef26cb22b80c96651f7ae552b31d73ba1ba308.mp4,-14.627226829528809,0.9999995559049637,14.627226829528809,6.93997195503145e-06,0,0,real,8.80374200642109
/workspace/data/genbuster-mini/extracted/GenBuster-200K-mini/benchmark/real/a3b69e8e1cefe2fdfe8b856c7a52f15ae668606270304ae34550c108ac21d2e8.mp4,-35.624427795410156,0.9999999999999997,35.624427795410156,-9.903144336887213e-13,0,0,real,8.196992799639702
/workspace/data/genbuster-mini/extracted/GenBuster-200K-mini/benchmark/real/a39aa0c247a5ddefe6a41d887e680cf9d292b0a8086fdad2c04b6dae54d48c88.mp4,-6.560424327850342,0.9985867151990533,6.560424327850342,0.01068603245445121,0,0,real,8.328225463628769
/workspace/data/genbuster-mini/extracted/GenBuster-200K-mini/benchmark/real/a300e6c46ac4e5fc3158069200c9ccd60f6d2ffae64d3ef395cc4b023772c93f.mp4,-18.627365112304688,0.9999999918672371,18.627365112304688,1.5962270715375196e-07,0,0,real,10.533768683671951
/workspace/data/genbuster-mini/extracted/GenBuster-200K-mini/benchmark/real/a2bc47eafd33d066a4e819b73f5869b99820eeb5d7dc253580a9699c510bdfbd.mp4,-33.21825408935547,0.9999999999999962,33.21825408935547,-8.928395577095879e-13,0,0,real,10.894691571593285
/workspace/data/genbuster-mini/extracted/GenBuster-200K-mini/benchmark/real/a2a33dd80fe89e7b9be183a68468d6f1a512aef1f0f564eac6ac8848878edacb.mp4,-21.443742752075195,0.9999999995134798,21.443742752075195,1.0917334321104655e-08,0,0,real,6.037639454007149
/workspace/data/genbuster-mini/extracted/GenBuster-200K-mini/benchmark/real/a1df14bf785215eabe470c11dc9e5d31a4066c4c0d8c23fdf34aa78a7c9fcaaf.mp4,-26.840194702148438,0.9999999999977948,26.840194702148438,5.956908907959669e-11,0,0,real,5.648843944072723
/workspace/data/genbuster-mini/extracted/GenBuster-200K-mini/benchmark/real/a1ccd7856a9eb49bd0baa3df00f1ec3e5a55488aea9d24bb8670723c091778f3.mp4,-11.818361282348633,0.9999926320324448,11.818361282348633,9.444529527214038e-05,0,0,real,6.027460098266602
/workspace/data/genbuster-mini/extracted/GenBuster-200K-mini/benchmark/real/a1bc3ae1528851440056dfdcc3a33fb93d15b10ef3a0e95c57868b2fe3a9471c.mp4,-20.64215850830078,0.9999999989155128,20.64215850830078,2.3468643765151187e-08,0,0,real,8.206924423575401
/workspace/data/genbuster-mini/extracted/GenBuster-200K-mini/benchmark/real/a11e49f6be2cd376add06f23097e34895cf0b167ee83761cc5420f984e4bcc68.mp4,-13.78838062286377,0.9999989724997249,13.78838062286377,1.5195063657700467e-05,0,0,real,10.16751304268837
/workspace/data/genbuster-mini/extracted/GenBuster-200K-mini/benchmark/real/a10f31d0a0109a4d9c91abcf3bffceb971ca895364a3def1fe5d4831b28fa284.mp4,-10.271302223205566,0.9999653889244655,10.271302223205566,0.00039011248925348546,0,0,real,11.32052019238472
/workspace/data/genbuster-mini/extracted/GenBuster-200K-mini/benchmark/real/a06b25f7d68b5f08e2988c7cf1fab28953a6e50b92931c851ff263350c2c0837.mp4,-13.132340431213379,0.9999980198590492,13.132340431213379,2.7984026210516432e-05,0,0,real,8.455926552414894
/workspace/data/genbuster-mini/extracted/GenBuster-200K-mini/benchmark/real/a03ec9554207c26680713efef7fb4e654a71fea64c56361ea438337790ef59e0.mp4,-16.223764419555664,0.9999999100277464,16.223764419555664,1.549658904962587e-06,0,0,real,11.953558772802353
/workspace/data/genbuster-mini/extracted/GenBuster-200K-mini/benchmark/real/a025ba9e2d137aab0945ab7e1c1d31bc4c8cfd08a6dd86c8c42ebb65025ae219.mp4,-8.794121742248535,0.9998484012612607,8.794121742248535,0.0014847880013130425,0,0,real,10.95147617161274
/workspace/data/genbuster-mini/extracted/GenBuster-200K-mini/benchmark/real/9fed1a8fae9a0649cb76871a6bbb8f8689fa513775b277ca7bbcb9ac1e4c5366.mp4,-9.244461059570312,0.9999033638523542,9.244461059570312,0.0009899899178328285,0,0,real,6.271332502365112
/workspace/data/genbuster-mini/extracted/GenBuster-200K-mini/benchmark/real/9fd2f05c9b4029ecb4ab73795efe63e61b555ed750672ecaa1f2750de3716849.mp4,-3.3798582553863525,0.9670690931379795,3.3798582553863525,0.1447871342325529,0,0,real,10.537341237068176
/workspace/data/genbuster-mini/extracted/GenBuster-200K-mini/benchmark/real/9fc31fa3d2c3ef06dd70d928da636aefb357329928744dbe8ed8a12ce0983d14.mp4,-21.65735626220703,0.9999999996070569,21.65735626220703,8.901053600939674e-09,0,0,real,10.381337255239487
/workspace/data/genbuster-mini/extracted/GenBuster-200K-mini/benchmark/real/9f92b54d7ddd117881e7dace99a7b86212b272c272ff61d7ba5a1add2798980b.mp4,-27.3503475189209,0.999999999998676,27.3503475189209,3.579159149947634e-11,0,0,real,7.168585434556007
/workspace/data/genbuster-mini/extracted/GenBuster-200K-mini/benchmark/real/9f6a7de2ed6d0f5c83e3e3134414c85eed72f6408cf0fcfd6feff5fc5dbc55a7.mp4,-34.98265075683594,0.9999999999999993,34.98265075683594,-9.816966061349583e-13,0,0,real,11.109454557299614
/workspace/data/genbuster-mini/extracted/GenBuster-200K-mini/benchmark/real/9f566b7838f347f51fb7ec0b36c39ad6e96c075748df5616530380110656dbf1.mp4,-26.65727996826172,0.9999999999973521,26.65727996826172,7.138356015566639e-11,0,0,real,11.090554296970367
/workspace/data/genbuster-mini/extracted/GenBuster-200K-mini/benchmark/real/9f3a6eb19abb9f3341f9baf5e4120e9d87dea6c11839c2b267bd31fc9b4c09e3.mp4,2.9084713459014893,0.9482635855674744,2.9084713459014893,0.2035966135489107,1,0,real,11.08645647764206
/workspace/data/genbuster-mini/extracted/GenBuster-200K-mini/benchmark/real/9ea77445ded250a03ed4421d19e9bae660b7f70fd4ea5e9b5c980d67fb32ef8b.mp4,-10.025195121765137,0.9999557316004939,10.025195121765137,0.00048806872342209597,0,0,real,7.908007130026817
/workspace/data/genbuster-mini/extracted/GenBuster-200K-mini/benchmark/real/9e6d3eda581203624c93b35fcdc64a432998f4c069531fd23a9cfc9735b13160.mp4,-17.817964553833008,0.9999999817292533,17.817964553833008,3.438162643276885e-07,0,0,real,7.610423490405083
/workspace/data/genbuster-mini/extracted/GenBuster-200K-mini/benchmark/real/9e3027111c5ca60a222fe65577842a2e0fc0cd6cdfa00db233ed732158dd542c.mp4,-16.107526779174805,0.9999998989375172,16.107526779174805,1.7289271353820294e-06,0,0,real,6.545916199684143
/workspace/data/genbuster-mini/extracted/GenBuster-200K-mini/benchmark/real/9de1636d1dcfad68fa81d3e5dd9e335b24459636b91f9d289478b6c9c601ab4c.mp4,-24.856592178344727,0.9999999999839705,24.856592178344727,4.1249751292756734e-10,0,0,real,5.175977945327759
/workspace/data/genbuster-mini/extracted/GenBuster-200K-mini/benchmark/real/9dc562c440ca3b29ec67f43f856be467d9508d9328cc57c67989b0c7d37abb6d.mp4,-39.46685028076172,1.0,39.46685028076172,-9.998888399948468e-13,0,0,real,6.036553531885147
/workspace/data/genbuster-mini/extracted/GenBuster-200K-mini/benchmark/real/9d85aaebc565a4e221ae7c3fd155766a3838db0edf181be9a05b6cb641322077.mp4,-15.03964900970459,0.999999705989211,15.03964900970459,4.715827924966008e-06,0,0,real,5.783954635262489
/workspace/data/genbuster-mini/extracted/GenBuster-200K-mini/benchmark/real/9d804568bbc7639bf8a02caeaa31e86303f5017d2c1cbab7457a541810b1ab88.mp4,-12.832483291625977,0.999997327473011,12.832483291625977,3.6967686844089145e-05,0,0,real,5.374819040298462
/workspace/data/genbuster-mini/extracted/GenBuster-200K-mini/benchmark/real/9d66c30b89730fea63fc2148b0889c624df9a5adef602e41b1f31ba249e8aaa4.mp4,-12.521551132202148,0.9999963528146054,12.521551132202148,4.9315608573656493e-05,0,0,real,10.883461683988571
/workspace/data/genbuster-mini/extracted/GenBuster-200K-mini/benchmark/real/9d1d7ba27752815253276e7798e5e7db8f6a6f005aaea1c950b9b36e0b2c5de0.mp4,-42.86941909790039,1.0,42.86941909790039,-1.0000822410336376e-12,0,0,real,7.959999144077301
/workspace/data/genbuster-mini/extracted/GenBuster-200K-mini/benchmark/real/9ca561e52013da475a7b5a00c4b23d943ab7283962ae20a857f89fcc810b95f3.mp4,-9.902389526367188,0.9999499475707125,9.902389526367188,0.0005456923283001553,0,0,real,8.391397073864937
/workspace/data/genbuster-mini/extracted/GenBuster-200K-mini/benchmark/real/9ca440a960551bea710b842adb234ecb99c05f9cb5c5b1d5727fa4ce88ec1543.mp4,-31.268224716186523,0.9999999999999737,31.268224716186523,-2.469393246533936e-13,0,0,real,5.13896718621254
/workspace/data/genbuster-mini/extracted/GenBuster-200K-mini/benchmark/real/9bf115d156a3fe9a994cb6d60fc53077009d8776a56d39e0061d599fdfc8b51c.mp4,-7.913218975067139,0.9996342588856351,7.913218975067139,0.0032599975489263477,0,0,real,11.211385950446129
/workspace/data/genbuster-mini/extracted/GenBuster-200K-mini/benchmark/real/9bcb2be0ce5e212f7a0523f111e792a555a1bec0ff082b6d36b765128e1d2a89.mp4,-11.2877779006958,0.9999874750810704,11.2877779006958,0.0001539034979421883,0,0,real,10.932235047221184
/workspace/data/genbuster-mini/extracted/GenBuster-200K-mini/benchmark/real/9b95a99753a645b4f5a2180f3a0ee69d2a4c2a46fa24deba2bc8b7760cc330ac.mp4,-14.38713550567627,0.9999994353930788,14.38713550567627,8.687681359262156e-06,0,0,real,10.743333026766777
/workspace/data/genbuster-mini/extracted/GenBuster-200K-mini/benchmark/real/9b3657eaf6684a6d0643001aea6fa2ad5a2d2402c268738f9d0055adcad7dd4a.mp4,-30.778053283691406,0.999999999999957,30.778053283691406,2.28746452297192e-13,0,0,real,10.893533006310463
/workspace/data/genbuster-mini/extracted/GenBuster-200K-mini/benchmark/real/9af65d161dc5b1ae4d235b51172bbfcb3a58c790d528c3bca88bfe411181e800.mp4,-26.304988861083984,0.9999999999962339,26.304988861083984,1.0094569888724894e-10,0,0,real,10.745422914624214
/workspace/data/genbuster-mini/extracted/GenBuster-200K-mini/benchmark/real/9ae80978b1c09891be50ea704516efd05a199701c2b3b276f6c1d8c19acdba4b.mp4,-11.665578842163086,0.9999914158015599,11.665578842163086,0.00010872387706186092,0,0,real,4.327006638050079
/workspace/data/genbuster-mini/extracted/GenBuster-200K-mini/benchmark/real/9ac8119a378344455378fe626346cfc9216966142f9f3e6e280aac7cf38fd7c4.mp4,-26.667245864868164,0.9999999999973784,26.667245864868164,7.068465313452412e-11,0,0,real,6.126860156655312
/workspace/data/genbuster-mini/extracted/GenBuster-200K-mini/benchmark/real/9a786b8d51f1b6f9eb72431957d66adfedf45ee579ab049b0a3ff15d8f919c38.mp4,-5.350012302398682,0.9952743453904986,5.350012302398682,0.03001916624459836,0,0,real,11.14809513092041
/workspace/data/genbuster-mini/extracted/GenBuster-200K-mini/benchmark/real/9a4b137c3ab11608ece1579157de9c824367ec5e3e9eb4dba9cb05dbeca18c36.mp4,-20.593568801879883,0.9999999988615166,20.593568801879883,2.458192048268649e-08,0,0,real,8.789213374257088
/workspace/data/genbuster-mini/extracted/GenBuster-200K-mini/benchmark/real/9a3056a12a633916a638ac223e6cfe1c94ddb881f8ae21da8e1f2967c7afe4a3.mp4,-18.610822677612305,0.9999999917315829,18.610822677612305,1.6214846150580706e-07,0,0,real,7.826518267393112
/workspace/data/genbuster-mini/extracted/GenBuster-200K-mini/benchmark/real/9a25442c0f679b5e3f513edbb557874d0f05957c34fb21c992c0aa1875822cf6.mp4,-10.630074501037598,0.9999758227550046,10.630074501037598,0.0002811834502690018,0,0,real,4.542507231235504
/workspace/data/genbuster-mini/extracted/GenBuster-200K-mini/benchmark/real/9a251727fdd3c82701f2b02d6252ac8baa5e36cf07a5289ab04211038b5d7c35.mp4,-36.147552490234375,0.9999999999999998,36.147552490234375,-9.943370333115478e-13,0,0,real,4.377672448754311
/workspace/data/genbuster-mini/extracted/GenBuster-200K-mini/benchmark/real/99faef10cbbfb8cd70d7848ff66066805ab467bf0181b0a27e0240aa1a967493.mp4,-21.312467575073242,0.99999999944523,21.312467575073242,1.237628868284042e-08,0,0,real,11.063935235142708
/workspace/data/genbuster-mini/extracted/GenBuster-200K-mini/benchmark/real/999ed94d8f576480beae20a9eef909c9044c193cc56349ad17c2e2b246c64af2.mp4,-9.520864486694336,0.9999266991071636,9.520864486694336,0.0007711914433362619,0,0,real,5.1096361130476
/workspace/data/genbuster-mini/extracted/GenBuster-200K-mini/benchmark/real/99853ebd0e8e7dc13211e2be4acb050228f4de3c96046223cee8a58fd0bba505.mp4,-21.45164680480957,0.9999999995173101,21.45164680480957,1.0835182764227158e-08,0,0,real,6.068862974643707
/workspace/data/genbuster-mini/extracted/GenBuster-200K-mini/benchmark/real/9969e45831fb806f9a7a3c3970e4be4f038c2e6349c5e035bbf8a6ace094061a.mp4,-21.586477279663086,0.9999999995781947,21.586477279663086,9.525097254701478e-09,0,0,real,10.783791542053223
/workspace/data/genbuster-mini/extracted/GenBuster-200K-mini/benchmark/real/9965da124e3a36b11281560dcfed4ba2deca8440c449dda25b82dc17b3bdd753.mp4,-17.091936111450195,0.9999999622370055,17.091936111450195,6.832036865176161e-07,0,0,real,11.069564148783684
/workspace/data/genbuster-mini/extracted/GenBuster-200K-mini/benchmark/real/993875fe52689cd72dcce66d006b20dde1d4a059e0a2da1c646c995127f4f814.mp4,-19.2581844329834,0.9999999956721042,19.2581844329834,8.767331156075278e-08,0,0,real,11.935027316212654
/workspace/data/genbuster-mini/extracted/GenBuster-200K-mini/benchmark/real/98e77f2ae1625d52329e0ec2dd1244ec52c1d08d73fc138b11e629bf22f9f338.mp4,-15.482043266296387,0.9999998110991299,15.482043266296387,3.113470331444583e-06,0,0,real,10.916031897068024
/workspace/data/genbuster-mini/extracted/GenBuster-200K-mini/benchmark/real/988118f1f2aaec8d3e3a4e688ae9bdf4df977f7f147d9ff9de929ad4f9e57d34.mp4,-25.362823486328125,0.9999999999903381,25.362823486328125,2.527652563479734e-10,0,0,real,10.957591235637665
/workspace/data/genbuster-mini/extracted/GenBuster-200K-mini/benchmark/real/97b15d6cd8f5a44b92077ad384e19a5f5ed3edda79e4d166b4f2c575f07faf2c.mp4,-7.640101432800293,0.9995194513176102,7.640101432800293,0.004152104820090855,0,0,real,8.490035310387611
/workspace/data/genbuster-mini/extracted/GenBuster-200K-mini/benchmark/real/97a867f435361bc1ded9cadce12b6e021594babfdc1eb8b4177dbaed902ecf45.mp4,-28.614500045776367,0.999999999999626,28.614500045776367,9.589437034738276e-12,0,0,real,5.20818866789341
/workspace/data/genbuster-mini/extracted/GenBuster-200K-mini/benchmark/real/979e7a959669ea1d790fab8cbf5b20d43644526214f18986a20ebf5e0d8870a1.mp4,-6.8811726570129395,0.9989741144236177,6.8811726570129395,0.008085707925690367,0,0,real,6.792651489377022
/workspace/data/genbuster-mini/extracted/GenBuster-200K-mini/benchmark/real/979552f424b0cce863eba40b786c11c8996f36458f80d359cea6dfb491173ef3.mp4,-27.093027114868164,0.9999999999982875,27.093027114868164,4.632357987138007e-11,0,0,real,10.902553796768188
/workspace/data/genbuster-mini/extracted/GenBuster-200K-mini/benchmark/real/9761824bfa7324175adf698f0e2689ca6e085d954c7c7c1147e9c76d485132a8.mp4,-27.45806884765625,0.9999999999988112,27.45806884765625,3.21056024467324e-11,0,0,real,6.692059338092804
/workspace/data/genbuster-mini/extracted/GenBuster-200K-mini/benchmark/real/971ed46291b5659baa84fc014d0154f07374f16645ff91f5c2c8d634aac6b2c4.mp4,-37.90348815917969,1.0,37.90348815917969,-9.991336427420886e-13,0,0,real,9.138096123933792
/workspace/data/genbuster-mini/extracted/GenBuster-200K-mini/benchmark/real/971835fecbe3c259de5e757a8a1f207f7a7eba0048149282febdf13219bc7645.mp4,-34.22016143798828,0.9999999999999987,34.22016143798828,-9.607597451773566e-13,0,0,real,10.90698316693306
/workspace/data/genbuster-mini/extracted/GenBuster-200K-mini/benchmark/real/96f4b0cfd639d6b91d964ce30228db944cfdf2214e913fabfc28d66010c66a22.mp4,-23.11635398864746,0.9999999999086528,23.11635398864746,2.200965866550504e-09,0,0,real,4.5445989817380905
/workspace/data/genbuster-mini/extracted/GenBuster-200K-mini/benchmark/real/96d485bbefd463ab97df52b054adf6ab80b50f54133e5fd976f28c35c93bf647.mp4,-29.4202823638916,0.9999999999998329,29.4202823638916,3.757984070293758e-12,0,0,real,4.487868398427963
/workspace/data/genbuster-mini/extracted/GenBuster-200K-mini/benchmark/real/964b02a52c1d4831c8d7b2ffb4e79ecab5c3765943df94938db4c997858903b7.mp4,-28.33851432800293,0.9999999999995072,28.33851432800293,1.291407883265374e-11,0,0,real,4.942523315548897
/workspace/data/genbuster-mini/extracted/GenBuster-200K-mini/benchmark/real/9601c6d0ed3676a8590c73db86677699bf05ac8c1542b0482e66d0b7bac3cb24.mp4,-18.06964111328125,0.9999999857945632,18.06964111328125,2.708905814937788e-07,0,0,real,7.874436676502228
/workspace/data/genbuster-mini/extracted/GenBuster-200K-mini/benchmark/real/9545acd4cb30284373f00b503c01ab5f68696e368eaa130827329c15dd7e6f52.mp4,-11.968870162963867,0.9999936615513434,11.968870162963867,8.220253580986834e-05,0,0,real,7.255297154188156
/workspace/data/genbuster-mini/extracted/GenBuster-200K-mini/benchmark/real/952af4ec45ce948dfa3cfba7c4c3638ecdd9048a15d2fbadae7e5c63d5ceb7a8.mp4,-9.097187995910645,0.9998880322818877,9.097187995910645,0.0011305653649254512,0,0,real,11.336658149957657
/workspace/data/genbuster-mini/extracted/GenBuster-200K-mini/benchmark/real/951e065e5ada5f75c0e964f41b21e28dbce26c50b811478a0fc088d4030c87b7.mp4,-35.16575622558594,0.9999999999999994,35.16575622558594,-9.846624855438435e-13,0,0,real,11.078683659434319
/workspace/data/genbuster-mini/extracted/GenBuster-200K-mini/benchmark/real/94fc3d0a84597ba3ed690fa31bfaa1310603e772fc6d4c22c44ac6b28296ecef.mp4,-20.832544326782227,0.9999999991035192,20.832544326782227,1.9570456857225314e-08,0,0,real,5.221216008067131
/workspace/data/genbuster-mini/extracted/GenBuster-200K-mini/benchmark/real/94c88066bc472fec6ef95d346fcb5b322ece8b3b0c6450c7b4a0e583d5829ce5.mp4,-21.82735252380371,0.9999999996684865,21.82735252380371,7.565577292094563e-09,0,0,real,5.903560668230057
/workspace/data/genbuster-mini/extracted/GenBuster-200K-mini/benchmark/real/94bbad944eac3a4999677aeb38fcf5680aedc6b691ff1cd4806486a0e72ab22b.mp4,-33.83195495605469,0.999999999999998,33.83195495605469,-9.420717044359869e-13,0,0,real,11.147387325763702
/workspace/data/genbuster-mini/extracted/GenBuster-200K-mini/benchmark/real/949ad22955c25cf934f845bbdff81b25af4dc4830801d2933573b044c16d063f.mp4,-33.741310119628906,0.9999999999999978,33.741310119628906,-9.365350179234001e-13,0,0,real,11.451980099081993
/workspace/data/genbuster-mini/extracted/GenBuster-200K-mini/benchmark/real/945e12b44c1892c8be668a38b73d4d7cc70f2cfd90687369453d8f96e43eea0c.mp4,-15.363258361816406,0.9999997872735094,15.363258361816406,3.480896550179726e-06,0,0,real,8.625570684671402
/workspace/data/genbuster-mini/extracted/GenBuster-200K-mini/benchmark/real/94518b8056688042899c55a809e19ee5de188244832585fcc09a55ed8d2dafcd.mp4,-13.793622016906738,0.9999989778712006,13.793622016906738,1.5120985641461387e-05,0,0,real,10.93357428908348
/workspace/data/genbuster-mini/extracted/GenBuster-200K-mini/benchmark/real/944576cc81b55bf25fdfe7528c2a2f810d54b79bdae34f26380372f3fec2af7f.mp4,-23.964168548583984,0.9999999999608714,23.964168548583984,9.748245352126437e-10,0,0,real,5.504172295331955
/workspace/data/genbuster-mini/extracted/GenBuster-200K-mini/benchmark/real/9419151611235acdb7130f3ed9f82a8152b0949f1be9be81fa392bdfb22f4633.mp4,-18.25716781616211,0.9999999882235944,18.25716781616211,2.2677821961862942e-07,0,0,real,4.397796466946602
/workspace/data/genbuster-mini/extracted/GenBuster-200K-mini/benchmark/real/931da1b797c521e4f68332f91d3120708eb1e021b29c68a921732e6a6d36e46c.mp4,-26.124345779418945,0.9999999999954883,26.124345779418945,1.204738784949959e-10,0,0,real,5.782917141914368
/workspace/data/genbuster-mini/extracted/GenBuster-200K-mini/benchmark/real/92e8587bab1f2dc09cfc68a7b1ace43e11366a5df75b2f0986727a4c7c712062.mp4,-19.077539443969727,0.9999999948152256,19.077539443969727,1.0409551271600644e-07,0,0,real,11.015623807907104
/workspace/data/genbuster-mini/extracted/GenBuster-200K-mini/benchmark/real/92045928447d2d14b02fc014f75cce4b73f05591aeb3d8002b8f3002b265214f.mp4,-20.88748550415039,0.9999999991514444,20.88748550415039,1.8570748153358224e-08,0,0,real,10.752638801932335
/workspace/data/genbuster-mini/extracted/GenBuster-200K-mini/benchmark/real/9187e55e9bb10f326986102338c945001e3f82221fd14f9147c1bae1b4a4da78.mp4,-17.467119216918945,0.9999999740506489,17.467119216918945,4.792077607138653e-07,0,0,real,8.469194173812866
/workspace/data/genbuster-mini/extracted/GenBuster-200K-mini/benchmark/real/9175f0edfedf0b912017a8e46924dac2e00e74c2ff617f2d56eaeb729d815df0.mp4,-26.365924835205078,0.9999999999964566,26.365924835205078,9.508847320092966e-11,0,0,real,10.831069201231003
/workspace/data/genbuster-mini/extracted/GenBuster-200K-mini/benchmark/real/9098c8adbec17ed54d502e1dc0174bbdc709a6f915eabbb53480293e500ae878.mp4,-13.973211288452148,0.9999991458952877,13.973211288452148,1.27886885939677e-05,0,0,real,8.370963856577873
/workspace/data/genbuster-mini/extracted/GenBuster-200K-mini/benchmark/real/9027056b48bd656a7989166487186915861647aae7f2dce05994c719e7a14928.mp4,-33.714176177978516,0.9999999999999977,33.714176177978516,-9.346261133102222e-13,0,0,real,4.31087426841259
/workspace/data/genbuster-mini/extracted/GenBuster-200K-mini/benchmark/real/8fa5dd10b1d62f94eb57c2aec6fe4e3f97cbd62ac40a3e34019432dddd0e5a0e.mp4,-29.622507095336914,0.9999999999998636,29.622507095336914,2.8904304740876037e-12,0,0,real,4.616370424628258
/workspace/data/genbuster-mini/extracted/GenBuster-200K-mini/benchmark/real/8f9d5fdb4db7d53c38afbdc9024b7c3b36e7ca303abc0bf955301056e0ec8866.mp4,-28.574142456054688,0.9999999999996106,28.574142456054688,1.0021116711801224e-11,0,0,real,5.546450614929199
/workspace/data/genbuster-mini/extracted/GenBuster-200K-mini/benchmark/real/8f5127afe6704c1fc4f9142690ea486542ec27487bfb16c58b9a30162ee56b52.mp4,-12.360068321228027,0.9999957136401463,12.360068321228027,5.72660680955188e-05,0,0,real,4.5408885926008224
/workspace/data/genbuster-mini/extracted/GenBuster-200K-mini/benchmark/real/8ecb6ffae257e12913a3eb258ad5994eef9a4fa21b7aecb1126e85eb4d468205.mp4,-14.947722434997559,0.9999996776805915,14.947722434997559,5.140258537903001e-06,0,0,real,11.129947379231453
/workspace/data/genbuster-mini/extracted/GenBuster-200K-mini/benchmark/real/8e951f1260066d9cb6ac2d7e9797e663dfb11bdf6d615e114ce045bca28794d2.mp4,-43.20934295654297,1.0,43.20934295654297,-1.0000841601521305e-12,0,0,real,7.112497463822365
/workspace/data/genbuster-mini/extracted/GenBuster-200K-mini/benchmark/real/8e50131915460df9d0a08d059f7195bd9c445ffe4b778bdbea87620f6faedec8.mp4,-26.90178871154785,0.9999999999979265,26.90178871154785,5.603793925892203e-11,0,0,real,11.076025664806366
/workspace/data/genbuster-mini/extracted/GenBuster-200K-mini/benchmark/real/8e372ba5b06b44399d3c712a671deed3fe0f15a8338f4b7f378a8c73e761a878.mp4,-35.228302001953125,0.9999999999999994,35.228302001953125,-9.855573815711377e-13,0,0,real,8.840491995215416
/workspace/data/genbuster-mini/extracted/GenBuster-200K-mini/benchmark/real/8e3442c512baac872de9805dadca9352420c2e821824b3bfefdbb2c12718bc46.mp4,-21.71978187561035,0.9999999996308366,21.71978187561035,8.38531252597113e-09,0,0,real,6.4321160316467285
/workspace/data/genbuster-mini/extracted/GenBuster-200K-mini/benchmark/real/8e0c59b980db21552de9a78ca2fdb0e05ff66523b4780dd89e09958491009b4f.mp4,-19.12746810913086,0.9999999950677383,19.12746810913086,9.927194078425715e-08,0,0,real,4.369895905256271
/workspace/data/genbuster-mini/extracted/GenBuster-200K-mini/benchmark/real/8d96c954418161a5fbd802e2c98ada7946414778901745324ee7e76f4b23bbcd.mp4,-31.684024810791016,0.9999999999999827,31.684024810791016,-5.031143555711211e-13,0,0,real,5.435800179839134
/workspace/data/genbuster-mini/extracted/GenBuster-200K-mini/benchmark/real/8d5562607097d0aaa09dab60b3be2eb07d180ea9a27eb1b68efafa6315fd4840.mp4,-9.15440559387207,0.9998942583115422,9.15440559387207,0.0010737495816287995,0,0,real,6.088342517614365
/workspace/data/genbuster-mini/extracted/GenBuster-200K-mini/benchmark/real/8cdf740fb6e9673682511df58e0fa73243842e82b95eb3acb6c2e391954623c2.mp4,-13.137063026428223,0.9999980291881911,13.137063026428223,2.7861490730940512e-05,0,0,real,5.176488310098648
/workspace/data/genbuster-mini/extracted/GenBuster-200K-mini/benchmark/real/8c8835453143a5096de904f16931e9a2982c9e48b357675328755627f3b00663.mp4,-26.141822814941406,0.9999999999955664,26.141822814941406,1.1843265250305274e-10,0,0,real,8.699608966708183
/workspace/data/genbuster-mini/extracted/GenBuster-200K-mini/benchmark/real/8c7ff01956fbb3a7cb064d751baaaed50ab140b6a8b8b431b4da62aa1990fc1f.mp4,-28.958585739135742,0.9999999999997349,28.958585739135742,6.5282797316058365e-12,0,0,real,12.620599940419197
/workspace/data/genbuster-mini/extracted/GenBuster-200K-mini/benchmark/real/8bc698c1b1249229869d4bf5ff48f11459c22db6fba8be1c931cf7ee5764a8b0.mp4,-39.317665100097656,1.0,39.317665100097656,-9.998566526979944e-13,0,0,real,7.918147370219231
/workspace/data/genbuster-mini/extracted/GenBuster-200K-mini/benchmark/real/8ba13eef1b6e7f165bd12e489855aee349b18f09e58db0f44198ed77d34d1cbc.mp4,-21.738609313964844,0.999999999637722,21.738609313964844,8.235698961388632e-09,0,0,real,5.012674257159233
/workspace/data/genbuster-mini/extracted/GenBuster-200K-mini/benchmark/real/8b9854b39aee13dc6b329ff62dd51ddf0f75a21d477d914038597df33b63bd06.mp4,-9.382891654968262,0.9999158555729082,9.382891654968262,0.0008736660134610635,0,0,real,5.523093044757843
/workspace/data/genbuster-mini/extracted/GenBuster-200K-mini/benchmark/real/8b41bf6b4a5b9b933fe8c20629f517af768d2a39ea9a9de0cf733570c8ffb924.mp4,-31.246694564819336,0.9999999999999731,31.246694564819336,-2.306940350520733e-13,0,0,real,5.035867914557457
/workspace/data/genbuster-mini/extracted/GenBuster-200K-mini/benchmark/real/8b2c314b6181ab34f7ce4bfdcda587eea38efaa4db396818bd6e1d8388aacf75.mp4,-24.91939353942871,0.9999999999849463,24.91939353942871,3.8821606225232606e-10,0,0,real,5.1051173359155655
/workspace/data/genbuster-mini/extracted/GenBuster-200K-mini/benchmark/real/8b1ebca7b34effa5725cdc42f083801858a104c05e2bbdcc6852b6aafd501c47.mp4,-31.19537925720215,0.9999999999999717,31.19537925720215,-1.9008116956088782e-13,0,0,real,6.351865828037262
/workspace/data/genbuster-mini/extracted/GenBuster-200K-mini/benchmark/real/8b0d225c6b3ac94fa2f5379d524032bd59d8a6540a15d14f26525ade105f8997.mp4,-42.23799133300781,1.0,42.23799133300781,-1.000076378677397e-12,0,0,real,9.862344712018967
/workspace/data/genbuster-mini/extracted/GenBuster-200K-mini/benchmark/real/8aa080df70685efb3f6369039a8f73211dbced44cc535e585670a714118d98cd.mp4,-21.54395294189453,0.9999999995598708,21.54395294189453,9.920251532884653e-09,0,0,real,12.164812535047531
/workspace/data/genbuster-mini/extracted/GenBuster-200K-mini/benchmark/real/8a3402e5d6bde57f7daab783610abc5fc5ccc7369445230d97a922d8e2420541.mp4,-22.223295211791992,0.9999999997768764,22.223295211791992,5.179667586487697e-09,0,0,real,7.603531703352928
/workspace/data/genbuster-mini/extracted/GenBuster-200K-mini/benchmark/real/8a26f56b2236ca48f1cfac6fd40797403a134306fac810ce9db16d4c1d334ca2.mp4,-25.703433990478516,0.999999999993127,25.703433990478516,1.8159665681057169e-10,0,0,real,11.376630514860153
/workspace/data/genbuster-mini/extracted/GenBuster-200K-mini/benchmark/real/8a040e3640ca3c4b2d3c05ad9527a77069de0c9d723e62ad2de5c1ef635082b0.mp4,-11.356427192687988,0.9999883060499997,11.356427192687988,0.00014449550881754871,0,0,real,11.110875755548477
/workspace/data/genbuster-mini/extracted/GenBuster-200K-mini/benchmark/real/89de9e6d8f578910841966854fe4c6ee6d24bd2b94189842192c4326ea4f03a6.mp4,0.23031920194625854,0.55732661485672,0.23031920194625854,0.6865600227133766,1,0,real,10.727358981966972
/workspace/data/genbuster-mini/extracted/GenBuster-200K-mini/benchmark/real/89de3c3c299bf724116f915ed5646a3d84bce287c6ec3c6b65084586c8e56031.mp4,-19.759119033813477,0.9999999973774507,19.759119033813477,5.44398129305543e-08,0,0,real,22.5394070148468
/workspace/data/genbuster-mini/extracted/GenBuster-200K-mini/benchmark/real/89bcbd1dde179c0596463885deab5b58997c875e61070b3e2c86fed85b9a58bd.mp4,-12.603142738342285,0.9999966385767038,12.603142738342285,4.572592446335794e-05,0,0,real,10.021280497312546
/workspace/data/genbuster-mini/extracted/GenBuster-200K-mini/benchmark/real/89a97d665653f1949aa0b4b7bc84dab9c108c8ef33226d8e8f5ec4977dedd188.mp4,-16.20574378967285,0.9999999083916862,16.20574378967285,1.5761871740825045e-06,0,0,real,5.99798746407032
/workspace/data/genbuster-mini/extracted/GenBuster-200K-mini/benchmark/real/892fc869a7b28238665202ce32275b8a175e8607bb3cd46ccb620593ccb2d109.mp4,-25.3704891204834,0.9999999999904118,25.3704891204834,2.5089406304485725e-10,0,0,real,8.897261694073677
/workspace/data/genbuster-mini/extracted/GenBuster-200K-mini/benchmark/real/88c616830e1e34492b4a80ace923b3dbda155ecfdfaf0e5aa68a07c4042fa4a5.mp4,-20.575719833374023,0.9999999988410134,20.575719833374023,2.500397007824272e-08,0,0,real,7.710667327046394
/workspace/data/genbuster-mini/extracted/GenBuster-200K-mini/benchmark/real/88b244e781d3bf5acbac6ab69a5582dc419eb919252069104b6970ec435a1341.mp4,-25.43712043762207,0.9999999999910298,25.43712043762207,2.3519648846854996e-10,0,0,real,10.270420461893082
/workspace/data/genbuster-mini/extracted/GenBuster-200K-mini/benchmark/real/889daf0921b6b8a5826d3bbe63f54c4cec3ee0905e312c040740f1bbdd74c610.mp4,-14.254658699035645,0.9999993554151274,14.254658699035645,9.832920436596024e-06,0,0,real,11.05615682899952
/workspace/data/genbuster-mini/extracted/GenBuster-200K-mini/benchmark/real/887203cd40a455bb7ec95b1f61d148d33908bf9123890faa5152f33f24fddb30.mp4,-8.588253021240234,0.9998137534712441,8.588253021240234,0.00178579619600741,0,0,real,11.280247941613197
/workspace/data/genbuster-mini/extracted/GenBuster-200K-mini/benchmark/real/87d4b1dfe1a9b61c6dcf53c1b87c0aa5f8bdec1a3ca8ca7979cf8c88eefa5165.mp4,-28.85930061340332,0.9999999999997072,28.85930061340332,7.307845473920686e-12,0,0,real,10.808881372213364
/workspace/data/genbuster-mini/extracted/GenBuster-200K-mini/benchmark/real/86727196a9af15fe5f8f24b1563c5e32fabd7a575cc174ad3710db5ce4fdc03d.mp4,-15.30074405670166,0.9999997735505985,15.30074405670166,3.691291766643556e-06,0,0,real,4.48162667453289
/workspace/data/genbuster-mini/extracted/GenBuster-200K-mini/benchmark/real/86406f2873c0e5397813b3d57621d3bb06c13f3ddb5945c8de4a80263e0a6022.mp4,-34.34739303588867,0.9999999999999988,34.34739303588867,-9.652990429682398e-13,0,0,real,10.988764464855194
/workspace/data/genbuster-mini/extracted/GenBuster-200K-mini/benchmark/real/863a533cc7f7a74c8c733bf60c855c0908dc29acf2cc36d0c27a96ff4553d6d0.mp4,-23.78730583190918,0.9999999999533014,23.78730583190918,1.1555443374263264e-09,0,0,real,10.412557050585747
/workspace/data/genbuster-mini/extracted/GenBuster-200K-mini/benchmark/real/85ec05189b1a471560c224a75eb5afa068c27267e964db757b520d2ccf28c1ea.mp4,-3.1768622398376465,0.9599542170763016,3.1768622398376465,0.16808962104551292,0,0,real,5.1260460168123245
/workspace/data/genbuster-mini/extracted/GenBuster-200K-mini/benchmark/real/84c957c9fbbd4f92274f1c191b4503ab0b384d5afe20a2b408d40847e0e20083.mp4,-33.328636169433594,0.9999999999999967,33.328636169433594,-9.040962700831869e-13,0,0,real,11.043203994631767
/workspace/data/genbuster-mini/extracted/GenBuster-200K-mini/benchmark/real/848494ca43911edb0aac73f57913571b941413c2554a1cf4e8b032ed01a72159.mp4,-9.028325080871582,0.9998800511311856,9.028325080871582,0.001202893437468074,0,0,real,6.0726311057806015
/workspace/data/genbuster-mini/extracted/GenBuster-200K-mini/benchmark/real/843ff2ba6e8f22d652c2acb5596c0ea105f43162295cbfe49f02fd0d538ea43a.mp4,-6.020007610321045,0.9975762378890067,6.020007610321045,0.017017770626285764,0,0,real,8.021270856261253
/workspace/data/genbuster-mini/extracted/GenBuster-200K-mini/benchmark/real/8429dd756ee18877d40a8a1d045e304ddf1b9490bbe6582a1deb0d01284c018a.mp4,-33.61427307128906,0.9999999999999974,33.61427307128906,-9.277835199230077e-13,0,0,real,8.293135091662407
/workspace/data/genbuster-mini/extracted/GenBuster-200K-mini/benchmark/real/83f13ecf8b46151e069895d0331209452d13e08e4e8acbfa8011f820622eb7ad.mp4,2.4864449501037598,0.9231861233711243,2.4864449501037598,0.2709179364963829,1,0,real,12.185931205749512
/workspace/data/genbuster-mini/extracted/GenBuster-200K-mini/benchmark/real/83987a1e3d508cb00a62dfa01f8ef101c67e97e00e49a2bffe624cfcd223d881.mp4,-12.014687538146973,0.999993945407823,12.014687538146973,7.879864134144238e-05,0,0,real,4.432236775755882
/workspace/data/genbuster-mini/extracted/GenBuster-200K-mini/benchmark/real/83823ca2bdf4d3cbf8227532ddeea43284b542726f7ad4fc5ec8a5c7b1d8d211.mp4,-13.834344863891602,0.9999990186590821,13.834344863891602,1.4557548156554117e-05,0,0,real,6.374003365635872
/workspace/data/genbuster-mini/extracted/GenBuster-200K-mini/benchmark/real/835c5bb492d2c03e35270ea801558336928987e1bb1bc07415e867dfb94d9039.mp4,-19.064220428466797,0.999999994745707,19.064220428466797,1.05421292810768e-07,0,0,real,4.517128691077232
/workspace/data/genbuster-mini/extracted/GenBuster-200K-mini/benchmark/real/8341a0fb0a64bcbf42970752c2f32d7bbf55e4b33b6764fa9de6701756d4e9bc.mp4,2.7455296516418457,0.9396604299545288,2.7455296516418457,0.2279008410377964,1,0,real,12.636268511414528
/workspace/data/genbuster-mini/extracted/GenBuster-200K-mini/benchmark/real/82f2d07558c268f508f651012e3dbca996b01ab0c88e89574a2f7827f42c9d68.mp4,-17.748172760009766,0.9999999804085533,17.748172760009766,3.6730182695476846e-07,0,0,real,8.618919178843498
/workspace/data/genbuster-mini/extracted/GenBuster-200K-mini/benchmark/real/824598f55f50004a6aa5bcd67c4c4ce38782f30954f55fda388bdf60b370570f.mp4,-16.13243865966797,0.9999999014240757,16.13243865966797,1.688843983676736e-06,0,0,real,6.446836516261101
/workspace/data/genbuster-mini/extracted/GenBuster-200K-mini/benchmark/real/81b769991d7462a8bc3908b7d1282ea881802d1bcdbd6953105cda5151c7c627.mp4,-18.076982498168945,0.9999999858984694,18.076982498168945,2.690126525070149e-07,0,0,real,11.224707588553429
/workspace/data/genbuster-mini/extracted/GenBuster-200K-mini/benchmark/real/8199ccc19dbdc3927b8091dd5931fc1bd0df9a0ef3ce88c061b71a3a88bb07c4.mp4,-31.715356826782227,0.9999999999999831,31.715356826782227,-5.183451210799545e-13,0,0,real,12.510927394032478
/workspace/data/genbuster-mini/extracted/GenBuster-200K-mini/benchmark/real/818c5dcb230fb89501c9cda6fe7f5ce733e6c05b261085a2087685825e01e6eb.mp4,-20.430204391479492,0.9999999986594749,20.430204391479492,2.872572805804225e-08,0,0,real,11.500658467411995
/workspace/data/genbuster-mini/extracted/GenBuster-200K-mini/benchmark/real/813244758e5a6d59264403acbaebaf41afdca2522499f6a159a82a3131de2652.mp4,-9.165608406066895,0.9998954361872165,9.165608406066895,0.0010629602444955388,0,0,real,7.4722301214933395
/workspace/data/genbuster-mini/extracted/GenBuster-200K-mini/benchmark/real/8128a77b9420f572f28f70226d6ccde1f03a08ab6b3ecbf8efabc4d764a773e8.mp4,-34.92423629760742,0.9999999999999993,34.92423629760742,-9.806303284565216e-13,0,0,real,9.467961266636848
/workspace/data/genbuster-mini/extracted/GenBuster-200K-mini/benchmark/real/80f89d76673b2d6c2affd2e921489d044cacaa2253e8b515ed56ab9aa27b2635.mp4,-13.384017944335938,0.9999984604486372,13.384017944335938,2.214493364973141e-05,0,0,real,10.881094262003899
/workspace/data/genbuster-mini/extracted/GenBuster-200K-mini/benchmark/real/80d7f539725624a286c586fce4b12c62db1989264268fb85072a2c571197cb8f.mp4,-27.00484848022461,0.9999999999981296,27.00484848022461,5.058021728563499e-11,0,0,real,10.786281898617744
/workspace/data/genbuster-mini/extracted/GenBuster-200K-mini/benchmark/real/8075ca5043aad2b350aba6e26e2d36d16510ed8c32c0d030362fe0a109d9ee86.mp4,-24.8185977935791,0.9999999999833498,24.8185977935791,4.2791423503378445e-10,0,0,real,11.387960985302925
/workspace/data/genbuster-mini/extracted/GenBuster-200K-mini/benchmark/real/805383277ac54cb569f00fce5e4a72edfcc93649b0cb351b92915ff258d7e0e0.mp4,8.839138984680176,0.9998550415039062,8.839138984680176,0.001426245279558564,1,0,real,12.170311063528061
/workspace/data/genbuster-mini/extracted/GenBuster-200K-mini/benchmark/real/803f9e380f382fc21b8cf4d60b4a54b6a7deb38e2f3103a2545dbc4ed17e97cd.mp4,-20.339479446411133,0.9999999985321681,20.339479446411133,3.132076809408632e-08,0,0,real,11.452000588178635
/workspace/data/genbuster-mini/extracted/GenBuster-200K-mini/benchmark/real/802a29fae3fd4de2e678fd81b2aef5233d5f745a00aaa96b4cad6b45a9e6dc4a.mp4,-18.15428352355957,0.999999986947465,18.15428352355957,2.5000995631491277e-07,0,0,real,5.273949354887009
/workspace/data/genbuster-mini/extracted/GenBuster-200K-mini/benchmark/real/801c444ef66b2017cd9ad5ed0dea4898111cd3b6a0ebbfc53cc67e532eff4db0.mp4,-26.118694305419922,0.9999999999954627,26.118694305419922,1.211412889121052e-10,0,0,real,8.893221616744995
/workspace/data/genbuster-mini/extracted/GenBuster-200K-mini/benchmark/real/8003fa78b34a93c9c37e5d4af6e0040dc18ff11bbe2edad6fffe90f774850d22.mp4,-23.551843643188477,0.9999999999409032,23.551843643188477,1.4489447306077527e-09,0,0,real,4.41732257604599
/workspace/data/genbuster-mini/extracted/GenBuster-200K-mini/benchmark/real/7fd9e323a5765dbf989e80201ac4378343a7ee326871c96afc78dd60d6e9c29f.mp4,-29.056358337402344,0.9999999999997595,29.056358337402344,5.831838128562397e-12,0,0,real,4.351355135440826
/workspace/data/genbuster-mini/extracted/GenBuster-200K-mini/benchmark/real/7fb1864041d0ba0e60c41b4322967db4339e7067600413103ffa030b4500ac38.mp4,-14.117138862609863,0.9999992603876535,14.117138862609863,1.1180820850741977e-05,0,0,real,10.817492380738258
/workspace/data/genbuster-mini/extracted/GenBuster-200K-mini/benchmark/real/7fa3c4c6acda02ac326b633230bc98a2211cc092f2344ac895c43d5dac6794bf.mp4,-20.086393356323242,0.9999999981094412,20.086393356323242,3.986306728270091e-08,0,0,real,7.39719346165657
/workspace/data/genbuster-mini/extracted/GenBuster-200K-mini/benchmark/real/7f18b3aa2d0ede535999d7686630903b962dc0203858746fb8725f3acb6ce9ce.mp4,-13.11158561706543,0.9999979783322033,13.11158561706543,2.8528938461714693e-05,0,0,real,4.461595788598061
/workspace/data/genbuster-mini/extracted/GenBuster-200K-mini/benchmark/real/7f0d53934512da796e1a82d6b7787ac3e954a171c45a5c4a4000e92fe6358a9f.mp4,-32.907806396484375,0.9999999999999949,32.907806396484375,-8.538457746685997e-13,0,0,real,7.277417927980423
/workspace/data/genbuster-mini/extracted/GenBuster-200K-mini/benchmark/real/7ecfd41107d8eb6498465c9211a1cafdebe649da47f2d9deeb0c9919635510af.mp4,-16.459800720214844,0.9999999289442343,16.459800720214844,1.2406175151213874e-06,0,0,real,5.039656534790993
/workspace/data/genbuster-mini/extracted/GenBuster-200K-mini/benchmark/real/7eb0d3a5a7388e7878afc0962f2be25ebd1878cda7c84c36545bd8b8ce306dec.mp4,-13.308390617370605,0.9999983395008485,13.308390617370605,2.375906990685973e-05,0,0,real,6.198722869157791
/workspace/data/genbuster-mini/extracted/GenBuster-200K-mini/benchmark/real/7ea4b00d513b4b8f9bcc25610c5530117ee28075ce77bc0cc707d25e51eefd66.mp4,-21.9623966217041,0.9999999997103641,21.9623966217041,6.648734898381155e-09,0,0,real,5.581283941864967
/workspace/data/genbuster-mini/extracted/GenBuster-200K-mini/benchmark/real/7e86e59c17df4fab3f31e02f40408874dff185819adfb257e2aef9c81324d8b8.mp4,-32.39478302001953,0.9999999999999915,32.39478302001953,-7.557138180757488e-13,0,0,real,11.365169659256935
/workspace/data/genbuster-mini/extracted/GenBuster-200K-mini/benchmark/real/7de01c03af76047e9587434a0106c31cba0cd170caee4e9c0c6e58fa28c6fd2f.mp4,-8.226702690124512,0.999732654861873,8.226702690124512,0.002466749849211707,0,0,real,10.905815288424492
/workspace/data/genbuster-mini/extracted/GenBuster-200K-mini/benchmark/real/7d773f6dcfeaf15bd2c0a2c312aa9ef6c18b31359377d827fd0ebf49c1863482.mp4,-27.72392463684082,0.9999999999990887,27.72392463684082,2.450051235183432e-11,0,0,real,11.456791311502457
/workspace/data/genbuster-mini/extracted/GenBuster-200K-mini/benchmark/real/7d2f39fc591657e6f88d5f5bfa79e8bf06e3e9a76199dbfda481187e9eb8e899.mp4,5.34934663772583,0.9952712655067444,5.34934663772583,0.030035642652474513,1,0,real,8.688408881425858
/workspace/data/genbuster-mini/extracted/GenBuster-200K-mini/benchmark/real/7d036185d15ae8143279dd129b72a8111dd1bb64aee4e1a6ccad88f481ecb09d.mp4,-15.96155834197998,0.9999998830545707,15.96155834197998,1.983574725697963e-06,0,0,real,6.976965814828873
/workspace/data/genbuster-mini/extracted/GenBuster-200K-mini/benchmark/real/7c07d9e328e546e34f6b9f03c4a23aa3c4bdcc32bffcefebbcbd4854e081fc05.mp4,-23.26397132873535,0.9999999999211893,23.26397132873535,1.910268716082521e-09,0,0,real,8.733239024877548
/workspace/data/genbuster-mini/extracted/GenBuster-200K-mini/benchmark/real/7bf831c28163bb5b343091495e94a783c02faaaac2c697445e71dbf25c57b0cf.mp4,-22.20807647705078,0.9999999997734548,22.20807647705078,5.255681185105747e-09,0,0,real,7.170107215642929
/workspace/data/genbuster-mini/extracted/GenBuster-200K-mini/benchmark/real/7bd13ee3fc3367e1a41dbb49b761dca6055077215a289556a30abda2faa83ae0.mp4,-29.371309280395508,0.9999999999998246,29.371309280395508,3.9953690031675835e-12,0,0,real,11.144516989588737
/workspace/data/genbuster-mini/extracted/GenBuster-200K-mini/benchmark/real/7b932bdedd3b096c65b0f5a01320435fd0953b4037808ec3d3fbf2e3cab2532b.mp4,-17.308345794677734,0.9999999695854846,17.308345794677734,5.568374658977566e-07,0,0,real,11.953627690672874
/workspace/data/genbuster-mini/extracted/GenBuster-200K-mini/benchmark/real/7b26bbae89717d4dc9ece7f694f30062c9555e8e8ee4b9b6d0e7b7b31d275b73.mp4,-32.676116943359375,0.9999999999999936,32.676116943359375,-8.157238842971479e-13,0,0,real,11.068703606724739
/workspace/data/genbuster-mini/extracted/GenBuster-200K-mini/benchmark/real/7b03af0e5d2fd4b7436f27260013bf8fed203400eadc9b5aeb68a9b550a3adda.mp4,-21.810522079467773,0.9999999996628597,21.810522079467773,7.688346902610358e-09,0,0,real,10.964224115014076
/workspace/data/genbuster-mini/extracted/GenBuster-200K-mini/benchmark/real/7ab0c60faff0ec3961baec19c6424edf10aa806ee90c531a4adbc5c42ae35a69.mp4,-15.472627639770508,0.999999809312115,15.472627639770508,3.141128548577649e-06,0,0,real,7.818227633833885
/workspace/data/genbuster-mini/extracted/GenBuster-200K-mini/benchmark/real/79ff04806df9f50f2aad2e56275506e4a3732b53d624f29f8285c82c8cf1e517.mp4,-19.37708282470703,0.9999999961572703,19.37708282470703,7.830162147017295e-08,0,0,real,4.33717668056488
/workspace/data/genbuster-mini/extracted/GenBuster-200K-mini/benchmark/real/79e05ebc9848a57f7e434411f2113fa801ef3e9ee9af558eac888477fefe03b1.mp4,-20.772232055664062,0.9999999990477867,20.772232055664062,2.072980964701795e-08,0,0,real,6.997125223278999
/workspace/data/genbuster-mini/extracted/GenBuster-200K-mini/benchmark/real/79c192ce6087d2a828fc59d039c160ad5d8a85b9316de1d57e0364f9e3e023eb.mp4,-27.66141128540039,0.9999999999990299,27.66141128540039,2.611619236827215e-11,0,0,real,7.923288270831108
/workspace/data/genbuster-mini/extracted/GenBuster-200K-mini/benchmark/real/79c042430cc1caf06f704fe1413e5e01da2b594d6f385968fca12ea0c3172d0e.mp4,-19.24376678466797,0.9999999956092545,19.24376678466797,8.888322899958396e-08,0,0,real,10.780060663819313
/workspace/data/genbuster-mini/extracted/GenBuster-200K-mini/benchmark/real/79a493c713bc738a052550a12389e44ffd871f1c82d4f4b2c1d411954c5d1791.mp4,-29.95030975341797,0.9999999999999016,29.95030975341797,1.806383626615215e-12,0,0,real,11.409720405936241
/workspace/data/genbuster-mini/extracted/GenBuster-200K-mini/benchmark/real/793a9af4ced5f1174beb23cb834e9eabc1f5ce9489a492ca692393a77307fce7.mp4,-26.139902114868164,0.9999999999955579,26.139902114868164,1.1865531541091293e-10,0,0,real,4.306506365537643
/workspace/data/genbuster-mini/extracted/GenBuster-200K-mini/benchmark/real/78dcbd137f9008aa3b74526dace047f10f1c117aa5e193a03da9e54d02a9385f.mp4,-13.35150146484375,0.9999984095651371,13.35150146484375,2.2825127569696112e-05,0,0,real,11.828355491161346
/workspace/data/genbuster-mini/extracted/GenBuster-200K-mini/benchmark/real/78a1fea3ed27227470cb1afe83c2fa63b12ce3a2f34cf2e14a2b98d9e0c7486d.mp4,-30.563426971435547,0.9999999999999467,30.563426971435547,5.223066393094518e-13,0,0,real,5.9636905789375305
/workspace/data/genbuster-mini/extracted/GenBuster-200K-mini/benchmark/real/789e733ef9a19043646a320bacdf5f5f12ccfea8d251a5ab12bba0b6374c050f.mp4,-22.263303756713867,0.999999999785627,22.263303756713867,4.985025730414083e-09,0,0,real,4.554620012640953
/workspace/data/genbuster-mini/extracted/GenBuster-200K-mini/benchmark/real/788b03fbc12c73e4f1ef992cab8e375d2f56ca34cda1150772f53e0029d0ced4.mp4,-26.063465118408203,0.9999999999952051,26.063465118408203,1.2785879665820135e-10,0,0,real,8.518824353814125
/workspace/data/genbuster-mini/extracted/GenBuster-200K-mini/benchmark/real/787c840d0c49af66b058a20844a92e28538cb770fda3771ad82462926b07ff32.mp4,-27.776308059692383,0.9999999999991352,27.776308059692383,2.322049170326185e-11,0,0,real,11.137565597891808
/workspace/data/genbuster-mini/extracted/GenBuster-200K-mini/benchmark/real/77d1d33c6cfc399968f8a024850e5f046ae25f41bb2ab2c21aca7c09cba50f13.mp4,-20.435449600219727,0.9999999986664877,20.435449600219727,2.8582436036867593e-08,0,0,real,11.297767981886864
/workspace/data/genbuster-mini/extracted/GenBuster-200K-mini/benchmark/real/77ccd29d655874c98a262aa34dd6d1e3be7222e2bebb34d1e2d36191d2f06e1b.mp4,-24.806081771850586,0.99999999998314,24.806081771850586,4.3311710417129104e-10,0,0,real,8.536627516150475
/workspace/data/genbuster-mini/extracted/GenBuster-200K-mini/benchmark/real/77befd0da5fb02ca850633cdbbe3b31d47b53e9db6b4cdd6e80585e54914a6cf.mp4,-18.668458938598633,0.9999999921946694,18.668458938598633,1.5351682444489612e-07,0,0,real,10.95203123986721
/workspace/data/genbuster-mini/extracted/GenBuster-200K-mini/benchmark/real/778229d5551571562409da2da8ae09fca37554f8b94272d71f61ecc931577378.mp4,-18.029298782348633,0.9999999852097661,18.029298782348633,2.8144577982443004e-07,0,0,real,5.875816568732262
/workspace/data/genbuster-mini/extracted/GenBuster-200K-mini/benchmark/real/7733c1c98d59aae61b782c4f349f1d3e1aa581a1bd10966f81a950edd33ada13.mp4,-41.06170654296875,1.0,41.06170654296875,-1.0000483007380618e-12,0,0,real,8.292723447084427
/workspace/data/genbuster-mini/extracted/GenBuster-200K-mini/benchmark/real/771e65da9886523dee1fc585b4b9d6ddc0d75372b01c08a355cfd178adabce66.mp4,-4.095320701599121,0.9836222901940346,4.095320701599121,0.08358528135727103,0,0,real,9.326141327619553
/workspace/data/genbuster-mini/extracted/GenBuster-200K-mini/benchmark/real/76f02be4b17af71fcc1d8138c952536309ebc8765916bbcc57f61f1299142451.mp4,-4.601103782653809,0.9900590674951673,4.601103782653809,0.05572993557829435,0,0,real,8.957695215940475
/workspace/data/genbuster-mini/extracted/GenBuster-200K-mini/benchmark/real/76e498cc8569769ef926de2b638f061ebf8017107fb35ed960a74fe1be0996cd.mp4,-33.68852615356445,0.9999999999999977,33.68852615356445,-9.329888696365268e-13,0,0,real,10.116823017597198
/workspace/data/genbuster-mini/extracted/GenBuster-200K-mini/benchmark/real/76e35390da447e38385099d3b21fb617414d57feff1a9e2409195f43fae20ff0.mp4,3.810624599456787,0.9783450365066528,3.810624599456787,0.10441187719921408,1,0,real,9.398162364959717
/workspace/data/genbuster-mini/extracted/GenBuster-200K-mini/benchmark/real/76a28d3890929a7db1217e159e64e5a0a88b2016b156dc9706d943d577d80b78.mp4,-2.8907248973846436,0.9473860301077366,2.8907248973846436,0.206141150805944,0,0,real,7.575405761599541
/workspace/data/genbuster-mini/extracted/GenBuster-200K-mini/benchmark/real/7681f867964c5a7d534f73fc1cead4a45cf3df1bfab7f4e57498dd3a047b385e.mp4,-14.19503116607666,0.9999993158111238,14.19503116607666,1.0396269512823802e-05,0,0,real,11.20234839618206
/workspace/data/genbuster-mini/extracted/GenBuster-200K-mini/benchmark/real/75f924fd40c3f61ac7a7e89b23b74fb44c2931aa742bdabd6a9d33f873b97b33.mp4,-22.61798095703125,0.9999999998496388,22.61798095703125,3.5492305302057817e-09,0,0,real,10.773628950119019
/workspace/data/genbuster-mini/extracted/GenBuster-200K-mini/benchmark/real/75f2ae26b00ae047991f9f607fe97072f9737f06621f3152c23031db2fcd4dfc.mp4,-62.009124755859375,1.0,62.009124755859375,-1.0000889005818085e-12,0,0,real,11.542394757270813
/workspace/data/genbuster-mini/extracted/GenBuster-200K-mini/benchmark/real/75727ce23609d2f9cfa2e184d543d135f807f397a094a4bd169d233bc37deba3.mp4,-1.9354881048202515,0.8738556355237961,1.9354881048202515,0.37899102068305796,0,0,real,10.840902104973793
/workspace/data/genbuster-mini/extracted/GenBuster-200K-mini/benchmark/real/75266cba7c4d40436b613c1254cd57cc2e3589a4c84390c5cf30db48394ea4e4.mp4,2.536947250366211,0.9266917109489441,2.536947250366211,0.26211359798056294,1,0,real,9.458852931857109
/workspace/data/genbuster-mini/extracted/GenBuster-200K-mini/benchmark/real/74dad1051d1511e55ec80a4f2bb53d88315dc3a2278c98d8a712195331616fd2.mp4,-17.392602920532227,0.999999972043133,17.392602920532227,5.141975556694076e-07,0,0,real,11.138776317238808
/workspace/data/genbuster-mini/extracted/GenBuster-200K-mini/benchmark/real/74d3c9defa2f70102ee9072248bf4a31998c636bdbb65a5bb674ebc903065b62.mp4,-18.445053100585938,0.9999999902407781,18.445053100585938,1.897665882415321e-07,0,0,real,11.67411357164383
/workspace/data/genbuster-mini/extracted/GenBuster-200K-mini/benchmark/real/74a9feb34e34677e960c845474e8d809cc256871f06d7cb0add7e956efce85ca.mp4,-17.11558723449707,0.999999963119663,17.11558723449707,6.681069640651337e-07,0,0,real,8.235560730099678
/workspace/data/genbuster-mini/extracted/GenBuster-200K-mini/benchmark/real/74a8e8c0be631ab9a7c3390c0e026439237690d2ff24c8ce6e1ffae155eb13fd.mp4,-12.831629753112793,0.9999973251908614,12.831629753112793,3.699697151662544e-05,0,0,real,9.994756430387497
/workspace/data/genbuster-mini/extracted/GenBuster-200K-mini/benchmark/real/7472343c6654f4b0a6a6012d84754eb69b76d599894ad925a16624258a3cb70f.mp4,-22.132579803466797,0.9999999997556892,22.132579803466797,5.649541621747872e-09,0,0,real,9.691976010799408
/workspace/data/genbuster-mini/extracted/GenBuster-200K-mini/benchmark/real/7418147139a33479c0b29e9586d52011d94fafdf03b4470b9c4f90064b8cae80.mp4,-21.326650619506836,0.9999999994530429,21.326650619506836,1.2209723193389344e-08,0,0,real,8.80628265440464
/workspace/data/genbuster-mini/extracted/GenBuster-200K-mini/benchmark/real/73aad369bb2cd328f0dc784e60a2a9b1a6703e75962ddcba8f251a060beec7e7.mp4,-30.616342544555664,0.9999999999999495,30.616342544555664,4.44056290641086e-13,0,0,real,7.478000596165657
/workspace/data/genbuster-mini/extracted/GenBuster-200K-mini/benchmark/real/738f4d1d9f9a0013717b0adcac80807dacf74db23d7709d6bf2c23959d27ac0d.mp4,-19.10569953918457,0.9999999949591922,19.10569953918457,1.0134696637154151e-07,0,0,real,4.475945606827736
/workspace/data/genbuster-mini/extracted/GenBuster-200K-mini/benchmark/real/738afe588ed93f4aa7756ba1793d9760e7373673fe571d70f23534ef33efa036.mp4,-7.78443717956543,0.9995840116171166,7.78443717956543,0.003654310349291449,0,0,real,4.606530070304871
/workspace/data/genbuster-mini/extracted/GenBuster-200K-mini/benchmark/real/731c18fcad20337cc958a14e1619564a7750d2d93f818dbaa9c9c6d5986aaf0e.mp4,-32.14701461791992,0.9999999999999891,32.14701461791992,-6.872448969710462e-13,0,0,real,11.020904406905174
/workspace/data/genbuster-mini/extracted/GenBuster-200K-mini/benchmark/real/72c53948dc8bd9ee798413a1d94f5d75e7583309369316346b82a98f2daa55b9.mp4,-26.918643951416016,0.9999999999979612,26.918643951416016,5.5107738378586754e-11,0,0,real,7.684815675020218
/workspace/data/genbuster-mini/extracted/GenBuster-200K-mini/benchmark/real/72722b1ae27d7e1b2a6f2ae9156d65463eb56445503687afa393651e4e51fa2f.mp4,-4.150118827819824,0.9844820601865649,4.150118827819824,0.08004089884667442,0,0,real,5.039665848016739
/workspace/data/genbuster-mini/extracted/GenBuster-200K-mini/benchmark/real/7244993888587bdbfeea60f22370b5ab99e0781c458a5fe84e5af5e134bb2bea.mp4,-21.498098373413086,0.999999999539219,21.498098373413086,1.036469550501651e-08,0,0,real,7.196297869086266
/workspace/data/genbuster-mini/extracted/GenBuster-200K-mini/benchmark/real/722e0f14551bad2d3a2cab35e2d2037a376d9b84b74e8484557c48388bb491b0.mp4,-37.60968017578125,1.0,37.60968017578125,-9.988073975382699e-13,0,0,real,9.215308353304863
/workspace/data/genbuster-mini/extracted/GenBuster-200K-mini/benchmark/real/71ad98782797f8a2f3ab89918f44ebd3159ee777bdd170979c04588d284bf851.mp4,-8.128613471984863,0.99970511009451,8.128613471984863,0.0026919794705300053,0,0,real,9.357072412967682
/workspace/data/genbuster-mini/extracted/GenBuster-200K-mini/benchmark/real/716b4f20df2ba81bb20bbe03333061a714380a7ae64194c98d4a630ec48db318.mp4,-15.15878963470459,0.9999997390116278,15.15878963470459,4.217254260692971e-06,0,0,real,10.868892073631287
/workspace/data/genbuster-mini/extracted/GenBuster-200K-mini/benchmark/real/71529bff0922e5163a6af904fa5973dcb47a0024cc5e6536b26e8996b41dbce7.mp4,-25.559432983398438,0.9999999999920626,25.559432983398438,2.0887153449008574e-10,0,0,real,8.774299174547195
/workspace/data/genbuster-mini/extracted/GenBuster-200K-mini/benchmark/real/71163b9067e7df401501cf2875f5f18e7688f11059bf12331f62c81e848893cd.mp4,-40.16485595703125,1.0,40.16485595703125,-9.999893551047227e-13,0,0,real,7.193848490715027
/workspace/data/genbuster-mini/extracted/GenBuster-200K-mini/benchmark/real/70357fd7c10d538fadd94be926cc0c194a148c057bbf304a1f828f2726982366.mp4,-10.46567440032959,0.9999715027461207,10.46567440032959,0.00032674063641344566,0,0,real,4.427365958690643
/workspace/data/genbuster-mini/extracted/GenBuster-200K-mini/benchmark/real/6fcdae97f5b5540d7a9aa7bbdfcf04fe0939ae41e68a767ddf0a5c11c6881358.mp4,-7.727161407470703,0.9995595008367673,7.727161407470703,0.003844404347386265,0,0,real,7.12156854569912
/workspace/data/genbuster-mini/extracted/GenBuster-200K-mini/benchmark/real/6fa08977969266a74fe21e7ed65cdffa961348b3c90f18bd43fd6181b35ac525.mp4,-5.415656566619873,0.995573265478015,5.415656566619873,0.028410235256758787,0,0,real,8.514055982232094
/workspace/data/genbuster-mini/extracted/GenBuster-200K-mini/benchmark/real/6e7631f811d4fa63f937f93f2354fbb909d79c12b07d5d7f28c044d10d97377c.mp4,-33.85820388793945,0.999999999999998,33.85820388793945,-9.435229057532357e-13,0,0,real,11.01144403219223
/workspace/data/genbuster-mini/extracted/GenBuster-200K-mini/benchmark/real/6e6141860ce5f237a10bafdcfbd9b361ce1ad1db69e7692c40e0fc21477faf39.mp4,-32.80549240112305,0.9999999999999943,32.80549240112305,-8.379779708075662e-13,0,0,real,7.8484974801540375
/workspace/data/genbuster-mini/extracted/GenBuster-200K-mini/benchmark/real/6e49c9b555f1c90359c1c3c5c1a069dfafe209ba7d41b36a63ba7dd032857b2e.mp4,0.921639084815979,0.7153759598731995,0.921639084815979,0.5972676922712887,1,0,real,8.591778576374054
/workspace/data/genbuster-mini/extracted/GenBuster-200K-mini/benchmark/real/6e38117d1ec3cdc7d1b6582479ffa4fee7e76dbdbf86974df26365ec7bfd667f.mp4,-22.957914352416992,0.9999999998929703,22.957914352416992,2.562214125495117e-09,0,0,real,10.695520788431168
/workspace/data/genbuster-mini/extracted/GenBuster-200K-mini/benchmark/real/6e2c9d31275f6196534ab51a92fd43a450c70cb5032cb6548d2ae32a48396275.mp4,-17.939739227294922,0.9999999838240328,17.939739227294922,3.063666006166961e-07,0,0,real,13.263469561934471
/workspace/data/genbuster-mini/extracted/GenBuster-200K-mini/benchmark/real/6e046fd4c7582f9375bb815bf46633cfe730ce767df6af51a3d9e7bf8c4de80c.mp4,-13.623957633972168,0.9999987888725173,13.623957633972168,1.771147571012012e-05,0,0,real,6.268071010708809
/workspace/data/genbuster-mini/extracted/GenBuster-200K-mini/benchmark/real/6d6f22916a01b311c047e3cb4dfb1359627a05205b4213a140e616201191335b.mp4,-10.857324600219727,0.9999807373751537,10.857324600219727,0.00022840337923198887,0,0,real,5.286568775773048
/workspace/data/genbuster-mini/extracted/GenBuster-200K-mini/benchmark/real/6d4cf9cbaf4d3de2acf5a75604b6d997ada5ef9d90b0a1008f82058d2c7f43b1.mp4,-5.6521453857421875,0.9965022983960807,5.6521453857421875,0.023273350815196266,0,0,real,5.102235823869705
/workspace/data/genbuster-mini/extracted/GenBuster-200K-mini/benchmark/real/6d22e9d6c43856d45db6fda7bc042019c8c76db8f3fa6fd162b5f24c98cfe835.mp4,-17.599937438964844,0.9999999772781187,17.599937438964844,4.2262356994025886e-07,0,0,real,10.846791788935661
/workspace/data/genbuster-mini/extracted/GenBuster-200K-mini/benchmark/real/6ce0742306d1eac7bf718d3d432eb1002278bd62ef419922045ea1ffe580878f.mp4,-34.14971923828125,0.9999999999999986,34.14971923828125,-9.577647393495852e-13,0,0,real,10.637257248163223
/workspace/data/genbuster-mini/extracted/GenBuster-200K-mini/benchmark/real/6cbc463af5fa3581236528f5f10eeeef7abed79811261888e584f759a76ac02c.mp4,-26.283618927001953,0.9999999999961526,26.283618927001953,1.0308252485374083e-10,0,0,real,6.770271807909012
/workspace/data/genbuster-mini/extracted/GenBuster-200K-mini/benchmark/real/6c603f152b9b5f04fbe6ab5e01d5a1016b2bb49008ba4605bac9dde0fc8921a5.mp4,-13.37278938293457,0.9999984430643281,13.37278938293457,2.2377507772238992e-05,0,0,real,6.057620048522949
/workspace/data/genbuster-mini/extracted/GenBuster-200K-mini/benchmark/real/6c4059c305fb5ed4b5df4808354e7813c2cd1c0014a28e20f304beba47f9a1f7.mp4,-29.349607467651367,0.9999999999998207,29.349607467651367,4.1045265094395885e-12,0,0,real,4.540387541055679
/workspace/data/genbuster-mini/extracted/GenBuster-200K-mini/benchmark/real/6bccb1e0b7fb214357f2bef2a96a29c5328d107469a3424f129c6dc37f7f5f1a.mp4,-34.705692291259766,0.9999999999999991,34.705692291259766,-9.758181123404334e-13,0,0,real,5.0352830439805984
/workspace/data/genbuster-mini/extracted/GenBuster-200K-mini/benchmark/real/6b27d3914ad5af23ffaa89485ffaeb6754e1854ffe9caa0e5b59f75be3f3cda1.mp4,-14.884434700012207,0.9999996566223501,14.884434700012207,5.45435789243898e-06,0,0,real,6.525315344333649
/workspace/data/genbuster-mini/extracted/GenBuster-200K-mini/benchmark/real/6b0cb29c9f15d42c658c67667f1d5a8b6995cce217a4e9ca5e0da0d2e3ca6029.mp4,-12.318087577819824,0.9999955298653731,12.318087577819824,5.953365236506381e-05,0,0,real,7.804548367857933
/workspace/data/genbuster-mini/extracted/GenBuster-200K-mini/benchmark/real/6aa2586fa7436cbe5019e20a42daead18f192063d18931821061650f47eb6829.mp4,-15.258284568786621,0.9999997637286384,15.258284568786621,3.84136507192483e-06,0,0,real,10.253913700580597
/workspace/data/genbuster-mini/extracted/GenBuster-200K-mini/benchmark/real/69a0d985e99dbddccc7827656e823dbc75a64a14c89d07ee40de94df7317ca90.mp4,-9.288989067077637,0.9999075720843393,9.288989067077637,0.0009509940842007771,0,0,real,14.392506331205368
/workspace/data/genbuster-mini/extracted/GenBuster-200K-mini/benchmark/real/698f7d36aa93c73589e300a12632b50dd545736d25a1a902b65e6e2e9c24c589.mp4,-26.82213592529297,0.9999999999977546,26.82213592529297,6.064485641985866e-11,0,0,real,13.541633263230324
/workspace/data/genbuster-mini/extracted/GenBuster-200K-mini/benchmark/real/6971265352488fd0375b712fde140e55022b8034031bbd345cb05ae80fa99e19.mp4,-9.18537712097168,0.9998974827685743,9.18537712097168,0.0010441819186250013,0,0,real,8.51999782025814
/workspace/data/genbuster-mini/extracted/GenBuster-200K-mini/benchmark/real/6910b9b8534f2b0230e219a2ef0df283bd642c4dcc2c037137ed05ba4490ba7f.mp4,-11.712056159973145,0.9999918056391834,11.712056159973145,0.00010416720639708167,0,0,real,5.716836079955101
/workspace/data/genbuster-mini/extracted/GenBuster-200K-mini/benchmark/real/68e8022242cf221b8b8514ca80a80a51404ea3fd1a0f2b066e71e3cb635f5c51.mp4,-9.399453163146973,0.9999172375391936,9.399453163146973,0.000860687761320997,0,0,real,14.36193473637104
/workspace/data/genbuster-mini/extracted/GenBuster-200K-mini/benchmark/real/68aeb5e645f17b8cce5a80bdc6088e06ef78aea975937323885cc6a09597b7e7.mp4,-13.138528823852539,0.9999980320749273,13.138528823852539,2.782356538050573e-05,0,0,real,11.72732561826706
/workspace/data/genbuster-mini/extracted/GenBuster-200K-mini/benchmark/real/68970fe2fcb5cec5aa4169a139fa972dd31432301bcf5bc792c8bb2eb4e3d3f1.mp4,-21.239368438720703,0.9999999994031579,21.239368438720703,1.3271392937078526e-08,0,0,real,11.634903028607368
/workspace/data/genbuster-mini/extracted/GenBuster-200K-mini/benchmark/real/67ea0cd284b2b44317e726f47842cccb315ed75f56e97f44240f8d2f095d6973.mp4,-21.97850227355957,0.9999999997149915,21.97850227355957,6.547069340284267e-09,0,0,real,6.027551367878914
/workspace/data/genbuster-mini/extracted/GenBuster-200K-mini/benchmark/real/67e8385c0ef8cf9946ddbe98a837f533d888af3b14eab9b3a8e5ebb264002cbc.mp4,-15.744206428527832,0.9999998546624056,15.744206428527832,2.4335606915898036e-06,0,0,real,6.030848249793053
/workspace/data/genbuster-mini/extracted/GenBuster-200K-mini/benchmark/real/679e7a23ad8d8be02d22c765d232b6e035447cceafd47c3a12d27b605ae39910.mp4,-20.215723037719727,0.9999999983387957,20.215723037719727,3.524165032451937e-08,0,0,real,6.1439331620931625
/workspace/data/genbuster-mini/extracted/GenBuster-200K-mini/benchmark/real/66fd0897305bafc33cd0ac2d339618d82f49d0b725ec8def0a56f9c5d543c347.mp4,-12.503966331481934,0.9999962881124702,12.503966331481934,5.012520911468273e-05,0,0,real,8.866291493177414
/workspace/data/genbuster-mini/extracted/GenBuster-200K-mini/benchmark/real/66cab03b57372169c07b42753656485f3d1e8aa031a08e473be4f25acdea71c1.mp4,-3.6928439140319824,0.975703913718462,3.6928439140319824,0.11431775956390595,0,0,real,11.892646551132202
/workspace/data/genbuster-mini/extracted/GenBuster-200K-mini/benchmark/real/65fab7bbfbf59c47b323eee58d84650d2645b74148b152707af3bcfe430070da.mp4,-25.891786575317383,0.999999999994307,25.891786575317383,1.5117327790004791e-10,0,0,real,11.066894978284836
/workspace/data/genbuster-mini/extracted/GenBuster-200K-mini/benchmark/real/65b72d20bedd761f55a019043333cb002dea10756971465e20317ac919996997.mp4,-17.493024826049805,0.9999999747142514,17.493024826049805,4.676079782111478e-07,0,0,real,10.142691433429718
/workspace/data/genbuster-mini/extracted/GenBuster-200K-mini/benchmark/real/6597d84343af4bdb189ba9dd792db8bce7edeaee8011551eac2962e2edaa71bd.mp4,-18.198759078979492,0.9999999875152641,18.198759078979492,2.396894367551742e-07,0,0,real,10.441385209560394
/workspace/data/genbuster-mini/extracted/GenBuster-200K-mini/benchmark/real/65106f3c882b253a561c1e498803d218f8a88ea84745ea5d9866197db4c8152c.mp4,-20.231348037719727,0.9999999983645504,20.231348037719727,3.472079912106101e-08,0,0,real,8.967963978648186
/workspace/data/genbuster-mini/extracted/GenBuster-200K-mini/benchmark/real/64f3e1f2f9a2002fa5eff25ab8344fbf140d9256b5a54772fde27c3ec0da2836.mp4,-2.4530463218688965,0.9207839444279671,2.4530463218688965,0.27685051984324965,0,0,real,7.876787334680557
/workspace/data/genbuster-mini/extracted/GenBuster-200K-mini/benchmark/real/63e8d0784bc1f3511a278e150f1a0298ff12fd772cfa5827ea92e2b6053e0798.mp4,-4.424738883972168,0.9881644202396274,4.424738883972168,0.06427552767517367,0,0,real,6.197692826390266
/workspace/data/genbuster-mini/extracted/GenBuster-200K-mini/benchmark/real/63c9cad21151ca67b8db51fd3c52e981dc7835d4e217e73713ca1f79be13a940.mp4,-18.11397361755371,0.9999999864105709,18.11397361755371,2.5974598995438266e-07,0,0,real,8.612258359789848
/workspace/data/genbuster-mini/extracted/GenBuster-200K-mini/benchmark/real/63a5477d09727e994bcf0da5e1bdcd517ae7c595f2e5137b0c77e6dfafe158a4.mp4,-24.9699764251709,0.9999999999856888,24.9699764251709,3.696957964930064e-10,0,0,real,8.540276437997818
/workspace/data/genbuster-mini/extracted/GenBuster-200K-mini/benchmark/real/638af88dac18cee0f341c859f01f20cd9c99b0c0416fa8ed46243cf8fb730d4b.mp4,-10.453505516052246,0.9999711538603151,10.453505516052246,0.0003303898345683675,0,0,real,34.66454893350601
/workspace/data/genbuster-mini/extracted/GenBuster-200K-mini/benchmark/real/6342919db78cb90c264260c72ac16f7a243cfd7be3158696db07a825363000f6.mp4,-55.72378158569336,1.0,55.72378158569336,-1.0000889005644282e-12,0,0,real,5.828017368912697
/workspace/data/genbuster-mini/extracted/GenBuster-200K-mini/benchmark/real/62ab4a73c43894b180457e745edb67a7d5dc6e067f3d64ba89bd22e909adb3aa.mp4,-34.458011627197266,0.9999999999999989,34.458011627197266,-9.690246263530184e-13,0,0,real,6.131710484623909
/workspace/data/genbuster-mini/extracted/GenBuster-200K-mini/benchmark/real/6260fe5096ff9c0f2b3a133cf6e442157a505142222d653c9d373ea065019f38.mp4,-7.550517559051514,0.9994744384312071,7.550517559051514,0.004493961551738616,0,0,real,5.677616223692894
/workspace/data/genbuster-mini/extracted/GenBuster-200K-mini/benchmark/real/6236706664aa3b365bb6bb138290ac4a06b63a98ec0353fb792c92e8cfbf4e51.mp4,-19.588485717773438,0.9999999968895104,19.588485717773438,6.40382716682568e-08,0,0,real,10.393956676125526
/workspace/data/genbuster-mini/extracted/GenBuster-200K-mini/benchmark/real/6143816a2e2a805878e6b3a55d312bd65a69b2235ecdd606bccb196e49b0e1cb.mp4,-28.950517654418945,0.9999999999997328,28.950517654418945,6.588884068001311e-12,0,0,real,5.127806216478348
/workspace/data/genbuster-mini/extracted/GenBuster-200K-mini/benchmark/real/6140acfd592497355f949ab732c03e3b6ac327831f3a477bcf6a928d27bc0c9d.mp4,-23.717679977416992,0.999999999949934,23.717679977416992,1.2355240407429948e-09,0,0,real,10.111290961503983
/workspace/data/genbuster-mini/extracted/GenBuster-200K-mini/benchmark/real/61383f2c973fdabb0f036dc5420a3137684dc58b7675662317029dd7806d50f7.mp4,-26.2421932220459,0.9999999999959899,26.2421932220459,1.0735239783905307e-10,0,0,real,6.192082539200783
/workspace/data/genbuster-mini/extracted/GenBuster-200K-mini/benchmark/real/6120e24e19942fbb2d884982d828f895ed1a984d76f0a822a3eef3d68de19b09.mp4,-33.47418975830078,0.9999999999999971,33.47418975830078,-9.170907067728822e-13,0,0,real,4.421396180987358
/workspace/data/genbuster-mini/extracted/GenBuster-200K-mini/benchmark/real/5ff4dd7e5eb3eff9e7279a1421e0a2f913427d7be8e0e435f37aac6e1a365b1d.mp4,-38.85834884643555,1.0,38.85834884643555,-9.997212542530826e-13,0,0,real,4.412354901432991
/workspace/data/genbuster-mini/extracted/GenBuster-200K-mini/benchmark/real/5ff202b89289528f40bbf7ab9fe76cccaaaa251aef7037d45549893afc329346.mp4,-23.58280372619629,0.9999999999427047,23.58280372619629,1.4064861166078569e-09,0,0,real,10.958865284919739
/workspace/data/genbuster-mini/extracted/GenBuster-200K-mini/benchmark/real/5fca5b2496504dbed67d32fb98980c15abb6b3eb91120b5b8c8f159399ed9200.mp4,-33.63362121582031,0.9999999999999976,33.63362121582031,-9.293399179283454e-13,0,0,real,7.109036669135094
/workspace/data/genbuster-mini/extracted/GenBuster-200K-mini/benchmark/real/5fc9330dee5a32870421a8f15006b4c24b584f1c100b81d229c8a221ac8fc565.mp4,-24.099573135375977,0.9999999999658266,24.099573135375977,8.557525084220548e-10,0,0,real,6.087159737944603
/workspace/data/genbuster-mini/extracted/GenBuster-200K-mini/benchmark/real/5fa84565153d62ce9314f1364978d7cabb686b0703436d1543d1fee2ea0be924.mp4,-24.880598068237305,0.9999999999843507,24.880598068237305,4.030426570381753e-10,0,0,real,4.638040438294411
/workspace/data/genbuster-mini/extracted/GenBuster-200K-mini/benchmark/real/5fa7e4a829c5f0a6ea922ebd04667691127f6637c20c7e7e67d70c11a1e47009.mp4,-29.036542892456055,0.9999999999997548,29.036542892456055,5.967688095798885e-12,0,0,real,5.179068073630333
/workspace/data/genbuster-mini/extracted/GenBuster-200K-mini/benchmark/real/5f9fab49aee5d0d59dbd4fa2335573ba1a485f64e186c776d120d37eca1251ba.mp4,-16.383167266845703,0.9999999232849035,16.383167266845703,1.3335493556782297e-06,0,0,real,8.332304656505585
/workspace/data/genbuster-mini/extracted/GenBuster-200K-mini/benchmark/real/5f4239acaac273b2f01bb614beeedd750b5b8db4634c7dab9ce581eee37bda41.mp4,-24.468473434448242,0.9999999999763692,24.468473434448242,5.998590696688901e-10,0,0,real,5.738835781812668
/workspace/data/genbuster-mini/extracted/GenBuster-200K-mini/benchmark/real/5f19f29751a4e7402d8532ec13ace5a67fff38e462bcec02f62b3a815cfceea1.mp4,-33.088829040527344,0.9999999999999958,33.088829040527344,-8.781001764004931e-13,0,0,real,5.06826676428318
/workspace/data/genbuster-mini/extracted/GenBuster-200K-mini/benchmark/real/5f0ae825b10db91e1b122218f206f12e84323ada3f582360640c168361f10aab.mp4,-28.133272171020508,0.9999999999993948,28.133272171020508,1.604020242854352e-11,0,0,real,8.21683183312416
/workspace/data/genbuster-mini/extracted/GenBuster-200K-mini/benchmark/real/5e1d3ab4358decdaab305b4ee97d0aee5a5aaf22924b1f1a6319c154fbd3e8bf.mp4,-10.044440269470215,0.9999565753678326,10.044440269470215,0.0004796016980009462,0,0,real,10.250594466924667
/workspace/data/genbuster-mini/extracted/GenBuster-200K-mini/benchmark/real/5dce4142967044b1dea5e32b7e6f828b1b2c574b27b56e4471b3fe1c52bd75cc.mp4,-14.140581130981445,0.9999992775241822,14.140581130981445,1.0938702020855137e-05,0,0,real,10.38825698196888
/workspace/data/genbuster-mini/extracted/GenBuster-200K-mini/benchmark/real/5dbe598f9efe018dfed619f22e54d5f885eb48a157ecb571200bb36b034fdde1.mp4,-17.214242935180664,0.9999999665844008,17.214242935180664,6.086378430312619e-07,0,0,real,9.09939594566822
/workspace/data/genbuster-mini/extracted/GenBuster-200K-mini/benchmark/real/5d8ef19c4250cc6ae3b590d380fc2035df830ab324482b4aa9c1ad95b3859d00.mp4,-24.300533294677734,0.999999999972048,24.300533294677734,7.052173448952499e-10,0,0,real,9.269148111343384
/workspace/data/genbuster-mini/extracted/GenBuster-200K-mini/benchmark/real/5d6098909393138ce382f92202e8f9d6a949dcc26267eb1ada17ad65b383f1a9.mp4,-16.12364387512207,0.9999999005532914,16.12364387512207,1.7028880237192668e-06,0,0,real,5.908608436584473
/workspace/data/genbuster-mini/extracted/GenBuster-200K-mini/benchmark/real/5d559bdf00f38bd0d251f98939d66bcdb2a5046df7bf75364caf914d44eb9a44.mp4,-18.348066329956055,0.9999999892468416,18.348066329956055,2.080508212275797e-07,0,0,real,4.790943115949631
/workspace/data/genbuster-mini/extracted/GenBuster-200K-mini/benchmark/real/5d1ea25e1d4c969b616562f3e8c8acae7f76804ae5f67a2fa7e6aabb28218cf8.mp4,-37.831443786621094,1.0,37.831443786621094,-9.990622820424617e-13,0,0,real,10.073039680719376
/workspace/data/genbuster-mini/extracted/GenBuster-200K-mini/benchmark/real/5d1e59a1cded8c9f2b537f43e86b7ccda7db83e5fab44f0d1fc8fa28f1d2eb1a.mp4,-38.575260162353516,1.0,38.575260162353516,-9.996009520079248e-13,0,0,real,9.184688329696655
/workspace/data/genbuster-mini/extracted/GenBuster-200K-mini/benchmark/real/5d0ac82bbe07c48088af1bb918e50d321b48920c98b7ca3de32491a588c31d8d.mp4,-13.342442512512207,0.9999983950920068,13.342442512512207,2.3018299935011197e-05,0,0,real,16.56136102974415
/workspace/data/genbuster-mini/extracted/GenBuster-200K-mini/benchmark/real/5ce6c2e085cfebe1294d0f15c45c035fc41c1726fa99496637f173136e3a2490.mp4,-31.204259872436523,0.9999999999999719,31.204259872436523,-1.972066038741123e-13,0,0,real,9.360011667013168
/workspace/data/genbuster-mini/extracted/GenBuster-200K-mini/benchmark/real/5ce24c267bcfb7d70c7ee20d6d14128f89d63d7bf39dc3e2f31f7bdde209d08d.mp4,-13.235068321228027,0.9999982131747629,13.235068321228027,2.5435578952051782e-05,0,0,real,11.322379112243652
/workspace/data/genbuster-mini/extracted/GenBuster-200K-mini/benchmark/real/5cc6a6e464df923bb001c1e282fcdb162ebe05ea6c93c60eba5a81c35c934d6a.mp4,-10.867596626281738,0.999980934224368,10.867596626281738,0.0002262651141258448,0,0,real,11.044533923268318
/workspace/data/genbuster-mini/extracted/GenBuster-200K-mini/benchmark/real/5c8761dc32321cefd909820c66ef00a324572dbc46c0e9f113b5d22aeb816955.mp4,-18.731130599975586,0.9999999926688288,18.731130599975586,1.4465029659072867e-07,0,0,real,11.763336136937141
/workspace/data/genbuster-mini/extracted/GenBuster-200K-mini/benchmark/real/5c697f432e170cbf51d82b024e3ee7eccced9b1430c7ac315adff90a93c6a9fa.mp4,-30.55929183959961,0.9999999999999465,30.55929183959961,5.286049222385068e-13,0,0,real,5.419360473752022
/workspace/data/genbuster-mini/extracted/GenBuster-200K-mini/benchmark/real/5c5ac1f05afb53b9d9a44c0af3008858ece4dc024dc5d5154baee5fb164246f2.mp4,-21.111719131469727,0.9999999993218951,21.111719131469727,1.499206595873259e-08,0,0,real,11.163296177983284
/workspace/data/genbuster-mini/extracted/GenBuster-200K-mini/benchmark/real/5b634f213bf5ad9bbdc98767ab46dc5ad9c636086783d0aa314620b7c78319ed.mp4,-17.764995574951172,0.9999999807353799,17.764995574951172,3.6149851124503096e-07,0,0,real,5.985269322991371
/workspace/data/genbuster-mini/extracted/GenBuster-200K-mini/benchmark/real/5b384c2526ce8ab3b02379323f4a9758b6ebcf7823a1a22a7096b8b5f3dcfd6d.mp4,-15.30652904510498,0.9999997748568177,15.30652904510498,3.6713018674030018e-06,0,0,real,5.883418023586273
/workspace/data/genbuster-mini/extracted/GenBuster-200K-mini/benchmark/real/5b138557f45038b514b4d53cc9ca5255a72b89e077dae39fef5ee7c1b1d51133.mp4,-3.5168163776397705,0.9711624793708324,3.5168163776397705,0.13067775954029642,0,0,real,6.708100438117981
/workspace/data/genbuster-mini/extracted/GenBuster-200K-mini/benchmark/real/5a77d477f875393927c8684cd686415d0362172603fed68ddeec97087652962a.mp4,-32.53780746459961,0.9999999999999926,32.53780746459961,-7.882288075193999e-13,0,0,real,4.879975691437721
/workspace/data/genbuster-mini/extracted/GenBuster-200K-mini/benchmark/real/59d57ef44ee46fc38481061da723f4dc6d7ddcff072e5ccdd8ac56c5c4d1af79.mp4,-38.882476806640625,1.0,38.882476806640625,-9.99730018615623e-13,0,0,real,5.935590714216232
/workspace/data/genbuster-mini/extracted/GenBuster-200K-mini/benchmark/real/59c1ae39341de5940de1ae5ed4d99dd820fb30cc7ad5119798bd44698287004d.mp4,-23.6174373626709,0.9999999999446552,23.6174373626709,1.3604574086382582e-09,0,0,real,6.115952506661415
/workspace/data/genbuster-mini/extracted/GenBuster-200K-mini/benchmark/real/599ecc4b21e60d73553459ac494d95eed3bbeed96af69d72df577d8f71a00bec.mp4,-9.793201446533203,0.9999441732397827,9.793201446533203,0.000602551022986426,0,0,real,5.781328305602074
/workspace/data/genbuster-mini/extracted/GenBuster-200K-mini/benchmark/real/58a57d2270ded31bef64396d8d3ff8afcd6e7977491304d7e7ee83356f734cd2.mp4,-33.65970230102539,0.9999999999999976,33.65970230102539,-9.31098236748452e-13,0,0,real,6.29265233874321
/workspace/data/genbuster-mini/extracted/GenBuster-200K-mini/benchmark/real/58a4092951bdea569b527ba52854e12615289d9b4ae25df3cc4f5ea2093e93ae.mp4,-23.595678329467773,0.9999999999434377,23.595678329467773,1.389197067972519e-09,0,0,real,5.781656131148338
/workspace/data/genbuster-mini/extracted/GenBuster-200K-mini/benchmark/real/589cd21f6032690aaa668ca8f19237c2ec6c38da7a1270ba719772e0d2465c5f.mp4,-12.655653953552246,0.999996810534185,12.655653953552246,4.3554244451687174e-05,0,0,real,7.42466002702713
/workspace/data/genbuster-mini/extracted/GenBuster-200K-mini/benchmark/real/5894eca7199fa314219a3769ca57f70c2c9518c3ed1e6d4b345c7307861cbd6f.mp4,-38.96370315551758,1.0,38.96370315551758,-9.997580167947163e-13,0,0,real,5.288807675242424
/workspace/data/genbuster-mini/extracted/GenBuster-200K-mini/benchmark/real/586464c9b93d980c8b9cc8b2bf77fb6a4bdb781c9cd6366127c2b83b0f33d6c2.mp4,-26.42937660217285,0.9999999999966744,26.42937660217285,8.93443184000681e-11,0,0,real,14.403726905584335
/workspace/data/genbuster-mini/extracted/GenBuster-200K-mini/benchmark/real/57f62a7ae86509413c305d271e3573d0b6ad37031d6901f945e07c8798da8df0.mp4,-19.706735610961914,0.9999999972364111,19.706735610961914,5.7222905329593095e-08,0,0,real,11.438632383942604
/workspace/data/genbuster-mini/extracted/GenBuster-200K-mini/benchmark/real/57e339227d379183a826f379a632a21d981bd4f594278dc368b4d2ef0bba989f.mp4,-25.648723602294922,0.9999999999927406,25.648723602294922,1.915169906715167e-10,0,0,real,6.577007472515106
/workspace/data/genbuster-mini/extracted/GenBuster-200K-mini/benchmark/real/578f8716af70edf0d86fd451722f5b85cb1d27635aaea223882c53d6626162d3.mp4,-21.066545486450195,0.9999999992905602,21.066545486450195,1.565288606503494e-08,0,0,real,19.823817536234856
/workspace/data/genbuster-mini/extracted/GenBuster-200K-mini/benchmark/real/57899de84fd59dd67e095a4c9c36781b034378b490fc043dc17795ffc76048b8.mp4,-28.24015998840332,0.9999999999994562,28.24015998840332,1.4333812863967888e-11,0,0,real,7.970940321683884
/workspace/data/genbuster-mini/extracted/GenBuster-200K-mini/benchmark/real/56b4f0712e10b7b02439a743a8aff438ad324b7e086ec169cbce60143d29c15b.mp4,-12.90638542175293,0.9999975178561726,12.90638542175293,3.45176498677053e-05,0,0,real,7.168415933847427
/workspace/data/genbuster-mini/extracted/GenBuster-200K-mini/benchmark/real/56a3d61c42815ce1e0e97ba4d9b041dbc4e0441f4052d6148f3a62d78f682d02.mp4,9.719274520874023,0.9999399185180664,9.719274520874023,0.0006440601969157705,1,0,real,8.48325714468956
/workspace/data/genbuster-mini/extracted/GenBuster-200K-mini/benchmark/real/56409ce660653a10501f7474009217be25b7f16e9b26a7117edd91d10dd7d321.mp4,-17.731740951538086,0.9999999800839703,17.731740951538086,3.7305990853615345e-07,0,0,real,7.31043703854084
/workspace/data/genbuster-mini/extracted/GenBuster-200K-mini/benchmark/real/55fe4a1b4ed3c71239d077655a507f80c7b2052bd9682e85678542d6928b369d.mp4,-13.289623260498047,0.9999983080433594,13.289623260498047,2.4177422348814778e-05,0,0,real,11.296160519123077
/workspace/data/genbuster-mini/extracted/GenBuster-200K-mini/benchmark/real/55f90b043cac4ba5b1d9ffab342c73ec199f1d335000aa1486c01583c995c38a.mp4,-11.441295623779297,0.9999892575388003,11.441295623779297,0.00013365019085703926,0,0,real,11.070825159549713
/workspace/data/genbuster-mini/extracted/GenBuster-200K-mini/benchmark/real/55ec087c9326222ca3139cd25dd3c8c001e88e879b640bbf7fa57c86a77264cc.mp4,-29.138994216918945,0.9999999999997786,29.138994216918945,5.293379009891304e-12,0,0,real,11.146217584609985
/workspace/data/genbuster-mini/extracted/GenBuster-200K-mini/benchmark/real/55a18ab1b107d40ed1577ced4fbb6ab85b224865e5fdcaafb79c38aca76f8ba4.mp4,-30.86400604248047,0.9999999999999606,30.86400604248047,1.276658378863687e-13,0,0,real,12.012427672743797
/workspace/data/genbuster-mini/extracted/GenBuster-200K-mini/benchmark/real/559793d33cce9485c75b3c5163bb7d3b36e09718fb1e15d883b0e87aad9aded4.mp4,-11.68961238861084,0.9999916196493359,11.68961238861084,0.0001063434349745656,0,0,real,11.07860542833805
/workspace/data/genbuster-mini/extracted/GenBuster-200K-mini/benchmark/real/558fbdf645f66a4c41f7ad8cba711d55f42033142b5114c19085aa046aa709a4.mp4,-27.05416488647461,0.9999999999982195,27.05416488647461,4.815496638644289e-11,0,0,real,11.27745769917965
/workspace/data/genbuster-mini/extracted/GenBuster-200K-mini/benchmark/real/5570b2e3e18f5333a8e526fe9516655fad1fb409d771ce1735293361a7523df5.mp4,-19.013206481933594,0.9999999944707101,19.013206481933594,1.106568206051117e-07,0,0,real,11.011404916644096
/workspace/data/genbuster-mini/extracted/GenBuster-200K-mini/benchmark/real/54358fc3e6646c7e07a34bab10832bd743da68ad641d7e11d9ce0289eb58bf61.mp4,-15.854354858398438,0.9999998698209396,15.854354858398438,2.19408208246039e-06,0,0,real,6.148671731352806
/workspace/data/genbuster-mini/extracted/GenBuster-200K-mini/benchmark/real/541d0885dbbe3911c93c567294c68dfb2ca59a8cb4d2e5c37cb37c5e5f0fa8e1.mp4,-17.978315353393555,0.9999999844361565,17.978315353393555,2.9537353058395936e-07,0,0,real,5.1999688148498535
/workspace/data/genbuster-mini/extracted/GenBuster-200K-mini/benchmark/real/540db36a3444c10d74799843cee19ee1ae29c1d6bb70e432de6c86b749557c4c.mp4,-13.231371879577637,0.9999982065577342,13.231371879577637,2.5523143541995198e-05,0,0,real,4.866981878876686
/workspace/data/genbuster-mini/extracted/GenBuster-200K-mini/benchmark/real/53cbe736ab7b67b7870ad10945e8daa33e7b6abf3cc612e36b59b0e3e3a4dc0d.mp4,-28.0347843170166,0.9999999999993322,28.0347843170166,1.7778293702805467e-11,0,0,real,7.796155288815498
/workspace/data/genbuster-mini/extracted/GenBuster-200K-mini/benchmark/real/53a391412acee385cccbd21ad38852f31ad88cd11a23532d3834049fdf887ba3.mp4,-13.884227752685547,0.9999990664102256,13.884227752685547,1.3895761286368968e-05,0,0,real,10.936364531517029
/workspace/data/genbuster-mini/extracted/GenBuster-200K-mini/benchmark/real/536428bfea9b961e0e777a884a6487cb70f3a9d87eb76f032ca79ea4e6b8dbb3.mp4,-12.756867408752441,0.9999971175509472,12.756867408752441,3.965347149479094e-05,0,0,real,9.894317016005516
/workspace/data/genbuster-mini/extracted/GenBuster-200K-mini/benchmark/real/53630ce79d238304d144406b33f9a3873dc106fbeceddce4bcea8e8deae80914.mp4,-37.239288330078125,0.9999999999999999,37.239288330078125,-9.980108539747684e-13,0,0,real,12.167911976575851
/workspace/data/genbuster-mini/extracted/GenBuster-200K-mini/benchmark/real/533720df799c02a5409a878a9c6cbba91f4c282c18087310617536abadb064b2.mp4,-37.79557800292969,1.0,37.79557800292969,-9.990247934396559e-13,0,0,real,10.792840272188187
/workspace/data/genbuster-mini/extracted/GenBuster-200K-mini/benchmark/real/52fefcf478488970b2ef9a1fb713f2718c054828885e07732760605a1b658d41.mp4,-34.59870529174805,0.9999999999999991,34.59870529174805,-9.731778427745607e-13,0,0,real,7.835768163204193
/workspace/data/genbuster-mini/extracted/GenBuster-200K-mini/benchmark/real/527fb1f96e07467405801e7b8faf7573b4c4cbb6631cdf38aebf17a92b204c0e.mp4,-31.881874084472656,0.9999999999999858,31.881874084472656,-5.922804494627161e-13,0,0,real,5.846057087182999
/workspace/data/genbuster-mini/extracted/GenBuster-200K-mini/benchmark/real/51e6d06c2ef9adcdef864724d58e7fc180b67e9b7e6a5c983ccb6b6ccb31b958.mp4,-41.070648193359375,1.0,41.070648193359375,-1.000048662151786e-12,0,0,real,9.352058172225952
/workspace/data/genbuster-mini/extracted/GenBuster-200K-mini/benchmark/real/5192a267fe658c3912fc67e8aefe7c7aaf46513a633eb58adb891c24e044b26e.mp4,-33.332374572753906,0.9999999999999967,33.332374572753906,-9.04441980443082e-13,0,0,real,11.37625053524971
/workspace/data/genbuster-mini/extracted/GenBuster-200K-mini/benchmark/real/518aa5b7dcc76612364aae4c17a7cc61d9ba2cf61bd9abc945a5e6f0990989f5.mp4,-28.249523162841797,0.9999999999994612,28.249523162841797,1.4192864885586605e-11,0,0,real,11.671684682369232
/workspace/data/genbuster-mini/extracted/GenBuster-200K-mini/benchmark/real/517a385478f0935ddcd52dc148ce10d95ea439f16481f1e3e443df78f70beaaf.mp4,-35.94266891479492,0.9999999999999998,35.94266891479492,-9.930796614069736e-13,0,0,real,11.50750182569027
/workspace/data/genbuster-mini/extracted/GenBuster-200K-mini/benchmark/real/516f17e2fb50475a4942a7e304737acc648592a629b309e259430de02bba46e4.mp4,-29.60980987548828,0.9999999999998618,29.60980987548828,2.9399633841165916e-12,0,0,real,7.99928791821003
/workspace/data/genbuster-mini/extracted/GenBuster-200K-mini/benchmark/real/516dcd0bd1b8d42590295e76f75e45285a55592e59cbc1153ec85973a981f747.mp4,-15.685863494873047,0.9999998459307449,15.685863494873047,2.5707765683924072e-06,0,0,real,8.490318432450294
/workspace/data/genbuster-mini/extracted/GenBuster-200K-mini/benchmark/real/51447a4a06ff8edf6c01a5931901a9958ba4a787bdcd9a484d9425baeaedc69a.mp4,-3.217200756072998,0.9614764675498009,3.217200756072998,0.16322312850972956,0,0,real,11.084524914622307
/workspace/data/genbuster-mini/extracted/GenBuster-200K-mini/benchmark/real/5139a2f32188bb37dc4e95465209fb71d3941a396b3ba73a814515ddae99b2c9.mp4,-33.2072639465332,0.9999999999999962,33.2072639465332,-8.916962367020488e-13,0,0,real,8.782461285591125
/workspace/data/genbuster-mini/extracted/GenBuster-200K-mini/benchmark/real/50fc4e70d6f0d57a361f024f2d639edd648f39f1d353dc7474b8bb3c925893b5.mp4,-29.835718154907227,0.9999999999998898,29.835718154907227,2.1459873428151826e-12,0,0,real,10.96121221780777
/workspace/data/genbuster-mini/extracted/GenBuster-200K-mini/benchmark/real/50f7fcd889e08d47a237fcbd02d6173380965515c48b321a5bac321fd281a402.mp4,-21.929800033569336,0.9999999997007675,21.929800033569336,6.859344330602626e-09,0,0,real,11.11297495663166
/workspace/data/genbuster-mini/extracted/GenBuster-200K-mini/benchmark/real/50e3284c77244dbad7ec96ed369ad031b53f3df477970bedb9e98764337424b1.mp4,-23.620317459106445,0.9999999999448144,23.620317459106445,1.356698030838295e-09,0,0,real,11.10912673175335
/workspace/data/genbuster-mini/extracted/GenBuster-200K-mini/benchmark/real/50bebe92a9660b8e2fa617ff6693d10d9dd5fbdee8852c67218790ecf2655932.mp4,-11.773850440979004,0.9999922966726444,11.773850440979004,9.840117962463877e-05,0,0,real,8.628707379102707
/workspace/data/genbuster-mini/extracted/GenBuster-200K-mini/benchmark/real/506e3a71eed8e76ddcaf677c0251f346d588bc0885bc509d99699dfa8d1ad545.mp4,-15.244227409362793,0.9999997603838722,15.244227409362793,3.892376903127984e-06,0,0,real,10.849082842469215
/workspace/data/genbuster-mini/extracted/GenBuster-200K-mini/benchmark/real/506c8eb1563a81e1d0ff438a901496f3d3e6e92309fe661310890081abc146f5.mp4,-26.096534729003906,0.999999999995361,26.096534729003906,1.237937210215585e-10,0,0,real,6.751172244548798
/workspace/data/genbuster-mini/extracted/GenBuster-200K-mini/benchmark/real/4fab469ca798ff9e7ef5c727b5aaa3f77912c2b4818e766006cb5bab36c4830e.mp4,-22.346330642700195,0.9999999998027069,22.346330642700195,4.604072736016231e-09,0,0,real,8.26120376586914
/workspace/data/genbuster-mini/extracted/GenBuster-200K-mini/benchmark/real/4f9b6152b0f7c0b80373fbf276ea26a5e673e6f7e3edd2e0d63f5c385cf770ca.mp4,-25.258981704711914,0.9999999999892808,25.258981704711914,2.795200195162072e-10,0,0,real,12.392004951834679
/workspace/data/genbuster-mini/extracted/GenBuster-200K-mini/benchmark/real/4f9063ec15e3aeeb4c366b053282f778c0c9f02f90ad9ecac7e485d93b207aca.mp4,-23.358970642089844,0.9999999999283316,23.358970642089844,1.7437762585548076e-09,0,0,real,11.335169896483421
/workspace/data/genbuster-mini/extracted/GenBuster-200K-mini/benchmark/real/4f06d31c1e99ae7f64f4678822ecc9127290603ca29fbf8fc63325c8b10093cc.mp4,-25.62015724182129,0.9999999999925302,25.62015724182129,1.9690795594572457e-10,0,0,real,12.003500014543533
/workspace/data/genbuster-mini/extracted/GenBuster-200K-mini/benchmark/real/4ee9268e9c2e8c0c656aade80fdc2b0f42c45c2a2d39378d54a997b9cf94574c.mp4,-28.53910255432129,0.9999999999995967,28.53910255432129,1.0410232968407954e-11,0,0,real,8.899722248315811
/workspace/data/genbuster-mini/extracted/GenBuster-200K-mini/benchmark/real/4ec147eec3afbaefe6dffbe9d598fdd640a2292b6e50965246a88829e1c6be20.mp4,-15.540231704711914,0.9999998217772799,15.540231704711914,2.947843092959141e-06,0,0,real,10.935476049780846
/workspace/data/genbuster-mini/extracted/GenBuster-200K-mini/benchmark/real/4ea31e9fa1df7e4ea5186831984012b11a6c1b6baffe246aa58f9aa3b685ae4b.mp4,-8.069252967834473,0.9996870809409302,8.069252967834473,0.002837991092016834,0,0,real,10.968822985887527
/workspace/data/genbuster-mini/extracted/GenBuster-200K-mini/benchmark/real/4e954e2e7e64dfcc777763c5824a46d61b08e213ef430ef7b6233ced1183fad9.mp4,-20.377710342407227,0.9999999985872255,20.377710342407227,3.019988344710245e-08,0,0,real,8.542219176888466
/workspace/data/genbuster-mini/extracted/GenBuster-200K-mini/benchmark/real/4e68363062d51c25b56d88cd5e190978b3d5e44611dea3e1d37051b8d3fdcb4d.mp4,-26.347021102905273,0.999999999996389,26.347021102905273,9.686881911892568e-11,0,0,real,11.356038972735405
/workspace/data/genbuster-mini/extracted/GenBuster-200K-mini/benchmark/real/4e4c5bfc2ac9599bd4b77d5f0b2b9ab7ee0a13923239a218278dcf581f8c6712.mp4,-10.483607292175293,0.9999720092182542,10.483607292175293,0.00032143553629447477,0,0,real,10.931193828582764
/workspace/data/genbuster-mini/extracted/GenBuster-200K-mini/benchmark/real/4e3b3248084abfdc840702e63ac52a527b90ca13d5fb6e37f4a353cbba0122ba.mp4,-18.862548828125,0.9999999935716559,18.862548828125,1.2768129845739256e-07,0,0,real,11.962147429585457
/workspace/data/genbuster-mini/extracted/GenBuster-200K-mini/benchmark/real/4e03a2d0f1874e2309e160e870c7e04d7c4a100b54e4a9f8f9251c43f3a5606e.mp4,-4.523697376251221,0.9892675969749689,4.523697376251221,0.0593405541509113,0,0,real,11.009564623236656
/workspace/data/genbuster-mini/extracted/GenBuster-200K-mini/benchmark/real/4dedb36e0049cf6aef63af724129a9d53df0cf47ed6a6bb82c6ead2fb4a1a7b3.mp4,-26.711017608642578,0.9999999999974907,26.711017608642578,6.769362634858349e-11,0,0,real,10.995954275131226
/workspace/data/genbuster-mini/extracted/GenBuster-200K-mini/benchmark/real/4dec05b44c775e49143b068383cd0ed91fcaecf99416627551c809ad5dfc05f0.mp4,-38.995140075683594,1.0,38.995140075683594,-9.99768256958768e-13,0,0,real,7.191076874732971
/workspace/data/genbuster-mini/extracted/GenBuster-200K-mini/benchmark/real/4db937b8ef537b959c7cf6e150a4ac9c818a084d22b6872b23378c274ed2e153.mp4,-25.415315628051758,0.9999999999908321,25.415315628051758,2.402232130008062e-10,0,0,real,5.502279847860336
/workspace/data/genbuster-mini/extracted/GenBuster-200K-mini/benchmark/real/4d9745b53a306896c6dfa43aa772b2cef284767751679e069bfa7f4f5881152c.mp4,-15.073447227478027,0.9999997157601968,15.073447227478027,4.568711536583926e-06,0,0,real,11.365130543708801
/workspace/data/genbuster-mini/extracted/GenBuster-200K-mini/benchmark/real/4d973be77026f6c3601f3d0791f04a0520220ce79ec630b1773ac2ea86d40eb5.mp4,-28.92443084716797,0.9999999999997257,28.92443084716797,6.787975694609808e-12,0,0,real,6.186630576848984
/workspace/data/genbuster-mini/extracted/GenBuster-200K-mini/benchmark/real/4d7448e81de56fb9a5f97607c0dad4f7340297a5e220f3e593337252577e0d32.mp4,-17.816007614135742,0.999999981693465,17.816007614135742,3.4445390327112795e-07,0,0,real,9.540922939777374
/workspace/data/genbuster-mini/extracted/GenBuster-200K-mini/benchmark/real/4d106b7874516b74c406f281e4659d48c2aac1c3411f4cb47f2f01366908d89f.mp4,-9.496691703796387,0.9999249057727866,9.496691703796387,0.0007882437747109149,0,0,real,11.029614135622978
/workspace/data/genbuster-mini/extracted/GenBuster-200K-mini/benchmark/real/4cea7c80eb4fad37315f08519f52415a3f5392d97c3ac1501d0f3aa7fdc8a16e.mp4,-10.220831871032715,0.9999635973254044,10.220831871032715,0.00040846895311511466,0,0,real,4.83311153948307
/workspace/data/genbuster-mini/extracted/GenBuster-200K-mini/benchmark/real/4cb623fa370be3d2ff5d7199c1e22a4990e32bc65536c4d660dfb5aba4d07e7c.mp4,-14.67132568359375,0.9999995750635264,14.67132568359375,6.659315981336852e-06,0,0,real,5.126286298036575
/workspace/data/genbuster-mini/extracted/GenBuster-200K-mini/benchmark/real/4ba8e3dd434195a6fbb6871f9102eb0a2f49da5c24292799bd0cd354257961f9.mp4,-36.544189453125,0.9999999999999999,36.544189453125,-9.961476093637142e-13,0,0,real,11.447880417108536
/workspace/data/genbuster-mini/extracted/GenBuster-200K-mini/benchmark/real/4b2baf4e4cce1526d1c7f357b8bd401fb4173dcc53df5e98a6cf2edcd504d681.mp4,-14.399860382080078,0.9999994425321574,14.399860382080078,8.584925141309846e-06,0,0,real,10.91555505990982
/workspace/data/genbuster-mini/extracted/GenBuster-200K-mini/benchmark/real/4b291ab13bbde956f9cfe7cf6d0ffda7de8ea8778ad877f19834cc344b0cbc74.mp4,-35.10974884033203,0.9999999999999994,35.10974884033203,-9.838122292621195e-13,0,0,real,11.682264506816864
/workspace/data/genbuster-mini/extracted/GenBuster-200K-mini/benchmark/real/4b17d1e578c451b9b6415602ca2dfbfb78cc0072e6a4418122ea5c22b30d9b0d.mp4,-7.459306716918945,0.9994242762331851,7.459306716918945,0.004870389705216421,0,0,real,11.394580826163292
/workspace/data/genbuster-mini/extracted/GenBuster-200K-mini/benchmark/real/4ab97bf15dc58bf5a4fd4fba90a526df06bdb46eb02e9ac87ad8ef9addfcf145.mp4,-25.398786544799805,0.9999999999906793,25.398786544799805,2.441045011736507e-10,0,0,real,11.222286149859428
/workspace/data/genbuster-mini/extracted/GenBuster-200K-mini/benchmark/real/4a85b87f9cdb104d94c4d3f669e9f9344380334cd6fc95cf2b8e231840be0cf5.mp4,-7.452413082122803,0.9994202959933318,7.452413082122803,0.004900065800067342,0,0,real,10.959412902593613
/workspace/data/genbuster-mini/extracted/GenBuster-200K-mini/benchmark/real/4a423be3de161d023475d307cf01a34835667ae92d4fdcb9fa507afe0ba2f23b.mp4,-14.793538093566895,0.9999996239480424,14.793538093566895,5.9391890060477125e-06,0,0,real,7.980870082974434
/workspace/data/genbuster-mini/extracted/GenBuster-200K-mini/benchmark/real/49edee64675b96506da683b2bd7640821e69d4bb5662c54b736e0e8b08e8c4a3.mp4,-25.185449600219727,0.9999999999884629,25.185449600219727,3.001462183702685e-10,0,0,real,8.677899837493896
/workspace/data/genbuster-mini/extracted/GenBuster-200K-mini/benchmark/real/49ac17fd8fd03503032ec7cd9faabf532c905fb1e5c150257ca60182d2bddb1f.mp4,-23.568283081054688,0.9999999999418667,23.568283081054688,1.4262429029560186e-09,0,0,real,11.461973190307617
/workspace/data/genbuster-mini/extracted/GenBuster-200K-mini/benchmark/real/498b76398e3efb0f04caaa643595c5335c1f11a21065a66d43faff6704da23e3.mp4,-12.086718559265137,0.9999943661873658,12.086718559265137,7.372813396015612e-05,0,0,real,11.019406840205193
/workspace/data/genbuster-mini/extracted/GenBuster-200K-mini/benchmark/real/48beda5b988bb36a2d8c310c8902d88a046e9ce68de29334a33bfcbfee24da9b.mp4,-20.887577056884766,0.999999999151522,20.887577056884766,1.85691260811406e-08,0,0,real,11.08018308877945
/workspace/data/genbuster-mini/extracted/GenBuster-200K-mini/benchmark/real/4842b20a5ceaed400c17915cf1163b895d762fdab4401a1ec48bb89c82e1175f.mp4,-27.69566535949707,0.9999999999990626,27.69566535949707,2.5218779185401497e-11,0,0,real,11.872047558426857
/workspace/data/genbuster-mini/extracted/GenBuster-200K-mini/benchmark/real/48423dffde828f6d0b3e02bc53d57128c12f99f482b601d223912d0125a7cb2e.mp4,-35.40061950683594,0.9999999999999996,35.40061950683594,-9.879741194972212e-13,0,0,real,11.207617819309235
/workspace/data/genbuster-mini/extracted/GenBuster-200K-mini/benchmark/real/4840050212559552f80c44c9644c6bda8dabb2702591346ade8026446dbf6684.mp4,-2.2228035926818848,0.9022786766290665,2.2228035926818848,0.32004716557001966,0,0,real,7.181338965892792
/workspace/data/genbuster-mini/extracted/GenBuster-200K-mini/benchmark/real/47c6400a0b595c3b027ad94be029332676f48268168ed8a4c2bc5480acc3b017.mp4,-28.479686737060547,0.999999999999572,28.479686737060547,1.1101217032192413e-11,0,0,real,10.852953419089317
/workspace/data/genbuster-mini/extracted/GenBuster-200K-mini/benchmark/real/47b6e5104b5334411b5a267ee8b05eea0642be8272d80162bd552dc1b5110a31.mp4,-13.451221466064453,0.9999985605118127,13.451221466064453,2.0802361668323875e-05,0,0,real,10.830331593751907
/workspace/data/genbuster-mini/extracted/GenBuster-200K-mini/benchmark/real/47a14fc2ae4ea5447a514fddeeb3ef075f597f1b154f1081a86868359cf54330.mp4,-4.1182541847229,0.9839876666665077,4.1182541847229,0.08208477335448326,0,0,real,11.017845943570137
/workspace/data/genbuster-mini/extracted/GenBuster-200K-mini/benchmark/real/46b2e1d5c9497fc0cba8dfea98930424f01cb9b5f0aed2f3170ca951113a6ac2.mp4,-16.171491622924805,0.9999999051995587,16.171491622924805,1.627862992952143e-06,0,0,real,10.862743481993675
/workspace/data/genbuster-mini/extracted/GenBuster-200K-mini/benchmark/real/46b15e139b00f856ef5a70d125db1b1a7e0aef31955de97a184a91681efc40c3.mp4,-29.7633056640625,0.9999999999998814,29.7633056640625,2.3813006523396407e-12,0,0,real,10.741932317614555
/workspace/data/genbuster-mini/extracted/GenBuster-200K-mini/benchmark/real/463dd6774d6018e6d52cbfa24132d8a680043767b1747d5e8f419b4f4078df65.mp4,-16.142045974731445,0.9999999023665822,16.142045974731445,1.6736345348917638e-06,0,0,real,9.212788194417953
/workspace/data/genbuster-mini/extracted/GenBuster-200K-mini/benchmark/real/45b5e0289beac97074f1f3127031f7c9c024d99d5c9762c37c19b02ccecb5661.mp4,-19.85280990600586,0.9999999976120004,19.85280990600586,4.979450123190548e-08,0,0,real,11.339807882905006
/workspace/data/genbuster-mini/extracted/GenBuster-200K-mini/benchmark/real/459e81c55969c6411b6053a8bac69a4f3bac62b84a0e6c5cc508fc9e83714076.mp4,-23.83162498474121,0.9999999999553258,23.83162498474121,1.107343945896858e-09,0,0,real,11.375699192285538
/workspace/data/genbuster-mini/extracted/GenBuster-200K-mini/benchmark/real/454f49fdfb54b6b9a591d04fdfdc73c05376440001fc22b44f9346e36b1b1828.mp4,-17.357677459716797,0.9999999710494745,17.357677459716797,5.314624102206468e-07,0,0,real,8.751209825277328
/workspace/data/genbuster-mini/extracted/GenBuster-200K-mini/benchmark/real/450909ce40ac8333fe969b570602a5c953e02a621d617dcafff5ef8839729875.mp4,-11.36303424835205,0.9999883830569161,11.36303424835205,0.00014362073125965684,0,0,real,11.056685820221901
/workspace/data/genbuster-mini/extracted/GenBuster-200K-mini/benchmark/real/44da4bcc1934b80733cf98f7194b69812e482fa2d542a0fe5115ea19041b617d.mp4,-22.55478858947754,0.9999999998398306,22.55478858947754,3.77076151684318e-09,0,0,real,10.986613109707832
/workspace/data/genbuster-mini/extracted/GenBuster-200K-mini/benchmark/real/444ab1f0fda68150a1b4b852547d40a148ade93d173bf86c84fbad5571e29ba0.mp4,-21.45001792907715,0.9999999995165233,21.45001792907715,1.0852061735559279e-08,0,0,real,11.019185185432434
/workspace/data/genbuster-mini/extracted/GenBuster-200K-mini/benchmark/real/43d09f1f1805c009e67b890f50d6ec6ab1179c6f00412f061269b018f42d99a5.mp4,-23.670480728149414,0.9999999999475143,23.670480728149414,1.2928565241241687e-09,0,0,real,11.603273451328278
/workspace/data/genbuster-mini/extracted/GenBuster-200K-mini/benchmark/real/43b0f816e5f16daf02ffc1709830ec3451a512f125c438bd1acbfef196619cc5.mp4,-36.2866096496582,0.9999999999999998,36.2866096496582,-9.950549198279406e-13,0,0,real,21.380089223384857
/workspace/data/genbuster-mini/extracted/GenBuster-200K-mini/benchmark/real/433b7f777d4bb8174a71ca3c3446aec95cf6491bd7f0bfa16c0a21e771ecfe93.mp4,-19.646013259887695,0.9999999970633997,19.646013259887695,6.06270889219215e-08,0,0,real,10.717950761318207
/workspace/data/genbuster-mini/extracted/GenBuster-200K-mini/benchmark/real/42f66de4f8a8ba654f78dd138b45079e7a6a8beec702f7600125f13426f7f750.mp4,-29.228742599487305,0.9999999999997976,29.228742599487305,4.756456991288448e-12,0,0,real,9.092405438423157
/workspace/data/genbuster-mini/extracted/GenBuster-200K-mini/benchmark/real/42f04b0a3075fd9c89621adf57a54e224ad3ad846ab46ff1bed6d7bbc17fca4c.mp4,-27.649045944213867,0.9999999999990179,27.649045944213867,2.6447500007359902e-11,0,0,real,11.256247758865356
/workspace/data/genbuster-mini/extracted/GenBuster-200K-mini/benchmark/real/42ea64077e3ab3565b0ac3edd6d197a9c4d86cda0a7f64fa5eeeb4d2347ef325.mp4,-25.975208282470703,0.9999999999947626,25.975208282470703,1.3936310129572875e-10,0,0,real,7.641954347491264
/workspace/data/genbuster-mini/extracted/GenBuster-200K-mini/benchmark/real/42e372d2b3aaa90cade5e465bf54e13f3b08a1d02527add7ce4b60be25cc5120.mp4,-21.00925064086914,0.999999999248726,21.00925064086914,1.653297938792664e-08,0,0,real,9.050624445080757
/workspace/data/genbuster-mini/extracted/GenBuster-200K-mini/benchmark/real/4290698b7797b61d80fdccf7e0830c0a490c7936ce8a1ff3a27e61c28d31a318.mp4,-11.173012733459473,0.9999859519484744,11.173012733459473,0.00017100720778276906,0,0,real,12.259241193532944
/workspace/data/genbuster-mini/extracted/GenBuster-200K-mini/benchmark/real/427472a2af89df954ed886f328d9ffb7333d85d09226595ad97480bfc809d929.mp4,-18.492700576782227,0.9999999906948753,18.492700576782227,1.8138000880841648e-07,0,0,real,11.262970045208931
/workspace/data/genbuster-mini/extracted/GenBuster-200K-mini/benchmark/real/4267a4dbb1c58591dbe92ef49f833007684fe36c8d4e4501b4ae9317ff7200a6.mp4,-12.798890113830566,0.9999972361692926,12.798890113830566,3.813779811436603e-05,0,0,real,8.92966240644455
/workspace/data/genbuster-mini/extracted/GenBuster-200K-mini/benchmark/real/42444456e69b4f86cf198ab07ce3cc03408008349bea0f1ed89c2fc1e2c4686f.mp4,-10.771869659423828,0.9999790189449413,10.771869659423828,0.0002469864641349767,0,0,real,8.627587929368019
/workspace/data/genbuster-mini/extracted/GenBuster-200K-mini/benchmark/real/4222cdfd1bcd83828e0e935e4311397a602804226aa96314c4761a1618439ebe.mp4,-18.630779266357422,0.9999999918949554,18.630779266357422,1.5910634148981074e-07,0,0,real,9.922778233885765
/workspace/data/genbuster-mini/extracted/GenBuster-200K-mini/benchmark/real/41c1accfb10045707a9a26d2ae3c048b43f61515ae3b9321c5b583bd478f2052.mp4,-20.392837524414062,0.9999999986084359,20.392837524414062,2.976750471979868e-08,0,0,real,11.640593409538269
/workspace/data/genbuster-mini/extracted/GenBuster-200K-mini/benchmark/real/41b0a3615d9b2d25b7283e5c8154700113d6a7a4e894a87b297f26a4b04319fc.mp4,-31.544137954711914,0.99999999999998,31.544137954711914,-4.28483825592604e-13,0,0,real,11.253219097852707
/workspace/data/genbuster-mini/extracted/GenBuster-200K-mini/benchmark/real/4101bff79071683cf1db10d3383db8f865e867f112884daa5c5bbd8c5970d54e.mp4,-11.646624565124512,0.9999912515440883,11.646624565124512,0.00011063847394210718,0,0,real,4.9857646226882935
/workspace/data/genbuster-mini/extracted/GenBuster-200K-mini/benchmark/real/40fddaf0b9b53c1f2347ab891b9057e20b4bd8875fd92d6f9ae4753515bcb184.mp4,-5.6624369621276855,0.9965379869099706,5.6624369621276855,0.023071450812448442,0,0,real,11.234669014811516
/workspace/data/genbuster-mini/extracted/GenBuster-200K-mini/benchmark/real/40d629c71c83ac55824837789605fb23ff64ff89ba2d8c0ac6d70c01fc08c398.mp4,-22.02662467956543,0.999999999728382,22.02662467956543,6.252445860708202e-09,0,0,real,10.912453755736351
/workspace/data/genbuster-mini/extracted/GenBuster-200K-mini/benchmark/real/409b8119407f42de8e65bf5da7725c9fd52cd8f26ba4683a1fc9af8641f8b239.mp4,7.537977695465088,0.9994677901268005,7.537977695465088,0.004544117794461631,1,0,real,8.9951753616333
/workspace/data/genbuster-mini/extracted/GenBuster-200K-mini/benchmark/real/403e84ab98be591ecd5a9095732dfa534f76489d661e6fbd29bb7a738df3d88a.mp4,-41.716922760009766,1.0,41.716922760009766,-1.0000678158754474e-12,0,0,real,31.109046190977097
/workspace/data/genbuster-mini/extracted/GenBuster-200K-mini/benchmark/real/402e0c602e2795ffd650c4d0f8c70d5884e3b8151f078e68e026006d7e2ec576.mp4,-29.56818199157715,0.9999999999998559,29.56818199157715,3.106591964545033e-12,0,0,real,11.133028194308281
/workspace/data/genbuster-mini/extracted/GenBuster-200K-mini/benchmark/real/3ff464eb855dc6af55490b08796471c066a3b2238c5a24cf8a3cba254d277555.mp4,-15.975926399230957,0.9999998847228397,15.975926399230957,1.95693459530265e-06,0,0,real,11.46627962589264
/workspace/data/genbuster-mini/extracted/GenBuster-200K-mini/benchmark/real/3fea13c27724d9aa7d6397311994994a3421a24f77a6d9a1ee7c35c86e00e6ad.mp4,-24.855180740356445,0.9999999999839478,24.855180740356445,4.1306021520895714e-10,0,0,real,10.941443964838982
/workspace/data/genbuster-mini/extracted/GenBuster-200K-mini/benchmark/real/3f218fabf96bdb09748d65e5e724a7bdb24b3818750a3acb0bb8bc8feb5cfd30.mp4,-32.29362487792969,0.9999999999999906,32.29362487792969,-7.297418729488958e-13,0,0,real,8.46833735704422
/workspace/data/genbuster-mini/extracted/GenBuster-200K-mini/benchmark/real/3ee70a7359f981bde8e8bfc6734ff65acf8131db556559f608e3b5a64f52ade6.mp4,-30.47016716003418,0.9999999999999415,30.47016716003418,6.709476210510292e-13,0,0,real,10.976424440741539
/workspace/data/genbuster-mini/extracted/GenBuster-200K-mini/benchmark/real/3e9f431ab5f42306d61ad52d26b8407a12ba92d3bca981a65c4fac5c6440896a.mp4,-19.55375862121582,0.999999996779595,19.55375862121582,6.618942853789984e-08,0,0,real,10.899672284722328
/workspace/data/genbuster-mini/extracted/GenBuster-200K-mini/benchmark/real/3e6db909bb1fe7170764527ce2fbd5d6665976d506356347a6e7c8a51e598372.mp4,-14.715914726257324,0.9999995935947652,14.715914726257324,6.387028067417935e-06,0,0,real,8.373744785785675
/workspace/data/genbuster-mini/extracted/GenBuster-200K-mini/benchmark/real/3e2f2b68e9b6c69f6222e1917d1dd8c07809bc3dd0704cae30822a1e1487b5fe.mp4,-33.142555236816406,0.999999999999996,33.142555236816406,-8.844816967852395e-13,0,0,real,11.169416829943657
/workspace/data/genbuster-mini/extracted/GenBuster-200K-mini/benchmark/real/3e2c888ab73704535dec096404dd65670e60a8884bb164494fc22c94dddb9f89.mp4,-24.0205135345459,0.9999999999630151,24.0205135345459,9.233925656953491e-10,0,0,real,10.985143482685089
/workspace/data/genbuster-mini/extracted/GenBuster-200K-mini/benchmark/real/3def97f450e4a6b55e4a4863b3d5c9c3fc962d7464aa545baeb1dc354e383484.mp4,-21.768123626708984,0.9999999996482581,21.768123626708984,8.006502948187341e-09,0,0,real,10.146290063858032
/workspace/data/genbuster-mini/extracted/GenBuster-200K-mini/benchmark/real/3d85a0eb4ab71b70bb479f936f68e63ce05f525ca45d684e1fa196c22934d0e8.mp4,-20.347299575805664,0.9999999985436021,20.347299575805664,3.108816255326632e-08,0,0,real,13.433059677481651
/workspace/data/genbuster-mini/extracted/GenBuster-200K-mini/benchmark/real/3d551ef44cc6fb90bd23a506523a690bae176ccc85d2277da9a7e184ad4dcb26.mp4,-0.6493695974349976,0.6568683683872223,0.6493695974349976,0.6430908514527955,0,0,real,5.080794915556908
/workspace/data/genbuster-mini/extracted/GenBuster-200K-mini/benchmark/real/3d51d8d6341c676fff4ba3d709ab12343bbe6f367f36fb705bc074f4157107ba.mp4,-21.54097557067871,0.9999999995585585,21.54097557067871,9.94852317299054e-09,0,0,real,10.944362729787827
/workspace/data/genbuster-mini/extracted/GenBuster-200K-mini/benchmark/real/3d336cdeb15d50494fd7584d21db26d481b69db63fe58292d927b6aac8eb68d3.mp4,-13.775365829467773,0.9999989590395444,13.775365829467773,1.5380569968354403e-05,0,0,real,11.06729544699192
/workspace/data/genbuster-mini/extracted/GenBuster-200K-mini/benchmark/real/3d259358f50f0c2d7a7347a79408199487583514350e85885dcb60d63992b3e2.mp4,-4.984275817871094,0.9932017987594008,4.984275817871094,0.04070552427460525,0,0,real,11.202137917280197
/workspace/data/genbuster-mini/extracted/GenBuster-200K-mini/benchmark/real/3d17140ad4245f9fa7f7fd63ef3e7551df5336952b1b815238b3ef2a04670730.mp4,-39.078216552734375,1.0,39.078216552734375,-9.997938184123416e-13,0,0,real,10.895773768424988
/workspace/data/genbuster-mini/extracted/GenBuster-200K-mini/benchmark/real/3ce4312a5080b25f5837a25dbd617f3265f986eb0ad9939c6c2624558c0fa6f6.mp4,-13.497054100036621,0.9999986249980566,13.497054100036621,1.9933476422008578e-05,0,0,real,8.399495854973793
/workspace/data/genbuster-mini/extracted/GenBuster-200K-mini/benchmark/real/3cdfed4e13eccee7ec0bf85bca9e2b672ad5e436593a2174020dddb8f247c9dc.mp4,-23.546663284301758,0.9999999999405962,23.546663284301758,1.4561728197108637e-09,0,0,real,11.117525398731232
/workspace/data/genbuster-mini/extracted/GenBuster-200K-mini/benchmark/real/3cb5e2cbebfa75d8d31ce2d7782e2e364917a476579d1ededa077dd9a33f4a4a.mp4,-18.27191734313965,0.9999999883960164,18.27191734313965,2.2362901238200298e-07,0,0,real,10.809902101755142
/workspace/data/genbuster-mini/extracted/GenBuster-200K-mini/benchmark/real/3c07998dc8fb06340b07409473e6cc287a17fbaa4f86f6866e627e3a8d26694a.mp4,-13.343892097473145,0.999998397416789,13.343892097473145,2.2987279978275636e-05,0,0,real,10.763432830572128
/workspace/data/genbuster-mini/extracted/GenBuster-200K-mini/benchmark/real/3bb205d5556d746327ad112078f30ada39483142f2c27e65e5173995f783f0ad.mp4,-22.270578384399414,0.9999999997871809,22.270578384399414,4.95042704430353e-09,0,0,real,10.760240256786346
/workspace/data/genbuster-mini/extracted/GenBuster-200K-mini/benchmark/real/3aecf24d9bb9fbf58c7f24cf7c0ff547fc953dba9bc915a37dfa73d4d11d6954.mp4,-13.492820739746094,0.9999986191650123,13.492820739746094,2.001219298067497e-05,0,0,real,10.863153263926506
/workspace/data/genbuster-mini/extracted/GenBuster-200K-mini/benchmark/real/3ae9b49bc38d35b0203be58bce1c0f7f0bfff4b17293794ab9fddee2620ec55c.mp4,-20.288314819335938,0.9999999984551124,20.288314819335938,3.288605272886689e-08,0,0,real,11.723944917321205
/workspace/data/genbuster-mini/extracted/GenBuster-200K-mini/benchmark/real/3ae22e39f7d8c3a8a9c3227e46f1f95dd65b6f355e217cc008ebbfd98ed53744.mp4,-26.06654167175293,0.9999999999952198,26.06654167175293,1.274750838197095e-10,0,0,real,8.423235267400742
/workspace/data/genbuster-mini/extracted/GenBuster-200K-mini/benchmark/real/3ad77608e7db7aee6950e31b819aff6d609dd93b2150defb8c1ccb545bf03097.mp4,-35.10520553588867,0.9999999999999994,35.10520553588867,-9.837411442799389e-13,0,0,real,11.34234108030796
/workspace/data/genbuster-mini/extracted/GenBuster-200K-mini/benchmark/real/3ad65cb7f82dbeba1669fb85a1d13b9253a404774ab1602558e793e28762c6ca.mp4,-33.138633728027344,0.9999999999999959,33.138633728027344,-8.838211704191905e-13,0,0,real,11.034363880753517
/workspace/data/genbuster-mini/extracted/GenBuster-200K-mini/benchmark/real/3a8dc9632525a4213fd4490a3927c2b01ddb2670fff5dd9dab8a547ecdf85b95.mp4,-13.418560028076172,0.9999985127199125,13.418560028076172,2.1444436379322736e-05,0,0,real,6.5689291805028915
/workspace/data/genbuster-mini/extracted/GenBuster-200K-mini/benchmark/real/39c597d126d300a9a45bc11a1290e51fa92ab933db353d50781ccac2c0ac6acc.mp4,-27.89617347717285,0.999999999999233,27.89617347717285,2.0525800271180027e-11,0,0,real,11.886164546012878
/workspace/data/genbuster-mini/extracted/GenBuster-200K-mini/benchmark/real/391cbe62a40a123f7997d13501bb9e3d5ac4ffe13b965c584325715b7f7e99f8.mp4,-24.328683853149414,0.999999999972824,24.328683853149414,6.863523415265489e-10,0,0,real,8.659938350319862
/workspace/data/genbuster-mini/extracted/GenBuster-200K-mini/benchmark/real/38b9c3e5f301fbe2e410a0f6e72efefbdce83e9a5ec4e6f0a5aba1cf7e124680.mp4,-24.02071762084961,0.9999999999630227,24.02071762084961,9.232112243235745e-10,0,0,real,35.32814793288708
/workspace/data/genbuster-mini/extracted/GenBuster-200K-mini/benchmark/real/388d2492913e682f6f7d61ff1b87c03efdf15614dcdd5e7204d7c75030d549c1.mp4,-29.454673767089844,0.9999999999998386,29.454673767089844,3.597791462709864e-12,0,0,real,8.704489096999168
/workspace/data/genbuster-mini/extracted/GenBuster-200K-mini/benchmark/real/3857b24e088646dbf3bb8ebc65ed57630f1bc20e7b61fae076fbf3a15fa4384a.mp4,-15.607053756713867,0.9999998332973092,15.607053756713867,2.768438557895044e-06,0,0,real,11.543311178684235
/workspace/data/genbuster-mini/extracted/GenBuster-200K-mini/benchmark/real/38271c7ecb7be8ec1c9685f4db9e751d11405cc7aa82417aaadfcdf38e85304e.mp4,-8.246916770935059,0.9997380033310037,8.246916770935059,0.002422695708714335,0,0,real,11.162277311086655
/workspace/data/genbuster-mini/extracted/GenBuster-200K-mini/benchmark/real/377b7a6554f29ef415e09104ffc9dc82e19925045317cee681a2afe8705858bf.mp4,-36.0607795715332,0.9999999999999998,36.0607795715332,-9.938357643149174e-13,0,0,real,10.78910380601883
/workspace/data/genbuster-mini/extracted/GenBuster-200K-mini/benchmark/real/37765e3329da95184e41104cb9d45b5f326d84abe5aea0376eaa6aebe437764f.mp4,-31.2315616607666,0.9999999999999727,31.2315616607666,-2.1893881968050387e-13,0,0,real,10.820312425494194
/workspace/data/genbuster-mini/extracted/GenBuster-200K-mini/benchmark/real/36f512c0e80f3503f634e2cbfdd01e54faaa71f75c7cc696a42e42aaa5f9a70b.mp4,-28.19489097595215,0.999999999999431,28.19489097595215,1.50348394473416e-11,0,0,real,11.128755286335945
/workspace/data/genbuster-mini/extracted/GenBuster-200K-mini/benchmark/real/36e93d665955af308033d1cf7f15f05efa4ae60754d807a2a3e6e5fb7c1badb4.mp4,-34.100276947021484,0.9999999999999984,34.100276947021484,-9.55698434252528e-13,0,0,real,4.351053386926651
/workspace/data/genbuster-mini/extracted/GenBuster-200K-mini/benchmark/real/36d01802b3fccc83be6fdeffe2c90af972a5b6acb3c984c1efe967a31499d7ad.mp4,-15.817583084106445,0.9999998649449253,15.817583084106445,2.271297943355893e-06,0,0,real,4.398604854941368
/workspace/data/genbuster-mini/extracted/GenBuster-200K-mini/benchmark/real/36af777b26bdfef75a756603c46920ac58fb7982181fcc84a56a44303e311490.mp4,-6.680564880371094,0.9987465044250712,6.680564880371094,0.009628340381637611,0,0,real,5.75614906847477
/workspace/data/genbuster-mini/extracted/GenBuster-200K-mini/benchmark/real/367aefb915b73fbac3acbfcdc5625594443b9c95e65e81fd8940145b01058cf0.mp4,-22.18646812438965,0.9999999997685063,22.18646812438965,5.3655250151840175e-09,0,0,real,10.350774973630905
/workspace/data/genbuster-mini/extracted/GenBuster-200K-mini/benchmark/real/3667af63e65a2790622ab78285354f70f77bdb9215bba5ef1afc34c9c3642893.mp4,3.6076862812042236,0.9736012816429138,3.6076862812042236,0.12199171800522494,1,0,real,10.821402072906494
/workspace/data/genbuster-mini/extracted/GenBuster-200K-mini/benchmark/real/364d4cd501dcf98f989c41e4008443d2519c923f9ea9b8a8ac1350bda28f608e.mp4,-28.589109420776367,0.9999999999996164,28.589109420776367,9.859004079553796e-12,0,0,real,10.875383391976357
/workspace/data/genbuster-mini/extracted/GenBuster-200K-mini/benchmark/real/36401ede75da013e456cf6f53e54125d0ca39699e585a2fcf883c68248ab01d5.mp4,-16.833534240722656,0.999999951102243,16.833534240722656,8.720178252454e-07,0,0,real,8.877303451299667
/workspace/data/genbuster-mini/extracted/GenBuster-200K-mini/benchmark/real/35ab68c7457dbba7ab921401220238ce8adbcda4e96893d8a97bd7e93170555c.mp4,-28.990995407104492,0.9999999999997433,28.990995407104492,6.2899374305092574e-12,0,0,real,10.939091444015503
/workspace/data/genbuster-mini/extracted/GenBuster-200K-mini/benchmark/real/353b08475859daa247fcad586c1ad9eee28e86da27722626807d29c2a85d62b9.mp4,-12.566631317138672,0.9999965135789353,12.566631317138672,4.729899337413002e-05,0,0,real,11.16521842777729
/workspace/data/genbuster-mini/extracted/GenBuster-200K-mini/benchmark/real/352f26df6b300aead31c37c88c5806da7298445425b11145314d8675c784f54d.mp4,-24.47150993347168,0.999999999976441,24.47150993347168,5.981058428109165e-10,0,0,real,10.966993868350983
/workspace/data/genbuster-mini/extracted/GenBuster-200K-mini/benchmark/real/348830cdd1d438e3728404e5939b8c9b7c146a94e8bc5216373119be78e02e25.mp4,-14.686556816101074,0.9999995814867191,14.686556816101074,6.565030437972347e-06,0,0,real,10.945094749331474
/workspace/data/genbuster-mini/extracted/GenBuster-200K-mini/benchmark/real/3424fc0a9de2642b2a19ffe28d6fd34ba8f38323b8fb79cf87580432eab691d0.mp4,-26.36872673034668,0.9999999999964665,26.36872673034668,9.482736309178952e-11,0,0,real,10.768739506602287
/workspace/data/genbuster-mini/extracted/GenBuster-200K-mini/benchmark/real/330b9c1dda55a76d4a6472d178606d5c45a6fbab78451b03ce468e031fe43f9d.mp4,-34.107967376708984,0.9999999999999984,34.107967376708984,-9.560265797484715e-13,0,0,real,25.513991713523865
/workspace/data/genbuster-mini/extracted/GenBuster-200K-mini/benchmark/real/329c448943faa5d4c93e8b0c0db48b4ec16260ab680a7882f5431f4a8f21c72b.mp4,-20.6685733795166,0.9999999989437842,20.6685733795166,2.288468961267216e-08,0,0,real,13.984329998493195
/workspace/data/genbuster-mini/extracted/GenBuster-200K-mini/benchmark/real/3257e39f0cc2a65d4cf8b0e7f39f82f7edef7cc6df944c95c9075cf6b3ad16c6.mp4,-4.517568111419678,0.9892023261636496,4.517568111419678,0.059635619319700114,0,0,real,11.64071261882782
/workspace/data/genbuster-mini/extracted/GenBuster-200K-mini/benchmark/real/316e51db52c1216dcb122776880e65972888bfd454870908f711a2230afced31.mp4,-37.87025833129883,1.0,37.87025833129883,-9.991013664399134e-13,0,0,real,11.676084250211716
/workspace/data/genbuster-mini/extracted/GenBuster-200K-mini/benchmark/real/30a8a6bf558962c622c0bc67204bf585d4fda5757ea5d0f62c39cf3c660f3bdf.mp4,-27.922700881958008,0.999999999999253,27.922700881958008,1.9970695969179743e-11,0,0,real,10.991796851158142
/workspace/data/genbuster-mini/extracted/GenBuster-200K-mini/benchmark/real/30629433b48a0438c7de2fe48056cba1892e6d31dae958e421a8ea1b551266db.mp4,-26.2293643951416,0.999999999995938,26.2293643951416,1.0870969063615899e-10,0,0,real,11.045554652810097
/workspace/data/genbuster-mini/extracted/GenBuster-200K-mini/benchmark/real/30603254edb5ab3f8fdf214299350cc5557bddd6fcf603604e0ee50a9e21ec3e.mp4,-24.190446853637695,0.9999999999687952,24.190446853637695,7.840803264223389e-10,0,0,real,10.966703295707703
/workspace/data/genbuster-mini/extracted/GenBuster-200K-mini/benchmark/real/304318ce6b4d167e0741c98675f4847c27d228c631c002300b913ddb5d46d51a.mp4,4.806438446044922,0.9918894171714783,4.806438446044922,0.047126697638353816,1,0,real,10.9173022210598
/workspace/data/genbuster-mini/extracted/GenBuster-200K-mini/benchmark/real/300b9c69ade2efde3b0521054144a028dce831e2c99ec9472d909aeb4f221c7d.mp4,-30.0847225189209,0.9999999999999141,30.0847225189209,1.454322089200114e-12,0,0,real,11.66456751525402
/workspace/data/genbuster-mini/extracted/GenBuster-200K-mini/benchmark/real/2ff065e0a4192f7fed539c91b901bd2fd8a0a484c3b440dc8f28dfba90a17789.mp4,-25.775182723999023,0.9999999999936029,25.775182723999023,1.6935336991399714e-10,0,0,real,10.940596461296082
/workspace/data/genbuster-mini/extracted/GenBuster-200K-mini/benchmark/real/2fabf6a24c628a2a12fa28e95d4d73bb652775f4a8f48e628f8af9689830fec2.mp4,-14.617899894714355,0.9999995517435707,14.617899894714355,7.000822157832694e-06,0,0,real,11.128006502985954
/workspace/data/genbuster-mini/extracted/GenBuster-200K-mini/benchmark/real/2f834c451f59b6b720c8f59d34968155bd4340289e134a5f6f7af726bde72120.mp4,-3.477665662765503,0.9700455646961927,3.477665662765503,0.13458374510697854,0,0,real,10.97632385790348
/workspace/data/genbuster-mini/extracted/GenBuster-200K-mini/benchmark/real/2f1115c1a468672f18a3ca76fbca5cead3c369445878d70178b83b188ed3b6b9.mp4,-37.68115234375,1.0,37.68115234375,-9.988957926893136e-13,0,0,real,10.534245520830154
/workspace/data/genbuster-mini/extracted/GenBuster-200K-mini/benchmark/real/2eedb0bf5f0e9fedef7336af16d0e498dfb8a095171537d6ed722f45377a896d.mp4,5.425537586212158,0.9956165552139282,5.425537586212158,0.028175579612520638,1,0,real,10.900251567363739
/workspace/data/genbuster-mini/extracted/GenBuster-200K-mini/benchmark/real/2e266d5bf0cabc6b6a4e593fbd437e7feb5b0d09a7b6b70f80ef89c999895aeb.mp4,-28.70351791381836,0.9999999999996578,28.70351791381836,8.695436176552543e-12,0,0,real,11.183157563209534
/workspace/data/genbuster-mini/extracted/GenBuster-200K-mini/benchmark/real/2e09f08ac78875bf85370094dbab5d92ba63717b80bad14c0299358061de8a8b.mp4,-41.950660705566406,1.0,41.950660705566406,-1.0000722105785308e-12,0,0,real,7.117984816431999
/workspace/data/genbuster-mini/extracted/GenBuster-200K-mini/benchmark/real/2e02a60f8b76e60ed8de7a03bd857e28d4d67e78a3fa64939995f6251821fcb0.mp4,-8.25377082824707,0.999739792488981,8.25377082824707,0.002407934547270298,0,0,real,10.912394151091576
/workspace/data/genbuster-mini/extracted/GenBuster-200K-mini/benchmark/real/2d9f5bb60eb7918431ee5cbb03a27d911e1a3c921a772dcddf3b93b91107f122.mp4,-43.772972106933594,1.0,43.772972106933594,-1.0000862026145207e-12,0,0,real,11.193305253982544
/workspace/data/genbuster-mini/extracted/GenBuster-200K-mini/benchmark/real/2d23ab8a36d8aa0333ca3272cefb7304be6d23526d2e97e0b736a31a521cd389.mp4,-2.119065999984741,0.8927425369620323,2.119065999984741,0.3407427045415515,0,0,real,8.50076787173748
/workspace/data/genbuster-mini/extracted/GenBuster-200K-mini/benchmark/real/2cf951576c9b178584dae0a462494232a6b55020173151c9834c6ebb31e2dacc.mp4,-40.30500793457031,1.0,40.30500793457031,-1.0000023730366033e-12,0,0,real,10.937454178929329
/workspace/data/genbuster-mini/extracted/GenBuster-200K-mini/benchmark/real/2cc08da7a2044f93d3d8134cb932aea2ab3e49effd481f7a648938da97262661.mp4,-43.49028396606445,1.0,43.49028396606445,-1.0000853212119005e-12,0,0,real,10.916981846094131
/workspace/data/genbuster-mini/extracted/GenBuster-200K-mini/benchmark/real/2cbec03f9de2c21b02253c644f76b5aa22905cc992146b8db9e6f06971d47f63.mp4,-9.669720649719238,0.9999368364951806,9.669720649719238,0.0006739389486063975,0,0,real,10.947180911898613
/workspace/data/genbuster-mini/extracted/GenBuster-200K-mini/benchmark/real/2bfcbf702beb88196921fb5124fa5bf04893965f5173343ee16a8fba7ccd21d9.mp4,-26.074121475219727,0.9999999999952559,26.074121475219727,1.2653468675280496e-10,0,0,real,10.684330016374588
/workspace/data/genbuster-mini/extracted/GenBuster-200K-mini/benchmark/real/2b525391925c0af683d70cf5e0ce053012e3bdda6a41a106d1e8864697433569.mp4,-15.13071346282959,0.9999997315802318,15.13071346282959,4.329800418262627e-06,0,0,real,5.877528339624405
/workspace/data/genbuster-mini/extracted/GenBuster-200K-mini/benchmark/real/2ad8bc99a8e1a41c586498e740c3ce977c47e2f87723beb5234f4504d8a2f465.mp4,-23.68815040588379,0.9999999999484336,23.68815040588379,1.2710891555732776e-09,0,0,real,8.271433413028717
/workspace/data/genbuster-mini/extracted/GenBuster-200K-mini/benchmark/real/2ac174f21603fb9d2a9bd1034b59b2f8ff6e8a7f49169fcfebefe35956d26b9f.mp4,-16.787931442260742,0.9999999488207472,16.787931442260742,9.103710477627459e-07,0,0,real,8.492076769471169
/workspace/data/genbuster-mini/extracted/GenBuster-200K-mini/benchmark/real/2a47048761a7c54f7eb129458ffc15c990dc0a38914b37e82333ec6011d4e494.mp4,-31.05543327331543,0.9999999999999675,31.05543327331543,-6.85934325234624e-14,0,0,real,9.115776047110558
/workspace/data/genbuster-mini/extracted/GenBuster-200K-mini/benchmark/real/2a23c4674d4ca03f06cb87df2312e5e209ad39e802d52646d3062897885d2f00.mp4,-14.316789627075195,0.9999993942450374,14.316789627075195,9.278219543169717e-06,0,0,real,8.11639241874218
/workspace/data/genbuster-mini/extracted/GenBuster-200K-mini/benchmark/real/29f1b9d123da2f099f749f1234a4f93c411322a8e1d0b0cad0fe23a594e86d93.mp4,-11.262537956237793,0.999987154934388,11.262537956237793,0.000157513185348568,0,0,real,11.112866923213005
/workspace/data/genbuster-mini/extracted/GenBuster-200K-mini/benchmark/real/29e031590120ebc0f4e2a3e32e80705b6d1f5db2e1be55b5607b080894885fdb.mp4,-22.65505027770996,0.9999999998551106,22.65505027770996,3.425369984862396e-09,0,0,real,11.532159522175789
/workspace/data/genbuster-mini/extracted/GenBuster-200K-mini/benchmark/real/2998922fa931d52346fa4a093b85354fb9e0fa23920f7f3a2f5d46513e7fb86d.mp4,-24.795249938964844,0.9999999999829564,24.795249938964844,4.376706444469346e-10,0,0,real,6.5730176866054535
/workspace/data/genbuster-mini/extracted/GenBuster-200K-mini/benchmark/real/2981f0f2653b98a62dae04de9846c018802dcec281a6945a21699f7cc3a271f9.mp4,-21.48832130432129,0.9999999995346919,21.48832130432129,1.0461999719196271e-08,0,0,real,6.171891465783119
/workspace/data/genbuster-mini/extracted/GenBuster-200K-mini/benchmark/real/295dea2aa46d81adb4b6f78783e915666782e88545d26c6549ba1a08bdf3dd0d.mp4,-28.709686279296875,0.9999999999996599,28.709686279296875,8.636453208935733e-12,0,0,real,11.2931989133358
/workspace/data/genbuster-mini/extracted/GenBuster-200K-mini/benchmark/real/28f0b6b5a0532df2b5d0d0e58eb88330c9a5c76c0222d027c4016e7105fdc07d.mp4,-27.757230758666992,0.9999999999991186,27.757230758666992,2.367915045654305e-11,0,0,real,5.96994161605835
/workspace/data/genbuster-mini/extracted/GenBuster-200K-mini/benchmark/real/28bd7521da9d767d46a73fd7ee5babc46c306f40caf8e22d7402a703ee8a62bd.mp4,-9.779071807861328,0.9999433788725582,9.779071807861328,0.0006103247959188783,0,0,real,4.806071519851685
/workspace/data/genbuster-mini/extracted/GenBuster-200K-mini/benchmark/real/286614f1ad946b96a210a88e14af2836c5fe5473bb362badbe457e15abd34f24.mp4,10.652575492858887,0.999976396560669,10.652575492858887,0.0002750769894905762,1,0,real,5.149098113179207
/workspace/data/genbuster-mini/extracted/GenBuster-200K-mini/benchmark/real/280656db2a1df1de7e3c8015bdddacd10a0455d1ac31442e9ad34e74fab33a85.mp4,-37.07063674926758,0.9999999999999999,37.07063674926758,-9.976698932036426e-13,0,0,real,10.504163801670074
/workspace/data/genbuster-mini/extracted/GenBuster-200K-mini/benchmark/real/27de1a0b25be1e8a8533b8c1d145db84bbab44c0b8bed2ba23e87b492d7e95e5.mp4,-11.61302375793457,0.9999909525977273,11.61302375793457,0.00011411513944477544,0,0,real,9.38703864812851
/workspace/data/genbuster-mini/extracted/GenBuster-200K-mini/benchmark/real/278dfb511a5e7cb41e6383377471ff1d9662681d2de28b46de0727952bae4138.mp4,-20.236608505249023,0.999999998373131,20.236608505249023,3.454717985872859e-08,0,0,real,11.611713096499443
/workspace/data/genbuster-mini/extracted/GenBuster-200K-mini/benchmark/real/26fea516cec446446e2d6d8dead54c54908f10fd7f83d821124f3f1ef6411371.mp4,-21.392736434936523,0.9999999994880204,21.392736434936523,1.1462624544262292e-08,0,0,real,7.757415995001793
/workspace/data/genbuster-mini/extracted/GenBuster-200K-mini/benchmark/real/26faedc4093ca55bf99a87f14c23a93dbd177fe1b97cb8f43ed95f8cf28e569b.mp4,-17.997072219848633,0.9999999847253651,17.997072219848633,2.901713423058157e-07,0,0,real,11.13438792526722
/workspace/data/genbuster-mini/extracted/GenBuster-200K-mini/benchmark/real/26db40ffeabc9765fc23500cd824a485a41b3da98d975f46822b4b59e4976e3a.mp4,-36.22456741333008,0.9999999999999998,36.22456741333008,-9.947469228556262e-13,0,0,real,5.972020328044891
/workspace/data/genbuster-mini/extracted/GenBuster-200K-mini/benchmark/real/26cf354062ffc48fa6f0a99c70bfb7b6c5ec64abfd3516951d7550e48336b682.mp4,-14.553732872009277,0.999999522037399,14.553732872009277,7.434100732891678e-06,0,0,real,6.057986989617348
/workspace/data/genbuster-mini/extracted/GenBuster-200K-mini/benchmark/real/26bc7b5dec5f85a351ae82c104d610c8e0402926c562a6e83b1dc0c9bebdf5e3.mp4,-18.219053268432617,0.9999999877660777,18.219053268432617,2.351224042082725e-07,0,0,real,8.341994136571884
/workspace/data/genbuster-mini/extracted/GenBuster-200K-mini/benchmark/real/2568e4da2f4c9112ea2f7df7706bd1eef6354961841ff6381e7cdddf349799e1.mp4,-27.090232849121094,0.9999999999982826,27.090232849121094,4.64530612867114e-11,0,0,real,9.931407868862152
/workspace/data/genbuster-mini/extracted/GenBuster-200K-mini/benchmark/real/25312c0392aebf74dc6b63ce067b05afeea4aabd05b6f6c78663ebf48f2e4cf9.mp4,-11.566078186035156,0.9999905177382971,11.566078186035156,0.00011915488513884578,0,0,real,7.89250060915947
/workspace/data/genbuster-mini/extracted/GenBuster-200K-mini/benchmark/real/25135e943f0a4380e17938f9cdd6b3b5fbdc7c83849998165a5ac98642dfbbc5.mp4,-9.320487976074219,0.999910437829385,9.320487976074219,0.0009243293127842419,0,0,real,5.221277475357056
/workspace/data/genbuster-mini/extracted/GenBuster-200K-mini/benchmark/real/24f51fdc168a9a8385b7c7dc7db068ae16b3e856ab046368e215c27354e605f0.mp4,-20.812965393066406,0.9999999990857942,20.812965393066406,1.9939539418607845e-08,0,0,real,7.871247828006744
/workspace/data/genbuster-mini/extracted/GenBuster-200K-mini/benchmark/real/24def7c5093a023d44577334278b6550a6736f5463b5b18736ff8489753a74da.mp4,-9.577784538269043,0.9999307545949705,9.577784538269043,0.0007324653690217146,0,0,real,5.8504752814769745
/workspace/data/genbuster-mini/extracted/GenBuster-200K-mini/benchmark/real/248152a9c6be230cf2c4ad766536f8c03493f99a515028912e3562899e27b9d3.mp4,-29.391199111938477,0.999999999999828,29.391199111938477,3.8976221348841925e-12,0,0,real,5.589064210653305
/workspace/data/genbuster-mini/extracted/GenBuster-200K-mini/benchmark/real/2480676c6639e94c48c6a0315ed38dc28cd21c7029d3d773cf9a3a6233361dc3.mp4,-21.205005645751953,0.9999999993822922,21.205005645751953,1.3714205424760372e-08,0,0,real,11.51273213326931
/workspace/data/genbuster-mini/extracted/GenBuster-200K-mini/benchmark/real/2442da25c9a04f6a171ef304f5a5ff954fe669a16d4a06250adebd1b8b10e697.mp4,-24.837888717651367,0.999999999983668,24.837888717651367,4.200163009341747e-10,0,0,real,9.08251479268074
/workspace/data/genbuster-mini/extracted/GenBuster-200K-mini/benchmark/real/2405c21cf7206d45d6a39018a357b0be926235925b2e0ba963d97e657b572589.mp4,-19.472305297851562,0.9999999965063029,19.472305297851562,7.152203407039454e-08,0,0,real,11.296579614281654
/workspace/data/genbuster-mini/extracted/GenBuster-200K-mini/benchmark/real/238be96373129d74218a0fe67acc3f021f9dd1a237da4cbd2473b3fbc421fd54.mp4,-24.828826904296875,0.9999999999835192,24.828826904296875,4.237081852600045e-10,0,0,real,6.242843344807625
/workspace/data/genbuster-mini/extracted/GenBuster-200K-mini/benchmark/real/2385e7069e0dd2088d333f007caadf4c940164733930b6611f8649ab06592684.mp4,-24.807504653930664,0.999999999983164,24.807504653930664,4.3252246258328507e-10,0,0,real,10.622989386320114
/workspace/data/genbuster-mini/extracted/GenBuster-200K-mini/benchmark/real/23476f5d1e983374e9654a1fcbea598d252cd0056dfc2ad75d49d3813bba48f9.mp4,1.7086162567138672,0.8466567397117615,1.7086162567138672,0.42846474285438874,1,0,real,14.582276344299316
/workspace/data/genbuster-mini/extracted/GenBuster-200K-mini/benchmark/real/230d39a7325857c3391d0cc8a79532a545e3405b4a1cb30ef71c5f8d6de48678.mp4,-19.27089500427246,0.9999999957267662,19.27089500427246,8.66202730164199e-08,0,0,real,7.425270974636078
/workspace/data/genbuster-mini/extracted/GenBuster-200K-mini/benchmark/real/230b95b616870cb1f8d42d22d58e34cde809195c39b8b9c44b888c1ec60ae1e8.mp4,-8.855795860290527,0.9998574671917595,8.855795860290527,0.0014047844107995975,0,0,real,6.524456664919853
/workspace/data/genbuster-mini/extracted/GenBuster-200K-mini/benchmark/real/22b9d5af32b6a00ffcd5379e2f7f6f1b2970aee834bac8fbbff75196a2d427e7.mp4,-13.780986785888672,0.9999989648744076,13.780986785888672,1.530017620941548e-05,0,0,real,9.205248206853867
/workspace/data/genbuster-mini/extracted/GenBuster-200K-mini/benchmark/real/2277b8de314bd165d7c82530c882fba26c3bebf0ab11c5fee4e169ae35f160e3.mp4,2.5164170265197754,0.9252846837043762,2.5164170265197754,0.2656686660071862,1,0,real,15.550622716546059
/workspace/data/genbuster-mini/extracted/GenBuster-200K-mini/benchmark/real/21db1defc751def07f8ae082d1edf8a1c5ba91584d82918d2c02cfd698b6f470.mp4,-32.24296569824219,0.9999999999999901,32.24296569824219,-7.157503479297837e-13,0,0,real,14.544596895575523
/workspace/data/genbuster-mini/extracted/GenBuster-200K-mini/benchmark/real/20b5811333b7e89cdc52fb0d0854b9e79fc622103db680e8afe6d5704f7da752.mp4,-19.111886978149414,0.999999994990286,19.111886978149414,1.0075280158652608e-07,0,0,real,7.495421916246414
/workspace/data/genbuster-mini/extracted/GenBuster-200K-mini/benchmark/real/204c5225cec80fb7ebce8b9f19755ef93804fa24c49ae1e421eb8daeb4a0b59a.mp4,-6.191117763519287,0.9979566470719874,6.191117763519287,0.014696082072998155,0,0,real,6.558667868375778
/workspace/data/genbuster-mini/extracted/GenBuster-200K-mini/benchmark/real/20127e75a57d3cc12d0cf2c7ca6c5b4a3c787d40b2eff91913f16ade3f164353.mp4,-11.90139389038086,0.9999932190999061,11.90139389038086,8.748308427901914e-05,0,0,real,8.114269003272057
/workspace/data/genbuster-mini/extracted/GenBuster-200K-mini/benchmark/real/2009e5047ad849b283baffd6a0acd016fd4ab613d28bc155bbe5aa3f2f65aef6.mp4,-27.153688430786133,0.9999999999983882,27.153688430786133,4.359933513128039e-11,0,0,real,6.125610321760178
/workspace/data/genbuster-mini/extracted/GenBuster-200K-mini/benchmark/real/1fecb773f094458407eb76eb8f71457856016f74e36acb8c7b2935ca1b979c62.mp4,-9.536808967590332,0.9999278584946296,9.536808967590332,0.0007601438540957193,0,0,real,6.135391071438789
/workspace/data/genbuster-mini/extracted/GenBuster-200K-mini/benchmark/real/1f8e17e87bd4333df5be03a00dd43420fd0db7503e9a4e5e5a5ba3299d9d0ba2.mp4,-26.84576416015625,0.999999999997807,26.84576416015625,5.924111928793622e-11,0,0,real,6.177911534905434
/workspace/data/genbuster-mini/extracted/GenBuster-200K-mini/benchmark/real/1f4fc615d357407c581e2952fccc0a1217582e921846b0b9493637f16fe8b74c.mp4,-13.538873672485352,0.9999986813143096,13.538873672485352,1.9172203556409418e-05,0,0,real,6.214022636413574
/workspace/data/genbuster-mini/extracted/GenBuster-200K-mini/benchmark/real/1f2ec56519daa3c88b0498c67bb58688fa54b8eec5f7bdbdd7ddfebf1241305d.mp4,-22.89527702331543,0.9999999998860518,22.89527702331543,2.720828451548861e-09,0,0,real,6.758391857147217
/workspace/data/genbuster-mini/extracted/GenBuster-200K-mini/benchmark/real/1f042e83e6b6d79147a15cf7da3fa3b3b207a65eb21040362532d8bab35a9bfe.mp4,-34.72651672363281,0.9999999999999992,34.72651672363281,-9.76299992600829e-13,0,0,real,7.38903321325779
/workspace/data/genbuster-mini/extracted/GenBuster-200K-mini/benchmark/real/1ec2e10b0c7f2ab4d5e5eae916e2167f50c03f0dc6b7910d3fc4d174a44509e3.mp4,-36.53447341918945,0.9999999999999999,36.53447341918945,-9.961112970840949e-13,0,0,real,12.116651982069016
/workspace/data/genbuster-mini/extracted/GenBuster-200K-mini/benchmark/real/1e5dc9d44e587c7ed3f377f263eaa88185a5c8ac514aee5f28c9238ee7bc3a1f.mp4,-30.307758331298828,0.9999999999999312,30.307758331298828,9.648300258985068e-13,0,0,real,11.129135265946388
/workspace/data/genbuster-mini/extracted/GenBuster-200K-mini/benchmark/real/1e33d1e64f45ea750553a389700d79b7100ad4bb5da0d95ce3c7fda27d086d25.mp4,-20.80698585510254,0.9999999990803112,20.80698585510254,2.0053639401505088e-08,0,0,real,8.731620386242867
/workspace/data/genbuster-mini/extracted/GenBuster-200K-mini/benchmark/real/1e08162c197161f73aaf932c157b3a0a755392e1e36fb0dcf132b50d55141d37.mp4,-33.32917785644531,0.9999999999999967,33.32917785644531,-9.041464369371769e-13,0,0,real,8.350985124707222
/workspace/data/genbuster-mini/extracted/GenBuster-200K-mini/benchmark/real/1df7fd7f91e1a33f64cb235133c09fded06c70c27a1b4b4d14c56e6d92f50488.mp4,-7.75423002243042,0.9995712595700752,7.75423002243042,0.003753384288001015,0,0,real,11.341948062181473
/workspace/data/genbuster-mini/extracted/GenBuster-200K-mini/benchmark/real/1df1a3deafa06654e9978f8782bf525eadd7c26906bfabcfb0c3ec9de51b5e04.mp4,-22.163654327392578,0.9999999997631642,22.163654327392578,5.483983482218928e-09,0,0,real,11.998128145933151
/workspace/data/genbuster-mini/extracted/GenBuster-200K-mini/benchmark/real/1dbf87602bc3146f27fddf4cdbd8cf03dfb3d9c627ecf5704275e99c8f3a8eef.mp4,-39.543399810791016,1.0,39.543399810791016,-9.99903583058781e-13,0,0,real,10.103102773427963
/workspace/data/genbuster-mini/extracted/GenBuster-200K-mini/benchmark/real/1d6bcf5d639ec6140500a8dbf8450c7b3c11ae0298f0353bff4c818c30fbde71.mp4,4.553922653198242,0.9895837903022766,4.553922653198242,0.05790543649569438,1,0,real,4.851523786783218
/workspace/data/genbuster-mini/extracted/GenBuster-200K-mini/benchmark/real/1d617baee2eeee8cbfcd7a0221609737683f62aee88f93ca8bacd96d6bc1b569.mp4,-27.4743595123291,0.9999999999988304,27.4743595123291,3.158097357530039e-11,0,0,real,8.524619042873383
/workspace/data/genbuster-mini/extracted/GenBuster-200K-mini/benchmark/real/1d3f8ff5c51d64056772c1103c68a91ab4575d020589d643523adee57fbdaa9f.mp4,-15.413004875183105,0.9999997975970132,15.413004875183105,3.3220392430280155e-06,0,0,real,4.679569974541664
/workspace/data/genbuster-mini/extracted/GenBuster-200K-mini/benchmark/real/1d381a9a5ba41e72c9afb7a881817c3ce660743c889b3879a9bf0b4235d5632d.mp4,-23.362064361572266,0.9999999999285529,23.362064361572266,1.738604919458507e-09,0,0,real,5.891427397727966
/workspace/data/genbuster-mini/extracted/GenBuster-200K-mini/benchmark/real/1d21ea46a47dfdb163235132cfa3e985e79553fe72a5377b9999ff21a44d7673.mp4,-17.17313575744629,0.9999999651821554,17.17313575744629,6.327474179370015e-07,0,0,real,9.289318695664406
/workspace/data/genbuster-mini/extracted/GenBuster-200K-mini/benchmark/real/1d01d54716cfe6e5f0264c0f8a1d830dfaea498cf92bfd51caabf8e51d0188ad.mp4,-18.61026954650879,0.9999999917270079,18.61026954650879,1.6223360488538304e-07,0,0,real,10.864032432436943
/workspace/data/genbuster-mini/extracted/GenBuster-200K-mini/benchmark/real/1c45241d747416971b19af83afb45c35efe6acb69fa496de6c28778a74442afa.mp4,-2.375988006591797,0.9149778485298157,2.375988006591797,0.29086703723334717,0,0,real,6.026150658726692
/workspace/data/genbuster-mini/extracted/GenBuster-200K-mini/benchmark/real/1bd5699fa7c6fff9e9fe23def4f9508db6fab32af7449add0622dc339b5a9d8e.mp4,-38.50111389160156,1.0,38.50111389160156,-9.995633974360545e-13,0,0,real,8.946362882852554
/workspace/data/genbuster-mini/extracted/GenBuster-200K-mini/benchmark/real/1bc796a7531611bae9f23b0bc54a0842d1f13da602b9d23c43d0da161e317091.mp4,-30.63434410095215,0.9999999999999504,30.63434410095215,4.1834959081934665e-13,0,0,real,11.271590366959572
/workspace/data/genbuster-mini/extracted/GenBuster-200K-mini/benchmark/real/1ba3455e6155469d53cffb9813417a4df471d04567f07c5f8b198dd66cd235fd.mp4,-21.04878044128418,0.9999999992778444,21.04878044128418,1.5920650123035633e-08,0,0,real,11.546291410923004
/workspace/data/genbuster-mini/extracted/GenBuster-200K-mini/benchmark/real/1b965a3f6eecbd38dd6f2dec599dbd8fed809579faf48a1294b84c80181c5f9a.mp4,2.355741262435913,0.9133894443511963,2.355741262435913,0.29462494108123327,1,0,real,11.408671736717224
/workspace/data/genbuster-mini/extracted/GenBuster-200K-mini/benchmark/real/1b52068e13aa4bcbe80d662e94f52a6f2615f40e95c08455dbe0cf683d050fd4.mp4,-31.196022033691406,0.9999999999999717,31.196022033691406,-1.9058288707091746e-13,0,0,real,10.93323528766632
/workspace/data/genbuster-mini/extracted/GenBuster-200K-mini/benchmark/real/1b16f7e9e6491e6e5ec0830c91b43e26f1eed9fa9818aa9c5bd07e8b8a2530eb.mp4,-29.86561393737793,0.999999999999893,29.86561393737793,2.05355839101864e-12,0,0,real,11.384040117263794
/workspace/data/genbuster-mini/extracted/GenBuster-200K-mini/benchmark/real/1ae58a9ad48c2606500d55e731f33f7a1fdabfbe2a191a2af106f0d98e741803.mp4,-29.612714767456055,0.9999999999998621,29.612714767456055,2.9285403303044465e-12,0,0,real,11.529803276062012
/workspace/data/genbuster-mini/extracted/GenBuster-200K-mini/benchmark/real/1ab7f258a38a69c1100252ff99cb2aaca176e6f37668df1e82c50a06648b5fdf.mp4,-17.444698333740234,0.9999999734622715,17.444698333740234,4.894783973668987e-07,0,0,real,8.792640641331673
/workspace/data/genbuster-mini/extracted/GenBuster-200K-mini/benchmark/real/1ab14c3d51056275e1497292fa01344f12d2370ddb1c89e7a66af135cf6328e3.mp4,-29.46880340576172,0.9999999999998408,29.46880340576172,3.533636993963488e-12,0,0,real,5.153747275471687
/workspace/data/genbuster-mini/extracted/GenBuster-200K-mini/benchmark/real/1a7cd3e40931a49587225c59b3680eab51f5b0c3a56f5603b30ac0977f2b76b9.mp4,-10.422554969787598,0.9999702471232013,10.422554969787598,0.00033985431161917225,0,0,real,5.15790656208992
/workspace/data/genbuster-mini/extracted/GenBuster-200K-mini/benchmark/real/1a375d5b24a45bf6b75f64bfb72d89c2c5eb2f2f6ff561a71ffc295cbbfa26cb.mp4,-27.58595848083496,0.999999999998954,27.58595848083496,2.820176925271309e-11,0,0,real,5.575234070420265
/workspace/data/genbuster-mini/extracted/GenBuster-200K-mini/benchmark/real/1a3379fd4003802823700f3558a4762720b06e3b6d5cf20c9fe912d3a4455e72.mp4,-33.416385650634766,0.9999999999999969,33.416385650634766,-9.121019537308393e-13,0,0,real,11.29395142197609
/workspace/data/genbuster-mini/extracted/GenBuster-200K-mini/benchmark/real/197b76cb62c07cfd158a3a21fd76ee36d1bbb68055e5b3d1c514f8613e584695.mp4,-37.42437744140625,0.9999999999999999,37.42437744140625,-9.98324461650375e-13,0,0,real,11.05283759534359
/workspace/data/genbuster-mini/extracted/GenBuster-200K-mini/benchmark/real/196a85c97d9c576a1ce459c8d17a98037521c9864d0dc4425b8a7ab8b23a29ff.mp4,-6.612351894378662,0.9986581347184256,6.612351894378662,0.010215651784713361,0,0,real,8.455036208033562
/workspace/data/genbuster-mini/extracted/GenBuster-200K-mini/benchmark/real/1960811f561a88f71e6cba03c329267f2135cae3702751db2aadf84e4278bf4a.mp4,-21.294260025024414,0.9999999994350366,21.294260025024414,1.2593443256076334e-08,0,0,real,10.516516864299774
/workspace/data/genbuster-mini/extracted/GenBuster-200K-mini/benchmark/real/195b50860376e61d376a29da3f0c2a9d95ff48479dac55c1ce7de298e63afd78.mp4,-9.063155174255371,0.9998841565829935,9.063155174255371,0.0011657570021006737,0,0,real,6.3773635774850845
/workspace/data/genbuster-mini/extracted/GenBuster-200K-mini/benchmark/real/18d45273dc4d38feb779b1d22e3a9886e66070ddc7da758e48afdfb08b6d3774.mp4,-34.25314712524414,0.9999999999999987,34.25314712524414,-9.619925909785666e-13,0,0,real,11.646345257759094
/workspace/data/genbuster-mini/extracted/GenBuster-200K-mini/benchmark/real/18c143150103d26df0a440fd468239db6d83be2d0fa3725480640c2045b20f25.mp4,-5.264997959136963,0.9948571817949414,5.264997959136963,0.03223301543259563,0,0,real,5.451740697026253
/workspace/data/genbuster-mini/extracted/GenBuster-200K-mini/benchmark/real/18acf5ad9f559413bcb20a1223a0d1b18ce2a1dc362cba9b2c1afe67e53e7716.mp4,-25.655622482299805,0.9999999999927905,25.655622482299805,1.9023704839537644e-10,0,0,real,11.478269472718239
/workspace/data/genbuster-mini/extracted/GenBuster-200K-mini/benchmark/real/189ee23e7ba46a89fd789cca0c2d0bc9df279fb7e01df741904e83c2ce6eb403.mp4,-8.945551872253418,0.9998697014380014,8.945551872253418,0.0012958995857990964,0,0,real,11.026885360479355
/workspace/data/genbuster-mini/extracted/GenBuster-200K-mini/benchmark/real/177f113a18f9530067972b62275b329e9a69106426ca0facf11af978944ffae6.mp4,-18.103240966796875,0.9999999862639353,18.103240966796875,2.6240135490746436e-07,0,0,real,11.285940185189247
/workspace/data/genbuster-mini/extracted/GenBuster-200K-mini/benchmark/real/174c72990ea687fb77f144f3d11630b8bdbf9a92b32a8902ed99ef9eadf3f561.mp4,-1.870571255683899,0.8665243685245514,1.870571255683899,0.39294073360925924,0,0,real,11.171795427799225
/workspace/data/genbuster-mini/extracted/GenBuster-200K-mini/benchmark/real/172f722689f368cc340693188596d5df19b51497be0369caf6770a1707179767.mp4,-26.684345245361328,0.9999999999974228,26.684345245361328,6.950117744003277e-11,0,0,real,11.426081880927086
/workspace/data/genbuster-mini/extracted/GenBuster-200K-mini/benchmark/real/1721292af967906a9f1887875c948baaa9f1b7cf39b75b8ccfa5a902cacf0fce.mp4,-15.588749885559082,0.9999998302179165,15.588749885559082,2.816470537578312e-06,0,0,real,7.143056020140648
/workspace/data/genbuster-mini/extracted/GenBuster-200K-mini/benchmark/real/16f3263af3f2d56f06e00067cc8bbb27dde1e6204f6bdb1ec9922945d86ec056.mp4,-25.591381072998047,0.9999999999923121,25.591381072998047,2.0249025475134877e-10,0,0,real,9.702304378151894
/workspace/data/genbuster-mini/extracted/GenBuster-200K-mini/benchmark/real/16dd45554867c064e355ca45411567f5c30256de91c1a8a551fd9defa993207b.mp4,-21.683610916137695,0.9999999996172392,21.683610916137695,8.6803982930614e-09,0,0,real,8.478894829750061
/workspace/data/genbuster-mini/extracted/GenBuster-200K-mini/benchmark/real/16c04c6d5d04b149193d2044a03abbf6a701cf068c3304b0c91b54d1de9a1319.mp4,-6.156774997711182,0.9978854048531502,6.156774997711182,0.015135920742684869,0,0,real,11.340856552124023
/workspace/data/genbuster-mini/extracted/GenBuster-200K-mini/benchmark/real/16bf994a524e24cf8724889a40c16434ba991f96de96138175f0906d16c91c5f.mp4,-19.207895278930664,0.999999995448893,19.207895278930664,9.196629494305701e-08,0,0,real,11.254217475652695
/workspace/data/genbuster-mini/extracted/GenBuster-200K-mini/benchmark/real/165c2f9be2787ac19d42e547f69be41aedf7f08493f7708b0c01ee4c7737d7e5.mp4,-11.827167510986328,0.9999926966315797,11.827167510986328,9.368155533430534e-05,0,0,real,10.940441861748695
/workspace/data/genbuster-mini/extracted/GenBuster-200K-mini/benchmark/real/1648edeff7e6bd52a30ebc04801736b251a2d78f757470ccd079d1f90bee0dec.mp4,-27.08536720275879,0.9999999999982743,27.08536720275879,4.667914955579919e-11,0,0,real,11.085376143455505
/workspace/data/genbuster-mini/extracted/GenBuster-200K-mini/benchmark/real/15b95828d14d91aada8cfe3d05f3b4f7fa2a505b0fdeef0ea4ceebe81eee3363.mp4,-4.300251007080078,0.9866163982078433,4.300251007080078,0.07102681770399068,0,0,real,11.22036762535572
/workspace/data/genbuster-mini/extracted/GenBuster-200K-mini/benchmark/real/153b50cdd26e935178e2056317838b8c7a7b622924d7f00bdbef54231b2b46f4.mp4,-29.944753646850586,0.9999999999999011,29.944753646850586,1.8220886842445705e-12,0,0,real,10.768091306090355
/workspace/data/genbuster-mini/extracted/GenBuster-200K-mini/benchmark/real/152e6d0501d7cf87d5aa4cc0cc52ccad5f417a613aba073b335dc18c2c0f6d3b.mp4,-16.767763137817383,0.9999999477780612,16.767763137817383,9.278650378869466e-07,0,0,real,8.764499798417091
/workspace/data/genbuster-mini/extracted/GenBuster-200K-mini/benchmark/real/150873edc39391dc14d6032a2a9e9f348c4926c82d5cb59f2ccae45b741c1216.mp4,-21.588651657104492,0.9999999995791109,21.588651657104492,9.505319108647924e-09,0,0,real,10.808631777763367
/workspace/data/genbuster-mini/extracted/GenBuster-200K-mini/benchmark/real/14c284b39fff4c91cedeebc9b3532e0f6d0157b7e26fc88b7bb5dcb2b74e468e.mp4,-27.429636001586914,0.9999999999987769,27.429636001586914,3.3041406868309694e-11,0,0,real,10.796228423714638
/workspace/data/genbuster-mini/extracted/GenBuster-200K-mini/benchmark/real/140630293acc72e996f8f82ee12b422aa032fafe5c24422db500583821e5a0eb.mp4,-24.178380966186523,0.9999999999684164,24.178380966186523,7.932411480018397e-10,0,0,real,10.987743735313416
/workspace/data/genbuster-mini/extracted/GenBuster-200K-mini/benchmark/real/13796dc33a67cfb52878d0d09eecd206f7030d4bb82845a3c3fcb683d6cafde2.mp4,-18.052635192871094,0.9999999855509216,18.052635192871094,2.7529101933344894e-07,0,0,real,5.27597963809967
/workspace/data/genbuster-mini/extracted/GenBuster-200K-mini/benchmark/real/13700e98ed944ee3ce93658678ef027fd093e1c887a5b602ebad8b4f9b2bdd2f.mp4,-11.723159790039062,0.9999918961220828,11.723159790039062,0.00010310696418527566,0,0,real,10.167142376303673
/workspace/data/genbuster-mini/extracted/GenBuster-200K-mini/benchmark/real/131e01ce1a3d1fc92afdcd2c738135bb8bc5bc9bad7897019766ce5480d94c71.mp4,-19.23126792907715,0.9999999955540306,19.23126792907715,8.994559758061737e-08,0,0,real,10.982904583215714
/workspace/data/genbuster-mini/extracted/GenBuster-200K-mini/benchmark/real/12f1dc4089b9de8b7d0cecee194e682d5fb3ec01cf60b8777ad3a1893027af0c.mp4,-17.14483070373535,0.9999999641825532,17.14483070373535,6.498995082204494e-07,0,0,real,19.21684853732586
/workspace/data/genbuster-mini/extracted/GenBuster-200K-mini/benchmark/real/12b7a19b245b78552cfb94b9821152eae720b21add9b994104463b902e6d3153.mp4,-32.53565216064453,0.9999999999999926,32.53565216064453,-7.877881039114248e-13,0,0,real,5.906347185373306
/workspace/data/genbuster-mini/extracted/GenBuster-200K-mini/benchmark/real/1285a2a926af5e6a7227bc3c57b1b57dd9cad6e0b4be57be9ddea6abd6c856c5.mp4,-7.667388439178467,0.9995323807524983,7.667388439178467,0.004053147025288476,0,0,real,4.522297531366348
/workspace/data/genbuster-mini/extracted/GenBuster-200K-mini/benchmark/real/11d1fac4c86742fc86cf2e0c935495b3b30a7550b67c13c93561cb12aed3bfad.mp4,-28.98371696472168,0.9999999999997414,28.98371696472168,6.342928471149806e-12,0,0,real,4.486937075853348
/workspace/data/genbuster-mini/extracted/GenBuster-200K-mini/benchmark/real/11abea281015082cffda6a99a3d0c3f4ffd5a43c845d33fa86ee75a5ee4721cd.mp4,-21.682849884033203,0.9999999996169479,21.682849884033203,8.686716253563461e-09,0,0,real,7.504930719733238
/workspace/data/genbuster-mini/extracted/GenBuster-200K-mini/benchmark/real/1189d52f62e895207c9c00b504e6c396f78a5096ef7ad7d35a3476a8feaeede5.mp4,-28.917734146118164,0.9999999999997238,28.917734146118164,6.8398384288839865e-12,0,0,real,9.44681279361248
/workspace/data/genbuster-mini/extracted/GenBuster-200K-mini/benchmark/real/11742daa8c829171124d67f312ec54e514098abde0cb9d0ce6a3e1faf1afc93e.mp4,-23.828699111938477,0.999999999955195,23.828699111938477,1.110463328555099e-09,0,0,real,11.046744883060455
/workspace/data/genbuster-mini/extracted/GenBuster-200K-mini/benchmark/real/11670a7f7a64823ae1e23eb2a32024c74108a6200a0311ec6c38cc68e25d067d.mp4,-5.775332927703857,0.9969064355827868,5.775332927703857,0.0209647239211065,0,0,real,11.469712480902672
/workspace/data/genbuster-mini/extracted/GenBuster-200K-mini/benchmark/real/1135c6789213b9cd105c8a49b05b1d53c95d3c56b197bfc564293cb0cb2bc897.mp4,-12.455952644348145,0.999996105543687,12.455952644348145,5.2403625055164074e-05,0,0,real,5.657235160470009
/workspace/data/genbuster-mini/extracted/GenBuster-200K-mini/benchmark/real/11078b538f44f3967b23443cd6fd3df429a1f8d01cab5d5f4aac9ccb5d79733e.mp4,-16.96908187866211,0.9999999573006413,16.96908187866211,7.672662744610802e-07,0,0,real,5.81405870616436
/workspace/data/genbuster-mini/extracted/GenBuster-200K-mini/benchmark/real/10f63874c8d6068dc9d45a349d9df3f408e9438f0ea49ea1f2ad1a1e81554b18.mp4,-13.914620399475098,0.9999990943576336,13.914620399475098,1.3507310561869811e-05,0,0,real,10.684220120310783
/workspace/data/genbuster-mini/extracted/GenBuster-200K-mini/benchmark/real/10efbfefb5b687e1d362e951121ce45779abc3d27e7cb9eb8457f54bbbc9a571.mp4,-17.61470603942871,0.999999977611223,17.61470603942871,4.167585029898959e-07,0,0,real,5.971059203147888
/workspace/data/genbuster-mini/extracted/GenBuster-200K-mini/benchmark/real/10c1aedf7574aa61d4f315e09eb11c4499230da9b778248524e91a0cdfa9ed98.mp4,-18.632234573364258,0.9999999919067433,18.632234573364258,1.5888671507762687e-07,0,0,real,5.880448967218399
/workspace/data/genbuster-mini/extracted/GenBuster-200K-mini/benchmark/real/10b677f0103405510fc7ee6c017fb8fea18c09c1c72f22b314ad29edb75776d3.mp4,-24.8548583984375,0.9999999999839427,24.8548583984375,4.1318875507150013e-10,0,0,real,6.442539393901825
/workspace/data/genbuster-mini/extracted/GenBuster-200K-mini/benchmark/real/10748479bfc7ac5f946b65a2b54f9378c2b452a1b13e5b571192834c5c089197.mp4,-43.739864349365234,1.0,43.739864349365234,-1.00008611179575e-12,0,0,real,8.440366014838219
/workspace/data/genbuster-mini/extracted/GenBuster-200K-mini/benchmark/real/1022db21e3be49e84541d4ecd8c4217d58495eac316155ccbad2ab8c2878d523.mp4,-27.821388244628906,0.9999999999991733,27.821388244628906,2.2169872035504443e-11,0,0,real,11.11745648086071
/workspace/data/genbuster-mini/extracted/GenBuster-200K-mini/benchmark/real/0fea02ffaec1f6bb7a17aa3ea871438e71a09acbdcef093d097418c1a1384fce.mp4,-23.033111572265625,0.9999999999007234,23.033111572265625,2.3839299882200345e-09,0,0,real,15.907928347587585
/workspace/data/genbuster-mini/extracted/GenBuster-200K-mini/benchmark/real/0fc37536f6812dad044edefac07d650bf92b5a0fb78c131b7ada7eb81c8debdb.mp4,-7.7156267166137695,0.9995543926488608,7.7156267166137695,0.0038838466224594918,0,0,real,8.968204259872437
/workspace/data/genbuster-mini/extracted/GenBuster-200K-mini/benchmark/real/0fb23966065611dec149730e0a751a9bf2c36fadb1a0cab2567608ae4ebb3f19.mp4,6.665025234222412,0.9987269043922424,6.665025234222412,0.009759127036946157,1,0,real,11.540792882442474
/workspace/data/genbuster-mini/extracted/GenBuster-200K-mini/benchmark/real/0f636392f9d346b18f57055a8a997faf29e58ebb49e0e95b3bf066c65aa866a5.mp4,-33.26353454589844,0.9999999999999964,33.26353454589844,-8.976418814222565e-13,0,0,real,11.106844991445541
/workspace/data/genbuster-mini/extracted/GenBuster-200K-mini/benchmark/real/0f4836d3d073f1081a2b3a8af98386ac2c60c71be7a46eaec27bf01eeb51632a.mp4,-22.21287727355957,0.9999999997745397,22.21287727355957,5.2315836532260025e-09,0,0,real,10.88620163500309
/workspace/data/genbuster-mini/extracted/GenBuster-200K-mini/benchmark/real/0f32900c364124ec156ea21fda0efa1aee41ee298a070423003787d9a184be58.mp4,-28.801937103271484,0.9999999999996899,28.801937103271484,7.794260624177504e-12,0,0,real,11.809175834059715
/workspace/data/genbuster-mini/extracted/GenBuster-200K-mini/benchmark/real/0f2d226250581998f6cbaf19efecdaee3a408948edf4e9efd568c93074867d97.mp4,-20.583837509155273,0.9999999988503836,20.583837509155273,2.4811134081507875e-08,0,0,real,5.82483783364296
/workspace/data/genbuster-mini/extracted/GenBuster-200K-mini/benchmark/real/0eddce535d055e02ffd8256322645998957850a5105de19dea2e448a3a514170.mp4,-16.372217178344727,0.9999999224402529,16.372217178344727,1.347382774333664e-06,0,0,real,9.44587029516697
/workspace/data/genbuster-mini/extracted/GenBuster-200K-mini/benchmark/real/0ebfe50ad1349566b3dce4d144b280292fba3597e9b9a12d55d9a302b46142a4.mp4,-21.6686954498291,0.9999999996114874,21.6686954498291,8.805075321864421e-09,0,0,real,9.177545085549355
/workspace/data/genbuster-mini/extracted/GenBuster-200K-mini/benchmark/real/0e3ca0e4c5efafbba7baf17f5b677ac8b6d24cc53edd7538b43d6b2b338c451b.mp4,-14.031868934631348,0.9999991945540501,14.031868934631348,1.2107356275963109e-05,0,0,real,8.7701715528965
/workspace/data/genbuster-mini/extracted/GenBuster-200K-mini/benchmark/real/0e31c8908fcde25f09d8558888f1944fe08d17c2f76136003bca0697aa4ea768.mp4,-16.78725814819336,0.9999999487862752,16.78725814819336,9.109497494106014e-07,0,0,real,8.648499846458435
/workspace/data/genbuster-mini/extracted/GenBuster-200K-mini/benchmark/real/0e2cd349b36dc1ad510649f8c32cacba4dfd72e92af6c680ccad0e9acdab9aea.mp4,-13.741669654846191,0.9999989233655242,13.741669654846191,1.5871388228348653e-05,0,0,real,21.891824901103973
/workspace/data/genbuster-mini/extracted/GenBuster-200K-mini/benchmark/real/0d7de720e5ac112f7bf883e9dc98eae16baeacf20b959efa3681bdbf79d4b50b.mp4,-52.704193115234375,1.0,52.704193115234375,-1.0000889002251791e-12,0,0,real,6.1120204627513885
/workspace/data/genbuster-mini/extracted/GenBuster-200K-mini/benchmark/real/0d136b731937a39ed208b509754433ca8ad981377d997aaa7e75cf9609c1b9f2.mp4,-20.432769775390625,0.9999999986629095,20.432769775390625,2.865555436233768e-08,0,0,real,8.07194970548153
/workspace/data/genbuster-mini/extracted/GenBuster-200K-mini/benchmark/real/0ca925e74f4e1a4f0fc8be22d71e8bf46ad351abe2ba8c9489f8b9fdac323afc.mp4,-13.689299583435059,0.9999988654797107,13.689299583435059,1.6665306977928866e-05,0,0,real,11.07754372060299
/workspace/data/genbuster-mini/extracted/GenBuster-200K-mini/benchmark/real/0ca6e242b11fa310de030162a901f4a5be468fa642ed5711d53cb008d1768080.mp4,-16.282148361206055,0.9999999151302745,16.282148361206055,1.4667291864633985e-06,0,0,real,7.1982089430093765
/workspace/data/genbuster-mini/extracted/GenBuster-200K-mini/benchmark/real/0c05de9a3758bd1c2cce0058ebcd3e0ffef3dc8a91582919d7af7d6a376a851f.mp4,-18.939897537231445,0.9999999940501363,18.939897537231445,1.1863767279841156e-07,0,0,real,11.450700461864471
/workspace/data/genbuster-mini/extracted/GenBuster-200K-mini/benchmark/real/0bddbec5d82923ac69d4dfe6c8853f6048174682eb4fac3e54745461c8d36652.mp4,-21.25658416748047,0.999999999413345,21.25658416748047,1.3054937273500114e-08,0,0,real,9.547494351863861
/workspace/data/genbuster-mini/extracted/GenBuster-200K-mini/benchmark/real/0bdc3aabdc9f8d6ea9eac15222f15ece0605f14d861d7447da74ed3470bfc56d.mp4,-33.795654296875,0.9999999999999979,33.795654296875,-9.397789382641792e-13,0,0,real,12.055739760398865
/workspace/data/genbuster-mini/extracted/GenBuster-200K-mini/benchmark/real/0bd1e058c5dc322993582f524838aff39735e770fcc4fe68b6f325cf8cbec474.mp4,-18.787446975708008,0.9999999930702841,18.787446975708008,1.3711938653627575e-07,0,0,real,11.032674461603165
/workspace/data/genbuster-mini/extracted/GenBuster-200K-mini/benchmark/real/0b8ceac63be1eb77d4358c2bb2be6b71826c1c603f933f4c52e2820e6c84a03c.mp4,-10.521979331970215,0.999973062904246,10.521979331970215,0.00031036901940027523,0,0,real,10.77795960009098
/workspace/data/genbuster-mini/extracted/GenBuster-200K-mini/benchmark/real/0b785024b6f97debabace7941415f1145c76f798ceefe6a9db39fe319a46d190.mp4,-16.386550903320312,0.9999999235440455,16.386550903320312,1.329303350095499e-06,0,0,real,10.709971189498901
/workspace/data/genbuster-mini/extracted/GenBuster-200K-mini/benchmark/real/0b65ba4e433f25a72e98ed73e96565b6673151230dd5aae9e98791ad04f7bdd2.mp4,-12.512743949890137,0.9999963205511904,12.512743949890137,4.971945429149007e-05,0,0,real,10.807232931256294
/workspace/data/genbuster-mini/extracted/GenBuster-200K-mini/benchmark/real/0afd78490a319caa7d5d39f86f1851e6fecc0168476813e1bc65e5266418de01.mp4,-15.894561767578125,0.9999998749512145,15.894561767578125,2.1126424391029825e-06,0,0,real,4.290316253900528
/workspace/data/genbuster-mini/extracted/GenBuster-200K-mini/benchmark/real/0a99652d4aa264da7fa5d972bf9f46c397194d379dd47100f495c8f5a057f5f6.mp4,-11.864035606384277,0.9999929609880382,11.864035606384277,9.05501239775174e-05,0,0,real,10.852731764316559
/workspace/data/genbuster-mini/extracted/GenBuster-200K-mini/benchmark/real/0a866f31f3df7a36d584fc415a87d8978f2f622189ebb60e4a07edf79b6e8ff0.mp4,-13.07424259185791,0.9999979014096425,13.07424259185791,2.953607000800505e-05,0,0,real,7.536303251981735
/workspace/data/genbuster-mini/extracted/GenBuster-200K-mini/benchmark/real/0a2ff71fc61f7a48f87c012af5cb7e1725e9e745ae83f49213f1db169fe1dbcc.mp4,-34.27903747558594,0.9999999999999987,34.27903747558594,-9.629321643856986e-13,0,0,real,10.687410831451416
/workspace/data/genbuster-mini/extracted/GenBuster-200K-mini/benchmark/real/09e0f11435f8f2cf933ee1401f054d037d4c8ed6c0d59927f417ee8f2dc8c6b8.mp4,-20.65973663330078,0.9999999989344095,20.65973663330078,2.3078410281484538e-08,0,0,real,11.069756001234055
/workspace/data/genbuster-mini/extracted/GenBuster-200K-mini/benchmark/real/09aea19c14c0652e93d00e53b762194b9b4ef10b8ad76038089afe3c30ed5f06.mp4,-17.29988670349121,0.9999999693271135,17.29988670349121,5.613083479534378e-07,0,0,real,9.365791454911232
/workspace/data/genbuster-mini/extracted/GenBuster-200K-mini/benchmark/real/096c7c540fc0d25e93e461116a3323c2279470fd3ef2d22bc1c9fb3c6410c342.mp4,-21.124357223510742,0.9999999993304112,21.124357223510742,1.4812224364852858e-08,0,0,real,10.975794866681099
/workspace/data/genbuster-mini/extracted/GenBuster-200K-mini/benchmark/real/089bf28fcdba45a36d1523b9cff542a41d29fb51e46397b565baed411c29e407.mp4,-13.121389389038086,0.9999979980550506,13.121389389038086,2.8270244137924065e-05,0,0,real,10.818332433700562
/workspace/data/genbuster-mini/extracted/GenBuster-200K-mini/benchmark/real/085edcbe2e2553236f0faa3644ecc37a8545eb8bf2e09bade90fe7e7a76745f8.mp4,-18.135236740112305,0.9999999866964737,18.135236740112305,2.5456412433472275e-07,0,0,real,4.447365179657936
/workspace/data/genbuster-mini/extracted/GenBuster-200K-mini/benchmark/real/085e17e421507fe75c9f6d69c128bf48e7820be1e90613409ba87d4ed9b20195.mp4,-28.0306339263916,0.9999999999993294,28.0306339263916,1.7855164205091743e-11,0,0,real,7.25904107093811
/workspace/data/genbuster-mini/extracted/GenBuster-200K-mini/benchmark/real/08323f7ee0faf6de12f12833441b30d3cf6e02a1b746a727fcb607aa71c217dc.mp4,-4.502950668334961,0.9890450742095709,4.502950668334961,0.06034486369008577,0,0,real,8.076181635260582
/workspace/data/genbuster-mini/extracted/GenBuster-200K-mini/benchmark/real/08248467e99087b6ac08fbc1ee0eb9b677e3427a6959a10d70951deee11f6114.mp4,-10.75243091583252,0.9999786071184644,10.75243091583252,0.0002514185896145576,0,0,real,7.368788123130798
/workspace/data/genbuster-mini/extracted/GenBuster-200K-mini/benchmark/real/08217c4402cb5fb0519e7f0894f65d4f850d694a553a5525ae462c374d7d3c4b.mp4,-8.97913646697998,0.9998740042647114,8.97913646697998,0.001257336576340609,0,0,real,11.673813685774803
/workspace/data/genbuster-mini/extracted/GenBuster-200K-mini/benchmark/real/08206e5c46f2a21c9c52b11f6b6acb87839a6490b712304a6b6da3af1ebad051.mp4,-23.734352111816406,0.9999999999507618,23.734352111816406,1.2158840898855235e-09,0,0,real,11.285649612545967
/workspace/data/genbuster-mini/extracted/GenBuster-200K-mini/benchmark/real/07ae26c4807d4b9f1876bee31c76b9d7e196245d6268588827a5ed5ef4364583.mp4,-21.17238426208496,0.9999999993618095,21.17238426208496,1.4148205828838881e-08,0,0,real,8.674638345837593
/workspace/data/genbuster-mini/extracted/GenBuster-200K-mini/benchmark/real/076a8fa1a7df84d802bf50b27ed2780fd845819fdae4722ad30e35a91744997d.mp4,-11.441240310668945,0.9999892569458098,11.441240310668945,0.0001336569754207868,0,0,real,10.29922440648079
/workspace/data/genbuster-mini/extracted/GenBuster-200K-mini/benchmark/real/0709fdba97938dddc09ac2d0bb094f19e44a0297e94e20979942b2191dca1f04.mp4,-23.349817276000977,0.9999999999276725,23.349817276000977,1.7591672450473514e-09,0,0,real,11.43874041736126
/workspace/data/genbuster-mini/extracted/GenBuster-200K-mini/benchmark/real/06eb0b1ec20a46607900691fc9a2294f1edeb75e2285bdc6fd022f11be3818b5.mp4,-13.544183731079102,0.999998688298092,13.544183731079102,1.9077632482199932e-05,0,0,real,11.670045554637909
/workspace/data/genbuster-mini/extracted/GenBuster-200K-mini/benchmark/real/06e6f7dd25a45bcfb1fa61b3cf050ae41bdcc71341db45e0e1a07dfa663e4792.mp4,-9.890005111694336,0.9999493238792638,9.890005111694336,0.000551864493939934,0,0,real,11.137537658214569
/workspace/data/genbuster-mini/extracted/GenBuster-200K-mini/benchmark/real/06897613134be72863fd15f53c9293d95fd3537b699272d627150bec646edc6d.mp4,-10.216862678527832,0.9999634525520378,10.216862678527832,0.0004099483698484091,0,0,real,11.86547614634037
/workspace/data/genbuster-mini/extracted/GenBuster-200K-mini/benchmark/real/06775684481e427303fad0b09736ac854f77cbe50c55a91ab09cd03a46349345.mp4,-22.699434280395508,0.9999999998614008,22.699434280395508,3.2827278990214987e-09,0,0,real,10.993551462888718
/workspace/data/genbuster-mini/extracted/GenBuster-200K-mini/benchmark/real/06426d4bfe5a08d1b1eb5fe9fc20bedbb259ce48f44fe81af63e146ef3cd3c6b.mp4,-34.50543212890625,0.999999999999999,34.50543212890625,-9.704118559863357e-13,0,0,real,11.213405057787895
/workspace/data/genbuster-mini/extracted/GenBuster-200K-mini/benchmark/real/05b7139cabb16f25c796d969af5a07a522c5aa0d0fe3d2afb9dd7e134849db04.mp4,-30.13962173461914,0.9999999999999186,30.13962173461914,1.3237033274708776e-12,0,0,real,11.442221701145172
/workspace/data/genbuster-mini/extracted/GenBuster-200K-mini/benchmark/real/05ae099511cce8f14f6fc82bb8ac11deaa9c13719c4ce6e83d2297977578258f.mp4,-25.066492080688477,0.9999999999870055,25.066492080688477,3.3675860400580973e-10,0,0,real,10.977596044540405
/workspace/data/genbuster-mini/extracted/GenBuster-200K-mini/benchmark/real/05a513a6c8f45a2393e7635d4909df8dfd2287c5cdfd0d26cca332a1100843c5.mp4,-14.813651084899902,0.9999996314359976,14.813651084899902,5.828340606011434e-06,0,0,real,6.725121289491653
/workspace/data/genbuster-mini/extracted/GenBuster-200K-mini/benchmark/real/05294e43123ae02691c8ed5888fd651c1ed9ae1087c1e94659902cd7ff368611.mp4,-19.026742935180664,0.9999999945450528,19.026742935180664,1.092428244406404e-07,0,0,real,10.358653962612152
/workspace/data/genbuster-mini/extracted/GenBuster-200K-mini/benchmark/real/04de1edbe2b408208af645b2eb3003a90d0b6ada34bff5e2db1b27190a260bc3.mp4,-19.828672409057617,0.9999999975536591,19.828672409057617,5.0952033654857906e-08,0,0,real,11.015243828296661
/workspace/data/genbuster-mini/extracted/GenBuster-200K-mini/benchmark/real/048d04181aff29a8ff74a49c0305a2b78f13b60ee9308498df9ecb19e9c53229.mp4,-21.888166427612305,0.9999999996880463,21.888166427612305,7.138048890599084e-09,0,0,real,8.949844166636467
/workspace/data/genbuster-mini/extracted/GenBuster-200K-mini/benchmark/real/047c74306469628c4baf1f25a86564e3f6e362cfcc56223ca8e7ee272b5fa0f2.mp4,-8.14236831665039,0.9997091373370495,8.14236831665039,0.0026592159385826998,0,0,real,6.407506763935089
/workspace/data/genbuster-mini/extracted/GenBuster-200K-mini/benchmark/real/044519fcad01fe14bec50d60dccd96af3c18ce6ed0b6d0a51b2359604d595f13.mp4,-37.903541564941406,1.0,37.903541564941406,-9.991336936647838e-13,0,0,real,10.960573330521584
/workspace/data/genbuster-mini/extracted/GenBuster-200K-mini/benchmark/real/04313a2457055b2af264fdcb4b0a5cea77c98594f827896113b6717514bdbaef.mp4,-11.83227252960205,0.9999927338199086,11.83227252960205,9.324162789443521e-05,0,0,real,5.219027400016785
/workspace/data/genbuster-mini/extracted/GenBuster-200K-mini/benchmark/real/042f671593b1defb57e4c5de5c2daaf89e66b3445634da8e62e6a23b14b9130d.mp4,-33.4889030456543,0.9999999999999971,33.4889030456543,-9.182606476457635e-13,0,0,real,8.745869621634483
/workspace/data/genbuster-mini/extracted/GenBuster-200K-mini/benchmark/real/03ed8b9bfcd7fd58ef2632345b4f1cfb1bf61413f82794dd8f0becccb781cbbf.mp4,-10.063453674316406,0.9999573931818304,10.063453674316406,0.0004713794640661677,0,0,real,11.00754551589489
/workspace/data/genbuster-mini/extracted/GenBuster-200K-mini/benchmark/real/039ee49819c7a45dcc2f9f2e75862c3fc7d432e668a8c102f8ae2f1a8d5c0557.mp4,-9.081296920776367,0.9998862389838905,9.081296920776367,0.0011468650474579635,0,0,real,11.782048270106316
/workspace/data/genbuster-mini/extracted/GenBuster-200K-mini/benchmark/real/0383ebf9db4b3c3343bdbb3c783e49e365c6ff9cceb8fbe0ede912f3cd68f858.mp4,-22.088375091552734,0.9999999997446473,22.088375091552734,5.893682415049572e-09,0,0,real,10.969484224915504
/workspace/data/genbuster-mini/extracted/GenBuster-200K-mini/benchmark/real/037df8db36c37ab2d479248a6960e6e12b9fd2a0b7bdf6f7525f4dcbc12de460.mp4,-35.88068389892578,0.9999999999999998,35.88068389892578,-9.926456489409143e-13,0,0,real,9.206527844071388
/workspace/data/genbuster-mini/extracted/GenBuster-200K-mini/benchmark/real/0363f60aac06815532b84768fe035e0fa202ec796336b1ff1c135a5226bd6e6f.mp4,-1.5486990213394165,0.8247257471084595,1.5486990213394165,0.46415143526486846,0,0,real,10.91037318110466
/workspace/data/genbuster-mini/extracted/GenBuster-200K-mini/benchmark/real/033b67efc911855a1d845821a107d9324abac093c2e01effe9b0a74ecac1015c.mp4,-9.374415397644043,0.9999151393712964,9.374415397644043,0.0008803830159851329,0,0,real,9.0939961373806
/workspace/data/genbuster-mini/extracted/GenBuster-200K-mini/benchmark/real/0339ed8439b7f17b8cc1b9e8206e851433b688c2a3c00bdc23df75f5985ec692.mp4,-14.617300987243652,0.999999551475014,14.617300987243652,7.00474781284138e-06,0,0,real,11.39841042459011
/workspace/data/genbuster-mini/extracted/GenBuster-200K-mini/benchmark/real/0307194a1cda0d49aa2e821dee4d6ff85d33dbb7c7c26a312e29d61660e6ba09.mp4,-11.764878273010254,0.9999922272463664,11.764878273010254,9.921828232383041e-05,0,0,real,8.405834436416626
/workspace/data/genbuster-mini/extracted/GenBuster-200K-mini/benchmark/real/02a833c519ac25544fa7491beabc8ef8ca70fe9b154b5c34e5ba5f464f675cef.mp4,-23.803987503051758,0.9999999999540738,23.803987503051758,1.1371612111007607e-09,0,0,real,10.894592851400375
/workspace/data/genbuster-mini/extracted/GenBuster-200K-mini/benchmark/real/01fbbdee65c525b486e5d729aac442dc458a897fa1651c9124acbd7a1d96c32e.mp4,-10.557502746582031,0.9999740029834356,10.557502746582031,0.0003004609270567491,0,0,real,7.92255811393261
/workspace/data/genbuster-mini/extracted/GenBuster-200K-mini/benchmark/real/01f09eba69285ee16b8497202fca6d4a66d58dc9e4131348248b7bb117898ced.mp4,-10.06689739227295,0.9999575396504952,10.06689739227295,0.0004699052313899511,0,0,real,7.994521409273148
/workspace/data/genbuster-mini/extracted/GenBuster-200K-mini/benchmark/fake/wanx/fadc0e07da7d1c95fd0dd935a1e6347a56680e0bcd3e7a2974f6f8072900d702.mp4,-7.845657825469971,0.9996087051695213,7.845657825469971,0.0034613367699553445,0,1,wanx,11.568853631615639
/workspace/data/genbuster-mini/extracted/GenBuster-200K-mini/benchmark/fake/wanx/f870e0bd4e1a9dcee0849fd32faf69f17dfb2630fa1d406e9d9037b6b267922e.mp4,-9.035710334777832,0.9998809336248087,9.035710334777832,0.0011949227434478427,0,1,wanx,11.065533384680748
/workspace/data/genbuster-mini/extracted/GenBuster-200K-mini/benchmark/fake/wanx/f7b9b3bf891018b849980e20ec4b335c63f3965ca11877b5ab335268c142fcd1.mp4,-10.5465087890625,0.9999737156049378,10.5465087890625,0.00030349334374325614,0,1,wanx,6.057772785425186
/workspace/data/genbuster-mini/extracted/GenBuster-200K-mini/benchmark/fake/wanx/f6061b75b25fff5fd66faa63125619a10de423efa98c038b9e55febacd4dc96f.mp4,6.422092914581299,0.9983773231506348,6.422092914581299,0.012044913363250356,1,1,wanx,8.689779788255692
/workspace/data/genbuster-mini/extracted/GenBuster-200K-mini/benchmark/fake/wanx/f5df91963f4c8678588b6175f26c6ffeeeffd7a5d010473af8fd1c678328ad34.mp4,-11.888015747070312,0.9999931277752694,11.888015747070312,8.856936251773783e-05,0,1,wanx,11.716514825820923
/workspace/data/genbuster-mini/extracted/GenBuster-200K-mini/benchmark/fake/wanx/f524f01c7534359984ad936f3989c711bae21e50fc542a6f5c573a57f9d1caf6.mp4,-3.0510737895965576,0.9548288621008396,3.0510737895965576,0.1840436310760019,0,1,wanx,5.169177427887917
/workspace/data/genbuster-mini/extracted/GenBuster-200K-mini/benchmark/fake/wanx/f50e8395098d723017010c91a5c28fd5b82e6a3771d33a852bf9320af176fe10.mp4,-36.569644927978516,0.9999999999999999,36.569644927978516,-9.96241089236095e-13,0,1,wanx,11.407110840082169
/workspace/data/genbuster-mini/extracted/GenBuster-200K-mini/benchmark/fake/wanx/f4caa2321b2049bb0e6d97211b4ed5b711f87b29c16625c62fd0aada561c0e34.mp4,-0.9453830718994141,0.7201857566833496,0.9453830718994141,0.5927777917986655,0,1,wanx,11.15153543651104
/workspace/data/genbuster-mini/extracted/GenBuster-200K-mini/benchmark/fake/wanx/f4ca4c9670e2ca09aacb6e63b98325862a8ef6583d3c58cdac56b5fa37c812a6.mp4,-5.611140727996826,0.9963564286008477,5.611140727996826,0.024094817139980098,0,1,wanx,10.952472686767578
/workspace/data/genbuster-mini/extracted/GenBuster-200K-mini/benchmark/fake/wanx/f42115c1e0fc1b1f79d069fa2ae07a98fd7c735bfbc1025e91a41270fd9a7762.mp4,-9.801648139953613,0.9999446427827934,9.801648139953613,0.0005979507134500992,0,1,wanx,6.2880739569664
/workspace/data/genbuster-mini/extracted/GenBuster-200K-mini/benchmark/fake/wanx/f15f7724441302c269ad6520eabc48fd447615741248a61ad47b866356c3f453.mp4,-7.270230293273926,0.9993045323062688,7.270230293273926,0.005751919933181963,0,1,wanx,11.394841596484184
/workspace/data/genbuster-mini/extracted/GenBuster-200K-mini/benchmark/fake/wanx/f06ee99835b3fa54a2d1fc7ee247e53fbbac3d7fe1522fb5e67b3fa100158aae.mp4,-17.69582748413086,0.999999979355719,17.69582748413086,3.859599155147758e-07,0,1,wanx,5.314188078045845
/workspace/data/genbuster-mini/extracted/GenBuster-200K-mini/benchmark/fake/wanx/efd417b259474ce3e9f7eb5323a0583dc6d5778bbed556225a11de9ab0b584e5.mp4,-29.09630012512207,0.999999999999769,29.09630012512207,5.566185956943983e-12,0,1,wanx,5.858058109879494
/workspace/data/genbuster-mini/extracted/GenBuster-200K-mini/benchmark/fake/wanx/ef169de022f06a4ad2182bfd5a96e56fb1649952674b21d0ad6d0dfecd90f65d.mp4,-30.688318252563477,0.999999999999953,30.688318252563477,3.4388600279008523e-13,0,1,wanx,5.880948156118393
/workspace/data/genbuster-mini/extracted/GenBuster-200K-mini/benchmark/fake/wanx/eea27911022b607337574dc0aa20b199a35aae7714d4e54542bd8bbbd867d7ed.mp4,-20.48320770263672,0.999999998728677,20.48320770263672,2.7310097495559172e-08,0,1,wanx,5.069466307759285
/workspace/data/genbuster-mini/extracted/GenBuster-200K-mini/benchmark/fake/wanx/ee32135f0786a6011b30c7fca23180c152514b419fb0e2e064cdfc2b47b997b1.mp4,-26.728595733642578,0.9999999999975344,26.728595733642578,6.65275680551566e-11,0,1,wanx,10.933691635727882
/workspace/data/genbuster-mini/extracted/GenBuster-200K-mini/benchmark/fake/wanx/ecaeece0bfab44f0cb025edc6b0dde9a2174ee7c0d6edf225e7ce8f1401c19fe.mp4,-28.138835906982422,0.9999999999993981,28.138835906982422,1.594694369060391e-11,0,1,wanx,5.817746743559837
/workspace/data/genbuster-mini/extracted/GenBuster-200K-mini/benchmark/fake/wanx/eab692b963840c17900463bab52ccdabc06010a96a9d3b83fbbe35a20207bc31.mp4,-3.7758095264434814,0.9775949604809284,3.7758095264434814,0.10725700710875768,0,1,wanx,11.863496154546738
/workspace/data/genbuster-mini/extracted/GenBuster-200K-mini/benchmark/fake/wanx/e9e3e3e6d84605d15bad29486a7ffc251b69aceeb4865a95cc9dd94124497a3c.mp4,-25.54925537109375,0.9999999999919814,25.54925537109375,2.1094586931857361e-10,0,1,wanx,10.704439133405685
/workspace/data/genbuster-mini/extracted/GenBuster-200K-mini/benchmark/fake/wanx/e7eb414b8242fb69b2503b019957b80184f09d17893153f86d316082cb21acd8.mp4,6.8951520919799805,0.9989883303642273,6.8951520919799805,0.007987786527840093,1,1,wanx,9.14061814546585
/workspace/data/genbuster-mini/extracted/GenBuster-200K-mini/benchmark/fake/wanx/e6a19558b188223038405a9cbba9e7b98447ac59bda432f4a3ec965c44fa1a0c.mp4,-21.195514678955078,0.9999999993764017,21.195514678955078,1.3839085723896252e-08,0,1,wanx,11.831218376755714
/workspace/data/genbuster-mini/extracted/GenBuster-200K-mini/benchmark/fake/wanx/e5a21eb81ada4ebea846c363c3ebc08af76f5e58536d840eeb6ab1daa2a9d31c.mp4,-19.48188591003418,0.9999999965396149,19.48188591003418,7.08732129310011e-08,0,1,wanx,10.717388242483139
/workspace/data/genbuster-mini/extracted/GenBuster-200K-mini/benchmark/fake/wanx/e3e262b1e0626936f3fc2326423244e86e641a4a6ae0b31c00ce6c4c8032aef1.mp4,-27.50470733642578,0.9999999999988654,27.50470733642578,3.062548562092103e-11,0,1,wanx,10.968104004859924
/workspace/data/genbuster-mini/extracted/GenBuster-200K-mini/benchmark/fake/wanx/e13bdf686b7ff8d3b0589d3e7549b821fcb89a46f6f92377d232c129c6157d59.mp4,-13.54426097869873,0.999998688399387,13.54426097869873,1.907626052056572e-05,0,1,wanx,9.552324190735817
/workspace/data/genbuster-mini/extracted/GenBuster-200K-mini/benchmark/fake/wanx/e0ad9bffac51815fdb7022bd4ff161e853ceb5b0449a12ec17a3900330d6f2c8.mp4,-23.886098861694336,0.9999999999576943,23.886098861694336,1.0508359339088862e-09,0,1,wanx,10.768920183181763
/workspace/data/genbuster-mini/extracted/GenBuster-200K-mini/benchmark/fake/wanx/dfada9ccac4728100205547e08bd3ea6b0149899f5bfc7cf22a0bacef907558f.mp4,0.40374892950057983,0.5995880365371704,0.40374892950057983,0.6731783502870472,1,1,wanx,6.136631593108177
/workspace/data/genbuster-mini/extracted/GenBuster-200K-mini/benchmark/fake/wanx/de2ce91b97dd7da66b03fc9d3af6dea1d81f83f81ae0a6bd8a78de25ee6c4aea.mp4,-18.330181121826172,0.9999999890527898,18.330181121826172,2.1160955759806387e-07,0,1,wanx,6.554488092660904
/workspace/data/genbuster-mini/extracted/GenBuster-200K-mini/benchmark/fake/wanx/d4464dda555a865cb165f745d095e56dd8b4e377f5a9638c2a1923e8881feab4.mp4,-18.236106872558594,0.9999999879729424,18.236106872558594,2.3135176547389078e-07,0,1,wanx,51.838574931025505
/workspace/data/genbuster-mini/extracted/GenBuster-200K-mini/benchmark/fake/wanx/d401aa05a0f45584374914f19b56d6857ca92b00d2bb80dec50ce1c23fea8051.mp4,-14.484053611755371,0.9999994875456082,14.484053611755371,7.934869406296923e-06,0,1,wanx,6.116252392530441
/workspace/data/genbuster-mini/extracted/GenBuster-200K-mini/benchmark/fake/wanx/d1e9cac9f1cf6cdc498ea7f01a27309dccc3ca0bc0114ed3d6f788c9e4b9acaf.mp4,-11.007712364196777,0.999983426887411,11.007712364196777,0.00019900530365149429,0,1,wanx,6.445556879043579
/workspace/data/genbuster-mini/extracted/GenBuster-200K-mini/benchmark/fake/wanx/cf09d119bcf717bf53db80c7603ebda2e99fb6593e419db1fe06b881077838df.mp4,-2.4329721927642822,0.919307291507721,2.4329721927642822,0.2804579550354306,0,1,wanx,5.221078172326088
/workspace/data/genbuster-mini/extracted/GenBuster-200K-mini/benchmark/fake/wanx/cc925e9d2002da9a37abb24edb581e49813cd552ce8d0cd3bdc0cc88f3bba032.mp4,-4.695337772369385,0.9909449629485607,4.695337772369385,0.051612740939301315,0,1,wanx,6.312111392617226
/workspace/data/genbuster-mini/extracted/GenBuster-200K-mini/benchmark/fake/wanx/cbfa3468242fb9ae09ccda17362f1d4c9576e3282fa05fac7d1f4188a8606031.mp4,-13.012431144714355,0.9999977676000071,13.012431144714355,3.1281351554521673e-05,0,1,wanx,8.305193856358528
/workspace/data/genbuster-mini/extracted/GenBuster-200K-mini/benchmark/fake/wanx/cbae1c0cfc55ce8c0ec0c02ff93bf32f6f0af06ea0fb92730f716e0c78e70c71.mp4,-31.7315731048584,0.9999999999999835,31.7315731048584,-5.260404282359857e-13,0,1,wanx,7.728375494480133
/workspace/data/genbuster-mini/extracted/GenBuster-200K-mini/benchmark/fake/wanx/cb6c9beaef0cb0ea9b60a6ed79950cf760341aef044608a12d6b712df3271f32.mp4,15.707926750183105,0.9999998807907104,15.707926750183105,2.0196876902912675e-06,1,1,wanx,7.475102320313454
/workspace/data/genbuster-mini/extracted/GenBuster-200K-mini/benchmark/fake/wanx/cb0d09623cfdf0fcba2e32c0ae9b362e40f446b3513ced7555029d68d3e16b20.mp4,-11.411752700805664,0.9999889354448896,11.411752700805664,0.00013733058128303382,0,1,wanx,7.185066118836403
/workspace/data/genbuster-mini/extracted/GenBuster-200K-mini/benchmark/fake/wanx/ca6a4fa8090dda8d41dc5699ccb0a1f5eb733ab52be6311f25def0931065eeed.mp4,0.23675382137298584,0.55891352891922,0.23675382137298584,0.6861894209397462,1,1,wanx,8.708639070391655
/workspace/data/genbuster-mini/extracted/GenBuster-200K-mini/benchmark/fake/wanx/c80193a5ba077dd35005281f6365ab9260d6d9a652ff25c55bfa88839c0ed4b4.mp4,-3.310866594314575,0.9647997245192528,3.310866594314575,0.15237815605493124,0,1,wanx,11.949166655540466
/workspace/data/genbuster-mini/extracted/GenBuster-200K-mini/benchmark/fake/wanx/c71046bff9251b91b06222bc7fee8080a366e0e8947e55786a61ff5543d3a486.mp4,-14.720865249633789,0.9999995956017642,14.720865249633789,6.357488277375971e-06,0,1,wanx,12.080332264304161
/workspace/data/genbuster-mini/extracted/GenBuster-200K-mini/benchmark/fake/wanx/c707de13d1d608834f802ab3a17d56e7570845a8a6f1b14f978df4b4e36b6df7.mp4,-7.369831562042236,0.999370422330685,7.369831562042236,0.00526965730731953,0,1,wanx,12.200390920042992
/workspace/data/genbuster-mini/extracted/GenBuster-200K-mini/benchmark/fake/wanx/c480ca1732e84c21232286b902d81ab00b2753d180d314199852c2a4ae0f549e.mp4,6.739756107330322,0.9988184571266174,6.739756107330322,0.00914554730864009,1,1,wanx,10.721167549490929
/workspace/data/genbuster-mini/extracted/GenBuster-200K-mini/benchmark/fake/wanx/c451d6937c66abb0847b8c120e32b7c8432ec6def8f3fa27e812f14522e541ba.mp4,-32.60441207885742,0.9999999999999931,32.60441207885742,-8.020563984835317e-13,0,1,wanx,10.842081159353256
/workspace/data/genbuster-mini/extracted/GenBuster-200K-mini/benchmark/fake/wanx/c27f76b8bfe03df4bfab14b895c217f9e0859fd99e6f900baad413a12fa51266.mp4,-43.659767150878906,1.0,43.659767150878906,-1.0000858792323509e-12,0,1,wanx,10.926350951194763
/workspace/data/genbuster-mini/extracted/GenBuster-200K-mini/benchmark/fake/wanx/c17b4c12ae16e528d43269132f1c4e38620e84f0db21d04996c0bce2b409d730.mp4,-22.125751495361328,0.9999999997540152,22.125751495361328,5.68658511154917e-09,0,1,wanx,10.873692110180855
/workspace/data/genbuster-mini/extracted/GenBuster-200K-mini/benchmark/fake/wanx/bcc1d21af8fd254e328fa2e15194800f29a00db2d4dbfc483c1b14c7b67bbf92.mp4,3.6156976222991943,0.9738064408302307,3.6156976222991943,0.12125074710527593,1,1,wanx,10.805303230881691
/workspace/data/genbuster-mini/extracted/GenBuster-200K-mini/benchmark/fake/wanx/bc3e5927be756bc484aa2c6e3dac80681abdf3c1a5b9262f775c0deee6926b70.mp4,-13.144673347473145,0.9999980441295975,13.144673347473145,2.7665147752192524e-05,0,1,wanx,11.731786653399467
/workspace/data/genbuster-mini/extracted/GenBuster-200K-mini/benchmark/fake/wanx/ba99c0ed62cfa2381a840a21d30b11ca5616b806cf314cd838f94b566bd90ce7.mp4,-9.702033042907715,0.9999388447176898,9.702033042907715,0.0006544877272277018,0,1,wanx,7.190428674221039
/workspace/data/genbuster-mini/extracted/GenBuster-200K-mini/benchmark/fake/wanx/b91d4d689bdf8ececf539cdea7706a8f5c588ccf310c6c15cc27977a10000b50.mp4,-11.332869529724121,0.9999880273007875,11.332869529724121,0.00014765780773633923,0,1,wanx,11.412689462304115
/workspace/data/genbuster-mini/extracted/GenBuster-200K-mini/benchmark/fake/wanx/b257ed7def777871fa9fb778c1f2cf3c51d16ac161859f6aab5afeeb5dc8469e.mp4,-4.3719563484191895,0.9875309271737933,4.3719563484191895,0.06706170691209423,0,1,wanx,10.91376319527626
/workspace/data/genbuster-mini/extracted/GenBuster-200K-mini/benchmark/fake/wanx/b120115069aa82df4de047f1fc854ea7aa5db43345bd31409580c952c530c0b3.mp4,-10.942170143127441,0.9999823042817297,10.942170143127441,0.0002113254332121095,0,1,wanx,7.4102431535720825
/workspace/data/genbuster-mini/extracted/GenBuster-200K-mini/benchmark/fake/wanx/ab2b61ab1eb9ae56f5d40ede37841e0345d15bb6b08ae76e40993411ceefbd2b.mp4,-14.975775718688965,0.9999996865970218,14.975775718688965,5.006853730222341e-06,0,1,wanx,5.9241969138383865
/workspace/data/genbuster-mini/extracted/GenBuster-200K-mini/benchmark/fake/wanx/a40aaf26e51ab5ea7d520f46284293ce598bb0e9c6e35261d5aad0c7e127b94f.mp4,-37.21119689941406,0.9999999999999999,37.21119689941406,-9.979579771467396e-13,0,1,wanx,10.845504701137543
/workspace/data/genbuster-mini/extracted/GenBuster-200K-mini/benchmark/fake/wanx/a32101f2f7cfa6e0917ee53dc3f2a4699457fb9d3bb18cddd8c971412f2f4622.mp4,-14.595486640930176,0.9999995415832075,14.595486640930176,7.149231041388484e-06,0,1,wanx,6.9878846406936646
/workspace/data/genbuster-mini/extracted/GenBuster-200K-mini/benchmark/fake/wanx/9cf293c4b82db61600d4a42667343c3c1900a155f8247fb7c9ff015d5c9e8181.mp4,-26.920122146606445,0.9999999999979642,26.920122146606445,5.502689618631136e-11,0,1,wanx,8.432066068053246
/workspace/data/genbuster-mini/extracted/GenBuster-200K-mini/benchmark/fake/wanx/9ad8bad650e46c137d1e61e4edc647f868a90e57c21c17bcc478733daf1dd508.mp4,-3.6666436195373535,0.975075013935566,3.6666436195373535,0.11663191541811048,0,1,wanx,11.46441325545311
/workspace/data/genbuster-mini/extracted/GenBuster-200K-mini/benchmark/fake/wanx/96f668cb71392434c4511d19d7e162092bcdf4029a65dfef59d8e9d3cf1686d5.mp4,-12.854092597961426,0.9999973846045123,12.854092597961426,3.6233932740884384e-05,0,1,wanx,7.001794874668121
/workspace/data/genbuster-mini/extracted/GenBuster-200K-mini/benchmark/fake/wanx/959755320c3ee2d634be45518702e738ab91694aedf0f69b091258eefafe48a8.mp4,-17.742969512939453,0.9999999803063488,17.742969512939453,3.69115503364461e-07,0,1,wanx,10.717347264289856
/workspace/data/genbuster-mini/extracted/GenBuster-200K-mini/benchmark/fake/wanx/95245a190a93483e2cee6cc0fdb246393d9560a1c7ded7686f36ad00bd0438de.mp4,-23.46828842163086,0.9999999999357532,23.46828842163086,1.5700181808769894e-09,0,1,wanx,8.37455503642559
/workspace/data/genbuster-mini/extracted/GenBuster-200K-mini/benchmark/fake/wanx/94fda1df9089f2b2319408944f4c85d079c8443e432b7398a3353e364617a1c5.mp4,-22.4727783203125,0.9999999998261413,22.4727783203125,4.0789488160804266e-09,0,1,wanx,11.103555560112
/workspace/data/genbuster-mini/extracted/GenBuster-200K-mini/benchmark/fake/wanx/9392779ccd445cf2ff5017e811344e9bdf9f5d873ed3abc49dc446da307f08a3.mp4,-15.77017593383789,0.9999998583881649,15.77017593383789,2.37485340009313e-06,0,1,wanx,11.0357366502285
/workspace/data/genbuster-mini/extracted/GenBuster-200K-mini/benchmark/fake/wanx/927bf824360b9efaf2c6d70e9620cf9ecbf4488e0436208da531081d41f5dc97.mp4,-17.479970932006836,0.9999999743820069,17.479970932006836,4.734177654302929e-07,0,1,wanx,10.893382132053375
/workspace/data/genbuster-mini/extracted/GenBuster-200K-mini/benchmark/fake/wanx/91fd922fa722fd69d57f639190e2dddea45f0c74a22068f356f877183a257c5c.mp4,-18.215036392211914,0.9999999877168371,18.215036392211914,2.360194225687108e-07,0,1,wanx,9.24161821603775
/workspace/data/genbuster-mini/extracted/GenBuster-200K-mini/benchmark/fake/wanx/8fa25a7182f88785be1fc260b71ba08a5aee483bf55eff25ab92f629cea58e18.mp4,-24.126585006713867,0.9999999999667373,24.126585006713867,8.337923824592344e-10,0,1,wanx,10.9185129404068
/workspace/data/genbuster-mini/extracted/GenBuster-200K-mini/benchmark/fake/wanx/8c06f99cec48d915c1619d7d09f540ea472e172523150eafdf4efd5ac259a95d.mp4,-24.161535263061523,0.9999999999678798,24.161535263061523,8.062093730783152e-10,0,1,wanx,4.442177712917328
/workspace/data/genbuster-mini/extracted/GenBuster-200K-mini/benchmark/fake/wanx/8bf9c1963ea39372b6fbf6a69bde93f40f70cf0dc2c400904869fd70a2982557.mp4,-15.56865406036377,0.9999998267714858,15.56865406036377,2.8701613383141084e-06,0,1,wanx,5.151085555553436
/workspace/data/genbuster-mini/extracted/GenBuster-200K-mini/benchmark/fake/wanx/8b239a98c53ac610305c52d567ee47e1fb45f2ace770c9ebcb8521b56a530ffb.mp4,-9.726035118103027,0.9999402949979412,9.726035118103027,0.0006403997250206254,0,1,wanx,11.459080502390862
/workspace/data/genbuster-mini/extracted/GenBuster-200K-mini/benchmark/fake/wanx/894cfc86f8d6f8fbc520323115cdec065952ecc4bfaa96e9b04b8f20181e69d9.mp4,-34.3497200012207,0.9999999999999988,34.3497200012207,-9.6537680601248e-13,0,1,wanx,10.924352332949638
/workspace/data/genbuster-mini/extracted/GenBuster-200K-mini/benchmark/fake/wanx/850ccab13d18679608e33fbe22114a3f718fb1c429c2896d461a74dbecc97d99.mp4,-32.21049499511719,0.9999999999999898,32.21049499511719,-7.06477212067385e-13,0,1,wanx,6.995784118771553
/workspace/data/genbuster-mini/extracted/GenBuster-200K-mini/benchmark/fake/wanx/83b86b1ceff2cb444c3513ba75ff0ea8410acaf41207588be7ac6fdccc602616.mp4,-30.292158126831055,0.9999999999999302,30.292158126831055,9.956809177714453e-13,0,1,wanx,12.120028957724571
/workspace/data/genbuster-mini/extracted/GenBuster-200K-mini/benchmark/fake/wanx/80f5dd938085265e3c637896d3777408e8035f74ae5d6a77d04856241dc2a85f.mp4,-25.99882698059082,0.9999999999948849,25.99882698059082,1.3618800075645823e-10,0,1,wanx,11.122096329927444
/workspace/data/genbuster-mini/extracted/GenBuster-200K-mini/benchmark/fake/wanx/809e18fb75daaab0f05e41cfda735e71a8a9d5b9948a5b6201a40be9452c0c1b.mp4,-27.806312561035156,0.9999999999991608,27.806312561035156,2.2516171191193855e-11,0,1,wanx,8.512545377016068
/workspace/data/genbuster-mini/extracted/GenBuster-200K-mini/benchmark/fake/wanx/800f0170c2cc2ee171de6ced8e872f3f2dc8e452d2dc69a608f3504ae29f4696.mp4,-1.7138959169387817,0.8473409116268158,1.7138959169387817,0.42729395057404485,0,1,wanx,10.714380070567131
/workspace/data/genbuster-mini/extracted/GenBuster-200K-mini/benchmark/fake/wanx/7f9f77aedc5a02ce61ef8c0d367511e0ec4eddd978af6f944aabb37546eeea49.mp4,-4.761717319488525,0.9915215857326984,4.761717319488525,0.04888637222169004,0,1,wanx,8.296564221382141
/workspace/data/genbuster-mini/extracted/GenBuster-200K-mini/benchmark/fake/wanx/79bc1c80b43b61bfe57c04a4b37a4cf9db79f2bca12bf44237322198cbf11250.mp4,-14.225234985351562,0.9999993361673205,14.225234985351562,1.0107006795596851e-05,0,1,wanx,10.85118018090725
/workspace/data/genbuster-mini/extracted/GenBuster-200K-mini/benchmark/fake/wanx/78c4d0088e78d1bc1735822d74a32bd4651b49d3a568297e26e14a8546ea6a61.mp4,-19.72010040283203,0.9999999972731002,19.72010040283203,5.649963838608468e-08,0,1,wanx,10.998275130987167
/workspace/data/genbuster-mini/extracted/GenBuster-200K-mini/benchmark/fake/wanx/7822e4a914d6bfa8aee5f11e2a3df892cf89700e8fd47a4c5b57429811dce93c.mp4,-10.719444274902344,0.9999778896853968,10.719444274902344,0.0002591208411958546,0,1,wanx,10.908953845500946
/workspace/data/genbuster-mini/extracted/GenBuster-200K-mini/benchmark/fake/wanx/776b51789eaf3469e49f0d4a338158b2da8d79d0e33756f5dd6844d4d47b0cb0.mp4,-7.620728015899658,0.9995100552914664,7.620728015899658,0.004223800102046152,0,1,wanx,11.05925440788269
/workspace/data/genbuster-mini/extracted/GenBuster-200K-mini/benchmark/fake/wanx/7730ed6d23c436d1b3bb28f72d1e8efcc1d6390035601f45fceebd1545a95c81.mp4,-11.482609748840332,0.9999896923072811,11.482609748840332,0.0001286669569417292,0,1,wanx,10.654879733920097
/workspace/data/genbuster-mini/extracted/GenBuster-200K-mini/benchmark/fake/wanx/763c6533e03e745d0bd6dbde16834be6479fcd3572e840f9da7f290b13542c05.mp4,-11.040252685546875,0.999983957493896,11.040252685546875,0.0001931559538621883,0,1,wanx,9.284118190407753
/workspace/data/genbuster-mini/extracted/GenBuster-200K-mini/benchmark/fake/wanx/75be03e7e84116b55d8ecd21f0dd9e39a2fda0b2e750a6d87e636b963b249c6e.mp4,3.0492804050445557,0.9547514915466309,3.0492804050445557,0.18427962498706502,1,1,wanx,9.014444425702095
/workspace/data/genbuster-mini/extracted/GenBuster-200K-mini/benchmark/fake/wanx/7275cc4570c8349a0ac09a0fb74d5a8c1e18ed76c5a1d5bfa8d863591b635889.mp4,-20.013025283813477,0.9999999979655192,20.013025283813477,4.2748596677031494e-08,0,1,wanx,5.353448912501335
/workspace/data/genbuster-mini/extracted/GenBuster-200K-mini/benchmark/fake/wanx/7104882f39570dfd5257a4f223d448feac9b9d08e3663912c43b506ae7b5d167.mp4,-37.360626220703125,0.9999999999999999,37.360626220703125,-9.982229301939398e-13,0,1,wanx,11.537311598658562
/workspace/data/genbuster-mini/extracted/GenBuster-200K-mini/benchmark/fake/wanx/704bfbbe26588d20a86417a969d23127543bbe9b23c7cce0ae7afd1bedfa0bdb.mp4,-19.91571044921875,0.9999999977575804,19.91571044921875,4.689979880489391e-08,0,1,wanx,11.274490505456924
/workspace/data/genbuster-mini/extracted/GenBuster-200K-mini/benchmark/fake/wanx/6fb28f3482ed82b7b7e53102a681d31bd0e2bd84f737afd1170c48c517f7af84.mp4,-11.951605796813965,0.9999935511727926,11.951605796813965,8.352268680506432e-05,0,1,wanx,5.882468074560165
/workspace/data/genbuster-mini/extracted/GenBuster-200K-mini/benchmark/fake/wanx/6cd3dba2317bbce4c97a8e1a21c27cdfc119562d1b4ce1d22e9b317094cb9888.mp4,-32.72365951538086,0.9999999999999939,32.72365951538086,-8.242052072716642e-13,0,1,wanx,10.873110964894295
/workspace/data/genbuster-mini/extracted/GenBuster-200K-mini/benchmark/fake/wanx/685ebc7d39e8b2783d383937b2c39857b202f5203a33870ac2202433d4e5c9e9.mp4,-2.0848870277404785,0.8894255831837654,2.0848870277404785,0.3477146111632857,0,1,wanx,11.13714650273323
/workspace/data/genbuster-mini/extracted/GenBuster-200K-mini/benchmark/fake/wanx/67c4a5419d82688164b96b863c8c7a8400feefd0cb28bcdf04a1b30470cfc8c5.mp4,-14.000102996826172,0.9999991685575651,14.000102996826172,1.2471720457614604e-05,0,1,wanx,11.165658012032509
/workspace/data/genbuster-mini/extracted/GenBuster-200K-mini/benchmark/fake/wanx/65f92bb7d07431e4bd6c337e63b6dd7f1460910fbcb95d64d3baa8c20b1d5148.mp4,-32.76519012451172,0.9999999999999941,32.76519012451172,-8.313278268758776e-13,0,1,wanx,8.834730833768845
/workspace/data/genbuster-mini/extracted/GenBuster-200K-mini/benchmark/fake/wanx/5fb743f9bf347d7ff4f9b78a71b60d67e6ee69423dcdad70429eec6f264df712.mp4,-22.91023826599121,0.9999999998877439,22.91023826599121,2.682074544466797e-09,0,1,wanx,5.758006125688553
/workspace/data/genbuster-mini/extracted/GenBuster-200K-mini/benchmark/fake/wanx/5e87a694aa5e7f1fb8ae17509255b07d2c09b50c708c49ca3965b3ffce656f38.mp4,-32.09691619873047,0.9999999999999885,32.09691619873047,-6.71071853747906e-13,0,1,wanx,6.332704797387123
/workspace/data/genbuster-mini/extracted/GenBuster-200K-mini/benchmark/fake/wanx/5e3e1d92b85b7ca9c39a92b77bddc1a202fa80272feccc8297dd588dd83600c4.mp4,-20.53104591369629,0.9999999987880631,20.53104591369629,2.6092269268159417e-08,0,1,wanx,5.415709689259529
/workspace/data/genbuster-mini/extracted/GenBuster-200K-mini/benchmark/fake/wanx/5d9832af28acb81256936b06322784853f50746b5059c9501fcac142271595d6.mp4,-13.205684661865234,0.9999981598922432,13.205684661865234,2.6139990088012446e-05,0,1,wanx,7.289187982678413
/workspace/data/genbuster-mini/extracted/GenBuster-200K-mini/benchmark/fake/wanx/5cb7175b7fcbe97ccde328eb5ac9ca70a72f4612d838c7370214be26d97df883.mp4,-3.0673108100891113,0.9555240273475647,3.0673108100891113,0.18191700081367684,0,1,wanx,11.173546314239502
/workspace/data/genbuster-mini/extracted/GenBuster-200K-mini/benchmark/fake/wanx/5c3378d4591da10687e308114bcd209de0816202e24bbaea62db7e868abc4a85.mp4,-23.968339920043945,0.9999999999610343,23.968339920043945,9.709209709906774e-10,0,1,wanx,8.33108276128769
/workspace/data/genbuster-mini/extracted/GenBuster-200K-mini/benchmark/fake/wanx/5c0ddf6c204b22d84f0de36c53c96b663cc7f8c8402f8fec31e53b9e60cf0c61.mp4,-32.134376525878906,0.9999999999999889,32.134376525878906,-6.831838933423106e-13,0,1,wanx,8.506396785378456
/workspace/data/genbuster-mini/extracted/GenBuster-200K-mini/benchmark/fake/wanx/5b276f71545541ee7cffe99c5654706a62e460271ad1653246275609646928b6.mp4,-24.0253963470459,0.9999999999631953,24.0253963470459,9.190648315937392e-10,0,1,wanx,5.663355812430382
/workspace/data/genbuster-mini/extracted/GenBuster-200K-mini/benchmark/fake/wanx/5a79f334d8917bf619daba7b9524437d34bbbb58c9892bc8586b074f2f27f9fa.mp4,-2.8303306102752686,0.9442929998040199,2.8303306102752686,0.2149880117755794,0,1,wanx,11.068817228078842
/workspace/data/genbuster-mini/extracted/GenBuster-200K-mini/benchmark/fake/wanx/5a228ac837d4dbe7772f85ba7bb3b3b1c58215ea9f6924250ce861faf163f5f8.mp4,-4.973306655883789,0.9931273330003023,4.973306655883789,0.04107627300637564,0,1,wanx,9.475981816649437
/workspace/data/genbuster-mini/extracted/GenBuster-200K-mini/benchmark/fake/wanx/586098a8246a2f46f3a8719495b028e6e8581077c9d18e540e79d3642a97189c.mp4,-8.756738662719727,0.9998426276724786,8.756738662719727,0.0015354530546801998,0,1,wanx,10.997926816344261
/workspace/data/genbuster-mini/extracted/GenBuster-200K-mini/benchmark/fake/wanx/57c7949aa9cbda1755654004cc78420332a0cb5029215eab4d02c50cbf3a03be.mp4,-13.415382385253906,0.9999985079864473,13.415382385253906,2.1507945141615243e-05,0,1,wanx,10.885734111070633
/workspace/data/genbuster-mini/extracted/GenBuster-200K-mini/benchmark/fake/wanx/5778af223a3160d1e578423738d2bfe066a160aed6842abe200c988a97038287.mp4,-12.280150413513184,0.9999953570240905,12.280150413513184,6.16594271351796e-05,0,1,wanx,8.585508912801743
/workspace/data/genbuster-mini/extracted/GenBuster-200K-mini/benchmark/fake/wanx/5774510484deda117ec272980e0f64d16adaeddcd1a326c0cf38e730bda3d582.mp4,-11.61526107788086,0.9999909728157945,11.61526107788086,0.00011388032394070652,0,1,wanx,11.287808418273926
/workspace/data/genbuster-mini/extracted/GenBuster-200K-mini/benchmark/fake/wanx/556a26459fbac79fb385eb01a9937797cf8e5d5432551e6b67db8a322704d371.mp4,-4.84868860244751,0.9922223170287907,4.84868860244751,0.04551965056190883,0,1,wanx,12.233993038535118
/workspace/data/genbuster-mini/extracted/GenBuster-200K-mini/benchmark/fake/wanx/551f65bf8674f71f82cb82f2ef67100c052f6fffcaf9993e0141c1aceb8e0038.mp4,-12.649109840393066,0.9999967895937516,12.649109840393066,4.3819190737147764e-05,0,1,wanx,9.970998391509056
/workspace/data/genbuster-mini/extracted/GenBuster-200K-mini/benchmark/fake/wanx/4f1d27a3139054e19e9e17044752a102067e15d7d08c626fea1334638dd4ccdd.mp4,-4.949057102203369,0.9929598243907094,4.949057102203369,0.041907305588806204,0,1,wanx,5.816236138343811
/workspace/data/genbuster-mini/extracted/GenBuster-200K-mini/benchmark/fake/wanx/4ee1ded7a87732f19f3c3a7df23c38d0b9077feacec82b54217d5ae6c94c84d3.mp4,-27.018308639526367,0.9999999999981546,27.018308639526367,4.9906764926210596e-11,0,1,wanx,5.063135176897049
/workspace/data/genbuster-mini/extracted/GenBuster-200K-mini/benchmark/fake/wanx/48acc468fb99e72c88dd2cf489c9f66b9323b6f1e218b476a0d604ee8cb0e27f.mp4,-11.818482398986816,0.9999926329246591,11.818482398986816,9.44347507071387e-05,0,1,wanx,12.102881446480751
/workspace/data/genbuster-mini/extracted/GenBuster-200K-mini/benchmark/fake/wanx/48877755d1a2958ff004120adbe0f9fa47cb825ed6120571b86e9829c748c899.mp4,1.9152106046676636,0.8716033697128296,1.9152106046676636,0.3833273614486053,1,1,wanx,11.88906840980053
/workspace/data/genbuster-mini/extracted/GenBuster-200K-mini/benchmark/fake/wanx/4867b73c33bc9ce17da602bdbdaabbdffe2b1fd44d5f20c818c8f846c158ac62.mp4,-10.913176536560059,0.9999817837197043,10.913176536560059,0.00021701392854198996,0,1,wanx,11.403912678360939
/workspace/data/genbuster-mini/extracted/GenBuster-200K-mini/benchmark/fake/wanx/4392b3313eed3427cb8ff3b5d831d27fefacc7735845bb69a5595d9486504c1e.mp4,-5.121100425720215,0.9940659725107253,5.121100425720215,0.0363404544633968,0,1,wanx,11.230448260903358
/workspace/data/genbuster-mini/extracted/GenBuster-200K-mini/benchmark/fake/wanx/43289940508644e01da41688c63ba2f8215aab65692262ea1d66f031b8db86d4.mp4,-17.606689453125,0.9999999774310204,17.606689453125,4.199319941253952e-07,0,1,wanx,11.567212641239166
/workspace/data/genbuster-mini/extracted/GenBuster-200K-mini/benchmark/fake/wanx/423b6d387db6ac76458218c9ff1aaf68f9d7a8c283293cd9c702d12a41c8a1d3.mp4,-34.14598083496094,0.9999999999999986,34.14598083496094,-9.576120449843394e-13,0,1,wanx,4.635000601410866
/workspace/data/genbuster-mini/extracted/GenBuster-200K-mini/benchmark/fake/wanx/3bb6c64cc9b97263d18a9cdc6a01e519a905eef96514f0d04b7753b5dc08d68c.mp4,-2.5882890224456787,0.9301040694117546,2.5882890224456787,0.25336966845998876,0,1,wanx,5.291620269417763
/workspace/data/genbuster-mini/extracted/GenBuster-200K-mini/benchmark/fake/wanx/39ac5e202da3e24051e3c0a4e6d4a3ffdca06d58a0f70c05ffcb9f876004a20a.mp4,-25.877504348754883,0.9999999999942252,25.877504348754883,1.5329193780095182e-10,0,1,wanx,4.362072795629501
/workspace/data/genbuster-mini/extracted/GenBuster-200K-mini/benchmark/fake/wanx/397852a19bc5a757aaeb83a9a83174fff29ffe432d1421d07b75a7d6f3687736.mp4,-28.455602645874023,0.9999999999995616,28.455602645874023,1.1393014235388949e-11,0,1,wanx,4.4630467891693115
/workspace/data/genbuster-mini/extracted/GenBuster-200K-mini/benchmark/fake/wanx/38c32072812e77e2929198b549589af885f36963e5a6bbabf63621061a608976.mp4,-10.373566627502441,0.9999687533309043,10.373566627502441,0.0003553865559646309,0,1,wanx,4.440806806087494
/workspace/data/genbuster-mini/extracted/GenBuster-200K-mini/benchmark/fake/wanx/36cff24ee7db697de639597f7c4f89dfcfde7b7141848356eb07be7868409e0b.mp4,-1.9595869779586792,0.8764882460236549,1.9595869779586792,0.3738640084100537,0,1,wanx,8.155222982168198
/workspace/data/genbuster-mini/extracted/GenBuster-200K-mini/benchmark/fake/wanx/3258700ab99ddf654a44639cdbe90392196032f5d63da451744506fd8c5dfa2b.mp4,-14.376689910888672,0.9999994294645376,14.376689910888672,8.772945067637146e-06,0,1,wanx,10.0377406924963
/workspace/data/genbuster-mini/extracted/GenBuster-200K-mini/benchmark/fake/wanx/324a4af18425a113a87fe3fb139573145d92987b631543e7900f7ddfcf8e65a7.mp4,-28.66152572631836,0.9999999999996432,28.66152572631836,9.107341612208989e-12,0,1,wanx,10.860921815037727
/workspace/data/genbuster-mini/extracted/GenBuster-200K-mini/benchmark/fake/wanx/3247cb7813e3acba232445200167e161f7f28295cc98a3bbfe344c156f72d609.mp4,-5.514144420623779,0.9959867973811924,5.514144420623779,0.02615065595656321,0,1,wanx,8.405923843383789
/workspace/data/genbuster-mini/extracted/GenBuster-200K-mini/benchmark/fake/wanx/313939889b8bd27edbec18dc077dad37f5eb12c873b1803722b0162a508c0612.mp4,-17.672819137573242,0.9999999788752199,17.672819137573242,3.944571974288647e-07,0,1,wanx,8.52222554385662
/workspace/data/genbuster-mini/extracted/GenBuster-200K-mini/benchmark/fake/wanx/302b22f819f65d6577f87116e7ddea427fcbd3ef041ef981a41b83c64debe63e.mp4,-22.850717544555664,0.9999999998808595,22.850717544555664,2.8395909657896504e-09,0,1,wanx,10.79237274825573
/workspace/data/genbuster-mini/extracted/GenBuster-200K-mini/benchmark/fake/wanx/2ef15dbc61b5573fdf4eb9f5707f48346048ec91c29ef796cf46b5bd6e7bae38.mp4,-7.142606735229492,0.9992099364171736,7.142606735229492,0.006433489329357927,0,1,wanx,8.856771513819695
/workspace/data/genbuster-mini/extracted/GenBuster-200K-mini/benchmark/fake/wanx/2b9f67f14e73a788430baee1a00555dbf24190f70332b74350323efad2e47cc4.mp4,-25.332321166992188,0.9999999999900387,25.332321166992188,2.603492846321162e-10,0,1,wanx,11.03043369948864
/workspace/data/genbuster-mini/extracted/GenBuster-200K-mini/benchmark/fake/wanx/2b7733ab910264af16770f558c91fcf2d107b76c9066668d79473987926972b4.mp4,-9.888694763183594,0.9999492574388569,9.888694763183594,0.0005525215463642121,0,1,wanx,6.333485245704651
/workspace/data/genbuster-mini/extracted/GenBuster-200K-mini/benchmark/fake/wanx/29cf2ef7c758650c4dba896138c23f4b3c276ecba0af9e5f2825f974826c4ff1.mp4,-16.221464157104492,0.9999999098205521,16.221464157104492,1.5530201374660577e-06,0,1,wanx,11.627063155174255
/workspace/data/genbuster-mini/extracted/GenBuster-200K-mini/benchmark/fake/wanx/29cea89efd778ffaded3acf67618972b54f1997338788f03bce44357294baae3.mp4,-21.708471298217773,0.9999999996266375,21.708471298217773,8.476493090431626e-09,0,1,wanx,7.060524076223373
/workspace/data/genbuster-mini/extracted/GenBuster-200K-mini/benchmark/fake/wanx/29b02d4decb09260963f94b7cd9d302caa974ae6b3a27606e912980458b03e34.mp4,-7.446584224700928,0.9994169091223739,7.446584224700928,0.004925296281100252,0,1,wanx,8.068693801760674
/workspace/data/genbuster-mini/extracted/GenBuster-200K-mini/benchmark/fake/wanx/2682efbb75708e1226f7c32d402e82d69f669edc57bdfffe87e01060b0482f09.mp4,-13.64041519165039,0.9999988086415215,13.64041519165039,1.744198140646989e-05,0,1,wanx,11.694563552737236
/workspace/data/genbuster-mini/extracted/GenBuster-200K-mini/benchmark/fake/wanx/22ed9eba0e75a174a5fbbb27d2590fc0ba93cea130f5b48106cc769242b08e08.mp4,-28.00298309326172,0.9999999999993107,28.00298309326172,1.837615949336364e-11,0,1,wanx,6.087729707360268
/workspace/data/genbuster-mini/extracted/GenBuster-200K-mini/benchmark/fake/wanx/2292598507c9cb98de96d25c962aa2a18bd2735ea02cbd4fbec2a2b88ea0ffa4.mp4,-6.152827262878418,0.9978770581074059,6.152827262878418,0.01518729329236006,0,1,wanx,7.984340190887451
/workspace/data/genbuster-mini/extracted/GenBuster-200K-mini/benchmark/fake/wanx/21ea88df124bb3f68f31170751fe993def7877114967c7086a063bf51de1639b.mp4,-28.951248168945312,0.9999999999997329,28.951248168945312,6.5833570107211184e-12,0,1,wanx,5.749356001615524
/workspace/data/genbuster-mini/extracted/GenBuster-200K-mini/benchmark/fake/wanx/200cd6d7876a6826e60464bfc8133f9cefff38c3400f0fde33a0b208e313088b.mp4,-24.010812759399414,0.9999999999626547,24.010812759399414,9.320506278133094e-10,0,1,wanx,11.100076138973236
/workspace/data/genbuster-mini/extracted/GenBuster-200K-mini/benchmark/fake/wanx/19ff832cc4478b6fcae443642f44987c4ed6682b4b3abd3ff41513ba77fbae29.mp4,-16.480648040771484,0.9999999304102118,16.480648040771484,1.2164725888854863e-06,0,1,wanx,10.984877124428749
/workspace/data/genbuster-mini/extracted/GenBuster-200K-mini/benchmark/fake/wanx/190f543d31a3fd1450727085d4f24c563a600c6527729121e61549b2d92048c5.mp4,-3.278261184692383,0.9636754654347897,3.278261184692383,0.156082006983197,0,1,wanx,10.767940431833267
/workspace/data/genbuster-mini/extracted/GenBuster-200K-mini/benchmark/fake/wanx/17828f9b485d2172bc80808a3dbc894b79c083e43d4d2d1b9cddd6f3df83fe73.mp4,-24.83643913269043,0.9999999999836442,24.83643913269043,4.206047891664917e-10,0,1,wanx,5.203478038311005
/workspace/data/genbuster-mini/extracted/GenBuster-200K-mini/benchmark/fake/wanx/164de5e0552624cdda1671fed80b22a35fd5d21e0ae294aaedc44e0c5c293699.mp4,-13.567614555358887,0.999998718674874,13.567614555358887,1.8665849279436085e-05,0,1,wanx,8.572548627853394
/workspace/data/genbuster-mini/extracted/GenBuster-200K-mini/benchmark/fake/wanx/154f2d35c4eac50d636be2ad091c11a87b034cef8c1e98c6868ccc392dc0fdfa.mp4,-0.04155043885111809,0.5103860795497894,0.04155043885111809,0.6929314237436688,0,1,wanx,11.040383949875832
/workspace/data/genbuster-mini/extracted/GenBuster-200K-mini/benchmark/fake/wanx/154903614bbbd53c1fc80d4017b0eb9f4c1e09dde034d08dbe46e60ed4d8ce8f.mp4,-25.364042282104492,0.9999999999903498,25.364042282104492,2.524668255458186e-10,0,1,wanx,13.017237186431885
/workspace/data/genbuster-mini/extracted/GenBuster-200K-mini/benchmark/fake/wanx/11a6795c013ce65e6a8b5c789bb3826285c6a7aec981f40135b7fb4747989185.mp4,-13.375802040100098,0.999998447747771,13.375802040100098,2.2314870024408498e-05,0,1,wanx,9.765956550836563
/workspace/data/genbuster-mini/extracted/GenBuster-200K-mini/benchmark/fake/wanx/115d4c912f2a8628b273d4def28ca3002b29349e56c928114805845ab4c0d2f8.mp4,-14.638349533081055,0.999999560817173,14.638349533081055,6.868092687265564e-06,0,1,wanx,11.114345863461494
/workspace/data/genbuster-mini/extracted/GenBuster-200K-mini/benchmark/fake/wanx/1071116f75950607e03e037c1084c6b8287847fe79bb4d279ae5f125c464d96c.mp4,-19.70797348022461,0.9999999972398299,19.70797348022461,5.7155529416793604e-08,0,1,wanx,11.694127693772316
/workspace/data/genbuster-mini/extracted/GenBuster-200K-mini/benchmark/fake/wanx/0df1c67a1f9957b83296d4f651269ab22686cc2af56db0cb47363b247ead2ecb.mp4,-25.46306037902832,0.9999999999912595,25.46306037902832,2.293520720190306e-10,0,1,wanx,11.040844023227692
/workspace/data/genbuster-mini/extracted/GenBuster-200K-mini/benchmark/fake/wanx/09313dfdc8f644a5a1ee2567c7a5ae789bec4f5658e69f48438e4ef5fc7f0848.mp4,-11.727423667907715,0.999991930602846,11.727423667907715,0.00010270266723065268,0,1,wanx,12.477576732635498
/workspace/data/genbuster-mini/extracted/GenBuster-200K-mini/benchmark/fake/wanx/08e0b506dd1b6561ef0f957641bad65a7282f324dedd63a0533193bbb1ea8d3c.mp4,-4.837264537811279,0.9921336565166712,4.837264537811279,0.04594903039868069,0,1,wanx,11.123837903141975
/workspace/data/genbuster-mini/extracted/GenBuster-200K-mini/benchmark/fake/wanx/06ee3ffc7b97f2e7835870d3f98efe7379e9ba3a1043bde8420c3cca2ae5d920.mp4,-19.216188430786133,0.9999999954864793,19.216188430786133,9.124418408410939e-08,0,1,wanx,12.088479474186897
/workspace/data/genbuster-mini/extracted/GenBuster-200K-mini/benchmark/fake/wanx/06695de08d80927057020947f92ce9e3f1e36a1874b4d3efd5208f65e05d1e11.mp4,-15.209973335266113,0.9999997520338582,15.209973335266113,4.019522588415166e-06,0,1,wanx,11.774696409702301
/workspace/data/genbuster-mini/extracted/GenBuster-200K-mini/benchmark/fake/wanx/050213285684b773ffe7f4148220f154556c81b2941dc89347e67633a8b9e825.mp4,-12.540400505065918,0.9999964209175687,12.540400505065918,4.846221400265221e-05,0,1,wanx,8.458815515041351
/workspace/data/genbuster-mini/extracted/GenBuster-200K-mini/benchmark/fake/wanx/04e88998cad24253fd42ba61f8f76d517c59621b8e09ed50955f453d70bd3340.mp4,-14.036243438720703,0.9999991980697587,14.036243438720703,1.205801662940818e-05,0,1,wanx,10.907761752605438
/workspace/data/genbuster-mini/extracted/GenBuster-200K-mini/benchmark/fake/wanx/03802cae3aae4d795d462f80ea15bd09bbaedd9704a610e8811d8a8750b19535.mp4,-20.801939010620117,0.9999999990756581,20.801939010620117,2.015044712101399e-08,0,1,wanx,9.748876094818115
/workspace/data/genbuster-mini/extracted/GenBuster-200K-mini/benchmark/fake/vidu/ffd1731f5ebdee43b90379395e26eaa7bbdad953dc11f2e45280984ea33d11b3.mp4,-6.9589457511901855,0.9990508041228168,6.9589457511901855,0.007555049243533805,0,1,vidu,41.30224883556366
/workspace/data/genbuster-mini/extracted/GenBuster-200K-mini/benchmark/fake/vidu/fbb04897cf7749f060f018f4458830b0605abe1ab3fb88da3b690b4b19870349.mp4,-12.071179389953613,0.9999942779595585,12.071179389953613,7.479383136433244e-05,0,1,vidu,5.800105631351471
/workspace/data/genbuster-mini/extracted/GenBuster-200K-mini/benchmark/fake/vidu/fb5ac50dc32d43bdd7a4feb55b86c46c46839be64fcb2d4621849fb73fd0aa2d.mp4,-10.432143211364746,0.9999705310274294,10.432143211364746,0.0003368939453057563,0,1,vidu,11.209027841687202
/workspace/data/genbuster-mini/extracted/GenBuster-200K-mini/benchmark/fake/vidu/fb35cc5516fb0e26ab347c3c67864cf5c3da3d651781bd44f0ba28c3a0b08acc.mp4,-20.128137588500977,0.9999999981867366,20.128137588500977,3.830887954333937e-08,0,1,vidu,52.79862880706787
/workspace/data/genbuster-mini/extracted/GenBuster-200K-mini/benchmark/fake/vidu/fa99bbd55687acd7e63a4138cf4e08fa59a8680a5c414d96f6ea8c40da71dae5.mp4,-18.343849182128906,0.9999999892013989,18.343849182128906,2.0888451212814747e-07,0,1,vidu,6.062179803848267
/workspace/data/genbuster-mini/extracted/GenBuster-200K-mini/benchmark/fake/vidu/f8c05f46b554d98ef8c6c86343dc60882af69fbfd6ea4109b1a7976606e41e27.mp4,-17.559206008911133,0.9999999763335161,17.559206008911133,4.392291487904839e-07,0,1,vidu,11.221708729863167
/workspace/data/genbuster-mini/extracted/GenBuster-200K-mini/benchmark/fake/vidu/f8b5e11e791b162a8d167380a78294e4869da397297481cc3895045970592af1.mp4,-26.350400924682617,0.9999999999964011,26.350400924682617,9.654821038546232e-11,0,1,vidu,12.02130876481533
/workspace/data/genbuster-mini/extracted/GenBuster-200K-mini/benchmark/fake/vidu/f7f1e3f6a1db9ff4382f59df6270ceca2759029d861c770ed3158b96b1314d23.mp4,-22.982955932617188,0.9999999998956172,22.982955932617188,2.50141357090383e-09,0,1,vidu,11.027611792087555
/workspace/data/genbuster-mini/extracted/GenBuster-200K-mini/benchmark/fake/vidu/f27ecdb5d37f988bd873d24ce2cf283187c0ac13a66dc55b331d8d4a0af308f6.mp4,-15.719887733459473,0.9999998510846666,15.719887733459473,2.4898456736231455e-06,0,1,vidu,7.903708145022392
/workspace/data/genbuster-mini/extracted/GenBuster-200K-mini/benchmark/fake/vidu/eb7ab44b766c1ec337453b8167b6c66e48a5e3d73bbf18135e8c4147050c236d.mp4,-17.4517879486084,0.9999999736497465,17.4517879486084,4.862072900866159e-07,0,1,vidu,12.635588645935059
/workspace/data/genbuster-mini/extracted/GenBuster-200K-mini/benchmark/fake/vidu/e911eb2695265d5b649a346d246ec0dd330fa5c337110700b1669bb2241aaffe.mp4,-7.142096042633057,0.9992095331544988,7.142096042633057,0.006436369573083043,0,1,vidu,11.783037334680557
/workspace/data/genbuster-mini/extracted/GenBuster-200K-mini/benchmark/fake/vidu/e2559f15d1e54a4a3f96ebb64eb1497c69e96c0bc38dc57ee4c863b1b60bc3fd.mp4,-27.514156341552734,0.999999999998876,27.514156341552734,3.033370885087723e-11,0,1,vidu,8.723398670554161
/workspace/data/genbuster-mini/extracted/GenBuster-200K-mini/benchmark/fake/vidu/de52d676990908387fadbf7f981fc5f9c5d2d50a39dd1196031ef12493c3fe48.mp4,-11.483097076416016,0.9999896973295108,11.483097076416016,0.0001286092874137188,0,1,vidu,7.638571783900261
/workspace/data/genbuster-mini/extracted/GenBuster-200K-mini/benchmark/fake/vidu/dde19af241b7b56ff03b4f032938cae5b4d3203e5b7039263bf23dd1e792c673.mp4,-12.02593994140625,0.9999940131547191,12.02593994140625,7.798430311154483e-05,0,1,vidu,7.2989389300346375
/workspace/data/genbuster-mini/extracted/GenBuster-200K-mini/benchmark/fake/vidu/d99d845d9bc29c055dfb8e34846006371808244075faee0b17fb995a8714e3b7.mp4,-22.58115005493164,0.9999999998439977,22.58115005493164,3.676718006827708e-09,0,1,vidu,6.079761311411858
/workspace/data/genbuster-mini/extracted/GenBuster-200K-mini/benchmark/fake/vidu/d8c83392ce8f59a85a9cc326b6c40a3c43ec6322a52ea2e5fe7ed7243991e56b.mp4,-22.909852981567383,0.9999999998877006,22.909852981567383,2.6830656057270286e-09,0,1,vidu,5.809048190712929
/workspace/data/genbuster-mini/extracted/GenBuster-200K-mini/benchmark/fake/vidu/d7a7e59e933a6a34e4f40588f7111b8703f373bf863f981c1723ad52058f782e.mp4,-21.131895065307617,0.9999999993354394,21.131895065307617,1.4705986831653363e-08,0,1,vidu,10.957254096865654
/workspace/data/genbuster-mini/extracted/GenBuster-200K-mini/benchmark/fake/vidu/d781de3f0a6f992554114612dfc564af84e63486547a125e0fc96429b9ab29c1.mp4,-1.2220262289047241,0.7724199295043945,1.2220262289047241,0.5363357394521895,0,1,vidu,11.040695011615753
/workspace/data/genbuster-mini/extracted/GenBuster-200K-mini/benchmark/fake/vidu/d5b9f8f7e5c56d01b1ac2a2f863040f770b1a6065a5a911f7c2e491fa39cc210.mp4,-7.517910003662109,0.9994570281705819,7.517910003662109,0.004625132635891161,0,1,vidu,10.915474966168404
/workspace/data/genbuster-mini/extracted/GenBuster-200K-mini/benchmark/fake/vidu/d1faf4107fd672fe123c439cf5e0fa0efb29257dd0d1671aac0d4496cc478bd2.mp4,-14.71661376953125,0.9999995938787833,14.71661376953125,6.382848381408404e-06,0,1,vidu,11.18110865354538
/workspace/data/genbuster-mini/extracted/GenBuster-200K-mini/benchmark/fake/vidu/cf4947906005c8a5b2787ac1fadffd6a212d453e94d25cbd7dac5b0435e95f2c.mp4,-20.18352508544922,0.9999999982844381,20.18352508544922,3.633964930162479e-08,0,1,vidu,10.857684537768364
/workspace/data/genbuster-mini/extracted/GenBuster-200K-mini/benchmark/fake/vidu/cdacb01e2591a6d14f6e5fcf8a5b4456b78797f4f95237dd25d10e3f91654419.mp4,-30.2371768951416,0.9999999999999262,30.2371768951416,1.1082549733616324e-12,0,1,vidu,11.247826740145683
/workspace/data/genbuster-mini/extracted/GenBuster-200K-mini/benchmark/fake/vidu/cdaae2650982c251ef29471d89c25cad2a3772067c62a2428978dfba5e1ba1d7.mp4,-14.275849342346191,0.9999993689306166,14.275849342346191,9.640119055812278e-06,0,1,vidu,11.354800313711166
/workspace/data/genbuster-mini/extracted/GenBuster-200K-mini/benchmark/fake/vidu/ccf3e06de4b918259fd42ed540e80def7e2365966bd2a01b230046c6bc522c8c.mp4,-30.646547317504883,0.9999999999999509,30.646547317504883,4.0111068889524254e-13,0,1,vidu,11.198459193110466
/workspace/data/genbuster-mini/extracted/GenBuster-200K-mini/benchmark/fake/vidu/cc8ecb26c0d6c779b623c721302b0face5bf98caa6d8d0bc4aed0e7ccb9bb267.mp4,-24.68039894104004,0.9999999999808822,24.68039894104004,4.889791448523082e-10,0,1,vidu,8.879011496901512
/workspace/data/genbuster-mini/extracted/GenBuster-200K-mini/benchmark/fake/vidu/cbcac6eab85d3878a174f4b0fb06a594195b060a0f8fd7b6b0a459b37617c4e7.mp4,-8.940924644470215,0.9998690971988253,8.940924644470215,0.0013013034395954353,0,1,vidu,7.753554731607437
/workspace/data/genbuster-mini/extracted/GenBuster-200K-mini/benchmark/fake/vidu/cb9a18a09cba3de80ce13614ba3d872d22bb833abee9f73f147f56e7cdbae3c1.mp4,-16.943096160888672,0.9999999561765236,16.943096160888672,7.863268507784674e-07,0,1,vidu,10.944494977593422
/workspace/data/genbuster-mini/extracted/GenBuster-200K-mini/benchmark/fake/vidu/cb545badfda64c6289b33103918d94edf5f2af03570be265324e4b2547e44996.mp4,4.868227481842041,0.992371678352356,4.868227481842041,0.04479398933178188,1,1,vidu,11.255428194999695
/workspace/data/genbuster-mini/extracted/GenBuster-200K-mini/benchmark/fake/vidu/c9e5c502219b25a19a41663fcd446994768ad0243c2847be062ee4596d6bcc0f.mp4,-12.688612937927246,0.9999969139419136,12.688612937927246,4.224385728005357e-05,0,1,vidu,11.154377833008766
/workspace/data/genbuster-mini/extracted/GenBuster-200K-mini/benchmark/fake/vidu/c980639c2c687069d0309680d74972b3cbc64ef778f6c236783a672b80d5d983.mp4,-7.487122535705566,0.9994400609866716,7.487122535705566,0.00475242787093056,0,1,vidu,12.113211676478386
/workspace/data/genbuster-mini/extracted/GenBuster-200K-mini/benchmark/fake/vidu/c7a85d4fc46c191623355c284e3bd1385c513f3eae4dc0a5ea6bb4b49203f06c.mp4,-31.46188735961914,0.9999999999999784,31.46188735961914,-3.794545401084708e-13,0,1,vidu,4.549376666545868
/workspace/data/genbuster-mini/extracted/GenBuster-200K-mini/benchmark/fake/vidu/c664b7e1ac5e9073f19c20cd1dbdfce217f57dc484d7ce75861fcdf8110c3fd2.mp4,-14.694547653198242,0.9999995848176866,14.694547653198242,6.516096703596787e-06,0,1,vidu,5.19893504679203
/workspace/data/genbuster-mini/extracted/GenBuster-200K-mini/benchmark/fake/vidu/c56143c71b657145e00a3fcffd0c3ff463d729e65206f3463882638d33085a46.mp4,-24.407379150390625,0.9999999999748805,24.407379150390625,6.362384775772073e-10,0,1,vidu,10.775012895464897
/workspace/data/genbuster-mini/extracted/GenBuster-200K-mini/benchmark/fake/vidu/c4cd56399d951e019695aea35d5bca324f9969ea294aa0a3746a618fae7d7ebb.mp4,-25.43989372253418,0.9999999999910547,25.43989372253418,2.3456464980955893e-10,0,1,vidu,5.76772540807724
/workspace/data/genbuster-mini/extracted/GenBuster-200K-mini/benchmark/fake/vidu/c47794f818247534dee6056d142cfe9a6bad0ce67969904d3f8e061c418de993.mp4,-24.10761260986328,0.9999999999661002,24.10761260986328,8.491569954109977e-10,0,1,vidu,12.158762663602829
/workspace/data/genbuster-mini/extracted/GenBuster-200K-mini/benchmark/fake/vidu/c13388b12702987d3dd578f0faf83b0d5e4ff83b4d27dc6ff6104ef7f8c08ffa.mp4,-6.656494617462158,0.998716005589813,6.656494617462158,0.009831721303062336,0,1,vidu,11.979909613728523
/workspace/data/genbuster-mini/extracted/GenBuster-200K-mini/benchmark/fake/vidu/c06ceb48433a94a308880a0fa934f29e7a2fb4f14347dc446a7a1c3797bd7b20.mp4,-17.386003494262695,0.9999999718580206,17.386003494262695,5.174165301202584e-07,0,1,vidu,15.954550355672836
/workspace/data/genbuster-mini/extracted/GenBuster-200K-mini/benchmark/fake/vidu/bd4d0c651b426f01ac2aeb5d7b06f9ada9f0aea4864d3de5a7a72fb3b8b532cb.mp4,-28.103105545043945,0.9999999999993763,28.103105545043945,1.6554813007706422e-11,0,1,vidu,12.586388736963272
/workspace/data/genbuster-mini/extracted/GenBuster-200K-mini/benchmark/fake/vidu/bce4e534f85f213e8525c5dcddf5845f3af3b2c7b5e2add0385de5a7bdba55a6.mp4,-12.011893272399902,0.9999939284662105,12.011893272399902,7.900216584116347e-05,0,1,vidu,11.273527517914772
/workspace/data/genbuster-mini/extracted/GenBuster-200K-mini/benchmark/fake/vidu/b9c3b8dac8e0722990269aa8c46394f88994d8f754240c0bead164d72f638751.mp4,-11.537209510803223,0.9999902400104475,11.537209510803223,0.00012236307905422652,0,1,vidu,11.604754254221916
/workspace/data/genbuster-mini/extracted/GenBuster-200K-mini/benchmark/fake/vidu/b66bc0d6f845ad0ddf6284d5ec55df63ea327847f66a1c919c338164b98a5ad5.mp4,-19.66341209411621,0.9999999971140512,19.66341209411621,5.96315498564784e-08,0,1,vidu,11.834396049380302
/workspace/data/genbuster-mini/extracted/GenBuster-200K-mini/benchmark/fake/vidu/b47751e279b487c08c402d6fa42cc59e58719dd0d96c2901454ec9441ee61300.mp4,-0.6324177384376526,0.6530375182628632,0.6324177384376526,0.6455459908050959,0,1,vidu,9.243475273251534
/workspace/data/genbuster-mini/extracted/GenBuster-200K-mini/benchmark/fake/vidu/b4763ca82358a2902715abf39897bed5380a3175dac3556dd19b196352b27553.mp4,-27.17161750793457,0.9999999999984168,27.17161750793457,4.2824291273124824e-11,0,1,vidu,8.164981380105019
/workspace/data/genbuster-mini/extracted/GenBuster-200K-mini/benchmark/fake/vidu/b45288c4218dd433ad16ba2f038108fcda78b19e4d58c45baa89dd1ac1e95db4.mp4,-24.436241149902344,0.9999999999755952,24.436241149902344,6.187864259741146e-10,0,1,vidu,6.995584815740585
/workspace/data/genbuster-mini/extracted/GenBuster-200K-mini/benchmark/fake/vidu/b2d31d5504bed6256cdb186e5ee96ee53d265dc072ce0734954afa0627c77463.mp4,-34.32788848876953,0.9999999999999988,34.32788848876953,-9.646400922677742e-13,0,1,vidu,8.055092766880989
/workspace/data/genbuster-mini/extracted/GenBuster-200K-mini/benchmark/fake/vidu/b23d282b61cbee1db895681dfe7dd46c8f0ed797e9917615d8fa3bd2ec5a0cc5.mp4,-10.108176231384277,0.9999592566127831,10.108176231384277,0.00045258555483711086,0,1,vidu,12.904152274131775
/workspace/data/genbuster-mini/extracted/GenBuster-200K-mini/benchmark/fake/vidu/acf8f247b54b14c281555ecca9bc0115272247e2df075a65feba98d6231bfe04.mp4,-17.658241271972656,0.9999999785650111,17.658241271972656,3.999371939154935e-07,0,1,vidu,7.119316607713699
/workspace/data/genbuster-mini/extracted/GenBuster-200K-mini/benchmark/fake/vidu/ac4c4289549c4bc246adbb7a7458d9e79661c67a55ea24f7b81ea6204e5bd461.mp4,-27.0040225982666,0.999999999998128,27.0040225982666,5.06218303752728e-11,0,1,vidu,4.5144762843847275
/workspace/data/genbuster-mini/extracted/GenBuster-200K-mini/benchmark/fake/vidu/ac48d272ae8bf4c145b83284eec4554afae00e5ef434efe8627397b9c44f83d4.mp4,-20.14299964904785,0.9999999982134862,20.14299964904785,3.77702615815143e-08,0,1,vidu,7.589465007185936
/workspace/data/genbuster-mini/extracted/GenBuster-200K-mini/benchmark/fake/vidu/a9b6f8bd690ccb9f3541628dd33d83a016642fc6705fefe8a155abede5d8f05d.mp4,-16.48090171813965,0.9999999304278688,16.48090171813965,1.216181588059219e-06,0,1,vidu,8.966926485300064
/workspace/data/genbuster-mini/extracted/GenBuster-200K-mini/benchmark/fake/vidu/a8aeef225d67a0f951863f99e1f0fe4f6c70a36be153cf887c7f05ac1cd4d30d.mp4,-24.205699920654297,0.9999999999692675,24.205699920654297,7.726505615835968e-10,0,1,vidu,8.69159959256649
/workspace/data/genbuster-mini/extracted/GenBuster-200K-mini/benchmark/fake/vidu/a899a80d540ca052b721857fe4c98d50e8687222f50347092859f702b44ce8ea.mp4,-23.03882598876953,0.9999999999012891,23.03882598876953,2.370898759181142e-09,0,1,vidu,5.9826187789440155
/workspace/data/genbuster-mini/extracted/GenBuster-200K-mini/benchmark/fake/vidu/a76e1c5d013a4f695814d16ae72555a0698c0d344c79c5358d8b681775c8fa0b.mp4,-17.42182159423828,0.9999999728481743,17.42182159423828,5.001840870108011e-07,0,1,vidu,15.220407396554947
/workspace/data/genbuster-mini/extracted/GenBuster-200K-mini/benchmark/fake/vidu/a6de1cf21017055026ea8e6329499e43d88936cb562b33b6b227263c9d99aad3.mp4,-26.181997299194336,0.9999999999957411,26.181997299194336,1.1386865129307304e-10,0,1,vidu,10.952623561024666
/workspace/data/genbuster-mini/extracted/GenBuster-200K-mini/benchmark/fake/vidu/a639cebe1881b6a96d013985df23e16c06bca3c27564f206b156b2a586824863.mp4,-13.253425598144531,0.9999982456766929,13.253425598144531,2.500511627641335e-05,0,1,vidu,16.69999212026596
/workspace/data/genbuster-mini/extracted/GenBuster-200K-mini/benchmark/fake/vidu/a5e11bb954decff3b1750e55f097629eee621ccfa39bb23c8e544ef157c802f6.mp4,-19.416942596435547,0.999999996307428,19.416942596435547,7.538903123453753e-08,0,1,vidu,10.909013450145721
/workspace/data/genbuster-mini/extracted/GenBuster-200K-mini/benchmark/fake/vidu/a2f23d89ca6ede2bfcdc6ea067b357a706a15428eb42f3937045febadef91629.mp4,-9.62451457977295,0.9999339157802751,9.62451457977295,0.0007021149314585194,0,1,vidu,13.184020295739174
/workspace/data/genbuster-mini/extracted/GenBuster-200K-mini/benchmark/fake/vidu/9ee3cdeb8ffc60ec4dd2d201ab5155224802b061c0edb899a54d320e5be73ab5.mp4,-25.637496948242188,0.9999999999926587,25.637496948242188,1.9361798461384308e-10,0,1,vidu,9.047996252775192
/workspace/data/genbuster-mini/extracted/GenBuster-200K-mini/benchmark/fake/vidu/9de860b81878ef2ec08427edc360b9838cfa164ecc87fb821502c3ef2c8bae23.mp4,-21.10887336730957,0.9999999993199626,21.10887336730957,1.5032859519641165e-08,0,1,vidu,10.892223566770554
/workspace/data/genbuster-mini/extracted/GenBuster-200K-mini/benchmark/fake/vidu/9dd961bf5478cdde209f087bf54478cb2dfd2cc4c44660b2153723055a7ca93b.mp4,-12.174530982971191,0.999994839804458,12.174530982971191,6.798316705164186e-05,0,1,vidu,11.508820578455925
/workspace/data/genbuster-mini/extracted/GenBuster-200K-mini/benchmark/fake/vidu/9dc618f92f9722dddbf55bb985ab47bf1fa515866bf52a94b14ae4bc58cf2aea.mp4,-30.64832878112793,0.999999999999951,30.64832878112793,3.9870809561239123e-13,0,1,vidu,7.673526182770729
/workspace/data/genbuster-mini/extracted/GenBuster-200K-mini/benchmark/fake/vidu/9d93f4357a4c3168b0836c3580d161aca80dc9f50112b3e5018c95662e9eba60.mp4,-30.266145706176758,0.9999999999999283,30.266145706176758,1.048086624304347e-12,0,1,vidu,11.064132675528526
/workspace/data/genbuster-mini/extracted/GenBuster-200K-mini/benchmark/fake/vidu/9af1445d154423152485151a982119d7d21fa7e695534ffd9a390d66e5487cb2.mp4,-14.159579277038574,0.9999992911203321,14.159579277038574,1.0746315816417468e-05,0,1,vidu,39.05879519879818
/workspace/data/genbuster-mini/extracted/GenBuster-200K-mini/benchmark/fake/vidu/99ecc949804861fa0aeb0044df192812727a5cb9bd045797e48f2737a9cb3026.mp4,-12.155566215515137,0.9999947410101413,12.155566215515137,6.918500175785356e-05,0,1,vidu,11.303868144750595
/workspace/data/genbuster-mini/extracted/GenBuster-200K-mini/benchmark/fake/vidu/97ee406ba4048a680a8a006f3233b8b7124330333eab9058f24e49eaf0f979b3.mp4,-11.209752082824707,0.9999864586916374,11.209752082824707,0.0001653361082307675,0,1,vidu,11.680485680699348
/workspace/data/genbuster-mini/extracted/GenBuster-200K-mini/benchmark/fake/vidu/96a9ece19a8074e066b70228cba07961387dad2af64ff760ec8431300dac796d.mp4,-33.02404022216797,0.9999999999999954,33.02404022216797,-8.69774615182068e-13,0,1,vidu,4.316395148634911
/workspace/data/genbuster-mini/extracted/GenBuster-200K-mini/benchmark/fake/vidu/94f3177fe30076050bc610ad7e9700ab82c9137300631c580d4643655924720a.mp4,-15.32917308807373,0.9999997798977063,15.32917308807373,3.5940865017468354e-06,0,1,vidu,4.378695040941238
/workspace/data/genbuster-mini/extracted/GenBuster-200K-mini/benchmark/fake/vidu/8fb144834350ae3621720b66e52707a4cda159093e991e63ed6ae693033e90a6.mp4,-19.047630310058594,0.9999999946578106,19.047630310058594,1.0709623720567881e-07,0,1,vidu,4.410393536090851
/workspace/data/genbuster-mini/extracted/GenBuster-200K-mini/benchmark/fake/vidu/8f84e2c1bd0043ced1beba7d530c80d1cbe24a72dc27d5815a3afca29aa7454f.mp4,-11.470645904541016,0.9999895682485658,11.470645904541016,0.00013009073117008988,0,1,vidu,4.362195730209351
/workspace/data/genbuster-mini/extracted/GenBuster-200K-mini/benchmark/fake/vidu/8b64db300a2bf9aec9240ccd55281f23b7cf868068add5c008de89e8be818b92.mp4,-12.280762672424316,0.9999953598662614,12.280762672424316,6.162452397846126e-05,0,1,vidu,12.571897357702255
/workspace/data/genbuster-mini/extracted/GenBuster-200K-mini/benchmark/fake/vidu/8b085c74bb789c54f5044ea3b2cc27f1c2cfeca4b65e6c16c22d2cb9d679919f.mp4,-28.339780807495117,0.9999999999995077,28.339780807495117,1.2896630816831934e-11,0,1,vidu,11.613663285970688
/workspace/data/genbuster-mini/extracted/GenBuster-200K-mini/benchmark/fake/vidu/8654957a5deafd4b0327f217a52e176073b51f1ea42c60a14c05233c7721c961.mp4,-12.825482368469238,0.9999973086969476,12.825482368469238,3.720856456337629e-05,0,1,vidu,10.696161538362503
/workspace/data/genbuster-mini/extracted/GenBuster-200K-mini/benchmark/fake/vidu/840cc7f1270e90c7826e94d49d2591004ce47e58219084d8c848361ae84717e4.mp4,-15.671263694763184,0.9999998436648667,15.671263694763184,2.606302242811584e-06,0,1,vidu,10.824492201209068
/workspace/data/genbuster-mini/extracted/GenBuster-200K-mini/benchmark/fake/vidu/83bfb866e4fd3d6c34bfe4a7b2c8887e54045e9cda2a26cb006e894a82672de4.mp4,-14.25780963897705,0.9999993574429595,14.25780963897705,9.804011188697143e-06,0,1,vidu,7.209068164229393
/workspace/data/genbuster-mini/extracted/GenBuster-200K-mini/benchmark/fake/vidu/833c872d7ffa6a673a02ea420d6eadf2ca1bcfd67b87cd36054f60f3da9de48f.mp4,-25.73768424987793,0.9999999999933585,25.73768424987793,1.7564664615991017e-10,0,1,vidu,10.822761803865433
/workspace/data/genbuster-mini/extracted/GenBuster-200K-mini/benchmark/fake/vidu/8163e84bc1f01b74d208a5df24d0d3d95738c2f9d5d33055f8c1684c18d35ec9.mp4,-14.949997901916504,0.9999996784131611,14.949997901916504,5.129307458267148e-06,0,1,vidu,10.869260877370834
/workspace/data/genbuster-mini/extracted/GenBuster-200K-mini/benchmark/fake/vidu/8042ef5280099d370ebfa91a8eb910a159a0960900b93a062e34b52d6242265c.mp4,-20.70901870727539,0.999999998985651,20.70901870727539,2.2018523053523562e-08,0,1,vidu,8.517628535628319
/workspace/data/genbuster-mini/extracted/GenBuster-200K-mini/benchmark/fake/vidu/7d38a3a0b42f4a60fb37e56ba93a2db4f3971c3c3a0400f2660b4f8cbc9ab2f0.mp4,-16.38170623779297,0.9999999231727443,16.38170623779297,1.335386796182581e-06,0,1,vidu,10.772433131933212
/workspace/data/genbuster-mini/extracted/GenBuster-200K-mini/benchmark/fake/vidu/7c203cd10a07628e09779cbcb01c6922cd1edb198f5b6b583472559a118a1df9.mp4,-21.87841796875,0.9999999996849904,21.87841796875,7.20492349895596e-09,0,1,vidu,10.88022068142891
/workspace/data/genbuster-mini/extracted/GenBuster-200K-mini/benchmark/fake/vidu/7a93012f0d971e7ebeb67fcbba84d81061bfb75e460051aeb13619fe2665e96f.mp4,-7.4550275802612305,0.9994218087522313,7.4550275802612305,0.00488879011924554,0,1,vidu,8.140383288264275
/workspace/data/genbuster-mini/extracted/GenBuster-200K-mini/benchmark/fake/vidu/77ec4fdeef91e6ba34a7b84a4ff662e83ec68357714ba8252188c2b1cbe9830b.mp4,-8.984429359436035,0.9998746692872373,8.984429359436035,0.0012513634899515799,0,1,vidu,8.92607681453228
/workspace/data/genbuster-mini/extracted/GenBuster-200K-mini/benchmark/fake/vidu/76de6505187ecee306a2b795aa2d2f88b920a2069be82bb7d96812b9abca1097.mp4,-8.253584861755371,0.999739744089311,8.253584861755371,0.0024083340225556156,0,1,vidu,11.785747483372688
/workspace/data/genbuster-mini/extracted/GenBuster-200K-mini/benchmark/fake/vidu/764ce52d7a07e4537959b1c46d062f5990df32e46cf29372eabe12a2e64a1079.mp4,-25.71803855895996,0.9999999999932268,25.71803855895996,1.7903551508310134e-10,0,1,vidu,11.107847094535828
/workspace/data/genbuster-mini/extracted/GenBuster-200K-mini/benchmark/fake/vidu/762b0df89d04b6c512840046438f996aeedaaa322c865d02cca6fc3eac7c7618.mp4,-16.764665603637695,0.9999999476160575,16.764665603637695,9.305812272568078e-07,0,1,vidu,39.282405748963356
/workspace/data/genbuster-mini/extracted/GenBuster-200K-mini/benchmark/fake/vidu/6f4a0028c2681b426703101fcf23538934b03c62095658117fbbcb2bd6a968a7.mp4,-2.3533575534820557,0.9132007360458374,2.3533575534820557,0.29506926398033856,0,1,vidu,7.700303569436073
/workspace/data/genbuster-mini/extracted/GenBuster-200K-mini/benchmark/fake/vidu/6d62cbe45288bfbde6d0464eb62559fbff043a881e95daf7e1c81e872db46a47.mp4,-14.243103981018066,0.9999993479239606,14.243103981018066,9.939661100113281e-06,0,1,vidu,11.059686541557312
/workspace/data/genbuster-mini/extracted/GenBuster-200K-mini/benchmark/fake/vidu/6d1bc8da821425d9fcf387272d49f109818fc926559d90b804b73929d0a338b1.mp4,9.978699684143066,0.9999536275863647,9.978699684143066,0.0005091126469911756,1,1,vidu,41.89791530370712
/workspace/data/genbuster-mini/extracted/GenBuster-200K-mini/benchmark/fake/vidu/6c61e9c60791ad2fdeb4d7e1c9a3684cf30daf195fff5b2a0680a6cb98e58d96.mp4,-28.879079818725586,0.9999999999997129,28.879079818725586,7.146373774568442e-12,0,1,vidu,8.647346869111061
/workspace/data/genbuster-mini/extracted/GenBuster-200K-mini/benchmark/fake/vidu/6b42813e0e8fcfd715bd313303bfd41d3c23b47d6b32afc8cdf40e89d1dcb593.mp4,-33.96837615966797,0.9999999999999982,33.96837615966797,-9.494370890540104e-13,0,1,vidu,10.891713201999664
/workspace/data/genbuster-mini/extracted/GenBuster-200K-mini/benchmark/fake/vidu/684aeb38258ec99336cb94ee3337cfc702ebf1f95ef239f348eef7822ff63b56.mp4,-10.940086364746094,0.9999822673707968,10.940086364746094,0.00021172928045179885,0,1,vidu,9.199734777212143
/workspace/data/genbuster-mini/extracted/GenBuster-200K-mini/benchmark/fake/vidu/66d55151e1f0c7c1a9559f75544dfee9a732dc2ece13b6d57a16539d4b8d25a9.mp4,-14.02352237701416,0.9999991878031551,14.02352237701416,1.2202055736304899e-05,0,1,vidu,9.025324136018753
/workspace/data/genbuster-mini/extracted/GenBuster-200K-mini/benchmark/fake/vidu/62d0ad59f553a4fd8c97c272ec02d99dab87eeb779225b6563a91b022616213f.mp4,-17.958267211914062,0.9999999841209828,17.958267211914062,3.0103665224477365e-07,0,1,vidu,5.889818072319031
/workspace/data/genbuster-mini/extracted/GenBuster-200K-mini/benchmark/fake/vidu/62aaa2e8e8782251a24f2dfbfd6d7620cbaecd6a07657cd8b95d767100543669.mp4,-19.65433692932129,0.9999999970877413,19.65433692932129,6.014877157969985e-08,0,1,vidu,5.231158807873726
/workspace/data/genbuster-mini/extracted/GenBuster-200K-mini/benchmark/fake/vidu/5dbdff8ab8cbf8271cc892f26c74b148d9c86c6bafe887c224b1d636169ae7d9.mp4,-22.999143600463867,0.9999999998972933,22.999143600463867,2.4628781485138343e-09,0,1,vidu,10.949213057756424
/workspace/data/genbuster-mini/extracted/GenBuster-200K-mini/benchmark/fake/vidu/5d86def21a18f8af4be39bf7ff0750c67d6fbcfdae60257701959df9b980d6c5.mp4,-4.832614421844482,0.992097282782197,4.832614421844482,0.046124895139937616,0,1,vidu,11.967500671744347
/workspace/data/genbuster-mini/extracted/GenBuster-200K-mini/benchmark/fake/vidu/5d54ef5e11a0b31641573d58048245ccd57adef9792d0f3de41608adf7c7ae48.mp4,-17.633371353149414,0.9999999780252402,17.633371353149414,4.094618587299874e-07,0,1,vidu,10.945724323391914
/workspace/data/genbuster-mini/extracted/GenBuster-200K-mini/benchmark/fake/vidu/5bebd02f412fa60f1930a1be2befb7067246571b2a323e9d49776b8deb1a8723.mp4,-19.88371467590332,0.9999999976846723,19.88371467590332,4.835064328355018e-08,0,1,vidu,8.518198505043983
/workspace/data/genbuster-mini/extracted/GenBuster-200K-mini/benchmark/fake/vidu/5379c7a0d2510102e30d74cbe48be981de38752704277cdf33f887a99d92b65c.mp4,-16.823442459106445,0.9999999506062771,16.823442459106445,8.803641779952213e-07,0,1,vidu,9.370159357786179
/workspace/data/genbuster-mini/extracted/GenBuster-200K-mini/benchmark/fake/vidu/50fe90bd7f3d0d00343e943b007a45d9eb44a38c8c7f5a2d06144bd0c882c99e.mp4,-12.864472389221191,0.9999974116112753,12.864472389221191,3.588664538764424e-05,0,1,vidu,9.300509467720985
/workspace/data/genbuster-mini/extracted/GenBuster-200K-mini/benchmark/fake/vidu/50a25d65f1bbf9078bcafb264f873e7350c74b4fc49f7086b74c359614e0bd15.mp4,-9.238609313964844,0.9999027967569418,9.238609313964844,0.0009952307484079911,0,1,vidu,9.720806032419205
/workspace/data/genbuster-mini/extracted/GenBuster-200K-mini/benchmark/fake/vidu/4dc91967db651e39d49f1b61451cdcfbc7593549e8ed4f9573863972b2fca0ac.mp4,-28.954866409301758,0.9999999999997339,28.954866409301758,6.556247280283233e-12,0,1,vidu,11.603262275457382
/workspace/data/genbuster-mini/extracted/GenBuster-200K-mini/benchmark/fake/vidu/4c7ec46c56275445fc68d18f9c5f0abe5ef13a7a1288b67fc603ceb6279da068.mp4,-9.633438110351562,0.9999345028263633,9.633438110351562,0.0006964622824968906,0,1,vidu,11.853735893964767
/workspace/data/genbuster-mini/extracted/GenBuster-200K-mini/benchmark/fake/vidu/4c08c0d31a9fae0d6bcfba53c2e9efa7e979cb1fb61355c3ab9a0db1d36eb967.mp4,-16.879919052124023,0.9999999533185573,16.879919052124023,8.346584191950003e-07,0,1,vidu,8.732359856367111
/workspace/data/genbuster-mini/extracted/GenBuster-200K-mini/benchmark/fake/vidu/49879bf764c49ea2a5002cb4a1b625afbeea93e87531db44d26443685320facd.mp4,-27.207656860351562,0.9999999999984729,27.207656860351562,4.130648089180767e-11,0,1,vidu,5.938075482845306
/workspace/data/genbuster-mini/extracted/GenBuster-200K-mini/benchmark/fake/vidu/469a7079700a2d9117a6adb31071e54431326789ac2ae555e836fb2a816dabaa.mp4,-28.823471069335938,0.9999999999996966,28.823471069335938,7.608389596325141e-12,0,1,vidu,11.031406000256538
/workspace/data/genbuster-mini/extracted/GenBuster-200K-mini/benchmark/fake/vidu/44450ae6a80876b00c7476927c4e9261b88b12d489d29fb4646bbde454dbb098.mp4,-20.751848220825195,0.9999999990281778,20.751848220825195,2.1136929105584122e-08,0,1,vidu,41.81808792054653
/workspace/data/genbuster-mini/extracted/GenBuster-200K-mini/benchmark/fake/vidu/41d483b1fe47f144fef3c7c9e726b0b30b2d99c9f71fe5a12c878a81e024373f.mp4,-15.69721508026123,0.999999847669784,15.69721508026123,2.5434883862067822e-06,0,1,vidu,11.121196672320366
/workspace/data/genbuster-mini/extracted/GenBuster-200K-mini/benchmark/fake/vidu/3f681018b0be05b57f8c8df4990bc008b9082517fcce657e9eef601fddc55fce.mp4,-33.446266174316406,0.999999999999997,33.446266174316406,-9.146003755769037e-13,0,1,vidu,15.0167066603899
/workspace/data/genbuster-mini/extracted/GenBuster-200K-mini/benchmark/fake/vidu/3f3964f21feb0ec913200982745a75dfde314472426c81e42c66e3e06ff8452f.mp4,-3.6900370121002197,0.9756372850388288,3.6900370121002197,0.11456371532505755,0,1,vidu,9.55217145383358
/workspace/data/genbuster-mini/extracted/GenBuster-200K-mini/benchmark/fake/vidu/3ef83b3f98f4e039b5663913a3d686ccc7cd38b8a3d9163fe68870ded0a1de6c.mp4,-28.199251174926758,0.9999999999994335,28.199251174926758,1.496600439774238e-11,0,1,vidu,7.458433508872986
/workspace/data/genbuster-mini/extracted/GenBuster-200K-mini/benchmark/fake/vidu/3b06b316991a12373a85d9c24df990851bb7eaa1454161985e65eded101819ec.mp4,-36.042274475097656,0.9999999999999998,36.042274475097656,-9.93723120439045e-13,0,1,vidu,11.197187006473541
/workspace/data/genbuster-mini/extracted/GenBuster-200K-mini/benchmark/fake/vidu/38b8f737e1722eb23258d7d3617ad6a29bc725d4950e28201bac3170d5e94fbe.mp4,-18.306516647338867,0.9999999887906394,18.306516647338867,2.1641170605061772e-07,0,1,vidu,13.822557404637337
/workspace/data/genbuster-mini/extracted/GenBuster-200K-mini/benchmark/fake/vidu/380e39c488ef8203ee87791b6557690366710eb784b209fcff08d1cd3f096d6b.mp4,-14.52397632598877,0.9999995076012169,14.52397632598877,7.64398521984278e-06,0,1,vidu,11.19665615260601
/workspace/data/genbuster-mini/extracted/GenBuster-200K-mini/benchmark/fake/vidu/360b64515cd598bca0409d61a255c99d2860d995e80b042a21737a71bf9ff736.mp4,-2.3441693782806396,0.9124696627259254,2.3441693782806396,0.296786378053247,0,1,vidu,13.694725930690765
/workspace/data/genbuster-mini/extracted/GenBuster-200K-mini/benchmark/fake/vidu/35b53c52445d0016282a4e341ef975229caa89b64921288de2754cae925176a2.mp4,-12.319643020629883,0.9999955368130031,12.319643020629883,5.944806544810551e-05,0,1,vidu,9.657192975282669
/workspace/data/genbuster-mini/extracted/GenBuster-200K-mini/benchmark/fake/vidu/31c9f8eb57eeaefc4e2e2ae6362ae737203464098bd5c45b748b01afa2aa937f.mp4,-10.891663551330566,0.9999813875947439,10.891663551330566,0.00022133263400795202,0,1,vidu,9.949788451194763
/workspace/data/genbuster-mini/extracted/GenBuster-200K-mini/benchmark/fake/vidu/310155e6233ca98fc4264b296aff863ff0cc74085224127cc631f6a725aee0bb.mp4,-31.970359802246094,0.9999999999999869,31.970359802246094,-6.267064540255955e-13,0,1,vidu,5.662266165018082
/workspace/data/genbuster-mini/extracted/GenBuster-200K-mini/benchmark/fake/vidu/2f52b4bd65257b822d7ebe0ada751fd83172eedfd957137939aab8c66c106750.mp4,-16.036096572875977,0.9999998914545287,16.036096572875977,1.8491891350096582e-06,0,1,vidu,9.75874625146389
/workspace/data/genbuster-mini/extracted/GenBuster-200K-mini/benchmark/fake/vidu/2e011925cd199faf971bae9dd624ba62fed141795c5435e6908fefd058707a9c.mp4,-2.1451876163482666,0.8952182233333588,2.1451876163482666,0.33546433804254894,0,1,vidu,9.525513276457787
/workspace/data/genbuster-mini/extracted/GenBuster-200K-mini/benchmark/fake/vidu/2c826a3a3bb4a3700786ff541271e0663074409f6eff39c303e322a0e20b39af.mp4,-39.9755973815918,1.0,39.9755973815918,-9.999686144713235e-13,0,1,vidu,9.327109903097153
/workspace/data/genbuster-mini/extracted/GenBuster-200K-mini/benchmark/fake/vidu/2bba7f0502d4ee0016c123e97b996701a3df16cf55f127f89a59f6e04f6f2cf2.mp4,-16.247282028198242,0.9999999121189873,16.247282028198242,1.515706610258213e-06,0,1,vidu,7.611334323883057
/workspace/data/genbuster-mini/extracted/GenBuster-200K-mini/benchmark/fake/vidu/2a8275a25610f5246e4a007ee2fbd75dd9d4c6def6b14ff8073c37671227edc5.mp4,4.7613091468811035,0.9915180802345276,4.7613091468811035,0.04890306368212432,1,1,vidu,11.764707043766975
/workspace/data/genbuster-mini/extracted/GenBuster-200K-mini/benchmark/fake/vidu/2a3e1c256fae556cfb7a8d6ccb7bdb0ebeb3dd366a2a93ce55e3e6e32b084f66.mp4,-8.846592903137207,0.999856149617699,8.846592903137207,0.0014164465056216995,0,1,vidu,58.02468582987785
/workspace/data/genbuster-mini/extracted/GenBuster-200K-mini/benchmark/fake/vidu/28653a6866add91d979eda940ecaedb594a39ece7afad12971bb951a76282f47.mp4,-9.487281799316406,0.9999241958576022,9.487281799316406,0.0007949822750271454,0,1,vidu,8.658019825816154
/workspace/data/genbuster-mini/extracted/GenBuster-200K-mini/benchmark/fake/vidu/28099108d40cbae91a3488a39e39590227935ac5a2898cb72b4326d631c25ad2.mp4,-16.2448673248291,0.9999999119065279,16.2448673248291,1.5191582411574088e-06,0,1,vidu,11.075915768742561
/workspace/data/genbuster-mini/extracted/GenBuster-200K-mini/benchmark/fake/vidu/27720f714f056520d0441c53dc18d22945af5532818478b10ed8537e15d7c8fe.mp4,-17.097375869750977,0.9999999624418692,17.097375869750977,6.797016128524325e-07,0,1,vidu,14.866704121232033
/workspace/data/genbuster-mini/extracted/GenBuster-200K-mini/benchmark/fake/vidu/2433e1bed7c5b81b10d205dd12f9d9f666d4384b2afa7971deb800f840cfbae2.mp4,-35.244773864746094,0.9999999999999996,35.244773864746094,-9.86005941749384e-13,0,1,vidu,10.866973549127579
/workspace/data/genbuster-mini/extracted/GenBuster-200K-mini/benchmark/fake/vidu/212bc6436c0f378348c7fff4570cb2b2f250589555a2313d9a49d224f4c09ffa.mp4,-24.007081985473633,0.9999999999625151,24.007081985473633,9.354019472785972e-10,0,1,vidu,10.82567311823368
/workspace/data/genbuster-mini/extracted/GenBuster-200K-mini/benchmark/fake/vidu/1ed1a95e17b60e9f69c2668b15189c06b0e877ef6377b71d6da4a3a57ffd110e.mp4,-10.53458023071289,0.9999734002012701,10.53458023071289,0.0003068178664232605,0,1,vidu,10.77987253665924
/workspace/data/genbuster-mini/extracted/GenBuster-200K-mini/benchmark/fake/vidu/1a57c84f978c5f2e50b73e12629a7d83d6c9416df27522593917f7216fe4cc5b.mp4,-15.616223335266113,0.9999998348189223,15.616223335266113,2.7446836954871147e-06,0,1,vidu,11.40265166759491
/workspace/data/genbuster-mini/extracted/GenBuster-200K-mini/benchmark/fake/vidu/18d6dfd8175bc7373f84c8cdecfc94ed2a7aa137bb803b314fc64dd477089cf7.mp4,-24.93877601623535,0.9999999999852353,24.93877601623535,3.810128829617389e-10,0,1,vidu,8.638717234134674
/workspace/data/genbuster-mini/extracted/GenBuster-200K-mini/benchmark/fake/vidu/17ccd0bf78a27f7f15accaa89c2300bd318205858bbc3a18f66379c508ae60fd.mp4,-24.907678604125977,0.9999999999847689,24.907678604125977,3.9263516690512906e-10,0,1,vidu,10.105771943926811
/workspace/data/genbuster-mini/extracted/GenBuster-200K-mini/benchmark/fake/vidu/137ce0b7d02788f80f4905e848a00b0c4eaa0fb86aefba738d2821d66b418f7f.mp4,-6.49862813949585,0.9984967600321397,6.49862813949585,0.011273368537089646,0,1,vidu,37.29679621756077
/workspace/data/genbuster-mini/extracted/GenBuster-200K-mini/benchmark/fake/vidu/117295fadb1607ea61c745400b0b9d8ab63ddcc9b40761cdba68914597a647c9.mp4,-12.954404830932617,0.9999976342303398,12.954404830932617,3.301290826573678e-05,0,1,vidu,10.72264090180397
/workspace/data/genbuster-mini/extracted/GenBuster-200K-mini/benchmark/fake/vidu/10d4dc96121d5208744ccd930d0febcc2d0a6c902af8fcc0dc19500fff2341eb.mp4,-2.5807278156280518,0.9296109080314636,2.5807278156280518,0.2546442461859901,0,1,vidu,9.95577685534954
/workspace/data/genbuster-mini/extracted/GenBuster-200K-mini/benchmark/fake/vidu/10a464e630a89f2f2cebb56a57dc6ddc02d6cabd7d3eda47df21f6539cd56699.mp4,-16.473514556884766,0.999999929912029,16.473514556884766,1.2246811857171268e-06,0,1,vidu,53.45567688345909
/workspace/data/genbuster-mini/extracted/GenBuster-200K-mini/benchmark/fake/vidu/105d45bd91239e83b53d65c00d3bedd1185c45a1a22994dc66b7c07518276f6a.mp4,-15.139435768127441,0.9999997339112667,15.139435768127441,4.294520045565548e-06,0,1,vidu,10.739589110016823
/workspace/data/genbuster-mini/extracted/GenBuster-200K-mini/benchmark/fake/vidu/0fb71eca253388fdfb5a0059100810afada2d70e91cda2158fc83871af523928.mp4,-18.3857421875,0.99999998964444,18.3857421875,2.0074821652821198e-07,0,1,vidu,10.729450732469559
/workspace/data/genbuster-mini/extracted/GenBuster-200K-mini/benchmark/fake/vidu/0efb966749efcacf3afd775addca77cb8a4ac9637504b7d78cc77917690537f6.mp4,-10.97213363647461,0.9999828266336408,10.97213363647461,0.00020560198304989032,0,1,vidu,11.054335162043571
/workspace/data/genbuster-mini/extracted/GenBuster-200K-mini/benchmark/fake/vidu/0bf965d2ab8c3d6c39d1fa94a97b3516849f051185589fdb09a6bed49b10179d.mp4,-8.429443359375,0.9997817046823911,8.429443359375,0.0020584271751893854,0,1,vidu,11.641114950180054
/workspace/data/genbuster-mini/extracted/GenBuster-200K-mini/benchmark/fake/vidu/0b06896ce5e9e00590e9ba90975059d0776d15a2e969835c898f3a57d1f96c0e.mp4,-5.040189266204834,0.993569100741297,5.040189266204834,0.03886461575727101,0,1,vidu,37.06595487892628
/workspace/data/genbuster-mini/extracted/GenBuster-200K-mini/benchmark/fake/vidu/0a5248b880f71f2e01f7fe820c441a39f95003576dbcd25b335a1d046123fbde.mp4,-17.6923770904541,0.9999999792843663,17.6923770904541,3.8722243744545674e-07,0,1,vidu,10.591080412268639
/workspace/data/genbuster-mini/extracted/GenBuster-200K-mini/benchmark/fake/vidu/0a3760272bcc04d5f35ad0bdb46bcbacdbff030388a02e94a4f9972c12a21c3a.mp4,-8.77333927154541,0.9998452181898756,8.77333927154541,0.0015127471281659566,0,1,vidu,6.049672141671181
/workspace/data/genbuster-mini/extracted/GenBuster-200K-mini/benchmark/fake/vidu/0969aa5626a915105cd09f0d4f4141d6cc8de9f07942a47d8dbdcb54d8554c0d.mp4,-18.462034225463867,0.9999999904051009,18.462034225463867,1.8673425463600594e-07,0,1,vidu,9.098755195736885
/workspace/data/genbuster-mini/extracted/GenBuster-200K-mini/benchmark/fake/vidu/03de62c2b9c6830a891bbfaf599ffacc5c28187042e6ade9c7dc4333c2804198.mp4,-31.54667854309082,0.9999999999999801,31.54667854309082,-4.298824445596839e-13,0,1,vidu,11.565711349248886
/workspace/data/genbuster-mini/extracted/GenBuster-200K-mini/benchmark/fake/vidu/038681a528a5738f2fb75595423d406e8f47bb5d2881b241924ea81ab018e40a.mp4,-22.42494010925293,0.9999999998176221,22.42494010925293,4.270194539564958e-09,0,1,vidu,9.56159271299839
/workspace/data/genbuster-mini/extracted/GenBuster-200K-mini/benchmark/fake/vidu/0326d0fb4285e60a944c7179c6628bfaddbe989a2821e1d8d5a5d4d0853fb13d.mp4,-16.731103897094727,0.9999999458281259,16.731103897094727,9.605251315914066e-07,0,1,vidu,11.479370296001434
/workspace/data/genbuster-mini/extracted/GenBuster-200K-mini/benchmark/fake/vidu/0313eb4e3e91c1c1fa502b66ec3a286bad79dadcbda6885216c11131a48620df.mp4,-20.47113609313965,0.9999999987132371,20.47113609313965,2.7626262208634756e-08,0,1,vidu,10.884342715144157
/workspace/data/genbuster-mini/extracted/GenBuster-200K-mini/benchmark/fake/vidu/016ca050a8d192bc0fde03b9d9463d1fd1272c924e4dbaddc423ba7b96ee6e0d.mp4,-26.976499557495117,0.9999999999980758,26.976499557495117,5.20277248953885e-11,0,1,vidu,14.447374269366264
/workspace/data/genbuster-mini/extracted/GenBuster-200K-mini/benchmark/fake/vidu/00e48c1f4e510313704843eb2929ef2563f10ee148a5f62d59562b03fb284e89.mp4,-33.87211608886719,0.999999999999998,33.87211608886719,-9.44276753590322e-13,0,1,vidu,6.373075768351555
/workspace/data/genbuster-mini/extracted/GenBuster-200K-mini/benchmark/fake/sora/fecf705d8a30d9de916764ebe5389f26060e206bd709c77f0da4fd88ef803e8c.mp4,-1.0049962997436523,0.7320397794246674,1.0049962997436523,0.581219457841631,0,1,sora,10.910345241427422
/workspace/data/genbuster-mini/extracted/GenBuster-200K-mini/benchmark/fake/sora/fc63d0a3573136e134f210ec02ca25e50f762f2a8d62281aa5d1606394ffda37.mp4,-19.555936813354492,0.999999996786602,19.555936813354492,6.605240651800884e-08,0,1,sora,9.20201651751995
/workspace/data/genbuster-mini/extracted/GenBuster-200K-mini/benchmark/fake/sora/fb1d2037d3367f3cfba68e3f376d60d557d236040f5d39165468087e9984d5b9.mp4,-19.4583683013916,0.9999999964572703,19.4583683013916,7.24764684880588e-08,0,1,sora,9.0915746986866
/workspace/data/genbuster-mini/extracted/GenBuster-200K-mini/benchmark/fake/sora/fa3d2fd40916d37d9fabeb4603c6d4a2b32247de5dd53d7779ed3366f428f39a.mp4,-3.557185649871826,0.972271803766489,3.557185649871826,0.1267542201515625,0,1,sora,17.03750528395176
/workspace/data/genbuster-mini/extracted/GenBuster-200K-mini/benchmark/fake/sora/fa0dc2a7a5c11b6d3bea043dd41104d4e4f0ac38b19ea84577c1fbed8474405d.mp4,-17.18741226196289,0.9999999656757019,17.18741226196289,6.242681615654811e-07,0,1,sora,4.360875114798546
/workspace/data/genbuster-mini/extracted/GenBuster-200K-mini/benchmark/fake/sora/f94537c11a0c58fecdc2030b78647bdbf49c60af3ebac027391a35efa6b0e3a9.mp4,3.0125935077667236,0.9531397819519043,3.0125935077667236,0.18916445098483234,1,1,sora,36.47547587752342
/workspace/data/genbuster-mini/extracted/GenBuster-200K-mini/benchmark/fake/sora/f79b54987d232dd58d3b9e8ce46cbcc027fa71a94dc8f86d7c2bfab0ef63a7cf.mp4,-22.071853637695312,0.9999999997403934,22.071853637695312,5.987607693034388e-09,0,1,sora,11.124635115265846
/workspace/data/genbuster-mini/extracted/GenBuster-200K-mini/benchmark/fake/sora/f63a96ccc36ad915746d1d78a6a3999ab8763c7152080549fbed025e2ff64da1.mp4,-35.2841796875,0.9999999999999996,35.2841796875,-9.865329329979533e-13,0,1,sora,10.84023155272007
/workspace/data/genbuster-mini/extracted/GenBuster-200K-mini/benchmark/fake/sora/f62407a2ca020f93054d92202437aefe9f312361f8ee3cb150b6dd1d8c8cbe1b.mp4,-26.709543228149414,0.999999999997487,26.709543228149414,6.7792302664441e-11,0,1,sora,10.961877182126045
/workspace/data/genbuster-mini/extracted/GenBuster-200K-mini/benchmark/fake/sora/f56f94d5c32fdf4831d16c2f2afaf2d6cdf614373f7b055b5d4b65d8d9ecb090.mp4,0.7476879358291626,0.6786746978759766,0.7476879358291626,0.6278643999775146,1,1,sora,11.497972533106804
/workspace/data/genbuster-mini/extracted/GenBuster-200K-mini/benchmark/fake/sora/f52231449249ab72e168ab6d96eaff488562a3d04e973b4b0f72951e2e734633.mp4,-7.566206455230713,0.9994826153269969,7.566206455230713,0.004432157781255475,0,1,sora,11.907318606972694
/workspace/data/genbuster-mini/extracted/GenBuster-200K-mini/benchmark/fake/sora/f3b93e76c10371f9acc6e70b2788f070908ad3ede763314ceb77f93a1ff47189.mp4,-36.09074020385742,0.9999999999999998,36.09074020385742,-9.94013778224119e-13,0,1,sora,10.24446077644825
/workspace/data/genbuster-mini/extracted/GenBuster-200K-mini/benchmark/fake/sora/f31c079b357ab6ef60d5d4b68d16b5d4a0fbf1dfbdedf8ad72960fce00f20ccf.mp4,-1.9672693014144897,0.8773175179958344,1.9672693014144897,0.37223579551920316,0,1,sora,10.927801951766014
/workspace/data/genbuster-mini/extracted/GenBuster-200K-mini/benchmark/fake/sora/f1f122764995a2d913ee6e1dd5b6aae91149b053be6d213adba7f964af15e289.mp4,-18.84433937072754,0.9999999934535264,18.84433937072754,1.2990844323104845e-07,0,1,sora,10.816691443324089
/workspace/data/genbuster-mini/extracted/GenBuster-200K-mini/benchmark/fake/sora/f0a309323c93bb0c1cf96a2bd0de0d069531d8f414522a310f02a7941bd17180.mp4,-18.485063552856445,0.9999999906235395,18.485063552856445,1.826989281338169e-07,0,1,sora,5.168568342924118
/workspace/data/genbuster-mini/extracted/GenBuster-200K-mini/benchmark/fake/sora/efd7e392e7f2006cfb7b593ef9d8eec0e611e0ecf8340bbc70f4541d73838aba.mp4,-7.574563503265381,0.9994869189104065,7.574563503265381,0.00439957802333819,0,1,sora,7.3552206158638
/workspace/data/genbuster-mini/extracted/GenBuster-200K-mini/benchmark/fake/sora/ef2deb1336f89c2a146bd0649f0c6e8303916088916b2d7e9c1ed114a626f896.mp4,-12.506084442138672,0.9999962959661843,12.506084442138672,5.0026998223262335e-05,0,1,sora,7.774664089083672
/workspace/data/genbuster-mini/extracted/GenBuster-200K-mini/benchmark/fake/sora/ee2167539539db3ed6d628e807612ab7ca2c670057789f6005d5856ea54b718a.mp4,-16.287019729614258,0.999999915542702,16.287019729614258,1.4600129782223314e-06,0,1,sora,5.441613495349884
/workspace/data/genbuster-mini/extracted/GenBuster-200K-mini/benchmark/fake/sora/eb4fb7eaf1fdf46323fe793cf9bbab297a5fb5baddeda9a5c0841bcd3468f423.mp4,-11.91535472869873,0.9999933131084617,11.91535472869873,8.636359673481156e-05,0,1,sora,10.945383459329605
/workspace/data/genbuster-mini/extracted/GenBuster-200K-mini/benchmark/fake/sora/eb338609ace1512aeae96b003a36f067b93a3c8efb4c491549ba0a0f544c3bd7.mp4,-6.565878391265869,0.9985943915089592,6.565878391265869,0.010635651689563898,0,1,sora,11.328909546136856
/workspace/data/genbuster-mini/extracted/GenBuster-200K-mini/benchmark/fake/sora/e980086fb0f1eddadef5c32fe0e4c978d56b48a0a0adf83fbb9fc4c3b8aed9c3.mp4,-9.086480140686035,0.9998868270413368,9.086480140686035,0.0011415232004961286,0,1,sora,9.376300498843193
/workspace/data/genbuster-mini/extracted/GenBuster-200K-mini/benchmark/fake/sora/e905f4bf523e15765623ad858bb0b75092b82dbe8e8fe63cbf1f9f22c5cb4e8d.mp4,-15.425745964050293,0.9999998001594719,15.425745964050293,3.282527765096064e-06,0,1,sora,8.601618930697441
/workspace/data/genbuster-mini/extracted/GenBuster-200K-mini/benchmark/fake/sora/e8c8896c96a035221358f623c1bf3803adabf1e003312c1377a939aca7df2e35.mp4,-15.190415382385254,0.9999997471364281,15.190415382385254,4.0939643207715855e-06,0,1,sora,9.36122052371502
/workspace/data/genbuster-mini/extracted/GenBuster-200K-mini/benchmark/fake/sora/e4c401ad1c402fa0a60a7668ed6b130911fd745325eac40ab2bc341f09d88d52.mp4,-3.210986852645874,0.9612456448376179,3.210986852645874,0.16396501367855212,0,1,sora,12.522639706730843
/workspace/data/genbuster-mini/extracted/GenBuster-200K-mini/benchmark/fake/sora/e44c6ba630e9d11556462e46efccbf5ac4a9e5382041c862b257dcae216829e4.mp4,-13.580904960632324,0.9999987355917028,13.580904960632324,1.843621609972821e-05,0,1,sora,6.142370402812958
/workspace/data/genbuster-mini/extracted/GenBuster-200K-mini/benchmark/fake/sora/e3e8ae363853e06fecd78df70d15a83b1ae7ad82377d42e442e5c99e3aa8d00f.mp4,-14.906476974487305,0.999999664108401,14.906476974487305,5.3428500552083344e-06,0,1,sora,7.31424055993557
/workspace/data/genbuster-mini/extracted/GenBuster-200K-mini/benchmark/fake/sora/e39ed0acb3693763bd663b411a273cc35a5ff84a3f0a148891c5cbdcf5fbe48d.mp4,-27.608598709106445,0.9999999999989774,27.608598709106445,2.755982949122669e-11,0,1,sora,11.120004579424858
/workspace/data/genbuster-mini/extracted/GenBuster-200K-mini/benchmark/fake/sora/e3956b7d3ea5e00bfcf6bb569a60c6797649806ba2fc450a32b28419ed0f14ca.mp4,-16.037595748901367,0.9999998916171364,16.037595748901367,1.8465814202917603e-06,0,1,sora,10.819340124726295
/workspace/data/genbuster-mini/extracted/GenBuster-200K-mini/benchmark/fake/sora/e29417daf8497617428a9ea9f6a6054678d50f7190657bc361f193fdf2decba4.mp4,-12.613343238830566,0.9999966726904859,12.613343238830566,4.529580990715424e-05,0,1,sora,7.62031227350235
/workspace/data/genbuster-mini/extracted/GenBuster-200K-mini/benchmark/fake/sora/df193c20964c53c1cbbba6801448bc092b3cd2cdcdbd8136ed5c4f83219798b1.mp4,-16.68025779724121,0.9999999430024715,16.68025779724121,1.0077290032211283e-06,0,1,sora,8.465686812996864
/workspace/data/genbuster-mini/extracted/GenBuster-200K-mini/benchmark/fake/sora/de4deb2b38ed3d17100cb23a5ccd0388a1f53017a5770833eb410301a01a11a7.mp4,-5.8770976066589355,0.9972049256321043,5.8770976066589355,0.01922591267646443,0,1,sora,5.348470062017441
/workspace/data/genbuster-mini/extracted/GenBuster-200K-mini/benchmark/fake/sora/dd3689904ca29d71f3339948ea2559e5991ebf763eee7d69831b4f76e2dd133f.mp4,-7.616373062133789,0.999507918022573,7.616373062133789,0.004240082989646508,0,1,sora,11.178737506270409
/workspace/data/genbuster-mini/extracted/GenBuster-200K-mini/benchmark/fake/sora/da8c0a0fbc9292c183141f9f62ed7ee4d76847cfda4fa2bac0423a9269ee2a30.mp4,0.061290059238672256,0.5153177380561829,0.061290059238672256,0.6926778409284708,1,1,sora,11.034056544303894
/workspace/data/genbuster-mini/extracted/GenBuster-200K-mini/benchmark/fake/sora/da4b6257ce8923639bff131c5c554406d715564cae2d77c36a9e4f4561c62b0d.mp4,-16.554969787597656,0.999999935394726,16.554969787597656,1.13414163152007e-06,0,1,sora,8.496038615703583
/workspace/data/genbuster-mini/extracted/GenBuster-200K-mini/benchmark/fake/sora/da30095b36e23ef33791b3d128e51861bb49d2c930df93c02a367e64e960ed02.mp4,-20.789770126342773,0.9999999990643411,20.789770126342773,2.0385792567020833e-08,0,1,sora,8.797431364655495
/workspace/data/genbuster-mini/extracted/GenBuster-200K-mini/benchmark/fake/sora/d9a891f42f11045727d2c0aceb04335c5ac758e6f23c1e274a1c5145c7a6520f.mp4,-12.16379165649414,0.9999947840892673,12.16379165649414,6.866117365719776e-05,0,1,sora,13.042977079749107
/workspace/data/genbuster-mini/extracted/GenBuster-200K-mini/benchmark/fake/sora/d891a3708e912f9c8faa07bb2e97acfe66c7ddf133733d06444519b1794576f4.mp4,-1.613545298576355,0.8339030295610428,1.613545298576355,0.44964314869628547,0,1,sora,7.949588820338249
/workspace/data/genbuster-mini/extracted/GenBuster-200K-mini/benchmark/fake/sora/d8054b309e5017a2f9ec0e90e6f3304994dd5f1c084484bf86f7596d6712f271.mp4,4.630009174346924,0.9903395771980286,4.630009174346924,0.05443524617001993,1,1,sora,5.17432764172554
/workspace/data/genbuster-mini/extracted/GenBuster-200K-mini/benchmark/fake/sora/d71613ef4fa74b6a2a3ed0f4a18e3c81053335121c130608661c72e5042a2832.mp4,-23.266145706176758,0.9999999999213603,23.266145706176758,1.9062864101929812e-09,0,1,sora,5.226697772741318
/workspace/data/genbuster-mini/extracted/GenBuster-200K-mini/benchmark/fake/sora/d6d1c194be00cf9484d46a4948a15ba0c749a42fe1d2aa453516bd7d25b980f1.mp4,-35.26350402832031,0.9999999999999996,35.26350402832031,-9.862590175767593e-13,0,1,sora,41.04503057897091
/workspace/data/genbuster-mini/extracted/GenBuster-200K-mini/benchmark/fake/sora/d68b9a8f8f58707292f2941b9d5a3d3c6c74e95648a29faa62d29ea492d53f47.mp4,1.4852215051651,0.8153599500656128,1.4852215051651,0.4783569635940429,1,1,sora,7.047703489661217
/workspace/data/genbuster-mini/extracted/GenBuster-200K-mini/benchmark/fake/sora/d4c8bde2c7e93ae55aac0eebf772d653f8a7e96b9373f3d3aca44b6e60b2f71e.mp4,-29.26734161376953,0.9999999999998053,29.26734161376953,4.539634230371691e-12,0,1,sora,10.884784162044525
/workspace/data/genbuster-mini/extracted/GenBuster-200K-mini/benchmark/fake/sora/d1dff98137894b9523ae811be9f28bac02b0225b1faa8c632bf9314a077ced3c.mp4,-0.21078208088874817,0.5525012612342834,0.21078208088874817,0.6876242405614219,0,1,sora,12.398004531860352
/workspace/data/genbuster-mini/extracted/GenBuster-200K-mini/benchmark/fake/sora/d15bfda0f2418dec7aa34ee4817b86a86e8b24138e607b36b5f8b0fd3819b633.mp4,-23.59819984436035,0.9999999999435801,23.59819984436035,1.385835825360879e-09,0,1,sora,10.684490203857422
/workspace/data/genbuster-mini/extracted/GenBuster-200K-mini/benchmark/fake/sora/d111f990e9a6dbeb66ee2987700bdc0ea37ecc36b90bcb2a554d59444fc7430c.mp4,3.440211296081543,0.9689379334449768,3.440211296081543,0.13841485293950925,1,1,sora,10.841963812708855
/workspace/data/genbuster-mini/extracted/GenBuster-200K-mini/benchmark/fake/sora/d02403d6eaaf02c727093cc03e9558c120552b603967137f97dbea568cec78ba.mp4,-21.368093490600586,0.999999999475247,21.368093490600586,1.1735725512704613e-08,0,1,sora,8.461035788059235
/workspace/data/genbuster-mini/extracted/GenBuster-200K-mini/benchmark/fake/sora/ce8417b4c4b6de5dd4cc1c0d436df2da23c68c07a729a94fa3aabf78606d3e5f.mp4,-19.19710922241211,0.9999999953995387,19.19710922241211,9.291402049152875e-08,0,1,sora,9.009996429085732
/workspace/data/genbuster-mini/extracted/GenBuster-200K-mini/benchmark/fake/sora/ce56568f57e5676339add48a8981f6c420e59396c13c56f4819ed0ab2f28d89f.mp4,-0.3112025558948517,0.5771787464618683,0.3112025558948517,0.6811862985834004,0,1,sora,12.194544076919556
/workspace/data/genbuster-mini/extracted/GenBuster-200K-mini/benchmark/fake/sora/cd29c86c5fb83c4f5bc9c107e9bd74b3cdc5b91f1bec915d7c17edd1539c15df.mp4,-20.392866134643555,0.9999999986084759,20.392866134643555,2.9766689657717564e-08,0,1,sora,10.803202167153358
/workspace/data/genbuster-mini/extracted/GenBuster-200K-mini/benchmark/fake/sora/cbdecfc82a723f692fe2f6c60a11b941f64daea6cdd1c95eaff33f2c22057e28.mp4,-24.34470558166504,0.9999999999732558,24.34470558166504,6.758407236483601e-10,0,1,sora,8.467497304081917
/workspace/data/genbuster-mini/extracted/GenBuster-200K-mini/benchmark/fake/sora/ca5a3bd00b4d17810c96ab42ae4658ccdf3309c644918efd50dcb9e9dd4d380e.mp4,-37.28939437866211,0.9999999999999999,37.28939437866211,-9.981015592509107e-13,0,1,sora,10.749099776148796
/workspace/data/genbuster-mini/extracted/GenBuster-200K-mini/benchmark/fake/sora/c9ad66768480f1db5a6cbd417b9309d75a4423211fc7cfa2a85635cbee6af6ea.mp4,-4.962707042694092,0.9930546060204506,4.962707042694092,0.04143758046517221,0,1,sora,11.054545640945435
/workspace/data/genbuster-mini/extracted/GenBuster-200K-mini/benchmark/fake/sora/c950b68aa336782847647890db8cf949ab4956160c00bf28f3d93dab2970d931.mp4,-31.890296936035156,0.9999999999999859,31.890296936035156,-5.955800593532858e-13,0,1,sora,10.718420147895813
/workspace/data/genbuster-mini/extracted/GenBuster-200K-mini/benchmark/fake/sora/c8813df5bf0e07540fbececaf1233606570acdd621e7e1d9e90d3d9ca04257af.mp4,-8.462034225463867,0.9997887029603589,8.462034225463867,0.0019993221660695756,0,1,sora,10.748540982604027
/workspace/data/genbuster-mini/extracted/GenBuster-200K-mini/benchmark/fake/sora/c83d41c1653764d04a8202f1b44f3d7583c51b8e5128aa95199f2c6dac3ee8cc.mp4,-6.277828693389893,0.9981260455679148,6.277828693389893,0.013640077393427574,0,1,sora,8.331572636961937
/workspace/data/genbuster-mini/extracted/GenBuster-200K-mini/benchmark/fake/sora/c75e183ddd2add452ad012bd5cfa42d7d6e5eb69926befbf164a765f9d14dcdc.mp4,-19.215848922729492,0.9999999954849472,19.215848922729492,9.127362509561885e-08,0,1,sora,7.806086912751198
/workspace/data/genbuster-mini/extracted/GenBuster-200K-mini/benchmark/fake/sora/c6dbdaf93af38f0ff686ab9db54935a8f11727d16e08434f1d4df4b50af97617.mp4,-15.633574485778809,0.9999998376602832,15.633574485778809,2.70028778948231e-06,0,1,sora,5.205780267715454
/workspace/data/genbuster-mini/extracted/GenBuster-200K-mini/benchmark/fake/sora/be78b7d0dea037a680ce1c530ca2c21065a29f70a0f970a714c802f00aafcc62.mp4,-16.305204391479492,0.9999999170646561,16.305204391479492,1.4352110852910449e-06,0,1,sora,13.763045892119408
/workspace/data/genbuster-mini/extracted/GenBuster-200K-mini/benchmark/fake/sora/bb091f08e54883f8b685c3f519fdb790f2dd5c757ae880035353d87f21aed602.mp4,-13.075121879577637,0.9999979032540978,13.075121879577637,2.9511954341749804e-05,0,1,sora,11.882029473781586
/workspace/data/genbuster-mini/extracted/GenBuster-200K-mini/benchmark/fake/sora/b94851283cf9a77037ef0f4d241e35c2d5c5066b316381a15c3c90d7b813cda6.mp4,0.1216171383857727,0.530366837978363,0.1216171383857727,0.6913017553826809,1,1,sora,12.578187510371208
/workspace/data/genbuster-mini/extracted/GenBuster-200K-mini/benchmark/fake/sora/b76cd6aa089e0de9cb5f6b208e658ba0427f9b25dbc480432079e4b46b15f2dd.mp4,-20.0548038482666,0.9999999980487659,20.0548038482666,4.1080850667860896e-08,0,1,sora,11.719144880771637
/workspace/data/genbuster-mini/extracted/GenBuster-200K-mini/benchmark/fake/sora/b57196e77975eddc5718db6b81eb9d3991c631a502329993f9becb81f300f100.mp4,-21.46944236755371,0.999999999525824,21.46944236755371,1.0652473286439716e-08,0,1,sora,36.91530413925648
/workspace/data/genbuster-mini/extracted/GenBuster-200K-mini/benchmark/fake/sora/b28d33df4d72cca3a257f7441dce956d2d15006ea914a884f9f587826bc29904.mp4,-14.868393898010254,0.999999651069885,14.868393898010254,5.536958545019296e-06,0,1,sora,6.949862465262413
/workspace/data/genbuster-mini/extracted/GenBuster-200K-mini/benchmark/fake/sora/b05f8629aac7aaf5dd61f076bebfe4c00a8027b5600c576c6da94f48f34194ba.mp4,-15.766759872436523,0.9999998579035747,15.766759872436523,2.3824946437688364e-06,0,1,sora,17.19607599079609
/workspace/data/genbuster-mini/extracted/GenBuster-200K-mini/benchmark/fake/sora/afc11c62e884d6802f2a7afb498c396f93e6f25745b0fb382f25f03dd8bc7ecd.mp4,-26.406295776367188,0.9999999999965967,26.406295776367188,9.139331325603413e-11,0,1,sora,10.702069848775864
/workspace/data/genbuster-mini/extracted/GenBuster-200K-mini/benchmark/fake/sora/ae29f142ca46eb391f6552a3cf74a4f727d469bb7eb82b2b824b728911bbae0e.mp4,-23.39699363708496,0.9999999999310054,23.39699363708496,1.6812667470081412e-09,0,1,sora,6.899312138557434
/workspace/data/genbuster-mini/extracted/GenBuster-200K-mini/benchmark/fake/sora/adb66d6ec321607059cadb7b1482231bb9aab1fa669bd6dd88794ba89628eefd.mp4,-16.205198287963867,0.9999999083416995,16.205198287963867,1.5769972317961402e-06,0,1,sora,6.241101771593094
/workspace/data/genbuster-mini/extracted/GenBuster-200K-mini/benchmark/fake/sora/ad9194c4616aaacd44bd616f18a1fc5e7638622bebe510e87d97b3ff70353311.mp4,-16.28464126586914,0.9999999153415899,16.28464126586914,1.463288254329663e-06,0,1,sora,6.67877122759819
/workspace/data/genbuster-mini/extracted/GenBuster-200K-mini/benchmark/fake/sora/a9ce2ab1fd1d5e7bb13e2be8416961881e82e02a196f87f8505f0f125c45db56.mp4,-3.5315780639648438,0.9715730287134647,3.5315780639648438,0.1292309097047845,0,1,sora,9.21940803527832
/workspace/data/genbuster-mini/extracted/GenBuster-200K-mini/benchmark/fake/sora/a9c9f8c545129c624fc313d0247f0285d786a8350074d8cedcd84e6c1a51ef03.mp4,-12.44007396697998,0.9999960432119224,12.44007396697998,5.317953038003721e-05,0,1,sora,9.686635807156563
/workspace/data/genbuster-mini/extracted/GenBuster-200K-mini/benchmark/fake/sora/a97557cc64df153a90d00ab77ff990551342552d98a57831e99898089b9f6f9b.mp4,4.956884860992432,0.9930143356323242,4.956884860992432,0.04163731326193697,1,1,sora,50.544386729598045
/workspace/data/genbuster-mini/extracted/GenBuster-200K-mini/benchmark/fake/sora/a966767519adaa74f4459ab6cc35dfdbf072f8017d2f695f2c1642e039e4f81d.mp4,-16.451627731323242,0.9999999283611132,16.451627731323242,1.2502131861820277e-06,0,1,sora,7.147427648305893
/workspace/data/genbuster-mini/extracted/GenBuster-200K-mini/benchmark/fake/sora/a6410a2c38c1147e376545abf97d624d1aeab6d963cd2a0fb34341f4f3508a9b.mp4,-1.3892887830734253,0.8004786819219589,1.3892887830734253,0.49973811300680393,0,1,sora,11.0087338835001
/workspace/data/genbuster-mini/extracted/GenBuster-200K-mini/benchmark/fake/sora/a5f42588af9f421948a97b77f869a1baea0e7ee6ab3fa2be2ead0acd06d93b59.mp4,-21.84096908569336,0.99999999967297,21.84096908569336,7.467683961541465e-09,0,1,sora,8.7042897939682
/workspace/data/genbuster-mini/extracted/GenBuster-200K-mini/benchmark/fake/sora/a5a8b0c2eb59f4e20d2b4b9b57ea9bb11e1bb7b0f43d21479e98e82fdd27cf59.mp4,6.523364543914795,0.9985333681106567,6.523364543914795,0.011035016158933542,1,1,sora,6.16886094212532
/workspace/data/genbuster-mini/extracted/GenBuster-200K-mini/benchmark/fake/sora/a399d57c396c57b3273a23845558c31a36c754b4e9378b2f35e543cbb72a6a30.mp4,-17.630205154418945,0.9999999779555537,17.630205154418945,4.106905559070744e-07,0,1,sora,5.572283640503883
/workspace/data/genbuster-mini/extracted/GenBuster-200K-mini/benchmark/fake/sora/a2ff893a7169df34225e444ba25725dfcc6e86285190d617faefb86f96bd34f8.mp4,-11.103528022766113,0.9999849411251489,11.103528022766113,0.0001822656246513239,0,1,sora,11.442393064498901
/workspace/data/genbuster-mini/extracted/GenBuster-200K-mini/benchmark/fake/sora/a2c400c75b847d95944a36be628691d928e94cfd1097a13a319f9387a40d5153.mp4,-3.66923451423645,0.9751379042863846,3.66923451423645,0.11640123747580264,0,1,sora,7.155407220125198
/workspace/data/genbuster-mini/extracted/GenBuster-200K-mini/benchmark/fake/sora/9ed64f57633232f6e77805bbadca5035b92bd057936efb74f72c52819c0d7173.mp4,-24.159997940063477,0.9999999999678304,24.159997940063477,8.074033323855514e-10,0,1,sora,5.300959572196007
/workspace/data/genbuster-mini/extracted/GenBuster-200K-mini/benchmark/fake/sora/9e39f21aef114fb534c7fef8828a1026cefaff8ebc282f00dad622e41d6fd7b7.mp4,-24.385026931762695,0.9999999999743128,24.385026931762695,6.500901513784222e-10,0,1,sora,5.126155912876129
/workspace/data/genbuster-mini/extracted/GenBuster-200K-mini/benchmark/fake/sora/9b6e966e8377f34af257fb5b98b04ec0e8f64d28f60ccc170b32281fbf8c8606.mp4,-27.647977828979492,0.9999999999990168,27.647977828979492,2.6476373577699174e-11,0,1,sora,5.636444315314293
/workspace/data/genbuster-mini/extracted/GenBuster-200K-mini/benchmark/fake/sora/9b502940edb4f85c99a713d4a6825ba9baa7c88db0e258f37bef4593eb08b3c4.mp4,-27.107284545898438,0.9999999999983117,27.107284545898438,4.566885069502822e-11,0,1,sora,6.130892783403397
/workspace/data/genbuster-mini/extracted/GenBuster-200K-mini/benchmark/fake/sora/99baf03762df7ea807a62be55e2649f3198f3c383743b8d3705b844f3cc79057.mp4,-10.325977325439453,0.9999672304256819,10.325977325439453,0.0003711479902900931,0,1,sora,10.294932872056961
/workspace/data/genbuster-mini/extracted/GenBuster-200K-mini/benchmark/fake/sora/988155f25307558c5aabd466783b6a39a6f0700a3fb470106b1652c4ee6fd8c3.mp4,-28.428762435913086,0.9999999999995497,28.428762435913086,1.1726270893149522e-11,0,1,sora,11.737195774912834
/workspace/data/genbuster-mini/extracted/GenBuster-200K-mini/benchmark/fake/sora/9536c8aa6b54fb378cdd38e6c93b222cab80adf35529658049ad2f8f9740f193.mp4,-23.647838592529297,0.9999999999463124,23.647838592529297,1.3212930939014466e-09,0,1,sora,11.082915589213371
/workspace/data/genbuster-mini/extracted/GenBuster-200K-mini/benchmark/fake/sora/9476c66341a271bb54c5d16064bd8ff68daafd82a71f109dd5a226933e34b537.mp4,-30.79982566833496,0.9999999999999579,30.79982566833496,2.0235778630281247e-13,0,1,sora,7.004063576459885
/workspace/data/genbuster-mini/extracted/GenBuster-200K-mini/benchmark/fake/sora/9472cd6429f5409327caa5c9665b5d3c0cd03f3360edaffa76a4f6fc2af1aaa7.mp4,-0.9103816747665405,0.7130782604217529,0.9103816747665405,0.5993723984141544,0,1,sora,11.26207783818245
/workspace/data/genbuster-mini/extracted/GenBuster-200K-mini/benchmark/fake/sora/9388d01fac83b4bd7f0c3ad9343010f607bf0e0e55e0958ce58532d30f08b63e.mp4,-3.1254918575286865,0.9579320996999741,3.1254918575286865,0.17446126278831767,0,1,sora,11.207368224859238
/workspace/data/genbuster-mini/extracted/GenBuster-200K-mini/benchmark/fake/sora/937e49497abc1d49b18195745f33f08961ec14f04c69594be8d09b89073e7749.mp4,-28.586515426635742,0.9999999999996154,28.586515426635742,9.886823628848317e-12,0,1,sora,11.287238448858261
/workspace/data/genbuster-mini/extracted/GenBuster-200K-mini/benchmark/fake/sora/92d5230d0fc64f40f55e958e33b19d0e59d64ca9a52537be892253db7ce12809.mp4,5.133607387542725,0.9941393136978149,5.133607387542725,0.03596440906746809,1,1,sora,11.08136773109436
/workspace/data/genbuster-mini/extracted/GenBuster-200K-mini/benchmark/fake/sora/8e8b49f559d3da4196dc320424550baf8f485a87c1a225c278ffb8992b93feb7.mp4,-22.91790771484375,0.9999999998886016,22.91790771484375,2.66242208588832e-09,0,1,sora,27.921225875616074
/workspace/data/genbuster-mini/extracted/GenBuster-200K-mini/benchmark/fake/sora/8e61985a53ad536b1d841d827f2925c65a816f17461eb7e5a35fb556487560c1.mp4,-4.958425045013428,0.9930250109173357,4.958425045013428,0.04158438888343709,0,1,sora,10.996224358677864
/workspace/data/genbuster-mini/extracted/GenBuster-200K-mini/benchmark/fake/sora/8cb65a5f77b29d700586664cf534b0c2b1c33ec5942434436b62f84ed098f33f.mp4,-13.980498313903809,0.9999991520966205,13.980498313903809,1.270201349393536e-05,0,1,sora,10.653980076313019
/workspace/data/genbuster-mini/extracted/GenBuster-200K-mini/benchmark/fake/sora/8a4f53a72a7080fb18f392097b5e59793fcbe91e0d35771afcd15a3d3a15a5e2.mp4,-14.592350006103516,0.9999995401431079,14.592350006103516,7.170247736058141e-06,0,1,sora,11.151766404509544
/workspace/data/genbuster-mini/extracted/GenBuster-200K-mini/benchmark/fake/sora/8a17128b087229ecd75269e2a3564547366e088efcfd26d5b7fbd93468434d79.mp4,-11.684748649597168,0.9999915787902864,11.684748649597168,0.00010682096198166434,0,1,sora,11.176899075508118
/workspace/data/genbuster-mini/extracted/GenBuster-200K-mini/benchmark/fake/sora/86403ddcd835d67a776799ad6fb730b9978bb16af42aba2a534f75a6344bf2a8.mp4,-13.811230659484863,0.9999989957119624,13.811230659484863,1.487474030218691e-05,0,1,sora,10.57392731308937
/workspace/data/genbuster-mini/extracted/GenBuster-200K-mini/benchmark/fake/sora/85d031887826fb5893aec947a1e60b56734de0d9c0d9c6f1f3d1f923ed545f0d.mp4,-2.477982997894287,0.9225838631391525,2.477982997894287,0.2724128724137529,0,1,sora,5.7949889451265335
/workspace/data/genbuster-mini/extracted/GenBuster-200K-mini/benchmark/fake/sora/83f994630feeb82650434459a82fdf7e499cf142c82c0505f2b41b721df687ac.mp4,-5.169961452484131,0.9943473460152745,5.169961452484131,0.03489269372386226,0,1,sora,9.278109297156334
/workspace/data/genbuster-mini/extracted/GenBuster-200K-mini/benchmark/fake/sora/8357bfc60a53de090a395478481927fc100ff1a2162efb967706e76e21f7c534.mp4,-21.586130142211914,0.9999999995780482,21.586130142211914,9.528258429453307e-09,0,1,sora,11.452771723270416
/workspace/data/genbuster-mini/extracted/GenBuster-200K-mini/benchmark/fake/sora/83394d1d598911587441f437b02ef4c7ffc014a59aa1aec3241074a7c39f73fa.mp4,-33.609397888183594,0.9999999999999974,33.609397888183594,-9.274432062322154e-13,0,1,sora,11.125555261969566
/workspace/data/genbuster-mini/extracted/GenBuster-200K-mini/benchmark/fake/sora/8080e591aff0120e9c78286b30c9619c4a0bd8b93e4836adc9e3910be61b0a37.mp4,-17.646255493164062,0.9999999783065512,17.646255493164062,4.044995895238808e-07,0,1,sora,7.189948111772537
/workspace/data/genbuster-mini/extracted/GenBuster-200K-mini/benchmark/fake/sora/7fa83de689a7480d2020d3f3d1b231ad6773cf2821c341180e6c1006d56474bc.mp4,-28.106985092163086,0.9999999999993787,28.106985092163086,1.6487736759893187e-11,0,1,sora,10.283064097166061
/workspace/data/genbuster-mini/extracted/GenBuster-200K-mini/benchmark/fake/sora/7f36c5747aa44d28a87d3b47905471d1f02b6e5dc75e1eb4cdde866092267493.mp4,-28.61381721496582,0.9999999999996257,28.61381721496582,9.596566360431944e-12,0,1,sora,11.137615889310837
/workspace/data/genbuster-mini/extracted/GenBuster-200K-mini/benchmark/fake/sora/7e89fe9a85e404483dac605b7e2e7a40119ac7f61cd6e0570175f829f955938a.mp4,-7.24480676651001,0.9992866371758282,7.24480676651001,0.005881793211509716,0,1,sora,11.546403169631958
/workspace/data/genbuster-mini/extracted/GenBuster-200K-mini/benchmark/fake/sora/7e36e5e3ba1c901fa035301b5656e8c7ed850b0e88bb7f6321bd408d12b9e60c.mp4,11.908166885375977,0.9999933242797852,11.908166885375977,8.623047711639754e-05,1,1,sora,9.478101506829262
/workspace/data/genbuster-mini/extracted/GenBuster-200K-mini/benchmark/fake/sora/7d5621e2cae7d47016611daf3d2aaed54692c6011829532f35ff9b24be43281f.mp4,-12.31059741973877,0.9999954962581796,12.31059741973877,5.99475026996581e-05,0,1,sora,11.94547675549984
/workspace/data/genbuster-mini/extracted/GenBuster-200K-mini/benchmark/fake/sora/7d15b7b129cb61a4bebe34594d4c693a793af4946f41dcc79e1dd10c2d648004.mp4,-22.138879776000977,0.9999999997572235,22.138879776000977,5.615578751414133e-09,0,1,sora,11.606764048337936
/workspace/data/genbuster-mini/extracted/GenBuster-200K-mini/benchmark/fake/sora/7cf43b671eb7e17e0fcb078c583bc4219d871e7bec20564774de1c2299666741.mp4,-16.897663116455078,0.9999999541395717,16.897663116455078,8.207925005714342e-07,0,1,sora,11.45782321691513
/workspace/data/genbuster-mini/extracted/GenBuster-200K-mini/benchmark/fake/sora/7b62d4476cbbd64c51a0d0ddaad6b59f2a651bfec5b28ff3d2e5d0c7de419cd0.mp4,-34.930870056152344,0.9999999999999993,34.930870056152344,-9.807545777068242e-13,0,1,sora,11.008312925696373
/workspace/data/genbuster-mini/extracted/GenBuster-200K-mini/benchmark/fake/sora/79ded3f6544084fc64c9878f0a32c1a1ed39d2d495709e06850508671fbd38b0.mp4,5.4430155754089355,0.9956921935081482,5.4430155754089355,0.027764542736483988,1,1,sora,12.243984267115593
/workspace/data/genbuster-mini/extracted/GenBuster-200K-mini/benchmark/fake/sora/78d1d84ba5ebc24c736cd39414a7b9fe732292e2454af10629d741384d50553c.mp4,-1.638106346130371,0.8372770994901657,1.638106346130371,0.4441576124824721,0,1,sora,6.272843107581139
/workspace/data/genbuster-mini/extracted/GenBuster-200K-mini/benchmark/fake/sora/788f6cc103699cab78dbc2227548a5c5583b886767c71964b1f5bed3f00f8663.mp4,-24.4405517578125,0.9999999999757002,24.4405517578125,6.162211172409464e-10,0,1,sora,5.9112198650836945
/workspace/data/genbuster-mini/extracted/GenBuster-200K-mini/benchmark/fake/sora/776cdb6bbf41c740be852d3e33eb42957d2223d74b6368ed04e734212b9e25ef.mp4,-10.297907829284668,0.9999662976006221,10.297907829284668,0.00038076716749137543,0,1,sora,6.546627730131149
/workspace/data/genbuster-mini/extracted/GenBuster-200K-mini/benchmark/fake/sora/75a58315b1fd5e045153c8bbba2027067907970bce34aa67b09eb664169352dd.mp4,-5.115914344787598,0.9940353017300367,5.115914344787598,0.036497443011407255,0,1,sora,4.582419991493225
/workspace/data/genbuster-mini/extracted/GenBuster-200K-mini/benchmark/fake/sora/753c5fe13dad89eccdf1bd631751571a0e80a732a06e13f5c9a9ffefbd6660b8.mp4,-13.672823905944824,0.9999988466329341,13.672823905944824,1.692315046462458e-05,0,1,sora,7.2207972407341
/workspace/data/genbuster-mini/extracted/GenBuster-200K-mini/benchmark/fake/sora/732e00be041011d998052066b54d43c3d17349ff542e8a349e9b30e6aebbb2eb.mp4,-22.183382034301758,0.9999999997677907,22.183382034301758,5.381398593353809e-09,0,1,sora,8.618578314781189
/workspace/data/genbuster-mini/extracted/GenBuster-200K-mini/benchmark/fake/sora/71fbba0f167eea8de5f0a87aa648dfa2ad6fc8a3f7bf04ce17823e8a89f7ee2e.mp4,-21.85905647277832,0.9999999996788319,21.85905647277832,7.3396011325163674e-09,0,1,sora,11.473482474684715
/workspace/data/genbuster-mini/extracted/GenBuster-200K-mini/benchmark/fake/sora/713d235a6e7c1c7733c2a1868268995c47a3cfa382123a75ca5ea75c7a2d3be3.mp4,-27.477458953857422,0.999999999998834,27.477458953857422,3.1482049607746654e-11,0,1,sora,6.434757262468338
/workspace/data/genbuster-mini/extracted/GenBuster-200K-mini/benchmark/fake/sora/7071efc4c319c84ea73a848eabc903f531b4840bf0f4b8a923e6e207ff4cf210.mp4,-25.18498992919922,0.9999999999884576,25.18498992919922,3.0027980602062976e-10,0,1,sora,7.979489862918854
/workspace/data/genbuster-mini/extracted/GenBuster-200K-mini/benchmark/fake/sora/6e35e452802f395f1f0aac14862756e61fa5189a4287512e862614569e212021.mp4,-9.571008682250977,0.9999302838405129,9.571008682250977,0.0007369725571055646,0,1,sora,5.246467888355255
/workspace/data/genbuster-mini/extracted/GenBuster-200K-mini/benchmark/fake/sora/6d20854c5b245d1850212b5d2db9192b380348bed9e956a36b2bed4a73cebae8.mp4,-41.732582092285156,1.0,41.732582092285156,-1.0000681434768262e-12,0,1,sora,5.229867994785309
/workspace/data/genbuster-mini/extracted/GenBuster-200K-mini/benchmark/fake/sora/6cb677d48c43b80ccd171e402258da1813feba01972d7858389819d8d9ba3994.mp4,-8.672411918640137,0.9998287837515818,8.672411918640137,0.0016560887459278833,0,1,sora,8.659860119223595
/workspace/data/genbuster-mini/extracted/GenBuster-200K-mini/benchmark/fake/sora/6c7f8d4ca46da815f918b3ba20a51312832c969aab465ffb44def0ece564a443.mp4,10.40546989440918,0.9999697208404541,10.40546989440918,0.0003453348949836953,1,1,sora,5.375532433390617
/workspace/data/genbuster-mini/extracted/GenBuster-200K-mini/benchmark/fake/sora/6b9b011387c579527bffa72f0992a391b778e26db4358d6d47a8427b58af986b.mp4,-13.223270416259766,0.9999981919692118,13.223270416259766,2.5716110533669832e-05,0,1,sora,5.941648036241531
/workspace/data/genbuster-mini/extracted/GenBuster-200K-mini/benchmark/fake/sora/6b67fd26a48397f4f1b91b4b7968be97070aa460f0b898ff9c210414e3ed995c.mp4,0.998447060585022,0.7307531237602234,0.998447060585022,0.5825083265365116,1,1,sora,6.624570116400719
/workspace/data/genbuster-mini/extracted/GenBuster-200K-mini/benchmark/fake/sora/6af9386aac3ac8d0960db26614107151b5710def4524e3019764c86adb495f37.mp4,-17.71754264831543,0.9999999797991812,17.71754264831543,3.7810768820098463e-07,0,1,sora,11.24577783048153
/workspace/data/genbuster-mini/extracted/GenBuster-200K-mini/benchmark/fake/sora/6a67f40efe524da544997b35f8c366bd396f5fbe6b5e8e1b704dbea620eda0df.mp4,-24.029245376586914,0.9999999999633368,24.029245376586914,9.15667598443115e-10,0,1,sora,11.128196492791176
/workspace/data/genbuster-mini/extracted/GenBuster-200K-mini/benchmark/fake/sora/64f9016d05e8b50ccbad44b061977c73e21b24ae4739e04fbadacc60f1ef1f04.mp4,-5.186230182647705,0.9944380563683808,5.186230182647705,0.03442298880321596,0,1,sora,10.190863162279129
/workspace/data/genbuster-mini/extracted/GenBuster-200K-mini/benchmark/fake/sora/64c420d76eb4102641d38d7b8c5be39ceb34e43924b62d49250cff72200e4a1a.mp4,-5.3442912101745605,0.9952473607845604,5.3442912101745605,0.030163456955262048,0,1,sora,9.210288524627686
/workspace/data/genbuster-mini/extracted/GenBuster-200K-mini/benchmark/fake/sora/645e76ca7b3b11cb4690f4446b7fffe3ddaae53fcb73cf9a41a1235d2b523edc.mp4,5.1911396980285645,0.994465172290802,5.1911396980285645,0.03428229281179737,1,1,sora,11.303717270493507
/workspace/data/genbuster-mini/extracted/GenBuster-200K-mini/benchmark/fake/sora/6449fe15023ac8be22e25cc5d54fb7fcdc83c42922292e11566f101915a83e55.mp4,-27.390443801879883,0.999999999998728,27.390443801879883,3.43743443891098e-11,0,1,sora,11.88007928431034
/workspace/data/genbuster-mini/extracted/GenBuster-200K-mini/benchmark/fake/sora/617de1f8c88d8bf36409ccfdc833ae11bdedf123e909b1b364ca0392a338785a.mp4,-30.60002899169922,0.9999999999999486,30.60002899169922,4.678236375310116e-13,0,1,sora,11.66115514934063
/workspace/data/genbuster-mini/extracted/GenBuster-200K-mini/benchmark/fake/sora/5dc3e1231a3cb2ad03343551dd25a3acb58bc5035bf1fe381eaf25e519f574ad.mp4,0.8112037777900696,0.6923660039901733,0.8112037777900696,0.6171944750416315,1,1,sora,11.284027248620987
/workspace/data/genbuster-mini/extracted/GenBuster-200K-mini/benchmark/fake/sora/5db81e4ce9957160d5f83ae6e6e6377760d57348f607cbc31c6465cb2ba3c0fd.mp4,-1.1317802667617798,0.7561672925949097,1.1317802667617798,0.5554576890413755,0,1,sora,9.124336764216423
/workspace/data/genbuster-mini/extracted/GenBuster-200K-mini/benchmark/fake/sora/5d9e1d2566c064f85a163db9b4d76e279cb9f4de20bbf82a3676a068b3a79f0d.mp4,-31.513999938964844,0.9999999999999795,31.513999938964844,-4.109521569728028e-13,0,1,sora,10.409174486994743
/workspace/data/genbuster-mini/extracted/GenBuster-200K-mini/benchmark/fake/sora/5cce61c49d5c13be186e2557b9c2ddc872d057cb5d4c99aee609facc14aba69f.mp4,-26.204723358154297,0.9999999999958368,26.204723358154297,1.1136403217957186e-10,0,1,sora,5.7822056114673615
/workspace/data/genbuster-mini/extracted/GenBuster-200K-mini/benchmark/fake/sora/5b2a2b4c734d889464920bfadaf5a2cdad374b4dcf3855d326df50b7870d9fc0.mp4,-4.361278057098389,0.9873987510800362,4.361278057098389,0.06763886809478667,0,1,sora,6.329074501991272
/workspace/data/genbuster-mini/extracted/GenBuster-200K-mini/benchmark/fake/sora/5afbba3f9d7a24fb1af384bd86bf554bcbeacc4851814ec7fbadd69452ead656.mp4,-12.094523429870605,0.9999944099872664,12.094523429870605,7.319856618643739e-05,0,1,sora,7.134737446904182
/workspace/data/genbuster-mini/extracted/GenBuster-200K-mini/benchmark/fake/sora/5a506b53f57802ec32f3a3ea4c5871d4607de7717f63479315ab76b2e8735269.mp4,-6.621825695037842,0.998670770553872,6.621825695037842,0.010132039433632407,0,1,sora,33.76337327063084
/workspace/data/genbuster-mini/extracted/GenBuster-200K-mini/benchmark/fake/sora/58cdc10e5cafe6c248a1a2b473348583fc75c04ae15849b3fc3a391ea74a6a94.mp4,-20.81256675720215,0.9999999990854297,20.81256675720215,1.9947126484638944e-08,0,1,sora,10.976344347000122
/workspace/data/genbuster-mini/extracted/GenBuster-200K-mini/benchmark/fake/sora/5894f21278c021c4ead340475dcdf472c1e205525fa4e5a935f02c9677f07a77.mp4,-12.505500793457031,0.999996293804088,12.505500793457031,5.005403695093242e-05,0,1,sora,11.380540207028389
/workspace/data/genbuster-mini/extracted/GenBuster-200K-mini/benchmark/fake/sora/57aad1a95a3bc7278b79caff8009657f3ece8f1950ca8f7fb5710592eede16fb.mp4,-26.87664222717285,0.9999999999978737,26.87664222717285,5.7454251827917544e-11,0,1,sora,12.167191132903099
/workspace/data/genbuster-mini/extracted/GenBuster-200K-mini/benchmark/fake/sora/56bffc46cfefc6d7b029994942fd0711c8f3f880fb56476e5d684b4b7fe305f8.mp4,-14.255688667297363,0.9999993560786606,14.255688667297363,9.823461655258715e-06,0,1,sora,11.365588754415512
/workspace/data/genbuster-mini/extracted/GenBuster-200K-mini/benchmark/fake/sora/55ab6f5090e22c80319073e73bd564bcc02d29fa7f0a17461b6d9366c2d85c86.mp4,-4.558355808258057,0.9896294018253684,4.558355808258057,0.05769762415132273,0,1,sora,5.279857665300369
/workspace/data/genbuster-mini/extracted/GenBuster-200K-mini/benchmark/fake/sora/54b68b7a890c8395d3d82c03c033f93d6dab98c2cb6bb2c815d804f6e2f717a9.mp4,-19.568557739257812,0.9999999968269029,19.568557739257812,6.526403139611978e-08,0,1,sora,5.1715187728405
/workspace/data/genbuster-mini/extracted/GenBuster-200K-mini/benchmark/fake/sora/4fe8c571c0ca1b7b6aa933e5b81a385fbcfbe20e736d274456770a1d68ded8ec.mp4,-15.021882057189941,0.9999997007188313,15.021882057189941,4.7950456278354755e-06,0,1,sora,10.72767935693264
/workspace/data/genbuster-mini/extracted/GenBuster-200K-mini/benchmark/fake/sora/4fe3e8e230fc6707f96e21dbc65c962065b2e3941f82a9669235dd859a8be94b.mp4,-11.286856651306152,0.9999874635377637,11.286856651306152,0.00015403379090684618,0,1,sora,7.140766829252243
/workspace/data/genbuster-mini/extracted/GenBuster-200K-mini/benchmark/fake/sora/4dda247368056550cf7c8a087855bda49048623fcc654bfd2adf0a3cc6b2d30b.mp4,-6.410935401916504,0.998359210207127,6.410935401916504,0.012161134784700104,0,1,sora,10.861234739422798
/workspace/data/genbuster-mini/extracted/GenBuster-200K-mini/benchmark/fake/sora/4bbcf5aca827fe43681887a09255cf6a620d1a3d5547d838dced52351a395f38.mp4,-16.123334884643555,0.9999999005225675,16.123334884643555,1.7033833996766693e-06,0,1,sora,8.881913498044014
/workspace/data/genbuster-mini/extracted/GenBuster-200K-mini/benchmark/fake/sora/4b1e69d2cca9b6f0e0fa3509d228e641a0cd016c525aa1c83468b10c0114eb9a.mp4,-3.973397970199585,0.9815378505736589,3.973397970199585,0.09199216808666918,0,1,sora,10.84134355187416
/workspace/data/genbuster-mini/extracted/GenBuster-200K-mini/benchmark/fake/sora/49641a5d9f5757d56f7bbf89505d555e21f49eb7092997144413d3305648be7c.mp4,-6.487814426422119,0.9984804410487413,6.487814426422119,0.011379331149029101,0,1,sora,11.204157024621964
/workspace/data/genbuster-mini/extracted/GenBuster-200K-mini/benchmark/fake/sora/48c24c5fd88598584646c82172542fcbde73c0c215e29538bf9e9cfa74b3bd98.mp4,-14.232067108154297,0.999999340687225,14.232067108154297,1.0042694669790857e-05,0,1,sora,11.886738240718842
/workspace/data/genbuster-mini/extracted/GenBuster-200K-mini/benchmark/fake/sora/4865b80e3f2364ae2811829570de93d68c5ab3380e1c27f2dfa04f3386b3432f.mp4,-12.788500785827637,0.9999972073053414,12.788500785827637,3.8507074456933e-05,0,1,sora,24.590447545051575
/workspace/data/genbuster-mini/extracted/GenBuster-200K-mini/benchmark/fake/sora/47a298c1a1e8c5960c8669a82374c1a66e958c5388c0dceabfac3d51816a081e.mp4,-15.2068510055542,0.9999997512584287,15.2068510055542,4.031315639257362e-06,0,1,sora,11.456891894340515
/workspace/data/genbuster-mini/extracted/GenBuster-200K-mini/benchmark/fake/sora/45f0534bc58825203670918e007171e74e37f8827779e35d0d9ca562ad3c2f12.mp4,-25.530324935913086,0.9999999999918281,25.530324935913086,2.1485869150902606e-10,0,1,sora,11.107927188277245
/workspace/data/genbuster-mini/extracted/GenBuster-200K-mini/benchmark/fake/sora/441bbb7fb1fc50ae84e8f5aa45bfd6b3fd39212d3ddd721b05c946e870a7faf6.mp4,-3.1700754165649414,0.9596925005316734,3.1700754165649414,0.16892016941029567,0,1,sora,10.962745174765587
/workspace/data/genbuster-mini/extracted/GenBuster-200K-mini/benchmark/fake/sora/41a34f0712af95dbf343d9244e4c1b4cd492e085c1dc47466ca3d7b4a168327c.mp4,-14.920599937438965,0.9999996688188446,14.920599937438965,5.2726007516647184e-06,0,1,sora,11.181756854057312
/workspace/data/genbuster-mini/extracted/GenBuster-200K-mini/benchmark/fake/sora/3fd44998b6ab3d5aedb1d0a80079f7f6010a5ca4d9ae4e9eef951e379bfb3c68.mp4,-16.07257080078125,0.999999895342313,16.07257080078125,1.7867737792719485e-06,0,1,sora,11.285189539194107
/workspace/data/genbuster-mini/extracted/GenBuster-200K-mini/benchmark/fake/sora/3d195d492843072a74ee6f89167c07b23c27bb2c3cea5b77a03b0787e2396186.mp4,-9.792875289916992,0.9999441550316988,9.792875289916992,0.0006027293354503252,0,1,sora,10.902021080255508
/workspace/data/genbuster-mini/extracted/GenBuster-200K-mini/benchmark/fake/sora/38039201b9b770f05e4b06be7cb7974b97e7c5485a8c11b1224c37c9e935413e.mp4,9.569173812866211,0.9999301433563232,9.569173812866211,0.0007383169910484029,1,1,sora,6.092380732297897
/workspace/data/genbuster-mini/extracted/GenBuster-200K-mini/benchmark/fake/sora/37720f36e90ebeb7e6d11df08c4b0c138af84ae4e76392e55640b9dbb0072dc5.mp4,-17.122051239013672,0.9999999633572934,17.122051239013672,6.640390136959e-07,0,1,sora,12.63800822198391
/workspace/data/genbuster-mini/extracted/GenBuster-200K-mini/benchmark/fake/sora/355f9374b5bd3dc23080f75d0c42edfa422c0a0abb87cbb4e74b4db5f57ebf00.mp4,-21.108665466308594,0.9999999993198212,21.108665466308594,1.5035845194785063e-08,0,1,sora,11.519262567162514
/workspace/data/genbuster-mini/extracted/GenBuster-200K-mini/benchmark/fake/sora/341eff9279d02c0cb58533acb78351e9fb968b809291db36783408cc8c812886.mp4,-11.667095184326172,0.9999914288082437,11.667095184326172,0.00010857213670835722,0,1,sora,13.242878019809723
/workspace/data/genbuster-mini/extracted/GenBuster-200K-mini/benchmark/fake/sora/3298c41511afc519600df7764f62d7691754bbe834016ba87c3155bc87ea0fa3.mp4,-22.281604766845703,0.9999999997895146,22.281604766845703,4.89844074274068e-09,0,1,sora,10.885505005717278
/workspace/data/genbuster-mini/extracted/GenBuster-200K-mini/benchmark/fake/sora/323ac78849bf8eb9ccb9d92c3ff9c3a1766114450cc494fff8659757f55ac0a8.mp4,-7.571086406707764,0.9994851326919161,7.571086406707764,0.004413104741390963,0,1,sora,10.991083458065987
/workspace/data/genbuster-mini/extracted/GenBuster-200K-mini/benchmark/fake/sora/31a8a9ccfbe2e274e03fc9413f275b9f5467e61b6df1571ab7587bd60fae7388.mp4,-26.733402252197266,0.9999999999975463,26.733402252197266,6.621210358890893e-11,0,1,sora,8.488046005368233
/workspace/data/genbuster-mini/extracted/GenBuster-200K-mini/benchmark/fake/sora/30e8073650a748244d04f4a1e52eb62e7cde9b354072ac68a85cff3ef95aeb51.mp4,-22.09666633605957,0.9999999997467557,22.09666633605957,5.847102030373168e-09,0,1,sora,9.7967479377985
/workspace/data/genbuster-mini/extracted/GenBuster-200K-mini/benchmark/fake/sora/304446209b9a8fe0ac74d57e608ad7e277c5d579c915cc1ff7fa367dce537999.mp4,-24.692306518554688,0.9999999999811084,24.692306518554688,4.833930399738285e-10,0,1,sora,9.867586195468903
/workspace/data/genbuster-mini/extracted/GenBuster-200K-mini/benchmark/fake/sora/2f27a81043d0e29bc0c9955594526250e58614eecc0d95284eaf9c12054f7d46.mp4,-2.6920647621154785,0.9365567713975906,2.6920647621154785,0.23633841255092147,0,1,sora,10.05999930202961
/workspace/data/genbuster-mini/extracted/GenBuster-200K-mini/benchmark/fake/sora/2f2393855e81c4d9629bfb018fb98895f6d7c774786b7e624679ac951aa8b821.mp4,-7.752146244049072,0.9995703655877151,7.752146244049072,0.0037603155010903014,0,1,sora,8.034491911530495
/workspace/data/genbuster-mini/extracted/GenBuster-200K-mini/benchmark/fake/sora/2c3d723d34728692d436966e972a7d8e208d38cd97222b8a094fcb044c055dcd.mp4,-19.284208297729492,0.9999999957832801,19.284208297729492,8.553082413767308e-08,0,1,sora,9.408019483089447
/workspace/data/genbuster-mini/extracted/GenBuster-200K-mini/benchmark/fake/sora/2af46c1a0294248b9de9b297d5726234ea4aa4ecad12868f085560fa081e0c33.mp4,6.7497992515563965,0.998830258846283,6.7497992515563965,0.009065947438628012,1,1,sora,48.95050264894962
/workspace/data/genbuster-mini/extracted/GenBuster-200K-mini/benchmark/fake/sora/2a37a23239ea08b760d26436c8755c935e0e579b9341c9dd9f27958c2cdcbff5.mp4,12.182087898254395,0.9999948740005493,12.182087898254395,6.756673212203462e-05,1,1,sora,5.442611873149872
/workspace/data/genbuster-mini/extracted/GenBuster-200K-mini/benchmark/fake/sora/28323d3622122c94f3c3493d07d5bb8c26545ac2104cc9666957c2e4f37406cb.mp4,12.427644729614258,0.9999959468841553,12.427644729614258,5.437669178018998e-05,1,1,sora,9.2324148863554
/workspace/data/genbuster-mini/extracted/GenBuster-200K-mini/benchmark/fake/sora/28197cb300223e2749d487cf61284d60e5edbf54f543c1a2123ba0571f75f256.mp4,-11.415504455566406,0.9999889768787398,11.415504455566406,0.00013685767075349742,0,1,sora,8.767230436205864
/workspace/data/genbuster-mini/extracted/GenBuster-200K-mini/benchmark/fake/sora/25331e2a389e38c28c10e8cf3eb0fc74f1fa80eceec1632d6b19f95c900e7d27.mp4,-6.740617275238037,0.9988194778561592,6.740617275238037,0.009138667403187114,0,1,sora,6.4390674233436584
/workspace/data/genbuster-mini/extracted/GenBuster-200K-mini/benchmark/fake/sora/210da8c580174519898cf6f8ee2dff4182c8bd31abbdeaaaf125a233645edf30.mp4,-15.551030158996582,0.9999998236914536,15.551030158996582,2.918086073658025e-06,0,1,sora,7.850108668208122
/workspace/data/genbuster-mini/extracted/GenBuster-200K-mini/benchmark/fake/sora/1d39b7a95aa723243825b741fe122d90a9a9483c6ef53ce85f637b8cf8cad46a.mp4,-18.038211822509766,0.9999999853410078,18.038211822509766,2.790790002758593e-07,0,1,sora,6.186939775943756
/workspace/data/genbuster-mini/extracted/GenBuster-200K-mini/benchmark/fake/sora/1cf5f3c8be3e91441c626e9dc004dd20c1bedf58128fb5757bb044d423480d8a.mp4,-11.388590812683105,0.999988676180692,11.388590812683105,0.00014028622608133634,0,1,sora,14.21574130654335
/workspace/data/genbuster-mini/extracted/GenBuster-200K-mini/benchmark/fake/sora/1b14cf829b2af6036688d38884fb84067e38de1aa4c8bb745f399d8074c9b397.mp4,-3.610161542892456,0.9736648239195347,3.610161542892456,0.12176239878953579,0,1,sora,10.316144675016403
/workspace/data/genbuster-mini/extracted/GenBuster-200K-mini/benchmark/fake/sora/1a44cf5c0c4ad9c1324c951ccf6c3eb6b0cbb2aa161bbafb2b1c68e51d10ee2f.mp4,-1.6824506521224976,0.8432287722826004,1.6824506521224976,0.43427684173263337,0,1,sora,12.480296194553375
/workspace/data/genbuster-mini/extracted/GenBuster-200K-mini/benchmark/fake/sora/190a7c95ad635c468058f84bc43e36b3e6c46c4ab228a21d290163bdb0f1f805.mp4,-12.713831901550293,0.9999969907958075,12.713831901550293,4.126772295474616e-05,0,1,sora,18.423955887556076
/workspace/data/genbuster-mini/extracted/GenBuster-200K-mini/benchmark/fake/sora/1829dfe5b2488c5330cab1e256dfb39cbe80266703e4d8c8fe20f7ac7098cf86.mp4,-13.72188663482666,0.9999989018544966,13.72188663482666,1.61667721842229e-05,0,1,sora,11.544592678546906
/workspace/data/genbuster-mini/extracted/GenBuster-200K-mini/benchmark/fake/sora/17432574d074603a0134897c272308b1e572f852b3c7a990dab59d89261fe007.mp4,-8.544154167175293,0.9998053580493433,8.544154167175293,0.001857711729538087,0,1,sora,8.165562525391579
/workspace/data/genbuster-mini/extracted/GenBuster-200K-mini/benchmark/fake/sora/16f7f2cfe2970a974b15b137e7e5b3eb243f83d1cd28107302dfe61b17bfa42d.mp4,-10.155131340026855,0.9999611254279444,10.155131340026855,0.00043365170994136927,0,1,sora,16.947371885180473
/workspace/data/genbuster-mini/extracted/GenBuster-200K-mini/benchmark/fake/sora/159f136615aea2fd3889f316a04a6f8bb00f47e8f090d528ff324238e59ec7ac.mp4,-16.55095100402832,0.999999935134575,16.55095100402832,1.1384479005613015e-06,0,1,sora,8.746879175305367
/workspace/data/genbuster-mini/extracted/GenBuster-200K-mini/benchmark/fake/sora/14f0e8be77b3278855acb003b52c8ade3530d42f42f9cd62604be377ecf37ce8.mp4,-13.348204612731934,0.9999984043130326,13.348204612731934,2.2895242388626555e-05,0,1,sora,10.902933776378632
/workspace/data/genbuster-mini/extracted/GenBuster-200K-mini/benchmark/fake/sora/12a8ca19ce576aad0d01f4c739024cde4953d7664b4d91db439a5493bc3581d4.mp4,-1.6800323724746704,0.8429088145494461,1.6800323724746704,0.43481476785352,0,1,sora,11.547032743692398
/workspace/data/genbuster-mini/extracted/GenBuster-200K-mini/benchmark/fake/sora/124b810f71d95eff57f01a8c11f41a11f0095f03932758678464677697a3c2dd.mp4,-27.34876823425293,0.9999999999986738,27.34876823425293,3.584856387342865e-11,0,1,sora,9.21611674129963
/workspace/data/genbuster-mini/extracted/GenBuster-200K-mini/benchmark/fake/sora/11f90da010173d4f72208f067f778b699eafb7a52fb76373c5d22d4785c8b2d6.mp4,-12.077214241027832,0.9999943123871162,12.077214241027832,7.437814636167316e-05,0,1,sora,12.52523623406887
/workspace/data/genbuster-mini/extracted/GenBuster-200K-mini/benchmark/fake/sora/119edb5d3cfdfd7b43240912ae19de2ff06533fbabcd361dcecd801835a799a1.mp4,10.697458267211914,0.9999773502349854,10.697458267211914,0.00026489692173189126,1,1,sora,5.396172404289246
/workspace/data/genbuster-mini/extracted/GenBuster-200K-mini/benchmark/fake/sora/1194c25f803627bd81772357f8e253edeb7e6259e9e07e0ef80f060f2c9e24fe.mp4,-2.2815802097320557,0.9073399901390076,2.2815802097320557,0.3086492957729708,0,1,sora,6.137702614068985
/workspace/data/genbuster-mini/extracted/GenBuster-200K-mini/benchmark/fake/sora/0f700f160913012fe993b65d128feaee0d00253a99c6735a1a6a99f4eb6b7163.mp4,-30.855146408081055,0.9999999999999603,30.855146408081055,1.3755862043586405e-13,0,1,sora,8.443066850304604
/workspace/data/genbuster-mini/extracted/GenBuster-200K-mini/benchmark/fake/sora/0b90f9060a7a19fcc4ec5a6d5b2110d76937c4e960da89e7393b7d5a13f397af.mp4,-19.90207290649414,0.9999999977267899,19.90207290649414,4.751280267958612e-08,0,1,sora,7.495971396565437
/workspace/data/genbuster-mini/extracted/GenBuster-200K-mini/benchmark/fake/sora/0aa26abe42f4272804f2b030791d3be01ad4ebdf39dd4686355194c42721ccd2.mp4,-10.33100414276123,0.9999673947349947,10.33100414276123,0.0003694509234193632,0,1,sora,10.877804830670357
/workspace/data/genbuster-mini/extracted/GenBuster-200K-mini/benchmark/fake/sora/09ed41a444814fd2029f82774705cdc4544cc20ce43b12f5ae7391767bd7c247.mp4,-19.838945388793945,0.9999999975786615,19.838945388793945,5.0456140169470034e-08,0,1,sora,11.361468583345413
/workspace/data/genbuster-mini/extracted/GenBuster-200K-mini/benchmark/fake/sora/076736ade4d5f44fb0b1798c21b15223e2e58f1802521d968a9a245ab954e63e.mp4,-7.502196311950684,0.9994484334019944,7.502196311950684,0.00468967962791927,0,1,sora,12.17685081064701
/workspace/data/genbuster-mini/extracted/GenBuster-200K-mini/benchmark/fake/sora/04c4ee325148c0f808ab4301aec9944f7529f54ccb7adde767cab229841b296d.mp4,-19.105749130249023,0.9999999949594423,19.105749130249023,1.0134218951584622e-07,0,1,sora,12.692159041762352
/workspace/data/genbuster-mini/extracted/GenBuster-200K-mini/benchmark/fake/sora/04a537dcf1d94db097dd42b9f5460161b9dcd01a7a9ba3391777d35152eb2e0c.mp4,-14.177979469299316,0.9999993040445929,14.177979469299316,1.0563195180682643e-05,0,1,sora,11.68566383421421
/workspace/data/genbuster-mini/extracted/GenBuster-200K-mini/benchmark/fake/sora/04a3e498fa13b20d309dc99e482e02dd00631fedf47a001593b25ddc763d87e2.mp4,-32.229713439941406,0.9999999999999899,32.229713439941406,-7.118697385618736e-13,0,1,sora,8.454756811261177
/workspace/data/genbuster-mini/extracted/GenBuster-200K-mini/benchmark/fake/pika/fc74bdd83e76b91234c2ab9a98af1a1de31823a0b4d7dd7ffba09f9d0269659f.mp4,-27.69746208190918,0.9999999999990643,27.69746208190918,2.5172434498172117e-11,0,1,pika,11.69886440038681
/workspace/data/genbuster-mini/extracted/GenBuster-200K-mini/benchmark/fake/pika/fbda5a1c738cfd8c7280b578e045b2201ef28832a12b6981a1b79f4e15f0be53.mp4,-20.424001693725586,0.9999999986511341,20.424001693725586,2.8896105848598013e-08,0,1,pika,9.407790377736092
/workspace/data/genbuster-mini/extracted/GenBuster-200K-mini/benchmark/fake/pika/f9076d91c5cfccfc4538fff5cb2437a4f0c4374a0432fac31d255c3cf93fc588.mp4,-24.346220016479492,0.9999999999732964,24.346220016479492,6.748554109640903e-10,0,1,pika,11.213447898626328
/workspace/data/genbuster-mini/extracted/GenBuster-200K-mini/benchmark/fake/pika/f6db7656b2a20dc37ee925b694d24a81224ce47fada8dee4fd26dd8cc2ce3a3e.mp4,-25.284765243530273,0.9999999999895536,25.284765243530273,2.7262584931601256e-10,0,1,pika,11.155515909194946
/workspace/data/genbuster-mini/extracted/GenBuster-200K-mini/benchmark/fake/pika/f6164a380870793e3cc5f43f0c7d59f778ad1e32beb412d771387a2fe097cf69.mp4,-19.114070892333984,0.9999999950012151,19.114070892333984,1.0054391516612377e-07,0,1,pika,10.581007227301598
/workspace/data/genbuster-mini/extracted/GenBuster-200K-mini/benchmark/fake/pika/f60612775c35b61a17677fda7100f94d2002750373419928233f7eaf7a74d24c.mp4,-16.132802963256836,0.9999999014599794,16.132802963256836,1.6882647625044954e-06,0,1,pika,5.441043525934219
/workspace/data/genbuster-mini/extracted/GenBuster-200K-mini/benchmark/fake/pika/efb76254c738ddd0adb9ee906bdeaa7af33d2cfc2dfe9163a925158e6d866551.mp4,-18.14305305480957,0.999999986800054,18.14305305480957,2.526852676007845e-07,0,1,pika,11.701826006174088
/workspace/data/genbuster-mini/extracted/GenBuster-200K-mini/benchmark/fake/pika/ed10e0bc9c7cd246828a4c4f50f4533432bd7f380da81a585242841bf0164590.mp4,-9.914840698242188,0.9999505668929487,9.914840698242188,0.0005395557106387083,0,1,pika,5.696363747119904
/workspace/data/genbuster-mini/extracted/GenBuster-200K-mini/benchmark/fake/pika/eb464f4a512669c4e5e5628a383b2f11a312845da049b191537a81ca2e0da975.mp4,-16.444814682006836,0.9999999278713716,16.444814682006836,1.25826856215144e-06,0,1,pika,9.396890178322792
/workspace/data/genbuster-mini/extracted/GenBuster-200K-mini/benchmark/fake/pika/eb2d7b42d10c55307515027f955200a98c5b611549e7c93619d76d2cde34058e.mp4,-22.11687660217285,0.9999999997518224,22.11687660217285,5.735092143567018e-09,0,1,pika,4.655627533793449
/workspace/data/genbuster-mini/extracted/GenBuster-200K-mini/benchmark/fake/pika/e6c3f03ab6ece93ecaf8ce5c639ff58e481ed27a6bc1d449becb36d95fce79e4.mp4,-10.983664512634277,0.9999830235155969,10.983664512634277,0.0002034406349894311,0,1,pika,7.253868505358696
/workspace/data/genbuster-mini/extracted/GenBuster-200K-mini/benchmark/fake/pika/e64cc08b900844e4360631e53aff59897cfb2bbd1df964762ea58193a47f81e0.mp4,-27.660640716552734,0.9999999999990292,27.660640716552734,2.613664767502725e-11,0,1,pika,15.080774202942848
/workspace/data/genbuster-mini/extracted/GenBuster-200K-mini/benchmark/fake/pika/e4588562fabe50b1297c72444cfabf2a09f97748fa41c4ae43cb1808a0ea53b8.mp4,-30.665193557739258,0.9999999999999519,30.665193557739258,3.752855851964409e-13,0,1,pika,7.306899875402451
/workspace/data/genbuster-mini/extracted/GenBuster-200K-mini/benchmark/fake/pika/e3e2c06db65d9925fa6ee5612cd90d8e64c1a89f3011bf2a440670cf34919fc8.mp4,-18.424869537353516,0.9999999900418004,18.424869537353516,1.9343472812116582e-07,0,1,pika,7.300589233636856
/workspace/data/genbuster-mini/extracted/GenBuster-200K-mini/benchmark/fake/pika/e2cdabed4ce9043e6dae773cb85512a935366541e456129624cfb198de807e6a.mp4,-19.385255813598633,0.9999999961885488,19.385255813598633,7.769540705537172e-08,0,1,pika,5.244197323918343
/workspace/data/genbuster-mini/extracted/GenBuster-200K-mini/benchmark/fake/pika/dfb04559195579059744af6fb4497928ba95e3537f809adf7058354e8fde7cab.mp4,-19.668466567993164,0.9999999971286013,19.668466567993164,5.934540773982312e-08,0,1,pika,7.965369150042534
/workspace/data/genbuster-mini/extracted/GenBuster-200K-mini/benchmark/fake/pika/dda85fbc3402ef7a70c6361fc43a41c3097f13ab46ecb6718bfa1dd0e6314af3.mp4,-21.011783599853516,0.9999999992506265,21.011783599853516,1.6493046995134652e-08,0,1,pika,6.32847286760807
/workspace/data/genbuster-mini/extracted/GenBuster-200K-mini/benchmark/fake/pika/dd6a5de71bc5512761235de106abf5e9337e3f4f0a7af9f98eeb738d8a5e97fc.mp4,-8.600798606872559,0.9998160750110401,8.600798606872559,0.0017658436926745367,0,1,pika,8.906833827495575
/workspace/data/genbuster-mini/extracted/GenBuster-200K-mini/benchmark/fake/pika/dd30a676fbef2674255a5fa724465b15d8a56db53a2cb255cde31bb3b8f0e350.mp4,-21.396814346313477,0.999999999490104,21.396814346313477,1.141804734820392e-08,0,1,pika,12.133430689573288
/workspace/data/genbuster-mini/extracted/GenBuster-200K-mini/benchmark/fake/pika/dc1227fa2ef70dfa8e917933b2e0169ef8c2ea3b3e07063a545bac4da690f010.mp4,-31.699480056762695,0.9999999999999829,31.699480056762695,-5.106881062216182e-13,0,1,pika,12.543868273496628
/workspace/data/genbuster-mini/extracted/GenBuster-200K-mini/benchmark/fake/pika/da0fde02b7542fc99501d0e43279fc4a622bc5a33d7b9c66b7d4bbddce2777b8.mp4,-1.5801771879196167,0.8292296230792999,1.5801771879196167,0.4571056431446452,0,1,pika,7.115306332707405
/workspace/data/genbuster-mini/extracted/GenBuster-200K-mini/benchmark/fake/pika/d9f85035a3c3b09e7a9e484f937d78ea865a91896537a2dabaa99dbbbe3c3197.mp4,-24.271480560302734,0.999999999971224,24.271480560302734,7.252282868999177e-10,0,1,pika,7.213719189167023
/workspace/data/genbuster-mini/extracted/GenBuster-200K-mini/benchmark/fake/pika/d78bc9b7b345b820e011043239c589d4fa9c0f6f7e2aa15a2efa24229b65ff56.mp4,-33.36225891113281,0.9999999999999968,33.36225891113281,-9.071596541379319e-13,0,1,pika,12.751901522278786
/workspace/data/genbuster-mini/extracted/GenBuster-200K-mini/benchmark/fake/pika/d3e302b706c1ccf01a2fc6ef1e39eb3900621264d8d77d9adf7d01cf4b35fedb.mp4,-6.30463171005249,0.9981755155604333,6.30463171005249,0.013328853233643004,0,1,pika,12.750748544931412
/workspace/data/genbuster-mini/extracted/GenBuster-200K-mini/benchmark/fake/pika/d34cfadd56791683b537a7b5cea310b274858429b28afcab759ad7e5566e3a48.mp4,-14.713496208190918,0.9999995926106919,14.713496208190918,6.401508415170629e-06,0,1,pika,13.046054169535637
/workspace/data/genbuster-mini/extracted/GenBuster-200K-mini/benchmark/fake/pika/d129a841fe082341dd2bba1185851e8533ad8d91e0ffecf00279ada1530ec5d2.mp4,-27.05722999572754,0.999999999998225,27.05722999572754,4.8008025074649795e-11,0,1,pika,11.364711448550224
/workspace/data/genbuster-mini/extracted/GenBuster-200K-mini/benchmark/fake/pika/cda72e2f95e371207c18a0072e216b46bacb72c82607b4b0077e03c04b634046.mp4,-20.823638916015625,0.9999999990955002,20.823638916015625,1.9737478989045396e-08,0,1,pika,7.631484419107437
/workspace/data/genbuster-mini/extracted/GenBuster-200K-mini/benchmark/fake/pika/c3878ae31e0f881d9ddf3d46d8ebb708348b250d78d6d8b14e160c0c77d3da2e.mp4,-34.442142486572266,0.9999999999999989,34.442142486572266,-9.68545506243418e-13,0,1,pika,11.26592792570591
/workspace/data/genbuster-mini/extracted/GenBuster-200K-mini/benchmark/fake/pika/c311a229c3900935c28d4bbe6cbff206349bcedb635a1d74588f003b9cf1dab4.mp4,-37.237823486328125,0.9999999999999999,37.237823486328125,-9.980081332282204e-13,0,1,pika,12.203171849250793
/workspace/data/genbuster-mini/extracted/GenBuster-200K-mini/benchmark/fake/pika/c1af5f05d038f2377f45d8c13f1eef34a42b58e199aa92329729a0c89c936fec.mp4,-14.8831148147583,0.9999996561688533,14.8831148147583,5.4611076365163965e-06,0,1,pika,12.339964509010315
/workspace/data/genbuster-mini/extracted/GenBuster-200K-mini/benchmark/fake/pika/c1607ca27f026805b7bddb8ba5f336b2b758a6d2ac5dc066bc3f0c74fa0417b9.mp4,-29.349632263183594,0.9999999999998207,29.349632263183594,4.104404722133128e-12,0,1,pika,6.637077778577805
/workspace/data/genbuster-mini/extracted/GenBuster-200K-mini/benchmark/fake/pika/bfe7eba33fd5d5c99c7b08c95d7a0ed80f3899da37bde44ac78018eeace2defb.mp4,-27.107135772705078,0.9999999999983115,27.107135772705078,4.567560489133801e-11,0,1,pika,7.40886852145195
/workspace/data/genbuster-mini/extracted/GenBuster-200K-mini/benchmark/fake/pika/bd98ce6bcac809a2d0a54f45b8e1c53cc87eb01066805656ccb6c4208647a4b0.mp4,-18.080965042114258,0.9999999859545179,18.080965042114258,2.679993532355232e-07,0,1,pika,8.608579635620117
/workspace/data/genbuster-mini/extracted/GenBuster-200K-mini/benchmark/fake/pika/b8aa1e3be71b4bd8b2e362e0f7e8f7b204af912a9bab332b1d0c8effd1b51c53.mp4,-28.632482528686523,0.9999999999996326,28.632482528686523,9.402505730391637e-12,0,1,pika,11.806625872850418
/workspace/data/genbuster-mini/extracted/GenBuster-200K-mini/benchmark/fake/pika/b879e3f4bf1a35fb5a5fb305967519adc47f5b1e06840e62dcc45eae95876ddc.mp4,-25.56858253479004,0.9999999999921348,25.56858253479004,2.0702395049846686e-10,0,1,pika,8.368683978915215
/workspace/data/genbuster-mini/extracted/GenBuster-200K-mini/benchmark/fake/pika/b7a22f47e8b8166ff8661b248067e4a62eade1978bd88b1bb363d1735597775e.mp4,-25.313947677612305,0.9999999999898541,25.313947677612305,2.65025912419919e-10,0,1,pika,11.891767382621765
/workspace/data/genbuster-mini/extracted/GenBuster-200K-mini/benchmark/fake/pika/b70a8e48cbcbf4612a5a68a397a799bd959e31bce70e4447e1ecac195f2fcd4c.mp4,-25.863248825073242,0.9999999999941422,25.863248825073242,1.5543598558534398e-10,0,1,pika,8.589006960391998
/workspace/data/genbuster-mini/extracted/GenBuster-200K-mini/benchmark/fake/pika/b6e694023a16b31e8ddd8535ac0838c9c9ec7fc9b4847a1f4ef3fe1fa3decdec.mp4,-21.174148559570312,0.9999999993629345,21.174148559570312,1.4124387258740482e-08,0,1,pika,9.776836261153221
/workspace/data/genbuster-mini/extracted/GenBuster-200K-mini/benchmark/fake/pika/b5ed10dc4f3e1389e4d67b9cd0aa75f80d0bee35db8e27766bfac9f39c35c901.mp4,-23.142236709594727,0.9999999999109869,23.142236709594727,2.1469827786276875e-09,0,1,pika,8.845372125506401
/workspace/data/genbuster-mini/extracted/GenBuster-200K-mini/benchmark/fake/pika/b40ecffc8f2e68a4e4efdee0cfd36a9f19474a419937c919f414373cff0765d8.mp4,-8.533936500549316,0.999803359460202,8.533936500549316,0.0018747777554545485,0,1,pika,10.830681771039963
/workspace/data/genbuster-mini/extracted/GenBuster-200K-mini/benchmark/fake/pika/b3d94e0e78aadb4a67fb35733b19c2af7277601e511a9099020dbdd8bf21bb0c.mp4,-19.27264976501465,0.9999999957342585,19.27264976501465,8.647588448545698e-08,0,1,pika,12.121163308620453
/workspace/data/genbuster-mini/extracted/GenBuster-200K-mini/benchmark/fake/pika/b30b7feeb04101f277b46723d013f5cf3fa64e089f8c4bd734823d50bb174a32.mp4,-31.3790225982666,0.9999999999999765,31.3790225982666,-3.2598167083462837e-13,0,1,pika,11.485712602734566
/workspace/data/genbuster-mini/extracted/GenBuster-200K-mini/benchmark/fake/pika/b22120bb05804596c3cfd9809b0e99b2f6253a938a1d82c1f35adf344e09e4df.mp4,-22.623220443725586,0.9999999998504245,22.623220443725586,3.5314562338113162e-09,0,1,pika,11.07354462146759
/workspace/data/genbuster-mini/extracted/GenBuster-200K-mini/benchmark/fake/pika/b0a79819811833d4819ae855e35907ed044a31785cd019830c3239016dd40277.mp4,-19.32147979736328,0.999999995937551,19.32147979736328,8.255297645136077e-08,0,1,pika,6.0885511338710785
/workspace/data/genbuster-mini/extracted/GenBuster-200K-mini/benchmark/fake/pika/ab438d629dffa1b3c8d8da094c07591d928d13024a4bec27b992cef8960e8e75.mp4,-19.345073699951172,0.9999999960322783,19.345073699951172,8.072159101979978e-08,0,1,pika,10.901954025030136
/workspace/data/genbuster-mini/extracted/GenBuster-200K-mini/benchmark/fake/pika/a70ecd69bb018a498cec1659bf62efc81e1846e901474fbaf42aa70e5268c1d9.mp4,-13.741028785705566,0.9999989226754451,13.741028785705566,1.5880870846250608e-05,0,1,pika,11.432109400629997
/workspace/data/genbuster-mini/extracted/GenBuster-200K-mini/benchmark/fake/pika/a0d3b59cf12c60e89f736814318e0191c99ae8e8a1da89107bf7045eea82f408.mp4,-26.91145133972168,0.9999999999979464,26.91145133972168,5.55028870257442e-11,0,1,pika,47.66080155968666
/workspace/data/genbuster-mini/extracted/GenBuster-200K-mini/benchmark/fake/pika/9d63403c6bca7006ed70d011b59403539afedb33f37aef0076bb355fb2aa1dd3.mp4,-18.7984676361084,0.9999999931462349,18.7984676361084,1.356920471384817e-07,0,1,pika,12.192893773317337
/workspace/data/genbuster-mini/extracted/GenBuster-200K-mini/benchmark/fake/pika/9cfb6d139842fe95d62048051ee4ec9922df8c4791db48bd90ad7f9508f67b8f.mp4,-17.391706466674805,0.9999999720180597,17.391706466674805,5.146336339770082e-07,0,1,pika,12.314725667238235
/workspace/data/genbuster-mini/extracted/GenBuster-200K-mini/benchmark/fake/pika/9c6034bc7a7cb76f48775c724e1889450863c8c637cd1750e65abce3279e09d4.mp4,-26.71683120727539,0.9999999999975052,26.71683120727539,6.730579947493972e-11,0,1,pika,8.999824523925781
/workspace/data/genbuster-mini/extracted/GenBuster-200K-mini/benchmark/fake/pika/9a0b021c264be9d85870aabcd936e56c2b6fc4849fdc56af9851f52439e38960.mp4,-23.36016082763672,0.9999999999284168,23.36016082763672,1.7417849758005112e-09,0,1,pika,7.896957919001579
/workspace/data/genbuster-mini/extracted/GenBuster-200K-mini/benchmark/fake/pika/995c76cd16307489da6d595c86f27d8d4be6fa99178daae62274540c73be17cd.mp4,-12.261004447937012,0.9999952672742438,12.261004447937012,6.276070683886762e-05,0,1,pika,8.65829922258854
/workspace/data/genbuster-mini/extracted/GenBuster-200K-mini/benchmark/fake/pika/98f35b33a0dcf8d4c9760e56e9e08a65019ec0e82bd1693083fa6a61fb4e59fd.mp4,-19.838150024414062,0.9999999975767349,19.838150024414062,5.0494362722794686e-08,0,1,pika,12.02143169939518
/workspace/data/genbuster-mini/extracted/GenBuster-200K-mini/benchmark/fake/pika/939eca6044ae3b6d3f7c51744e3d08ebc7480f1a2fb2bfbba28e129c7d3aae48.mp4,-18.117185592651367,0.9999999864541493,18.117185592651367,2.5895654067553364e-07,0,1,pika,52.687209099531174
/workspace/data/genbuster-mini/extracted/GenBuster-200K-mini/benchmark/fake/pika/927832f853528d5cf8465e96a76882e0b4a4341c140368facc904b0f463c3aa3.mp4,-24.97331428527832,0.9999999999857364,24.97331428527832,3.685050217277397e-10,0,1,pika,11.88088022172451
/workspace/data/genbuster-mini/extracted/GenBuster-200K-mini/benchmark/fake/pika/87915f8d833b82a63940a354fba88d73981561f8fb9b001a5c7322b914619b49.mp4,-24.848285675048828,0.9999999999838368,24.848285675048828,4.158201069565816e-10,0,1,pika,8.651899173855782
/workspace/data/genbuster-mini/extracted/GenBuster-200K-mini/benchmark/fake/pika/825ec539de744ec6d3f29593367a5b5fe9f6da8f82c513748636ace0cbb7e20d.mp4,-15.070920944213867,0.9999997150412128,15.070920944213867,4.579548195194526e-06,0,1,pika,8.578827604651451
/workspace/data/genbuster-mini/extracted/GenBuster-200K-mini/benchmark/fake/pika/7be32452bf93a8dfa141cda33ccac89aa73b90f43aaf4f4bdbc5c7c72ee13646.mp4,-16.51122283935547,0.9999999325057161,16.51122283935547,1.1819054499833195e-06,0,1,pika,11.191697791218758
/workspace/data/genbuster-mini/extracted/GenBuster-200K-mini/benchmark/fake/pika/7a8c19ebbb72c9839ca863361644140bb9164b6f4dafc5811d1e2dd87d84cf2e.mp4,-28.236921310424805,0.9999999999994544,28.236921310424805,1.4382944098182708e-11,0,1,pika,6.00765086710453
/workspace/data/genbuster-mini/extracted/GenBuster-200K-mini/benchmark/fake/pika/794c78124c67a84b8f595cf13390f9c57d37a8364f2bc932dc76b31f9a5cfbc3.mp4,-16.996408462524414,0.9999999584516708,16.996408462524414,7.477187054864209e-07,0,1,pika,7.310178130865097
/workspace/data/genbuster-mini/extracted/GenBuster-200K-mini/benchmark/fake/pika/75c551ee2082e047436809ce9f231dd909ff60c350c2aab157ad5f8e132fa613.mp4,-24.722530364990234,0.9999999999816709,24.722530364990234,4.694975481100509e-10,0,1,pika,11.156486347317696
/workspace/data/genbuster-mini/extracted/GenBuster-200K-mini/benchmark/fake/pika/73c073f93c98c0c48dda0c797647d2a7c511b336def1fab9e79850505a87e80d.mp4,-20.257783889770508,0.9999999984072183,20.257783889770508,3.385700911979003e-08,0,1,pika,11.79482601583004
/workspace/data/genbuster-mini/extracted/GenBuster-200K-mini/benchmark/fake/pika/73a79ba5bfc3f9e0d0450db3291d4ae6dc1621a77321b9f3d2f31a013807e9bc.mp4,-22.741779327392578,0.9999999998671472,22.741779327392578,3.152165633713705e-09,0,1,pika,11.571133509278297
/workspace/data/genbuster-mini/extracted/GenBuster-200K-mini/benchmark/fake/pika/6d4dc60f2c7f7f0ad028b25751d88a11bd6f4b27f934513f53fc194a2868334c.mp4,-11.590928077697754,0.9999907504652583,11.590928077697754,0.00011646026726424648,0,1,pika,7.980959489941597
/workspace/data/genbuster-mini/extracted/GenBuster-200K-mini/benchmark/fake/pika/69659f79707bf8f653480e3912cdf5759c79809f0a51abc245e4e597f290a545.mp4,-20.632890701293945,0.9999999989054152,20.632890701293945,2.367703293982753e-08,0,1,pika,5.5066607892513275
/workspace/data/genbuster-mini/extracted/GenBuster-200K-mini/benchmark/fake/pika/671f5cbf3ef7fecd14f730dd50392baf3bc0c2b6745340959d67166773d0099f.mp4,-27.417200088500977,0.9999999999987615,27.417200088500977,3.345890346474661e-11,0,1,pika,5.928827449679375
/workspace/data/genbuster-mini/extracted/GenBuster-200K-mini/benchmark/fake/pika/66d75b7918e622d086b1591ec59fb5bca9369f67c732dc1d00125e0b6e17604a.mp4,-18.571800231933594,0.9999999914025501,18.571800231933594,1.6826557103903942e-07,0,1,pika,11.033173650503159
/workspace/data/genbuster-mini/extracted/GenBuster-200K-mini/benchmark/fake/pika/66acbf56343d85b4e8fef1e12edc5843c9b655533c76245148ddd77895be079b.mp4,-21.825939178466797,0.9999999996680176,21.825939178466797,7.57581191844828e-09,0,1,pika,7.804267108440399
/workspace/data/genbuster-mini/extracted/GenBuster-200K-mini/benchmark/fake/pika/669753586a0f3d1fb94cf364f1c97d22d9f4bf127e33b30da55eba0734e07726.mp4,-10.385676383972168,0.9999691294287913,10.385676383972168,0.00035148280686956803,0,1,pika,4.94341179728508
/workspace/data/genbuster-mini/extracted/GenBuster-200K-mini/benchmark/fake/pika/62f45d26cbd8235a41fd346e948b5525d153086a35df934785e33ccccb0b214b.mp4,-3.9642739295959473,0.981371782720089,3.9642739295959473,0.09265126303639103,0,1,pika,7.152825593948364
/workspace/data/genbuster-mini/extracted/GenBuster-200K-mini/benchmark/fake/pika/62b0ac134115d886665ab47888712486ef07467738dcfbeb39c21b2d0d491d82.mp4,-12.90023136138916,0.999997502533688,12.90023136138916,3.4715360563476356e-05,0,1,pika,12.506868690252304
/workspace/data/genbuster-mini/extracted/GenBuster-200K-mini/benchmark/fake/pika/62886e6e3d149ad4e8f4b04179549426bc2fe502badb0f61c00487b1d3ec7d41.mp4,2.6415300369262695,0.933487057685852,2.6415300369262695,0.24452414938430933,1,1,pika,6.2394216656684875
/workspace/data/genbuster-mini/extracted/GenBuster-200K-mini/benchmark/fake/pika/5f6af2540a856799b9d3ef0c83e4c88d2a2bc1e158f40674ac2a520193c88cd6.mp4,-21.61248016357422,0.9999999995890214,21.61248016357422,9.291245690490632e-09,0,1,pika,11.28169521689415
/workspace/data/genbuster-mini/extracted/GenBuster-200K-mini/benchmark/fake/pika/581e011afc5fc884f027dd4d0dbe243eaf720c61bc251d1f7702eb13133b161a.mp4,-33.5238037109375,0.9999999999999972,33.5238037109375,-9.209679798918097e-13,0,1,pika,10.074399411678314
/workspace/data/genbuster-mini/extracted/GenBuster-200K-mini/benchmark/fake/pika/56a0c9ac24de50822cac6071b5e5e1636dc57b32c3a05b0774d743a87c6385c1.mp4,-17.33599090576172,0.9999999704147786,17.33599090576172,5.424723490154798e-07,0,1,pika,5.6268442422151566
/workspace/data/genbuster-mini/extracted/GenBuster-200K-mini/benchmark/fake/pika/53a914adcec4b11b7af4c23f9867fd14a0b4cb42efd81a1c5d713a94adafe74a.mp4,-23.784414291381836,0.9999999999531661,23.784414291381836,1.1587608331641083e-09,0,1,pika,4.98509407043457
/workspace/data/genbuster-mini/extracted/GenBuster-200K-mini/benchmark/fake/pika/5254e2d51ccef9673b0f7705a6220332e13ec2c4b0b86df645668f3682792c59.mp4,-21.84886360168457,0.9999999996755415,21.84886360168457,7.41150865861206e-09,0,1,pika,7.057245820760727
/workspace/data/genbuster-mini/extracted/GenBuster-200K-mini/benchmark/fake/pika/3e29e82043489b8d7ba58f4d9a288717f7694f0cd534ce5a73632b670edf3768.mp4,-24.390974044799805,0.9999999999744651,24.390974044799805,6.463756619538616e-10,0,1,pika,5.169888958334923
/workspace/data/genbuster-mini/extracted/GenBuster-200K-mini/benchmark/fake/pika/39e4135144a9f854e9516d6a6f994267174d55a24b1e45b23517c5b0f10c3791.mp4,-16.099563598632812,0.9999998981295235,16.099563598632812,1.7419386937040426e-06,0,1,pika,9.656505659222603
/workspace/data/genbuster-mini/extracted/GenBuster-200K-mini/benchmark/fake/pika/37cdd4f43054ccfaad6784c12502ef9d0f7aa483a36aef5aaf4a069ca0db1f49.mp4,-31.357263565063477,0.9999999999999759,31.357263565063477,-3.1101688173217485e-13,0,1,pika,5.074074491858482
/workspace/data/genbuster-mini/extracted/GenBuster-200K-mini/benchmark/fake/pika/2f53e7d9227465b1f78092e7594e624e2b4d5a628388d88d3ee06bd98005b7de.mp4,-28.58870506286621,0.9999999999996162,28.58870506286621,9.863420381238995e-12,0,1,pika,6.5613482147455215
/workspace/data/genbuster-mini/extracted/GenBuster-200K-mini/benchmark/fake/pika/2b5d2b62430b5185b49d20a2f0afbb48bb9cf63614ea94b7d679fa600766ab3c.mp4,-20.75230598449707,0.9999999990286226,20.75230598449707,2.1127699508622862e-08,0,1,pika,5.671804770827293
/workspace/data/genbuster-mini/extracted/GenBuster-200K-mini/benchmark/fake/pika/23692d7be8cc90e830b90e3cfa2c9eeceae8188402575182fb933ee409760d35.mp4,-25.623090744018555,0.9999999999925521,25.623090744018555,1.9634750655925425e-10,0,1,pika,5.57265430688858
/workspace/data/genbuster-mini/extracted/GenBuster-200K-mini/benchmark/fake/pika/1dc4ae4bb309a6db913167ad789b4b2def193a3906c9002ff847fff5ed4d42d8.mp4,-34.54247283935547,0.999999999999999,34.54247283935547,-9.714505979833236e-13,0,1,pika,7.570704445242882
/workspace/data/genbuster-mini/extracted/GenBuster-200K-mini/benchmark/fake/pika/1ce0331df1d0c5895a526e31a50e8a3d6adc8fce1470af7b61681da8dd1d09de.mp4,-9.15297794342041,0.9998941072553862,9.15297794342041,0.0010751323030933513,0,1,pika,5.44724240899086
/workspace/data/genbuster-mini/extracted/GenBuster-200K-mini/benchmark/fake/pika/1aa281030c17847821606db4f5bbe6fbc89ed78f566f54c338277b757d64dd90.mp4,-10.524746894836426,0.9999731373500254,10.524746894836426,0.00030958559948412355,0,1,pika,7.4462927877902985
/workspace/data/genbuster-mini/extracted/GenBuster-200K-mini/benchmark/fake/pika/15695567381c160ffe16a856a403ce930f518e5a76b819a7cbbb4ba05d17879b.mp4,-26.89661979675293,0.9999999999979158,26.89661979675293,5.632627331578921e-11,0,1,pika,6.126439198851585
/workspace/data/genbuster-mini/extracted/GenBuster-200K-mini/benchmark/fake/pika/13bf159e1ccd6d14593c0e6ab7c7750c901583e0b31f25435981e183e7873ede.mp4,-28.60549545288086,0.9999999999996226,28.60549545288086,9.684240023337333e-12,0,1,pika,10.066751390695572
/workspace/data/genbuster-mini/extracted/GenBuster-200K-mini/benchmark/fake/pika/137370f6d0c9253958c3152ad70a34c92bf98eac27671b4446d6c061d33193af.mp4,-18.953350067138672,0.9999999941296416,18.953350067138672,1.1713131715311e-07,0,1,pika,8.13010148704052
/workspace/data/genbuster-mini/extracted/GenBuster-200K-mini/benchmark/fake/pika/1274bf20abfadf9571dfe7f1088614eceb59060b8d4a3c9a6221d10e5159c6f6.mp4,-9.247917175292969,0.9999036972367321,9.247917175292969,0.0009869073831496617,0,1,pika,6.752762943506241
/workspace/data/genbuster-mini/extracted/GenBuster-200K-mini/benchmark/fake/pika/104160327684a28de197913495786d175e3ede7461bd3b4a7deaf21e86ba4cd1.mp4,-20.429611206054688,0.9999999986586794,20.429611206054688,2.87419795345542e-08,0,1,pika,10.802911594510078
/workspace/data/genbuster-mini/extracted/GenBuster-200K-mini/benchmark/fake/pika/0e84756a85111f2578dd42025a8c16e09032f0f981bbdbd9e8f1f9ff2309444a.mp4,-18.671340942382812,0.9999999922171323,18.671340942382812,1.5309744398416414e-07,0,1,pika,9.498631581664085
/workspace/data/genbuster-mini/extracted/GenBuster-200K-mini/benchmark/fake/pika/0c9fad2dc2532afaaedf485c8e4ae053ea89713d252a342d16ce0cfed2d8b349.mp4,-18.2217960357666,0.9999999877995869,18.2217960357666,2.3451185246045478e-07,0,1,pika,12.161972001194954
/workspace/data/genbuster-mini/extracted/GenBuster-200K-mini/benchmark/fake/pika/0c37753660d10db749ed54c8c4b4fb94b861c92d8a75650b5e977640b507a954.mp4,-21.19097328186035,0.9999999993735633,21.19097328186035,1.3899241659334579e-08,0,1,pika,9.186705574393272
/workspace/data/genbuster-mini/extracted/GenBuster-200K-mini/benchmark/fake/pika/09fab2b29b14bc0eddc2d900c9e03f09caf8cce07e05e026af0e1949704c9474.mp4,-25.916826248168945,0.9999999999944478,25.916826248168945,1.4752826371163438e-10,0,1,pika,5.7237837463617325
/workspace/data/genbuster-mini/extracted/GenBuster-200K-mini/benchmark/fake/pika/095581faf93d500d396549e321baad6ec25600637b4ae3d96cf88001dbfe5441.mp4,-16.917156219482422,0.9999999550248724,16.917156219482422,8.058243866191939e-07,0,1,pika,8.85821133852005
/workspace/data/genbuster-mini/extracted/GenBuster-200K-mini/benchmark/fake/pika/08ce7a365f18973ad7d676ba5ae708e7d9f482189ff3eaf63dcba899e1302ab6.mp4,-22.805578231811523,0.9999999998753584,22.805578231811523,2.965170727375937e-09,0,1,pika,8.184881880879402
/workspace/data/genbuster-mini/extracted/GenBuster-200K-mini/benchmark/fake/pika/08bdc1d087466e7cc4883e2443f45c26ee6f1d71566495cebec62b36126f635f.mp4,-21.780664443969727,0.9999999996526417,21.780664443969727,7.911052689657927e-09,0,1,pika,11.137276887893677
/workspace/data/genbuster-mini/extracted/GenBuster-200K-mini/benchmark/fake/pika/085b3abec4d6d46a6dfd1ebf221d9ff4ae97f3d88af5e01c0294796f372f964b.mp4,-6.392388343811035,0.9983285455964506,6.392388343811035,0.012357438377085342,0,1,pika,14.330605044960976
/workspace/data/genbuster-mini/extracted/GenBuster-200K-mini/benchmark/fake/pika/0235e59f00668e92db1c510a55f0700c1b70ff79e5898aa0819672a80393bca6.mp4,-17.640295028686523,0.9999999781768611,17.640295028686523,4.067877461501469e-07,0,1,pika,5.831805989146233
/workspace/data/genbuster-mini/extracted/GenBuster-200K-mini/benchmark/fake/luma/ffc27d2529ce1894c8e6a421870f77e89598424cd55884db9972f9e44dee23f8.mp4,-15.712684631347656,0.9999998500081233,15.712684631347656,2.506764931521182e-06,0,1,luma,8.551627397537231
/workspace/data/genbuster-mini/extracted/GenBuster-200K-mini/benchmark/fake/luma/fc8349376fbf9653db666da5631a89e2b5167d8208af72e3416bdc47c7365439.mp4,2.547586441040039,0.9274112582206726,2.547586441040039,0.26028432230360177,1,1,luma,11.972097679972649
/workspace/data/genbuster-mini/extracted/GenBuster-200K-mini/benchmark/fake/luma/f9728d6c80a6eb1f3a1205d2d1e5133991d81ded1616fdfb0ec59226853cac5c.mp4,-5.49726676940918,0.9959187679924071,5.49726676940918,0.026525204141969967,0,1,luma,6.000259891152382
/workspace/data/genbuster-mini/extracted/GenBuster-200K-mini/benchmark/fake/luma/f7ba05c987b32b804c189ce5701e287b9dcd090bf62770ebca8a9e40c01d5030.mp4,-49.29742431640625,1.0,49.29742431640625,-1.000088889822205e-12,0,1,luma,9.261848405003548
/workspace/data/genbuster-mini/extracted/GenBuster-200K-mini/benchmark/fake/luma/f6197a71c23c81747203744da87a1ce61569f593a49dcfae52d82b79632fd6db.mp4,-21.738601684570312,0.9999999996377192,21.738601684570312,8.235758722517116e-09,0,1,luma,11.781565845012665
/workspace/data/genbuster-mini/extracted/GenBuster-200K-mini/benchmark/fake/luma/f5d545c3d28f62c65868b42274ba5a12c6eab7a09da3b0ed7680722701919865.mp4,-41.58983612060547,1.0,41.58983612060547,-1.0000649585721554e-12,0,1,luma,10.828383266925812
/workspace/data/genbuster-mini/extracted/GenBuster-200K-mini/benchmark/fake/luma/f404f142b2214e2df5676cee4f358a85043bc13de97e78cc1331218bb5276fa9.mp4,-31.926692962646484,0.9999999999999863,31.926692962646484,-6.099672417776835e-13,0,1,luma,8.237931877374649
/workspace/data/genbuster-mini/extracted/GenBuster-200K-mini/benchmark/fake/luma/f4014e746e367c41fe92a7145919cfab261b7f0fdc2abbd8192ad9f0478110c7.mp4,-20.096742630004883,0.9999999981289063,20.096742630004883,3.947198315451698e-08,0,1,luma,6.200883537530899
/workspace/data/genbuster-mini/extracted/GenBuster-200K-mini/benchmark/fake/luma/ee2518b78a0aad693bdf6e41e2b89847024bfbdf239f723987e14e2ca67a2471.mp4,-27.393274307250977,0.9999999999987316,27.393274307250977,3.4276408510635444e-11,0,1,luma,7.23331980407238
/workspace/data/genbuster-mini/extracted/GenBuster-200K-mini/benchmark/fake/luma/ec10c08ad8dc12d9c61340129f4908c991e7b88e0b1af09cb5d98ca3d07027f4.mp4,-12.033050537109375,0.9999940555730973,12.033050537109375,7.74740316129382e-05,0,1,luma,9.132316336035728
/workspace/data/genbuster-mini/extracted/GenBuster-200K-mini/benchmark/fake/luma/e99162af3c0ada1793bbe05d0da8a92260e47fbfa144ecf775b260a0c04ad85e.mp4,3.3481171131134033,0.9660430550575256,3.3481171131134033,0.14823863225302913,1,1,luma,4.815133288502693
/workspace/data/genbuster-mini/extracted/GenBuster-200K-mini/benchmark/fake/luma/e8a8055e8ccbd5b63de69068e950846e74206a07e8d3bf1970f6dc20cc2170d6.mp4,-11.697432518005371,0.9999916849292276,11.697432518005371,0.00010558008342346252,0,1,luma,10.933741927146912
/workspace/data/genbuster-mini/extracted/GenBuster-200K-mini/benchmark/fake/luma/e7142de9e6886d3f2896312337662b1dfef7e89eb3cd0a09885545aa24e7b8c1.mp4,-31.921159744262695,0.9999999999999863,31.921159744262695,-6.078800481054975e-13,0,1,luma,14.358922839164734
/workspace/data/genbuster-mini/extracted/GenBuster-200K-mini/benchmark/fake/luma/e6c10f39397f9c32df070215600cfc0188cc40a47e068d70cfce770dbc0dc62d.mp4,4.012960910797119,0.9822413325309753,4.012960910797119,0.08918312601035294,1,1,luma,10.946402326226234
/workspace/data/genbuster-mini/extracted/GenBuster-200K-mini/benchmark/fake/luma/e691d4635ae96c2c12ab3573c7dc803c052cfddd3067a8b811aaed125e925fb7.mp4,-12.857467651367188,0.9999973934166064,12.857467651367188,3.612064640421445e-05,0,1,luma,11.700725182890892
/workspace/data/genbuster-mini/extracted/GenBuster-200K-mini/benchmark/fake/luma/e644a29742cd3c60b4b27d2e9fabdd71fe642d222941fe5c3cca23343aa33439.mp4,-18.622772216796875,0.9999999918297986,18.622772216796875,1.6032000166142177e-07,0,1,luma,10.84238477051258
/workspace/data/genbuster-mini/extracted/GenBuster-200K-mini/benchmark/fake/luma/e5c883c1193007086fcfcda2a7924266820a05f534cb9b13345f124356a89722.mp4,-5.479009628295898,0.9958438845351338,5.479009628295898,0.026936172842908442,0,1,luma,11.14734634757042
/workspace/data/genbuster-mini/extracted/GenBuster-200K-mini/benchmark/fake/luma/e387f940b321e2bd31709f89ae9f9745623b092c96a4b94aa5239a1193bfd018.mp4,-14.82907485961914,0.9999996370770248,14.82907485961914,5.74473300617272e-06,0,1,luma,10.898713022470474
/workspace/data/genbuster-mini/extracted/GenBuster-200K-mini/benchmark/fake/luma/d6bb9b397aa6fa9a95dfc09f58b3709b9b24ea52dc694ce339fa2a3a527600c4.mp4,-42.15436935424805,1.0,42.15436935424805,-1.0000752865451662e-12,0,1,luma,10.79075038433075
/workspace/data/genbuster-mini/extracted/GenBuster-200K-mini/benchmark/fake/luma/d55dbe5c4a68fdec32198af228e736a450009544e4005833fb09810545f00b16.mp4,-6.0460686683654785,0.997638440458104,6.0460686683654785,0.01664250365590203,0,1,luma,11.215068399906158
/workspace/data/genbuster-mini/extracted/GenBuster-200K-mini/benchmark/fake/luma/d1f7d33b44762d8e17ae85c634033beae0577f21c494edc1003dfb7034552d2d.mp4,-7.615827560424805,0.9995076496852562,7.615827560424805,0.004242126673563345,0,1,luma,5.0482843071222305
/workspace/data/genbuster-mini/extracted/GenBuster-200K-mini/benchmark/fake/luma/cde9bbea1b285834fc5d6e85fc10107c68c4b006b1b84db2f16108d161cd106d.mp4,-6.136973857879639,0.9978432070929557,6.136973857879639,0.015395303703253434,0,1,luma,5.483832210302353
/workspace/data/genbuster-mini/extracted/GenBuster-200K-mini/benchmark/fake/luma/cb31ce27ce95c30e5c525e1ef278f69c650d61f931eb030212697383fe621ba8.mp4,9.437553405761719,0.9999203681945801,9.437553405761719,0.0008312013349168852,1,1,luma,6.339946761727333
/workspace/data/genbuster-mini/extracted/GenBuster-200K-mini/benchmark/fake/luma/c87fe790c924b803f2e67ddab8a79ca00275ea8edfe2295dbe435ed0278d028d.mp4,-6.898823261260986,0.9989920449443161,6.898823261260986,0.007962167139533322,0,1,luma,7.139226421713829
/workspace/data/genbuster-mini/extracted/GenBuster-200K-mini/benchmark/fake/luma/c71d352245ae2e6972514b099a0b35cee7c9f32f41ac1986cdccbe7828ffa74d.mp4,-18.66487693786621,0.9999999921666607,18.66487693786621,1.5403965363733862e-07,0,1,luma,11.353088542819023
/workspace/data/genbuster-mini/extracted/GenBuster-200K-mini/benchmark/fake/luma/c653daba980e89e6e6935130a1fb4605daec03ca3863daccf2d7e54ff5850049.mp4,-14.185253143310547,0.9999993090883095,14.185253143310547,1.0491667149793514e-05,0,1,luma,5.558682605624199
/workspace/data/genbuster-mini/extracted/GenBuster-200K-mini/benchmark/fake/luma/c5f785c4a00119c25bdea636d80c4f4bc1e22f0fe64fa63ceba57dfde12d3a70.mp4,-4.9825215339660645,0.9931899434886873,4.9825215339660645,0.04076460381179865,0,1,luma,7.522532716393471
/workspace/data/genbuster-mini/extracted/GenBuster-200K-mini/benchmark/fake/luma/c5f0b2db06d1a26c4de3f2d42368122d742038c62682b7350d4af15f65353dc4.mp4,-13.757902145385742,0.999998940700948,13.757902145385742,1.563303024539052e-05,0,1,luma,7.205618545413017
/workspace/data/genbuster-mini/extracted/GenBuster-200K-mini/benchmark/fake/luma/c4db751e51aa1ba13847e7e797941db87ac0bb68cc3fb4b9e7363a5ba96ea74f.mp4,-10.172674179077148,0.9999618014262524,10.172674179077148,0.000426780946214738,0,1,luma,7.717803120613098
/workspace/data/genbuster-mini/extracted/GenBuster-200K-mini/benchmark/fake/luma/c3d88740c1ea89f183534b1b86ddec72a8fb502beb23856deb8efa717c60820c.mp4,-2.8320810794830322,0.9443850070238113,2.8320810794830322,0.21472752041340043,0,1,luma,7.670076563954353
/workspace/data/genbuster-mini/extracted/GenBuster-200K-mini/benchmark/fake/luma/c1ec4b7339534fef8d33f98abf26bf83f713b220b4f6bfe055af224230c458b7.mp4,-9.932875633239746,0.999951450376102,9.932875633239746,0.0005307881730914368,0,1,luma,11.32114790380001
/workspace/data/genbuster-mini/extracted/GenBuster-200K-mini/benchmark/fake/luma/c05188597460e6dc0faf92d116943dea84a628178b8e14d45548634c6b445b38.mp4,-30.35854148864746,0.9999999999999346,30.35854148864746,8.678229757949225e-13,0,1,luma,9.357651695609093
/workspace/data/genbuster-mini/extracted/GenBuster-200K-mini/benchmark/fake/luma/bad0696a5952c39cc5cbb6f6c5841050b7908e554d7bec95151dd06249b49615.mp4,-7.449957847595215,0.9994188717682846,7.449957847595215,0.004910677964277675,0,1,luma,11.585723608732224
/workspace/data/genbuster-mini/extracted/GenBuster-200K-mini/benchmark/fake/luma/b9b84267aac5a9633c3d28e553a13dd169c6c1660edcb910ceca96913ce895ec.mp4,-15.150547981262207,0.99999973685172,15.150547981262207,4.2499869359576585e-06,0,1,luma,10.943014174699783
/workspace/data/genbuster-mini/extracted/GenBuster-200K-mini/benchmark/fake/luma/ae2ff9ee6073db5cb96fcddbbb6edb147d5e8c18c6219f69d119a5ddbeba9d75.mp4,6.554601669311523,0.9985784292221069,6.554601669311523,0.010740367702343294,1,1,luma,5.957420915365219
/workspace/data/genbuster-mini/extracted/GenBuster-200K-mini/benchmark/fake/luma/ae1b1d1a89af83ef60c9f30ac5e9b859d49b166a904d0a1073d4a2d3237df337.mp4,-4.836141109466553,0.9921248843893409,4.836141109466553,0.04599145857067327,0,1,luma,8.384985849261284
/workspace/data/genbuster-mini/extracted/GenBuster-200K-mini/benchmark/fake/luma/ab6e1496d961624aa05d95800579e576cc6fd88ccb5e33f663cbd0852740e416.mp4,-6.429738998413086,0.9983897253405303,6.429738998413086,0.01196521823502221,0,1,luma,12.098710983991623
/workspace/data/genbuster-mini/extracted/GenBuster-200K-mini/benchmark/fake/luma/a9cc0ebaab6d06c044a5808c84c0f794edef8a8519a2e5c4df833c3041763e7d.mp4,-19.672691345214844,0.9999999971407068,19.672691345214844,5.910728698564637e-08,0,1,luma,10.992445051670074
/workspace/data/genbuster-mini/extracted/GenBuster-200K-mini/benchmark/fake/luma/a522f0750ec64b2c0470b542dde52b50b28dcfe7ea372566fca7db93cde793d4.mp4,8.963372230529785,0.9998719692230225,8.963372230529785,0.0012755931444799024,1,1,luma,40.95812328159809
/workspace/data/genbuster-mini/extracted/GenBuster-200K-mini/benchmark/fake/luma/a5204dd5e270ec5aad583ecf4ce8a57b75b85346f5f1c59bbcec4f1705340f5d.mp4,-2.6698386669158936,0.9352232590317726,2.6698386669158936,0.23991344690474864,0,1,luma,11.546820402145386
/workspace/data/genbuster-mini/extracted/GenBuster-200K-mini/benchmark/fake/luma/a4c4c6a55720d7db83d7543c1d2f904f3a85cf27790a8d0b5437be5d7f7c4b11.mp4,5.4153876304626465,0.9955720901489258,5.4153876304626465,0.02841660027871043,1,1,luma,8.715320378541946
/workspace/data/genbuster-mini/extracted/GenBuster-200K-mini/benchmark/fake/luma/a4343cd8259619671067633c790fc13f3582bc2cf1bb5bc1a31d89b9367b3d3e.mp4,5.276859283447266,0.9949175119400024,5.276859283447266,0.03191502025504822,1,1,luma,13.436149805784225
/workspace/data/genbuster-mini/extracted/GenBuster-200K-mini/benchmark/fake/luma/a2586bf083895319f92d166e0090b46497326b9425fac950aa28402b921370b2.mp4,-6.5934929847717285,0.9986326234648004,6.5934929847717285,0.010384099859516662,0,1,luma,7.855305448174477
/workspace/data/genbuster-mini/extracted/GenBuster-200K-mini/benchmark/fake/luma/9bfee34b3082f4f2fa811f7ce21ff41bdf87a10eb1549596853399f19924284a.mp4,-30.29322052001953,0.9999999999999302,30.29322052001953,9.936409181937894e-13,0,1,luma,10.889234021306038
/workspace/data/genbuster-mini/extracted/GenBuster-200K-mini/benchmark/fake/luma/9b980e89fcf05b81e0e99b14e3dfe352ee3d194972c432a8a455cfbf91a08f4f.mp4,-20.800085067749023,0.9999999990739428,20.800085067749023,2.0186125883504538e-08,0,1,luma,10.980293154716492
/workspace/data/genbuster-mini/extracted/GenBuster-200K-mini/benchmark/fake/luma/9a5aeb2c4d20db3763d24393162b0a1e0a720094f135edd9c4a2e3f3f0c45989.mp4,-11.352859497070312,0.9999882642550801,11.352859497070312,0.0001449700751796529,0,1,luma,4.449106752872467
/workspace/data/genbuster-mini/extracted/GenBuster-200K-mini/benchmark/fake/luma/98c25e91efec4365042e3e918318a3a5032e1fc53a52f49f85dbed30783d2851.mp4,-20.39229393005371,0.9999999986076793,20.39229393005371,2.978293408128532e-08,0,1,luma,9.367648512125015
/workspace/data/genbuster-mini/extracted/GenBuster-200K-mini/benchmark/fake/luma/95d57e86cb3260fbde1d5e5463242e1f2be6fc6b78a897174620e46d3052473e.mp4,-9.553136825561523,0.9999290267660399,9.553136825561523,0.0007489927611930121,0,1,luma,11.026166379451752
/workspace/data/genbuster-mini/extracted/GenBuster-200K-mini/benchmark/fake/luma/957c40af1825ea3aa856c8978c31c57100b62f39b51e5b6b0f53de7951b34298.mp4,-24.74588394165039,0.999999999982094,24.74588394165039,4.590333052785543e-10,0,1,luma,8.505618199706078
/workspace/data/genbuster-mini/extracted/GenBuster-200K-mini/benchmark/fake/luma/948d01ab93c0799b52e64fe171ce4e854ed6d46e60af4534582036abfe280b7d.mp4,-9.413971900939941,0.9999184303669608,9.413971900939941,0.0008494671943179439,0,1,luma,11.053076013922691
/workspace/data/genbuster-mini/extracted/GenBuster-200K-mini/benchmark/fake/luma/92c9554c7be60b8376c4f1489372165a63e7f3461a570c9bb3ccd64eccbbd4c3.mp4,-39.997039794921875,1.0,39.997039794921875,-9.999711662227676e-13,0,1,luma,11.351160705089569
/workspace/data/genbuster-mini/extracted/GenBuster-200K-mini/benchmark/fake/luma/8fcfa340a1dd51fba3a5070f904ae473ac246da202dc9d3df36f7b3fc1223d95.mp4,-13.6707124710083,0.9999988441951473,13.6707124710083,1.6956479320504113e-05,0,1,luma,8.182583376765251
/workspace/data/genbuster-mini/extracted/GenBuster-200K-mini/benchmark/fake/luma/8f5adca7a75292bf9c0b660926b4f7f3735c5bf3ffc665fdb1ef0a222eb7bb7b.mp4,2.2043025493621826,0.9006351828575134,2.2043025493621826,0.32368508834252374,1,1,luma,11.301727965474129
/workspace/data/genbuster-mini/extracted/GenBuster-200K-mini/benchmark/fake/luma/8ce6bc77af8337fc95db491c605ca98127f16b48c399547bb8593632762297d0.mp4,-13.042623519897461,0.9999978339940299,13.042623519897461,3.0416406655254187e-05,0,1,luma,11.274946853518486
/workspace/data/genbuster-mini/extracted/GenBuster-200K-mini/benchmark/fake/luma/8be76b1d9af0b8ff56c8452007848c39b7084058614051b4233c1f9e41cba9aa.mp4,-0.29326894879341125,0.5727962553501129,0.29326894879341125,0.6825108264739674,0,1,luma,8.97202268242836
/workspace/data/genbuster-mini/extracted/GenBuster-200K-mini/benchmark/fake/luma/839c6556d265946b45f8513b6908b0ce321092115884d71d872b7d1307c66eb6.mp4,-8.561882019042969,0.999808777574799,8.561882019042969,0.001828464555920339,0,1,luma,11.324530467391014
/workspace/data/genbuster-mini/extracted/GenBuster-200K-mini/benchmark/fake/luma/8333ba06988df14b3cef1ddd2c462a6315e1e19c834c60e93a1f74e2cf59b04c.mp4,-17.541667938232422,0.9999999759147915,17.541667938232422,4.465779379267142e-07,0,1,luma,13.060595840215683
/workspace/data/genbuster-mini/extracted/GenBuster-200K-mini/benchmark/fake/luma/80809743886cfa38696ce7792048f3121abeb088b9c0bd97a583e42fdca858be.mp4,-10.454405784606934,0.9999711798172939,10.454405784606934,0.0003301184814645235,0,1,luma,9.508442133665085
/workspace/data/genbuster-mini/extracted/GenBuster-200K-mini/benchmark/fake/luma/807e225ac199ecbdf612b6d8433d3890acb2b8235bed69180512e6d9cb70f973.mp4,-9.790094375610352,0.9999439995262946,9.790094375610352,0.0006042519641577153,0,1,luma,11.172698810696602
/workspace/data/genbuster-mini/extracted/GenBuster-200K-mini/benchmark/fake/luma/7d4d6453a5c9089420d9b29a2fb77b680789b3064aec7978c581629f6451e7f8.mp4,-25.03608512878418,0.9999999999866043,25.03608512878418,3.468079495805494e-10,0,1,luma,12.267323210835457
/workspace/data/genbuster-mini/extracted/GenBuster-200K-mini/benchmark/fake/luma/7c5e93979dc0d43d4c47c99f85c50143cd783496193c978b7bf74be208fc7d8e.mp4,-1.0877443552017212,0.7479567229747772,1.0877443552017212,0.564568800708025,0,1,luma,9.139547124505043
/workspace/data/genbuster-mini/extracted/GenBuster-200K-mini/benchmark/fake/luma/7bf18e496d27bf871bb43e30e3bb493e2c3e4798297209a3ae498c1adde7b2e0.mp4,-6.739419460296631,0.9988180646905676,6.739419460296631,0.009148192165024488,0,1,luma,10.005788877606392
/workspace/data/genbuster-mini/extracted/GenBuster-200K-mini/benchmark/fake/luma/78052419e88a4aa4d75b4eea8019adbcbc5e8925a6a8979763c5d23dd81f24b8.mp4,3.397976875305176,0.967641294002533,3.397976875305176,0.1428480068682484,1,1,luma,7.200306281447411
/workspace/data/genbuster-mini/extracted/GenBuster-200K-mini/benchmark/fake/luma/732c3d5d9bea4c1d6b426b7634cf95a649943bc816f510d1d3083d8b3ed71390.mp4,-0.616225004196167,0.6493595242500305,0.616225004196167,0.6478422173286819,0,1,luma,9.692644700407982
/workspace/data/genbuster-mini/extracted/GenBuster-200K-mini/benchmark/fake/luma/72bf144d00677e9bfbbccbdcfdc3250cb3a2329df6106c6e6e1b2639768caa56.mp4,-31.82748031616211,0.9999999999999849,31.82748031616211,-5.694018521797699e-13,0,1,luma,38.74988108873367
/workspace/data/genbuster-mini/extracted/GenBuster-200K-mini/benchmark/fake/luma/725851cd258b3b3a24549aa380cefcfe213f24933966e54e086d8eb8794d6e5d.mp4,-1.246942162513733,0.7767700999975204,1.246942162513733,0.5309656461772614,0,1,luma,10.922864079475403
/workspace/data/genbuster-mini/extracted/GenBuster-200K-mini/benchmark/fake/luma/67c6ff956261b40d85d6696aefef335f76ae884c867112617d595dbeba9d4490.mp4,-16.535503387451172,0.999999934124773,16.535503387451172,1.1551532646953734e-06,0,1,luma,8.67374800145626
/workspace/data/genbuster-mini/extracted/GenBuster-200K-mini/benchmark/fake/luma/6671370290d33463c32c706207b30fb70d34e1b937f7263f86d437d735b23c60.mp4,-13.510306358337402,0.9999986430998433,13.510306358337402,1.9689035947457e-05,0,1,luma,4.4734664261341095
/workspace/data/genbuster-mini/extracted/GenBuster-200K-mini/benchmark/fake/luma/641ab5f61e945b19a980a44a67b92111605186c3f6db78a03c5f029ca47b66b4.mp4,-4.63157320022583,0.9903545156121254,4.63157320022583,0.05436606948760952,0,1,luma,4.754543304443359
/workspace/data/genbuster-mini/extracted/GenBuster-200K-mini/benchmark/fake/luma/60bdca87d3a4730af5799291662d051845ff797ba37024abb2e986c528bb711c.mp4,-5.765981197357178,0.9968774602748454,5.765981197357178,0.02113193027671885,0,1,luma,4.984244704246521
/workspace/data/genbuster-mini/extracted/GenBuster-200K-mini/benchmark/fake/luma/5faa0d8399ab39207a47e1f728f49df8eef8237f786c0450bc48fa045fe748d7.mp4,-29.485742568969727,0.9999999999998435,29.485742568969727,3.4578573485060456e-12,0,1,luma,11.349949985742569
/workspace/data/genbuster-mini/extracted/GenBuster-200K-mini/benchmark/fake/luma/5c1771460250e2e93b94f78874c47bd8865c1558348efcd9be79197d41cab27d.mp4,-0.2620525658130646,0.5651407837867737,0.2620525658130646,0.6846363649338963,0,1,luma,5.677243694663048
/workspace/data/genbuster-mini/extracted/GenBuster-200K-mini/benchmark/fake/luma/5bd79a2c93cc791cd4d04846aa24eac7277820da3e7e986282367c2de9b2266d.mp4,-12.144457817077637,0.9999946822658785,12.144457817077637,6.989874465973772e-05,0,1,luma,9.363912045955658
/workspace/data/genbuster-mini/extracted/GenBuster-200K-mini/benchmark/fake/luma/5b624c26961ac0d7e9877184db5887bdb301bc14b01fd655f2e6a8e781582951.mp4,-28.89413070678711,0.9999999999997172,28.89413070678711,7.025694689044171e-12,0,1,luma,5.4127611219882965
/workspace/data/genbuster-mini/extracted/GenBuster-200K-mini/benchmark/fake/luma/4e295b9ba014a68bab6afe1d2507d5d2d03d7ed59f814b0983f6f26a51be2015.mp4,-9.466242790222168,0.9999225842402666,9.466242790222168,0.000810255129977823,0,1,luma,13.752063736319542
/workspace/data/genbuster-mini/extracted/GenBuster-200K-mini/benchmark/fake/luma/4dc9eaba5d616fafd8d836bf991d960142a1b77e8e22967df31cb364d8beb9ab.mp4,7.495214462280273,0.9994445443153381,7.495214462280273,0.004718842632850924,1,1,luma,11.764034628868103
/workspace/data/genbuster-mini/extracted/GenBuster-200K-mini/benchmark/fake/luma/4a14813c223a3f42b8b43e3f02b1f3db40c96cba9b8c866fb4d6186301a0dfbd.mp4,-14.045716285705566,0.9999992056305018,14.045716285705566,1.1951856443684602e-05,0,1,luma,12.272171676158905
/workspace/data/genbuster-mini/extracted/GenBuster-200K-mini/benchmark/fake/luma/4571b524870780df86c63cc415c371664449b71d35d482abaa75c1fa57cd35d8.mp4,-7.776607513427734,0.9995807431696448,7.776607513427734,0.0036797405611627954,0,1,luma,11.878566816449165
/workspace/data/genbuster-mini/extracted/GenBuster-200K-mini/benchmark/fake/luma/40d17e8203534ca6038b80dfa42463d01982e887beee2a1ca385bf452d1bf1f3.mp4,-12.353766441345215,0.9999956865422064,12.353766441345215,5.760091501089274e-05,0,1,luma,11.301577091217041
/workspace/data/genbuster-mini/extracted/GenBuster-200K-mini/benchmark/fake/luma/391f3ccf2f4e5d4b3ab7959840eaa245de45b6d6d83828b6acb0a4c8375c5068.mp4,-7.18092679977417,0.999239616387058,7.18092679977417,0.006220931932890818,0,1,luma,28.713610023260117
/workspace/data/genbuster-mini/extracted/GenBuster-200K-mini/benchmark/fake/luma/2da85e40c0f24435f2c3e87241e4751d83e33d34f167608ef4a457c92dbcbd7a.mp4,6.710610866546631,0.998783528804779,6.710610866546631,0.00938044366702281,1,1,luma,11.446412652730942
/workspace/data/genbuster-mini/extracted/GenBuster-200K-mini/benchmark/fake/luma/297770b9e7245701f20997d9d8b514343634f932361881ab19f6cf5b02749566.mp4,-20.594409942626953,0.9999999988624738,20.594409942626953,2.4562207210282148e-08,0,1,luma,11.218558996915817
/workspace/data/genbuster-mini/extracted/GenBuster-200K-mini/benchmark/fake/luma/2873c12295f9cd3a73457e624cf36f5d7365cf05c42c0face13d50b444b113aa.mp4,-15.579895973205566,0.999999828707999,15.579895973205566,2.840001570019999e-06,0,1,luma,11.9551382958889
/workspace/data/genbuster-mini/extracted/GenBuster-200K-mini/benchmark/fake/luma/256e1880d12a03ead0586e81fd5e932f7be2ac8a8f7f6212fd19871ca75487fd.mp4,-13.675814628601074,0.9999988500771906,13.675814628601074,1.687605260520376e-05,0,1,luma,9.685086086392403
/workspace/data/genbuster-mini/extracted/GenBuster-200K-mini/benchmark/fake/luma/24ddbdff069f9dbf876cddf10397929a0e640244a6002570e2522c86adc2d2e6.mp4,-18.395095825195312,0.9999999897408509,18.395095825195312,1.9897518075670198e-07,0,1,luma,11.421170085668564
/workspace/data/genbuster-mini/extracted/GenBuster-200K-mini/benchmark/fake/luma/23083a46d38c036ec1f29e52c4df0c0849d7f7a567ea9b1234bcf8aa2de7fcc5.mp4,5.0723652839660645,0.993771493434906,5.0723652839660645,0.03784127888066432,1,1,luma,9.176867082715034
/workspace/data/genbuster-mini/extracted/GenBuster-200K-mini/benchmark/fake/luma/16333278a60df4abf22feb1caae328950c232f2816768a2e49645bfc09e48ee7.mp4,-9.367880821228027,0.9999145830734051,9.367880821228027,0.0008855961639603062,0,1,luma,9.30081121623516
/workspace/data/genbuster-mini/extracted/GenBuster-200K-mini/benchmark/fake/luma/1097126b91d8f9c905212176e8acda8c2001e44aa776150bd0c2759979b4c347.mp4,-16.09113311767578,0.9999998972670809,16.09113311767578,1.7558200020600194e-06,0,1,luma,11.474262923002243
/workspace/data/genbuster-mini/extracted/GenBuster-200K-mini/benchmark/fake/luma/100c693a4bf5080f73e5daf50e58d1186227b8e85e010eb0abef73ba5b943a05.mp4,10.1464262008667,0.9999607801437378,10.1464262008667,0.0004371565874537906,1,1,luma,35.79220548272133
/workspace/data/genbuster-mini/extracted/GenBuster-200K-mini/benchmark/fake/luma/0d26ba5c64d05ef86f46ab9a4c176e65534b2e116694e9bf21fd367f0060edb7.mp4,-7.764454364776611,0.9995756189746317,7.764454364776611,0.003719558214119138,0,1,luma,9.239498525857925
/workspace/data/genbuster-mini/extracted/GenBuster-200K-mini/benchmark/fake/luma/0cf60544ff768d12c57a3e00b0749b8e32153420b3fce82cd937c290b4370dc8.mp4,-16.934465408325195,0.9999999557966568,16.934465408325195,7.927613289383758e-07,0,1,luma,9.142706170678139
/workspace/data/genbuster-mini/extracted/GenBuster-200K-mini/benchmark/fake/luma/0ac7b78284d5e16995d15f448c7176512ded0859da004d78b072f701c1f1876a.mp4,-14.217154502868652,0.9999993307814634,14.217154502868652,1.0183600089032492e-05,0,1,luma,8.847484365105629
/workspace/data/genbuster-mini/extracted/GenBuster-200K-mini/benchmark/fake/luma/08f8ebff27ab021da883ab53cf0756cf4067939a68198af4eddf041360340c56.mp4,-31.78955841064453,0.9999999999999843,31.78955841064453,-5.526821303094855e-13,0,1,luma,11.163178831338882
/workspace/data/genbuster-mini/extracted/GenBuster-200K-mini/benchmark/fake/luma/0837e65af9a457a388c950a2671dc61610a9711544a89c153336761342ec657b.mp4,-1.372698187828064,0.79781574010849,1.372698187828064,0.5034155818273649,0,1,luma,7.107596844434738
/workspace/data/genbuster-mini/extracted/GenBuster-200K-mini/benchmark/fake/luma/07fa17e5ebb428e0fedea2757bfabbbfef74c1428842a300ea8541b5a13643b2.mp4,-26.926210403442383,0.9999999999979765,26.926210403442383,5.469511490418407e-11,0,1,luma,11.00771501660347
/workspace/data/genbuster-mini/extracted/GenBuster-200K-mini/benchmark/fake/luma/078418ec9564068fbfd1ff0ebc28e9c62e4fb651067393b34fed3fa9dad8e6ed.mp4,-8.204310417175293,0.9997266025166027,8.204310417175293,0.0025164726786818157,0,1,luma,8.199743926525116
/workspace/data/genbuster-mini/extracted/GenBuster-200K-mini/benchmark/fake/luma/077d55e8540e87baf41a5de5dff6d6512fe4076de1f1f96a57c050b8571b7cd1.mp4,-34.355777740478516,0.9999999999999988,34.355777740478516,-9.655783909012866e-13,0,1,luma,8.490437641739845
/workspace/data/genbuster-mini/extracted/GenBuster-200K-mini/benchmark/fake/luma/05e831a817f7dbf5642cfebf9d802f476e20bb7adecfa178cbcf9438cd491a68.mp4,-14.91528606414795,0.9999996670543112,14.91528606414795,5.298923956413181e-06,0,1,luma,11.091575026512146
/workspace/data/genbuster-mini/extracted/GenBuster-200K-mini/benchmark/fake/luma/05780ca002538727bd48e6bddf2b8a56ab438d31619c56c9ab75dd59732151fc.mp4,-19.9029598236084,0.9999999977288052,19.9029598236084,4.747269359978887e-08,0,1,luma,15.647303313016891
/workspace/data/genbuster-mini/extracted/GenBuster-200K-mini/benchmark/fake/luma/031816e6622278a9eab2a4dff0a8909bfcba9b35c11d358b315def13c561d111.mp4,0.09946724772453308,0.5248463153839111,0.09946724772453308,0.6919119931351576,1,1,luma,12.125851586461067
/workspace/data/genbuster-mini/extracted/GenBuster-200K-mini/benchmark/fake/kling/fcdd4ed0ddc3ef37c6c79afee501b3b2005d381d582e5ff2f1103b62dae46d99.mp4,-8.624798774719238,0.9998204359144438,8.624798774719238,0.0017282843187106545,0,1,kling,9.108126163482666
/workspace/data/genbuster-mini/extracted/GenBuster-200K-mini/benchmark/fake/kling/faadfdd993ef200011aeb78c072edb90edd3580e7a1bfd8d9503585f28694e9f.mp4,-5.016068458557129,0.9934131312184036,5.016068458557129,0.03964884315642431,0,1,kling,7.342860102653503
/workspace/data/genbuster-mini/extracted/GenBuster-200K-mini/benchmark/fake/kling/f48dc017cfad61e8703d46cbdf846d76b212b5d6ad752cc9b01538e2cb65870d.mp4,-0.2735390365123749,0.5679615139961243,0.2735390365123749,0.6838809894657124,0,1,kling,9.571025148034096
/workspace/data/genbuster-mini/extracted/GenBuster-200K-mini/benchmark/fake/kling/f34c28675df83a31f6ebd5a052496e6230ec3864939494c92549131e70658ae9.mp4,-20.97272300720215,0.9999999992207763,20.97272300720215,1.7119666835242718e-08,0,1,kling,11.193880811333656
/workspace/data/genbuster-mini/extracted/GenBuster-200K-mini/benchmark/fake/kling/f2654a6ffcdfad15995209fd339518be2bb349d4271c06d829a6c49400563718.mp4,-2.1243841648101807,0.8932506963610649,2.1243841648101807,0.3396645309225966,0,1,kling,11.805923655629158
/workspace/data/genbuster-mini/extracted/GenBuster-200K-mini/benchmark/fake/kling/f0e42bf3ae5d8b42b2eb88cb457f18aaa2fb748dd25daebcecb29fb6a70e6871.mp4,-13.315092086791992,0.9999983505913406,13.315092086791992,2.3611436186239e-05,0,1,kling,12.206492945551872
/workspace/data/genbuster-mini/extracted/GenBuster-200K-mini/benchmark/fake/kling/ecd234e446386240a1c9bcbdcdfdb65e14722fb6c8f8f404c64bf1446553ba79.mp4,-23.839826583862305,0.9999999999556907,23.839826583862305,1.098646482735062e-09,0,1,kling,11.919936165213585
/workspace/data/genbuster-mini/extracted/GenBuster-200K-mini/benchmark/fake/kling/ebe572cbfd5e0a689841b40e9421fd4c322874ce4b31810cfb2e9609be068c43.mp4,-17.88923454284668,0.9999999829860897,17.88923454284668,3.213777422472197e-07,0,1,kling,7.432021200656891
/workspace/data/genbuster-mini/extracted/GenBuster-200K-mini/benchmark/fake/kling/e84c1946b2e5662bb54f56ecf8200f13e91e9f76f02f64776a06855b603b3bf5.mp4,-22.058408737182617,0.9999999997368795,22.058408737182617,6.065143170526753e-09,0,1,kling,8.025353774428368
/workspace/data/genbuster-mini/extracted/GenBuster-200K-mini/benchmark/fake/kling/e29a8a451a88a076b74fee39b155395cc62e59a86030014a7dd73928f1d4cf09.mp4,-21.084123611450195,0.9999999993029218,21.084123611450195,1.539236123774932e-08,0,1,kling,11.450642719864845
/workspace/data/genbuster-mini/extracted/GenBuster-200K-mini/benchmark/fake/kling/dd5e682c86d75b24d0299ef9b6e30ad9c74ead5b4d09250e02cd5d7a9c5c71bd.mp4,-0.6846596002578735,0.6647778749465942,0.6846596002578735,0.637815359544877,0,1,kling,11.1654382199049
/workspace/data/genbuster-mini/extracted/GenBuster-200K-mini/benchmark/fake/kling/dac7daa66cdae96fefdfce344f97bdfa4aab2e27980d3881beb5bb54b2e5f82d.mp4,-16.707706451416016,0.9999999445456922,16.707706451416016,9.81966601954461e-07,0,1,kling,11.869657784700394
/workspace/data/genbuster-mini/extracted/GenBuster-200K-mini/benchmark/fake/kling/d84b960a1bbbe609ef5384868deb20fc9638482a0f96d5d0826595bf219621ee.mp4,-15.067364692687988,0.9999997140260177,15.067364692687988,4.594846313191963e-06,0,1,kling,32.42318704724312
/workspace/data/genbuster-mini/extracted/GenBuster-200K-mini/benchmark/fake/kling/d7f10be5abd2b6c5f077633ff546ceb630976b0031159431ab238b7201dbb1ae.mp4,-0.20768798887729645,0.5517362058162689,0.20768798887729645,0.6877843169276696,0,1,kling,57.17988312244415
/workspace/data/genbuster-mini/extracted/GenBuster-200K-mini/benchmark/fake/kling/d76e3d95cafde09d99cc5b1b4fc9d93cbbdc53e0cd3e0e11905a66c7353d678a.mp4,-12.756251335144043,0.9999971157747041,12.756251335144043,3.967613024594403e-05,0,1,kling,5.524452775716782
/workspace/data/genbuster-mini/extracted/GenBuster-200K-mini/benchmark/fake/kling/d63d0110820e0e4deb762118b55d93e6e4fce9a28e8000cca5e5c2d5ab30a50a.mp4,-3.4622995853424072,0.9695958327502012,3.4622995853424072,0.13614429883695703,0,1,kling,6.097810342907906
/workspace/data/genbuster-mini/extracted/GenBuster-200K-mini/benchmark/fake/kling/d57f41aa2d4405ecdd34bd5bc00d512bda50e6759e78c45205d50260d73fb05b.mp4,-17.56990623474121,0.9999999765854017,17.56990623474121,4.3480489204530717e-07,0,1,kling,11.832907795906067
/workspace/data/genbuster-mini/extracted/GenBuster-200K-mini/benchmark/fake/kling/d56b901042bafed670ef922bfda04337ccc607b78b25d2f95af71832b3536cb0.mp4,-26.084163665771484,0.9999999999953033,26.084163665771484,1.2529928517622472e-10,0,1,kling,10.837892070412636
/workspace/data/genbuster-mini/extracted/GenBuster-200K-mini/benchmark/fake/kling/d476a86ff613c26da3c7af144613e09a4ca98df7f71b082b76f7bc2bab02d855.mp4,-24.409584045410156,0.9999999999749359,24.409584045410156,6.348880729893331e-10,0,1,kling,8.724501356482506
/workspace/data/genbuster-mini/extracted/GenBuster-200K-mini/benchmark/fake/kling/d3c4277610221c09cec32dbc59317b8bf0c13fc8381e88ea32f65203313ac9ed.mp4,-4.315352916717529,0.9868143508210778,4.315352916717529,0.07017408070579893,0,1,kling,8.79601202905178
/workspace/data/genbuster-mini/extracted/GenBuster-200K-mini/benchmark/fake/kling/d22c2a92933c75b144b73d2a65fee7fe541b5e6e35edf7326c2c685dca997427.mp4,-12.212170600891113,0.9999950304213598,12.212170600891113,6.56589308169007e-05,0,1,kling,11.953119188547134
/workspace/data/genbuster-mini/extracted/GenBuster-200K-mini/benchmark/fake/kling/d224a0d3adabec45915584966184afc9ce13af02efd91b3fe123939ac392fd17.mp4,-27.20096206665039,0.9999999999984627,27.20096206665039,4.158439530361847e-11,0,1,kling,9.35710035264492
/workspace/data/genbuster-mini/extracted/GenBuster-200K-mini/benchmark/fake/kling/d178a1d885c9fc17e41c64b6985ae6053be825c5528e23aaf71990f95a4d1db8.mp4,-12.746197700500488,0.9999970866317653,12.746197700500488,4.0047738156285985e-05,0,1,kling,11.165257543325424
/workspace/data/genbuster-mini/extracted/GenBuster-200K-mini/benchmark/fake/kling/cf51242af31825492f4894baa1a3a69932facd11674e50996e7cd69149706c61.mp4,-13.67147159576416,0.9999988450722412,13.67147159576416,1.694448848839278e-05,0,1,kling,6.399355828762054
/workspace/data/genbuster-mini/extracted/GenBuster-200K-mini/benchmark/fake/kling/cc268990c1411554302f1c0fb940b656356f3bbf7edcaff3e28918803ed3e9ed.mp4,-10.259193420410156,0.9999649672936357,10.259193420410156,0.0003944406290597507,0,1,kling,6.196470931172371
/workspace/data/genbuster-mini/extracted/GenBuster-200K-mini/benchmark/fake/kling/c7360146cc9bc24cc4af5a4d5ab52091b318eb9c00d9154c0312821483607ce5.mp4,-4.277698040008545,0.9863153044134378,4.277698040008545,0.07231818890632974,0,1,kling,6.258433684706688
/workspace/data/genbuster-mini/extracted/GenBuster-200K-mini/benchmark/fake/kling/c2e47b8af7e9ae29eff20aba6e6e5c531fd06328cc1fc8a32e24970fe8afa570.mp4,-11.420092582702637,0.9999890273365963,11.420092582702637,0.00013628155320089997,0,1,kling,6.101200357079506
/workspace/data/genbuster-mini/extracted/GenBuster-200K-mini/benchmark/fake/kling/bee478593de8f9e1605769da2e154b509d374e6ac3a79573e1c105fd09c2b40d.mp4,-9.12748908996582,0.9998913737872499,9.12748908996582,0.001100116692303114,0,1,kling,5.057757720351219
/workspace/data/genbuster-mini/extracted/GenBuster-200K-mini/benchmark/fake/kling/b824e4728a2584bf7a6a56fcd507bb13fdc557c4a6be1948b069d4d836da0990.mp4,-0.35007739067077637,0.5866363346576691,0.35007739067077637,0.6780594375612669,0,1,kling,5.371009930968285
/workspace/data/genbuster-mini/extracted/GenBuster-200K-mini/benchmark/fake/kling/b36e99b2f4f07262a8cc800c5832a72997566e4a4b85047b9659d2525b01d03f.mp4,-11.340569496154785,0.9999881191342865,11.340569496154785,0.00014661671756687047,0,1,kling,6.068699061870575
/workspace/data/genbuster-mini/extracted/GenBuster-200K-mini/benchmark/fake/kling/aee759496434b10f0333efee997ca3ff2eea675e050f1f378b8cc7c10beda029.mp4,-7.345673084259033,0.9993550374056213,7.345673084259033,0.005382855027937381,0,1,kling,6.312655285000801
/workspace/data/genbuster-mini/extracted/GenBuster-200K-mini/benchmark/fake/kling/ad44fbc4b17ea033a24e206eaa326501553375f9ff0398bfce6d7f5783adbf79.mp4,-7.633245944976807,0.9995161472761538,7.633245944976807,0.004177336693611006,0,1,kling,6.509909406304359
/workspace/data/genbuster-mini/extracted/GenBuster-200K-mini/benchmark/fake/kling/aa55ee43f3558193f315c39445be314dd954ee902f1a3112404b6699cec4c129.mp4,10.039758682250977,0.9999563694000244,10.039758682250977,0.0004816700416369164,1,1,kling,6.323454901576042
/workspace/data/genbuster-mini/extracted/GenBuster-200K-mini/benchmark/fake/kling/a6ee07fda44b91e4f7943e2978f7f090093ad6de5b876001ed4cb38d7119a24e.mp4,-7.500657558441162,0.9994475845014676,7.500657558441162,0.004696047592982628,0,1,kling,5.406498908996582
/workspace/data/genbuster-mini/extracted/GenBuster-200K-mini/benchmark/fake/kling/a68d4217394313ab1d20cbe70fc9902f806a034c5c04aaf689ec95e2193c3992.mp4,4.379100799560547,0.9876185655593872,4.379100799560547,0.06667824311622947,1,1,kling,5.241068080067635
/workspace/data/genbuster-mini/extracted/GenBuster-200K-mini/benchmark/fake/kling/a23cd665b49078e47920738980fe4d041384683ea0f6b71725cc41d7b0f295b3.mp4,-11.316936492919922,0.9999878350135987,11.316936492919922,0.00014983543744257028,0,1,kling,5.182418972253799
/workspace/data/genbuster-mini/extracted/GenBuster-200K-mini/benchmark/fake/kling/9e79879f614f243914c7408c28c88678f6278447e7b9c18a3e40fc6741aadb9f.mp4,-4.160888195037842,0.9846457280218601,4.160888195037842,0.07936077811043755,0,1,kling,4.753269255161285
/workspace/data/genbuster-mini/extracted/GenBuster-200K-mini/benchmark/fake/kling/9627925ece6e27c330f651ef8a05c42a75e89cacc47e556de43df39a87b11423.mp4,-20.13250732421875,0.9999999981946426,20.13250732421875,3.814972904318014e-08,0,1,kling,5.083523690700531
/workspace/data/genbuster-mini/extracted/GenBuster-200K-mini/benchmark/fake/kling/947007390c30fabb9a444245521d5572ec214adce1cb072b35c77cd213eaed91.mp4,-23.903772354125977,0.9999999999584354,23.903772354125977,1.0331271329618089e-09,0,1,kling,6.175905466079712
/workspace/data/genbuster-mini/extracted/GenBuster-200K-mini/benchmark/fake/kling/9350a157aa6a456d6903e6abbaeaf0d7ceacf0f4752773a06257a2ba3256b594.mp4,-5.02587366104126,0.9934769817627966,5.02587366104126,0.039328251921986974,0,1,kling,6.140530109405518
/workspace/data/genbuster-mini/extracted/GenBuster-200K-mini/benchmark/fake/kling/9273aeef77388813688edd5636bcdd98864a8c5599e6858818663d408f0aee43.mp4,-2.658276081085205,0.9345192611217499,2.658276081085205,0.24178893095266463,0,1,kling,5.373921245336533
/workspace/data/genbuster-mini/extracted/GenBuster-200K-mini/benchmark/fake/kling/8bc1d4f7abae565d01cad0d5c15a2a9e3dd79291cc02bbe8649d34ce76a21e6f.mp4,-6.288737773895264,0.9981463400181383,6.288737773895264,0.013512561814338664,0,1,kling,4.749231040477753
/workspace/data/genbuster-mini/extracted/GenBuster-200K-mini/benchmark/fake/kling/8ba59f53a9a615a55bea948b4fdf0677dfe2e4c03128486548e90a5108487237.mp4,-16.377031326293945,0.9999999228127407,16.377031326293945,1.3412834269817912e-06,0,1,kling,4.539087414741516
/workspace/data/genbuster-mini/extracted/GenBuster-200K-mini/benchmark/fake/kling/8a7933d026331caf8e938e0181543fbaf2f8b27d9765171da28bf232827da487.mp4,3.433234214782715,0.9687272310256958,3.433234214782715,0.13913897825877888,1,1,kling,8.430568501353264
/workspace/data/genbuster-mini/extracted/GenBuster-200K-mini/benchmark/fake/kling/8a224925dd9df9c5de90dc1d6cca7b80d9094009d03d18d6f2c62e7a66675fff.mp4,1.3142361640930176,0.7882211208343506,1.3142361640930176,0.5163040354070303,1,1,kling,4.998583346605301
/workspace/data/genbuster-mini/extracted/GenBuster-200K-mini/benchmark/fake/kling/882717030c5ab7e1f37023ebec08f79cd596519d535b69d69536ac23637c163d.mp4,-6.74869966506958,0.9988289697794244,6.74869966506958,0.009074647674305141,0,1,kling,9.757434949278831
/workspace/data/genbuster-mini/extracted/GenBuster-200K-mini/benchmark/fake/kling/87970bcc6fb7ca1b2dd62c6be8fdc071da84e30fb37f96470d10583011ca324c.mp4,-12.619978904724121,0.9999966946963923,12.619978904724121,4.501816892507019e-05,0,1,kling,10.405924171209335
/workspace/data/genbuster-mini/extracted/GenBuster-200K-mini/benchmark/fake/kling/855b0636e547bf45a7352e56b4d78e944f54084774ad06018061fd178ed2e4b2.mp4,-17.517108917236328,0.9999999753159585,17.517108917236328,4.5707508377340494e-07,0,1,kling,5.498722195625305
/workspace/data/genbuster-mini/extracted/GenBuster-200K-mini/benchmark/fake/kling/812ed163084b71ccef7e83da333d721f55089ed924a3a9adaa1096f5ce5a0270.mp4,-13.844947814941406,0.9999990290091318,13.844947814941406,1.4414307225682389e-05,0,1,kling,53.104814141988754
/workspace/data/genbuster-mini/extracted/GenBuster-200K-mini/benchmark/fake/kling/80f55cf3515c115887cf5e3a4eab9006e85d5f9c6a1b352ff3304bc15d70cea9.mp4,-10.361695289611816,0.99996838019797,10.361695289611816,0.0003592550561406212,0,1,kling,11.751025915145874
/workspace/data/genbuster-mini/extracted/GenBuster-200K-mini/benchmark/fake/kling/7f4a26dd9ab9e9a835469f19d60a3a975a175e4bf44d9b5f83a8c3151bbe2747.mp4,-0.23126840591430664,0.5575607717037201,0.23126840591430664,0.6865059807646814,0,1,kling,17.55177229642868
/workspace/data/genbuster-mini/extracted/GenBuster-200K-mini/benchmark/fake/kling/7a09518e2573f77ccd94307bb7a1b48822013a4cdd03101515959ee769d6805e.mp4,-16.92206382751465,0.9999999552450554,16.92206382751465,8.020989768572331e-07,0,1,kling,11.229047551751137
/workspace/data/genbuster-mini/extracted/GenBuster-200K-mini/benchmark/fake/kling/7725e80a420e6d381898ed20d716ba8c36f4245d816ead59580847ee2c5f6393.mp4,-15.155922889709473,0.9999997382623462,15.155922889709473,4.2286113872396565e-06,0,1,kling,8.604608476161957
/workspace/data/genbuster-mini/extracted/GenBuster-200K-mini/benchmark/fake/kling/77174fccae45d7f8fbc37c365634b74a8db30581357715aca82b61156657c03f.mp4,-21.195344924926758,0.9999999993762958,21.195344924926758,1.3841330643570484e-08,0,1,kling,5.959786474704742
/workspace/data/genbuster-mini/extracted/GenBuster-200K-mini/benchmark/fake/kling/73da5939dc1500a1deb172274795a1e1395b7f0fd3e3df733515c54fe6b08c91.mp4,2.1520354747772217,0.8958588242530823,2.1520354747772217,0.3340879375056467,1,1,kling,4.86886128783226
/workspace/data/genbuster-mini/extracted/GenBuster-200K-mini/benchmark/fake/kling/7285e0a205283652cfd8d85379c3e754a9dd9fd6f8ab05bb8feaa177aef53f9d.mp4,-10.852774620056152,0.9999806495325174,10.852774620056152,0.00022935691525606628,0,1,kling,6.296616047620773
/workspace/data/genbuster-mini/extracted/GenBuster-200K-mini/benchmark/fake/kling/6f5c8b1f1513bf238af69bd742b2ca0c8fce95f67e8a59068911c3502c5d139b.mp4,-17.975711822509766,0.9999999843955827,17.975711822509766,2.9610292571243034e-07,0,1,kling,5.970072001218796
/workspace/data/genbuster-mini/extracted/GenBuster-200K-mini/benchmark/fake/kling/6f2bed1594f266c558df49590e0eaf6046e15d5fb5862de12a23b394dc5184cb.mp4,-10.092694282531738,0.9999586209414701,10.092694282531738,0.00045900609908447167,0,1,kling,5.846267566084862
/workspace/data/genbuster-mini/extracted/GenBuster-200K-mini/benchmark/fake/kling/6f04c320f57e9892c74e670cd1a2e3580192fc1d150ff659285baaee2de614ad.mp4,1.0931830406188965,0.7489806413650513,1.0931830406188965,0.563452256132408,1,1,kling,8.851170539855957
/workspace/data/genbuster-mini/extracted/GenBuster-200K-mini/benchmark/fake/kling/6ebbdf57a77769ab5a9cfb682249a9cfb9e389666d1b568bedcaf37c45c521f6.mp4,-12.455185890197754,0.9999961025569064,12.455185890197754,5.24408271076521e-05,0,1,kling,7.265027612447739
/workspace/data/genbuster-mini/extracted/GenBuster-200K-mini/benchmark/fake/kling/6e3e3cdbe478a97d2003abad1c3519ed19d4dff5b33e5bea204f9835720ee4b3.mp4,-24.264881134033203,0.9999999999710335,24.264881134033203,7.298520154294613e-10,0,1,kling,9.310731664299965
/workspace/data/genbuster-mini/extracted/GenBuster-200K-mini/benchmark/fake/kling/6dfefcb3aa87b09511fa6a1c1484d6cbf2c36a990e0d4e7fe33fb05af8416eb3.mp4,-9.946797370910645,0.9999521215577261,9.946797370910645,0.0005241167483623629,0,1,kling,5.011625587940216
/workspace/data/genbuster-mini/extracted/GenBuster-200K-mini/benchmark/fake/kling/68e47a69d1871ddac924f79d157ab34ec65104f5f06c187f5f7f09957a6b6f45.mp4,-7.441370010375977,0.9994138625916094,7.441370010375977,0.0049479745795198826,0,1,kling,7.756548002362251
/workspace/data/genbuster-mini/extracted/GenBuster-200K-mini/benchmark/fake/kling/68cf8954b660d911afcf17d91bab427969c88d7baca4592be8b8b4b356f50418.mp4,-6.197731018066406,0.9979700883850455,6.197731018066406,0.014612820923966962,0,1,kling,7.280489429831505
/workspace/data/genbuster-mini/extracted/GenBuster-200K-mini/benchmark/fake/kling/681e8be49aa651149ae357899665c6f8e53e84b57bf51bc6ae7e507139be5957.mp4,-28.83917236328125,0.9999999999997012,28.83917236328125,7.475431329115496e-12,0,1,kling,7.406741380691528
/workspace/data/genbuster-mini/extracted/GenBuster-200K-mini/benchmark/fake/kling/677556bd0dd4f24367eab7d3ad16dcab271e069c322eb618a371540cb0364c4d.mp4,0.5998735427856445,0.6456273794174194,0.5998735427856445,0.6501115210047461,1,1,kling,10.991403833031654
/workspace/data/genbuster-mini/extracted/GenBuster-200K-mini/benchmark/fake/kling/5c64ff363063d1d24e338f72740393d69ef712f9e17805885ab2d2e08d87bac3.mp4,-8.673705101013184,0.999829004984349,8.673705101013184,0.001654169981215524,0,1,kling,11.089624837040901
/workspace/data/genbuster-mini/extracted/GenBuster-200K-mini/benchmark/fake/kling/5ac0dd0770a8e4f9c8a4c4f5ac8037bfbd43fad7529250ff0f1db7c4d946150e.mp4,-19.803730010986328,0.9999999974918743,19.803730010986328,5.21763704685241e-08,0,1,kling,7.583023980259895
/workspace/data/genbuster-mini/extracted/GenBuster-200K-mini/benchmark/fake/kling/5a68485eb70db8af3611994bad6afa3ce15998e2fb032a57cd2ac1984aa641f1.mp4,-0.7859326004981995,0.6869572997093201,0.7859326004981995,0.6215135853713187,0,1,kling,11.037375777959824
/workspace/data/genbuster-mini/extracted/GenBuster-200K-mini/benchmark/fake/kling/582cfba019c15579dd8e7b890932ce66b73546ae0d3e88a74b38763bb803ea2f.mp4,-25.86723518371582,0.9999999999941656,25.86723518371582,1.5483346953566924e-10,0,1,kling,4.446735605597496
/workspace/data/genbuster-mini/extracted/GenBuster-200K-mini/benchmark/fake/kling/56a1d7d1d2665fab3014199edb78a334de9ff1155cfa0912f381d5cdb3a7a441.mp4,-23.06159782409668,0.9999999999035115,23.06159782409668,2.319671460843432e-09,0,1,kling,12.11768202483654
/workspace/data/genbuster-mini/extracted/GenBuster-200K-mini/benchmark/fake/kling/5509516ca18f8ddba05e9dd1e8b2f21b27ebb7cddd132b461fcec505786dc7e3.mp4,-8.556794166564941,0.9998078023636481,8.556794166564941,0.0018368117157675423,0,1,kling,5.946166813373566
/workspace/data/genbuster-mini/extracted/GenBuster-200K-mini/benchmark/fake/kling/52565c9edeff8f2bae8e81030c00719d1abdcd33f9be01321c56674992a95824.mp4,-15.305733680725098,0.9999997746776614,15.305733680725098,3.674044056414593e-06,0,1,kling,5.35966083407402
/workspace/data/genbuster-mini/extracted/GenBuster-200K-mini/benchmark/fake/kling/4defc0cd7757ef96df3f8a756c58a8eee4b96601976a2da155f870591e16e78a.mp4,-16.068992614746094,0.9999998949671536,16.068992614746094,1.7928028846482427e-06,0,1,kling,11.147934943437576
/workspace/data/genbuster-mini/extracted/GenBuster-200K-mini/benchmark/fake/kling/4af2d0845e85b8d8d64bfd556abed090f365e6478400fefb799552f2224c463b.mp4,3.7230141162872314,0.9764090180397034,3.7230141162872314,0.11170333269587765,1,1,kling,6.67484849691391
/workspace/data/genbuster-mini/extracted/GenBuster-200K-mini/benchmark/fake/kling/490e1e3b07972daebb96295aecb5df18daf36bae962d283f9aa942d1351a0859.mp4,-24.623023986816406,0.9999999999797532,24.623023986816406,5.168083280281063e-10,0,1,kling,5.4788123816251755
/workspace/data/genbuster-mini/extracted/GenBuster-200K-mini/benchmark/fake/kling/46c6ffd6823e1371ae0936fcd8558c18b3828863854b28b8a6e5f548df52439f.mp4,-20.02174949645996,0.9999999979831915,20.02174949645996,4.2394843355397266e-08,0,1,kling,5.4518431425094604
/workspace/data/genbuster-mini/extracted/GenBuster-200K-mini/benchmark/fake/kling/4465ec7d8a5b4f0bf64e8e655cbdc11d2e84dc9a4c32e8048c40182954717896.mp4,-9.918007850646973,0.9999507231950702,9.918007850646973,0.0005380057526186787,0,1,kling,8.14855843782425
/workspace/data/genbuster-mini/extracted/GenBuster-200K-mini/benchmark/fake/kling/442579e352a25f6ea4f5409a1640eaf749ae2f68d15bbc2d4dcc71741a52ef5c.mp4,-20.239835739135742,0.9999999983783728,20.239835739135742,3.4441095009944264e-08,0,1,kling,12.673351913690567
/workspace/data/genbuster-mini/extracted/GenBuster-200K-mini/benchmark/fake/kling/421e748bf0f071652b6303177d19f1366ce55d795887adb375a34ebf31a7fdfb.mp4,-34.26305389404297,0.9999999999999987,34.26305389404297,-9.623549907372033e-13,0,1,kling,9.143386036157608
/workspace/data/genbuster-mini/extracted/GenBuster-200K-mini/benchmark/fake/kling/3b8d2e422c2f2a6c0010b625de3d4e9eede61b03835e4e89491ffaf55e005981.mp4,-13.784643173217773,0.999998968652335,13.784643173217773,1.5248105740646906e-05,0,1,kling,5.3727105259895325
/workspace/data/genbuster-mini/extracted/GenBuster-200K-mini/benchmark/fake/kling/3b6b48d77b5b8e46aaae99fdd0811f9af7e46fe498f2e452b07826801d37df65.mp4,-12.704601287841797,0.9999969628904637,12.704601287841797,4.1622377814888006e-05,0,1,kling,5.027122795581818
/workspace/data/genbuster-mini/extracted/GenBuster-200K-mini/benchmark/fake/kling/386196d692f7005d9280d895eaf161a44ecaef3e95dfa9fe480129559d8093da.mp4,1.1063836812973022,0.7514543533325195,1.1063836812973022,0.5607317264741816,1,1,kling,11.035146191716194
/workspace/data/genbuster-mini/extracted/GenBuster-200K-mini/benchmark/fake/kling/3793ed8de08649b845cbb12232e27d4ea656451600f05bbbbce3b93c5ace9123.mp4,-13.201762199401855,0.999998152660396,13.201762199401855,2.6235477387592607e-05,0,1,kling,5.208889022469521
/workspace/data/genbuster-mini/extracted/GenBuster-200K-mini/benchmark/fake/kling/376c3d96050f590322398cf336381b40886ee35466519613c5fb7858b15ffbb4.mp4,-22.667158126831055,0.9999999998568543,22.667158126831055,3.3858555114573576e-09,0,1,kling,11.257560923695564
/workspace/data/genbuster-mini/extracted/GenBuster-200K-mini/benchmark/fake/kling/30b59bc25d83a8920da3720beae1c92e312d1d42e596c91c471428360f2781cd.mp4,-15.038126945495605,0.9999997055413417,15.038126945495605,4.7225633810804405e-06,0,1,kling,7.126206532120705
/workspace/data/genbuster-mini/extracted/GenBuster-200K-mini/benchmark/fake/kling/2d75c50d05f2432bf0e4a5115578dd7e89ba73ec26e7b5f6b147dcf089007894.mp4,-9.731411933898926,0.9999406151473522,9.731411933898926,0.0006372850806887513,0,1,kling,11.102456599473953
/workspace/data/genbuster-mini/extracted/GenBuster-200K-mini/benchmark/fake/kling/29dc17e9e732fac0730e0cb1bad02557e9c1ca3a2152c7ae59605d7ad27bb9d6.mp4,-7.52651834487915,0.9994616797193885,7.52651834487915,0.004590142718118419,0,1,kling,10.815992951393127
/workspace/data/genbuster-mini/extracted/GenBuster-200K-mini/benchmark/fake/kling/26867aceaf59b2875ae9eaf1a8f28ba51d056979cdef1441ebf91cdf9ca58f57.mp4,-23.20815086364746,0.9999999999166649,23.20815086364746,2.015395529944094e-09,0,1,kling,11.391740292310715
/workspace/data/genbuster-mini/extracted/GenBuster-200K-mini/benchmark/fake/kling/25c1c085dbd1e4068086986d34b077dec95949e36915b5d7d4d19ad0f2484afd.mp4,-10.761609077453613,0.9999788025634189,10.761609077453613,0.0002493161856988869,0,1,kling,10.908832773566246
/workspace/data/genbuster-mini/extracted/GenBuster-200K-mini/benchmark/fake/kling/2258fb6752a2dc804cfe5a003c9895067883b5f0787eef81abdfbe0905799705.mp4,-34.267974853515625,0.9999999999999987,34.267974853515625,-9.625336691618598e-13,0,1,kling,11.511553078889847
/workspace/data/genbuster-mini/extracted/GenBuster-200K-mini/benchmark/fake/kling/2103a4eab9b43a29640b531e7dcc57c4d26e1e2a78a50270c130e311d1cff2b4.mp4,-13.007170677185059,0.9999977558259161,13.007170677185059,3.143453010775986e-05,0,1,kling,10.046500712633133
/workspace/data/genbuster-mini/extracted/GenBuster-200K-mini/benchmark/fake/kling/1c014f2de333788954c09cd01c676ead4bc1fb23c314eb416da2fd0891712a32.mp4,-20.872854232788086,0.9999999991389377,20.872854232788086,1.8831890371733218e-08,0,1,kling,5.195276811718941
/workspace/data/genbuster-mini/extracted/GenBuster-200K-mini/benchmark/fake/kling/1473910a232fca46d4d280e8d052d31256185ae81beefb244954266e2ca79481.mp4,-26.24951934814453,0.9999999999960191,26.24951934814453,1.0658488814417085e-10,0,1,kling,11.935068294405937
/workspace/data/genbuster-mini/extracted/GenBuster-200K-mini/benchmark/fake/kling/12bd77a25dedcff44bfd8ab7a0a826efdd5b438fd49d119191b6cdc514d1b2d8.mp4,-14.147143363952637,0.9999992822496893,14.147143363952637,1.0871865116298538e-05,0,1,kling,13.837166130542755
/workspace/data/genbuster-mini/extracted/GenBuster-200K-mini/benchmark/fake/kling/123faf7a5c57347f54363675e34521ec239203e1ed66d9ba5203ffc77ff864f0.mp4,-13.637965202331543,0.9999988057192013,13.637965202331543,1.7481839485448222e-05,0,1,kling,6.520766764879227
/workspace/data/genbuster-mini/extracted/GenBuster-200K-mini/benchmark/fake/kling/0adfdbe21a8444c57d126ff48106ca02f7ab3446e93b426a4659c668862bfc1b.mp4,-13.306571006774902,0.9999983364765512,13.306571006774902,2.379931568375049e-05,0,1,kling,11.350380256772041
/workspace/data/genbuster-mini/extracted/GenBuster-200K-mini/benchmark/fake/kling/0574cabd7ac17633d8b5683f9c66669e0fe4a9fa2485e19e34b9cb919fb8dcca.mp4,-4.9876179695129395,0.9932243274524808,4.9876179695129395,0.04059319742868455,0,1,kling,5.135117098689079
/workspace/data/genbuster-mini/extracted/GenBuster-200K-mini/benchmark/fake/kling/0321de872050fd8e3f4295c89cf9cf08050c0c250b80a5ed89881228ab40d66e.mp4,-33.92366409301758,0.9999999999999981,33.92366409301758,-9.469802794232128e-13,0,1,kling,6.350025534629822
/workspace/data/genbuster-mini/extracted/GenBuster-200K-mini/benchmark/fake/kling/01eb670602034bcde36476278a76bffc3c8d4084c8a8c2cdaf562990f7c206f8.mp4,-4.661245822906494,0.9906338779255748,4.661245822906494,0.05306805789040852,0,1,kling,8.735168725252151
/workspace/data/genbuster-mini/extracted/GenBuster-200K-mini/benchmark/fake/jimeng/fce378942ec239a253d8e870cf8b03a11471095f97869edf5dcf98def35da5c9.mp4,-5.132899284362793,0.9941351669840515,5.132899284362793,0.03598569520605746,0,1,jimeng,8.640347048640251
/workspace/data/genbuster-mini/extracted/GenBuster-200K-mini/benchmark/fake/jimeng/fc10188324eb6ac8a2b7d7951e134692f7761d1b8e29708cb96f80f4d93a6ddd.mp4,-1.5808569192886353,0.8293258398771286,1.5808569192886353,0.4569535708545891,0,1,jimeng,11.284111067652702
/workspace/data/genbuster-mini/extracted/GenBuster-200K-mini/benchmark/fake/jimeng/f8682a4945be00a5ea562211601a8ab2bd786cdae4f35e553e23dfc9f25ddd44.mp4,16.12392234802246,0.9999998807907104,16.12392234802246,2.0196876902912675e-06,1,1,jimeng,12.521697208285332
/workspace/data/genbuster-mini/extracted/GenBuster-200K-mini/benchmark/fake/jimeng/f4367f492582b945275fcdcfe8e160d090e28e26a237df80443cb99f97910389.mp4,-19.94928550720215,0.9999999978316201,19.94928550720215,4.542401033071971e-08,0,1,jimeng,8.068129420280457
/workspace/data/genbuster-mini/extracted/GenBuster-200K-mini/benchmark/fake/jimeng/ef3e7ee3a2dbf3676c5cd3e44f5480f4784a4091bbc9c003c8015d1092ba6f56.mp4,-11.421961784362793,0.999989047827512,11.421961784362793,0.00013604752590292123,0,1,jimeng,11.721646413207054
/workspace/data/genbuster-mini/extracted/GenBuster-200K-mini/benchmark/fake/jimeng/ed80a27f9d09e910b8f59af2b7b15302ba13da62ce80783e8c9025f76252cf7b.mp4,-1.5634195804595947,0.8268434852361679,1.5634195804595947,0.46085613415538673,0,1,jimeng,10.901963338255882
/workspace/data/genbuster-mini/extracted/GenBuster-200K-mini/benchmark/fake/jimeng/ecc34eacb57a18e93e43777827a89092754bc78e7bdecf1cadc65e89d24754a0.mp4,-5.592530250549316,0.9962882392574102,5.592530250549316,0.024476800669588388,0,1,jimeng,11.213047429919243
/workspace/data/genbuster-mini/extracted/GenBuster-200K-mini/benchmark/fake/jimeng/ebb35a2aa0fb045677182390fafcb37a9a7c517adfceecb5b5ca6159ba3362d5.mp4,-22.566911697387695,0.9999999998417606,22.566911697387695,3.727218274934399e-09,0,1,jimeng,11.028286069631577
/workspace/data/genbuster-mini/extracted/GenBuster-200K-mini/benchmark/fake/jimeng/e339b4ffa53eaf0a766e40b1ee4db7680461926312524ecb3f7e0d83da77e132.mp4,-5.243187427520752,0.9947443776763976,5.243187427520752,0.03282569430018963,0,1,jimeng,11.013053357601166
/workspace/data/genbuster-mini/extracted/GenBuster-200K-mini/benchmark/fake/jimeng/e161eddc32dcbc0d4ef22ef9f3792f96add17c0f04b733c4400655364ef21fd8.mp4,-9.158693313598633,0.9998947106942069,9.158693313598633,0.0010696073180597137,0,1,jimeng,11.360369622707367
/workspace/data/genbuster-mini/extracted/GenBuster-200K-mini/benchmark/fake/jimeng/dee27a904b8ff34c27ed713ff9591e0a1275f2bc78636e459bdb9c50cd0d74ff.mp4,3.0342166423797607,0.9540961384773254,3.0342166423797607,0.1862730327980921,1,1,jimeng,10.785199701786041
/workspace/data/genbuster-mini/extracted/GenBuster-200K-mini/benchmark/fake/jimeng/ddf016159d891a86812efc66e2f88a61303ffeb2b4f73dcb22f865ac24a315ae.mp4,-21.083782196044922,0.9999999993026838,21.083782196044922,1.539737877422384e-08,0,1,jimeng,6.130252033472061
/workspace/data/genbuster-mini/extracted/GenBuster-200K-mini/benchmark/fake/jimeng/dde1590b9b638b590ed371191113823aafc0d00c91af2262f63f6cd47bafef18.mp4,-0.7521858811378479,0.6796548068523407,0.7521858811378479,0.6271293806823255,0,1,jimeng,11.853938922286034
/workspace/data/genbuster-mini/extracted/GenBuster-200K-mini/benchmark/fake/jimeng/db40a73c2ae8b32fb7b6efb7bdcdd76e7ece3492bd6569d5249d8a944c030291.mp4,-10.80713939666748,0.9999797460277478,10.80713939666748,0.00023914167626994318,0,1,jimeng,11.140706017613411
/workspace/data/genbuster-mini/extracted/GenBuster-200K-mini/benchmark/fake/jimeng/db2826b78b14bdfae8d42666ea66dbecdc82c20aaea7f91c1605d314025e710f.mp4,-22.052961349487305,0.9999999997354422,22.052961349487305,6.096843092124682e-09,0,1,jimeng,5.818907171487808
/workspace/data/genbuster-mini/extracted/GenBuster-200K-mini/benchmark/fake/jimeng/d6997c3d41832338cf4d47bbb09c83bde672e688860c77f0b9bdb895cd322aa3.mp4,-9.41312026977539,0.9999183608742896,9.41312026977539,0.0008501213667782479,0,1,jimeng,10.131360962986946
/workspace/data/genbuster-mini/extracted/GenBuster-200K-mini/benchmark/fake/jimeng/d5ed995d984e479271cbde193fdeae945d160c6b1505abe33fed74aa23829568.mp4,-27.27686882019043,0.999999999998575,27.27686882019043,3.85361592548373e-11,0,1,jimeng,6.1605144292116165
/workspace/data/genbuster-mini/extracted/GenBuster-200K-mini/benchmark/fake/jimeng/d417a2292957a48a58941e6b5f952d4976cc8ca9610033f0380ac9b24db39aa0.mp4,2.820136308670044,0.943754255771637,2.820136308670044,0.21651008508080027,1,1,jimeng,8.625710383057594
/workspace/data/genbuster-mini/extracted/GenBuster-200K-mini/benchmark/fake/jimeng/d0168a0ae79561aa6aab9fb5fa046776488d0ac9563852439bb1e528ba015c39.mp4,-6.363822937011719,0.9982801947044209,6.363822937011719,0.012665822195411052,0,1,jimeng,5.875255912542343
/workspace/data/genbuster-mini/extracted/GenBuster-200K-mini/benchmark/fake/jimeng/ce459d0b85154a82cc6f17063d5e0aea6521ed3d0261779a56249b9409ea02fc.mp4,-6.7595086097717285,0.9988415446132421,6.7595086097717285,0.00898971605937494,0,1,jimeng,8.33178497850895
/workspace/data/genbuster-mini/extracted/GenBuster-200K-mini/benchmark/fake/jimeng/cd520cbe914c3815c0d4d854a373ab27ab6c98870ded1a380ba6ce1b5d08fae4.mp4,-3.9430301189422607,0.980979423969984,3.9430301189422607,0.0942024987980698,0,1,jimeng,8.884122595191002
/workspace/data/genbuster-mini/extracted/GenBuster-200K-mini/benchmark/fake/jimeng/c8e6c4ce3f492defae8075de1d64f4c0e10cf8afae9a3e18f68336e00a3e7707.mp4,-10.82519817352295,0.9999801084995852,10.82519817352295,0.0002352211295577217,0,1,jimeng,11.123588308691978
/workspace/data/genbuster-mini/extracted/GenBuster-200K-mini/benchmark/fake/jimeng/c3b6e3d062d81c50c45b85691d678152bf229accc2486c0a86151113750ca589.mp4,-16.861406326293945,0.9999999524463057,16.861406326293945,8.493738568829185e-07,0,1,jimeng,7.2295572608709335
/workspace/data/genbuster-mini/extracted/GenBuster-200K-mini/benchmark/fake/jimeng/c3779bb4c5a0a7ff3eadb4c7219809a3bcf3d07c38cb048f0b38a8b9de3e58e3.mp4,-8.075041770935059,0.9996888865716755,8.075041770935059,0.0028234157794759206,0,1,jimeng,11.646794155240059
/workspace/data/genbuster-mini/extracted/GenBuster-200K-mini/benchmark/fake/jimeng/c2b1003797a0e97523360fec1be3d2405ea1cd1ec30ab7c36c919605b9686daf.mp4,-24.502159118652344,0.999999999977152,24.502159118652344,5.806937022782659e-10,0,1,jimeng,11.186175048351288
/workspace/data/genbuster-mini/extracted/GenBuster-200K-mini/benchmark/fake/jimeng/be894cc6ae5ad5463f6034616f75136c7a4227b6eac768311cc9996f15c2ef29.mp4,-27.797260284423828,0.9999999999991531,27.797260284423828,2.2726422451431542e-11,0,1,jimeng,10.957663878798485
/workspace/data/genbuster-mini/extracted/GenBuster-200K-mini/benchmark/fake/jimeng/bbc1483fdb48682c41a3ada5558ab6c5f8d7106ab43fd99f0cf2924697dbf519.mp4,-8.878976821899414,0.9998607328016078,8.878976821899414,0.0013758271327804546,0,1,jimeng,8.641798049211502
/workspace/data/genbuster-mini/extracted/GenBuster-200K-mini/benchmark/fake/jimeng/bb9101eabe0e0319927ed5fdd102fe19903f2c112f08a91db7826c2fa27a6f47.mp4,-26.916339874267578,0.9999999999979564,26.916339874267578,5.5234080525014717e-11,0,1,jimeng,11.24737598001957
/workspace/data/genbuster-mini/extracted/GenBuster-200K-mini/benchmark/fake/jimeng/b62ef8a07156b9b49ef7efa6ec95fbff4549f92a3d8adb315eda3d8be41ea206.mp4,-24.339569091796875,0.9999999999731182,24.339569091796875,6.791930528550147e-10,0,1,jimeng,11.302938684821129
/workspace/data/genbuster-mini/extracted/GenBuster-200K-mini/benchmark/fake/jimeng/b36f5b0392f05a7488ac2ab5e4395e34570d366969988c793df2e0e2e75e82d4.mp4,-20.163440704345703,0.9999999982496337,20.163440704345703,3.704177372497124e-08,0,1,jimeng,5.366088822484016
/workspace/data/genbuster-mini/extracted/GenBuster-200K-mini/benchmark/fake/jimeng/b1f26350f01d8949d93de6c7257d7a8a04e112e2359a626e50deeca2e1385cab.mp4,4.737307548522949,0.9913138747215271,4.737307548522949,0.049872887766732585,1,1,jimeng,11.94784790277481
/workspace/data/genbuster-mini/extracted/GenBuster-200K-mini/benchmark/fake/jimeng/aad70c907166b2e9d8e762140c833143ecd080a81b0fd14c96d4e242e77b3af5.mp4,0.000484708696603775,0.5001211166381836,0.000484708696603775,0.693147151219465,1,1,jimeng,11.79276593029499
/workspace/data/genbuster-mini/extracted/GenBuster-200K-mini/benchmark/fake/jimeng/a8253b57e643cd2dfa657564564b6b1e38273d115817522b820092ae5d889ec9.mp4,-32.04325485229492,0.9999999999999879,32.04325485229492,-6.529120641910897e-13,0,1,jimeng,11.476119980216026
/workspace/data/genbuster-mini/extracted/GenBuster-200K-mini/benchmark/fake/jimeng/a76c42ed486f31b217b2e8ab54c29bd8f2f91c5fc1299d196a53e039099cff67.mp4,-8.652037620544434,0.9998252601799322,8.652037620544434,0.001686610593873259,0,1,jimeng,11.672155931591988
/workspace/data/genbuster-mini/extracted/GenBuster-200K-mini/benchmark/fake/jimeng/a2305b8eab3bf8afc7c149f0aefde113b003111f070148ddbf5cbfbf5ae255e5.mp4,-19.61568260192871,0.999999996972966,19.61568260192871,6.240237142270262e-08,0,1,jimeng,13.092536479234695
/workspace/data/genbuster-mini/extracted/GenBuster-200K-mini/benchmark/fake/jimeng/9e8d07d1b75768730021968b9645fb8b3885932e851009a51f16b1eb44a26859.mp4,-17.156225204467773,0.9999999645883619,17.156225204467773,6.429396788046067e-07,0,1,jimeng,10.769080370664597
/workspace/data/genbuster-mini/extracted/GenBuster-200K-mini/benchmark/fake/jimeng/933df887f4326633d29253712fe4cff06982d09e604207888bf86d8b84e44897.mp4,-7.107417106628418,0.9991816626279615,7.107417106628418,0.006634937503251316,0,1,jimeng,11.279687285423279
/workspace/data/genbuster-mini/extracted/GenBuster-200K-mini/benchmark/fake/jimeng/8d499c58ab6c201db0a3852ae26c7cfa0a27c8121275a28fab4dd9f6c3483490.mp4,-17.24334144592285,0.9999999675427311,17.24334144592285,5.921270370050322e-07,0,1,jimeng,13.482959941029549
/workspace/data/genbuster-mini/extracted/GenBuster-200K-mini/benchmark/fake/jimeng/84c416ae9f5aedaff7dc443846d87070e5e26ce83afd092a28c02718db64baa6.mp4,-31.884435653686523,0.9999999999999858,31.884435653686523,-5.932868876016879e-13,0,1,jimeng,8.938413113355637
/workspace/data/genbuster-mini/extracted/GenBuster-200K-mini/benchmark/fake/jimeng/83a08841426157d7a1fd7745fbe1f4c8181ffe8a10f0b8d7e48e301365da8863.mp4,-21.264400482177734,0.9999999994179126,21.264400482177734,1.2957827422524542e-08,0,1,jimeng,5.421821027994156
/workspace/data/genbuster-mini/extracted/GenBuster-200K-mini/benchmark/fake/jimeng/808733f341991ceaf2d8b7bfc829146cfcc5bb4d59edf26362d1befb83f6d279.mp4,-5.7835259437561035,0.9969316001515836,5.7835259437561035,0.020819287210768367,0,1,jimeng,5.6131016463041306
/workspace/data/genbuster-mini/extracted/GenBuster-200K-mini/benchmark/fake/jimeng/7f5f6e571cf44771b7b06bf62d92b2eb2f96299566bd18903f50f77792bdd82c.mp4,-28.276491165161133,0.9999999999994755,28.276491165161133,1.3793429191286892e-11,0,1,jimeng,8.68833065032959
/workspace/data/genbuster-mini/extracted/GenBuster-200K-mini/benchmark/fake/jimeng/7da01570fb1443e7e492a148d5172a0b4e229a6ef35fef3f8da357494afa9edd.mp4,-9.085685729980469,0.9998867371177766,9.085685729980469,0.001142340253418247,0,1,jimeng,7.500885054469109
/workspace/data/genbuster-mini/extracted/GenBuster-200K-mini/benchmark/fake/jimeng/7d5485a901c41e071dd3bdf74bda6c132b9578c547a2b9ed775513f904ed8865.mp4,-14.603976249694824,0.999999545458536,14.603976249694824,7.092652309394269e-06,0,1,jimeng,11.574594303965569
/workspace/data/genbuster-mini/extracted/GenBuster-200K-mini/benchmark/fake/jimeng/782aa746a857e94de5900a3fce574c83475a3f2e1b85e2d66a47007a5f0fc645.mp4,-6.331529140472412,0.9982238493394107,6.331529140472412,0.013023479436553454,0,1,jimeng,11.432360857725143
/workspace/data/genbuster-mini/extracted/GenBuster-200K-mini/benchmark/fake/jimeng/73f0686a649a63cbcae8a00ba5aa8dc35f5f20637c81eb1ad3cd8cefe76a181a.mp4,-18.26852798461914,0.9999999883566195,18.26852798461914,2.2434880303156068e-07,0,1,jimeng,9.505780413746834
/workspace/data/genbuster-mini/extracted/GenBuster-200K-mini/benchmark/fake/jimeng/6fba842c43435900b415124fb6023dfc232b14cd8ad5183f7cf7fa83e1f12c27.mp4,-25.406898498535156,0.9999999999907546,25.406898498535156,2.4219199052815626e-10,0,1,jimeng,9.78865660727024
/workspace/data/genbuster-mini/extracted/GenBuster-200K-mini/benchmark/fake/jimeng/6ed3ec0a9a7025c02852e643d522229857c815ea994dd7c06fa1016c233ebf1d.mp4,-20.31563377380371,0.9999999984967461,20.31563377380371,3.204080909205338e-08,0,1,jimeng,8.548729121685028
/workspace/data/genbuster-mini/extracted/GenBuster-200K-mini/benchmark/fake/jimeng/6df5ce71b7cb02689c018173374662a6c051091431bce60e5621cccc3204261a.mp4,-6.039130687713623,0.9976220380049199,6.039130687713623,0.016741617048876358,0,1,jimeng,5.217887461185455
/workspace/data/genbuster-mini/extracted/GenBuster-200K-mini/benchmark/fake/jimeng/6c4224b0310f46574a904ed30bb267d6cc53ceece91f1b9378b9ba3a9701b100.mp4,-13.914530754089355,0.9999990942764043,13.914530754089355,1.350844083234776e-05,0,1,jimeng,36.97653114795685
/workspace/data/genbuster-mini/extracted/GenBuster-200K-mini/benchmark/fake/jimeng/6c102dbf66f88aa414fc92badfae6df0c324f8c66a7a1f6d182bbb3d7af5640f.mp4,-11.185257911682129,0.9999861229161979,11.185257911682129,0.0001690959386010602,0,1,jimeng,5.684256553649902
/workspace/data/genbuster-mini/extracted/GenBuster-200K-mini/benchmark/fake/jimeng/69ea5150d83ac0d3881a1acdcd748585e688eda94ecdbdf82f00629244f4eefb.mp4,-9.778081893920898,0.9999433228003909,9.778081893920898,0.0006108731019095571,0,1,jimeng,9.010473266243935
/workspace/data/genbuster-mini/extracted/GenBuster-200K-mini/benchmark/fake/jimeng/63f0dcd110e9d12d33ab0c4d95a62a3c1d9fa65d83ef87ca7fc94744e0a0e37f.mp4,-8.525714874267578,0.999801736412337,8.525714874267578,0.0018886220616952173,0,1,jimeng,6.565039977431297
/workspace/data/genbuster-mini/extracted/GenBuster-200K-mini/benchmark/fake/jimeng/604c10488f9e45532923a1b18c53a4fc9406f584e86a52e272fad4769e28afb7.mp4,-20.593894958496094,0.9999999988618878,20.593894958496094,2.457427488319363e-08,0,1,jimeng,7.275408133864403
/workspace/data/genbuster-mini/extracted/GenBuster-200K-mini/benchmark/fake/jimeng/5da8020828498ef51f91e9ddf1fe1eb673f89c7435c824c321ea230deb563a0d.mp4,9.5296049118042,0.999927282333374,9.5296049118042,0.0007656362990356655,1,1,jimeng,6.377827376127243
/workspace/data/genbuster-mini/extracted/GenBuster-200K-mini/benchmark/fake/jimeng/5b9e0e8a4527d8342bf840b1b4d4fe79548e64d1f456f4ba76be78295f9b8e59.mp4,-28.575218200683594,0.999999999999611,28.575218200683594,1.0009359411293522e-11,0,1,jimeng,5.498453974723816
/workspace/data/genbuster-mini/extracted/GenBuster-200K-mini/benchmark/fake/jimeng/59f436115d102a28289ebaf2341da61d8b87d53ee52695da380f6c518fd31485.mp4,-21.545026779174805,0.9999999995603432,21.545026779174805,9.910074489572695e-09,0,1,jimeng,7.415829226374626
/workspace/data/genbuster-mini/extracted/GenBuster-200K-mini/benchmark/fake/jimeng/57c23c2182aa3a073946df6de6b65318e5ecd88fc60f25c19dada689d7b240f9.mp4,-19.857166290283203,0.999999997622381,19.857166290283203,4.9588394852605485e-08,0,1,jimeng,11.460479348897934
/workspace/data/genbuster-mini/extracted/GenBuster-200K-mini/benchmark/fake/jimeng/5505fb0e524c8b2107c5605c7b45a4bda4c6de1c9df7ee3c7742b671a84516ff.mp4,2.21529483795166,0.9016146063804626,2.21529483795166,0.3215207676311215,1,1,jimeng,6.570808589458466
/workspace/data/genbuster-mini/extracted/GenBuster-200K-mini/benchmark/fake/jimeng/50b03734f16a8822bae9f18e6959afd158d6b2f34d1177f4c0b326ba5ea7c8d9.mp4,-16.140352249145508,0.9999999022010897,16.140352249145508,1.6763057823839437e-06,0,1,jimeng,10.955125093460083
/workspace/data/genbuster-mini/extracted/GenBuster-200K-mini/benchmark/fake/jimeng/5055f97b7f753de0bf550a8774b54eea6f68eef9c47c34737e164292bad3fdb6.mp4,-15.273972511291504,0.9999997674063223,15.273972511291504,3.7852211515113694e-06,0,1,jimeng,5.118926987051964
/workspace/data/genbuster-mini/extracted/GenBuster-200K-mini/benchmark/fake/jimeng/4f761c6b877a73283c8fede71f05c281660f3978b7d3ccf33bfa4348090b63f8.mp4,-21.05362892150879,0.9999999992813373,21.05362892150879,1.5847122068850897e-08,0,1,jimeng,5.916951224207878
/workspace/data/genbuster-mini/extracted/GenBuster-200K-mini/benchmark/fake/jimeng/4dc0d19e88692db6450f218b757fd8980e76eaff7e3d6bd44ea4fe0f1f02d851.mp4,7.57607364654541,0.9994876384735107,7.57607364654541,0.004394127141888531,1,1,jimeng,7.8343357890844345
/workspace/data/genbuster-mini/extracted/GenBuster-200K-mini/benchmark/fake/jimeng/4b819771b29f71dfd0b0cf3fb23bd185eaa36bcce201eadcda400a4a2215f6f5.mp4,-5.705531597137451,0.9966835272498429,5.705531597137451,0.022244224181890065,0,1,jimeng,5.964070558547974
/workspace/data/genbuster-mini/extracted/GenBuster-200K-mini/benchmark/fake/jimeng/452b4a1c376e0826db86a7756a1b88838b4e5738a7ac5d8375ea85a15b051dd1.mp4,-24.8862247467041,0.9999999999844386,24.8862247467041,4.0085788582573614e-10,0,1,jimeng,7.5286515057086945
/workspace/data/genbuster-mini/extracted/GenBuster-200K-mini/benchmark/fake/jimeng/445eee940d98351e5106a7f69b086d92088f9de88b1daa8fdd7828a03b72e300.mp4,3.838080883026123,0.9789190292358398,3.838080883026123,0.10221676092196141,1,1,jimeng,6.379006430506706
/workspace/data/genbuster-mini/extracted/GenBuster-200K-mini/benchmark/fake/jimeng/434f3579b481a85d03a538a46633cb00e2462f1163db6a51e47c8aa4314621f0.mp4,-8.44739055633545,0.9997855866677128,8.44739055633545,0.0020256694685362184,0,1,jimeng,8.646078407764435
/workspace/data/genbuster-mini/extracted/GenBuster-200K-mini/benchmark/fake/jimeng/4216bfb0057645623ebb50f4e5deeee14b110d3109fc0a03bc953cd4730befa4.mp4,-11.026578903198242,0.9999837366303836,11.026578903198242,0.0001955928293949779,0,1,jimeng,32.6266773045063
/workspace/data/genbuster-mini/extracted/GenBuster-200K-mini/benchmark/fake/jimeng/41a2030fe918c12d950ab9158767ddad585562d06dbda6515552855a6b62bb61.mp4,-10.770743370056152,0.9999789953017171,10.770743370056152,0.0002472411325488766,0,1,jimeng,11.098356917500496
/workspace/data/genbuster-mini/extracted/GenBuster-200K-mini/benchmark/fake/jimeng/3cf462914b5394549ed94ba0cf064787c68265c024d2f78c2e2a05cead1cba9c.mp4,-13.181666374206543,0.99999811516102,13.181666374206543,2.6730157177803145e-05,0,1,jimeng,11.496741324663162
/workspace/data/genbuster-mini/extracted/GenBuster-200K-mini/benchmark/fake/jimeng/3b5bafb9ecb9d7ee75dc701ae608feaae777a22e3d2d9ef5918ba8e2c633e1bd.mp4,-4.919439315795898,0.9927497263997793,4.919439315795898,0.04294396609197826,0,1,jimeng,9.350109845399857
/workspace/data/genbuster-mini/extracted/GenBuster-200K-mini/benchmark/fake/jimeng/3a0adec6c932adc6d5a28dba6944259c9dd1b405e46497bfd461746eeb522be6.mp4,-26.960603713989258,0.9999999999980449,26.960603713989258,5.285691118144756e-11,0,1,jimeng,11.214477941393852
/workspace/data/genbuster-mini/extracted/GenBuster-200K-mini/benchmark/fake/jimeng/39fba3880c6d0abe6ddfa840dba94203f257f0f38ab82202c4c4681588f7864a.mp4,0.4469352066516876,0.6099103093147278,0.4469352066516876,0.6687881896825,1,1,jimeng,8.985914289951324
/workspace/data/genbuster-mini/extracted/GenBuster-200K-mini/benchmark/fake/jimeng/383b92918261cf60c6ded74ba534d200bfe5c8d4f84c6e35990236a886070447.mp4,-20.165254592895508,0.9999999982528056,20.165254592895508,3.697781428724552e-08,0,1,jimeng,11.103397235274315
/workspace/data/genbuster-mini/extracted/GenBuster-200K-mini/benchmark/fake/jimeng/38227620d46dfe75c8d484e1e528a562c0a071acd5cd9923a2db6e6a7993a449.mp4,-30.812410354614258,0.9999999999999585,30.812410354614258,1.8720259204688352e-13,0,1,jimeng,11.143067851662636
/workspace/data/genbuster-mini/extracted/GenBuster-200K-mini/benchmark/fake/jimeng/381380836cc0ef2d776e6edb4230823aa2b5bd94f7dfec64afcdf01dcf191a11.mp4,-25.183334350585938,0.9999999999884385,25.183334350585938,3.007613886935008e-10,0,1,jimeng,11.12506352365017
/workspace/data/genbuster-mini/extracted/GenBuster-200K-mini/benchmark/fake/jimeng/37bfe42a7a39843efef79a71e42c6a1dcf92d62340fca3a796e6212049ba186a.mp4,-16.719568252563477,0.999999945199594,16.719568252563477,9.710375317583778e-07,0,1,jimeng,11.52438297867775
/workspace/data/genbuster-mini/extracted/GenBuster-200K-mini/benchmark/fake/jimeng/3787acd350a92c3dcbee1eb1e85b0165f11e89c7c535906be53934851070c164.mp4,-30.53253746032715,0.999999999999945,30.53253746032715,5.700840546191359e-13,0,1,jimeng,5.653794854879379
/workspace/data/genbuster-mini/extracted/GenBuster-200K-mini/benchmark/fake/jimeng/33b0718ff78e35349b176a5cd8990723c080c74716482acacf606885aab6db06.mp4,-24.35431480407715,0.9999999999735116,24.35431480407715,6.696132962387033e-10,0,1,jimeng,11.064574122428894
/workspace/data/genbuster-mini/extracted/GenBuster-200K-mini/benchmark/fake/jimeng/32089f1eb79294de177d99ba2173687612b8c8f8807a8c44636b26587f36c194.mp4,-11.725518226623535,0.9999919152123766,11.725518226623535,0.00010288314311811692,0,1,jimeng,11.017883196473122
/workspace/data/genbuster-mini/extracted/GenBuster-200K-mini/benchmark/fake/jimeng/3014aa683fb320cfb2fcc87a9d1b9cd3a3efd8a156e9c85ac241c8ca0196e02c.mp4,-17.092924118041992,0.9999999622742983,17.092924118041992,6.825662613340406e-07,0,1,jimeng,11.009655892848969
/workspace/data/genbuster-mini/extracted/GenBuster-200K-mini/benchmark/fake/jimeng/2f06ed93437c1240fdb4d5bc599b0f8ce8d6781d26583b69e0e75017014788e3.mp4,-10.931617736816406,0.9999821165638423,10.931617736816406,0.0002133784820980407,0,1,jimeng,10.763971135020256
/workspace/data/genbuster-mini/extracted/GenBuster-200K-mini/benchmark/fake/jimeng/2b110b3e51a2e0e695cef692740cf6526ffe1dcbaf3df22b5004b0e278e5ae89.mp4,-9.311720848083496,0.9999096492465469,9.311720848083496,0.0009316758277865401,0,1,jimeng,12.3516246676445
/workspace/data/genbuster-mini/extracted/GenBuster-200K-mini/benchmark/fake/jimeng/297a80e2c76011e5454b83cda6fec8343c28d43e37d8ba7e962454c12b72dca1.mp4,6.192816734313965,0.997960090637207,6.192816734313965,0.014674759645913174,1,1,jimeng,8.5501279681921
/workspace/data/genbuster-mini/extracted/GenBuster-200K-mini/benchmark/fake/jimeng/259ffcdc34b8683ce9086ec6bfc6a22749dba4ddc460f6e89713a76a00aa6713.mp4,-5.806489944458008,0.9970010512042791,5.806489944458008,0.020416820839816118,0,1,jimeng,38.36708515882492
/workspace/data/genbuster-mini/extracted/GenBuster-200K-mini/benchmark/fake/jimeng/24b095caaef3dd37dfcf2965c43e89315254e6debd1463e6ab5925a973e9f1c7.mp4,-20.010915756225586,0.9999999979612231,20.010915756225586,4.28345704817939e-08,0,1,jimeng,11.021966114640236
/workspace/data/genbuster-mini/extracted/GenBuster-200K-mini/benchmark/fake/jimeng/21477cbb4c7effe8fcfeff9b2f3eb17d1a032cccc980dd6404a446678dc8f5ef.mp4,-12.499144554138184,0.9999962701715503,12.499144554138184,5.034949848455198e-05,0,1,jimeng,9.678954258561134
/workspace/data/genbuster-mini/extracted/GenBuster-200K-mini/benchmark/fake/jimeng/1f330209594ff388a72fd1aea7ff4e0fc3f9f536f56d6a8f3c1c66f6a7176659.mp4,-6.334481716156006,0.9982290766201913,6.334481716156006,0.012990375043009079,0,1,jimeng,11.02345623075962
/workspace/data/genbuster-mini/extracted/GenBuster-200K-mini/benchmark/fake/jimeng/1989261166affba5ae66c5692020ab29f953b7299d88151c27e2743a33dbda21.mp4,-24.23151969909668,0.9999999999700508,24.23151969909668,7.536792820989718e-10,0,1,jimeng,8.935777470469475
/workspace/data/genbuster-mini/extracted/GenBuster-200K-mini/benchmark/fake/jimeng/1851bb941f27051768d5c84ff70c1338159e7c697765871909004a7dd518d6d4.mp4,-25.147621154785156,0.999999999988018,25.147621154785156,3.113386445208747e-10,0,1,jimeng,11.096715927124023
/workspace/data/genbuster-mini/extracted/GenBuster-200K-mini/benchmark/fake/jimeng/184cf1fa59774a9aa6c40cef001b863170c3bc6816debc074f5620c9f086d4d1.mp4,-16.751813888549805,0.9999999469384875,16.751813888549805,9.419360984773079e-07,0,1,jimeng,8.629348129034042
/workspace/data/genbuster-mini/extracted/GenBuster-200K-mini/benchmark/fake/jimeng/151c525ee54aed1d70e9f6bed2c0bf94c3592bfcc31e0e35c3895b344aea0013.mp4,-24.076101303100586,0.999999999965015,24.076101303100586,8.753018242899053e-10,0,1,jimeng,8.569516241550446
/workspace/data/genbuster-mini/extracted/GenBuster-200K-mini/benchmark/fake/jimeng/147eac2f8b0030d89b12b40f242ba4a6980e72d3df29b8ad5cd77a2a55af5755.mp4,-14.119013786315918,0.9999992617730413,14.119013786315918,1.1161261840354138e-05,0,1,jimeng,5.967870354652405
/workspace/data/genbuster-mini/extracted/GenBuster-200K-mini/benchmark/fake/jimeng/140c3558f9b8cb285269dfe4c9e7a8c1413dff79a03862da1d358611949cff9b.mp4,-20.72237205505371,0.9999999989991059,20.72237205505371,2.173979556978046e-08,0,1,jimeng,10.952794924378395
/workspace/data/genbuster-mini/extracted/GenBuster-200K-mini/benchmark/fake/jimeng/0c23e6f308b303d2de8782bca3c9ad6ffe6bfc8dc6a001beaa5fe2b6b948f1c7.mp4,2.908109426498413,0.9482458829879761,2.908109426498413,0.20364809778797746,1,1,jimeng,50.92822387814522
/workspace/data/genbuster-mini/extracted/GenBuster-200K-mini/benchmark/fake/jimeng/097122128c7b74f67a1344721c344605922092dccc662c2df90fb42a865e78c6.mp4,-7.291125774383545,0.9993189038941637,7.291125774383545,0.00564728555086018,0,1,jimeng,11.000994592905045
/workspace/data/genbuster-mini/extracted/GenBuster-200K-mini/benchmark/fake/jimeng/05823f2de0628aebc4a4485007c6ef8e54dbcec4aa530b986bbba980c5d44574.mp4,-17.619876861572266,0.9999999777266915,17.619876861572266,4.14724260619773e-07,0,1,jimeng,10.911822319030762
/workspace/data/genbuster-mini/extracted/GenBuster-200K-mini/benchmark/fake/jimeng/030de55edb976973f48a7a8420fbc7626f953c1712b9af707caafc170633f414.mp4,-21.385107040405273,0.9999999994840995,21.385107040405273,1.1546489937953644e-08,0,1,jimeng,10.950034484267235
/workspace/data/genbuster-mini/extracted/GenBuster-200K-mini/benchmark/fake/jimeng/01731692add2acebba4b0cc6a905a10d95e4a73661bcbb804964e0f69431cd86.mp4,-17.359275817871094,0.9999999710957095,17.359275817871094,5.306598407900478e-07,0,1,jimeng,10.8405239880085
/workspace/data/genbuster-mini/extracted/GenBuster-200K-mini/benchmark/fake/jimeng/0044083bdb2695fd93327da0cea6b633108154e081ef96b508b826c7aaf538b8.mp4,-19.770341873168945,0.9999999974067186,19.770341873168945,5.3861340663642834e-08,0,1,jimeng,11.137256398797035
/workspace/data/genbuster-mini/extracted/GenBuster-200K-mini/benchmark/fake/gen3/ff4157290aaa72b49db080be9dc936f5ee1256f5a1afdf3f9b45de48bcd56d0c.mp4,-3.4914064407348633,0.9704422652721405,3.4914064407348633,0.1332014335209999,0,1,gen3,11.733194813132286
/workspace/data/genbuster-mini/extracted/GenBuster-200K-mini/benchmark/fake/gen3/ff18a850dd3298713bd01550b581d1228ec24ccf5357dce29185054b6427992c.mp4,-4.106263637542725,0.9837976451963186,4.106263637542725,0.08286618862797351,0,1,gen3,10.994935408234596
/workspace/data/genbuster-mini/extracted/GenBuster-200K-mini/benchmark/fake/gen3/fed5f23873eb6fb1446a563b26bdfa144ed077a246255d63213a0046a7ab700a.mp4,-4.106263637542725,0.9837976451963186,4.106263637542725,0.08286618862797351,0,1,gen3,11.227307841181755
/workspace/data/genbuster-mini/extracted/GenBuster-200K-mini/benchmark/fake/gen3/fe85bec62a20a5d55e4213487a8579a9acd711a226d34d1d81b69bccad287f0a.mp4,-4.106263637542725,0.9837976451963186,4.106263637542725,0.08286618862797351,0,1,gen3,9.070545434951782
/workspace/data/genbuster-mini/extracted/GenBuster-200K-mini/benchmark/fake/gen3/fceec3b99b3218190967ba598186cac4ab332dbfdc9e1a039af52d6f34407031.mp4,-4.106263637542725,0.9837976451963186,4.106263637542725,0.08286618862797351,0,1,gen3,9.970556944608688
/workspace/data/genbuster-mini/extracted/GenBuster-200K-mini/benchmark/fake/gen3/f70eef3d4fdf33a7fb46f86449b6a87b250c08040bcae1f0d8a9f89c85c5ff03.mp4,-4.106263637542725,0.9837976451963186,4.106263637542725,0.08286618862797351,0,1,gen3,9.576881304383278
/workspace/data/genbuster-mini/extracted/GenBuster-200K-mini/benchmark/fake/gen3/f557cc42e47d22f008726db8146332734b2cc9aeb1214359edf0d175e8383b0b.mp4,-4.106263637542725,0.9837976451963186,4.106263637542725,0.08286618862797351,0,1,gen3,8.758213371038437
/workspace/data/genbuster-mini/extracted/GenBuster-200K-mini/benchmark/fake/gen3/f4372e6da83e58641b8955160603bde952f298243390810e549e8940853d25fd.mp4,-4.106263637542725,0.9837976451963186,4.106263637542725,0.08286618862797351,0,1,gen3,5.960039794445038
/workspace/data/genbuster-mini/extracted/GenBuster-200K-mini/benchmark/fake/gen3/ecd7e2648800cc0e0e268ab3206a8a5c339de9550b3fa94705973b5a963e470f.mp4,-4.106263637542725,0.9837976451963186,4.106263637542725,0.08286618862797351,0,1,gen3,10.983884334564209
/workspace/data/genbuster-mini/extracted/GenBuster-200K-mini/benchmark/fake/gen3/ebe47c7089b96e321bdb25669c79a5c9a84ee9221a15ef33114b456e1b5a8453.mp4,-4.106263637542725,0.9837976451963186,4.106263637542725,0.08286618862797351,0,1,gen3,10.957032442092896
/workspace/data/genbuster-mini/extracted/GenBuster-200K-mini/benchmark/fake/gen3/e984e97a2eb6f7660d61c71283f2fc71237d89dbb887b8700a140e299fc258bf.mp4,-4.106263637542725,0.9837976451963186,4.106263637542725,0.08286618862797351,0,1,gen3,8.002359420061111
/workspace/data/genbuster-mini/extracted/GenBuster-200K-mini/benchmark/fake/gen3/e94d29ef031268a050f4072cc399bd9a4c0797c45b1bcfae1219f4b12fcdbf49.mp4,-3.542919158935547,0.9718845877796412,3.542919158935547,0.1281288509837298,0,1,gen3,9.251510724425316
/workspace/data/genbuster-mini/extracted/GenBuster-200K-mini/benchmark/fake/gen3/e7641b8493feff20abcfb453bd3e0eeb4eca8d467b0a905e2824c6fe5c5f02ae.mp4,-4.106263637542725,0.9837976451963186,4.106263637542725,0.08286618862797351,0,1,gen3,5.642833188176155
/workspace/data/genbuster-mini/extracted/GenBuster-200K-mini/benchmark/fake/gen3/de66a001d3bdc0159a6b867c7df1a3fe7767797d77f44ef9c6173159e2049fed.mp4,-4.106263637542725,0.9837976451963186,4.106263637542725,0.08286618862797351,0,1,gen3,7.640603929758072
/workspace/data/genbuster-mini/extracted/GenBuster-200K-mini/benchmark/fake/gen3/dd1c41b751aafd6d47245dd0f9e2e6cb49edf8a9062c3fb70752e384a7a0b1e0.mp4,-4.106263637542725,0.9837976451963186,4.106263637542725,0.08286618862797351,0,1,gen3,8.551761507987976
/workspace/data/genbuster-mini/extracted/GenBuster-200K-mini/benchmark/fake/gen3/d06dd9222c8f6354433a0269635307930ad2aad1c08760647bec6e1a7b13842c.mp4,-4.106263637542725,0.9837976451963186,4.106263637542725,0.08286618862797351,0,1,gen3,49.68171566724777
/workspace/data/genbuster-mini/extracted/GenBuster-200K-mini/benchmark/fake/gen3/c8c452483abf8639135abd039291fecf9e90bc27f7d057ecacde1ccce5fbd7fe.mp4,-4.106263637542725,0.9837976451963186,4.106263637542725,0.08286618862797351,0,1,gen3,4.382286220788956
/workspace/data/genbuster-mini/extracted/GenBuster-200K-mini/benchmark/fake/gen3/c7db72810e3caa4ddc1c72d4637cd3e9259c50e83008f497964e7b4b3c4e3b82.mp4,-4.106263637542725,0.9837976451963186,4.106263637542725,0.08286618862797351,0,1,gen3,4.610167816281319
/workspace/data/genbuster-mini/extracted/GenBuster-200K-mini/benchmark/fake/gen3/c314cd4cd5fc8f1b6a8e7f42d448435f2abeadbd611472856073a92e5492f61a.mp4,-4.106263637542725,0.9837976451963186,4.106263637542725,0.08286618862797351,0,1,gen3,6.699088960886002
/workspace/data/genbuster-mini/extracted/GenBuster-200K-mini/benchmark/fake/gen3/bf56109c2ca2560e21d5f92718257bb4ac244f8b767e9d48924b3869bb99642b.mp4,-0.7236446142196655,0.6734090745449066,0.7236446142196655,0.6317380520289264,0,1,gen3,6.11187145113945
/workspace/data/genbuster-mini/extracted/GenBuster-200K-mini/benchmark/fake/gen3/bb73e8593da775e2b947bf4cc78749f42f5138fd832eca3c73b861fe86243ad9.mp4,-4.106263637542725,0.9837976451963186,4.106263637542725,0.08286618862797351,0,1,gen3,5.824318155646324
/workspace/data/genbuster-mini/extracted/GenBuster-200K-mini/benchmark/fake/gen3/b6cc887f725f7b5d00d0e9c06ab9cf338e80b1bd444a9d352201ad7ed840b5dc.mp4,-4.106263637542725,0.9837976451963186,4.106263637542725,0.08286618862797351,0,1,gen3,4.972733557224274
/workspace/data/genbuster-mini/extracted/GenBuster-200K-mini/benchmark/fake/gen3/b5b117e22436cce16f1063e3c96e7df8a6562915a12db4ee8ff9780fae11f2e0.mp4,1.7251180410385132,0.8487868309020996,1.7251180410385132,0.42480769327884804,1,1,gen3,4.97882254421711
/workspace/data/genbuster-mini/extracted/GenBuster-200K-mini/benchmark/fake/gen3/b4a75d74ce2d9dd7d64511bf057f929cb444fe08dd5bb21c1b4b00c62468cb89.mp4,-4.448883056640625,0.9884434957057238,4.448883056640625,0.06303733582682483,0,1,gen3,11.100156232714653
/workspace/data/genbuster-mini/extracted/GenBuster-200K-mini/benchmark/fake/gen3/b22c92f44b5f996fe4adea133232a10b8d70a98a59b9a330519ce31e83dd702c.mp4,-4.106263637542725,0.9837976451963186,4.106263637542725,0.08286618862797351,0,1,gen3,5.297219380736351
/workspace/data/genbuster-mini/extracted/GenBuster-200K-mini/benchmark/fake/gen3/ad50afe904051d114748284677fe5be7d8393ebc6543cce0cb27105ea593e8ab.mp4,-4.106263637542725,0.9837976451963186,4.106263637542725,0.08286618862797351,0,1,gen3,5.171539261937141
/workspace/data/genbuster-mini/extracted/GenBuster-200K-mini/benchmark/fake/gen3/abb547b50262b95c1346113ff77d0afd3c1512529a42270d58e04ee5d6c2da6d.mp4,-4.106263637542725,0.9837976451963186,4.106263637542725,0.08286618862797351,0,1,gen3,8.903264999389648
/workspace/data/genbuster-mini/extracted/GenBuster-200K-mini/benchmark/fake/gen3/ab6830fdc33ce439214feeadda58e16e035b301cddcc5522cd7f75c2ef203840.mp4,-4.106263637542725,0.9837976451963186,4.106263637542725,0.08286618862797351,0,1,gen3,11.554554104804993
/workspace/data/genbuster-mini/extracted/GenBuster-200K-mini/benchmark/fake/gen3/a756de852fc1747ad1b248facf24c40ce61887de3da126ecfbed5855d9cbcafd.mp4,-3.153331995010376,0.9590398110449314,3.153331995010376,0.17098376615749922,0,1,gen3,5.067044869065285
/workspace/data/genbuster-mini/extracted/GenBuster-200K-mini/benchmark/fake/gen3/a730ff4fafe84e825ba1034060e4b6237de342b948ab20eaf8b7d711c0abe926.mp4,-4.106263637542725,0.9837976451963186,4.106263637542725,0.08286618862797351,0,1,gen3,5.107736214995384
/workspace/data/genbuster-mini/extracted/GenBuster-200K-mini/benchmark/fake/gen3/a556f12df230a65444141a1f15e20ba16ec7e8ab92b1fe229f0b1e408d355a84.mp4,-4.106263637542725,0.9837976451963186,4.106263637542725,0.08286618862797351,0,1,gen3,5.021736025810242
/workspace/data/genbuster-mini/extracted/GenBuster-200K-mini/benchmark/fake/gen3/a4dfab0818e46ff1e11ccac2832230d51ba5fe4c93431c8013af747a4256641e.mp4,-4.106263637542725,0.9837976451963186,4.106263637542725,0.08286618862797351,0,1,gen3,5.950920283794403
/workspace/data/genbuster-mini/extracted/GenBuster-200K-mini/benchmark/fake/gen3/9ecab184a6b3388c1e486a1b818ecceadb9ea88db9a055702fa1494e658c5b03.mp4,-4.106263637542725,0.9837976451963186,4.106263637542725,0.08286618862797351,0,1,gen3,44.53509487211704
/workspace/data/genbuster-mini/extracted/GenBuster-200K-mini/benchmark/fake/gen3/9ac55a7bff05535c1abf41f2d425383d458a7e3ba10ff2f3d836b1d625bea43b.mp4,-4.106263637542725,0.9837976451963186,4.106263637542725,0.08286618862797351,0,1,gen3,5.053596571087837
/workspace/data/genbuster-mini/extracted/GenBuster-200K-mini/benchmark/fake/gen3/91cad250035107c464156a1b54a9d71d1540512760022da70804af2275f49b33.mp4,-3.7360055446624756,0.9767063576728106,3.7360055446624756,0.11059440515162386,0,1,gen3,4.586966708302498
/workspace/data/genbuster-mini/extracted/GenBuster-200K-mini/benchmark/fake/gen3/8d4512fd335090d9c7459872a73516c8e178ed19233151a6d88ea72c846ed1cd.mp4,-4.384064674377441,0.9876791462302208,4.384064674377441,0.06641280408905617,0,1,gen3,8.365282788872719
/workspace/data/genbuster-mini/extracted/GenBuster-200K-mini/benchmark/fake/gen3/8b8d096633b0e07714103541ecc9ea6c7309e29c1e10c684bf18e59da756a83e.mp4,-3.883094310760498,0.9798282533884048,3.883094310760498,0.098706769855901,0,1,gen3,5.844557657837868
/workspace/data/genbuster-mini/extracted/GenBuster-200K-mini/benchmark/fake/gen3/89eee2bfc7f32f88c9395201f4f23ee05739be4415a1665893437622dc691893.mp4,-4.007009506225586,0.9821371790021658,4.007009506225586,0.08960077994809275,0,1,gen3,8.582288399338722
/workspace/data/genbuster-mini/extracted/GenBuster-200K-mini/benchmark/fake/gen3/866d39424c98294047d9e1dbb579cd41488a6977d6fb4d89d96ac79c139c4e75.mp4,-0.9239465594291687,0.7158455848693848,0.9239465594291687,0.5968343257619263,0,1,gen3,5.479741841554642
/workspace/data/genbuster-mini/extracted/GenBuster-200K-mini/benchmark/fake/gen3/844291787c8ed32700e1b2918dee3fea212610cb498065fad04cdf09521fabd4.mp4,-4.106263637542725,0.9837976451963186,4.106263637542725,0.08286618862797351,0,1,gen3,10.165533050894737
/workspace/data/genbuster-mini/extracted/GenBuster-200K-mini/benchmark/fake/gen3/80d2ea29075e6543c6085972c8c75730927fc09b32c7b4ceae8545ddd8aceeaf.mp4,-4.106263637542725,0.9837976451963186,4.106263637542725,0.08286618862797351,0,1,gen3,11.512579396367073
/workspace/data/genbuster-mini/extracted/GenBuster-200K-mini/benchmark/fake/gen3/7d2b5d5e5c8f3c87b2dd8c548669d8b33c31659c234e291c8e68a557b2a2cad3.mp4,-4.106263637542725,0.9837976451963186,4.106263637542725,0.08286618862797351,0,1,gen3,4.909083247184753
/workspace/data/genbuster-mini/extracted/GenBuster-200K-mini/benchmark/fake/gen3/7c6fb3654c579a96dbe393504db32e52ca6d0e3e4202d6518bdaa536fd6e04b3.mp4,-4.106263637542725,0.9837976451963186,4.106263637542725,0.08286618862797351,0,1,gen3,8.079349994659424
/workspace/data/genbuster-mini/extracted/GenBuster-200K-mini/benchmark/fake/gen3/7be049f0021b7e73921792d0b56f225cff70b4abf5f3669226de0e344005c60d.mp4,-4.106263637542725,0.9837976451963186,4.106263637542725,0.08286618862797351,0,1,gen3,5.104955285787582
/workspace/data/genbuster-mini/extracted/GenBuster-200K-mini/benchmark/fake/gen3/788554ff21dea8ac2e41011f27d4777eda062e79137f535cf0aa76ac9efb502c.mp4,-4.106263637542725,0.9837976451963186,4.106263637542725,0.08286618862797351,0,1,gen3,5.218127742409706
/workspace/data/genbuster-mini/extracted/GenBuster-200K-mini/benchmark/fake/gen3/760b485163234a499691d32bce3cf673494c58e7c373fb324cb6cd53e803788b.mp4,-4.106263637542725,0.9837976451963186,4.106263637542725,0.08286618862797351,0,1,gen3,4.989186301827431
/workspace/data/genbuster-mini/extracted/GenBuster-200K-mini/benchmark/fake/gen3/756687a6ce1711e756a29ef0274c997a68e86b531fdea11a11b5ad093adad4d3.mp4,-4.106263637542725,0.9837976451963186,4.106263637542725,0.08286618862797351,0,1,gen3,7.25816935300827
/workspace/data/genbuster-mini/extracted/GenBuster-200K-mini/benchmark/fake/gen3/74f281e0dedc3d1b4acc97788720265f58149d0015767d8cd8be2b4ef258c156.mp4,-4.106263637542725,0.9837976451963186,4.106263637542725,0.08286618862797351,0,1,gen3,4.7736503183841705
/workspace/data/genbuster-mini/extracted/GenBuster-200K-mini/benchmark/fake/gen3/71e85262036b6ab49da3a4fd90f7c590de239ac9302351026baabf30274ab448.mp4,-4.106263637542725,0.9837976451963186,4.106263637542725,0.08286618862797351,0,1,gen3,13.124283403158188
/workspace/data/genbuster-mini/extracted/GenBuster-200K-mini/benchmark/fake/gen3/6ee3435fb97aa52fbf1bdfe548aec2a06d7d166c49ee811f3de63973cb77543f.mp4,-4.538182258605957,0.9894203003495932,4.538182258605957,0.05864866696913064,0,1,gen3,4.991283640265465
/workspace/data/genbuster-mini/extracted/GenBuster-200K-mini/benchmark/fake/gen3/6e961c6bc3d29d1330d2ca2b586239fec121dcf9b971394a1cafac3ff49f76f6.mp4,2.3398633003234863,0.9121251702308655,2.3398633003234863,0.29759318475803287,1,1,gen3,5.894757807254791
/workspace/data/genbuster-mini/extracted/GenBuster-200K-mini/benchmark/fake/gen3/6c8d22e3fd7da0ac00eca659de165689a495297908cd3b4377038ee48c46a805.mp4,-4.106263637542725,0.9837976451963186,4.106263637542725,0.08286618862797351,0,1,gen3,5.243308842182159
/workspace/data/genbuster-mini/extracted/GenBuster-200K-mini/benchmark/fake/gen3/6c6b2381f45bafb6b74f2591b36363c1bbc58e9df7967bab34965a016e3abf36.mp4,-4.106263637542725,0.9837976451963186,4.106263637542725,0.08286618862797351,0,1,gen3,8.84007103741169
/workspace/data/genbuster-mini/extracted/GenBuster-200K-mini/benchmark/fake/gen3/641b442493431b543413ea682ffc37f56c47e33ba9a5a5f536c7ba503cbfb9a4.mp4,-4.106263637542725,0.9837976451963186,4.106263637542725,0.08286618862797351,0,1,gen3,5.143323913216591
/workspace/data/genbuster-mini/extracted/GenBuster-200K-mini/benchmark/fake/gen3/635b5d1b83389da71b877e8a40c9ea7a3ec690f2d1c33aa4755b88ea788e2dc3.mp4,-4.106263637542725,0.9837976451963186,4.106263637542725,0.08286618862797351,0,1,gen3,8.069019764661789
/workspace/data/genbuster-mini/extracted/GenBuster-200K-mini/benchmark/fake/gen3/5e33163606c9c95d4861b3e1d5a842ffec20db04119aedcadc11bce0df0ca0d3.mp4,-4.106263637542725,0.9837976451963186,4.106263637542725,0.08286618862797351,0,1,gen3,8.87950137257576
/workspace/data/genbuster-mini/extracted/GenBuster-200K-mini/benchmark/fake/gen3/5dcab1c49845c88144a16d6766c7624eee072042252c7f7b87dd6ed79d42801e.mp4,-3.412013292312622,0.9680778793990612,3.412013292312622,0.14136144211436638,0,1,gen3,5.091756582260132
/workspace/data/genbuster-mini/extracted/GenBuster-200K-mini/benchmark/fake/gen3/5c1170fe1b67a72a65daf3e08054edc987221106107c10550bff1e2a21dc0756.mp4,-4.106263637542725,0.9837976451963186,4.106263637542725,0.08286618862797351,0,1,gen3,5.098743364214897
/workspace/data/genbuster-mini/extracted/GenBuster-200K-mini/benchmark/fake/gen3/5bde6adf54375d0a20efadd59c1c8bb17d5f433c64e04012701d54cad92ba94e.mp4,-4.106263637542725,0.9837976451963186,4.106263637542725,0.08286618862797351,0,1,gen3,5.186257883906364
/workspace/data/genbuster-mini/extracted/GenBuster-200K-mini/benchmark/fake/gen3/5ad8df45f2d0e21c11db4fb0f904de98f8053f8a594f0eedfaa48f0a91733ca0.mp4,-4.106263637542725,0.9837976451963186,4.106263637542725,0.08286618862797351,0,1,gen3,7.25066103041172
/workspace/data/genbuster-mini/extracted/GenBuster-200K-mini/benchmark/fake/gen3/5423a62b7c97adbea2e72cb679aeaf4eeac46e3b1d7d57a170a676fd5dc6040d.mp4,-4.106263637542725,0.9837976451963186,4.106263637542725,0.08286618862797351,0,1,gen3,8.570967242121696
/workspace/data/genbuster-mini/extracted/GenBuster-200K-mini/benchmark/fake/gen3/53bdd09d28266a9854b7fc9758372dfad3901055e3de96661eb385e5422a4149.mp4,4.068503379821777,0.9831846356391907,4.068503379821777,0.08537172351888139,1,1,gen3,6.164832040667534
/workspace/data/genbuster-mini/extracted/GenBuster-200K-mini/benchmark/fake/gen3/51b3222ac9c605dbeea963b0e8866bd8df4269a8d443a9ca2c0b32fb7a652bbe.mp4,-3.876150369644165,0.9796905480325222,3.876150369644165,0.09924101410305304,0,1,gen3,4.488188773393631
/workspace/data/genbuster-mini/extracted/GenBuster-200K-mini/benchmark/fake/gen3/4f2468a71ab74b8d4c2a403e88414964d6578094f801ca43bc7a4dfab8203baa.mp4,-4.106263637542725,0.9837976451963186,4.106263637542725,0.08286618862797351,0,1,gen3,5.849696695804596
/workspace/data/genbuster-mini/extracted/GenBuster-200K-mini/benchmark/fake/gen3/4dfd82fa541c842ed624ba1795afdaa8801c59f0976c95fefa07b99073a985ec.mp4,-4.106263637542725,0.9837976451963186,4.106263637542725,0.08286618862797351,0,1,gen3,5.245275795459747
/workspace/data/genbuster-mini/extracted/GenBuster-200K-mini/benchmark/fake/gen3/4d528713b34777e06f2c4d10f38aec434cf54b04e35ce649ef0225408fb1361d.mp4,-4.106263637542725,0.9837976451963186,4.106263637542725,0.08286618862797351,0,1,gen3,7.1756187826395035
/workspace/data/genbuster-mini/extracted/GenBuster-200K-mini/benchmark/fake/gen3/4cf9716f4ebe084fc4b4d9247f3c2a57636eb4b7dd7803fa471758de98854931.mp4,-4.106263637542725,0.9837976451963186,4.106263637542725,0.08286618862797351,0,1,gen3,5.125435069203377
/workspace/data/genbuster-mini/extracted/GenBuster-200K-mini/benchmark/fake/gen3/49dd1a92f982f7f4421d2839e5d0d5089c1dade0860eccd9c7c4ac8380ae78dc.mp4,-4.106263637542725,0.9837976451963186,4.106263637542725,0.08286618862797351,0,1,gen3,5.1368772983551025
/workspace/data/genbuster-mini/extracted/GenBuster-200K-mini/benchmark/fake/gen3/480e6febf1d3816c601ca92180aeb6e47c0fb767a04a261bb6ea237061e32f51.mp4,-4.106263637542725,0.9837976451963186,4.106263637542725,0.08286618862797351,0,1,gen3,7.2235167026519775
/workspace/data/genbuster-mini/extracted/GenBuster-200K-mini/benchmark/fake/gen3/474b38a57dbbd73f367df3b54b6d1a9e09969f9238cc0ccf8c96536b781e9790.mp4,-4.106263637542725,0.9837976451963186,4.106263637542725,0.08286618862797351,0,1,gen3,7.383890450000763
/workspace/data/genbuster-mini/extracted/GenBuster-200K-mini/benchmark/fake/gen3/466af592f2d0515a37efb263ac35b1ed4a19997c41e09a0b969279fb9d572f37.mp4,-4.106263637542725,0.9837976451963186,4.106263637542725,0.08286618862797351,0,1,gen3,4.869503900408745
/workspace/data/genbuster-mini/extracted/GenBuster-200K-mini/benchmark/fake/gen3/453b617bc759a97f70e21c260018ec9eb4e1e08b82451cb3e173b45c492725af.mp4,-4.106263637542725,0.9837976451963186,4.106263637542725,0.08286618862797351,0,1,gen3,5.521763116121292
/workspace/data/genbuster-mini/extracted/GenBuster-200K-mini/benchmark/fake/gen3/4468bed6b3eef3d52e60fdb68943f435eae6da67bf01b281bf1cca8e6af95a9c.mp4,-4.106263637542725,0.9837976451963186,4.106263637542725,0.08286618862797351,0,1,gen3,4.735630005598068
/workspace/data/genbuster-mini/extracted/GenBuster-200K-mini/benchmark/fake/gen3/38f7a9037c866438679da07dadc1a4e4102fce66dd7b62742e48cf68558559ae.mp4,-4.106263637542725,0.9837976451963186,4.106263637542725,0.08286618862797351,0,1,gen3,6.328856572508812
/workspace/data/genbuster-mini/extracted/GenBuster-200K-mini/benchmark/fake/gen3/3488c9fbc0807a3547b310cf77b05b6c2c440200da68b06fd56606df29a5ddc6.mp4,-4.106263637542725,0.9837976451963186,4.106263637542725,0.08286618862797351,0,1,gen3,11.057984083890915
/workspace/data/genbuster-mini/extracted/GenBuster-200K-mini/benchmark/fake/gen3/344fb9e56c4fb146164102f69ba14d6ea6bf25016eb53b9f8d0d1664837b1562.mp4,-4.106263637542725,0.9837976451963186,4.106263637542725,0.08286618862797351,0,1,gen3,5.807766690850258
/workspace/data/genbuster-mini/extracted/GenBuster-200K-mini/benchmark/fake/gen3/2f9ccc650fd75b7f8231145af6410abc722d5a855b8f284f0404b5b16bef07ff.mp4,0.6078140139579773,0.6474419832229614,0.6078140139579773,0.6490157865793527,1,1,gen3,7.2528887540102005
/workspace/data/genbuster-mini/extracted/GenBuster-200K-mini/benchmark/fake/gen3/2d3b867e8a9c6ac7fd472933a87fcde0199fab0cbcc554f3f27f265cbcabb788.mp4,-4.106263637542725,0.9837976451963186,4.106263637542725,0.08286618862797351,0,1,gen3,5.16260601580143
/workspace/data/genbuster-mini/extracted/GenBuster-200K-mini/benchmark/fake/gen3/2b509f1f5e3d98a8b0fdeb0b383b7b928f03eaebd8d779abdb7da211ad35f248.mp4,-4.106263637542725,0.9837976451963186,4.106263637542725,0.08286618862797351,0,1,gen3,8.074821904301643
/workspace/data/genbuster-mini/extracted/GenBuster-200K-mini/benchmark/fake/gen3/28c5b2e67564e93ee338b4fd9e20d2bbedcab5a60f14cd958e0c0061a6806acb.mp4,-4.106263637542725,0.9837976451963186,4.106263637542725,0.08286618862797351,0,1,gen3,7.241208106279373
/workspace/data/genbuster-mini/extracted/GenBuster-200K-mini/benchmark/fake/gen3/24f736971716590e23cab0aed8e4acb51ab00da68b999255f6765b3670e3c574.mp4,-4.106263637542725,0.9837976451963186,4.106263637542725,0.08286618862797351,0,1,gen3,6.9838762283325195
/workspace/data/genbuster-mini/extracted/GenBuster-200K-mini/benchmark/fake/gen3/23c2174451d3c888e140eff1db6caaf94aa1b1075de59f55fed1a33f61cdca52.mp4,-4.106263637542725,0.9837976451963186,4.106263637542725,0.08286618862797351,0,1,gen3,7.31155090034008
/workspace/data/genbuster-mini/extracted/GenBuster-200K-mini/benchmark/fake/gen3/231b2d9af67d8e2ce32271f7ccbeb17f6e807d18a303854a9c384003fed32656.mp4,-4.106263637542725,0.9837976451963186,4.106263637542725,0.08286618862797351,0,1,gen3,8.687641471624374
/workspace/data/genbuster-mini/extracted/GenBuster-200K-mini/benchmark/fake/gen3/2168b844eb7ae0b802d502d0790ea974e9a4abae7f63f48a27de0d8575af1f9e.mp4,-4.106263637542725,0.9837976451963186,4.106263637542725,0.08286618862797351,0,1,gen3,5.204267799854279
/workspace/data/genbuster-mini/extracted/GenBuster-200K-mini/benchmark/fake/gen3/1fb56da853a8b8136991e83decd017a9968cea3f5f2182f7dc53068079ad6e4c.mp4,-4.106263637542725,0.9837976451963186,4.106263637542725,0.08286618862797351,0,1,gen3,7.751865312457085
/workspace/data/genbuster-mini/extracted/GenBuster-200K-mini/benchmark/fake/gen3/1f640b438d9347f58470d86883a5929f42b340cbebc2bbab2cfba882117f3395.mp4,-4.106263637542725,0.9837976451963186,4.106263637542725,0.08286618862797351,0,1,gen3,7.521564140915871
/workspace/data/genbuster-mini/extracted/GenBuster-200K-mini/benchmark/fake/gen3/1c954baf3deb088b99ad39b8a99f9b662d35fbc8b83437be93b0cabb0181ae74.mp4,-4.106263637542725,0.9837976451963186,4.106263637542725,0.08286618862797351,0,1,gen3,7.797466591000557
/workspace/data/genbuster-mini/extracted/GenBuster-200K-mini/benchmark/fake/gen3/1c34df0cfd248c072a36edb3f14cc91a1b63f8afc6d0ed0e169864761ee8118e.mp4,-4.106263637542725,0.9837976451963186,4.106263637542725,0.08286618862797351,0,1,gen3,5.200967192649841
/workspace/data/genbuster-mini/extracted/GenBuster-200K-mini/benchmark/fake/gen3/189fa1be438d2224f6b144f6e35e0d1c2f5146c451500402b8e2c16fca31c9c9.mp4,-4.106263637542725,0.9837976451963186,4.106263637542725,0.08286618862797351,0,1,gen3,5.193067714571953
/workspace/data/genbuster-mini/extracted/GenBuster-200K-mini/benchmark/fake/gen3/16f109c1596357765cee08ccaea5028d402894fe7103955e6d48b5af5244aa27.mp4,-4.106263637542725,0.9837976451963186,4.106263637542725,0.08286618862797351,0,1,gen3,6.99695385992527
/workspace/data/genbuster-mini/extracted/GenBuster-200K-mini/benchmark/fake/gen3/1455b2af497fcd78bd683011231193339b80da765be70782e9c1e1aa808cb7bf.mp4,-1.2244267463684082,0.7728416323661804,1.2244267463684082,0.535819901459146,0,1,gen3,5.566822364926338
/workspace/data/genbuster-mini/extracted/GenBuster-200K-mini/benchmark/fake/gen3/13d91beebbd95cc415ad68d7ccc6a429290e6c7a51bc6681dfe9c1f331eddbe3.mp4,-4.106263637542725,0.9837976451963186,4.106263637542725,0.08286618862797351,0,1,gen3,5.007477477192879
/workspace/data/genbuster-mini/extracted/GenBuster-200K-mini/benchmark/fake/gen3/12e4bd9e2c1c1ecbbde18812b9e8a0e02e46e93f3063693b0eb64a273e0ec84f.mp4,-4.106263637542725,0.9837976451963186,4.106263637542725,0.08286618862797351,0,1,gen3,6.249465048313141
/workspace/data/genbuster-mini/extracted/GenBuster-200K-mini/benchmark/fake/gen3/129c605a59571ebfb01ab1c70b4566376e72b742413e039dcb1ccce38663a4e6.mp4,-4.106263637542725,0.9837976451963186,4.106263637542725,0.08286618862797351,0,1,gen3,4.790822044014931
/workspace/data/genbuster-mini/extracted/GenBuster-200K-mini/benchmark/fake/gen3/0cd5fac50e44d761fbbd42f0a7cb0fe59847e7440ceb34689e351555894659fb.mp4,-4.106263637542725,0.9837976451963186,4.106263637542725,0.08286618862797351,0,1,gen3,5.273038521409035
/workspace/data/genbuster-mini/extracted/GenBuster-200K-mini/benchmark/fake/gen3/0c2303dfd6e69463c559c1a4df334858c39c280575a4861160d13b1b573becb4.mp4,-4.106263637542725,0.9837976451963186,4.106263637542725,0.08286618862797351,0,1,gen3,6.510479375720024
/workspace/data/genbuster-mini/extracted/GenBuster-200K-mini/benchmark/fake/gen3/09734fd48914d32da4b49d2be4b4b1416eceb5af9d44df9116e96a710bbf7b66.mp4,-4.106263637542725,0.9837976451963186,4.106263637542725,0.08286618862797351,0,1,gen3,6.478575989603996
/workspace/data/genbuster-mini/extracted/GenBuster-200K-mini/benchmark/fake/gen3/0343654a620b2ec8aa67462dabe530d773f8b859f13bfcfd0e5c09a0a89e5cf1.mp4,-4.106263637542725,0.9837976451963186,4.106263637542725,0.08286618862797351,0,1,gen3,7.811166346073151
/workspace/data/genbuster-mini/extracted/GenBuster-200K-mini/benchmark/fake/gen3/030e4443824d06e0ac4da697fa66b9a677a32fe4a88aa48f85476a52e9fe92ba.mp4,-4.106263637542725,0.9837976451963186,4.106263637542725,0.08286618862797351,0,1,gen3,5.486572161316872
/workspace/data/genbuster-mini/extracted/GenBuster-200K-mini/benchmark/fake/gen3/01bbc183c0809966ec1c056783f8499e59e8bc0e190209bb310c01690c1ea70c.mp4,-4.106263637542725,0.9837976451963186,4.106263637542725,0.08286618862797351,0,1,gen3,5.365058779716492
