path,logit,confidence,margin1,entropy1,flip,y_cnn,y_true,generator,y_clip,latency_clip_ms,y_qwen,latency_qwen_ms
/workspace/data/genbuster-mini/extracted/GenBuster-200K-mini/benchmark/real/01d7dce697b2c3be67fa8e5c77be91c82be0ba9e590b4c2636f2c98b944229f6.mp4,-29.2548770904541,0.9999999999998028,29.2548770904541,4.608713686641626e-12,0,0,0,real,0,121.0530325770378,0,1025.406289845705
/workspace/data/genbuster-mini/extracted/GenBuster-200K-mini/benchmark/real/01657b74cbc6265899b7ec80f7fb089aacd97e87190d696261632f2f3d595551.mp4,-21.47948837280273,0.9999999995305636,21.47948837280273,1.0550690683767118e-08,0,0,0,real,0,5.274385213851929,1,706.4385376870632
/workspace/data/genbuster-mini/extracted/GenBuster-200K-mini/benchmark/real/00bc6d099e238d673ab49da3c4ee6c3948ef3bac6fc339b129ef5cd242b1838a.mp4,1.4533302783966064,0.8105104565620422,1.4533302783966064,0.4854819503266671,0,1,0,real,0,6.287358701229096,0,620.4946078360081
/workspace/data/genbuster-mini/extracted/GenBuster-200K-mini/benchmark/real/00b7d4faaf2a33451384d4f5e94be1e08e5c748775e50993f0b906edd0b2744a.mp4,-23.831287384033203,0.9999999999553107,23.831287384033203,1.1077034573252907e-09,0,0,0,real,0,7.325988262891769,0,620.840273797512
/workspace/data/genbuster-mini/extracted/GenBuster-200K-mini/benchmark/real/00b2a2722089d0fe98102895074f5fd2cc44f7291f91581657ce6d6180aa0cba.mp4,-15.224512100219728,0.9999997556128905,15.224512100219728,3.965059649962839e-06,0,0,0,real,0,6.8176425993442535,0,622.3532967269421
/workspace/data/genbuster-mini/extracted/GenBuster-200K-mini/benchmark/real/ffabb5b699586169b8b13343eb4ff1193aa7d6877f3aaa5479e3358da6512b7b.mp4,-28.693775177001957,0.9999999999996544,28.693775177001957,8.789478373216537e-12,0,0,0,real,0,6.800495088100433,0,621.2498098611832
/workspace/data/genbuster-mini/extracted/GenBuster-200K-mini/benchmark/real/ff81da7f4707728ba5cf56ea2a8c14963a46176cb2746de2d6b4d23c32b33231.mp4,-11.359898567199709,0.999988346572536,11.359898567199709,0.0001440352472879,0,0,0,real,0,6.800781935453415,0,621.1043708026409
/workspace/data/genbuster-mini/extracted/GenBuster-200K-mini/benchmark/real/ff672899dba83014d31d95bc75049f67b395e21cfdad578d1c099cdae7df796b.mp4,-21.14937210083008,0.999999999346953,21.14937210083008,1.4462579553074018e-08,0,0,0,real,0,6.735358387231827,0,620.512954890728
/workspace/data/genbuster-mini/extracted/GenBuster-200K-mini/benchmark/real/fe41e6ae69865f2593b5dc2b479cde7cb7ae8a83142deb2574e0ecec0e13b17e.mp4,-26.49029922485352,0.999999999996871,26.49029922485352,8.415017783816705e-11,0,0,0,real,0,7.484223693609238,0,620.6164695322514
/workspace/data/genbuster-mini/extracted/GenBuster-200K-mini/benchmark/real/fe01dd8cabab86d44b7399572aa218e841230685a5e22c8148b3956b77d16636.mp4,-24.324447631835938,0.9999999999727084,24.324447631835938,6.891588241853928e-10,0,0,0,real,0,6.894927471876144,0,628.5655871033669
/workspace/data/genbuster-mini/extracted/GenBuster-200K-mini/benchmark/real/fd9567f10d00d9d0d966ffa8c39445273be9822841d0376b14c1992b0fd5104a.mp4,-6.759000778198242,0.9988409568322822,6.759000778198242,0.0089936890205639,0,0,0,real,0,7.390238344669342,1,707.755733281374
/workspace/data/genbuster-mini/extracted/GenBuster-200K-mini/benchmark/real/fd4bc0ee6bc371fc65baaeb3b0fcc2e82895b4057123786ab518d00c3151597e.mp4,-27.6752986907959,0.9999999999990432,27.6752986907959,2.5748798187520057e-11,0,0,0,real,0,6.846129894256592,1,710.5789668858051
/workspace/data/genbuster-mini/extracted/GenBuster-200K-mini/benchmark/real/fd38260b2d293fb0294ed8f7a5cda8665073a36bca8fcbba382fd7608a1fdf8d.mp4,-13.578486442565918,0.9999987325298888,13.578486442565918,1.8477794599540703e-05,0,0,0,real,0,6.741501390933991,0,624.3291571736336
/workspace/data/genbuster-mini/extracted/GenBuster-200K-mini/benchmark/real/fd02416ac8201fc9ec6eaab453d52ea03f0b04ec48dc93f08e5b8457eb72b538.mp4,-0.3235875070095062,0.5801983177661896,0.3235875070095062,0.6802279077620366,1,0,0,real,0,6.776418536901474,0,628.6492012441158
/workspace/data/genbuster-mini/extracted/GenBuster-200K-mini/benchmark/real/fc21ccee80691c18ca62b48929fb70fb586801719ace7ec27fcbb6cf8ba68e28.mp4,-28.5974063873291,0.9999999999996196,28.5974063873291,9.770213951705888e-12,0,0,0,real,0,7.6567791402339935,1,714.0840850770473
/workspace/data/genbuster-mini/extracted/GenBuster-200K-mini/benchmark/real/fb3a85105f094c4ac591cd4e4d4bfc82c0e26679e01fa8ae07a24ca23f2f91f0.mp4,-35.2664680480957,0.9999999999999996,35.2664680480957,-9.862986339632105e-13,0,0,0,real,0,6.845645606517792,0,626.3244263827801
/workspace/data/genbuster-mini/extracted/GenBuster-200K-mini/benchmark/real/fb232d4593fff918788ce4e39d5593037ff80ee7f41df9bb8d7972bfcf1d812c.mp4,-12.36346435546875,0.9999957281720526,12.36346435546875,5.70864280773389e-05,0,0,0,real,0,7.530473172664642,0,621.5882301330566
/workspace/data/genbuster-mini/extracted/GenBuster-200K-mini/benchmark/real/fab6d58928f0b767125e9c9fb6cccc33ae1db9d07cc597048200d53917388b0d.mp4,-28.81587219238281,0.9999999999996942,28.81587219238281,7.67341569985147e-12,0,0,0,real,0,6.829254329204559,0,627.9228068888187
/workspace/data/genbuster-mini/extracted/GenBuster-200K-mini/benchmark/real/fa93984a8a2e5044293e92fa7180efed4b870808615ba96b83e50516198cd6f6.mp4,-30.385618209838867,0.9999999999999364,30.385618209838867,8.180023594777218e-13,0,0,0,real,0,6.872851401567459,0,623.0194792151451
/workspace/data/genbuster-mini/extracted/GenBuster-200K-mini/benchmark/real/fa7ba155356874927b3b531438b350b6525681a9223cd7ecedf7c2f965c0da9a.mp4,-27.87722396850586,0.9999999999992182,27.87722396850586,2.093110709591521e-11,0,0,0,real,0,6.762713193893433,1,707.8149132430553
/workspace/data/genbuster-mini/extracted/GenBuster-200K-mini/benchmark/real/fa621e4f20b302d4bfff8761ac6a61e0d5ff3e84d7d85e3f0b66ff5681d347e4.mp4,-24.12204360961914,0.999999999966586,24.12204360961914,8.374447352061587e-10,0,0,0,real,0,6.72723725438118,0,624.0577474236488
/workspace/data/genbuster-mini/extracted/GenBuster-200K-mini/benchmark/real/fa3e4020993636765943f92e712c86db94ca1887d3a7c29612614779eface9e9.mp4,-4.575623035430908,0.989805125631392,4.575623035430908,0.0568950996657373,0,0,0,real,0,6.733056157827377,0,623.4390400350094
/workspace/data/genbuster-mini/extracted/GenBuster-200K-mini/benchmark/real/fa108ee877afe4b87b22287b0d8a7a10ca31e2e986a3fcd2ccf69076c2151b1b.mp4,-21.203914642333984,0.999999999381618,21.203914642333984,1.3728502286017281e-08,0,0,0,real,0,6.767679005861282,0,621.4322671294212
/workspace/data/genbuster-mini/extracted/GenBuster-200K-mini/benchmark/real/f9f3d7eff6d70534a1ee87a247392201626d3b11d82cf5786b60fd21cf174e78.mp4,-23.55250740051269,0.9999999999409424,23.55250740051269,1.4480212363252552e-09,0,0,0,real,0,6.776142865419388,0,620.9153309464455
/workspace/data/genbuster-mini/extracted/GenBuster-200K-mini/benchmark/real/f9c33b9bea60d56220302f1a0b1d050d31cc8b8633e3b17c945421ee40a06083.mp4,-26.394752502441406,0.9999999999965572,26.394752502441406,9.243515789386483e-11,0,0,0,real,0,7.360223680734634,0,623.5172972083092
/workspace/data/genbuster-mini/extracted/GenBuster-200K-mini/benchmark/real/f98d9ccd447a7f72e21e2d2a96473d58bb9786460c026fccb0f561d921304cc3.mp4,-30.32286262512207,0.9999999999999324,30.32286262512207,9.353614926398132e-13,0,0,0,real,0,6.669990718364716,0,624.0894980728626
/workspace/data/genbuster-mini/extracted/GenBuster-200K-mini/benchmark/real/f974eef3d748c96400da86265efc5f5c1afbcd98fbc4252167003eeb717d9dd2.mp4,-23.70098114013672,0.999999999949091,23.70098114013672,1.2555124096947792e-09,0,0,0,real,0,6.772685796022415,0,620.435107499361
/workspace/data/genbuster-mini/extracted/GenBuster-200K-mini/benchmark/real/f9709b4bbade11584195fec359c02a5bf328d062dadd913697a58bfb09e7b736.mp4,-31.259849548339844,0.9999999999999736,31.259849548339844,-2.406109472625317e-13,0,0,0,real,0,6.842624396085739,1,704.6762630343437
/workspace/data/genbuster-mini/extracted/GenBuster-200K-mini/benchmark/real/f93cfe16d2b0b151fdf0a6b2b27eb0b7d00c4f0bf46fdb7d872aab6d07c0a917.mp4,-27.031742095947266,0.9999999999981792,27.031742095947266,4.924328536069541e-11,0,0,0,real,0,6.719164550304413,1,706.7942954599857
/workspace/data/genbuster-mini/extracted/GenBuster-200K-mini/benchmark/real/f83e5080eec1a2bae9c40663839fde98fdfb9f97dcce6031860efebabed2d346.mp4,-8.00977897644043,0.999667912197765,8.00977897644043,0.0029920928635757,0,0,0,real,0,6.844066083431244,0,627.7559734880924
/workspace/data/genbuster-mini/extracted/GenBuster-200K-mini/benchmark/real/f8187c57e5055f22c37ede363bb65cecfebfbc8e17a49d8765c60831a2aed212.mp4,0.3733396828174591,0.5922657251358032,0.3733396828174591,0.6760232844124776,1,1,0,real,0,6.99746236205101,1,709.5556519925594
/workspace/data/genbuster-mini/extracted/GenBuster-200K-mini/benchmark/real/f7ee64921a549a4d5b5f02d0ed58186b9e9bca195bd992d46e7703c9701b9f8f.mp4,-16.1403751373291,0.999999902203328,16.1403751373291,1.6762696568665725e-06,0,0,0,real,0,6.851170212030411,0,615.7940402626991
/workspace/data/genbuster-mini/extracted/GenBuster-200K-mini/benchmark/real/f7e9ef5eb734923046795956a06b3f8078947827b284d2ea89a48a0e8791599b.mp4,-42.28816986083984,1.0,42.28816986083984,-1.0000769915047206e-12,0,0,0,real,0,6.840784102678299,0,620.1407946646214
/workspace/data/genbuster-mini/extracted/GenBuster-200K-mini/benchmark/real/f78be9d6c96967f293ac983bdda3a502853e48e19fce2a8fb4df4f20f330fa26.mp4,-34.610633850097656,0.9999999999999992,34.610633850097656,-9.734864028458061e-13,0,0,0,real,0,6.791327148675919,0,631.2837041914463
/workspace/data/genbuster-mini/extracted/GenBuster-200K-mini/benchmark/real/f721a63e5cf83cd273dd7424c6a8932d622a0246c620f873afab8205bb44f262.mp4,-33.15998458862305,0.999999999999996,33.15998458862305,-8.86409859620585e-13,0,0,0,real,0,6.815072149038315,0,625.0710934400558
/workspace/data/genbuster-mini/extracted/GenBuster-200K-mini/benchmark/real/f70ac7139c2e2ce99d5f05c5ba0cb511161b10a0634bcbcab8beec7985abfb5e.mp4,-7.630600929260254,0.9995148663874716,7.630600929260254,0.0041871123372877,0,0,0,real,0,7.383279502391815,0,619.6815520524979
/workspace/data/genbuster-mini/extracted/GenBuster-200K-mini/benchmark/real/f6fb3ce4f39a804453d309829ba81e762e89ae1018113d3b3025c79d3e7df20d.mp4,-23.158416748046875,0.9999999999124156,23.158416748046875,2.1139092259373234e-09,0,0,0,real,0,7.669955492019653,0,625.4342533648014
/workspace/data/genbuster-mini/extracted/GenBuster-200K-mini/benchmark/real/f6f726abc51d32a6866d58c1514762e1aec7f91fcf22e5733dd274a3f157d26b.mp4,-30.8314266204834,0.9999999999999593,30.8314266204834,1.6498476331059085e-13,0,0,0,real,0,9.441539645195007,1,710.455622524023
/workspace/data/genbuster-mini/extracted/GenBuster-200K-mini/benchmark/real/f63060417007ee1caa0d71b32cb94025c61f7d38f3a8981811c777f1aa0f5aa5.mp4,-19.073217391967773,0.999999994792768,19.073217391967773,1.0452389973467753e-07,0,0,0,real,0,5.051735788583756,0,621.9536028802395
/workspace/data/genbuster-mini/extracted/GenBuster-200K-mini/benchmark/real/f5ceb139efd93de889c1e54632d3dbc55c2ca9b9b0996de69590fb95d255c401.mp4,-29.17184066772461,0.9999999999997858,29.17184066772461,5.0913245372667984e-12,0,0,0,real,0,4.522453993558884,0,632.8253261744976
/workspace/data/genbuster-mini/extracted/GenBuster-200K-mini/benchmark/real/f5aa6854c5fa222b75bf307c2fcfee0424ac990601e53b8e50ae27eee193452e.mp4,-0.7360794544219971,0.6761379539966583,0.7360794544219971,0.6297463588032824,1,0,0,real,0,4.857506603002548,0,621.480081230402
/workspace/data/genbuster-mini/extracted/GenBuster-200K-mini/benchmark/real/f57046e2d31dd9ccf4b9ea53aa96e99b9e53b27b4cb8886d56680f28d447cc97.mp4,-28.056549072265625,0.9999999999993464,28.056549072265625,1.7379607427354684e-11,0,0,0,real,0,4.530858248472214,0,620.1677583158016
/workspace/data/genbuster-mini/extracted/GenBuster-200K-mini/benchmark/real/f54917c47a8580ef4ab012f26e4f347c7f5108d6fb64ac1393c39c846b087b3c.mp4,-26.996232986450195,0.9999999999981134,26.996232986450195,5.1015942602871305e-11,0,0,0,real,0,4.649922251701355,0,622.6680092513561
/workspace/data/genbuster-mini/extracted/GenBuster-200K-mini/benchmark/real/f529242c22cc9c8b84a46b3afaaec57822d252953e61d56b9334ba5a2cb37986.mp4,-16.845428466796875,0.9999999516803904,16.845428466796875,8.622821312897416e-07,0,0,0,real,0,6.846655160188675,0,622.88798391819
/workspace/data/genbuster-mini/extracted/GenBuster-200K-mini/benchmark/real/f4f8eeaf3d6218b444c6d16fa330b5935ed70c9df44fae402f14d2bbd352b1b9.mp4,-12.523695945739746,0.9999963606285291,12.523695945739746,4.921775775136772e-05,0,0,0,real,0,7.227834314107895,0,621.2901547551155
/workspace/data/genbuster-mini/extracted/GenBuster-200K-mini/benchmark/real/f433bc9eb035018550d0f1d0ea315a53b020112b94564e9a1adaff573c56a9ce.mp4,-16.36329460144043,0.999999921745122,16.36329460144043,1.3587605052863605e-06,0,0,0,real,0,7.121410220861435,0,622.0399923622608
/workspace/data/genbuster-mini/extracted/GenBuster-200K-mini/benchmark/real/f3fdcedb1e58f18a8045b6c698a4121c7aefcf4616f5179153d7be60f930fa53.mp4,-25.35020065307617,0.9999999999902152,25.35020065307617,2.5587685517000123e-10,0,0,0,real,0,6.902813911437988,0,623.32334369421
/workspace/data/genbuster-mini/extracted/GenBuster-200K-mini/benchmark/real/f3fd2f36557289e60c74e411e62fc6ea46b9b2fccc799bdd96a33cc55973506f.mp4,-29.063278198242188,0.9999999999997612,29.063278198242188,5.785148468243185e-12,0,0,0,real,0,6.939548999071121,0,621.7802725732327
/workspace/data/genbuster-mini/extracted/GenBuster-200K-mini/benchmark/real/f39891da5ff65de95d9d534a1e065474f913f15e2589b76835261e448d5d71b0.mp4,-20.731853485107425,0.999999999008551,20.731853485107425,2.1544025756440724e-08,0,0,0,real,0,6.837911903858185,0,623.6364655196667
/workspace/data/genbuster-mini/extracted/GenBuster-200K-mini/benchmark/real/f382eabf50fd318341aada36b8b5dc88e234410401c2b82eb40ff87b1892f6de.mp4,-33.00475311279297,0.9999999999999952,33.00475311279297,-8.673280410794825e-13,0,0,0,real,0,6.891544908285141,0,623.4275214374065
/workspace/data/genbuster-mini/extracted/GenBuster-200K-mini/benchmark/real/f380717d353b0bdf4a02cdee039820d94c5d1516fc8727bbefcd4f17a0cdb29b.mp4,-15.621929168701172,0.9999998357587288,15.621929168701172,2.730004789348981e-06,0,0,0,real,0,7.031146436929703,1,710.0811041891575
/workspace/data/genbuster-mini/extracted/GenBuster-200K-mini/benchmark/real/f3681b514c333fd0cb35547822165fc952cf2f32bfc4cef6fea23f7217ce33d2.mp4,-20.40522766113281,0.9999999986255712,20.40522766113281,2.9417961540120922e-08,0,0,0,real,0,6.846223026514053,0,623.019952327013
/workspace/data/genbuster-mini/extracted/GenBuster-200K-mini/benchmark/real/f31df9086cf78151a7c4aa6a6822267fb1575b90073d30a5d01f9b5a1aa6ecb2.mp4,-22.532777786254883,0.999999999836266,22.532777786254883,3.851119821607041e-09,0,0,0,real,0,6.925076246261597,1,707.1379497647285
/workspace/data/genbuster-mini/extracted/GenBuster-200K-mini/benchmark/real/f24e1240bdd9ddf91ed64c2148da7e067a2e70f36492ec91e73081faf7e6fc8e.mp4,-27.906068801879883,0.9999999999992404,27.906068801879883,2.0317101839372768e-11,0,0,0,real,0,6.7795030772686005,0,620.2286742627621
/workspace/data/genbuster-mini/extracted/GenBuster-200K-mini/benchmark/real/f1f9a74a129ffdc68397ed4305ee93850c7f38e2e5802c32a1e7c46298e3e5bb.mp4,-34.652217864990234,0.9999999999999992,34.652217864990234,-9.74533744374617e-13,0,0,0,real,0,6.81072473526001,0,624.099787324667
/workspace/data/genbuster-mini/extracted/GenBuster-200K-mini/benchmark/real/f1cb5231b55aa92a9b33bdfabbe39384b523846d0b3ed6c4feff71d0263c9126.mp4,-10.070799827575684,0.9999577050184598,10.070799827575684,0.0004682401665977,0,0,0,real,0,6.822202354669571,0,620.2502846717834
/workspace/data/genbuster-mini/extracted/GenBuster-200K-mini/benchmark/real/f1776c3465f146000939fc44da8081af59f574ded33fe8766dd025951f71568f.mp4,-37.18262100219727,1.0,37.18262100219727,-9.97902642329682e-13,0,0,0,real,0,6.943162530660629,0,624.4372390210629
/workspace/data/genbuster-mini/extracted/GenBuster-200K-mini/benchmark/real/f160fd12cb7fb266ebb097e741721572128293b08906ebae90814a64b6100600.mp4,-23.734493255615234,0.9999999999507688,23.734493255615234,1.2157191873765656e-09,0,0,0,real,0,7.103234529495239,0,621.9809353351593
/workspace/data/genbuster-mini/extracted/GenBuster-200K-mini/benchmark/real/f1462a8cccc3598e2a41b79bc105feea6b938d05efe2876b948b1733f1a3d5fc.mp4,-24.616634368896484,0.9999999999796234,24.616634368896484,5.200034254074991e-10,0,0,0,real,0,6.8108439445495605,1,708.327405154705
/workspace/data/genbuster-mini/extracted/GenBuster-200K-mini/benchmark/real/f13c19ce6e5ab68554b3eddd7d5767fbe78a9863ded18fa5482146dd964d6ae2.mp4,-14.73559856414795,0.9999996015161798,14.73559856414795,6.2703794993490026e-06,0,0,0,real,0,8.374445140361786,0,621.5070225298405
/workspace/data/genbuster-mini/extracted/GenBuster-200K-mini/benchmark/real/f12163064b08a0ec580e6259c81b22bc55f9c1b04fc0635a20414649b12d0e60.mp4,-19.19815826416016,0.999999995404362,19.19815826416016,9.28214254493643e-08,0,0,0,real,0,7.101915776729584,1,716.5335267782211
/workspace/data/genbuster-mini/extracted/GenBuster-200K-mini/benchmark/real/f100581388bed75a848912835ebbb4908d6525b5b15071f6a7b2a3103e13a9d5.mp4,-19.10466766357422,0.999999994953988,19.10466766357422,1.014463951232877e-07,0,0,0,real,0,4.696521908044815,0,630.8760344982147
/workspace/data/genbuster-mini/extracted/GenBuster-200K-mini/benchmark/real/f0d478b6507da43c791d6901185a251051272265101397b752730bede51c89c4.mp4,-33.73872756958008,0.9999999999999978,33.73872756958008,-9.363764318811217e-13,0,0,0,real,0,7.344268262386322,0,627.3974105715752
/workspace/data/genbuster-mini/extracted/GenBuster-200K-mini/benchmark/real/f0a9f85365b313db61e15e9b2a6d966dc10cb5c5b8d2b81517b002f2226a84ea.mp4,3.3601834774017334,0.9664367437362672,3.3601834774017334,0.1469181460340586,0,1,0,real,0,8.587110787630081,1,712.7159051597118
/workspace/data/genbuster-mini/extracted/GenBuster-200K-mini/benchmark/real/efec34f86d8e7c5eb150a245d2f51fbf2c7858b47b77a36d61bd3b967ef63781.mp4,-21.3599796295166,0.999999999470972,21.3599796295166,1.1827057267143394e-08,0,0,0,real,0,7.860500365495682,0,621.7219941318035
/workspace/data/genbuster-mini/extracted/GenBuster-200K-mini/benchmark/real/efa5a9ee9d71cd6a7f387e346285f3e62bc306139d67107fe4f050269a937853.mp4,-35.03116607666016,0.9999999999999992,35.03116607666016,-9.825360497483385e-13,0,0,0,real,0,7.046189159154892,0,623.2663318514824
/workspace/data/genbuster-mini/extracted/GenBuster-200K-mini/benchmark/real/ef91f9096326869fcedd7327af52b6b82f03e28e623becad392223bd9ce03722.mp4,-13.888562202453612,0.999999070448041,13.888562202453612,1.3839690592941793e-05,0,0,0,real,0,7.097307592630386,0,623.2310980558395
/workspace/data/genbuster-mini/extracted/GenBuster-200K-mini/benchmark/real/ef5345962c143768a1ebb3d4edeb0752a107ba96a423cb1de2bce902b3e63dc3.mp4,-30.29205322265625,0.9999999999999302,30.29205322265625,9.95882532096108e-13,0,0,0,real,0,7.86253809928894,0,623.6850135028362
/workspace/data/genbuster-mini/extracted/GenBuster-200K-mini/benchmark/real/eeedca9e5faa8f524802fa9e1d10dd14cb6d9252afc244a52bd499e0d464c2ab.mp4,-40.62931442260742,1.0,40.62931442260742,-1.0000263386938737e-12,0,0,0,real,0,6.783109158277512,0,621.3601678609848
/workspace/data/genbuster-mini/extracted/GenBuster-200K-mini/benchmark/real/eede9497a713f1d21a2374be4cb677f8d13d3926a235515d34c9fc74b90aa224.mp4,-38.234405517578125,1.0,38.234405517578125,-9.994027724350365e-13,0,0,0,real,0,7.304701954126358,0,621.7177733778954
/workspace/data/genbuster-mini/extracted/GenBuster-200K-mini/benchmark/real/eed29332599d0eb8c9112c5300b993f9e981e2404404e6c2cdb0f81f40cb2e94.mp4,-22.80667495727539,0.9999999998754948,22.80667495727539,2.962055175184625e-09,0,0,0,real,0,7.2367265820503235,0,624.3084371089935
/workspace/data/genbuster-mini/extracted/GenBuster-200K-mini/benchmark/real/eeb108cf00694ee48c6a62d37fa10d8d753bde6dc9dde59ec7d80212c08ee8b3.mp4,-28.556537628173828,0.9999999999996037,28.556537628173828,1.0214858683632039e-11,0,0,0,real,0,7.071975618600845,0,623.0135187506676
/workspace/data/genbuster-mini/extracted/GenBuster-200K-mini/benchmark/real/ee4bbc6002946ecdc1c79c09224d75305bb11d283eeb617bb6c2b9f32ecf761a.mp4,-26.947036743164062,0.9999999999980184,26.947036743164062,5.3574672774371927e-11,0,0,0,real,0,7.213618606328964,0,631.7848674952984
/workspace/data/genbuster-mini/extracted/GenBuster-200K-mini/benchmark/real/ee2877c200c9db8ee38f650ee90097b88289b555833d50c29553b7502cfd52e7.mp4,-18.567575454711918,0.9999999913661508,18.567575454711918,1.6894149514157716e-07,0,0,0,real,0,7.394425570964813,0,624.3013553321362
/workspace/data/genbuster-mini/extracted/GenBuster-200K-mini/benchmark/real/ee0d0f0ee677ca97295dea4a8e2f3f1e32d715019e7d1167000c93c313ff928e.mp4,-24.13215446472168,0.999999999966922,24.13215446472168,8.293347770369403e-10,0,0,0,real,0,7.101688534021378,0,623.9907331764698
/workspace/data/genbuster-mini/extracted/GenBuster-200K-mini/benchmark/real/ed8d5698673178cdf235e64f237938b9e5194853a90bd96f4a69683bf2ac2ecd.mp4,-17.841459274291992,0.9999999821535148,17.841459274291992,3.362518232609904e-07,0,0,0,real,0,7.000043988227844,0,627.0617805421352
/workspace/data/genbuster-mini/extracted/GenBuster-200K-mini/benchmark/real/ed83bbcbacf03f1b115e88e20bb12a1e827239041336ae09b0b7bc23dc9e32d7.mp4,-20.691139221191406,0.9999999989673516,20.691139221191406,2.239731849806501e-08,0,0,0,real,0,7.160216569900513,0,624.9612905085087
/workspace/data/genbuster-mini/extracted/GenBuster-200K-mini/benchmark/real/ed74aec8b3cceac7f0b750c983c934536029406b12fa071b629368cc3ff07352.mp4,-14.889589309692385,0.9999996583878216,14.889589309692385,5.428075303539038e-06,0,0,0,real,0,7.082443684339523,0,623.3780048787594
/workspace/data/genbuster-mini/extracted/GenBuster-200K-mini/benchmark/real/ed26ec82c4a264ffe735fcc9e34de10aca81f93801c0a6c0c9e40ba0d7c08352.mp4,-26.309480667114254,0.9999999999962508,26.309480667114254,1.0050211224359539e-10,0,0,0,real,0,7.354386150836945,1,704.0498927235603
/workspace/data/genbuster-mini/extracted/GenBuster-200K-mini/benchmark/real/ece880f9f1e42a1ca03787c6d83dd12acf95ad62cb26109853a417a86efcedd8.mp4,-17.36129379272461,0.9999999711539777,17.36129379272461,5.296482907489457e-07,0,0,0,real,0,7.587891072034836,0,620.4262189567089
/workspace/data/genbuster-mini/extracted/GenBuster-200K-mini/benchmark/real/ecc36355bfb7a8e804de8c415ff42d05516b52aa89c8988eb144d596481a15a2.mp4,-21.79410171508789,0.999999999657278,21.79410171508789,7.810040122984783e-09,0,0,0,real,0,8.296441286802292,1,705.5819183588028
/workspace/data/genbuster-mini/extracted/GenBuster-200K-mini/benchmark/real/ecb6dcb9b755ce9f8a9e5cff03e241be50c3c9f110b41ab69cad9f9f78b80662.mp4,-11.23521327972412,0.9999867991127758,11.23521327972412,0.0001615157562774,0,0,0,real,0,7.453102618455887,0,621.8488104641438
/workspace/data/genbuster-mini/extracted/GenBuster-200K-mini/benchmark/real/ec6927a4cfced8c97b41912e6c0d7d77ab4fdc6c6663f62da8c6185646f6e4a7.mp4,-26.627763748168945,0.9999999999972728,26.627763748168945,7.349317430206177e-11,0,0,0,real,0,7.240697741508484,1,713.5814093053341
/workspace/data/genbuster-mini/extracted/GenBuster-200K-mini/benchmark/real/ec60467aaacb90b5405cad71c216df7579206c4a1ae78594e121fc2476f41279.mp4,-33.72736740112305,0.9999999999999978,33.72736740112305,-9.356739458790476e-13,0,0,0,real,0,6.912104785442352,1,708.8618539273739
/workspace/data/genbuster-mini/extracted/GenBuster-200K-mini/benchmark/real/ec4ca47a3dc3bbf35c9708c8bf29a4c66fad73c08f86154db0e172d09a82d2c4.mp4,-25.219480514526367,0.9999999999888488,25.219480514526367,2.9041907725846315e-10,0,0,0,real,0,6.950873881578445,0,626.5475489199162
/workspace/data/genbuster-mini/extracted/GenBuster-200K-mini/benchmark/real/ebea2a78cfb97d973327fee21f216aa61fda6f5272d2451341203ccecbd92085.mp4,-41.34035873413086,1.0,41.34035873413086,-1.0000581744964512e-12,0,0,0,real,0,6.962522864341736,0,620.8043396472931
/workspace/data/genbuster-mini/extracted/GenBuster-200K-mini/benchmark/real/eb6727fa4168362a55b7a4517867636d3a68f1f35ced7f5daedab076eaf014fe.mp4,-23.973127365112305,0.9999999999612204,23.973127365112305,9.664599668796144e-10,0,0,0,real,0,6.951645016670227,0,626.1643543839455
/workspace/data/genbuster-mini/extracted/GenBuster-200K-mini/benchmark/real/ead022b1408667060a102f94aec6fb32580037652814cb7c5415048231a0b466.mp4,-20.29009246826172,0.9999999984578564,20.29009246826172,3.283037860306151e-08,0,0,0,real,0,6.935674697160721,1,707.3004208505154
/workspace/data/genbuster-mini/extracted/GenBuster-200K-mini/benchmark/real/ea3de97f87fd4e1b2cca0834fb14fc3ad77b116854e1c1ec7a6840abfbf5d428.mp4,-27.683734893798828,0.9999999999990512,27.683734893798828,2.552803418370996e-11,0,0,0,real,0,6.949495524168015,1,707.9854905605316
/workspace/data/genbuster-mini/extracted/GenBuster-200K-mini/benchmark/real/ea1320bba9f74a3d0438156a6820082497d7602fa5b91267d52ab7a18195dcf1.mp4,-34.750701904296875,0.9999999999999992,34.750701904296875,-9.768471898169422e-13,0,0,0,real,0,7.461357861757278,0,626.1340789496899
/workspace/data/genbuster-mini/extracted/GenBuster-200K-mini/benchmark/real/e9a5a09f1b46a7141fe807673beb1ad1ade428e3befd304ec0011a6915f0bd20.mp4,-11.034173011779783,0.999983859665008,11.034173011779783,0.0001942357118209,0,0,0,real,0,7.258940488100052,0,623.5434003174305
/workspace/data/genbuster-mini/extracted/GenBuster-200K-mini/benchmark/real/e987a34007e7a3856bd8e435acf9e85de29e32aa3683de5b836c791ea9d23073.mp4,-22.87220573425293,0.9999999998833924,22.87220573425293,2.7816875320909522e-09,0,0,0,real,0,7.1188583970069885,0,623.16520139575
/workspace/data/genbuster-mini/extracted/GenBuster-200K-mini/benchmark/real/e91e857ae965bd9dc92e5bd310f49ddd6b88f55c838251b364ea756c798d27eb.mp4,-30.14122009277344,0.9999999999999188,30.14122009277344,1.3199096764222058e-12,0,0,0,real,0,6.875917315483093,0,625.3614872694016
/workspace/data/genbuster-mini/extracted/GenBuster-200K-mini/benchmark/real/e8eeebf778f83b7117c0024e8e6ee1072026f0a48e32faec5bc6fbd2c5f2dbcf.mp4,-19.45186233520508,0.9999999964341464,19.45186233520508,7.29263474654688e-08,0,0,0,real,0,6.992988288402557,0,625.6268247961998
/workspace/data/genbuster-mini/extracted/GenBuster-200K-mini/benchmark/real/e8bb154f3e691885152cc6c5068c015307ad26ff3eb3ab7932bafdb7a5cf6e53.mp4,-24.571901321411133,0.9999999999786912,24.571901321411133,5.429291451617767e-10,0,0,0,real,0,7.056836038827896,0,624.3136078119278
/workspace/data/genbuster-mini/extracted/GenBuster-200K-mini/benchmark/real/e88f81769bca798a5577a04e5325b38089f7eb556137e4f5a3c5a064212f7f06.mp4,-15.12761402130127,0.9999997307469926,15.12761402130127,4.342406630773085e-06,0,0,0,real,0,7.253926247358322,0,624.6823631227016
/workspace/data/genbuster-mini/extracted/GenBuster-200K-mini/benchmark/real/e869db4ff837bf056e30e99fa245b453e50c3bc76f6a94d846632a7e005f6212.mp4,-18.137157440185547,0.9999999867220026,18.137157440185547,2.5410112695734564e-07,0,0,0,real,0,6.925411522388458,0,624.1120472550392
/workspace/data/genbuster-mini/extracted/GenBuster-200K-mini/benchmark/real/e8354f218e256026a71d5e7522e5b84debf856d2aa29bdab32c5330e909f7de3.mp4,-26.791358947753903,0.9999999999976844,26.791358947753903,6.252203665446431e-11,0,0,0,real,0,7.075473666191101,1,711.1276686191559
/workspace/data/genbuster-mini/extracted/GenBuster-200K-mini/benchmark/real/e7e0bd7418fd3b4d581d0d714dd7589706c9c8a44bd8c9bf6223f3753272071d.mp4,-31.244348526000977,0.999999999999973,31.244348526000977,-2.2872968659753873e-13,0,0,0,real,0,6.942663341760635,0,625.7523037493229
/workspace/data/genbuster-mini/extracted/GenBuster-200K-mini/benchmark/real/e6d2dfaaa88ffc0e6def86d38ff18cae3d3da29c6149f42777cd16d42673aa22.mp4,-18.717042922973636,0.9999999925648196,18.717042922973636,1.4659777300912934e-07,0,0,0,real,0,6.95757195353508,0,624.7510462999344
/workspace/data/genbuster-mini/extracted/GenBuster-200K-mini/benchmark/real/e6b8e59d6ac03f0d1a32eb375a7da7872835ed80ebbf7a0fe5b2d7130d5aa435.mp4,-27.41204833984375,0.9999999999987552,27.41204833984375,3.3633266569555886e-11,0,0,0,real,0,7.1100108325481415,0,622.0785975456238
/workspace/data/genbuster-mini/extracted/GenBuster-200K-mini/benchmark/real/e6b6b8cb52c027c1e85cd4f140d1843cdbc1cbc0c9331543f2fef3dcab144bc7.mp4,-25.653057098388672,0.999999999992772,25.653057098388672,1.907120145008719e-10,0,0,0,real,0,6.91995769739151,0,624.1978742182255
/workspace/data/genbuster-mini/extracted/GenBuster-200K-mini/benchmark/real/e60a28bdcd56a3bb8ea2ea5089fb6e36219ce2ecddd6c3f321c52ad4767691e0.mp4,-33.043582916259766,0.9999999999999956,33.043582916259766,-8.724279947243439e-13,0,0,0,real,0,5.988411605358124,0,622.2914978861809
/workspace/data/genbuster-mini/extracted/GenBuster-200K-mini/benchmark/real/e5c645d6070354b2243b30f953e91ee3d1fe2ec9cd1c8ee5dfa32837db5d692d.mp4,-30.19675064086914,0.9999999999999232,30.19675064086914,1.1948523094551201e-12,0,0,0,real,0,4.557982087135315,0,625.8504241704941
/workspace/data/genbuster-mini/extracted/GenBuster-200K-mini/benchmark/real/e51917635045dcdb3ea0a7307448aa07d87c7b37711c8aca2fcccd91f82aa8b3.mp4,-21.50688362121582,0.9999999995432494,21.50688362121582,1.0278033940044887e-08,0,0,0,real,0,4.407159984111786,0,622.8128112852573
/workspace/data/genbuster-mini/extracted/GenBuster-200K-mini/benchmark/real/e500acdf272d4675088de9f44d77d07b8c596f5e459fa6b8c367c262a72e2439.mp4,-38.495338439941406,1.0,38.495338439941406,-9.995603536359584e-13,0,0,0,real,0,4.589341580867767,0,627.2161714732647
/workspace/data/genbuster-mini/extracted/GenBuster-200K-mini/benchmark/real/e4bcfb23e8e810c45e713accc4f3e4454b9e397166ef97857ac773ee0a055d0c.mp4,-25.41195106506348,0.9999999999908012,25.41195106506348,2.4100822959737635e-10,0,0,0,real,0,4.551824182271957,1,712.2110240161419
/workspace/data/genbuster-mini/extracted/GenBuster-200K-mini/benchmark/real/e4a3eb7c6c6665ae04286c90d742ccacf4c99ba08bbff20d34d6f498ae3493da.mp4,-31.278867721557617,0.999999999999974,31.278867721557617,-2.548477979763393e-13,0,0,0,real,0,5.173444747924805,0,622.6131059229374
/workspace/data/genbuster-mini/extracted/GenBuster-200K-mini/benchmark/real/e46ef7b34b76f7323f7dbff929053037aea31af45414af3fbb4d677841182404.mp4,-25.436058044433597,0.9999999999910204,25.436058044433597,2.354389856268399e-10,0,0,0,real,0,4.806853830814362,0,622.9065880179405
/workspace/data/genbuster-mini/extracted/GenBuster-200K-mini/benchmark/real/e3e18f0c5f89fb8d30ea87bb1eb7fb86a35c6a4051dbab67c40673896082572b.mp4,-1.509430766105652,0.8189768344163895,1.509430766105652,0.4729414203004386,0,0,0,real,0,5.138464272022247,0,622.9245662689209
/workspace/data/genbuster-mini/extracted/GenBuster-200K-mini/benchmark/real/e3cbe0611a9f12fa9df6a4af77ad92635c1437e282743724bfdeafaba0ceb9ca.mp4,-22.250568389892575,0.9999999997828796,22.250568389892575,5.046178375143884e-09,0,0,0,real,0,7.489889860153198,0,625.2705529332161
/workspace/data/genbuster-mini/extracted/GenBuster-200K-mini/benchmark/real/e332fedff040e6bb6748ca5f595bce2ba5b87f284fdc29b2232ce0e527a5caeb.mp4,-34.859649658203125,0.9999999999999992,34.859649658203125,-9.791545234878558e-13,0,0,0,real,0,6.858605891466141,0,623.9888519048691
/workspace/data/genbuster-mini/extracted/GenBuster-200K-mini/benchmark/real/e31d6f3172865ac727115fe265adffe1bdd5f5fe74d691554af7257e38f515b7.mp4,-16.847373962402344,0.99999995177431,16.847373962402344,8.606999250958533e-07,0,0,0,real,0,6.924338638782501,1,716.9182933866978
/workspace/data/genbuster-mini/extracted/GenBuster-200K-mini/benchmark/real/e2ec0c48aa59243c1c71555704d0c4513a91cdddf4ce34ea292ffab1a689e98f.mp4,-26.22945022583008,0.9999999999959384,26.22945022583008,1.0870045743049817e-10,0,0,0,real,0,7.056053727865219,0,634.9425837397575
/workspace/data/genbuster-mini/extracted/GenBuster-200K-mini/benchmark/real/e2acbafe7bdc81cdc235db86fb63baf3b785a2e98cc6a738ce2a2218d64c6b58.mp4,-30.739482879638672,0.9999999999999554,30.739482879638672,2.768569272584088e-13,0,0,0,real,0,6.516717374324799,0,624.7438825666904
/workspace/data/genbuster-mini/extracted/GenBuster-200K-mini/benchmark/real/e2915a8b452d6d7b138c26aaf27abfc8009e29a2afb5680e85ae60fa9bca2249.mp4,-26.262287139892575,0.9999999999960696,26.262287139892575,1.052600443950434e-10,0,0,0,real,0,7.488247007131576,0,626.2617148458958
/workspace/data/genbuster-mini/extracted/GenBuster-200K-mini/benchmark/real/e210eae6152f334f29ceaef90b700144b44e98dd56f80a5faece64379f160a74.mp4,-34.093589782714844,0.9999999999999984,34.093589782714844,-9.55411037323121e-13,0,0,0,real,0,7.598698139190674,0,630.1233358681202
/workspace/data/genbuster-mini/extracted/GenBuster-200K-mini/benchmark/real/e1f7fd50289c6c8040e0de10b073da59c9ce98498149491a7382f7833be9f2b1.mp4,-10.742660522460938,0.999978397081577,10.742660522460938,0.0002536759689979,0,0,0,real,0,7.83960148692131,0,624.3134811520576
/workspace/data/genbuster-mini/extracted/GenBuster-200K-mini/benchmark/real/e1c2f21ec0bb249c8707e8cec3b3a82e3d7a10186bbe4f4b79d3ab5b6bd2bdf6.mp4,-22.15414810180664,0.999999999760902,22.15414810180664,5.534109814063398e-09,0,0,0,real,0,7.427558302879333,1,716.3751423358917
/workspace/data/genbuster-mini/extracted/GenBuster-200K-mini/benchmark/real/e184665a1afa1de9ce5d968aa2db8b73809bb24233a4fb53c150cddd3e7e8773.mp4,-27.14777183532715,0.9999999999983786,27.14777183532715,4.385805132387164e-11,0,0,0,real,0,7.335949689149857,0,625.7661953568459
/workspace/data/genbuster-mini/extracted/GenBuster-200K-mini/benchmark/real/e144ef7798bb88d925d4795688fe00d2aa76b785fb516f2e64f24964e5e26417.mp4,-11.707507133483888,0.99999176827896,11.707507133483888,0.0001046046863918,0,0,0,real,0,8.368037641048431,0,626.6378648579121
/workspace/data/genbuster-mini/extracted/GenBuster-200K-mini/benchmark/real/e10221f60e27c929fb0efef021601f8905d437b7abaf0dbe6ad5fa356ec3cd9e.mp4,-11.42923069000244,0.9999891271481828,11.42923069000244,0.0001351412402947,0,0,0,real,0,7.700730115175247,0,622.3021522164345
/workspace/data/genbuster-mini/extracted/GenBuster-200K-mini/benchmark/real/e04c3f285d4a7ebfae2308d810abd3edda571de9c9875ac14431b8d878addb08.mp4,-31.567535400390625,0.9999999999999803,31.567535400390625,-4.41675715201017e-13,0,0,0,real,0,7.199373096227646,0,622.880645096302
/workspace/data/genbuster-mini/extracted/GenBuster-200K-mini/benchmark/real/e0466e1e08ac9fb0ed212ff51602cb0ff30b803c1a561f91e77b6488637e0785.mp4,-10.38355541229248,0.9999690638869652,10.38355541229248,0.0003521634335339,0,0,0,real,0,7.535513490438461,1,707.6321579515934
/workspace/data/genbuster-mini/extracted/GenBuster-200K-mini/benchmark/real/dfe92a27a7547dc863a0efea3781a2ba058a049cd1124ac2b7d97b64a897d737.mp4,-19.006404876708984,0.9999999944329744,19.006404876708984,1.113741667385118e-07,0,0,0,real,0,8.063159883022308,0,624.0522563457489
/workspace/data/genbuster-mini/extracted/GenBuster-200K-mini/benchmark/real/dfa3f4335b48ebb4a3ee09828bb333dfbc6991513cd6b8728f500407bbd38f74.mp4,-20.08348846435547,0.9999999981039412,20.08348846435547,3.997353535400231e-08,0,0,0,real,0,7.085263729095459,0,622.0230124890804
/workspace/data/genbuster-mini/extracted/GenBuster-200K-mini/benchmark/real/df770c6eb7df3f47567171ea65bf2857e90308154ec01985c635e1d997c10205.mp4,-16.561656951904297,0.9999999358253148,16.561656951904297,1.127011807233876e-06,0,0,0,real,0,7.261428982019424,0,622.6224340498447
/workspace/data/genbuster-mini/extracted/GenBuster-200K-mini/benchmark/real/df5e074706655372db7d5283236cabb28e9833134061dcadc5dbcc12704c95ff.mp4,-33.891578674316406,0.999999999999998,33.891578674316406,-9.453139088771109e-13,0,0,0,real,0,6.589677184820175,0,623.7030662596226
/workspace/data/genbuster-mini/extracted/GenBuster-200K-mini/benchmark/real/df3885a21d5595dc212850dc28a88df26f79d2ee4273fff6c533d8cf5cc9d945.mp4,-25.426851272583008,0.9999999999909372,25.426851272583008,2.3755074312756427e-10,0,0,0,real,0,7.135078310966492,0,623.9844635128975
/workspace/data/genbuster-mini/extracted/GenBuster-200K-mini/benchmark/real/df263495104b4ac37eabfeb361fdac76a94f48293622ad16eb1e99a897614c7e.mp4,-32.76293182373047,0.999999999999994,32.76293182373047,-8.309599259658999e-13,0,0,0,real,0,8.236333727836609,0,624.6076412498951
/workspace/data/genbuster-mini/extracted/GenBuster-200K-mini/benchmark/real/de7579546fd5597789fde7c0874fae2992321d83536b792430b33444be3b1c55.mp4,-16.14398956298828,0.9999999025561692,16.14398956298828,1.6705740284364322e-06,0,0,0,real,0,5.686439573764801,1,709.3605510890484
/workspace/data/genbuster-mini/extracted/GenBuster-200K-mini/benchmark/real/de5355099a8aa343a1a59d1f2d88c076e6e1164f16f284dbe5bbcbe0d3b699c0.mp4,-20.308330535888672,0.9999999984857272,20.308330535888672,3.2264623776516945e-08,0,0,0,real,0,5.477495491504669,1,707.9940922558308
/workspace/data/genbuster-mini/extracted/GenBuster-200K-mini/benchmark/real/de3148b65cbf3957c095079ac534b27285c95e2875bcebc2e997d6c0f9836106.mp4,-22.455249786376957,0.999999999823067,22.455249786376957,4.148011415130788e-09,0,0,0,real,0,5.4198578000068665,0,621.8856759369373
/workspace/data/genbuster-mini/extracted/GenBuster-200K-mini/benchmark/real/de0caa3122f86f537f19089d801460fa511de489faf3821228794f2f7486ff84.mp4,-22.24385070800781,0.999999999781416,22.24385070800781,5.078736171755672e-09,0,0,0,real,0,5.329914391040802,1,708.2860320806503
/workspace/data/genbuster-mini/extracted/GenBuster-200K-mini/benchmark/real/ddd884df8f2b06c85df2445ef31edd4867f654647bb5ce38b5081e45b8794f95.mp4,-24.240049362182617,0.9999999999703052,24.240049362182617,7.47514594852787e-10,0,0,0,real,0,5.081053823232651,0,620.3607358038425
/workspace/data/genbuster-mini/extracted/GenBuster-200K-mini/benchmark/real/ddd06206eb36af67ee340641adc1ecd1001876cd35ba93517eb2711f396ce40d.mp4,-40.28127670288086,1.0,40.28127670288086,-1.0000002950807924e-12,0,0,0,real,0,5.003266036510468,1,715.0419764220715
/workspace/data/genbuster-mini/extracted/GenBuster-200K-mini/benchmark/real/dcca6b1efa9f55b75f0ce0e54ffda9a6a16e962b4af3ee2315d38af950f98adc.mp4,-16.86667251586914,0.9999999526960792,16.86667251586914,8.451616667072696e-07,0,0,0,real,0,5.615301430225372,0,620.1509907841682
/workspace/data/genbuster-mini/extracted/GenBuster-200K-mini/benchmark/real/dc9f426260e0aec20733846813ff6a41f17cf585a9123021174ecea79cce84f5.mp4,-26.10957336425781,0.9999999999954212,26.10957336425781,1.22226238476486e-10,0,0,0,real,0,5.221910774707794,0,624.0189373493195
/workspace/data/genbuster-mini/extracted/GenBuster-200K-mini/benchmark/real/dc8f7b2165660769ca9491d7e7d08116f8f341080140c91d00260128bec8cc2f.mp4,-37.71931838989258,1.0,37.71931838989258,-9.989404707923496e-13,0,0,0,real,0,4.739843308925629,0,623.9040121436119
/workspace/data/genbuster-mini/extracted/GenBuster-200K-mini/benchmark/real/dc7de6abedcbc89304a9d1a3006165ac74b0e0c2200e71b72d6002307304aaef.mp4,-3.06036639213562,0.9552279710769652,3.06036639213562,0.1828240683659383,0,0,0,real,0,5.432389676570892,0,621.7236705124378
/workspace/data/genbuster-mini/extracted/GenBuster-200K-mini/benchmark/real/dc2b4ec01a8f7eedfb1d898bbae67f77e5b96ef205f61e75ab8035ca694c2aca.mp4,-35.57628631591797,0.9999999999999996,35.57628631591797,-9.898542740389786e-13,0,0,0,real,0,5.215916782617569,0,622.9644007980824
/workspace/data/genbuster-mini/extracted/GenBuster-200K-mini/benchmark/real/dbfb90ae002da553640656a0fec9f45a97dcb1d38c466b4cec81c6ae54af5845.mp4,-28.174304962158203,0.9999999999994192,28.174304962158203,1.5363921942295184e-11,0,0,0,real,0,4.84272837638855,0,630.8293491601944
/workspace/data/genbuster-mini/extracted/GenBuster-200K-mini/benchmark/real/db1bac6cdfdebcec84668a01e9d9fe647432d0d3176968009a17b192c0907747.mp4,-21.883195877075195,0.999999999686492,21.883195877075195,7.172069070999802e-09,0,0,0,real,0,5.166154354810715,0,622.6704679429531
/workspace/data/genbuster-mini/extracted/GenBuster-200K-mini/benchmark/real/da37bbd99d6aee97ac40dae175a5e13f7c9ce090b934e990681c6eebfcb4b1db.mp4,-19.599788665771484,0.9999999969244702,19.599788665771484,6.335326467469454e-08,0,0,0,real,0,5.410037934780121,0,624.5239675045013
/workspace/data/genbuster-mini/extracted/GenBuster-200K-mini/benchmark/real/da3630222fb5120015aa623a6ae6f592ed128c1d3e6769793e02666045476557.mp4,-26.614013671875,0.9999999999972352,26.614013671875,7.449665752142249e-11,0,0,0,real,0,4.751056432723999,1,708.8152579963207
/workspace/data/genbuster-mini/extracted/GenBuster-200K-mini/benchmark/real/d9e0375795362965303580e8e58c45a6287ee95630949296dce70237e1a3ce17.mp4,-33.45913314819336,0.999999999999997,33.45913314819336,-9.1565345285638e-13,0,0,0,real,0,4.762809723615646,0,623.8030642271042
/workspace/data/genbuster-mini/extracted/GenBuster-200K-mini/benchmark/real/d989ce83f5605ba5d2f1449b1d7daf6c3dd46fb30fbfd615c4b92d314d9f5424.mp4,-5.243511199951172,0.9947460703551768,5.243511199951172,0.0328168189941338,0,0,0,real,0,5.18408790230751,0,630.2664056420326
/workspace/data/genbuster-mini/extracted/GenBuster-200K-mini/benchmark/real/d97e8655daa71c4588c84549f8d7671d4be318e64fb8ee2c3663d65960b381f3.mp4,-9.888772010803224,0.99994926135696,9.888772010803224,0.0005524828012864,0,0,0,real,0,5.033493041992188,1,714.8607671260834
/workspace/data/genbuster-mini/extracted/GenBuster-200K-mini/benchmark/real/d97ad2015606d3f7ec84c5b7dd8a160ce349ef55059c9909f9cb9d9be82c0750.mp4,-32.44739532470703,0.999999999999992,32.44739532470703,-7.682353229456941e-13,0,0,0,real,0,5.279969424009323,0,623.7073242664337
/workspace/data/genbuster-mini/extracted/GenBuster-200K-mini/benchmark/real/d922a46e32668259c701952a4d40e42f3b461ba7e0776fddf56e9ce22523f819.mp4,-25.82937812805176,0.9999999999939404,25.82937812805176,1.606496214303273e-10,0,0,0,real,0,4.931226372718811,0,626.4976747334003
/workspace/data/genbuster-mini/extracted/GenBuster-200K-mini/benchmark/real/d911cce992f8788344fbcd5a3a32c0fcb340d23664d5c54cd45370934852e79b.mp4,-22.778535842895508,0.9999999998719418,22.778535842895508,3.043041762935549e-09,0,0,0,real,0,7.448934018611908,1,711.1275754868984
/workspace/data/genbuster-mini/extracted/GenBuster-200K-mini/benchmark/real/d9082d7483f4ad74f4f32412d5293c58e83b26c6f0fbb31ee2b2a6caf62a0c2b.mp4,-4.011508941650391,0.9822159465402364,4.011508941650391,0.0892849805962372,0,0,0,real,0,7.168211042881012,0,621.0656315088272
/workspace/data/genbuster-mini/extracted/GenBuster-200K-mini/benchmark/real/d8df7dc153184180f1303bcdeded6950ef18d38e28d5990df49617e8b5feab4a.mp4,-16.302242279052734,0.9999999168186235,16.302242279052734,1.439222331378864e-06,0,0,0,real,0,7.17293843626976,0,632.0486515760422
/workspace/data/genbuster-mini/extracted/GenBuster-200K-mini/benchmark/real/d8cb8a272cdeede6afac1761249afd714f2155845746fd2c3f063c5d10ca0f6d.mp4,-21.656475067138672,0.9999999996067104,21.656475067138672,8.908554756471489e-09,0,0,0,real,0,7.08673894405365,0,624.115876853466
/workspace/data/genbuster-mini/extracted/GenBuster-200K-mini/benchmark/real/d8561d0c717a2f50c1d4da9c38febbfde12b2ddfe74f71609bb2eb80976b1af8.mp4,-22.00601577758789,0.9999999997227262,22.00601577758789,6.376966312177138e-09,0,0,0,real,0,7.357269525527954,0,628.5662092268467
/workspace/data/genbuster-mini/extracted/GenBuster-200K-mini/benchmark/real/d840a875ab1e6fd328b6c034b3352eb57663a16429a5c665b45bf185913fb71a.mp4,-45.49806213378906,1.0,45.49806213378906,-1.0000884199200736e-12,0,0,0,real,0,7.069475948810577,1,724.4897074997425
/workspace/data/genbuster-mini/extracted/GenBuster-200K-mini/benchmark/real/d7967c2586d7aa877629b76fa445769cbdee71402017d43b27ac9dab0d21669f.mp4,-28.172792434692383,0.9999999999994182,28.172792434692383,1.5388378146995264e-11,0,0,0,real,0,7.436428219079971,0,626.7186067998409
/workspace/data/genbuster-mini/extracted/GenBuster-200K-mini/benchmark/real/d73cb5f37c92f5ecb4ebf155904b0f50821a5d3bc33153421b75481f0606411f.mp4,-28.30798721313477,0.999999999999492,28.30798721313477,1.334025451801776e-11,0,0,0,real,0,7.097546011209488,0,627.9596835374832
/workspace/data/genbuster-mini/extracted/GenBuster-200K-mini/benchmark/real/d6fdd02c50fdd82aabaf700dbf8b528d02f4d32d24c817f23894ddd6445286d3.mp4,-11.415974617004396,0.9999889820592216,11.415974617004396,0.0001367985317222,0,0,0,real,0,6.701312959194183,1,710.3399224579334
/workspace/data/genbuster-mini/extracted/GenBuster-200K-mini/benchmark/real/d6ab1d108067ad41e5f507d18db82c1b0553e60d7836e975d9448a500742e849.mp4,-19.83118438720703,0.9999999975597964,19.83118438720703,5.083033118364307e-08,0,0,0,real,0,7.062774151563644,0,626.3246759772301
/workspace/data/genbuster-mini/extracted/GenBuster-200K-mini/benchmark/real/d69ae7d707c7e47b0c43d8b9c0a5a4f2d4bc462840b5dcfac8373f1bd67d9b4b.mp4,-35.60000228881836,0.9999999999999996,35.60000228881836,-9.900837313997602e-13,0,0,0,real,0,7.099553942680359,1,711.1301682889462
/workspace/data/genbuster-mini/extracted/GenBuster-200K-mini/benchmark/real/d635ae1f1e447da530c2484385d45c5466050c21dc10c3ff6e75933b1c4f221d.mp4,-11.64217758178711,0.9999912125531408,11.64217758178711,0.0001110925001072,0,0,0,real,0,7.160607725381851,0,618.2376109063625
/workspace/data/genbuster-mini/extracted/GenBuster-200K-mini/benchmark/real/d60c54bd6f937f165a1864e1512ebf13420e0f96e0842de454528d046545b683.mp4,-19.549583435058597,0.9999999967661208,19.549583435058597,6.645286989826835e-08,0,0,0,real,0,7.176414132118225,0,623.8101460039616
/workspace/data/genbuster-mini/extracted/GenBuster-200K-mini/benchmark/real/d5f6cfb0f94b3aa8bb5a4edddb28c6ddbf75370ccf7712b8ad24162ed898dc6f.mp4,-16.229089736938477,0.9999999105056006,16.229089736938477,1.5419050397603605e-06,0,0,0,real,0,7.0889294147491455,0,620.7602806389332
/workspace/data/genbuster-mini/extracted/GenBuster-200K-mini/benchmark/real/d5c90b593636fa3c988e0293e7cb59821350296975bbbd01159384f54b3bf56a.mp4,-31.462940216064453,0.9999999999999784,31.462940216064453,-3.800842675689709e-13,0,0,0,real,0,7.045041769742966,0,626.651007682085
/workspace/data/genbuster-mini/extracted/GenBuster-200K-mini/benchmark/real/d5b9a82467c13170c4b1fcf39068a43dc2a5c3f57ef126b0ca96e4aa46420d00.mp4,-13.452227592468262,0.9999985619593872,13.452227592468262,2.0782889294934352e-05,0,0,0,real,0,7.254365831613541,0,621.3670931756496
/workspace/data/genbuster-mini/extracted/GenBuster-200K-mini/benchmark/real/d54c9074ab6b9b36c437d3b73e7cfec7b166692face86b615423fbe5f3c3f47e.mp4,1.8474392890930176,0.8638261556625366,1.8474392890930176,0.3979566376246206,0,1,0,real,0,9.169057011604307,0,621.9796240329742
/workspace/data/genbuster-mini/extracted/GenBuster-200K-mini/benchmark/real/d4e8983e9dc1be67d1ba600c3378a7bf882c0bb6fa35d3c481b30dc2c374c0da.mp4,-8.380783081054688,0.9997708221781068,8.380783081054688,0.0021498937102032,0,0,0,real,0,7.107183337211609,0,628.2449215650558
/workspace/data/genbuster-mini/extracted/GenBuster-200K-mini/benchmark/real/d4453e8eda6ebff44aaf76f704823d73c073660a7d1e72bfe82ce4424c08968c.mp4,-25.33940887451172,0.9999999999901092,25.33940887451172,2.5856709882029985e-10,0,0,0,real,0,7.315687835216522,0,629.4488981366158
/workspace/data/genbuster-mini/extracted/GenBuster-200K-mini/benchmark/real/d3bed4933d7e7dc7df9c83a7f452f1a743d7c4a1f1640a969fc93b18b01cbf54.mp4,-27.396625518798828,0.999999999998736,27.396625518798828,3.416066742139725e-11,0,0,0,real,0,7.33528658747673,0,627.5625973939896
/workspace/data/genbuster-mini/extracted/GenBuster-200K-mini/benchmark/real/d30e8bb77d7e387ce58a833ace857d3270b53877b016f0cd0278cb40896e36cc.mp4,-32.839439392089844,0.9999999999999946,32.839439392089844,-8.434171115144184e-13,0,0,0,real,0,7.309935986995697,0,624.2684163153172
/workspace/data/genbuster-mini/extracted/GenBuster-200K-mini/benchmark/real/d2e9bae405168351ef1203926b98d9dd2caeef3b3df669ee498395ed283791fc.mp4,-35.324337005615234,0.9999999999999996,35.324337005615234,-9.870490291287232e-13,0,0,0,real,0,7.081285119056702,0,631.937138736248
/workspace/data/genbuster-mini/extracted/GenBuster-200K-mini/benchmark/real/d2b4f675346e76c4b5968323467e2bd0d7cd417975f393d745858c83877cc6b7.mp4,-16.278169631958008,0.9999999147919354,16.278169631958008,1.4722374009190833e-06,0,0,0,real,0,7.2006359696388245,0,642.5464563071728
/workspace/data/genbuster-mini/extracted/GenBuster-200K-mini/benchmark/real/d28c9df977c8c7fdf7623e30a2d0ab19555f3c4edad22ada99513061ca32117d.mp4,-17.125171661376953,0.9999999634714528,17.125171661376953,6.620841934465203e-07,0,0,0,real,0,7.191214710474014,0,628.7655793130398
/workspace/data/genbuster-mini/extracted/GenBuster-200K-mini/benchmark/real/d242c1cb5b6714b7ec494d0895365d3ec404b4c9bbacede7afb506b3634355ff.mp4,-23.225624084472656,0.9999999999181084,23.225624084472656,1.981882278084468e-09,0,0,0,real,0,7.416956126689911,0,626.911073923111
/workspace/data/genbuster-mini/extracted/GenBuster-200K-mini/benchmark/real/d229358420fb30f106d7d54cd18836c59e9d6a0aef24ff8b166251e99aefa20d.mp4,-27.19296646118164,0.9999999999984504,27.19296646118164,4.191871559851816e-11,0,0,0,real,0,7.140655070543289,1,711.083609610796
/workspace/data/genbuster-mini/extracted/GenBuster-200K-mini/benchmark/real/d2267dd4b5d0f2dbb011d0b597e78580afa4574c8220b1d9562b850fd8cd1d13.mp4,5.667853355407715,0.9965566396713256,5.667853355407715,0.0229657802119283,0,1,0,real,0,7.170993834733963,0,622.6757615804672
/workspace/data/genbuster-mini/extracted/GenBuster-200K-mini/benchmark/real/d1f514e960010ed901b3071dd634cd02dfd2613e120bf75fc98e62973d4f5b24.mp4,-11.737420082092283,0.999992010864844,11.737420082092283,0.000101761000278,0,0,0,real,0,6.957303732633591,0,625.406701117754
/workspace/data/genbuster-mini/extracted/GenBuster-200K-mini/benchmark/real/d1ec5a8a1249aa01496a3d82c6591edfef806396a22db455326e7aa4a5ca84ba.mp4,-31.932300567626957,0.9999999999999865,31.932300567626957,-6.122928116573602e-13,0,0,0,real,0,5.694407969713211,0,624.9283775687218
/workspace/data/genbuster-mini/extracted/GenBuster-200K-mini/benchmark/real/d1bb9c6e2c086c72b05d7512179ea2f0b9135ef4c9a649ecc9393bc3d079794c.mp4,-22.57068252563477,0.999999999842356,22.57068252563477,3.713777137497094e-09,0,0,0,real,0,6.553463637828827,1,710.4544565081596
/workspace/data/genbuster-mini/extracted/GenBuster-200K-mini/benchmark/real/d15d1757432e89ccab7fff7c32f71daafee76f4eb8990ab6c8f3a95e09fd1996.mp4,-25.24304962158203,0.9999999999891086,25.24304962158203,2.838663176386053e-10,0,0,0,real,0,8.24592262506485,0,626.0998286306858
/workspace/data/genbuster-mini/extracted/GenBuster-200K-mini/benchmark/real/d12ce6a4a2a2defcb34ff71e3de968bc115a0c47c57eb5b60ff1d4f20a818074.mp4,-24.02705764770508,0.9999999999632564,24.02705764770508,9.175970385328075e-10,0,0,0,real,0,7.995560765266418,0,619.9121996760368
/workspace/data/genbuster-mini/extracted/GenBuster-200K-mini/benchmark/real/d123da7fddf018e4f64cea29d6134229e0638ca7843e64dbce4a353ef797ee64.mp4,-18.636409759521484,0.999999991940463,18.636409759521484,1.582583714910885e-07,0,0,0,real,0,8.057501167058945,0,630.3916461765766
/workspace/data/genbuster-mini/extracted/GenBuster-200K-mini/benchmark/real/d102c7bb7e70db26271afa69eaa3e861c4ec71d40353dc3d456a0f31d7f724ec.mp4,-31.2498836517334,0.9999999999999732,31.2498836517334,-2.330560363006453e-13,0,0,0,real,0,7.114693522453308,0,633.4764249622822
/workspace/data/genbuster-mini/extracted/GenBuster-200K-mini/benchmark/real/d0dfcc350e24b6e488039a78837a11525bcc087a177a3c9d81bb15171ffdb317.mp4,-20.643218994140625,0.999999998916662,20.643218994140625,2.3444919064180507e-08,0,0,0,real,0,5.230918526649475,1,716.0313576459885
/workspace/data/genbuster-mini/extracted/GenBuster-200K-mini/benchmark/real/d077e15ccbee55ce9d2672b18e8bec1ca9b15d2d8e51a9c9614f14adbf005021.mp4,-22.08622169494629,0.9999999997440968,22.08622169494629,5.905841028909905e-09,0,0,0,real,0,7.085245102643967,0,627.3149326443672
/workspace/data/genbuster-mini/extracted/GenBuster-200K-mini/benchmark/real/d00e21bcca9f1c1a42190a082d38893cdc673736e2cade655cc930c9343c6746.mp4,-35.783233642578125,0.9999999999999996,35.783233642578125,-9.91684473438078e-13,0,0,0,real,0,7.792077958583832,0,629.18796017766
/workspace/data/genbuster-mini/extracted/GenBuster-200K-mini/benchmark/real/cf9d828f5849a8fac5b26de549e7f5282379b69f0b7fb03b3d0c083eea3dd23e.mp4,-33.26755142211914,0.9999999999999964,33.26755142211914,-8.980382845611103e-13,0,0,0,real,0,7.450338453054428,0,627.3107118904591
/workspace/data/genbuster-mini/extracted/GenBuster-200K-mini/benchmark/real/cf5a2bf014dccef2388d4cbdce0391a16fcee9c79a350f863d49bbc7deae7d97.mp4,-19.96017265319824,0.9999999978550996,19.96017265319824,4.4955484688210064e-08,0,0,0,real,0,7.133003324270248,0,623.2699528336525
/workspace/data/genbuster-mini/extracted/GenBuster-200K-mini/benchmark/real/cf53452a3a689fad717f0e3fc29086dd6e5c8a158ca80f1cea6fcd52e1ce9587.mp4,-15.592799186706545,0.9999998309040166,15.592799186706545,2.8057737070807188e-06,0,0,0,real,0,7.57172703742981,0,626.7301961779594
/workspace/data/genbuster-mini/extracted/GenBuster-200K-mini/benchmark/real/cf20eef3c15804f3a88afac7b227943757c017dbd14fe5d9c6b25312f74395bb.mp4,-33.5506706237793,0.9999999999999972,33.5506706237793,-9.232107419374832e-13,0,0,0,real,0,7.237955927848816,0,626.9055679440498
/workspace/data/genbuster-mini/extracted/GenBuster-200K-mini/benchmark/real/cefc61cce68ae17e578be22e12490b3609cc34435d62f08ff5b7c1d3e99a8e62.mp4,-33.6149787902832,0.9999999999999974,33.6149787902832,-9.278326426348196e-13,0,0,0,real,0,7.053855806589127,0,625.4389137029648
/workspace/data/genbuster-mini/extracted/GenBuster-200K-mini/benchmark/real/ce98235ab8f6d5ebd81859651a37189a2f6a9c8c8ea43092b9dfd62f9638b795.mp4,-20.386550903320312,0.99999999859966,20.386550903320312,2.994644197175721e-08,0,0,0,real,0,7.742438465356827,0,627.760786563158
/workspace/data/genbuster-mini/extracted/GenBuster-200K-mini/benchmark/real/ce918d15f286b74225b03d5ae329bac0c023492b87e96ce5f9bb5aed420b3ac8.mp4,-22.60646629333496,0.9999999998478974,22.60646629333496,3.588606456198799e-09,0,0,0,real,0,7.118925452232361,0,629.2266510426998
/workspace/data/genbuster-mini/extracted/GenBuster-200K-mini/benchmark/real/ce2fd88a9d8cd32afa21657ac26a106d8c5999f7f2a042dd487124892aaaecb0.mp4,-23.871910095214844,0.9999999999570898,23.871910095214844,1.065271648062434e-09,0,0,0,real,0,7.86484032869339,0,629.084300249815
/workspace/data/genbuster-mini/extracted/GenBuster-200K-mini/benchmark/real/cde323280db4fe366a95078e57201af3cad4e85e66aa2920eeb4e2d09e0b6fc4.mp4,-22.616668701171875,0.9999999998494414,22.616668701171875,3.553696032709204e-09,0,0,0,real,0,7.056277245283127,0,630.1857158541679
/workspace/data/genbuster-mini/extracted/GenBuster-200K-mini/benchmark/real/cdc3c928569d745575f78f9417f6773f5bf53e8211659fef5109e22fed2df63d.mp4,-22.9580192565918,0.9999999998929816,22.9580192565918,2.561956083043643e-09,0,0,0,real,0,7.749449461698532,0,627.5178715586662
/workspace/data/genbuster-mini/extracted/GenBuster-200K-mini/benchmark/real/cd6c3ca22cbd09431dbb9c8064e810fe0d055eddc2aa8501806f8675b6c5c91f.mp4,-11.625348091125488,0.9999910634141996,11.625348091125488,0.0001128275436509,0,0,0,real,0,7.560968399047852,0,629.2336024343967
/workspace/data/genbuster-mini/extracted/GenBuster-200K-mini/benchmark/real/cd5f9894825d4b2cc7cf81ff64bc3d3c69833c21ee3e1a77dcedc3c9bcd00f93.mp4,-29.02231979370117,0.9999999999997512,29.02231979370117,6.066837441400425e-12,0,0,0,real,0,7.148284465074539,0,626.0827630758286
/workspace/data/genbuster-mini/extracted/GenBuster-200K-mini/benchmark/real/ccfd553d1d983d2f0be7b46adb433188b7cfa613492e9d8d547fc7dca5ccbb8b.mp4,-18.237192153930664,0.9999999879859872,18.237192153930664,2.3111387428275305e-07,0,0,0,real,0,7.492184638977051,0,620.1995462179184
/workspace/data/genbuster-mini/extracted/GenBuster-200K-mini/benchmark/real/cc7086a0660e8b211da215f61835435e17249621de199e0285abf981d922482a.mp4,-22.41801071166992,0.999999999816354,22.41801071166992,4.298628415711333e-09,0,0,0,real,0,7.130246609449387,0,621.8579709529877
/workspace/data/genbuster-mini/extracted/GenBuster-200K-mini/benchmark/real/cbf1e03d95f3367f6467f1f3930af0450bde58207029eb76386cb38b8e044447.mp4,-31.515626907348636,0.9999999999999796,31.515626907348636,-4.118756483385025e-13,0,0,0,real,0,7.72751122713089,0,622.5578784942627
/workspace/data/genbuster-mini/extracted/GenBuster-200K-mini/benchmark/real/cbd59d456ca8d12e44fb739b06463ea96d9f736a804d3ec33f9d0f8436065cd6.mp4,-8.863295555114746,0.9998585319990524,8.863295555114746,0.0013953507069476,0,0,0,real,0,8.550066500902176,0,623.7790659070015
/workspace/data/genbuster-mini/extracted/GenBuster-200K-mini/benchmark/real/caca97733d8f4588ca7e06fda79517b82a248d8c27cb4704e6fa24458c06b270.mp4,-31.865217208862305,0.9999999999999856,31.865217208862305,-5.852287140484615e-13,0,0,0,real,0,7.247455418109894,1,710.6956243515015
/workspace/data/genbuster-mini/extracted/GenBuster-200K-mini/benchmark/real/ca9af865a7ea2df2dc6db76e29b3eda5610cc6a9121e0cd165111b46a4a406c8.mp4,-18.05553436279297,0.9999999855927512,18.05553436279297,2.745358233002431e-07,0,0,0,real,0,7.54282996058464,0,625.7037855684757
/workspace/data/genbuster-mini/extracted/GenBuster-200K-mini/benchmark/real/ca9a995793688876c2e7b772cb0a74fb9bb26836659194b5774f01704aaf2fa0.mp4,-32.77766036987305,0.9999999999999942,32.77766036987305,-8.335665834398931e-13,0,0,0,real,0,7.085006684064865,1,710.1637311279774
/workspace/data/genbuster-mini/extracted/GenBuster-200K-mini/benchmark/real/ca927bc10ce5ffcfd73726492c3478a684dd4378c737bdb12785b87edf7e9cba.mp4,-24.012868881225582,0.9999999999627314,24.012868881225582,9.302087917027825e-10,0,0,0,real,0,11.373978108167648,1,713.9034904539585
/workspace/data/genbuster-mini/extracted/GenBuster-200K-mini/benchmark/real/ca49f6d1b5492602c66fac1a9c2767121f3d08928d46d224fae857c24a33ba0b.mp4,-19.7028751373291,0.9999999972257214,19.7028751373291,5.743354320953975e-08,0,0,0,real,0,7.063146680593491,1,712.1958620846272
/workspace/data/genbuster-mini/extracted/GenBuster-200K-mini/benchmark/real/ca314d39001dd09da5661179088653cc797f6db74154e7d21eb02c11cebd9518.mp4,-10.139992713928224,0.9999605324665026,10.139992713928224,0.0004396688116151,0,0,0,real,0,9.961415082216265,0,624.5945543050766
/workspace/data/genbuster-mini/extracted/GenBuster-200K-mini/benchmark/real/ca151ce5a5778e6493ca475155bdeb2389c86be28e90e11fc66e669359e6862c.mp4,-25.51177406311035,0.9999999999916752,25.51177406311035,2.1876268713004692e-10,0,0,0,real,0,7.034435868263245,0,627.7662739157677
/workspace/data/genbuster-mini/extracted/GenBuster-200K-mini/benchmark/real/c9b70603cf9a295fe0b79d4a280b298e1cd28b8462368ba78670f0c402210e87.mp4,-14.634078025817873,0.9999995589371906,14.634078025817873,6.895608508744165e-06,0,0,0,real,0,7.378861308097839,0,625.4637315869331
/workspace/data/genbuster-mini/extracted/GenBuster-200K-mini/benchmark/real/c93745e2f3ea616b401fc772437e3edd0dbe2b7f3c4242a3527745e79fc4febc.mp4,-13.14659309387207,0.9999980478808084,13.14659309387207,2.7615835710929237e-05,0,0,0,real,1,8.023347705602646,0,624.6144399046898
/workspace/data/genbuster-mini/extracted/GenBuster-200K-mini/benchmark/real/c906b5ae36cdb255a8d07506d7d89e2b5039e641346a28632e238b366d641cc3.mp4,-16.110977172851562,0.9999998992856264,16.110977172851562,1.7233193585626776e-06,0,0,0,real,0,8.949942886829376,0,625.5770847201347
/workspace/data/genbuster-mini/extracted/GenBuster-200K-mini/benchmark/real/c8543e96915afc10f11b1dc7288ef14839bd4b71bec5f3189a474180e4bb0efc.mp4,-34.480308532714844,0.9999999999999988,34.480308532714844,-9.69685090769394e-13,0,0,0,real,0,7.334686815738678,1,711.7319814860821
/workspace/data/genbuster-mini/extracted/GenBuster-200K-mini/benchmark/real/c7dfb7b7cc42da12d1366a919c011b2fea360971bb8176664d29a465c7ec7679.mp4,-25.19575309753418,0.9999999999885812,25.19575309753418,2.971675490185372e-10,0,0,0,real,0,7.583446800708771,0,627.0044483244419
/workspace/data/genbuster-mini/extracted/GenBuster-200K-mini/benchmark/real/c7d7f968f87b36bd6be05986ada1cc27d7062ba5c32abb05f54142648aa6fe21.mp4,-28.616567611694336,0.9999999999996269,28.616567611694336,9.567658669080013e-12,0,0,0,real,0,7.058404386043549,0,627.9258765280247
/workspace/data/genbuster-mini/extracted/GenBuster-200K-mini/benchmark/real/c6ded60877c321fe8ba2ecfa4f6be6f74bdcb20275f952fa0f9078c38d28aa4c.mp4,-27.113454818725582,0.999999999998322,27.113454818725582,4.5388335378927276e-11,0,0,0,real,0,7.440056651830673,0,628.4003183245659
/workspace/data/genbuster-mini/extracted/GenBuster-200K-mini/benchmark/real/c6d20079254cec072a3c1e4846da2cc59e7dba1cdf4ce9e9f85d7e20dc36142e.mp4,-38.32382583618164,1.0,38.32382583618164,-9.994614630812653e-13,0,0,0,real,0,7.022544741630554,0,625.2631172537804
/workspace/data/genbuster-mini/extracted/GenBuster-200K-mini/benchmark/real/c6bc9b44617aafc0523bbf33195245e3adf9af2890f954fae459599de7e51c7b.mp4,-14.366488456726074,0.9999994236144972,14.366488456726074,8.857019395337507e-06,0,0,0,real,0,9.051963686943054,0,627.1061934530735
/workspace/data/genbuster-mini/extracted/GenBuster-200K-mini/benchmark/real/c678822a1eeec037ed68202138fd92ac24e4ada57cd372487b9312f6bf862fc8.mp4,-40.15489959716797,1.0,40.15489959716797,-9.99988359035832e-13,0,0,0,real,0,13.308953493833542,0,626.641534268856
/workspace/data/genbuster-mini/extracted/GenBuster-200K-mini/benchmark/real/c60a153f05fde1fe9f59d63ffba30a8b1057421ddd23de6674524b1256448be0.mp4,-30.225135803222656,0.9999999999999252,30.225135803222656,1.133725378445518e-12,0,0,0,real,0,7.295887917280197,1,715.0072492659092
/workspace/data/genbuster-mini/extracted/GenBuster-200K-mini/benchmark/real/c5fdbe1303cd0226ccd44935529c1ef1347e641b52dc755509e5d3e53e30a2a8.mp4,-15.422562599182127,0.9999997995222998,15.422562599182127,3.292355605222768e-06,0,0,0,real,0,7.332567125558853,0,626.8871314823627
/workspace/data/genbuster-mini/extracted/GenBuster-200K-mini/benchmark/real/c5c8ed8bacda166cfd528d927674759f413f2d0c7f0b7e3ea9820bf0e23a9e4f.mp4,-33.56018829345703,0.9999999999999972,33.56018829345703,-9.239136621930442e-13,0,0,0,real,0,7.045019418001175,1,714.5824693143368
/workspace/data/genbuster-mini/extracted/GenBuster-200K-mini/benchmark/real/c5be8e9a2177a2c78a7eb7917c433452be00781eff58bd8e608820c3d132af40.mp4,-18.756988525390625,0.999999992855968,18.756988525390625,1.41142558846667e-07,0,0,0,real,0,7.194746285676956,0,627.5274604558945
/workspace/data/genbuster-mini/extracted/GenBuster-200K-mini/benchmark/real/c4a2ebcaab7cbe3443251b1f4630e94d11cbb9c231c1fcff5863b662612d05d8.mp4,-16.34918785095215,0.9999999206333784,16.34918785095215,1.3769444331241632e-06,0,0,0,real,0,7.009904831647873,0,625.1231208443642
/workspace/data/genbuster-mini/extracted/GenBuster-200K-mini/benchmark/real/c47cfb3c2c19db4a914490d19f0b50587fea33aa45f90b5f7eb4ffb3d0fe4a0f.mp4,-29.434688568115234,0.9999999999998354,29.434688568115234,3.6902162058316866e-12,0,0,0,real,0,5.522113293409348,0,624.1525746881962
/workspace/data/genbuster-mini/extracted/GenBuster-200K-mini/benchmark/real/c43a4108d295cdec0c1789804312d5a4f65bb6d5fea14404401958b945e3054a.mp4,-33.06401824951172,0.9999999999999956,33.06401824951172,-8.749200953765083e-13,0,0,0,real,0,4.715763032436371,0,620.0109757483006
/workspace/data/genbuster-mini/extracted/GenBuster-200K-mini/benchmark/real/c2fe4c26783b664eed33be3e287c6d92654922cd99b3b2dca508a0f497c87719.mp4,-28.57432174682617,0.9999999999996106,28.57432174682617,1.0019229970934096e-11,0,0,0,real,0,6.571196019649506,1,705.2670009434223
/workspace/data/genbuster-mini/extracted/GenBuster-200K-mini/benchmark/real/c2f5965fa1e1e528170f9bd27f58ff8719204aadbcf607776174c27b72e316c4.mp4,-18.7349853515625,0.9999999926970342,18.7349853515625,1.4412192252258082e-07,0,0,0,real,0,7.241636514663696,0,617.7655830979347
/workspace/data/genbuster-mini/extracted/GenBuster-200K-mini/benchmark/real/c2c7463fc85975ac30a6e844e81c4a5c02ed3f23cedd9c0bbd44af651aa385c9.mp4,-11.266471862792969,0.9999872053658692,11.266471862792969,0.0001569450997447,0,0,0,real,0,6.936423480510712,1,706.8384364247322
/workspace/data/genbuster-mini/extracted/GenBuster-200K-mini/benchmark/real/c2bfdcb663ff5d6b8937bf5420dbf159547be8f36c531100fbde9d99ea5bcc5b.mp4,-21.85065269470215,0.9999999996761216,21.85065269470215,7.398836227672596e-09,0,0,0,real,0,7.212098687887192,0,621.0519894957542
/workspace/data/genbuster-mini/extracted/GenBuster-200K-mini/benchmark/real/c26ed88996cb59f6e703a49c018fb182b8ac5ce1dcd97038a9efc82ac7c530d1.mp4,-28.275325775146484,0.999999999999475,28.275325775146484,1.381052304536712e-11,0,0,0,real,0,7.037535309791565,0,622.3243661224842
/workspace/data/genbuster-mini/extracted/GenBuster-200K-mini/benchmark/real/c236ce42443da43897db9e2082f2240f6fa80c72bc00549bb3060f5b8cbce69c.mp4,-30.8687686920166,0.9999999999999608,30.8687686920166,1.2228031997132952e-13,0,0,0,real,0,6.94168359041214,0,629.5055262744427
/workspace/data/genbuster-mini/extracted/GenBuster-200K-mini/benchmark/real/c2348b3b8276935ae183eab2b38ac4eb87e2260788bc57ab3d4ceaa10506541b.mp4,-22.46460723876953,0.9999999998247148,22.46460723876953,4.110999348907979e-09,0,0,0,real,0,6.958901882171631,1,712.049774825573
/workspace/data/genbuster-mini/extracted/GenBuster-200K-mini/benchmark/real/c19385a16b67d85c2e69ae025f98a78023b8bb0c6db2a0c8325eae297d13d509.mp4,-11.853178024291992,0.9999928841448308,11.853178024291992,9.146137660886776e-05,0,0,0,real,0,7.054734975099564,1,706.3861526548862
/workspace/data/genbuster-mini/extracted/GenBuster-200K-mini/benchmark/real/c15ace85df82c01d1ac78eba1b883aa425a0936b0651588db8231f5fd991f0f6.mp4,-19.921607971191406,0.9999999977707664,19.921607971191406,4.663714903644295e-08,0,0,0,real,0,6.965804845094681,0,622.9673214256763
/workspace/data/genbuster-mini/extracted/GenBuster-200K-mini/benchmark/real/c11df17a779745f20978a008590052007cdc2e1bb3175683072aa06f998c6dd2.mp4,-29.89218521118164,0.9999999999998958,29.89218521118164,1.9738940572916105e-12,0,0,0,real,0,7.445588707923889,0,619.0768778324127
/workspace/data/genbuster-mini/extracted/GenBuster-200K-mini/benchmark/real/bfa47399b5e04e1e2346f5afd5a66570e2bc4fa3036b777d9f0f6861cc967cac.mp4,-38.541786193847656,1.0,38.541786193847656,-9.995843420013008e-13,0,0,0,real,0,6.861511617898941,1,703.7427797913551
/workspace/data/genbuster-mini/extracted/GenBuster-200K-mini/benchmark/real/bf90d271c4e24ee666c1d74272c32ef2a8858a97e019100585fbdb65a6b93a1d.mp4,-18.83639335632324,0.9999999934013012,18.83639335632324,1.3089238740149505e-07,0,0,0,real,0,7.415149360895157,0,622.4701404571533
/workspace/data/genbuster-mini/extracted/GenBuster-200K-mini/benchmark/real/bf765bd1d54810e580c5ee62086c974fca45fdbb8480e2c07b4d8ff6dccce6c1.mp4,-32.77499008178711,0.999999999999994,32.77499008178711,-8.32914804211213e-13,0,0,0,real,0,6.902724504470825,0,623.2614181935787
/workspace/data/genbuster-mini/extracted/GenBuster-200K-mini/benchmark/real/bf0c59c63123904776b536eda79f16a2069a6040af60dbf0be34673236a8c51f.mp4,-15.606148719787598,0.9999998331463756,15.606148719787598,2.7707941166448395e-06,0,0,0,real,0,7.139105349779129,1,707.9185508191586
/workspace/data/genbuster-mini/extracted/GenBuster-200K-mini/benchmark/real/beca7060df36b1483965685df94aff8fd9802607647c37e513b9ade424775374.mp4,-32.94988250732422,0.9999999999999952,32.94988250732422,-8.598820614353387e-13,0,0,0,real,0,6.917916238307953,0,621.595174074173
/workspace/data/genbuster-mini/extracted/GenBuster-200K-mini/benchmark/real/be73af6dffc1c9e3f702ab6e4d50e6b2749548c86047aa3adf4b62223b7b5b0e.mp4,-43.99811935424805,1.0,43.99811935424805,-1.0000867465282737e-12,0,0,0,real,0,6.777331233024597,1,709.7842656075954
/workspace/data/genbuster-mini/extracted/GenBuster-200K-mini/benchmark/real/be3ff3481d8107ad8c6c2f0590c6aa1de46a1147a71aa467a4400038094e9038.mp4,-21.862403869628903,0.9999999996799052,21.862403869628903,7.316138474260263e-09,0,0,0,real,0,6.814703345298767,0,622.2964562475681
/workspace/data/genbuster-mini/extracted/GenBuster-200K-mini/benchmark/real/bd8065f2685c700b2dca08deb6224424227a27d295723f520b87bc689b3ec342.mp4,-12.391243934631348,0.9999958452076498,12.391243934631348,5.563784456213548e-05,0,0,0,real,0,8.709404617547989,0,618.410985916853
/workspace/data/genbuster-mini/extracted/GenBuster-200K-mini/benchmark/real/bd69270ccda9cd02ea6c79646bc16ae47fc315332c104cdedf6449fcf26f63f4.mp4,-18.74834442138672,0.9999999927939468,18.74834442138672,1.4230561861802972e-07,0,0,0,real,0,7.253427058458328,1,707.5003683567047
/workspace/data/genbuster-mini/extracted/GenBuster-200K-mini/benchmark/real/bd2d080d76dd85a00a80e87e68e6d6c82316029d4d594d0f81ce4325b7dbddc0.mp4,-28.72835922241211,0.9999999999996664,28.72835922241211,8.459604220267841e-12,0,0,0,real,0,6.950415670871735,0,622.7056458592415
/workspace/data/genbuster-mini/extracted/GenBuster-200K-mini/benchmark/real/bd0defd5f9b933d663bccb5e6a2505878315bff0495a4ae2782055d6455908b7.mp4,-33.50802230834961,0.9999999999999972,33.50802230834961,-9.197554784938097e-13,0,0,0,real,0,6.973080337047577,0,622.603040188551
/workspace/data/genbuster-mini/extracted/GenBuster-200K-mini/benchmark/real/bcaf141d2c4fa83dbce65a383bd302fe0ab1908db737251a550782eda2046d78.mp4,-5.768322944641113,0.9968847413547336,5.768322944641113,0.0210899391850551,0,0,0,real,0,7.144700735807419,0,629.7167427837849
/workspace/data/genbuster-mini/extracted/GenBuster-200K-mini/benchmark/real/bba754ed8a36ea152861343021cac2a9958f8fb58f605c6fa6a310f34837cddb.mp4,-18.734516143798828,0.9999999926936076,18.734516143798828,1.441861188759369e-07,0,0,0,real,0,6.876584142446518,0,621.3828735053539
/workspace/data/genbuster-mini/extracted/GenBuster-200K-mini/benchmark/real/bb96e770ba2fec9aeb060d71361df3897cd5441ee44846f8d00738be2972c4ad.mp4,-21.897336959838867,0.999999999690894,21.897336959838867,7.0757050331511526e-09,0,0,0,real,0,7.049184292554855,0,624.2033243179321
/workspace/data/genbuster-mini/extracted/GenBuster-200K-mini/benchmark/real/bb1d8e0d2e86cc595a2ac8beef885119183519d59cf11586e3b8a1d1f15919bc.mp4,-31.104854583740234,0.999999999999969,31.104854583740234,-1.1344327282915925e-13,0,0,0,real,0,7.084295153617859,1,709.6797861158848
/workspace/data/genbuster-mini/extracted/GenBuster-200K-mini/benchmark/real/ba06cb429b8868f121e7fd71b5da39d4de14b5602d6a65f4b31042a66e69caab.mp4,-19.42070770263672,0.9999999963213048,19.42070770263672,7.511955816376708e-08,0,0,0,real,0,7.041916251182556,0,620.5001175403595
/workspace/data/genbuster-mini/extracted/GenBuster-200K-mini/benchmark/real/b9d798cc28e84dbd6252f399f7851eaa6d75a59171f86c62cf86a6b8ac652a47.mp4,-25.576499938964844,0.9999999999921968,25.576499938964844,2.0543820673502504e-10,0,0,0,real,0,7.228881120681763,0,633.7738335132599
/workspace/data/genbuster-mini/extracted/GenBuster-200K-mini/benchmark/real/b92ae7f71f9d6f070c305d438e0ba8617b0d923562e5c1ce161461dd0790dcfb.mp4,3.768049955368042,0.977424383163452,3.768049955368042,0.1079004119951567,0,1,0,real,0,7.15005025267601,0,621.8538917601109
/workspace/data/genbuster-mini/extracted/GenBuster-200K-mini/benchmark/real/b90186156a44c1e21e8beab7876703296b12800d34e4373c74c2248549f4de5e.mp4,-7.612193584442139,0.9995058581116608,7.612193584442139,0.0042557677319351,0,0,0,real,0,6.837666034698486,0,621.1374923586845
/workspace/data/genbuster-mini/extracted/GenBuster-200K-mini/benchmark/real/b8d9c614a938839ad643fc804c80a97676e36c66b8b03553f1ce5df89a7ecdec.mp4,-26.192214965820312,0.9999999999957844,26.192214965820312,1.127357781500084e-10,0,0,0,real,0,6.945330649614334,0,621.8592301011086
/workspace/data/genbuster-mini/extracted/GenBuster-200K-mini/benchmark/real/b82761a4f267b55aced65933000dbdade1abb08118772763cc39fd0429153447.mp4,-8.59758186340332,0.9998154825298116,8.59758186340332,0.0017709385509631,0,0,0,real,0,6.855040788650513,0,621.2395690381527
/workspace/data/genbuster-mini/extracted/GenBuster-200K-mini/benchmark/real/b803ebc732047f3d31693acbb6943dc237965efaad444e7059e1352bfbca3c3f.mp4,-28.724876403808597,0.999999999999665,28.724876403808597,8.49248406550073e-12,0,0,0,real,0,6.987791508436203,0,622.4148161709309
/workspace/data/genbuster-mini/extracted/GenBuster-200K-mini/benchmark/real/b7e7e9e25a8ca0b8f79b1665ec2b975105698741d97cfd0e886e9d69a60991ab.mp4,-26.08844947814941,0.9999999999953234,26.08844947814941,1.2477565008100028e-10,0,0,0,real,0,8.2530677318573,0,621.390774846077
/workspace/data/genbuster-mini/extracted/GenBuster-200K-mini/benchmark/real/b7d2708f67040b3c5e805ae762bdd2eb12adf27f449782069911733ab36f40a1.mp4,-25.535011291503903,0.9999999999918664,25.535011291503903,2.1388332966783514e-10,0,0,0,real,0,7.221441715955734,0,622.9000613093376
/workspace/data/genbuster-mini/extracted/GenBuster-200K-mini/benchmark/real/b79840b07ab02a89525947b1a6a5dafc50465fe310b7c76f6dcf6cb3957355d8.mp4,-15.425434112548828,0.9999998000971289,15.425434112548828,3.2834894429552177e-06,0,0,0,real,0,6.747826933860779,1,705.5474780499935
/workspace/data/genbuster-mini/extracted/GenBuster-200K-mini/benchmark/real/b6ccd327a06ecc4170992e1fd79884cebf1a7a19a8962dd7439a73f79861156f.mp4,-9.23991870880127,0.9999029239406808,9.23991870880127,0.0009940556642864,0,0,0,real,0,7.156364619731903,0,624.9200589954853
/workspace/data/genbuster-mini/extracted/GenBuster-200K-mini/benchmark/real/b6c3968ae2d54584b8c09ee87c34e6c5bcc5b3dc51d059c0b02135ed721411da.mp4,-14.35287380218506,0.9999994157134892,14.35287380218506,8.970475226901302e-06,0,0,0,real,0,6.508693099021912,1,708.4938362240791
/workspace/data/genbuster-mini/extracted/GenBuster-200K-mini/benchmark/real/b6a02c619337948155e28d2a0a9f0359638ac46ab1cfcb6d641a54a421e3a4aa.mp4,-16.29100799560547,0.999999915878874,16.29100799560547,1.454537068642031e-06,0,0,0,real,0,7.158957421779633,0,621.6065846383572
/workspace/data/genbuster-mini/extracted/GenBuster-200K-mini/benchmark/real/b64c44656c22fd8d44fca3505abec8e94732ef6f9d0e29e5083d7cbf8f62dab0.mp4,-12.470505714416504,0.9999961618095768,12.470505714416504,5.170237137158016e-05,0,0,0,real,0,6.958425045013428,0,620.9974586963654
/workspace/data/genbuster-mini/extracted/GenBuster-200K-mini/benchmark/real/b62bc96db457645a2baea29a1e18950e2e43d8bf5f8ea6ff513bffefe9594d80.mp4,-23.38900375366211,0.999999999930452,23.38900375366211,1.694213919355103e-09,0,0,0,real,0,7.023416459560394,0,621.8448765575886
/workspace/data/genbuster-mini/extracted/GenBuster-200K-mini/benchmark/real/b6157c7bb724d53e94e4dfe9d93ad2967e12bcd5e2ba4890f5bf71d22c306281.mp4,-30.341686248779297,0.9999999999999336,30.341686248779297,8.995015385247112e-13,0,0,0,real,0,6.894484162330627,0,619.1480495035648
/workspace/data/genbuster-mini/extracted/GenBuster-200K-mini/benchmark/real/b5c942ac056a109b7e9b857ffcab87384c338346e2a83a48f8db6e7d8e5ada4f.mp4,-29.735240936279297,0.999999999999878,29.735240936279297,2.477131180770584e-12,0,0,0,real,0,7.067475467920303,1,707.9497799277306
/workspace/data/genbuster-mini/extracted/GenBuster-200K-mini/benchmark/real/b5bb902857991641b85015165cb88a2bc128b0a44965f9d9958fc815f041149b.mp4,-4.440236568450928,0.9883443089202046,4.440236568450928,0.0634781768238667,0,0,0,real,0,6.965707987546921,0,618.870634585619
/workspace/data/genbuster-mini/extracted/GenBuster-200K-mini/benchmark/real/b576150b1b1b70cfdceaa0e2ff8e64929704a5a72b2fb5118f1fca2464a111f5.mp4,-20.911792755126957,0.9999999991718218,20.911792755126957,1.8144870670314385e-08,0,0,0,real,0,6.952345371246338,0,623.0069994926453
/workspace/data/genbuster-mini/extracted/GenBuster-200K-mini/benchmark/real/b54e5054cf7508c0eed8b04f5e63751f9ba5861bb241034f7908512f3b4f370a.mp4,-16.054580688476562,0.999999893442471,16.054580688476562,1.8172919849421468e-06,0,0,0,real,0,6.925523281097412,0,621.8891516327858
/workspace/data/genbuster-mini/extracted/GenBuster-200K-mini/benchmark/real/b51671d1b49480f7c186fc8e91bdf555fd67c26919013bf5b2d9b98919e6980b.mp4,-19.30430030822754,0.999999995867157,19.30430030822754,8.391248461922514e-08,0,0,0,real,0,6.983954459428787,1,719.7499647736549
/workspace/data/genbuster-mini/extracted/GenBuster-200K-mini/benchmark/real/b5155322fbf5dae704e1bfc2056843cc61e6bfa073f5a49ab176d94eeb447acf.mp4,-47.45515823364258,1.0,47.45515823364258,-1.000088832679687e-12,0,0,0,real,0,10.23758202791214,0,623.2943013310432
/workspace/data/genbuster-mini/extracted/GenBuster-200K-mini/benchmark/real/b483131a209cc9855cc0d4ac33be6164f8e0eedd40f7aa7e3e93126d301b6201.mp4,-20.669361114501957,0.999999998944616,20.669361114501957,2.2867497598322665e-08,0,0,0,real,0,8.184649050235748,0,623.4746985137463
/workspace/data/genbuster-mini/extracted/GenBuster-200K-mini/benchmark/real/b47644a4565cbfff5a5555ac1d12e161984c9ca9552931edb0dfae4b28152da7.mp4,-18.54773712158203,0.9999999911931604,18.54773712158203,1.7215178790693505e-07,0,0,0,real,0,9.086377918720244,1,713.6761210858822
/workspace/data/genbuster-mini/extracted/GenBuster-200K-mini/benchmark/real/b460776f200a3840f9fdc0adb4c9b57dc7b222073d0f2513a27f06d0cd5de4a5.mp4,-25.60702896118164,0.9999999999924316,25.60702896118164,1.9943556786549287e-10,0,0,0,real,0,6.883453577756882,0,621.4696019887924
/workspace/data/genbuster-mini/extracted/GenBuster-200K-mini/benchmark/real/b441747d30327ea8055850be85cd5d35133c23dd0cff584511e7bfb5376bcce0.mp4,-22.449432373046875,0.9999999998220348,22.449432373046875,4.171188619137243e-09,0,0,0,real,0,6.975919008255005,0,622.2192533314228
/workspace/data/genbuster-mini/extracted/GenBuster-200K-mini/benchmark/real/b3e43dde4ed9dc338d54a17d1996cf92eeaa8109a443385c1d605216e559bee2.mp4,-20.030452728271484,0.999999998000668,20.030452728271484,4.204485801836872e-08,0,0,0,real,0,6.817135959863663,0,622.3763264715672
/workspace/data/genbuster-mini/extracted/GenBuster-200K-mini/benchmark/real/b3d1cfd2436e1d854425f8de8e8db9edf8faea02f8191cb726eb9a82a891b7cb.mp4,-23.785518646240234,0.999999999953218,23.785518646240234,1.1575313239359403e-09,0,0,0,real,0,6.797052919864655,0,622.2445257008076
/workspace/data/genbuster-mini/extracted/GenBuster-200K-mini/benchmark/real/b3903995dbbfbdf1c6e58ae417f6f89ed51ccb6c393e29477fe8bbec8f0bf174.mp4,-38.747501373291016,1.0,38.747501373291016,-9.996781571328953e-13,0,0,0,real,0,6.881117820739746,0,618.7590286135674
/workspace/data/genbuster-mini/extracted/GenBuster-200K-mini/benchmark/real/b3564a7d60d35fce8a33b06b33c0235501bfc1992cc0f93a54174df9176a23d7.mp4,-14.216259956359863,0.9999993301825612,14.216259956359863,1.019211450710142e-05,0,0,0,real,0,6.7476071417331696,0,622.6349286735058
/workspace/data/genbuster-mini/extracted/GenBuster-200K-mini/benchmark/real/b26e84b0d5828130956fa3f0751f3d2f062c9e3c56cf2c8479fdec1b244bc325.mp4,-17.6578311920166,0.99999997855622,17.6578311920166,4.000924290666711e-07,0,0,0,real,0,6.850935518741608,0,620.8102256059647
/workspace/data/genbuster-mini/extracted/GenBuster-200K-mini/benchmark/real/b262bc4819ccdd747e03b2d58652fdc244a6ace6328cc2c1e0ffe42ac351f421.mp4,-21.514835357666016,0.9999999995468668,21.514835357666016,1.020021677370114e-08,0,0,0,real,0,6.86635822057724,0,619.1099137067795
/workspace/data/genbuster-mini/extracted/GenBuster-200K-mini/benchmark/real/b249231ea1d82dfaf2e95d320908af9ec9c965f1d393c0212e2c2aef15e369e4.mp4,-23.32611846923828,0.999999999925938,23.32611846923828,1.7996476736371194e-09,0,0,0,real,0,6.398845463991165,1,705.3798511624336
/workspace/data/genbuster-mini/extracted/GenBuster-200K-mini/benchmark/real/b21e2a2ab1304a59322de2eb184d4e1250c8d1e8d36d776a6dfb8b679d50d20a.mp4,-20.04369354248047,0.9999999980269664,20.04369354248047,4.151791750902109e-08,0,0,0,real,0,4.977528005838394,1,708.4460817277431
/workspace/data/genbuster-mini/extracted/GenBuster-200K-mini/benchmark/real/b1fd6701b1c0cc4e18cbf4f4e169de899899f427fb60eabe634f5a20af92b188.mp4,-1.2666261196136477,0.7801646292209625,1.2666261196136477,0.5266995167753867,0,0,0,real,0,8.227694779634476,0,620.1187074184418
/workspace/data/genbuster-mini/extracted/GenBuster-200K-mini/benchmark/real/b1aff83725714077e90db670837aa4254fe59c8558e1856d59c06736e22019b1.mp4,-22.866687774658203,0.9999999998827472,22.866687774658203,2.796443261889024e-09,0,0,0,real,0,8.10287892818451,0,622.501477599144
/workspace/data/genbuster-mini/extracted/GenBuster-200K-mini/benchmark/real/b168e065332fd8417592077a9d9ea51e1f1720a0539748435804c4c779a5ab94.mp4,-19.727428436279297,0.9999999972930096,19.727428436279297,5.6106950014171064e-08,0,0,0,real,0,7.788728922605514,1,706.0752585530281
/workspace/data/genbuster-mini/extracted/GenBuster-200K-mini/benchmark/real/b0fd0e4334e6d74ab956d13525f4253e192ce5709af6a2b0b28a7b9bc89d3cb1.mp4,-18.52594757080078,0.9999999909991572,18.52594757080078,1.7574798392954786e-07,0,0,0,real,0,6.727837026119232,0,622.9032054543495
/workspace/data/genbuster-mini/extracted/GenBuster-200K-mini/benchmark/real/b0ab0d012c5726b4c3e3dab3cb3648b0b294cf52d3eec4b4b75e52ad33199ed8.mp4,-46.840553283691406,1.0,46.840553283691406,-1.000088775035767e-12,0,0,0,real,0,7.0820152759552,0,622.8652074933052
/workspace/data/genbuster-mini/extracted/GenBuster-200K-mini/benchmark/real/b0a280a886eb2826366682ce7b54966434b249ee8a2261845c42b45f78ef7534.mp4,-17.91975212097168,0.9999999834974708,17.91975212097168,3.122217613562697e-07,0,0,0,real,0,6.8201906979084015,0,621.8488439917564
/workspace/data/genbuster-mini/extracted/GenBuster-200K-mini/benchmark/real/b0886b90dac63f552d0a0adbb70aa9259469505c566ac88b36fe0e8152cae670.mp4,-41.53206634521485,1.0,41.53206634521485,-1.0000635347145308e-12,0,0,0,real,0,6.800577044487,0,620.8113245666027
/workspace/data/genbuster-mini/extracted/GenBuster-200K-mini/benchmark/real/afdb866bc50950ad94cfcfe55a757d468b7126e702748a7309b9eba9d0bd1e70.mp4,-31.42574691772461,0.9999999999999776,31.42574691772461,-3.565444818489012e-13,0,0,0,real,0,6.848718971014023,0,620.5138191580772
/workspace/data/genbuster-mini/extracted/GenBuster-200K-mini/benchmark/real/afda3d647615ae8ac568dc353b4918207be7813a28d5e6ab7c82a3a44fe39486.mp4,-42.80216979980469,1.0,42.80216979980469,-1.0000817777820949e-12,0,0,0,real,0,8.096251636743546,0,618.233148008585
/workspace/data/genbuster-mini/extracted/GenBuster-200K-mini/benchmark/real/af9e1ed5dc271c8516f0931c67b905f74a9d9d5361f9d8f245f8fd6ada27331a.mp4,-21.95197296142578,0.9999999997073292,21.95197296142578,6.7153722559137165e-09,0,0,0,real,0,6.790410727262497,0,621.5897612273693
/workspace/data/genbuster-mini/extracted/GenBuster-200K-mini/benchmark/real/af0d4b7afccee0ac613e3f5d77edfd8e84adbffd05baa825b50f91ba2405890b.mp4,-29.828346252441406,0.9999999999998888,29.828346252441406,2.1692557529246432e-12,0,0,0,real,0,6.861433386802673,0,634.1140680015087
/workspace/data/genbuster-mini/extracted/GenBuster-200K-mini/benchmark/real/aebae259d1e8211ec4e092cbf454a980264b2d0fb92e68d865eb7fe047d9e8f3.mp4,-29.34545516967773,0.99999999999982,29.34545516967773,4.125572144293251e-12,0,0,0,real,0,6.856199353933334,0,622.3915554583073
/workspace/data/genbuster-mini/extracted/GenBuster-200K-mini/benchmark/real/ae9c0edeb8a190573e87f5df270312e9f6c338de38e8ab9371e04814406c8f10.mp4,-17.33355140686035,0.9999999703425182,17.33355140686035,5.437249668185266e-07,0,0,0,real,0,6.691433489322662,0,622.2033761441708
/workspace/data/genbuster-mini/extracted/GenBuster-200K-mini/benchmark/real/ae5cd0d494a7750c92efc3265d7f3cb51c994080e27b89edb1c71f587cf0699b.mp4,-17.089935302734375,0.9999999621613718,17.089935302734375,6.844963375658493e-07,0,0,0,real,0,6.657406687736511,0,622.5841417908669
/workspace/data/genbuster-mini/extracted/GenBuster-200K-mini/benchmark/real/ae5c6dccc540d891f6281383818d7373e1028f853c0c156fa5ae839464f7b5b9.mp4,-8.179265975952148,0.9997196709155104,8.179265975952148,0.0025732545245407,0,0,0,real,0,6.775412708520889,0,621.8908540904522
/workspace/data/genbuster-mini/extracted/GenBuster-200K-mini/benchmark/real/ade7e32b97f811930098a6818d3514b8130dc8cf664037fd572df9380ab8a4ea.mp4,-31.45396041870117,0.999999999999978,31.45396041870117,-3.744700798866801e-13,0,0,0,real,0,6.7606121301651,0,622.3675943911076
/workspace/data/genbuster-mini/extracted/GenBuster-200K-mini/benchmark/real/addf3c0a6f7ef47e10c4814c483f6c6b15aa6fc39669071f7f0b2fc991566acc.mp4,-22.232072830200195,0.9999999997788264,22.232072830200195,5.136325202858277e-09,0,0,0,real,0,6.649706512689591,0,624.0935511887074
/workspace/data/genbuster-mini/extracted/GenBuster-200K-mini/benchmark/real/ad2d83a3114851015a8a7da16c4c7dbd2783b6dda432e1e5aa185055a9e76e36.mp4,-3.53163480758667,0.9715745951980352,3.53163480758667,0.1292253774978359,0,0,0,real,0,6.741661578416824,0,618.8693605363369
/workspace/data/genbuster-mini/extracted/GenBuster-200K-mini/benchmark/real/acf034d34169ae0d54a36a885fe2b59d557203d502dda2004bb1eb261594a138.mp4,-23.86294174194336,0.9999999999567032,23.86294174194336,1.074497809234853e-09,0,0,0,real,0,6.6914670169353485,0,623.1518685817719
/workspace/data/genbuster-mini/extracted/GenBuster-200K-mini/benchmark/real/acbf2aae8fed3d02e3b405c04a47a81ecac1147f38497423685962577d2965e2.mp4,-26.28863906860352,0.9999999999961718,26.28863906860352,1.0257663841106774e-10,0,0,0,real,0,6.792038679122925,0,621.0861206054688
/workspace/data/genbuster-mini/extracted/GenBuster-200K-mini/benchmark/real/aca8fc7dadc7bfe3daeac98ef93a8f4c0fccbe6a5cab0add74a41ac56af7e1c4.mp4,-9.100031852722168,0.9998883502194076,9.100031852722168,0.001127672575662,0,0,0,real,0,6.706122308969498,0,621.575552970171
/workspace/data/genbuster-mini/extracted/GenBuster-200K-mini/benchmark/real/ac11a5a405489c09e4e9fd841e9ca991aefde7c53d37102a6869e466b085509b.mp4,-19.12509536743164,0.999999995056021,19.12509536743164,9.949604904137402e-08,0,0,0,real,0,6.766896694898605,0,621.48717045784
/workspace/data/genbuster-mini/extracted/GenBuster-200K-mini/benchmark/real/ac0db7d299c88789657b843da13c127455d9ec32a6092bbacc5f4dfcd7bee7f8.mp4,-21.056087493896484,0.999999999283102,21.056087493896484,1.5809967798099983e-08,0,0,0,real,0,6.68831542134285,1,710.0129835307598
/workspace/data/genbuster-mini/extracted/GenBuster-200K-mini/benchmark/real/abe8e6e7f0b87ad502fce169280dc40b1d36539a8e5f7c94381f5e96841f2e14.mp4,-16.558319091796875,0.9999999356107524,16.558319091796875,1.130564960956111e-06,0,0,0,real,0,6.637334823608398,0,622.211292386055
/workspace/data/genbuster-mini/extracted/GenBuster-200K-mini/benchmark/real/abc559799165c4fb15aaa632d0956cecfc487a9a069dad94e6323f74647faad7.mp4,-24.274213790893555,0.9999999999713026,24.274213790893555,7.233218883597807e-10,0,0,0,real,0,6.814625114202499,0,622.9465417563915
/workspace/data/genbuster-mini/extracted/GenBuster-200K-mini/benchmark/real/ab9fec1086f40dc02276bce357f211beeb54fa25bd1bffa48459d7d0d67875fe.mp4,-43.45195388793945,1.0,43.45195388793945,-1.0000851813509153e-12,0,0,0,real,0,6.884854286909103,1,706.0819528996944
/workspace/data/genbuster-mini/extracted/GenBuster-200K-mini/benchmark/real/ab640d150333be6aee99aabcd8fce2f1172de0061c77029f605dee75345ca0e2.mp4,-17.587772369384766,0.999999977000016,17.587772369384766,4.275164681111993e-07,0,0,0,real,0,4.412509500980377,0,628.4125745296478
/workspace/data/genbuster-mini/extracted/GenBuster-200K-mini/benchmark/real/ab31d97f67b5551303168bfea1c462f4ea088587adadf3872922b77a03591564.mp4,-26.32618522644043,0.999999999996313,26.32618522644043,9.88691125510491e-11,0,0,0,real,0,4.269357770681381,0,622.6123869419098
/workspace/data/genbuster-mini/extracted/GenBuster-200K-mini/benchmark/real/ab22d70011ad2a8e30e6c7555da22d1db8e426c1c33dbef649f7dcf76a7bd6f0.mp4,-26.383472442626957,0.9999999999965182,26.383472442626957,9.346462763406092e-11,0,0,0,real,0,6.868187338113785,1,708.7519764900208
/workspace/data/genbuster-mini/extracted/GenBuster-200K-mini/benchmark/real/ab0522b5f7e9cbf9c22f0cf3b4a549acddaa709a915b207b6b571aed660f3f0a.mp4,-28.134632110595703,0.9999999999993956,28.134632110595703,1.6017287364180583e-11,0,0,0,real,0,6.707683205604553,0,624.6877275407314
/workspace/data/genbuster-mini/extracted/GenBuster-200K-mini/benchmark/real/aab4520d0c6a008199cfb9d8da55486ed5593646a364e790e09d53713a57c6cf.mp4,-6.198282718658447,0.9979712055064738,6.198282718658447,0.0146058969977282,0,0,0,real,0,6.818115711212158,0,619.2110292613506
/workspace/data/genbuster-mini/extracted/GenBuster-200K-mini/benchmark/real/aa8ec46a17b6f701da58e36082e2042c2f022fb1d3b1073b941908234e4a3f2a.mp4,-19.724498748779297,0.9999999972850676,19.724498748779297,5.626361541402507e-08,0,0,0,real,0,6.828393787145615,0,623.7538196146488
/workspace/data/genbuster-mini/extracted/GenBuster-200K-mini/benchmark/real/aa84e9c35d82a403cd2ac1a49f2abdd03d1d7019b0b8497afbbbdd8da1863366.mp4,-21.23875999450684,0.9999999994027946,21.23875999450684,1.3279108344671878e-08,0,0,0,real,0,6.772123277187347,1,707.93891325593
/workspace/data/genbuster-mini/extracted/GenBuster-200K-mini/benchmark/real/aa63bf56da4cfc791ebb296a1e58a1085b2f14fec7542a9ba4c17c896b7a7112.mp4,-38.916969299316406,1.0,38.916969299316406,-9.997421862791422e-13,0,0,0,real,0,6.888363510370255,0,622.4024817347527
/workspace/data/genbuster-mini/extracted/GenBuster-200K-mini/benchmark/real/aa43ba01b7748a3f44b6aed730c8efb199a581b9788a145abd20dd093affde70.mp4,-21.052047729492188,0.9999999992802,21.052047729492188,1.5871063496733787e-08,0,0,0,real,0,6.892241537570953,1,703.2847180962563
/workspace/data/genbuster-mini/extracted/GenBuster-200K-mini/benchmark/real/a9d697e8d50b835110a802175119032e18ec22e8a063bb8a49bb81797376ebc8.mp4,-42.22878646850586,1.0,42.22878646850586,-1.0000762628839764e-12,0,0,0,real,0,6.758145987987518,0,620.0600638985634
/workspace/data/genbuster-mini/extracted/GenBuster-200K-mini/benchmark/real/a9bf64905725ddf5dd170c894ce03db05620718534ec43af5cfcd3c448b1132c.mp4,-15.95692253112793,0.999999882511176,15.95692253112793,1.992246890781413e-06,0,0,0,real,0,7.013443857431412,0,619.3287260830402
/workspace/data/genbuster-mini/extracted/GenBuster-200K-mini/benchmark/real/a8cef40536945b37e17b72f89ba5c4b749625f4150f0646b17ba87d3f1f49dca.mp4,-33.621097564697266,0.9999999999999974,33.621097564697266,-9.282571211596045e-13,0,0,0,real,0,6.766241043806076,0,623.81811439991
/workspace/data/genbuster-mini/extracted/GenBuster-200K-mini/benchmark/real/a880f3fd826d34fa40fd9f3df08868fb525c966be5671dca53f462df5576071f.mp4,-43.76897048950195,1.0,43.76897048950195,-1.0000861917965638e-12,0,0,0,real,0,6.882190704345703,0,617.5920777022839
/workspace/data/genbuster-mini/extracted/GenBuster-200K-mini/benchmark/real/a87b8cf2052f8c07655b198fadb9461c8c33f25a1e3ce7f7d02abbda702c1f86.mp4,-26.344974517822266,0.9999999999963816,26.344974517822266,9.706356767269672e-11,0,0,0,real,0,6.774965673685074,1,705.5419199168682
/workspace/data/genbuster-mini/extracted/GenBuster-200K-mini/benchmark/real/a868dff2350fd742c13465fb31c076f9176d6711c0c18b114cf17bac1fa9a1c6.mp4,-25.63081932067871,0.9999999999926096,25.63081932067871,1.9487844945182151e-10,0,0,0,real,0,6.738215684890747,0,624.3108287453651
/workspace/data/genbuster-mini/extracted/GenBuster-200K-mini/benchmark/real/a8185d5b782181c8444f96ef1c6abd7eafa3ad243089627fd9eff64a112b2059.mp4,-15.580016136169434,0.9999998287285764,15.580016136169434,2.839680976316258e-06,0,0,0,real,0,7.0332251489162445,1,707.0078887045383
/workspace/data/genbuster-mini/extracted/GenBuster-200K-mini/benchmark/real/a7bcc4b3be75780a6fd750b0f928779b456d383c5aa09620f6e3013357084eb6.mp4,-8.78343391418457,0.9998467725527008,8.78343391418457,0.0014991023435397,0,0,0,real,0,6.687894463539124,1,708.8952660560608
/workspace/data/genbuster-mini/extracted/GenBuster-200K-mini/benchmark/real/a7a83e0b47f580c392bbfb9e4801d67f1eecc4e89733ac99a9efa5a42ae7040a.mp4,-3.090664386749268,0.9565060138702391,3.090664386749268,0.1788935171890183,0,0,0,real,0,6.731495261192322,0,620.3754246234894
/workspace/data/genbuster-mini/extracted/GenBuster-200K-mini/benchmark/real/a783774dae1df2c72889f90cb4f7185d79a4ab152ba81d7f0b5d003a03207b0e.mp4,-19.75582504272461,0.999999997368798,19.75582504272461,5.46107714863008e-08,0,0,0,real,0,7.233258336782455,0,622.501727193594
/workspace/data/genbuster-mini/extracted/GenBuster-200K-mini/benchmark/real/a7196150c76e5f5af1202e94b6bb60866f4aa2df12a1b8dddfae06ef033b3ffd.mp4,-34.04649353027344,0.9999999999999984,34.04649353027344,-9.531095749524261e-13,0,0,0,real,0,6.875436753034592,0,625.9824521839619
/workspace/data/genbuster-mini/extracted/GenBuster-200K-mini/benchmark/real/a71475095e59d2735b942b006a71a7e2d58cf2dc92a0616a288cedbb1f75baaf.mp4,-14.410886764526367,0.9999994486452124,14.410886764526367,8.496864362698142e-06,0,0,0,real,0,6.7908018827438354,0,628.9151385426521
/workspace/data/genbuster-mini/extracted/GenBuster-200K-mini/benchmark/real/a710b12bb1cedb9c60f6abf00ea6e0d952358683409ff6c27caf861906d14ffe.mp4,-38.66475296020508,1.0,38.66475296020508,-9.996427229333952e-13,0,0,0,real,0,7.185917347669601,0,630.3157843649387
/workspace/data/genbuster-mini/extracted/GenBuster-200K-mini/benchmark/real/a7074fb84329e2914d7cc38f3af7b89de4d6a20b69094ff315ad7a9f3cba0cea.mp4,-26.023303985595703,0.9999999999950084,26.023303985595703,1.3297281284658258e-10,0,0,0,real,0,6.841551512479782,1,713.2808789610863
/workspace/data/genbuster-mini/extracted/GenBuster-200K-mini/benchmark/real/a6e88a1ea38f1c11564da6c683f21d25257650282c767dbe2ad2e66aebfca799.mp4,-5.195104122161865,0.994486923329532,5.195104122161865,0.0341693369905792,0,0,0,real,0,7.119197398424149,0,619.8030225932598
/workspace/data/genbuster-mini/extracted/GenBuster-200K-mini/benchmark/real/a684c42f912a579237859c582777acbf029ef8a96d973cb1fe28e6c0a15a0457.mp4,-24.687580108642575,0.999999999981019,24.687580108642575,4.856026474520023e-10,0,0,0,real,0,5.243279039859772,0,624.395065009594
/workspace/data/genbuster-mini/extracted/GenBuster-200K-mini/benchmark/real/a5ec03d4545eecf03c80487c80b87b1295f440f4f0b8a24aa9f16326918dc7d8.mp4,-11.430631637573242,0.9999891423703956,11.430631637573242,0.0001349672514523,0,0,0,real,0,5.479983985424042,0,622.4922649562359
/workspace/data/genbuster-mini/extracted/GenBuster-200K-mini/benchmark/real/a53054ab4ac16fa4aee22c156aa15d7bccb70d77a74a1bc73721743628ea69e9.mp4,-13.42820167541504,0.9999985269907938,13.42820167541504,2.125287301380524e-05,0,0,0,real,0,8.994027972221375,0,619.9486032128334
/workspace/data/genbuster-mini/extracted/GenBuster-200K-mini/benchmark/real/a5236f8e6cb974a65c1446c92b3ee0bb01add6bc0915269fef0a32a8e34f55c8.mp4,-30.514385223388672,0.999999999999944,30.514385223388672,5.986723743240329e-13,0,0,0,real,0,6.236951798200607,0,625.556942075491
/workspace/data/genbuster-mini/extracted/GenBuster-200K-mini/benchmark/real/a4cca18a70b695cedf32bbc3f5e90c6474038b4fd66f5706ff4d5a9a0be7db04.mp4,-25.60932922363281,0.9999999999924488,25.60932922363281,1.9899031511368296e-10,0,0,0,real,0,6.786514073610306,1,713.1331562995911
/workspace/data/genbuster-mini/extracted/GenBuster-200K-mini/benchmark/real/a4bf519fa73d697afb07a3b27205dd11ac6ab6189143518a360eae89c624bd44.mp4,-31.07972717285156,0.9999999999999682,31.07972717285156,-9.10311761270932e-14,0,0,0,real,0,6.811544299125671,0,624.7650608420372
/workspace/data/genbuster-mini/extracted/GenBuster-200K-mini/benchmark/real/a489e43fb92b8a55a7dc5863d213f97dba1a764ffe05918e5241ecbb628c2fb9.mp4,-27.304340362548828,0.9999999999986136,27.304340362548828,3.748705544418721e-11,0,0,0,real,0,7.450085133314133,0,624.5061755180359
/workspace/data/genbuster-mini/extracted/GenBuster-200K-mini/benchmark/real/a48447f927db2c045417c805b95e5b26ab411c56da0f3d3df17a55914e56fd34.mp4,-5.173935413360596,0.9943696390837432,5.173935413360596,0.0347773951521435,0,0,0,real,0,6.87074288725853,0,624.4007498025894
/workspace/data/genbuster-mini/extracted/GenBuster-200K-mini/benchmark/real/a44e8017ad9fb5d5e1b21413025b5ecf07099c34661e5b5150ef2ba4ad9c6b6e.mp4,-28.064395904541016,0.9999999999993516,28.064395904541016,1.723795591861781e-11,0,0,0,real,0,4.708200693130493,0,622.0959834754467
/workspace/data/genbuster-mini/extracted/GenBuster-200K-mini/benchmark/real/a444faeb4b46be2794d136b27b2c1c2bdf61eb3ed2760a701297fcc24417437c.mp4,-25.13478660583496,0.9999999999878632,25.13478660583496,3.152293750388878e-10,0,0,0,real,0,7.91173055768013,0,625.2172403037548
/workspace/data/genbuster-mini/extracted/GenBuster-200K-mini/benchmark/real/a4392ad36115d4672cfc3b39019a0d2d9f23e56615173a8008ead1170be52f03.mp4,-23.74495506286621,0.9999999999512812,23.74495506286621,1.2035559016946287e-09,0,0,0,real,0,7.71452859044075,1,706.5761089324951
/workspace/data/genbuster-mini/extracted/GenBuster-200K-mini/benchmark/real/a404d44174e221878ea807639fd73ca8dbc97d11f2ce0fc0e4deb1007a4f896f.mp4,-23.88475799560547,0.9999999999576376,23.88475799560547,1.0521917107458603e-09,0,0,0,real,0,6.980665028095245,0,624.2225952446461
/workspace/data/genbuster-mini/extracted/GenBuster-200K-mini/benchmark/real/a3d8eed6f4631802f2aa2112bbc584c923570b75c39dfa8fd17da43a498c0006.mp4,-24.5473690032959,0.999999999978162,24.5473690032959,5.559260046659286e-10,0,0,0,real,0,6.709236651659012,0,627.9794499278069
/workspace/data/genbuster-mini/extracted/GenBuster-200K-mini/benchmark/real/a3b6b793fa4f9257ef11920e9fef26cb22b80c96651f7ae552b31d73ba1ba308.mp4,-13.087685585021973,0.9999979294323112,13.087685585021973,2.9169506906694864e-05,0,0,0,real,0,6.721325218677521,0,623.795174062252
/workspace/data/genbuster-mini/extracted/GenBuster-200K-mini/benchmark/real/a3b69e8e1cefe2fdfe8b856c7a52f15ae668606270304ae34550c108ac21d2e8.mp4,-33.37393951416016,0.9999999999999968,33.37393951416016,-9.082000117967852e-13,0,0,0,real,0,7.482700049877167,0,625.179473310709
/workspace/data/genbuster-mini/extracted/GenBuster-200K-mini/benchmark/real/a39aa0c247a5ddefe6a41d887e680cf9d292b0a8086fdad2c04b6dae54d48c88.mp4,-6.496499538421631,0.9984935617540032,6.496499538421631,0.0112941495523977,0,0,0,real,0,6.836563348770142,0,622.3419569432735
/workspace/data/genbuster-mini/extracted/GenBuster-200K-mini/benchmark/real/a300e6c46ac4e5fc3158069200c9ccd60f6d2ffae64d3ef395cc4b023772c93f.mp4,-21.562265396118164,0.9999999995678572,21.562265396118164,9.748117862889551e-09,0,0,0,real,0,6.791155785322189,0,632.5723975896835
/workspace/data/genbuster-mini/extracted/GenBuster-200K-mini/benchmark/real/a2bc47eafd33d066a4e819b73f5869b99820eeb5d7dc253580a9699c510bdfbd.mp4,-40.49446868896485,1.0,40.49446868896485,-1.0000173072483176e-12,0,0,0,real,0,6.607323884963989,0,627.9511824250221
/workspace/data/genbuster-mini/extracted/GenBuster-200K-mini/benchmark/real/a2a33dd80fe89e7b9be183a68468d6f1a512aef1f0f564eac6ac8848878edacb.mp4,-22.72562026977539,0.999999999864983,22.72562026977539,3.201366347405253e-09,0,0,0,real,0,6.776224821805954,0,628.3705830574036
/workspace/data/genbuster-mini/extracted/GenBuster-200K-mini/benchmark/real/a1df14bf785215eabe470c11dc9e5d31a4066c4c0d8c23fdf34aa78a7c9fcaaf.mp4,-26.25628089904785,0.999999999996046,26.25628089904785,1.0588122218612556e-10,0,0,0,real,0,6.800264120101929,0,627.6438310742378
/workspace/data/genbuster-mini/extracted/GenBuster-200K-mini/benchmark/real/a1ccd7856a9eb49bd0baa3df00f1ec3e5a55488aea9d24bb8670723c091778f3.mp4,-22.94104766845703,0.9999999998911496,22.94104766845703,2.603994690803527e-09,0,0,0,real,0,6.821922957897186,0,621.6467320919037
/workspace/data/genbuster-mini/extracted/GenBuster-200K-mini/benchmark/real/a1bc3ae1528851440056dfdcc3a33fb93d15b10ef3a0e95c57868b2fe3a9471c.mp4,-27.19120979309082,0.9999999999984476,27.19120979309082,4.1992566464144745e-11,0,0,0,real,0,6.77938386797905,1,706.8266049027443
/workspace/data/genbuster-mini/extracted/GenBuster-200K-mini/benchmark/real/a11e49f6be2cd376add06f23097e34895cf0b167ee83761cc5420f984e4bcc68.mp4,-17.044736862182617,0.9999999604118875,17.044736862182617,7.143550731234056e-07,0,0,0,real,0,6.876043975353241,1,709.9764309823513
/workspace/data/genbuster-mini/extracted/GenBuster-200K-mini/benchmark/real/a10f31d0a0109a4d9c91abcf3bffceb971ca895364a3def1fe5d4831b28fa284.mp4,-16.206987380981445,0.9999999085055437,16.206987380981445,1.574341959972554e-06,0,0,0,real,0,6.760504096746445,0,621.4802712202072
/workspace/data/genbuster-mini/extracted/GenBuster-200K-mini/benchmark/real/a06b25f7d68b5f08e2988c7cf1fab28953a6e50b92931c851ff263350c2c0837.mp4,-20.09506607055664,0.9999999981257666,20.09506607055664,3.953507847966292e-08,0,0,0,real,0,6.697803735733032,0,623.2918091118336
/workspace/data/genbuster-mini/extracted/GenBuster-200K-mini/benchmark/real/a03ec9554207c26680713efef7fb4e654a71fea64c56361ea438337790ef59e0.mp4,-19.50209617614746,0.9999999966088482,19.50209617614746,6.952372070187564e-08,0,0,0,real,0,7.03844428062439,1,712.320689111948
/workspace/data/genbuster-mini/extracted/GenBuster-200K-mini/benchmark/real/a025ba9e2d137aab0945ab7e1c1d31bc4c8cfd08a6dd86c8c42ebb65025ae219.mp4,-16.406198501586914,0.9999999250315597,16.406198501586914,1.3049135591401077e-06,0,0,0,real,0,6.765477359294891,0,622.1567057073116
/workspace/data/genbuster-mini/extracted/GenBuster-200K-mini/benchmark/real/9fed1a8fae9a0649cb76871a6bbb8f8689fa513775b277ca7bbcb9ac1e4c5366.mp4,-14.34084129333496,0.9999994086406332,14.34084129333496,9.07194840032946e-06,0,0,0,real,0,6.572745740413666,0,621.8450106680393
/workspace/data/genbuster-mini/extracted/GenBuster-200K-mini/benchmark/real/9fd2f05c9b4029ecb4ab73795efe63e61b555ed750672ecaa1f2750de3716849.mp4,-15.988360404968262,0.9999998861473144,15.988360404968262,1.9341684538031874e-06,0,0,0,real,0,8.746568113565445,0,623.4072260558605
/workspace/data/genbuster-mini/extracted/GenBuster-200K-mini/benchmark/real/9fc31fa3d2c3ef06dd70d928da636aefb357329928744dbe8ed8a12ce0983d14.mp4,-27.10811424255371,0.9999999999983132,27.10811424255371,4.5630986402787614e-11,0,0,0,real,0,8.25558602809906,0,624.0160875022411
/workspace/data/genbuster-mini/extracted/GenBuster-200K-mini/benchmark/real/9f92b54d7ddd117881e7dace99a7b86212b272c272ff61d7ba5a1add2798980b.mp4,-30.191585540771484,0.9999999999999228,30.191585540771484,1.206236373015444e-12,0,0,0,real,0,6.792444735765457,0,626.585990190506
/workspace/data/genbuster-mini/extracted/GenBuster-200K-mini/benchmark/real/9f6a7de2ed6d0f5c83e3e3134414c85eed72f6408cf0fcfd6feff5fc5dbc55a7.mp4,-41.30558776855469,1.0,41.30558776855469,-1.0000570873268472e-12,0,0,0,real,0,6.803136318922043,0,622.781865298748
/workspace/data/genbuster-mini/extracted/GenBuster-200K-mini/benchmark/real/9f566b7838f347f51fb7ec0b36c39ad6e96c075748df5616530380110656dbf1.mp4,-29.564197540283203,0.9999999999998552,29.564197540283203,3.1230060221740026e-12,0,0,0,real,0,6.706360727548599,0,626.7536208033562
/workspace/data/genbuster-mini/extracted/GenBuster-200K-mini/benchmark/real/9f3a6eb19abb9f3341f9baf5e4120e9d87dea6c11839c2b267bd31fc9b4c09e3.mp4,-8.001652717590332,0.9996652034751604,8.001652717590332,0.0030137781122526,0,0,0,real,0,6.730612367391586,0,630.4990835487843
/workspace/data/genbuster-mini/extracted/GenBuster-200K-mini/benchmark/real/9ea77445ded250a03ed4421d19e9bae660b7f70fd4ea5e9b5c980d67fb32ef8b.mp4,-8.936049461364746,0.9998684575693916,8.936049461364746,0.0013070207577453,0,0,0,real,0,6.705526262521744,1,713.9030247926712
/workspace/data/genbuster-mini/extracted/GenBuster-200K-mini/benchmark/real/9e6d3eda581203624c93b35fcdc64a432998f4c069531fd23a9cfc9735b13160.mp4,-8.532500267028809,0.999803076891112,8.532500267028809,0.0018771889791604,0,0,0,real,0,6.918035447597504,0,623.3618296682835
/workspace/data/genbuster-mini/extracted/GenBuster-200K-mini/benchmark/real/9e3027111c5ca60a222fe65577842a2e0fc0cd6cdfa00db233ed732158dd542c.mp4,-18.46453285217285,0.9999999904290462,18.46453285217285,1.862921459651427e-07,0,0,0,real,0,6.772324442863464,0,626.0173507034779
/workspace/data/genbuster-mini/extracted/GenBuster-200K-mini/benchmark/real/9de1636d1dcfad68fa81d3e5dd9e335b24459636b91f9d289478b6c9c601ab4c.mp4,-26.364404678344727,0.9999999999964512,26.364404678344727,9.52304947234288e-11,0,0,0,real,0,6.777513772249222,0,626.6207471489906
/workspace/data/genbuster-mini/extracted/GenBuster-200K-mini/benchmark/real/9dc562c440ca3b29ec67f43f856be467d9508d9328cc57c67989b0c7d37abb6d.mp4,-46.20335388183594,1.0,46.20335388183594,-1.0000886631519977e-12,0,0,0,real,0,6.754256784915924,0,625.7769539952278
/workspace/data/genbuster-mini/extracted/GenBuster-200K-mini/benchmark/real/9d85aaebc565a4e221ae7c3fd155766a3838db0edf181be9a05b6cb641322077.mp4,-21.721418380737305,0.9999999996314404,21.721418380737305,8.372200785185687e-09,0,0,0,real,0,6.693437695503235,0,625.3020912408829
/workspace/data/genbuster-mini/extracted/GenBuster-200K-mini/benchmark/real/9d804568bbc7639bf8a02caeaa31e86303f5017d2c1cbab7457a541810b1ab88.mp4,-8.696844100952148,0.9998329155496322,8.696844100952148,0.0016202058222613,0,0,0,real,0,6.922643631696701,0,626.1562444269657
/workspace/data/genbuster-mini/extracted/GenBuster-200K-mini/benchmark/real/9d66c30b89730fea63fc2148b0889c624df9a5adef602e41b1f31ba249e8aaa4.mp4,-23.061582565307617,0.99999999990351,23.061582565307617,2.31970535765858e-09,0,0,0,real,0,7.9068876802921295,0,625.6861388683319
/workspace/data/genbuster-mini/extracted/GenBuster-200K-mini/benchmark/real/9d1d7ba27752815253276e7798e5e7db8f6a6f005aaea1c950b9b36e0b2c5de0.mp4,-36.8419303894043,1.0,36.8419303894043,-9.971053355576054e-13,0,0,0,real,0,6.660286337137222,0,625.9847544133663
/workspace/data/genbuster-mini/extracted/GenBuster-200K-mini/benchmark/real/9ca561e52013da475a7b5a00c4b23d943ab7283962ae20a857f89fcc810b95f3.mp4,-10.244954109191896,0.9999644649033144,10.244954109191896,0.0003995911632244,0,0,0,real,0,6.6954828798770905,0,628.2667368650436
/workspace/data/genbuster-mini/extracted/GenBuster-200K-mini/benchmark/real/9ca440a960551bea710b842adb234ecb99c05f9cb5c5b1d5727fa4ce88ec1543.mp4,-38.13008880615234,1.0,38.13008880615234,-9.99327331467775e-13,0,0,0,real,0,6.68744370341301,0,629.0087811648846
/workspace/data/genbuster-mini/extracted/GenBuster-200K-mini/benchmark/real/9bf115d156a3fe9a994cb6d60fc53077009d8776a56d39e0061d599fdfc8b51c.mp4,-19.9830322265625,0.9999999979035749,19.9830322265625,4.3987358905884026e-08,0,0,0,real,0,7.506828755140305,1,712.8895595669746
/workspace/data/genbuster-mini/extracted/GenBuster-200K-mini/benchmark/real/9bcb2be0ce5e212f7a0523f111e792a555a1bec0ff082b6d36b765128e1d2a89.mp4,-13.134456634521484,0.9999980240447712,13.134456634521484,2.792905345676204e-05,0,0,0,real,0,8.836381137371063,1,726.8414199352264
/workspace/data/genbuster-mini/extracted/GenBuster-200K-mini/benchmark/real/9b95a99753a645b4f5a2180f3a0ee69d2a4c2a46fa24deba2bc8b7760cc330ac.mp4,-14.05405616760254,0.9999992122278628,14.05405616760254,1.1859164312032638e-05,0,0,0,real,0,6.72004371881485,0,635.7485055923462
/workspace/data/genbuster-mini/extracted/GenBuster-200K-mini/benchmark/real/9b3657eaf6684a6d0643001aea6fa2ad5a2d2402c268738f9d0055adcad7dd4a.mp4,-28.088558197021484,0.9999999999993672,28.088558197021484,1.68084683908465e-11,0,0,0,real,0,6.806883960962296,1,724.4041338562965
/workspace/data/genbuster-mini/extracted/GenBuster-200K-mini/benchmark/real/9af65d161dc5b1ae4d235b51172bbfcb3a58c790d528c3bca88bfe411181e800.mp4,-22.10009765625,0.9999999997476232,22.10009765625,5.827932349078292e-09,0,0,0,real,0,7.487446069717407,0,630.9946402907372
/workspace/data/genbuster-mini/extracted/GenBuster-200K-mini/benchmark/real/9ae80978b1c09891be50ea704516efd05a199701c2b3b276f6c1d8c19acdba4b.mp4,-12.065048217773438,0.9999942427689348,12.065048217773438,7.52185157050035e-05,0,0,0,real,0,6.75172358751297,0,628.5753063857555
/workspace/data/genbuster-mini/extracted/GenBuster-200K-mini/benchmark/real/9ac8119a378344455378fe626346cfc9216966142f9f3e6e280aac7cf38fd7c4.mp4,-22.81888198852539,0.9999999998770056,22.81888198852539,2.9275943512703054e-09,0,0,0,real,0,8.580539375543594,0,630.5281855165958
/workspace/data/genbuster-mini/extracted/GenBuster-200K-mini/benchmark/real/9a786b8d51f1b6f9eb72431957d66adfedf45ee579ab049b0a3ff15d8f919c38.mp4,-11.728408813476562,0.9999919385481916,11.728408813476562,0.000102609484882,0,0,0,real,0,8.766613900661469,0,633.3439536392689
/workspace/data/genbuster-mini/extracted/GenBuster-200K-mini/benchmark/real/9a4b137c3ab11608ece1579157de9c824367ec5e3e9eb4dba9cb05dbeca18c36.mp4,-24.99319648742676,0.9999999999860172,24.99319648742676,3.614905458993784e-10,0,0,0,real,0,7.952988147735596,1,713.0459658801556
/workspace/data/genbuster-mini/extracted/GenBuster-200K-mini/benchmark/real/9a3056a12a633916a638ac223e6cfe1c94ddb881f8ae21da8e1f2967c7afe4a3.mp4,-18.270000457763672,0.9999999883737508,18.270000457763672,2.240358288831703e-07,0,0,0,real,0,8.955597877502441,0,625.7677748799324
/workspace/data/genbuster-mini/extracted/GenBuster-200K-mini/benchmark/real/9a25442c0f679b5e3f513edbb557874d0f05957c34fb21c992c0aa1875822cf6.mp4,-18.069408416748047,0.9999999857912584,18.069408416748047,2.709502996811049e-07,0,0,0,real,0,8.70923325419426,0,634.3201473355293
/workspace/data/genbuster-mini/extracted/GenBuster-200K-mini/benchmark/real/9a251727fdd3c82701f2b02d6252ac8baa5e36cf07a5289ab04211038b5d7c35.mp4,-39.12420272827149,1.0,39.12420272827149,-9.99807080849203e-13,0,0,0,real,0,7.806960493326187,0,628.5055093467236
/workspace/data/genbuster-mini/extracted/GenBuster-200K-mini/benchmark/real/99faef10cbbfb8cd70d7848ff66066805ab467bf0181b0a27e0240aa1a967493.mp4,-31.747955322265625,0.9999999999999836,31.747955322265625,-5.336902463520664e-13,0,0,0,real,0,7.124427706003189,0,638.7789621949196
/workspace/data/genbuster-mini/extracted/GenBuster-200K-mini/benchmark/real/999ed94d8f576480beae20a9eef909c9044c193cc56349ad17c2e2b246c64af2.mp4,-15.843843460083008,0.9999998684453572,15.843843460083008,2.2158838102362186e-06,0,0,0,real,0,7.667437195777893,0,630.8143362402916
/workspace/data/genbuster-mini/extracted/GenBuster-200K-mini/benchmark/real/99853ebd0e8e7dc13211e2be4acb050228f4de3c96046223cee8a58fd0bba505.mp4,-33.58485794067383,0.9999999999999974,33.58485794067383,-9.257047931675099e-13,0,0,0,real,0,6.585106253623962,0,633.3288326859474
/workspace/data/genbuster-mini/extracted/GenBuster-200K-mini/benchmark/real/9969e45831fb806f9a7a3c3970e4be4f038c2e6349c5e035bbf8a6ace094061a.mp4,-14.452086448669434,0.9999994708992404,14.452086448669434,8.175708804154746e-06,0,0,0,real,0,6.746623665094376,0,630.2708946168423
/workspace/data/genbuster-mini/extracted/GenBuster-200K-mini/benchmark/real/9965da124e3a36b11281560dcfed4ba2deca8440c449dda25b82dc17b3bdd753.mp4,-27.414833068847656,0.9999999999987588,27.414833068847656,3.3538891054046625e-11,0,0,0,real,0,6.699692457914352,0,625.6176494061947
/workspace/data/genbuster-mini/extracted/GenBuster-200K-mini/benchmark/real/993875fe52689cd72dcce66d006b20dde1d4a059e0a2da1c646c995127f4f814.mp4,-20.553375244140625,0.9999999988148248,20.553375244140625,2.5542523547783032e-08,0,0,0,real,0,7.902119308710098,0,627.5964416563511
/workspace/data/genbuster-mini/extracted/GenBuster-200K-mini/benchmark/real/98e77f2ae1625d52329e0ec2dd1244ec52c1d08d73fc138b11e629bf22f9f338.mp4,-20.585147857666016,0.9999999988518892,20.585147857666016,2.4780144902056334e-08,0,0,0,real,0,6.664026528596878,0,625.0411607325077
/workspace/data/genbuster-mini/extracted/GenBuster-200K-mini/benchmark/real/988118f1f2aaec8d3e3a4e688ae9bdf4df977f7f147d9ff9de929ad4f9e57d34.mp4,-30.87065315246582,0.9999999999999608,30.87065315246582,1.2024405895109288e-13,0,0,0,real,0,6.660070270299912,0,625.3584995865822
/workspace/data/genbuster-mini/extracted/GenBuster-200K-mini/benchmark/real/97b15d6cd8f5a44b92077ad384e19a5f5ed3edda79e4d166b4f2c575f07faf2c.mp4,-5.406204700469971,0.9955314141698182,5.406204700469971,0.028636689472613,0,0,0,real,0,6.706856191158295,0,626.1565648019314
/workspace/data/genbuster-mini/extracted/GenBuster-200K-mini/benchmark/real/97a867f435361bc1ded9cadce12b6e021594babfdc1eb8b4177dbaed902ecf45.mp4,-14.7042875289917,0.9999995888418596,14.7042875289917,6.456943736055557e-06,0,0,0,real,0,6.962791085243225,0,625.7482618093491
/workspace/data/genbuster-mini/extracted/GenBuster-200K-mini/benchmark/real/979e7a959669ea1d790fab8cbf5b20d43644526214f18986a20ebf5e0d8870a1.mp4,-3.032677412033081,0.9540287405252456,3.032677412033081,0.1864774808539907,0,0,0,real,0,6.7198313772678375,0,627.0727291703224
/workspace/data/genbuster-mini/extracted/GenBuster-200K-mini/benchmark/real/979552f424b0cce863eba40b786c11c8996f36458f80d359cea6dfb491173ef3.mp4,-22.57606506347656,0.9999999998432024,22.57606506347656,3.694674698200714e-09,0,0,0,real,0,6.923504173755646,0,625.9623244404793
/workspace/data/genbuster-mini/extracted/GenBuster-200K-mini/benchmark/real/9761824bfa7324175adf698f0e2689ca6e085d954c7c7c1147e9c76d485132a8.mp4,-25.30363273620605,0.9999999999897488,25.30363273620605,2.67687907608354e-10,0,0,0,real,0,6.686050444841385,0,621.0528276860714
/workspace/data/genbuster-mini/extracted/GenBuster-200K-mini/benchmark/real/971ed46291b5659baa84fc014d0154f07374f16645ff91f5c2c8d634aac6b2c4.mp4,-29.641143798828125,0.999999999999866,29.641143798828125,2.8189717576801376e-12,0,0,0,real,0,6.829556077718735,1,715.268436819315
/workspace/data/genbuster-mini/extracted/GenBuster-200K-mini/benchmark/real/971835fecbe3c259de5e757a8a1f207f7a7eba0048149282febdf13219bc7645.mp4,-24.06369972229004,0.9999999999645784,24.06369972229004,8.858097563366754e-10,0,0,0,real,0,6.798792630434036,0,622.975155711174
/workspace/data/genbuster-mini/extracted/GenBuster-200K-mini/benchmark/real/96f4b0cfd639d6b91d964ce30228db944cfdf2214e913fabfc28d66010c66a22.mp4,-21.659358978271484,0.999999999607843,21.659358978271484,8.884026909245651e-09,0,0,0,real,0,8.354119956493378,0,625.7080510258675
/workspace/data/genbuster-mini/extracted/GenBuster-200K-mini/benchmark/real/96d485bbefd463ab97df52b054adf6ab80b50f54133e5fd976f28c35c93bf647.mp4,-17.462486267089844,0.999999973930148,17.462486267089844,4.813122856890781e-07,0,0,0,real,0,8.607722818851471,1,709.645077586174
/workspace/data/genbuster-mini/extracted/GenBuster-200K-mini/benchmark/real/964b02a52c1d4831c8d7b2ffb4e79ecab5c3765943df94938db4c997858903b7.mp4,-19.5990047454834,0.9999999969220584,19.5990047454834,6.340053544993905e-08,0,0,0,real,0,6.735663861036301,1,712.0619043707848
/workspace/data/genbuster-mini/extracted/GenBuster-200K-mini/benchmark/real/9601c6d0ed3676a8590c73db86677699bf05ac8c1542b0482e66d0b7bac3cb24.mp4,-25.785022735595703,0.9999999999936656,25.785022735595703,1.677390742504277e-10,0,0,0,real,0,8.131712675094604,0,622.1484132111073
/workspace/data/genbuster-mini/extracted/GenBuster-200K-mini/benchmark/real/9545acd4cb30284373f00b503c01ab5f68696e368eaa130827329c15dd7e6f52.mp4,-25.691883087158203,0.9999999999930472,25.691883087158203,1.8364785377188811e-10,0,0,0,real,0,6.668101996183395,0,622.5569695234299
/workspace/data/genbuster-mini/extracted/GenBuster-200K-mini/benchmark/real/952af4ec45ce948dfa3cfba7c4c3638ecdd9048a15d2fbadae7e5c63d5ceb7a8.mp4,-8.433424949645996,0.999782571932883,8.433424949645996,0.002051115010851,0,0,0,real,0,4.403725266456604,0,626.5773624181747
/workspace/data/genbuster-mini/extracted/GenBuster-200K-mini/benchmark/real/951e065e5ada5f75c0e964f41b21e28dbce26c50b811478a0fc088d4030c87b7.mp4,-34.239219665527344,0.9999999999999988,34.239219665527344,-9.614770042993865e-13,0,0,0,real,0,4.2397640645504,0,621.7039749026299
/workspace/data/genbuster-mini/extracted/GenBuster-200K-mini/benchmark/real/94fc3d0a84597ba3ed690fa31bfaa1310603e772fc6d4c22c44ac6b28296ecef.mp4,-30.580711364746094,0.9999999999999476,30.580711364746094,4.962894450349334e-13,0,0,0,real,0,6.566770374774933,0,625.837929546833
/workspace/data/genbuster-mini/extracted/GenBuster-200K-mini/benchmark/real/94c88066bc472fec6ef95d346fcb5b322ece8b3b0c6450c7b4a0e583d5829ce5.mp4,-24.024253845214844,0.9999999999631533,24.024253845214844,9.200756401786923e-10,0,0,0,real,0,7.641945034265518,0,628.6957673728466
/workspace/data/genbuster-mini/extracted/GenBuster-200K-mini/benchmark/real/94bbad944eac3a4999677aeb38fcf5680aedc6b691ff1cd4806486a0e72ab22b.mp4,-37.32579040527344,1.0,37.32579040527344,-9.98164653712913e-13,0,0,0,real,0,7.610779255628586,0,625.7783696055412
/workspace/data/genbuster-mini/extracted/GenBuster-200K-mini/benchmark/real/949ad22955c25cf934f845bbdff81b25af4dc4830801d2933573b044c16d063f.mp4,-27.31778907775879,0.9999999999986322,27.31778907775879,3.6983555638199125e-11,0,0,0,real,0,7.202468812465668,0,628.1671561300755
/workspace/data/genbuster-mini/extracted/GenBuster-200K-mini/benchmark/real/945e12b44c1892c8be668a38b73d4d7cc70f2cfd90687369453d8f96e43eea0c.mp4,-2.2460386753082275,0.9043082892894744,2.2460386753082275,0.3155122297741645,0,0,0,real,0,4.27362322807312,1,710.5322293937206
/workspace/data/genbuster-mini/extracted/GenBuster-200K-mini/benchmark/real/94518b8056688042899c55a809e19ee5de188244832585fcc09a55ed8d2dafcd.mp4,-2.698801755905152,0.9369558990001678,2.698801755905152,0.235262592080529,0,0,0,real,0,4.307784140110016,0,624.2268234491348
/workspace/data/genbuster-mini/extracted/GenBuster-200K-mini/benchmark/real/944576cc81b55bf25fdfe7528c2a2f810d54b79bdae34f26380372f3fec2af7f.mp4,-33.84811019897461,0.999999999999998,33.84811019897461,-9.429693661486163e-13,0,0,0,real,0,4.331778734922409,0,624.1942420601845
/workspace/data/genbuster-mini/extracted/GenBuster-200K-mini/benchmark/real/9419151611235acdb7130f3ed9f82a8152b0949f1be9be81fa392bdfb22f4633.mp4,-23.188077926635746,0.9999999999149752,23.188077926635746,2.0545928943281492e-09,0,0,0,real,0,4.332296550273895,1,711.6095796227455
/workspace/data/genbuster-mini/extracted/GenBuster-200K-mini/benchmark/real/931da1b797c521e4f68332f91d3120708eb1e021b29c68a921732e6a6d36e46c.mp4,-30.185853958129883,0.9999999999999224,30.185853958129883,1.218886396582153e-12,0,0,0,real,0,4.676800221204758,0,624.6108412742615
/workspace/data/genbuster-mini/extracted/GenBuster-200K-mini/benchmark/real/92e8587bab1f2dc09cfc68a7b1ace43e11366a5df75b2f0986727a4c7c712062.mp4,-30.418590545654297,0.9999999999999384,30.418590545654297,7.592215086937523e-13,0,0,0,real,0,4.363711923360825,0,627.9990412294865
/workspace/data/genbuster-mini/extracted/GenBuster-200K-mini/benchmark/real/92045928447d2d14b02fc014f75cce4b73f05591aeb3d8002b8f3002b265214f.mp4,-17.257949829101562,0.9999999680134372,17.257949829101562,5.840070605398104e-07,0,0,0,real,0,5.066301673650742,1,717.7321724593639
/workspace/data/genbuster-mini/extracted/GenBuster-200K-mini/benchmark/real/9187e55e9bb10f326986102338c945001e3f82221fd14f9147c1bae1b4a4da78.mp4,-3.2614738941192627,0.9630832299590112,3.2614738941192627,0.158018525658679,0,0,0,real,0,6.911560893058777,0,625.4001222550869
/workspace/data/genbuster-mini/extracted/GenBuster-200K-mini/benchmark/real/9175f0edfedf0b912017a8e46924dac2e00e74c2ff617f2d56eaeb729d815df0.mp4,-29.427764892578125,0.999999999999834,29.427764892578125,3.7226060208843335e-12,0,0,0,real,0,6.821416318416596,0,628.7977285683155
/workspace/data/genbuster-mini/extracted/GenBuster-200K-mini/benchmark/real/9098c8adbec17ed54d502e1dc0174bbdc709a6f915eabbb53480293e500ae878.mp4,-15.396727561950684,0.9999997942754676,15.396727561950684,3.373207137052186e-06,0,0,0,real,0,6.894152611494064,0,626.4731027185917
/workspace/data/genbuster-mini/extracted/GenBuster-200K-mini/benchmark/real/9027056b48bd656a7989166487186915861647aae7f2dce05994c719e7a14928.mp4,-30.5432243347168,0.9999999999999456,30.5432243347168,5.533422135054509e-13,0,0,0,real,0,6.815452128648758,1,716.0853296518326
/workspace/data/genbuster-mini/extracted/GenBuster-200K-mini/benchmark/real/8fa5dd10b1d62f94eb57c2aec6fe4e3f97cbd62ac40a3e34019432dddd0e5a0e.mp4,-26.22582054138184,0.9999999999959236,26.22582054138184,1.0908746760032146e-10,0,0,0,real,0,6.887737661600113,0,628.7036873400211
/workspace/data/genbuster-mini/extracted/GenBuster-200K-mini/benchmark/real/8f9d5fdb4db7d53c38afbdc9024b7c3b36e7ca303abc0bf955301056e0ec8866.mp4,-30.58249855041504,0.9999999999999476,30.58249855041504,4.937156701578155e-13,0,0,0,real,0,6.8290457129478455,0,635.1547911763191
/workspace/data/genbuster-mini/extracted/GenBuster-200K-mini/benchmark/real/8f5127afe6704c1fc4f9142690ea486542ec27487bfb16c58b9a30162ee56b52.mp4,-17.443843841552734,0.999999973439584,17.443843841552734,4.898741665259742e-07,0,0,0,real,0,6.954558193683624,0,628.1298883259296
/workspace/data/genbuster-mini/extracted/GenBuster-200K-mini/benchmark/real/8ecb6ffae257e12913a3eb258ad5994eef9a4fa21b7aecb1126e85eb4d468205.mp4,-17.734296798706055,0.9999999801348078,17.734296798706055,3.72158405219444e-07,0,0,0,real,0,6.768845021724701,0,624.8084455728531
/workspace/data/genbuster-mini/extracted/GenBuster-200K-mini/benchmark/real/8e951f1260066d9cb6ac2d7e9797e663dfb11bdf6d615e114ce045bca28794d2.mp4,-39.98512649536133,1.0,39.98512649536133,-9.99969755240472e-13,0,0,0,real,0,6.994627416133881,1,714.6282978355885
/workspace/data/genbuster-mini/extracted/GenBuster-200K-mini/benchmark/real/8e50131915460df9d0a08d059f7195bd9c445ffe4b778bdbea87620f6faedec8.mp4,-25.714096069335938,0.9999999999932,25.714096069335938,1.7972334221854518e-10,0,0,0,real,0,6.775572896003723,0,626.8207654356956
/workspace/data/genbuster-mini/extracted/GenBuster-200K-mini/benchmark/real/8e372ba5b06b44399d3c712a671deed3fe0f15a8338f4b7f378a8c73e761a878.mp4,-39.40229034423828,1.0,39.40229034423828,-9.998754980625606e-13,0,0,0,real,0,6.899464875459671,0,628.524649888277
/workspace/data/genbuster-mini/extracted/GenBuster-200K-mini/benchmark/real/8e3442c512baac872de9805dadca9352420c2e821824b3bfefdbb2c12718bc46.mp4,-29.359281539916992,0.9999999999998224,29.359281539916992,4.055592813258484e-12,0,0,0,real,0,7.938232272863388,0,625.7947534322739
/workspace/data/genbuster-mini/extracted/GenBuster-200K-mini/benchmark/real/8e0c59b980db21552de9a78ca2fdb0e05ff66523b4780dd89e09958491009b4f.mp4,-30.285682678222656,0.9999999999999296,30.285682678222656,1.0086062783883482e-12,0,0,0,real,0,6.887134164571762,1,713.5672718286514
/workspace/data/genbuster-mini/extracted/GenBuster-200K-mini/benchmark/real/8d96c954418161a5fbd802e2c98ada7946414778901745324ee7e76f4b23bbcd.mp4,-31.78099822998047,0.9999999999999842,31.78099822998047,-5.489734283229449e-13,0,0,0,real,0,6.699744611978531,0,625.5281418561935
/workspace/data/genbuster-mini/extracted/GenBuster-200K-mini/benchmark/real/8d5562607097d0aaa09dab60b3be2eb07d180ea9a27eb1b68efafa6315fd4840.mp4,-20.746461868286133,0.999999999022929,20.746461868286133,2.1245837284038167e-08,0,0,0,real,0,6.784982979297638,0,626.5659630298615
/workspace/data/genbuster-mini/extracted/GenBuster-200K-mini/benchmark/real/8cdf740fb6e9673682511df58e0fa73243842e82b95eb3acb6c2e391954623c2.mp4,-12.705116271972656,0.9999969644543398,12.705116271972656,4.160250898939245e-05,0,0,0,real,0,6.843965500593185,0,626.0054223239422
/workspace/data/genbuster-mini/extracted/GenBuster-200K-mini/benchmark/real/8c8835453143a5096de904f16931e9a2982c9e48b357675328755627f3b00663.mp4,-18.21199607849121,0.999999987679436,18.21199607849121,2.367006297798551e-07,0,0,0,real,0,6.733663380146027,1,713.1415009498596
/workspace/data/genbuster-mini/extracted/GenBuster-200K-mini/benchmark/real/8c7ff01956fbb3a7cb064d751baaaed50ab140b6a8b8b431b4da62aa1990fc1f.mp4,-23.3945369720459,0.9999999999308358,23.3945369720459,1.6852370343455506e-09,0,0,0,real,0,6.890885531902313,1,708.280511200428
/workspace/data/genbuster-mini/extracted/GenBuster-200K-mini/benchmark/real/8bc698c1b1249229869d4bf5ff48f11459c22db6fba8be1c931cf7ee5764a8b0.mp4,-34.43324661254883,0.9999999999999988,34.43324661254883,-9.68273580749102e-13,0,0,0,real,0,7.803719490766525,0,625.0868402421474
/workspace/data/genbuster-mini/extracted/GenBuster-200K-mini/benchmark/real/8ba13eef1b6e7f165bd12e489855aee349b18f09e58db0f44198ed77d34d1cbc.mp4,-18.02779006958008,0.9999999851874356,18.02779006958008,2.8184836770585564e-07,0,0,0,real,0,7.013048976659775,0,628.8994997739792
/workspace/data/genbuster-mini/extracted/GenBuster-200K-mini/benchmark/real/8b9854b39aee13dc6b329ff62dd51ddf0f75a21d477d914038597df33b63bd06.mp4,-17.497282028198242,0.9999999748216676,17.497282028198242,4.6572871375624316e-07,0,0,0,real,0,6.94926455616951,0,630.0142370164394
/workspace/data/genbuster-mini/extracted/GenBuster-200K-mini/benchmark/real/8b41bf6b4a5b9b933fe8c20629f517af768d2a39ea9a9de0cf733570c8ffb924.mp4,-28.183738708496094,0.9999999999994246,28.183738708496094,1.5212387570103696e-11,0,0,0,real,0,6.949085742235184,0,625.1680888235569
/workspace/data/genbuster-mini/extracted/GenBuster-200K-mini/benchmark/real/8b2c314b6181ab34f7ce4bfdcda587eea38efaa4db396818bd6e1d8388aacf75.mp4,-28.362361907958984,0.9999999999995188,28.362361907958984,1.2590012763881203e-11,0,0,0,real,0,7.140357047319412,0,624.0831576287746
/workspace/data/genbuster-mini/extracted/GenBuster-200K-mini/benchmark/real/8b1ebca7b34effa5725cdc42f083801858a104c05e2bbdcc6852b6aafd501c47.mp4,-26.87532997131348,0.9999999999978708,26.87532997131348,5.7529091135684826e-11,0,0,0,real,0,8.386041969060898,0,622.1152134239674
/workspace/data/genbuster-mini/extracted/GenBuster-200K-mini/benchmark/real/8b0d225c6b3ac94fa2f5379d524032bd59d8a6540a15d14f26525ade105f8997.mp4,-41.34918594360352,1.0,41.34918594360352,-1.0000584445268098e-12,0,0,0,real,0,6.843883544206619,0,624.2148242890835
/workspace/data/genbuster-mini/extracted/GenBuster-200K-mini/benchmark/real/8aa080df70685efb3f6369039a8f73211dbced44cc535e585670a714118d98cd.mp4,-15.190601348876951,0.9999997471834092,15.190601348876951,4.093250654195437e-06,0,0,0,real,0,7.703587412834167,0,622.6283274590969
/workspace/data/genbuster-mini/extracted/GenBuster-200K-mini/benchmark/real/8a3402e5d6bde57f7daab783610abc5fc5ccc7369445230d97a922d8e2420541.mp4,-25.64813995361328,0.9999999999927364,25.64813995361328,1.9162562334474055e-10,0,0,0,real,0,6.67184591293335,0,621.0110858082771
/workspace/data/genbuster-mini/extracted/GenBuster-200K-mini/benchmark/real/8a26f56b2236ca48f1cfac6fd40797403a134306fac810ce9db16d4c1d334ca2.mp4,-19.38583755493164,0.9999999961907652,19.38583755493164,7.76524399751759e-08,0,0,0,real,0,6.703663617372513,1,708.4490470588207
/workspace/data/genbuster-mini/extracted/GenBuster-200K-mini/benchmark/real/8a040e3640ca3c4b2d3c05ad9527a77069de0c9d723e62ad2de5c1ef635082b0.mp4,-26.651386260986328,0.9999999999973364,26.651386260986328,7.180001806436557e-11,0,0,0,real,0,6.747223436832428,1,709.1856077313423
/workspace/data/genbuster-mini/extracted/GenBuster-200K-mini/benchmark/real/89de9e6d8f578910841966854fe4c6ee6d24bd2b94189842192c4326ea4f03a6.mp4,-11.851616859436035,0.9999928730276224,11.851616859436035,9.159314218037586e-05,0,0,0,real,0,6.716489791870117,0,624.1401843726635
/workspace/data/genbuster-mini/extracted/GenBuster-200K-mini/benchmark/real/89de3c3c299bf724116f915ed5646a3d84bce287c6ec3c6b65084586c8e56031.mp4,-35.970977783203125,0.9999999999999998,35.970977783203125,-9.932691034199025e-13,0,0,0,real,0,6.778653711080551,1,710.6987684965134
/workspace/data/genbuster-mini/extracted/GenBuster-200K-mini/benchmark/real/89bcbd1dde179c0596463885deab5b58997c875e61070b3e2c86fed85b9a58bd.mp4,-15.923128128051758,0.9999998784728632,15.923128128051758,2.0566173146518328e-06,0,0,0,real,0,6.690226495265961,1,708.8182419538498
/workspace/data/genbuster-mini/extracted/GenBuster-200K-mini/benchmark/real/89a97d665653f1949aa0b4b7bc84dab9c108c8ef33226d8e8f5ec4977dedd188.mp4,-23.15933990478516,0.9999999999124964,23.15933990478516,2.112037740004554e-09,0,0,0,real,0,6.692342460155487,0,622.1523433923721
/workspace/data/genbuster-mini/extracted/GenBuster-200K-mini/benchmark/real/892fc869a7b28238665202ce32275b8a175e8607bb3cd46ccb620593ccb2d109.mp4,-33.38956069946289,0.9999999999999968,33.38956069946289,-9.097945370323304e-13,0,0,0,real,0,6.660323590040207,0,626.4269165694714
/workspace/data/genbuster-mini/extracted/GenBuster-200K-mini/benchmark/real/88c616830e1e34492b4a80ace923b3dbda155ecfdfaf0e5aa68a07c4042fa4a5.mp4,-25.644855499267575,0.9999999999927124,25.644855499267575,1.922382727367716e-10,0,0,0,real,0,7.067203521728516,0,623.8896921277046
/workspace/data/genbuster-mini/extracted/GenBuster-200K-mini/benchmark/real/88b244e781d3bf5acbac6ab69a5582dc419eb919252069104b6970ec435a1341.mp4,-26.290912628173828,0.9999999999961804,26.290912628173828,1.0234832680748408e-10,0,0,0,real,0,6.646864116191864,1,709.2507407069206
/workspace/data/genbuster-mini/extracted/GenBuster-200K-mini/benchmark/real/889daf0921b6b8a5826d3bbe63f54c4cec3ee0905e312c040740f1bbdd74c610.mp4,-21.6345329284668,0.9999999995979856,21.6345329284668,9.097411850020288e-09,0,0,0,real,0,7.825329899787903,0,622.3458126187325
/workspace/data/genbuster-mini/extracted/GenBuster-200K-mini/benchmark/real/887203cd40a455bb7ec95b1f61d148d33908bf9123890faa5152f33f24fddb30.mp4,-4.249422073364258,0.985928357578814,4.249422073364258,0.0739679349032685,0,0,0,real,0,5.023766309022903,0,623.1900937855244
/workspace/data/genbuster-mini/extracted/GenBuster-200K-mini/benchmark/real/87d4b1dfe1a9b61c6dcf53c1b87c0aa5f8bdec1a3ca8ca7979cf8c88eefa5165.mp4,-34.61618423461914,0.9999999999999992,34.61618423461914,-9.73628727059772e-13,0,0,0,real,0,6.620146334171295,0,624.2927610874176
/workspace/data/genbuster-mini/extracted/GenBuster-200K-mini/benchmark/real/86727196a9af15fe5f8f24b1563c5e32fabd7a575cc174ad3710db5ce4fdc03d.mp4,-35.02561569213867,0.9999999999999992,35.02561569213867,-9.824420648302176e-13,0,0,0,real,0,7.178429514169693,1,709.6109390258789
/workspace/data/genbuster-mini/extracted/GenBuster-200K-mini/benchmark/real/86406f2873c0e5397813b3d57621d3bb06c13f3ddb5945c8de4a80263e0a6022.mp4,-31.094566345214844,0.9999999999999688,31.094566345214844,-1.0438340722860037e-13,0,0,0,real,0,7.546667009592056,0,627.3798458278179
/workspace/data/genbuster-mini/extracted/GenBuster-200K-mini/benchmark/real/863a533cc7f7a74c8c733bf60c855c0908dc29acf2cc36d0c27a96ff4553d6d0.mp4,-30.61992645263672,0.9999999999999496,30.61992645263672,4.388576954483808e-13,0,0,0,real,0,6.903465837240219,0,626.6073174774647
/workspace/data/genbuster-mini/extracted/GenBuster-200K-mini/benchmark/real/85ec05189b1a471560c224a75eb5afa068c27267e964db757b520d2ccf28c1ea.mp4,-13.431906700134276,0.9999985324380988,13.431906700134276,2.1179715421111148e-05,0,0,0,real,0,7.473122328519821,0,621.3757321238518
/workspace/data/genbuster-mini/extracted/GenBuster-200K-mini/benchmark/real/84c957c9fbbd4f92274f1c191b4503ab0b384d5afe20a2b408d40847e0e20083.mp4,-26.646183013916016,0.9999999999973226,26.646183013916016,7.216964967405549e-11,0,0,0,real,0,7.297012954950333,1,708.4329351782799
/workspace/data/genbuster-mini/extracted/GenBuster-200K-mini/benchmark/real/848494ca43911edb0aac73f57913571b941413c2554a1cf4e8b032ed01a72159.mp4,-15.781359672546388,0.999999859963097,15.781359672546388,2.350007652021405e-06,0,0,0,real,0,6.029091775417328,0,630.9078484773636
/workspace/data/genbuster-mini/extracted/GenBuster-200K-mini/benchmark/real/843ff2ba6e8f22d652c2acb5596c0ea105f43162295cbfe49f02fd0d538ea43a.mp4,-15.94367218017578,0.9999998809440456,15.94367218017578,2.0172430640737845e-06,0,0,0,real,0,6.0011595487594604,0,624.4021877646446
/workspace/data/genbuster-mini/extracted/GenBuster-200K-mini/benchmark/real/8429dd756ee18877d40a8a1d045e304ddf1b9490bbe6582a1deb0d01284c018a.mp4,-31.240663528442383,0.9999999999999728,31.240663528442383,-2.2598452124626539e-13,0,0,0,real,0,6.4683109521865845,1,712.8102406859398
/workspace/data/genbuster-mini/extracted/GenBuster-200K-mini/benchmark/real/83f13ecf8b46151e069895d0331209452d13e08e4e8acbfa8011f820622eb7ad.mp4,-11.052224159240724,0.9999841483986528,11.052224159240724,0.0001910471766796,0,0,0,real,0,7.334403693675995,0,624.0783035755157
/workspace/data/genbuster-mini/extracted/GenBuster-200K-mini/benchmark/real/83987a1e3d508cb00a62dfa01f8ef101c67e97e00e49a2bffe624cfcd223d881.mp4,-22.38207244873047,0.999999999809634,22.38207244873047,4.449154933967032e-09,0,0,0,real,0,7.223933935165405,0,625.2865865826607
/workspace/data/genbuster-mini/extracted/GenBuster-200K-mini/benchmark/real/83823ca2bdf4d3cbf8227532ddeea43284b542726f7ad4fc5ec8a5c7b1d8d211.mp4,-17.319011688232422,0.99999996990816,17.319011688232422,5.512507738437107e-07,0,0,0,real,0,7.184349000453949,0,623.5242821276188
/workspace/data/genbuster-mini/extracted/GenBuster-200K-mini/benchmark/real/835c5bb492d2c03e35270ea801558336928987e1bb1bc07415e867dfb94d9039.mp4,-15.86306858062744,0.9999998709503616,15.86306858062744,2.1761709134766105e-06,0,0,0,real,0,6.092142313718796,0,624.1094544529915
/workspace/data/genbuster-mini/extracted/GenBuster-200K-mini/benchmark/real/8341a0fb0a64bcbf42970752c2f32d7bbf55e4b33b6764fa9de6701756d4e9bc.mp4,-6.870265483856201,0.9989628753392026,6.870265483856201,0.0081629846014923,0,0,0,real,0,7.18892365694046,0,624.1547949612141
/workspace/data/genbuster-mini/extracted/GenBuster-200K-mini/benchmark/real/82f2d07558c268f508f651012e3dbca996b01ab0c88e89574a2f7827f42c9d68.mp4,-18.481691360473636,0.9999999905918672,18.481691360473636,1.832843418103447e-07,0,0,0,real,0,7.202815264463425,0,624.5503574609756
/workspace/data/genbuster-mini/extracted/GenBuster-200K-mini/benchmark/real/824598f55f50004a6aa5bcd67c4c4ce38782f30954f55fda388bdf60b370570f.mp4,-15.768046379089355,0.9999998580862696,15.768046379089355,2.379614022057386e-06,0,0,0,real,1,7.645636796951294,0,624.0186914801598
/workspace/data/genbuster-mini/extracted/GenBuster-200K-mini/benchmark/real/81b769991d7462a8bc3908b7d1282ea881802d1bcdbd6953105cda5151c7c627.mp4,-25.351890563964844,0.9999999999902318,25.351890563964844,2.5545807275934595e-10,0,0,0,real,0,7.131591439247131,0,625.847976654768
/workspace/data/genbuster-mini/extracted/GenBuster-200K-mini/benchmark/real/8199ccc19dbdc3927b8091dd5931fc1bd0df9a0ef3ce88c061b71a3a88bb07c4.mp4,-27.129413604736328,0.9999999999983488,27.129413604736328,4.4670291432328926e-11,0,0,0,real,0,9.319160133600237,0,622.6022727787495
/workspace/data/genbuster-mini/extracted/GenBuster-200K-mini/benchmark/real/818c5dcb230fb89501c9cda6fe7f5ce733e6c05b261085a2087685825e01e6eb.mp4,-17.1055908203125,0.9999999627491434,17.1055908203125,6.744467698507001e-07,0,0,0,real,0,7.153965532779694,1,707.9665139317513
/workspace/data/genbuster-mini/extracted/GenBuster-200K-mini/benchmark/real/813244758e5a6d59264403acbaebaf41afdca2522499f6a159a82a3131de2652.mp4,-16.788108825683594,0.9999999488298208,16.788108825683594,9.102187194666272e-07,0,0,0,real,0,6.965573877096176,1,707.9107835888863
/workspace/data/genbuster-mini/extracted/GenBuster-200K-mini/benchmark/real/8128a77b9420f572f28f70226d6ccde1f03a08ab6b3ecbf8efabc4d764a773e8.mp4,-32.71182632446289,0.9999999999999938,32.71182632446289,-8.221860388926782e-13,0,0,0,real,0,7.085517048835754,1,708.5705436766148
/workspace/data/genbuster-mini/extracted/GenBuster-200K-mini/benchmark/real/80f89d76673b2d6c2affd2e921489d044cacaa2253e8b515ed56ab9aa27b2635.mp4,-6.944587707519531,0.9990370904561132,6.944587707519531,0.0076503832201842,0,0,0,real,0,7.225781679153442,0,621.4375197887421
/workspace/data/genbuster-mini/extracted/GenBuster-200K-mini/benchmark/real/80d7f539725624a286c586fce4b12c62db1989264268fb85072a2c571197cb8f.mp4,-19.246618270874023,0.9999999956217565,19.246618270874023,8.86426256226204e-08,0,0,0,real,0,7.184967398643494,0,617.1563491225243
/workspace/data/genbuster-mini/extracted/GenBuster-200K-mini/benchmark/real/8075ca5043aad2b350aba6e26e2d36d16510ed8c32c0d030362fe0a109d9ee86.mp4,-30.09569358825684,0.999999999999915,30.09569358825684,1.427664507195545e-12,0,0,0,real,0,6.899524480104446,1,705.5059187114239
/workspace/data/genbuster-mini/extracted/GenBuster-200K-mini/benchmark/real/805383277ac54cb569f00fce5e4a72edfcc93649b0cb351b92915ff258d7e0e0.mp4,-0.5011806488037109,0.6227367520332336,0.5011806488037109,0.6627084443986722,1,0,0,real,0,4.8714131116867065,1,719.5499539375305
/workspace/data/genbuster-mini/extracted/GenBuster-200K-mini/benchmark/real/803f9e380f382fc21b8cf4d60b4a54b6a7deb38e2f3103a2545dbc4ed17e97cd.mp4,-30.20860481262207,0.999999999999924,30.20860481262207,1.1690675961270572e-12,0,0,0,real,0,6.865944713354111,1,715.9441821277142
/workspace/data/genbuster-mini/extracted/GenBuster-200K-mini/benchmark/real/802a29fae3fd4de2e678fd81b2aef5233d5f745a00aaa96b4cad6b45a9e6dc4a.mp4,-20.580158233642575,0.999999998846146,20.580158233642575,2.4898352560434944e-08,0,0,0,real,0,6.368841975927353,1,711.2991884350777
/workspace/data/genbuster-mini/extracted/GenBuster-200K-mini/benchmark/real/801c444ef66b2017cd9ad5ed0dea4898111cd3b6a0ebbfc53cc67e532eff4db0.mp4,-38.90798568725586,1.0,38.90798568725586,-9.997390575453786e-13,0,0,0,real,0,5.783069878816605,0,628.0956454575062
/workspace/data/genbuster-mini/extracted/GenBuster-200K-mini/benchmark/real/8003fa78b34a93c9c37e5d4af6e0040dc18ff11bbe2edad6fffe90f774850d22.mp4,-21.612468719482425,0.9999999995890168,21.612468719482425,9.29134646807702e-09,0,0,0,real,0,8.06933268904686,0,623.1321208178997
/workspace/data/genbuster-mini/extracted/GenBuster-200K-mini/benchmark/real/7fd9e323a5765dbf989e80201ac4378343a7ee326871c96afc78dd60d6e9c29f.mp4,-34.0715217590332,0.9999999999999984,34.0715217590332,-9.544488641163628e-13,0,0,0,real,0,4.448112100362778,0,624.4290173053741
/workspace/data/genbuster-mini/extracted/GenBuster-200K-mini/benchmark/real/7fb1864041d0ba0e60c41b4322967db4339e7067600413103ffa030b4500ac38.mp4,-23.797197341918945,0.999999999953761,23.797197341918945,1.1446085193189823e-09,0,0,0,real,0,5.445737391710281,0,624.2732256650925
/workspace/data/genbuster-mini/extracted/GenBuster-200K-mini/benchmark/real/7fa3c4c6acda02ac326b633230bc98a2211cc092f2344ac895c43d5dac6794bf.mp4,-16.742483139038086,0.9999999464410614,16.742483139038086,9.502665636401696e-07,0,0,0,real,0,6.554834544658661,0,624.4725175201893
/workspace/data/genbuster-mini/extracted/GenBuster-200K-mini/benchmark/real/7f18b3aa2d0ede535999d7686630903b962dc0203858746fb8725f3acb6ce9ce.mp4,-17.270862579345703,0.9999999684238184,17.270862579345703,5.769220808382144e-07,0,0,0,real,0,6.335176527500153,0,621.323149651289
/workspace/data/genbuster-mini/extracted/GenBuster-200K-mini/benchmark/real/7f0d53934512da796e1a82d6b7787ac3e954a171c45a5c4a4000e92fe6358a9f.mp4,-37.185333251953125,1.0,37.185333251953125,-9.979079625945142e-13,0,0,0,real,0,11.053089052438736,0,624.6270090341568
/workspace/data/genbuster-mini/extracted/GenBuster-200K-mini/benchmark/real/7ecfd41107d8eb6498465c9211a1cafdebe649da47f2d9deeb0c9919635510af.mp4,-15.479388236999512,0.9999998105969324,15.479388236999512,3.121244706278339e-06,0,0,0,real,0,7.037684321403503,0,621.5096525847912
/workspace/data/genbuster-mini/extracted/GenBuster-200K-mini/benchmark/real/7eb0d3a5a7388e7878afc0962f2be25ebd1878cda7c84c36545bd8b8ce306dec.mp4,-13.940106391906738,0.9999991171470696,13.940106391906738,1.3189915037303832e-05,0,0,0,real,0,7.319256663322449,1,708.4957920014858
/workspace/data/genbuster-mini/extracted/GenBuster-200K-mini/benchmark/real/7ea4b00d513b4b8f9bcc25610c5530117ee28075ce77bc0cc707d25e51eefd66.mp4,-27.61835479736328,0.9999999999989873,27.61835479736328,2.7287580421370957e-11,0,0,0,real,0,7.073838263750076,0,623.2655867934227
/workspace/data/genbuster-mini/extracted/GenBuster-200K-mini/benchmark/real/7e86e59c17df4fab3f31e02f40408874dff185819adfb257e2aef9c81324d8b8.mp4,-29.38291931152344,0.9999999999998266,29.38291931152344,3.938032597845997e-12,0,0,0,real,0,6.972234696149826,0,623.5105022788048
/workspace/data/genbuster-mini/extracted/GenBuster-200K-mini/benchmark/real/7de01c03af76047e9587434a0106c31cba0cd170caee4e9c0c6e58fa28c6fd2f.mp4,-13.409552574157717,0.9999984992626878,13.409552574157717,2.1624952257617823e-05,0,0,0,real,0,6.63258507847786,0,622.2714744508266
/workspace/data/genbuster-mini/extracted/GenBuster-200K-mini/benchmark/real/7d773f6dcfeaf15bd2c0a2c312aa9ef6c18b31359377d827fd0ebf49c1863482.mp4,-28.514083862304688,0.9999999999995864,28.514083862304688,1.0696299107540894e-11,0,0,0,real,0,8.108198642730713,0,621.1251206696033
/workspace/data/genbuster-mini/extracted/GenBuster-200K-mini/benchmark/real/7d2f39fc591657e6f88d5f5bfa79e8bf06e3e9a76199dbfda481187e9eb8e899.mp4,-6.619676113128662,0.998667913954705,6.619676113128662,0.0101509522641712,0,0,0,real,0,6.981492042541504,1,707.2642333805561
/workspace/data/genbuster-mini/extracted/GenBuster-200K-mini/benchmark/real/7d036185d15ae8143279dd129b72a8111dd1bb64aee4e1a6ccad88f481ecb09d.mp4,-17.12771987915039,0.999999963564413,17.12771987915039,6.60492113854098e-07,0,0,0,real,0,7.016252726316452,1,711.2432010471821
/workspace/data/genbuster-mini/extracted/GenBuster-200K-mini/benchmark/real/7c07d9e328e546e34f6b9f03c4a23aa3c4bdcc32bffcefebbcbd4854e081fc05.mp4,-19.246538162231445,0.999999995621406,19.246538162231445,8.864936936159789e-08,0,0,0,real,0,8.147791028022766,1,708.727277815342
/workspace/data/genbuster-mini/extracted/GenBuster-200K-mini/benchmark/real/7bf831c28163bb5b343091495e94a783c02faaaac2c697445e71dbf25c57b0cf.mp4,-31.07099151611328,0.999999999999968,31.07099151611328,-8.289825901078345e-14,0,0,0,real,0,6.929825991392136,1,712.4819904565811
/workspace/data/genbuster-mini/extracted/GenBuster-200K-mini/benchmark/real/7bd13ee3fc3367e1a41dbb49b761dca6055077215a289556a30abda2faa83ae0.mp4,-19.387788772583008,0.9999999961981908,19.387788772583008,7.750848095399698e-08,0,0,0,real,0,6.97210431098938,0,622.3991550505161
/workspace/data/genbuster-mini/extracted/GenBuster-200K-mini/benchmark/real/7b932bdedd3b096c65b0f5a01320435fd0953b4037808ec3d3fbf2e3cab2532b.mp4,-26.71583366394043,0.9999999999975028,26.71583366394043,6.737214280807821e-11,0,0,0,real,0,7.024064660072327,0,624.4509182870388
/workspace/data/genbuster-mini/extracted/GenBuster-200K-mini/benchmark/real/7b26bbae89717d4dc9ece7f694f30062c9555e8e8ee4b9b6d0e7b7b31d275b73.mp4,-30.4526309967041,0.9999999999999404,30.4526309967041,7.003027464651605e-13,0,0,0,real,0,6.970003247261047,1,714.3136821687222
/workspace/data/genbuster-mini/extracted/GenBuster-200K-mini/benchmark/real/7b03af0e5d2fd4b7436f27260013bf8fed203400eadc9b5aeb68a9b550a3adda.mp4,-25.57734489440918,0.9999999999922036,25.57734489440918,2.0526971399693784e-10,0,0,0,real,0,7.102228701114655,0,621.6476447880268
/workspace/data/genbuster-mini/extracted/GenBuster-200K-mini/benchmark/real/7ab0c60faff0ec3961baec19c6424edf10aa806ee90c531a4adbc5c42ae35a69.mp4,-15.82043743133545,0.9999998653298832,15.82043743133545,2.265208291539473e-06,0,0,0,real,0,6.859723478555679,0,622.5435994565487
/workspace/data/genbuster-mini/extracted/GenBuster-200K-mini/benchmark/real/79ff04806df9f50f2aad2e56275506e4a3732b53d624f29f8285c82c8cf1e517.mp4,-19.06367874145508,0.9999999947428604,19.06367874145508,1.0547556047509964e-07,0,0,0,real,0,7.075835019350052,1,708.8951207697392
/workspace/data/genbuster-mini/extracted/GenBuster-200K-mini/benchmark/real/79e05ebc9848a57f7e434411f2113fa801ef3e9ee9af558eac888477fefe03b1.mp4,-19.310466766357425,0.9999999958925638,19.310466766357425,8.342194610398046e-08,0,0,0,real,0,6.862863898277283,0,622.8266470134258
/workspace/data/genbuster-mini/extracted/GenBuster-200K-mini/benchmark/real/79c192ce6087d2a828fc59d039c160ad5d8a85b9316de1d57e0364f9e3e023eb.mp4,-35.65293502807617,0.9999999999999996,35.65293502807617,-9.905766588798496e-13,0,0,0,real,0,9.0031698346138,1,706.4245045185089
/workspace/data/genbuster-mini/extracted/GenBuster-200K-mini/benchmark/real/79c042430cc1caf06f704fe1413e5e01da2b594d6f385968fca12ea0c3172d0e.mp4,-22.236141204833984,0.9999999997797244,22.236141204833984,5.116359248757348e-09,0,0,0,real,0,7.025107741355896,1,704.1975110769272
/workspace/data/genbuster-mini/extracted/GenBuster-200K-mini/benchmark/real/79a493c713bc738a052550a12389e44ffd871f1c82d4f4b2c1d411954c5d1791.mp4,-20.79510307312012,0.9999999990693176,20.79510307312012,2.0282317467376893e-08,0,0,0,real,0,6.937656551599503,0,620.8083927631378
/workspace/data/genbuster-mini/extracted/GenBuster-200K-mini/benchmark/real/793a9af4ced5f1174beb23cb834e9eabc1f5ce9489a492ca692393a77307fce7.mp4,-29.462690353393555,0.99999999999984,29.462690353393555,3.5612144440189467e-12,0,0,0,real,0,6.991013884544373,0,617.7693642675877
/workspace/data/genbuster-mini/extracted/GenBuster-200K-mini/benchmark/real/78dcbd137f9008aa3b74526dace047f10f1c117aa5e193a03da9e54d02a9385f.mp4,-20.03675079345703,0.9999999980132204,20.03675079345703,4.1793388207636476e-08,0,0,0,real,0,7.084164768457413,0,619.2870400846004
/workspace/data/genbuster-mini/extracted/GenBuster-200K-mini/benchmark/real/78a1fea3ed27227470cb1afe83c2fa63b12ce3a2f34cf2e14a2b98d9e0c7486d.mp4,-36.73348236083984,1.0,36.73348236083984,-9.967890128995479e-13,0,0,0,real,0,7.078893482685089,1,706.9336175918579
/workspace/data/genbuster-mini/extracted/GenBuster-200K-mini/benchmark/real/789e733ef9a19043646a320bacdf5f5f12ccfea8d251a5ab12bba0b6374c050f.mp4,-20.535877227783203,0.999999998793904,20.535877227783203,2.5972333448063872e-08,0,0,0,real,0,6.8352557718753815,0,628.7154704332352
/workspace/data/genbuster-mini/extracted/GenBuster-200K-mini/benchmark/real/788b03fbc12c73e4f1ef992cab8e375d2f56ca34cda1150772f53e0029d0ced4.mp4,-25.448162078857425,0.9999999999911284,25.448162078857425,2.3269094440104524e-10,0,0,0,real,0,6.906703114509583,1,707.1641460061073
/workspace/data/genbuster-mini/extracted/GenBuster-200K-mini/benchmark/real/787c840d0c49af66b058a20844a92e28538cb770fda3771ad82462926b07ff32.mp4,-23.558513641357425,0.999999999941296,23.558513641357425,1.4396908665384406e-09,0,0,0,real,0,6.8659670650959015,1,706.8598382174969
/workspace/data/genbuster-mini/extracted/GenBuster-200K-mini/benchmark/real/77d1d33c6cfc399968f8a024850e5f046ae25f41bb2ab2c21aca7c09cba50f13.mp4,-23.0622615814209,0.9999999999035756,23.0622615814209,2.318195038569489e-09,0,0,0,real,0,6.857875734567642,1,706.4337469637394
/workspace/data/genbuster-mini/extracted/GenBuster-200K-mini/benchmark/real/77ccd29d655874c98a262aa34dd6d1e3be7222e2bebb34d1e2d36191d2f06e1b.mp4,-22.53169631958008,0.9999999998360888,22.53169631958008,3.8551114448695475e-09,0,0,0,real,0,6.775040179491043,0,627.6544630527496
/workspace/data/genbuster-mini/extracted/GenBuster-200K-mini/benchmark/real/77befd0da5fb02ca850633cdbbe3b31d47b53e9db6b4cdd6e80585e54914a6cf.mp4,-27.63926315307617,0.9999999999990082,27.63926315307617,2.671262632035117e-11,0,0,0,real,0,7.737297564744949,0,626.6303360462189
/workspace/data/genbuster-mini/extracted/GenBuster-200K-mini/benchmark/real/778229d5551571562409da2da8ae09fca37554f8b94272d71f61ecc931577378.mp4,-16.871875762939453,0.9999999529415752,16.871875762939453,8.410203267657845e-07,0,0,0,real,0,7.979791611433029,0,621.7505931854248
/workspace/data/genbuster-mini/extracted/GenBuster-200K-mini/benchmark/real/7733c1c98d59aae61b782c4f349f1d3e1aa581a1bd10966f81a950edd33ada13.mp4,-34.082542419433594,0.9999999999999984,34.082542419433594,-9.549320243942261e-13,0,0,0,real,0,8.357100188732147,0,624.1247244179249
/workspace/data/genbuster-mini/extracted/GenBuster-200K-mini/benchmark/real/771e65da9886523dee1fc585b4b9d6ddc0d75372b01c08a355cfd178adabce66.mp4,-23.492334365844727,0.9999999999372796,23.492334365844727,1.534176865056566e-09,0,0,0,real,0,6.808865815401077,0,631.4149722456932
/workspace/data/genbuster-mini/extracted/GenBuster-200K-mini/benchmark/real/76f02be4b17af71fcc1d8138c952536309ebc8765916bbcc57f61f1299142451.mp4,-3.0014116764068604,0.9526378624141216,3.0014116764068604,0.1906737193508863,0,0,0,real,1,7.08901509642601,0,621.5605102479458
/workspace/data/genbuster-mini/extracted/GenBuster-200K-mini/benchmark/real/76e498cc8569769ef926de2b638f061ebf8017107fb35ed960a74fe1be0996cd.mp4,-22.59809112548828,0.9999999998466182,22.59809112548828,3.617520432272021e-09,0,0,0,real,0,6.72747939825058,1,706.6543102264404
/workspace/data/genbuster-mini/extracted/GenBuster-200K-mini/benchmark/real/76e35390da447e38385099d3b21fb617414d57feff1a9e2409195f43fae20ff0.mp4,-4.340972900390625,0.9871435901150108,4.340972900390625,0.0687490969366911,0,0,0,real,0,6.856802850961685,0,622.7603554725647
/workspace/data/genbuster-mini/extracted/GenBuster-200K-mini/benchmark/real/76a28d3890929a7db1217e159e64e5a0a88b2016b156dc9706d943d577d80b78.mp4,-17.74581527709961,0.999999980362313,17.74581527709961,3.681224540572306e-07,0,0,0,real,0,6.783109158277512,0,621.8903698027134
/workspace/data/genbuster-mini/extracted/GenBuster-200K-mini/benchmark/real/7681f867964c5a7d534f73fc1cead4a45cf3df1bfab7f4e57498dd3a047b385e.mp4,-27.08254814147949,0.9999999999982694,27.08254814147949,4.6810673414195426e-11,0,0,0,real,0,6.821680814027786,0,621.9793148338795
/workspace/data/genbuster-mini/extracted/GenBuster-200K-mini/benchmark/real/75f924fd40c3f61ac7a7e89b23b74fb44c2931aa742bdabd6a9d33f873b97b33.mp4,-23.27487564086914,0.999999999922044,23.27487564086914,1.8903801967366e-09,0,0,0,real,0,6.929174065589905,1,706.8188153207302
/workspace/data/genbuster-mini/extracted/GenBuster-200K-mini/benchmark/real/75f2ae26b00ae047991f9f607fe97072f9737f06621f3152c23031db2fcd4dfc.mp4,-50.02821350097656,1.0,50.02821350097656,-1.000088895400766e-12,0,0,0,real,0,6.8665072321891785,0,622.4664486944675
/workspace/data/genbuster-mini/extracted/GenBuster-200K-mini/benchmark/real/75727ce23609d2f9cfa2e184d543d135f807f397a094a4bd169d233bc37deba3.mp4,-16.673032760620117,0.99999994258917,16.673032760620117,1.0146214821773636e-06,0,0,0,real,0,6.790190935134888,0,621.4507706463337
/workspace/data/genbuster-mini/extracted/GenBuster-200K-mini/benchmark/real/75266cba7c4d40436b613c1254cd57cc2e3589a4c84390c5cf30db48394ea4e4.mp4,-4.718273162841797,0.9911484625190496,4.718273162841797,0.050654916804882,0,0,0,real,1,6.871737539768219,0,623.5306411981583
/workspace/data/genbuster-mini/extracted/GenBuster-200K-mini/benchmark/real/74dad1051d1511e55ec80a4f2bb53d88315dc3a2278c98d8a712195331616fd2.mp4,-22.991539001464844,0.9999999998965092,22.991539001464844,2.4809069063488983e-09,0,0,0,real,0,6.789490580558777,1,707.1018368005753
/workspace/data/genbuster-mini/extracted/GenBuster-200K-mini/benchmark/real/74d3c9defa2f70102ee9072248bf4a31998c636bdbb65a5bb674ebc903065b62.mp4,-16.967830657958984,0.9999999572471764,16.967830657958984,7.681734893713394e-07,0,0,0,real,0,6.915226578712463,0,622.9190081357956
/workspace/data/genbuster-mini/extracted/GenBuster-200K-mini/benchmark/real/74a9feb34e34677e960c845474e8d809cc256871f06d7cb0add7e956efce85ca.mp4,-14.129287719726562,0.999999269318721,14.129287719726562,1.1054685589885247e-05,0,0,0,real,0,6.76698237657547,0,619.902104139328
/workspace/data/genbuster-mini/extracted/GenBuster-200K-mini/benchmark/real/74a8e8c0be631ab9a7c3390c0e026439237690d2ff24c8ce6e1ffae155eb13fd.mp4,-14.632702827453612,0.9999995583301882,14.632702827453612,6.904491012487773e-06,0,0,0,real,0,6.843701004981995,0,624.6951296925545
/workspace/data/genbuster-mini/extracted/GenBuster-200K-mini/benchmark/real/7472343c6654f4b0a6a6012d84754eb69b76d599894ad925a16624258a3cb70f.mp4,-24.32678985595703,0.9999999999727724,24.32678985595703,6.876056572488311e-10,0,0,0,real,0,8.397791534662247,0,621.2115287780762
/workspace/data/genbuster-mini/extracted/GenBuster-200K-mini/benchmark/real/7418147139a33479c0b29e9586d52011d94fafdf03b4470b9c4f90064b8cae80.mp4,-27.776885986328125,0.9999999999991356,27.776885986328125,2.320678604971725e-11,0,0,0,real,0,7.011245936155319,0,624.0533739328384
/workspace/data/genbuster-mini/extracted/GenBuster-200K-mini/benchmark/real/73aad369bb2cd328f0dc784e60a2a9b1a6703e75962ddcba8f251a060beec7e7.mp4,-30.849477767944336,0.99999999999996,30.849477767944336,1.4401322880917374e-13,0,0,0,real,0,6.761264055967331,0,621.5733699500561
/workspace/data/genbuster-mini/extracted/GenBuster-200K-mini/benchmark/real/738f4d1d9f9a0013717b0adcac80807dacf74db23d7709d6bf2c23959d27ac0d.mp4,-20.626354217529297,0.999999998898237,20.626354217529297,2.382511766365877e-08,0,0,0,real,0,6.877057254314423,1,714.1777947545052
/workspace/data/genbuster-mini/extracted/GenBuster-200K-mini/benchmark/real/738afe588ed93f4aa7756ba1793d9760e7373673fe571d70f23534ef33efa036.mp4,-17.34747314453125,0.9999999707525404,17.34747314453125,5.366149778004709e-07,0,0,0,real,0,6.936024874448776,0,620.5055825412273
/workspace/data/genbuster-mini/extracted/GenBuster-200K-mini/benchmark/real/731c18fcad20337cc958a14e1619564a7750d2d93f818dbaa9c9c6d5986aaf0e.mp4,-35.91553497314453,0.9999999999999998,35.91553497314453,-9.92892978960911e-13,0,0,0,real,0,6.846778094768524,1,716.10152348876
/workspace/data/genbuster-mini/extracted/GenBuster-200K-mini/benchmark/real/72c53948dc8bd9ee798413a1d94f5d75e7583309369316346b82a98f2daa55b9.mp4,-31.52743911743164,0.9999999999999796,31.52743911743164,-4.1875766406220126e-13,0,0,0,real,0,6.714973598718643,1,713.8896137475967
/workspace/data/genbuster-mini/extracted/GenBuster-200K-mini/benchmark/real/72722b1ae27d7e1b2a6f2ae9156d65463eb56445503687afa393651e4e51fa2f.mp4,-6.232662200927734,0.9980396348983048,6.232662200927734,0.0141805827107183,0,0,0,real,0,6.960395723581314,0,633.2635618746281
/workspace/data/genbuster-mini/extracted/GenBuster-200K-mini/benchmark/real/7244993888587bdbfeea60f22370b5ab99e0781c458a5fe84e5af5e134bb2bea.mp4,-20.097301483154297,0.9999999981299514,20.097301483154297,3.94509784716194e-08,0,0,0,real,0,8.037470281124115,0,628.7835650146008
/workspace/data/genbuster-mini/extracted/GenBuster-200K-mini/benchmark/real/722e0f14551bad2d3a2cab35e2d2037a376d9b84b74e8484557c48388bb491b0.mp4,-31.4068603515625,0.9999999999999772,31.4068603515625,-3.444940478327271e-13,0,0,0,real,0,6.960183382034302,0,627.7326419949532
/workspace/data/genbuster-mini/extracted/GenBuster-200K-mini/benchmark/real/71ad98782797f8a2f3ab89918f44ebd3159ee777bdd170979c04588d284bf851.mp4,-13.310795783996582,0.9999983434897786,13.310795783996582,2.3705978872109835e-05,0,0,0,real,0,6.838813424110413,0,625.2476833760738
/workspace/data/genbuster-mini/extracted/GenBuster-200K-mini/benchmark/real/716b4f20df2ba81bb20bbe03333061a714380a7ae64194c98d4a630ec48db318.mp4,-14.991939544677734,0.9999996916220936,14.991939544677734,4.931558877589163e-06,0,0,0,real,0,6.749074906110764,0,628.7674196064472
/workspace/data/genbuster-mini/extracted/GenBuster-200K-mini/benchmark/real/71529bff0922e5163a6af904fa5973dcb47a0024cc5e6536b26e8996b41dbce7.mp4,-33.918670654296875,0.999999999999998,33.918670654296875,-9.467244452796906e-13,0,0,0,real,0,6.79277628660202,0,626.9172355532646
/workspace/data/genbuster-mini/extracted/GenBuster-200K-mini/benchmark/real/71163b9067e7df401501cf2875f5f18e7688f11059bf12331f62c81e848893cd.mp4,-40.9854850769043,1.0,40.9854850769043,-1.0000450851724442e-12,0,0,0,real,0,6.918631494045258,0,625.2605617046356
/workspace/data/genbuster-mini/extracted/GenBuster-200K-mini/benchmark/real/70357fd7c10d538fadd94be926cc0c194a148c057bbf304a1f828f2726982366.mp4,-23.186134338378903,0.9999999999148098,23.186134338378903,2.0584281501099304e-09,0,0,0,real,0,7.150489836931229,0,625.8795037865639
/workspace/data/genbuster-mini/extracted/GenBuster-200K-mini/benchmark/real/6fcdae97f5b5540d7a9aa7bbdfcf04fe0939ae41e68a767ddf0a5c11c6881358.mp4,-22.26500701904297,0.999999999785992,22.26500701904297,4.976903341172569e-09,0,0,0,real,0,6.800666451454163,0,627.4587512016296
/workspace/data/genbuster-mini/extracted/GenBuster-200K-mini/benchmark/real/6fa08977969266a74fe21e7ed65cdffa961348b3c90f18bd43fd6181b35ac525.mp4,0.2992748320102691,0.5742652416229248,0.2992748320102691,0.682075607704146,0,1,0,real,0,6.7931972444057465,0,624.9246560037136
/workspace/data/genbuster-mini/extracted/GenBuster-200K-mini/benchmark/real/6e7631f811d4fa63f937f93f2354fbb909d79c12b07d5d7f28c044d10d97377c.mp4,-35.10014343261719,0.9999999999999994,35.10014343261719,-9.836615638696772e-13,0,0,0,real,0,6.811250001192093,1,714.0505723655224
/workspace/data/genbuster-mini/extracted/GenBuster-200K-mini/benchmark/real/6e6141860ce5f237a10bafdcfbd9b361ce1ad1db69e7692c40e0fc21477faf39.mp4,-33.32551193237305,0.9999999999999968,33.32551193237305,-9.038063425316784e-13,0,0,0,real,0,6.841961294412613,1,712.7124555408955
/workspace/data/genbuster-mini/extracted/GenBuster-200K-mini/benchmark/real/6e49c9b555f1c90359c1c3c5c1a069dfafe209ba7d41b36a63ba7dd032857b2e.mp4,-8.118372917175293,0.9997020756127312,8.118372917175293,0.0027166300361346,0,0,0,real,0,6.759319454431534,1,714.5243138074875
/workspace/data/genbuster-mini/extracted/GenBuster-200K-mini/benchmark/real/6e38117d1ec3cdc7d1b6582479ffa4fee7e76dbdbf86974df26365ec7bfd667f.mp4,-30.580150604248047,0.9999999999999476,30.580150604248047,4.970977747148063e-13,0,0,0,real,0,6.72559067606926,0,626.1320970952511
/workspace/data/genbuster-mini/extracted/GenBuster-200K-mini/benchmark/real/6e2c9d31275f6196534ab51a92fd43a450c70cb5032cb6548d2ae32a48396275.mp4,-9.45278549194336,0.99992153547646,9.45278549194336,0.0008201759102004,0,0,0,real,0,8.81991907954216,0,623.1880374252796
/workspace/data/genbuster-mini/extracted/GenBuster-200K-mini/benchmark/real/6e046fd4c7582f9375bb815bf46633cfe730ce767df6af51a3d9e7bf8c4de80c.mp4,-21.600454330444336,0.9999999995840492,21.600454330444336,9.398677006007776e-09,0,0,0,real,0,6.983794271945953,0,625.067200511694
/workspace/data/genbuster-mini/extracted/GenBuster-200K-mini/benchmark/real/6d6f22916a01b311c047e3cb4dfb1359627a05205b4213a140e616201191335b.mp4,-14.237662315368652,0.9999993443659037,14.237662315368652,9.990329185774094e-06,0,0,0,real,0,6.843846291303635,0,632.5070448219776
/workspace/data/genbuster-mini/extracted/GenBuster-200K-mini/benchmark/real/6d4cf9cbaf4d3de2acf5a75604b6d997ada5ef9d90b0a1008f82058d2c7f43b1.mp4,-9.83717155456543,0.9999465746368514,9.83717155456543,0.00057898124982,0,0,0,real,0,6.801284849643707,0,625.0607743859291
/workspace/data/genbuster-mini/extracted/GenBuster-200K-mini/benchmark/real/6d22e9d6c43856d45db6fda7bc042019c8c76db8f3fa6fd162b5f24c98cfe835.mp4,-12.10821533203125,0.9999944860032884,12.10821533203125,7.227866941502157e-05,0,0,0,real,0,6.909135729074478,0,622.8779405355453
/workspace/data/genbuster-mini/extracted/GenBuster-200K-mini/benchmark/real/6ce0742306d1eac7bf718d3d432eb1002278bd62ef419922045ea1ffe580878f.mp4,-28.81001281738281,0.9999999999996924,28.81001281738281,7.724164879555493e-12,0,0,0,real,0,6.738673895597458,0,628.7068985402584
/workspace/data/genbuster-mini/extracted/GenBuster-200K-mini/benchmark/real/6cbc463af5fa3581236528f5f10eeeef7abed79811261888e584f759a76ac02c.mp4,-28.9298038482666,0.9999999999997272,28.9298038482666,6.746474664301992e-12,0,0,0,real,0,6.824471056461334,0,624.350618571043
/workspace/data/genbuster-mini/extracted/GenBuster-200K-mini/benchmark/real/6c603f152b9b5f04fbe6ab5e01d5a1016b2bb49008ba4605bac9dde0fc8921a5.mp4,-9.173157691955566,0.999896222507232,9.173157691955566,0.0010557501788026,0,0,0,real,0,11.96262612938881,0,624.6541291475296
/workspace/data/genbuster-mini/extracted/GenBuster-200K-mini/benchmark/real/6c4059c305fb5ed4b5df4808354e7813c2cd1c0014a28e20f304beba47f9a1f7.mp4,-27.875789642333984,0.9999999999992172,27.875789642333984,2.096208238716609e-11,0,0,0,real,0,4.380263388156891,0,632.6658017933369
/workspace/data/genbuster-mini/extracted/GenBuster-200K-mini/benchmark/real/6bccb1e0b7fb214357f2bef2a96a29c5328d107469a3424f129c6dc37f7f5f1a.mp4,-31.39720726013184,0.9999999999999768,31.39720726013184,-3.381397280812363e-13,0,0,0,real,0,7.079854607582092,1,715.9019783139229
/workspace/data/genbuster-mini/extracted/GenBuster-200K-mini/benchmark/real/6b27d3914ad5af23ffaa89485ffaeb6754e1854ffe9caa0e5b59f75be3f3cda1.mp4,-17.498502731323242,0.9999999748523862,17.498502731323242,4.651912040728154e-07,0,0,0,real,0,6.916724145412445,0,629.3669193983078
/workspace/data/genbuster-mini/extracted/GenBuster-200K-mini/benchmark/real/6b0cb29c9f15d42c658c67667f1d5a8b6995cce217a4e9ca5e0da0d2e3ca6029.mp4,-17.249311447143555,0.999999967735924,17.249311447143555,5.887951677490467e-07,0,0,0,real,0,7.316935807466507,0,624.7477307915688
/workspace/data/genbuster-mini/extracted/GenBuster-200K-mini/benchmark/real/6aa2586fa7436cbe5019e20a42daead18f192063d18931821061650f47eb6829.mp4,-34.65666198730469,0.9999999999999992,34.65666198730469,-9.74643123572041e-13,0,0,0,real,0,7.027924060821533,0,627.7418546378613
/workspace/data/genbuster-mini/extracted/GenBuster-200K-mini/benchmark/real/69a0d985e99dbddccc7827656e823dbc75a64a14c89d07ee40de94df7317ca90.mp4,-8.787816047668457,0.9998474424501184,8.787816047668457,0.0014932168771107,0,0,0,real,0,7.46198371052742,0,626.0533630847931
/workspace/data/genbuster-mini/extracted/GenBuster-200K-mini/benchmark/real/698f7d36aa93c73589e300a12632b50dd545736d25a1a902b65e6e2e9c24c589.mp4,-16.025941848754883,0.9999998903466718,16.025941848754883,1.8669492010314623e-06,0,0,0,real,0,7.107678800821304,0,624.0768246352673
/workspace/data/genbuster-mini/extracted/GenBuster-200K-mini/benchmark/real/6971265352488fd0375b712fde140e55022b8034031bbd345cb05ae80fa99e19.mp4,-14.0294771194458,0.999999192625296,14.0294771194458,1.2134417992432848e-05,0,0,0,real,0,6.987214088439941,0,629.3146386742592
/workspace/data/genbuster-mini/extracted/GenBuster-200K-mini/benchmark/real/6910b9b8534f2b0230e219a2ef0df283bd642c4dcc2c037137ed05ba4490ba7f.mp4,-12.189251899719238,0.9999949152111184,12.189251899719238,6.706457266146962e-05,0,0,0,real,0,6.858281791210175,1,714.6405950188637
/workspace/data/genbuster-mini/extracted/GenBuster-200K-mini/benchmark/real/68e8022242cf221b8b8514ca80a80a51404ea3fd1a0f2b066e71e3cb635f5c51.mp4,-6.930459976196289,0.999023403506726,6.930459976196289,0.0077453365303164,0,0,0,real,0,7.051154971122742,0,625.0717751681805
/workspace/data/genbuster-mini/extracted/GenBuster-200K-mini/benchmark/real/68aeb5e645f17b8cce5a80bdc6088e06ef78aea975937323885cc6a09597b7e7.mp4,-18.1340446472168,0.9999999866806056,18.1340446472168,2.548518883586807e-07,0,0,0,real,1,6.918594241142273,0,627.264391630888
/workspace/data/genbuster-mini/extracted/GenBuster-200K-mini/benchmark/real/68970fe2fcb5cec5aa4169a139fa972dd31432301bcf5bc792c8bb2eb4e3d3f1.mp4,-22.664262771606445,0.9999999998564392,22.664262771606445,3.3952630046518924e-09,0,0,0,real,0,7.41557776927948,0,626.5770867466927
/workspace/data/genbuster-mini/extracted/GenBuster-200K-mini/benchmark/real/67ea0cd284b2b44317e726f47842cccb315ed75f56e97f44240f8d2f095d6973.mp4,-23.935657501220703,0.9999999999597398,23.935657501220703,1.0019269584918748e-09,0,0,0,real,0,6.772637367248535,0,629.5113936066628
/workspace/data/genbuster-mini/extracted/GenBuster-200K-mini/benchmark/real/67e8385c0ef8cf9946ddbe98a837f533d888af3b14eab9b3a8e5ebb264002cbc.mp4,-7.091422080993652,0.9991684789420106,7.091422080993652,0.0067285337415116,0,0,0,real,0,7.34015554189682,0,623.7423717975616
/workspace/data/genbuster-mini/extracted/GenBuster-200K-mini/benchmark/real/679e7a23ad8d8be02d22c765d232b6e035447cceafd47c3a12d27b605ae39910.mp4,-23.837677001953125,0.9999999999555952,23.837677001953125,1.100919441592576e-09,0,0,0,real,0,8.02462175488472,0,626.4004558324814
/workspace/data/genbuster-mini/extracted/GenBuster-200K-mini/benchmark/real/66fd0897305bafc33cd0ac2d339618d82f49d0b725ec8def0a56f9c5d543c347.mp4,-21.00924301147461,0.9999999992487204,21.00924301147461,1.6533098345164548e-08,0,0,0,real,0,6.993405520915985,0,626.6281008720398
/workspace/data/genbuster-mini/extracted/GenBuster-200K-mini/benchmark/real/66cab03b57372169c07b42753656485f3d1e8aa031a08e473be4f25acdea71c1.mp4,-4.1950764656066895,0.9851541304960848,4.1950764656066895,0.0772367295962198,0,0,0,real,0,5.841117352247238,0,629.2988806962967
/workspace/data/genbuster-mini/extracted/GenBuster-200K-mini/benchmark/real/65fab7bbfbf59c47b323eee58d84650d2645b74148b152707af3bcfe430070da.mp4,-24.01548385620117,0.9999999999628288,24.01548385620117,9.278715262485991e-10,0,0,0,real,0,4.383362829685211,0,632.8165456652641
/workspace/data/genbuster-mini/extracted/GenBuster-200K-mini/benchmark/real/65b72d20bedd761f55a019043333cb002dea10756971465e20317ac919996997.mp4,-4.716073513031006,0.9911291440948844,4.716073513031006,0.0507460451530613,0,0,0,real,0,4.260260611772537,0,627.5066137313843
/workspace/data/genbuster-mini/extracted/GenBuster-200K-mini/benchmark/real/6597d84343af4bdb189ba9dd792db8bce7edeaee8011551eac2962e2edaa71bd.mp4,-15.348183631896973,0.9999997840424156,15.348183631896973,3.530512261013092e-06,0,0,0,real,0,4.407085478305817,0,627.1009594202042
/workspace/data/genbuster-mini/extracted/GenBuster-200K-mini/benchmark/real/65106f3c882b253a561c1e498803d218f8a88ea84745ea5d9866197db4c8152c.mp4,-20.45005798339844,0.9999999986858266,20.45005798339844,2.818709675513293e-08,0,0,0,real,0,4.266791045665741,1,712.5266566872597
/workspace/data/genbuster-mini/extracted/GenBuster-200K-mini/benchmark/real/64f3e1f2f9a2002fa5eff25ab8344fbf140d9256b5a54772fde27c3ec0da2836.mp4,-9.590989112854004,0.9999316628745872,9.590989112854004,0.0007237600790664,0,0,0,real,0,4.405513405799866,0,627.2444576025009
/workspace/data/genbuster-mini/extracted/GenBuster-200K-mini/benchmark/real/63e8d0784bc1f3511a278e150f1a0298ff12fd772cfa5827ea92e2b6053e0798.mp4,-15.306805610656738,0.9999997749190754,15.306805610656738,3.670348908666576e-06,0,0,0,real,0,4.427257925271988,0,628.0775740742683
/workspace/data/genbuster-mini/extracted/GenBuster-200K-mini/benchmark/real/63c9cad21151ca67b8db51fd3c52e981dc7835d4e217e73713ca1f79be13a940.mp4,-22.974754333496094,0.9999999998947576,22.974754333496094,2.521166743658562e-09,0,0,0,real,0,4.345543682575226,1,712.5150226056576
/workspace/data/genbuster-mini/extracted/GenBuster-200K-mini/benchmark/real/63a5477d09727e994bcf0da5e1bdcd517ae7c595f2e5137b0c77e6dfafe158a4.mp4,-28.96885681152344,0.9999999999997377,28.96885681152344,6.4519582552147385e-12,0,0,0,real,0,5.131494253873825,1,712.3477309942245
/workspace/data/genbuster-mini/extracted/GenBuster-200K-mini/benchmark/real/638af88dac18cee0f341c859f01f20cd9c99b0c0416fa8ed46243cf8fb730d4b.mp4,-9.573197364807127,0.999930436249997,9.573197364807127,0.0007355136778784,0,0,0,real,0,4.36435267329216,1,710.4091420769691
/workspace/data/genbuster-mini/extracted/GenBuster-200K-mini/benchmark/real/6342919db78cb90c264260c72ac16f7a243cfd7be3158696db07a825363000f6.mp4,-45.85212326049805,1.0,45.85212326049805,-1.0000885632379616e-12,0,0,0,real,0,6.363652646541596,1,710.3753462433815
/workspace/data/genbuster-mini/extracted/GenBuster-200K-mini/benchmark/real/62ab4a73c43894b180457e745edb67a7d5dc6e067f3d64ba89bd22e909adb3aa.mp4,-31.715442657470703,0.9999999999999832,31.715442657470703,-5.183850009159859e-13,0,0,0,real,0,5.285859107971191,1,707.7322527766228
/workspace/data/genbuster-mini/extracted/GenBuster-200K-mini/benchmark/real/6260fe5096ff9c0f2b3a133cf6e442157a505142222d653c9d373ea065019f38.mp4,-7.573492050170898,0.9994863691390492,7.573492050170898,0.0044037420067747,0,0,0,real,0,5.420837551355362,0,622.7435059845448
/workspace/data/genbuster-mini/extracted/GenBuster-200K-mini/benchmark/real/6236706664aa3b365bb6bb138290ac4a06b63a98ec0353fb792c92e8cfbf4e51.mp4,-24.71484375,0.9999999999815294,24.71484375,4.729933766760232e-10,0,0,0,real,0,5.396157503128052,0,624.9195896089077
/workspace/data/genbuster-mini/extracted/GenBuster-200K-mini/benchmark/real/6143816a2e2a805878e6b3a55d312bd65a69b2235ecdd606bccb196e49b0e1cb.mp4,-21.730375289916992,0.9999999996347269,21.730375289916992,8.300800196615771e-09,0,0,0,real,0,7.7735185623168945,0,625.1720860600471
/workspace/data/genbuster-mini/extracted/GenBuster-200K-mini/benchmark/real/6140acfd592497355f949ab732c03e3b6ac327831f3a477bcf6a928d27bc0c9d.mp4,-28.784385681152344,0.9999999999996844,28.784385681152344,7.948493847969959e-12,0,0,0,real,0,10.035838931798937,0,624.6817596256733
/workspace/data/genbuster-mini/extracted/GenBuster-200K-mini/benchmark/real/61383f2c973fdabb0f036dc5420a3137684dc58b7675662317029dd7806d50f7.mp4,-32.78839492797852,0.9999999999999942,32.78839492797852,-8.352825556111273e-13,0,0,0,real,0,9.302016347646711,1,709.6659429371357
/workspace/data/genbuster-mini/extracted/GenBuster-200K-mini/benchmark/real/6120e24e19942fbb2d884982d828f895ed1a984d76f0a822a3eef3d68de19b09.mp4,-36.64962768554688,1.0,36.64962768554688,-9.965197923272598e-13,0,0,0,real,0,7.0196762681007385,0,625.6293915212154
/workspace/data/genbuster-mini/extracted/GenBuster-200K-mini/benchmark/real/5ff4dd7e5eb3eff9e7279a1421e0a2f913427d7be8e0e435f37aac6e1a365b1d.mp4,-31.77074813842773,0.999999999999984,31.77074813842773,-5.44268633130224e-13,0,0,0,real,0,6.937645375728607,0,624.9305009841919
/workspace/data/genbuster-mini/extracted/GenBuster-200K-mini/benchmark/real/5ff202b89289528f40bbf7ab9fe76cccaaaa251aef7037d45549893afc329346.mp4,-22.96377182006836,0.9999999998935952,22.96377182006836,2.5478614373869527e-09,0,0,0,real,0,6.982911378145218,0,624.4422495365143
/workspace/data/genbuster-mini/extracted/GenBuster-200K-mini/benchmark/real/5fca5b2496504dbed67d32fb98980c15abb6b3eb91120b5b8c8f159399ed9200.mp4,-26.553028106689453,0.9999999999970612,26.553028106689453,7.911147769289488e-11,0,0,0,real,0,6.759103387594223,0,623.6266903579235
/workspace/data/genbuster-mini/extracted/GenBuster-200K-mini/benchmark/real/5fc9330dee5a32870421a8f15006b4c24b584f1c100b81d229c8a221ac8fc565.mp4,-21.179237365722656,0.999999999366168,21.179237365722656,1.4055908441844611e-08,0,0,0,real,0,6.883405148983002,1,709.0040892362595
/workspace/data/genbuster-mini/extracted/GenBuster-200K-mini/benchmark/real/5fa84565153d62ce9314f1364978d7cabb686b0703436d1543d1fee2ea0be924.mp4,-34.461605072021484,0.9999999999999988,34.461605072021484,-9.691320674759913e-13,0,0,0,real,0,6.801653653383255,1,710.077490657568
/workspace/data/genbuster-mini/extracted/GenBuster-200K-mini/benchmark/real/5fa7e4a829c5f0a6ea922ebd04667691127f6637c20c7e7e67d70c11a1e47009.mp4,-26.665815353393555,0.9999999999973748,26.665815353393555,7.078458005665963e-11,0,0,0,real,0,6.84487447142601,0,622.1687309443951
/workspace/data/genbuster-mini/extracted/GenBuster-200K-mini/benchmark/real/5f9fab49aee5d0d59dbd4fa2335573ba1a485f64e186c776d120d37eca1251ba.mp4,-20.924549102783203,0.9999999991823192,20.924549102783203,1.792528371051417e-08,0,0,0,real,0,7.009044289588928,0,621.0505589842796
/workspace/data/genbuster-mini/extracted/GenBuster-200K-mini/benchmark/real/5f4239acaac273b2f01bb614beeedd750b5b8db4634c7dab9ce581eee37bda41.mp4,-23.336397171020508,0.9999999999266952,23.336397171020508,1.7819776764407234e-09,0,0,0,real,0,7.339783012866974,0,624.883659183979
/workspace/data/genbuster-mini/extracted/GenBuster-200K-mini/benchmark/real/5f19f29751a4e7402d8532ec13ace5a67fff38e462bcec02f62b3a815cfceea1.mp4,-37.97441482543945,1.0,37.97441482543945,-9.991990488813096e-13,0,0,0,real,0,6.831713020801544,0,620.1274618506432
/workspace/data/genbuster-mini/extracted/GenBuster-200K-mini/benchmark/real/5f0ae825b10db91e1b122218f206f12e84323ada3f582360640c168361f10aab.mp4,-25.64867782592773,0.9999999999927404,25.64867782592773,1.9152552006075366e-10,0,0,0,real,0,6.947401911020279,0,626.9505172967911
/workspace/data/genbuster-mini/extracted/GenBuster-200K-mini/benchmark/real/5e1d3ab4358decdaab305b4ee97d0aee5a5aaf22924b1f1a6319c154fbd3e8bf.mp4,-14.799174308776855,0.9999996260615944,14.799174308776855,5.9079161432838615e-06,0,0,0,real,0,6.91923126578331,0,625.3576911985874
/workspace/data/genbuster-mini/extracted/GenBuster-200K-mini/benchmark/real/5dce4142967044b1dea5e32b7e6f828b1b2c574b27b56e4471b3fe1c52bd75cc.mp4,-32.36511993408203,0.9999999999999912,32.36511993408203,-7.483972242895578e-13,0,0,0,real,1,6.699699908494949,0,626.4250874519348
/workspace/data/genbuster-mini/extracted/GenBuster-200K-mini/benchmark/real/5dbe598f9efe018dfed619f22e54d5f885eb48a157ecb571200bb36b034fdde1.mp4,-13.623921394348145,0.999998788828634,13.623921394348145,1.771207357108339e-05,0,0,0,real,0,6.959937512874603,0,624.5725974440575
/workspace/data/genbuster-mini/extracted/GenBuster-200K-mini/benchmark/real/5d8ef19c4250cc6ae3b590d380fc2035df830ab324482b4aa9c1ad95b3859d00.mp4,-15.30296230316162,0.9999997740523554,15.30296230316162,3.683613957065924e-06,0,0,0,real,0,7.030073553323746,0,628.0596442520618
/workspace/data/genbuster-mini/extracted/GenBuster-200K-mini/benchmark/real/5d6098909393138ce382f92202e8f9d6a949dcc26267eb1ada17ad65b383f1a9.mp4,-14.469290733337402,0.9999994799242132,14.469290733337402,8.045201705950614e-06,0,0,0,real,0,6.855137646198273,1,710.8592353761196
/workspace/data/genbuster-mini/extracted/GenBuster-200K-mini/benchmark/real/5d559bdf00f38bd0d251f98939d66bcdb2a5046df7bf75364caf914d44eb9a44.mp4,-14.675422668457031,0.9999995768008888,14.675422668457031,6.633823017325699e-06,0,0,0,real,0,6.917063146829605,0,629.0360204875469
/workspace/data/genbuster-mini/extracted/GenBuster-200K-mini/benchmark/real/5d1ea25e1d4c969b616562f3e8c8acae7f76804ae5f67a2fa7e6aabb28218cf8.mp4,-29.71377944946289,0.9999999999998754,29.71377944946289,2.552290401678458e-12,0,0,0,real,0,6.797283887863159,1,713.9389701187611
/workspace/data/genbuster-mini/extracted/GenBuster-200K-mini/benchmark/real/5d1e59a1cded8c9f2b537f43e86b7ccda7db83e5fab44f0d1fc8fa28f1d2eb1a.mp4,-32.89371490478516,0.9999999999999948,32.89371490478516,-8.516212099905156e-13,0,0,0,real,0,6.940536201000214,0,630.0502642989159
/workspace/data/genbuster-mini/extracted/GenBuster-200K-mini/benchmark/real/5d0ac82bbe07c48088af1bb918e50d321b48920c98b7ca3de32491a588c31d8d.mp4,-29.02431869506836,0.9999999999997518,29.02431869506836,6.05265534283096e-12,0,0,0,real,0,6.866343319416046,0,625.5298815667629
/workspace/data/genbuster-mini/extracted/GenBuster-200K-mini/benchmark/real/5ce6c2e085cfebe1294d0f15c45c035fc41c1726fa99496637f173136e3a2490.mp4,-37.44026184082031,1.0,37.44026184082031,-9.98570812617609e-13,0,0,0,real,0,6.774626672267914,1,720.1791144907475
/workspace/data/genbuster-mini/extracted/GenBuster-200K-mini/benchmark/real/5ce24c267bcfb7d70c7ee20d6d14128f89d63d7bf39dc3e2f31f7bdde209d08d.mp4,-15.178446769714355,0.9999997440917808,15.178446769714355,4.140195520077564e-06,0,0,0,real,0,7.01276957988739,0,627.7813538908958
/workspace/data/genbuster-mini/extracted/GenBuster-200K-mini/benchmark/real/5cc6a6e464df923bb001c1e282fcdb162ebe05ea6c93c60eba5a81c35c934d6a.mp4,-12.154484748840332,0.999994735319433,12.154484748840332,6.925417246283007e-05,0,0,0,real,0,7.80743733048439,0,632.3383338749409
/workspace/data/genbuster-mini/extracted/GenBuster-200K-mini/benchmark/real/5c8761dc32321cefd909820c66ef00a324572dbc46c0e9f113b5d22aeb816955.mp4,-17.00227928161621,0.9999999586948752,17.00227928161621,7.43584388113831e-07,0,0,0,real,0,6.809651851654053,0,630.4967813193798
/workspace/data/genbuster-mini/extracted/GenBuster-200K-mini/benchmark/real/5c697f432e170cbf51d82b024e3ee7eccced9b1430c7ac315adff90a93c6a9fa.mp4,-31.138317108154297,0.99999999999997,31.138317108154297,-1.4267923549395365e-13,0,0,0,real,0,7.178157567977905,0,631.5912157297134
/workspace/data/genbuster-mini/extracted/GenBuster-200K-mini/benchmark/real/5c5ac1f05afb53b9d9a44c0af3008858ece4dc024dc5d5154baee5fb164246f2.mp4,-19.73775100708008,0.9999999973208092,19.73775100708008,5.555839333791058e-08,0,0,0,real,0,7.031377404928207,0,630.8431290090084
/workspace/data/genbuster-mini/extracted/GenBuster-200K-mini/benchmark/real/5b634f213bf5ad9bbdc98767ab46dc5ad9c636086783d0aa314620b7c78319ed.mp4,-12.468466758728027,0.999996153975644,12.468466758728027,5.180005648364201e-05,0,0,0,real,0,6.798703223466873,0,624.9585077166557
/workspace/data/genbuster-mini/extracted/GenBuster-200K-mini/benchmark/real/5b384c2526ce8ab3b02379323f4a9758b6ebcf7823a1a22a7096b8b5f3dcfd6d.mp4,-18.776546478271484,0.9999999929943336,18.776546478271484,1.3854588514595318e-07,0,0,0,real,0,6.810322403907776,0,624.9474883079529
/workspace/data/genbuster-mini/extracted/GenBuster-200K-mini/benchmark/real/5b138557f45038b514b4d53cc9ca5255a72b89e077dae39fef5ee7c1b1d51133.mp4,-3.578770875930786,0.9728478342294692,3.578770875930786,0.1246989771387639,0,0,0,real,0,5.23386150598526,0,624.4918368756771
/workspace/data/genbuster-mini/extracted/GenBuster-200K-mini/benchmark/real/5a77d477f875393927c8684cd686415d0362172603fed68ddeec97087652962a.mp4,-32.483245849609375,0.9999999999999922,32.483245849609375,-7.765527496397487e-13,0,0,0,real,0,6.832584738731384,0,626.9113793969154
/workspace/data/genbuster-mini/extracted/GenBuster-200K-mini/benchmark/real/59d57ef44ee46fc38481061da723f4dc6d7ddcff072e5ccdd8ac56c5c4d1af79.mp4,-31.404163360595703,0.999999999999977,31.404163360595703,-3.425646376060477e-13,0,0,0,real,0,6.874002516269684,0,632.9228729009628
/workspace/data/genbuster-mini/extracted/GenBuster-200K-mini/benchmark/real/59c1ae39341de5940de1ae5ed4d99dd820fb30cc7ad5119798bd44698287004d.mp4,-21.810890197753903,0.9999999996629838,21.810890197753903,7.685640271926237e-09,0,0,0,real,0,7.382906973361969,0,627.1812692284584
/workspace/data/genbuster-mini/extracted/GenBuster-200K-mini/benchmark/real/599ecc4b21e60d73553459ac494d95eed3bbeed96af69d72df577d8f71a00bec.mp4,-16.652618408203125,0.9999999414051146,16.652618408203125,1.0343511516833704e-06,0,0,0,real,0,6.833042949438095,0,624.1907961666584
/workspace/data/genbuster-mini/extracted/GenBuster-200K-mini/benchmark/real/58a57d2270ded31bef64396d8d3ff8afcd6e7977491304d7e7ee83356f734cd2.mp4,-34.72050857543945,0.9999999999999992,34.72050857543945,-9.76161991091453e-13,0,0,0,real,0,6.790038198232651,0,627.2632591426373
/workspace/data/genbuster-mini/extracted/GenBuster-200K-mini/benchmark/real/58a4092951bdea569b527ba52854e12615289d9b4ae25df3cc4f5ea2093e93ae.mp4,-16.816516876220703,0.9999999502630104,16.816516876220703,8.861379163469565e-07,0,0,0,real,0,6.847862154245377,0,625.548854470253
/workspace/data/genbuster-mini/extracted/GenBuster-200K-mini/benchmark/real/589cd21f6032690aaa668ca8f19237c2ec6c38da7a1270ba719772e0d2465c5f.mp4,-17.1055965423584,0.99999996274936,17.1055965423584,6.744430628028054e-07,0,0,0,real,0,6.372351199388504,0,627.4339817464352
/workspace/data/genbuster-mini/extracted/GenBuster-200K-mini/benchmark/real/5894eca7199fa314219a3769ca57f70c2c9518c3ed1e6d4b345c7307861cbd6f.mp4,-25.04471969604492,0.9999999999867194,25.04471969604492,3.4392446365361644e-10,0,0,0,real,0,7.1415044367313385,0,628.0618421733379
/workspace/data/genbuster-mini/extracted/GenBuster-200K-mini/benchmark/real/586464c9b93d980c8b9cc8b2bf77fb6a4bdb781c9cd6366127c2b83b0f33d6c2.mp4,-24.715450286865234,0.9999999999815408,24.715450286865234,4.727165839109344e-10,0,0,0,real,0,6.757713854312897,0,627.297792583704
/workspace/data/genbuster-mini/extracted/GenBuster-200K-mini/benchmark/real/57f62a7ae86509413c305d271e3573d0b6ad37031d6901f945e07c8798da8df0.mp4,-20.54376792907715,0.9999999988033836,20.54376792907715,2.5777625671506803e-08,0,0,0,real,0,6.886493414640427,0,623.3905330300331
/workspace/data/genbuster-mini/extracted/GenBuster-200K-mini/benchmark/real/57e339227d379183a826f379a632a21d981bd4f594278dc368b4d2ef0bba989f.mp4,-34.84670639038086,0.9999999999999992,34.84670639038086,-9.788933809140845e-13,0,0,0,real,0,6.858978420495987,0,622.5515380501747
/workspace/data/genbuster-mini/extracted/GenBuster-200K-mini/benchmark/real/578f8716af70edf0d86fd451722f5b85cb1d27635aaea223882c53d6626162d3.mp4,-28.994897842407227,0.9999999999997444,28.994897842407227,6.261858693617558e-12,0,0,0,real,0,7.131263613700867,0,626.7253048717976
/workspace/data/genbuster-mini/extracted/GenBuster-200K-mini/benchmark/real/57899de84fd59dd67e095a4c9c36781b034378b490fc043dc17795ffc76048b8.mp4,-30.829259872436523,0.9999999999999593,30.829259872436523,1.67419779765234e-13,0,0,0,real,0,6.807032972574234,1,714.8664891719818
/workspace/data/genbuster-mini/extracted/GenBuster-200K-mini/benchmark/real/56b4f0712e10b7b02439a743a8aff438ad324b7e086ec169cbce60143d29c15b.mp4,-22.69297409057617,0.9999999998605024,22.69297409057617,3.303115753116112e-09,0,0,0,real,0,6.748616695404053,0,645.6264853477478
/workspace/data/genbuster-mini/extracted/GenBuster-200K-mini/benchmark/real/56a3d61c42815ce1e0e97ba4d9b041dbc4e0441f4052d6148f3a62d78f682d02.mp4,3.498276710510254,0.9706386923789978,3.498276710510254,0.132514952642181,0,1,0,real,0,6.8421438336372375,0,627.1747425198555
/workspace/data/genbuster-mini/extracted/GenBuster-200K-mini/benchmark/real/56409ce660653a10501f7474009217be25b7f16e9b26a7117edd91d10dd7d321.mp4,-16.254371643066406,0.9999999127398382,16.254371643066406,1.5056172719551282e-06,0,0,0,real,0,6.807245314121246,0,620.724979788065
/workspace/data/genbuster-mini/extracted/GenBuster-200K-mini/benchmark/real/55fe4a1b4ed3c71239d077655a507f80c7b2052bd9682e85678542d6928b369d.mp4,-16.624019622802734,0.9999999397051766,16.624019622802734,1.0626351459221325e-06,0,0,0,real,0,6.823644042015076,0,619.9376136064529
/workspace/data/genbuster-mini/extracted/GenBuster-200K-mini/benchmark/real/55f90b043cac4ba5b1d9ffab342c73ec199f1d335000aa1486c01583c995c38a.mp4,-16.822975158691406,0.999999950583188,16.822975158691406,8.807526105121797e-07,0,0,0,real,0,7.259245961904526,0,622.7333880960941
/workspace/data/genbuster-mini/extracted/GenBuster-200K-mini/benchmark/real/55ec087c9326222ca3139cd25dd3c8c001e88e879b640bbf7fa57c86a77264cc.mp4,-29.22918701171875,0.9999999999997976,29.22918701171875,4.753782035712487e-12,0,0,0,real,0,7.452033460140228,1,706.91292360425
/workspace/data/genbuster-mini/extracted/GenBuster-200K-mini/benchmark/real/55a18ab1b107d40ed1577ced4fbb6ab85b224865e5fdcaafb79c38aca76f8ba4.mp4,-29.460102081298828,0.9999999999998396,29.460102081298828,3.5730072270383127e-12,0,0,0,real,0,6.739296019077301,0,624.5122030377388
/workspace/data/genbuster-mini/extracted/GenBuster-200K-mini/benchmark/real/559793d33cce9485c75b3c5163bb7d3b36e09718fb1e15d883b0e87aad9aded4.mp4,-25.075847625732425,0.9999999999871264,25.075847625732425,3.33725191624428e-10,0,0,0,real,0,6.755057722330093,0,622.8190064430237
/workspace/data/genbuster-mini/extracted/GenBuster-200K-mini/benchmark/real/558fbdf645f66a4c41f7ad8cba711d55f42033142b5114c19085aa046aa709a4.mp4,-29.95416831970215,0.999999999999902,29.95416831970215,1.795544093864955e-12,0,0,0,real,0,6.852462887763977,1,707.3735110461712
/workspace/data/genbuster-mini/extracted/GenBuster-200K-mini/benchmark/real/5570b2e3e18f5333a8e526fe9516655fad1fb409d771ce1735293361a7523df5.mp4,-32.89835739135742,0.9999999999999948,32.89835739135742,-8.525061121851896e-13,0,0,0,real,0,6.557241082191467,0,625.0561587512493
/workspace/data/genbuster-mini/extracted/GenBuster-200K-mini/benchmark/real/54358fc3e6646c7e07a34bab10832bd743da68ad641d7e11d9ce0289eb58bf61.mp4,-16.770376205444336,0.9999999479143432,16.770376205444336,9.25579713994444e-07,0,0,0,real,0,6.696179509162903,0,624.7783973813057
/workspace/data/genbuster-mini/extracted/GenBuster-200K-mini/benchmark/real/541d0885dbbe3911c93c567294c68dfb2ca59a8cb4d2e5c37cb37c5e5f0fa8e1.mp4,-22.300012588500977,0.9999999997933536,22.300012588500977,4.812863405292371e-09,0,0,0,real,0,6.769157946109772,0,619.6339055895805
/workspace/data/genbuster-mini/extracted/GenBuster-200K-mini/benchmark/real/540db36a3444c10d74799843cee19ee1ae29c1d6bb70e432de6c86b749557c4c.mp4,-20.551483154296875,0.9999999988125804,20.551483154296875,2.5588656534278884e-08,0,0,0,real,0,6.735745817422867,0,623.7685307860374
/workspace/data/genbuster-mini/extracted/GenBuster-200K-mini/benchmark/real/53cbe736ab7b67b7870ad10945e8daa33e7b6abf3cc612e36b59b0e3e3a4dc0d.mp4,-24.346195220947266,0.9999999999732956,24.346195220947266,6.748715878534752e-10,0,0,0,real,0,6.8327561020851135,0,623.575933277607
/workspace/data/genbuster-mini/extracted/GenBuster-200K-mini/benchmark/real/53a391412acee385cccbd21ad38852f31ad88cd11a23532d3834049fdf887ba3.mp4,-11.857491493225098,0.9999929147729744,11.857491493225098,9.109826976022178e-05,0,0,0,real,0,6.746444851160049,0,619.6903325617313
/workspace/data/genbuster-mini/extracted/GenBuster-200K-mini/benchmark/real/536428bfea9b961e0e777a884a6487cb70f3a9d87eb76f032ca79ea4e6b8dbb3.mp4,-16.964675903320312,0.9999999571120916,16.964675903320312,7.704653727272894e-07,0,0,0,real,0,6.860632449388504,0,622.3751045763493
/workspace/data/genbuster-mini/extracted/GenBuster-200K-mini/benchmark/real/53630ce79d238304d144406b33f9a3873dc106fbeceddce4bcea8e8deae80914.mp4,-41.03315353393555,1.0,41.03315353393555,-1.0000471247821093e-12,0,0,0,real,0,6.939522922039032,0,622.4595941603184
/workspace/data/genbuster-mini/extracted/GenBuster-200K-mini/benchmark/real/533720df799c02a5409a878a9c6cbba91f4c282c18087310617536abadb064b2.mp4,-39.42655944824219,1.0,39.42655944824219,-9.998806147977485e-13,0,0,0,real,0,8.474484086036682,1,708.2340717315674
/workspace/data/genbuster-mini/extracted/GenBuster-200K-mini/benchmark/real/52fefcf478488970b2ef9a1fb713f2718c054828885e07732760605a1b658d41.mp4,-25.950469970703125,0.9999999999946316,25.950469970703125,1.4276693894001148e-10,0,0,0,real,0,4.810478538274765,1,710.2841287851334
/workspace/data/genbuster-mini/extracted/GenBuster-200K-mini/benchmark/real/527fb1f96e07467405801e7b8faf7573b4c4cbb6631cdf38aebf17a92b204c0e.mp4,-32.751365661621094,0.999999999999994,32.751365661621094,-8.290625608618098e-13,0,0,0,real,0,4.863403737545013,0,631.897546350956
/workspace/data/genbuster-mini/extracted/GenBuster-200K-mini/benchmark/real/51e6d06c2ef9adcdef864724d58e7fc180b67e9b7e6a5c983ccb6b6ccb31b958.mp4,-29.60466194152832,0.999999999999861,29.60466194152832,2.9601644203924835e-12,0,0,0,real,0,7.164306938648224,1,708.4580957889557
/workspace/data/genbuster-mini/extracted/GenBuster-200K-mini/benchmark/real/5192a267fe658c3912fc67e8aefe7c7aaf46513a633eb58adb891c24e044b26e.mp4,-37.92061996459961,1.0,37.92061996459961,-9.991498685232937e-13,0,0,0,real,0,7.116243243217468,0,631.1339400708675
/workspace/data/genbuster-mini/extracted/GenBuster-200K-mini/benchmark/real/518aa5b7dcc76612364aae4c17a7cc61d9ba2cf61bd9abc945a5e6f0990989f5.mp4,-39.41477966308594,1.0,39.41477966308594,-9.998781467563953e-13,0,0,0,real,0,6.960231810808182,1,710.7646614313126
/workspace/data/genbuster-mini/extracted/GenBuster-200K-mini/benchmark/real/517a385478f0935ddcd52dc148ce10d95ea439f16481f1e3e443df78f70beaaf.mp4,-38.09138870239258,1.0,38.09138870239258,-9.99297280892497e-13,0,0,0,real,0,6.644394248723984,0,622.2895979881287
/workspace/data/genbuster-mini/extracted/GenBuster-200K-mini/benchmark/real/516f17e2fb50475a4942a7e304737acc648592a629b309e259430de02bba46e4.mp4,-26.42786979675293,0.9999999999966694,26.42786979675293,8.947667674429663e-11,0,0,0,real,0,6.848234683275223,1,707.9192511737347
/workspace/data/genbuster-mini/extracted/GenBuster-200K-mini/benchmark/real/516dcd0bd1b8d42590295e76f75e45285a55592e59cbc1153ec85973a981f747.mp4,-31.851238250732425,0.9999999999999852,31.851238250732425,-5.795979384416566e-13,0,0,0,real,0,6.720066070556641,0,621.4547976851463
/workspace/data/genbuster-mini/extracted/GenBuster-200K-mini/benchmark/real/51447a4a06ff8edf6c01a5931901a9958ba4a787bdcd9a484d9425baeaedc69a.mp4,-10.851581573486328,0.999980626433171,10.851581573486328,0.0002296075934749,0,0,0,real,0,6.789557635784149,0,621.5791143476963
/workspace/data/genbuster-mini/extracted/GenBuster-200K-mini/benchmark/real/5139a2f32188bb37dc4e95465209fb71d3941a396b3ba73a814515ddae99b2c9.mp4,-29.63103485107422,0.9999999999998648,29.63103485107422,2.8575815687990786e-12,0,0,0,real,0,7.229425013065338,1,710.3723809123039
/workspace/data/genbuster-mini/extracted/GenBuster-200K-mini/benchmark/real/50fc4e70d6f0d57a361f024f2d639edd648f39f1d353dc7474b8bb3c925893b5.mp4,-35.46058654785156,0.9999999999999996,35.46058654785156,-9.886533955310469e-13,0,0,0,real,0,6.693284958600998,0,623.2116147875786
/workspace/data/genbuster-mini/extracted/GenBuster-200K-mini/benchmark/real/50f7fcd889e08d47a237fcbd02d6173380965515c48b321a5bac321fd281a402.mp4,-21.12215805053711,0.999999999328937,21.12215805053711,1.4843362183115744e-08,0,0,0,real,0,6.790336221456528,0,621.6446086764336
/workspace/data/genbuster-mini/extracted/GenBuster-200K-mini/benchmark/real/50e3284c77244dbad7ec96ed369ad031b53f3df477970bedb9e98764337424b1.mp4,-16.82529067993164,0.9999999506974824,16.82529067993164,8.788297072030552e-07,0,0,0,real,0,6.691589951515198,0,621.6741800308228
/workspace/data/genbuster-mini/extracted/GenBuster-200K-mini/benchmark/real/50bebe92a9660b8e2fa617ff6693d10d9dd5fbdee8852c67218790ecf2655932.mp4,-19.74054527282715,0.9999999973282848,19.74054527282715,5.5410827464102335e-08,0,0,0,real,1,8.187029510736465,1,711.2478986382484
/workspace/data/genbuster-mini/extracted/GenBuster-200K-mini/benchmark/real/506e3a71eed8e76ddcaf677c0251f346d588bc0885bc509d99699dfa8d1ad545.mp4,-14.687291145324709,0.9999995817939292,14.687291145324709,6.560518464299956e-06,0,0,0,real,0,7.93829932808876,0,625.8124560117722
/workspace/data/genbuster-mini/extracted/GenBuster-200K-mini/benchmark/real/506c8eb1563a81e1d0ff438a901496f3d3e6e92309fe661310890081abc146f5.mp4,-28.541109085083008,0.9999999999995977,28.541109085083008,1.0387513484962475e-11,0,0,0,real,0,6.914589554071426,0,625.076100230217
/workspace/data/genbuster-mini/extracted/GenBuster-200K-mini/benchmark/real/4fab469ca798ff9e7ef5c727b5aaa3f77912c2b4818e766006cb5bab36c4830e.mp4,-21.82929229736328,0.9999999996691288,21.82929229736328,7.55155416947285e-09,0,0,0,real,0,6.6790953278541565,0,623.8229721784592
/workspace/data/genbuster-mini/extracted/GenBuster-200K-mini/benchmark/real/4f9b6152b0f7c0b80373fbf276ea26a5e673e6f7e3edd2e0d63f5c385cf770ca.mp4,-29.07291412353516,0.9999999999997636,29.07291412353516,5.720366277852252e-12,0,0,0,real,0,6.701543927192688,0,623.6971504986286
/workspace/data/genbuster-mini/extracted/GenBuster-200K-mini/benchmark/real/4f9063ec15e3aeeb4c366b053282f778c0c9f02f90ad9ecac7e485d93b207aca.mp4,-29.279830932617188,0.9999999999998076,29.279830932617188,4.471241389255857e-12,0,0,0,real,0,6.695695221424103,0,630.7025589048862
/workspace/data/genbuster-mini/extracted/GenBuster-200K-mini/benchmark/real/4f06d31c1e99ae7f64f4678822ecc9127290603ca29fbf8fc63325c8b10093cc.mp4,-28.874601364135746,0.9999999999997116,28.874601364135746,7.182694725986691e-12,0,0,0,real,0,6.89198449254036,0,627.31808796525
/workspace/data/genbuster-mini/extracted/GenBuster-200K-mini/benchmark/real/4ee9268e9c2e8c0c656aade80fdc2b0f42c45c2a2d39378d54a997b9cf94574c.mp4,-18.387022018432617,0.9999999896576854,18.387022018432617,2.0050468145557375e-07,0,0,0,real,0,6.767038255929947,0,629.0386095643044
/workspace/data/genbuster-mini/extracted/GenBuster-200K-mini/benchmark/real/4ec147eec3afbaefe6dffbe9d598fdd640a2292b6e50965246a88829e1c6be20.mp4,-12.767942428588867,0.9999971492979968,12.767942428588867,3.924830311997767e-05,0,0,0,real,0,8.200109004974365,1,710.7490859925747
/workspace/data/genbuster-mini/extracted/GenBuster-200K-mini/benchmark/real/4ea31e9fa1df7e4ea5186831984012b11a6c1b6baffe246aa58f9aa3b685ae4b.mp4,-19.15604782104492,0.9999999952067052,19.15604782104492,9.661187641038789e-08,0,0,0,real,0,6.746713072061539,0,628.3017694950104
/workspace/data/genbuster-mini/extracted/GenBuster-200K-mini/benchmark/real/4e954e2e7e64dfcc777763c5824a46d61b08e213ef430ef7b6233ced1183fad9.mp4,-20.56422233581543,0.999999998827611,20.56422233581543,2.527965670683113e-08,0,0,0,real,0,6.755895912647247,0,626.5045925974846
/workspace/data/genbuster-mini/extracted/GenBuster-200K-mini/benchmark/real/4e68363062d51c25b56d88cd5e190978b3d5e44611dea3e1d37051b8d3fdcb4d.mp4,-36.26058578491211,0.9999999999999998,36.26058578491211,-9.94928051761014e-13,0,0,0,real,0,7.16804713010788,0,624.9143332242966
/workspace/data/genbuster-mini/extracted/GenBuster-200K-mini/benchmark/real/4e4c5bfc2ac9599bd4b77d5f0b2b9ab7ee0a13923239a218278dcf581f8c6712.mp4,-22.18375396728516,0.9999999997678772,22.18375396728516,5.379482774646553e-09,0,0,0,real,0,6.900452077388763,0,624.5590969920158
/workspace/data/genbuster-mini/extracted/GenBuster-200K-mini/benchmark/real/4e3b3248084abfdc840702e63ac52a527b90ca13d5fb6e37f4a353cbba0122ba.mp4,-28.08606338500977,0.9999999999993656,28.08606338500977,1.6852311928374924e-11,0,0,0,real,0,6.721332669258118,0,623.2109181582928
/workspace/data/genbuster-mini/extracted/GenBuster-200K-mini/benchmark/real/4e03a2d0f1874e2309e160e870c7e04d7c4a100b54e4a9f8f9251c43f3a5606e.mp4,-16.654735565185547,0.999999941529044,16.654735565185547,1.0322872730097571e-06,0,0,0,real,0,7.206127047538757,1,710.2359905838966
/workspace/data/genbuster-mini/extracted/GenBuster-200K-mini/benchmark/real/4dedb36e0049cf6aef63af724129a9d53df0cf47ed6a6bb82c6ead2fb4a1a7b3.mp4,-27.52212905883789,0.999999999998885,27.52212905883789,3.0089517854556706e-11,0,0,0,real,0,6.912671029567719,0,622.1590153872967
/workspace/data/genbuster-mini/extracted/GenBuster-200K-mini/benchmark/real/4dec05b44c775e49143b068383cd0ed91fcaecf99416627551c809ad5dfc05f0.mp4,-45.79560470581055,1.0,45.79560470581055,-1.000088543622714e-12,0,0,0,real,0,6.845451891422272,1,706.6975086927414
/workspace/data/genbuster-mini/extracted/GenBuster-200K-mini/benchmark/real/4db937b8ef537b959c7cf6e150a4ac9c818a084d22b6872b23378c274ed2e153.mp4,-36.251609802246094,0.9999999999999998,36.251609802246094,-9.948835218397845e-13,0,0,0,real,0,6.750166416168213,1,707.3419392108917
/workspace/data/genbuster-mini/extracted/GenBuster-200K-mini/benchmark/real/4d9745b53a306896c6dfa43aa772b2cef284767751679e069bfa7f4f5881152c.mp4,-18.382360458374023,0.9999999896093614,18.382360458374023,2.0139310340331885e-07,0,0,0,real,0,6.685022264719009,0,628.6393143236637
/workspace/data/genbuster-mini/extracted/GenBuster-200K-mini/benchmark/real/4d973be77026f6c3601f3d0791f04a0520220ce79ec630b1773ac2ea86d40eb5.mp4,-28.925235748291016,0.999999999999726,28.925235748291016,6.781756016664624e-12,0,0,0,real,0,6.695631891489029,0,625.525776296854
/workspace/data/genbuster-mini/extracted/GenBuster-200K-mini/benchmark/real/4d7448e81de56fb9a5f97607c0dad4f7340297a5e220f3e593337252577e0d32.mp4,-14.126832962036133,0.99999926752281,14.126832962036133,1.108005832758551e-05,0,0,0,real,0,6.651014089584351,0,627.3032985627651
/workspace/data/genbuster-mini/extracted/GenBuster-200K-mini/benchmark/real/4d106b7874516b74c406f281e4659d48c2aac1c3411f4cb47f2f01366908d89f.mp4,-21.223323822021484,0.9999999993935044,21.223323822021484,1.3476346041412364e-08,0,0,0,real,0,6.818342953920364,0,624.881848692894
/workspace/data/genbuster-mini/extracted/GenBuster-200K-mini/benchmark/real/4cea7c80eb4fad37315f08519f52415a3f5392d97c3ac1501d0f3aa7fdc8a16e.mp4,-22.256052017211918,0.9999999997840668,22.256052017211918,5.019755766646811e-09,0,0,0,real,0,7.122956216335297,0,625.189833343029
/workspace/data/genbuster-mini/extracted/GenBuster-200K-mini/benchmark/real/4cb623fa370be3d2ff5d7199c1e22a4990e32bc65536c4d660dfb5aba4d07e7c.mp4,-24.25951194763184,0.9999999999708776,24.25951194763184,7.336355697014462e-10,0,0,0,real,0,7.198169827461243,1,709.3053981661797
/workspace/data/genbuster-mini/extracted/GenBuster-200K-mini/benchmark/real/4ba8e3dd434195a6fbb6871f9102eb0a2f49da5c24292799bd0cd354257961f9.mp4,-29.64175796508789,0.999999999999866,29.64175796508789,2.816496735321697e-12,0,0,0,real,0,6.875276565551758,0,627.1031685173512
/workspace/data/genbuster-mini/extracted/GenBuster-200K-mini/benchmark/real/4b2baf4e4cce1526d1c7f357b8bd401fb4173dcc53df5e98a6cf2edcd504d681.mp4,-22.108264923095703,0.999999999749676,22.108264923095703,5.782556164144361e-09,0,0,0,real,0,6.69991597533226,0,624.7859671711922
/workspace/data/genbuster-mini/extracted/GenBuster-200K-mini/benchmark/real/4b291ab13bbde956f9cfe7cf6d0ffda7de8ea8778ad877f19834cc344b0cbc74.mp4,-35.11676025390625,0.9999999999999994,35.11676025390625,-9.839212965683064e-13,0,0,0,real,0,6.666604429483414,1,708.3849832415581
/workspace/data/genbuster-mini/extracted/GenBuster-200K-mini/benchmark/real/4b17d1e578c451b9b6415602ca2dfbfb78cc0072e6a4418122ea5c22b30d9b0d.mp4,-8.537215232849121,0.9998040030041012,8.537215232849121,0.0018692847382621,0,0,0,real,0,6.712533533573151,0,624.6121376752853
/workspace/data/genbuster-mini/extracted/GenBuster-200K-mini/benchmark/real/4ab97bf15dc58bf5a4fd4fba90a526df06bdb46eb02e9ac87ad8ef9addfcf145.mp4,-25.23238182067871,0.9999999999889918,25.23238182067871,2.8681382816210566e-10,0,0,0,real,0,6.855003535747528,0,629.7956705093384
/workspace/data/genbuster-mini/extracted/GenBuster-200K-mini/benchmark/real/4a85b87f9cdb104d94c4d3f669e9f9344380334cd6fc95cf2b8e231840be0cf5.mp4,-11.591635704040527,0.9999907570081632,11.591635704040527,0.0001163844266097,0,0,0,real,0,6.655771285295487,0,623.3794800937176
/workspace/data/genbuster-mini/extracted/GenBuster-200K-mini/benchmark/real/4a423be3de161d023475d307cf01a34835667ae92d4fdcb9fa507afe0ba2f23b.mp4,-11.982394218444824,0.9999937466955088,11.982394218444824,8.118288189617461e-05,0,0,0,real,0,6.706986576318741,1,710.5227746069431
/workspace/data/genbuster-mini/extracted/GenBuster-200K-mini/benchmark/real/49edee64675b96506da683b2bd7640821e69d4bb5662c54b736e0e8b08e8c4a3.mp4,-36.94368362426758,1.0,36.94368362426758,-9.973725048326994e-13,0,0,0,real,0,6.725456565618515,0,623.7350441515446
/workspace/data/genbuster-mini/extracted/GenBuster-200K-mini/benchmark/real/49ac17fd8fd03503032ec7cd9faabf532c905fb1e5c150257ca60182d2bddb1f.mp4,-27.876611709594727,0.9999999999992176,27.876611709594727,2.094429519189528e-11,0,0,0,real,0,6.67206197977066,0,622.0970042049885
/workspace/data/genbuster-mini/extracted/GenBuster-200K-mini/benchmark/real/498b76398e3efb0f04caaa643595c5335c1f11a21065a66d43faff6704da23e3.mp4,-22.074298858642575,0.9999999997410274,22.074298858642575,5.973612995946322e-09,0,0,0,real,0,6.8014562129974365,0,624.5477981865406
/workspace/data/genbuster-mini/extracted/GenBuster-200K-mini/benchmark/real/48beda5b988bb36a2d8c310c8902d88a046e9ce68de29334a33bfcbfee24da9b.mp4,-19.325119018554688,0.999999995952308,19.325119018554688,8.226782090691123e-08,0,0,0,real,0,6.732184439897537,0,624.6934272348881
/workspace/data/genbuster-mini/extracted/GenBuster-200K-mini/benchmark/real/4842b20a5ceaed400c17915cf1163b895d762fdab4401a1ec48bb89c82e1175f.mp4,-32.01328659057617,0.9999999999999876,32.01328659057617,-6.422822848382184e-13,0,0,0,real,0,6.680652499198914,0,625.764861702919
/workspace/data/genbuster-mini/extracted/GenBuster-200K-mini/benchmark/real/48423dffde828f6d0b3e02bc53d57128c12f99f482b601d223912d0125a7cb2e.mp4,-41.95304870605469,1.0,41.95304870605469,-1.0000722503862684e-12,0,0,0,real,0,6.807025521993637,0,623.1211014091969
/workspace/data/genbuster-mini/extracted/GenBuster-200K-mini/benchmark/real/4840050212559552f80c44c9644c6bda8dabb2702591346ade8026446dbf6684.mp4,-15.411622047424316,0.9999997973169172,15.411622047424316,3.3263561695176974e-06,0,0,0,real,0,6.891585886478424,1,710.6468342244625
/workspace/data/genbuster-mini/extracted/GenBuster-200K-mini/benchmark/real/47c6400a0b595c3b027ad94be029332676f48268168ed8a4c2bc5480acc3b017.mp4,-30.30950355529785,0.9999999999999314,30.30950355529785,9.613096056003838e-13,0,0,0,real,0,6.885949522256851,1,707.5753509998322
/workspace/data/genbuster-mini/extracted/GenBuster-200K-mini/benchmark/real/47b6e5104b5334411b5a267ee8b05eea0642be8272d80162bd552dc1b5110a31.mp4,-21.585430145263672,0.9999999995777528,21.585430145263672,9.534635412120474e-09,0,0,0,real,0,5.206245929002762,0,619.6591630578041
/workspace/data/genbuster-mini/extracted/GenBuster-200K-mini/benchmark/real/47a14fc2ae4ea5447a514fddeeb3ef075f597f1b154f1081a86868359cf54330.mp4,-14.069546699523926,0.9999992243368184,14.069546699523926,1.1688890824850811e-05,0,0,0,real,0,5.29896467924118,0,621.1422197520733
/workspace/data/genbuster-mini/extracted/GenBuster-200K-mini/benchmark/real/46b2e1d5c9497fc0cba8dfea98930424f01cb9b5f0aed2f3170ca951113a6ac2.mp4,-23.477161407470703,0.9999999999363208,23.477161407470703,1.5566964011489407e-09,0,0,0,real,0,4.732545465230942,0,624.0637302398682
/workspace/data/genbuster-mini/extracted/GenBuster-200K-mini/benchmark/real/46b15e139b00f856ef5a70d125db1b1a7e0aef31955de97a184a91681efc40c3.mp4,-32.61539840698242,0.9999999999999932,32.61539840698242,-8.041444152374893e-13,0,0,0,real,0,7.480315864086151,0,623.7608976662159
/workspace/data/genbuster-mini/extracted/GenBuster-200K-mini/benchmark/real/463dd6774d6018e6d52cbfa24132d8a680043767b1747d5e8f419b4f4078df65.mp4,-8.286513328552246,0.9997481722384692,8.286513328552246,0.0023386335764191,0,0,0,real,0,6.696324795484543,0,622.0168508589268
/workspace/data/genbuster-mini/extracted/GenBuster-200K-mini/benchmark/real/45b5e0289beac97074f1f3127031f7c9c024d99d5c9762c37c19b02ccecb5661.mp4,-30.819955825805664,0.9999999999999588,30.819955825805664,1.78380151928243e-13,0,0,0,real,0,6.860196590423584,1,707.3852494359016
/workspace/data/genbuster-mini/extracted/GenBuster-200K-mini/benchmark/real/459e81c55969c6411b6053a8bac69a4f3bac62b84a0e6c5cc508fc9e83714076.mp4,-27.026716232299805,0.99999999999817,27.026716232299805,4.9490533846801116e-11,0,0,0,real,0,6.770100444555283,0,624.9032728374004
/workspace/data/genbuster-mini/extracted/GenBuster-200K-mini/benchmark/real/454f49fdfb54b6b9a591d04fdfdc73c05376440001fc22b44f9346e36b1b1828.mp4,-23.10447883605957,0.9999999999075616,23.10447883605957,2.226184605994223e-09,0,0,0,real,0,6.738521158695221,0,619.536180049181
/workspace/data/genbuster-mini/extracted/GenBuster-200K-mini/benchmark/real/450909ce40ac8333fe969b570602a5c953e02a621d617dcafff5ef8839729875.mp4,-10.077397346496582,0.9999579831310256,10.077397346496582,0.0004654384341983,0,0,0,real,0,6.650075316429138,0,622.1068911254406
/workspace/data/genbuster-mini/extracted/GenBuster-200K-mini/benchmark/real/44da4bcc1934b80733cf98f7194b69812e482fa2d542a0fe5115ea19041b617d.mp4,-30.63287734985352,0.9999999999999504,30.63287734985352,4.203552980365079e-13,0,0,0,real,0,6.834615021944046,1,713.6481516063213
/workspace/data/genbuster-mini/extracted/GenBuster-200K-mini/benchmark/real/444ab1f0fda68150a1b4b852547d40a148ade93d173bf86c84fbad5571e29ba0.mp4,-20.96109962463379,0.9999999992116664,20.96109962463379,1.731067625259616e-08,0,0,0,real,0,6.713096052408218,0,621.8572072684765
/workspace/data/genbuster-mini/extracted/GenBuster-200K-mini/benchmark/real/43d09f1f1805c009e67b890f50d6ec6ab1179c6f00412f061269b018f42d99a5.mp4,-24.776805877685547,0.9999999999826392,24.776805877685547,4.4553389312344456e-10,0,0,0,real,0,6.7170150578022,0,621.9634562730789
/workspace/data/genbuster-mini/extracted/GenBuster-200K-mini/benchmark/real/43b0f816e5f16daf02ffc1709830ec3451a512f125c438bd1acbfef196619cc5.mp4,-28.74756622314453,0.9999999999996726,28.74756622314453,8.281340141439079e-12,0,0,0,real,0,7.12183490395546,0,619.3403974175453
/workspace/data/genbuster-mini/extracted/GenBuster-200K-mini/benchmark/real/433b7f777d4bb8174a71ca3c3446aec95cf6491bd7f0bfa16c0a21e771ecfe93.mp4,-21.284711837768555,0.9999999994296164,21.284711837768555,1.2708837011414527e-08,0,0,0,real,0,6.8265944719314575,0,623.102318495512
/workspace/data/genbuster-mini/extracted/GenBuster-200K-mini/benchmark/real/42f66de4f8a8ba654f78dd138b45079e7a6a8beec702f7600125f13426f7f750.mp4,-30.135644912719727,0.9999999999999184,30.135644912719727,1.332835637529096e-12,0,0,0,real,0,6.734270602464676,1,709.404930472374
/workspace/data/genbuster-mini/extracted/GenBuster-200K-mini/benchmark/real/42f04b0a3075fd9c89621adf57a54e224ad3ad846ab46ff1bed6d7bbc17fca4c.mp4,-36.25255584716797,0.9999999999999998,36.25255584716797,-9.948882344706869e-13,0,0,0,real,0,6.852723658084869,0,623.4524920582771
/workspace/data/genbuster-mini/extracted/GenBuster-200K-mini/benchmark/real/42ea64077e3ab3565b0ac3edd6d197a9c4d86cda0a7f64fa5eeeb4d2347ef325.mp4,-32.898311614990234,0.9999999999999948,32.898311614990234,-8.524995847899572e-13,0,0,0,real,0,6.941486150026321,0,622.316624969244
/workspace/data/genbuster-mini/extracted/GenBuster-200K-mini/benchmark/real/42e372d2b3aaa90cade5e465bf54e13f3b08a1d02527add7ce4b60be25cc5120.mp4,-23.04312515258789,0.9999999999017126,23.04312515258789,2.361141609519844e-09,0,0,0,real,0,6.703376770019531,0,623.1449879705906
/workspace/data/genbuster-mini/extracted/GenBuster-200K-mini/benchmark/real/4290698b7797b61d80fdccf7e0830c0a490c7936ce8a1ff3a27e61c28d31a318.mp4,-6.8835649490356445,0.9989765632199124,6.8835649490356445,0.0080688544076247,0,0,0,real,0,6.83092325925827,0,619.257278740406
/workspace/data/genbuster-mini/extracted/GenBuster-200K-mini/benchmark/real/427472a2af89df954ed886f328d9ffb7333d85d09226595ad97480bfc809d929.mp4,-21.11881256103516,0.999999999326688,21.11881256103516,1.4890858240196832e-08,0,0,0,real,0,6.67373463511467,0,624.8321458697319
/workspace/data/genbuster-mini/extracted/GenBuster-200K-mini/benchmark/real/4267a4dbb1c58591dbe92ef49f833007684fe36c8d4e4501b4ae9317ff7200a6.mp4,-26.032854080200195,0.999999999995056,26.032854080200195,1.3173868441165056e-10,0,0,0,real,0,6.728265434503555,1,705.7646624743938
/workspace/data/genbuster-mini/extracted/GenBuster-200K-mini/benchmark/real/42444456e69b4f86cf198ab07ce3cc03408008349bea0f1ed89c2fc1e2c4686f.mp4,-18.82229423522949,0.9999999933076058,18.82229423522949,1.326566063646803e-07,0,0,0,real,0,6.733059883117676,0,621.6887608170509
/workspace/data/genbuster-mini/extracted/GenBuster-200K-mini/benchmark/real/4222cdfd1bcd83828e0e935e4311397a602804226aa96314c4761a1618439ebe.mp4,-16.581092834472656,0.999999937060558,16.581092834472656,1.106542171020456e-06,0,0,0,real,0,6.592173129320145,1,708.513043820858
/workspace/data/genbuster-mini/extracted/GenBuster-200K-mini/benchmark/real/41c1accfb10045707a9a26d2ae3c048b43f61515ae3b9321c5b583bd478f2052.mp4,-18.416675567626957,0.9999999899598676,18.416675567626957,1.949439909765812e-07,0,0,0,real,0,6.794661283493042,0,624.6718689799309
/workspace/data/genbuster-mini/extracted/GenBuster-200K-mini/benchmark/real/41b0a3615d9b2d25b7283e5c8154700113d6a7a4e894a87b297f26a4b04319fc.mp4,-30.045373916625977,0.9999999999999106,30.045373916625977,1.5526453349563649e-12,0,0,0,real,0,5.579110234975815,0,625.6108731031418
/workspace/data/genbuster-mini/extracted/GenBuster-200K-mini/benchmark/real/4101bff79071683cf1db10d3383db8f865e867f112884daa5c5bbd8c5970d54e.mp4,-5.173388481140137,0.9943665759637952,5.173388481140137,0.034793242699275,0,0,0,real,0,6.537523120641708,0,626.6916804015636
/workspace/data/genbuster-mini/extracted/GenBuster-200K-mini/benchmark/real/40fddaf0b9b53c1f2347ab891b9057e20b4bd8875fd92d6f9ae4753515bcb184.mp4,-23.256824493408203,0.999999999920624,23.256824493408203,1.9234169766808395e-09,0,0,0,real,0,6.730303168296814,0,620.0256124138832
/workspace/data/genbuster-mini/extracted/GenBuster-200K-mini/benchmark/real/40d629c71c83ac55824837789605fb23ff64ff89ba2d8c0ac6d70c01fc08c398.mp4,-32.149253845214844,0.9999999999999892,32.149253845214844,-6.879200284227756e-13,0,0,0,real,0,5.816340446472168,0,627.7166306972504
/workspace/data/genbuster-mini/extracted/GenBuster-200K-mini/benchmark/real/409b8119407f42de8e65bf5da7725c9fd52cd8f26ba4683a1fc9af8641f8b239.mp4,-4.231966972351074,0.9856841266155244,4.231966972351074,0.0750036377923033,0,0,0,real,0,5.336795002222061,0,626.5194490551949
/workspace/data/genbuster-mini/extracted/GenBuster-200K-mini/benchmark/real/403e84ab98be591ecd5a9095732dfa534f76489d661e6fbd29bb7a738df3d88a.mp4,-31.285415649414062,0.999999999999974,31.285415649414062,-2.5975839687591173e-13,0,0,0,real,0,4.870705306529999,1,715.3176516294479
/workspace/data/genbuster-mini/extracted/GenBuster-200K-mini/benchmark/real/402e0c602e2795ffd650c4d0f8c70d5884e3b8151f078e68e026006d7e2ec576.mp4,-26.966941833496094,0.9999999999980572,26.966941833496094,5.252469117363479e-11,0,0,0,real,0,4.610743373632431,0,628.9820186793804
/workspace/data/genbuster-mini/extracted/GenBuster-200K-mini/benchmark/real/3ff464eb855dc6af55490b08796471c066a3b2238c5a24cf8a3cba254d277555.mp4,-18.73468399047852,0.9999999926948328,18.73468399047852,1.4416316445468118e-07,0,0,0,real,0,6.72294944524765,1,716.2747569382191
/workspace/data/genbuster-mini/extracted/GenBuster-200K-mini/benchmark/real/3fea13c27724d9aa7d6397311994994a3421a24f77a6d9a1ee7c35c86e00e6ad.mp4,-26.0151424407959,0.9999999999949676,26.0151424407959,1.3403641526831132e-10,0,0,0,real,0,7.0270635187625885,0,627.7327574789524
/workspace/data/genbuster-mini/extracted/GenBuster-200K-mini/benchmark/real/3f218fabf96bdb09748d65e5e724a7bdb24b3818750a3acb0bb8bc8feb5cfd30.mp4,-28.76128196716309,0.999999999999677,28.76128196716309,8.156014977363772e-12,0,0,0,real,0,6.668113172054291,0,624.7936226427555
/workspace/data/genbuster-mini/extracted/GenBuster-200K-mini/benchmark/real/3ee70a7359f981bde8e8bfc6734ff65acf8131db556559f608e3b5a64f52ade6.mp4,-30.215185165405277,0.9999999999999244,30.215185165405277,1.1549295901578486e-12,0,0,0,real,0,7.966268807649612,0,621.9388917088509
/workspace/data/genbuster-mini/extracted/GenBuster-200K-mini/benchmark/real/3e9f431ab5f42306d61ad52d26b8407a12ba92d3bca981a65c4fac5c6440896a.mp4,-30.11749649047852,0.9999999999999168,30.11749649047852,1.3755037804095685e-12,0,0,0,real,0,7.218703627586365,0,628.8887672126293
/workspace/data/genbuster-mini/extracted/GenBuster-200K-mini/benchmark/real/3e6db909bb1fe7170764527ce2fbd5d6665976d506356347a6e7c8a51e598372.mp4,-11.929266929626465,0.9999934054931146,11.929266929626465,8.526215967626918e-05,0,0,0,real,0,7.061995565891266,0,625.6301924586296
/workspace/data/genbuster-mini/extracted/GenBuster-200K-mini/benchmark/real/3e2f2b68e9b6c69f6222e1917d1dd8c07809bc3dd0704cae30822a1e1487b5fe.mp4,-22.970956802368164,0.9999999998943572,22.970956802368164,2.5303653506289302e-09,0,0,0,real,0,7.211416959762573,0,625.5055703222752
/workspace/data/genbuster-mini/extracted/GenBuster-200K-mini/benchmark/real/3e2c888ab73704535dec096404dd65670e60a8884bb164494fc22c94dddb9f89.mp4,-22.577312469482425,0.9999999998433978,22.577312469482425,3.6902613264226965e-09,0,0,0,real,0,6.911244243383408,0,626.7532743513584
/workspace/data/genbuster-mini/extracted/GenBuster-200K-mini/benchmark/real/3def97f450e4a6b55e4a4863b3d5c9c3fc962d7464aa545baeb1dc354e383484.mp4,-30.336557388305664,0.9999999999999332,30.336557388305664,9.091272835154184e-13,0,0,0,real,0,7.759630680084228,0,626.9556209445
/workspace/data/genbuster-mini/extracted/GenBuster-200K-mini/benchmark/real/3d85a0eb4ab71b70bb479f936f68e63ce05f525ca45d684e1fa196c22934d0e8.mp4,-40.32821273803711,1.0,40.32821273803711,-1.0000043577748825e-12,0,0,0,real,0,6.939250975847244,0,626.4385096728802
/workspace/data/genbuster-mini/extracted/GenBuster-200K-mini/benchmark/real/3d551ef44cc6fb90bd23a506523a690bae176ccc85d2277da9a7e184ad4dcb26.mp4,-2.7251899242401123,0.9384967796504498,2.7251899242401123,0.2310838085021061,0,0,0,real,0,7.192377001047134,0,625.4712715744972
/workspace/data/genbuster-mini/extracted/GenBuster-200K-mini/benchmark/real/3d51d8d6341c676fff4ba3d709ab12343bbe6f367f36fb705bc074f4157107ba.mp4,-21.898944854736328,0.9999999996913906,21.898944854736328,7.064830358658935e-09,0,0,0,real,0,7.321435958147049,0,625.9387657046318
/workspace/data/genbuster-mini/extracted/GenBuster-200K-mini/benchmark/real/3d336cdeb15d50494fd7584d21db26d481b69db63fe58292d927b6aac8eb68d3.mp4,-14.26280117034912,0.9999993606423344,14.26280117034912,9.758387130973116e-06,0,0,0,real,0,6.847493350505829,0,622.2321540117264
/workspace/data/genbuster-mini/extracted/GenBuster-200K-mini/benchmark/real/3d259358f50f0c2d7a7347a79408199487583514350e85885dcb60d63992b3e2.mp4,-15.122562408447266,0.9999997293833474,15.122562408447266,4.36303188174399e-06,0,0,0,real,0,6.991196423768997,1,712.219599634409
/workspace/data/genbuster-mini/extracted/GenBuster-200K-mini/benchmark/real/3d17140ad4245f9fa7f7fd63ef3e7551df5336952b1b815238b3ef2a04670730.mp4,-35.190975189208984,0.9999999999999994,35.190975189208984,-9.850300622503257e-13,0,0,0,real,0,6.9455355405807495,1,717.9207429289818
/workspace/data/genbuster-mini/extracted/GenBuster-200K-mini/benchmark/real/3ce4312a5080b25f5837a25dbd617f3265f986eb0ad9939c6c2624558c0fa6f6.mp4,-14.311415672302246,0.9999993909809176,14.311415672302246,9.324942478930246e-06,0,0,0,real,0,6.766155362129211,0,625.661451369524
/workspace/data/genbuster-mini/extracted/GenBuster-200K-mini/benchmark/real/3cdfed4e13eccee7ec0bf85bca9e2b672ad5e436593a2174020dddb8f247c9dc.mp4,-34.964900970458984,0.9999999999999992,34.964900970458984,-9.813791697706548e-13,0,0,0,real,0,7.184214890003204,1,712.5854380428791
/workspace/data/genbuster-mini/extracted/GenBuster-200K-mini/benchmark/real/3cb5e2cbebfa75d8d31ce2d7782e2e364917a476579d1ededa077dd9a33f4a4a.mp4,-26.64838981628418,0.9999999999973284,26.64838981628418,7.201267031485478e-11,0,0,0,real,0,6.961852312088013,1,711.0536880791187
/workspace/data/genbuster-mini/extracted/GenBuster-200K-mini/benchmark/real/3c07998dc8fb06340b07409473e6cc287a17fbaa4f86f6866e627e3a8d26694a.mp4,-22.151105880737305,0.9999999997601736,22.151105880737305,5.550248036840292e-09,0,0,0,real,0,6.818823516368866,0,628.2428056001663
/workspace/data/genbuster-mini/extracted/GenBuster-200K-mini/benchmark/real/3bb205d5556d746327ad112078f30ada39483142f2c27e65e5173995f783f0ad.mp4,-23.54942321777344,0.99999999994076,23.54942321777344,1.4523174468241904e-09,0,0,0,real,0,7.107693701982498,0,627.176471054554
/workspace/data/genbuster-mini/extracted/GenBuster-200K-mini/benchmark/real/3aecf24d9bb9fbf58c7f24cf7c0ff547fc953dba9bc915a37dfa73d4d11d6954.mp4,-7.8343634605407715,0.9996042624406982,7.8343634605407715,0.0034961677641599,0,0,0,real,0,6.991095840930939,1,711.2312279641628
/workspace/data/genbuster-mini/extracted/GenBuster-200K-mini/benchmark/real/3ae9b49bc38d35b0203be58bce1c0f7f0bfff4b17293794ab9fddee2620ec55c.mp4,-34.788543701171875,0.9999999999999992,34.788543701171875,-9.77677260575153e-13,0,0,0,real,0,6.884213536977768,1,708.2524336874485
/workspace/data/genbuster-mini/extracted/GenBuster-200K-mini/benchmark/real/3ae22e39f7d8c3a8a9c3227e46f1f95dd65b6f355e217cc008ebbfd98ed53744.mp4,-27.92289924621582,0.9999999999992532,27.92289924621582,1.996674825900332e-11,0,0,0,real,0,7.070757448673248,0,627.1998547017574
/workspace/data/genbuster-mini/extracted/GenBuster-200K-mini/benchmark/real/3ad77608e7db7aee6950e31b819aff6d609dd93b2150defb8c1ccb545bf03097.mp4,-29.76595497131348,0.9999999999998818,29.76595497131348,2.372479064601587e-12,0,0,0,real,0,6.746105849742889,0,625.0559985637665
/workspace/data/genbuster-mini/extracted/GenBuster-200K-mini/benchmark/real/3ad65cb7f82dbeba1669fb85a1d13b9253a404774ab1602558e793e28762c6ca.mp4,-27.86383438110352,0.9999999999992076,27.86383438110352,2.122195736731681e-11,0,0,0,real,0,6.837654858827591,0,628.0617341399193
/workspace/data/genbuster-mini/extracted/GenBuster-200K-mini/benchmark/real/3a8dc9632525a4213fd4490a3927c2b01ddb2670fff5dd9dab8a547ecdf85b95.mp4,-20.6617431640625,0.9999999989365456,20.6617431640625,2.303427980871829e-08,0,0,0,real,0,7.014233618974686,0,627.4473816156387
/workspace/data/genbuster-mini/extracted/GenBuster-200K-mini/benchmark/real/39c597d126d300a9a45bc11a1290e51fa92ab933db353d50781ccac2c0ac6acc.mp4,-18.15714454650879,0.999999986984756,18.15714454650879,2.493329105363227e-07,0,0,0,real,0,6.918136030435562,1,711.1847959458828
/workspace/data/genbuster-mini/extracted/GenBuster-200K-mini/benchmark/real/391cbe62a40a123f7997d13501bb9e3d5ac4ffe13b965c584325715b7f7e99f8.mp4,-37.814002990722656,1.0,37.814002990722656,-9.99044220031415e-13,0,0,0,real,0,6.836362183094025,1,714.4556045532227
/workspace/data/genbuster-mini/extracted/GenBuster-200K-mini/benchmark/real/38b9c3e5f301fbe2e410a0f6e72efefbdce83e9a5ec4e6f0a5aba1cf7e124680.mp4,-27.256622314453125,0.9999999999985458,27.256622314453125,3.93274684321647e-11,0,0,0,real,0,7.023725658655167,0,626.6540102660656
/workspace/data/genbuster-mini/extracted/GenBuster-200K-mini/benchmark/real/388d2492913e682f6f7d61ff1b87c03efdf15614dcdd5e7204d7c75030d549c1.mp4,-19.029571533203125,0.999999994560461,19.029571533203125,1.0894963633634349e-07,0,0,0,real,0,6.849274039268494,0,626.5229694545269
/workspace/data/genbuster-mini/extracted/GenBuster-200K-mini/benchmark/real/3857b24e088646dbf3bb8ebc65ed57630f1bc20e7b61fae076fbf3a15fa4384a.mp4,-22.6507568359375,0.9999999998544872,22.6507568359375,3.4394918684911712e-09,0,0,0,real,0,7.0951953530311584,0,623.8649450242519
/workspace/data/genbuster-mini/extracted/GenBuster-200K-mini/benchmark/real/38271c7ecb7be8ec1c9685f4db9e751d11405cc7aa82417aaadfcdf38e85304e.mp4,-11.96651554107666,0.9999936466092548,11.96651554107666,8.238135812836816e-05,0,0,0,real,0,6.821382790803909,0,622.4838234484196
/workspace/data/genbuster-mini/extracted/GenBuster-200K-mini/benchmark/real/377b7a6554f29ef415e09104ffc9dc82e19925045317cee681a2afe8705858bf.mp4,-33.15280532836914,0.999999999999996,33.15280532836914,-8.856196973964484e-13,0,0,0,real,0,6.896264851093292,1,709.3670703470707
/workspace/data/genbuster-mini/extracted/GenBuster-200K-mini/benchmark/real/37765e3329da95184e41104cb9d45b5f326d84abe5aea0376eaa6aebe437764f.mp4,-34.14638137817383,0.9999999999999986,34.14638137817383,-9.576284321504097e-13,0,0,0,real,0,6.726101040840149,0,625.47842040658
/workspace/data/genbuster-mini/extracted/GenBuster-200K-mini/benchmark/real/36f512c0e80f3503f634e2cbfdd01e54faaa71f75c7cc696a42e42aaa5f9a70b.mp4,-22.565460205078125,0.9999999998415308,22.565460205078125,3.732405353584514e-09,0,0,0,real,0,6.881985813379288,1,709.8791114985943
/workspace/data/genbuster-mini/extracted/GenBuster-200K-mini/benchmark/real/36e93d665955af308033d1cf7f15f05efa4ae60754d807a2a3e6e5fb7c1badb4.mp4,-35.80095291137695,0.9999999999999996,35.80095291137695,-9.918242810324292e-13,0,0,0,real,0,6.727024912834168,0,629.1256807744503
/workspace/data/genbuster-mini/extracted/GenBuster-200K-mini/benchmark/real/36d01802b3fccc83be6fdeffe2c90af972a5b6acb3c984c1efe967a31499d7ad.mp4,-18.99332046508789,0.9999999943596548,18.99332046508789,1.1276722750914725e-07,0,0,0,real,0,6.784871220588684,0,624.0655444562435
/workspace/data/genbuster-mini/extracted/GenBuster-200K-mini/benchmark/real/36af777b26bdfef75a756603c46920ac58fb7982181fcc84a56a44303e311490.mp4,-6.790627956390381,0.9988769999472424,6.790627956390381,0.0087495066060056,0,0,0,real,0,6.957806646823883,0,627.1003372967243
/workspace/data/genbuster-mini/extracted/GenBuster-200K-mini/benchmark/real/367aefb915b73fbac3acbfcdc5625594443b9c95e65e81fd8940145b01058cf0.mp4,-34.122554779052734,0.9999999999999984,34.122554779052734,-9.566421290147624e-13,0,0,0,real,0,6.837528198957443,0,629.4874511659145
/workspace/data/genbuster-mini/extracted/GenBuster-200K-mini/benchmark/real/3667af63e65a2790622ab78285354f70f77bdb9215bba5ef1afc34c9c3642893.mp4,-8.80093002319336,0.9998494297178696,8.80093002319336,0.0014757401316294,0,0,0,real,0,6.83506578207016,0,622.3680339753628
/workspace/data/genbuster-mini/extracted/GenBuster-200K-mini/benchmark/real/364d4cd501dcf98f989c41e4008443d2519c923f9ea9b8a8ac1350bda28f608e.mp4,-22.056156158447266,0.999999999736286,22.056156158447266,6.078231686352654e-09,0,0,0,real,0,7.098283618688583,0,626.1324360966682
/workspace/data/genbuster-mini/extracted/GenBuster-200K-mini/benchmark/real/36401ede75da013e456cf6f53e54125d0ca39699e585a2fcf883c68248ab01d5.mp4,-23.20105743408203,0.9999999999160716,23.20105743408203,2.029161310477766e-09,0,0,0,real,0,6.715204566717148,0,623.6847527325153
/workspace/data/genbuster-mini/extracted/GenBuster-200K-mini/benchmark/real/35ab68c7457dbba7ab921401220238ce8adbcda4e96893d8a97bd7e93170555c.mp4,-32.25101089477539,0.99999999999999,32.25101089477539,-7.179479076615721e-13,0,0,0,real,0,6.801776587963104,0,623.8953769207001
/workspace/data/genbuster-mini/extracted/GenBuster-200K-mini/benchmark/real/353b08475859daa247fcad586c1ad9eee28e86da27722626807d29c2a85d62b9.mp4,-20.55828857421875,0.9999999988206336,20.55828857421875,2.542311888824529e-08,0,0,0,real,0,8.073490113019943,0,623.2645101845264
/workspace/data/genbuster-mini/extracted/GenBuster-200K-mini/benchmark/real/352f26df6b300aead31c37c88c5806da7298445425b11145314d8675c784f54d.mp4,-34.9713134765625,0.9999999999999992,34.9713134765625,-9.814945011494804e-13,0,0,0,real,0,6.824944168329239,1,707.0252858102322
/workspace/data/genbuster-mini/extracted/GenBuster-200K-mini/benchmark/real/348830cdd1d438e3728404e5939b8c9b7c146a94e8bc5216373119be78e02e25.mp4,-29.536941528320312,0.9999999999998512,29.536941528320312,3.236408783972651e-12,0,0,0,real,0,7.3517076671123505,0,622.220691293478
/workspace/data/genbuster-mini/extracted/GenBuster-200K-mini/benchmark/real/3424fc0a9de2642b2a19ffe28d6fd34ba8f38323b8fb79cf87580432eab691d0.mp4,-29.2594051361084,0.9999999999998036,29.2594051361084,4.583523131556112e-12,0,0,0,real,0,6.764203310012817,1,708.9483067393303
/workspace/data/genbuster-mini/extracted/GenBuster-200K-mini/benchmark/real/330b9c1dda55a76d4a6472d178606d5c45a6fbab78451b03ce468e031fe43f9d.mp4,-24.970935821533203,0.9999999999857024,24.970935821533203,3.6935317371524804e-10,0,0,0,real,0,6.750434637069702,0,624.8883679509163
/workspace/data/genbuster-mini/extracted/GenBuster-200K-mini/benchmark/real/329c448943faa5d4c93e8b0c0db48b4ec16260ab680a7882f5431f4a8f21c72b.mp4,-21.666576385498047,0.9999999996106632,21.666576385498047,8.822932704265353e-09,0,0,0,real,0,7.492151111364365,0,620.975386351347
/workspace/data/genbuster-mini/extracted/GenBuster-200K-mini/benchmark/real/3257e39f0cc2a65d4cf8b0e7f39f82f7edef7cc6df944c95c9075cf6b3ad16c6.mp4,-6.859532356262207,0.9989516955101864,6.859532356262207,0.008239732890409,0,0,0,real,0,6.743010133504868,0,623.7553246319294
/workspace/data/genbuster-mini/extracted/GenBuster-200K-mini/benchmark/real/316e51db52c1216dcb122776880e65972888bfd454870908f711a2230afced31.mp4,-41.056739807128906,1.0,41.056739807128906,-1.0000480985895626e-12,0,0,0,real,0,7.18119740486145,1,709.3332782387733
/workspace/data/genbuster-mini/extracted/GenBuster-200K-mini/benchmark/real/30a8a6bf558962c622c0bc67204bf585d4fda5757ea5d0f62c39cf3c660f3bdf.mp4,-27.87471389770508,0.9999999999992164,27.87471389770508,2.0985396054352763e-11,0,0,0,real,0,6.842821836471558,0,625.6340928375721
/workspace/data/genbuster-mini/extracted/GenBuster-200K-mini/benchmark/real/30629433b48a0438c7de2fe48056cba1892e6d31dae958e421a8ea1b551266db.mp4,-34.36337661743164,0.9999999999999988,34.36337661743164,-9.658295421090016e-13,0,0,0,real,0,6.860662251710892,0,623.139999806881
/workspace/data/genbuster-mini/extracted/GenBuster-200K-mini/benchmark/real/30603254edb5ab3f8fdf214299350cc5557bddd6fcf603604e0ee50a9e21ec3e.mp4,-30.970762252807617,0.9999999999999646,30.970762252807617,1.3616328225094807e-14,0,0,0,real,0,7.133297622203827,0,622.1149638295174
/workspace/data/genbuster-mini/extracted/GenBuster-200K-mini/benchmark/real/304318ce6b4d167e0741c98675f4847c27d228c631c002300b913ddb5d46d51a.mp4,-2.599066734313965,0.9308014884591104,2.599066734313965,0.2515607939259965,0,0,0,real,0,8.363768458366394,0,621.1326122283936
/workspace/data/genbuster-mini/extracted/GenBuster-200K-mini/benchmark/real/300b9c69ade2efde3b0521054144a028dce831e2c99ec9472d909aeb4f221c7d.mp4,-33.71171569824219,0.9999999999999976,33.71171569824219,-9.344708742406808e-13,0,0,0,real,0,6.78107887506485,0,639.1746923327446
/workspace/data/genbuster-mini/extracted/GenBuster-200K-mini/benchmark/real/2ff065e0a4192f7fed539c91b901bd2fd8a0a484c3b440dc8f28dfba90a17789.mp4,-19.571388244628903,0.9999999968358716,19.571388244628903,6.508851172633322e-08,0,0,0,real,0,6.871752440929413,0,623.2344917953014
/workspace/data/genbuster-mini/extracted/GenBuster-200K-mini/benchmark/real/2fabf6a24c628a2a12fa28e95d4d73bb652775f4a8f48e628f8af9689830fec2.mp4,-6.197954177856445,0.9979705403093247,6.197954177856445,0.0146100199684153,0,0,0,real,0,8.944664150476456,0,624.6440261602402
/workspace/data/genbuster-mini/extracted/GenBuster-200K-mini/benchmark/real/2f834c451f59b6b720c8f59d34968155bd4340289e134a5f6f7af726bde72120.mp4,-6.653723239898682,0.9987124467734247,6.653723239898682,0.0098554056114272,0,0,0,real,0,6.957832723855972,0,619.6599416434765
/workspace/data/genbuster-mini/extracted/GenBuster-200K-mini/benchmark/real/2f1115c1a468672f18a3ca76fbca5cead3c369445878d70178b83b188ed3b6b9.mp4,-31.98430824279785,0.9999999999999872,31.98430824279785,-6.319166959230882e-13,0,0,0,real,0,4.347085952758789,1,708.1403657793999
/workspace/data/genbuster-mini/extracted/GenBuster-200K-mini/benchmark/real/2eedb0bf5f0e9fedef7336af16d0e498dfb8a095171537d6ed722f45377a896d.mp4,-8.803194999694824,0.9998497703345492,8.803194999694824,0.0014727420024541,0,0,0,real,1,13.913426548242567,0,625.158429145813
/workspace/data/genbuster-mini/extracted/GenBuster-200K-mini/benchmark/real/2e266d5bf0cabc6b6a4e593fbd437e7feb5b0d09a7b6b70f80ef89c999895aeb.mp4,-30.280948638916016,0.9999999999999294,30.280948638916016,1.0180040112453005e-12,0,0,0,real,0,4.887565970420837,0,624.1252571344376
/workspace/data/genbuster-mini/extracted/GenBuster-200K-mini/benchmark/real/2e09f08ac78875bf85370094dbab5d92ba63717b80bad14c0299358061de8a8b.mp4,-37.52231216430664,1.0,37.52231216430664,-9.986903986956966e-13,0,0,0,real,0,4.909984767436981,0,622.7327957749367
/workspace/data/genbuster-mini/extracted/GenBuster-200K-mini/benchmark/real/2e02a60f8b76e60ed8de7a03bd857e28d4d67e78a3fa64939995f6251821fcb0.mp4,-20.222705841064453,0.9999999983503552,20.222705841064453,3.5007925735175355e-08,0,0,0,real,0,4.509583115577698,1,708.631556481123
/workspace/data/genbuster-mini/extracted/GenBuster-200K-mini/benchmark/real/2d9f5bb60eb7918431ee5cbb03a27d911e1a3c921a772dcddf3b93b91107f122.mp4,-34.77355194091797,0.9999999999999992,34.77355194091797,-9.773521643303446e-13,0,0,0,real,0,5.014725029468536,0,625.085037201643
/workspace/data/genbuster-mini/extracted/GenBuster-200K-mini/benchmark/real/2d23ab8a36d8aa0333ca3272cefb7304be6d23526d2e97e0b736a31a521cd389.mp4,-15.714688301086426,0.9999998503083702,15.714688301086426,2.502046945379628e-06,0,0,0,real,0,7.068924605846405,0,622.051477432251
/workspace/data/genbuster-mini/extracted/GenBuster-200K-mini/benchmark/real/2cf951576c9b178584dae0a462494232a6b55020173151c9834c6ebb31e2dacc.mp4,-35.465232849121094,0.9999999999999996,35.465232849121094,-9.887043468772342e-13,0,0,0,real,0,10.34769043326378,0,626.3685114681721
/workspace/data/genbuster-mini/extracted/GenBuster-200K-mini/benchmark/real/2cc08da7a2044f93d3d8134cb932aea2ab3e49effd481f7a648938da97262661.mp4,-38.12060546875,1.0,38.12060546875,-9.99320074888677e-13,0,0,0,real,0,6.935033947229385,0,626.0761842131615
/workspace/data/genbuster-mini/extracted/GenBuster-200K-mini/benchmark/real/2cbec03f9de2c21b02253c644f76b5aa22905cc992146b8db9e6f06971d47f63.mp4,-12.091740608215332,0.999994394409896,12.091740608215332,7.338694537428548e-05,0,0,0,real,0,6.817575544118881,0,623.9974051713943
/workspace/data/genbuster-mini/extracted/GenBuster-200K-mini/benchmark/real/2bfcbf702beb88196921fb5124fa5bf04893965f5173343ee16a8fba7ccd21d9.mp4,-22.14034652709961,0.9999999997575792,22.14034652709961,5.60770100491274e-09,0,0,0,real,0,6.824765354394913,1,710.6995470821857
/workspace/data/genbuster-mini/extracted/GenBuster-200K-mini/benchmark/real/2b525391925c0af683d70cf5e0ce053012e3bdda6a41a106d1e8864697433569.mp4,-15.665911674499512,0.9999998428259148,15.665911674499512,2.6194474340743227e-06,0,0,0,real,0,6.809134036302567,0,623.5239319503307
/workspace/data/genbuster-mini/extracted/GenBuster-200K-mini/benchmark/real/2ad8bc99a8e1a41c586498e740c3ce977c47e2f87723beb5234f4504d8a2f465.mp4,-24.40953826904297,0.9999999999749348,24.40953826904297,6.349161766015636e-10,0,0,0,real,0,6.922386586666107,0,623.5299184918404
/workspace/data/genbuster-mini/extracted/GenBuster-200K-mini/benchmark/real/2ac174f21603fb9d2a9bd1034b59b2f8ff6e8a7f49169fcfebefe35956d26b9f.mp4,-24.14584350585937,0.9999999999673718,24.14584350585937,8.184792397005049e-10,0,0,0,real,0,6.9488100707530975,0,624.7786469757557
/workspace/data/genbuster-mini/extracted/GenBuster-200K-mini/benchmark/real/2a47048761a7c54f7eb129458ffc15c990dc0a38914b37e82333ec6011d4e494.mp4,-41.17691802978516,1.0,41.17691802978516,-1.0000527189095856e-12,0,0,0,real,0,6.848827004432678,1,717.3939198255539
/workspace/data/genbuster-mini/extracted/GenBuster-200K-mini/benchmark/real/2a23c4674d4ca03f06cb87df2312e5e209ad39e802d52646d3062897885d2f00.mp4,-15.699017524719238,0.9999998479441105,15.699017524719238,2.539181979502985e-06,0,0,0,real,0,6.82661309838295,1,719.487726688385
/workspace/data/genbuster-mini/extracted/GenBuster-200K-mini/benchmark/real/29f1b9d123da2f099f749f1234a4f93c411322a8e1d0b0cad0fe23a594e86d93.mp4,-17.292171478271484,0.9999999690895508,17.292171478271484,5.654172408886482e-07,0,0,0,real,0,6.788209080696106,0,619.7606287896633
/workspace/data/genbuster-mini/extracted/GenBuster-200K-mini/benchmark/real/29e031590120ebc0f4e2a3e32e80705b6d1f5db2e1be55b5607b080894885fdb.mp4,-25.01931953430176,0.9999999999863778,25.01931953430176,3.5247566679825687e-10,0,0,0,real,0,6.7918747663497925,0,632.9266615211964
/workspace/data/genbuster-mini/extracted/GenBuster-200K-mini/benchmark/real/2998922fa931d52346fa4a093b85354fb9e0fa23920f7f3a2f5d46513e7fb86d.mp4,-25.96543502807617,0.9999999999947112,25.96543502807617,1.40698149775216e-10,0,0,0,real,0,6.87757134437561,0,628.3434927463531
/workspace/data/genbuster-mini/extracted/GenBuster-200K-mini/benchmark/real/2981f0f2653b98a62dae04de9846c018802dcec281a6945a21699f7cc3a271f9.mp4,-20.75876235961914,0.999999999034874,20.75876235961914,2.0997949782302022e-08,0,0,0,real,0,6.998024880886078,0,626.8367022275925
/workspace/data/genbuster-mini/extracted/GenBuster-200K-mini/benchmark/real/295dea2aa46d81adb4b6f78783e915666782e88545d26c6549ba1a08bdf3dd0d.mp4,-28.453737258911133,0.9999999999995608,28.453737258911133,1.1415750159828576e-11,0,0,0,real,0,7.006671279668808,0,630.9387013316154
/workspace/data/genbuster-mini/extracted/GenBuster-200K-mini/benchmark/real/28f0b6b5a0532df2b5d0d0e58eb88330c9a5c76c0222d027c4016e7105fdc07d.mp4,-33.517730712890625,0.9999999999999972,33.517730712890625,-9.20503641969773e-13,0,0,0,real,0,6.826184689998627,0,623.929675668478
/workspace/data/genbuster-mini/extracted/GenBuster-200K-mini/benchmark/real/28bd7521da9d767d46a73fd7ee5babc46c306f40caf8e22d7402a703ee8a62bd.mp4,-12.53423023223877,0.9999963987656884,12.53423023223877,4.873993904300782e-05,0,0,0,real,0,8.088167756795883,1,711.0848985612392
/workspace/data/genbuster-mini/extracted/GenBuster-200K-mini/benchmark/real/286614f1ad946b96a210a88e14af2836c5fe5473bb362badbe457e15abd34f24.mp4,1.8553889989852903,0.8647586107254028,1.8553889989852903,0.3962302806780809,0,1,0,real,0,6.963282823562622,0,623.2028603553772
/workspace/data/genbuster-mini/extracted/GenBuster-200K-mini/benchmark/real/280656db2a1df1de7e3c8015bdddacd10a0455d1ac31442e9ad34e74fab33a85.mp4,-33.45782470703125,0.999999999999997,33.45782470703125,-9.155469738581026e-13,0,0,0,real,0,7.23658874630928,0,626.3830699026585
/workspace/data/genbuster-mini/extracted/GenBuster-200K-mini/benchmark/real/27de1a0b25be1e8a8533b8c1d145db84bbab44c0b8bed2ba23e87b492d7e95e5.mp4,-14.605835914611816,0.9999995463030588,14.605835914611816,7.080318135292316e-06,0,0,0,real,0,7.387958467006683,0,624.2176964879036
/workspace/data/genbuster-mini/extracted/GenBuster-200K-mini/benchmark/real/278dfb511a5e7cb41e6383377471ff1d9662681d2de28b46de0727952bae4138.mp4,-17.909622192382812,0.9999999833294506,17.909622192382812,3.152317903934305e-07,0,0,0,real,0,7.065761834383011,0,624.4228556752205
/workspace/data/genbuster-mini/extracted/GenBuster-200K-mini/benchmark/real/26fea516cec446446e2d6d8dead54c54908f10fd7f83d821124f3f1ef6411371.mp4,-37.25643157958984,1.0,37.25643157958984,-9.980424005570102e-13,0,0,0,real,0,6.995350122451782,0,625.3486275672913
/workspace/data/genbuster-mini/extracted/GenBuster-200K-mini/benchmark/real/26faedc4093ca55bf99a87f14c23a93dbd177fe1b97cb8f43ed95f8cf28e569b.mp4,-15.606849670410156,0.9999998332632885,15.606849670410156,2.768969518662079e-06,0,0,0,real,0,8.609835058450699,0,618.0414818227291
/workspace/data/genbuster-mini/extracted/GenBuster-200K-mini/benchmark/real/26db40ffeabc9765fc23500cd824a485a41b3da98d975f46822b4b59e4976e3a.mp4,-36.288516998291016,0.9999999999999998,36.288516998291016,-9.950640891117906e-13,0,0,0,real,0,6.9207921624183655,0,627.0449198782444
/workspace/data/genbuster-mini/extracted/GenBuster-200K-mini/benchmark/real/26cf354062ffc48fa6f0a99c70bfb7b6c5ec64abfd3516951d7550e48336b682.mp4,-19.8906192779541,0.9999999977006038,19.8906192779541,4.803381137882289e-08,0,0,0,real,0,6.68635219335556,0,623.4987005591393
/workspace/data/genbuster-mini/extracted/GenBuster-200K-mini/benchmark/real/26bc7b5dec5f85a351ae82c104d610c8e0402926c562a6e83b1dc0c9bebdf5e3.mp4,-15.01527976989746,0.9999996987363602,15.01527976989746,4.82481952289066e-06,0,0,0,real,0,8.985616266727448,0,621.1135610938072
/workspace/data/genbuster-mini/extracted/GenBuster-200K-mini/benchmark/real/2568e4da2f4c9112ea2f7df7706bd1eef6354961841ff6381e7cdddf349799e1.mp4,-20.62283515930176,0.999999998894353,20.62283515930176,2.3905223670973777e-08,0,0,0,real,0,7.052283734083176,0,620.7463555037975
/workspace/data/genbuster-mini/extracted/GenBuster-200K-mini/benchmark/real/25312c0392aebf74dc6b63ce067b05afeea4aabd05b6f6c78663ebf48f2e4cf9.mp4,-9.962767601013184,0.9999528800799452,9.962767601013184,0.0005165658407962,0,0,0,real,0,4.862505942583084,0,625.5529522895813
/workspace/data/genbuster-mini/extracted/GenBuster-200K-mini/benchmark/real/25135e943f0a4380e17938f9cdd6b3b5fbdc7c83849998165a5ac98642dfbbc5.mp4,-13.993851661682127,0.9999991633436592,13.993851661682127,1.254469936092388e-05,0,0,0,real,0,4.503820091485977,0,626.1192709207535
/workspace/data/genbuster-mini/extracted/GenBuster-200K-mini/benchmark/real/24f51fdc168a9a8385b7c7dc7db068ae16b3e856ab046368e215c27354e605f0.mp4,-19.223777770996094,0.9999999955206044,19.223777770996094,9.058829949939599e-08,0,0,0,real,0,4.671961069107056,0,622.6492561399937
/workspace/data/genbuster-mini/extracted/GenBuster-200K-mini/benchmark/real/24def7c5093a023d44577334278b6550a6736f5463b5b18736ff8489753a74da.mp4,-8.643431663513184,0.9998237501422408,8.643431663513184,0.0016996689898496,0,0,0,real,0,4.564668983221054,0,621.3502585887909
/workspace/data/genbuster-mini/extracted/GenBuster-200K-mini/benchmark/real/248152a9c6be230cf2c4ad766536f8c03493f99a515028912e3562899e27b9d3.mp4,-21.628177642822266,0.9999999995954224,21.628177642822266,9.152854886503378e-09,0,0,0,real,0,4.581384360790253,0,625.3185719251633
/workspace/data/genbuster-mini/extracted/GenBuster-200K-mini/benchmark/real/2480676c6639e94c48c6a0315ed38dc28cd21c7029d3d773cf9a3a6233361dc3.mp4,-17.893226623535156,0.9999999830538756,17.893226623535156,3.201649713693374e-07,0,0,0,real,0,4.60345670580864,0,622.798927128315
/workspace/data/genbuster-mini/extracted/GenBuster-200K-mini/benchmark/real/2442da25c9a04f6a171ef304f5a5ff954fe669a16d4a06250adebd1b8b10e697.mp4,-38.73893356323242,1.0,38.73893356323242,-9.996746228459829e-13,0,0,0,real,0,4.600591957569122,0,627.1480396389961
/workspace/data/genbuster-mini/extracted/GenBuster-200K-mini/benchmark/real/2405c21cf7206d45d6a39018a357b0be926235925b2e0ba963d97e657b572589.mp4,-19.470630645751957,0.9999999965004472,19.470630645751957,7.163605431831533e-08,0,0,0,real,0,4.38506156206131,0,624.664906412363
/workspace/data/genbuster-mini/extracted/GenBuster-200K-mini/benchmark/real/238be96373129d74218a0fe67acc3f021f9dd1a237da4cbd2473b3fbc421fd54.mp4,-25.467269897460938,0.9999999999912964,25.467269897460938,2.2841726226750988e-10,0,0,0,real,0,4.512384533882141,0,630.3425431251526
/workspace/data/genbuster-mini/extracted/GenBuster-200K-mini/benchmark/real/2385e7069e0dd2088d333f007caadf4c940164733930b6611f8649ab06592684.mp4,-12.240727424621582,0.9999951703293846,12.240727424621582,6.394836199625687e-05,0,0,0,real,0,4.367660731077194,0,625.9724870324135
/workspace/data/genbuster-mini/extracted/GenBuster-200K-mini/benchmark/real/23476f5d1e983374e9654a1fcbea598d252cd0056dfc2ad75d49d3813bba48f9.mp4,-2.08076548576355,0.8890195786952972,2.08076548576355,0.3485602475322146,0,0,0,real,0,4.472654312849045,0,624.1402253508568
/workspace/data/genbuster-mini/extracted/GenBuster-200K-mini/benchmark/real/230d39a7325857c3391d0cc8a79532a545e3405b4a1cb30ef71c5f8d6de48678.mp4,-17.14038848876953,0.9999999640230932,17.14038848876953,6.526330685005992e-07,0,0,0,real,0,4.351809620857239,0,623.8811612129211
/workspace/data/genbuster-mini/extracted/GenBuster-200K-mini/benchmark/real/230b95b616870cb1f8d42d22d58e34cde809195c39b8b9c44b888c1ec60ae1e8.mp4,-19.832094192504883,0.9999999975620156,19.832094192504883,5.0786318116371095e-08,0,0,0,real,0,4.234630614519119,1,709.5706202089787
/workspace/data/genbuster-mini/extracted/GenBuster-200K-mini/benchmark/real/22b9d5af32b6a00ffcd5379e2f7f6f1b2970aee834bac8fbbff75196a2d427e7.mp4,-13.689864158630373,0.9999988661201088,13.689864158630373,1.665654019771299e-05,0,0,0,real,0,4.541885107755661,0,622.9607090353966
/workspace/data/genbuster-mini/extracted/GenBuster-200K-mini/benchmark/real/2277b8de314bd165d7c82530c882fba26c3bebf0ab11c5fee4e169ae35f160e3.mp4,-18.301727294921875,0.9999999887368256,18.301727294921875,2.173967210806338e-07,0,0,0,real,0,5.660898983478546,0,623.4738640487194
/workspace/data/genbuster-mini/extracted/GenBuster-200K-mini/benchmark/real/21db1defc751def07f8ae082d1edf8a1c5ba91584d82918d2c02cfd698b6f470.mp4,-31.198522567749023,0.9999999999999718,31.198522567749023,-1.927536944634171e-13,0,0,0,real,0,5.278605967760086,1,710.4335576295853
/workspace/data/genbuster-mini/extracted/GenBuster-200K-mini/benchmark/real/20b5811333b7e89cdc52fb0d0854b9e79fc622103db680e8afe6d5704f7da752.mp4,-25.268600463867188,0.9999999999893834,25.268600463867188,2.7692811273857653e-10,0,0,0,real,0,5.606118589639664,0,622.6083524525166
/workspace/data/genbuster-mini/extracted/GenBuster-200K-mini/benchmark/real/204c5225cec80fb7ebce8b9f19755ef93804fa24c49ae1e421eb8daeb4a0b59a.mp4,-10.185483932495115,0.9999622875984642,10.185483932495115,0.0004218321675027,0,0,0,real,0,4.57385927438736,0,623.3275569975376
/workspace/data/genbuster-mini/extracted/GenBuster-200K-mini/benchmark/real/20127e75a57d3cc12d0cf2c7ca6c5b4a3c787d40b2eff91913f16ade3f164353.mp4,-26.16091537475586,0.9999999999956504,26.16091537475586,1.1624167085139364e-10,0,0,0,real,0,5.125001072883606,0,634.3139484524727
/workspace/data/genbuster-mini/extracted/GenBuster-200K-mini/benchmark/real/2009e5047ad849b283baffd6a0acd016fd4ab613d28bc155bbe5aa3f2f65aef6.mp4,-30.334583282470703,0.999999999999933,30.334583282470703,9.129815195132753e-13,0,0,0,real,0,4.722923040390015,0,625.1517459750175
/workspace/data/genbuster-mini/extracted/GenBuster-200K-mini/benchmark/real/1fecb773f094458407eb76eb8f71457856016f74e36acb8c7b2935ca1b979c62.mp4,-25.356321334838867,0.999999999990275,25.356321334838867,2.5436335073595047e-10,0,0,0,real,0,4.769477993249893,0,623.6826293170452
/workspace/data/genbuster-mini/extracted/GenBuster-200K-mini/benchmark/real/1f8e17e87bd4333df5be03a00dd43420fd0db7503e9a4e5e5a5ba3299d9d0ba2.mp4,-27.96559333801269,0.9999999999992844,27.96559333801269,1.910324366958084e-11,0,0,0,real,0,4.583049565553665,1,719.9761867523193
/workspace/data/genbuster-mini/extracted/GenBuster-200K-mini/benchmark/real/1f4fc615d357407c581e2952fccc0a1217582e921846b0b9493637f16fe8b74c.mp4,-16.776321411132812,0.9999999482230884,16.776321411132812,9.20401026827874e-07,0,0,0,real,0,4.648264497518539,0,622.968565672636
/workspace/data/genbuster-mini/extracted/GenBuster-200K-mini/benchmark/real/1f2ec56519daa3c88b0498c67bb58688fa54b8eec5f7bdbdd7ddfebf1241305d.mp4,-27.15142822265625,0.9999999999983846,27.15142822265625,4.369790665690194e-11,0,0,0,real,0,5.324427038431168,1,704.8804387450218
/workspace/data/genbuster-mini/extracted/GenBuster-200K-mini/benchmark/real/1f042e83e6b6d79147a15cf7da3fa3b3b207a65eb21040362532d8bab35a9bfe.mp4,-36.23771667480469,0.9999999999999998,36.23771667480469,-9.948138047494282e-13,0,0,0,real,0,5.0990767776966095,0,632.096491754055
/workspace/data/genbuster-mini/extracted/GenBuster-200K-mini/benchmark/real/1ec2e10b0c7f2ab4d5e5eae916e2167f50c03f0dc6b7910d3fc4d174a44509e3.mp4,-43.066402435302734,1.0,43.066402435302734,-1.0000834317320757e-12,0,0,0,real,0,4.21745702624321,0,624.2521516978741
/workspace/data/genbuster-mini/extracted/GenBuster-200K-mini/benchmark/real/1e5dc9d44e587c7ed3f377f263eaa88185a5c8ac514aee5f28c9238ee7bc3a1f.mp4,-21.720367431640625,0.9999999996310528,21.720367431640625,8.380618081341551e-09,0,0,0,real,0,6.2369778752326965,1,711.947601288557
/workspace/data/genbuster-mini/extracted/GenBuster-200K-mini/benchmark/real/1e33d1e64f45ea750553a389700d79b7100ad4bb5da0d95ce3c7fda27d086d25.mp4,-16.344219207763672,0.9999999202380536,16.344219207763672,1.3834066873624566e-06,0,0,0,real,0,6.62294402718544,0,626.8571279942989
/workspace/data/genbuster-mini/extracted/GenBuster-200K-mini/benchmark/real/1e08162c197161f73aaf932c157b3a0a755392e1e36fb0dcf132b50d55141d37.mp4,-37.0470085144043,1.0,37.0470085144043,-9.976173647438626e-13,0,0,0,real,0,6.795093417167664,1,712.5406749546528
/workspace/data/genbuster-mini/extracted/GenBuster-200K-mini/benchmark/real/1df7fd7f91e1a33f64cb235133c09fded06c70c27a1b4b4d14c56e6d92f50488.mp4,-12.075093269348145,0.9999943003113004,12.075093269348145,7.452397576687197e-05,0,0,0,real,0,6.806652992963791,0,629.952322691679
/workspace/data/genbuster-mini/extracted/GenBuster-200K-mini/benchmark/real/1df1a3deafa06654e9978f8782bf525eadd7c26906bfabcfb0c3ec9de51b5e04.mp4,-27.31156539916992,0.9999999999986235,27.31156539916992,3.721574372835528e-11,0,0,0,real,0,6.657484918832779,0,623.883094638586
/workspace/data/genbuster-mini/extracted/GenBuster-200K-mini/benchmark/real/1dbf87602bc3146f27fddf4cdbd8cf03dfb3d9c627ecf5704275e99c8f3a8eef.mp4,-31.00582504272461,0.9999999999999658,31.00582504272461,-2.1378853620978687e-14,0,0,0,real,0,6.7710354924201965,0,624.5891228318214
/workspace/data/genbuster-mini/extracted/GenBuster-200K-mini/benchmark/real/1d6bcf5d639ec6140500a8dbf8450c7b3c11ae0298f0353bff4c818c30fbde71.mp4,-8.189817428588867,0.9997226124396548,8.189817428588867,0.002549179524732,0,0,0,real,0,6.931263953447342,0,620.9257170557976
/workspace/data/genbuster-mini/extracted/GenBuster-200K-mini/benchmark/real/1d617baee2eeee8cbfcd7a0221609737683f62aee88f93ca8bacd96d6bc1b569.mp4,-29.16343688964844,0.999999999999784,29.16343688964844,5.142377748957384e-12,0,0,0,real,0,6.757557392120361,1,708.5934467613697
/workspace/data/genbuster-mini/extracted/GenBuster-200K-mini/benchmark/real/1d3f8ff5c51d64056772c1103c68a91ab4575d020589d643523adee57fbdaa9f.mp4,-15.018178939819336,0.9999996996085088,15.018178939819336,4.811722704381916e-06,0,0,0,real,0,6.791006773710251,1,709.3994058668613
/workspace/data/genbuster-mini/extracted/GenBuster-200K-mini/benchmark/real/1d381a9a5ba41e72c9afb7a881817c3ce660743c889b3879a9bf0b4235d5632d.mp4,-26.95133209228516,0.9999999999980268,26.95133209228516,5.334644426028301e-11,0,0,0,real,0,6.865926086902618,0,625.7124319672585
/workspace/data/genbuster-mini/extracted/GenBuster-200K-mini/benchmark/real/1d21ea46a47dfdb163235132cfa3e985e79553fe72a5377b9999ff21a44d7673.mp4,-19.094167709350582,0.999999994900726,19.094167709350582,1.0246366474729628e-07,0,0,0,real,0,6.7200250923633575,0,623.4426014125347
/workspace/data/genbuster-mini/extracted/GenBuster-200K-mini/benchmark/real/1d01d54716cfe6e5f0264c0f8a1d830dfaea498cf92bfd51caabf8e51d0188ad.mp4,-30.110179901123047,0.9999999999999162,30.110179901123047,1.3929564310454674e-12,0,0,0,real,0,5.874138325452805,0,623.7565502524376
/workspace/data/genbuster-mini/extracted/GenBuster-200K-mini/benchmark/real/1c45241d747416971b19af83afb45c35efe6acb69fa496de6c28778a74442afa.mp4,0.6975927352905273,0.6676537990570068,0.6975927352905273,0.6358277467067728,0,1,0,real,0,6.706655025482178,0,623.9309422671795
/workspace/data/genbuster-mini/extracted/GenBuster-200K-mini/benchmark/real/1bd5699fa7c6fff9e9fe23def4f9508db6fab32af7449add0622dc339b5a9d8e.mp4,-32.602317810058594,0.9999999999999932,32.602317810058594,-8.016557632148056e-13,0,0,0,real,0,6.876133382320404,0,621.6014735400677
/workspace/data/genbuster-mini/extracted/GenBuster-200K-mini/benchmark/real/1bc796a7531611bae9f23b0bc54a0842d1f13da602b9d23c43d0da161e317091.mp4,-28.515851974487305,0.9999999999995872,28.515851974487305,1.0675692435120957e-11,0,0,0,real,0,6.704416126012802,1,710.1460993289948
/workspace/data/genbuster-mini/extracted/GenBuster-200K-mini/benchmark/real/1ba3455e6155469d53cffb9813417a4df471d04567f07c5f8b198dd66cd235fd.mp4,-26.597047805786133,0.9999999999971878,26.597047805786133,7.575331142349109e-11,0,0,0,real,0,6.86248391866684,0,625.9377263486385
/workspace/data/genbuster-mini/extracted/GenBuster-200K-mini/benchmark/real/1b965a3f6eecbd38dd6f2dec599dbd8fed809579faf48a1294b84c80181c5f9a.mp4,5.5057220458984375,0.9959529638290404,5.5057220458984375,0.0263370762559232,0,1,0,real,0,9.754016995429993,0,617.8740449249744
/workspace/data/genbuster-mini/extracted/GenBuster-200K-mini/benchmark/real/1b52068e13aa4bcbe80d662e94f52a6f2615f40e95c08455dbe0cf683d050fd4.mp4,-35.494842529296875,0.9999999999999996,35.494842529296875,-9.890235363791454e-13,0,0,0,real,0,6.932985037565231,0,633.2314014434814
/workspace/data/genbuster-mini/extracted/GenBuster-200K-mini/benchmark/real/1b16f7e9e6491e6e5ec0830c91b43e26f1eed9fa9818aa9c5bd07e8b8a2530eb.mp4,-29.57280731201172,0.9999999999998566,29.57280731201172,3.0877238861873168e-12,0,0,0,real,0,6.832361221313477,0,644.9133865535259
/workspace/data/genbuster-mini/extracted/GenBuster-200K-mini/benchmark/real/1ae58a9ad48c2606500d55e731f33f7a1fdabfbe2a191a2af106f0d98e741803.mp4,-22.581987380981445,0.9999999998441282,22.581987380981445,3.6737694100751774e-09,0,0,0,real,0,6.850365549325943,1,713.4259939193726
/workspace/data/genbuster-mini/extracted/GenBuster-200K-mini/benchmark/real/1ab7f258a38a69c1100252ff99cb2aaca176e6f37668df1e82c50a06648b5fdf.mp4,-24.25916290283203,0.9999999999708674,24.25916290283203,7.338821093238165e-10,0,0,0,real,0,6.748344749212265,0,621.4827075600624
/workspace/data/genbuster-mini/extracted/GenBuster-200K-mini/benchmark/real/1ab14c3d51056275e1497292fa01344f12d2370ddb1c89e7a66af135cf6328e3.mp4,-22.534517288208008,0.9999999998365504,22.534517288208008,3.844706977396225e-09,0,0,0,real,0,7.185749709606171,0,627.2768825292587
/workspace/data/genbuster-mini/extracted/GenBuster-200K-mini/benchmark/real/1a7cd3e40931a49587225c59b3680eab51f5b0c3a56f5603b30ac0977f2b76b9.mp4,-17.595922470092773,0.9999999771867074,17.595922470092773,4.242322198736193e-07,0,0,0,real,0,6.760537624359131,0,627.6695355772972
/workspace/data/genbuster-mini/extracted/GenBuster-200K-mini/benchmark/real/1a375d5b24a45bf6b75f64bfb72d89c2c5eb2f2f6ff561a71ffc295cbbfa26cb.mp4,-19.83025360107422,0.999999997557524,19.83025360107422,5.0875394598023046e-08,0,0,0,real,0,6.793409585952759,0,623.931024223566
/workspace/data/genbuster-mini/extracted/GenBuster-200K-mini/benchmark/real/1a3379fd4003802823700f3558a4762720b06e3b6d5cf20c9fe912d3a4455e72.mp4,-33.348594665527344,0.9999999999999968,33.348594665527344,-9.059271071188207e-13,0,0,0,real,0,6.833124905824661,0,628.3677741885185
/workspace/data/genbuster-mini/extracted/GenBuster-200K-mini/benchmark/real/197b76cb62c07cfd158a3a21fd76ee36d1bbb68055e5b3d1c514f8613e584695.mp4,-37.08761215209961,1.0,37.08761215209961,-9.97706872835551e-13,0,0,0,real,0,6.83322548866272,0,627.9664933681488
/workspace/data/genbuster-mini/extracted/GenBuster-200K-mini/benchmark/real/196a85c97d9c576a1ce459c8d17a98037521c9864d0dc4425b8a7ab8b23a29ff.mp4,-11.247366905212402,0.9999869585772104,11.247366905212402,0.0001597231722731,0,0,0,real,0,6.779827177524567,0,627.4622902274132
/workspace/data/genbuster-mini/extracted/GenBuster-200K-mini/benchmark/real/1960811f561a88f71e6cba03c329267f2135cae3702751db2aadf84e4278bf4a.mp4,-16.790874481201172,0.9999999489711476,16.790874481201172,9.078459118972612e-07,0,0,0,real,0,6.740257143974304,0,626.5298463404179
/workspace/data/genbuster-mini/extracted/GenBuster-200K-mini/benchmark/real/195b50860376e61d376a29da3f0c2a9d95ff48479dac55c1ce7de298e63afd78.mp4,-20.715145111083984,0.9999999989918462,20.715145111083984,2.1890206208094573e-08,0,0,0,real,0,6.922964006662369,0,625.5561038851738
/workspace/data/genbuster-mini/extracted/GenBuster-200K-mini/benchmark/real/18d45273dc4d38feb779b1d22e3a9886e66070ddc7da758e48afdfb08b6d3774.mp4,-32.00181198120117,0.9999999999999872,32.00181198120117,-6.383008352912719e-13,0,0,0,real,0,6.712902337312698,0,622.7709837257862
/workspace/data/genbuster-mini/extracted/GenBuster-200K-mini/benchmark/real/18c143150103d26df0a440fd468239db6d83be2d0fa3725480640c2045b20f25.mp4,-22.497468948364254,0.9999999998303816,22.497468948364254,3.983609688445364e-09,0,0,0,real,0,6.938744336366653,1,709.0626880526543
/workspace/data/genbuster-mini/extracted/GenBuster-200K-mini/benchmark/real/18acf5ad9f559413bcb20a1223a0d1b18ce2a1dc362cba9b2c1afe67e53e7716.mp4,-24.039810180664062,0.999999999963722,24.039810180664062,9.064072239558215e-10,0,0,0,real,0,6.763271987438202,1,712.4773785471916
/workspace/data/genbuster-mini/extracted/GenBuster-200K-mini/benchmark/real/189ee23e7ba46a89fd789cca0c2d0bc9df279fb7e01df741904e83c2ce6eb403.mp4,-13.437149047851562,0.9999985401115056,13.437149047851562,2.1076626841433574e-05,0,0,0,real,0,6.704989820718765,0,624.4241371750832
/workspace/data/genbuster-mini/extracted/GenBuster-200K-mini/benchmark/real/177f113a18f9530067972b62275b329e9a69106426ca0facf11af978944ffae6.mp4,-27.22305679321289,0.9999999999984962,27.22305679321289,4.0673929702028464e-11,0,0,0,real,0,6.682932376861572,0,623.849056661129
/workspace/data/genbuster-mini/extracted/GenBuster-200K-mini/benchmark/real/174c72990ea687fb77f144f3d11630b8bdbf9a92b32a8902ed99ef9eadf3f561.mp4,-3.1830027103424072,0.9601896069943904,3.1830027103424072,0.1673410976773442,0,0,0,real,0,6.969675421714783,0,621.2319396436214
/workspace/data/genbuster-mini/extracted/GenBuster-200K-mini/benchmark/real/172f722689f368cc340693188596d5df19b51497be0369caf6770a1707179767.mp4,-28.0413761138916,0.9999999999993364,28.0413761138916,1.7656612172364697e-11,0,0,0,real,0,6.712302565574646,0,625.0933110713959
/workspace/data/genbuster-mini/extracted/GenBuster-200K-mini/benchmark/real/1721292af967906a9f1887875c948baaa9f1b7cf39b75b8ccfa5a902cacf0fce.mp4,-19.328590393066406,0.9999999959663346,19.328590393066406,8.19967316793555e-08,0,0,0,real,0,6.894253194332123,1,716.3970544934273
/workspace/data/genbuster-mini/extracted/GenBuster-200K-mini/benchmark/real/16f3263af3f2d56f06e00067cc8bbb27dde1e6204f6bdb1ec9922945d86ec056.mp4,-22.343156814575195,0.9999999998020798,22.343156814575195,4.618086568402144e-09,0,0,0,real,0,6.689105182886124,0,634.8463818430901
/workspace/data/genbuster-mini/extracted/GenBuster-200K-mini/benchmark/real/16dd45554867c064e355ca45411567f5c30256de91c1a8a551fd9defa993207b.mp4,-33.31019973754883,0.9999999999999966,33.31019973754883,-9.021502293837705e-13,0,0,0,real,0,6.67625293135643,0,625.9872317314148
/workspace/data/genbuster-mini/extracted/GenBuster-200K-mini/benchmark/real/16c04c6d5d04b149193d2044a03abbf6a701cf068c3304b0c91b54d1de9a1319.mp4,-18.5600700378418,0.9999999913011068,18.5600700378418,1.701489595675263e-07,0,0,0,real,0,6.684053689241409,1,709.4457037746906
/workspace/data/genbuster-mini/extracted/GenBuster-200K-mini/benchmark/real/16bf994a524e24cf8724889a40c16434ba991f96de96138175f0906d16c91c5f.mp4,-8.725104331970215,0.9998375705472426,8.725104331970215,0.0015796565678085,0,0,0,real,0,6.750516593456268,1,712.2053317725658
/workspace/data/genbuster-mini/extracted/GenBuster-200K-mini/benchmark/real/165c2f9be2787ac19d42e547f69be41aedf7f08493f7708b0c01ee4c7737d7e5.mp4,-13.883821487426758,0.9999990660309096,13.883821487426758,1.3901027720925666e-05,0,0,0,real,0,6.721325218677521,0,620.2258318662643
/workspace/data/genbuster-mini/extracted/GenBuster-200K-mini/benchmark/real/1648edeff7e6bd52a30ebc04801736b251a2d78f757470ccd079d1f90bee0dec.mp4,-42.68314743041992,1.0,42.68314743041992,-1.0000808774946649e-12,0,0,0,real,0,6.751824170351028,0,622.6582489907742
/workspace/data/genbuster-mini/extracted/GenBuster-200K-mini/benchmark/real/15b95828d14d91aada8cfe3d05f3b4f7fa2a505b0fdeef0ea4ceebe81eee3363.mp4,-23.451190948486328,0.9999999999346452,23.451190948486328,1.596009028004414e-09,0,0,0,real,0,6.646905094385147,1,711.4083580672741
/workspace/data/genbuster-mini/extracted/GenBuster-200K-mini/benchmark/real/153b50cdd26e935178e2056317838b8c7a7b622924d7f00bdbef54231b2b46f4.mp4,-18.595104217529297,0.999999991600589,18.595104217529297,1.6458533322070458e-07,0,0,0,real,0,6.697889417409897,0,628.9496757090092
/workspace/data/genbuster-mini/extracted/GenBuster-200K-mini/benchmark/real/152e6d0501d7cf87d5aa4cc0cc52ccad5f417a613aba073b335dc18c2c0f6d3b.mp4,-18.32424545288086,0.999999988987617,18.32424545288086,2.1280399240954125e-07,0,0,0,real,0,6.698295474052429,1,718.7991254031658
/workspace/data/genbuster-mini/extracted/GenBuster-200K-mini/benchmark/real/150873edc39391dc14d6032a2a9e9f348c4926c82d5cb59f2ccae45b741c1216.mp4,-29.01595687866211,0.9999999999997496,29.01595687866211,6.111593843448496e-12,0,0,0,real,0,6.765689700841904,0,624.0144409239292
/workspace/data/genbuster-mini/extracted/GenBuster-200K-mini/benchmark/real/14c284b39fff4c91cedeebc9b3532e0f6d0157b7e26fc88b7bb5dcb2b74e468e.mp4,-15.186378479003906,0.9999997461135592,15.186378479003906,4.109500058315908e-06,0,0,0,real,0,6.646532565355301,1,717.1143218874931
/workspace/data/genbuster-mini/extracted/GenBuster-200K-mini/benchmark/real/140630293acc72e996f8f82ee12b422aa032fafe5c24422db500583821e5a0eb.mp4,-24.437789916992188,0.9999999999756328,24.437789916992188,6.178635299278803e-10,0,0,0,real,0,6.642203778028488,0,625.7127784192562
/workspace/data/genbuster-mini/extracted/GenBuster-200K-mini/benchmark/real/13796dc33a67cfb52878d0d09eecd206f7030d4bb82845a3c3fcb683d6cafde2.mp4,-25.673831939697266,0.9999999999929206,25.673831939697266,1.8689939535293412e-10,0,0,0,real,0,6.694313138723373,1,716.1655053496361
/workspace/data/genbuster-mini/extracted/GenBuster-200K-mini/benchmark/real/13700e98ed944ee3ce93658678ef027fd093e1c887a5b602ebad8b4f9b2bdd2f.mp4,-16.75923728942871,0.9999999473309202,16.75923728942871,9.35360683250294e-07,0,0,0,real,0,6.836455315351486,1,712.9534259438515
/workspace/data/genbuster-mini/extracted/GenBuster-200K-mini/benchmark/real/131e01ce1a3d1fc92afdcd2c738135bb8bc5bc9bad7897019766ce5480d94c71.mp4,-18.376543045043945,0.999999989548738,18.376543045043945,2.0250733004387078e-07,0,0,0,real,0,6.70701265335083,1,711.3482281565666
/workspace/data/genbuster-mini/extracted/GenBuster-200K-mini/benchmark/real/12f1dc4089b9de8b7d0cecee194e682d5fb3ec01cf60b8777ad3a1893027af0c.mp4,-18.450288772583008,0.99999999029174,18.450288772583008,1.888264599704206e-07,0,0,0,real,0,6.862778216600418,1,711.0106274485588
/workspace/data/genbuster-mini/extracted/GenBuster-200K-mini/benchmark/real/12b7a19b245b78552cfb94b9821152eae720b21add9b994104463b902e6d3153.mp4,-26.294544219970703,0.9999999999961944,26.294544219970703,1.0198461264615116e-10,0,0,0,real,0,6.709352135658264,0,625.511284917593
/workspace/data/genbuster-mini/extracted/GenBuster-200K-mini/benchmark/real/1285a2a926af5e6a7227bc3c57b1b57dd9cad6e0b4be57be9ddea6abd6c856c5.mp4,-1.1869869232177734,0.7662017345428467,1.1869869232177734,0.5438252532812506,0,0,0,real,0,4.763148725032806,0,624.5276555418968
/workspace/data/genbuster-mini/extracted/GenBuster-200K-mini/benchmark/real/11d1fac4c86742fc86cf2e0c935495b3b30a7550b67c13c93561cb12aed3bfad.mp4,-37.313594818115234,1.0,37.313594818115234,-9.981437674040925e-13,0,0,0,real,0,5.066394805908203,1,711.1101821064949
/workspace/data/genbuster-mini/extracted/GenBuster-200K-mini/benchmark/real/11abea281015082cffda6a99a3d0c3f4ffd5a43c845d33fa86ee75a5ee4721cd.mp4,-31.881086349487305,0.9999999999999858,31.881086349487305,-5.91970424207229e-13,0,0,0,real,0,4.56363707780838,0,625.4131533205509
/workspace/data/genbuster-mini/extracted/GenBuster-200K-mini/benchmark/real/1189d52f62e895207c9c00b504e6c396f78a5096ef7ad7d35a3476a8feaeede5.mp4,-25.699298858642575,0.9999999999930986,25.699298858642575,1.8232830799587163e-10,0,0,0,real,0,6.991993635892868,0,625.2585537731647
/workspace/data/genbuster-mini/extracted/GenBuster-200K-mini/benchmark/real/11742daa8c829171124d67f312ec54e514098abde0cb9d0ce6a3e1faf1afc93e.mp4,-35.29767608642578,0.9999999999999996,35.29767608642578,-9.867087027127828e-13,0,0,0,real,0,9.832069277763368,0,625.1792497932911
/workspace/data/genbuster-mini/extracted/GenBuster-200K-mini/benchmark/real/11670a7f7a64823ae1e23eb2a32024c74108a6200a0311ec6c38cc68e25d067d.mp4,-13.925023078918455,0.9999991037299196,13.925023078918455,1.3376850094662004e-05,0,0,0,real,0,6.778556853532791,0,625.7062926888466
/workspace/data/genbuster-mini/extracted/GenBuster-200K-mini/benchmark/real/1135c6789213b9cd105c8a49b05b1d53c95d3c56b197bfc564293cb0cb2bc897.mp4,-19.02420997619629,0.999999994531218,19.02420997619629,1.0950603640379645e-07,0,0,0,real,0,6.619449704885483,1,712.5313840806484
/workspace/data/genbuster-mini/extracted/GenBuster-200K-mini/benchmark/real/11078b538f44f3967b23443cd6fd3df429a1f8d01cab5d5f4aac9ccb5d79733e.mp4,-20.15816307067871,0.9999999982403714,20.15816307067871,3.7228508243396615e-08,0,0,0,real,0,6.739657372236252,0,627.5612339377403
/workspace/data/genbuster-mini/extracted/GenBuster-200K-mini/benchmark/real/10f63874c8d6068dc9d45a349d9df3f408e9438f0ea49ea1f2ad1a1e81554b18.mp4,-21.62655258178711,0.9999999995947644,21.62655258178711,9.167083920731693e-09,0,0,0,real,0,4.3537914752960205,0,625.743705779314
/workspace/data/genbuster-mini/extracted/GenBuster-200K-mini/benchmark/real/10efbfefb5b687e1d362e951121ce45779abc3d27e7cb9eb8457f54bbbc9a571.mp4,-20.246990203857425,0.9999999983899334,20.246990203857425,3.4207070471682875e-08,0,0,0,real,0,6.646633148193359,0,625.0637210905552
/workspace/data/genbuster-mini/extracted/GenBuster-200K-mini/benchmark/real/10c1aedf7574aa61d4f315e09eb11c4499230da9b778248524e91a0cdfa9ed98.mp4,-15.180289268493652,0.9999997445628708,15.180289268493652,4.133044674264321e-06,0,0,0,real,0,6.826743483543396,0,624.3728250265121
/workspace/data/genbuster-mini/extracted/GenBuster-200K-mini/benchmark/real/10b677f0103405510fc7ee6c017fb8fea18c09c1c72f22b314ad29edb75776d3.mp4,-36.42312240600586,1.0,36.42312240600586,-9.956689427201217e-13,0,0,0,real,0,6.699025630950928,1,711.7360532283783
/workspace/data/genbuster-mini/extracted/GenBuster-200K-mini/benchmark/real/10748479bfc7ac5f946b65a2b54f9378c2b452a1b13e5b571192834c5c089197.mp4,-35.5858268737793,0.9999999999999996,35.5858268737793,-9.899472360789837e-13,0,0,0,real,0,6.761431694030762,0,631.6558718681335
/workspace/data/genbuster-mini/extracted/GenBuster-200K-mini/benchmark/real/1022db21e3be49e84541d4ecd8c4217d58495eac316155ccbad2ab8c2878d523.mp4,-30.33527374267578,0.999999999999933,30.33527374267578,9.117102840837074e-13,0,0,0,real,0,7.521644234657288,0,631.228007376194
/workspace/data/genbuster-mini/extracted/GenBuster-200K-mini/benchmark/real/0fea02ffaec1f6bb7a17aa3ea871438e71a09acbdcef093d097418c1a1384fce.mp4,-19.709720611572266,0.999999997244648,19.709720611572266,5.706056931788469e-08,0,0,0,real,0,6.874684244394302,1,720.3170247375965
/workspace/data/genbuster-mini/extracted/GenBuster-200K-mini/benchmark/real/0fc37536f6812dad044edefac07d650bf92b5a0fb78c131b7ada7eb81c8debdb.mp4,-15.45854663848877,0.9999998066080452,15.45854663848877,3.182948531963359e-06,0,0,0,real,0,6.684824824333191,0,626.5166476368904
/workspace/data/genbuster-mini/extracted/GenBuster-200K-mini/benchmark/real/0fb23966065611dec149730e0a751a9bf2c36fadb1a0cab2567608ae4ebb3f19.mp4,1.8962666988372805,0.8694684505462646,1.8962666988372805,0.3873959122297833,0,1,0,real,0,6.786763668060303,0,626.8997490406036
/workspace/data/genbuster-mini/extracted/GenBuster-200K-mini/benchmark/real/0f636392f9d346b18f57055a8a997faf29e58ebb49e0e95b3bf066c65aa866a5.mp4,-40.97507095336914,1.0,40.97507095336914,-1.0000446264899719e-12,0,0,0,real,0,6.654843688011169,0,629.6221241354942
/workspace/data/genbuster-mini/extracted/GenBuster-200K-mini/benchmark/real/0f4836d3d073f1081a2b3a8af98386ac2c60c71be7a46eaec27bf01eeb51632a.mp4,-16.887420654296875,0.9999999536674268,16.887420654296875,8.287682254478716e-07,0,0,0,real,0,6.831571459770203,0,621.7347830533981
/workspace/data/genbuster-mini/extracted/GenBuster-200K-mini/benchmark/real/0f32900c364124ec156ea21fda0efa1aee41ee298a070423003787d9a184be58.mp4,-34.91432571411133,0.9999999999999992,34.91432571411133,-9.804431640667253e-13,0,0,0,real,0,6.7037418484687805,0,624.3115141987801
/workspace/data/genbuster-mini/extracted/GenBuster-200K-mini/benchmark/real/0f2d226250581998f6cbaf19efecdaee3a408948edf4e9efd568c93074867d97.mp4,-17.306900024414062,0.9999999695414808,17.306900024414062,5.575990690009453e-07,0,0,0,real,0,6.707534193992615,0,621.0879497230053
/workspace/data/genbuster-mini/extracted/GenBuster-200K-mini/benchmark/real/0eddce535d055e02ffd8256322645998957850a5105de19dea2e448a3a514170.mp4,-13.850470542907717,0.999999034356847,13.850470542907717,1.4340253635088936e-05,0,0,0,real,0,6.8198926746845245,1,707.2648890316486
/workspace/data/genbuster-mini/extracted/GenBuster-200K-mini/benchmark/real/0ebfe50ad1349566b3dce4d144b280292fba3597e9b9a12d55d9a302b46142a4.mp4,-36.12703323364258,0.9999999999999998,36.12703323364258,-9.942223940934518e-13,0,0,0,real,0,6.7147426307201385,0,628.8546919822693
/workspace/data/genbuster-mini/extracted/GenBuster-200K-mini/benchmark/real/0e3ca0e4c5efafbba7baf17f5b677ac8b6d24cc53edd7538b43d6b2b338c451b.mp4,-8.33236026763916,0.9997594543674496,8.33236026763916,0.0022448874143868,0,0,0,real,0,6.65278360247612,0,627.5429055094719
/workspace/data/genbuster-mini/extracted/GenBuster-200K-mini/benchmark/real/0e31c8908fcde25f09d8558888f1944fe08d17c2f76136003bca0697aa4ea768.mp4,-31.468032836914062,0.9999999999999784,31.468032836914062,-3.833428895400479e-13,0,0,0,real,0,6.743822246789932,1,712.6007564365864
/workspace/data/genbuster-mini/extracted/GenBuster-200K-mini/benchmark/real/0e2cd349b36dc1ad510649f8c32cacba4dfd72e92af6c680ccad0e9acdab9aea.mp4,-15.40370273590088,0.999999795705449,15.40370273590088,3.351185120546703e-06,0,0,0,real,0,6.7154355347156525,0,624.6410086750984
/workspace/data/genbuster-mini/extracted/GenBuster-200K-mini/benchmark/real/0d7de720e5ac112f7bf883e9dc98eae16baeacf20b959efa3681bdbf79d4b50b.mp4,-58.66131591796875,1.0,58.66131591796875,-1.000088900580918e-12,0,0,0,real,0,6.7300945520401,0,624.3392564356327
/workspace/data/genbuster-mini/extracted/GenBuster-200K-mini/benchmark/real/0d136b731937a39ed208b509754433ca8ad981377d997aaa7e75cf9609c1b9f2.mp4,-23.311994552612305,0.9999999999248844,23.311994552612305,1.824213506050693e-09,0,0,0,real,0,6.70798122882843,1,708.7498344480991
/workspace/data/genbuster-mini/extracted/GenBuster-200K-mini/benchmark/real/0ca925e74f4e1a4f0fc8be22d71e8bf46ad351abe2ba8c9489f8b9fdac323afc.mp4,-20.110088348388672,0.9999999981537114,20.110088348388672,3.897331512882424e-08,0,0,0,real,0,8.919090032577515,0,624.8766891658306
/workspace/data/genbuster-mini/extracted/GenBuster-200K-mini/benchmark/real/0ca6e242b11fa310de030162a901f4a5be468fa642ed5711d53cb008d1768080.mp4,-19.33516502380371,0.9999999959927676,19.33516502380371,8.148573074571578e-08,0,0,0,real,0,6.770148873329163,1,711.3715223968029
/workspace/data/genbuster-mini/extracted/GenBuster-200K-mini/benchmark/real/0c05de9a3758bd1c2cce0058ebcd3e0ffef3dc8a91582919d7af7d6a376a851f.mp4,-24.94892692565918,0.9999999999853844,24.94892692565918,3.772936664419322e-10,0,0,0,real,0,7.396545261144638,0,623.2822649180889
/workspace/data/genbuster-mini/extracted/GenBuster-200K-mini/benchmark/real/0bddbec5d82923ac69d4dfe6c8853f6048174682eb4fac3e54745461c8d36652.mp4,-25.66256332397461,0.9999999999928404,25.66256332397461,1.8895795665702669e-10,0,0,0,real,0,6.798088550567627,1,709.0484797954559
/workspace/data/genbuster-mini/extracted/GenBuster-200K-mini/benchmark/real/0bdc3aabdc9f8d6ea9eac15222f15ece0605f14d861d7447da74ed3470bfc56d.mp4,-45.01930236816406,1.0,45.01930236816406,-1.0000881247593797e-12,0,0,0,real,0,6.8847909569740295,1,710.4887366294861
/workspace/data/genbuster-mini/extracted/GenBuster-200K-mini/benchmark/real/0bd1e058c5dc322993582f524838aff39735e770fcc4fe68b6f325cf8cbec474.mp4,-27.12867546081543,0.9999999999983474,27.12867546081543,4.470325711811593e-11,0,0,0,real,0,6.769534200429916,0,619.0212592482567
/workspace/data/genbuster-mini/extracted/GenBuster-200K-mini/benchmark/real/0b8ceac63be1eb77d4358c2bb2be6b71826c1c603f933f4c52e2820e6c84a03c.mp4,-27.473115921020508,0.9999999999988288,27.473115921020508,3.1620716501023836e-11,0,0,0,real,0,6.808552891016007,0,622.3587654531002
/workspace/data/genbuster-mini/extracted/GenBuster-200K-mini/benchmark/real/0b785024b6f97debabace7941415f1145c76f798ceefe6a9db39fe319a46d190.mp4,-20.278564453125,0.9999999984399756,20.278564453125,3.319308083405716e-08,0,0,0,real,0,6.973735988140106,0,625.0076293945312
/workspace/data/genbuster-mini/extracted/GenBuster-200K-mini/benchmark/real/0b65ba4e433f25a72e98ed73e96565b6673151230dd5aae9e98791ad04f7bdd2.mp4,-15.879741668701172,0.999999873084178,15.879741668701172,2.142304293939082e-06,0,0,0,real,0,6.727293133735657,0,626.2213177978992
/workspace/data/genbuster-mini/extracted/GenBuster-200K-mini/benchmark/real/0afd78490a319caa7d5d39f86f1851e6fecc0168476813e1bc65e5266418de01.mp4,-16.538623809814453,0.9999999343300132,16.538623809814453,1.151759193487794e-06,0,0,0,real,0,5.522709339857101,0,622.751034796238
/workspace/data/genbuster-mini/extracted/GenBuster-200K-mini/benchmark/real/0a99652d4aa264da7fa5d972bf9f46c397194d379dd47100f495c8f5a057f5f6.mp4,-14.6913480758667,0.9999995834871528,14.6913480758667,6.535646167812381e-06,0,0,0,real,0,7.030416280031204,0,626.7458200454712
/workspace/data/genbuster-mini/extracted/GenBuster-200K-mini/benchmark/real/0a866f31f3df7a36d584fc415a87d8978f2f622189ebb60e4a07edf79b6e8ff0.mp4,-14.648926734924316,0.9999995654379744,14.648926734924316,6.80042738487598e-06,0,0,0,real,0,6.666563451290131,0,623.5128417611122
/workspace/data/genbuster-mini/extracted/GenBuster-200K-mini/benchmark/real/0a2ff71fc61f7a48f87c012af5cb7e1725e9e745ae83f49213f1db169fe1dbcc.mp4,-27.079105377197266,0.9999999999982634,27.079105377197266,4.6971795276219093e-11,0,0,0,real,0,6.755854934453964,0,629.0319859981537
/workspace/data/genbuster-mini/extracted/GenBuster-200K-mini/benchmark/real/09e0f11435f8f2cf933ee1401f054d037d4c8ed6c0d59927f417ee8f2dc8c6b8.mp4,-29.61954689025879,0.9999999999998632,29.61954689025879,2.90195461461756e-12,0,0,0,real,0,7.64118880033493,0,620.8510659635067
/workspace/data/genbuster-mini/extracted/GenBuster-200K-mini/benchmark/real/09aea19c14c0652e93d00e53b762194b9b4ef10b8ad76038089afe3c30ed5f06.mp4,-17.248126983642578,0.9999999676976864,17.248126983642578,5.89454721807238e-07,0,0,0,real,0,8.997775614261627,0,626.5883967280388
/workspace/data/genbuster-mini/extracted/GenBuster-200K-mini/benchmark/real/096c7c540fc0d25e93e461116a3323c2279470fd3ef2d22bc1c9fb3c6410c342.mp4,-18.360248565673828,0.9999999893770442,18.360248565673828,2.0566106537396595e-07,0,0,0,real,0,6.66380301117897,0,621.0788302123547
/workspace/data/genbuster-mini/extracted/GenBuster-200K-mini/benchmark/real/089bf28fcdba45a36d1523b9cff542a41d29fb51e46397b565baed411c29e407.mp4,-20.328125,0.9999999985154068,20.328125,3.1661592551258854e-08,0,0,0,real,0,7.212519645690918,1,705.6496739387512
/workspace/data/genbuster-mini/extracted/GenBuster-200K-mini/benchmark/real/085edcbe2e2553236f0faa3644ecc37a8545eb8bf2e09bade90fe7e7a76745f8.mp4,-33.58333969116211,0.9999999999999974,33.58333969116211,-9.2559582525055e-13,0,0,0,real,0,5.516577512025833,0,626.4844574034214
/workspace/data/genbuster-mini/extracted/GenBuster-200K-mini/benchmark/real/085e17e421507fe75c9f6d69c128bf48e7820be1e90613409ba87d4ed9b20195.mp4,-29.474647521972656,0.9999999999998418,29.474647521972656,3.507385232705968e-12,0,0,0,real,0,5.779128521680832,0,622.587975114584
/workspace/data/genbuster-mini/extracted/GenBuster-200K-mini/benchmark/real/08323f7ee0faf6de12f12833441b30d3cf6e02a1b746a727fcb607aa71c217dc.mp4,-25.43906021118164,0.9999999999910472,25.43906021118164,2.347543283568173e-10,0,0,0,real,0,6.4211152493953705,0,620.7844987511635
/workspace/data/genbuster-mini/extracted/GenBuster-200K-mini/benchmark/real/08248467e99087b6ac08fbc1ee0eb9b677e3427a6959a10d70951deee11f6114.mp4,-16.82271957397461,0.9999999505705652,16.82271957397461,8.80964961810609e-07,0,0,0,real,0,6.958290934562683,0,621.4169673621655
/workspace/data/genbuster-mini/extracted/GenBuster-200K-mini/benchmark/real/08217c4402cb5fb0519e7f0894f65d4f850d694a553a5525ae462c374d7d3c4b.mp4,-9.716368675231934,0.9999397151004814,9.716368675231934,0.000646037020756,0,0,0,real,0,6.830520927906036,0,621.1968772113323
/workspace/data/genbuster-mini/extracted/GenBuster-200K-mini/benchmark/real/08206e5c46f2a21c9c52b11f6b6acb87839a6490b712304a6b6da3af1ebad051.mp4,-27.285057067871094,0.9999999999985868,27.285057067871094,3.8220498936547527e-11,0,0,0,real,0,6.911762058734894,0,631.8773217499256
/workspace/data/genbuster-mini/extracted/GenBuster-200K-mini/benchmark/real/07ae26c4807d4b9f1876bee31c76b9d7e196245d6268588827a5ed5ef4364583.mp4,-19.45004272460937,0.999999996427652,19.45004272460937,7.305266896346739e-08,0,0,0,real,0,6.830412894487381,0,626.1002719402313
/workspace/data/genbuster-mini/extracted/GenBuster-200K-mini/benchmark/real/076a8fa1a7df84d802bf50b27ed2780fd845819fdae4722ad30e35a91744997d.mp4,-11.510930061340332,0.999989980126884,11.510930061340332,0.0001253579804211,0,0,0,real,0,4.374925047159195,0,623.7276457250118
/workspace/data/genbuster-mini/extracted/GenBuster-200K-mini/benchmark/real/0709fdba97938dddc09ac2d0bb094f19e44a0297e94e20979942b2191dca1f04.mp4,-23.324846267700195,0.9999999999258438,23.324846267700195,1.801846896649804e-09,0,0,0,real,0,6.823461502790451,0,631.0989744961262
/workspace/data/genbuster-mini/extracted/GenBuster-200K-mini/benchmark/real/06eb0b1ec20a46607900691fc9a2294f1edeb75e2285bdc6fd022f11be3818b5.mp4,-16.55551528930664,0.9999999354299618,16.55551528930664,1.133558294071123e-06,0,0,0,real,0,6.811104714870453,0,628.0962862074375
/workspace/data/genbuster-mini/extracted/GenBuster-200K-mini/benchmark/real/06e6f7dd25a45bcfb1fa61b3cf050ae41bdcc71341db45e0e1a07dfa663e4792.mp4,-18.102479934692383,0.999999986253478,18.102479934692383,2.625906639902322e-07,0,0,0,real,0,7.012955844402313,0,629.1479989886284
/workspace/data/genbuster-mini/extracted/GenBuster-200K-mini/benchmark/real/06897613134be72863fd15f53c9293d95fd3537b699272d627150bec646edc6d.mp4,-20.391002655029297,0.9999999986058804,20.391002655029297,2.981961876572324e-08,0,0,0,real,0,6.710011512041092,0,624.5496869087219
/workspace/data/genbuster-mini/extracted/GenBuster-200K-mini/benchmark/real/06775684481e427303fad0b09736ac854f77cbe50c55a91ab09cd03a46349345.mp4,-15.71239948272705,0.9999998499653628,15.71239948272705,2.507436807074632e-06,0,0,0,real,0,6.7800357937812805,0,625.1315996050835
/workspace/data/genbuster-mini/extracted/GenBuster-200K-mini/benchmark/real/06426d4bfe5a08d1b1eb5fe9fc20bedbb259ce48f44fe81af63e146ef3cd3c6b.mp4,-28.750804901123047,0.9999999999996736,28.750804901123047,8.251538770553285e-12,0,0,0,real,0,6.710376590490341,0,628.4165903925896
/workspace/data/genbuster-mini/extracted/GenBuster-200K-mini/benchmark/real/05b7139cabb16f25c796d969af5a07a522c5aa0d0fe3d2afb9dd7e134849db04.mp4,-30.40380859375,0.9999999999999376,30.40380859375,7.85335733624563e-13,0,0,0,real,0,6.928861141204834,1,718.1078381836414
/workspace/data/genbuster-mini/extracted/GenBuster-200K-mini/benchmark/real/05ae099511cce8f14f6fc82bb8ac11deaa9c13719c4ce6e83d2297977578258f.mp4,-21.961013793945312,0.9999999997099632,21.961013793945312,6.657537520831312e-09,0,0,0,real,0,6.89949095249176,0,633.2259587943554
/workspace/data/genbuster-mini/extracted/GenBuster-200K-mini/benchmark/real/05a513a6c8f45a2393e7635d4909df8dfd2287c5cdfd0d26cca332a1100843c5.mp4,-25.30362701416016,0.9999999999897488,25.30362701416016,2.6768945182552936e-10,0,0,0,real,0,8.986685425043106,0,627.3111216723919
/workspace/data/genbuster-mini/extracted/GenBuster-200K-mini/benchmark/real/05294e43123ae02691c8ed5888fd651c1ed9ae1087c1e94659902cd7ff368611.mp4,-14.95921802520752,0.9999996813646136,14.95921802520752,5.085169665324916e-06,0,0,0,real,0,6.99884444475174,0,629.1218027472496
/workspace/data/genbuster-mini/extracted/GenBuster-200K-mini/benchmark/real/04de1edbe2b408208af645b2eb3003a90d0b6ada34bff5e2db1b27190a260bc3.mp4,-26.658035278320312,0.999999999997354,26.658035278320312,7.133035773560159e-11,0,0,0,real,0,7.061034440994263,0,625.5602799355984
/workspace/data/genbuster-mini/extracted/GenBuster-200K-mini/benchmark/real/048d04181aff29a8ff74a49c0305a2b78f13b60ee9308498df9ecb19e9c53229.mp4,-29.02723693847656,0.9999999999997524,29.02723693847656,6.032303911029387e-12,0,0,0,real,0,6.780728697776794,0,631.3456520438194
/workspace/data/genbuster-mini/extracted/GenBuster-200K-mini/benchmark/real/047c74306469628c4baf1f25a86564e3f6e362cfcc56223ca8e7ee272b5fa0f2.mp4,-24.91332244873047,0.9999999999848546,24.91332244873047,3.9049998789443853e-10,0,0,0,real,0,7.028527557849884,0,636.4355273544788
/workspace/data/genbuster-mini/extracted/GenBuster-200K-mini/benchmark/real/044519fcad01fe14bec50d60dccd96af3c18ce6ed0b6d0a51b2359604d595f13.mp4,-37.103328704833984,1.0,37.103328704833984,-9.977405548480818e-13,0,0,0,real,0,6.846636533737183,1,713.8102427124977
/workspace/data/genbuster-mini/extracted/GenBuster-200K-mini/benchmark/real/04313a2457055b2af264fdcb4b0a5cea77c98594f827896113b6717514bdbaef.mp4,-23.183971405029297,0.9999999999146252,23.183971405029297,2.062704990352377e-09,0,0,0,real,0,6.90678134560585,0,625.0896453857422
/workspace/data/genbuster-mini/extracted/GenBuster-200K-mini/benchmark/real/042f671593b1defb57e4c5de5c2daaf89e66b3445634da8e62e6a23b14b9130d.mp4,-28.21723937988281,0.9999999999994436,28.21723937988281,1.4684857085690955e-11,0,0,0,real,0,6.776537746191025,0,631.7584216594696
/workspace/data/genbuster-mini/extracted/GenBuster-200K-mini/benchmark/real/03ed8b9bfcd7fd58ef2632345b4f1cfb1bf61413f82794dd8f0becccb781cbbf.mp4,-15.142749786376951,0.9999997347916292,15.142749786376951,4.281190396875332e-06,0,0,0,real,0,6.926324218511581,0,624.5497651398182
/workspace/data/genbuster-mini/extracted/GenBuster-200K-mini/benchmark/real/039ee49819c7a45dcc2f9f2e75862c3fc7d432e668a8c102f8ae2f1a8d5c0557.mp4,-24.18075942993164,0.9999999999684912,24.18075942993164,7.914269945514516e-10,0,0,0,real,0,6.98302686214447,0,624.3797354400158
/workspace/data/genbuster-mini/extracted/GenBuster-200K-mini/benchmark/real/0383ebf9db4b3c3343bdbb3c783e49e365c6ff9cceb8fbe0ede912f3cd68f858.mp4,-24.95009422302246,0.9999999999854012,24.95009422302246,3.7686836314846856e-10,0,0,0,real,0,6.970241665840149,0,624.0334920585155
/workspace/data/genbuster-mini/extracted/GenBuster-200K-mini/benchmark/real/037df8db36c37ab2d479248a6960e6e12b9fd2a0b7bdf6f7525f4dcbc12de460.mp4,-34.67036819458008,0.9999999999999992,34.67036819458008,-9.749774060762865e-13,0,0,0,real,0,6.950903683900833,0,625.5338005721569
/workspace/data/genbuster-mini/extracted/GenBuster-200K-mini/benchmark/real/0363f60aac06815532b84768fe035e0fa202ec796336b1ff1c135a5226bd6e6f.mp4,-16.014320373535156,0.9999998890648952,16.014320373535156,1.8874834136036785e-06,0,0,0,real,0,6.940923631191254,0,620.6029132008553
/workspace/data/genbuster-mini/extracted/GenBuster-200K-mini/benchmark/real/033b67efc911855a1d845821a107d9324abac093c2e01effe9b0a74ecac1015c.mp4,0.2331995368003845,0.5580371022224426,0.2331995368003845,0.6863953606634878,0,1,0,real,0,8.407197892665863,0,622.7065846323967
/workspace/data/genbuster-mini/extracted/GenBuster-200K-mini/benchmark/real/0339ed8439b7f17b8cc1b9e8206e851433b688c2a3c00bdc23df75f5985ec692.mp4,-12.341967582702637,0.9999956353476592,12.341967582702637,5.823305787891466e-05,0,0,0,real,0,6.80382177233696,0,622.7089576423168
/workspace/data/genbuster-mini/extracted/GenBuster-200K-mini/benchmark/real/0307194a1cda0d49aa2e821dee4d6ff85d33dbb7c7c26a312e29d61660e6ba09.mp4,-15.867779731750488,0.9999998715569092,15.867779731750488,2.166547778038093e-06,0,0,0,real,0,6.975576281547546,0,627.1176412701607
/workspace/data/genbuster-mini/extracted/GenBuster-200K-mini/benchmark/real/02a833c519ac25544fa7491beabc8ef8ca70fe9b154b5c34e5ba5f464f675cef.mp4,-18.339134216308597,0.9999999891503633,18.339134216308597,2.0982058143855006e-07,0,0,0,real,0,6.803486496210098,1,707.6424323022366
/workspace/data/genbuster-mini/extracted/GenBuster-200K-mini/benchmark/real/01fbbdee65c525b486e5d729aac442dc458a897fa1651c9124acbd7a1d96c32e.mp4,-13.483342170715332,0.9999986060145148,13.483342170715332,2.0189567865744275e-05,0,0,0,real,0,6.891760975122452,0,621.0169829428196
/workspace/data/genbuster-mini/extracted/GenBuster-200K-mini/benchmark/real/01f09eba69285ee16b8497202fca6d4a66d58dc9e4131348248b7bb117898ced.mp4,-16.105939865112305,0.9999998987770128,16.105939865112305,1.731512338502489e-06,0,0,0,real,0,6.812326610088348,0,619.867917150259
/workspace/data/genbuster-mini/extracted/GenBuster-200K-mini/benchmark/fake/wanx/fadc0e07da7d1c95fd0dd935a1e6347a56680e0bcd3e7a2974f6f8072900d702.mp4,-20.432270050048828,0.999999998662241,20.432270050048828,2.8669212792341292e-08,0,0,1,wanx,1,6.814822554588318,1,706.2327638268471
/workspace/data/genbuster-mini/extracted/GenBuster-200K-mini/benchmark/fake/wanx/f870e0bd4e1a9dcee0849fd32faf69f17dfb2630fa1d406e9d9037b6b267922e.mp4,-21.347679138183597,0.9999999994644244,21.347679138183597,1.1966871101707057e-08,0,0,1,wanx,1,5.336277186870575,1,704.7805190086365
/workspace/data/genbuster-mini/extracted/GenBuster-200K-mini/benchmark/fake/wanx/f7b9b3bf891018b849980e20ec4b335c63f3965ca11877b5ab335268c142fcd1.mp4,-30.10175323486328,0.9999999999999156,30.10175323486328,1.413107334213905e-12,0,0,1,wanx,1,6.734184920787811,1,705.3852565586567
/workspace/data/genbuster-mini/extracted/GenBuster-200K-mini/benchmark/fake/wanx/f6061b75b25fff5fd66faa63125619a10de423efa98c038b9e55febacd4dc96f.mp4,-20.760395050048828,0.9999999990364484,20.760395050048828,2.096526344701957e-08,0,0,1,wanx,1,8.608963340520859,0,620.135210454464
/workspace/data/genbuster-mini/extracted/GenBuster-200K-mini/benchmark/fake/wanx/f5df91963f4c8678588b6175f26c6ffeeeffd7a5d010473af8fd1c678328ad34.mp4,-18.784992218017575,0.9999999930532524,18.784992218017575,1.3743934796055826e-07,0,0,1,wanx,1,5.663875490427017,1,707.006648182869
/workspace/data/genbuster-mini/extracted/GenBuster-200K-mini/benchmark/fake/wanx/f524f01c7534359984ad936f3989c711bae21e50fc542a6f5c573a57f9d1caf6.mp4,-8.43557071685791,0.9997830378561048,8.43557071685791,0.002047185182612,0,0,1,wanx,1,4.838380962610245,0,622.446097433567
/workspace/data/genbuster-mini/extracted/GenBuster-200K-mini/benchmark/fake/wanx/f50e8395098d723017010c91a5c28fd5b82e6a3771d33a852bf9320af176fe10.mp4,-41.21714782714844,1.0,41.21714782714844,-1.0000541456027231e-12,0,0,1,wanx,1,7.475066930055618,1,710.3437930345535
/workspace/data/genbuster-mini/extracted/GenBuster-200K-mini/benchmark/fake/wanx/f4caa2321b2049bb0e6d97211b4ed5b711f87b29c16625c62fd0aada561c0e34.mp4,-8.07738208770752,0.9996896135853603,8.07738208770752,0.0028175442631866,0,0,1,wanx,1,7.253482937812805,0,620.8733730018139
/workspace/data/genbuster-mini/extracted/GenBuster-200K-mini/benchmark/fake/wanx/f4ca4c9670e2ca09aacb6e63b98325862a8ef6583d3c58cdac56b5fa37c812a6.mp4,-5.477390289306641,0.9958371766842902,5.477390289306641,0.0269729197895728,0,0,1,wanx,1,7.515005767345428,1,705.0704695284367
/workspace/data/genbuster-mini/extracted/GenBuster-200K-mini/benchmark/fake/wanx/f42115c1e0fc1b1f79d069fa2ae07a98fd7c735bfbc1025e91a41270fd9a7762.mp4,-15.313203811645508,0.9999997763545992,15.313203811645508,3.648371038930151e-06,0,0,1,wanx,1,7.756996899843216,1,705.5150307714939
/workspace/data/genbuster-mini/extracted/GenBuster-200K-mini/benchmark/fake/wanx/f15f7724441302c269ad6520eabc48fd447615741248a61ad47b866356c3f453.mp4,-17.149267196655273,0.9999999643411072,17.149267196655273,6.471807742715321e-07,0,0,1,wanx,1,7.075224071741104,1,707.6248526573181
/workspace/data/genbuster-mini/extracted/GenBuster-200K-mini/benchmark/fake/wanx/f06ee99835b3fa54a2d1fc7ee247e53fbbac3d7fe1522fb5e67b3fa100158aae.mp4,-25.50861358642578,0.9999999999916488,25.50861358642578,2.1943471244748444e-10,0,0,1,wanx,1,7.776450365781784,0,625.2833679318428
/workspace/data/genbuster-mini/extracted/GenBuster-200K-mini/benchmark/fake/wanx/efd417b259474ce3e9f7eb5323a0583dc6d5778bbed556225a11de9ab0b584e5.mp4,-41.601844787597656,1.0,41.601844787597656,-1.0000652443644802e-12,0,0,1,wanx,1,6.996031850576401,1,708.5814364254475
/workspace/data/genbuster-mini/extracted/GenBuster-200K-mini/benchmark/fake/wanx/ef169de022f06a4ad2182bfd5a96e56fb1649952674b21d0ad6d0dfecd90f65d.mp4,-28.022537231445312,0.999999999999324,28.022537231445312,1.8006346654846985e-11,0,0,1,wanx,1,7.926680147647858,0,625.8814185857773
/workspace/data/genbuster-mini/extracted/GenBuster-200K-mini/benchmark/fake/wanx/eea27911022b607337574dc0aa20b199a35aae7714d4e54542bd8bbbd867d7ed.mp4,-25.486557006835938,0.9999999999914624,25.486557006835938,2.2418249544022766e-10,0,0,1,wanx,1,7.214609533548355,1,708.7248377501965
/workspace/data/genbuster-mini/extracted/GenBuster-200K-mini/benchmark/fake/wanx/ee32135f0786a6011b30c7fca23180c152514b419fb0e2e064cdfc2b47b997b1.mp4,-25.46908950805664,0.999999999991312,25.46908950805664,2.2801442067480636e-10,0,0,1,wanx,1,7.673829793930054,1,709.3125134706497
/workspace/data/genbuster-mini/extracted/GenBuster-200K-mini/benchmark/fake/wanx/ecaeece0bfab44f0cb025edc6b0dde9a2174ee7c0d6edf225e7ce8f1401c19fe.mp4,-33.68453598022461,0.9999999999999976,33.68453598022461,-9.327303827494212e-13,0,0,1,wanx,1,7.338117808103561,0,626.1273510754108
/workspace/data/genbuster-mini/extracted/GenBuster-200K-mini/benchmark/fake/wanx/eab692b963840c17900463bab52ccdabc06010a96a9d3b83fbbe35a20207bc31.mp4,-26.852977752685547,0.9999999999978229,26.852977752685547,5.881890383916345e-11,0,0,1,wanx,1,8.276410400867462,0,619.7378747165203
/workspace/data/genbuster-mini/extracted/GenBuster-200K-mini/benchmark/fake/wanx/e9e3e3e6d84605d15bad29486a7ffc251b69aceeb4865a95cc9dd94124497a3c.mp4,-31.892024993896484,0.999999999999986,31.892024993896484,-5.962535876006785e-13,0,0,1,wanx,1,7.098056375980377,1,709.9208496510983
/workspace/data/genbuster-mini/extracted/GenBuster-200K-mini/benchmark/fake/wanx/e7eb414b8242fb69b2503b019957b80184f09d17893153f86d316082cb21acd8.mp4,-12.064398765563965,0.9999942390295472,12.064398765563965,7.526363038074004e-05,0,0,1,wanx,1,7.512230426073074,0,621.9979822635651
/workspace/data/genbuster-mini/extracted/GenBuster-200K-mini/benchmark/fake/wanx/e6a19558b188223038405a9cbba9e7b98447ac59bda432f4a3ec965c44fa1a0c.mp4,-30.41353416442871,0.9999999999999382,30.41353416442871,7.680307608301488e-13,0,0,1,wanx,1,7.030103355646133,1,713.5558910667896
/workspace/data/genbuster-mini/extracted/GenBuster-200K-mini/benchmark/fake/wanx/e5a21eb81ada4ebea846c363c3ebc08af76f5e58536d840eeb6ab1daa2a9d31c.mp4,-19.803245544433597,0.9999999974906586,19.803245544433597,5.2200445453896585e-08,0,0,1,wanx,1,7.806189358234405,0,636.2931355834007
/workspace/data/genbuster-mini/extracted/GenBuster-200K-mini/benchmark/fake/wanx/e3e262b1e0626936f3fc2326423244e86e641a4a6ae0b31c00ce6c4c8032aef1.mp4,-29.20294189453125,0.9999999999997924,29.20294189453125,4.9058157033219975e-12,0,0,1,wanx,1,7.083036005496979,0,622.4460639059544
/workspace/data/genbuster-mini/extracted/GenBuster-200K-mini/benchmark/fake/wanx/e13bdf686b7ff8d3b0589d3e7549b821fcb89a46f6f92377d232c129c6157d59.mp4,-17.866769790649414,0.9999999825995508,17.866769790649414,3.282882675175793e-07,0,0,1,wanx,1,5.208216607570648,0,626.3331361114979
/workspace/data/genbuster-mini/extracted/GenBuster-200K-mini/benchmark/fake/wanx/e0ad9bffac51815fdb7022bd4ff161e853ceb5b0449a12ec17a3900330d6f2c8.mp4,-36.48892593383789,1.0,36.48892593383789,-9.95936286338319e-13,0,0,1,wanx,1,7.083747535943985,0,627.0697489380836
/workspace/data/genbuster-mini/extracted/GenBuster-200K-mini/benchmark/fake/wanx/dfada9ccac4728100205547e08bd3ea6b0149899f5bfc7cf22a0bacef907558f.mp4,-11.310357093811035,0.999987754711583,11.310357093811035,0.000150743945796,0,0,1,wanx,1,7.144324481487274,0,622.5437074899673
/workspace/data/genbuster-mini/extracted/GenBuster-200K-mini/benchmark/fake/wanx/de2ce91b97dd7da66b03fc9d3af6dea1d81f83f81ae0a6bd8a78de25ee6c4aea.mp4,-18.66624641418457,0.999999992177381,18.66624641418457,1.5383955296578868e-07,0,0,1,wanx,1,7.794167846441269,1,710.5312906205654
/workspace/data/genbuster-mini/extracted/GenBuster-200K-mini/benchmark/fake/wanx/d4464dda555a865cb165f745d095e56dd8b4e377f5a9638c2a1923e8881feab4.mp4,-29.174909591674805,0.9999999999997864,29.174909591674805,5.072764932149679e-12,0,0,1,wanx,1,7.14028999209404,0,620.113205164671
/workspace/data/genbuster-mini/extracted/GenBuster-200K-mini/benchmark/fake/wanx/d401aa05a0f45584374914f19b56d6857ca92b00d2bb80dec50ce1c23fea8051.mp4,-32.70243453979492,0.9999999999999936,32.70243453979492,-8.203443323375916e-13,0,0,1,wanx,1,7.939010858535767,1,719.6182385087013
/workspace/data/genbuster-mini/extracted/GenBuster-200K-mini/benchmark/fake/wanx/d1e9cac9f1cf6cdc498ea7f01a27309dccc3ca0bc0114ed3d6f788c9e4b9acaf.mp4,-23.953094482421875,0.9999999999604358,23.953094482421875,9.85263442579163e-10,0,0,1,wanx,1,6.12659752368927,1,707.1913667023182
/workspace/data/genbuster-mini/extracted/GenBuster-200K-mini/benchmark/fake/wanx/cf09d119bcf717bf53db80c7603ebda2e99fb6593e419db1fe06b881077838df.mp4,-15.093287467956545,0.9999997213439826,15.093287467956545,4.484489426022307e-06,0,0,1,wanx,1,7.884848862886429,0,622.2765780985355
/workspace/data/genbuster-mini/extracted/GenBuster-200K-mini/benchmark/fake/wanx/cc925e9d2002da9a37abb24edb581e49813cd552ce8d0cd3bdc0cc88f3bba032.mp4,-5.637171268463135,0.9964497163891792,5.637171268463135,0.0235701573003798,0,0,1,wanx,1,7.182363420724869,0,622.7523796260357
/workspace/data/genbuster-mini/extracted/GenBuster-200K-mini/benchmark/fake/wanx/cbfa3468242fb9ae09ccda17362f1d4c9576e3282fa05fac7d1f4188a8606031.mp4,-30.595849990844727,0.9999999999999484,30.595849990844727,4.737445065217637e-13,0,0,1,wanx,1,7.871698588132858,1,708.9615613222122
/workspace/data/genbuster-mini/extracted/GenBuster-200K-mini/benchmark/fake/wanx/cbae1c0cfc55ce8c0ec0c02ff93bf32f6f0af06ea0fb92730f716e0c78e70c71.mp4,-40.53129959106445,1.0,40.53129959106445,-1.000019896123687e-12,0,0,1,wanx,0,7.168527692556381,1,709.4030193984509
/workspace/data/genbuster-mini/extracted/GenBuster-200K-mini/benchmark/fake/wanx/cb6c9beaef0cb0ea9b60a6ed79950cf760341aef044608a12d6b712df3271f32.mp4,0.2778604626655578,0.5690216422080994,0.2778604626655578,0.6835887125657054,0,1,1,wanx,1,7.719181478023529,0,621.8294613063335
/workspace/data/genbuster-mini/extracted/GenBuster-200K-mini/benchmark/fake/wanx/cb0d09623cfdf0fcba2e32c0ae9b362e40f446b3513ced7555029d68d3e16b20.mp4,-10.713747024536133,0.9999777633620396,10.713747024536133,0.0002604745971907,0,0,1,wanx,1,7.0602260529994965,0,619.9688911437988
/workspace/data/genbuster-mini/extracted/GenBuster-200K-mini/benchmark/fake/wanx/ca6a4fa8090dda8d41dc5699ccb0a1f5eb733ab52be6311f25def0931065eeed.mp4,-12.324175834655762,0.9999955569983284,12.324175834655762,5.919934373047628e-05,0,0,1,wanx,1,7.787302136421204,1,711.47171407938
/workspace/data/genbuster-mini/extracted/GenBuster-200K-mini/benchmark/fake/wanx/c80193a5ba077dd35005281f6365ab9260d6d9a652ff25c55bfa88839c0ed4b4.mp4,-15.095417976379396,0.99999972193703,15.095417976379396,4.475537759786703e-06,0,0,1,wanx,1,7.288675755262375,0,628.8867555558681
/workspace/data/genbuster-mini/extracted/GenBuster-200K-mini/benchmark/fake/wanx/c71046bff9251b91b06222bc7fee8080a366e0e8947e55786a61ff5543d3a486.mp4,-23.05128288269043,0.9999999999025112,23.05128288269043,2.3427375689366732e-09,0,0,1,wanx,1,7.846467196941376,0,628.5481937229633
/workspace/data/genbuster-mini/extracted/GenBuster-200K-mini/benchmark/fake/wanx/c707de13d1d608834f802ab3a17d56e7570845a8a6f1b14f978df4b4e36b6df7.mp4,-14.33485221862793,0.9999994050883174,14.33485221862793,9.122880949125372e-06,0,0,1,wanx,1,8.430257439613342,1,712.2590132057667
/workspace/data/genbuster-mini/extracted/GenBuster-200K-mini/benchmark/fake/wanx/c480ca1732e84c21232286b902d81ab00b2753d180d314199852c2a4ae0f549e.mp4,-0.3201075494289398,0.579350471496582,0.3201075494289398,0.6805007848887537,0,0,1,wanx,1,7.269598543643951,0,627.9128529131413
/workspace/data/genbuster-mini/extracted/GenBuster-200K-mini/benchmark/fake/wanx/c451d6937c66abb0847b8c120e32b7c8432ec6def8f3fa27e812f14522e541ba.mp4,-25.207794189453125,0.9999999999887178,25.207794189453125,2.937236320340229e-10,0,0,1,wanx,1,7.881298661231995,1,717.1661667525768
/workspace/data/genbuster-mini/extracted/GenBuster-200K-mini/benchmark/fake/wanx/c27f76b8bfe03df4bfab14b895c217f9e0859fd99e6f900baad413a12fa51266.mp4,-42.793304443359375,1.0,42.793304443359375,-1.0000817143549837e-12,0,0,1,wanx,1,7.934167981147766,1,709.3222998082638
/workspace/data/genbuster-mini/extracted/GenBuster-200K-mini/benchmark/fake/wanx/c17b4c12ae16e528d43269132f1c4e38620e84f0db21d04996c0bce2b409d730.mp4,-35.46198654174805,0.9999999999999996,35.46198654174805,-9.886687725012144e-13,0,0,1,wanx,1,7.7660903334617615,1,712.779127061367
/workspace/data/genbuster-mini/extracted/GenBuster-200K-mini/benchmark/fake/wanx/bcc1d21af8fd254e328fa2e15194800f29a00db2d4dbfc483c1b14c7b67bbf92.mp4,-20.11620712280273,0.999999998164974,20.11620712280273,3.8746792137793794e-08,0,0,1,wanx,1,7.204126566648483,0,626.9168294966221
/workspace/data/genbuster-mini/extracted/GenBuster-200K-mini/benchmark/fake/wanx/bc3e5927be756bc484aa2c6e3dac80681abdf3c1a5b9262f775c0deee6926b70.mp4,-14.431792259216309,0.9999994600519244,14.431792259216309,8.332364710922759e-06,0,0,1,wanx,1,7.806960493326187,1,709.961473941803
/workspace/data/genbuster-mini/extracted/GenBuster-200K-mini/benchmark/fake/wanx/ba99c0ed62cfa2381a840a21d30b11ca5616b806cf314cd838f94b566bd90ce7.mp4,-18.48141860961914,0.9999999905893012,18.48141860961914,1.833317645092092e-07,0,0,1,wanx,1,7.298603653907776,1,708.1055976450443
/workspace/data/genbuster-mini/extracted/GenBuster-200K-mini/benchmark/fake/wanx/b91d4d689bdf8ececf539cdea7706a8f5c588ccf310c6c15cc27977a10000b50.mp4,-19.4323787689209,0.9999999963639892,19.4323787689209,7.429035024130474e-08,0,0,1,wanx,1,7.898233830928802,1,706.7114971578121
/workspace/data/genbuster-mini/extracted/GenBuster-200K-mini/benchmark/fake/wanx/b257ed7def777871fa9fb778c1f2cf3c51d16ac161859f6aab5afeeb5dc8469e.mp4,-17.616622924804688,0.9999999776540988,17.616622924804688,4.1600321509448243e-07,0,0,1,wanx,1,6.984073668718338,0,623.7641721963882
/workspace/data/genbuster-mini/extracted/GenBuster-200K-mini/benchmark/fake/wanx/b120115069aa82df4de047f1fc854ea7aa5db43345bd31409580c952c530c0b3.mp4,-17.99033546447754,0.999999984622116,17.99033546447754,2.920291732117497e-07,0,0,1,wanx,1,7.562853395938873,1,709.6439711749554
/workspace/data/genbuster-mini/extracted/GenBuster-200K-mini/benchmark/fake/wanx/ab2b61ab1eb9ae56f5d40ede37841e0345d15bb6b08ae76e40993411ceefbd2b.mp4,-25.86104965209961,0.9999999999941294,25.86104965209961,1.5576933302722615e-10,0,0,1,wanx,1,7.3845274746418,1,707.3767632246017
/workspace/data/genbuster-mini/extracted/GenBuster-200K-mini/benchmark/fake/wanx/a40aaf26e51ab5ea7d520f46284293ce598bb0e9c6e35261d5aad0c7e127b94f.mp4,-39.89521789550781,1.0,39.89521789550781,-9.999585467263326e-13,0,0,1,wanx,1,7.5409896671772,1,707.287959754467
/workspace/data/genbuster-mini/extracted/GenBuster-200K-mini/benchmark/fake/wanx/a32101f2f7cfa6e0917ee53dc3f2a4699457fb9d3bb18cddd8c971412f2f4622.mp4,-15.081335067749023,0.999999717993404,15.081335067749023,4.535040606624059e-06,0,0,1,wanx,1,7.091742008924484,0,626.6236007213593
/workspace/data/genbuster-mini/extracted/GenBuster-200K-mini/benchmark/fake/wanx/9cf293c4b82db61600d4a42667343c3c1900a155f8247fb7c9ff015d5c9e8181.mp4,-35.54916763305664,0.9999999999999996,35.54916763305664,-9.895851386497185e-13,0,0,1,wanx,1,7.848665118217468,1,711.1473269760609
/workspace/data/genbuster-mini/extracted/GenBuster-200K-mini/benchmark/fake/wanx/9ad8bad650e46c137d1e61e4edc647f868a90e57c21c17bcc478733daf1dd508.mp4,-5.842252731323242,0.9971061018295586,5.842252731323242,0.0198049781156041,0,0,1,wanx,1,7.179316133260727,1,709.8944112658501
/workspace/data/genbuster-mini/extracted/GenBuster-200K-mini/benchmark/fake/wanx/96f668cb71392434c4511d19d7e162092bcdf4029a65dfef59d8e9d3cf1686d5.mp4,-31.4680290222168,0.9999999999999784,31.4680290222168,-3.833405994325332e-13,0,0,1,wanx,1,7.771529257297516,1,710.9184488654137
/workspace/data/genbuster-mini/extracted/GenBuster-200K-mini/benchmark/fake/wanx/959755320c3ee2d634be45518702e738ab91694aedf0f69b091258eefafe48a8.mp4,-24.74042320251465,0.999999999981996,24.74042320251465,4.6145917226728774e-10,0,0,1,wanx,1,8.260421454906464,1,710.2976441383362
/workspace/data/genbuster-mini/extracted/GenBuster-200K-mini/benchmark/fake/wanx/95245a190a93483e2cee6cc0fdb246393d9560a1c7ded7686f36ad00bd0438de.mp4,-25.338417053222656,0.9999999999900994,25.338417053222656,2.5881569164407045e-10,0,0,1,wanx,1,7.198236882686615,0,623.1957674026489
/workspace/data/genbuster-mini/extracted/GenBuster-200K-mini/benchmark/fake/wanx/94fda1df9089f2b2319408944f4c85d079c8443e432b7398a3353e364617a1c5.mp4,-33.05634307861328,0.9999999999999956,33.05634307861328,-8.739900654987625e-13,0,0,1,wanx,1,7.98662006855011,1,709.4348296523094
/workspace/data/genbuster-mini/extracted/GenBuster-200K-mini/benchmark/fake/wanx/9392779ccd445cf2ff5017e811344e9bdf9f5d873ed3abc49dc446da307f08a3.mp4,-26.25905990600586,0.9999999999960568,26.25905990600586,1.055933274873393e-10,0,0,1,wanx,1,7.167760282754898,0,632.9704895615578
/workspace/data/genbuster-mini/extracted/GenBuster-200K-mini/benchmark/fake/wanx/927bf824360b9efaf2c6d70e9620cf9ecbf4488e0436208da531081d41f5dc97.mp4,-14.248462677001951,0.9999993514089168,14.248462677001951,9.890015175601024e-06,0,0,1,wanx,1,7.43798166513443,0,627.3773275315762
/workspace/data/genbuster-mini/extracted/GenBuster-200K-mini/benchmark/fake/wanx/91fd922fa722fd69d57f639190e2dddea45f0c74a22068f356f877183a257c5c.mp4,-16.07815933227539,0.9999998959255548,16.07815933227539,1.7773979543462898e-06,0,0,1,wanx,1,7.175557315349579,0,622.8334158658981
/workspace/data/genbuster-mini/extracted/GenBuster-200K-mini/benchmark/fake/wanx/8fa25a7182f88785be1fc260b71ba08a5aee483bf55eff25ab92f629cea58e18.mp4,-28.132022857666016,0.999999999999394,28.132022857666016,1.6061126537916368e-11,0,0,1,wanx,1,7.44996964931488,1,714.6470956504345
/workspace/data/genbuster-mini/extracted/GenBuster-200K-mini/benchmark/fake/wanx/8c06f99cec48d915c1619d7d09f540ea472e172523150eafdf4efd5ac259a95d.mp4,-36.66326141357422,1.0,36.66326141357422,-9.965651152560162e-13,0,0,1,wanx,0,7.19040259718895,1,711.6358540952206
/workspace/data/genbuster-mini/extracted/GenBuster-200K-mini/benchmark/fake/wanx/8bf9c1963ea39372b6fbf6a69bde93f40f70cf0dc2c400904869fd70a2982557.mp4,-24.80177116394043,0.9999999999830672,24.80177116394043,4.349235541223753e-10,0,0,1,wanx,1,7.610239088535309,1,711.9128778576851
/workspace/data/genbuster-mini/extracted/GenBuster-200K-mini/benchmark/fake/wanx/8b239a98c53ac610305c52d567ee47e1fb45f2ace770c9ebcb8521b56a530ffb.mp4,-4.754575252532959,0.9914613356813788,4.754575252532959,0.04917305052997,0,0,1,wanx,1,7.507715374231338,0,623.7135119736195
/workspace/data/genbuster-mini/extracted/GenBuster-200K-mini/benchmark/fake/wanx/894cfc86f8d6f8fbc520323115cdec065952ecc4bfaa96e9b04b8f20181e69d9.mp4,-36.6803092956543,1.0,36.6803092956543,-9.96620925825286e-13,0,0,1,wanx,1,7.541675120592117,0,624.2253966629505
/workspace/data/genbuster-mini/extracted/GenBuster-200K-mini/benchmark/fake/wanx/850ccab13d18679608e33fbe22114a3f718fb1c429c2896d461a74dbecc97d99.mp4,-25.785663604736328,0.9999999999936696,25.785663604736328,1.6763454128132226e-10,0,0,1,wanx,1,7.215581834316254,1,707.8348100185394
/workspace/data/genbuster-mini/extracted/GenBuster-200K-mini/benchmark/fake/wanx/83b86b1ceff2cb444c3513ba75ff0ea8410acaf41207588be7ac6fdccc602616.mp4,-28.50184440612793,0.9999999999995814,28.50184440612793,1.0838621324919884e-11,0,0,1,wanx,1,9.054984897375109,0,621.0353001952171
/workspace/data/genbuster-mini/extracted/GenBuster-200K-mini/benchmark/fake/wanx/80f5dd938085265e3c637896d3777408e8035f74ae5d6a77d04856241dc2a85f.mp4,-41.41255569458008,1.0,41.41255569458008,-1.0000603146404696e-12,0,0,1,wanx,1,7.08940252661705,1,711.0185287892818
/workspace/data/genbuster-mini/extracted/GenBuster-200K-mini/benchmark/fake/wanx/809e18fb75daaab0f05e41cfda735e71a8a9d5b9948a5b6201a40be9452c0c1b.mp4,-17.986419677734375,0.9999999845617822,17.986419677734375,2.931144831890429e-07,0,0,1,wanx,1,7.749632000923157,0,626.2758821249008
/workspace/data/genbuster-mini/extracted/GenBuster-200K-mini/benchmark/fake/wanx/800f0170c2cc2ee171de6ced8e872f3f2dc8e452d2dc69a608f3504ae29f4696.mp4,-7.213068962097168,0.9992636504466644,7.213068962097168,0.0060479609221734,0,0,1,wanx,1,7.155828177928925,1,708.8921815156937
/workspace/data/genbuster-mini/extracted/GenBuster-200K-mini/benchmark/fake/wanx/7f9f77aedc5a02ce61ef8c0d367511e0ec4eddd978af6f944aabb37546eeea49.mp4,-23.71299362182617,0.9999999999496988,23.71299362182617,1.2411012526002652e-09,0,0,1,wanx,1,7.674988359212875,1,719.8982499539852
/workspace/data/genbuster-mini/extracted/GenBuster-200K-mini/benchmark/fake/wanx/79bc1c80b43b61bfe57c04a4b37a4cf9db79f2bca12bf44237322198cbf11250.mp4,-10.66550350189209,0.9999766643159091,10.66550350189209,0.0002722227753469,0,0,1,wanx,1,7.270827889442444,0,623.7621456384659
/workspace/data/genbuster-mini/extracted/GenBuster-200K-mini/benchmark/fake/wanx/78c4d0088e78d1bc1735822d74a32bd4651b49d3a568297e26e14a8546ea6a61.mp4,-25.31819725036621,0.9999999999898972,25.31819725036621,2.6393694228573406e-10,0,0,1,wanx,1,7.995858788490295,0,625.0385269522667
/workspace/data/genbuster-mini/extracted/GenBuster-200K-mini/benchmark/fake/wanx/7822e4a914d6bfa8aee5f11e2a3df892cf89700e8fd47a4c5b57429811dce93c.mp4,-22.018638610839844,0.9999999997262042,22.018638610839844,6.300407602360001e-09,0,0,1,wanx,1,7.397126406431198,0,624.2416054010391
/workspace/data/genbuster-mini/extracted/GenBuster-200K-mini/benchmark/fake/wanx/776b51789eaf3469e49f0d4a338158b2da8d79d0e33756f5dd6844d4d47b0cb0.mp4,-22.1630973815918,0.9999999997630324,22.1630973815918,5.486907295719532e-09,0,0,1,wanx,1,7.826048880815506,1,709.0953998267651
/workspace/data/genbuster-mini/extracted/GenBuster-200K-mini/benchmark/fake/wanx/7730ed6d23c436d1b3bb28f72d1e8efcc1d6390035601f45fceebd1545a95c81.mp4,-9.940627098083496,0.9999518252370764,9.940627098083496,0.0005270632746859,0,0,1,wanx,1,7.05939531326294,0,623.370073735714
/workspace/data/genbuster-mini/extracted/GenBuster-200K-mini/benchmark/fake/wanx/763c6533e03e745d0bd6dbde16834be6479fcd3572e840f9da7f290b13542c05.mp4,-14.10690975189209,0.9999992527832546,14.10690975189209,1.1288134246702463e-05,0,0,1,wanx,1,7.874049246311188,1,708.3284743130207
/workspace/data/genbuster-mini/extracted/GenBuster-200K-mini/benchmark/fake/wanx/75be03e7e84116b55d8ecd21f0dd9e39a2fda0b2e750a6d87e636b963b249c6e.mp4,-1.0221976041793823,0.7354004383087158,1.0221976041793823,0.5778131430028542,0,0,1,wanx,1,7.283490151166916,0,620.2200315892696
/workspace/data/genbuster-mini/extracted/GenBuster-200K-mini/benchmark/fake/wanx/7275cc4570c8349a0ac09a0fb74d5a8c1e18ed76c5a1d5bfa8d863591b635889.mp4,-22.83493423461914,0.9999999998789642,22.83493423461914,2.882885924821466e-09,0,0,1,wanx,1,7.681209594011307,1,710.2816514670849
/workspace/data/genbuster-mini/extracted/GenBuster-200K-mini/benchmark/fake/wanx/7104882f39570dfd5257a4f223d448feac9b9d08e3663912c43b506ae7b5d167.mp4,-37.07307434082031,1.0,37.07307434082031,-9.976752418063165e-13,0,0,1,wanx,1,7.32017308473587,1,709.8718322813511
/workspace/data/genbuster-mini/extracted/GenBuster-200K-mini/benchmark/fake/wanx/704bfbbe26588d20a86417a969d23127543bbe9b23c7cce0ae7afd1bedfa0bdb.mp4,-28.15735626220703,0.9999999999994093,28.15735626220703,1.5639997932715697e-11,0,0,1,wanx,1,7.7435411512851715,0,623.3289875090122
/workspace/data/genbuster-mini/extracted/GenBuster-200K-mini/benchmark/fake/wanx/6fb28f3482ed82b7b7e53102a681d31bd0e2bd84f737afd1170c48c517f7af84.mp4,-15.07749843597412,0.9999997169093716,15.07749843597412,4.551387181949791e-06,0,0,1,wanx,1,7.158126682043076,1,710.9906561672688
/workspace/data/genbuster-mini/extracted/GenBuster-200K-mini/benchmark/fake/wanx/6cd3dba2317bbce4c97a8e1a21c27cdfc119562d1b4ce1d22e9b317094cb9888.mp4,-39.84450912475586,1.0,39.84450912475586,-9.999517661766038e-13,0,0,1,wanx,1,7.8474655747413635,1,708.112221211195
/workspace/data/genbuster-mini/extracted/GenBuster-200K-mini/benchmark/fake/wanx/685ebc7d39e8b2783d383937b2c39857b202f5203a33870ac2202433d4e5c9e9.mp4,-16.97118377685547,0.999999957390294,16.97118377685547,7.657448557646081e-07,0,0,1,wanx,1,7.191307842731476,1,709.6752375364304
/workspace/data/genbuster-mini/extracted/GenBuster-200K-mini/benchmark/fake/wanx/67c4a5419d82688164b96b863c8c7a8400feefd0cb28bcdf04a1b30470cfc8c5.mp4,-20.080190658569336,0.999999998097678,20.080190658569336,4.0099307710126856e-08,0,0,1,wanx,1,7.811509072780609,1,709.4516269862652
/workspace/data/genbuster-mini/extracted/GenBuster-200K-mini/benchmark/fake/wanx/65f92bb7d07431e4bd6c337e63b6dd7f1460910fbcb95d64d3baa8c20b1d5148.mp4,-35.08218765258789,0.9999999999999994,35.08218765258789,-9.833760086182685e-13,0,0,1,wanx,1,7.222522050142288,0,625.445518642664
/workspace/data/genbuster-mini/extracted/GenBuster-200K-mini/benchmark/fake/wanx/5fb743f9bf347d7ff4f9b78a71b60d67e6ee69423dcdad70429eec6f264df712.mp4,-21.50177574157715,0.9999999995409103,21.50177574157715,1.0328331691529374e-08,0,0,1,wanx,1,7.661629468202591,1,712.4499306082726
/workspace/data/genbuster-mini/extracted/GenBuster-200K-mini/benchmark/fake/wanx/5e87a694aa5e7f1fb8ae17509255b07d2c09b50c708c49ca3965b3ffce656f38.mp4,-33.1091194152832,0.9999999999999958,33.1091194152832,-8.804653467898081e-13,0,0,1,wanx,1,7.136594504117966,1,708.1775553524494
/workspace/data/genbuster-mini/extracted/GenBuster-200K-mini/benchmark/fake/wanx/5e3e1d92b85b7ca9c39a92b77bddc1a202fa80272feccc8297dd588dd83600c4.mp4,-32.13704299926758,0.999999999999989,32.13704299926758,-6.83997883151527e-13,0,0,1,wanx,1,7.562048733234405,1,710.9721936285496
/workspace/data/genbuster-mini/extracted/GenBuster-200K-mini/benchmark/fake/wanx/5d9832af28acb81256936b06322784853f50746b5059c9501fcac142271595d6.mp4,-23.862060546875,0.999999999956665,23.862060546875,1.0754087515824351e-09,0,0,1,wanx,1,7.075000554323196,0,623.402614146471
/workspace/data/genbuster-mini/extracted/GenBuster-200K-mini/benchmark/fake/wanx/5cb7175b7fcbe97ccde328eb5ac9ca70a72f4612d838c7370214be26d97df883.mp4,-24.897720336914062,0.9999999999846164,24.897720336914062,3.9643083395366496e-10,0,0,1,wanx,1,7.710427045822143,1,712.3273946344852
/workspace/data/genbuster-mini/extracted/GenBuster-200K-mini/benchmark/fake/wanx/5c3378d4591da10687e308114bcd209de0816202e24bbaea62db7e868abc4a85.mp4,-35.10711669921875,0.9999999999999994,35.10711669921875,-9.83771086036943e-13,0,0,1,wanx,1,7.028684020042419,1,707.9709358513355
/workspace/data/genbuster-mini/extracted/GenBuster-200K-mini/benchmark/fake/wanx/5c0ddf6c204b22d84f0de36c53c96b663cc7f8c8402f8fec31e53b9e60cf0c61.mp4,-39.41148376464844,1.0,39.41148376464844,-9.998774509562916e-13,0,0,1,wanx,1,7.712569087743759,0,624.2894195020199
/workspace/data/genbuster-mini/extracted/GenBuster-200K-mini/benchmark/fake/wanx/5b276f71545541ee7cffe99c5654706a62e460271ad1653246275609646928b6.mp4,-32.82443618774414,0.9999999999999944,32.82443618774414,-8.411332012837702e-13,0,0,1,wanx,1,7.222186774015427,0,621.8038648366928
/workspace/data/genbuster-mini/extracted/GenBuster-200K-mini/benchmark/fake/wanx/5a79f334d8917bf619daba7b9524437d34bbbb58c9892bc8586b074f2f27f9fa.mp4,-15.485200881958008,0.9999998116946642,15.485200881958008,3.1042493040844365e-06,0,0,1,wanx,1,7.671233266592026,1,709.5078118145466
/workspace/data/genbuster-mini/extracted/GenBuster-200K-mini/benchmark/fake/wanx/5a228ac837d4dbe7772f85ba7bb3b3b1c58215ea9f6924250ce861faf163f5f8.mp4,-13.757277488708496,0.9999989400391768,13.757277488708496,1.5642134620472068e-05,0,0,1,wanx,1,7.091965526342392,1,708.8245451450348
/workspace/data/genbuster-mini/extracted/GenBuster-200K-mini/benchmark/fake/wanx/586098a8246a2f46f3a8719495b028e6e8581077c9d18e540e79d3642a97189c.mp4,-22.377174377441406,0.9999999998086992,22.377174377441406,4.470073674307922e-09,0,0,1,wanx,1,7.747501134872436,0,628.3468157052994
/workspace/data/genbuster-mini/extracted/GenBuster-200K-mini/benchmark/fake/wanx/57c7949aa9cbda1755654004cc78420332a0cb5029215eab4d02c50cbf3a03be.mp4,-34.487735748291016,0.999999999999999,34.487735748291016,-9.69901845625084e-13,0,0,1,wanx,1,7.209170609712601,1,714.6030440926552
/workspace/data/genbuster-mini/extracted/GenBuster-200K-mini/benchmark/fake/wanx/5778af223a3160d1e578423738d2bfe066a160aed6842abe200c988a97038287.mp4,-21.58320617675781,0.9999999995768128,21.58320617675781,9.554927622205766e-09,0,0,1,wanx,1,7.4320100247859955,1,709.8823226988316
/workspace/data/genbuster-mini/extracted/GenBuster-200K-mini/benchmark/fake/wanx/5774510484deda117ec272980e0f64d16adaeddcd1a326c0cf38e730bda3d582.mp4,-26.136558532714844,0.999999999995543,26.136558532714844,1.1904390926643848e-10,0,0,1,wanx,1,7.120586931705475,0,623.9207126200199
/workspace/data/genbuster-mini/extracted/GenBuster-200K-mini/benchmark/fake/wanx/556a26459fbac79fb385eb01a9937797cf8e5d5432551e6b67db8a322704d371.mp4,-15.750849723815918,0.9999998556247364,15.750849723815918,2.418406366024301e-06,0,0,1,wanx,1,8.224479854106903,0,622.8482164442539
/workspace/data/genbuster-mini/extracted/GenBuster-200K-mini/benchmark/fake/wanx/551f65bf8674f71f82cb82f2ef67100c052f6fffcaf9993e0141c1aceb8e0038.mp4,-13.185237884521484,0.9999981218808216,13.185237884521484,2.6641567002651937e-05,0,0,1,wanx,1,7.154218852519989,1,709.8492905497551
/workspace/data/genbuster-mini/extracted/GenBuster-200K-mini/benchmark/fake/wanx/4f1d27a3139054e19e9e17044752a102067e15d7d08c626fea1334638dd4ccdd.mp4,-10.211888313293455,0.9999632703074894,10.211888313293455,0.0004118098837212,0,0,1,wanx,1,7.106564939022064,1,708.6867950856686
/workspace/data/genbuster-mini/extracted/GenBuster-200K-mini/benchmark/fake/wanx/4ee1ded7a87732f19f3c3a7df23c38d0b9077feacec82b54217d5ae6c94c84d3.mp4,-35.392601013183594,0.9999999999999996,35.392601013183594,-9.878801632817349e-13,0,0,1,wanx,1,7.47888907790184,1,710.0753374397755
/workspace/data/genbuster-mini/extracted/GenBuster-200K-mini/benchmark/fake/wanx/48acc468fb99e72c88dd2cf489c9f66b9323b6f1e218b476a0d604ee8cb0e27f.mp4,-23.02328872680664,0.9999999998997434,23.02328872680664,2.406497120840942e-09,0,0,1,wanx,1,7.162727415561676,0,619.9864149093628
/workspace/data/genbuster-mini/extracted/GenBuster-200K-mini/benchmark/fake/wanx/48877755d1a2958ff004120adbe0f9fa47cb825ed6120571b86e9829c748c899.mp4,-10.48485279083252,0.9999720440573584,10.48485279083252,0.0003210702751166,0,0,1,wanx,1,7.799111306667328,1,708.9219279587269
/workspace/data/genbuster-mini/extracted/GenBuster-200K-mini/benchmark/fake/wanx/4867b73c33bc9ce17da602bdbdaabbdffe2b1fd44d5f20c818c8f846c158ac62.mp4,-12.36166286468506,0.9999957204690872,12.36166286468506,5.718165647515084e-05,0,0,1,wanx,1,7.227096706628799,0,624.184388667345
/workspace/data/genbuster-mini/extracted/GenBuster-200K-mini/benchmark/fake/wanx/4392b3313eed3427cb8ff3b5d831d27fefacc7735845bb69a5595d9486504c1e.mp4,-9.909587860107422,0.9999503065555472,9.909587860107422,0.0005421362301509,0,0,1,wanx,1,7.6880790293216705,0,622.4383525550365
/workspace/data/genbuster-mini/extracted/GenBuster-200K-mini/benchmark/fake/wanx/43289940508644e01da41688c63ba2f8215aab65692262ea1d66f031b8db86d4.mp4,-25.30088424682617,0.9999999999897208,25.30088424682617,2.6840166292679406e-10,0,0,1,wanx,1,7.255490869283676,0,624.0076310932636
/workspace/data/genbuster-mini/extracted/GenBuster-200K-mini/benchmark/fake/wanx/423b6d387db6ac76458218c9ff1aaf68f9d7a8c283293cd9c702d12a41c8a1d3.mp4,-27.04497718811035,0.9999999999982032,27.04497718811035,4.8598080129666605e-11,0,0,1,wanx,1,8.447833359241486,1,706.690177321434
/workspace/data/genbuster-mini/extracted/GenBuster-200K-mini/benchmark/fake/wanx/3bb6c64cc9b97263d18a9cdc6a01e519a905eef96514f0d04b7753b5dc08d68c.mp4,-14.852888107299805,0.999999645617322,14.852888107299805,5.617987014677245e-06,0,0,1,wanx,1,7.230494171380997,1,710.5058580636978
/workspace/data/genbuster-mini/extracted/GenBuster-200K-mini/benchmark/fake/wanx/39ac5e202da3e24051e3c0a4e6d4a3ffdca06d58a0f70c05ffcb9f876004a20a.mp4,-37.51839447021485,1.0,37.51839447021485,-9.98684909290424e-13,0,0,1,wanx,1,7.780417799949646,0,624.5916858315468
/workspace/data/genbuster-mini/extracted/GenBuster-200K-mini/benchmark/fake/wanx/397852a19bc5a757aaeb83a9a83174fff29ffe432d1421d07b75a7d6f3687736.mp4,-22.00014877319336,0.9999999997210948,22.00014877319336,6.412865002825263e-09,0,0,1,wanx,1,7.120657712221146,1,710.0421190261841
/workspace/data/genbuster-mini/extracted/GenBuster-200K-mini/benchmark/fake/wanx/38c32072812e77e2929198b549589af885f36963e5a6bbabf63621061a608976.mp4,-16.532699584960938,0.9999999339398188,16.532699584960938,1.1582113173082603e-06,0,0,1,wanx,1,8.513469249010086,1,712.0047025382519
/workspace/data/genbuster-mini/extracted/GenBuster-200K-mini/benchmark/fake/wanx/36cff24ee7db697de639597f7c4f89dfcfde7b7141848356eb07be7868409e0b.mp4,-15.959766387939451,0.9999998828448255,15.959766387939451,1.986922396524411e-06,0,0,1,wanx,1,10.69241389632225,0,625.1333057880402
/workspace/data/genbuster-mini/extracted/GenBuster-200K-mini/benchmark/fake/wanx/3258700ab99ddf654a44639cdbe90392196032f5d63da451744506fd8c5dfa2b.mp4,-17.89542007446289,0.9999999830910032,17.89542007446289,3.19500597492088e-07,0,0,1,wanx,1,7.0678479969501495,0,628.7046149373055
/workspace/data/genbuster-mini/extracted/GenBuster-200K-mini/benchmark/fake/wanx/324a4af18425a113a87fe3fb139573145d92987b631543e7900f7ddfcf8e65a7.mp4,-43.72960662841797,1.0,43.72960662841797,-1.0000860830418473e-12,0,0,1,wanx,1,7.58642703294754,1,716.1894701421261
/workspace/data/genbuster-mini/extracted/GenBuster-200K-mini/benchmark/fake/wanx/3247cb7813e3acba232445200167e161f7f28295cc98a3bbfe344c156f72d609.mp4,-21.41419982910156,0.9999999994988922,21.41419982910156,1.1229930739082791e-08,0,0,1,wanx,1,7.2967372834682465,0,626.3730376958847
/workspace/data/genbuster-mini/extracted/GenBuster-200K-mini/benchmark/fake/wanx/313939889b8bd27edbec18dc077dad37f5eb12c873b1803722b0162a508c0612.mp4,-23.68464088439941,0.9999999999482524,23.68464088439941,1.275383373348207e-09,0,0,1,wanx,1,7.571868598461151,0,625.4426278173923
/workspace/data/genbuster-mini/extracted/GenBuster-200K-mini/benchmark/fake/wanx/302b22f819f65d6577f87116e7ddea427fcbd3ef041ef981a41b83c64debe63e.mp4,-25.467039108276367,0.9999999999912944,25.467039108276367,2.2846839906947823e-10,0,0,1,wanx,1,7.457826286554336,1,708.223782479763
/workspace/data/genbuster-mini/extracted/GenBuster-200K-mini/benchmark/fake/wanx/2ef15dbc61b5573fdf4eb9f5707f48346048ec91c29ef796cf46b5bd6e7bae38.mp4,-10.87840747833252,0.9999811392281116,10.87840747833252,0.0002240361099953,0,0,1,wanx,1,8.770763874053955,1,708.2191556692123
/workspace/data/genbuster-mini/extracted/GenBuster-200K-mini/benchmark/fake/wanx/2b9f67f14e73a788430baee1a00555dbf24190f70332b74350323efad2e47cc4.mp4,-35.29890441894531,0.9999999999999996,35.29890441894531,-9.867245820505562e-13,0,0,1,wanx,1,7.099423557519913,0,623.0431161820889
/workspace/data/genbuster-mini/extracted/GenBuster-200K-mini/benchmark/fake/wanx/2b7733ab910264af16770f558c91fcf2d107b76c9066668d79473987926972b4.mp4,-28.93565368652344,0.9999999999997288,28.93565368652344,6.701667470834266e-12,0,0,1,wanx,1,8.074972778558731,1,709.517627954483
/workspace/data/genbuster-mini/extracted/GenBuster-200K-mini/benchmark/fake/wanx/29cf2ef7c758650c4dba896138c23f4b3c276ecba0af9e5f2825f974826c4ff1.mp4,-27.34918594360352,0.9999999999986744,27.34918594360352,3.5833489571637106e-11,0,0,1,wanx,1,10.14108583331108,1,708.9021354913712
/workspace/data/genbuster-mini/extracted/GenBuster-200K-mini/benchmark/fake/wanx/29cea89efd778ffaded3acf67618972b54f1997338788f03bce44357294baae3.mp4,-18.644678115844727,0.9999999920068277,18.644678115844727,1.5702129792328074e-07,0,0,1,wanx,1,7.461875677108765,1,707.382895052433
/workspace/data/genbuster-mini/extracted/GenBuster-200K-mini/benchmark/fake/wanx/29b02d4decb09260963f94b7cd9d302caa974ae6b3a27606e912980458b03e34.mp4,-15.26375675201416,0.9999997650180176,15.26375675201416,3.82168783142481e-06,0,0,1,wanx,1,7.011223584413528,1,715.4739275574684
/workspace/data/genbuster-mini/extracted/GenBuster-200K-mini/benchmark/fake/wanx/2682efbb75708e1226f7c32d402e82d69f669edc57bdfffe87e01060b0482f09.mp4,-5.498488426208496,0.995923730544746,5.498488426208496,0.0264979206371192,0,0,1,wanx,1,7.135547697544098,1,708.8872566819191
/workspace/data/genbuster-mini/extracted/GenBuster-200K-mini/benchmark/fake/wanx/22ed9eba0e75a174a5fbbb27d2590fc0ba93cea130f5b48106cc769242b08e08.mp4,-28.725833892822266,0.9999999999996654,28.725833892822266,8.483356694060688e-12,0,0,1,wanx,1,6.840463727712631,1,710.6857560575008
/workspace/data/genbuster-mini/extracted/GenBuster-200K-mini/benchmark/fake/wanx/2292598507c9cb98de96d25c962aa2a18bd2735ea02cbd4fbec2a2b88ea0ffa4.mp4,-21.438705444335938,0.9999999995110228,21.438705444335938,1.0970013759361425e-08,0,0,1,wanx,1,6.901215761899948,0,623.4084069728851
/workspace/data/genbuster-mini/extracted/GenBuster-200K-mini/benchmark/fake/wanx/21ea88df124bb3f68f31170751fe993def7877114967c7086a063bf51de1639b.mp4,-41.94398880004883,1.0,41.94398880004883,-1.0000720988505944e-12,0,0,1,wanx,1,8.647475391626358,1,706.8556137382984
/workspace/data/genbuster-mini/extracted/GenBuster-200K-mini/benchmark/fake/wanx/200cd6d7876a6826e60464bfc8133f9cefff38c3400f0fde33a0b208e313088b.mp4,-25.60224723815918,0.9999999999923952,25.60224723815918,2.0036417620947478e-10,0,0,1,wanx,1,7.135089486837387,0,622.1022829413414
/workspace/data/genbuster-mini/extracted/GenBuster-200K-mini/benchmark/fake/wanx/19ff832cc4478b6fcae443642f44987c4ed6682b4b3abd3ff41513ba77fbae29.mp4,-26.92089080810547,0.9999999999979656,26.92089080810547,5.4984904616423847e-11,0,0,1,wanx,1,7.332898676395416,1,709.6344791352749
/workspace/data/genbuster-mini/extracted/GenBuster-200K-mini/benchmark/fake/wanx/190f543d31a3fd1450727085d4f24c563a600c6527729121e61549b2d92048c5.mp4,-11.845207214355469,0.9999928271995486,11.845207214355469,9.2136131926138e-05,0,0,1,wanx,1,7.016077637672424,1,710.566807538271
/workspace/data/genbuster-mini/extracted/GenBuster-200K-mini/benchmark/fake/wanx/17828f9b485d2172bc80808a3dbc894b79c083e43d4d2d1b9cddd6f3df83fe73.mp4,-23.24209976196289,0.9999999999194464,23.24209976196289,1.9507916651064e-09,0,0,1,wanx,1,6.897334009408951,1,714.7460877895355
/workspace/data/genbuster-mini/extracted/GenBuster-200K-mini/benchmark/fake/wanx/164de5e0552624cdda1671fed80b22a35fd5d21e0ae294aaedc44e0c5c293699.mp4,-25.194873809814453,0.999999999988571,25.194873809814453,2.974206365645993e-10,0,0,1,wanx,1,6.730169057846069,0,625.7524453103542
/workspace/data/genbuster-mini/extracted/GenBuster-200K-mini/benchmark/fake/wanx/154f2d35c4eac50d636be2ad091c11a87b034cef8c1e98c6868ccc392dc0fdfa.mp4,-7.703753471374512,0.9995490727305878,7.703753471374512,0.0039248614810835,0,0,1,wanx,1,6.838865578174591,1,711.4570178091526
/workspace/data/genbuster-mini/extracted/GenBuster-200K-mini/benchmark/fake/wanx/154903614bbbd53c1fc80d4017b0eb9f4c1e09dde034d08dbe46e60ed4d8ce8f.mp4,-39.95864486694336,1.0,39.95864486694336,-9.999665579259025e-13,0,0,1,wanx,1,6.729856133460999,1,722.271453589201
/workspace/data/genbuster-mini/extracted/GenBuster-200K-mini/benchmark/fake/wanx/11a6795c013ce65e6a8b5c789bb3826285c6a7aec981f40135b7fb4747989185.mp4,-24.446208953857425,0.9999999999758372,24.446208953857425,6.128705365259471e-10,0,0,1,wanx,1,8.359964936971664,1,711.7935307323933
/workspace/data/genbuster-mini/extracted/GenBuster-200K-mini/benchmark/fake/wanx/115d4c912f2a8628b273d4def28ca3002b29349e56c928114805845ab4c0d2f8.mp4,-25.317018508911133,0.9999999999898852,25.317018508911133,2.6423853441473156e-10,0,0,1,wanx,1,6.85245543718338,1,712.0501659810543
/workspace/data/genbuster-mini/extracted/GenBuster-200K-mini/benchmark/fake/wanx/1071116f75950607e03e037c1084c6b8287847fe79bb4d279ae5f125c464d96c.mp4,-22.106109619140625,0.999999999749136,22.106109619140625,5.794496185200394e-09,0,0,1,wanx,1,6.898760795593262,1,708.5415534675121
/workspace/data/genbuster-mini/extracted/GenBuster-200K-mini/benchmark/fake/wanx/0df1c67a1f9957b83296d4f651269ab22686cc2af56db0cb47363b247ead2ecb.mp4,-29.68730926513672,0.999999999999872,29.68730926513672,2.647188193704138e-12,0,0,1,wanx,1,7.100038230419159,0,624.1781190037727
/workspace/data/genbuster-mini/extracted/GenBuster-200K-mini/benchmark/fake/wanx/09313dfdc8f644a5a1ee2567c7a5ae789bec4f5658e69f48438e4ef5fc7f0848.mp4,-21.072189331054688,0.999999999294553,21.072189331054688,1.55687624093123e-08,0,0,1,wanx,1,7.289182394742966,1,708.3807438611984
/workspace/data/genbuster-mini/extracted/GenBuster-200K-mini/benchmark/fake/wanx/08e0b506dd1b6561ef0f957641bad65a7282f324dedd63a0533193bbb1ea8d3c.mp4,-20.05624008178711,0.9999999980515664,20.05624008178711,4.102468665247938e-08,0,0,1,wanx,1,6.902799010276794,0,623.6659437417984
/workspace/data/genbuster-mini/extracted/GenBuster-200K-mini/benchmark/fake/wanx/06ee3ffc7b97f2e7835870d3f98efe7379e9ba3a1043bde8420c3cca2ae5d920.mp4,-23.73365020751953,0.9999999999507272,23.73365020751953,1.2167046732627102e-09,0,0,1,wanx,1,7.073115557432175,1,709.7478620707989
/workspace/data/genbuster-mini/extracted/GenBuster-200K-mini/benchmark/fake/wanx/06695de08d80927057020947f92ce9e3f1e36a1874b4d3efd5208f65e05d1e11.mp4,-21.595947265625,0.9999999995821705,21.595947265625,9.439258751980805e-09,0,0,1,wanx,1,6.828282028436661,1,708.5049487650394
/workspace/data/genbuster-mini/extracted/GenBuster-200K-mini/benchmark/fake/wanx/050213285684b773ffe7f4148220f154556c81b2941dc89347e67633a8b9e825.mp4,-22.339719772338867,0.9999999998013984,22.339719772338867,4.633310649208372e-09,0,0,1,wanx,1,7.044527679681778,1,711.3170884549618
/workspace/data/genbuster-mini/extracted/GenBuster-200K-mini/benchmark/fake/wanx/04e88998cad24253fd42ba61f8f76d517c59621b8e09ed50955f453d70bd3340.mp4,-13.669154167175291,0.9999988423926424,13.669154167175291,1.6981119440699575e-05,0,0,1,wanx,1,7.030125707387924,1,712.6098647713661
/workspace/data/genbuster-mini/extracted/GenBuster-200K-mini/benchmark/fake/wanx/03802cae3aae4d795d462f80ea15bd09bbaedd9704a610e8811d8a8750b19535.mp4,-22.130016326904297,0.999999999755062,22.130016326904297,5.663420418422501e-09,0,0,1,wanx,1,6.985388696193695,1,716.1364369094372
/workspace/data/genbuster-mini/extracted/GenBuster-200K-mini/benchmark/fake/vidu/ffd1731f5ebdee43b90379395e26eaa7bbdad953dc11f2e45280984ea33d11b3.mp4,-22.84233856201172,0.999999999879857,22.84233856201172,2.8624937709360034e-09,0,0,1,vidu,1,6.921712309122086,1,708.3563171327114
/workspace/data/genbuster-mini/extracted/GenBuster-200K-mini/benchmark/fake/vidu/fbb04897cf7749f060f018f4458830b0605abe1ab3fb88da3b690b4b19870349.mp4,-19.69199562072754,0.999999997195374,19.69199562072754,5.8031310872574966e-08,0,0,1,vidu,1,6.980191916227341,1,720.4880155622959
/workspace/data/genbuster-mini/extracted/GenBuster-200K-mini/benchmark/fake/vidu/fb5ac50dc32d43bdd7a4feb55b86c46c46839be64fcb2d4621849fb73fd0aa2d.mp4,-15.465192794799805,0.999999807889111,15.465192794799805,3.163140862249044e-06,0,0,1,vidu,1,6.793186068534851,1,714.5369984209538
/workspace/data/genbuster-mini/extracted/GenBuster-200K-mini/benchmark/fake/vidu/fb35cc5516fb0e26ab347c3c67864cf5c3da3d651781bd44f0ba28c3a0b08acc.mp4,-26.30400848388672,0.9999999999962302,26.30400848388672,1.0104274504977984e-10,0,0,1,vidu,1,7.015496492385864,0,621.2314926087856
/workspace/data/genbuster-mini/extracted/GenBuster-200K-mini/benchmark/fake/vidu/fa99bbd55687acd7e63a4138cf4e08fa59a8680a5c414d96f6ea8c40da71dae5.mp4,-17.87444305419922,0.9999999827325574,17.87444305419922,3.259113614530527e-07,0,0,1,vidu,1,4.455424845218658,0,619.3607710301876
/workspace/data/genbuster-mini/extracted/GenBuster-200K-mini/benchmark/fake/vidu/f8c05f46b554d98ef8c6c86343dc60882af69fbfd6ea4109b1a7976606e41e27.mp4,-17.530536651611328,0.9999999756451956,17.530536651611328,4.513055964442479e-07,0,0,1,vidu,1,4.377827048301697,1,706.737570464611
/workspace/data/genbuster-mini/extracted/GenBuster-200K-mini/benchmark/fake/vidu/f8b5e11e791b162a8d167380a78294e4869da397297481cc3895045970592af1.mp4,-31.32332801818848,0.9999999999999752,31.32332801818848,-2.874210281754857e-13,0,0,1,vidu,1,4.3425001204013824,1,706.8669386208057
/workspace/data/genbuster-mini/extracted/GenBuster-200K-mini/benchmark/fake/vidu/f7f1e3f6a1db9ff4382f59df6270ceca2759029d861c770ed3158b96b1314d23.mp4,-26.41304588317871,0.9999999999966196,26.41304588317871,9.078928280781796e-11,0,0,1,vidu,1,5.628578364849091,0,624.016884714365
/workspace/data/genbuster-mini/extracted/GenBuster-200K-mini/benchmark/fake/vidu/f27ecdb5d37f988bd873d24ce2cf283187c0ac13a66dc55b331d8d4a0af308f6.mp4,-18.17074203491211,0.9999999871605318,18.17074203491211,2.461401308941824e-07,0,0,1,vidu,1,6.689045578241348,1,711.2560011446476
/workspace/data/genbuster-mini/extracted/GenBuster-200K-mini/benchmark/fake/vidu/eb7ab44b766c1ec337453b8167b6c66e48a5e3d73bbf18135e8c4147050c236d.mp4,-18.012828826904297,0.9999999849641554,18.012828826904297,2.858719393336134e-07,0,0,1,vidu,1,7.109023630619049,0,624.5854757726192
/workspace/data/genbuster-mini/extracted/GenBuster-200K-mini/benchmark/fake/vidu/e911eb2695265d5b649a346d246ec0dd330fa5c337110700b1669bb2241aaffe.mp4,-19.652965545654297,0.999999997083745,19.652965545654297,6.022731462085904e-08,0,0,1,vidu,1,6.842933595180512,1,709.3117125332355
/workspace/data/genbuster-mini/extracted/GenBuster-200K-mini/benchmark/fake/vidu/e2559f15d1e54a4a3f96ebb64eb1497c69e96c0bc38dc57ee4c863b1b60bc3fd.mp4,-27.86246681213379,0.9999999999992066,27.86246681213379,2.1251912779731813e-11,0,0,1,vidu,1,6.9418735802173615,1,709.2389203608036
/workspace/data/genbuster-mini/extracted/GenBuster-200K-mini/benchmark/fake/vidu/de52d676990908387fadbf7f981fc5f9c5d2d50a39dd1196031ef12493c3fe48.mp4,-15.136083602905272,0.9999997330178304,15.136083602905272,4.3080446708159965e-06,0,0,1,vidu,1,6.713483482599258,0,622.5024498999119
/workspace/data/genbuster-mini/extracted/GenBuster-200K-mini/benchmark/fake/vidu/dde19af241b7b56ff03b4f032938cae5b4d3203e5b7039263bf23dd1e792c673.mp4,-10.46804141998291,0.9999715701178502,10.46804141998291,0.0003260354661294,0,0,1,vidu,1,7.106669247150421,0,622.5857995450497
/workspace/data/genbuster-mini/extracted/GenBuster-200K-mini/benchmark/fake/vidu/d99d845d9bc29c055dfb8e34846006371808244075faee0b17fb995a8714e3b7.mp4,-23.592493057250977,0.9999999999432572,23.592493057250977,1.393454619313463e-09,0,0,1,vidu,1,6.830364465713501,0,624.9503269791603
/workspace/data/genbuster-mini/extracted/GenBuster-200K-mini/benchmark/fake/vidu/d8c83392ce8f59a85a9cc326b6c40a3c43ec6322a52ea2e5fe7ed7243991e56b.mp4,-30.11002540588379,0.9999999999999162,30.11002540588379,1.3933121934806866e-12,0,0,1,vidu,1,7.10078701376915,1,708.3016037940979
/workspace/data/genbuster-mini/extracted/GenBuster-200K-mini/benchmark/fake/vidu/d7a7e59e933a6a34e4f40588f7111b8703f373bf863f981c1723ad52058f782e.mp4,-23.310527801513672,0.9999999999247744,23.310527801513672,1.8267837594787294e-09,0,0,1,vidu,1,5.492094904184341,1,707.088053226471
/workspace/data/genbuster-mini/extracted/GenBuster-200K-mini/benchmark/fake/vidu/d781de3f0a6f992554114612dfc564af84e63486547a125e0fc96429b9ab29c1.mp4,-1.9366711378097532,0.8739859908819199,1.9366711378097532,0.3787386423287211,0,0,1,vidu,1,6.817832589149475,1,709.1058380901814
/workspace/data/genbuster-mini/extracted/GenBuster-200K-mini/benchmark/fake/vidu/d5b9f8f7e5c56d01b1ac2a2f863040f770b1a6065a5a911f7c2e491fa39cc210.mp4,-9.022775650024414,0.9998793837221456,9.022775650024414,0.00120891716966,0,0,1,vidu,1,6.782334297895432,0,621.1691983044147
/workspace/data/genbuster-mini/extracted/GenBuster-200K-mini/benchmark/fake/vidu/d1faf4107fd672fe123c439cf5e0fa0efb29257dd0d1671aac0d4496cc478bd2.mp4,-20.03308486938477,0.9999999980059237,20.03308486938477,4.1939579583939655e-08,0,0,1,vidu,1,6.8144239485263824,0,621.9852343201637
/workspace/data/genbuster-mini/extracted/GenBuster-200K-mini/benchmark/fake/vidu/cf4947906005c8a5b2787ac1fadffd6a212d453e94d25cbd7dac5b0435e95f2c.mp4,-21.66002082824707,0.9999999996081024,21.66002082824707,8.878406532583666e-09,0,0,1,vidu,1,6.869498640298843,1,707.5890526175499
/workspace/data/genbuster-mini/extracted/GenBuster-200K-mini/benchmark/fake/vidu/cdacb01e2591a6d14f6e5fcf8a5b4456b78797f4f95237dd25d10e3f91654419.mp4,-27.316837310791016,0.9999999999986308,27.316837310791016,3.701900039982658e-11,0,0,1,vidu,1,6.883680820465088,1,712.8859236836433
/workspace/data/genbuster-mini/extracted/GenBuster-200K-mini/benchmark/fake/vidu/cdaae2650982c251ef29471d89c25cad2a3772067c62a2428978dfba5e1ba1d7.mp4,-10.29017734527588,0.9999660360626876,10.29017734527588,0.0003834594488171,0,0,1,vidu,1,6.755802780389786,0,621.2669983506203
/workspace/data/genbuster-mini/extracted/GenBuster-200K-mini/benchmark/fake/vidu/ccf3e06de4b918259fd42ed540e80def7e2365966bd2a01b230046c6bc522c8c.mp4,-25.093231201171875,0.9999999999873485,25.093231201171875,3.2816072322213394e-10,0,0,1,vidu,1,7.013704627752304,0,624.3818290531635
/workspace/data/genbuster-mini/extracted/GenBuster-200K-mini/benchmark/fake/vidu/cc8ecb26c0d6c779b623c721302b0face5bf98caa6d8d0bc4aed0e7ccb9bb267.mp4,-15.748140335083008,0.999999855233014,15.748140335083008,2.424575792779925e-06,0,0,1,vidu,1,6.816502660512924,1,716.664906591177
/workspace/data/genbuster-mini/extracted/GenBuster-200K-mini/benchmark/fake/vidu/cbcac6eab85d3878a174f4b0fb06a594195b060a0f8fd7b6b0a459b37617c4e7.mp4,-7.632052421569824,0.9995155696524308,7.632052421569824,0.004181745492781,0,0,1,vidu,1,4.256598651409149,0,622.5012838840485
/workspace/data/genbuster-mini/extracted/GenBuster-200K-mini/benchmark/fake/vidu/cb9a18a09cba3de80ce13614ba3d872d22bb833abee9f73f147f56e7cdbae3c1.mp4,-15.310601234436035,0.9999997757717836,15.310601234436035,3.657295053869538e-06,0,0,1,vidu,1,5.4764896631240845,1,706.9217078387737
/workspace/data/genbuster-mini/extracted/GenBuster-200K-mini/benchmark/fake/vidu/cb545badfda64c6289b33103918d94edf5f2af03570be265324e4b2547e44996.mp4,-1.0894702672958374,0.7482819557189941,1.0894702672958374,0.5642147500124044,0,0,1,vidu,1,4.892244935035706,0,622.5379630923271
/workspace/data/genbuster-mini/extracted/GenBuster-200K-mini/benchmark/fake/vidu/c9e5c502219b25a19a41663fcd446994768ad0243c2847be062ee4596d6bcc0f.mp4,-8.77011775970459,0.9998447188409044,8.77011775970459,0.0015171272813793,0,0,1,vidu,1,4.474744200706482,0,618.1721910834312
/workspace/data/genbuster-mini/extracted/GenBuster-200K-mini/benchmark/fake/vidu/c980639c2c687069d0309680d74972b3cbc64ef778f6c236783a672b80d5d983.mp4,-20.81450653076172,0.999999999087202,20.81450653076172,1.9910237405648946e-08,0,0,1,vidu,1,5.59568777680397,0,621.1393885314465
/workspace/data/genbuster-mini/extracted/GenBuster-200K-mini/benchmark/fake/vidu/c7a85d4fc46c191623355c284e3bd1385c513f3eae4dc0a5ea6bb4b49203f06c.mp4,-30.86183738708496,0.9999999999999604,30.86183738708496,1.300250791127531e-13,0,0,1,vidu,1,4.81756404042244,0,622.7647103369236
/workspace/data/genbuster-mini/extracted/GenBuster-200K-mini/benchmark/fake/vidu/c664b7e1ac5e9073f19c20cd1dbdfce217f57dc484d7ce75861fcdf8110c3fd2.mp4,-16.645627975463867,0.99999994099408,16.645627975463867,1.04119451839037e-06,0,0,1,vidu,1,4.473663866519928,0,625.6743110716343
/workspace/data/genbuster-mini/extracted/GenBuster-200K-mini/benchmark/fake/vidu/c56143c71b657145e00a3fcffd0c3ff463d729e65206f3463882638d33085a46.mp4,-18.346343994140625,0.9999999892283054,18.346343994140625,2.0839091022130779e-07,0,0,1,vidu,1,5.497168749570847,0,619.0465278923512
/workspace/data/genbuster-mini/extracted/GenBuster-200K-mini/benchmark/fake/vidu/c4cd56399d951e019695aea35d5bca324f9969ea294aa0a3746a618fae7d7ebb.mp4,-25.700902938842773,0.9999999999931096,25.700902938842773,1.82044194502412e-10,0,0,1,vidu,1,6.936963647603989,1,707.7358923852444
/workspace/data/genbuster-mini/extracted/GenBuster-200K-mini/benchmark/fake/vidu/c47794f818247534dee6056d142cfe9a6bad0ce67969904d3f8e061c418de993.mp4,-22.570619583129883,0.9999999998423462,22.570619583129883,3.7140010556205803e-09,0,0,1,vidu,1,7.242828607559204,1,706.9896087050438
/workspace/data/genbuster-mini/extracted/GenBuster-200K-mini/benchmark/fake/vidu/c13388b12702987d3dd578f0faf83b0d5e4ff83b4d27dc6ff6104ef7f8c08ffa.mp4,-17.905696868896484,0.9999999832638852,17.905696868896484,3.164059119321353e-07,0,0,1,vidu,1,6.876017898321152,0,622.5846745073795
/workspace/data/genbuster-mini/extracted/GenBuster-200K-mini/benchmark/fake/vidu/c06ceb48433a94a308880a0fa934f29e7a2fb4f14347dc446a7a1c3797bd7b20.mp4,-11.627497673034668,0.9999910826036283,11.627497673034668,0.0001126044392465,0,0,1,vidu,1,6.865028291940689,1,708.5959129035473
/workspace/data/genbuster-mini/extracted/GenBuster-200K-mini/benchmark/fake/vidu/bd4d0c651b426f01ac2aeb5d7b06f9ada9f0aea4864d3de5a7a72fb3b8b532cb.mp4,-34.17809295654297,0.9999999999999986,34.17809295654297,-9.589052145232604e-13,0,0,1,vidu,1,6.453618407249451,1,708.0684825778008
/workspace/data/genbuster-mini/extracted/GenBuster-200K-mini/benchmark/fake/vidu/bce4e534f85f213e8525c5dcddf5845f3af3b2c7b5e2add0385de5a7bdba55a6.mp4,-21.818004608154297,0.999999999665373,21.818004608154297,7.633522371378807e-09,0,0,1,vidu,1,6.782311946153641,1,710.4568630456924
/workspace/data/genbuster-mini/extracted/GenBuster-200K-mini/benchmark/fake/vidu/b9c3b8dac8e0722990269aa8c46394f88994d8f754240c0bead164d72f638751.mp4,-14.332633018493652,0.9999994037666512,14.332633018493652,9.141825373723712e-06,0,0,1,vidu,1,6.928618997335434,0,619.5623427629471
/workspace/data/genbuster-mini/extracted/GenBuster-200K-mini/benchmark/fake/vidu/b66bc0d6f845ad0ddf6284d5ec55df63ea327847f66a1c919c338164b98a5ad5.mp4,-30.253192901611328,0.9999999999999274,30.253192901611328,1.0746786018195694e-12,0,0,1,vidu,1,6.720244884490967,0,619.3139031529427
/workspace/data/genbuster-mini/extracted/GenBuster-200K-mini/benchmark/fake/vidu/b47751e279b487c08c402d6fa42cc59e58719dd0d96c2901454ec9441ee61300.mp4,-8.617011070251465,0.9998190323240124,8.617011070251465,0.0017403845313564,0,0,1,vidu,1,6.880544126033783,0,621.1621277034283
/workspace/data/genbuster-mini/extracted/GenBuster-200K-mini/benchmark/fake/vidu/b4763ca82358a2902715abf39897bed5380a3175dac3556dd19b196352b27553.mp4,-18.12254524230957,0.9999999865265572,18.12254524230957,2.5764452021668824e-07,0,0,1,vidu,1,6.821013987064362,0,622.5631758570671
/workspace/data/genbuster-mini/extracted/GenBuster-200K-mini/benchmark/fake/vidu/b45288c4218dd433ad16ba2f038108fcda78b19e4d58c45baa89dd1ac1e95db4.mp4,-26.54083633422852,0.9999999999970252,26.54083633422852,8.006707802160854e-11,0,0,1,vidu,1,7.209494709968567,0,625.9635537862778
/workspace/data/genbuster-mini/extracted/GenBuster-200K-mini/benchmark/fake/vidu/b2d31d5504bed6256cdb186e5ee96ee53d265dc072ce0734954afa0627c77463.mp4,-36.39801025390625,1.0,36.39801025390625,-9.955621899252636e-13,0,0,1,vidu,1,8.259642869234085,0,627.074409276247
/workspace/data/genbuster-mini/extracted/GenBuster-200K-mini/benchmark/fake/vidu/b23d282b61cbee1db895681dfe7dd46c8f0ed797e9917615d8fa3bd2ec5a0cc5.mp4,-22.66217041015625,0.9999999998561384,22.66217041015625,3.402077669959414e-09,0,0,1,vidu,1,7.454168051481247,0,627.164002507925
/workspace/data/genbuster-mini/extracted/GenBuster-200K-mini/benchmark/fake/vidu/acf8f247b54b14c281555ecca9bc0115272247e2df075a65feba98d6231bfe04.mp4,-16.65034294128418,0.999999941271625,16.65034294128418,1.0365739521684513e-06,0,0,1,vidu,1,6.902683526277542,1,708.2235254347324
/workspace/data/genbuster-mini/extracted/GenBuster-200K-mini/benchmark/fake/vidu/ac4c4289549c4bc246adbb7a7458d9e79661c67a55ea24f7b81ea6204e5bd461.mp4,-26.02103042602539,0.9999999999949972,26.02103042602539,1.3326823936248455e-10,0,0,1,vidu,1,5.670040845870972,1,703.3127211034298
/workspace/data/genbuster-mini/extracted/GenBuster-200K-mini/benchmark/fake/vidu/ac48d272ae8bf4c145b83284eec4554afae00e5ef434efe8627397b9c44f83d4.mp4,-18.716886520385746,0.9999999925636563,18.716886520385746,1.4661954214260324e-07,0,0,1,vidu,1,6.930191069841385,1,708.4741219878197
/workspace/data/genbuster-mini/extracted/GenBuster-200K-mini/benchmark/fake/vidu/a9b6f8bd690ccb9f3541628dd33d83a016642fc6705fefe8a155abede5d8f05d.mp4,-19.294723510742188,0.999999995827388,19.294723510742188,8.468000808942512e-08,0,0,1,vidu,1,6.4350031316280365,1,708.5027359426022
/workspace/data/genbuster-mini/extracted/GenBuster-200K-mini/benchmark/fake/vidu/a8aeef225d67a0f951863f99e1f0fe4f6c70a36be153cf887c7f05ac1cd4d30d.mp4,-29.12788391113281,0.9999999999997762,29.12788391113281,5.363207896399461e-12,0,0,1,vidu,1,6.960142403841019,1,707.8988775610924
/workspace/data/genbuster-mini/extracted/GenBuster-200K-mini/benchmark/fake/vidu/a899a80d540ca052b721857fe4c98d50e8687222f50347092859f702b44ce8ea.mp4,-24.744768142700195,0.999999999982074,24.744768142700195,4.5952799322545365e-10,0,0,1,vidu,1,7.226377725601196,0,622.5575953722
/workspace/data/genbuster-mini/extracted/GenBuster-200K-mini/benchmark/fake/vidu/a76e1c5d013a4f695814d16ae72555a0698c0d344c79c5358d8b681775c8fa0b.mp4,-19.50808334350586,0.9999999966290908,19.50808334350586,6.912888515234605e-08,0,0,1,vidu,1,6.818484514951706,1,718.907818198204
/workspace/data/genbuster-mini/extracted/GenBuster-200K-mini/benchmark/fake/vidu/a6de1cf21017055026ea8e6329499e43d88936cb562b33b6b227263c9d99aad3.mp4,-29.62601089477539,0.999999999999864,29.62601089477539,2.87691315693187e-12,0,0,1,vidu,1,6.87871128320694,0,624.6808879077435
/workspace/data/genbuster-mini/extracted/GenBuster-200K-mini/benchmark/fake/vidu/a639cebe1881b6a96d013985df23e16c06bca3c27564f206b156b2a586824863.mp4,-23.430906295776367,0.999999999933306,23.430906295776367,1.627401915199609e-09,0,0,1,vidu,1,6.909362971782684,0,623.9292956888676
/workspace/data/genbuster-mini/extracted/GenBuster-200K-mini/benchmark/fake/vidu/a5e11bb954decff3b1750e55f097629eee621ccfa39bb23c8e544ef157c802f6.mp4,-33.66974258422852,0.9999999999999976,33.66974258422852,-9.317629992434225e-13,0,0,1,vidu,1,7.058143615722656,1,709.111288189888
/workspace/data/genbuster-mini/extracted/GenBuster-200K-mini/benchmark/fake/vidu/a2f23d89ca6ede2bfcdc6ea067b357a706a15428eb42f3937045febadef91629.mp4,-8.952359199523926,0.9998705853067804,8.952359199523926,0.0012879898868339,0,0,1,vidu,1,7.209606468677521,0,622.5589290261269
/workspace/data/genbuster-mini/extracted/GenBuster-200K-mini/benchmark/fake/vidu/9ee3cdeb8ffc60ec4dd2d201ab5155224802b061c0edb899a54d320e5be73ab5.mp4,-27.44179344177246,0.9999999999987916,27.44179344177246,3.263812928752587e-11,0,0,1,vidu,1,5.158383399248123,0,620.2463433146477
/workspace/data/genbuster-mini/extracted/GenBuster-200K-mini/benchmark/fake/vidu/9de860b81878ef2ec08427edc360b9838cfa164ecc87fb821502c3ef2c8bae23.mp4,-15.87083339691162,0.999999871948532,15.87083339691162,2.160332997099945e-06,0,0,1,vidu,1,6.938327103853226,1,707.6716609299183
/workspace/data/genbuster-mini/extracted/GenBuster-200K-mini/benchmark/fake/vidu/9dd961bf5478cdde209f087bf54478cb2dfd2cc4c44660b2153723055a7ca93b.mp4,-16.578914642333984,0.9999999369233236,16.578914642333984,1.108817514911006e-06,0,0,1,vidu,1,5.087502300739288,0,623.2197992503643
/workspace/data/genbuster-mini/extracted/GenBuster-200K-mini/benchmark/fake/vidu/9dc618f92f9722dddbf55bb985ab47bf1fa515866bf52a94b14ae4bc58cf2aea.mp4,-29.079635620117188,0.9999999999997652,29.079635620117188,5.675677550862596e-12,0,0,1,vidu,1,5.224265158176422,1,709.0185694396496
/workspace/data/genbuster-mini/extracted/GenBuster-200K-mini/benchmark/fake/vidu/9d93f4357a4c3168b0836c3580d161aca80dc9f50112b3e5018c95662e9eba60.mp4,-25.524045944213867,0.9999999999917768,25.524045944213867,2.1617226850811e-10,0,0,1,vidu,1,6.165266036987305,1,712.4518044292927
/workspace/data/genbuster-mini/extracted/GenBuster-200K-mini/benchmark/fake/vidu/9af1445d154423152485151a982119d7d21fa7e695534ffd9a390d66e5487cb2.mp4,-8.390410423278809,0.9997730174509344,8.390410423278809,0.0021314850544102,0,0,1,vidu,1,7.2120241820812225,1,708.9639864861965
/workspace/data/genbuster-mini/extracted/GenBuster-200K-mini/benchmark/fake/vidu/99ecc949804861fa0aeb0044df192812727a5cb9bd045797e48f2737a9cb3026.mp4,-14.113458633422852,0.9999992576605904,14.113458633422852,1.1219314156810818e-05,0,0,1,vidu,1,6.941847503185272,1,715.4193893074989
/workspace/data/genbuster-mini/extracted/GenBuster-200K-mini/benchmark/fake/vidu/97ee406ba4048a680a8a006f3233b8b7124330333eab9058f24e49eaf0f979b3.mp4,-16.53634262084961,0.999999934180039,16.53634262084961,1.1542393901485495e-06,0,0,1,vidu,1,7.037103176116943,0,623.6431449651718
/workspace/data/genbuster-mini/extracted/GenBuster-200K-mini/benchmark/fake/vidu/96a9ece19a8074e066b70228cba07961387dad2af64ff760ec8431300dac796d.mp4,-39.34731674194336,1.0,39.34731674194336,-9.99863438114326e-13,0,0,1,vidu,1,7.0907436311244965,0,626.7325170338154
/workspace/data/genbuster-mini/extracted/GenBuster-200K-mini/benchmark/fake/vidu/94f3177fe30076050bc610ad7e9700ab82c9137300631c580d4643655924720a.mp4,-20.96489715576172,0.9999999992146544,20.96489715576172,1.724803768225806e-08,0,0,1,vidu,1,6.110269576311112,1,712.6717045903206
/workspace/data/genbuster-mini/extracted/GenBuster-200K-mini/benchmark/fake/vidu/8fb144834350ae3621720b66e52707a4cda159093e991e63ed6ae693033e90a6.mp4,-18.89955139160156,0.9999999938051736,18.89955139160156,1.232722666624586e-07,0,0,1,vidu,1,4.551932215690613,1,708.0338448286057
/workspace/data/genbuster-mini/extracted/GenBuster-200K-mini/benchmark/fake/vidu/8f84e2c1bd0043ced1beba7d530c80d1cbe24a72dc27d5815a3afca29aa7454f.mp4,-14.589155197143556,0.9999995386716024,14.589155197143556,7.191718108782115e-06,0,0,1,vidu,1,4.8483312129974365,0,620.2372759580612
/workspace/data/genbuster-mini/extracted/GenBuster-200K-mini/benchmark/fake/vidu/8b64db300a2bf9aec9240ccd55281f23b7cf868068add5c008de89e8be818b92.mp4,-16.03194236755371,0.9999998910026732,16.03194236755371,1.8564341933102332e-06,0,0,1,vidu,1,5.025338381528854,1,711.378451436758
/workspace/data/genbuster-mini/extracted/GenBuster-200K-mini/benchmark/fake/vidu/8b085c74bb789c54f5044ea3b2cc27f1c2cfeca4b65e6c16c22d2cb9d679919f.mp4,-31.275360107421875,0.999999999999974,31.275360107421875,-2.523236856679239e-13,0,0,1,vidu,1,4.778012633323669,1,709.8967581987381
/workspace/data/genbuster-mini/extracted/GenBuster-200K-mini/benchmark/fake/vidu/8654957a5deafd4b0327f217a52e176073b51f1ea42c60a14c05233c7721c961.mp4,-22.102928161621094,0.9999999997483364,22.102928161621094,5.812165659256547e-09,0,0,1,vidu,1,4.501119256019592,1,709.3493267893791
/workspace/data/genbuster-mini/extracted/GenBuster-200K-mini/benchmark/fake/vidu/840cc7f1270e90c7826e94d49d2591004ce47e58219084d8c848361ae84717e4.mp4,-21.22607421875,0.9999999993951704,21.22607421875,1.3440990394727804e-08,0,0,1,vidu,1,4.422552883625031,0,623.7530410289764
/workspace/data/genbuster-mini/extracted/GenBuster-200K-mini/benchmark/fake/vidu/83bfb866e4fd3d6c34bfe4a7b2c8887e54045e9cda2a26cb006e894a82672de4.mp4,-24.68375396728516,0.9999999999809462,24.68375396728516,4.873987537451705e-10,0,0,1,vidu,1,4.691664129495621,1,716.5439575910568
/workspace/data/genbuster-mini/extracted/GenBuster-200K-mini/benchmark/fake/vidu/833c872d7ffa6a673a02ea420d6eadf2ca1bcfd67b87cd36054f60f3da9de48f.mp4,-29.34848022460937,0.9999999999998204,29.34848022460937,4.110272630638589e-12,0,0,1,vidu,1,5.483686923980713,1,716.1078453063965
/workspace/data/genbuster-mini/extracted/GenBuster-200K-mini/benchmark/fake/vidu/8163e84bc1f01b74d208a5df24d0d3d95738c2f9d5d33055f8c1684c18d35ec9.mp4,-14.533601760864258,0.99999951231797,14.533601760864258,7.575456543735241e-06,0,0,1,vidu,1,5.589060485363007,1,711.2657018005848
/workspace/data/genbuster-mini/extracted/GenBuster-200K-mini/benchmark/fake/vidu/8042ef5280099d370ebfa91a8eb910a159a0960900b93a062e34b52d6242265c.mp4,-17.84572982788086,0.9999999822295678,17.84572982788086,3.348947655205655e-07,0,0,1,vidu,1,6.204348057508469,0,624.7917003929615
/workspace/data/genbuster-mini/extracted/GenBuster-200K-mini/benchmark/fake/vidu/7d38a3a0b42f4a60fb37e56ba93a2db4f3971c3c3a0400f2660b4f8cbc9ab2f0.mp4,-14.561393737792969,0.9999995256850412,14.561393737792969,7.380999968567607e-06,0,0,1,vidu,1,7.028229534626007,1,713.1599597632885
/workspace/data/genbuster-mini/extracted/GenBuster-200K-mini/benchmark/fake/vidu/7c203cd10a07628e09779cbcb01c6922cd1edb198f5b6b583472559a118a1df9.mp4,-24.60776901245117,0.999999999979442,24.60776901245117,5.244690735099496e-10,0,0,1,vidu,1,7.005084306001663,1,710.9349071979523
/workspace/data/genbuster-mini/extracted/GenBuster-200K-mini/benchmark/fake/vidu/7a93012f0d971e7ebeb67fcbba84d81061bfb75e460051aeb13619fe2665e96f.mp4,-19.044002532958984,0.9999999946383952,19.044002532958984,1.074660227603244e-07,0,0,1,vidu,1,6.913922727108002,1,711.052767932415
/workspace/data/genbuster-mini/extracted/GenBuster-200K-mini/benchmark/fake/vidu/77ec4fdeef91e6ba34a7b84a4ff662e83ec68357714ba8252188c2b1cbe9830b.mp4,-13.429558753967283,0.999998528988499,13.429558753967283,2.1226046071357663e-05,0,0,1,vidu,1,6.930038332939148,1,712.3191840946674
/workspace/data/genbuster-mini/extracted/GenBuster-200K-mini/benchmark/fake/vidu/76de6505187ecee306a2b795aa2d2f88b920a2069be82bb7d96812b9abca1097.mp4,-9.116896629333496,0.9998902171719236,9.116896629333496,0.0011106675496206,0,0,1,vidu,1,6.974201649427414,1,711.7759622633457
/workspace/data/genbuster-mini/extracted/GenBuster-200K-mini/benchmark/fake/vidu/764ce52d7a07e4537959b1c46d062f5990df32e46cf29372eabe12a2e64a1079.mp4,-19.080699920654297,0.9999999948315864,19.080699920654297,1.0378336515497767e-07,0,0,1,vidu,1,6.913747638463974,0,626.7329268157482
/workspace/data/genbuster-mini/extracted/GenBuster-200K-mini/benchmark/fake/vidu/762b0df89d04b6c512840046438f996aeedaaa322c865d02cca6fc3eac7c7618.mp4,-27.52243423461914,0.9999999999988852,27.52243423461914,3.008021826457218e-11,0,0,1,vidu,1,7.0565976202487946,1,713.9186635613441
/workspace/data/genbuster-mini/extracted/GenBuster-200K-mini/benchmark/fake/vidu/6f4a0028c2681b426703101fcf23538934b03c62095658117fbbcb2bd6a968a7.mp4,-1.620210886001587,0.8348242193460464,1.620210886001587,0.4481536993464379,0,0,1,vidu,1,6.724558770656586,1,711.4732787013054
/workspace/data/genbuster-mini/extracted/GenBuster-200K-mini/benchmark/fake/vidu/6d62cbe45288bfbde6d0464eb62559fbff043a881e95daf7e1c81e872db46a47.mp4,-21.44820785522461,0.9999999995156474,21.44820785522461,1.0870849180241612e-08,0,0,1,vidu,1,6.609771400690079,0,627.982247620821
/workspace/data/genbuster-mini/extracted/GenBuster-200K-mini/benchmark/fake/vidu/6d1bc8da821425d9fcf387272d49f109818fc926559d90b804b73929d0a338b1.mp4,2.7054672241210938,0.937348484992981,2.7054672241210938,0.2342017731992513,0,1,1,vidu,1,6.871271878480911,1,715.0927819311619
/workspace/data/genbuster-mini/extracted/GenBuster-200K-mini/benchmark/fake/vidu/6c61e9c60791ad2fdeb4d7e1c9a3684cf30daf195fff5b2a0680a6cb98e58d96.mp4,-23.7581787109375,0.9999999999519212,23.7581787109375,1.188355143401313e-09,0,0,1,vidu,1,7.004767656326294,1,714.6702483296394
/workspace/data/genbuster-mini/extracted/GenBuster-200K-mini/benchmark/fake/vidu/6b42813e0e8fcfd715bd313303bfd41d3c23b47d6b32afc8cdf40e89d1dcb593.mp4,-27.5485897064209,0.999999999998914,27.5485897064209,2.9292741524407824e-11,0,0,1,vidu,1,6.942447274923325,1,713.6564515531063
/workspace/data/genbuster-mini/extracted/GenBuster-200K-mini/benchmark/fake/vidu/684aeb38258ec99336cb94ee3337cfc702ebf1f95ef239f348eef7822ff63b56.mp4,-17.910419464111328,0.9999999833427378,17.910419464111328,3.149938172757145e-07,0,0,1,vidu,1,6.998006254434586,1,712.3066633939743
/workspace/data/genbuster-mini/extracted/GenBuster-200K-mini/benchmark/fake/vidu/66d55151e1f0c7c1a9559f75544dfee9a732dc2ece13b6d57a16539d4b8d25a9.mp4,-17.68377685546875,0.9999999791054393,17.68377685546875,3.903873125910023e-07,0,0,1,vidu,1,6.919745355844498,0,624.2736056447029
/workspace/data/genbuster-mini/extracted/GenBuster-200K-mini/benchmark/fake/vidu/62d0ad59f553a4fd8c97c272ec02d99dab87eeb779225b6563a91b022616213f.mp4,-25.612529754638672,0.999999999992473,25.612529754638672,1.9837258379588222e-10,0,0,1,vidu,1,6.980076432228088,1,712.6513570547104
/workspace/data/genbuster-mini/extracted/GenBuster-200K-mini/benchmark/fake/vidu/62aaa2e8e8782251a24f2dfbfd6d7620cbaecd6a07657cd8b95d767100543669.mp4,-25.999534606933597,0.9999999999948884,25.999534606933597,1.3609393942985989e-10,0,0,1,vidu,1,6.912890821695328,0,627.3685172200203
/workspace/data/genbuster-mini/extracted/GenBuster-200K-mini/benchmark/fake/vidu/5dbdff8ab8cbf8271cc892f26c74b148d9c86c6bafe887c224b1d636169ae7d9.mp4,-19.91263961791992,0.999999997750684,19.91263961791992,4.7037136575846465e-08,0,0,1,vidu,1,6.9990940392017365,0,628.5839937627316
/workspace/data/genbuster-mini/extracted/GenBuster-200K-mini/benchmark/fake/vidu/5d86def21a18f8af4be39bf7ff0750c67d6fbcfdae60257701959df9b980d6c5.mp4,-11.98172092437744,0.9999937424836388,11.98172092437744,8.123334876453417e-05,0,0,1,vidu,1,7.036995142698288,1,714.5413532853127
/workspace/data/genbuster-mini/extracted/GenBuster-200K-mini/benchmark/fake/vidu/5d54ef5e11a0b31641573d58048245ccd57adef9792d0f3de41608adf7c7ae48.mp4,-24.951091766357425,0.999999999985416,24.951091766357425,3.7650522413243385e-10,0,0,1,vidu,1,7.02330470085144,1,715.5174948275089
/workspace/data/genbuster-mini/extracted/GenBuster-200K-mini/benchmark/fake/vidu/5bebd02f412fa60f1930a1be2befb7067246571b2a323e9d49776b8deb1a8723.mp4,-18.90379905700684,0.9999999938314312,18.90379905700684,1.2277595289125966e-07,0,0,1,vidu,1,6.96934387087822,0,626.6564875841141
/workspace/data/genbuster-mini/extracted/GenBuster-200K-mini/benchmark/fake/vidu/5379c7a0d2510102e30d74cbe48be981de38752704277cdf33f887a99d92b65c.mp4,-13.049978256225586,0.9999978498660766,13.049978256225586,3.020933522878545e-05,0,0,1,vidu,1,6.929147988557816,1,713.2296301424503
/workspace/data/genbuster-mini/extracted/GenBuster-200K-mini/benchmark/fake/vidu/50fe90bd7f3d0d00343e943b007a45d9eb44a38c8c7f5a2d06144bd0c882c99e.mp4,-16.46192741394043,0.9999999290951892,16.46192741394043,1.2381326686575646e-06,0,0,1,vidu,1,6.868723779916763,0,625.8115619421005
/workspace/data/genbuster-mini/extracted/GenBuster-200K-mini/benchmark/fake/vidu/50a25d65f1bbf9078bcafb264f873e7350c74b4fc49f7086b74c359614e0bd15.mp4,-21.445188522338867,0.9999999995141828,21.445188522338867,1.0902261389575681e-08,0,0,1,vidu,1,6.973061710596085,1,716.4581753313541
/workspace/data/genbuster-mini/extracted/GenBuster-200K-mini/benchmark/fake/vidu/4dc91967db651e39d49f1b61451cdcfbc7593549e8ed4f9573863972b2fca0ac.mp4,-14.78089714050293,0.999999619164214,14.78089714050293,6.009928454811385e-06,0,0,1,vidu,1,6.946910172700882,0,623.8961555063725
/workspace/data/genbuster-mini/extracted/GenBuster-200K-mini/benchmark/fake/vidu/4c7ec46c56275445fc68d18f9c5f0abe5ef13a7a1288b67fc603ceb6279da068.mp4,-10.872824668884276,0.9999810336394148,10.872824668884276,0.0002251844518514,0,0,1,vidu,1,7.132455706596375,1,719.4255478680134
/workspace/data/genbuster-mini/extracted/GenBuster-200K-mini/benchmark/fake/vidu/4c08c0d31a9fae0d6bcfba53c2e9efa7e979cb1fb61355c3ab9a0db1d36eb967.mp4,-6.978974342346191,0.9990696085733362,6.978974342346191,0.0074240024067407,0,0,1,vidu,1,7.331334054470062,1,715.4737710952759
/workspace/data/genbuster-mini/extracted/GenBuster-200K-mini/benchmark/fake/vidu/49879bf764c49ea2a5002cb4a1b625afbeea93e87531db44d26443685320facd.mp4,-29.143218994140625,0.9999999999997796,29.143218994140625,5.267059546801287e-12,0,0,1,vidu,1,6.99138268828392,0,625.1517571508884
/workspace/data/genbuster-mini/extracted/GenBuster-200K-mini/benchmark/fake/vidu/469a7079700a2d9117a6adb31071e54431326789ac2ae555e836fb2a816dabaa.mp4,-30.48090362548828,0.9999999999999422,30.48090362548828,6.53096653375903e-13,0,0,1,vidu,1,6.983757019042969,0,628.5040378570557
/workspace/data/genbuster-mini/extracted/GenBuster-200K-mini/benchmark/fake/vidu/44450ae6a80876b00c7476927c4e9261b88b12d489d29fb4646bbde454dbb098.mp4,-15.278696060180664,0.9999997685023914,15.278696060180664,3.7684772368816105e-06,0,0,1,vidu,1,8.432842791080475,0,625.6167106330395
/workspace/data/genbuster-mini/extracted/GenBuster-200K-mini/benchmark/fake/vidu/41d483b1fe47f144fef3c7c9e726b0b30b2d99c9f71fe5a12c878a81e024373f.mp4,-26.965749740600582,0.999999999998055,26.965749740600582,5.258701612715558e-11,0,0,1,vidu,1,7.7870674431324,0,627.6209838688374
/workspace/data/genbuster-mini/extracted/GenBuster-200K-mini/benchmark/fake/vidu/3f681018b0be05b57f8c8df4990bc008b9082517fcce657e9eef601fddc55fce.mp4,-25.783428192138672,0.9999999999936556,25.783428192138672,1.679996094405939e-10,0,0,1,vidu,1,7.8574977815151215,0,625.9077824652195
/workspace/data/genbuster-mini/extracted/GenBuster-200K-mini/benchmark/fake/vidu/3f3964f21feb0ec913200982745a75dfde314472426c81e42c66e3e06ff8452f.mp4,-8.398001670837402,0.9997747336310568,8.398001670837402,0.0021170790930695,0,0,1,vidu,1,7.26669654250145,1,714.1346745193005
/workspace/data/genbuster-mini/extracted/GenBuster-200K-mini/benchmark/fake/vidu/3ef83b3f98f4e039b5663913a3d686ccc7cd38b8a3d9163fe68870ded0a1de6c.mp4,-28.422195434570312,0.9999999999995468,28.422195434570312,1.1809334886951744e-11,0,0,1,vidu,1,7.759712636470795,1,712.120171636343
/workspace/data/genbuster-mini/extracted/GenBuster-200K-mini/benchmark/fake/vidu/3b06b316991a12373a85d9c24df990851bb7eaa1454161985e65eded101819ec.mp4,-38.87521362304688,1.0,38.87521362304688,-9.997274025609317e-13,0,0,1,vidu,1,6.852637976408005,1,713.4942710399628
/workspace/data/genbuster-mini/extracted/GenBuster-200K-mini/benchmark/fake/vidu/38b8f737e1722eb23258d7d3617ad6a29bc725d4950e28201bac3170d5e94fbe.mp4,-27.79559326171875,0.9999999999991518,27.79559326171875,2.276528140465937e-11,0,0,1,vidu,1,8.2058385014534,0,622.1963763237
/workspace/data/genbuster-mini/extracted/GenBuster-200K-mini/benchmark/fake/vidu/380e39c488ef8203ee87791b6557690366710eb784b209fcff08d1cd3f096d6b.mp4,-17.258588790893555,0.9999999680338654,17.258588790893555,5.836545068257645e-07,0,0,1,vidu,1,4.747886210680008,1,712.3568877577782
/workspace/data/genbuster-mini/extracted/GenBuster-200K-mini/benchmark/fake/vidu/360b64515cd598bca0409d61a255c99d2860d995e80b042a21737a71bf9ff736.mp4,-10.063064575195312,0.999957376603561,10.063064575195312,0.0004715462954872,0,0,1,vidu,1,4.8113614320755005,0,628.0746906995773
/workspace/data/genbuster-mini/extracted/GenBuster-200K-mini/benchmark/fake/vidu/35b53c52445d0016282a4e341ef975229caa89b64921288de2754cae925176a2.mp4,-33.73809814453125,0.9999999999999978,33.73809814453125,-9.36337721405565e-13,0,0,1,vidu,1,4.660174250602722,1,713.6171273887157
/workspace/data/genbuster-mini/extracted/GenBuster-200K-mini/benchmark/fake/vidu/31c9f8eb57eeaefc4e2e2ae6362ae737203464098bd5c45b748b01afa2aa937f.mp4,-21.598264694213867,0.9999999995831376,21.598264694213867,9.41837014901879e-09,0,0,1,vidu,1,4.573822021484375,0,625.4603043198586
/workspace/data/genbuster-mini/extracted/GenBuster-200K-mini/benchmark/fake/vidu/310155e6233ca98fc4264b296aff863ff0cc74085224127cc631f6a725aee0bb.mp4,-34.57174301147461,0.999999999999999,34.57174301147461,-9.722446435988121e-13,0,0,1,vidu,1,6.886716932058334,1,710.9368555247784
/workspace/data/genbuster-mini/extracted/GenBuster-200K-mini/benchmark/fake/vidu/2f52b4bd65257b822d7ebe0ada751fd83172eedfd957137939aab8c66c106750.mp4,-17.851768493652344,0.9999999823365524,17.851768493652344,3.3298522378475925e-07,0,0,1,vidu,1,4.394754767417908,0,626.9672214984894
/workspace/data/genbuster-mini/extracted/GenBuster-200K-mini/benchmark/fake/vidu/2e011925cd199faf971bae9dd624ba62fed141795c5435e6908fefd058707a9c.mp4,-10.676095008850098,0.99997691016506,10.676095008850098,0.0002695993707085,0,0,1,vidu,1,5.14569878578186,1,713.0681462585926
/workspace/data/genbuster-mini/extracted/GenBuster-200K-mini/benchmark/fake/vidu/2c826a3a3bb4a3700786ff541271e0663074409f6eff39c303e322a0e20b39af.mp4,-39.18023681640625,1.0,39.18023681640625,-9.998224380689606e-13,0,0,1,vidu,1,6.422657519578934,0,632.6612904667854
/workspace/data/genbuster-mini/extracted/GenBuster-200K-mini/benchmark/fake/vidu/2bba7f0502d4ee0016c123e97b996701a3df16cf55f127f89a59f6e04f6f2cf2.mp4,-26.6817569732666,0.9999999999974162,26.6817569732666,6.967905123994523e-11,0,0,1,vidu,1,6.887253373861313,1,710.1609595119953
/workspace/data/genbuster-mini/extracted/GenBuster-200K-mini/benchmark/fake/vidu/2a8275a25610f5246e4a007ee2fbd75dd9d4c6def6b14ff8073c37671227edc5.mp4,-19.28851127624512,0.9999999958013857,19.28851127624512,8.518163464951002e-08,0,0,1,vidu,1,6.026376038789749,1,713.8030715286732
/workspace/data/genbuster-mini/extracted/GenBuster-200K-mini/benchmark/fake/vidu/2a3e1c256fae556cfb7a8d6ccb7bdb0ebeb3dd366a2a93ce55e3e6e32b084f66.mp4,-22.65593719482422,0.999999999855239,22.65593719482422,3.4224601267427043e-09,0,0,1,vidu,1,6.865080446004868,0,621.4246414601803
/workspace/data/genbuster-mini/extracted/GenBuster-200K-mini/benchmark/fake/vidu/28653a6866add91d979eda940ecaedb594a39ece7afad12971bb951a76282f47.mp4,-13.83656406402588,0.999999020834366,13.83656406402588,1.4527452115314462e-05,0,0,1,vidu,1,6.741669028997421,1,711.3551199436188
/workspace/data/genbuster-mini/extracted/GenBuster-200K-mini/benchmark/fake/vidu/28099108d40cbae91a3488a39e39590227935ac5a2898cb72b4326d631c25ad2.mp4,-21.21054458618164,0.9999999993857044,21.21054458618164,1.3641844604166637e-08,0,0,1,vidu,1,5.598288029432297,0,626.016803085804
/workspace/data/genbuster-mini/extracted/GenBuster-200K-mini/benchmark/fake/vidu/27720f714f056520d0441c53dc18d22945af5532818478b10ed8537e15d7c8fe.mp4,-18.91777801513672,0.9999999939170618,18.91777801513672,1.2115661186229965e-07,0,0,1,vidu,1,4.879496991634369,0,624.6888600289822
/workspace/data/genbuster-mini/extracted/GenBuster-200K-mini/benchmark/fake/vidu/2433e1bed7c5b81b10d205dd12f9d9f666d4384b2afa7971deb800f840cfbae2.mp4,-26.427608489990234,0.9999999999966686,26.427608489990234,8.949966963116495e-11,0,0,1,vidu,1,5.31398132443428,0,628.0549839138985
/workspace/data/genbuster-mini/extracted/GenBuster-200K-mini/benchmark/fake/vidu/212bc6436c0f378348c7fff4570cb2b2f250589555a2313d9a49d224f4c09ffa.mp4,-25.4555778503418,0.999999999991194,25.4555778503418,2.3102295878142226e-10,0,0,1,vidu,1,5.081538110971451,0,623.6926503479481
/workspace/data/genbuster-mini/extracted/GenBuster-200K-mini/benchmark/fake/vidu/1ed1a95e17b60e9f69c2668b15189c06b0e877ef6377b71d6da4a3a57ffd110e.mp4,-10.263707160949709,0.9999651250618626,10.263707160949709,0.0003928216985042,0,0,1,vidu,1,6.6947899758815765,0,627.4797469377518
/workspace/data/genbuster-mini/extracted/GenBuster-200K-mini/benchmark/fake/vidu/1a57c84f978c5f2e50b73e12629a7d83d6c9416df27522593917f7216fe4cc5b.mp4,-25.853647232055664,0.9999999999940856,25.853647232055664,1.568967129842872e-10,0,0,1,vidu,1,6.4232200384140015,1,712.4704346060753
/workspace/data/genbuster-mini/extracted/GenBuster-200K-mini/benchmark/fake/vidu/18d6dfd8175bc7373f84c8cdecfc94ed2a7aa137bb803b314fc64dd477089cf7.mp4,-27.460527420043945,0.999999999998814,27.460527420043945,3.202592445960069e-11,0,0,1,vidu,1,6.98200985789299,0,628.1852051615715
/workspace/data/genbuster-mini/extracted/GenBuster-200K-mini/benchmark/fake/vidu/17ccd0bf78a27f7f15accaa89c2300bd318205858bbc3a18f66379c508ae60fd.mp4,-29.40419006347656,0.9999999999998302,29.40419006347656,3.834729960958209e-12,0,0,1,vidu,1,5.925606936216354,1,713.177140802145
/workspace/data/genbuster-mini/extracted/GenBuster-200K-mini/benchmark/fake/vidu/137ce0b7d02788f80f4905e848a00b0c4eaa0fb86aefba738d2821d66b418f7f.mp4,-20.327598571777344,0.999999998514625,20.327598571777344,3.167748300385471e-08,0,0,1,vidu,1,5.519915372133255,1,712.141178548336
/workspace/data/genbuster-mini/extracted/GenBuster-200K-mini/benchmark/fake/vidu/117295fadb1607ea61c745400b0b9d8ab63ddcc9b40761cdba68914597a647c9.mp4,-13.656699180603027,0.9999988278846104,13.656699180603027,1.717934143236597e-05,0,0,1,vidu,1,6.761029362678528,1,713.8328440487385
/workspace/data/genbuster-mini/extracted/GenBuster-200K-mini/benchmark/fake/vidu/10d4dc96121d5208744ccd930d0febcc2d0a6c902af8fcc0dc19500fff2341eb.mp4,-8.259038925170898,0.9997411593212746,8.259038925170898,0.002396649429559,0,0,1,vidu,1,6.628956645727158,1,711.2027704715729
/workspace/data/genbuster-mini/extracted/GenBuster-200K-mini/benchmark/fake/vidu/10a464e630a89f2f2cebb56a57dc6ddc02d6cabd7d3eda47df21f6539cd56699.mp4,-22.423748016357425,0.9999999998174044,22.423748016357425,4.27507267021361e-09,0,0,1,vidu,1,7.104627788066864,1,721.2393879890442
/workspace/data/genbuster-mini/extracted/GenBuster-200K-mini/benchmark/fake/vidu/105d45bd91239e83b53d65c00d3bedd1185c45a1a22994dc66b7c07518276f6a.mp4,-17.926782608032227,0.9999999836130852,17.926782608032227,3.101495778790276e-07,0,0,1,vidu,1,6.990469992160797,0,632.31560587883
/workspace/data/genbuster-mini/extracted/GenBuster-200K-mini/benchmark/fake/vidu/0fb71eca253388fdfb5a0059100810afada2d70e91cda2158fc83871af523928.mp4,-15.44334888458252,0.9999998036464604,15.44334888458252,3.228707766257848e-06,0,0,1,vidu,1,7.049962878227234,1,713.8589918613434
/workspace/data/genbuster-mini/extracted/GenBuster-200K-mini/benchmark/fake/vidu/0efb966749efcacf3afd775addca77cb8a4ac9637504b7d78cc77917690537f6.mp4,-22.740673065185547,0.9999999998670002,22.740673065185547,3.155509951260787e-09,0,0,1,vidu,1,7.083144038915634,1,711.3015055656433
/workspace/data/genbuster-mini/extracted/GenBuster-200K-mini/benchmark/fake/vidu/0bf965d2ab8c3d6c39d1fa94a97b3516849f051185589fdb09a6bed49b10179d.mp4,-24.10238647460937,0.9999999999659226,24.10238647460937,8.534386688041254e-10,0,0,1,vidu,1,7.0252977311611176,0,623.2549995183945
/workspace/data/genbuster-mini/extracted/GenBuster-200K-mini/benchmark/fake/vidu/0b06896ce5e9e00590e9ba90975059d0776d15a2e969835c898f3a57d1f96c0e.mp4,-13.455522537231444,0.9999985666897828,13.455522537231444,2.0719247147373685e-05,0,0,1,vidu,1,6.70861080288887,0,627.846222370863
/workspace/data/genbuster-mini/extracted/GenBuster-200K-mini/benchmark/fake/vidu/0a5248b880f71f2e01f7fe820c441a39f95003576dbcd25b335a1d046123fbde.mp4,-21.930442810058597,0.9999999997009598,21.930442810058597,6.855127374850983e-09,0,0,1,vidu,1,6.9647058844566345,0,628.3548437058926
/workspace/data/genbuster-mini/extracted/GenBuster-200K-mini/benchmark/fake/vidu/0a3760272bcc04d5f35ad0bdb46bcbacdbff030388a02e94a4f9972c12a21c3a.mp4,-16.37774085998535,0.999999922867488,16.37774085998535,1.3403868090217478e-06,0,0,1,vidu,1,7.079515606164932,1,714.3367491662502
/workspace/data/genbuster-mini/extracted/GenBuster-200K-mini/benchmark/fake/vidu/0969aa5626a915105cd09f0d4f4141d6cc8de9f07942a47d8dbdcb54d8554c0d.mp4,-19.562715530395508,0.9999999968083106,19.562715530395508,6.562780033135238e-08,0,0,1,vidu,1,6.889961659908295,0,630.3022876381874
/workspace/data/genbuster-mini/extracted/GenBuster-200K-mini/benchmark/fake/vidu/03de62c2b9c6830a891bbfaf599ffacc5c28187042e6ade9c7dc4333c2804198.mp4,-41.7026596069336,1.0,41.7026596069336,-1.0000675129869497e-12,0,0,1,vidu,1,7.146645337343216,0,636.7123872041702
/workspace/data/genbuster-mini/extracted/GenBuster-200K-mini/benchmark/fake/vidu/038681a528a5738f2fb75595423d406e8f47bb5d2881b241924ea81ab018e40a.mp4,-27.69588851928711,0.9999999999990627,27.69588851928711,2.5213017808515388e-11,0,0,1,vidu,1,7.0421770215034485,1,713.6224955320358
/workspace/data/genbuster-mini/extracted/GenBuster-200K-mini/benchmark/fake/vidu/0326d0fb4285e60a944c7179c6628bfaddbe989a2821e1d8d5a5d4d0853fb13d.mp4,-18.18277359008789,0.9999999873140863,18.18277359008789,2.433490097504065e-07,0,0,1,vidu,1,6.964631378650665,0,623.2797205448151
/workspace/data/genbuster-mini/extracted/GenBuster-200K-mini/benchmark/fake/vidu/0313eb4e3e91c1c1fa502b66ec3a286bad79dadcbda6885216c11131a48620df.mp4,-23.59503936767578,0.9999999999434016,23.59503936767578,1.3900499581584484e-09,0,0,1,vidu,1,8.087951689958572,0,622.1420355141163
/workspace/data/genbuster-mini/extracted/GenBuster-200K-mini/benchmark/fake/vidu/016ca050a8d192bc0fde03b9d9463d1fd1272c924e4dbaddc423ba7b96ee6e0d.mp4,-29.461708068847656,0.9999999999998396,29.461708068847656,3.5657397157904226e-12,0,0,1,vidu,1,6.990056484937668,0,621.2254986166954
/workspace/data/genbuster-mini/extracted/GenBuster-200K-mini/benchmark/fake/vidu/00e48c1f4e510313704843eb2929ef2563f10ee148a5f62d59562b03fb284e89.mp4,-39.51631164550781,1.0,39.51631164550781,-9.99898494527384e-13,0,0,1,vidu,1,6.87822699546814,1,708.3348706364632
/workspace/data/genbuster-mini/extracted/GenBuster-200K-mini/benchmark/fake/sora/fecf705d8a30d9de916764ebe5389f26060e206bd709c77f0da4fd88ef803e8c.mp4,-18.13375663757324,0.9999999866767686,18.13375663757324,2.549214668799094e-07,0,0,1,sora,1,6.810363382101059,1,720.6770554184914
/workspace/data/genbuster-mini/extracted/GenBuster-200K-mini/benchmark/fake/sora/fc63d0a3573136e134f210ec02ca25e50f762f2a8d62281aa5d1606394ffda37.mp4,-31.692005157470703,0.9999999999999828,31.692005157470703,-5.069246007740919e-13,0,0,1,sora,1,6.567653268575668,0,620.8787485957146
/workspace/data/genbuster-mini/extracted/GenBuster-200K-mini/benchmark/fake/sora/fb1d2037d3367f3cfba68e3f376d60d557d236040f5d39165468087e9984d5b9.mp4,-31.898468017578125,0.999999999999986,31.898468017578125,-5.989766540769686e-13,0,0,1,sora,1,5.71548193693161,0,622.9455098509789
/workspace/data/genbuster-mini/extracted/GenBuster-200K-mini/benchmark/fake/sora/fa3d2fd40916d37d9fabeb4603c6d4a2b32247de5dd53d7779ed3366f428f39a.mp4,-12.340826988220217,0.9999956303663566,12.340826988220217,5.829453411154938e-05,0,0,1,sora,1,6.636630743741989,0,626.3652853667736
/workspace/data/genbuster-mini/extracted/GenBuster-200K-mini/benchmark/fake/sora/fa0dc2a7a5c11b6d3bea043dd41104d4e4f0ac38b19ea84577c1fbed8474405d.mp4,-10.247583389282228,0.9999645582065568,10.247583389282228,0.0003986351531777,0,0,1,sora,1,6.949730217456818,0,625.9395331144333
/workspace/data/genbuster-mini/extracted/GenBuster-200K-mini/benchmark/fake/sora/f94537c11a0c58fecdc2030b78647bdbf49c60af3ebac027391a35efa6b0e3a9.mp4,-10.583791732788086,0.9999746774938104,10.583791732788086,0.0002933309546843,0,0,1,sora,1,7.0195272564888,0,619.4609478116035
/workspace/data/genbuster-mini/extracted/GenBuster-200K-mini/benchmark/fake/sora/f79b54987d232dd58d3b9e8ce46cbcc027fa71a94dc8f86d7c2bfab0ef63a7cf.mp4,-41.41313552856445,1.0,41.41313552856445,-1.000060331208099e-12,0,0,1,sora,1,6.969895213842392,1,712.3397812247276
/workspace/data/genbuster-mini/extracted/GenBuster-200K-mini/benchmark/fake/sora/f63a96ccc36ad915746d1d78a6a3999ab8763c7152080549fbed025e2ff64da1.mp4,-44.95397567749024,1.0,44.95397567749024,-1.000088072385479e-12,0,0,1,sora,1,7.065083831548691,0,625.9142644703388
/workspace/data/genbuster-mini/extracted/GenBuster-200K-mini/benchmark/fake/sora/f62407a2ca020f93054d92202437aefe9f312361f8ee3cb150b6dd1d8c8cbe1b.mp4,-35.69135284423828,0.9999999999999996,35.69135284423828,-9.90918426616397e-13,0,0,1,sora,1,7.068395614624023,1,708.0320604145527
/workspace/data/genbuster-mini/extracted/GenBuster-200K-mini/benchmark/fake/sora/f56f94d5c32fdf4831d16c2f2afaf2d6cdf614373f7b055b5d4b65d8d9ecb090.mp4,-19.64461708068848,0.9999999970592968,19.64461708068848,6.070769247462182e-08,0,0,1,sora,1,7.1172937750816345,0,621.1116351187229
/workspace/data/genbuster-mini/extracted/GenBuster-200K-mini/benchmark/fake/sora/f52231449249ab72e168ab6d96eaff488562a3d04e973b4b0f72951e2e734633.mp4,-30.16666412353516,0.9999999999999208,30.16666412353516,1.261817166850001e-12,0,0,1,sora,1,4.8912763595581055,0,622.7132678031921
/workspace/data/genbuster-mini/extracted/GenBuster-200K-mini/benchmark/fake/sora/f3b93e76c10371f9acc6e70b2788f070908ad3ede763314ceb77f93a1ff47189.mp4,-29.97217559814453,0.9999999999999036,29.97217559814453,1.7459994757585833e-12,0,0,1,sora,1,6.96023553609848,1,703.6089263856411
/workspace/data/genbuster-mini/extracted/GenBuster-200K-mini/benchmark/fake/sora/f31c079b357ab6ef60d5d4b68d16b5d4a0fbf1dfbdedf8ad72960fce00f20ccf.mp4,-7.983963966369629,0.9996592306997628,7.983963966369629,0.0030615172058978,0,0,1,sora,1,7.018886506557465,0,622.2081668674946
/workspace/data/genbuster-mini/extracted/GenBuster-200K-mini/benchmark/fake/sora/f1f122764995a2d913ee6e1dd5b6aae91149b053be6d213adba7f964af15e289.mp4,-29.00965881347656,0.999999999999748,29.00965881347656,6.156178490179308e-12,0,0,1,sora,1,7.060609757900238,0,624.0403428673744
/workspace/data/genbuster-mini/extracted/GenBuster-200K-mini/benchmark/fake/sora/f0a309323c93bb0c1cf96a2bd0de0d069531d8f414522a310f02a7941bd17180.mp4,-20.5709228515625,0.9999999988354404,20.5709228515625,2.511862490808336e-08,0,0,1,sora,1,7.009133696556091,0,623.737744987011
/workspace/data/genbuster-mini/extracted/GenBuster-200K-mini/benchmark/fake/sora/efd7e392e7f2006cfb7b593ef9d8eec0e611e0ecf8340bbc70f4541d73838aba.mp4,-16.29452133178711,0.9999999161738984,16.29452133178711,1.4497303050217173e-06,0,0,1,sora,1,6.961092352867127,0,622.4764958024025
/workspace/data/genbuster-mini/extracted/GenBuster-200K-mini/benchmark/fake/sora/ef2deb1336f89c2a146bd0649f0c6e8303916088916b2d7e9c1ed114a626f896.mp4,-13.685439109802246,0.9999988610915124,13.685439109802246,1.6725369862470918e-05,0,0,1,sora,1,6.875105202198029,1,706.2127701938152
/workspace/data/genbuster-mini/extracted/GenBuster-200K-mini/benchmark/fake/sora/ee2167539539db3ed6d628e807612ab7ca2c670057789f6005d5856ea54b718a.mp4,-16.546669006347656,0.999999934856227,16.546669006347656,1.1430542285006652e-06,0,0,1,sora,1,6.757374852895737,1,710.1818062365055
/workspace/data/genbuster-mini/extracted/GenBuster-200K-mini/benchmark/fake/sora/eb4fb7eaf1fdf46323fe793cf9bbab297a5fb5baddeda9a5c0841bcd3468f423.mp4,-19.031442642211918,0.9999999945706292,19.031442642211918,1.0875612823219489e-07,0,0,1,sora,1,6.846215575933456,0,623.5766299068928
/workspace/data/genbuster-mini/extracted/GenBuster-200K-mini/benchmark/fake/sora/eb338609ace1512aeae96b003a36f067b93a3c8efb4c491549ba0a0f544c3bd7.mp4,-16.215368270874023,0.9999999092691424,16.215368270874023,1.5619631259068288e-06,0,0,1,sora,1,7.003962993621826,0,623.9336505532265
/workspace/data/genbuster-mini/extracted/GenBuster-200K-mini/benchmark/fake/sora/e980086fb0f1eddadef5c32fe0e4c978d56b48a0a0adf83fbb9fc4c3b8aed9c3.mp4,-17.23834800720215,0.9999999673802548,17.23834800720215,5.949282645419941e-07,0,0,1,sora,1,5.370188504457474,0,622.5749365985394
/workspace/data/genbuster-mini/extracted/GenBuster-200K-mini/benchmark/fake/sora/e905f4bf523e15765623ad858bb0b75092b82dbe8e8fe63cbf1f9f22c5cb4e8d.mp4,-16.589889526367188,0.999999937611797,16.589889526367188,1.09739960411223e-06,0,0,1,sora,1,5.536898970603943,1,708.0717235803604
/workspace/data/genbuster-mini/extracted/GenBuster-200K-mini/benchmark/fake/sora/e8c8896c96a035221358f623c1bf3803adabf1e003312c1377a939aca7df2e35.mp4,-15.87312126159668,0.9999998722411618,15.87312126159668,2.1556883817562844e-06,0,0,1,sora,1,5.554605275392532,0,620.3657425940037
/workspace/data/genbuster-mini/extracted/GenBuster-200K-mini/benchmark/fake/sora/e4c401ad1c402fa0a60a7668ed6b130911fd745325eac40ab2bc341f09d88d52.mp4,-3.063681602478028,0.9553695395588876,3.063681602478028,0.1823905823906288,0,0,1,sora,1,5.255002528429031,0,622.5681230425835
/workspace/data/genbuster-mini/extracted/GenBuster-200K-mini/benchmark/fake/sora/e44c6ba630e9d11556462e46efccbf5ac4a9e5382041c862b257dcae216829e4.mp4,-24.950345993041992,0.999999999985405,24.950345993041992,3.767766691951578e-10,0,0,1,sora,1,5.513694137334824,0,622.1044138073921
/workspace/data/genbuster-mini/extracted/GenBuster-200K-mini/benchmark/fake/sora/e3e8ae363853e06fecd78df70d15a83b1ae7ad82377d42e442e5c99e3aa8d00f.mp4,-18.431962966918945,0.9999999901121877,18.431962966918945,1.9213760284792843e-07,0,0,1,sora,1,5.358215421438217,1,707.4452862143517
/workspace/data/genbuster-mini/extracted/GenBuster-200K-mini/benchmark/fake/sora/e39ed0acb3693763bd663b411a273cc35a5ff84a3f0a148891c5cbdcf5fbe48d.mp4,-29.52417755126953,0.9999999999998496,29.52417755126953,3.290445014803024e-12,0,0,1,sora,1,5.523175001144409,0,619.7667941451073
/workspace/data/genbuster-mini/extracted/GenBuster-200K-mini/benchmark/fake/sora/e3956b7d3ea5e00bfcf6bb569a60c6797649806ba2fc450a32b28419ed0f14ca.mp4,-26.805599212646484,0.9999999999977172,26.805599212646484,6.164652948182934e-11,0,0,1,sora,1,6.392251700162888,1,708.9049406349659
/workspace/data/genbuster-mini/extracted/GenBuster-200K-mini/benchmark/fake/sora/e29417daf8497617428a9ea9f6a6054678d50f7190657bc361f193fdf2decba4.mp4,-19.271629333496094,0.9999999957299032,19.271629333496094,8.65598181773288e-08,0,0,1,sora,1,5.300275981426239,0,628.3851526677608
/workspace/data/genbuster-mini/extracted/GenBuster-200K-mini/benchmark/fake/sora/df193c20964c53c1cbbba6801448bc092b3cd2cdcdbd8136ed5c4f83219798b1.mp4,-19.079383850097656,0.9999999948247792,19.079383850097656,1.0391324298802025e-07,0,0,1,sora,1,7.654730230569839,0,624.3816465139389
/workspace/data/genbuster-mini/extracted/GenBuster-200K-mini/benchmark/fake/sora/de4deb2b38ed3d17100cb23a5ccd0388a1f53017a5770833eb410301a01a11a7.mp4,-19.37571907043457,0.999999996152026,19.37571907043457,7.840323614986407e-08,0,0,1,sora,1,9.128831326961516,1,712.0648063719273
/workspace/data/genbuster-mini/extracted/GenBuster-200K-mini/benchmark/fake/sora/dd3689904ca29d71f3339948ea2559e5991ebf763eee7d69831b4f76e2dd133f.mp4,-29.92214584350586,0.9999999999998987,29.92214584350586,1.886366817746552e-12,0,0,1,sora,1,7.983312010765076,0,623.8581351935863
/workspace/data/genbuster-mini/extracted/GenBuster-200K-mini/benchmark/fake/sora/da8c0a0fbc9292c183141f9f62ed7ee4d76847cfda4fa2bac0423a9269ee2a30.mp4,-23.325830459594727,0.9999999999259168,23.325830459594727,1.8001453595320787e-09,0,0,1,sora,1,7.242556661367416,1,709.0461067855358
/workspace/data/genbuster-mini/extracted/GenBuster-200K-mini/benchmark/fake/sora/da4b6257ce8923639bff131c5c554406d715564cae2d77c36a9e4f4561c62b0d.mp4,-18.0707950592041,0.9999999858109464,18.0707950592041,2.705945309852337e-07,0,0,1,sora,1,7.881559431552887,0,621.7000521719456
/workspace/data/genbuster-mini/extracted/GenBuster-200K-mini/benchmark/fake/sora/da30095b36e23ef33791b3d128e51861bb49d2c930df93c02a367e64e960ed02.mp4,-28.27377319335937,0.9999999999994742,28.27377319335937,1.3833105281369038e-11,0,0,1,sora,1,7.167834788560867,0,622.3084554076195
/workspace/data/genbuster-mini/extracted/GenBuster-200K-mini/benchmark/fake/sora/d9a891f42f11045727d2c0aceb04335c5ac758e6f23c1e274a1c5145c7a6520f.mp4,-32.23929977416992,0.99999999999999,32.23929977416992,-7.147431352755062e-13,0,0,1,sora,1,7.594779133796692,0,622.4702298641205
/workspace/data/genbuster-mini/extracted/GenBuster-200K-mini/benchmark/fake/sora/d891a3708e912f9c8faa07bb2e97acfe66c7ddf133733d06444519b1794576f4.mp4,-4.547724723815918,0.9895197236910462,4.547724723815918,0.0581969920989669,0,0,1,sora,1,6.8779438734054565,0,622.1076250076294
/workspace/data/genbuster-mini/extracted/GenBuster-200K-mini/benchmark/fake/sora/d8054b309e5017a2f9ec0e90e6f3304994dd5f1c084484bf86f7596d6712f271.mp4,-2.357426643371582,0.9135227352380751,2.357426643371582,0.2943108299782536,0,0,1,sora,1,7.170472294092178,0,619.9744902551174
/workspace/data/genbuster-mini/extracted/GenBuster-200K-mini/benchmark/fake/sora/d71613ef4fa74b6a2a3ed0f4a18e3c81053335121c130608661c72e5042a2832.mp4,-26.22666358947754,0.999999999995927,26.22666358947754,1.0899756802369604e-10,0,0,1,sora,1,7.358349859714508,0,624.0136325359344
/workspace/data/genbuster-mini/extracted/GenBuster-200K-mini/benchmark/fake/sora/d6d1c194be00cf9484d46a4948a15ba0c749a42fe1d2aa453516bd7d25b980f1.mp4,-22.575952529907227,0.9999999998431848,22.575952529907227,3.695072811431163e-09,0,0,1,sora,1,5.408644676208496,0,629.3341927230358
/workspace/data/genbuster-mini/extracted/GenBuster-200K-mini/benchmark/fake/sora/d68b9a8f8f58707292f2941b9d5a3d3c6c74e95648a29faa62d29ea492d53f47.mp4,-10.205100059509276,0.9999630201382388,10.205100059509276,0.0004143637341085,0,0,1,sora,1,7.003165781497955,0,622.7486953139305
/workspace/data/genbuster-mini/extracted/GenBuster-200K-mini/benchmark/fake/sora/d4c8bde2c7e93ae55aac0eebf772d653f8a7e96b9373f3d3aca44b6e60b2f71e.mp4,-20.957263946533203,0.9999999992086368,20.957263946533203,1.7374172474024578e-08,0,0,1,sora,1,7.275916635990143,0,622.5031837821007
/workspace/data/genbuster-mini/extracted/GenBuster-200K-mini/benchmark/fake/sora/d1dff98137894b9523ae811be9f28bac02b0225b1faa8c632bf9314a077ced3c.mp4,-3.764425039291382,0.9773442465811968,3.764425039291382,0.1082022253372301,0,0,1,sora,1,7.161054760217667,0,625.2367421984673
/workspace/data/genbuster-mini/extracted/GenBuster-200K-mini/benchmark/fake/sora/d15bfda0f2418dec7aa34ee4817b86a86e8b24138e607b36b5f8b0fd3819b633.mp4,-26.985963821411133,0.999999999998094,26.985963821411133,5.154010352520928e-11,0,0,1,sora,1,7.304541766643524,0,622.1131533384323
/workspace/data/genbuster-mini/extracted/GenBuster-200K-mini/benchmark/fake/sora/d111f990e9a6dbeb66ee2987700bdc0ea37ecc36b90bcb2a554d59444fc7430c.mp4,-1.2962117195129397,0.7851967364549637,1.2962117195129397,0.5202514870849081,0,0,1,sora,1,7.092572748661041,0,622.7558217942715
/workspace/data/genbuster-mini/extracted/GenBuster-200K-mini/benchmark/fake/sora/d02403d6eaaf02c727093cc03e9558c120552b603967137f97dbea568cec78ba.mp4,-17.015869140625,0.9999999592524098,17.015869140625,7.341012516675696e-07,0,0,1,sora,1,7.473178207874298,0,620.3304529190063
/workspace/data/genbuster-mini/extracted/GenBuster-200K-mini/benchmark/fake/sora/ce8417b4c4b6de5dd4cc1c0d436df2da23c68c07a729a94fa3aabf78606d3e5f.mp4,-19.44284439086914,0.999999996401844,19.44284439086914,7.355454310149688e-08,0,0,1,sora,1,7.161885499954224,0,622.8389404714108
/workspace/data/genbuster-mini/extracted/GenBuster-200K-mini/benchmark/fake/sora/ce56568f57e5676339add48a8981f6c420e59396c13c56f4819ed0ab2f28d89f.mp4,-16.908000946044922,0.9999999546112264,16.908000946044922,8.128202043180992e-07,0,0,1,sora,1,7.459394633769989,0,619.1613301634789
/workspace/data/genbuster-mini/extracted/GenBuster-200K-mini/benchmark/fake/sora/cd29c86c5fb83c4f5bc9c107e9bd74b3cdc5b91f1bec915d7c17edd1539c15df.mp4,-29.290172576904297,0.9999999999998096,29.290172576904297,4.415245871581827e-12,0,0,1,sora,1,7.035814225673676,1,705.9593237936497
/workspace/data/genbuster-mini/extracted/GenBuster-200K-mini/benchmark/fake/sora/cbdecfc82a723f692fe2f6c60a11b941f64daea6cdd1c95eaff33f2c22057e28.mp4,-25.462818145751957,0.9999999999912574,25.462818145751957,2.294059631286897e-10,0,0,1,sora,1,7.463078945875168,0,621.5607523918152
/workspace/data/genbuster-mini/extracted/GenBuster-200K-mini/benchmark/fake/sora/ca5a3bd00b4d17810c96ab42ae4658ccdf3309c644918efd50dcb9e9dd4d380e.mp4,-26.26855087280273,0.999999999996094,26.26855087280273,1.0461603326462887e-10,0,0,1,sora,1,7.05285370349884,1,711.0189907252789
/workspace/data/genbuster-mini/extracted/GenBuster-200K-mini/benchmark/fake/sora/c9ad66768480f1db5a6cbd417b9309d75a4423211fc7cfa2a85635cbee6af6ea.mp4,-18.56964111328125,0.9999999913839676,18.56964111328125,1.6861066087087053e-07,0,0,1,sora,1,7.368374615907669,0,620.5601245164871
/workspace/data/genbuster-mini/extracted/GenBuster-200K-mini/benchmark/fake/sora/c950b68aa336782847647890db8cf949ab4956160c00bf28f3d93dab2970d931.mp4,-23.74082565307617,0.9999999999510796,23.74082565307617,1.2083423452971063e-09,0,0,1,sora,1,7.2486549615859985,1,706.9166786968708
/workspace/data/genbuster-mini/extracted/GenBuster-200K-mini/benchmark/fake/sora/c8813df5bf0e07540fbececaf1233606570acdd621e7e1d9e90d3d9ca04257af.mp4,-17.024595260620117,0.9999999596064376,17.024595260620117,7.28075616530848e-07,0,0,1,sora,1,7.384158670902252,0,624.449010938406
/workspace/data/genbuster-mini/extracted/GenBuster-200K-mini/benchmark/fake/sora/c83d41c1653764d04a8202f1b44f3d7583c51b8e5128aa95199f2c6dac3ee8cc.mp4,-15.685198783874512,0.999999845828313,15.685198783874512,2.572383266219272e-06,0,0,1,sora,1,7.078353315591812,0,618.2124838232994
/workspace/data/genbuster-mini/extracted/GenBuster-200K-mini/benchmark/fake/sora/c75e183ddd2add452ad012bd5cfa42d7d6e5eb69926befbf164a765f9d14dcdc.mp4,-22.288991928100582,0.9999999997910638,22.288991928100582,4.8639171532456605e-09,0,0,1,sora,1,7.387015968561172,0,622.437983751297
/workspace/data/genbuster-mini/extracted/GenBuster-200K-mini/benchmark/fake/sora/c6dbdaf93af38f0ff686ab9db54935a8f11727d16e08434f1d4df4b50af97617.mp4,-21.930213928222656,0.9999999997008912,21.930213928222656,6.856629037713142e-09,0,0,1,sora,1,7.361248135566711,1,714.3692523241043
/workspace/data/genbuster-mini/extracted/GenBuster-200K-mini/benchmark/fake/sora/be78b7d0dea037a680ce1c530ca2c21065a29f70a0f970a714c802f00aafcc62.mp4,-12.237896919250488,0.9999951566401252,12.237896919250488,6.4115909108684e-05,0,0,1,sora,1,7.377855479717255,1,708.0218382179737
/workspace/data/genbuster-mini/extracted/GenBuster-200K-mini/benchmark/fake/sora/bb091f08e54883f8b685c3f519fdb790f2dd5c757ae880035353d87f21aed602.mp4,-19.19017791748047,0.9999999953675408,19.19017791748047,9.352817779938525e-08,0,0,1,sora,1,7.131397724151611,0,621.3100664317608
/workspace/data/genbuster-mini/extracted/GenBuster-200K-mini/benchmark/fake/sora/b94851283cf9a77037ef0f4d241e35c2d5c5066b316381a15c3c90d7b813cda6.mp4,-8.970719337463379,0.9998729394137628,8.970719337463379,0.0012668935306269,0,0,1,sora,1,7.16085359454155,0,619.3805783987045
/workspace/data/genbuster-mini/extracted/GenBuster-200K-mini/benchmark/fake/sora/b76cd6aa089e0de9cb5f6b208e658ba0427f9b25dbc480432079e4b46b15f2dd.mp4,-18.318771362304688,0.9999999889271683,18.318771362304688,2.139115006008855e-07,0,0,1,sora,1,6.97510689496994,1,709.9185734987259
/workspace/data/genbuster-mini/extracted/GenBuster-200K-mini/benchmark/fake/sora/b57196e77975eddc5718db6b81eb9d3991c631a502329993f9becb81f300f100.mp4,-15.220650672912598,0.9999997546673568,15.220650672912598,3.979453108327696e-06,0,0,1,sora,1,7.958646863698959,1,708.0455124378204
/workspace/data/genbuster-mini/extracted/GenBuster-200K-mini/benchmark/fake/sora/b28d33df4d72cca3a257f7441dce956d2d15006ea914a884f9f587826bc29904.mp4,-13.029318809509276,0.99999780498365,13.029318809509276,3.0794584703233297e-05,0,0,1,sora,1,7.052943110466003,0,619.9252419173717
/workspace/data/genbuster-mini/extracted/GenBuster-200K-mini/benchmark/fake/sora/b05f8629aac7aaf5dd61f076bebfe4c00a8027b5600c576c6da94f48f34194ba.mp4,-20.69650650024414,0.9999999989728794,20.69650650024414,2.2282929488531333e-08,0,0,1,sora,1,7.400065660476685,0,623.0422705411911
/workspace/data/genbuster-mini/extracted/GenBuster-200K-mini/benchmark/fake/sora/afc11c62e884d6802f2a7afb498c396f93e6f25745b0fb382f25f03dd8bc7ecd.mp4,-5.859619140625,0.9971557827666402,5.859619140625,0.0195142993772004,0,0,1,sora,1,7.183495908975601,0,620.0396902859211
/workspace/data/genbuster-mini/extracted/GenBuster-200K-mini/benchmark/fake/sora/ae29f142ca46eb391f6552a3cf74a4f727d469bb7eb82b2b824b728911bbae0e.mp4,-29.69272232055664,0.9999999999998728,29.69272232055664,2.627600504068584e-12,0,0,1,sora,1,7.181897759437561,0,623.6015670001507
/workspace/data/genbuster-mini/extracted/GenBuster-200K-mini/benchmark/fake/sora/adb66d6ec321607059cadb7b1482231bb9aab1fa669bd6dd88794ba89628eefd.mp4,-12.24874782562256,0.9999952089096952,12.24874782562256,6.347595642407805e-05,0,0,1,sora,1,6.951514631509781,1,710.3409320116043
/workspace/data/genbuster-mini/extracted/GenBuster-200K-mini/benchmark/fake/sora/ad9194c4616aaacd44bd616f18a1fc5e7638622bebe510e87d97b3ff70353311.mp4,-18.11844253540039,0.9999999864711642,18.11844253540039,2.586482690806243e-07,0,0,1,sora,1,6.840687245130539,0,626.506119966507
/workspace/data/genbuster-mini/extracted/GenBuster-200K-mini/benchmark/fake/sora/a9ce2ab1fd1d5e7bb13e2be8416961881e82e02a196f87f8505f0f125c45db56.mp4,-24.27837371826172,0.9999999999714216,24.27837371826172,7.204297956664124e-10,0,0,1,sora,1,7.282789796590805,1,706.6674493253231
/workspace/data/genbuster-mini/extracted/GenBuster-200K-mini/benchmark/fake/sora/a9c9f8c545129c624fc313d0247f0285d786a8350074d8cedcd84e6c1a51ef03.mp4,-15.774547576904297,0.9999998590058824,15.774547576904297,2.3651105382802285e-06,0,0,1,sora,1,7.088575512170792,1,710.324477404356
/workspace/data/genbuster-mini/extracted/GenBuster-200K-mini/benchmark/fake/sora/a97557cc64df153a90d00ab77ff990551342552d98a57831e99898089b9f6f9b.mp4,-18.617624282836918,0.9999999917876295,18.617624282836918,1.611051954979013e-07,0,0,1,sora,1,7.513087242841721,0,635.8519829809666
/workspace/data/genbuster-mini/extracted/GenBuster-200K-mini/benchmark/fake/sora/a966767519adaa74f4459ab6cc35dfdbf072f8017d2f695f2c1642e039e4f81d.mp4,-17.026248931884766,0.999999959673179,17.026248931884766,7.269393180903858e-07,0,0,1,sora,1,7.060974836349487,0,630.226768553257
/workspace/data/genbuster-mini/extracted/GenBuster-200K-mini/benchmark/fake/sora/a6410a2c38c1147e376545abf97d624d1aeab6d963cd2a0fb34341f4f3508a9b.mp4,-18.438692092895508,0.9999999901785016,18.438692092895508,1.9091508158438806e-07,0,0,1,sora,1,7.412426173686981,0,627.1382309496403
/workspace/data/genbuster-mini/extracted/GenBuster-200K-mini/benchmark/fake/sora/a5f42588af9f421948a97b77f869a1baea0e7ee6ab3fa2be2ead0acd06d93b59.mp4,-27.57327079772949,0.9999999999989404,27.57327079772949,2.8567815325628208e-11,0,0,1,sora,1,7.023368030786514,0,624.7312985360622
/workspace/data/genbuster-mini/extracted/GenBuster-200K-mini/benchmark/fake/sora/a5a8b0c2eb59f4e20d2b4b9b57ea9bb11e1bb7b0f43d21479e98e82fdd27cf59.mp4,-9.489892959594728,0.9999243935162668,9.489892959594728,0.0007931067736337,0,0,1,sora,1,7.653020322322845,0,620.912354439497
/workspace/data/genbuster-mini/extracted/GenBuster-200K-mini/benchmark/fake/sora/a399d57c396c57b3273a23845558c31a36c754b4e9378b2f35e543cbb72a6a30.mp4,-6.977083206176758,0.9990678490139544,6.977083206176758,0.0074362806621841,0,0,1,sora,1,6.919551640748978,0,623.1313906610012
/workspace/data/genbuster-mini/extracted/GenBuster-200K-mini/benchmark/fake/sora/a2ff893a7169df34225e444ba25725dfcc6e86285190d617faefb86f96bd34f8.mp4,-10.907828330993652,0.9999816860345164,10.907828330993652,0.0002180797227943,0,0,1,sora,1,7.448054850101471,0,617.8119815886021
/workspace/data/genbuster-mini/extracted/GenBuster-200K-mini/benchmark/fake/sora/a2c400c75b847d95944a36be628691d928e94cfd1097a13a319f9387a40d5153.mp4,-10.4236421585083,0.9999702794502808,10.4236421585083,0.000339517363285,0,0,1,sora,1,7.011048495769501,0,625.9950511157513
/workspace/data/genbuster-mini/extracted/GenBuster-200K-mini/benchmark/fake/sora/9ed64f57633232f6e77805bbadca5035b92bd057936efb74f72c52819c0d7173.mp4,-30.536346435546875,0.9999999999999452,30.536346435546875,5.641125912880344e-13,0,0,1,sora,1,7.536917924880981,1,709.3060500919819
/workspace/data/genbuster-mini/extracted/GenBuster-200K-mini/benchmark/fake/sora/9e39f21aef114fb534c7fef8828a1026cefaff8ebc282f00dad622e41d6fd7b7.mp4,-27.554956436157227,0.999999999998921,27.554956436157227,2.9104064678717915e-11,0,0,1,sora,1,7.078133523464203,0,622.6256042718887
/workspace/data/genbuster-mini/extracted/GenBuster-200K-mini/benchmark/fake/sora/9b6e966e8377f34af257fb5b98b04ec0e8f64d28f60ccc170b32281fbf8c8606.mp4,-25.09768867492676,0.9999999999874046,25.09768867492676,3.2674876157846993e-10,0,0,1,sora,1,7.535189390182495,0,628.7891753017902
/workspace/data/genbuster-mini/extracted/GenBuster-200K-mini/benchmark/fake/sora/9b502940edb4f85c99a713d4a6825ba9baa7c88db0e258f37bef4593eb08b3c4.mp4,-23.92695617675781,0.999999999959388,23.92695617675781,1.0103469938977143e-09,0,0,1,sora,1,7.0684365928173065,1,706.0251720249653
/workspace/data/genbuster-mini/extracted/GenBuster-200K-mini/benchmark/fake/sora/99baf03762df7ea807a62be55e2649f3198f3c383743b8d3705b844f3cc79057.mp4,-23.20328521728516,0.9999999999162584,23.20328521728516,2.024827988278997e-09,0,0,1,sora,1,7.806990295648575,1,707.0619277656078
/workspace/data/genbuster-mini/extracted/GenBuster-200K-mini/benchmark/fake/sora/988155f25307558c5aabd466783b6a39a6f0700a3fb470106b1652c4ee6fd8c3.mp4,-34.179954528808594,0.9999999999999986,34.179954528808594,-9.58978913146742e-13,0,0,1,sora,1,7.107377052307129,0,622.5426569581032
/workspace/data/genbuster-mini/extracted/GenBuster-200K-mini/benchmark/fake/sora/9536c8aa6b54fb378cdd38e6c93b222cab80adf35529658049ad2f8f9740f193.mp4,-24.86528778076172,0.9999999999841092,24.86528778076172,4.0904753369170176e-10,0,0,1,sora,1,7.508568465709686,0,622.5315034389496
/workspace/data/genbuster-mini/extracted/GenBuster-200K-mini/benchmark/fake/sora/9476c66341a271bb54c5d16064bd8ff68daafd82a71f109dd5a226933e34b537.mp4,-30.612388610839844,0.9999999999999492,30.612388610839844,4.497895427791349e-13,0,0,1,sora,1,7.000576704740524,0,621.0938319563866
/workspace/data/genbuster-mini/extracted/GenBuster-200K-mini/benchmark/fake/sora/9472cd6429f5409327caa5c9665b5d3c0cd03f3360edaffa76a4f6fc2af1aaa7.mp4,-13.507034301757812,0.9999986386526416,13.507034301757812,1.9749111725437428e-05,0,0,1,sora,1,7.474459707736969,0,621.6004602611065
/workspace/data/genbuster-mini/extracted/GenBuster-200K-mini/benchmark/fake/sora/9388d01fac83b4bd7f0c3ad9343010f607bf0e0e55e0958ce58532d30f08b63e.mp4,-17.617475509643555,0.9999999776731414,17.617475509643555,4.156677416384108e-07,0,0,1,sora,1,7.037784904241562,0,621.9597831368446
/workspace/data/genbuster-mini/extracted/GenBuster-200K-mini/benchmark/fake/sora/937e49497abc1d49b18195745f33f08961ec14f04c69594be8d09b89073e7749.mp4,-33.46150588989258,0.9999999999999972,33.46150588989258,-9.160682033469399e-13,0,0,1,sora,1,7.426027208566666,0,624.2677457630634
/workspace/data/genbuster-mini/extracted/GenBuster-200K-mini/benchmark/fake/sora/92d5230d0fc64f40f55e958e33b19d0e59d64ca9a52537be892253db7ce12809.mp4,-3.15360951423645,0.9590507112443448,3.15360951423645,0.1709493926975201,0,0,1,sora,1,7.031548768281937,0,622.7218210697174
/workspace/data/genbuster-mini/extracted/GenBuster-200K-mini/benchmark/fake/sora/8e8b49f559d3da4196dc320424550baf8f485a87c1a225c278ffb8992b93feb7.mp4,-20.970218658447266,0.9999999992188224,20.970218658447266,1.7160642601463583e-08,0,0,1,sora,1,7.3263980448246,0,628.9810873568058
/workspace/data/genbuster-mini/extracted/GenBuster-200K-mini/benchmark/fake/sora/8e61985a53ad536b1d841d827f2925c65a816f17461eb7e5a35fb556487560c1.mp4,-14.462592124938965,0.9999994764287408,14.462592124938965,8.095766991398146e-06,0,0,1,sora,1,6.98547437787056,1,711.0809795558453
/workspace/data/genbuster-mini/extracted/GenBuster-200K-mini/benchmark/fake/sora/8cb65a5f77b29d700586664cf534b0c2b1c33ec5942434436b62f84ed098f33f.mp4,-31.727479934692383,0.9999999999999832,31.727479934692383,-5.241655303733085e-13,0,0,1,sora,1,7.636617869138718,0,628.5981945693493
/workspace/data/genbuster-mini/extracted/GenBuster-200K-mini/benchmark/fake/sora/8a4f53a72a7080fb18f392097b5e59793fcbe91e0d35771afcd15a3d3a15a5e2.mp4,-20.05990600585937,0.999999998058696,20.05990600585937,4.088168001811336e-08,0,0,1,sora,1,7.052909582853317,1,711.8012085556984
/workspace/data/genbuster-mini/extracted/GenBuster-200K-mini/benchmark/fake/sora/8a17128b087229ecd75269e2a3564547366e088efcfd26d5b7fbd93468434d79.mp4,-11.7863187789917,0.999992392123204,11.7863187789917,9.727676519022091e-05,0,0,1,sora,1,7.624261081218719,1,709.0997062623501
/workspace/data/genbuster-mini/extracted/GenBuster-200K-mini/benchmark/fake/sora/86403ddcd835d67a776799ad6fb730b9978bb16af42aba2a534f75a6344bf2a8.mp4,-10.022377014160156,0.9999556066723015,10.022377014160156,0.0004893209768148,0,0,1,sora,1,7.216215133666992,1,708.4993124008179
/workspace/data/genbuster-mini/extracted/GenBuster-200K-mini/benchmark/fake/sora/85d031887826fb5893aec947a1e60b56734de0d9c0d9c6f1f3d1f923ed545f0d.mp4,-16.25551986694336,0.999999912839968,16.25551986694336,1.503989669407006e-06,0,0,1,sora,1,7.561799138784409,0,623.1147311627865
/workspace/data/genbuster-mini/extracted/GenBuster-200K-mini/benchmark/fake/sora/83f994630feeb82650434459a82fdf7e499cf142c82c0505f2b41b721df687ac.mp4,-21.24744987487793,0.9999999994079618,21.24744987487793,1.3169342136319931e-08,0,0,1,sora,1,7.01962411403656,1,709.1597691178322
/workspace/data/genbuster-mini/extracted/GenBuster-200K-mini/benchmark/fake/sora/8357bfc60a53de090a395478481927fc100ff1a2162efb967706e76e21f7c534.mp4,-23.837478637695312,0.9999999999555864,23.837478637695312,1.1011293847152296e-09,0,0,1,sora,1,7.571697235107422,0,619.7030320763588
/workspace/data/genbuster-mini/extracted/GenBuster-200K-mini/benchmark/fake/sora/83394d1d598911587441f437b02ef4c7ffc014a59aa1aec3241074a7c39f73fa.mp4,-27.681859970092773,0.9999999999990496,27.681859970092773,2.5576948229162853e-11,0,0,1,sora,1,6.992783397436142,1,709.6046023070812
/workspace/data/genbuster-mini/extracted/GenBuster-200K-mini/benchmark/fake/sora/8080e591aff0120e9c78286b30c9619c4a0bd8b93e4836adc9e3910be61b0a37.mp4,-20.88495635986328,0.9999999991492956,20.88495635986328,1.8615631546841404e-08,0,0,1,sora,1,7.280416786670685,1,708.1308923661709
/workspace/data/genbuster-mini/extracted/GenBuster-200K-mini/benchmark/fake/sora/7fa83de689a7480d2020d3f3d1b231ad6773cf2821c341180e6c1006d56474bc.mp4,-23.246797561645508,0.999999999919824,23.246797561645508,1.9420160878530056e-09,0,0,1,sora,1,8.055340498685837,1,707.8142315149307
/workspace/data/genbuster-mini/extracted/GenBuster-200K-mini/benchmark/fake/sora/7f36c5747aa44d28a87d3b47905471d1f02b6e5dc75e1eb4cdde866092267493.mp4,-21.03571319580078,0.9999999992683458,21.03571319580078,1.6120522372091216e-08,0,0,1,sora,1,7.057517766952515,0,624.9609999358654
/workspace/data/genbuster-mini/extracted/GenBuster-200K-mini/benchmark/fake/sora/7e89fe9a85e404483dac605b7e2e7a40119ac7f61cd6e0570175f829f955938a.mp4,-13.177395820617676,0.9999981070949387,13.177395820617676,2.6836464332835265e-05,0,0,1,sora,1,7.436446845531464,1,713.7226723134518
/workspace/data/genbuster-mini/extracted/GenBuster-200K-mini/benchmark/fake/sora/7e36e5e3ba1c901fa035301b5656e8c7ed850b0e88bb7f6321bd408d12b9e60c.mp4,1.4113203287124634,0.8039740920066833,1.4113203287124634,0.4948435599552444,0,1,1,sora,1,6.930224597454071,0,625.3048181533813
/workspace/data/genbuster-mini/extracted/GenBuster-200K-mini/benchmark/fake/sora/7d5621e2cae7d47016611daf3d2aaed54692c6011829532f35ff9b24be43281f.mp4,-19.266963958740234,0.9999999957099353,19.266963958740234,8.694458798142372e-08,0,0,1,sora,1,7.654622197151184,1,714.0024192631245
/workspace/data/genbuster-mini/extracted/GenBuster-200K-mini/benchmark/fake/sora/7d15b7b129cb61a4bebe34594d4c693a793af4946f41dcc79e1dd10c2d648004.mp4,-23.086488723754883,0.9999999999058836,23.086488723754883,2.264939094599715e-09,0,0,1,sora,1,7.049214094877243,0,627.0787604153156
/workspace/data/genbuster-mini/extracted/GenBuster-200K-mini/benchmark/fake/sora/7cf43b671eb7e17e0fcb078c583bc4219d871e7bec20564774de1c2299666741.mp4,-19.741455078125,0.9999999973307148,19.741455078125,5.5362860108854526e-08,0,0,1,sora,1,7.472008466720581,1,715.6659327447414
/workspace/data/genbuster-mini/extracted/GenBuster-200K-mini/benchmark/fake/sora/7b62d4476cbbd64c51a0d0ddaad6b59f2a651bfec5b28ff3d2e5d0c7de419cd0.mp4,-40.41853332519531,1.0,40.41853332519531,-1.0000116590501557e-12,0,0,1,sora,1,7.166314870119095,1,714.3955156207085
/workspace/data/genbuster-mini/extracted/GenBuster-200K-mini/benchmark/fake/sora/79ded3f6544084fc64c9878f0a32c1a1ed39d2d495709e06850508671fbd38b0.mp4,-20.31762313842773,0.9999999984997338,20.31762313842773,3.1980110927861974e-08,0,0,1,sora,1,7.646966725587845,0,632.0639960467815
/workspace/data/genbuster-mini/extracted/GenBuster-200K-mini/benchmark/fake/sora/78d1d84ba5ebc24c736cd39414a7b9fe732292e2454af10629d741384d50553c.mp4,-14.398838996887209,0.9999994419624728,14.398838996887209,8.593128231140953e-06,0,0,1,sora,1,7.035166025161743,0,628.9791613817215
/workspace/data/genbuster-mini/extracted/GenBuster-200K-mini/benchmark/fake/sora/788f6cc103699cab78dbc2227548a5c5583b886767c71964b1f5bed3f00f8663.mp4,-27.359619140625,0.9999999999986882,27.359619140625,3.5458973370162556e-11,0,0,1,sora,1,7.518589496612549,0,623.295683413744
/workspace/data/genbuster-mini/extracted/GenBuster-200K-mini/benchmark/fake/sora/776cdb6bbf41c740be852d3e33eb42957d2223d74b6368ed04e734212b9e25ef.mp4,-18.061359405517575,0.9999999856764292,18.061359405517575,2.730247296622598e-07,0,0,1,sora,1,7.3152147233486176,0,628.8772411644459
/workspace/data/genbuster-mini/extracted/GenBuster-200K-mini/benchmark/fake/sora/75a58315b1fd5e045153c8bbba2027067907970bce34aa67b09eb664169352dd.mp4,-13.69996738433838,0.999998877518351,13.69996738433838,1.6500442325512732e-05,0,0,1,sora,1,6.393261253833771,0,637.7489194273949
/workspace/data/genbuster-mini/extracted/GenBuster-200K-mini/benchmark/fake/sora/753c5fe13dad89eccdf1bd631751571a0e80a732a06e13f5c9a9ffefbd6660b8.mp4,-11.294325828552246,0.9999875568246352,11.294325828552246,0.000152980527407,0,0,1,sora,1,5.570318549871445,0,625.0680796802044
/workspace/data/genbuster-mini/extracted/GenBuster-200K-mini/benchmark/fake/sora/732e00be041011d998052066b54d43c3d17349ff542e8a349e9b30e6aebbb2eb.mp4,-16.429096221923828,0.9999999267286626,16.429096221923828,1.2770511962371193e-06,0,0,1,sora,1,5.665607750415802,1,712.0714448392391
/workspace/data/genbuster-mini/extracted/GenBuster-200K-mini/benchmark/fake/sora/71fbba0f167eea8de5f0a87aa648dfa2ad6fc8a3f7bf04ce17823e8a89f7ee2e.mp4,-27.393274307250977,0.9999999999987316,27.393274307250977,3.4276408510635444e-11,0,0,1,sora,1,5.850311368703842,0,625.5236715078354
/workspace/data/genbuster-mini/extracted/GenBuster-200K-mini/benchmark/fake/sora/713d235a6e7c1c7733c2a1868268995c47a3cfa382123a75ca5ea75c7a2d3be3.mp4,-28.66767883300781,0.9999999999996454,28.66767883300781,9.04588172742601e-12,0,0,1,sora,1,4.782244563102722,1,714.3926620483398
/workspace/data/genbuster-mini/extracted/GenBuster-200K-mini/benchmark/fake/sora/7071efc4c319c84ea73a848eabc903f531b4840bf0f4b8a923e6e207ff4cf210.mp4,-22.75470733642578,0.9999999998688536,22.75470733642578,3.113346494229383e-09,0,0,1,sora,1,6.443779915571213,1,712.8759883344173
/workspace/data/genbuster-mini/extracted/GenBuster-200K-mini/benchmark/fake/sora/6e35e452802f395f1f0aac14862756e61fa5189a4287512e862614569e212021.mp4,-29.798683166503903,0.9999999999998856,29.798683166503903,2.264313562210228e-12,0,0,1,sora,1,8.030280470848083,0,627.7695633471012
/workspace/data/genbuster-mini/extracted/GenBuster-200K-mini/benchmark/fake/sora/6d20854c5b245d1850212b5d2db9192b380348bed9e956a36b2bed4a73cebae8.mp4,-31.371448516845703,0.9999999999999762,31.371448516845703,-3.2081769307592997e-13,0,0,1,sora,1,5.750119686126709,1,713.4840190410614
/workspace/data/genbuster-mini/extracted/GenBuster-200K-mini/benchmark/fake/sora/6cb677d48c43b80ccd171e402258da1813feba01972d7858389819d8d9ba3994.mp4,-16.5563907623291,0.9999999354864642,16.5563907623291,1.1326228436859242e-06,0,0,1,sora,1,7.7676065266132355,1,715.8539369702339
/workspace/data/genbuster-mini/extracted/GenBuster-200K-mini/benchmark/fake/sora/6c7f8d4ca46da815f918b3ba20a51312832c969aab465ffb44def0ece564a443.mp4,-8.977436065673828,0.9998737898713445,8.977436065673828,0.0012592614613223,0,0,1,sora,1,4.568032920360565,0,625.4095137119293
/workspace/data/genbuster-mini/extracted/GenBuster-200K-mini/benchmark/fake/sora/6b9b011387c579527bffa72f0992a391b778e26db4358d6d47a8427b58af986b.mp4,-25.48787498474121,0.9999999999914738,25.48787498474121,2.2389587056341606e-10,0,0,1,sora,1,7.217008620500565,1,714.9433381855488
/workspace/data/genbuster-mini/extracted/GenBuster-200K-mini/benchmark/fake/sora/6b67fd26a48397f4f1b91b4b7968be97070aa460f0b898ff9c210414e3ed995c.mp4,-14.45888900756836,0.9999994744862876,14.45888900756836,8.12385630261067e-06,0,0,1,sora,1,7.114000618457794,1,713.2817655801773
/workspace/data/genbuster-mini/extracted/GenBuster-200K-mini/benchmark/fake/sora/6af9386aac3ac8d0960db26614107151b5710def4524e3019764c86adb495f37.mp4,-33.030635833740234,0.9999999999999954,33.030635833740234,-8.706004964107155e-13,0,0,1,sora,1,7.767397910356522,0,627.9478147625923
/workspace/data/genbuster-mini/extracted/GenBuster-200K-mini/benchmark/fake/sora/6a67f40efe524da544997b35f8c366bd396f5fbe6b5e8e1b704dbea620eda0df.mp4,-27.526885986328125,0.9999999999988902,27.526885986328125,2.994483237978891e-11,0,0,1,sora,1,7.157135754823685,1,713.3008688688278
/workspace/data/genbuster-mini/extracted/GenBuster-200K-mini/benchmark/fake/sora/64f9016d05e8b50ccbad44b061977c73e21b24ae4739e04fbadacc60f1ef1f04.mp4,-17.26641082763672,0.9999999682829356,17.26641082763672,5.793549355671677e-07,0,0,1,sora,1,7.528264075517654,0,627.3556835949421
/workspace/data/genbuster-mini/extracted/GenBuster-200K-mini/benchmark/fake/sora/64c420d76eb4102641d38d7b8c5be39ceb34e43924b62d49250cff72200e4a1a.mp4,-7.844182968139648,0.9996081278659404,7.844182968139648,0.0034658656705128,0,0,1,sora,1,7.357213646173477,1,713.6399745941162
/workspace/data/genbuster-mini/extracted/GenBuster-200K-mini/benchmark/fake/sora/645e76ca7b3b11cb4690f4446b7fffe3ddaae53fcb73cf9a41a1235d2b523edc.mp4,-3.7492825984954834,0.9770065173506736,3.7492825984954834,0.1094710185243754,0,0,1,sora,1,7.898852229118347,0,637.4000236392021
/workspace/data/genbuster-mini/extracted/GenBuster-200K-mini/benchmark/fake/sora/6449fe15023ac8be22e25cc5d54fb7fcdc83c42922292e11566f101915a83e55.mp4,-23.654239654541016,0.9999999999466548,23.654239654541016,1.3131911679872662e-09,0,0,1,sora,1,7.147416472434998,0,623.2679300010204
/workspace/data/genbuster-mini/extracted/GenBuster-200K-mini/benchmark/fake/sora/617de1f8c88d8bf36409ccfdc833ae11bdedf123e909b1b364ca0392a338785a.mp4,-36.43317413330078,1.0,36.43317413330078,-9.95710927533753e-13,0,0,1,sora,1,7.712334394454956,1,710.8047492802143
/workspace/data/genbuster-mini/extracted/GenBuster-200K-mini/benchmark/fake/sora/5dc3e1231a3cb2ad03343551dd25a3acb58bc5035bf1fe381eaf25e519f574ad.mp4,-1.745232105255127,0.8513504266738892,1.745232105255127,0.4203594669357772,0,0,1,sora,1,7.131975144147873,1,707.8254967927933
/workspace/data/genbuster-mini/extracted/GenBuster-200K-mini/benchmark/fake/sora/5db81e4ce9957160d5f83ae6e6e6377760d57348f607cbc31c6465cb2ba3c0fd.mp4,-23.17577362060547,0.9999999999139224,23.17577362060547,2.078994931635959e-09,0,0,1,sora,1,7.526598870754242,0,620.6844560801983
/workspace/data/genbuster-mini/extracted/GenBuster-200K-mini/benchmark/fake/sora/5d9e1d2566c064f85a163db9b4d76e279cb9f4de20bbf82a3676a068b3a79f0d.mp4,-40.11941146850586,1.0,40.11941146850586,-9.99984726934486e-13,0,0,1,sora,1,7.2180405259132385,1,716.8745771050453
/workspace/data/genbuster-mini/extracted/GenBuster-200K-mini/benchmark/fake/sora/5cce61c49d5c13be186e2557b9c2ddc872d057cb5d4c99aee609facc14aba69f.mp4,-22.46853446960449,0.999999999825402,22.46853446960449,4.09556409598675e-09,0,0,1,sora,1,7.572058588266373,0,621.7151023447514
/workspace/data/genbuster-mini/extracted/GenBuster-200K-mini/benchmark/fake/sora/5b2a2b4c734d889464920bfadaf5a2cdad374b4dcf3855d326df50b7870d9fc0.mp4,-7.828468322753906,0.9996019235695712,7.828468322753906,0.0035144844299925,0,0,1,sora,1,7.196065038442612,0,629.3415129184723
/workspace/data/genbuster-mini/extracted/GenBuster-200K-mini/benchmark/fake/sora/5afbba3f9d7a24fb1af384bd86bf554bcbeacc4851814ec7fbadd69452ead656.mp4,-15.704995155334473,0.9999998488503364,15.704995155334473,2.524952412560526e-06,0,0,1,sora,1,7.516544312238693,0,625.5080327391624
/workspace/data/genbuster-mini/extracted/GenBuster-200K-mini/benchmark/fake/sora/5a506b53f57802ec32f3a3ea4c5871d4607de7717f63479315ab76b2e8735269.mp4,-25.97929000854492,0.999999999994784,25.97929000854492,1.388092383235782e-10,0,0,1,sora,1,7.144268602132797,0,622.0507211983204
/workspace/data/genbuster-mini/extracted/GenBuster-200K-mini/benchmark/fake/sora/58cdc10e5cafe6c248a1a2b473348583fc75c04ae15849b3fc3a391ea74a6a94.mp4,-23.56454849243164,0.9999999999416492,23.56454849243164,1.431368942595104e-09,0,0,1,sora,1,7.103495299816132,1,707.7844813466072
/workspace/data/genbuster-mini/extracted/GenBuster-200K-mini/benchmark/fake/sora/5894f21278c021c4ead340475dcdf472c1e205525fa4e5a935f02c9677f07a77.mp4,-13.224281311035156,0.999998193795932,13.224281311035156,2.5691954396507752e-05,0,0,1,sora,1,7.85519927740097,0,628.5393498837948
/workspace/data/genbuster-mini/extracted/GenBuster-200K-mini/benchmark/fake/sora/57aad1a95a3bc7278b79caff8009657f3ece8f1950ca8f7fb5710592eede16fb.mp4,-30.847129821777344,0.99999999999996,30.847129821777344,1.4682715208178811e-13,0,0,1,sora,1,6.955061107873917,0,625.5995444953442
/workspace/data/genbuster-mini/extracted/GenBuster-200K-mini/benchmark/fake/sora/56bffc46cfefc6d7b029994942fd0711c8f3f880fb56476e5d684b4b7fe305f8.mp4,-15.494855880737305,0.9999998135040044,15.494855880737305,3.0762225865785157e-06,0,0,1,sora,1,7.500845938920975,0,626.0766945779324
/workspace/data/genbuster-mini/extracted/GenBuster-200K-mini/benchmark/fake/sora/55ab6f5090e22c80319073e73bd564bcc02d29fa7f0a17461b6d9366c2d85c86.mp4,-13.894824028015137,0.9999990762505604,13.894824028015137,1.37590837936872e-05,0,0,1,sora,1,7.041387259960175,1,710.9846621751785
/workspace/data/genbuster-mini/extracted/GenBuster-200K-mini/benchmark/fake/sora/54b68b7a890c8395d3d82c03c033f93d6dab98c2cb6bb2c815d804f6e2f717a9.mp4,-24.30644416809082,0.9999999999722128,24.30644416809082,7.012138402508723e-10,0,0,1,sora,1,7.551766932010651,1,712.2151106595993
/workspace/data/genbuster-mini/extracted/GenBuster-200K-mini/benchmark/fake/sora/4fe8c571c0ca1b7b6aa933e5b81a385fbcfbe20e736d274456770a1d68ded8ec.mp4,-9.982372283935549,0.9999537948133366,9.982372283935549,0.0005074436273663,0,0,1,sora,1,7.082335650920868,1,709.4302885234356
/workspace/data/genbuster-mini/extracted/GenBuster-200K-mini/benchmark/fake/sora/4fe3e8e230fc6707f96e21dbc65c962065b2e3941f82a9669235dd859a8be94b.mp4,-16.401317596435547,0.9999999246647492,16.401317596435547,1.310930630452972e-06,0,0,1,sora,1,10.775696486234663,0,629.1094943881035
/workspace/data/genbuster-mini/extracted/GenBuster-200K-mini/benchmark/fake/sora/4dda247368056550cf7c8a087855bda49048623fcc654bfd2adf0a3cc6b2d30b.mp4,-7.532689571380615,0.999464989756234,7.532689571380615,0.0045652194620998,0,0,1,sora,1,7.061745971441269,1,713.7634828686714
/workspace/data/genbuster-mini/extracted/GenBuster-200K-mini/benchmark/fake/sora/4bbcf5aca827fe43681887a09255cf6a620d1a3d5547d838dced52351a395f38.mp4,-27.16385078430176,0.9999999999984044,27.16385078430176,4.3158362130567546e-11,0,0,1,sora,1,7.104653865098953,0,634.8646469414234
/workspace/data/genbuster-mini/extracted/GenBuster-200K-mini/benchmark/fake/sora/4b1e69d2cca9b6f0e0fa3509d228e641a0cd016c525aa1c83468b10c0114eb9a.mp4,-18.098581314086918,0.9999999861997804,18.098581314086918,2.6356261700141844e-07,0,0,1,sora,1,7.895912975072861,1,718.6152935028076
/workspace/data/genbuster-mini/extracted/GenBuster-200K-mini/benchmark/fake/sora/49641a5d9f5757d56f7bbf89505d555e21f49eb7092997144413d3305648be7c.mp4,-24.21002960205078,0.9999999999694004,24.21002960205078,7.694363249385113e-10,0,0,1,sora,1,7.0730336010456085,1,718.8198380172253
/workspace/data/genbuster-mini/extracted/GenBuster-200K-mini/benchmark/fake/sora/48c24c5fd88598584646c82172542fcbde73c0c215e29538bf9e9cfa74b3bd98.mp4,-9.46927547454834,0.9999228186425172,9.46927547454834,0.0008080358661178,0,0,1,sora,1,7.550869137048721,0,629.1962824761868
/workspace/data/genbuster-mini/extracted/GenBuster-200K-mini/benchmark/fake/sora/4865b80e3f2364ae2811829570de93d68c5ab3380e1c27f2dfa04f3386b3432f.mp4,-20.74873161315918,0.9999999990251442,20.74873161315918,2.1199876628967863e-08,0,0,1,sora,1,7.166363298892975,0,626.6582757234573
/workspace/data/genbuster-mini/extracted/GenBuster-200K-mini/benchmark/fake/sora/47a298c1a1e8c5960c8669a82374c1a66e958c5388c0dceabfac3d51816a081e.mp4,-24.98165512084961,0.999999999985855,24.98165512084961,3.65546014765241e-10,0,0,1,sora,1,7.740408182144165,0,625.4275515675545
/workspace/data/genbuster-mini/extracted/GenBuster-200K-mini/benchmark/fake/sora/45f0534bc58825203670918e007171e74e37f8827779e35d0d9ca562ad3c2f12.mp4,-16.837194442749023,0.9999999512808948,16.837194442749023,8.690101579642567e-07,0,0,1,sora,1,8.611377328634262,1,711.9651101529598
/workspace/data/genbuster-mini/extracted/GenBuster-200K-mini/benchmark/fake/sora/441bbb7fb1fc50ae84e8f5aa45bfd6b3fd39212d3ddd721b05c946e870a7faf6.mp4,-12.875866889953612,0.9999974409372498,12.875866889953612,3.550921543716127e-05,0,0,1,sora,1,7.614560425281525,0,629.8231966793537
/workspace/data/genbuster-mini/extracted/GenBuster-200K-mini/benchmark/fake/sora/41a34f0712af95dbf343d9244e4c1b4cd492e085c1dc47466ca3d7b4a168327c.mp4,-14.162393569946287,0.9999992931124666,14.162393569946287,1.0718105228684932e-05,0,0,1,sora,1,6.485223770141602,0,629.0483586490154
/workspace/data/genbuster-mini/extracted/GenBuster-200K-mini/benchmark/fake/sora/3fd44998b6ab3d5aedb1d0a80079f7f6010a5ca4d9ae4e9eef951e379bfb3c68.mp4,-19.131370544433597,0.9999999950869484,19.131370544433597,9.890446529523425e-08,0,0,1,sora,1,6.444666534662247,1,710.5165757238865
/workspace/data/genbuster-mini/extracted/GenBuster-200K-mini/benchmark/fake/sora/3d195d492843072a74ee6f89167c07b23c27bb2c3cea5b77a03b0787e2396186.mp4,-19.03611183166504,0.999999994595921,19.03611183166504,1.08274730388645e-07,0,0,1,sora,1,5.576267838478088,0,624.6841251850128
/workspace/data/genbuster-mini/extracted/GenBuster-200K-mini/benchmark/fake/sora/38039201b9b770f05e4b06be7cb7974b97e7c5485a8c11b1224c37c9e935413e.mp4,-7.266019344329834,0.9993015995714812,7.266019344329834,0.0057732354112712,0,0,1,sora,1,5.298495292663574,1,713.5877311229706
/workspace/data/genbuster-mini/extracted/GenBuster-200K-mini/benchmark/fake/sora/37720f36e90ebeb7e6d11df08c4b0c138af84ae4e76392e55640b9dbb0072dc5.mp4,-22.62596321105957,0.9999999998508344,22.62596321105957,3.522187163562092e-09,0,0,1,sora,1,5.318209528923035,0,626.2385658919811
/workspace/data/genbuster-mini/extracted/GenBuster-200K-mini/benchmark/fake/sora/355f9374b5bd3dc23080f75d0c42edfa422c0a0abb87cbb4e74b4db5f57ebf00.mp4,-20.739866256713867,0.9999999990164634,20.739866256713867,2.137995437960241e-08,0,0,1,sora,1,4.980985075235367,0,625.2892315387726
/workspace/data/genbuster-mini/extracted/GenBuster-200K-mini/benchmark/fake/sora/341eff9279d02c0cb58533acb78351e9fb968b809291db36783408cc8c812886.mp4,-16.228069305419922,0.999999910414232,16.228069305419922,1.5433878238072443e-06,0,0,1,sora,1,5.410108715295792,0,624.4832389056683
/workspace/data/genbuster-mini/extracted/GenBuster-200K-mini/benchmark/fake/sora/3298c41511afc519600df7764f62d7691754bbe834016ba87c3155bc87ea0fa3.mp4,-23.40912628173828,0.9999999999318376,23.40912628173828,1.661794738693861e-09,0,0,1,sora,1,7.095783948898315,0,626.0847710072994
/workspace/data/genbuster-mini/extracted/GenBuster-200K-mini/benchmark/fake/sora/323ac78849bf8eb9ccb9d92c3ff9c3a1766114450cc494fff8659757f55ac0a8.mp4,-26.320846557617188,0.9999999999962932,26.320846557617188,9.938816797843917e-11,0,0,1,sora,1,7.658526301383972,0,627.1931380033493
/workspace/data/genbuster-mini/extracted/GenBuster-200K-mini/benchmark/fake/sora/31a8a9ccfbe2e274e03fc9413f275b9f5467e61b6df1571ab7587bd60fae7388.mp4,-32.15640640258789,0.9999999999999892,32.15640640258789,-6.900665000997551e-13,0,0,1,sora,1,6.336048245429993,1,709.3732804059982
/workspace/data/genbuster-mini/extracted/GenBuster-200K-mini/benchmark/fake/sora/30e8073650a748244d04f4a1e52eb62e7cde9b354072ac68a85cff3ef95aeb51.mp4,-35.30302047729492,0.9999999999999996,35.30302047729492,-9.867776540903896e-13,0,0,1,sora,1,7.08393007516861,0,624.1541244089603
/workspace/data/genbuster-mini/extracted/GenBuster-200K-mini/benchmark/fake/sora/304446209b9a8fe0ac74d57e608ad7e277c5d579c915cc1ff7fa367dce537999.mp4,-26.583328247070312,0.999999999997149,26.583328247070312,7.678469263715573e-11,0,0,1,sora,1,7.509756833314896,0,624.6305257081985
/workspace/data/genbuster-mini/extracted/GenBuster-200K-mini/benchmark/fake/sora/2f27a81043d0e29bc0c9955594526250e58614eecc0d95284eaf9c12054f7d46.mp4,-15.669281005859377,0.9999998433546012,15.669281005859377,2.6111641890252214e-06,0,0,1,sora,1,7.10122287273407,1,712.710302323103
/workspace/data/genbuster-mini/extracted/GenBuster-200K-mini/benchmark/fake/sora/2f2393855e81c4d9629bfb018fb98895f6d7c774786b7e624679ac951aa8b821.mp4,-29.16947364807129,0.9999999999997852,29.16947364807129,5.105606879341883e-12,0,0,1,sora,1,6.829753518104553,1,712.1798731386662
/workspace/data/genbuster-mini/extracted/GenBuster-200K-mini/benchmark/fake/sora/2c3d723d34728692d436966e972a7d8e208d38cd97222b8a094fcb044c055dcd.mp4,-12.363129615783691,0.9999957267414176,12.363129615783691,5.710411544483312e-05,0,0,1,sora,1,7.907446473836899,0,625.540342181921
/workspace/data/genbuster-mini/extracted/GenBuster-200K-mini/benchmark/fake/sora/2af46c1a0294248b9de9b297d5726234ea4aa4ecad12868f085560fa081e0c33.mp4,-15.730859756469728,0.999999852709621,15.730859756469728,2.464292674796399e-06,0,0,1,sora,1,7.095716893672943,1,712.0812870562077
/workspace/data/genbuster-mini/extracted/GenBuster-200K-mini/benchmark/fake/sora/2a37a23239ea08b760d26436c8755c935e0e579b9341c9dd9f27958c2cdcbff5.mp4,-0.1955980807542801,0.5487442016601562,0.1955980807542801,0.6883876302550032,1,0,1,sora,0,5.314208567142487,1,714.3359966576099
/workspace/data/genbuster-mini/extracted/GenBuster-200K-mini/benchmark/fake/sora/28323d3622122c94f3c3493d07d5bb8c26545ac2104cc9666957c2e4f37406cb.mp4,-0.5685830116271973,0.6384361684322357,0.5685830116271973,0.6543126635292453,0,0,1,sora,1,7.184337824583054,1,716.4627946913242
/workspace/data/genbuster-mini/extracted/GenBuster-200K-mini/benchmark/fake/sora/28197cb300223e2749d487cf61284d60e5edbf54f543c1a2123ba0571f75f256.mp4,-5.88974666595459,0.9972399610560388,5.88974666595459,0.0190197849533391,0,0,1,sora,1,7.870480418205261,0,624.8207800090313
/workspace/data/genbuster-mini/extracted/GenBuster-200K-mini/benchmark/fake/sora/25331e2a389e38c28c10e8cf3eb0fc74f1fa80eceec1632d6b19f95c900e7d27.mp4,-11.853154182434082,0.9999928839756648,11.853154182434082,9.1463381761743e-05,0,0,1,sora,1,7.0216841995716095,0,626.369833946228
/workspace/data/genbuster-mini/extracted/GenBuster-200K-mini/benchmark/fake/sora/210da8c580174519898cf6f8ee2dff4182c8bd31abbdeaaaf125a233645edf30.mp4,-19.6065673828125,0.9999999969452478,19.6065673828125,6.294595772773795e-08,0,0,1,sora,1,7.979445159435272,0,630.0728544592857
/workspace/data/genbuster-mini/extracted/GenBuster-200K-mini/benchmark/fake/sora/1d39b7a95aa723243825b741fe122d90a9a9483c6ef53ce85f637b8cf8cad46a.mp4,-23.99726676940918,0.9999999999621452,23.99726676940918,9.442762742696192e-10,0,0,1,sora,1,7.220908999443054,1,711.654681712389
/workspace/data/genbuster-mini/extracted/GenBuster-200K-mini/benchmark/fake/sora/1cf5f3c8be3e91441c626e9dc004dd20c1bedf58128fb5757bb044d423480d8a.mp4,-12.578265190124512,0.9999965539043388,12.578265190124512,4.679200477960212e-05,0,0,1,sora,1,7.6630860567092896,0,628.1156726181507
/workspace/data/genbuster-mini/extracted/GenBuster-200K-mini/benchmark/fake/sora/1b14cf829b2af6036688d38884fb84067e38de1aa4c8bb745f399d8074c9b397.mp4,-13.069849014282228,0.999997892168949,13.069849014282228,2.9656864762217128e-05,0,0,1,sora,1,7.200561463832855,0,624.5272755622864
/workspace/data/genbuster-mini/extracted/GenBuster-200K-mini/benchmark/fake/sora/1a44cf5c0c4ad9c1324c951ccf6c3eb6b0cbb2aa161bbafb2b1c68e51d10ee2f.mp4,-5.351088523864746,0.995279404334724,5.351088523864746,0.0299920981089215,0,0,1,sora,1,7.2062090039253235,0,625.6811283528805
/workspace/data/genbuster-mini/extracted/GenBuster-200K-mini/benchmark/fake/sora/190a7c95ad635c468058f84bc43e36b3e6c46c4ab228a21d290163bdb0f1f805.mp4,-25.12679100036621,0.999999999987766,25.12679100036621,3.176774637699778e-10,0,0,1,sora,1,7.111802697181702,0,625.5517527461052
/workspace/data/genbuster-mini/extracted/GenBuster-200K-mini/benchmark/fake/sora/1829dfe5b2488c5330cab1e256dfb39cbe80266703e4d8c8fe20f7ac7098cf86.mp4,-7.647183895111084,0.9995228411862628,7.647183895111084,0.0041261938897034,0,0,1,sora,1,13.419367372989656,1,713.1421491503716
/workspace/data/genbuster-mini/extracted/GenBuster-200K-mini/benchmark/fake/sora/17432574d074603a0134897c272308b1e572f852b3c7a990dab59d89261fe007.mp4,-16.46527862548828,0.9999999293324038,16.46527862548828,1.2342272603466389e-06,0,0,1,sora,1,7.392115890979767,0,627.4503394961357
/workspace/data/genbuster-mini/extracted/GenBuster-200K-mini/benchmark/fake/sora/16f7f2cfe2970a974b15b137e7e5b3eb243f83d1cd28107302dfe61b17bfa42d.mp4,-31.317293167114254,0.9999999999999748,31.317293167114254,-2.830393256743208e-13,0,0,1,sora,1,7.463324815034866,1,713.7391455471516
/workspace/data/genbuster-mini/extracted/GenBuster-200K-mini/benchmark/fake/sora/159f136615aea2fd3889f316a04a6f8bb00f47e8f090d528ff324238e59ec7ac.mp4,-22.027462005615234,0.9999999997286094,22.027462005615234,6.247438659683186e-09,0,0,1,sora,1,7.360715419054031,0,628.3269971609116
/workspace/data/genbuster-mini/extracted/GenBuster-200K-mini/benchmark/fake/sora/14f0e8be77b3278855acb003b52c8ade3530d42f42f9cd62604be377ecf37ce8.mp4,-10.34715747833252,0.9999679171705792,10.34715747833252,0.0003640494310384,0,0,1,sora,1,7.353968918323517,1,716.0912118852139
/workspace/data/genbuster-mini/extracted/GenBuster-200K-mini/benchmark/fake/sora/12a8ca19ce576aad0d01f4c739024cde4953d7664b4d91db439a5493bc3581d4.mp4,-24.93402099609375,0.9999999999851648,24.93402099609375,3.8276767166794376e-10,0,0,1,sora,1,7.076725363731384,1,725.2128645777702
/workspace/data/genbuster-mini/extracted/GenBuster-200K-mini/benchmark/fake/sora/124b810f71d95eff57f01a8c11f41a11f0095f03932758678464677697a3c2dd.mp4,-18.550142288208008,0.9999999912143168,18.550142288208008,1.7175935894364878e-07,0,0,1,sora,1,7.410913705825806,1,713.2994905114174
/workspace/data/genbuster-mini/extracted/GenBuster-200K-mini/benchmark/fake/sora/11f90da010173d4f72208f067f778b699eafb7a52fb76373c5d22d4785c8b2d6.mp4,-25.73284149169922,0.9999999999933262,25.73284149169922,1.7647614511487756e-10,0,0,1,sora,1,7.067777216434479,1,718.7147736549377
/workspace/data/genbuster-mini/extracted/GenBuster-200K-mini/benchmark/fake/sora/119edb5d3cfdfd7b43240912ae19de2ff06533fbabcd361dcecd801835a799a1.mp4,-10.8915433883667,0.9999813853573868,10.8915433883667,0.0002213570024129,0,0,1,sora,1,7.739078253507614,1,713.0244858562946
/workspace/data/genbuster-mini/extracted/GenBuster-200K-mini/benchmark/fake/sora/1194c25f803627bd81772357f8e253edeb7e6259e9e07e0ef80f060f2c9e24fe.mp4,-14.259364128112791,0.99999935844113,14.259364128112791,9.789778688982565e-06,0,0,1,sora,1,7.051929831504822,0,623.8183714449406
/workspace/data/genbuster-mini/extracted/GenBuster-200K-mini/benchmark/fake/sora/0f700f160913012fe993b65d128feaee0d00253a99c6735a1a6a99f4eb6b7163.mp4,-33.84664535522461,0.999999999999998,33.84664535522461,-9.428885741681734e-13,0,0,1,sora,1,7.525701075792313,1,711.6037718951702
/workspace/data/genbuster-mini/extracted/GenBuster-200K-mini/benchmark/fake/sora/0b90f9060a7a19fcc4ec5a6d5b2110d76937c4e960da89e7393b7d5a13f397af.mp4,-22.65471649169922,0.9999999998550622,22.65471649169922,3.426466008705437e-09,0,0,1,sora,1,6.989091634750366,1,710.5081751942635
/workspace/data/genbuster-mini/extracted/GenBuster-200K-mini/benchmark/fake/sora/0aa26abe42f4272804f2b030791d3be01ad4ebdf39dd4686355194c42721ccd2.mp4,-8.323006629943848,0.9997571944259108,8.323006629943848,0.0022637074756442,0,0,1,sora,1,4.988525062799454,0,625.4868842661381
/workspace/data/genbuster-mini/extracted/GenBuster-200K-mini/benchmark/fake/sora/09ed41a444814fd2029f82774705cdc4544cc20ce43b12f5ae7391767bd7c247.mp4,-29.076385498046875,0.9999999999997644,29.076385498046875,5.697386873721274e-12,0,0,1,sora,1,7.034897804260254,0,628.5286359488964
/workspace/data/genbuster-mini/extracted/GenBuster-200K-mini/benchmark/fake/sora/076736ade4d5f44fb0b1798c21b15223e2e58f1802521d968a9a245ab954e63e.mp4,-21.84930419921875,0.9999999996756844,21.84930419921875,7.408385469189456e-09,0,0,1,sora,1,7.711827754974365,0,626.8773972988129
/workspace/data/genbuster-mini/extracted/GenBuster-200K-mini/benchmark/fake/sora/04c4ee325148c0f808ab4301aec9944f7529f54ccb7adde767cab229841b296d.mp4,-17.489336013793945,0.9999999746208026,17.489336013793945,4.692425080004455e-07,0,0,1,sora,1,6.992604583501816,0,630.7050585746765
/workspace/data/genbuster-mini/extracted/GenBuster-200K-mini/benchmark/fake/sora/04a537dcf1d94db097dd42b9f5460161b9dcd01a7a9ba3391777d35152eb2e0c.mp4,-17.300052642822266,0.999999969332201,17.300052642822266,5.61220334600226e-07,0,0,1,sora,1,6.600670516490936,1,714.4695222377777
/workspace/data/genbuster-mini/extracted/GenBuster-200K-mini/benchmark/fake/sora/04a3e498fa13b20d309dc99e482e02dd00631fedf47a001593b25ddc763d87e2.mp4,-25.63692855834961,0.9999999999926544,25.63692855834961,1.937250002849127e-10,0,0,1,sora,1,6.958629935979843,1,713.4101837873459
/workspace/data/genbuster-mini/extracted/GenBuster-200K-mini/benchmark/fake/pika/fc74bdd83e76b91234c2ab9a98af1a1de31823a0b4d7dd7ffba09f9d0269659f.mp4,-36.52109909057617,1.0,36.52109909057617,-9.960607320448338e-13,0,0,1,pika,1,7.254276424646378,1,716.4594791829586
/workspace/data/genbuster-mini/extracted/GenBuster-200K-mini/benchmark/fake/pika/fbda5a1c738cfd8c7280b578e045b2201ef28832a12b6981a1b79f4e15f0be53.mp4,-18.134883880615234,0.9999999866917796,18.134883880615234,2.54649250723877e-07,0,0,1,pika,1,7.0336125791072845,1,715.9752324223518
/workspace/data/genbuster-mini/extracted/GenBuster-200K-mini/benchmark/fake/pika/f9076d91c5cfccfc4538fff5cb2437a4f0c4374a0432fac31d255c3cf93fc588.mp4,-21.319656372070312,0.999999999449204,21.319656372070312,1.2291581247315498e-08,0,0,1,pika,1,7.352769374847412,1,714.9952687323093
/workspace/data/genbuster-mini/extracted/GenBuster-200K-mini/benchmark/fake/pika/f6db7656b2a20dc37ee925b694d24a81224ce47fada8dee4fd26dd8cc2ce3a3e.mp4,-28.10232734680176,0.9999999999993758,28.10232734680176,1.6568250176354143e-11,0,0,1,pika,1,7.00664147734642,0,626.6012564301491
/workspace/data/genbuster-mini/extracted/GenBuster-200K-mini/benchmark/fake/pika/f6164a380870793e3cc5f43f0c7d59f778ad1e32beb412d771387a2fe097cf69.mp4,-19.06937026977539,0.999999994772697,19.06937026977539,1.049066807157068e-07,0,0,1,pika,1,7.507666945457458,0,628.031101077795
/workspace/data/genbuster-mini/extracted/GenBuster-200K-mini/benchmark/fake/pika/f60612775c35b61a17677fda7100f94d2002750373419928233f7eaf7a74d24c.mp4,-15.406922340393066,0.9999997963621324,15.406922340393066,3.341068705039202e-06,0,0,1,pika,1,7.016986608505249,0,625.0760406255722
/workspace/data/genbuster-mini/extracted/GenBuster-200K-mini/benchmark/fake/pika/efb76254c738ddd0adb9ee906bdeaa7af33d2cfc2dfe9163a925158e6d866551.mp4,-19.915771484375,0.9999999977577174,19.915771484375,4.6897070318103675e-08,0,0,1,pika,1,7.457002997398376,1,713.9901220798492
/workspace/data/genbuster-mini/extracted/GenBuster-200K-mini/benchmark/fake/pika/ed10e0bc9c7cd246828a4c4f50f4533432bd7f380da81a585242841bf0164590.mp4,-14.1486234664917,0.9999992833111832,14.1486234664917,1.0856847223124e-05,0,0,1,pika,1,7.018771022558212,0,628.1526833772659
/workspace/data/genbuster-mini/extracted/GenBuster-200K-mini/benchmark/fake/pika/eb464f4a512669c4e5e5628a383b2f11a312845da049b191537a81ca2e0da975.mp4,-13.95205783843994,0.9999991276357036,13.95205783843994,1.3043639811909655e-05,0,0,1,pika,1,4.52825054526329,0,624.3166960775852
/workspace/data/genbuster-mini/extracted/GenBuster-200K-mini/benchmark/fake/pika/eb2d7b42d10c55307515027f955200a98c5b611549e7c93619d76d2cde34058e.mp4,-32.45205307006836,0.999999999999992,32.45205307006836,-7.692742480128606e-13,0,0,1,pika,1,7.44454562664032,1,708.8170498609543
/workspace/data/genbuster-mini/extracted/GenBuster-200K-mini/benchmark/fake/pika/e6c3f03ab6ece93ecaf8ce5c639ff58e481ed27a6bc1d449becb36d95fce79e4.mp4,-16.661487579345703,0.9999999419225,16.661487579345703,1.02573304166239e-06,0,0,1,pika,1,7.095795124769211,0,622.8341870009899
/workspace/data/genbuster-mini/extracted/GenBuster-200K-mini/benchmark/fake/pika/e64cc08b900844e4360631e53aff59897cfb2bbd1df964762ea58193a47f81e0.mp4,-37.92146682739258,1.0,37.92146682739258,-9.991506634476269e-13,0,0,1,pika,1,6.106220185756683,0,627.9831156134605
/workspace/data/genbuster-mini/extracted/GenBuster-200K-mini/benchmark/fake/pika/e4588562fabe50b1297c72444cfabf2a09f97748fa41c4ae43cb1808a0ea53b8.mp4,-23.78235626220703,0.9999999999530697,23.78235626220703,1.1610553942952731e-09,0,0,1,pika,1,7.062561810016632,0,625.4638656973839
/workspace/data/genbuster-mini/extracted/GenBuster-200K-mini/benchmark/fake/pika/e3e2c06db65d9925fa6ee5612cd90d8e64c1a89f3011bf2a440670cf34919fc8.mp4,-13.016730308532717,0.999997777176759,13.016730308532717,3.115671416010921e-05,0,0,1,pika,1,7.816176861524582,0,626.9638389348984
/workspace/data/genbuster-mini/extracted/GenBuster-200K-mini/benchmark/fake/pika/e2cdabed4ce9043e6dae773cb85512a935366541e456129624cfb198de807e6a.mp4,-26.63195037841797,0.9999999999972844,26.63195037841797,7.319022505884373e-11,0,0,1,pika,1,7.086914032697678,1,712.0791412889957
/workspace/data/genbuster-mini/extracted/GenBuster-200K-mini/benchmark/fake/pika/dfb04559195579059744af6fb4497928ba95e3537f809adf7058354e8fde7cab.mp4,-26.359394073486328,0.9999999999964332,26.359394073486328,9.569997207689832e-11,0,0,1,pika,1,7.0456452667713165,0,627.41294875741
/workspace/data/genbuster-mini/extracted/GenBuster-200K-mini/benchmark/fake/pika/dda85fbc3402ef7a70c6361fc43a41c3097f13ab46ecb6718bfa1dd0e6314af3.mp4,-26.775787353515625,0.999999999997648,26.775787353515625,6.34932524681965e-11,0,0,1,pika,1,6.9792307913303375,0,623.789731413126
/workspace/data/genbuster-mini/extracted/GenBuster-200K-mini/benchmark/fake/pika/dd6a5de71bc5512761235de106abf5e9337e3f4f0a7af9f98eeb738d8a5e97fc.mp4,-15.344820976257324,0.9999997833150188,15.344820976257324,3.541675257145465e-06,0,0,1,pika,1,7.128983736038208,0,617.4823828041553
/workspace/data/genbuster-mini/extracted/GenBuster-200K-mini/benchmark/fake/pika/dd30a676fbef2674255a5fa724465b15d8a56db53a2cb255cde31bb3b8f0e350.mp4,-26.48916244506836,0.9999999999968674,26.48916244506836,8.424432363996389e-11,0,0,1,pika,1,7.276915013790131,0,624.9517388641834
/workspace/data/genbuster-mini/extracted/GenBuster-200K-mini/benchmark/fake/pika/dc1227fa2ef70dfa8e917933b2e0169ef8c2ea3b3e07063a545bac4da690f010.mp4,-21.541648864746094,0.9999999995588555,21.541648864746094,9.942122661757025e-09,0,0,1,pika,1,7.091991603374481,0,624.798309057951
/workspace/data/genbuster-mini/extracted/GenBuster-200K-mini/benchmark/fake/pika/da0fde02b7542fc99501d0e43279fc4a622bc5a33d7b9c66b7d4bbddce2777b8.mp4,-16.466646194458008,0.9999999294289807,16.466646194458008,1.2326370276261033e-06,0,0,1,pika,1,7.372859865427017,0,626.073382794857
/workspace/data/genbuster-mini/extracted/GenBuster-200K-mini/benchmark/fake/pika/d9f85035a3c3b09e7a9e484f937d78ea865a91896537a2dabaa99dbbbe3c3197.mp4,-33.650089263916016,0.9999999999999976,33.650089263916016,-9.304554775132953e-13,0,0,1,pika,1,7.03013688325882,0,626.298077404499
/workspace/data/genbuster-mini/extracted/GenBuster-200K-mini/benchmark/fake/pika/d78bc9b7b345b820e011043239c589d4fa9c0f6f7e2aa15a2efa24229b65ff56.mp4,-30.102697372436523,0.9999999999999156,30.102697372436523,1.4109160728534586e-12,0,0,1,pika,1,7.490254938602447,0,632.4957385659218
/workspace/data/genbuster-mini/extracted/GenBuster-200K-mini/benchmark/fake/pika/d3e302b706c1ccf01a2fc6ef1e39eb3900621264d8d77d9adf7d01cf4b35fedb.mp4,-12.200081825256348,0.9999949699813442,12.200081825256348,6.639666853854735e-05,0,0,1,pika,1,6.905056536197662,0,626.0483749210835
/workspace/data/genbuster-mini/extracted/GenBuster-200K-mini/benchmark/fake/pika/d34cfadd56791683b537a7b5cea310b274858429b28afcab759ad7e5566e3a48.mp4,-26.31222915649414,0.9999999999962612,26.31222915649414,1.0023159572990351e-10,0,0,1,pika,1,7.449764758348465,0,623.0670884251595
/workspace/data/genbuster-mini/extracted/GenBuster-200K-mini/benchmark/fake/pika/d129a841fe082341dd2bba1185851e8533ad8d91e0ffecf00279ada1530ec5d2.mp4,-31.418107986450195,0.9999999999999774,31.418107986450195,-3.5178719318592614e-13,0,0,1,pika,1,7.0821307599544525,1,714.6293260157108
/workspace/data/genbuster-mini/extracted/GenBuster-200K-mini/benchmark/fake/pika/cda72e2f95e371207c18a0072e216b46bacb72c82607b4b0077e03c04b634046.mp4,-31.087352752685547,0.9999999999999684,31.087352752685547,-9.791021641912405e-14,0,0,1,pika,1,7.350396364927292,1,712.030190974474
/workspace/data/genbuster-mini/extracted/GenBuster-200K-mini/benchmark/fake/pika/c3878ae31e0f881d9ddf3d46d8ebb708348b250d78d6d8b14e160c0c77d3da2e.mp4,-35.10914993286133,0.9999999999999994,35.10914993286133,-9.838028766670997e-13,0,0,1,pika,1,7.0694684982299805,0,632.8136399388313
/workspace/data/genbuster-mini/extracted/GenBuster-200K-mini/benchmark/fake/pika/c311a229c3900935c28d4bbe6cbff206349bcedb635a1d74588f003b9cf1dab4.mp4,-42.05276107788086,1.0,42.05276107788086,-1.000073830527902e-12,0,0,1,pika,1,8.285772055387497,1,718.7713272869587
/workspace/data/genbuster-mini/extracted/GenBuster-200K-mini/benchmark/fake/pika/c1af5f05d038f2377f45d8c13f1eef34a42b58e199aa92329729a0c89c936fec.mp4,-21.42549705505371,0.9999999995045216,21.42549705505371,1.1109353729910354e-08,0,0,1,pika,1,6.890382617712021,1,705.8142721652985
/workspace/data/genbuster-mini/extracted/GenBuster-200K-mini/benchmark/fake/pika/c1607ca27f026805b7bddb8ba5f336b2b758a6d2ac5dc066bc3f0c74fa0417b9.mp4,-29.855419158935547,0.999999999999892,29.855419158935547,2.0847551309264527e-12,0,0,1,pika,1,7.103364914655685,1,712.243065237999
/workspace/data/genbuster-mini/extracted/GenBuster-200K-mini/benchmark/fake/pika/bfe7eba33fd5d5c99c7b08c95d7a0ed80f3899da37bde44ac78018eeace2defb.mp4,-22.964710235595703,0.9999999998936951,22.964710235595703,2.5455697074888923e-09,0,0,1,pika,1,7.09281861782074,0,623.4882064163685
/workspace/data/genbuster-mini/extracted/GenBuster-200K-mini/benchmark/fake/pika/bd98ce6bcac809a2d0a54f45b8e1c53cc87eb01066805656ccb6c4208647a4b0.mp4,-18.515182495117188,0.9999999909017392,18.515182495117188,1.7755222076086318e-07,0,0,1,pika,1,7.597249001264572,0,623.4534457325935
/workspace/data/genbuster-mini/extracted/GenBuster-200K-mini/benchmark/fake/pika/b8aa1e3be71b4bd8b2e362e0f7e8f7b204af912a9bab332b1d0c8effd1b51c53.mp4,-34.938777923583984,0.9999999999999992,34.938777923583984,-9.809016173744925e-13,0,0,1,pika,1,7.084842771291733,1,709.919773042202
/workspace/data/genbuster-mini/extracted/GenBuster-200K-mini/benchmark/fake/pika/b879e3f4bf1a35fb5a5fb305967519adc47f5b1e06840e62dcc45eae95876ddc.mp4,-28.19229507446289,0.9999999999994296,28.19229507446289,1.50758332223202e-11,0,0,1,pika,1,7.74041935801506,1,704.7029361128807
/workspace/data/genbuster-mini/extracted/GenBuster-200K-mini/benchmark/fake/pika/b7a22f47e8b8166ff8661b248067e4a62eade1978bd88b1bb363d1735597775e.mp4,-19.57807922363281,0.9999999968569722,19.57807922363281,6.467547602349363e-08,0,0,1,pika,1,6.989177316427231,1,709.8293341696262
/workspace/data/genbuster-mini/extracted/GenBuster-200K-mini/benchmark/fake/pika/b70a8e48cbcbf4612a5a68a397a799bd959e31bce70e4447e1ecac195f2fcd4c.mp4,-22.530548095703125,0.9999999998359004,22.530548095703125,3.859354510169958e-09,0,0,1,pika,1,7.33516737818718,0,622.8660419583321
/workspace/data/genbuster-mini/extracted/GenBuster-200K-mini/benchmark/fake/pika/b6e694023a16b31e8ddd8535ac0838c9c9ec7fc9b4847a1f4ef3fe1fa3decdec.mp4,-24.094696044921875,0.9999999999656596,24.094696044921875,8.597783945702614e-10,0,0,1,pika,1,7.162377238273621,0,621.8321770429611
/workspace/data/genbuster-mini/extracted/GenBuster-200K-mini/benchmark/fake/pika/b5ed10dc4f3e1389e4d67b9cd0aa75f80d0bee35db8e27766bfac9f39c35c901.mp4,-20.43259048461914,0.9999999986626696,20.43259048461914,2.8660454285972037e-08,0,0,1,pika,1,7.436126470565796,1,709.3841694295406
/workspace/data/genbuster-mini/extracted/GenBuster-200K-mini/benchmark/fake/pika/b40ecffc8f2e68a4e4efdee0cfd36a9f19474a419937c919f414373cff0765d8.mp4,-11.75113010406494,0.9999921196485956,11.75113010406494,0.0001004834156726,0,0,1,pika,1,7.056646049022675,1,712.6130424439907
/workspace/data/genbuster-mini/extracted/GenBuster-200K-mini/benchmark/fake/pika/b3d94e0e78aadb4a67fb35733b19c2af7277601e511a9099020dbdd8bf21bb0c.mp4,-29.5510196685791,0.9999999999998532,29.5510196685791,3.177531174631786e-12,0,0,1,pika,1,7.600165903568268,0,623.5299035906792
/workspace/data/genbuster-mini/extracted/GenBuster-200K-mini/benchmark/fake/pika/b30b7feeb04101f277b46723d013f5cf3fa64e089f8c4bd734823d50bb174a32.mp4,-29.188135147094727,0.9999999999997892,29.188135147094727,4.9933848798049874e-12,0,0,1,pika,1,6.983693689107895,0,620.7079365849495
/workspace/data/genbuster-mini/extracted/GenBuster-200K-mini/benchmark/fake/pika/b22120bb05804596c3cfd9809b0e99b2f6253a938a1d82c1f35adf344e09e4df.mp4,-13.445111274719238,0.999998551689373,13.445111274719238,2.092100727762885e-05,0,0,1,pika,1,7.329534739255905,0,624.537967145443
/workspace/data/genbuster-mini/extracted/GenBuster-200K-mini/benchmark/fake/pika/b0a79819811833d4819ae855e35907ed044a31785cd019830c3239016dd40277.mp4,-27.85698699951172,0.9999999999992024,27.85698699951172,2.137233132270955e-11,0,0,1,pika,1,7.018115371465683,0,623.5016137361526
/workspace/data/genbuster-mini/extracted/GenBuster-200K-mini/benchmark/fake/pika/ab438d629dffa1b3c8d8da094c07591d928d13024a4bec27b992cef8960e8e75.mp4,-26.591110229492188,0.999999999997171,26.591110229492188,7.619801825494735e-11,0,0,1,pika,1,7.338397204875946,0,625.5653910338879
/workspace/data/genbuster-mini/extracted/GenBuster-200K-mini/benchmark/fake/pika/a70ecd69bb018a498cec1659bf62efc81e1846e901474fbaf42aa70e5268c1d9.mp4,-19.470861434936523,0.9999999965012548,19.470861434936523,7.162032588332222e-08,0,0,1,pika,1,7.001277059316635,0,622.4676668643951
/workspace/data/genbuster-mini/extracted/GenBuster-200K-mini/benchmark/fake/pika/a0d3b59cf12c60e89f736814318e0191c99ae8e8a1da89107bf7045eea82f408.mp4,-29.042484283447266,0.9999999999997562,29.042484283447266,5.926596034416013e-12,0,0,1,pika,1,6.875999271869659,0,622.5971803069115
/workspace/data/genbuster-mini/extracted/GenBuster-200K-mini/benchmark/fake/pika/9d63403c6bca7006ed70d011b59403539afedb33f37aef0076bb355fb2aa1dd3.mp4,-14.512943267822266,0.9999995021384508,14.512943267822266,7.723296116841778e-06,0,0,1,pika,1,7.009055465459824,1,709.2304565012455
/workspace/data/genbuster-mini/extracted/GenBuster-200K-mini/benchmark/fake/pika/9cfb6d139842fe95d62048051ee4ec9922df8c4791db48bd90ad7f9508f67b8f.mp4,-13.40134334564209,0.9999984868921956,13.40134334564209,2.17907841771961e-05,0,0,1,pika,1,7.467299699783325,1,710.4171738028526
/workspace/data/genbuster-mini/extracted/GenBuster-200K-mini/benchmark/fake/pika/9c6034bc7a7cb76f48775c724e1889450863c8c637cd1750e65abce3279e09d4.mp4,-26.70295143127441,0.9999999999974704,26.70295143127441,6.823535482751859e-11,0,0,1,pika,1,7.020179182291031,1,711.3302610814571
/workspace/data/genbuster-mini/extracted/GenBuster-200K-mini/benchmark/fake/pika/9a0b021c264be9d85870aabcd936e56c2b6fc4849fdc56af9851f52439e38960.mp4,-21.112695693969727,0.999999999322557,21.112695693969727,1.497809258990468e-08,0,0,1,pika,1,7.330209016799927,0,626.5598386526108
/workspace/data/genbuster-mini/extracted/GenBuster-200K-mini/benchmark/fake/pika/995c76cd16307489da6d595c86f27d8d4be6fa99178daae62274540c73be17cd.mp4,-21.28703498840332,0.99999999943094,21.28703498840332,1.2680663990122171e-08,0,0,1,pika,1,5.567397922277451,0,622.2875975072384
/workspace/data/genbuster-mini/extracted/GenBuster-200K-mini/benchmark/fake/pika/98f35b33a0dcf8d4c9760e56e9e08a65019ec0e82bd1693083fa6a61fb4e59fd.mp4,-19.56252098083496,0.9999999968076898,19.56252098083496,6.56399455229654e-08,0,0,1,pika,1,7.323663681745529,0,622.5215941667557
/workspace/data/genbuster-mini/extracted/GenBuster-200K-mini/benchmark/fake/pika/939eca6044ae3b6d3f7c51744e3d08ebc7480f1a2fb2bfbba28e129c7d3aae48.mp4,-14.926800727844238,0.9999996708660605,14.926800727844238,5.242048724102232e-06,0,0,1,pika,1,7.199294865131378,0,618.9300902187824
/workspace/data/genbuster-mini/extracted/GenBuster-200K-mini/benchmark/fake/pika/927832f853528d5cf8465e96a76882e0b4a4341c140368facc904b0f463c3aa3.mp4,-29.25412368774414,0.9999999999998028,29.25412368774414,4.612990200124908e-12,0,0,1,pika,1,7.576148957014084,1,709.8824270069599
/workspace/data/genbuster-mini/extracted/GenBuster-200K-mini/benchmark/fake/pika/87915f8d833b82a63940a354fba88d73981561f8fb9b001a5c7322b914619b49.mp4,-23.50960350036621,0.9999999999383534,23.50960350036621,1.5089410376397372e-09,0,0,1,pika,1,7.021088153123856,1,707.6879292726517
/workspace/data/genbuster-mini/extracted/GenBuster-200K-mini/benchmark/fake/pika/825ec539de744ec6d3f29593367a5b5fe9f6da8f82c513748636ace0cbb7e20d.mp4,-22.648193359375,0.9999999998541136,22.648193359375,3.447951564360016e-09,0,0,1,pika,1,7.207788527011871,1,709.5763981342316
/workspace/data/genbuster-mini/extracted/GenBuster-200K-mini/benchmark/fake/pika/7be32452bf93a8dfa141cda33ccac89aa73b90f43aaf4f4bdbc5c7c72ee13646.mp4,-16.56121063232422,0.9999999357966658,16.56121063232422,1.1274862771264176e-06,0,0,1,pika,1,5.664415657520294,1,706.4077816903591
/workspace/data/genbuster-mini/extracted/GenBuster-200K-mini/benchmark/fake/pika/7a8c19ebbb72c9839ca863361644140bb9164b6f4dafc5811d1e2dd87d84cf2e.mp4,-18.437204360961918,0.9999999901638787,18.437204360961918,1.9118469913668125e-07,0,0,1,pika,1,6.881874054670334,0,623.890083283186
/workspace/data/genbuster-mini/extracted/GenBuster-200K-mini/benchmark/fake/pika/794c78124c67a84b8f595cf13390f9c57d37a8364f2bc932dc76b31f9a5cfbc3.mp4,-13.099066734313965,0.9999979528638504,13.099066734313965,2.8862709200016915e-05,0,0,1,pika,1,7.325243204832077,0,622.7393671870232
/workspace/data/genbuster-mini/extracted/GenBuster-200K-mini/benchmark/fake/pika/75c551ee2082e047436809ce9f231dd909ff60c350c2aab157ad5f8e132fa613.mp4,-24.28982734680176,0.9999999999717472,24.28982734680176,7.125266193456353e-10,0,0,1,pika,1,6.840594112873077,1,717.5149619579315
/workspace/data/genbuster-mini/extracted/GenBuster-200K-mini/benchmark/fake/pika/73c073f93c98c0c48dda0c797647d2a7c511b336def1fab9e79850505a87e80d.mp4,-31.347434997558597,0.9999999999999756,31.347434997558597,-3.042335864845509e-13,0,0,1,pika,1,7.311105728149414,1,709.0859562158585
/workspace/data/genbuster-mini/extracted/GenBuster-200K-mini/benchmark/fake/pika/73a79ba5bfc3f9e0d0450db3291d4ae6dc1621a77321b9f3d2f31a013807e9bc.mp4,-24.23934936523437,0.9999999999702844,24.23934936523437,7.480185537723795e-10,0,0,1,pika,1,6.89210370182991,1,708.3299309015274
/workspace/data/genbuster-mini/extracted/GenBuster-200K-mini/benchmark/fake/pika/6d4dc60f2c7f7f0ad028b25751d88a11bd6f4b27f934513f53fc194a2868334c.mp4,-20.78154563903809,0.999999999056614,20.78154563903809,2.0546404154696493e-08,0,0,1,pika,1,7.267400622367859,0,623.4160922467709
/workspace/data/genbuster-mini/extracted/GenBuster-200K-mini/benchmark/fake/pika/69659f79707bf8f653480e3912cdf5759c79809f0a51abc245e4e597f290a545.mp4,-23.216720581054688,0.999999999917376,23.216720581054688,1.998888963783245e-09,0,0,1,pika,1,6.932202726602554,0,628.0825659632683
/workspace/data/genbuster-mini/extracted/GenBuster-200K-mini/benchmark/fake/pika/671f5cbf3ef7fecd14f730dd50392baf3bc0c2b6745340959d67166773d0099f.mp4,-24.168066024780277,0.9999999999680887,24.168066024780277,8.01156976095944e-10,0,0,1,pika,1,7.155675441026688,1,713.251993060112
/workspace/data/genbuster-mini/extracted/GenBuster-200K-mini/benchmark/fake/pika/66d75b7918e622d086b1591ec59fb5bca9369f67c732dc1d00125e0b6e17604a.mp4,-16.925363540649414,0.999999955392486,16.925363540649414,7.996039052164845e-07,0,0,1,pika,1,7.019165903329849,0,628.5899169743061
/workspace/data/genbuster-mini/extracted/GenBuster-200K-mini/benchmark/fake/pika/66acbf56343d85b4e8fef1e12edc5843c9b655533c76245148ddd77895be079b.mp4,-18.83356285095215,0.9999999933825974,18.83356285095215,1.312446712678142e-07,0,0,1,pika,1,7.168829441070557,0,625.0906996428967
/workspace/data/genbuster-mini/extracted/GenBuster-200K-mini/benchmark/fake/pika/669753586a0f3d1fb94cf364f1c97d22d9f4bf127e33b30da55eba0734e07726.mp4,-12.265189170837402,0.9999952870380184,12.265189170837402,6.251834178464391e-05,0,0,1,pika,1,6.872605532407761,1,707.6028622686863
/workspace/data/genbuster-mini/extracted/GenBuster-200K-mini/benchmark/fake/pika/62f45d26cbd8235a41fd346e948b5525d153086a35df934785e33ccccb0b214b.mp4,-9.571176528930664,0.9999302955475288,9.571176528930664,0.0007368605081723,0,0,1,pika,1,7.389187812805176,1,714.5032696425915
/workspace/data/genbuster-mini/extracted/GenBuster-200K-mini/benchmark/fake/pika/62b0ac134115d886665ab47888712486ef07467738dcfbeb39c21b2d0d491d82.mp4,-26.31897354125977,0.9999999999962862,26.31897354125977,9.957093505669138e-11,0,0,1,pika,1,6.988536566495895,0,624.1049356758595
/workspace/data/genbuster-mini/extracted/GenBuster-200K-mini/benchmark/fake/pika/62886e6e3d149ad4e8f4b04179549426bc2fe502badb0f61c00487b1d3ec7d41.mp4,-13.40762996673584,0.9999984963747012,13.40762996673584,2.166367609047771e-05,0,0,1,pika,1,7.426813244819641,0,624.3584379553795
/workspace/data/genbuster-mini/extracted/GenBuster-200K-mini/benchmark/fake/pika/5f6af2540a856799b9d3ef0c83e4c88d2a2bc1e158f40674ac2a520193c88cd6.mp4,-18.114267349243164,0.9999999864145614,18.114267349243164,2.5967370400547616e-07,0,0,1,pika,1,6.837561726570129,0,626.1315681040287
/workspace/data/genbuster-mini/extracted/GenBuster-200K-mini/benchmark/fake/pika/581e011afc5fc884f027dd4d0dbe243eaf720c61bc251d1f7702eb13133b161a.mp4,-31.968454360961918,0.9999999999999868,31.968454360961918,-6.260196638531283e-13,0,0,1,pika,1,7.295593619346619,1,711.3082967698574
/workspace/data/genbuster-mini/extracted/GenBuster-200K-mini/benchmark/fake/pika/56a0c9ac24de50822cac6071b5e5e1636dc57b32c3a05b0774d743a87c6385c1.mp4,-12.875039100646973,0.9999974388178998,12.875039100646973,3.553650302873479e-05,0,0,1,pika,1,6.909854710102081,0,621.6077320277691
/workspace/data/genbuster-mini/extracted/GenBuster-200K-mini/benchmark/fake/pika/53a914adcec4b11b7af4c23f9867fd14a0b4cb42efd81a1c5d713a94adafe74a.mp4,-27.58780860900879,0.9999999999989558,27.58780860900879,2.814882697033041e-11,0,0,1,pika,1,7.241439074277878,1,717.2855213284492
/workspace/data/genbuster-mini/extracted/GenBuster-200K-mini/benchmark/fake/pika/5254e2d51ccef9673b0f7705a6220332e13ec2c4b0b86df645668f3682792c59.mp4,-10.805983543395996,0.9999797226046212,10.805983543395996,0.0002393947997238,0,0,1,pika,1,6.957203149795532,0,623.513899743557
/workspace/data/genbuster-mini/extracted/GenBuster-200K-mini/benchmark/fake/pika/3e29e82043489b8d7ba58f4d9a288717f7694f0cd534ce5a73632b670edf3768.mp4,-23.30435562133789,0.9999999999243084,23.30435562133789,1.837639046910617e-09,0,0,1,pika,1,7.913529872894287,1,709.2823460698128
/workspace/data/genbuster-mini/extracted/GenBuster-200K-mini/benchmark/fake/pika/39e4135144a9f854e9516d6a6f994267174d55a24b1e45b23517c5b0f10c3791.mp4,-14.42082691192627,0.9999994540986564,14.42082691192627,8.418248340439426e-06,0,0,1,pika,1,7.047224789857864,1,708.3460129797459
/workspace/data/genbuster-mini/extracted/GenBuster-200K-mini/benchmark/fake/pika/37cdd4f43054ccfaad6784c12502ef9d0f7aa483a36aef5aaf4a069ca0db1f49.mp4,-24.775041580200195,0.9999999999826086,24.775041580200195,4.462933636723583e-10,0,0,1,pika,1,7.215127348899841,0,623.155128210783
/workspace/data/genbuster-mini/extracted/GenBuster-200K-mini/benchmark/fake/pika/2f53e7d9227465b1f78092e7594e624e2b4d5a628388d88d3ee06bd98005b7de.mp4,-22.039569854736328,0.9999999997318756,22.039569854736328,6.175473620727769e-09,0,0,1,pika,1,6.87660276889801,1,705.5520303547382
/workspace/data/genbuster-mini/extracted/GenBuster-200K-mini/benchmark/fake/pika/2b5d2b62430b5185b49d20a2f0afbb48bb9cf63614ea94b7d679fa600766ab3c.mp4,-18.954404830932617,0.9999999941358296,18.954404830932617,1.170140317152474e-07,0,0,1,pika,1,7.02899694442749,0,627.9243417084217
/workspace/data/genbuster-mini/extracted/GenBuster-200K-mini/benchmark/fake/pika/23692d7be8cc90e830b90e3cfa2c9eeceae8188402575182fb933ee409760d35.mp4,-22.74715805053711,0.9999999998678598,22.74715805053711,3.135956760781985e-09,0,0,1,pika,1,6.75591453909874,0,627.289678901434
/workspace/data/genbuster-mini/extracted/GenBuster-200K-mini/benchmark/fake/pika/1dc4ae4bb309a6db913167ad789b4b2def193a3906c9002ff847fff5ed4d42d8.mp4,-33.11868667602539,0.999999999999996,33.11868667602539,-8.815640168232332e-13,0,0,1,pika,1,7.23985955119133,0,624.1415180265903
/workspace/data/genbuster-mini/extracted/GenBuster-200K-mini/benchmark/fake/pika/1ce0331df1d0c5895a526e31a50e8a3d6adc8fce1470af7b61681da8dd1d09de.mp4,-14.27365493774414,0.9999993675442624,14.27365493774414,9.65990891707383e-06,0,0,1,pika,1,6.948765367269516,0,623.5072985291481
/workspace/data/genbuster-mini/extracted/GenBuster-200K-mini/benchmark/fake/pika/1aa281030c17847821606db4f5bbe6fbc89ed78f566f54c338277b757d64dd90.mp4,-15.688214302062988,0.9999998462924964,15.688214302062988,2.565101758450256e-06,0,0,1,pika,1,5.736786872148514,1,703.639280050993
/workspace/data/genbuster-mini/extracted/GenBuster-200K-mini/benchmark/fake/pika/15695567381c160ffe16a856a403ce930f518e5a76b819a7cbbb4ba05d17879b.mp4,-27.455625534057617,0.9999999999988084,27.455625534057617,3.21849838849773e-11,0,0,1,pika,1,5.273435264825821,1,708.9790590107441
/workspace/data/genbuster-mini/extracted/GenBuster-200K-mini/benchmark/fake/pika/13bf159e1ccd6d14593c0e6ab7c7750c901583e0b31f25435981e183e7873ede.mp4,-30.19483184814453,0.999999999999923,30.19483184814453,1.199131782431777e-12,0,0,1,pika,1,7.20808282494545,1,703.2894901931286
/workspace/data/genbuster-mini/extracted/GenBuster-200K-mini/benchmark/fake/pika/137370f6d0c9253958c3152ad70a34c92bf98eac27671b4446d6c061d33193af.mp4,-25.33251953125,0.9999999999900409,25.33251953125,2.6029919667703135e-10,0,0,1,pika,1,7.848337292671204,1,711.3895490765572
/workspace/data/genbuster-mini/extracted/GenBuster-200K-mini/benchmark/fake/pika/1274bf20abfadf9571dfe7f1088614eceb59060b8d4a3c9a6221d10e5159c6f6.mp4,-13.643058776855469,0.9999988117868952,13.643058776855469,1.7399073047116818e-05,0,0,1,pika,1,7.328614592552185,1,716.1688841879368
/workspace/data/genbuster-mini/extracted/GenBuster-200K-mini/benchmark/fake/pika/104160327684a28de197913495786d175e3ede7461bd3b4a7deaf21e86ba4cd1.mp4,-17.358631134033203,0.9999999710770702,17.358631134033203,5.30983399743951e-07,0,0,1,pika,1,6.442572921514511,1,716.1949016153812
/workspace/data/genbuster-mini/extracted/GenBuster-200K-mini/benchmark/fake/pika/0e84756a85111f2578dd42025a8c16e09032f0f981bbdbd9e8f1f9ff2309444a.mp4,-28.336742401123047,0.9999999999995064,28.336742401123047,1.2938479579655343e-11,0,0,1,pika,1,7.243957370519638,0,627.0796731114388
/workspace/data/genbuster-mini/extracted/GenBuster-200K-mini/benchmark/fake/pika/0c9fad2dc2532afaaedf485c8e4ae053ea89713d252a342d16ce0cfed2d8b349.mp4,-21.95520401000977,0.9999999997082734,21.95520401000977,6.6946457219731465e-09,0,0,1,pika,1,6.879273802042008,1,711.0318094491959
/workspace/data/genbuster-mini/extracted/GenBuster-200K-mini/benchmark/fake/pika/0c37753660d10db749ed54c8c4b4fb94b861c92d8a75650b5e977640b507a954.mp4,-17.916667938232422,0.9999999834464948,17.916667938232422,3.1313516200246146e-07,0,0,1,pika,1,7.093984633684158,0,627.9456466436386
/workspace/data/genbuster-mini/extracted/GenBuster-200K-mini/benchmark/fake/pika/09fab2b29b14bc0eddc2d900c9e03f09caf8cce07e05e026af0e1949704c9474.mp4,-23.23359680175781,0.9999999999187588,23.23359680175781,1.966776018501896e-09,0,0,1,pika,1,6.980594247579575,0,627.5241822004318
/workspace/data/genbuster-mini/extracted/GenBuster-200K-mini/benchmark/fake/pika/095581faf93d500d396549e321baad6ec25600637b4ae3d96cf88001dbfe5441.mp4,-24.13973999023437,0.999999999967172,24.13973999023437,8.233018104377153e-10,0,0,1,pika,1,7.448509335517883,1,711.1256457865238
/workspace/data/genbuster-mini/extracted/GenBuster-200K-mini/benchmark/fake/pika/08ce7a365f18973ad7d676ba5ae708e7d9f482189ff3eaf63dcba899e1302ab6.mp4,-31.759578704833984,0.999999999999984,31.759578704833984,-5.39109151519874e-13,0,0,1,pika,1,6.984386593103409,1,720.9995314478874
/workspace/data/genbuster-mini/extracted/GenBuster-200K-mini/benchmark/fake/pika/08bdc1d087466e7cc4883e2443f45c26ee6f1d71566495cebec62b36126f635f.mp4,-24.628644943237305,0.9999999999798668,24.628644943237305,5.14013801791721e-10,0,0,1,pika,1,7.250815629959106,1,713.9631658792496
/workspace/data/genbuster-mini/extracted/GenBuster-200K-mini/benchmark/fake/pika/085b3abec4d6d46a6dfd1ebf221d9ff4ae97f3d88af5e01c0294796f372f964b.mp4,-5.813220977783203,0.9970211093313992,5.813220977783203,0.0203002860952378,0,0,1,pika,1,6.793510168790817,1,709.9021784961224
/workspace/data/genbuster-mini/extracted/GenBuster-200K-mini/benchmark/fake/pika/0235e59f00668e92db1c510a55f0700c1b70ff79e5898aa0819672a80393bca6.mp4,-17.546833038330078,0.9999999760388736,17.546833038330078,4.4440101114807083e-07,0,0,1,pika,1,7.114578038454056,0,627.4107955396175
/workspace/data/genbuster-mini/extracted/GenBuster-200K-mini/benchmark/fake/luma/ffc27d2529ce1894c8e6a421870f77e89598424cd55884db9972f9e44dee23f8.mp4,-17.40736961364746,0.9999999724529296,17.40736961364746,5.07067107182745e-07,0,0,1,luma,1,6.943274289369583,1,711.3848403096199
/workspace/data/genbuster-mini/extracted/GenBuster-200K-mini/benchmark/fake/luma/fc8349376fbf9653db666da5631a89e2b5167d8208af72e3416bdc47c7365439.mp4,-13.202178001403809,0.9999981534283506,13.202178001403809,2.6225338874117658e-05,0,0,1,luma,1,7.140897214412689,0,628.8017965853214
/workspace/data/genbuster-mini/extracted/GenBuster-200K-mini/benchmark/fake/luma/f9728d6c80a6eb1f3a1205d2d1e5133991d81ded1616fdfb0ec59226853cac5c.mp4,-16.365694046020508,0.9999999219326696,16.365694046020508,1.3556913811989758e-06,0,0,1,luma,1,6.893515586853027,1,714.4629955291748
/workspace/data/genbuster-mini/extracted/GenBuster-200K-mini/benchmark/fake/luma/f7ba05c987b32b804c189ce5701e287b9dcd090bf62770ebca8a9e40c01d5030.mp4,-39.93235397338867,1.0,39.93235397338867,-9.99963298774891e-13,0,0,1,luma,1,8.02847370505333,1,706.8670243024826
/workspace/data/genbuster-mini/extracted/GenBuster-200K-mini/benchmark/fake/luma/f6197a71c23c81747203744da87a1ce61569f593a49dcfae52d82b79632fd6db.mp4,-22.9432430267334,0.9999999998913884,22.9432430267334,2.598518153301027e-09,0,0,1,luma,1,6.846323609352112,0,621.4244328439236
/workspace/data/genbuster-mini/extracted/GenBuster-200K-mini/benchmark/fake/luma/f5d545c3d28f62c65868b42274ba5a12c6eab7a09da3b0ed7680722701919865.mp4,-36.3597297668457,1.0,36.3597297668457,-9.95394211269422e-13,0,0,1,luma,1,7.343009114265442,1,711.457297205925
/workspace/data/genbuster-mini/extracted/GenBuster-200K-mini/benchmark/fake/luma/f404f142b2214e2df5676cee4f358a85043bc13de97e78cc1331218bb5276fa9.mp4,-30.779273986816406,0.999999999999957,30.779273986816406,2.273018985980815e-13,0,0,1,luma,1,7.417257875204086,1,718.1988321244717
/workspace/data/genbuster-mini/extracted/GenBuster-200K-mini/benchmark/fake/luma/f4014e746e367c41fe92a7145919cfab261b7f0fdc2abbd8192ad9f0478110c7.mp4,-30.45615005493164,0.9999999999999408,30.45615005493164,6.9432809905485e-13,0,0,1,luma,1,7.084235548973084,1,712.0268903672695
/workspace/data/genbuster-mini/extracted/GenBuster-200K-mini/benchmark/fake/luma/ee2518b78a0aad693bdf6e41e2b89847024bfbdf239f723987e14e2ca67a2471.mp4,-21.647436141967773,0.9999999996031396,21.647436141967773,8.98587512829635e-09,0,0,1,luma,1,6.903916597366333,1,712.9270397126675
/workspace/data/genbuster-mini/extracted/GenBuster-200K-mini/benchmark/fake/luma/ec10c08ad8dc12d9c61340129f4908c991e7b88e0b1af09cb5d98ca3d07027f4.mp4,-21.00918960571289,0.99999999924868,21.00918960571289,1.6533941596344688e-08,0,0,1,luma,1,7.18708336353302,1,707.0367969572544
/workspace/data/genbuster-mini/extracted/GenBuster-200K-mini/benchmark/fake/luma/e99162af3c0ada1793bbe05d0da8a92260e47fbfa144ecf775b260a0c04ad85e.mp4,-9.595300674438477,0.9999319568669308,9.595300674438477,0.0007209397683821,0,0,1,luma,1,6.847504526376724,1,704.6230435371399
/workspace/data/genbuster-mini/extracted/GenBuster-200K-mini/benchmark/fake/luma/e8a8055e8ccbd5b63de69068e950846e74206a07e8d3bf1970f6dc20cc2170d6.mp4,-24.06228256225586,0.9999999999645282,24.06228256225586,8.870186593063428e-10,0,0,1,luma,1,7.404837757349014,1,710.2035917341709
/workspace/data/genbuster-mini/extracted/GenBuster-200K-mini/benchmark/fake/luma/e7142de9e6886d3f2896312337662b1dfef7e89eb3cd0a09885545aa24e7b8c1.mp4,-29.27322769165039,0.9999999999998064,29.27322769165039,4.5073408918403146e-12,0,0,1,luma,0,6.798196583986282,0,623.285960406065
/workspace/data/genbuster-mini/extracted/GenBuster-200K-mini/benchmark/fake/luma/e6c10f39397f9c32df070215600cfc0188cc40a47e068d70cfce770dbc0dc62d.mp4,-6.053491592407227,0.997655864339322,6.053491592407227,0.0165370930843782,0,0,1,luma,1,7.118057459592819,1,711.0584676265717
/workspace/data/genbuster-mini/extracted/GenBuster-200K-mini/benchmark/fake/luma/e691d4635ae96c2c12ab3573c7dc803c052cfddd3067a8b811aaed125e925fb7.mp4,-24.5129337310791,0.9999999999773967,24.5129337310791,5.746931145824004e-10,0,0,1,luma,1,6.890464574098587,0,629.2668804526329
/workspace/data/genbuster-mini/extracted/GenBuster-200K-mini/benchmark/fake/luma/e644a29742cd3c60b4b27d2e9fabdd71fe642d222941fe5c3cca23343aa33439.mp4,-26.01536750793457,0.9999999999949688,26.01536750793457,1.3400700762333415e-10,0,0,1,luma,1,7.617048919200897,0,627.8932988643646
/workspace/data/genbuster-mini/extracted/GenBuster-200K-mini/benchmark/fake/luma/e5c883c1193007086fcfcda2a7924266820a05f534cb9b13345f124356a89722.mp4,-20.65719413757324,0.9999999989316968,20.65719413757324,2.3134453182766227e-08,0,0,1,luma,1,6.9022029638290405,0,627.1496750414371
/workspace/data/genbuster-mini/extracted/GenBuster-200K-mini/benchmark/fake/luma/e387f940b321e2bd31709f89ae9f9745623b092c96a4b94aa5239a1193bfd018.mp4,-20.066082000732425,0.9999999980706488,20.066082000732425,4.064186943514762e-08,0,0,1,luma,1,7.268182933330536,1,709.876287728548
/workspace/data/genbuster-mini/extracted/GenBuster-200K-mini/benchmark/fake/luma/d6bb9b397aa6fa9a95dfc09f58b3709b9b24ea52dc694ce339fa2a3a527600c4.mp4,-45.89926528930664,1.0,45.89926528930664,-1.0000885787719905e-12,0,0,1,luma,1,7.034875452518463,1,709.9149972200394
/workspace/data/genbuster-mini/extracted/GenBuster-200K-mini/benchmark/fake/luma/d55dbe5c4a68fdec32198af228e736a450009544e4005833fb09810545f00b16.mp4,-11.963942527770996,0.9999936302410788,11.963942527770996,8.25772070962725e-05,0,0,1,luma,1,7.256694138050079,1,712.0787613093853
/workspace/data/genbuster-mini/extracted/GenBuster-200K-mini/benchmark/fake/luma/d1f7d33b44762d8e17ae85c634033beae0577f21c494edc1003dfb7034552d2d.mp4,-23.57488822937012,0.9999999999422494,23.57488822937012,1.417221945304684e-09,0,0,1,luma,1,6.858941167593002,1,710.3036791086197
/workspace/data/genbuster-mini/extracted/GenBuster-200K-mini/benchmark/fake/luma/cde9bbea1b285834fc5d6e85fc10107c68c4b006b1b84db2f16108d161cd106d.mp4,-18.3842716217041,0.9999999896291998,18.3842716217041,2.010284086919559e-07,0,0,1,luma,1,7.333759218454361,0,628.8477443158627
/workspace/data/genbuster-mini/extracted/GenBuster-200K-mini/benchmark/fake/luma/cb31ce27ce95c30e5c525e1ef278f69c650d61f931eb030212697383fe621ba8.mp4,-12.748926162719728,0.9999970945696076,12.748926162719728,3.9946550023752455e-05,0,0,1,luma,1,6.87035545706749,0,627.6819221675396
/workspace/data/genbuster-mini/extracted/GenBuster-200K-mini/benchmark/fake/luma/c87fe790c924b803f2e67ddab8a79ca00275ea8edfe2295dbe435ed0278d028d.mp4,-11.255423545837402,0.9999870632245802,11.255423545837402,0.0001585457439232,0,0,1,luma,1,7.2187744081020355,1,714.574784040451
/workspace/data/genbuster-mini/extracted/GenBuster-200K-mini/benchmark/fake/luma/c71d352245ae2e6972514b099a0b35cee7c9f32f41ac1986cdccbe7828ffa74d.mp4,-26.853837966918945,0.9999999999978246,26.853837966918945,5.876873213789752e-11,0,0,1,luma,1,6.837043911218643,1,711.4214077591896
/workspace/data/genbuster-mini/extracted/GenBuster-200K-mini/benchmark/fake/luma/c653daba980e89e6e6935130a1fb4605daec03ca3863daccf2d7e54ff5850049.mp4,-23.1906681060791,0.9999999999151952,23.1906681060791,2.0494923315501964e-09,0,0,1,luma,1,7.321897894144058,1,713.671550154686
/workspace/data/genbuster-mini/extracted/GenBuster-200K-mini/benchmark/fake/luma/c5f785c4a00119c25bdea636d80c4f4bc1e22f0fe64fa63ceba57dfde12d3a70.mp4,-15.324658393859863,0.9999997789017384,15.324658393859863,3.6093516139395063e-06,0,0,1,luma,1,6.839744746685028,1,706.5555714070797
/workspace/data/genbuster-mini/extracted/GenBuster-200K-mini/benchmark/fake/luma/c5f0b2db06d1a26c4de3f2d42368122d742038c62682b7350d4af15f65353dc4.mp4,-22.374950408935547,0.9999999998082734,22.374950408935547,4.479603813836998e-09,0,0,1,luma,1,7.371045649051666,1,707.0285566151142
/workspace/data/genbuster-mini/extracted/GenBuster-200K-mini/benchmark/fake/luma/c4db751e51aa1ba13847e7e797941db87ac0bb68cc3fb4b9e7363a5ba96ea74f.mp4,-15.049525260925291,0.9999997088786472,15.049525260925291,4.672357572857949e-06,0,0,1,luma,1,6.91639631986618,0,623.1882236897945
/workspace/data/genbuster-mini/extracted/GenBuster-200K-mini/benchmark/fake/luma/c3d88740c1ea89f183534b1b86ddec72a8fb502beb23856deb8efa717c60820c.mp4,-12.518009185791016,0.9999963398734052,12.518009185791016,4.947762954057965e-05,0,0,1,luma,1,7.408708333969116,0,621.971782296896
/workspace/data/genbuster-mini/extracted/GenBuster-200K-mini/benchmark/fake/luma/c1ec4b7339534fef8d33f98abf26bf83f713b220b4f6bfe055af224230c458b7.mp4,-13.987833976745604,0.9999991582938036,13.987833976745604,1.2615351082113514e-05,0,0,1,luma,1,6.874784827232361,1,703.1772918999195
/workspace/data/genbuster-mini/extracted/GenBuster-200K-mini/benchmark/fake/luma/c05188597460e6dc0faf92d116943dea84a628178b8e14d45548634c6b445b38.mp4,-34.20096206665039,0.9999999999999986,34.20096206665039,-9.59801174162746e-13,0,0,1,luma,1,7.380586117506027,1,708.0738320946693
/workspace/data/genbuster-mini/extracted/GenBuster-200K-mini/benchmark/fake/luma/bad0696a5952c39cc5cbb6f6c5841050b7908e554d7bec95151dd06249b49615.mp4,-25.998762130737305,0.9999999999948844,25.998762130737305,1.3619662258238135e-10,0,0,1,luma,1,6.956383585929871,1,708.7281309068203
/workspace/data/genbuster-mini/extracted/GenBuster-200K-mini/benchmark/fake/luma/b9b84267aac5a9633c3d28e553a13dd169c6c1660edcb910ceca96913ce895ec.mp4,-14.64462947845459,0.9999995635665472,14.64462947845459,6.827837764704378e-06,0,0,1,luma,1,7.287368178367615,1,708.8574692606926
/workspace/data/genbuster-mini/extracted/GenBuster-200K-mini/benchmark/fake/luma/ae2ff9ee6073db5cb96fcddbbb6edb147d5e8c18c6219f69d119a5ddbeba9d75.mp4,-15.72675609588623,0.9999998521039544,15.72675609588623,2.473819087971059e-06,0,0,1,luma,1,6.936334073543549,1,708.1043533980846
/workspace/data/genbuster-mini/extracted/GenBuster-200K-mini/benchmark/fake/luma/ae1b1d1a89af83ef60c9f30ac5e9b859d49b166a904d0a1073d4a2d3237df337.mp4,-14.33741569519043,0.99999940661138,14.33741569519043,9.101046120942668e-06,0,0,1,luma,1,5.972806364297867,1,709.4196043908596
/workspace/data/genbuster-mini/extracted/GenBuster-200K-mini/benchmark/fake/luma/ab6e1496d961624aa05d95800579e576cc6fd88ccb5e33f663cbd0852740e416.mp4,-9.40473175048828,0.9999176732235356,9.40473175048828,0.000856591417843,0,0,1,luma,1,8.608933538198471,0,624.0778714418411
/workspace/data/genbuster-mini/extracted/GenBuster-200K-mini/benchmark/fake/luma/a9cc0ebaab6d06c044a5808c84c0f794edef8a8519a2e5c4df833c3041763e7d.mp4,-30.10238075256348,0.9999999999999156,30.10238075256348,1.4116508382413853e-12,0,0,1,luma,1,6.87824934720993,1,710.4359827935696
/workspace/data/genbuster-mini/extracted/GenBuster-200K-mini/benchmark/fake/luma/a522f0750ec64b2c0470b542dde52b50b28dcfe7ea372566fca7db93cde793d4.mp4,2.2961513996124268,0.9085578322410583,2.2961513996124268,0.3058618359364736,0,1,1,luma,1,8.257560431957245,0,622.3342530429363
/workspace/data/genbuster-mini/extracted/GenBuster-200K-mini/benchmark/fake/luma/a5204dd5e270ec5aad583ecf4ce8a57b75b85346f5f1c59bbcec4f1705340f5d.mp4,-12.293688774108888,0.999995419458628,12.293688774108888,6.0892299946484926e-05,0,0,1,luma,1,5.611468106508255,1,708.2240395247936
/workspace/data/genbuster-mini/extracted/GenBuster-200K-mini/benchmark/fake/luma/a4c4c6a55720d7db83d7543c1d2f904f3a85cf27790a8d0b5437be5d7f7c4b11.mp4,2.277894973754883,0.9070296883583068,2.277894973754883,0.3093567021260017,0,1,1,luma,1,5.241818726062775,0,621.5878464281559
/workspace/data/genbuster-mini/extracted/GenBuster-200K-mini/benchmark/fake/luma/a4343cd8259619671067633c790fc13f3582bc2cf1bb5bc1a31d89b9367b3d3e.mp4,-14.859694480895996,0.9999996480211736,14.859694480895996,5.582274708198777e-06,0,0,1,luma,1,5.823247134685516,1,707.4238061904907
/workspace/data/genbuster-mini/extracted/GenBuster-200K-mini/benchmark/fake/luma/a2586bf083895319f92d166e0090b46497326b9425fac950aa28402b921370b2.mp4,-18.84320831298828,0.999999993446118,18.84320831298828,1.3004804348802986e-07,0,0,1,luma,1,6.924662739038467,0,628.6527924239635
/workspace/data/genbuster-mini/extracted/GenBuster-200K-mini/benchmark/fake/luma/9bfee34b3082f4f2fa811f7ce21ff41bdf87a10eb1549596853399f19924284a.mp4,-32.533668518066406,0.9999999999999926,32.533668518066406,-7.873816465080442e-13,0,0,1,luma,1,7.027823477983475,1,720.7834683358669
/workspace/data/genbuster-mini/extracted/GenBuster-200K-mini/benchmark/fake/luma/9b980e89fcf05b81e0e99b14e3dfe352ee3d194972c432a8a455cfbf91a08f4f.mp4,-18.863922119140625,0.9999999935804778,18.863922119140625,1.2751489016148348e-07,0,0,1,luma,1,7.309608161449432,0,629.541527479887
/workspace/data/genbuster-mini/extracted/GenBuster-200K-mini/benchmark/fake/luma/9a5aeb2c4d20db3763d24393162b0a1e0a720094f135edd9c4a2e3f3f0c45989.mp4,-15.983845710754396,0.9999998856321496,15.983845710754396,1.942403930492379e-06,0,0,1,luma,1,7.056906819343567,0,629.6170316636562
/workspace/data/genbuster-mini/extracted/GenBuster-200K-mini/benchmark/fake/luma/98c25e91efec4365042e3e918318a3a5032e1fc53a52f49f85dbed30783d2851.mp4,-22.051448822021484,0.9999999997350416,22.051448822021484,6.105673474588266e-09,0,0,1,luma,1,7.345277816057205,1,712.701853364706
/workspace/data/genbuster-mini/extracted/GenBuster-200K-mini/benchmark/fake/luma/95d57e86cb3260fbde1d5e5463242e1f2be6fc6b78a897174620e46d3052473e.mp4,-19.97552490234375,0.9999999978877768,19.97552490234375,4.4302987626221313e-08,0,0,1,luma,1,6.937883794307709,0,630.4940916597843
/workspace/data/genbuster-mini/extracted/GenBuster-200K-mini/benchmark/fake/luma/957c40af1825ea3aa856c8978c31c57100b62f39b51e5b6b0f53de7951b34298.mp4,-17.231185913085938,0.99999996714579,17.231185913085938,5.98969211313683e-07,0,0,1,luma,1,7.169336080551148,1,713.8255052268505
/workspace/data/genbuster-mini/extracted/GenBuster-200K-mini/benchmark/fake/luma/948d01ab93c0799b52e64fe171ce4e854ed6d46e60af4534582036abfe280b7d.mp4,-30.05632781982422,0.9999999999999116,30.05632781982422,1.5250013165348265e-12,0,0,1,luma,1,6.955143064260483,0,629.5805796980858
/workspace/data/genbuster-mini/extracted/GenBuster-200K-mini/benchmark/fake/luma/92c9554c7be60b8376c4f1489372165a63e7f3461a570c9bb3ccd64eccbbd4c3.mp4,-31.611141204833984,0.9999999999999812,31.611141204833984,-4.655417106773125e-13,0,0,1,luma,1,7.65087828040123,1,711.0213376581669
/workspace/data/genbuster-mini/extracted/GenBuster-200K-mini/benchmark/fake/luma/8fcfa340a1dd51fba3a5070f904ae473ac246da202dc9d3df36f7b3fc1223d95.mp4,-13.31736183166504,0.9999983543308416,13.31736183166504,2.3561640141807536e-05,0,0,1,luma,1,5.474887788295746,1,710.8597457408905
/workspace/data/genbuster-mini/extracted/GenBuster-200K-mini/benchmark/fake/luma/8f5adca7a75292bf9c0b660926b4f7f3735c5bf3ffc665fdb1ef0a222eb7bb7b.mp4,-3.7153730392456055,0.97623229958117,3.7153730392456055,0.1123605822916633,0,0,1,luma,1,4.595145583152771,0,623.017393052578
/workspace/data/genbuster-mini/extracted/GenBuster-200K-mini/benchmark/fake/luma/8ce6bc77af8337fc95db491c605ca98127f16b48c399547bb8593632762297d0.mp4,-11.046403884887695,0.9999840558703,11.046403884887695,0.0001920695512479,0,0,1,luma,1,5.841638892889023,1,707.315668463707
/workspace/data/genbuster-mini/extracted/GenBuster-200K-mini/benchmark/fake/luma/8be76b1d9af0b8ff56c8452007848c39b7084058614051b4233c1f9e41cba9aa.mp4,-13.899773597717283,0.999999080811392,13.899773597717283,1.3695700561841938e-05,0,0,1,luma,1,4.803184419870377,1,708.4845304489136
/workspace/data/genbuster-mini/extracted/GenBuster-200K-mini/benchmark/fake/luma/839c6556d265946b45f8513b6908b0ce321092115884d71d872b7d1307c66eb6.mp4,-11.909727096557615,0.9999932753703432,11.909727096557615,8.681315351285496e-05,0,0,1,luma,1,4.851844161748886,1,708.8078521192074
/workspace/data/genbuster-mini/extracted/GenBuster-200K-mini/benchmark/fake/luma/8333ba06988df14b3cef1ddd2c462a6315e1e19c834c60e93a1f74e2cf59b04c.mp4,-24.6735782623291,0.9999999999807512,24.6735782623291,4.922078477365531e-10,0,0,1,luma,1,5.258996039628983,1,708.6104713380337
/workspace/data/genbuster-mini/extracted/GenBuster-200K-mini/benchmark/fake/luma/80809743886cfa38696ce7792048f3121abeb088b9c0bd97a583e42fdca858be.mp4,-26.715770721435547,0.9999999999975026,26.715770721435547,6.737639405774919e-11,0,0,1,luma,1,6.433732807636261,1,710.7080444693565
/workspace/data/genbuster-mini/extracted/GenBuster-200K-mini/benchmark/fake/luma/807e225ac199ecbdf612b6d8433d3890acb2b8235bed69180512e6d9cb70f973.mp4,-17.297584533691406,0.9999999692564144,17.297584533691406,5.625313512670034e-07,0,0,1,luma,1,7.053997367620468,0,624.1541616618633
/workspace/data/genbuster-mini/extracted/GenBuster-200K-mini/benchmark/fake/luma/7d4d6453a5c9089420d9b29a2fb77b680789b3064aec7978c581629f6451e7f8.mp4,-30.54651641845703,0.9999999999999458,30.54651641845703,5.482027261680953e-13,0,0,1,luma,1,6.342902779579163,1,710.2709710597992
/workspace/data/genbuster-mini/extracted/GenBuster-200K-mini/benchmark/fake/luma/7c5e93979dc0d43d4c47c99f85c50143cd783496193c978b7bf74be208fc7d8e.mp4,-10.630559921264648,0.9999758344893052,10.630559921264648,0.000281058710931,0,0,1,luma,1,5.013592541217804,1,703.968707472086
/workspace/data/genbuster-mini/extracted/GenBuster-200K-mini/benchmark/fake/luma/7bf18e496d27bf871bb43e30e3bb493e2c3e4798297209a3ae498c1adde7b2e0.mp4,-18.239898681640625,0.9999999880184588,18.239898681640625,2.305216358503593e-07,0,0,1,luma,1,4.927065223455429,1,707.6141461730003
/workspace/data/genbuster-mini/extracted/GenBuster-200K-mini/benchmark/fake/luma/78052419e88a4aa4d75b4eea8019adbcbc5e8925a6a8979763c5d23dd81f24b8.mp4,-7.729233741760254,0.9995604123396332,7.729233741760254,0.0038373600734786,0,0,1,luma,1,5.082856863737106,1,713.4397104382515
/workspace/data/genbuster-mini/extracted/GenBuster-200K-mini/benchmark/fake/luma/732c3d5d9bea4c1d6b426b7634cf95a649943bc816f510d1d3083d8b3ed71390.mp4,-15.17961597442627,0.9999997443908056,15.17961597442627,4.135656613237064e-06,0,0,1,luma,1,5.134336650371552,0,623.9139512181282
/workspace/data/genbuster-mini/extracted/GenBuster-200K-mini/benchmark/fake/luma/72bf144d00677e9bfbbccbdcfdc3250cb3a2329df6106c6e6e1b2639768caa56.mp4,-18.55750274658203,0.9999999912787452,18.55750274658203,1.705639649756435e-07,0,0,1,luma,1,5.468487739562988,1,711.0325023531914
/workspace/data/genbuster-mini/extracted/GenBuster-200K-mini/benchmark/fake/luma/725851cd258b3b3a24549aa380cefcfe213f24933966e54e086d8eb8794d6e5d.mp4,-10.117871284484863,0.9999596496927552,10.117871284484863,0.0004486103308294,0,0,1,luma,1,5.616649985313416,0,621.6975972056389
/workspace/data/genbuster-mini/extracted/GenBuster-200K-mini/benchmark/fake/luma/67c6ff956261b40d85d6696aefef335f76ae884c867112617d595dbeba9d4490.mp4,-17.260528564453125,0.999999968095814,17.260528564453125,5.825853001682072e-07,0,0,1,luma,1,5.499590188264847,1,711.1151330173016
/workspace/data/genbuster-mini/extracted/GenBuster-200K-mini/benchmark/fake/luma/6671370290d33463c32c706207b30fb70d34e1b937f7263f86d437d735b23c60.mp4,-17.227298736572266,0.9999999670178285,17.227298736572266,6.011738932720423e-07,0,0,1,luma,1,6.2101297080516815,1,708.6151763796806
/workspace/data/genbuster-mini/extracted/GenBuster-200K-mini/benchmark/fake/luma/641ab5f61e945b19a980a44a67b92111605186c3f6db78a03c5f029ca47b66b4.mp4,-12.65422821044922,0.9999968059837556,12.65422821044922,4.361182986641745e-05,0,0,1,luma,1,5.431137979030609,0,622.7413788437843
/workspace/data/genbuster-mini/extracted/GenBuster-200K-mini/benchmark/fake/luma/60bdca87d3a4730af5799291662d051845ff797ba37024abb2e986c528bb711c.mp4,-11.572348594665527,0.9999905770091572,11.572348594665527,0.0001184691681024,0,0,1,luma,1,5.257878452539444,1,708.9349441230297
/workspace/data/genbuster-mini/extracted/GenBuster-200K-mini/benchmark/fake/luma/5faa0d8399ab39207a47e1f728f49df8eef8237f786c0450bc48fa045fe748d7.mp4,-29.052783966064453,0.9999999999997587,29.052783966064453,5.856160516974161e-12,0,0,1,luma,1,5.427807569503784,1,711.2654745578766
/workspace/data/genbuster-mini/extracted/GenBuster-200K-mini/benchmark/fake/luma/5c1771460250e2e93b94f78874c47bd8865c1558348efcd9be79197d41cab27d.mp4,-15.772364616394045,0.9999998586977767,15.772364616394045,2.369970427383749e-06,0,0,1,luma,1,5.163256078958511,0,621.7821575701237
/workspace/data/genbuster-mini/extracted/GenBuster-200K-mini/benchmark/fake/luma/5bd79a2c93cc791cd4d04846aa24eac7277820da3e7e986282367c2de9b2266d.mp4,-20.46678924560547,0.9999999987076316,20.46678924560547,2.7741003569480114e-08,0,0,1,luma,1,6.195660680532456,0,625.7156990468502
/workspace/data/genbuster-mini/extracted/GenBuster-200K-mini/benchmark/fake/luma/5b624c26961ac0d7e9877184db5887bdb301bc14b01fd655f2e6a8e781582951.mp4,-31.07686996459961,0.999999999999968,31.07686996459961,-8.830171815382536e-14,0,0,1,luma,1,5.087368190288544,0,625.1116879284382
/workspace/data/genbuster-mini/extracted/GenBuster-200K-mini/benchmark/fake/luma/4e295b9ba014a68bab6afe1d2507d5d2d03d7ed59f814b0983f6f26a51be2015.mp4,-5.614043712615967,0.9963669520802796,5.614043712615967,0.0240357531488899,0,0,1,luma,1,5.386363714933395,0,621.6677352786064
/workspace/data/genbuster-mini/extracted/GenBuster-200K-mini/benchmark/fake/luma/4dc9eaba5d616fafd8d836bf991d960142a1b77e8e22967df31cb364d8beb9ab.mp4,-0.9149516224861144,0.7140123546123505,0.9149516224861144,0.5985198824759377,0,0,1,luma,1,6.044588983058929,1,710.146352648735
/workspace/data/genbuster-mini/extracted/GenBuster-200K-mini/benchmark/fake/luma/4a14813c223a3f42b8b43e3f02b1f3db40c96cba9b8c866fb4d6186301a0dfbd.mp4,-7.237135887145996,0.9992811480187812,7.237135887145996,0.0059215400137064,0,0,1,luma,1,4.711024463176727,1,711.4841490983963
/workspace/data/genbuster-mini/extracted/GenBuster-200K-mini/benchmark/fake/luma/4571b524870780df86c63cc415c371664449b71d35d482abaa75c1fa57cd35d8.mp4,-16.877246856689453,0.999999953193644,16.877246856689453,8.367667805200457e-07,0,0,1,luma,1,4.671361297369003,0,625.2530440688133
/workspace/data/genbuster-mini/extracted/GenBuster-200K-mini/benchmark/fake/luma/40d17e8203534ca6038b80dfa42463d01982e887beee2a1ca385bf452d1bf1f3.mp4,-21.141881942749023,0.9999999993420432,21.141881942749023,1.4566401387815572e-08,0,0,1,luma,1,4.811972379684448,0,625.3469735383987
/workspace/data/genbuster-mini/extracted/GenBuster-200K-mini/benchmark/fake/luma/391f3ccf2f4e5d4b3ab7959840eaa245de45b6d6d83828b6acb0a4c8375c5068.mp4,-13.941075325012209,0.9999991180021652,13.941075325012209,1.3177994500180996e-05,0,0,1,luma,1,4.91834431886673,0,619.5303499698639
/workspace/data/genbuster-mini/extracted/GenBuster-200K-mini/benchmark/fake/luma/2da85e40c0f24435f2c3e87241e4751d83e33d34f167608ef4a457c92dbcbd7a.mp4,-1.6608233451843262,0.8403484970331192,1.6608233451843262,0.4390915397449588,0,0,1,luma,1,7.818698883056641,1,710.3497385978699
/workspace/data/genbuster-mini/extracted/GenBuster-200K-mini/benchmark/fake/luma/297770b9e7245701f20997d9d8b514343634f932361881ab19f6cf5b02749566.mp4,-28.18520736694336,0.9999999999994256,28.18520736694336,1.518886019615585e-11,0,0,1,luma,1,8.240412920713425,1,716.9295325875282
/workspace/data/genbuster-mini/extracted/GenBuster-200K-mini/benchmark/fake/luma/2873c12295f9cd3a73457e624cf36f5d7365cf05c42c0face13d50b444b113aa.mp4,-23.520427703857425,0.9999999999390172,23.520427703857425,1.493334731098474e-09,0,0,1,luma,1,5.276676267385483,1,716.2755839526653
/workspace/data/genbuster-mini/extracted/GenBuster-200K-mini/benchmark/fake/luma/256e1880d12a03ead0586e81fd5e932f7be2ac8a8f7f6212fd19871ca75487fd.mp4,-16.97194480895996,0.9999999574227124,16.97194480895996,7.651946629003651e-07,0,0,1,luma,1,7.055256515741348,0,626.4367401599884
/workspace/data/genbuster-mini/extracted/GenBuster-200K-mini/benchmark/fake/luma/24ddbdff069f9dbf876cddf10397929a0e640244a6002570e2522c86adc2d2e6.mp4,-25.539703369140625,0.9999999999919044,25.539703369140625,2.1291126826314727e-10,0,0,1,luma,1,7.018804550170898,1,722.2946658730507
/workspace/data/genbuster-mini/extracted/GenBuster-200K-mini/benchmark/fake/luma/23083a46d38c036ec1f29e52c4df0c0849d7f7a567ea9b1234bcf8aa2de7fcc5.mp4,-2.373655319213867,0.9147962033748628,2.373655319213867,0.2912984120157229,0,0,1,luma,1,7.386617362499237,0,629.9707442522049
/workspace/data/genbuster-mini/extracted/GenBuster-200K-mini/benchmark/fake/luma/16333278a60df4abf22feb1caae328950c232f2816768a2e49645bfc09e48ee7.mp4,-22.434062957763672,0.9999999998192785,22.434062957763672,4.233046146830474e-09,0,0,1,luma,1,6.996128708124161,0,622.7528527379036
/workspace/data/genbuster-mini/extracted/GenBuster-200K-mini/benchmark/fake/luma/1097126b91d8f9c905212176e8acda8c2001e44aa776150bd0c2759979b4c347.mp4,-26.68159484863281,0.9999999999974156,26.68159484863281,6.969022858189103e-11,0,0,1,luma,1,7.549595087766647,1,711.4357501268387
/workspace/data/genbuster-mini/extracted/GenBuster-200K-mini/benchmark/fake/luma/100c693a4bf5080f73e5daf50e58d1186227b8e85e010eb0abef73ba5b943a05.mp4,1.121432542800903,0.7542543411254883,1.121432542800903,0.5576128237095948,0,1,1,luma,1,7.034696638584137,0,627.065435051918
/workspace/data/genbuster-mini/extracted/GenBuster-200K-mini/benchmark/fake/luma/0d26ba5c64d05ef86f46ab9a4c176e65534b2e116694e9bf21fd367f0060edb7.mp4,-15.038663864135742,0.9999997056994232,15.038663864135742,4.720186088257781e-06,0,0,1,luma,1,4.962015897035599,1,715.5500911176205
/workspace/data/genbuster-mini/extracted/GenBuster-200K-mini/benchmark/fake/luma/0cf60544ff768d12c57a3e00b0749b8e32153420b3fce82cd937c290b4370dc8.mp4,-21.909534454345703,0.9999999996946416,21.909534454345703,6.9936237195060525e-09,0,0,1,luma,1,4.676979035139084,1,710.6757387518883
/workspace/data/genbuster-mini/extracted/GenBuster-200K-mini/benchmark/fake/luma/0ac7b78284d5e16995d15f448c7176512ded0859da004d78b072f701c1f1876a.mp4,-14.636334419250488,0.9999995599312684,14.636334419250488,6.881059976826124e-06,0,0,1,luma,1,7.245536893606186,1,716.0459831357002
/workspace/data/genbuster-mini/extracted/GenBuster-200K-mini/benchmark/fake/luma/08f8ebff27ab021da883ab53cf0756cf4067939a68198af4eddf041360340c56.mp4,-33.3801155090332,0.9999999999999968,33.3801155090332,-9.087451964418856e-13,0,0,1,luma,1,7.158555090427399,1,713.4539298713207
/workspace/data/genbuster-mini/extracted/GenBuster-200K-mini/benchmark/fake/luma/0837e65af9a457a388c950a2671dc61610a9711544a89c153336761342ec657b.mp4,-11.55588436126709,0.999990420584254,11.55588436126709,0.0001202780803716,0,0,1,luma,1,7.415886968374252,0,626.436073333025
/workspace/data/genbuster-mini/extracted/GenBuster-200K-mini/benchmark/fake/luma/07fa17e5ebb428e0fedea2757bfabbbfef74c1428842a300ea8541b5a13643b2.mp4,-29.280200958251957,0.9999999999998078,29.280200958251957,4.46929940448868e-12,0,0,1,luma,1,7.047403603792191,0,628.9280205965042
/workspace/data/genbuster-mini/extracted/GenBuster-200K-mini/benchmark/fake/luma/078418ec9564068fbfd1ff0ebc28e9c62e4fb651067393b34fed3fa9dad8e6ed.mp4,-11.200409889221191,0.9999863315943004,11.200409889221191,0.0001667602432633,0,0,1,luma,1,7.335614413022995,1,714.386198669672
/workspace/data/genbuster-mini/extracted/GenBuster-200K-mini/benchmark/fake/luma/077d55e8540e87baf41a5de5dff6d6512fe4076de1f1f96a57c050b8571b7cd1.mp4,-36.07167053222656,0.9999999999999998,36.07167053222656,-9.93901091875948e-13,0,0,1,luma,1,7.086288183927536,1,714.6739363670349
/workspace/data/genbuster-mini/extracted/GenBuster-200K-mini/benchmark/fake/luma/05e831a817f7dbf5642cfebf9d802f476e20bb7adecfa178cbcf9438cd491a68.mp4,-10.233057975769045,0.9999640396599716,10.233057975769045,0.0004039452273704,0,0,1,luma,1,7.1704573929309845,1,716.1794155836105
/workspace/data/genbuster-mini/extracted/GenBuster-200K-mini/benchmark/fake/luma/05780ca002538727bd48e6bddf2b8a56ab438d31619c56c9ab75dd59732151fc.mp4,-25.1365966796875,0.9999999999878852,25.1365966796875,3.146777153893837e-10,0,0,1,luma,1,6.970103830099106,1,717.2269187867641
/workspace/data/genbuster-mini/extracted/GenBuster-200K-mini/benchmark/fake/luma/031816e6622278a9eab2a4dff0a8909bfcba9b35c11d358b315def13c561d111.mp4,-6.4166460037231445,0.9983685381012036,6.4166460037231445,0.0121013076495176,0,0,1,luma,1,7.272128015756607,1,713.8106934726238
/workspace/data/genbuster-mini/extracted/GenBuster-200K-mini/benchmark/fake/kling/fcdd4ed0ddc3ef37c6c79afee501b3b2005d381d582e5ff2f1103b62dae46d99.mp4,-15.114619255065918,0.999999727225287,15.114619255065918,4.395658702515858e-06,0,0,1,kling,1,6.946016103029251,0,631.8098232150078
/workspace/data/genbuster-mini/extracted/GenBuster-200K-mini/benchmark/fake/kling/faadfdd993ef200011aeb78c072edb90edd3580e7a1bfd8d9503585f28694e9f.mp4,-5.0000104904174805,0.993307218886912,5.0000104904174805,0.0401792540521922,0,0,1,kling,1,7.374316453933716,0,626.2591518461704
/workspace/data/genbuster-mini/extracted/GenBuster-200K-mini/benchmark/fake/kling/f48dc017cfad61e8703d46cbdf846d76b212b5d6ad752cc9b01538e2cb65870d.mp4,-8.259020805358887,0.999741154635558,8.259020805358887,0.0023966881290333,0,0,1,kling,1,7.101453840732575,0,627.5674663484097
/workspace/data/genbuster-mini/extracted/GenBuster-200K-mini/benchmark/fake/kling/f34c28675df83a31f6ebd5a052496e6230ec3864939494c92549131e70658ae9.mp4,-26.94575881958008,0.9999999999980156,26.94575881958008,5.3642794804400516e-11,0,0,1,kling,1,7.177036255598068,0,627.5490708649158
/workspace/data/genbuster-mini/extracted/GenBuster-200K-mini/benchmark/fake/kling/f2654a6ffcdfad15995209fd339518be2bb349d4271c06d829a6c49400563718.mp4,3.3898403644561768,0.9673855304718018,3.3898403644561768,0.1437160438782437,0,1,1,kling,1,7.040735334157944,0,624.3258900940418
/workspace/data/genbuster-mini/extracted/GenBuster-200K-mini/benchmark/fake/kling/f0e42bf3ae5d8b42b2eb88cb457f18aaa2fb748dd25daebcecb29fb6a70e6871.mp4,-27.18529319763184,0.9999999999984384,27.18529319763184,4.224206114210901e-11,0,0,1,kling,1,7.25773349404335,0,630.9221684932709
/workspace/data/genbuster-mini/extracted/GenBuster-200K-mini/benchmark/fake/kling/ecd234e446386240a1c9bcbdcdfdb65e14722fb6c8f8f404c64bf1446553ba79.mp4,-15.273154258728027,0.9999997672158968,15.273154258728027,3.788129626725499e-06,0,0,1,kling,1,7.0399753749370575,0,626.2799315154552
/workspace/data/genbuster-mini/extracted/GenBuster-200K-mini/benchmark/fake/kling/ebe572cbfd5e0a689841b40e9421fd4c322874ce4b31810cfb2e9609be068c43.mp4,-19.462299346923828,0.9999999964711694,19.462299346923828,7.220598730130035e-08,0,0,1,kling,1,7.40804523229599,0,632.4012614786625
/workspace/data/genbuster-mini/extracted/GenBuster-200K-mini/benchmark/fake/kling/e84c1946b2e5662bb54f56ecf8200f13e91e9f76f02f64776a06855b603b3bf5.mp4,-10.61401653289795,0.9999754313921584,10.61401653289795,0.0002853405158073,0,0,1,kling,1,7.037017494440079,0,626.6900263726711
/workspace/data/genbuster-mini/extracted/GenBuster-200K-mini/benchmark/fake/kling/e29a8a451a88a076b74fee39b155395cc62e59a86030014a7dd73928f1d4cf09.mp4,-32.41758728027344,0.9999999999999916,32.41758728027344,-7.612487553491854e-13,0,0,1,kling,1,7.318917661905289,1,715.9887626767159
/workspace/data/genbuster-mini/extracted/GenBuster-200K-mini/benchmark/fake/kling/dd5e682c86d75b24d0299ef9b6e30ad9c74ead5b4d09250e02cd5d7a9c5c71bd.mp4,-2.669374227523804,0.935195118188858,2.669374227523804,0.2399885718804866,0,0,1,kling,1,6.984509527683258,0,625.4405565559864
/workspace/data/genbuster-mini/extracted/GenBuster-200K-mini/benchmark/fake/kling/dac7daa66cdae96fefdfce344f97bdfa4aab2e27980d3881beb5bb54b2e5f82d.mp4,-19.159727096557617,0.9999999952243086,19.159727096557617,9.627463530632753e-08,0,0,1,kling,1,7.187843322753906,1,714.3585048615932
/workspace/data/genbuster-mini/extracted/GenBuster-200K-mini/benchmark/fake/kling/d84b960a1bbbe609ef5384868deb20fc9638482a0f96d5d0826595bf219621ee.mp4,-22.738637924194336,0.9999999998667292,22.738637924194336,3.1616713071466526e-09,0,0,1,kling,1,6.826125085353851,0,626.7777197062969
/workspace/data/genbuster-mini/extracted/GenBuster-200K-mini/benchmark/fake/kling/d7f10be5abd2b6c5f077633ff546ceb630976b0031159431ab238b7201dbb1ae.mp4,-13.49503231048584,0.999998622215344,13.49503231048584,1.997103203214033e-05,0,0,1,kling,1,7.518593221902847,0,627.9152631759644
/workspace/data/genbuster-mini/extracted/GenBuster-200K-mini/benchmark/fake/kling/d76e3d95cafde09d99cc5b1b4fc9d93cbbdc53e0cd3e0e11905a66c7353d678a.mp4,-26.77450942993164,0.9999999999976452,26.77450942993164,6.357359708488117e-11,0,0,1,kling,1,6.825890392065048,1,709.723461419344
/workspace/data/genbuster-mini/extracted/GenBuster-200K-mini/benchmark/fake/kling/d63d0110820e0e4deb762118b55d93e6e4fce9a28e8000cca5e5c2d5ab30a50a.mp4,-12.576614379882812,0.9999965482106744,12.576614379882812,4.6863616497050114e-05,0,0,1,kling,1,7.717940956354141,0,620.3989796340466
/workspace/data/genbuster-mini/extracted/GenBuster-200K-mini/benchmark/fake/kling/d57f41aa2d4405ecdd34bd5bc00d512bda50e6759e78c45205d50260d73fb05b.mp4,-30.936668395996094,0.9999999999999634,30.936668395996094,4.8608027438965673e-14,0,0,1,kling,1,7.022690027952194,0,624.2527514696121
/workspace/data/genbuster-mini/extracted/GenBuster-200K-mini/benchmark/fake/kling/d56b901042bafed670ef922bfda04337ccc607b78b25d2f95af71832b3536cb0.mp4,-21.56766128540039,0.9999999995701828,21.56766128540039,9.69796787888325e-09,0,0,1,kling,1,7.413975894451141,0,625.6617940962315
/workspace/data/genbuster-mini/extracted/GenBuster-200K-mini/benchmark/fake/kling/d476a86ff613c26da3c7af144613e09a4ca98df7f71b082b76f7bc2bab02d855.mp4,-20.96728134155273,0.9999999992165244,20.96728134155273,1.720882641080129e-08,0,0,1,kling,1,6.901614367961884,0,624.1614259779453
/workspace/data/genbuster-mini/extracted/GenBuster-200K-mini/benchmark/fake/kling/d3c4277610221c09cec32dbc59317b8bf0c13fc8381e88ea32f65203313ac9ed.mp4,-7.782409191131592,0.999583167489618,7.782409191131592,0.0036608805505163,0,0,1,kling,1,7.647428661584854,0,623.5369481146336
/workspace/data/genbuster-mini/extracted/GenBuster-200K-mini/benchmark/fake/kling/d22c2a92933c75b144b73d2a65fee7fe541b5e6e35edf7326c2c685dca997427.mp4,-30.23346900939941,0.999999999999926,30.23346900939941,1.1160154122942218e-12,0,0,1,kling,1,7.030844688415527,0,631.3371658325195
/workspace/data/genbuster-mini/extracted/GenBuster-200K-mini/benchmark/fake/kling/d224a0d3adabec45915584966184afc9ce13af02efd91b3fe123939ac392fd17.mp4,-33.98208999633789,0.9999999999999982,33.98208999633789,-9.501027363911942e-13,0,0,1,kling,1,7.114414125680924,1,707.1849852800369
/workspace/data/genbuster-mini/extracted/GenBuster-200K-mini/benchmark/fake/kling/d178a1d885c9fc17e41c64b6985ae6053be825c5528e23aaf71990f95a4d1db8.mp4,-27.55139923095703,0.9999999999989172,27.55139923095703,2.920938283142502e-11,0,0,1,kling,1,6.9832876324653625,0,624.2944188416004
/workspace/data/genbuster-mini/extracted/GenBuster-200K-mini/benchmark/fake/kling/cf51242af31825492f4894baa1a3a69932facd11674e50996e7cd69149706c61.mp4,-29.76177978515625,0.9999999999998812,29.76177978515625,2.3864861108052447e-12,0,0,1,kling,1,7.875707000494003,0,629.3818950653076
/workspace/data/genbuster-mini/extracted/GenBuster-200K-mini/benchmark/fake/kling/cc268990c1411554302f1c0fb940b656356f3bbf7edcaff3e28918803ed3e9ed.mp4,-24.91820907592773,0.9999999999849284,24.91820907592773,3.886606511851586e-10,0,0,1,kling,1,7.069095969200134,0,623.841218650341
/workspace/data/genbuster-mini/extracted/GenBuster-200K-mini/benchmark/fake/kling/c7360146cc9bc24cc4af5a4d5ab52091b318eb9c00d9154c0312821483607ce5.mp4,-5.4667816162109375,0.9957929668016732,5.4667816162109375,0.0272148396563135,0,0,1,kling,1,7.231153547763824,0,621.1317740380764
/workspace/data/genbuster-mini/extracted/GenBuster-200K-mini/benchmark/fake/kling/c2e47b8af7e9ae29eff20aba6e6e5c531fd06328cc1fc8a32e24970fe8afa570.mp4,-16.448280334472656,0.9999999281209142,16.448280334472656,1.2541644480129058e-06,0,0,1,kling,1,7.050696760416031,0,623.8907799124718
/workspace/data/genbuster-mini/extracted/GenBuster-200K-mini/benchmark/fake/kling/bee478593de8f9e1605769da2e154b509d374e6ac3a79573e1c105fd09c2b40d.mp4,-25.16391372680664,0.9999999999882117,25.16391372680664,3.06468238165358e-10,0,0,1,kling,1,7.297433912754059,0,626.4503337442875
/workspace/data/genbuster-mini/extracted/GenBuster-200K-mini/benchmark/fake/kling/b824e4728a2584bf7a6a56fcd507bb13fdc557c4a6be1948b069d4d836da0990.mp4,-7.847644329071045,0.9996094813977834,7.847644329071045,0.0034552459778533,0,0,1,kling,1,7.025372236967087,0,622.1843734383583
/workspace/data/genbuster-mini/extracted/GenBuster-200K-mini/benchmark/fake/kling/b36e99b2f4f07262a8cc800c5832a72997566e4a4b85047b9659d2525b01d03f.mp4,-19.32835960388184,0.9999999959654038,19.32835960388184,8.201472283612992e-08,0,0,1,kling,1,4.879705607891083,0,620.792031288147
/workspace/data/genbuster-mini/extracted/GenBuster-200K-mini/benchmark/fake/kling/aee759496434b10f0333efee997ca3ff2eea675e050f1f378b8cc7c10beda029.mp4,-11.369693756103516,0.999988460162058,11.369693756103516,0.0001427443264325,0,0,1,kling,1,7.048044353723526,1,710.1394832134247
/workspace/data/genbuster-mini/extracted/GenBuster-200K-mini/benchmark/fake/kling/ad44fbc4b17ea033a24e206eaa326501553375f9ff0398bfce6d7f5783adbf79.mp4,-13.122008323669434,0.9999979992937824,13.122008323669434,2.825398987253828e-05,0,0,1,kling,1,7.353696972131729,0,619.0112754702568
/workspace/data/genbuster-mini/extracted/GenBuster-200K-mini/benchmark/fake/kling/aa55ee43f3558193f315c39445be314dd954ee902f1a3112404b6699cec4c129.mp4,-8.784711837768555,0.999846968203201,8.784711837768555,0.0014973837353181,0,0,1,kling,1,6.945382803678513,0,621.621884405613
/workspace/data/genbuster-mini/extracted/GenBuster-200K-mini/benchmark/fake/kling/a6ee07fda44b91e4f7943e2978f7f090093ad6de5b876001ed4cb38d7119a24e.mp4,-4.100899696350098,0.9837119225412608,4.100899696350098,0.0832179583450087,0,0,1,kling,1,7.487088441848755,0,620.6748634576797
/workspace/data/genbuster-mini/extracted/GenBuster-200K-mini/benchmark/fake/kling/a68d4217394313ab1d20cbe70fc9902f806a034c5c04aaf689ec95e2193c3992.mp4,-7.909262657165527,0.999632809543982,7.909262657165527,0.003271463637882,0,0,1,kling,1,6.950844079256058,0,622.7525472640991
/workspace/data/genbuster-mini/extracted/GenBuster-200K-mini/benchmark/fake/kling/a23cd665b49078e47920738980fe4d041384683ea0f6b71725cc41d7b0f295b3.mp4,-5.847265720367432,0.9971205308102072,5.847265720367432,0.0197206442280205,0,0,1,kling,1,6.965935230255127,1,704.2548172175884
/workspace/data/genbuster-mini/extracted/GenBuster-200K-mini/benchmark/fake/kling/9e79879f614f243914c7408c28c88678f6278447e7b9c18a3e40fc6741aadb9f.mp4,-12.727909088134766,0.9999970328599376,12.727909088134766,4.0732631300834304e-05,0,0,1,kling,1,9.335219860076904,0,627.6558712124825
/workspace/data/genbuster-mini/extracted/GenBuster-200K-mini/benchmark/fake/kling/9627925ece6e27c330f651ef8a05c42a75e89cacc47e556de43df39a87b11423.mp4,-25.94001007080078,0.999999999994575,25.94001007080078,1.4423080555658672e-10,0,0,1,kling,1,7.958967238664627,1,709.9877819418907
/workspace/data/genbuster-mini/extracted/GenBuster-200K-mini/benchmark/fake/kling/947007390c30fabb9a444245521d5572ec214adce1cb072b35c77cd213eaed91.mp4,-41.31000518798828,1.0,41.31000518798828,-1.0000572275503017e-12,0,0,1,kling,1,8.284050971269608,0,622.582346200943
/workspace/data/genbuster-mini/extracted/GenBuster-200K-mini/benchmark/fake/kling/9350a157aa6a456d6903e6abbaeaf0d7ceacf0f4752773a06257a2ba3256b594.mp4,-13.83344841003418,0.9999990177789186,13.83344841003418,1.456972424738902e-05,0,0,1,kling,1,7.140863686800003,0,621.0073567926884
/workspace/data/genbuster-mini/extracted/GenBuster-200K-mini/benchmark/fake/kling/9273aeef77388813688edd5636bcdd98864a8c5599e6858818663d408f0aee43.mp4,2.120160818099976,0.8928473591804504,2.120160818099976,0.3405205219419547,0,1,1,kling,1,7.476676255464554,0,629.3584741652012
/workspace/data/genbuster-mini/extracted/GenBuster-200K-mini/benchmark/fake/kling/8bc1d4f7abae565d01cad0d5c15a2a9e3dd79291cc02bbe8649d34ce76a21e6f.mp4,-29.8707275390625,0.9999999999998936,29.8707275390625,2.038137562789552e-12,0,0,1,kling,1,6.954565644264221,0,629.2540095746517
/workspace/data/genbuster-mini/extracted/GenBuster-200K-mini/benchmark/fake/kling/8ba59f53a9a615a55bea948b4fdf0677dfe2e4c03128486548e90a5108487237.mp4,-16.289016723632812,0.9999999157112,16.289016723632812,1.457268478083641e-06,0,0,1,kling,1,7.324613630771637,1,715.1239588856697
/workspace/data/genbuster-mini/extracted/GenBuster-200K-mini/benchmark/fake/kling/8a7933d026331caf8e938e0181543fbaf2f8b27d9765171da28bf232827da487.mp4,-12.607073783874512,0.9999966517648318,12.607073783874512,4.555968670005627e-05,0,0,1,kling,1,6.998710334300995,0,624.5882660150528
/workspace/data/genbuster-mini/extracted/GenBuster-200K-mini/benchmark/fake/kling/8a224925dd9df9c5de90dc1d6cca7b80d9094009d03d18d6f2c62e7a66675fff.mp4,-8.10806655883789,0.9996989901992492,8.10806655883789,0.0027416626465123,0,0,1,kling,1,7.591888308525085,0,621.2462708353996
/workspace/data/genbuster-mini/extracted/GenBuster-200K-mini/benchmark/fake/kling/882717030c5ab7e1f37023ebec08f79cd596519d535b69d69536ac23637c163d.mp4,-18.904861450195312,0.999999993837982,18.904861450195312,1.226521151627896e-07,0,0,1,kling,1,6.991993635892868,0,622.8275410830975
/workspace/data/genbuster-mini/extracted/GenBuster-200K-mini/benchmark/fake/kling/87970bcc6fb7ca1b2dd62c6be8fdc071da84e30fb37f96470d10583011ca324c.mp4,-21.313331604003903,0.9999999994457092,21.313331604003903,1.2366075005846076e-08,0,0,1,kling,1,7.3581598699092865,0,623.0302937328815
/workspace/data/genbuster-mini/extracted/GenBuster-200K-mini/benchmark/fake/kling/855b0636e547bf45a7352e56b4d78e944f54084774ad06018061fd178ed2e4b2.mp4,-17.73363494873047,0.9999999801216576,17.73363494873047,3.7239161342611897e-07,0,0,1,kling,1,6.848756223917008,0,622.6986050605774
/workspace/data/genbuster-mini/extracted/GenBuster-200K-mini/benchmark/fake/kling/812ed163084b71ccef7e83da333d721f55089ed924a3a9adaa1096f5ce5a0270.mp4,-26.30928039550781,0.99999999999625,26.30928039550781,1.0052176971559966e-10,0,0,1,kling,1,7.338330149650574,0,623.295746743679
/workspace/data/genbuster-mini/extracted/GenBuster-200K-mini/benchmark/fake/kling/80f55cf3515c115887cf5e3a4eab9006e85d5f9c6a1b352ff3304bc15d70cea9.mp4,-21.59250259399414,0.9999999995807286,21.59250259399414,9.470391909694546e-09,0,0,1,kling,1,6.972514092922211,1,713.5757692158222
/workspace/data/genbuster-mini/extracted/GenBuster-200K-mini/benchmark/fake/kling/7f4a26dd9ab9e9a835469f19d60a3a975a175e4bf44d9b5f83a8c3151bbe2747.mp4,-7.424678802490234,0.999404003028758,7.424678802490234,0.0050212607221338,0,0,1,kling,1,7.781345397233963,0,625.9599216282368
/workspace/data/genbuster-mini/extracted/GenBuster-200K-mini/benchmark/fake/kling/7a09518e2573f77ccd94307bb7a1b48822013a4cdd03101515959ee769d6805e.mp4,-18.346973419189453,0.999999989235083,18.346973419189453,2.0826656226512229e-07,0,0,1,kling,1,5.697596818208695,0,623.5946901142597
/workspace/data/genbuster-mini/extracted/GenBuster-200K-mini/benchmark/fake/kling/7725e80a420e6d381898ed20d716ba8c36f4245d816ead59580847ee2c5f6393.mp4,-26.579111099243164,0.9999999999971368,26.579111099243164,7.710453440806177e-11,0,0,1,kling,1,6.278201937675476,0,622.8253841400146
/workspace/data/genbuster-mini/extracted/GenBuster-200K-mini/benchmark/fake/kling/77174fccae45d7f8fbc37c365634b74a8db30581357715aca82b61156657c03f.mp4,-15.488261222839355,0.9999998122700616,15.488261222839355,3.0953382780908498e-06,0,0,1,kling,1,6.984006613492966,1,712.3450040817261
/workspace/data/genbuster-mini/extracted/GenBuster-200K-mini/benchmark/fake/kling/73da5939dc1500a1deb172274795a1e1395b7f0fd3e3df733515c54fe6b08c91.mp4,3.661294937133789,0.9749446511268616,3.661294937133789,0.1171095603484744,0,1,1,kling,1,7.563438266515732,0,623.3416572213173
/workspace/data/genbuster-mini/extracted/GenBuster-200K-mini/benchmark/fake/kling/7285e0a205283652cfd8d85379c3e754a9dd9fd6f8ab05bb8feaa177aef53f9d.mp4,-13.712041854858398,0.9999988909901276,13.712041854858398,1.6315798256813066e-05,0,0,1,kling,1,6.949923932552338,0,624.6696524322033
/workspace/data/genbuster-mini/extracted/GenBuster-200K-mini/benchmark/fake/kling/6f5c8b1f1513bf238af69bd742b2ca0c8fce95f67e8a59068911c3502c5d139b.mp4,-23.494081497192383,0.9999999999373892,23.494081497192383,1.5316048123207963e-09,0,0,1,kling,1,5.946788936853409,0,624.8495057225227
/workspace/data/genbuster-mini/extracted/GenBuster-200K-mini/benchmark/fake/kling/6f2bed1594f266c558df49590e0eaf6046e15d5fb5862de12a23b394dc5184cb.mp4,-18.43242645263672,0.9999999901167698,18.43242645263672,1.9205314445906922e-07,0,0,1,kling,1,7.0345439016819,0,623.825941234827
/workspace/data/genbuster-mini/extracted/GenBuster-200K-mini/benchmark/fake/kling/6f04c320f57e9892c74e670cd1a2e3580192fc1d150ff659285baaee2de614ad.mp4,-14.120671272277832,0.9999992629956864,14.120671272277832,1.1143998284353092e-05,0,0,1,kling,1,7.450655102729797,0,623.8256581127644
/workspace/data/genbuster-mini/extracted/GenBuster-200K-mini/benchmark/fake/kling/6ebbdf57a77769ab5a9cfb682249a9cfb9e389666d1b568bedcaf37c45c521f6.mp4,-20.22271728515625,0.999999998350374,20.22271728515625,3.5007546301110934e-08,0,0,1,kling,1,7.201258093118668,0,628.1943321228027
/workspace/data/genbuster-mini/extracted/GenBuster-200K-mini/benchmark/fake/kling/6e3e3cdbe478a97d2003abad1c3519ed19d4dff5b33e5bea204f9835720ee4b3.mp4,-27.9285888671875,0.9999999999992574,27.9285888671875,1.98496162391148e-11,0,0,1,kling,1,7.261693477630615,0,622.8945441544056
/workspace/data/genbuster-mini/extracted/GenBuster-200K-mini/benchmark/fake/kling/6dfefcb3aa87b09511fa6a1c1484d6cbf2c36a990e0d4e7fe33fb05af8416eb3.mp4,0.4713436961174011,0.6157017350196838,0.4713436961174011,0.6661291825681022,0,1,1,kling,1,6.833892315626144,0,627.7374885976315
/workspace/data/genbuster-mini/extracted/GenBuster-200K-mini/benchmark/fake/kling/68e47a69d1871ddac924f79d157ab34ec65104f5f06c187f5f7f09957a6b6f45.mp4,-14.272518157958984,0.999999366824852,14.272518157958984,9.670177122600069e-06,0,0,1,kling,1,7.241901010274887,0,626.3819001615047
/workspace/data/genbuster-mini/extracted/GenBuster-200K-mini/benchmark/fake/kling/68cf8954b660d911afcf17d91bab427969c88d7baca4592be8b8b4b356f50418.mp4,-18.792781829833984,0.9999999931071546,18.792781829833984,1.3642658558499826e-07,0,0,1,kling,1,6.811648607254028,0,625.9479410946369
/workspace/data/genbuster-mini/extracted/GenBuster-200K-mini/benchmark/fake/kling/681e8be49aa651149ae357899665c6f8e53e84b57bf51bc6ae7e507139be5957.mp4,-26.74676513671875,0.9999999999975788,26.74676513671875,6.534291182530053e-11,0,0,1,kling,1,7.274694740772247,1,714.682824909687
/workspace/data/genbuster-mini/extracted/GenBuster-200K-mini/benchmark/fake/kling/677556bd0dd4f24367eab7d3ad16dcab271e069c322eb618a371540cb0364c4d.mp4,-15.006356239318848,0.9999996960359852,15.006356239318848,4.86535434312912e-06,0,0,1,kling,1,6.83729350566864,0,630.5199824273586
/workspace/data/genbuster-mini/extracted/GenBuster-200K-mini/benchmark/fake/kling/5c64ff363063d1d24e338f72740393d69ef712f9e17805885ab2d2e08d87bac3.mp4,-13.079965591430664,0.9999979133856414,13.079965591430664,2.937945865666091e-05,0,0,1,kling,1,7.248148322105408,0,623.3189962804317
/workspace/data/genbuster-mini/extracted/GenBuster-200K-mini/benchmark/fake/kling/5ac0dd0770a8e4f9c8a4c4f5ac8037bfbd43fad7529250ff0f1db7c4d946150e.mp4,-19.76806259155273,0.9999999974008014,19.76806259155273,5.3978320302274723e-08,0,0,1,kling,1,6.8466030061244965,0,621.4661858975887
/workspace/data/genbuster-mini/extracted/GenBuster-200K-mini/benchmark/fake/kling/5a68485eb70db8af3611994bad6afa3ce15998e2fb032a57cd2ac1984aa641f1.mp4,-4.7236857414245605,0.991195822134614,4.7236857414245605,0.050431333146328,0,0,1,kling,1,7.5238049030303955,0,621.4104183018208
/workspace/data/genbuster-mini/extracted/GenBuster-200K-mini/benchmark/fake/kling/582cfba019c15579dd8e7b890932ce66b73546ae0d3e88a74b38763bb803ea2f.mp4,-27.215747833251957,0.9999999999984852,27.215747833251957,4.097294100856392e-11,0,0,1,kling,1,6.782297044992447,0,620.5487810075283
/workspace/data/genbuster-mini/extracted/GenBuster-200K-mini/benchmark/fake/kling/56a1d7d1d2665fab3014199edb78a334de9ff1155cfa0912f381d5cdb3a7a441.mp4,-15.285006523132324,0.9999997699586488,15.285006523132324,3.7462229336454974e-06,0,0,1,kling,1,7.172856479883194,0,632.2319433093071
/workspace/data/genbuster-mini/extracted/GenBuster-200K-mini/benchmark/fake/kling/5509516ca18f8ddba05e9dd1e8b2f21b27ebb7cddd132b461fcec505786dc7e3.mp4,-17.707958221435547,0.9999999796046364,17.707958221435547,3.815536106420224e-07,0,0,1,kling,1,6.857603788375855,0,623.4296262264252
/workspace/data/genbuster-mini/extracted/GenBuster-200K-mini/benchmark/fake/kling/52565c9edeff8f2bae8e81030c00719d1abdcd33f9be01321c56674992a95824.mp4,-16.801076889038086,0.999999949489112,16.801076889038086,8.991461999402217e-07,0,0,1,kling,1,7.2364844381809235,0,623.7108036875725
/workspace/data/genbuster-mini/extracted/GenBuster-200K-mini/benchmark/fake/kling/4defc0cd7757ef96df3f8a756c58a8eee4b96601976a2da155f870591e16e78a.mp4,-11.287355422973633,0.9999874697896304,11.287355422973633,0.0001539632254258,0,0,1,kling,1,6.831511855125427,0,621.1073771119118
/workspace/data/genbuster-mini/extracted/GenBuster-200K-mini/benchmark/fake/kling/4af2d0845e85b8d8d64bfd556abed090f365e6478400fefb799552f2224c463b.mp4,-14.595921516418455,0.9999995417825572,14.595921516418455,7.14632138968526e-06,0,0,1,kling,1,7.190994918346405,0,622.4740631878376
/workspace/data/genbuster-mini/extracted/GenBuster-200K-mini/benchmark/fake/kling/490e1e3b07972daebb96295aecb5df18daf36bae962d283f9aa942d1351a0859.mp4,-25.15894317626953,0.9999999999881528,25.15894317626953,3.0794605164830434e-10,0,0,1,kling,1,6.824944168329239,0,622.306153178215
/workspace/data/genbuster-mini/extracted/GenBuster-200K-mini/benchmark/fake/kling/46c6ffd6823e1371ae0936fcd8558c18b3828863854b28b8a6e5f548df52439f.mp4,-20.39807891845703,0.9999999986157108,20.39807891845703,2.9619133156770692e-08,0,0,1,kling,1,7.535487413406372,0,623.2835575938225
/workspace/data/genbuster-mini/extracted/GenBuster-200K-mini/benchmark/fake/kling/4465ec7d8a5b4f0bf64e8e655cbdc11d2e84dc9a4c32e8048c40182954717896.mp4,-11.190455436706545,0.9999861948554098,11.190455436706545,0.0001682910931731,0,0,1,kling,1,6.854742765426636,0,623.4195902943611
/workspace/data/genbuster-mini/extracted/GenBuster-200K-mini/benchmark/fake/kling/442579e352a25f6ea4f5409a1640eaf749ae2f68d15bbc2d4dcc71741a52ef5c.mp4,-10.445013046264648,0.9999709078474552,10.445013046264648,0.0003329604852454,0,0,1,kling,1,7.345210760831833,1,707.8124284744263
/workspace/data/genbuster-mini/extracted/GenBuster-200K-mini/benchmark/fake/kling/421e748bf0f071652b6303177d19f1366ce55d795887adb375a34ebf31a7fdfb.mp4,-38.4874382019043,1.0,38.4874382019043,-9.99556161468413e-13,0,0,1,kling,1,6.838522851467133,1,711.4843986928463
/workspace/data/genbuster-mini/extracted/GenBuster-200K-mini/benchmark/fake/kling/3b8d2e422c2f2a6c0010b625de3d4e9eede61b03835e4e89491ffaf55e005981.mp4,-10.89638328552246,0.9999814752300152,10.89638328552246,0.0002203779334673,0,0,1,kling,1,7.280118763446808,1,718.3219268918037
/workspace/data/genbuster-mini/extracted/GenBuster-200K-mini/benchmark/fake/kling/3b6b48d77b5b8e46aaae99fdd0811f9af7e46fe498f2e452b07826801d37df65.mp4,-4.511977195739746,0.9891424449160696,4.511977195739746,0.0599059693875173,0,0,1,kling,1,6.833121180534363,0,633.3817504346371
/workspace/data/genbuster-mini/extracted/GenBuster-200K-mini/benchmark/fake/kling/386196d692f7005d9280d895eaf161a44ecaef3e95dfa9fe480129559d8093da.mp4,-4.352473258972168,0.9872887264937162,4.352473258972168,0.0681182308419177,0,0,1,kling,1,7.366996258497238,0,625.6016492843628
/workspace/data/genbuster-mini/extracted/GenBuster-200K-mini/benchmark/fake/kling/3793ed8de08649b845cbb12232e27d4ea656451600f05bbbbce3b93c5ace9123.mp4,-13.39087200164795,0.9999984709646697,13.39087200164795,2.200415088452773e-05,0,0,1,kling,1,6.83143362402916,0,621.7942871153355
/workspace/data/genbuster-mini/extracted/GenBuster-200K-mini/benchmark/fake/kling/376c3d96050f590322398cf336381b40886ee35466519613c5fb7858b15ffbb4.mp4,-40.673770904541016,1.0,40.673770904541016,-1.0000290590589595e-12,0,0,1,kling,0,7.448431104421616,1,713.0026891827583
/workspace/data/genbuster-mini/extracted/GenBuster-200K-mini/benchmark/fake/kling/30b59bc25d83a8920da3720beae1c92e312d1d42e596c91c471428360f2781cd.mp4,-20.32313537597656,0.9999999985079806,20.32313537597656,3.181253187840448e-08,0,0,1,kling,1,6.809614598751068,0,621.4975044131279
/workspace/data/genbuster-mini/extracted/GenBuster-200K-mini/benchmark/fake/kling/2d75c50d05f2432bf0e4a5115578dd7e89ba73ec26e7b5f6b147dcf089007894.mp4,-24.137401580810547,0.9999999999670952,24.137401580810547,8.251568426068018e-10,0,0,1,kling,1,7.310055196285248,0,622.2755387425423
/workspace/data/genbuster-mini/extracted/GenBuster-200K-mini/benchmark/fake/kling/29dc17e9e732fac0730e0cb1bad02557e9c1ca3a2152c7ae59605d7ad27bb9d6.mp4,-0.5193781852722168,0.6270023584365845,0.5193781852722168,0.6605318225674837,0,0,1,kling,1,6.807584315538406,0,620.2683597803116
/workspace/data/genbuster-mini/extracted/GenBuster-200K-mini/benchmark/fake/kling/26867aceaf59b2875ae9eaf1a8f28ba51d056979cdef1441ebf91cdf9ca58f57.mp4,-19.340103149414062,0.999999996012507,19.340103149414062,8.110401901454351e-08,0,0,1,kling,1,7.454343140125275,1,708.9886628091335
/workspace/data/genbuster-mini/extracted/GenBuster-200K-mini/benchmark/fake/kling/25c1c085dbd1e4068086986d34b077dec95949e36915b5d7d4d19ad0f2484afd.mp4,-9.872705459594728,0.999948439624859,9.872705459594728,0.0005606021038454,0,0,1,kling,1,6.858393549919128,1,708.2978338003159
/workspace/data/genbuster-mini/extracted/GenBuster-200K-mini/benchmark/fake/kling/2258fb6752a2dc804cfe5a003c9895067883b5f0787eef81abdfbe0905799705.mp4,-27.34964370727539,0.9999999999986752,27.34964370727539,3.5816916919692126e-11,0,0,1,kling,1,7.29084387421608,0,624.431412667036
/workspace/data/genbuster-mini/extracted/GenBuster-200K-mini/benchmark/fake/kling/2103a4eab9b43a29640b531e7dcc57c4d26e1e2a78a50270c130e311d1cff2b4.mp4,-22.958053588867188,0.9999999998929852,22.958053588867188,2.5618718186530503e-09,0,0,1,kling,1,6.791718304157257,1,706.8743407726288
/workspace/data/genbuster-mini/extracted/GenBuster-200K-mini/benchmark/fake/kling/1c014f2de333788954c09cd01c676ead4bc1fb23c314eb416da2fd0891712a32.mp4,-9.875957489013672,0.999948607019178,9.875957489013672,0.0005589491969888,0,0,1,kling,1,7.181942462921143,0,622.8290125727654
/workspace/data/genbuster-mini/extracted/GenBuster-200K-mini/benchmark/fake/kling/1473910a232fca46d4d280e8d052d31256185ae81beefb244954266e2ca79481.mp4,-25.480789184570312,0.9999999999914132,25.480789184570312,2.2544060306354827e-10,0,0,1,kling,1,6.888311356306076,0,623.7323507666588
/workspace/data/genbuster-mini/extracted/GenBuster-200K-mini/benchmark/fake/kling/12bd77a25dedcff44bfd8ab7a0a826efdd5b438fd49d119191b6cdc514d1b2d8.mp4,-24.34572029113769,0.9999999999732828,24.34572029113769,6.751804335432078e-10,0,0,1,kling,1,7.168389856815338,0,625.2724677324295
/workspace/data/genbuster-mini/extracted/GenBuster-200K-mini/benchmark/fake/kling/123faf7a5c57347f54363675e34521ec239203e1ed66d9ba5203ffc77ff864f0.mp4,-9.498976707458496,0.9999250771506922,9.498976707458496,0.0007866160558437,0,0,1,kling,1,8.250970393419266,0,624.2445632815361
/workspace/data/genbuster-mini/extracted/GenBuster-200K-mini/benchmark/fake/kling/0adfdbe21a8444c57d126ff48106ca02f7ab3446e93b426a4659c668862bfc1b.mp4,-15.8868989944458,0.99999987398931,15.8868989944458,2.127927796805813e-06,0,0,1,kling,1,7.265668362379074,0,622.6063519716263
/workspace/data/genbuster-mini/extracted/GenBuster-200K-mini/benchmark/fake/kling/0574cabd7ac17633d8b5683f9c66669e0fe4a9fa2485e19e34b9cb919fb8dcca.mp4,-17.308609008789062,0.9999999695934888,17.308609008789062,5.566989242763768e-07,0,0,1,kling,1,6.771791726350784,0,624.0041106939316
/workspace/data/genbuster-mini/extracted/GenBuster-200K-mini/benchmark/fake/kling/0321de872050fd8e3f4295c89cf9cf08050c0c250b80a5ed89881228ab40d66e.mp4,-41.39278793334961,1.0,41.39278793334961,-1.0000597439386349e-12,0,0,1,kling,0,7.0902518928051,0,623.9734552800655
/workspace/data/genbuster-mini/extracted/GenBuster-200K-mini/benchmark/fake/kling/01eb670602034bcde36476278a76bffc3c8d4084c8a8c2cdaf562990f7c206f8.mp4,-21.526546478271484,0.9999999995521428,21.526546478271484,1.0086679559441824e-08,0,0,1,kling,1,6.842624396085739,0,623.3491152524948
/workspace/data/genbuster-mini/extracted/GenBuster-200K-mini/benchmark/fake/jimeng/fce378942ec239a253d8e870cf8b03a11471095f97869edf5dcf98def35da5c9.mp4,-0.4775082170963287,0.6171593070030212,0.4775082170963287,0.6654376736727756,1,0,1,jimeng,1,7.294964045286179,0,623.9831000566483
/workspace/data/genbuster-mini/extracted/GenBuster-200K-mini/benchmark/fake/jimeng/fc10188324eb6ac8a2b7d7951e134692f7761d1b8e29708cb96f80f4d93a6ddd.mp4,-9.523343086242676,0.9999268805549946,9.523343086242676,0.0007694636783515,0,0,1,jimeng,1,6.829693913459778,1,709.4315178692341
/workspace/data/genbuster-mini/extracted/GenBuster-200K-mini/benchmark/fake/jimeng/f8682a4945be00a5ea562211601a8ab2bd786cdae4f35e553e23dfc9f25ddd44.mp4,7.918389797210693,0.999636173248291,7.918389797210693,0.0032448437572983,0,1,1,jimeng,1,7.138095796108246,1,708.6407728493214
/workspace/data/genbuster-mini/extracted/GenBuster-200K-mini/benchmark/fake/jimeng/f4367f492582b945275fcdcfe8e160d090e28e26a237df80443cb99f97910389.mp4,-28.88266372680664,0.999999999999714,28.88266372680664,7.11737518511337e-12,0,0,1,jimeng,1,7.158286869525909,1,710.1757861673832
/workspace/data/genbuster-mini/extracted/GenBuster-200K-mini/benchmark/fake/jimeng/ef3e7ee3a2dbf3676c5cd3e44f5480f4784a4091bbc9c003c8015d1092ba6f56.mp4,-35.203548431396484,0.9999999999999994,35.203548431396484,-9.852098889600462e-13,0,0,1,jimeng,1,7.185917347669601,1,710.6574848294258
/workspace/data/genbuster-mini/extracted/GenBuster-200K-mini/benchmark/fake/jimeng/ed80a27f9d09e910b8f59af2b7b15302ba13da62ce80783e8c9025f76252cf7b.mp4,-18.19719123840332,0.9999999874956744,18.19719123840332,2.4004592895514694e-07,0,0,1,jimeng,1,6.843678653240204,1,710.0838422775269
/workspace/data/genbuster-mini/extracted/GenBuster-200K-mini/benchmark/fake/jimeng/ecc34eacb57a18e93e43777827a89092754bc78e7bdecf1cadc65e89d24754a0.mp4,-15.628777503967283,0.9999998368796668,15.628777503967283,2.712489741274565e-06,0,0,1,jimeng,1,7.633566856384277,1,710.1197578012943
/workspace/data/genbuster-mini/extracted/GenBuster-200K-mini/benchmark/fake/jimeng/ebb35a2aa0fb045677182390fafcb37a9a7c517adfceecb5b5ca6159ba3362d5.mp4,-24.24663734436035,0.9999999999705002,24.24663734436035,7.42787611295204e-10,0,0,1,jimeng,1,7.177453488111496,1,705.5818699300289
/workspace/data/genbuster-mini/extracted/GenBuster-200K-mini/benchmark/fake/jimeng/e339b4ffa53eaf0a766e40b1ee4db7680461926312524ecb3f7e0d83da77e132.mp4,-9.12982177734375,0.9998916268523316,9.12982177734375,0.0010978065484654,0,0,1,jimeng,1,7.687397301197052,0,622.3220601677895
/workspace/data/genbuster-mini/extracted/GenBuster-200K-mini/benchmark/fake/jimeng/e161eddc32dcbc0d4ef22ef9f3792f96add17c0f04b733c4400655364ef21fd8.mp4,-15.892223358154297,0.9999998746584566,15.892223358154297,2.1172953538958293e-06,0,0,1,jimeng,1,7.028006017208099,1,706.4767926931381
/workspace/data/genbuster-mini/extracted/GenBuster-200K-mini/benchmark/fake/jimeng/dee27a904b8ff34c27ed713ff9591e0a1275f2bc78636e459bdb9c50cd0d74ff.mp4,-15.232073783874512,0.999999757453878,15.232073783874512,3.937024557173003e-06,0,0,1,jimeng,1,7.418334484100342,0,621.3812306523323
/workspace/data/genbuster-mini/extracted/GenBuster-200K-mini/benchmark/fake/jimeng/ddf016159d891a86812efc66e2f88a61303ffeb2b4f73dcb22f865ac24a315ae.mp4,-18.066511154174805,0.9999999857500326,18.066511154174805,2.716951637539975e-07,0,0,1,jimeng,1,6.825011223554611,1,708.2349993288517
/workspace/data/genbuster-mini/extracted/GenBuster-200K-mini/benchmark/fake/jimeng/dde1590b9b638b590ed371191113823aafc0d00c91af2262f63f6cd47bafef18.mp4,-6.142523288726807,0.9978551175445318,6.142523288726807,0.0153221765556261,0,0,1,jimeng,1,6.812036037445068,0,624.532263725996
/workspace/data/genbuster-mini/extracted/GenBuster-200K-mini/benchmark/fake/jimeng/db40a73c2ae8b32fb7b6efb7bdcdd76e7ece3492bd6569d5249d8a944c030291.mp4,-14.64058780670166,0.9999995617990862,14.64058780670166,6.853717999816464e-06,0,0,1,jimeng,1,7.449865341186523,1,706.9639749825001
/workspace/data/genbuster-mini/extracted/GenBuster-200K-mini/benchmark/fake/jimeng/db2826b78b14bdfae8d42666ea66dbecdc82c20aaea7f91c1605d314025e710f.mp4,-36.85797500610352,1.0,36.85797500610352,-9.971492890433878e-13,0,0,1,jimeng,1,6.987903267145157,1,711.9375392794609
/workspace/data/genbuster-mini/extracted/GenBuster-200K-mini/benchmark/fake/jimeng/d6997c3d41832338cf4d47bbb09c83bde672e688860c77f0b9bdb895cd322aa3.mp4,-27.69675064086914,0.9999999999990636,27.69675064086914,2.519073869896919e-11,0,0,1,jimeng,1,7.247239351272583,0,624.7773505747318
/workspace/data/genbuster-mini/extracted/GenBuster-200K-mini/benchmark/fake/jimeng/d5ed995d984e479271cbde193fdeae945d160c6b1505abe33fed74aa23829568.mp4,-17.807235717773438,0.9999999815321736,17.807235717773438,3.473267640790681e-07,0,0,1,jimeng,1,6.966687738895416,0,625.1134015619755
/workspace/data/genbuster-mini/extracted/GenBuster-200K-mini/benchmark/fake/jimeng/d417a2292957a48a58941e6b5f952d4976cc8ca9610033f0380ac9b24db39aa0.mp4,-8.841485023498535,0.9998554130725096,8.841485023498535,0.0014229605384034,0,0,1,jimeng,1,7.192809134721756,0,625.9044744074345
/workspace/data/genbuster-mini/extracted/GenBuster-200K-mini/benchmark/fake/jimeng/d0168a0ae79561aa6aab9fb5fa046776488d0ac9563852439bb1e528ba015c39.mp4,-15.630988121032717,0.9999998372398692,15.630988121032717,2.706859818013813e-06,0,0,1,jimeng,1,6.965678185224533,0,626.48481503129
/workspace/data/genbuster-mini/extracted/GenBuster-200K-mini/benchmark/fake/jimeng/ce459d0b85154a82cc6f17063d5e0aea6521ed3d0261779a56249b9409ea02fc.mp4,-5.557496070861816,0.9961564044933766,5.557496070861816,0.02521176782868,0,0,1,jimeng,1,7.335908710956573,1,714.4645117223263
/workspace/data/genbuster-mini/extracted/GenBuster-200K-mini/benchmark/fake/jimeng/cd520cbe914c3815c0d4d854a373ab27ab6c98870ded1a380ba6ce1b5d08fae4.mp4,-16.083555221557617,0.999999896485626,16.083555221557617,1.7683915322799737e-06,0,0,1,jimeng,1,7.200848311185837,1,704.3326906859875
/workspace/data/genbuster-mini/extracted/GenBuster-200K-mini/benchmark/fake/jimeng/c8e6c4ce3f492defae8075de1d64f4c0e10cf8afae9a3e18f68336e00a3e7707.mp4,-15.858569145202637,0.9999998703683984,15.858569145202637,2.1854013209820004e-06,0,0,1,jimeng,1,7.079139351844788,0,629.9814209342003
/workspace/data/genbuster-mini/extracted/GenBuster-200K-mini/benchmark/fake/jimeng/c3b6e3d062d81c50c45b85691d678152bf229accc2486c0a86151113750ca589.mp4,-20.529451370239254,0.999999998786129,20.529451370239254,2.6131977222114152e-08,0,0,1,jimeng,1,7.101133465766907,1,704.4195532798767
/workspace/data/genbuster-mini/extracted/GenBuster-200K-mini/benchmark/fake/jimeng/c3779bb4c5a0a7ff3eadb4c7219809a3bcf3d07c38cb048f0b38a8b9de3e58e3.mp4,-18.1380558013916,0.9999999867339256,18.1380558013916,2.5388487395878104e-07,0,0,1,jimeng,1,6.918944418430328,0,620.3841380774975
/workspace/data/genbuster-mini/extracted/GenBuster-200K-mini/benchmark/fake/jimeng/c2b1003797a0e97523360fec1be3d2405ea1cd1ec30ab7c36c919605b9686daf.mp4,-27.08041381835937,0.9999999999982656,27.08041381835937,4.691044907309016e-11,0,0,1,jimeng,1,8.124850690364838,1,707.927506417036
/workspace/data/genbuster-mini/extracted/GenBuster-200K-mini/benchmark/fake/jimeng/be894cc6ae5ad5463f6034616f75136c7a4227b6eac768311cc9996f15c2ef29.mp4,-25.31050491333008,0.999999999989819,25.31050491333008,2.6591155776975107e-10,0,0,1,jimeng,1,7.195066660642624,1,707.2755582630634
/workspace/data/genbuster-mini/extracted/GenBuster-200K-mini/benchmark/fake/jimeng/bbc1483fdb48682c41a3ada5558ab6c5f8d7106ab43fd99f0cf2924697dbf519.mp4,-12.5691556930542,0.9999965223685194,12.5691556930542,4.71885268211437e-05,0,0,1,jimeng,1,6.828345358371735,1,708.4250263869762
/workspace/data/genbuster-mini/extracted/GenBuster-200K-mini/benchmark/fake/jimeng/bb9101eabe0e0319927ed5fdd102fe19903f2c112f08a91db7826c2fa27a6f47.mp4,-36.05700302124024,0.9999999999999998,36.05700302124024,-9.938129443033837e-13,0,0,1,jimeng,1,7.282745093107223,0,620.569534599781
/workspace/data/genbuster-mini/extracted/GenBuster-200K-mini/benchmark/fake/jimeng/b62ef8a07156b9b49ef7efa6ec95fbff4549f92a3d8adb315eda3d8be41ea206.mp4,-29.899389266967773,0.9999999999998964,29.899389266967773,1.952477197427067e-12,0,0,1,jimeng,1,6.870217621326447,1,708.9071348309517
/workspace/data/genbuster-mini/extracted/GenBuster-200K-mini/benchmark/fake/jimeng/b36f5b0392f05a7488ac2ab5e4395e34570d366969988c793df2e0e2e75e82d4.mp4,-11.06832790374756,0.9999844016201678,11.06832790374756,0.0001882464822972,0,0,1,jimeng,1,7.288489490747452,0,625.748485326767
/workspace/data/genbuster-mini/extracted/GenBuster-200K-mini/benchmark/fake/jimeng/b1f26350f01d8949d93de6c7257d7a8a04e112e2359a626e50deeca2e1385cab.mp4,-11.790220260620115,0.9999924217468106,11.790220260620115,9.692755416758644e-05,0,0,1,jimeng,1,6.839781999588013,1,711.4072479307652
/workspace/data/genbuster-mini/extracted/GenBuster-200K-mini/benchmark/fake/jimeng/aad70c907166b2e9d8e762140c833143ecd080a81b0fd14c96d4e242e77b3af5.mp4,3.98601508140564,0.9817651510238647,3.98601508140564,0.0910875816290998,0,1,1,jimeng,1,7.191549986600876,1,707.3999531567097
/workspace/data/genbuster-mini/extracted/GenBuster-200K-mini/benchmark/fake/jimeng/a8253b57e643cd2dfa657564564b6b1e38273d115817522b820092ae5d889ec9.mp4,-39.54460525512695,1.0,39.54460525512695,-9.999038063031385e-13,0,0,1,jimeng,1,7.034823298454285,0,624.7352473437786
/workspace/data/genbuster-mini/extracted/GenBuster-200K-mini/benchmark/fake/jimeng/a76c42ed486f31b217b2e8ab54c29bd8f2f91c5fc1299d196a53e039099cff67.mp4,-16.99274253845215,0.9999999582990746,16.99274253845215,7.503120122395199e-07,0,0,1,jimeng,1,7.162552326917648,1,719.22817081213
/workspace/data/genbuster-mini/extracted/GenBuster-200K-mini/benchmark/fake/jimeng/a2305b8eab3bf8afc7c149f0aefde113b003111f070148ddbf5cbfbf5ae255e5.mp4,-29.24787139892578,0.9999999999998016,29.24787139892578,4.647861696858113e-12,0,0,1,jimeng,1,6.808735430240631,1,709.6609063446522
/workspace/data/genbuster-mini/extracted/GenBuster-200K-mini/benchmark/fake/jimeng/9e8d07d1b75768730021968b9645fb8b3885932e851009a51f16b1eb44a26859.mp4,-19.20264434814453,0.999999995424932,19.20264434814453,9.242646915614297e-08,0,0,1,jimeng,1,7.218647748231888,0,621.4175559580326
/workspace/data/genbuster-mini/extracted/GenBuster-200K-mini/benchmark/fake/jimeng/933df887f4326633d29253712fe4cff06982d09e604207888bf86d8b84e44897.mp4,-11.609728813171388,0.9999909227381067,11.609728813171388,0.00011446185071,0,0,1,jimeng,1,6.921585649251938,1,708.007600158453
/workspace/data/genbuster-mini/extracted/GenBuster-200K-mini/benchmark/fake/jimeng/8d499c58ab6c201db0a3852ae26c7cfa0a27c8121275a28fab4dd9f6c3483490.mp4,-17.40459442138672,0.999999972376374,17.40459442138672,5.083996334119003e-07,0,0,1,jimeng,1,7.207993417978287,0,623.0008490383625
/workspace/data/genbuster-mini/extracted/GenBuster-200K-mini/benchmark/fake/jimeng/84c416ae9f5aedaff7dc443846d87070e5e26ce83afd092a28c02718db64baa6.mp4,-22.689882278442383,0.9999999998600704,22.689882278442383,3.3129172583636642e-09,0,0,1,jimeng,1,6.94621354341507,0,621.6293685138226
/workspace/data/genbuster-mini/extracted/GenBuster-200K-mini/benchmark/fake/jimeng/83a08841426157d7a1fd7745fbe1f4c8181ffe8a10f0b8d7e48e301365da8863.mp4,-34.961910247802734,0.9999999999999992,34.961910247802734,-9.813251257512717e-13,0,0,1,jimeng,1,7.4682459235191345,1,721.0644669830799
/workspace/data/genbuster-mini/extracted/GenBuster-200K-mini/benchmark/fake/jimeng/808733f341991ceaf2d8b7bfc829146cfcc5bb4d59edf26362d1befb83f6d279.mp4,-13.46605110168457,0.999998581701334,13.46605110168457,2.051717999676679e-05,0,0,1,jimeng,1,4.843510687351227,0,617.6705844700336
/workspace/data/genbuster-mini/extracted/GenBuster-200K-mini/benchmark/fake/jimeng/7f5f6e571cf44771b7b06bf62d92b2eb2f96299566bd18903f50f77792bdd82c.mp4,-28.74944877624512,0.9999999999996732,28.74944877624512,8.263984882762464e-12,0,0,1,jimeng,1,5.070134997367859,1,710.4747928678989
/workspace/data/genbuster-mini/extracted/GenBuster-200K-mini/benchmark/fake/jimeng/7da01570fb1443e7e492a148d5172a0b4e229a6ef35fef3f8da357494afa9edd.mp4,-21.089466094970703,0.999999999306636,21.089466094970703,1.531403959890116e-08,0,0,1,jimeng,1,4.410486668348312,1,714.9466164410114
/workspace/data/genbuster-mini/extracted/GenBuster-200K-mini/benchmark/fake/jimeng/7d5485a901c41e071dd3bdf74bda6c132b9578c547a2b9ed775513f904ed8865.mp4,-17.466386795043945,0.9999999740316364,17.466386795043945,4.795398446865072e-07,0,0,1,jimeng,1,5.321495234966278,0,622.1526972949505
/workspace/data/genbuster-mini/extracted/GenBuster-200K-mini/benchmark/fake/jimeng/782aa746a857e94de5900a3fce574c83475a3f2e1b85e2d66a47007a5f0fc645.mp4,-10.66809368133545,0.9999767246790724,10.66809368133545,0.0002715788936744,0,0,1,jimeng,1,7.047645747661591,1,709.8276503384113
/workspace/data/genbuster-mini/extracted/GenBuster-200K-mini/benchmark/fake/jimeng/73f0686a649a63cbcae8a00ba5aa8dc35f5f20637c81eb1ad3cd8cefe76a181a.mp4,-21.965526580810547,0.9999999997112692,21.965526580810547,6.628855062595665e-09,0,0,1,jimeng,1,8.210670202970505,1,710.7614055275917
/workspace/data/genbuster-mini/extracted/GenBuster-200K-mini/benchmark/fake/jimeng/6fba842c43435900b415124fb6023dfc232b14cd8ad5183f7cf7fa83e1f12c27.mp4,-23.5927848815918,0.9999999999432738,23.5927848815918,1.393064031234621e-09,0,0,1,jimeng,1,7.640618830919266,1,708.623394370079
/workspace/data/genbuster-mini/extracted/GenBuster-200K-mini/benchmark/fake/jimeng/6ed3ec0a9a7025c02852e643d522229857c815ea994dd7c06fa1016c233ebf1d.mp4,-28.58753204345703,0.9999999999996158,28.58753204345703,9.876039001835215e-12,0,0,1,jimeng,1,7.37762451171875,1,709.1425061225891
/workspace/data/genbuster-mini/extracted/GenBuster-200K-mini/benchmark/fake/jimeng/6df5ce71b7cb02689c018173374662a6c051091431bce60e5621cccc3204261a.mp4,-7.295760154724121,0.999322050891351,7.295760154724121,0.0056243331119351,0,0,1,jimeng,1,6.9328248500823975,0,623.1301724910736
/workspace/data/genbuster-mini/extracted/GenBuster-200K-mini/benchmark/fake/jimeng/6c4224b0310f46574a904ed30bb267d6cc53ceece91f1b9378b9ba3a9701b100.mp4,-17.648151397705078,0.9999999783476384,17.648151397705078,4.037745165311881e-07,0,0,1,jimeng,1,7.243625819683075,0,620.4759888350964
/workspace/data/genbuster-mini/extracted/GenBuster-200K-mini/benchmark/fake/jimeng/6c102dbf66f88aa414fc92badfae6df0c324f8c66a7a1f6d182bbb3d7af5640f.mp4,-11.667309761047363,0.999991430647242,11.667309761047363,0.0001085506807429,0,0,1,jimeng,1,7.075175642967224,1,709.958128631115
/workspace/data/genbuster-mini/extracted/GenBuster-200K-mini/benchmark/fake/jimeng/69ea5150d83ac0d3881a1acdcd748585e688eda94ecdbdf82f00629244f4eefb.mp4,-15.57667636871338,0.999999828155623,15.57667636871338,2.8486066397413645e-06,0,0,1,jimeng,1,7.0699527859687805,0,622.2563982009888
/workspace/data/genbuster-mini/extracted/GenBuster-200K-mini/benchmark/fake/jimeng/63f0dcd110e9d12d33ab0c4d95a62a3c1d9fa65d83ef87ca7fc94744e0a0e37f.mp4,-17.15680503845215,0.999999964608886,17.15680503845215,6.425875580263024e-07,0,0,1,jimeng,1,7.3949843645095825,1,704.8678584396839
/workspace/data/genbuster-mini/extracted/GenBuster-200K-mini/benchmark/fake/jimeng/604c10488f9e45532923a1b18c53a4fc9406f584e86a52e272fad4769e28afb7.mp4,-25.39699363708496,0.9999999999906626,25.39699363708496,2.4452926577134237e-10,0,0,1,jimeng,1,7.031776010990143,1,710.6739655137062
/workspace/data/genbuster-mini/extracted/GenBuster-200K-mini/benchmark/fake/jimeng/5da8020828498ef51f91e9ddf1fe1eb673f89c7435c824c321ea230deb563a0d.mp4,2.4833545684814453,0.922966718673706,2.4833545684814453,0.2714631352105289,0,1,1,jimeng,1,7.506329566240311,1,713.2158987224102
/workspace/data/genbuster-mini/extracted/GenBuster-200K-mini/benchmark/fake/jimeng/5b9e0e8a4527d8342bf840b1b4d4fe79548e64d1f456f4ba76be78295f9b8e59.mp4,-25.559268951416016,0.9999999999920612,25.559268951416016,2.0890485330542988e-10,0,0,1,jimeng,1,7.031194865703583,0,623.8808482885361
/workspace/data/genbuster-mini/extracted/GenBuster-200K-mini/benchmark/fake/jimeng/59f436115d102a28289ebaf2341da61d8b87d53ee52695da380f6c518fd31485.mp4,-26.41801643371582,0.9999999999966364,26.41801643371582,9.034705621850035e-11,0,0,1,jimeng,1,7.200688123703003,0,621.839452534914
/workspace/data/genbuster-mini/extracted/GenBuster-200K-mini/benchmark/fake/jimeng/57c23c2182aa3a073946df6de6b65318e5ecd88fc60f25c19dada689d7b240f9.mp4,-15.789002418518066,0.9999998610292806,15.789002418518066,2.333177756246241e-06,0,0,1,jimeng,1,7.762901484966278,1,708.8710702955723
/workspace/data/genbuster-mini/extracted/GenBuster-200K-mini/benchmark/fake/jimeng/5505fb0e524c8b2107c5605c7b45a4bda4c6de1c9df7ee3c7742b671a84516ff.mp4,-9.471116065979004,0.9999229605673464,9.471116065979004,0.0008066918102404,0,0,1,jimeng,1,7.823720574378967,0,623.3181096613407
/workspace/data/genbuster-mini/extracted/GenBuster-200K-mini/benchmark/fake/jimeng/50b03734f16a8822bae9f18e6959afd158d6b2f34d1177f4c0b326ba5ea7c8d9.mp4,-24.12148666381836,0.9999999999665672,24.12148666381836,8.378937578358057e-10,0,0,1,jimeng,1,7.229354232549667,0,623.0996511876583
/workspace/data/genbuster-mini/extracted/GenBuster-200K-mini/benchmark/fake/jimeng/5055f97b7f753de0bf550a8774b54eea6f68eef9c47c34737e164292bad3fdb6.mp4,-26.244081497192383,0.9999999999959974,26.244081497192383,1.0715404439847014e-10,0,0,1,jimeng,1,7.247317582368851,1,710.3290408849716
/workspace/data/genbuster-mini/extracted/GenBuster-200K-mini/benchmark/fake/jimeng/4f761c6b877a73283c8fede71f05c281660f3978b7d3ccf33bfa4348090b63f8.mp4,-30.30038833618164,0.9999999999999308,30.30038833618164,9.792671377252049e-13,0,0,1,jimeng,1,7.243167608976364,1,708.5967175662518
/workspace/data/genbuster-mini/extracted/GenBuster-200K-mini/benchmark/fake/jimeng/4dc0d19e88692db6450f218b757fd8980e76eaff7e3d6bd44ea4fe0f1f02d851.mp4,-4.345991134643555,0.9872071193531156,4.345991134643555,0.0684731589628882,0,0,1,jimeng,1,7.802288979291916,1,710.1223915815353
/workspace/data/genbuster-mini/extracted/GenBuster-200K-mini/benchmark/fake/jimeng/4b819771b29f71dfd0b0cf3fb23bd185eaa36bcce201eadcda400a4a2215f6f5.mp4,-11.76808738708496,0.9999922521492408,11.76808738708496,9.89252631013448e-05,0,0,1,jimeng,1,6.9773830473423,0,621.6560155153275
/workspace/data/genbuster-mini/extracted/GenBuster-200K-mini/benchmark/fake/jimeng/452b4a1c376e0826db86a7756a1b88838b4e5738a7ac5d8375ea85a15b051dd1.mp4,-31.22105407714844,0.9999999999999724,31.22105407714844,-2.1053974670300799e-13,0,0,1,jimeng,1,7.309757173061371,0,623.0777092278004
/workspace/data/genbuster-mini/extracted/GenBuster-200K-mini/benchmark/fake/jimeng/445eee940d98351e5106a7f69b086d92088f9de88b1daa8fdd7828a03b72e300.mp4,-8.683493614196777,0.9998306703346316,8.683493614196777,0.0016397170864977,0,0,1,jimeng,1,7.01112300157547,0,623.8049305975437
/workspace/data/genbuster-mini/extracted/GenBuster-200K-mini/benchmark/fake/jimeng/434f3579b481a85d03a538a46633cb00e2462f1163db6a51e47c8aa4314621f0.mp4,-17.68113136291504,0.9999999790500896,17.68113136291504,3.913660276060694e-07,0,0,1,jimeng,1,7.319774478673935,0,623.5263794660568
/workspace/data/genbuster-mini/extracted/GenBuster-200K-mini/benchmark/fake/jimeng/4216bfb0057645623ebb50f4e5deeee14b110d3109fc0a03bc953cd4730befa4.mp4,-20.792293548583984,0.9999999990666992,20.792293548583984,2.033676495243785e-08,0,0,1,jimeng,1,6.891973316669464,0,625.6119906902313
/workspace/data/genbuster-mini/extracted/GenBuster-200K-mini/benchmark/fake/jimeng/41a2030fe918c12d950ab9158767ddad585562d06dbda6515552855a6b62bb61.mp4,-27.884780883789062,0.9999999999992242,27.884780883789062,2.0768458010120395e-11,0,0,1,jimeng,1,7.323075085878372,1,710.2223224937916
/workspace/data/genbuster-mini/extracted/GenBuster-200K-mini/benchmark/fake/jimeng/3cf462914b5394549ed94ba0cf064787c68265c024d2f78c2e2a05cead1cba9c.mp4,-20.014427185058597,0.9999999979683694,20.014427185058597,4.269155426511832e-08,0,0,1,jimeng,1,7.180828601121903,0,623.3328282833099
/workspace/data/genbuster-mini/extracted/GenBuster-200K-mini/benchmark/fake/jimeng/3b5bafb9ecb9d7ee75dc701ae608feaae777a22e3d2d9ef5918ba8e2c633e1bd.mp4,3.3075661659240723,0.9646875262260436,3.3075661659240723,0.1527494444936994,0,1,1,jimeng,1,7.872100919485092,1,708.7115757167339
/workspace/data/genbuster-mini/extracted/GenBuster-200K-mini/benchmark/fake/jimeng/3a0adec6c932adc6d5a28dba6944259c9dd1b405e46497bfd461746eeb522be6.mp4,-27.63095474243164,0.999999999999,27.63095474243164,2.6939739087201555e-11,0,0,1,jimeng,1,9.506028145551682,1,715.0634713470936
/workspace/data/genbuster-mini/extracted/GenBuster-200K-mini/benchmark/fake/jimeng/39fba3880c6d0abe6ddfa840dba94203f257f0f38ab82202c4c4681588f7864a.mp4,-8.747710227966309,0.9998412006534636,8.747710227966309,0.0015479426357568,0,0,1,jimeng,1,7.328420877456665,0,623.9238902926445
/workspace/data/genbuster-mini/extracted/GenBuster-200K-mini/benchmark/fake/jimeng/383b92918261cf60c6ded74ba534d200bfe5c8d4f84c6e35990236a886070447.mp4,-17.54694366455078,0.999999976041522,17.54694366455078,4.443545373713306e-07,0,0,1,jimeng,1,9.102985262870789,0,623.3561150729656
/workspace/data/genbuster-mini/extracted/GenBuster-200K-mini/benchmark/fake/jimeng/38227620d46dfe75c8d484e1e528a562c0a071acd5cd9923a2db6e6a7993a449.mp4,-26.29583740234375,0.9999999999961992,26.29583740234375,1.0185544060533195e-10,0,0,1,jimeng,1,7.804520428180695,1,713.0147591233253
/workspace/data/genbuster-mini/extracted/GenBuster-200K-mini/benchmark/fake/jimeng/381380836cc0ef2d776e6edb4230823aa2b5bd94f7dfec64afcdf01dcf191a11.mp4,-20.81895637512207,0.9999999990912548,20.81895637512207,1.9825873448278573e-08,0,0,1,jimeng,1,8.473474532365799,1,707.8360766172409
/workspace/data/genbuster-mini/extracted/GenBuster-200K-mini/benchmark/fake/jimeng/37bfe42a7a39843efef79a71e42c6a1dcf92d62340fca3a796e6212049ba186a.mp4,-17.658428192138672,0.9999999785690168,17.658428192138672,3.998664601949328e-07,0,0,1,jimeng,1,5.651276558637619,1,708.2618288695812
/workspace/data/genbuster-mini/extracted/GenBuster-200K-mini/benchmark/fake/jimeng/3787acd350a92c3dcbee1eb1e85b0165f11e89c7c535906be53934851070c164.mp4,-23.06925773620605,0.9999999999042478,23.06925773620605,2.3026890437833995e-09,0,0,1,jimeng,1,7.49356672167778,1,714.8273289203644
/workspace/data/genbuster-mini/extracted/GenBuster-200K-mini/benchmark/fake/jimeng/33b0718ff78e35349b176a5cd8990723c080c74716482acacf606885aab6db06.mp4,-26.087045669555664,0.9999999999953167,26.087045669555664,1.2494690705693347e-10,0,0,1,jimeng,1,5.393020808696747,1,712.5271894037724
/workspace/data/genbuster-mini/extracted/GenBuster-200K-mini/benchmark/fake/jimeng/32089f1eb79294de177d99ba2173687612b8c8f8807a8c44636b26587f36c194.mp4,-10.879700660705566,0.9999811636043888,10.879700660705566,0.0002237709191615,0,0,1,jimeng,1,5.860533565282822,1,708.2725502550602
/workspace/data/genbuster-mini/extracted/GenBuster-200K-mini/benchmark/fake/jimeng/3014aa683fb320cfb2fcc87a9d1b9cd3a3efd8a156e9c85ac241c8ca0196e02c.mp4,-19.55043029785156,0.9999999967688582,19.55043029785156,6.639935437667417e-08,0,0,1,jimeng,1,5.364753305912018,1,714.2177261412144
/workspace/data/genbuster-mini/extracted/GenBuster-200K-mini/benchmark/fake/jimeng/2f06ed93437c1240fdb4d5bc599b0f8ce8d6781d26583b69e0e75017014788e3.mp4,-14.6072416305542,0.9999995469403872,14.6072416305542,7.071008973212165e-06,0,0,1,jimeng,1,6.094232201576233,0,624.2049597203732
/workspace/data/genbuster-mini/extracted/GenBuster-200K-mini/benchmark/fake/jimeng/2b110b3e51a2e0e695cef692740cf6526ffe1dcbaf3df22b5004b0e278e5ae89.mp4,-5.043052673339844,0.9935873714275658,5.043052673339844,0.0387725018942834,0,0,1,jimeng,1,7.145628333091736,1,707.6608687639236
/workspace/data/genbuster-mini/extracted/GenBuster-200K-mini/benchmark/fake/jimeng/297a80e2c76011e5454b83cda6fec8343c28d43e37d8ba7e962454c12b72dca1.mp4,-10.257288932800291,0.9999649005148968,10.257288932800291,0.000395125661452,0,0,1,jimeng,1,6.973385810852051,0,623.0918578803539
/workspace/data/genbuster-mini/extracted/GenBuster-200K-mini/benchmark/fake/jimeng/259ffcdc34b8683ce9086ec6bfc6a22749dba4ddc460f6e89713a76a00aa6713.mp4,-9.127638816833496,0.9998913900417392,9.127638816833496,0.0010999683284115,0,0,1,jimeng,1,6.842423230409622,1,706.3552811741829
/workspace/data/genbuster-mini/extracted/GenBuster-200K-mini/benchmark/fake/jimeng/24b095caaef3dd37dfcf2965c43e89315254e6debd1463e6ab5925a973e9f1c7.mp4,-23.96405029296875,0.9999999999608667,23.96405029296875,9.749352894553041e-10,0,0,1,jimeng,1,7.516086101531982,1,707.5761556625366
/workspace/data/genbuster-mini/extracted/GenBuster-200K-mini/benchmark/fake/jimeng/21477cbb4c7effe8fcfeff9b2f3eb17d1a032cccc980dd6404a446678dc8f5ef.mp4,-14.184618949890137,0.99999930864999,14.184618949890137,1.0497884685304225e-05,0,0,1,jimeng,1,6.830673664808273,0,621.6066777706146
/workspace/data/genbuster-mini/extracted/GenBuster-200K-mini/benchmark/fake/jimeng/1f330209594ff388a72fd1aea7ff4e0fc3f9f536f56d6a8f3c1c66f6a7176659.mp4,-0.9516409039497375,0.7214450538158417,0.9516409039497375,0.5915833351122719,0,0,1,jimeng,1,7.3832012712955475,0,621.6651275753975
/workspace/data/genbuster-mini/extracted/GenBuster-200K-mini/benchmark/fake/jimeng/1989261166affba5ae66c5692020ab29f953b7299d88151c27e2743a33dbda21.mp4,-28.089733123779297,0.999999999999368,28.089733123779297,1.6787921407992626e-11,0,0,1,jimeng,1,7.126208394765854,1,709.0194672346115
/workspace/data/genbuster-mini/extracted/GenBuster-200K-mini/benchmark/fake/jimeng/1851bb941f27051768d5c84ff70c1338159e7c697765871909004a7dd518d6d4.mp4,-18.47997665405273,0.9999999905757218,18.47997665405273,1.8358272055048698e-07,0,0,1,jimeng,1,9.256724268198012,1,710.1454399526119
/workspace/data/genbuster-mini/extracted/GenBuster-200K-mini/benchmark/fake/jimeng/184cf1fa59774a9aa6c40cef001b863170c3bc6816debc074f5620c9f086d4d1.mp4,-22.167030334472656,0.9999999997639624,22.167030334472656,5.466290585179561e-09,0,0,1,jimeng,1,7.072616368532181,0,623.5354542732239
/workspace/data/genbuster-mini/extracted/GenBuster-200K-mini/benchmark/fake/jimeng/151c525ee54aed1d70e9f6bed2c0bf94c3592bfcc31e0e35c3895b344aea0013.mp4,-26.18950462341309,0.9999999999957728,26.18950462341309,1.1303519017719387e-10,0,0,1,jimeng,1,6.89370185136795,1,708.1568017601967
/workspace/data/genbuster-mini/extracted/GenBuster-200K-mini/benchmark/fake/jimeng/147eac2f8b0030d89b12b40f242ba4a6980e72d3df29b8ad5cd77a2a55af5755.mp4,-29.074085235595703,0.9999999999997636,29.074085235595703,5.712608429843149e-12,0,0,1,jimeng,1,6.903804838657379,0,624.3561431765556
/workspace/data/genbuster-mini/extracted/GenBuster-200K-mini/benchmark/fake/jimeng/140c3558f9b8cb285269dfe4c9e7a8c1413dff79a03862da1d358611949cff9b.mp4,-23.97351837158203,0.9999999999612356,23.97351837158203,9.660966427765315e-10,0,0,1,jimeng,1,6.961055099964142,1,707.3189094662666
/workspace/data/genbuster-mini/extracted/GenBuster-200K-mini/benchmark/fake/jimeng/0c23e6f308b303d2de8782bca3c9ad6ffe6bfc8dc6a001beaa5fe2b6b948f1c7.mp4,-5.451043605804443,0.9957265178672968,5.451043605804443,0.0275775772259336,0,0,1,jimeng,1,7.343228906393051,0,632.3743760585785
/workspace/data/genbuster-mini/extracted/GenBuster-200K-mini/benchmark/fake/jimeng/097122128c7b74f67a1344721c344605922092dccc662c2df90fb42a865e78c6.mp4,-10.416427612304688,0.9999700642638344,10.416427612304688,0.0003417596126321,0,0,1,jimeng,1,6.930425763130188,0,623.8882094621658
/workspace/data/genbuster-mini/extracted/GenBuster-200K-mini/benchmark/fake/jimeng/05823f2de0628aebc4a4485007c6ef8e54dbcec4aa530b986bbba980c5d44574.mp4,-19.058185577392575,0.9999999947139028,19.058185577392575,1.0602752163602425e-07,0,0,1,jimeng,1,8.012957870960236,1,717.1073071658611
/workspace/data/genbuster-mini/extracted/GenBuster-200K-mini/benchmark/fake/jimeng/030de55edb976973f48a7a8420fbc7626f953c1712b9af707caafc170633f414.mp4,-33.15253829956055,0.999999999999996,33.15253829956055,-8.85590204683174e-13,0,0,1,jimeng,1,8.69014486670494,1,710.7009142637253
/workspace/data/genbuster-mini/extracted/GenBuster-200K-mini/benchmark/fake/jimeng/01731692add2acebba4b0cc6a905a10d95e4a73661bcbb804964e0f69431cd86.mp4,-25.018360137939453,0.9999999999863648,25.018360137939453,3.5280277239746787e-10,0,0,1,jimeng,1,6.694737821817398,0,626.2781992554665
/workspace/data/genbuster-mini/extracted/GenBuster-200K-mini/benchmark/fake/jimeng/0044083bdb2695fd93327da0cea6b633108154e081ef96b508b826c7aaf538b8.mp4,-18.85449981689453,0.999999993519705,18.85449981689453,1.2866101526221132e-07,0,0,1,jimeng,1,6.796181201934815,1,711.2301960587502
/workspace/data/genbuster-mini/extracted/GenBuster-200K-mini/benchmark/fake/gen3/ff4157290aaa72b49db080be9dc936f5ee1256f5a1afdf3f9b45de48bcd56d0c.mp4,-7.351150512695312,0.9993585582706146,7.351150512695312,0.0053569822708116,0,0,1,gen3,1,6.919946521520615,0,613.7780584394932
/workspace/data/genbuster-mini/extracted/GenBuster-200K-mini/benchmark/fake/gen3/ff18a850dd3298713bd01550b581d1228ec24ccf5357dce29185054b6427992c.mp4,-7.446040630340576,0.999416592239868,7.446040630340576,0.0049276558872365,0,0,1,gen3,1,7.378555834293365,0,604.0467023849487
/workspace/data/genbuster-mini/extracted/GenBuster-200K-mini/benchmark/fake/gen3/fed5f23873eb6fb1446a563b26bdfa144ed077a246255d63213a0046a7ab700a.mp4,-7.446040630340576,0.999416592239868,7.446040630340576,0.0049276558872365,0,0,1,gen3,1,7.041923701763153,0,601.9727140665054
/workspace/data/genbuster-mini/extracted/GenBuster-200K-mini/benchmark/fake/gen3/fe85bec62a20a5d55e4213487a8579a9acd711a226d34d1d81b69bccad287f0a.mp4,-7.446040630340576,0.999416592239868,7.446040630340576,0.0049276558872365,0,0,1,gen3,1,7.534001022577286,0,603.6480516195297
/workspace/data/genbuster-mini/extracted/GenBuster-200K-mini/benchmark/fake/gen3/fceec3b99b3218190967ba598186cac4ab332dbfdc9e1a039af52d6f34407031.mp4,-7.446040630340576,0.999416592239868,7.446040630340576,0.0049276558872365,0,0,1,gen3,1,7.1412548422813416,0,604.5798063278198
/workspace/data/genbuster-mini/extracted/GenBuster-200K-mini/benchmark/fake/gen3/f70eef3d4fdf33a7fb46f86449b6a87b250c08040bcae1f0d8a9f89c85c5ff03.mp4,-7.446040630340576,0.999416592239868,7.446040630340576,0.0049276558872365,0,0,1,gen3,1,8.981015533208847,0,604.7528125345707
/workspace/data/genbuster-mini/extracted/GenBuster-200K-mini/benchmark/fake/gen3/f557cc42e47d22f008726db8146332734b2cc9aeb1214359edf0d175e8383b0b.mp4,-7.446040630340576,0.999416592239868,7.446040630340576,0.0049276558872365,0,0,1,gen3,1,6.928093731403351,0,602.81852632761
/workspace/data/genbuster-mini/extracted/GenBuster-200K-mini/benchmark/fake/gen3/f4372e6da83e58641b8955160603bde952f298243390810e549e8940853d25fd.mp4,-7.446040630340576,0.999416592239868,7.446040630340576,0.0049276558872365,0,0,1,gen3,1,7.9025328159332275,0,603.978905826807
/workspace/data/genbuster-mini/extracted/GenBuster-200K-mini/benchmark/fake/gen3/ecd7e2648800cc0e0e268ab3206a8a5c339de9550b3fa94705973b5a963e470f.mp4,-7.446040630340576,0.999416592239868,7.446040630340576,0.0049276558872365,0,0,1,gen3,1,7.003527134656906,0,603.2729893922806
/workspace/data/genbuster-mini/extracted/GenBuster-200K-mini/benchmark/fake/gen3/ebe47c7089b96e321bdb25669c79a5c9a84ee9221a15ef33114b456e1b5a8453.mp4,-7.446040630340576,0.999416592239868,7.446040630340576,0.0049276558872365,0,0,1,gen3,1,7.810898125171661,0,604.0615625679493
/workspace/data/genbuster-mini/extracted/GenBuster-200K-mini/benchmark/fake/gen3/e984e97a2eb6f7660d61c71283f2fc71237d89dbb887b8700a140e299fc258bf.mp4,-7.446040630340576,0.999416592239868,7.446040630340576,0.0049276558872365,0,0,1,gen3,1,6.955094635486603,0,604.5293174684048
/workspace/data/genbuster-mini/extracted/GenBuster-200K-mini/benchmark/fake/gen3/e94d29ef031268a050f4072cc399bd9a4c0797c45b1bcfae1219f4b12fcdbf49.mp4,-7.245680809020996,0.9992872599978,7.245680809020996,0.0058772807145064,0,0,1,gen3,1,7.3776692152023315,0,616.3544878363609
/workspace/data/genbuster-mini/extracted/GenBuster-200K-mini/benchmark/fake/gen3/e7641b8493feff20abcfb453bd3e0eeb4eca8d467b0a905e2824c6fe5c5f02ae.mp4,-7.446040630340576,0.999416592239868,7.446040630340576,0.0049276558872365,0,0,1,gen3,1,7.018294185400009,0,604.5126765966415
/workspace/data/genbuster-mini/extracted/GenBuster-200K-mini/benchmark/fake/gen3/de66a001d3bdc0159a6b867c7df1a3fe7767797d77f44ef9c6173159e2049fed.mp4,-7.446040630340576,0.999416592239868,7.446040630340576,0.0049276558872365,0,0,1,gen3,1,7.413856685161591,0,604.2499430477619
/workspace/data/genbuster-mini/extracted/GenBuster-200K-mini/benchmark/fake/gen3/dd1c41b751aafd6d47245dd0f9e2e6cb49edf8a9062c3fb70752e384a7a0b1e0.mp4,-7.446040630340576,0.999416592239868,7.446040630340576,0.0049276558872365,0,0,1,gen3,1,7.181327790021896,0,603.6330796778202
/workspace/data/genbuster-mini/extracted/GenBuster-200K-mini/benchmark/fake/gen3/d06dd9222c8f6354433a0269635307930ad2aad1c08760647bec6e1a7b13842c.mp4,-7.446040630340576,0.999416592239868,7.446040630340576,0.0049276558872365,0,0,1,gen3,1,7.150035351514816,0,603.0584685504436
/workspace/data/genbuster-mini/extracted/GenBuster-200K-mini/benchmark/fake/gen3/c8c452483abf8639135abd039291fecf9e90bc27f7d057ecacde1ccce5fbd7fe.mp4,-7.446040630340576,0.999416592239868,7.446040630340576,0.0049276558872365,0,0,1,gen3,1,6.96837529540062,0,606.1562784016132
/workspace/data/genbuster-mini/extracted/GenBuster-200K-mini/benchmark/fake/gen3/c7db72810e3caa4ddc1c72d4637cd3e9259c50e83008f497964e7b4b3c4e3b82.mp4,-7.446040630340576,0.999416592239868,7.446040630340576,0.0049276558872365,0,0,1,gen3,1,5.520034581422806,0,624.2475844919682
/workspace/data/genbuster-mini/extracted/GenBuster-200K-mini/benchmark/fake/gen3/c314cd4cd5fc8f1b6a8e7f42d448435f2abeadbd611472856073a92e5492f61a.mp4,-7.446040630340576,0.999416592239868,7.446040630340576,0.0049276558872365,0,0,1,gen3,1,7.458575069904327,0,603.9836071431637
/workspace/data/genbuster-mini/extracted/GenBuster-200K-mini/benchmark/fake/gen3/bf56109c2ca2560e21d5f92718257bb4ac244f8b767e9d48924b3869bb99642b.mp4,-6.404448509216309,0.998348549590446,6.404448509216309,0.0122294446954497,0,0,1,gen3,1,6.993547081947327,0,615.4253743588924
/workspace/data/genbuster-mini/extracted/GenBuster-200K-mini/benchmark/fake/gen3/bb73e8593da775e2b947bf4cc78749f42f5138fd832eca3c73b861fe86243ad9.mp4,-7.446040630340576,0.999416592239868,7.446040630340576,0.0049276558872365,0,0,1,gen3,1,7.246758788824081,0,607.4138879776001
/workspace/data/genbuster-mini/extracted/GenBuster-200K-mini/benchmark/fake/gen3/b6cc887f725f7b5d00d0e9c06ab9cf338e80b1bd444a9d352201ad7ed840b5dc.mp4,-7.446040630340576,0.999416592239868,7.446040630340576,0.0049276558872365,0,0,1,gen3,1,7.060438394546509,0,605.1618866622448
/workspace/data/genbuster-mini/extracted/GenBuster-200K-mini/benchmark/fake/gen3/b5b117e22436cce16f1063e3c96e7df8a6562915a12db4ee8ff9780fae11f2e0.mp4,-4.687265396118164,0.990872240625322,4.687265396118164,0.0519539029017801,0,0,1,gen3,1,7.453542202711105,0,615.7653741538525
/workspace/data/genbuster-mini/extracted/GenBuster-200K-mini/benchmark/fake/gen3/b4a75d74ce2d9dd7d64511bf057f929cb444fe08dd5bb21c1b4b00c62468cb89.mp4,-7.581957817077637,0.999490696878638,7.581957817077637,0.004370947612726,0,0,1,gen3,1,6.9452933967113495,0,613.0527928471565
/workspace/data/genbuster-mini/extracted/GenBuster-200K-mini/benchmark/fake/gen3/b22c92f44b5f996fe4adea133232a10b8d70a98a59b9a330519ce31e83dd702c.mp4,-7.446040630340576,0.999416592239868,7.446040630340576,0.0049276558872365,0,0,1,gen3,1,7.452115416526794,0,605.3020171821117
/workspace/data/genbuster-mini/extracted/GenBuster-200K-mini/benchmark/fake/gen3/ad50afe904051d114748284677fe5be7d8393ebc6543cce0cb27105ea593e8ab.mp4,-7.446040630340576,0.999416592239868,7.446040630340576,0.0049276558872365,0,0,1,gen3,1,7.058966904878616,0,605.9371717274189
/workspace/data/genbuster-mini/extracted/GenBuster-200K-mini/benchmark/fake/gen3/abb547b50262b95c1346113ff77d0afd3c1512529a42270d58e04ee5d6c2da6d.mp4,-7.446040630340576,0.999416592239868,7.446040630340576,0.0049276558872365,0,0,1,gen3,1,7.368076592683792,0,600.6308905780315
/workspace/data/genbuster-mini/extracted/GenBuster-200K-mini/benchmark/fake/gen3/ab6830fdc33ce439214feeadda58e16e035b301cddcc5522cd7f75c2ef203840.mp4,-7.446040630340576,0.999416592239868,7.446040630340576,0.0049276558872365,0,0,1,gen3,1,5.189180374145508,0,600.3672517836094
/workspace/data/genbuster-mini/extracted/GenBuster-200K-mini/benchmark/fake/gen3/a756de852fc1747ad1b248facf24c40ce61887de3da126ecfbed5855d9cbcafd.mp4,-7.275365352630615,0.999308091995772,7.275365352630615,0.0057260310388387,0,0,1,gen3,1,7.378555834293365,0,612.9250377416611
/workspace/data/genbuster-mini/extracted/GenBuster-200K-mini/benchmark/fake/gen3/a730ff4fafe84e825ba1034060e4b6237de342b948ab20eaf8b7d711c0abe926.mp4,-7.446040630340576,0.999416592239868,7.446040630340576,0.0049276558872365,0,0,1,gen3,1,6.971627473831177,0,604.7263965010643
/workspace/data/genbuster-mini/extracted/GenBuster-200K-mini/benchmark/fake/gen3/a556f12df230a65444141a1f15e20ba16ec7e8ab92b1fe229f0b1e408d355a84.mp4,-7.446040630340576,0.999416592239868,7.446040630340576,0.0049276558872365,0,0,1,gen3,1,7.4753537774086,0,606.2083840370178
/workspace/data/genbuster-mini/extracted/GenBuster-200K-mini/benchmark/fake/gen3/a4dfab0818e46ff1e11ccac2832230d51ba5fe4c93431c8013af747a4256641e.mp4,-7.446040630340576,0.999416592239868,7.446040630340576,0.0049276558872365,0,0,1,gen3,1,6.986543536186218,0,610.1579368114471
/workspace/data/genbuster-mini/extracted/GenBuster-200K-mini/benchmark/fake/gen3/9ecab184a6b3388c1e486a1b818ecceadb9ea88db9a055702fa1494e658c5b03.mp4,-7.446040630340576,0.999416592239868,7.446040630340576,0.0049276558872365,0,0,1,gen3,1,7.4122026562690735,0,604.7960370779037
/workspace/data/genbuster-mini/extracted/GenBuster-200K-mini/benchmark/fake/gen3/9ac55a7bff05535c1abf41f2d425383d458a7e3ba10ff2f3d836b1d625bea43b.mp4,-7.446040630340576,0.999416592239868,7.446040630340576,0.0049276558872365,0,0,1,gen3,1,7.057614624500275,0,604.4633761048317
/workspace/data/genbuster-mini/extracted/GenBuster-200K-mini/benchmark/fake/gen3/91cad250035107c464156a1b54a9d71d1540512760022da70804af2275f49b33.mp4,-7.478464126586914,0.9994351944769732,7.478464126586914,0.0047888429270117,0,0,1,gen3,1,7.315017282962799,0,610.8876690268517
/workspace/data/genbuster-mini/extracted/GenBuster-200K-mini/benchmark/fake/gen3/8d4512fd335090d9c7459872a73516c8e178ed19233151a6d88ea72c846ed1cd.mp4,-8.087801933288574,0.9996928299951832,8.087801933288574,0.0027915473638249,0,0,1,gen3,1,7.12769478559494,0,612.0329983532429
/workspace/data/genbuster-mini/extracted/GenBuster-200K-mini/benchmark/fake/gen3/8b8d096633b0e07714103541ecc9ea6c7309e29c1e10c684bf18e59da756a83e.mp4,-7.429720878601074,0.9994069987442344,7.429720878601074,0.0049990109509911,0,0,1,gen3,1,7.210336625576019,0,612.7255894243717
/workspace/data/genbuster-mini/extracted/GenBuster-200K-mini/benchmark/fake/gen3/89eee2bfc7f32f88c9395201f4f23ee05739be4415a1665893437622dc691893.mp4,-7.420463562011719,0.9994014869444072,7.420463562011719,0.0050399365335564,0,0,1,gen3,1,7.074575871229172,0,613.4320311248302
/workspace/data/genbuster-mini/extracted/GenBuster-200K-mini/benchmark/fake/gen3/866d39424c98294047d9e1dbb579cd41488a6977d6fb4d89d96ac79c139c4e75.mp4,-6.224322319030762,0.9980232496745884,6.224322319030762,0.0142826378557354,0,0,1,gen3,1,7.356654852628708,0,614.6055459976196
/workspace/data/genbuster-mini/extracted/GenBuster-200K-mini/benchmark/fake/gen3/844291787c8ed32700e1b2918dee3fea212610cb498065fad04cdf09521fabd4.mp4,-7.446040630340576,0.999416592239868,7.446040630340576,0.0049276558872365,0,0,1,gen3,1,6.964057683944702,0,607.7710315585136
/workspace/data/genbuster-mini/extracted/GenBuster-200K-mini/benchmark/fake/gen3/80d2ea29075e6543c6085972c8c75730927fc09b32c7b4ceae8545ddd8aceeaf.mp4,-7.446040630340576,0.999416592239868,7.446040630340576,0.0049276558872365,0,0,1,gen3,1,7.972266525030136,0,607.7188327908516
/workspace/data/genbuster-mini/extracted/GenBuster-200K-mini/benchmark/fake/gen3/7d2b5d5e5c8f3c87b2dd8c548669d8b33c31659c234e291c8e68a557b2a2cad3.mp4,-7.446040630340576,0.999416592239868,7.446040630340576,0.0049276558872365,0,0,1,gen3,1,7.046308368444443,0,606.9377884268761
/workspace/data/genbuster-mini/extracted/GenBuster-200K-mini/benchmark/fake/gen3/7c6fb3654c579a96dbe393504db32e52ca6d0e3e4202d6518bdaa536fd6e04b3.mp4,-7.446040630340576,0.999416592239868,7.446040630340576,0.0049276558872365,0,0,1,gen3,1,7.530000060796738,0,605.145700275898
/workspace/data/genbuster-mini/extracted/GenBuster-200K-mini/benchmark/fake/gen3/7be049f0021b7e73921792d0b56f225cff70b4abf5f3669226de0e344005c60d.mp4,-7.446040630340576,0.999416592239868,7.446040630340576,0.0049276558872365,0,0,1,gen3,1,6.936784833669663,0,603.8627810776234
/workspace/data/genbuster-mini/extracted/GenBuster-200K-mini/benchmark/fake/gen3/788554ff21dea8ac2e41011f27d4777eda062e79137f535cf0aa76ac9efb502c.mp4,-7.446040630340576,0.999416592239868,7.446040630340576,0.0049276558872365,0,0,1,gen3,1,7.404547184705734,0,603.9012186229229
/workspace/data/genbuster-mini/extracted/GenBuster-200K-mini/benchmark/fake/gen3/760b485163234a499691d32bce3cf673494c58e7c373fb324cb6cd53e803788b.mp4,-7.446040630340576,0.999416592239868,7.446040630340576,0.0049276558872365,0,0,1,gen3,1,6.969913840293884,0,603.7038192152977
/workspace/data/genbuster-mini/extracted/GenBuster-200K-mini/benchmark/fake/gen3/756687a6ce1711e756a29ef0274c997a68e86b531fdea11a11b5ad093adad4d3.mp4,-7.446040630340576,0.999416592239868,7.446040630340576,0.0049276558872365,0,0,1,gen3,1,7.208444178104401,0,603.4093871712685
/workspace/data/genbuster-mini/extracted/GenBuster-200K-mini/benchmark/fake/gen3/74f281e0dedc3d1b4acc97788720265f58149d0015767d8cd8be2b4ef258c156.mp4,-7.446040630340576,0.999416592239868,7.446040630340576,0.0049276558872365,0,0,1,gen3,1,6.927073001861572,0,610.6019131839275
/workspace/data/genbuster-mini/extracted/GenBuster-200K-mini/benchmark/fake/gen3/71e85262036b6ab49da3a4fd90f7c590de239ac9302351026baabf30274ab448.mp4,-7.446040630340576,0.999416592239868,7.446040630340576,0.0049276558872365,0,0,1,gen3,1,7.508091628551483,0,604.6723499894142
/workspace/data/genbuster-mini/extracted/GenBuster-200K-mini/benchmark/fake/gen3/6ee3435fb97aa52fbf1bdfe548aec2a06d7d166c49ee811f3de63973cb77543f.mp4,-7.810662269592285,0.9995947747665924,7.810662269592285,0.0035703847729204,0,0,1,gen3,1,7.066957652568817,0,613.8152815401554
/workspace/data/genbuster-mini/extracted/GenBuster-200K-mini/benchmark/fake/gen3/6e961c6bc3d29d1330d2ca2b586239fec121dcf9b971394a1cafac3ff49f76f6.mp4,-4.731797695159912,0.9912663316354156,4.731797695159912,0.0500979828149975,0,0,1,gen3,1,7.238555699586868,0,614.9249337613583
/workspace/data/genbuster-mini/extracted/GenBuster-200K-mini/benchmark/fake/gen3/6c8d22e3fd7da0ac00eca659de165689a495297908cd3b4377038ee48c46a805.mp4,-7.446040630340576,0.999416592239868,7.446040630340576,0.0049276558872365,0,0,1,gen3,1,7.014673203229904,0,604.1745394468307
/workspace/data/genbuster-mini/extracted/GenBuster-200K-mini/benchmark/fake/gen3/6c6b2381f45bafb6b74f2591b36363c1bbc58e9df7967bab34965a016e3abf36.mp4,-7.446040630340576,0.999416592239868,7.446040630340576,0.0049276558872365,0,0,1,gen3,1,7.746569812297821,0,604.9597300589085
/workspace/data/genbuster-mini/extracted/GenBuster-200K-mini/benchmark/fake/gen3/641b442493431b543413ea682ffc37f56c47e33ba9a5a5f536c7ba503cbfb9a4.mp4,-7.446040630340576,0.999416592239868,7.446040630340576,0.0049276558872365,0,0,1,gen3,1,7.855892181396484,0,604.009211063385
/workspace/data/genbuster-mini/extracted/GenBuster-200K-mini/benchmark/fake/gen3/635b5d1b83389da71b877e8a40c9ea7a3ec690f2d1c33aa4755b88ea788e2dc3.mp4,-7.446040630340576,0.999416592239868,7.446040630340576,0.0049276558872365,0,0,1,gen3,1,5.566507577896118,0,604.4260673224926
/workspace/data/genbuster-mini/extracted/GenBuster-200K-mini/benchmark/fake/gen3/5e33163606c9c95d4861b3e1d5a842ffec20db04119aedcadc11bce0df0ca0d3.mp4,-7.446040630340576,0.999416592239868,7.446040630340576,0.0049276558872365,0,0,1,gen3,1,7.59052112698555,0,602.7579568326473
/workspace/data/genbuster-mini/extracted/GenBuster-200K-mini/benchmark/fake/gen3/5dcab1c49845c88144a16d6766c7624eee072042252c7f7b87dd6ed79d42801e.mp4,-7.378953456878662,0.9993761355872266,7.378953456878662,0.0052275255507091,0,0,1,gen3,1,5.575761198997498,0,613.4095638990402
/workspace/data/genbuster-mini/extracted/GenBuster-200K-mini/benchmark/fake/gen3/5c1170fe1b67a72a65daf3e08054edc987221106107c10550bff1e2a21dc0756.mp4,-7.446040630340576,0.999416592239868,7.446040630340576,0.0049276558872365,0,0,1,gen3,1,5.470726639032364,0,605.3648181259632
/workspace/data/genbuster-mini/extracted/GenBuster-200K-mini/benchmark/fake/gen3/5bde6adf54375d0a20efadd59c1c8bb17d5f433c64e04012701d54cad92ba94e.mp4,-7.446040630340576,0.999416592239868,7.446040630340576,0.0049276558872365,0,0,1,gen3,1,5.146607756614685,0,606.4628660678864
/workspace/data/genbuster-mini/extracted/GenBuster-200K-mini/benchmark/fake/gen3/5ad8df45f2d0e21c11db4fb0f904de98f8053f8a594f0eedfaa48f0a91733ca0.mp4,-7.446040630340576,0.999416592239868,7.446040630340576,0.0049276558872365,0,0,1,gen3,1,6.273932754993439,0,610.8539514243603
/workspace/data/genbuster-mini/extracted/GenBuster-200K-mini/benchmark/fake/gen3/5423a62b7c97adbea2e72cb679aeaf4eeac46e3b1d7d57a170a676fd5dc6040d.mp4,-7.446040630340576,0.999416592239868,7.446040630340576,0.0049276558872365,0,0,1,gen3,1,6.349340081214905,0,605.5434308946133
/workspace/data/genbuster-mini/extracted/GenBuster-200K-mini/benchmark/fake/gen3/53bdd09d28266a9854b7fc9758372dfad3901055e3de96661eb385e5422a4149.mp4,-4.64216423034668,0.9904551627114416,4.64216423034668,0.0538993830310102,0,0,1,gen3,1,7.275406271219253,0,617.1600632369518
/workspace/data/genbuster-mini/extracted/GenBuster-200K-mini/benchmark/fake/gen3/51b3222ac9c605dbeea963b0e8866bd8df4269a8d443a9ca2c0b32fb7a652bbe.mp4,-7.476036548614502,0.999433822464198,7.476036548614502,0.0047991018093104,0,0,1,gen3,1,7.243655622005463,0,616.8587505817413
/workspace/data/genbuster-mini/extracted/GenBuster-200K-mini/benchmark/fake/gen3/4f2468a71ab74b8d4c2a403e88414964d6578094f801ca43bc7a4dfab8203baa.mp4,-7.446040630340576,0.999416592239868,7.446040630340576,0.0049276558872365,0,0,1,gen3,1,7.046062499284744,0,605.4340191185474
/workspace/data/genbuster-mini/extracted/GenBuster-200K-mini/benchmark/fake/gen3/4dfd82fa541c842ed624ba1795afdaa8801c59f0976c95fefa07b99073a985ec.mp4,-7.446040630340576,0.999416592239868,7.446040630340576,0.0049276558872365,0,0,1,gen3,1,7.3157623410224915,0,604.1133590042591
/workspace/data/genbuster-mini/extracted/GenBuster-200K-mini/benchmark/fake/gen3/4d528713b34777e06f2c4d10f38aec434cf54b04e35ce649ef0225408fb1361d.mp4,-7.446040630340576,0.999416592239868,7.446040630340576,0.0049276558872365,0,0,1,gen3,1,6.936617195606232,0,605.271477252245
/workspace/data/genbuster-mini/extracted/GenBuster-200K-mini/benchmark/fake/gen3/4cf9716f4ebe084fc4b4d9247f3c2a57636eb4b7dd7803fa471758de98854931.mp4,-7.446040630340576,0.999416592239868,7.446040630340576,0.0049276558872365,0,0,1,gen3,1,7.213808596134186,0,604.6267934143543
/workspace/data/genbuster-mini/extracted/GenBuster-200K-mini/benchmark/fake/gen3/49dd1a92f982f7f4421d2839e5d0d5089c1dade0860eccd9c7c4ac8380ae78dc.mp4,-7.446040630340576,0.999416592239868,7.446040630340576,0.0049276558872365,0,0,1,gen3,1,6.932545453310013,0,603.6881804466248
/workspace/data/genbuster-mini/extracted/GenBuster-200K-mini/benchmark/fake/gen3/480e6febf1d3816c601ca92180aeb6e47c0fb767a04a261bb6ea237061e32f51.mp4,-7.446040630340576,0.999416592239868,7.446040630340576,0.0049276558872365,0,0,1,gen3,1,7.208827883005142,0,603.1176783144474
/workspace/data/genbuster-mini/extracted/GenBuster-200K-mini/benchmark/fake/gen3/474b38a57dbbd73f367df3b54b6d1a9e09969f9238cc0ccf8c96536b781e9790.mp4,-7.446040630340576,0.999416592239868,7.446040630340576,0.0049276558872365,0,0,1,gen3,1,6.951402872800827,0,603.822872042656
/workspace/data/genbuster-mini/extracted/GenBuster-200K-mini/benchmark/fake/gen3/466af592f2d0515a37efb263ac35b1ed4a19997c41e09a0b969279fb9d572f37.mp4,-7.446040630340576,0.999416592239868,7.446040630340576,0.0049276558872365,0,0,1,gen3,1,7.199395447969437,0,605.6193187832832
/workspace/data/genbuster-mini/extracted/GenBuster-200K-mini/benchmark/fake/gen3/453b617bc759a97f70e21c260018ec9eb4e1e08b82451cb3e173b45c492725af.mp4,-7.446040630340576,0.999416592239868,7.446040630340576,0.0049276558872365,0,0,1,gen3,1,7.348395884037018,0,603.4626290202141
/workspace/data/genbuster-mini/extracted/GenBuster-200K-mini/benchmark/fake/gen3/4468bed6b3eef3d52e60fdb68943f435eae6da67bf01b281bf1cca8e6af95a9c.mp4,-7.446040630340576,0.999416592239868,7.446040630340576,0.0049276558872365,0,0,1,gen3,1,7.185190916061401,0,604.5716293156147
/workspace/data/genbuster-mini/extracted/GenBuster-200K-mini/benchmark/fake/gen3/38f7a9037c866438679da07dadc1a4e4102fce66dd7b62742e48cf68558559ae.mp4,-7.446040630340576,0.999416592239868,7.446040630340576,0.0049276558872365,0,0,1,gen3,1,6.903916597366333,0,603.9093099534512
/workspace/data/genbuster-mini/extracted/GenBuster-200K-mini/benchmark/fake/gen3/3488c9fbc0807a3547b310cf77b05b6c2c440200da68b06fd56606df29a5ddc6.mp4,-7.446040630340576,0.999416592239868,7.446040630340576,0.0049276558872365,0,0,1,gen3,1,7.213115692138672,0,604.7600209712982
/workspace/data/genbuster-mini/extracted/GenBuster-200K-mini/benchmark/fake/gen3/344fb9e56c4fb146164102f69ba14d6ea6bf25016eb53b9f8d0d1664837b1562.mp4,-7.446040630340576,0.999416592239868,7.446040630340576,0.0049276558872365,0,0,1,gen3,1,6.886757910251617,0,603.2263152301311
/workspace/data/genbuster-mini/extracted/GenBuster-200K-mini/benchmark/fake/gen3/2f9ccc650fd75b7f8231145af6410abc722d5a855b8f284f0404b5b16bef07ff.mp4,-4.655569076538086,0.9905810598284006,4.655569076538086,0.0533141059712613,0,0,1,gen3,1,7.265996187925339,0,615.3479442000389
/workspace/data/genbuster-mini/extracted/GenBuster-200K-mini/benchmark/fake/gen3/2d3b867e8a9c6ac7fd472933a87fcde0199fab0cbcc554f3f27f265cbcabb788.mp4,-7.446040630340576,0.999416592239868,7.446040630340576,0.0049276558872365,0,0,1,gen3,1,7.212568074464798,0,604.0818020701408
/workspace/data/genbuster-mini/extracted/GenBuster-200K-mini/benchmark/fake/gen3/2b509f1f5e3d98a8b0fdeb0b383b7b928f03eaebd8d779abdb7da211ad35f248.mp4,-7.446040630340576,0.999416592239868,7.446040630340576,0.0049276558872365,0,0,1,gen3,1,7.322236895561218,0,608.060896396637
/workspace/data/genbuster-mini/extracted/GenBuster-200K-mini/benchmark/fake/gen3/28c5b2e67564e93ee338b4fd9e20d2bbedcab5a60f14cd958e0c0061a6806acb.mp4,-7.446040630340576,0.999416592239868,7.446040630340576,0.0049276558872365,0,0,1,gen3,1,6.8683139979839325,0,598.9877618849277
/workspace/data/genbuster-mini/extracted/GenBuster-200K-mini/benchmark/fake/gen3/24f736971716590e23cab0aed8e4acb51ab00da68b999255f6765b3670e3c574.mp4,-7.446040630340576,0.999416592239868,7.446040630340576,0.0049276558872365,0,0,1,gen3,1,7.453985512256622,0,608.2461513578892
/workspace/data/genbuster-mini/extracted/GenBuster-200K-mini/benchmark/fake/gen3/23c2174451d3c888e140eff1db6caaf94aa1b1075de59f55fed1a33f61cdca52.mp4,-7.446040630340576,0.999416592239868,7.446040630340576,0.0049276558872365,0,0,1,gen3,1,6.865203380584717,0,610.266774892807
/workspace/data/genbuster-mini/extracted/GenBuster-200K-mini/benchmark/fake/gen3/231b2d9af67d8e2ce32271f7ccbeb17f6e807d18a303854a9c384003fed32656.mp4,-7.446040630340576,0.999416592239868,7.446040630340576,0.0049276558872365,0,0,1,gen3,1,7.420621812343597,0,607.0932075381279
/workspace/data/genbuster-mini/extracted/GenBuster-200K-mini/benchmark/fake/gen3/2168b844eb7ae0b802d502d0790ea974e9a4abae7f63f48a27de0d8575af1f9e.mp4,-7.446040630340576,0.999416592239868,7.446040630340576,0.0049276558872365,0,0,1,gen3,1,6.882976740598679,0,608.6258813738823
/workspace/data/genbuster-mini/extracted/GenBuster-200K-mini/benchmark/fake/gen3/1fb56da853a8b8136991e83decd017a9968cea3f5f2182f7dc53068079ad6e4c.mp4,-7.446040630340576,0.999416592239868,7.446040630340576,0.0049276558872365,0,0,1,gen3,1,6.984904408454895,0,605.4504550993443
/workspace/data/genbuster-mini/extracted/GenBuster-200K-mini/benchmark/fake/gen3/1f640b438d9347f58470d86883a5929f42b340cbebc2bbab2cfba882117f3395.mp4,-7.446040630340576,0.999416592239868,7.446040630340576,0.0049276558872365,0,0,1,gen3,1,6.959635764360428,0,616.5168471634388
/workspace/data/genbuster-mini/extracted/GenBuster-200K-mini/benchmark/fake/gen3/1c954baf3deb088b99ad39b8a99f9b662d35fbc8b83437be93b0cabb0181ae74.mp4,-7.446040630340576,0.999416592239868,7.446040630340576,0.0049276558872365,0,0,1,gen3,1,7.405400276184082,0,609.4812862575054
/workspace/data/genbuster-mini/extracted/GenBuster-200K-mini/benchmark/fake/gen3/1c34df0cfd248c072a36edb3f14cc91a1b63f8afc6d0ed0e169864761ee8118e.mp4,-7.446040630340576,0.999416592239868,7.446040630340576,0.0049276558872365,0,0,1,gen3,1,6.888825446367264,0,608.0294623970985
/workspace/data/genbuster-mini/extracted/GenBuster-200K-mini/benchmark/fake/gen3/189fa1be438d2224f6b144f6e35e0d1c2f5146c451500402b8e2c16fca31c9c9.mp4,-7.446040630340576,0.999416592239868,7.446040630340576,0.0049276558872365,0,0,1,gen3,1,6.96408748626709,0,602.928176522255
/workspace/data/genbuster-mini/extracted/GenBuster-200K-mini/benchmark/fake/gen3/16f109c1596357765cee08ccaea5028d402894fe7103955e6d48b5af5244aa27.mp4,-7.446040630340576,0.999416592239868,7.446040630340576,0.0049276558872365,0,0,1,gen3,1,6.880253553390503,0,606.7350916564465
/workspace/data/genbuster-mini/extracted/GenBuster-200K-mini/benchmark/fake/gen3/1455b2af497fcd78bd683011231193339b80da765be70782e9c1e1aa808cb7bf.mp4,-7.070859432220459,0.9991512183332816,7.070859432220459,0.0068507579341567,0,0,1,gen3,1,7.01681524515152,0,613.2831424474716
/workspace/data/genbuster-mini/extracted/GenBuster-200K-mini/benchmark/fake/gen3/13d91beebbd95cc415ad68d7ccc6a429290e6c7a51bc6681dfe9c1f331eddbe3.mp4,-7.446040630340576,0.999416592239868,7.446040630340576,0.0049276558872365,0,0,1,gen3,1,7.238797843456268,0,605.3981781005859
/workspace/data/genbuster-mini/extracted/GenBuster-200K-mini/benchmark/fake/gen3/12e4bd9e2c1c1ecbbde18812b9e8a0e02e46e93f3063693b0eb64a273e0ec84f.mp4,-7.446040630340576,0.999416592239868,7.446040630340576,0.0049276558872365,0,0,1,gen3,1,6.946709007024765,0,606.3230372965336
/workspace/data/genbuster-mini/extracted/GenBuster-200K-mini/benchmark/fake/gen3/129c605a59571ebfb01ab1c70b4566376e72b742413e039dcb1ccce38663a4e6.mp4,-7.446040630340576,0.999416592239868,7.446040630340576,0.0049276558872365,0,0,1,gen3,1,7.247854024171829,0,605.0747781991959
/workspace/data/genbuster-mini/extracted/GenBuster-200K-mini/benchmark/fake/gen3/0cd5fac50e44d761fbbd42f0a7cb0fe59847e7440ceb34689e351555894659fb.mp4,-7.446040630340576,0.999416592239868,7.446040630340576,0.0049276558872365,0,0,1,gen3,1,7.000252604484558,0,605.8669351041317
/workspace/data/genbuster-mini/extracted/GenBuster-200K-mini/benchmark/fake/gen3/0c2303dfd6e69463c559c1a4df334858c39c280575a4861160d13b1b573becb4.mp4,-7.446040630340576,0.999416592239868,7.446040630340576,0.0049276558872365,0,0,1,gen3,1,7.418867200613022,0,605.4727174341679
/workspace/data/genbuster-mini/extracted/GenBuster-200K-mini/benchmark/fake/gen3/09734fd48914d32da4b49d2be4b4b1416eceb5af9d44df9116e96a710bbf7b66.mp4,-7.446040630340576,0.999416592239868,7.446040630340576,0.0049276558872365,0,0,1,gen3,1,6.913475692272186,0,605.073556303978
/workspace/data/genbuster-mini/extracted/GenBuster-200K-mini/benchmark/fake/gen3/0343654a620b2ec8aa67462dabe530d773f8b859f13bfcfd0e5c09a0a89e5cf1.mp4,-7.446040630340576,0.999416592239868,7.446040630340576,0.0049276558872365,0,0,1,gen3,1,7.398605346679687,0,607.8417524695396
/workspace/data/genbuster-mini/extracted/GenBuster-200K-mini/benchmark/fake/gen3/030e4443824d06e0ac4da697fa66b9a677a32fe4a88aa48f85476a52e9fe92ba.mp4,-7.446040630340576,0.999416592239868,7.446040630340576,0.0049276558872365,0,0,1,gen3,1,6.164867430925369,0,605.6715697050095
/workspace/data/genbuster-mini/extracted/GenBuster-200K-mini/benchmark/fake/gen3/01bbc183c0809966ec1c056783f8499e59e8bc0e190209bb310c01690c1ea70c.mp4,-7.446040630340576,0.999416592239868,7.446040630340576,0.0049276558872365,0,0,1,gen3,1,7.39128515124321,0,605.3432859480381
