path,logit,confidence,margin1,entropy1,y_cnn,y_true,generator,latency_cnn_ms,y_clip,clip_proba,latency_clip_ms,y_qwen,latency_qwen_ms,disagree,clip_margin,clip_entropy,prob_gap
/workspace/benchmarks_ai_research/data/genimage/sd_1_4/data/genimage/sd_1_4/imagenet_ai_0419_sdv4/val/nature/ILSVRC2012_val_00031854.JPEG,2.047971725463867,0.8857425451278687,2.047971725463867,0.355325025700106,1,0,real,6.390864029526711,0,0.0097214378798664,4.611313343048096,0,88.36887031793594,1,0.4902785621201336,0.054717552459506325,0.8760211072480023
/workspace/benchmarks_ai_research/data/genimage/sd_1_4/data/genimage/sd_1_4/imagenet_ai_0419_sdv4/val/nature/ILSVRC2012_val_00021761.JPEG,-0.2808084487915039,0.5697444081306458,0.2808084487915039,0.6833868191750709,0,0,real,38.844212889671326,0,0.000328029785725,4.57349419593811,0,86.85088157653809,0,0.499671970214275,0.0029595641443438815,0.5694163783449208
/workspace/benchmarks_ai_research/data/genimage/sd_1_4/data/genimage/sd_1_4/imagenet_ai_0419_sdv4/val/nature/ILSVRC2012_val_00022044.JPEG,-17.923097610473633,0.999999983552586,17.923097610473633,3.112340216525371e-07,0,0,real,5.552432965487242,0,0.0003353459342499,4.657797515392304,0,107.31787234544754,0,0.4996646540657501,0.003018173844868715,0.9996646376183361
/workspace/benchmarks_ai_research/data/genimage/sd_1_4/data/genimage/sd_1_4/imagenet_ai_0419_sdv4/val/nature/ILSVRC2012_val_00007793.JPEG,-9.70273494720459,0.999938887616736,9.70273494720459,0.0006540715042091,0,0,real,6.392805837094784,0,0.0004277050092062,4.54256683588028,0,110.53842306137084,0,0.4995722949907938,0.0037453541457225623,0.9995111826075298
/workspace/benchmarks_ai_research/data/genimage/sd_1_4/data/genimage/sd_1_4/imagenet_ai_0419_sdv4/val/ai/377_sdv4_00020.png,-5.683328151702881,0.9966093192342668,5.683328151702881,0.0226667934897763,0,1,sdv4,6.3783153891563416,1,0.8924148600128947,9.287133812904358,0,151.93761140108109,1,0.3924148600128947,0.3414365134822909,0.10419445922137205
/workspace/benchmarks_ai_research/data/genimage/sd_1_4/data/genimage/sd_1_4/imagenet_ai_0419_sdv4/val/nature/ILSVRC2012_val_00044736.JPEG,-0.9441851377487184,0.7199442684650421,0.9441851377487184,0.5930059460375734,0,0,real,6.346204783767462,0,0.2135037670134135,4.652142524719238,0,101.46167129278184,0,0.2864962329865865,0.5185620509375093,0.5064405014516287
/workspace/benchmarks_ai_research/data/genimage/sd_1_4/data/genimage/sd_1_4/imagenet_ai_0419_sdv4/val/ai/380_sdv4_00127.png,-5.087525367736816,0.9938645982183516,5.087525367736816,0.0373683131765351,0,1,sdv4,6.399326026439667,1,0.9957133879349438,4.71024215221405,0,322.3779946565628,1,0.4957133879349438,0.02764912882412468,0.0018487897165921918
/workspace/benchmarks_ai_research/data/genimage/sd_1_4/data/genimage/sd_1_4/imagenet_ai_0419_sdv4/val/nature/ILSVRC2012_val_00038213.JPEG,-9.519448280334473,0.9999265952355928,9.519448280334473,0.0007721803169179,0,0,real,5.45330299064517,0,0.0003404958431742,4.561297595500946,0,101.58922523260117,0,0.4996595041568258,0.003059333824757423,0.9995860993924186
/workspace/benchmarks_ai_research/data/genimage/sd_1_4/data/genimage/sd_1_4/imagenet_ai_0419_sdv4/val/nature/ILSVRC2012_val_00027482.JPEG,-7.211292743682861,0.9992623423459008,7.211292743682861,0.0060573951811661,0,0,real,5.421983078122139,0,9.497758154027637e-06,4.531532526016235,0,99.77975487709044,0,0.499990502241846,0.00011933410564832053,0.9992528445877468
/workspace/benchmarks_ai_research/data/genimage/sd_1_4/data/genimage/sd_1_4/imagenet_ai_0419_sdv4/val/nature/ILSVRC2012_val_00003648.JPEG,26.047224044799805,1.0,26.047224044799805,-1.000088900581841e-12,1,0,real,6.743805017322302,0,0.0028112191951706,4.575662314891815,0,104.46636378765106,1,0.4971887808048294,0.01932075073291207,0.9971887808048294
/workspace/benchmarks_ai_research/data/genimage/sd_1_4/data/genimage/sd_1_4/imagenet_ai_0419_sdv4/val/nature/ILSVRC2012_val_00024480.JPEG,-37.943580627441406,1.0,37.943580627441406,-9.991711837410542e-13,0,0,real,5.4582334123551846,0,2.403541139948638e-05,4.64523583650589,0,96.67519479990004,0,0.4999759645886005,0.00027967533172823907,0.9999759645886005
/workspace/benchmarks_ai_research/data/genimage/sd_1_4/data/genimage/sd_1_4/imagenet_ai_0419_sdv4/val/nature/ILSVRC2012_val_00027205.JPEG,-37.07625198364258,1.0,37.07625198364258,-9.976821950630429e-13,0,0,real,5.486163310706616,0,0.0117250803980219,4.585690796375275,0,101.7618402838707,0,0.4882749196019781,0.06378607323826507,0.9882749196019781
/workspace/benchmarks_ai_research/data/genimage/sd_1_4/data/genimage/sd_1_4/imagenet_ai_0419_sdv4/val/nature/ILSVRC2012_val_00036258.JPEG,1.1928420066833496,0.7672489881515503,1.1928420066833496,0.5425791126351053,1,0,real,6.458256393671036,0,1.453154433016871e-06,5.087390542030335,0,235.454335808754,1,0.499998546845567,2.0986124697999104e-05,0.7672475349971173
/workspace/benchmarks_ai_research/data/genimage/sd_1_4/data/genimage/sd_1_4/imagenet_ai_0419_sdv4/val/ai/798_sdv4_00127.png,2.554945707321167,0.9279050827026368,2.554945707321167,0.2590244463091455,1,1,sdv4,6.370544899255037,1,0.998852888881376,4.636161029338837,0,112.24143952131271,0,0.498852888881376,0.008912978589938145,0.07094780617873919
/workspace/benchmarks_ai_research/data/genimage/sd_1_4/data/genimage/sd_1_4/imagenet_ai_0419_sdv4/val/nature/ILSVRC2012_val_00014078.JPEG,-5.402593612670898,0.9955153209157288,5.402593612670898,0.0287236638237083,0,0,real,5.452853161841631,0,0.0006494584926892,4.502080380916596,0,99.66452419757844,0,0.4993505415073108,0.005415864783252686,0.9948658624230396
/workspace/benchmarks_ai_research/data/genimage/sd_1_4/data/genimage/sd_1_4/imagenet_ai_0419_sdv4/val/nature/ILSVRC2012_val_00012460.JPEG,-7.003798007965088,0.9990923993173056,7.003798007965088,0.0072646646821849,0,0,real,5.445021670311689,0,0.0268539321394495,4.732757806777954,0,105.85224628448486,0,0.4731460678605505,0.12362997770252995,0.9722384671778561
/workspace/benchmarks_ai_research/data/genimage/sd_1_4/data/genimage/sd_1_4/imagenet_ai_0419_sdv4/val/ai/533_sdv4_00020.png,19.2242488861084,1.0,19.2242488861084,-1.000088900581841e-12,1,1,sdv4,5.558812990784645,1,0.9912650620567176,4.742629826068878,0,163.59852999448776,0,0.4912650620567176,0.05010399011155746,0.008734937943282395
/workspace/benchmarks_ai_research/data/genimage/sd_1_4/data/genimage/sd_1_4/imagenet_ai_0419_sdv4/val/nature/ILSVRC2012_val_00029057.JPEG,-33.98404693603516,0.9999999999999982,33.98404693603516,-9.50196985674894e-13,0,0,real,43.6426242813468,1,0.9853789306652696,4.565484821796417,0,101.47813707590105,1,0.4853789306652696,0.07629193941032125,0.01462106933472862
/workspace/benchmarks_ai_research/data/genimage/sd_1_4/data/genimage/sd_1_4/imagenet_ai_0419_sdv4/val/nature/ILSVRC2012_val_00014705.JPEG,-8.826159477233887,0.9998531804594676,8.826159477233887,0.0014426830015622,0,0,real,5.484173074364662,0,0.0191538407906705,4.597261548042297,0,102.20146924257278,0,0.4808461592093295,0.09472749095085786,0.9806993396687971
/workspace/benchmarks_ai_research/data/genimage/sd_1_4/data/genimage/sd_1_4/imagenet_ai_0419_sdv4/val/nature/ILSVRC2012_val_00037585.JPEG,-11.23906135559082,0.9999868498116484,11.23906135559082,0.0001609460461459,0,0,real,5.45077258720994,0,0.0021929315727963,4.563048481941223,0,101.1635959148407,0,0.4978070684272037,0.015616784005765327,0.9977939182388521
/workspace/benchmarks_ai_research/data/genimage/sd_1_4/data/genimage/sd_1_4/imagenet_ai_0419_sdv4/val/nature/ILSVRC2012_val_00004290.JPEG,-5.636368751525879,0.996446876320988,5.636368751525879,0.0235861661112499,0,0,real,41.66316892951727,0,1.7480461800729482e-06,4.557967185974121,0,105.81430047750472,0,0.4999982519538199,2.492191159724627e-05,0.996445128274808
/workspace/benchmarks_ai_research/data/genimage/sd_1_4/data/genimage/sd_1_4/imagenet_ai_0419_sdv4/val/ai/612_sdv4_00035.png,-18.99165153503418,0.9999999943502332,18.99165153503418,1.1294617084889689e-07,0,1,sdv4,5.549333989620209,1,0.967690636598358,4.64775413274765,0,114.45235460996628,1,0.46769063659835797,0.14268030289833758,0.03230935775187527
/workspace/benchmarks_ai_research/data/genimage/sd_1_4/data/genimage/sd_1_4/imagenet_ai_0419_sdv4/val/ai/144_sdv4_00143.png,9.314725875854492,0.9999098777770996,9.314725875854492,0.0009295475257854,1,1,sdv4,5.681832786649466,1,0.9935085788621082,4.655890166759491,0,112.47017979621889,0,0.4935085788621082,0.03916937173789816,0.006401298914991416
/workspace/benchmarks_ai_research/data/genimage/sd_1_4/data/genimage/sd_1_4/imagenet_ai_0419_sdv4/val/nature/ILSVRC2012_val_00036766.JPEG,-0.4482331275939941,0.6102190613746643,0.4482331275939941,0.6686499971563429,0,0,real,6.361505016684532,0,1.3384525989325955e-06,4.536084830760956,0,101.9321084022522,0,0.4999986615474011,1.9439677816992748e-05,0.6102177229220653
/workspace/benchmarks_ai_research/data/genimage/sd_1_4/data/genimage/sd_1_4/imagenet_ai_0419_sdv4/val/ai/379_sdv4_00039.png,-6.698283672332764,0.9987684921361506,6.698283672332764,0.009481255826929,0,1,sdv4,31.783435959368944,1,0.9986832243759328,5.939222872257233,0,163.29941153526306,1,0.4986832243759328,0.01004951379204985,8.52677602177776e-05
/workspace/benchmarks_ai_research/data/genimage/sd_1_4/data/genimage/sd_1_4/imagenet_ai_0419_sdv4/val/nature/ILSVRC2012_val_00022408.JPEG,1.7073737382888794,0.8464953303337097,1.7073737382888794,0.4287404292590548,1,0,real,5.553363356739283,0,0.000150554719811,4.555888473987579,0,97.79315441846848,1,0.499849445280189,0.001475603167940312,0.8463447756138988
/workspace/benchmarks_ai_research/data/genimage/sd_1_4/data/genimage/sd_1_4/imagenet_ai_0419_sdv4/val/nature/ILSVRC2012_val_00035192.JPEG,15.866901397705078,0.9999998807907104,15.866901397705078,2.0196876902912675e-06,1,0,real,6.4043160527944565,0,0.0006824249817157,4.892215132713318,0,87.39985525608063,1,0.4993175750182843,0.005656973255665557,0.9993174558089948
/workspace/benchmarks_ai_research/data/genimage/sd_1_4/data/genimage/sd_1_4/imagenet_ai_0419_sdv4/val/nature/ILSVRC2012_val_00028574.JPEG,-17.479337692260742,0.999999974365778,17.479337692260742,4.7370143917349643e-07,0,0,real,6.482705008238554,0,4.240645607576486e-08,4.5776814222335815,0,89.03561532497406,0,0.49999995759354393,7.622949787201595e-07,0.9999999319593219
/workspace/benchmarks_ai_research/data/genimage/sd_1_4/data/genimage/sd_1_4/imagenet_ai_0419_sdv4/val/nature/ILSVRC2012_val_00031320.JPEG,-11.881070137023926,0.9999930798771856,11.881070137023926,8.91386091588663e-05,0,0,real,6.358675193041563,0,0.0394804366060461,4.744090139865875,0,97.81842678785324,0,0.4605195633939539,0.16628941769439032,0.9605126432711395
/workspace/benchmarks_ai_research/data/genimage/sd_1_4/data/genimage/sd_1_4/imagenet_ai_0419_sdv4/val/ai/155_sdv4_00039.png,5.961848735809326,0.997431457042694,5.961848735809326,0.0178851013741327,1,1,sdv4,48.06879488751292,1,0.9953511206380136,4.7698840498924255,0,111.48633807897568,0,0.49535112063801356,0.02960778769373967,0.0020803364046804163
/workspace/benchmarks_ai_research/data/genimage/sd_1_4/data/genimage/sd_1_4/imagenet_ai_0419_sdv4/val/nature/ILSVRC2012_val_00010463.JPEG,0.7578390836715698,0.6808843612670898,0.7578390836715698,0.6262010530130717,1,0,real,6.785196252167225,0,0.0083603842739932,4.58575040102005,0,100.81714391708374,1,0.4916396157260068,0.04832351433706977,0.6725239769930966
/workspace/benchmarks_ai_research/data/genimage/sd_1_4/data/genimage/sd_1_4/imagenet_ai_0419_sdv4/val/ai/570_sdv4_00039.png,-37.51341247558594,1.0,37.51341247558594,-9.986778972344633e-13,0,1,sdv4,5.611702799797058,1,0.999298107208061,4.775509238243103,0,116.73860251903534,1,0.499298107208061,0.005798602267874022,0.0007018927919389961
/workspace/benchmarks_ai_research/data/genimage/sd_1_4/data/genimage/sd_1_4/imagenet_ai_0419_sdv4/val/nature/ILSVRC2012_val_00008857.JPEG,-2.861782550811768,0.9459245465695858,2.861782550811768,0.2103446571206262,0,0,real,5.462382920086384,0,0.0013384688038883,4.600092768669128,0,101.05498135089874,0,0.4986615311961117,0.010193188771225933,0.9445860777656975
/workspace/benchmarks_ai_research/data/genimage/sd_1_4/data/genimage/sd_1_4/imagenet_ai_0419_sdv4/val/nature/ILSVRC2012_val_00031969.JPEG,-24.046899795532227,0.9999999999639784,24.046899795532227,9.002453436564861e-10,0,0,real,5.414812359958887,0,9.260914681714769e-06,4.718832671642304,0,101.59517824649812,0,0.49999073908531827,0.00011659216433267279,0.9999907390492967
/workspace/benchmarks_ai_research/data/genimage/sd_1_4/data/genimage/sd_1_4/imagenet_ai_0419_sdv4/val/ai/499_sdv4_00074.png,4.9894208908081055,0.993236482143402,4.9894208908081055,0.0405325634915979,1,1,sdv4,5.43453311547637,1,0.9999498769074124,4.592888057231903,0,111.64724081754684,0,0.49994987690741244,0.0005463920139586966,0.00671339476401045
/workspace/benchmarks_ai_research/data/genimage/sd_1_4/data/genimage/sd_1_4/imagenet_ai_0419_sdv4/val/ai/823_sdv4_00143.png,-1.219955563545227,0.7720557302236557,1.219955563545227,0.5367804233863827,0,1,sdv4,5.512462928891182,1,0.9999994993425108,5.253791809082031,0,112.74993419647215,1,0.49999949934251076,7.763865598262985e-06,0.22794376911885506
/workspace/benchmarks_ai_research/data/genimage/sd_1_4/data/genimage/sd_1_4/imagenet_ai_0419_sdv4/val/nature/ILSVRC2012_val_00043775.JPEG,-4.769740581512451,0.991588769480586,4.769740581512451,0.0485661930411214,0,0,real,6.37376494705677,0,0.0005544712847156,4.599146544933319,0,90.13738483190536,0,0.4994455287152844,0.004711463518431212,0.9910342981958704
/workspace/benchmarks_ai_research/data/genimage/sd_1_4/data/genimage/sd_1_4/imagenet_ai_0419_sdv4/val/ai/149_sdv4_00009.png,5.072818279266357,0.9937742948532104,5.072818279266357,0.0378270684144737,1,1,sdv4,6.391236092895269,1,0.9991875879223704,4.651688039302826,0,113.8078048825264,0,0.4991875879223704,0.006592802442839284,0.005413293069159941
/workspace/benchmarks_ai_research/data/genimage/sd_1_4/data/genimage/sd_1_4/imagenet_ai_0419_sdv4/val/ai/518_sdv4_00074.png,-2.774137020111084,0.9412621296942234,2.774137020111084,0.223480512295798,0,1,sdv4,6.368396338075399,1,0.9995451628547514,4.748940467834473,0,111.1116260290146,1,0.49954516285475137,0.0039549652909799775,0.058283033160527964
/workspace/benchmarks_ai_research/data/genimage/sd_1_4/data/genimage/sd_1_4/imagenet_ai_0419_sdv4/val/ai/769_sdv4_00020.png,-22.696882247924805,0.9999999998610466,22.696882247924805,3.2907666954427282e-09,0,1,sdv4,6.528896279633045,1,0.9924566961452924,4.805698990821838,0,112.96165734529497,1,0.4924566961452924,0.04437962399956499,0.007543303715754179
/workspace/benchmarks_ai_research/data/genimage/sd_1_4/data/genimage/sd_1_4/imagenet_ai_0419_sdv4/val/ai/821_sdv4_00039.png,5.900097370147705,0.9972683191299438,5.900097370147705,0.0188526164954899,1,1,sdv4,5.457613151520491,1,0.9363369407667006,4.762031137943268,0,112.23582923412324,0,0.4363369407667006,0.2369298046075507,0.06093137836324325
/workspace/benchmarks_ai_research/data/genimage/sd_1_4/data/genimage/sd_1_4/imagenet_ai_0419_sdv4/val/ai/344_sdv4_00127.png,4.0672688484191895,0.9831642508506776,4.0672688484191895,0.0854546465485194,1,1,sdv4,5.469483323395252,1,0.9999819091295788,4.621140658855438,0,112.20091581344604,0,0.49998190912957885,0.00021564487573621504,0.01681765827890125
/workspace/benchmarks_ai_research/data/genimage/sd_1_4/data/genimage/sd_1_4/imagenet_ai_0419_sdv4/val/ai/637_sdv4_00035.png,-31.62526512145996,0.9999999999999816,31.62526512145996,-4.72994218909725e-13,0,1,sdv4,5.5323331616818905,1,0.9999724055582504,5.257315933704376,0,143.16397160291672,1,0.4999724055582504,0.00031727764396662604,2.7594441731171315e-05
/workspace/benchmarks_ai_research/data/genimage/sd_1_4/data/genimage/sd_1_4/imagenet_ai_0419_sdv4/val/ai/731_sdv4_00039.png,-12.232068061828612,0.9999951283261908,12.232068061828612,6.446232952149209e-05,0,1,sdv4,32.83968800678849,1,0.8895435603693427,4.527144134044647,0,156.88543766736984,1,0.3895435603693427,0.34746857126753267,0.11045156795684807
/workspace/benchmarks_ai_research/data/genimage/sd_1_4/data/genimage/sd_1_4/imagenet_ai_0419_sdv4/val/nature/ILSVRC2012_val_00044834.JPEG,-8.330254554748535,0.9997589474514824,8.330254554748535,0.0022491106869198,0,0,real,5.415233317762613,0,0.0020578862877538,4.557959735393524,0,99.3897095322609,0,0.4979421137122462,0.014786008146935823,0.9977010611637286
/workspace/benchmarks_ai_research/data/genimage/sd_1_4/data/genimage/sd_1_4/imagenet_ai_0419_sdv4/val/nature/ILSVRC2012_val_00000872.JPEG,-24.02385139465332,0.9999999999631384,24.02385139465332,9.20432002016015e-10,0,0,real,6.383505184203386,0,0.101457605208038,4.574567079544067,0,103.51528227329254,0,0.398542394791962,0.3282739065748467,0.8985423947551003
/workspace/benchmarks_ai_research/data/genimage/sd_1_4/data/genimage/sd_1_4/imagenet_ai_0419_sdv4/val/nature/ILSVRC2012_val_00028275.JPEG,15.72373390197754,0.9999998807907104,15.72373390197754,2.0196876902912675e-06,1,0,real,5.438332911580801,0,6.852369633053935e-06,4.597499966621399,0,131.19087368249893,1,0.49999314763036695,8.833329609390155e-05,0.9999930284210774
/workspace/benchmarks_ai_research/data/genimage/sd_1_4/data/genimage/sd_1_4/imagenet_ai_0419_sdv4/val/ai/296_sdv4_00035.png,9.809529304504396,0.9999450445175172,9.809529304504396,0.0005940115896949,1,1,sdv4,6.359184626489878,1,0.9782871591275448,4.728414118289948,0,112.74334788322447,0,0.4782871591275448,0.10463234735639876,0.021657885389972376
/workspace/benchmarks_ai_research/data/genimage/sd_1_4/data/genimage/sd_1_4/imagenet_ai_0419_sdv4/val/nature/ILSVRC2012_val_00017890.JPEG,-20.331859588623047,0.9999999985209408,20.331859588623047,3.1549086022251186e-08,0,0,real,6.516416091471911,0,0.0083517337192316,4.600420594215393,0,101.56358033418655,0,0.4916482662807684,0.04828219602408054,0.9916482648017092
/workspace/benchmarks_ai_research/data/genimage/sd_1_4/data/genimage/sd_1_4/imagenet_ai_0419_sdv4/val/nature/ILSVRC2012_val_00048739.JPEG,-7.445312976837158,0.9994161677896044,7.445312976837158,0.0049308162066851,0,0,real,49.78133784607053,0,8.939124572820592e-06,4.517726600170136,0,100.32448172569276,0,0.49999106087542716,0.0001128570574048625,0.9994072286650316
/workspace/benchmarks_ai_research/data/genimage/sd_1_4/data/genimage/sd_1_4/imagenet_ai_0419_sdv4/val/nature/ILSVRC2012_val_00015698.JPEG,7.891199588775635,0.9996260404586792,7.891199588775635,0.0033249400749253,1,0,real,5.548583343625069,0,6.037861767658778e-05,4.605799913406372,0,101.423978805542,1,0.4999396213823234,0.0006469475481124856,0.9995656618410026
/workspace/benchmarks_ai_research/data/genimage/sd_1_4/data/genimage/sd_1_4/imagenet_ai_0419_sdv4/val/ai/119_sdv4_00143.png,-6.858007431030273,0.9989500973606482,6.858007431030273,0.0082506942299884,0,1,sdv4,5.453222896903753,1,0.9842664440451876,4.663586616516113,0,112.55491524934769,1,0.4842664440451876,0.08093421679584305,0.01468365331546062
/workspace/benchmarks_ai_research/data/genimage/sd_1_4/data/genimage/sd_1_4/imagenet_ai_0419_sdv4/val/nature/ILSVRC2012_val_00006612.JPEG,25.80782127380371,1.0,25.80782127380371,-1.000088900581841e-12,1,0,real,28.22208683937788,0,2.1305515337047294e-05,7.477752864360809,0,102.30237245559692,1,0.499978694484663,0.00025047901195452495,0.9999786944846629
/workspace/benchmarks_ai_research/data/genimage/sd_1_4/data/genimage/sd_1_4/imagenet_ai_0419_sdv4/val/nature/ILSVRC2012_val_00001699.JPEG,-12.25324535369873,0.9999952304096952,12.25324535369873,6.32125600340624e-05,0,0,real,5.466672591865063,0,7.69983065849718e-06,4.640407860279083,0,102.23884880542757,0,0.4999923001693415,9.836000924250848e-05,0.9999875305790367
/workspace/benchmarks_ai_research/data/genimage/sd_1_4/data/genimage/sd_1_4/imagenet_ai_0419_sdv4/val/ai/673_sdv4_00035.png,-4.818212985992432,0.991983567364514,4.818212985992432,0.0466736171484816,0,1,sdv4,5.599542986601591,1,0.9995484860765468,4.662953317165375,0,112.87514865398408,1,0.4995484860765468,0.003929380537562637,0.007564918712032798
/workspace/benchmarks_ai_research/data/genimage/sd_1_4/data/genimage/sd_1_4/imagenet_ai_0419_sdv4/val/ai/914_sdv4_00020.png,-4.148108959197998,0.98445132561028,4.148108959197998,0.0801684200971376,0,1,sdv4,5.462552886456251,1,0.996887422273201,4.68425452709198,0,144.65635269880295,1,0.49688742227320104,0.021074473623957344,0.012436096662921003
/workspace/benchmarks_ai_research/data/genimage/sd_1_4/data/genimage/sd_1_4/imagenet_ai_0419_sdv4/val/ai/418_sdv4_00009.png,4.421661853790283,0.9881283640861512,4.421661853790283,0.0644350112158168,1,1,sdv4,5.432122852653265,0,0.178337632118007,4.622474312782288,0,179.3971210718155,1,0.321662367881993,0.46886337550246954,0.8097907319681442
/workspace/benchmarks_ai_research/data/genimage/sd_1_4/data/genimage/sd_1_4/imagenet_ai_0419_sdv4/val/ai/072_sdv4_00020.png,-2.510084867477417,0.9248457923531532,2.510084867477417,0.2667717087248059,0,1,sdv4,5.419893190264702,1,0.8334824097993762,4.612989723682404,0,111.34647578001022,1,0.33348240979937616,0.4503211995232578,0.09136338255377707
/workspace/benchmarks_ai_research/data/genimage/sd_1_4/data/genimage/sd_1_4/imagenet_ai_0419_sdv4/val/nature/ILSVRC2012_val_00007952.JPEG,-37.02619171142578,1.0,37.02619171142578,-9.975700470268845e-13,0,0,real,46.237289905548096,1,0.9856212883607256,4.573293030261993,0,102.6480197906494,1,0.4856212883607256,0.07526942749955141,0.0143787116392744
/workspace/benchmarks_ai_research/data/genimage/sd_1_4/data/genimage/sd_1_4/imagenet_ai_0419_sdv4/val/ai/359_sdv4_00127.png,8.145289421081543,0.9997099041938782,8.145289421081543,0.0026529708956488,1,1,sdv4,5.5985227227211,1,0.999816052904169,4.60834801197052,0,132.50496238470078,0,0.499816052904169,0.0017660338280921103,0.00010614871029079875
/workspace/benchmarks_ai_research/data/genimage/sd_1_4/data/genimage/sd_1_4/imagenet_ai_0419_sdv4/val/ai/029_sdv4_00087.png,10.636144638061523,0.9999759197235109,10.636144638061523,0.0002801524731042,1,1,sdv4,6.413805764168501,1,0.9999883560547056,4.768408834934235,0,112.2729629278183,0,0.4999883560547056,0.00014392752694551578,1.2436331194742856e-05
/workspace/benchmarks_ai_research/data/genimage/sd_1_4/data/genimage/sd_1_4/imagenet_ai_0419_sdv4/val/ai/939_sdv4_00009.png,-12.401040077209473,0.9999958857097226,12.401040077209473,5.513577543924052e-05,0,1,sdv4,42.57565224543214,1,0.9999647500890336,4.709668457508087,0,161.14246100187302,1,0.4999647500890336,0.0003966683011105963,3.113562068901565e-05
/workspace/benchmarks_ai_research/data/genimage/sd_1_4/data/genimage/sd_1_4/imagenet_ai_0419_sdv4/val/ai/776_sdv4_00009.png,-13.448775291442873,0.9999985569862702,13.448775291442873,2.0849780207905277e-05,0,1,sdv4,19.26635624840856,1,0.999006374041005,4.752084612846375,0,114.245243370533,1,0.499006374041005,0.00786321079422835,0.000992182945265152
/workspace/benchmarks_ai_research/data/genimage/sd_1_4/data/genimage/sd_1_4/imagenet_ai_0419_sdv4/val/nature/ILSVRC2012_val_00024726.JPEG,14.515181541442873,0.9999995231628418,14.515181541442873,7.417720012228406e-06,1,0,real,5.469642113894224,0,0.0049529724502576,4.571855068206787,0,101.3861522078514,1,0.4950470275497424,0.031229911822191946,0.9950465507125842
/workspace/benchmarks_ai_research/data/genimage/sd_1_4/data/genimage/sd_1_4/imagenet_ai_0419_sdv4/val/ai/107_sdv4_00074.png,-17.625226974487305,0.9999999778455386,17.625226974487305,4.1262987076368206e-07,0,1,sdv4,6.362144835293293,1,0.9999887421003568,4.555821418762207,0,111.32891476154327,1,0.4999887421003568,0.00013953530174571182,1.123574518180348e-05
/workspace/benchmarks_ai_research/data/genimage/sd_1_4/data/genimage/sd_1_4/imagenet_ai_0419_sdv4/val/ai/624_sdv4_00143.png,-10.709260940551758,0.9999776633849252,10.709260940551758,0.0002615455022855,0,1,sdv4,42.80647309496999,1,0.9999983644261068,4.547335207462311,0,128.83011251688004,1,0.4999983644261068,2.342716681616565e-05,2.0701041181570012e-05
/workspace/benchmarks_ai_research/data/genimage/sd_1_4/data/genimage/sd_1_4/imagenet_ai_0419_sdv4/val/nature/ILSVRC2012_val_00022581.JPEG,-11.599669456481934,0.999990830965544,11.599669456481934,0.0001155268429181,0,0,real,5.42830303311348,0,0.0005269550693042,4.730574786663055,1,124.41536039113998,0,0.4994730449306958,0.004504481355013105,0.9994638758962398
/workspace/benchmarks_ai_research/data/genimage/sd_1_4/data/genimage/sd_1_4/imagenet_ai_0419_sdv4/val/ai/608_sdv4_00074.png,-12.014115333557127,0.9999939419426482,12.014115333557127,7.884027334248485e-05,0,1,sdv4,42.752452194690704,0,0.0484220418594725,4.512801766395569,0,112.00477927923204,0,0.4515779581405275,0.19384256644328332,0.9515719000831757
/workspace/benchmarks_ai_research/data/genimage/sd_1_4/data/genimage/sd_1_4/imagenet_ai_0419_sdv4/val/nature/ILSVRC2012_val_00014835.JPEG,3.7465970516204834,0.9769460558891296,3.7465970516204834,0.1096976243315748,1,0,real,41.62322916090488,0,0.0012304528906109,4.705354571342468,0,98.45028817653656,1,0.4987695471093891,0.009474188864335733,0.9757156029985188
/workspace/benchmarks_ai_research/data/genimage/sd_1_4/data/genimage/sd_1_4/imagenet_ai_0419_sdv4/val/ai/724_sdv4_00143.png,-29.607446670532227,0.9999999999998614,29.607446670532227,2.949140359566275e-12,0,1,sdv4,5.43183321133256,1,0.987166632314364,5.132816731929779,0,112.91075497865675,1,0.48716663231436397,0.06864905044121655,0.012833367685497477
/workspace/benchmarks_ai_research/data/genimage/sd_1_4/data/genimage/sd_1_4/imagenet_ai_0419_sdv4/val/ai/514_sdv4_00074.png,-0.2347586452960968,0.5584216117858887,0.2347586452960968,0.686305393468184,0,1,sdv4,5.566813051700592,1,0.9979929886095052,4.590876400470734,0,112.44019865989684,1,0.49799298860950525,0.014470761567311665,0.4395713768236166
/workspace/benchmarks_ai_research/data/genimage/sd_1_4/data/genimage/sd_1_4/imagenet_ai_0419_sdv4/val/ai/192_sdv4_00020.png,-21.5252628326416,0.9999999995515674,21.5252628326416,1.0099062649685292e-08,0,1,sdv4,44.65476609766483,1,0.9970153626132966,4.697084426879883,0,112.3276948928833,1,0.4970153626132966,0.020333687481289126,0.0029846369382707794
/workspace/benchmarks_ai_research/data/genimage/sd_1_4/data/genimage/sd_1_4/imagenet_ai_0419_sdv4/val/nature/ILSVRC2012_val_00003438.JPEG,-1.1205278635025024,0.7540865987539291,1.1205278635025024,0.5578008595731865,0,0,real,6.533054634928703,0,0.1204472468050359,4.972487688064575,0,211.6783857345581,0,0.37955275319496407,0.3678151532000436,0.6336393519488932
/workspace/benchmarks_ai_research/data/genimage/sd_1_4/data/genimage/sd_1_4/imagenet_ai_0419_sdv4/val/nature/ILSVRC2012_val_00039137.JPEG,-29.94817543029785,0.9999999999999014,29.94817543029785,1.812373080888612e-12,0,0,real,5.622494034469128,1,0.885283432492049,5.370080471038818,0,466.3366079330444,1,0.385283432492049,0.3562642353608014,0.11471656750785242
/workspace/benchmarks_ai_research/data/genimage/sd_1_4/data/genimage/sd_1_4/imagenet_ai_0419_sdv4/val/ai/091_sdv4_00143.png,16.870933532714844,1.0,16.870933532714844,-1.000088900581841e-12,1,1,sdv4,46.46786116063595,1,0.9993586103320434,4.585601389408112,0,113.35565894842148,0,0.49935861033204343,0.00535659955729545,0.0006413896679565712
/workspace/benchmarks_ai_research/data/genimage/sd_1_4/data/genimage/sd_1_4/imagenet_ai_0419_sdv4/val/nature/ILSVRC2012_val_00019054.JPEG,-9.614275932312012,0.9999332357401728,9.614275932312012,0.0007086565000068,0,0,real,6.227114703506231,0,2.521388557254084e-07,4.674665629863739,0,88.02709728479385,0,0.49999974786114426,4.082954542027227e-06,0.9999329836013171
/workspace/benchmarks_ai_research/data/genimage/sd_1_4/data/genimage/sd_1_4/imagenet_ai_0419_sdv4/val/nature/ILSVRC2012_val_00026700.JPEG,-20.634721755981445,0.9999999989074176,20.634721755981445,2.3635715843686207e-08,0,0,real,5.408081691712141,1,0.9977255775625096,5.11518120765686,0,260.6978490948677,1,0.49772557756250957,0.016114035187659713,0.002274421344908073
/workspace/benchmarks_ai_research/data/genimage/sd_1_4/data/genimage/sd_1_4/imagenet_ai_0419_sdv4/val/nature/ILSVRC2012_val_00006113.JPEG,-25.89833068847656,0.9999999999943442,25.89833068847656,1.5021209807511687e-10,0,0,real,5.441493354737759,0,0.0001762357870691,4.82824444770813,0,99.98751431703568,0,0.4998237642129309,0.0016995473702404447,0.9998237642072751
/workspace/benchmarks_ai_research/data/genimage/sd_1_4/data/genimage/sd_1_4/imagenet_ai_0419_sdv4/val/nature/ILSVRC2012_val_00045160.JPEG,9.67503833770752,0.9999371767044068,9.67503833770752,0.0006706483024863,1,0,real,6.448735948652029,0,0.02358516996647,4.571042954921722,0,100.91753304004668,1,0.47641483003353,0.11168169381044024,0.9763520067379369
/workspace/benchmarks_ai_research/data/genimage/sd_1_4/data/genimage/sd_1_4/imagenet_ai_0419_sdv4/val/ai/428_sdv4_00020.png,-27.54445075988769,0.9999999999989096,27.54445075988769,2.941607715809205e-11,0,1,sdv4,5.510323215276003,1,0.9989810649071836,4.713058471679688,0,167.728453874588,1,0.49898106490718364,0.008037856825604896,0.0010189350917260143
/workspace/benchmarks_ai_research/data/genimage/sd_1_4/data/genimage/sd_1_4/imagenet_ai_0419_sdv4/val/nature/ILSVRC2012_val_00018088.JPEG,2.950548887252808,0.9502894878387452,2.950548887252808,0.1976619803108841,1,0,real,5.422444082796574,0,0.0007864033722917,4.611440002918243,0,101.38881951570512,1,0.4992135966277083,0.0064073373865186885,0.9495030844664535
/workspace/benchmarks_ai_research/data/genimage/sd_1_4/data/genimage/sd_1_4/imagenet_ai_0419_sdv4/val/nature/ILSVRC2012_val_00032542.JPEG,-16.44257164001465,0.9999999277093964,16.44257164001465,1.2609320345803368e-06,0,0,real,6.544026080518961,0,0.1636976948022012,5.415767431259155,0,98.05341809988022,0,0.3363023051977988,0.44575094755738337,0.8363022329071952
/workspace/benchmarks_ai_research/data/genimage/sd_1_4/data/genimage/sd_1_4/imagenet_ai_0419_sdv4/val/ai/192_sdv4_00035.png,-26.31108283996582,0.9999999999962568,26.31108283996582,1.0034435660507668e-10,0,1,sdv4,5.559033714234829,1,0.9918329385176808,4.625774919986725,0,112.3553141951561,1,0.49183293851768084,0.047397961206369466,0.008167061478575932
/workspace/benchmarks_ai_research/data/genimage/sd_1_4/data/genimage/sd_1_4/imagenet_ai_0419_sdv4/val/ai/402_sdv4_00127.png,-9.776921272277832,0.9999432569857164,9.776921272277832,0.0006115166049861,0,1,sdv4,8.019458968192339,1,0.9986034318288932,4.570320248603821,0,129.35886532068253,1,0.4986034318288932,0.010576264872997983,0.0013398251568231823
/workspace/benchmarks_ai_research/data/genimage/sd_1_4/data/genimage/sd_1_4/imagenet_ai_0419_sdv4/val/ai/357_sdv4_00127.png,-2.1557979583740234,0.896209329366684,2.1557979583740234,0.3333329790287865,0,1,sdv4,6.404496263712645,1,0.9998600603927464,4.759699106216431,0,112.30720579624176,1,0.49986006039274644,0.0013817958146499648,0.10365073102606248
/workspace/benchmarks_ai_research/data/genimage/sd_1_4/data/genimage/sd_1_4/imagenet_ai_0419_sdv4/val/ai/441_sdv4_00039.png,8.85848617553711,0.999857783317566,8.85848617553711,0.0014019845143284,1,1,sdv4,5.501503124833107,1,0.9903998209722776,4.948742687702179,0,111.83080822229384,0,0.49039982097227763,0.05415612679573202,0.009457962345288395
/workspace/benchmarks_ai_research/data/genimage/sd_1_4/data/genimage/sd_1_4/imagenet_ai_0419_sdv4/val/ai/505_sdv4_00143.png,-3.491793155670166,0.970453355461359,3.491793155670166,0.1331627110186464,0,1,sdv4,20.786989014595747,1,0.9999991706840632,4.537932574748993,0,113.4125366806984,1,0.4999991706840632,1.2441946543780842e-05,0.029545815222704164
/workspace/benchmarks_ai_research/data/genimage/sd_1_4/data/genimage/sd_1_4/imagenet_ai_0419_sdv4/val/ai/445_sdv4_00039.png,-18.8475399017334,0.9999999934744452,18.8475399017334,1.2951420838922193e-07,0,1,sdv4,5.468083079904318,1,0.9998809908456135,4.671134054660797,0,113.2444217801094,1,0.49988099084561355,0.0011944056990743554,0.0001190026288316881
/workspace/benchmarks_ai_research/data/genimage/sd_1_4/data/genimage/sd_1_4/imagenet_ai_0419_sdv4/val/ai/209_sdv4_00074.png,7.222821712493896,0.9992707371711732,7.222821712493896,0.0059968096525065,1,1,sdv4,6.3761151395738125,1,0.6963144423512545,4.678875207901001,0,124.23665076494215,0,0.1963144423512545,0.61395480095826,0.3029562948199187
/workspace/benchmarks_ai_research/data/genimage/sd_1_4/data/genimage/sd_1_4/imagenet_ai_0419_sdv4/val/nature/ILSVRC2012_val_00044773.JPEG,-11.5603666305542,0.9999904634250923,11.5603666305542,0.0001197829206562,0,0,real,5.46469260007143,0,1.220559833937268e-05,4.568479955196381,0,97.81817346811296,0,0.49998779440166063,0.00015029497245238832,0.999978257826753
/workspace/benchmarks_ai_research/data/genimage/sd_1_4/data/genimage/sd_1_4/imagenet_ai_0419_sdv4/val/ai/547_sdv4_00074.png,-16.228538513183594,0.9999999104562534,16.228538513183594,1.5427058861794637e-06,0,1,sdv4,6.348314695060253,1,0.99002989114273,4.665106534957886,0,149.97969567775726,1,0.49002989114273,0.055864135799698136,0.00997001931352337
/workspace/benchmarks_ai_research/data/genimage/sd_1_4/data/genimage/sd_1_4/imagenet_ai_0419_sdv4/val/nature/ILSVRC2012_val_00007820.JPEG,-7.238897800445557,0.9992824125220068,7.238897800445557,0.0059123875182961,0,0,real,5.530552938580513,0,1.6718341981976298e-05,4.508718848228455,0,99.11558032035828,0,0.49998328165801803,0.00020060331255209875,0.9992656941800248
/workspace/benchmarks_ai_research/data/genimage/sd_1_4/data/genimage/sd_1_4/imagenet_ai_0419_sdv4/val/nature/ILSVRC2012_val_00005668.JPEG,-16.16530418395996,0.9999999046111654,16.16530418395996,1.6373763686468316e-06,0,0,real,49.31989731267095,0,0.000171133206794,4.680514335632324,0,101.399764418602,0,0.499828866793206,0.001655368554608287,0.9998287714043714
/workspace/benchmarks_ai_research/data/genimage/sd_1_4/data/genimage/sd_1_4/imagenet_ai_0419_sdv4/val/ai/370_sdv4_00074.png,-6.377457141876221,0.9983034444740042,6.377457141876221,0.0125177066404222,0,1,sdv4,6.391915027052164,1,0.9999294596249728,4.632443189620972,0,112.39619553089142,1,0.4999294596249728,0.0007448562778399645,0.0016260151509686072
/workspace/benchmarks_ai_research/data/genimage/sd_1_4/data/genimage/sd_1_4/imagenet_ai_0419_sdv4/val/nature/ILSVRC2012_val_00024834.JPEG,-10.37308120727539,0.9999687381605328,10.37308120727539,0.0003555439231418,0,0,real,6.8901958875358105,0,0.0009972885872073,4.776112735271454,0,101.39939188957214,0,0.4990027114127927,0.007888524364083199,0.9989714495733255
/workspace/benchmarks_ai_research/data/genimage/sd_1_4/data/genimage/sd_1_4/imagenet_ai_0419_sdv4/val/ai/833_sdv4_00143.png,-6.061900615692139,0.9976754479575902,6.061900615692139,0.0164184615900925,0,1,sdv4,5.480853375047445,1,0.9981626502159016,4.537321627140045,0,112.57069557905196,1,0.49816265021590156,0.013409919155722252,0.0004872022583113367
/workspace/benchmarks_ai_research/data/genimage/sd_1_4/data/genimage/sd_1_4/imagenet_ai_0419_sdv4/val/nature/ILSVRC2012_val_00001132.JPEG,-4.424533367156982,0.9881620164960624,4.424533367156982,0.0642861633657646,0,0,real,5.45115303248167,0,0.0010125531363277,4.824206233024597,0,100.99974274635316,0,0.4989874468636723,0.007993878002700803,0.9871494633597346
/workspace/benchmarks_ai_research/data/genimage/sd_1_4/data/genimage/sd_1_4/imagenet_ai_0419_sdv4/val/ai/697_sdv4_00127.png,-22.104890823364254,0.99999999974883,22.104890823364254,5.8012593818782745e-09,0,1,sdv4,5.4468330927193165,0,0.000914651470295,4.671268165111542,0,111.73119395971298,0,0.499085348529705,0.007314019632951466,0.999085348278535
/workspace/benchmarks_ai_research/data/genimage/sd_1_4/data/genimage/sd_1_4/imagenet_ai_0419_sdv4/val/nature/ILSVRC2012_val_00035655.JPEG,0.5855539441108704,0.6423444151878357,0.5855539441108704,0.652057363263751,1,0,real,5.564952734857798,1,0.9965063024691018,4.506610333919525,0,102.8219684958458,0,0.49650630246910177,0.023250716911581464,0.3541618872812661
/workspace/benchmarks_ai_research/data/genimage/sd_1_4/data/genimage/sd_1_4/imagenet_ai_0419_sdv4/val/ai/986_sdv4_00003.png,-19.182653427124023,0.9999999953325522,19.182653427124023,9.419948070547148e-08,0,1,sdv4,6.392635405063629,1,0.9997243964858992,4.522658884525299,0,112.0455041527748,1,0.49972439648589917,0.002534562760566106,0.000275598846653069
/workspace/benchmarks_ai_research/data/genimage/sd_1_4/data/genimage/sd_1_4/imagenet_ai_0419_sdv4/val/nature/ILSVRC2012_val_00012538.JPEG,-24.800750732421875,0.99999999998305,24.800750732421875,4.3535217564576245e-10,0,0,real,37.54032915458083,0,0.0219658548901797,4.624530673027039,0,101.46791487932204,0,0.4780341451098203,0.1055942981051436,0.9780341450928703
/workspace/benchmarks_ai_research/data/genimage/sd_1_4/data/genimage/sd_1_4/imagenet_ai_0419_sdv4/val/nature/ILSVRC2012_val_00003870.JPEG,-25.891801834106445,0.9999999999943072,25.891801834106445,1.5117099814589354e-10,0,0,real,6.549886427819729,0,0.0009526991028141,4.586786031723023,0,104.60836440324783,0,0.4990473008971859,0.007579421537646404,0.9990473008914931
/workspace/benchmarks_ai_research/data/genimage/sd_1_4/data/genimage/sd_1_4/imagenet_ai_0419_sdv4/val/ai/151_sdv4_00074.png,12.706391334533691,0.9999970197677612,12.706391334533691,4.089923848751718e-05,1,1,sdv4,5.592633038759232,1,0.9999999097868164,4.608817398548126,0,112.22043633461,0,0.4999999097868164,1.5535673732967613e-06,2.8900190551794935e-06
/workspace/benchmarks_ai_research/data/genimage/sd_1_4/data/genimage/sd_1_4/imagenet_ai_0419_sdv4/val/ai/041_sdv4_00039.png,1.9310628175735476,0.8733670115470886,1.9310628175735476,0.3799356648516694,1,1,sdv4,6.3909245654940605,1,0.9999721278356482,4.7424957156181335,0,111.94110661745071,0,0.49997212783564815,0.00032019174641664567,0.12660511628855953
/workspace/benchmarks_ai_research/data/genimage/sd_1_4/data/genimage/sd_1_4/imagenet_ai_0419_sdv4/val/ai/442_sdv4_00074.png,0.3610963523387909,0.5893058180809021,0.3610963523387909,0.6771102090390457,1,1,sdv4,5.464963149279356,1,0.820026306744135,4.837438464164734,0,124.15982782840727,0,0.320026306744135,0.4713535942982573,0.23072048866323291
/workspace/benchmarks_ai_research/data/genimage/sd_1_4/data/genimage/sd_1_4/imagenet_ai_0419_sdv4/val/ai/944_sdv4_00143.png,-11.963234901428224,0.999993625731804,11.963234901428224,8.263115420443515e-05,0,1,sdv4,46.69236205518246,1,0.9937574123823562,5.464985966682434,0,111.85716092586516,1,0.49375741238235615,0.03791268719454223,0.0062362133494477945
/workspace/benchmarks_ai_research/data/genimage/sd_1_4/data/genimage/sd_1_4/imagenet_ai_0419_sdv4/val/ai/586_sdv4_00074.png,-26.5738582611084,0.999999999997122,26.5738582611084,7.750457565456034e-11,0,1,sdv4,32.723958138376474,1,0.9999287955071138,4.554316401481628,0,112.91348189115524,1,0.4999287955071138,0.0007512016329570279,7.120449000819207e-05
/workspace/benchmarks_ai_research/data/genimage/sd_1_4/data/genimage/sd_1_4/imagenet_ai_0419_sdv4/val/ai/095_sdv4_00035.png,-4.53820276260376,0.989420515485108,4.53820276260376,0.0586476906427608,0,1,sdv4,5.5472031235694885,1,0.7650938889852034,4.545241594314575,0,113.73312771320344,1,0.26509388898520336,0.5451368294991862,0.22432662649990465
/workspace/benchmarks_ai_research/data/genimage/sd_1_4/data/genimage/sd_1_4/imagenet_ai_0419_sdv4/val/ai/288_sdv4_00035.png,-3.737890481948853,0.9767492022365332,3.737890481948853,0.110434297255649,0,1,sdv4,6.504215765744448,1,0.9997123163048166,5.066312849521637,0,112.4223843216896,1,0.4997123163048166,0.0026333141708749764,0.02296311406828344
/workspace/benchmarks_ai_research/data/genimage/sd_1_4/data/genimage/sd_1_4/imagenet_ai_0419_sdv4/val/ai/216_sdv4_00020.png,-4.760059833526611,0.9915076410397888,4.760059833526611,0.048952761347527,0,1,sdv4,6.396945100277662,1,0.9999260464947948,4.812173545360565,0,113.30776661634444,1,0.4999260464947948,0.000777401980449921,0.00841840545500594
/workspace/benchmarks_ai_research/data/genimage/sd_1_4/data/genimage/sd_1_4/imagenet_ai_0419_sdv4/val/ai/574_sdv4_00035.png,0.6937637329101562,0.6668036580085754,0.6937637329101562,0.6364191709026021,1,1,sdv4,58.38379869237542,1,0.9999959128790764,4.559136927127838,0,112.14938759803772,0,0.4999959128790764,5.4798757286770774e-05,0.33319225487050097
/workspace/benchmarks_ai_research/data/genimage/sd_1_4/data/genimage/sd_1_4/imagenet_ai_0419_sdv4/val/nature/ILSVRC2012_val_00013969.JPEG,6.093156337738037,0.997746765613556,6.093156337738037,0.0159850331125603,1,0,real,5.4832641035318375,0,0.0036508801672439,4.493318498134613,0,102.28929668664932,1,0.4963491198327561,0.024135820313713433,0.9940958854463121
/workspace/benchmarks_ai_research/data/genimage/sd_1_4/data/genimage/sd_1_4/imagenet_ai_0419_sdv4/val/nature/ILSVRC2012_val_00029063.JPEG,16.980022430419922,1.0,16.980022430419922,-1.000088900581841e-12,1,0,real,6.377034820616245,0,0.0902728503405342,7.4959397315979,0,98.3612984418869,1,0.4097271496594658,0.30316864508576613,0.9097271496594658
/workspace/benchmarks_ai_research/data/genimage/sd_1_4/data/genimage/sd_1_4/imagenet_ai_0419_sdv4/val/nature/ILSVRC2012_val_00034651.JPEG,-3.489362955093384,0.9703835938125848,3.489362955093384,0.1334062194674615,0,0,real,47.293313313275576,0,0.0607821264111788,4.679307341575623,0,100.96018016338348,0,0.4392178735888212,0.22911416978994495,0.909601467401406
/workspace/benchmarks_ai_research/data/genimage/sd_1_4/data/genimage/sd_1_4/imagenet_ai_0419_sdv4/val/nature/ILSVRC2012_val_00023881.JPEG,11.724459648132324,0.9999918937683104,11.724459648132324,0.000103134557492,1,0,real,47.69584443420172,0,0.2399004516543052,4.565216600894928,0,100.53811222314836,1,0.2600995483456948,0.5509651535788492,0.7600914421140053
/workspace/benchmarks_ai_research/data/genimage/sd_1_4/data/genimage/sd_1_4/imagenet_ai_0419_sdv4/val/ai/834_sdv4_00143.png,-11.976476669311523,0.9999937095817586,11.976476669311523,8.162748356510464e-05,0,1,sdv4,8.525889832526445,1,0.999213810293082,4.6461597084999084,0,111.61430925130844,1,0.499213810293082,0.006405810236772605,0.000779899288676611
/workspace/benchmarks_ai_research/data/genimage/sd_1_4/data/genimage/sd_1_4/imagenet_ai_0419_sdv4/val/ai/287_sdv4_00035.png,-6.4436235427856445,0.9984118936117738,6.4436235427856445,0.0118225284941548,0,1,sdv4,5.420273169875145,0,0.0457703458516812,4.742175340652466,0,126.41318142414092,0,0.4542296541483188,0.18586771381845657,0.9526415477600927
/workspace/benchmarks_ai_research/data/genimage/sd_1_4/data/genimage/sd_1_4/imagenet_ai_0419_sdv4/val/ai/696_sdv4_00039.png,6.712555408477783,0.99878591299057,6.712555408477783,0.009364442047548,1,1,sdv4,6.519555114209652,1,0.9996602373956912,4.52616810798645,0,113.3626401424408,0,0.4996602373956912,0.0030534782928674778,0.0008743244051212518
/workspace/benchmarks_ai_research/data/genimage/sd_1_4/data/genimage/sd_1_4/imagenet_ai_0419_sdv4/val/nature/ILSVRC2012_val_00019533.JPEG,4.942599773406982,0.9929145574569702,4.942599773406982,0.0421311879785474,1,0,real,5.405213218182325,1,0.898825035760574,4.669375717639923,0,97.93602675199509,0,0.39882503576057404,0.32765699056486125,0.09408952169639617
/workspace/benchmarks_ai_research/data/genimage/sd_1_4/data/genimage/sd_1_4/imagenet_ai_0419_sdv4/val/nature/ILSVRC2012_val_00008405.JPEG,-19.34214210510254,0.999999996020629,19.34214210510254,8.094693143423728e-08,0,0,real,5.472013261169195,0,0.1092897556754634,4.634618759155273,0,102.33408212661745,0,0.3907102443245366,0.34502781870475807,0.8907102403451655
/workspace/benchmarks_ai_research/data/genimage/sd_1_4/data/genimage/sd_1_4/imagenet_ai_0419_sdv4/val/ai/876_sdv4_00127.png,-18.463537216186523,0.9999999904195116,18.463537216186523,1.864681930673164e-07,0,1,sdv4,5.647793877869844,1,0.8895002652937931,4.73640114068985,0,113.16147446632384,1,0.3895002652937931,0.3475588790348481,0.11049972512571848
/workspace/benchmarks_ai_research/data/genimage/sd_1_4/data/genimage/sd_1_4/imagenet_ai_0419_sdv4/val/ai/585_sdv4_00020.png,-3.105353116989136,0.9571130126714706,3.105353116989136,0.1770130395872055,0,1,sdv4,5.463622976094484,1,0.9999942217977136,4.5958757400512695,0,112.02853918075562,1,0.4999942217977136,7.5471496350104e-05,0.042881209126242936
/workspace/benchmarks_ai_research/data/genimage/sd_1_4/data/genimage/sd_1_4/imagenet_ai_0419_sdv4/val/ai/682_sdv4_00143.png,-40.90847396850586,1.0,40.90847396850586,-1.0000415775663304e-12,0,1,sdv4,6.37137470766902,1,0.9997247820123843,4.668429493904114,0,112.15658485889436,1,0.49972478201238435,0.0025314026109283148,0.0002752179876156502
/workspace/benchmarks_ai_research/data/genimage/sd_1_4/data/genimage/sd_1_4/imagenet_ai_0419_sdv4/val/nature/ILSVRC2012_val_00007332.JPEG,16.6781063079834,1.0,16.6781063079834,-1.000088900581841e-12,1,0,real,34.65117234736681,0,0.0035002239774523,4.472076892852783,0,99.60830956697464,1,0.4964997760225477,0.023287606724621608,0.9964997760225477
/workspace/benchmarks_ai_research/data/genimage/sd_1_4/data/genimage/sd_1_4/imagenet_ai_0419_sdv4/val/ai/307_sdv4_00009.png,-11.69814395904541,0.9999916908418528,11.69814395904541,0.0001055109187875,0,1,sdv4,5.421132780611515,1,0.9823215649343142,4.548758268356323,0,111.56105250120164,1,0.4823215649343142,0.08886097152547255,0.01767012590753858
/workspace/benchmarks_ai_research/data/genimage/sd_1_4/data/genimage/sd_1_4/imagenet_ai_0419_sdv4/val/nature/ILSVRC2012_val_00034649.JPEG,15.490386009216309,0.9999997615814208,15.490386009216309,3.874118200445909e-06,1,0,real,6.372674833983183,0,0.3198504738996686,4.663385450839996,0,98.05420786142348,1,0.18014952610033141,0.626756697633833,0.6801492876817522
/workspace/benchmarks_ai_research/data/genimage/sd_1_4/data/genimage/sd_1_4/imagenet_ai_0419_sdv4/val/nature/ILSVRC2012_val_00020847.JPEG,4.363524436950684,0.9874266386032104,4.363524436950684,0.0675172115774084,1,0,real,6.389314774423838,0,0.1932235045261365,4.647277295589447,0,79.5620009303093,1,0.3067764954738635,0.49086346496677746,0.7942031340770739
/workspace/benchmarks_ai_research/data/genimage/sd_1_4/data/genimage/sd_1_4/imagenet_ai_0419_sdv4/val/ai/094_sdv4_00020.png,5.544699668884277,0.9961070418357848,5.544699668884277,0.0254857837488212,1,1,sdv4,6.390325259417296,1,0.9834874947439968,4.530236124992371,0,120.44595181941986,0,0.48348749474399677,0.08413674952408548,0.01261954709178803
/workspace/benchmarks_ai_research/data/genimage/sd_1_4/data/genimage/sd_1_4/imagenet_ai_0419_sdv4/val/nature/ILSVRC2012_val_00003739.JPEG,-15.841620445251465,0.9999998681525994,15.841620445251465,2.220521893754308e-06,0,0,real,5.403782706707716,0,5.747288949783153e-07,4.579722881317139,0,111.57773435115814,0,0.499999425271105,8.833217373976863e-06,0.9999992934237044
/workspace/benchmarks_ai_research/data/genimage/sd_1_4/data/genimage/sd_1_4/imagenet_ai_0419_sdv4/val/ai/251_sdv4_00074.png,-29.8078670501709,0.9999999999998866,29.8078670501709,2.2345148642859378e-12,0,1,sdv4,38.66687184199691,1,0.9996931380410328,4.552558064460754,0,111.21630668640135,1,0.49969313804103277,0.0027890557954307555,0.0003068619588538768
/workspace/benchmarks_ai_research/data/genimage/sd_1_4/data/genimage/sd_1_4/imagenet_ai_0419_sdv4/val/ai/062_sdv4_00127.png,12.964983940124512,0.999997615814209,12.964983940124512,3.325140678496236e-05,1,1,sdv4,48.60118497163057,1,0.996072834362864,5.023747682571411,0,112.3870313167572,0,0.496072834362864,0.02567530298470347,0.003924781451345005
/workspace/benchmarks_ai_research/data/genimage/sd_1_4/data/genimage/sd_1_4/imagenet_ai_0419_sdv4/val/ai/329_sdv4_00074.png,-12.996695518493652,0.9999977321940604,12.996695518493652,3.1741789697276334e-05,0,1,sdv4,5.4500531405210495,0,0.3457720652297695,4.737429320812225,0,112.206868827343,0,0.1542279347702305,0.6447900212408122,0.654225666964291
/workspace/benchmarks_ai_research/data/genimage/sd_1_4/data/genimage/sd_1_4/imagenet_ai_0419_sdv4/val/ai/244_sdv4_00074.png,-21.475229263305664,0.99999999952856,21.475229263305664,1.0593724267581464e-08,0,1,sdv4,5.530802998691797,0,0.181818267325329,5.123861134052277,0,112.15386539697649,0,0.318181732674671,0.47413944166518013,0.818181732203231
/workspace/benchmarks_ai_research/data/genimage/sd_1_4/data/genimage/sd_1_4/imagenet_ai_0419_sdv4/val/nature/ILSVRC2012_val_00021688.JPEG,6.197566509246826,0.997969686985016,6.197566509246826,0.0146153086536298,1,0,real,5.454253405332565,0,0.4076342847035413,5.088023841381073,0,100.5849465727806,1,0.0923657152964587,0.6759859334124896,0.5903354022814746
/workspace/benchmarks_ai_research/data/genimage/sd_1_4/data/genimage/sd_1_4/imagenet_ai_0419_sdv4/val/nature/ILSVRC2012_val_00036262.JPEG,-4.336885452270508,0.9870916111394764,4.336885452270508,0.0689746299622971,0,0,real,6.367895286530256,0,3.5936693578296155e-06,4.571028053760529,0,312.1815472841263,0,0.4999964063306422,4.8645110218390065e-05,0.9870880174701185
/workspace/benchmarks_ai_research/data/genimage/sd_1_4/data/genimage/sd_1_4/imagenet_ai_0419_sdv4/val/nature/ILSVRC2012_val_00000926.JPEG,-17.364049911499023,0.9999999712333718,17.364049911499023,5.282697941676524e-07,0,0,real,40.86952703073621,0,0.001575481607262,4.559442400932312,0,116.61074310541152,0,0.498424518392738,0.011741128763979262,0.9984244896261099
/workspace/benchmarks_ai_research/data/genimage/sd_1_4/data/genimage/sd_1_4/imagenet_ai_0419_sdv4/val/ai/268_sdv4_00426.png,4.742538928985596,0.9913588762283324,4.742538928985596,0.0496595841409013,1,1,sdv4,5.404121708124876,1,0.9946903072973065,4.632972180843353,0,113.26977610588074,0,0.49469030729730645,0.0331089167678251,0.0033314310689740445
/workspace/benchmarks_ai_research/data/genimage/sd_1_4/data/genimage/sd_1_4/imagenet_ai_0419_sdv4/val/nature/ILSVRC2012_val_00039546.JPEG,-3.4463798999786377,0.9691229965537786,3.4463798999786377,0.1377776263291491,0,0,real,57.804948184639215,0,0.0003288472130513,4.78275865316391,0,104.49450463056564,0,0.4996711527869487,0.002966120592188608,0.9687941493407274
/workspace/benchmarks_ai_research/data/genimage/sd_1_4/data/genimage/sd_1_4/imagenet_ai_0419_sdv4/val/ai/562_sdv4_00035.png,-7.888952255249023,0.9996252783457747,7.888952255249023,0.003330953123066,0,1,sdv4,6.361494772136211,1,0.9828292501177276,4.659079015254974,0,111.9699701666832,1,0.4828292501177276,0.08681381738818858,0.016796028228047155
/workspace/benchmarks_ai_research/data/genimage/sd_1_4/data/genimage/sd_1_4/imagenet_ai_0419_sdv4/val/nature/ILSVRC2012_val_00038906.JPEG,-0.2239366471767425,0.555751383304596,0.2239366471767425,0.6869178012379462,0,0,real,6.3487449660897255,1,0.9996067322113013,4.748344421386719,0,102.62548178434372,1,0.49960673221130125,0.003476810957577393,0.4438553489067053
/workspace/benchmarks_ai_research/data/genimage/sd_1_4/data/genimage/sd_1_4/imagenet_ai_0419_sdv4/val/ai/637_sdv4_00039.png,-9.269944190979004,0.999905795106315,9.269944190979004,0.0009674834388094,0,1,sdv4,39.00619316846132,1,0.9958651734479304,4.764251410961151,0,113.78756910562517,1,0.49586517344793035,0.026819475839218523,0.004040621658384702
/workspace/benchmarks_ai_research/data/genimage/sd_1_4/data/genimage/sd_1_4/imagenet_ai_0419_sdv4/val/ai/206_sdv4_00074.png,4.478839874267578,0.9887807369232178,4.478839874267578,0.0615319623112019,1,1,sdv4,5.503322929143906,1,0.987421088390569,4.606358706951141,0,111.82206869125366,0,0.48742108839056897,0.06754142881085701,0.001359648532648805
/workspace/benchmarks_ai_research/data/genimage/sd_1_4/data/genimage/sd_1_4/imagenet_ai_0419_sdv4/val/nature/ILSVRC2012_val_00045712.JPEG,-14.247410774230955,0.9999993507262844,14.247410774230955,9.899741281907928e-06,0,0,real,5.664423108100891,0,0.0974513467896961,4.6023353934288025,0,87.69513666629791,0,0.4025486532103039,0.3194466469778048,0.9025480039365883
/workspace/benchmarks_ai_research/data/genimage/sd_1_4/data/genimage/sd_1_4/imagenet_ai_0419_sdv4/val/nature/ILSVRC2012_val_00013370.JPEG,9.079963684082031,0.9998860359191896,9.079963684082031,0.0011487089571473,1,0,real,5.489592906087637,0,0.3369656671749202,4.487864673137665,0,100.96414387226103,1,0.1630343328250798,0.6390022775701741,0.6629203687442693
/workspace/benchmarks_ai_research/data/genimage/sd_1_4/data/genimage/sd_1_4/imagenet_ai_0419_sdv4/val/ai/333_sdv4_00074.png,5.257814884185791,0.994820237159729,5.257814884185791,0.0324273957925253,1,1,sdv4,6.376534700393677,1,0.9940963027683098,4.700012505054474,0,126.365065574646,0,0.49409630276830985,0.03618505206075147,0.0007239343914191565
/workspace/benchmarks_ai_research/data/genimage/sd_1_4/data/genimage/sd_1_4/imagenet_ai_0419_sdv4/val/ai/607_sdv4_00039.png,-8.340367317199707,0.9997613723098766,8.340367317199707,0.0022288987588883,0,1,sdv4,47.44456289336085,1,0.99999989968749,4.735440015792847,0,124.38659369945526,1,0.49999989968749003,1.7168441377985506e-06,0.0002385273776134289
/workspace/benchmarks_ai_research/data/genimage/sd_1_4/data/genimage/sd_1_4/imagenet_ai_0419_sdv4/val/nature/ILSVRC2012_val_00042145.JPEG,15.262411117553713,0.9999997615814208,15.262411117553713,3.874118200445909e-06,1,0,real,5.440482869744301,0,0.0007972715723533,4.632279276847839,0,101.7429307103157,1,0.4992027284276467,0.006484940357248956,0.9992024900090675
/workspace/benchmarks_ai_research/data/genimage/sd_1_4/data/genimage/sd_1_4/imagenet_ai_0419_sdv4/val/ai/342_sdv4_00020.png,3.544910430908203,0.971938967704773,3.544910430908203,0.1279361331600025,1,1,sdv4,6.405055057257414,1,0.9944979193760984,4.675284028053284,0,116.72402173280716,0,0.49449791937609844,0.03411220034984004,0.02255895167132549
/workspace/benchmarks_ai_research/data/genimage/sd_1_4/data/genimage/sd_1_4/imagenet_ai_0419_sdv4/val/nature/ILSVRC2012_val_00031934.JPEG,-1.90533983707428,0.8704946935176849,1.90533983707428,0.385445231258662,0,0,real,6.389465183019638,0,7.835450804758405e-05,5.577519536018372,0,97.85136580467224,0,0.4999216454919524,0.0008191358801816975,0.8704163390096373
/workspace/benchmarks_ai_research/data/genimage/sd_1_4/data/genimage/sd_1_4/imagenet_ai_0419_sdv4/val/ai/761_sdv4_00127.png,-16.056514739990234,0.9999998936483578,16.056514739990234,1.813986358648582e-06,0,1,sdv4,5.447602830827236,1,0.98046234902134,4.879750311374664,0,111.87604814767838,1,0.48046234902134,0.09623423909490934,0.019537544627017844
/workspace/benchmarks_ai_research/data/genimage/sd_1_4/data/genimage/sd_1_4/imagenet_ai_0419_sdv4/val/ai/188_sdv4_00127.png,-18.436214447021484,0.9999999901541372,18.436214447021484,1.913643010949281e-07,0,1,sdv4,6.395266391336918,1,0.99732044754095,4.661992192268372,0,111.3673597574234,1,0.49732044754094995,0.018544551577481014,0.002679542613187258
/workspace/benchmarks_ai_research/data/genimage/sd_1_4/data/genimage/sd_1_4/imagenet_ai_0419_sdv4/val/nature/ILSVRC2012_val_00011710.JPEG,11.01129150390625,0.9999834299087524,11.01129150390625,0.0001989720453191,1,0,real,6.363705266267061,0,1.5949905015903447e-08,4.589647054672241,1,156.7332074046135,1,0.499999984050095,3.0230951642038007e-07,0.9999834139588474
/workspace/benchmarks_ai_research/data/genimage/sd_1_4/data/genimage/sd_1_4/imagenet_ai_0419_sdv4/val/ai/656_sdv4_00039.png,-18.80418968200684,0.99999999318534,18.80418968200684,1.3495681821293626e-07,0,1,sdv4,5.46460272744298,1,0.9997931266966908,4.647478461265564,0,110.74823141098022,1,0.49979312669669085,0.001961841713108429,0.00020686648864920443
/workspace/benchmarks_ai_research/data/genimage/sd_1_4/data/genimage/sd_1_4/imagenet_ai_0419_sdv4/val/ai/589_sdv4_00143.png,-7.7953200340271,0.9995885123789776,7.7953200340271,0.0036192500051772,0,1,sdv4,37.94318111613393,1,0.9990286432453634,4.588179290294647,0,115.61370640993118,1,0.49902864324536345,0.007709008636333612,0.0005598691336141659
/workspace/benchmarks_ai_research/data/genimage/sd_1_4/data/genimage/sd_1_4/imagenet_ai_0419_sdv4/val/ai/629_sdv4_00210.png,-3.5874364376068115,0.9730757977813482,3.5874364376068115,0.1238821614584101,0,1,sdv4,48.123533837497234,0,0.24223680085662,4.636861383914948,0,114.01345580816267,0,0.25776319914338,0.5536445564721695,0.7308389969247282
/workspace/benchmarks_ai_research/data/genimage/sd_1_4/data/genimage/sd_1_4/imagenet_ai_0419_sdv4/val/nature/ILSVRC2012_val_00007613.JPEG,18.227388381958008,1.0,18.227388381958008,-1.000088900581841e-12,1,0,real,6.360775325447321,0,3.858674564378911e-06,4.673846065998077,0,101.25011205673218,1,0.49999614132543563,5.1957764405890505e-05,0.9999961413254356
/workspace/benchmarks_ai_research/data/genimage/sd_1_4/data/genimage/sd_1_4/imagenet_ai_0419_sdv4/val/nature/ILSVRC2012_val_00024765.JPEG,-10.144312858581545,0.9999607026002196,10.144312858581545,0.0004379432897266,0,0,real,5.625553894788027,0,2.4034143681070114e-05,4.659831523895264,0,100.10597854852676,0,0.4999759658563189,0.000279661848294519,0.9999366684565386
/workspace/benchmarks_ai_research/data/genimage/sd_1_4/data/genimage/sd_1_4/imagenet_ai_0419_sdv4/val/ai/471_sdv4_00039.png,-31.11579322814941,0.9999999999999694,31.11579322814941,-1.231849780881193e-13,0,1,sdv4,5.6641739793121815,1,0.9582304625584448,4.8516616225242615,0,112.43094503879549,1,0.4582304625584448,0.17352762506100328,0.04176953744152456
/workspace/benchmarks_ai_research/data/genimage/sd_1_4/data/genimage/sd_1_4/imagenet_ai_0419_sdv4/val/ai/605_sdv4_00035.png,-1.3177167177200315,0.7888015806674957,1.3177167177200315,0.515540164334766,0,1,sdv4,6.485035177320242,1,0.9996202109404811,4.579968750476837,0,114.23473805189133,1,0.49962021094048115,0.003370895518575676,0.21081863027298542
/workspace/benchmarks_ai_research/data/genimage/sd_1_4/data/genimage/sd_1_4/imagenet_ai_0419_sdv4/val/ai/366_sdv4_00058.png,1.0709470510482788,0.7447770237922668,1.0709470510482788,0.5680007588439024,1,1,sdv4,5.477802827954292,1,0.9994741291109488,4.540354013442993,0,111.34817451238632,0,0.4994741291109488,0.004496296988710319,0.25469710531868195
/workspace/benchmarks_ai_research/data/genimage/sd_1_4/data/genimage/sd_1_4/imagenet_ai_0419_sdv4/val/nature/ILSVRC2012_val_00020111.JPEG,-6.957644462585449,0.9990495693054982,6.957644462585449,0.0075636414666333,0,0,real,5.423052702099085,0,0.0049332792657288,4.656672477722168,0,100.93266516923904,0,0.4950667207342712,0.031125443364501702,0.9941162900397693
/workspace/benchmarks_ai_research/data/genimage/sd_1_4/data/genimage/sd_1_4/imagenet_ai_0419_sdv4/val/ai/228_sdv4_00039.png,-16.56324577331543,0.9999999359271996,16.56324577331543,1.125324346485109e-06,0,1,sdv4,60.94276625663042,1,0.9999841726623104,4.619725048542023,0,112.87164688110352,1,0.49998417266231043,0.00019077899071760104,1.5763264889168127e-05
/workspace/benchmarks_ai_research/data/genimage/sd_1_4/data/genimage/sd_1_4/imagenet_ai_0419_sdv4/val/ai/970_sdv4_00074.png,-21.130332946777344,0.9999999993344004,21.130332946777344,1.4727939814035928e-08,0,1,sdv4,6.379485130310059,1,0.9986502178018536,4.631087183952332,0,164.63514417409897,1,0.4986502178018536,0.010267977882547987,0.0013497815325468343
/workspace/benchmarks_ai_research/data/genimage/sd_1_4/data/genimage/sd_1_4/imagenet_ai_0419_sdv4/val/ai/081_sdv4_00127.png,15.712016105651855,0.9999998807907104,15.712016105651855,2.0196876902912675e-06,1,1,sdv4,6.369264796376228,0,0.032723067513806,4.7476813197135925,0,188.07493150234225,1,0.467276932486194,0.14408398709173337,0.9672768132769044
/workspace/benchmarks_ai_research/data/genimage/sd_1_4/data/genimage/sd_1_4/imagenet_ai_0419_sdv4/val/nature/ILSVRC2012_val_00035609.JPEG,-8.455351829528809,0.9997872865496902,8.455351829528809,0.0020113031439443,0,0,real,6.369326263666153,0,0.0517179647589214,4.645243287086487,0,87.57559955120087,0,0.44828203524107857,0.20354294974551657,0.9480693217907687
/workspace/benchmarks_ai_research/data/genimage/sd_1_4/data/genimage/sd_1_4/imagenet_ai_0419_sdv4/val/nature/ILSVRC2012_val_00017391.JPEG,-14.159906387329102,0.9999992913521396,14.159906387329102,1.0743033482361478e-05,0,0,real,6.384034641087055,0,0.0411539658170298,4.724867641925812,0,113.7336865067482,0,0.4588460341829702,0.17159433171360106,0.9588453255351098
/workspace/benchmarks_ai_research/data/genimage/sd_1_4/data/genimage/sd_1_4/imagenet_ai_0419_sdv4/val/ai/591_sdv4_00003.png,-4.221091747283936,0.9855298539623618,4.221091747283936,0.0756556742184561,0,1,sdv4,30.693143140524622,1,0.995493810740332,4.620946943759918,0,113.03634196519852,1,0.49549381074033205,0.028839822823597313,0.00996395677797024
/workspace/benchmarks_ai_research/data/genimage/sd_1_4/data/genimage/sd_1_4/imagenet_ai_0419_sdv4/val/ai/851_sdv4_00020.png,-11.21213436126709,0.9999864909104872,11.21213436126709,0.0001649749045505,0,1,sdv4,6.36067520827055,1,0.6872741213269912,4.51669842004776,0,113.10088634490968,1,0.18727412132699117,0.6212643515309365,0.312712369583496
/workspace/benchmarks_ai_research/data/genimage/sd_1_4/data/genimage/sd_1_4/imagenet_ai_0419_sdv4/val/ai/358_sdv4_00039.png,-10.693877220153809,0.9999773171166452,10.693877220153809,0.0002652511093857,0,1,sdv4,6.374765187501907,1,0.9854199220930576,4.651814699172974,0,111.65475100278854,1,0.4854199220930576,0.07611928406661173,0.01455739502358755
/workspace/benchmarks_ai_research/data/genimage/sd_1_4/data/genimage/sd_1_4/imagenet_ai_0419_sdv4/val/ai/873_sdv4_00020.png,-6.927901744842529,0.9990209044190124,6.927901744842529,0.0077626531596055,0,1,sdv4,5.428103264421225,1,0.999987980583927,4.804305732250214,0,134.93025302886963,1,0.499987980583927,0.00014818715279789913,0.0009670761649146487
/workspace/benchmarks_ai_research/data/genimage/sd_1_4/data/genimage/sd_1_4/imagenet_ai_0419_sdv4/val/ai/377_sdv4_00039.png,-13.735018730163574,0.9999989161811982,13.735018730163574,1.5970088945162617e-05,0,1,sdv4,5.456382874399424,1,0.9964130820849656,4.546009004116058,0,156.31885081529617,1,0.4964130820849656,0.023776482108747568,0.0035858340962325874
/workspace/benchmarks_ai_research/data/genimage/sd_1_4/data/genimage/sd_1_4/imagenet_ai_0419_sdv4/val/ai/079_sdv4_00035.png,-20.96577262878418,0.9999999992153416,20.96577262878418,1.7233628497269652e-08,0,1,sdv4,5.479453131556511,1,0.9999973301807982,4.596106708049774,0,112.19187825918198,1,0.49999733018079817,3.6932937837295315e-05,2.6690345433788565e-06
/workspace/benchmarks_ai_research/data/genimage/sd_1_4/data/genimage/sd_1_4/imagenet_ai_0419_sdv4/val/nature/ILSVRC2012_val_00008346.JPEG,12.05630588531494,0.999994158744812,12.05630588531494,7.623166060394968e-05,1,0,real,6.396666169166565,0,0.0082234094430145,4.538759589195252,0,98.88789802789688,1,0.4917765905569855,0.047668204634260344,0.9917707493017975
/workspace/benchmarks_ai_research/data/genimage/sd_1_4/data/genimage/sd_1_4/imagenet_ai_0419_sdv4/val/ai/378_sdv4_00074.png,-8.755584716796875,0.9998424460063688,8.755584716796875,0.0015370437524955,0,1,sdv4,5.449253134429455,1,0.9930419493802396,4.845112562179565,0,132.5390785932541,1,0.4930419493802396,0.04150038005571642,0.006800496626129249
/workspace/benchmarks_ai_research/data/genimage/sd_1_4/data/genimage/sd_1_4/imagenet_ai_0419_sdv4/val/ai/088_sdv4_00127.png,-17.932907104492188,0.9999999837131384,17.932907104492188,3.083556380622036e-07,0,1,sdv4,38.58926193788648,0,0.4234172305454218,4.547342658042908,0,111.0151708126068,0,0.0765827694545782,0.6813710404833025,0.5765827531677166
/workspace/benchmarks_ai_research/data/genimage/sd_1_4/data/genimage/sd_1_4/imagenet_ai_0419_sdv4/val/nature/ILSVRC2012_val_00032176.JPEG,17.724430084228516,1.0,17.724430084228516,-1.000088900581841e-12,1,0,real,5.530402995646,0,7.779957690326601e-06,4.721894860267639,0,102.0488366484642,1,0.4999922200423097,9.93030338367133e-05,0.9999922200423097
/workspace/benchmarks_ai_research/data/genimage/sd_1_4/data/genimage/sd_1_4/imagenet_ai_0419_sdv4/val/ai/703_sdv4_00074.png,-16.76190757751465,0.9999999474713768,16.76190757751465,9.330065514062634e-07,0,1,sdv4,6.394794676452875,1,0.7949118772874431,4.719384014606476,0,112.46331036090852,1,0.29491187728744306,0.5073756638287484,0.2050880701839337
/workspace/benchmarks_ai_research/data/genimage/sd_1_4/data/genimage/sd_1_4/imagenet_ai_0419_sdv4/val/nature/ILSVRC2012_val_00008706.JPEG,6.376785755157471,0.9983022212982178,6.376785755157471,0.0125255069501236,1,0,real,5.5487328208982944,0,0.1972902770565722,4.6353936195373535,0,102.13539004325868,1,0.3027097229434278,0.4966229259841153,0.8010119442416456
/workspace/benchmarks_ai_research/data/genimage/sd_1_4/data/genimage/sd_1_4/imagenet_ai_0419_sdv4/val/nature/ILSVRC2012_val_00048661.JPEG,-6.4131927490234375,0.998362903832458,6.4131927490234375,0.0121374510238189,0,0,real,54.75929006934166,0,0.0014499733090269,4.517056047916412,0,100.28740763664246,0,0.4985500266909731,0.010926251818390648,0.9969129305234311
/workspace/benchmarks_ai_research/data/genimage/sd_1_4/data/genimage/sd_1_4/imagenet_ai_0419_sdv4/val/ai/798_sdv4_00039.png,-28.48641967773437,0.9999999999995748,28.48641967773437,1.1020855477598602e-11,0,1,sdv4,6.38535525649786,1,0.9300375644112896,4.609942436218262,0,111.91727966070177,1,0.4300375644112896,0.25354176861767175,0.06996243558828519
/workspace/benchmarks_ai_research/data/genimage/sd_1_4/data/genimage/sd_1_4/imagenet_ai_0419_sdv4/val/nature/ILSVRC2012_val_00009072.JPEG,-39.46861267089844,1.0,39.46861267089844,-9.99889192294657e-13,0,0,real,55.30623206868768,0,0.0233483043482942,4.573360085487366,0,101.9146889448166,0,0.4766516956517058,0.11079855715220051,0.9766516956517058
/workspace/benchmarks_ai_research/data/genimage/sd_1_4/data/genimage/sd_1_4/imagenet_ai_0419_sdv4/val/nature/ILSVRC2012_val_00040909.JPEG,-17.012893676757812,0.9999999591309888,17.012893676757812,7.361671564042001e-07,0,0,real,5.438643041998148,0,0.0084824431518081,4.751101136207581,0,101.28848999738692,0,0.49151755684819187,0.04890555566539297,0.9915175159791807
/workspace/benchmarks_ai_research/data/genimage/sd_1_4/data/genimage/sd_1_4/imagenet_ai_0419_sdv4/val/nature/ILSVRC2012_val_00011955.JPEG,-18.53395271301269,0.999999991070922,18.53395271301269,1.7441818584400708e-07,0,0,real,5.575124174356461,0,0.0017159794819331,4.633776843547821,0,100.9654700756073,0,0.4982840205180669,0.012641471129015104,0.9982840115889888
/workspace/benchmarks_ai_research/data/genimage/sd_1_4/data/genimage/sd_1_4/imagenet_ai_0419_sdv4/val/nature/ILSVRC2012_val_00046792.JPEG,10.9368257522583,0.9999822378158568,10.9368257522583,0.0002120525894314,1,0,real,5.463603418320417,0,0.3545873961255567,4.520244896411896,0,101.09683871269226,1,0.14541260387444332,0.6502402583760312,0.6453948416903001
/workspace/benchmarks_ai_research/data/genimage/sd_1_4/data/genimage/sd_1_4/imagenet_ai_0419_sdv4/val/ai/166_sdv4_00039.png,-7.361682415008545,0.9993652741541156,7.361682415008545,0.0053075774965142,0,1,sdv4,5.42753329500556,1,0.9966437986486434,4.943773150444031,0,111.57958209514618,1,0.4966437986486434,0.022470659162342102,0.002721475505472193
/workspace/benchmarks_ai_research/data/genimage/sd_1_4/data/genimage/sd_1_4/imagenet_ai_0419_sdv4/val/nature/ILSVRC2012_val_00049813.JPEG,0.8847770690917969,0.707811176776886,0.8847770690917969,0.6040999030578145,1,0,real,48.88261621817946,0,0.0295526418500324,4.578813910484314,0,98.44609349966048,1,0.4704473581499676,0.13318365176235272,0.6782585349268536
/workspace/benchmarks_ai_research/data/genimage/sd_1_4/data/genimage/sd_1_4/imagenet_ai_0419_sdv4/val/nature/ILSVRC2012_val_00035274.JPEG,10.841402053833008,0.9999804496765136,10.841402053833008,0.0002315248788589,1,0,real,5.438802763819695,0,0.0055201260686905,4.509635269641876,0,100.99437087774275,1,0.4944798739313095,0.03420595481821848,0.9944603236078231
/workspace/benchmarks_ai_research/data/genimage/sd_1_4/data/genimage/sd_1_4/imagenet_ai_0419_sdv4/val/ai/709_sdv4_00127.png,-8.999431610107422,0.9998765352793272,8.999431610107422,0.0012345846538437,0,1,sdv4,6.363264750689268,1,0.9944588217319688,5.378261208534241,0,112.24675923585892,1,0.49445882173196876,0.03431525581909922,0.005417713547358427
/workspace/benchmarks_ai_research/data/genimage/sd_1_4/data/genimage/sd_1_4/imagenet_ai_0419_sdv4/val/ai/864_sdv4_00127.png,-11.102266311645508,0.9999849221130716,11.102266311645508,0.0001824767137865,0,1,sdv4,5.457133054733276,1,0.7621519334368816,4.462964832782745,0,113.24120312929152,1,0.2621519334368816,0.548586718285471,0.23783298867618996
/workspace/benchmarks_ai_research/data/genimage/sd_1_4/data/genimage/sd_1_4/imagenet_ai_0419_sdv4/val/ai/425_sdv4_00039.png,-12.041510581970217,0.9999941056512398,12.041510581970217,7.68712272607462e-05,0,1,sdv4,6.496735848486424,1,0.9999323222452062,4.6655237674713135,0,111.94147169589996,1,0.49993232224520623,0.0007174328711275325,6.178340603357757e-05
/workspace/benchmarks_ai_research/data/genimage/sd_1_4/data/genimage/sd_1_4/imagenet_ai_0419_sdv4/val/ai/096_sdv4_00020.png,-21.284528732299805,0.999999999429512,21.284528732299805,1.271105942077914e-08,0,1,sdv4,49.67204760760069,1,0.999974379386512,4.846952855587006,0,111.90585792064668,1,0.499974379386512,0.00029648431230067844,2.562004299999643e-05
/workspace/benchmarks_ai_research/data/genimage/sd_1_4/data/genimage/sd_1_4/imagenet_ai_0419_sdv4/val/nature/ILSVRC2012_val_00038071.JPEG,-38.09068298339844,1.0,38.09068298339844,-9.992967221139585e-13,0,0,real,39.22890406101942,0,0.0002076042710378,4.6898722648620605,0,101.52145475149156,0,0.4997923957289622,0.0019680413662855963,0.9997923957289622
/workspace/benchmarks_ai_research/data/genimage/sd_1_4/data/genimage/sd_1_4/imagenet_ai_0419_sdv4/val/ai/553_sdv4_00039.png,-8.357637405395508,0.999765457076137,8.357637405395508,0.0021947951372197,0,1,sdv4,49.69311831519008,1,0.9993688657577448,4.593774676322937,0,112.8954142332077,1,0.49936886575774475,0.005281127063819638,0.0003965913183922032
/workspace/benchmarks_ai_research/data/genimage/sd_1_4/data/genimage/sd_1_4/imagenet_ai_0419_sdv4/val/nature/ILSVRC2012_val_00048153.JPEG,6.796468734741211,0.9988835453987122,6.796468734741211,0.0087050397466435,1,0,real,5.450652912259102,0,1.2289518439212406e-06,4.457049071788788,0,97.80459105968475,1,0.4999987710481561,1.7954183527912358e-05,0.9988823164468682
/workspace/benchmarks_ai_research/data/genimage/sd_1_4/data/genimage/sd_1_4/imagenet_ai_0419_sdv4/val/nature/ILSVRC2012_val_00048994.JPEG,16.02808380126953,0.9999998807907104,16.02808380126953,2.0196876902912675e-06,1,0,real,42.153710033744574,0,0.3765288837546945,4.664480686187744,0,101.87654942274094,1,0.12347111624530549,0.6623392472181007,0.6234709970360159
/workspace/benchmarks_ai_research/data/genimage/sd_1_4/data/genimage/sd_1_4/imagenet_ai_0419_sdv4/val/nature/ILSVRC2012_val_00010532.JPEG,-6.816190242767334,0.9989053116878496,6.816190242767334,0.0085568917899812,0,0,real,54.87587116658688,0,0.0001653483757831,4.707500338554382,0,101.85014456510544,0,0.4998346516242169,0.0016050984001147008,0.9987399633120665
/workspace/benchmarks_ai_research/data/genimage/sd_1_4/data/genimage/sd_1_4/imagenet_ai_0419_sdv4/val/nature/ILSVRC2012_val_00009919.JPEG,-5.617441177368164,0.9963792297057807,5.617441177368164,0.0239668051784029,0,0,real,6.396305281668901,0,0.0028514016049202,4.561305046081543,0,101.5256941318512,0,0.4971485983950798,0.019556387966181598,0.9935278281008606
/workspace/benchmarks_ai_research/data/genimage/sd_1_4/data/genimage/sd_1_4/imagenet_ai_0419_sdv4/val/ai/352_sdv4_00143.png,5.2509050369262695,0.9947845339775084,5.2509050369262695,0.0326149926765962,1,1,sdv4,50.19629979506135,1,0.999999847013659,4.670694470405579,0,112.67923563718796,0,0.49999984701365896,2.553786311082427e-06,0.005215313036150526
/workspace/benchmarks_ai_research/data/genimage/sd_1_4/data/genimage/sd_1_4/imagenet_ai_0419_sdv4/val/nature/ILSVRC2012_val_00024204.JPEG,5.731767177581787,0.9967691898345948,5.731767177581787,0.0217543539672727,1,0,real,5.688043776899576,0,0.0025902924890381,4.500970244407654,0,102.6000753045082,1,0.4974097075109619,0.018014676641165513,0.9941788973455568
/workspace/benchmarks_ai_research/data/genimage/sd_1_4/data/genimage/sd_1_4/imagenet_ai_0419_sdv4/val/ai/855_sdv4_00035.png,-17.281705856323242,0.999999968764353,17.281705856323242,5.710389096934627e-07,0,1,sdv4,6.473345682024956,1,0.9999192776140964,4.827938973903656,0,130.89359551668167,1,0.4999192776140964,0.0008414868177961559,8.069115025666207e-05
/workspace/benchmarks_ai_research/data/genimage/sd_1_4/data/genimage/sd_1_4/imagenet_ai_0419_sdv4/val/nature/ILSVRC2012_val_00007790.JPEG,-12.130356788635254,0.9999946067491692,12.130356788635254,7.081532047446494e-05,0,0,real,43.23104303330183,0,0.0543935353429974,5.170956254005432,0,100.5551815032959,0,0.4456064646570026,0.2112539511894999,0.9456010714061718
/workspace/benchmarks_ai_research/data/genimage/sd_1_4/data/genimage/sd_1_4/imagenet_ai_0419_sdv4/val/nature/ILSVRC2012_val_00032957.JPEG,3.9233510494232178,0.9806087613105774,3.9233510494232178,0.0956603743989239,1,0,real,43.88470482081175,0,0.1155707460544091,4.477255046367645,0,101.29284113645554,1,0.3844292539455909,0.3580061164194606,0.8650380152561683
/workspace/benchmarks_ai_research/data/genimage/sd_1_4/data/genimage/sd_1_4/imagenet_ai_0419_sdv4/val/ai/024_sdv4_00127.png,4.620620727539063,0.9902493357658386,4.620620727539063,0.0548526406525601,1,1,sdv4,6.513834930956364,1,0.9999825879730444,4.581436514854431,0,112.66931146383286,0,0.4999825879730444,0.00020821894826627467,0.009733252207205778
/workspace/benchmarks_ai_research/data/genimage/sd_1_4/data/genimage/sd_1_4/imagenet_ai_0419_sdv4/val/ai/310_sdv4_00035.png,-19.826631546020508,0.9999999975486616,19.826631546020508,5.1051123492255065e-08,0,1,sdv4,6.398284807801247,0,0.4342283783224316,4.695363342761993,0,169.09688711166382,0,0.06577162167756839,0.6844702425182012,0.5657716192262301
/workspace/benchmarks_ai_research/data/genimage/sd_1_4/data/genimage/sd_1_4/imagenet_ai_0419_sdv4/val/ai/218_sdv4_00035.png,-12.851571083068848,0.9999973780015808,12.851571083068848,3.6318799106358e-05,0,1,sdv4,5.638924427330494,1,0.9997308332473168,4.815362393856049,0,129.1225254535675,1,0.4997308332473168,0.002481729537005178,0.0002665447542640198
/workspace/benchmarks_ai_research/data/genimage/sd_1_4/data/genimage/sd_1_4/imagenet_ai_0419_sdv4/val/nature/ILSVRC2012_val_00000602.JPEG,-19.98016929626465,0.9999999978975644,19.98016929626465,4.41074543835621e-08,0,0,real,5.443812813609839,0,0.0007430390020599,4.870712757110596,0,101.71833634376526,0,0.4992569609979401,0.006096182061048169,0.9992569588955046
/workspace/benchmarks_ai_research/data/genimage/sd_1_4/data/genimage/sd_1_4/imagenet_ai_0419_sdv4/val/ai/317_sdv4_00143.png,13.882787704467772,0.9999990463256836,13.882787704467772,1.4174405133469909e-05,1,1,sdv4,6.366564892232418,1,0.997715300931457,4.614450037479401,0,111.92471534013748,0,0.497715300931457,0.01617653242887566,0.0022837453942265995
/workspace/benchmarks_ai_research/data/genimage/sd_1_4/data/genimage/sd_1_4/imagenet_ai_0419_sdv4/val/nature/ILSVRC2012_val_00001914.JPEG,-22.13776397705078,0.9999999997569524,22.13776397705078,5.6215790524988684e-09,0,0,real,5.465973168611527,0,0.0342951714051682,4.628993570804596,0,101.81368887424468,0,0.4657048285948318,0.1493693152533926,0.9657048283517842
/workspace/benchmarks_ai_research/data/genimage/sd_1_4/data/genimage/sd_1_4/imagenet_ai_0419_sdv4/val/nature/ILSVRC2012_val_00017567.JPEG,-15.76657009124756,0.9999998578766168,15.76657009124756,2.382919681387266e-06,0,0,real,5.410023964941502,0,0.0001161142534831,5.1611438393592834,0,101.41883790493011,0,0.4998838857465169,0.00116821131875202,0.9998837436231337
/workspace/benchmarks_ai_research/data/genimage/sd_1_4/data/genimage/sd_1_4/imagenet_ai_0419_sdv4/val/nature/ILSVRC2012_val_00040600.JPEG,-13.985729217529297,0.999999156520289,13.985729217529297,1.2640156843722186e-05,0,0,real,23.087495006620884,0,1.3873446082575769e-06,4.410959780216217,0,100.7903888821602,0,0.49999861265539175,2.0100010804562205e-05,0.9999977691756807
/workspace/benchmarks_ai_research/data/genimage/sd_1_4/data/genimage/sd_1_4/imagenet_ai_0419_sdv4/val/ai/715_sdv4_00035.png,4.155393123626709,0.9845624566078186,4.155393123626709,0.079707032233315,1,1,sdv4,5.849753972142935,1,0.9999719678612086,4.792004823684692,1,135.18796116113663,0,0.49997196786120857,0.00032186907678302635,0.015409511253389963
/workspace/benchmarks_ai_research/data/genimage/sd_1_4/data/genimage/sd_1_4/imagenet_ai_0419_sdv4/val/ai/647_sdv4_00035.png,3.984962701797485,0.9817461967468262,3.984962701797485,0.0911631236800622,1,1,sdv4,6.374964956194162,1,0.9995581439620816,4.765987396240234,0,147.84127473831177,0,0.49955814396208165,0.003854887048526268,0.017811947215255475
/workspace/benchmarks_ai_research/data/genimage/sd_1_4/data/genimage/sd_1_4/imagenet_ai_0419_sdv4/val/nature/ILSVRC2012_val_00015609.JPEG,9.533634185791016,0.9999276399612428,9.533634185791016,0.0007622276345545,1,0,real,6.621926091611385,0,4.151647743171065e-10,4.636704921722412,0,101.6438826918602,1,0.4999999995848352,9.381698963229442e-09,0.999927639546078
/workspace/benchmarks_ai_research/data/genimage/sd_1_4/data/genimage/sd_1_4/imagenet_ai_0419_sdv4/val/nature/ILSVRC2012_val_00043666.JPEG,-28.68832015991211,0.9999999999996526,28.68832015991211,8.842646702330466e-12,0,0,real,5.451822653412819,0,1.69337745988878e-05,4.611559212207794,0,100.89461505413055,0,0.4999830662254011,0.00020297147105909945,0.9999830662250537
/workspace/benchmarks_ai_research/data/genimage/sd_1_4/data/genimage/sd_1_4/imagenet_ai_0419_sdv4/val/nature/ILSVRC2012_val_00033997.JPEG,-20.547504425048828,0.9999999988078464,20.547504425048828,2.568593536315432e-08,0,0,real,5.435442086309195,0,6.955223887809978e-06,4.528731107711792,0,82.38449692726135,0,0.49999304477611217,8.955555860173222e-05,0.9999930435839586
/workspace/benchmarks_ai_research/data/genimage/sd_1_4/data/genimage/sd_1_4/imagenet_ai_0419_sdv4/val/nature/ILSVRC2012_val_00031109.JPEG,0.961535394191742,0.7234291434288025,0.961535394191742,0.5896853855610935,1,0,real,55.64248282462359,0,0.0015825258015844,4.70917671918869,0,98.9362895488739,1,0.4984174741984156,0.011786559462463533,0.7218466176272181
/workspace/benchmarks_ai_research/data/genimage/sd_1_4/data/genimage/sd_1_4/imagenet_ai_0419_sdv4/val/ai/677_sdv4_00074.png,-19.68000602722168,0.9999999971615452,19.68000602722168,5.86972626273717e-08,0,1,sdv4,61.517126858234406,1,0.9999999722388164,4.654847085475922,0,112.51148581504822,1,0.4999999722388164,5.107934243375047e-07,2.4922728769638525e-08
/workspace/benchmarks_ai_research/data/genimage/sd_1_4/data/genimage/sd_1_4/imagenet_ai_0419_sdv4/val/ai/086_sdv4_00035.png,-1.7719987630844116,0.8547060638666153,1.7719987630844116,0.4144583329211757,0,1,sdv4,5.456212908029556,1,0.997516348852328,4.615165293216705,0,111.60976439714432,1,0.497516348852328,0.017377567404658716,0.1428102849857127
/workspace/benchmarks_ai_research/data/genimage/sd_1_4/data/genimage/sd_1_4/imagenet_ai_0419_sdv4/val/nature/ILSVRC2012_val_00014619.JPEG,5.6537766456604,0.9965079426765442,5.6537766456604,0.023241443948907,1,0,real,48.87023568153381,0,0.0001330911020169,4.684098064899445,0,103.7232056260109,1,0.4998669088979831,0.0013208506801552,0.9963748515745273
/workspace/benchmarks_ai_research/data/genimage/sd_1_4/data/genimage/sd_1_4/imagenet_ai_0419_sdv4/val/nature/ILSVRC2012_val_00015229.JPEG,9.769394874572754,0.9999427795410156,9.769394874572754,0.0006161825410794,1,0,real,5.581622943282127,0,0.0001549820994088,4.552736878395081,0,102.3148000240326,1,0.4998450179005912,0.0015145042044667982,0.9997877974416068
/workspace/benchmarks_ai_research/data/genimage/sd_1_4/data/genimage/sd_1_4/imagenet_ai_0419_sdv4/val/nature/ILSVRC2012_val_00012786.JPEG,-3.8291618824005127,0.97873424179852,3.8291618824005127,0.1029251645762756,0,0,real,31.7094549536705,0,4.557620036104885e-05,4.6684518456459045,0,98.1086790561676,0,0.49995442379963895,0.0005011605510084882,0.9786886655981589
/workspace/benchmarks_ai_research/data/genimage/sd_1_4/data/genimage/sd_1_4/imagenet_ai_0419_sdv4/val/nature/ILSVRC2012_val_00041122.JPEG,-2.47144079208374,0.9221153035759926,2.47144079208374,0.273572420935134,0,0,real,6.373696029186249,1,0.6681303675898393,4.546836018562317,0,97.6448804140091,1,0.16813036758983935,0.6354947841393601,0.25398493598615324
/workspace/benchmarks_ai_research/data/genimage/sd_1_4/data/genimage/sd_1_4/imagenet_ai_0419_sdv4/val/nature/ILSVRC2012_val_00029931.JPEG,-4.662209510803223,0.9906428148970008,4.662209510803223,0.0530263961638073,0,0,real,47.657604329288006,0,0.0003662214847148,4.488915205001831,0,100.60310363769533,0,0.4996337785152852,0.0032637985092675847,0.990276593412286
/workspace/benchmarks_ai_research/data/genimage/sd_1_4/data/genimage/sd_1_4/imagenet_ai_0419_sdv4/val/nature/ILSVRC2012_val_00032512.JPEG,-7.734386444091797,0.99956267059315,7.734386444091797,0.0038198996911766,0,0,real,5.480322986841202,0,3.387696998897567e-05,4.628866910934448,0,100.40757805109024,0,0.49996612303001103,0.00038256442819799156,0.9995287936231609
/workspace/benchmarks_ai_research/data/genimage/sd_1_4/data/genimage/sd_1_4/imagenet_ai_0419_sdv4/val/ai/494_sdv4_00020.png,-10.039289474487305,0.9999563511228188,10.039289474487305,0.000481853535619,0,1,sdv4,38.70283206924796,1,0.9982921510667604,4.636771976947784,0,112.56664246320724,1,0.4982921510667604,0.012589692293322529,0.0016642000560583847
/workspace/benchmarks_ai_research/data/genimage/sd_1_4/data/genimage/sd_1_4/imagenet_ai_0419_sdv4/val/ai/740_sdv4_00020.png,-5.671419620513916,0.9965688392985612,5.671419620513916,0.0228966127438398,0,1,sdv4,5.486233159899712,1,0.979605434138399,4.647389054298401,0,112.76662349700928,1,0.47960543413839896,0.09957074655602668,0.01696340516016226
/workspace/benchmarks_ai_research/data/genimage/sd_1_4/data/genimage/sd_1_4/imagenet_ai_0419_sdv4/val/ai/167_sdv4_00127.png,-3.083152532577514,0.9561924301087856,3.083152532577514,0.1798615202134197,0,1,sdv4,6.370754912495613,1,0.9961369645412372,4.753872752189636,0,112.26163804531096,1,0.49613696454123724,0.025319756017074212,0.039944534432451606
/workspace/benchmarks_ai_research/data/genimage/sd_1_4/data/genimage/sd_1_4/imagenet_ai_0419_sdv4/val/nature/ILSVRC2012_val_00030103.JPEG,-3.9267618656158447,0.9806734900921584,3.9267618656158447,0.0954063103000066,0,0,real,5.40825305506587,0,3.154814418812253e-05,4.5558735728263855,0,101.5729159116745,0,0.4999684518558119,0.0003585124781514391,0.9806419419479703
/workspace/benchmarks_ai_research/data/genimage/sd_1_4/data/genimage/sd_1_4/imagenet_ai_0419_sdv4/val/nature/ILSVRC2012_val_00027159.JPEG,-12.029990196228027,0.9999940373536448,12.029990196228027,7.769323931343122e-05,0,0,real,5.501642823219299,0,0.1945565626382365,4.539124667644501,0,101.25193744897842,0,0.3054434373617635,0.4927629806121725,0.8054374747154083
/workspace/benchmarks_ai_research/data/genimage/sd_1_4/data/genimage/sd_1_4/imagenet_ai_0419_sdv4/val/ai/996_sdv4_00143.png,-30.076818466186523,0.9999999999999132,30.076818466186523,1.4739505896776486e-12,0,1,sdv4,6.392054725438356,1,0.972637467682937,4.72288578748703,0,143.32468807697296,1,0.472637467682937,0.12545099522999448,0.027362532316976163
/workspace/benchmarks_ai_research/data/genimage/sd_1_4/data/genimage/sd_1_4/imagenet_ai_0419_sdv4/val/ai/573_sdv4_00143.png,-24.18523979187012,0.9999999999686322,24.18523979187012,7.880207898833216e-10,0,1,sdv4,6.386235356330872,1,0.997455417937516,4.662632942199707,0,112.4250739812851,1,0.497455417937516,0.017742137844175405,0.0025445820311161826
/workspace/benchmarks_ai_research/data/genimage/sd_1_4/data/genimage/sd_1_4/imagenet_ai_0419_sdv4/val/nature/ILSVRC2012_val_00023019.JPEG,-0.8904680013656616,0.7089867293834686,0.8904680013656616,0.6030564574072923,0,0,real,6.46266620606184,1,0.9575245829644876,4.57705557346344,0,99.24014657735825,1,0.4575245829644876,0.17573289886662324,0.24853785358101899
/workspace/benchmarks_ai_research/data/genimage/sd_1_4/data/genimage/sd_1_4/imagenet_ai_0419_sdv4/val/nature/ILSVRC2012_val_00013622.JPEG,-35.105018615722656,0.9999999999999994,35.105018615722656,-9.837382130010697e-13,0,0,real,6.400264799594879,1,0.9961357161792272,4.483334720134735,0,105.06656020879744,1,0.49613571617922725,0.02532668725915372,0.0038642838207721963
/workspace/benchmarks_ai_research/data/genimage/sd_1_4/data/genimage/sd_1_4/imagenet_ai_0419_sdv4/val/nature/ILSVRC2012_val_00030288.JPEG,5.765754222869873,0.9968767166137696,5.765754222869873,0.0211362181236528,1,0,real,5.520464386790991,0,0.0162433964817219,4.66243177652359,0,102.0774468779564,1,0.4837566035182781,0.0830346637853182,0.9806333201320477
/workspace/benchmarks_ai_research/data/genimage/sd_1_4/data/genimage/sd_1_4/imagenet_ai_0419_sdv4/val/ai/933_sdv4_00127.png,5.717411518096924,0.9967225193977356,5.717411518096924,0.0220215223698886,1,1,sdv4,5.434402264654636,1,0.9982694806509356,4.724510014057159,0,112.00286448001862,0,0.49826948065093557,0.012733971172784034,0.0015469612531999744
/workspace/benchmarks_ai_research/data/genimage/sd_1_4/data/genimage/sd_1_4/imagenet_ai_0419_sdv4/val/ai/450_sdv4_00074.png,3.591437339782715,0.9731804132461548,3.591437339782715,0.1235066510015528,1,1,sdv4,6.412255112081766,1,0.9990755542480192,4.633918404579163,0,111.54874414205553,0,0.4990755542480192,0.007382488639418356,0.025895141001864408
/workspace/benchmarks_ai_research/data/genimage/sd_1_4/data/genimage/sd_1_4/imagenet_ai_0419_sdv4/val/nature/ILSVRC2012_val_00034412.JPEG,-10.37480926513672,0.9999687921372242,10.37480926513672,0.0003549839719148,0,0,real,5.425992887467146,0,0.1429608362799619,4.611775279045105,0,102.26188600063324,0,0.3570391637200381,0.41030206806215996,0.8570079558572623
/workspace/benchmarks_ai_research/data/genimage/sd_1_4/data/genimage/sd_1_4/imagenet_ai_0419_sdv4/val/nature/ILSVRC2012_val_00036751.JPEG,11.464861869812012,0.9999895095825196,11.464861869812012,0.0001307635039594,1,0,real,5.422492977231741,0,0.0013153522908757,4.549361765384674,0,113.70381712913512,1,0.4986846477091243,0.010040074541003181,0.998674157291644
/workspace/benchmarks_ai_research/data/genimage/sd_1_4/data/genimage/sd_1_4/imagenet_ai_0419_sdv4/val/nature/ILSVRC2012_val_00029089.JPEG,10.251720428466797,0.999964714050293,10.251720428466797,0.0003970377883449,1,0,real,6.361914798617363,0,0.2248879758110981,4.628665745258331,0,109.48028415441512,1,0.2751120241889019,0.5330252574168919,0.7750767382391949
/workspace/benchmarks_ai_research/data/genimage/sd_1_4/data/genimage/sd_1_4/imagenet_ai_0419_sdv4/val/ai/309_sdv4_00127.png,-7.604480266571045,0.9995020338101313,7.604480266571045,0.0042848642875903,0,1,sdv4,6.3699958845973015,1,0.9999987037686744,4.738032817840576,0,111.43721640110016,1,0.4999987037686744,1.886800447816762e-05,0.0004966699585431389
/workspace/benchmarks_ai_research/data/genimage/sd_1_4/data/genimage/sd_1_4/imagenet_ai_0419_sdv4/val/ai/332_sdv4_00035.png,-0.5343027114868164,0.6304861009120941,0.5343027114868164,0.658696462659409,0,1,sdv4,5.4475232027471066,1,0.9999676683675336,4.781171679496765,0,111.35653406381608,1,0.4999676683675336,0.00036662287305493194,0.3694815674554395
/workspace/benchmarks_ai_research/data/genimage/sd_1_4/data/genimage/sd_1_4/imagenet_ai_0419_sdv4/val/ai/099_sdv4_00009.png,0.619873046875,0.6501896977424622,0.619873046875,0.6473291295972794,1,1,sdv4,6.388175301253796,1,0.9652968670076504,4.740923643112183,0,111.6233542561531,0,0.4652968670076504,0.15072852823684052,0.3151071692651882
/workspace/benchmarks_ai_research/data/genimage/sd_1_4/data/genimage/sd_1_4/imagenet_ai_0419_sdv4/val/nature/ILSVRC2012_val_00025301.JPEG,-6.0834784507751465,0.9977249565999956,6.0834784507751465,0.0161178128847178,0,0,real,5.451933015137911,0,0.0003814731926682,4.941515624523163,0,154.78795766830444,0,0.4996185268073318,0.0033841552039942323,0.9973434834073274
/workspace/benchmarks_ai_research/data/genimage/sd_1_4/data/genimage/sd_1_4/imagenet_ai_0419_sdv4/val/ai/677_sdv4_00207.png,5.414242267608643,0.99556702375412,5.414242267608643,0.0284440338716163,1,1,sdv4,44.11438619717956,1,0.5583511094878545,4.619583487510681,0,112.67885565757751,0,0.05835110948785449,0.6863219344173634,0.4372159142662655
/workspace/benchmarks_ai_research/data/genimage/sd_1_4/data/genimage/sd_1_4/imagenet_ai_0419_sdv4/val/ai/058_sdv4_00074.png,-10.469097137451172,0.9999716001184424,10.469097137451172,0.0003257214028544,0,1,sdv4,5.553192924708128,1,0.9664828210468982,4.700087010860443,0,171.57456278800964,1,0.4664828210468982,0.14676328505324715,0.03348877907154424
/workspace/benchmarks_ai_research/data/genimage/sd_1_4/data/genimage/sd_1_4/imagenet_ai_0419_sdv4/val/ai/833_sdv4_00127.png,-23.36414337158203,0.9999999999287014,23.36414337158203,1.7351379200518982e-09,0,1,sdv4,6.374366115778685,1,0.9274264387481332,4.503853619098663,0,172.80032485723495,1,0.42742643874813324,0.26024564687332813,0.07257356118056812
/workspace/benchmarks_ai_research/data/genimage/sd_1_4/data/genimage/sd_1_4/imagenet_ai_0419_sdv4/val/ai/566_sdv4_00035.png,-19.198888778686523,0.9999999954077184,19.198888778686523,9.275698702129944e-08,0,1,sdv4,5.480143241584301,1,0.999951468317534,4.620194435119629,0,112.85435408353806,1,0.499951468317534,0.0005306099597642786,4.8527090184435906e-05
/workspace/benchmarks_ai_research/data/genimage/sd_1_4/data/genimage/sd_1_4/imagenet_ai_0419_sdv4/val/nature/ILSVRC2012_val_00004413.JPEG,5.899135112762451,0.9972656965255736,5.899135112762451,0.0188680888687253,1,0,real,5.549032706767321,0,0.0005327898598221,4.895791411399841,0,98.2884019613266,1,0.4994672101401779,0.004548489382916043,0.9967329066657515
/workspace/benchmarks_ai_research/data/genimage/sd_1_4/data/genimage/sd_1_4/imagenet_ai_0419_sdv4/val/ai/482_sdv4_00039.png,-24.09022521972656,0.9999999999655056,24.09022521972656,8.634856052308827e-10,0,1,sdv4,36.79107828065753,1,0.9993160647962188,4.704736173152924,0,110.8349859714508,1,0.4993160647962188,0.00566797985804887,0.0006839351692867757
/workspace/benchmarks_ai_research/data/genimage/sd_1_4/data/genimage/sd_1_4/imagenet_ai_0419_sdv4/val/nature/ILSVRC2012_val_00029125.JPEG,-10.962401390075684,0.9999826586845302,10.962401390075684,0.0002074439245512,0,0,real,6.385255139321089,0,6.746760316931824e-05,4.502564668655396,0,99.53968971967696,0,0.49993253239683066,0.0007154149448684528,0.9999151910813608
/workspace/benchmarks_ai_research/data/genimage/sd_1_4/data/genimage/sd_1_4/imagenet_ai_0419_sdv4/val/nature/ILSVRC2012_val_00018428.JPEG,-19.714738845825195,0.99999999725844,19.714738845825195,5.6788696726303735e-08,0,0,real,5.505924113094807,0,7.177420726334744e-05,4.551991820335388,0,100.93846172094344,0,0.49992822579273666,0.0007566400655690316,0.9999282230511767
/workspace/benchmarks_ai_research/data/genimage/sd_1_4/data/genimage/sd_1_4/imagenet_ai_0419_sdv4/val/nature/ILSVRC2012_val_00016579.JPEG,1.642389893531799,0.8378598690032959,1.642389893531799,0.4432017264917963,1,0,real,5.460552871227264,0,0.0387285156434414,4.585973918437958,0,105.41431605815887,1,0.4612714843565586,0.16388203435956195,0.7991313533598545
/workspace/benchmarks_ai_research/data/genimage/sd_1_4/data/genimage/sd_1_4/imagenet_ai_0419_sdv4/val/ai/362_sdv4_00039.png,-10.753808975219728,0.9999786365769978,10.753808975219728,0.0002511018184764,0,1,sdv4,5.490842740982771,1,0.6378178237621842,4.731565713882446,0,144.4789320230484,1,0.1378178237621842,0.654663415874809,0.3621608128148136
/workspace/benchmarks_ai_research/data/genimage/sd_1_4/data/genimage/sd_1_4/imagenet_ai_0419_sdv4/val/nature/ILSVRC2012_val_00045247.JPEG,13.307135581970217,0.9999983310699464,13.307135581970217,2.3871250279682157e-05,1,0,real,5.444973241537809,1,0.7757122460110496,4.557497799396515,0,102.16431319713593,0,0.2757122460110496,0.5322815057887584,0.2242860850588968
/workspace/benchmarks_ai_research/data/genimage/sd_1_4/data/genimage/sd_1_4/imagenet_ai_0419_sdv4/val/nature/ILSVRC2012_val_00014821.JPEG,-14.8803129196167,0.9999996552041353,14.8803129196167,5.475464294372132e-06,0,0,real,6.569806020706892,0,0.0056878932674211,4.725456237792969,0,100.81367194652556,0,0.4943121067325789,0.03507476921619984,0.9943117619367141
/workspace/benchmarks_ai_research/data/genimage/sd_1_4/data/genimage/sd_1_4/imagenet_ai_0419_sdv4/val/nature/ILSVRC2012_val_00026091.JPEG,-36.253692626953125,0.9999999999999998,36.253692626953125,-9.948938905786368e-13,0,0,real,5.4799034260213375,0,0.0043006253652317,4.556864500045776,0,101.34508460760117,0,0.4956993746347683,0.027725449782606396,0.9956993746347681
/workspace/benchmarks_ai_research/data/genimage/sd_1_4/data/genimage/sd_1_4/imagenet_ai_0419_sdv4/val/ai/104_sdv4_00074.png,11.108526229858398,0.9999849796295166,11.108526229858398,0.0001818380410577,1,1,sdv4,6.438715849071741,1,0.9994017431584143,5.327388644218445,0,112.76711523532867,0,0.49940174315841435,0.005038035251980204,0.0005832364711022553
/workspace/benchmarks_ai_research/data/genimage/sd_1_4/data/genimage/sd_1_4/imagenet_ai_0419_sdv4/val/ai/076_sdv4_00143.png,12.72181510925293,0.9999970197677612,12.72181510925293,4.089923848751718e-05,1,1,sdv4,6.38874527066946,1,0.9999955054831492,4.772715270519257,0,111.99218034744264,0,0.4999955054831492,5.983392835829177e-05,1.5142846120363984e-06
/workspace/benchmarks_ai_research/data/genimage/sd_1_4/data/genimage/sd_1_4/imagenet_ai_0419_sdv4/val/nature/ILSVRC2012_val_00033891.JPEG,-5.958128452301025,0.9974219189025462,5.958128452301025,0.0179419485504142,0,0,real,27.55442634224892,0,2.159898277394357e-05,4.63663786649704,0,101.3709083199501,0,0.49997840101722607,0.0002536336892975051,0.9974003199197722
/workspace/benchmarks_ai_research/data/genimage/sd_1_4/data/genimage/sd_1_4/imagenet_ai_0419_sdv4/val/nature/ILSVRC2012_val_00008423.JPEG,-22.4133358001709,0.9999999998154934,22.4133358001709,4.3179181447178005e-09,0,0,real,5.448192823678255,0,0.0001332348106861,4.60980087518692,0,101.39503329992294,0,0.4998667651893139,0.0013221331081264627,0.9998667650048073
/workspace/benchmarks_ai_research/data/genimage/sd_1_4/data/genimage/sd_1_4/imagenet_ai_0419_sdv4/val/nature/ILSVRC2012_val_00011478.JPEG,-15.724005699157717,0.9999998516966286,15.724005699157717,2.480224439940921e-06,0,0,real,5.447142757475376,0,0.1511194279389555,4.49640303850174,0,98.39730709791183,0,0.3488805720610445,0.42464594452505716,0.8488804237576731
/workspace/benchmarks_ai_research/data/genimage/sd_1_4/data/genimage/sd_1_4/imagenet_ai_0419_sdv4/val/ai/282_sdv4_00127.png,-19.752647399902344,0.9999999973604236,19.752647399902344,5.4776197210493326e-08,0,1,sdv4,6.404925137758255,1,0.9999766550562286,4.668079316616058,0,112.51585185527802,1,0.49997665505622857,0.0002723215326659027,2.3342304194984287e-05
/workspace/benchmarks_ai_research/data/genimage/sd_1_4/data/genimage/sd_1_4/imagenet_ai_0419_sdv4/val/ai/945_sdv4_00009.png,-9.32524585723877,0.9999108629126569,9.32524585723877,0.0009203663188037,0,1,sdv4,20.8811997435987,1,0.9998006762406167,4.706032574176788,0,135.48605889081955,1,0.49980067624061675,0.001897657953461895,0.00011018667204010235
/workspace/benchmarks_ai_research/data/genimage/sd_1_4/data/genimage/sd_1_4/imagenet_ai_0419_sdv4/val/nature/ILSVRC2012_val_00032660.JPEG,-14.85645866394043,0.9999996468804112,14.85645866394043,5.599224238613891e-06,0,0,real,6.360885687172413,0,2.7470134004883053e-05,4.889614880084992,0,118.24627965688704,0,0.4999725298659951,0.0003159723971764327,0.9999721767464064
/workspace/benchmarks_ai_research/data/genimage/sd_1_4/data/genimage/sd_1_4/imagenet_ai_0419_sdv4/val/ai/567_sdv4_00143.png,12.258158683776855,0.999995231628418,12.258158683776855,6.319762656759971e-05,1,1,sdv4,5.44868316501379,1,0.9997503427587112,4.6224817633628845,0,111.2465113401413,0,0.4997503427587112,0.0023206381482227187,0.0002448888697067497
/workspace/benchmarks_ai_research/data/genimage/sd_1_4/data/genimage/sd_1_4/imagenet_ai_0419_sdv4/val/nature/ILSVRC2012_val_00022838.JPEG,-21.569482803344727,0.9999999995709652,21.569482803344727,9.681097405927585e-09,0,0,real,31.631954945623875,0,1.8009267915280987e-05,4.9409568309783936,0,101.97502374649048,0,0.4999819907320847,0.00021475358510870474,0.9999819903030499
/workspace/benchmarks_ai_research/data/genimage/sd_1_4/data/genimage/sd_1_4/imagenet_ai_0419_sdv4/val/nature/ILSVRC2012_val_00048445.JPEG,16.59034538269043,0.9999998807907104,16.59034538269043,2.0196876902912675e-06,1,0,real,5.48104289919138,1,0.8758549628440794,4.730358719825745,0,100.94223916530608,0,0.3758549628440794,0.3751031322879591,0.12414491794663107
/workspace/benchmarks_ai_research/data/genimage/sd_1_4/data/genimage/sd_1_4/imagenet_ai_0419_sdv4/val/ai/065_sdv4_00039.png,-1.2467230558395386,0.7767320871353149,1.2467230558395386,0.5310130418544434,0,1,sdv4,5.446482915431261,1,0.9762626047193153,4.630394279956818,0,113.75118792057036,1,0.47626260471931525,0.11224796759957877,0.1995305175840003
/workspace/benchmarks_ai_research/data/genimage/sd_1_4/data/genimage/sd_1_4/imagenet_ai_0419_sdv4/val/ai/509_sdv4_00035.png,-41.93381118774414,1.0,41.93381118774414,-1.0000719269746478e-12,0,1,sdv4,6.360096391290426,1,0.9948855726435564,4.8248544335365295,0,112.65359073877336,1,0.49488557264355637,0.03208345875686531,0.005114427356443629
/workspace/benchmarks_ai_research/data/genimage/sd_1_4/data/genimage/sd_1_4/imagenet_ai_0419_sdv4/val/nature/ILSVRC2012_val_00049743.JPEG,-19.602441787719727,0.9999999969326192,19.602441787719727,6.319353446671135e-08,0,0,real,6.357024889439344,0,0.0002294352222807,4.828162491321564,0,109.60138589143752,0,0.4997705647777193,0.0021520507825015267,0.9997705617103385
/workspace/benchmarks_ai_research/data/genimage/sd_1_4/data/genimage/sd_1_4/imagenet_ai_0419_sdv4/val/nature/ILSVRC2012_val_00007261.JPEG,-13.23440647125244,0.999998211991624,13.23440647125244,2.545123748489231e-05,0,0,real,5.454572848975658,0,0.0002016782674909,4.639074206352234,0,101.26716643571854,0,0.4997983217325091,0.0019177054044600657,0.9997965337241331
/workspace/benchmarks_ai_research/data/genimage/sd_1_4/data/genimage/sd_1_4/imagenet_ai_0419_sdv4/val/ai/644_sdv4_00207.png,3.723797082901001,0.9764269590377808,3.723797082901001,0.1116365310653941,1,1,sdv4,5.454702768474817,1,0.9998537508652776,4.595242440700531,0,111.84030771255492,0,0.4998537508652776,0.001437647399261389,0.02342679182749685
/workspace/benchmarks_ai_research/data/genimage/sd_1_4/data/genimage/sd_1_4/imagenet_ai_0419_sdv4/val/nature/ILSVRC2012_val_00033558.JPEG,-7.284817218780518,0.9993145965854636,7.284817218780518,0.0056786770799375,0,0,real,5.431123077869415,0,1.0140671370616732e-05,4.923067986965179,0,101.31990164518356,0,0.4999898593286294,0.00012674775542326834,0.999304455914093
/workspace/benchmarks_ai_research/data/genimage/sd_1_4/data/genimage/sd_1_4/imagenet_ai_0419_sdv4/val/nature/ILSVRC2012_val_00032769.JPEG,-23.0808162689209,0.9999999999053482,23.0808162689209,2.277297763540269e-09,0,0,real,5.433412734419107,0,3.118164718827348e-07,4.568718373775482,0,98.30933064222336,0,0.49999968818352813,4.9830905445329305e-06,0.9999996880888763
/workspace/benchmarks_ai_research/data/genimage/sd_1_4/data/genimage/sd_1_4/imagenet_ai_0419_sdv4/val/ai/282_sdv4_00035.png,-11.369088172912598,0.999988453170772,11.369088172912598,0.0001428238130936,0,1,sdv4,36.18688602000475,1,0.9999867633366756,4.557006061077118,0,112.163245677948,1,0.4999867633366756,0.0001619176599589011,1.6898340964299763e-06
/workspace/benchmarks_ai_research/data/genimage/sd_1_4/data/genimage/sd_1_4/imagenet_ai_0419_sdv4/val/nature/ILSVRC2012_val_00030698.JPEG,-12.122437477111816,0.9999945638687676,12.122437477111816,7.133530502881938e-05,0,0,real,5.447563249617815,0,8.105939241237147e-05,4.645071923732758,0,137.14682310819626,0,0.4999189406075876,0.0008446622040600125,0.9999135044763553
/workspace/benchmarks_ai_research/data/genimage/sd_1_4/data/genimage/sd_1_4/imagenet_ai_0419_sdv4/val/ai/742_sdv4_00127.png,-2.111987829208374,0.8920628800988197,2.111987829208374,0.3421805347169152,0,1,sdv4,5.554694216698408,0,0.401691738330179,4.647538065910339,0,109.8800003528595,0,0.09830826166982098,0.6736916482049398,0.4903711417686407
/workspace/benchmarks_ai_research/data/genimage/sd_1_4/data/genimage/sd_1_4/imagenet_ai_0419_sdv4/val/nature/ILSVRC2012_val_00025806.JPEG,-17.610754013061523,0.9999999775225668,17.610754013061523,4.183199804724737e-07,0,0,real,51.52464332059026,0,0.0133364802805436,4.517078399658203,0,159.81783717870712,0,0.4866635197194564,0.07082409919547192,0.9866634972420232
/workspace/benchmarks_ai_research/data/genimage/sd_1_4/data/genimage/sd_1_4/imagenet_ai_0419_sdv4/val/ai/259_sdv4_00027.png,-1.9153004884719849,0.871613472700119,1.9153004884719849,0.38330801164702,0,1,sdv4,6.495474837720394,1,0.9924465558306071,4.595063626766205,0,111.14156991243362,1,0.49244655583060715,0.04442909703502556,0.12083308313048813
/workspace/benchmarks_ai_research/data/genimage/sd_1_4/data/genimage/sd_1_4/imagenet_ai_0419_sdv4/val/nature/ILSVRC2012_val_00016246.JPEG,4.206834316253662,0.9853251576423644,4.206834316253662,0.0765182538646541,1,0,real,24.433968123048544,0,2.085426223504613e-05,4.610881209373474,0,91.65938198566435,1,0.499979145737765,0.0002456202844622834,0.9853043033801293
/workspace/benchmarks_ai_research/data/genimage/sd_1_4/data/genimage/sd_1_4/imagenet_ai_0419_sdv4/val/nature/ILSVRC2012_val_00014140.JPEG,-3.1917128562927246,0.9605212211608888,3.1917128562927246,0.166284126614693,0,0,real,5.445072893053293,0,0.1033093658889826,4.593871533870697,0,101.3936847448349,0,0.3966906341110174,0.332294136344591,0.8572118552719061
/workspace/benchmarks_ai_research/data/genimage/sd_1_4/data/genimage/sd_1_4/imagenet_ai_0419_sdv4/val/nature/ILSVRC2012_val_00037798.JPEG,-4.524479389190674,0.9892758959904312,4.524479389190674,0.0593030086720676,0,0,real,6.366625893861055,0,1.8979530092588757e-05,4.794791340827942,0,101.25845670700072,0,0.4999810204699074,0.00022532763702531988,0.9892569164603386
/workspace/benchmarks_ai_research/data/genimage/sd_1_4/data/genimage/sd_1_4/imagenet_ai_0419_sdv4/val/ai/037_sdv4_00035.png,-8.188838005065918,0.9997223406971898,8.188838005065918,0.0025514049128191,0,1,sdv4,6.372175179421902,1,0.9999046739749354,4.653751850128174,0,112.7362847328186,1,0.49990467397493543,0.000977869618554238,0.0001823332777456388
/workspace/benchmarks_ai_research/data/genimage/sd_1_4/data/genimage/sd_1_4/imagenet_ai_0419_sdv4/val/ai/536_sdv4_00143.png,0.6290701627731323,0.6522786021232605,0.6290701627731323,0.6460246724383463,1,1,sdv4,6.414924748241901,1,0.9995484985825124,4.671111702919006,0,112.1237501502037,0,0.4995484985825124,0.003929284210780495,0.3472698964592519
/workspace/benchmarks_ai_research/data/genimage/sd_1_4/data/genimage/sd_1_4/imagenet_ai_0419_sdv4/val/nature/ILSVRC2012_val_00049183.JPEG,-6.283962726593018,0.998137483955361,6.283962726593018,0.0135682341104089,0,0,real,6.367974914610386,1,0.9979165862121638,4.592910408973694,0,101.23752802610396,1,0.49791658621216384,0.014943712606507262,0.00022089774319711264
/workspace/benchmarks_ai_research/data/genimage/sd_1_4/data/genimage/sd_1_4/imagenet_ai_0419_sdv4/val/ai/888_sdv4_00020.png,-21.94575881958008,0.9999999997055048,21.94575881958008,6.755415123881438e-09,0,1,sdv4,5.449783056974411,1,0.9999995438040492,5.190327763557434,0,111.48380488157272,1,0.4999995438040492,7.116811387434662e-06,4.559014555871599e-07
/workspace/benchmarks_ai_research/data/genimage/sd_1_4/data/genimage/sd_1_4/imagenet_ai_0419_sdv4/val/ai/753_sdv4_00009.png,-5.519184589385986,0.9960068929940462,5.519184589385986,0.0260397952449946,0,1,sdv4,6.384145934134722,1,0.9999630037864766,4.813402891159058,0,112.2054010629654,1,0.4999630037864766,0.00041453060186326276,0.003956110792430412
/workspace/benchmarks_ai_research/data/genimage/sd_1_4/data/genimage/sd_1_4/imagenet_ai_0419_sdv4/val/ai/654_sdv4_00143.png,-16.45870590209961,0.9999999288663944,16.45870590209961,1.2418987026798389e-06,0,1,sdv4,5.4360730573534966,1,0.9992245023813646,4.693612456321716,0,110.82328110933304,1,0.4992245023813646,0.00632931516380027,0.0007754264850298176
/workspace/benchmarks_ai_research/data/genimage/sd_1_4/data/genimage/sd_1_4/imagenet_ai_0419_sdv4/val/nature/ILSVRC2012_val_00043779.JPEG,-0.845993161201477,0.6997259557247162,0.845993161201477,0.6110963204019321,0,0,real,5.425462033599615,0,0.0055454688027236,4.709117114543915,0,103.63847017288208,0,0.4944545311972764,0.03433752198790192,0.6941804869219926
/workspace/benchmarks_ai_research/data/genimage/sd_1_4/data/genimage/sd_1_4/imagenet_ai_0419_sdv4/val/ai/125_sdv4_00039.png,3.886805772781372,0.9799014329910278,3.886805772781372,0.0984224709185907,1,1,sdv4,6.372014991939068,1,0.9907797249616798,4.521787166595459,0,143.6224803328514,0,0.49077972496167976,0.05238707677109795,0.010878291970651932
/workspace/benchmarks_ai_research/data/genimage/sd_1_4/data/genimage/sd_1_4/imagenet_ai_0419_sdv4/val/ai/403_sdv4_00020.png,4.353529930114746,0.9873019456863404,4.353529930114746,0.0680606876950667,1,1,sdv4,5.524883046746254,1,0.9994254186524266,4.676476120948792,0,116.9828549027443,0,0.4994254186524266,0.004861866914855234,0.01212347296608618
/workspace/benchmarks_ai_research/data/genimage/sd_1_4/data/genimage/sd_1_4/imagenet_ai_0419_sdv4/val/nature/ILSVRC2012_val_00029675.JPEG,20.0534610748291,1.0,20.0534610748291,-1.000088900581841e-12,1,0,real,44.38822623342276,0,7.16468557981804e-05,4.656285047531128,0,98.72999042272568,1,0.4999283531442018,0.0007554247758345398,0.9999283531442018
/workspace/benchmarks_ai_research/data/genimage/sd_1_4/data/genimage/sd_1_4/imagenet_ai_0419_sdv4/val/nature/ILSVRC2012_val_00009622.JPEG,17.88426399230957,1.0,17.88426399230957,-1.000088900581841e-12,1,0,real,47.96234518289566,0,0.1272847664225172,4.601694643497467,0,101.42563283443452,1,0.3727152335774828,0.381192371316459,0.8727152335774828
/workspace/benchmarks_ai_research/data/genimage/sd_1_4/data/genimage/sd_1_4/imagenet_ai_0419_sdv4/val/ai/930_sdv4_00020.png,22.40814971923828,1.0,22.40814971923828,-1.000088900581841e-12,1,1,sdv4,6.404454819858074,1,0.9999939799781602,4.913501441478729,0,112.81842738389967,0,0.4999939799781602,7.838319066112828e-05,6.0200218398032135e-06
/workspace/benchmarks_ai_research/data/genimage/sd_1_4/data/genimage/sd_1_4/imagenet_ai_0419_sdv4/val/ai/338_sdv4_00020.png,20.37886428833008,1.0,20.37886428833008,-1.000088900581841e-12,1,1,sdv4,45.26971699669957,1,0.9999361144530932,4.582159221172333,0,113.3466213941574,0,0.49993611445309316,0.0006809167823647474,6.38855469068389e-05
/workspace/benchmarks_ai_research/data/genimage/sd_1_4/data/genimage/sd_1_4/imagenet_ai_0419_sdv4/val/nature/ILSVRC2012_val_00013461.JPEG,-24.292139053344727,0.9999999999718124,24.292139053344727,7.10941885713316e-10,0,0,real,6.394724827259779,0,6.001556545492042e-09,4.651926457881928,0,100.58706998825072,0,0.49999999399844347,1.1961650588227535e-07,0.9999999939702559
/workspace/benchmarks_ai_research/data/genimage/sd_1_4/data/genimage/sd_1_4/imagenet_ai_0419_sdv4/val/ai/556_sdv4_00039.png,-26.25458335876465,0.9999999999960392,26.25458335876465,1.0605738398617034e-10,0,1,sdv4,6.402994971722364,1,0.5732282068021884,4.62813675403595,0,141.41927659511566,1,0.07322820680218844,0.6823837672146131,0.4267717931938507
/workspace/benchmarks_ai_research/data/genimage/sd_1_4/data/genimage/sd_1_4/imagenet_ai_0419_sdv4/val/nature/ILSVRC2012_val_00044121.JPEG,-16.60872459411621,0.9999999387758862,16.60872459411621,1.0780765632407586e-06,0,0,real,5.551503039896488,0,0.0254294314997628,4.538208246231079,0,97.92780876159668,0,0.4745705685002372,0.11847633603395931,0.9745705072761234
/workspace/benchmarks_ai_research/data/genimage/sd_1_4/data/genimage/sd_1_4/imagenet_ai_0419_sdv4/val/nature/ILSVRC2012_val_00006147.JPEG,-17.9636173248291,0.9999999842057096,17.9636173248291,2.9951487762663055e-07,0,0,real,5.441872868686914,1,0.664600665461609,4.594363272190094,0,106.14485293626784,1,0.164600665461609,0.6379366172656981,0.33539931874410056
/workspace/benchmarks_ai_research/data/genimage/sd_1_4/data/genimage/sd_1_4/imagenet_ai_0419_sdv4/val/nature/ILSVRC2012_val_00045121.JPEG,-22.22015190124512,0.999999999776174,22.22015190124512,5.195277258879437e-09,0,0,real,50.08467938750982,0,3.3358597988157474e-05,4.530839622020721,0,101.0061576962471,0,0.49996664140201186,0.0003772249728423791,0.9999666411781859
/workspace/benchmarks_ai_research/data/genimage/sd_1_4/data/genimage/sd_1_4/imagenet_ai_0419_sdv4/val/nature/ILSVRC2012_val_00035912.JPEG,11.911524772644045,0.9999933242797852,11.911524772644045,8.623047711639754e-05,1,0,real,60.813275165855885,0,0.0011336301506548,4.658348858356476,0,103.7719026207924,1,0.4988663698493452,0.008821641435859607,0.9988596941291303
/workspace/benchmarks_ai_research/data/genimage/sd_1_4/data/genimage/sd_1_4/imagenet_ai_0419_sdv4/val/ai/436_sdv4_00143.png,-24.93718719482422,0.9999999999852116,24.93718719482422,3.8159842183845864e-10,0,1,sdv4,57.147006038576365,1,0.9993078515040844,4.636846482753754,1,183.54842066764832,1,0.4993078515040844,0.005727780661923894,0.0006921484811271972
/workspace/benchmarks_ai_research/data/genimage/sd_1_4/data/genimage/sd_1_4/imagenet_ai_0419_sdv4/val/ai/381_sdv4_00039.png,-10.954188346862791,0.9999825156774024,10.954188346862791,0.0002090110380301,0,1,sdv4,52.46316595003009,1,0.998204614050044,4.5774877071380615,0,114.60602283477785,1,0.498204614050044,0.013145164262318475,0.001777901627358358
/workspace/benchmarks_ai_research/data/genimage/sd_1_4/data/genimage/sd_1_4/imagenet_ai_0419_sdv4/val/nature/ILSVRC2012_val_00036085.JPEG,0.5858287811279297,0.6424074769020081,0.5858287811279297,0.6520204285592761,1,0,real,6.390864960849285,1,0.982835524015803,4.596903920173645,0,101.808063685894,0,0.482835524015803,0.08678842432553628,0.34042804711379493
/workspace/benchmarks_ai_research/data/genimage/sd_1_4/data/genimage/sd_1_4/imagenet_ai_0419_sdv4/val/nature/ILSVRC2012_val_00020690.JPEG,-12.58800220489502,0.999996587295982,12.58800220489502,4.637183353196335e-05,0,0,real,6.353044882416725,0,3.019043881167e-05,4.482969641685486,0,100.89877992868423,0,0.4999698095611883,0.00034441162380482597,0.9999663968571703
/workspace/benchmarks_ai_research/data/genimage/sd_1_4/data/genimage/sd_1_4/imagenet_ai_0419_sdv4/val/nature/ILSVRC2012_val_00018794.JPEG,-13.380459785461426,0.9999984549608598,13.380459785461426,2.221837239121066e-05,0,0,real,35.8096556738019,0,0.0040778357138755,4.59212064743042,0,102.26954519748688,0,0.4959221642861245,0.026506532389970087,0.9959206192469843
/workspace/benchmarks_ai_research/data/genimage/sd_1_4/data/genimage/sd_1_4/imagenet_ai_0419_sdv4/val/ai/457_sdv4_00039.png,-1.64407217502594,0.8380882740020752,1.64407217502594,0.4428264043483326,0,1,sdv4,5.486752837896347,1,0.9999956506688223,4.69566136598587,0,112.97136545181274,1,0.49999565066882234,5.804393765549877e-05,0.16190737666674715
/workspace/benchmarks_ai_research/data/genimage/sd_1_4/data/genimage/sd_1_4/imagenet_ai_0419_sdv4/val/ai/135_sdv4_00127.png,-20.17286872863769,0.9999999982660588,20.17286872863769,3.6710512461897184e-08,0,1,sdv4,6.361254956573248,1,0.9954337531005854,4.60265576839447,0,112.34193295240402,1,0.49543375310058535,0.029163600910636595,0.004566245165473437
/workspace/benchmarks_ai_research/data/genimage/sd_1_4/data/genimage/sd_1_4/imagenet_ai_0419_sdv4/val/ai/125_sdv4_00020.png,-17.21910285949707,0.9999999667464046,17.21910285949707,6.058486778789033e-07,0,1,sdv4,5.464563146233559,1,0.999891527266245,4.589706659317017,0,114.06052857637404,1,0.499891527266245,0.001098715705947774,0.00010843948015959448
/workspace/benchmarks_ai_research/data/genimage/sd_1_4/data/genimage/sd_1_4/imagenet_ai_0419_sdv4/val/nature/ILSVRC2012_val_00040229.JPEG,-10.939353942871094,0.9999822543777556,10.939353942871094,0.0002118714206875,0,0,real,6.365004926919937,0,0.0002884774330593,4.6340301632881165,0,102.22137719392776,0,0.4997115225669407,0.0026397847082081745,0.9996937769446963
/workspace/benchmarks_ai_research/data/genimage/sd_1_4/data/genimage/sd_1_4/imagenet_ai_0419_sdv4/val/ai/190_sdv4_00039.png,-6.248319625854492,0.99807003128808,6.248319625854492,0.0139908949338018,0,1,sdv4,6.4645251259207726,1,0.9967905334890418,4.697598516941071,0,111.94824427366255,1,0.4967905334890418,0.0216319458155459,0.0012794977990382428
/workspace/benchmarks_ai_research/data/genimage/sd_1_4/data/genimage/sd_1_4/imagenet_ai_0419_sdv4/val/nature/ILSVRC2012_val_00039164.JPEG,14.545172691345217,0.9999995231628418,14.545172691345217,7.417720012228406e-06,1,0,real,6.377105135470629,0,1.417666288358363e-05,5.183883011341095,0,100.62487423419952,1,0.49998582333711644,0.00017244359718741848,0.9999853464999582
/workspace/benchmarks_ai_research/data/genimage/sd_1_4/data/genimage/sd_1_4/imagenet_ai_0419_sdv4/val/ai/704_sdv4_00039.png,-19.0955753326416,0.999999994907899,19.0955753326416,1.0232669859266072e-07,0,1,sdv4,6.463374942541122,1,0.9899185259135548,4.52200323343277,0,111.17970943450928,1,0.4899185259135548,0.05637558318849904,0.010081468994344256
/workspace/benchmarks_ai_research/data/genimage/sd_1_4/data/genimage/sd_1_4/imagenet_ai_0419_sdv4/val/ai/715_sdv4_00074.png,-17.364532470703125,0.9999999712472524,17.364532470703125,5.280287699520939e-07,0,1,sdv4,5.511642899364233,1,0.9497827678835652,4.783980548381805,0,112.5721037387848,1,0.4497827678835652,0.19915437400040825,0.05021720336368718
/workspace/benchmarks_ai_research/data/genimage/sd_1_4/data/genimage/sd_1_4/imagenet_ai_0419_sdv4/val/ai/818_sdv4_00127.png,-12.720579147338867,0.9999970110313824,12.720579147338867,4.101038306512576e-05,0,1,sdv4,6.3830651342868805,0,0.4308095515692751,4.659831523895264,0,113.3713275194168,0,0.06919044843072492,0.683541749868374,0.5691874594621074
/workspace/benchmarks_ai_research/data/genimage/sd_1_4/data/genimage/sd_1_4/imagenet_ai_0419_sdv4/val/nature/ILSVRC2012_val_00001755.JPEG,-16.287233352661133,0.9999999155607426,16.287233352661133,1.4597191473839328e-06,0,0,real,6.408385001122952,0,2.009646357686268e-05,4.530146718025208,0,109.75998640060423,0,0.49997990353642313,0.00023743884400964204,0.9999798190971658
/workspace/benchmarks_ai_research/data/genimage/sd_1_4/data/genimage/sd_1_4/imagenet_ai_0419_sdv4/val/nature/ILSVRC2012_val_00015485.JPEG,-8.56501293182373,0.9998093752219576,8.56501293182373,0.0018233466363529,0,0,real,6.352915428578854,0,7.361472932440815e-05,4.607550799846649,0,100.92101991176604,0,0.49992638527067557,0.0007741787670674634,0.9997357604926331
/workspace/benchmarks_ai_research/data/genimage/sd_1_4/data/genimage/sd_1_4/imagenet_ai_0419_sdv4/val/ai/297_sdv4_00074.png,-33.55500793457031,0.9999999999999972,33.55500793457031,-9.235318990796094e-13,0,1,sdv4,5.453433841466904,1,0.9999622043444336,4.605196416378021,0,112.05732822418211,1,0.4999622043444336,0.0004226800582546708,3.779565556361053e-05
/workspace/benchmarks_ai_research/data/genimage/sd_1_4/data/genimage/sd_1_4/imagenet_ai_0419_sdv4/val/ai/620_sdv4_00039.png,-10.833645820617676,0.9999802758266014,10.833645820617676,0.0002334090756806,0,1,sdv4,6.376674864441156,1,0.9961170191677796,4.703439772129059,0,120.84192782640456,1,0.4961170191677796,0.025430449735319712,0.003863256658821812
/workspace/benchmarks_ai_research/data/genimage/sd_1_4/data/genimage/sd_1_4/imagenet_ai_0419_sdv4/val/nature/ILSVRC2012_val_00040981.JPEG,6.895898818969727,0.9989890456199646,6.895898818969727,0.0079828544855008,1,0,real,20.78150911256671,0,0.10570242514631,4.539996385574341,0,102.50145196914671,1,0.39429757485369,0.3374347954500971,0.8932866204736546
/workspace/benchmarks_ai_research/data/genimage/sd_1_4/data/genimage/sd_1_4/imagenet_ai_0419_sdv4/val/nature/ILSVRC2012_val_00046041.JPEG,0.0661286413669586,0.5165261030197144,0.0661286413669586,0.6926008568988126,1,0,real,5.40449284017086,0,0.1616332339142914,4.647798836231232,0,101.60785168409348,1,0.3383667660857086,0.44236825736053154,0.35489286910542295
/workspace/benchmarks_ai_research/data/genimage/sd_1_4/data/genimage/sd_1_4/imagenet_ai_0419_sdv4/val/ai/797_sdv4_00009.png,15.75776195526123,0.9999998807907104,15.75776195526123,2.0196876902912675e-06,1,1,sdv4,5.43353334069252,1,0.9999731571312904,4.784449934959412,0,113.0468025803566,0,0.4999731571312904,0.0003093773993915836,2.672365942002486e-05
/workspace/benchmarks_ai_research/data/genimage/sd_1_4/data/genimage/sd_1_4/imagenet_ai_0419_sdv4/val/ai/799_sdv4_00035.png,-11.98929500579834,0.9999937896991468,11.98929500579834,8.066744714324641e-05,0,1,sdv4,6.383235100656748,1,0.9591466660994984,4.678316414356232,0,147.37847447395325,1,0.4591466660994984,0.17064667124205335,0.04084712359964837
/workspace/benchmarks_ai_research/data/genimage/sd_1_4/data/genimage/sd_1_4/imagenet_ai_0419_sdv4/val/ai/044_sdv4_00039.png,5.565363883972168,0.9961864352226256,5.565363883972168,0.0250447540931689,1,1,sdv4,6.402904633432627,1,0.6772629360263835,4.614122211933136,0,113.120898604393,0,0.17726293602638354,0.6289153910723304,0.3189234991962421
/workspace/benchmarks_ai_research/data/genimage/sd_1_4/data/genimage/sd_1_4/imagenet_ai_0419_sdv4/val/ai/252_sdv4_00003.png,-30.13977813720703,0.9999999999999186,30.13977813720703,1.3233534670276993e-12,0,1,sdv4,6.421905010938644,1,0.6922044685628274,4.546530544757843,0,111.86429113149644,1,0.19220446856282736,0.6173254519736522,0.30779553143709126
/workspace/benchmarks_ai_research/data/genimage/sd_1_4/data/genimage/sd_1_4/imagenet_ai_0419_sdv4/val/nature/ILSVRC2012_val_00033752.JPEG,-19.91503143310547,0.9999999977560574,19.91503143310547,4.693012999314451e-08,0,0,real,44.288055039942265,0,1.8198124857867068e-05,4.626743495464325,0,100.35544633865356,0,0.49998180187514213,0.00021681578599107597,0.9999817996311996
/workspace/benchmarks_ai_research/data/genimage/sd_1_4/data/genimage/sd_1_4/imagenet_ai_0419_sdv4/val/ai/753_sdv4_00074.png,10.210980415344238,0.9999632835388184,10.210980415344238,0.0004116747644841,1,1,sdv4,35.7436747290194,1,0.6386673164216716,4.685170948505402,0,112.7895563840866,0,0.13866731642167163,0.6541811209478616,0.36129596711714673
/workspace/benchmarks_ai_research/data/genimage/sd_1_4/data/genimage/sd_1_4/imagenet_ai_0419_sdv4/val/nature/ILSVRC2012_val_00009579.JPEG,-23.20103645324707,0.99999999991607,23.20103645324707,2.029202104569254e-09,0,0,real,5.432363133877516,1,0.7311613901990424,4.521533846855164,0,99.5948538184166,1,0.23116139019904236,0.5821002704340963,0.26883860971702767
/workspace/benchmarks_ai_research/data/genimage/sd_1_4/data/genimage/sd_1_4/imagenet_ai_0419_sdv4/val/nature/ILSVRC2012_val_00043529.JPEG,-17.778566360473633,0.9999999809950512,17.778566360473633,3.5688369206155685e-07,0,0,real,39.91616470739245,1,0.955305291163986,4.723414778709412,0,163.13082724809647,1,0.455305291163986,0.1825873706343204,0.04469468983106517
/workspace/benchmarks_ai_research/data/genimage/sd_1_4/data/genimage/sd_1_4/imagenet_ai_0419_sdv4/val/ai/319_sdv4_00035.png,0.4267382621765136,0.6050944924354553,0.4267382621765136,0.6708918798941106,1,1,sdv4,5.6605227291584015,0,0.2457711075763647,4.640959203243256,1,134.9675878882408,1,0.25422889242363533,0.5576413609649628,0.35932338485909066
/workspace/benchmarks_ai_research/data/genimage/sd_1_4/data/genimage/sd_1_4/imagenet_ai_0419_sdv4/val/ai/877_sdv4_00035.png,-19.196969985961918,0.9999999953988984,19.196969985961918,9.292631382727134e-08,0,1,sdv4,21.664842031896114,1,0.987188687247587,4.829280078411102,0,132.53748416900635,1,0.487188687247587,0.0685532512842338,0.012811308151311374
/workspace/benchmarks_ai_research/data/genimage/sd_1_4/data/genimage/sd_1_4/imagenet_ai_0419_sdv4/val/nature/ILSVRC2012_val_00041382.JPEG,-5.218019962310791,0.9946111510507762,5.218019962310791,0.0335225430255177,0,0,real,5.459032952785492,0,0.0014194604112788,4.603266716003418,1,124.3453100323677,0,0.49858053958872117,0.010726533586647817,0.9931916906394974
/workspace/benchmarks_ai_research/data/genimage/sd_1_4/data/genimage/sd_1_4/imagenet_ai_0419_sdv4/val/ai/187_sdv4_00020.png,-18.077905654907227,0.9999999859114812,18.077905654907227,2.6877743217110574e-07,0,1,sdv4,5.556783173233271,1,0.9999976106741134,4.618041217327118,0,112.7479299902916,1,0.4999976106741134,3.331794826900344e-05,2.3752373677909944e-06
/workspace/benchmarks_ai_research/data/genimage/sd_1_4/data/genimage/sd_1_4/imagenet_ai_0419_sdv4/val/ai/227_sdv4_00143.png,12.104412078857422,0.9999945163726808,12.104412078857422,7.191086648621978e-05,1,1,sdv4,5.520123057067394,1,0.9921745018751642,4.504606127738953,0,163.92185539007187,0,0.4921745018751642,0.04575134352843198,0.00782001449751657
/workspace/benchmarks_ai_research/data/genimage/sd_1_4/data/genimage/sd_1_4/imagenet_ai_0419_sdv4/val/ai/612_sdv4_00020.png,-8.007970809936523,0.999667311378289,8.007970809936523,0.0029969047514468,0,1,sdv4,6.3673947006464005,1,0.9858158154369588,4.643723368644714,0,112.50673234462738,1,0.48581581543695884,0.07444571869448781,0.013851495941330172
/workspace/benchmarks_ai_research/data/genimage/sd_1_4/data/genimage/sd_1_4/imagenet_ai_0419_sdv4/val/ai/525_sdv4_00143.png,10.54443645477295,0.9999736547470092,10.54443645477295,0.000304135112023,1,1,sdv4,24.6749478392303,1,0.9878823188760228,4.6829953789711,0,112.05248534679411,0,0.48788231887602285,0.06552037672371702,0.01209133587098632
/workspace/benchmarks_ai_research/data/genimage/sd_1_4/data/genimage/sd_1_4/imagenet_ai_0419_sdv4/val/ai/695_sdv4_00074.png,5.960381507873535,0.9974276423454284,5.960381507873535,0.0179078411679532,1,1,sdv4,5.429132841527462,1,0.9999990969981062,5.219951272010803,0,118.68534237146378,0,0.4999990969981062,1.3470565534593395e-05,0.0025714546526778292
/workspace/benchmarks_ai_research/data/genimage/sd_1_4/data/genimage/sd_1_4/imagenet_ai_0419_sdv4/val/nature/ILSVRC2012_val_00005990.JPEG,17.71175193786621,1.0,17.71175193786621,-1.000088900581841e-12,1,0,real,5.478702951222658,0,0.0001534321589871,4.526324570178986,1,124.60196763277054,1,0.4998465678410129,0.0015009002784144808,0.9998465678410129
/workspace/benchmarks_ai_research/data/genimage/sd_1_4/data/genimage/sd_1_4/imagenet_ai_0419_sdv4/val/ai/928_sdv4_00074.png,-10.51861572265625,0.9999729721475888,10.51861572265625,0.0003113238063443,0,1,sdv4,5.501273088157177,1,0.9999544146969016,4.741929471492767,0,117.9349049925804,1,0.4999544146969016,0.0005012515417840347,1.8557450687239907e-05
/workspace/benchmarks_ai_research/data/genimage/sd_1_4/data/genimage/sd_1_4/imagenet_ai_0419_sdv4/val/ai/159_sdv4_00035.png,-0.6084370017051697,0.6475841701030731,0.6084370017051697,0.6489293191161831,0,1,sdv4,39.01107283309102,1,0.9979273163221116,4.573985934257507,0,163.60557824373245,1,0.4979273163221116,0.01487746225912484,0.3503431462190385
/workspace/benchmarks_ai_research/data/genimage/sd_1_4/data/genimage/sd_1_4/imagenet_ai_0419_sdv4/val/nature/ILSVRC2012_val_00032232.JPEG,7.741790771484375,0.9995658993721008,7.741790771484375,0.0037949151134679,1,0,real,5.424642935395241,0,4.802771607733005e-10,4.858233034610748,0,100.9390577673912,1,0.49999999951972285,1.0783420881856258e-08,0.9995658988918237
/workspace/benchmarks_ai_research/data/genimage/sd_1_4/data/genimage/sd_1_4/imagenet_ai_0419_sdv4/val/nature/ILSVRC2012_val_00024203.JPEG,-15.145586013793944,0.999999735542758,15.145586013793944,4.269815174667391e-06,0,0,real,5.424103233963251,0,0.1928862019842488,4.7318413853645325,0,101.19081288576126,0,0.3071137980157512,0.49038102739747835,0.8071135335585092
/workspace/benchmarks_ai_research/data/genimage/sd_1_4/data/genimage/sd_1_4/imagenet_ai_0419_sdv4/val/ai/554_sdv4_00020.png,-4.3677849769592285,0.9874794576317072,4.3677849769592285,0.0672866220837359,0,1,sdv4,5.464992951601744,0,0.0215373566689344,4.645541310310364,0,111.951544880867,0,0.4784626433310656,0.10396339436835761,0.9659421009627728
/workspace/benchmarks_ai_research/data/genimage/sd_1_4/data/genimage/sd_1_4/imagenet_ai_0419_sdv4/val/nature/ILSVRC2012_val_00039410.JPEG,-0.957711100578308,0.7226632833480835,0.957711100578308,0.5904203223209245,0,0,real,52.77365585789085,0,5.564275276586007e-06,4.5402273535728455,0,101.44020617008208,0,0.4999944357247234,7.288722456881294e-05,0.722657719072807
/workspace/benchmarks_ai_research/data/genimage/sd_1_4/data/genimage/sd_1_4/imagenet_ai_0419_sdv4/val/ai/474_sdv4_00020.png,-16.06369972229004,0.999999894409747,16.06369972229004,1.8017583701646183e-06,0,1,sdv4,33.87271100655198,1,0.9844384519667214,4.677519202232361,0,171.48876190185547,1,0.4844384519667214,0.0802218159626193,0.015561442443025597
/workspace/benchmarks_ai_research/data/genimage/sd_1_4/data/genimage/sd_1_4/imagenet_ai_0419_sdv4/val/nature/ILSVRC2012_val_00022103.JPEG,-6.178096294403076,0.9979299211408944,6.178096294403076,0.0148613710792651,0,0,real,5.401613190770149,0,0.0002390940748513,5.059756338596344,0,96.8523845076561,0,0.4997609059251487,0.0022327881232699987,0.9976908270660431
/workspace/benchmarks_ai_research/data/genimage/sd_1_4/data/genimage/sd_1_4/imagenet_ai_0419_sdv4/val/ai/526_sdv4_00039.png,-16.436996459960938,0.9999999273052396,16.436996459960938,1.2675762825288229e-06,0,1,sdv4,30.26161203160882,1,0.9991563586421122,4.880443215370178,0,112.01028525829317,1,0.49915635864211216,0.006814395923141701,0.0008435686631274031
/workspace/benchmarks_ai_research/data/genimage/sd_1_4/data/genimage/sd_1_4/imagenet_ai_0419_sdv4/val/ai/922_sdv4_00009.png,-18.98829460144043,0.9999999943312354,18.98829460144043,1.1330693649640878e-07,0,1,sdv4,5.451862700283527,1,0.9992944518240232,4.768490791320801,0,112.65560239553452,1,0.4992944518240232,0.005825134604155707,0.0007055425072122201
/workspace/benchmarks_ai_research/data/genimage/sd_1_4/data/genimage/sd_1_4/imagenet_ai_0419_sdv4/val/nature/ILSVRC2012_val_00010451.JPEG,-19.4066104888916,0.9999999962690778,19.4066104888916,7.613347663349863e-08,0,0,real,64.69653407111764,0,4.258749296224216e-05,4.592560231685638,0,100.24552792310716,0,0.49995741250703774,0.0004711849813540918,0.9999574087761155
/workspace/benchmarks_ai_research/data/genimage/sd_1_4/data/genimage/sd_1_4/imagenet_ai_0419_sdv4/val/nature/ILSVRC2012_val_00014880.JPEG,-23.20521354675293,0.9999999999164196,23.20521354675293,2.021084642720604e-09,0,0,real,6.382965017110109,0,1.0649745518236316e-05,4.632472991943359,0,105.17752170562744,0,0.49998935025448177,0.00013258900207546086,0.9999893501709014
/workspace/benchmarks_ai_research/data/genimage/sd_1_4/data/genimage/sd_1_4/imagenet_ai_0419_sdv4/val/ai/831_sdv4_00035.png,-16.567901611328125,0.9999999362248176,16.567901611328125,1.1203941352523507e-06,0,1,sdv4,20.708559080958366,1,0.9544380284523124,4.630021750926971,0,112.2027337551117,1,0.4544380284523124,0.18523432742743084,0.04556190777250524
/workspace/benchmarks_ai_research/data/genimage/sd_1_4/data/genimage/sd_1_4/imagenet_ai_0419_sdv4/val/ai/070_sdv4_00020.png,-9.376587867736816,0.9999153235112316,9.376587867736816,0.0008786566117863,0,1,sdv4,5.442073103040457,1,0.9906485866363012,4.659242928028107,0,121.1354285478592,1,0.4906485866363012,0.05299948530857044,0.009266736874930404
/workspace/benchmarks_ai_research/data/genimage/sd_1_4/data/genimage/sd_1_4/imagenet_ai_0419_sdv4/val/ai/200_sdv4_00127.png,-23.42874336242676,0.9999999999331616,23.42874336242676,1.6307854809809339e-09,0,1,sdv4,5.579593125730753,1,0.999960376604476,4.7418102622032166,0,112.66949027776718,1,0.499960376604476,0.0004412489440593707,3.9623328685567394e-05
/workspace/benchmarks_ai_research/data/genimage/sd_1_4/data/genimage/sd_1_4/imagenet_ai_0419_sdv4/val/ai/733_sdv4_00062.png,-13.278460502624512,0.999998289050609,13.278460502624512,2.4429722643506727e-05,0,1,sdv4,6.3735852017998695,1,0.9934372469214028,4.88077849149704,0,112.21731454133987,1,0.4934372469214028,0.03952783264484197,0.006561042129206163
/workspace/benchmarks_ai_research/data/genimage/sd_1_4/data/genimage/sd_1_4/imagenet_ai_0419_sdv4/val/nature/ILSVRC2012_val_00030297.JPEG,-12.214189529418944,0.999995040444901,12.214189529418944,6.553651150805247e-05,0,0,real,50.73889112100005,0,0.0004789085965034,4.627101123332977,0,105.96848279237749,0,0.4995210914034966,0.004139571594393014,0.9995161318483976
/workspace/benchmarks_ai_research/data/genimage/sd_1_4/data/genimage/sd_1_4/imagenet_ai_0419_sdv4/val/ai/410_sdv4_00143.png,-20.76154899597168,0.9999999990375597,20.76154899597168,2.0942193394163776e-08,0,1,sdv4,6.3579450361430645,1,0.9999619235656596,4.5341551303863525,0,113.5227158665657,1,0.4999619235656596,0.00042553826633472987,3.8075471900045343e-05
/workspace/benchmarks_ai_research/data/genimage/sd_1_4/data/genimage/sd_1_4/imagenet_ai_0419_sdv4/val/ai/956_sdv4_00135.png,-14.164094924926758,0.9999992943141364,14.164094924926758,1.0701085685032555e-05,0,1,sdv4,5.463593173772097,0,0.011258239710039,4.5712292194366455,0,111.68990284204484,0,0.488741760289961,0.06170646403642248,0.9887410546040973
/workspace/benchmarks_ai_research/data/genimage/sd_1_4/data/genimage/sd_1_4/imagenet_ai_0419_sdv4/val/ai/492_sdv4_00020.png,-23.452852249145508,0.9999999999347536,23.452852249145508,1.5934649165107332e-09,0,1,sdv4,6.468165200203657,1,0.998732814496136,4.688695073127747,0,115.04027992486954,1,0.49873281449613605,0.009719722260449865,0.0012671854386175907
/workspace/benchmarks_ai_research/data/genimage/sd_1_4/data/genimage/sd_1_4/imagenet_ai_0419_sdv4/val/ai/027_sdv4_00135.png,-3.043855667114258,0.9545165151357652,3.043855667114258,0.1849954961987911,0,1,sdv4,43.5895137488842,1,0.985133089724204,4.621095955371857,0,140.92157036066055,1,0.485133089724204,0.07732498211436106,0.030616574588438805
/workspace/benchmarks_ai_research/data/genimage/sd_1_4/data/genimage/sd_1_4/imagenet_ai_0419_sdv4/val/nature/ILSVRC2012_val_00008282.JPEG,7.241884231567383,0.999284565448761,7.241884231567383,0.0058967994662486,1,0,real,5.395883228629828,0,2.172509261201423e-06,4.560723900794983,0,100.7736548781395,1,0.4999978274907388,3.0501216878845647e-05,0.9992823929394998
/workspace/benchmarks_ai_research/data/genimage/sd_1_4/data/genimage/sd_1_4/imagenet_ai_0419_sdv4/val/nature/ILSVRC2012_val_00046433.JPEG,-9.13420581817627,0.9998921008664184,9.13420581817627,0.0010934778460328,0,0,real,6.394825410097837,0,2.3827862881384215e-05,4.557676613330841,0,98.39897602796556,0,0.4999761721371186,0.00027746695562891197,0.9998682730035371
/workspace/benchmarks_ai_research/data/genimage/sd_1_4/data/genimage/sd_1_4/imagenet_ai_0419_sdv4/val/ai/926_sdv4_00143.png,-24.97132682800293,0.999999999985708,24.97132682800293,3.6921354273025376e-10,0,1,sdv4,5.430063232779503,0,0.4836222974613556,4.668816924095154,0,147.77523279190063,0,0.0163777025386444,0.6926106263067011,0.5163777025243523
/workspace/benchmarks_ai_research/data/genimage/sd_1_4/data/genimage/sd_1_4/imagenet_ai_0419_sdv4/val/ai/335_sdv4_00009.png,16.13858413696289,0.9999998807907104,16.13858413696289,2.0196876902912675e-06,1,1,sdv4,5.440433043986559,1,0.9997223632604958,4.608310759067535,0,112.89896816015244,0,0.4997223632604958,0.0025512201446438814,0.00027751753021465486
/workspace/benchmarks_ai_research/data/genimage/sd_1_4/data/genimage/sd_1_4/imagenet_ai_0419_sdv4/val/ai/321_sdv4_00074.png,-3.251209020614624,0.9627165347337724,3.251209020614624,0.1592126075556635,0,1,sdv4,5.47029310837388,1,0.8476155121142418,4.617922008037567,0,111.38024926185608,1,0.3476155121142418,0.4268230223256786,0.11510102261953059
/workspace/benchmarks_ai_research/data/genimage/sd_1_4/data/genimage/sd_1_4/imagenet_ai_0419_sdv4/val/ai/581_sdv4_00009.png,4.5090155601501465,0.98911052942276,4.5090155601501465,0.0600499239890203,1,1,sdv4,5.464192945510149,1,0.999690778020174,4.669114947319031,0,124.95936453342438,0,0.49969077802017403,0.002808136490621005,0.010580248597414021
/workspace/benchmarks_ai_research/data/genimage/sd_1_4/data/genimage/sd_1_4/imagenet_ai_0419_sdv4/val/nature/ILSVRC2012_val_00004073.JPEG,-20.915996551513672,0.999999999175296,20.915996551513672,1.8072212404505666e-08,0,0,real,6.386654917150736,0,0.0392344962176215,4.609592258930206,0,138.6151686310768,0,0.4607655037823785,0.16550365824911323,0.9607655029576745
/workspace/benchmarks_ai_research/data/genimage/sd_1_4/data/genimage/sd_1_4/imagenet_ai_0419_sdv4/val/nature/ILSVRC2012_val_00042919.JPEG,-11.372310638427734,0.9999884903190832,11.372310638427734,0.0001424014108492,0,0,real,5.426953081041575,0,0.0003891765518185,4.662230610847473,0,102.21084207296371,0,0.4996108234481815,0.003444711734036079,0.9995993137672647
/workspace/benchmarks_ai_research/data/genimage/sd_1_4/data/genimage/sd_1_4/imagenet_ai_0419_sdv4/val/nature/ILSVRC2012_val_00042834.JPEG,12.762288093566896,0.9999971389770508,12.762288093566896,3.938006170170331e-05,1,0,real,47.205483075231314,0,0.0001153638177751,5.130641162395477,0,101.64371132850648,1,0.4998846361822249,0.0011614093255191355,0.9998817751592757
/workspace/benchmarks_ai_research/data/genimage/sd_1_4/data/genimage/sd_1_4/imagenet_ai_0419_sdv4/val/nature/ILSVRC2012_val_00018840.JPEG,-12.264290809631348,0.9999952828020467,12.264290809631348,6.257029487464188e-05,0,0,real,56.71696504577994,0,4.353060921909017e-05,4.821121692657471,0,102.27485746145248,0,0.4999564693907809,0.00048066604895033953,0.9999517521928276
/workspace/benchmarks_ai_research/data/genimage/sd_1_4/data/genimage/sd_1_4/imagenet_ai_0419_sdv4/val/nature/ILSVRC2012_val_00019701.JPEG,-7.615525245666504,0.9995075008482672,7.615525245666504,0.0042432601679065,0,0,real,5.47832204028964,0,0.0695102585168167,4.591323435306549,0,100.67905485630035,0,0.4304897414831833,0.2523702917163268,0.9299972423314505
/workspace/benchmarks_ai_research/data/genimage/sd_1_4/data/genimage/sd_1_4/imagenet_ai_0419_sdv4/val/ai/667_sdv4_00035.png,-25.223989486694336,0.999999999988899,25.223989486694336,2.8915404696863026e-10,0,1,sdv4,5.442712921649218,1,0.9992583866560616,4.612825810909271,1,135.22596657276154,1,0.4992583866560616,0.00608591022368423,0.0007416133328373986
/workspace/benchmarks_ai_research/data/genimage/sd_1_4/data/genimage/sd_1_4/imagenet_ai_0419_sdv4/val/ai/460_sdv4_00020.png,23.91234970092773,1.0,23.91234970092773,-1.000088900581841e-12,1,1,sdv4,5.443622823804617,1,0.973370023800572,4.713118076324463,0,112.08555102348328,0,0.473370023800572,0.12282498632311857,0.026629976199427974
/workspace/benchmarks_ai_research/data/genimage/sd_1_4/data/genimage/sd_1_4/imagenet_ai_0419_sdv4/val/ai/144_sdv4_00020.png,7.106882572174072,0.9991812109947203,7.106882572174072,0.0066381473244107,1,1,sdv4,6.373816169798374,1,0.9999998564974024,4.713237285614014,0,112.384632229805,0,0.4999998564974024,2.404658489686599e-06,0.0008186455026820694
/workspace/benchmarks_ai_research/data/genimage/sd_1_4/data/genimage/sd_1_4/imagenet_ai_0419_sdv4/val/ai/054_sdv4_00035.png,13.448015213012695,0.9999985694885254,13.448015213012695,2.068158586943012e-05,1,1,sdv4,5.45046292245388,1,0.999994810101924,4.70135360956192,0,113.44385147094728,0,0.49999481010192404,6.834469614810178e-05,3.759386601354109e-06
/workspace/benchmarks_ai_research/data/genimage/sd_1_4/data/genimage/sd_1_4/imagenet_ai_0419_sdv4/val/ai/718_sdv4_00020.png,-13.034394264221191,0.9999978160960836,13.034394264221191,3.064976908553106e-05,0,1,sdv4,5.457703024148941,1,0.9999042014574168,4.5734792947769165,0,112.11788654327393,1,0.49990420145741676,0.0009822430695556497,9.361463866686126e-05
/workspace/benchmarks_ai_research/data/genimage/sd_1_4/data/genimage/sd_1_4/imagenet_ai_0419_sdv4/val/ai/947_sdv4_00039.png,-12.641318321228027,0.999996764482148,12.641318321228027,4.413673221218052e-05,0,1,sdv4,5.430093035101891,1,0.9935366754026138,4.74703311920166,0,113.6295050382614,1,0.4935366754026138,0.039027963461871956,0.006460089079534215
/workspace/benchmarks_ai_research/data/genimage/sd_1_4/data/genimage/sd_1_4/imagenet_ai_0419_sdv4/val/ai/806_sdv4_00039.png,-28.50780296325684,0.999999999999584,28.50780296325684,1.0769064013292256e-11,0,1,sdv4,5.5509936064481735,1,0.9992069869474252,4.6807825565338135,0,173.71556162834167,1,0.49920698694742516,0.006454550728904417,0.0007930130521588419
/workspace/benchmarks_ai_research/data/genimage/sd_1_4/data/genimage/sd_1_4/imagenet_ai_0419_sdv4/val/ai/459_sdv4_00393.png,24.90790367126465,1.0,24.90790367126465,-1.000088900581841e-12,1,1,sdv4,6.406165193766356,1,0.9986491096807358,4.518128931522369,0,112.40356415510178,0,0.49864910968073584,0.010275298186519241,0.0013508903192641641
/workspace/benchmarks_ai_research/data/genimage/sd_1_4/data/genimage/sd_1_4/imagenet_ai_0419_sdv4/val/nature/ILSVRC2012_val_00005923.JPEG,-13.201457977294922,0.999998152098442,13.201457977294922,2.624289608569389e-05,0,0,real,47.49867273494601,0,0.0906815309405118,4.615873098373413,0,96.91391885280608,0,0.4093184690594882,0.3041118076298499,0.9093166211579302
/workspace/benchmarks_ai_research/data/genimage/sd_1_4/data/genimage/sd_1_4/imagenet_ai_0419_sdv4/val/nature/ILSVRC2012_val_00029390.JPEG,3.718698501586914,0.9763093590736388,3.718698501586914,0.112074149433735,1,0,real,5.419802851974964,0,0.0228823649027208,4.863917827606201,0,100.88038444519044,1,0.4771176350972792,0.1090541314558206,0.953426994170918
/workspace/benchmarks_ai_research/data/genimage/sd_1_4/data/genimage/sd_1_4/imagenet_ai_0419_sdv4/val/nature/ILSVRC2012_val_00026941.JPEG,9.6993989944458,0.9999387264251708,9.6993989944458,0.0006556352908287,1,0,real,6.349104922264814,0,0.0043168693689579,4.536904394626617,0,122.53472208976746,1,0.4956831306310421,0.027813862493176404,0.9956218570562129
/workspace/benchmarks_ai_research/data/genimage/sd_1_4/data/genimage/sd_1_4/imagenet_ai_0419_sdv4/val/ai/838_sdv4_00143.png,-19.90287399291992,0.9999999977286104,19.90287399291992,4.747657377617807e-08,0,1,sdv4,6.376305129379034,1,0.9974004899275568,4.561968147754669,0,112.46776580810548,1,0.4974004899275568,0.01806953609404354,0.0025995078010535577
/workspace/benchmarks_ai_research/data/genimage/sd_1_4/data/genimage/sd_1_4/imagenet_ai_0419_sdv4/val/ai/146_sdv4_00143.png,24.532207489013672,1.0,24.532207489013672,-1.000088900581841e-12,1,1,sdv4,5.55328419432044,1,0.9959232746195784,4.562802612781525,0,111.58979684114456,0,0.4959232746195784,0.026500427510789813,0.004076725380421586
/workspace/benchmarks_ai_research/data/genimage/sd_1_4/data/genimage/sd_1_4/imagenet_ai_0419_sdv4/val/ai/348_sdv4_00074.png,17.197233200073242,1.0,17.197233200073242,-1.000088900581841e-12,1,1,sdv4,6.361765321344137,1,0.9998247802538682,4.737637937068939,0,111.51404678821564,0,0.49982478025386823,0.0016907622736860883,0.00017521974613177171
/workspace/benchmarks_ai_research/data/genimage/sd_1_4/data/genimage/sd_1_4/imagenet_ai_0419_sdv4/val/ai/162_sdv4_00039.png,-4.754270076751709,0.9914587503299116,4.754270076751709,0.0491853423836197,0,1,sdv4,5.777894053608179,1,0.999989940075976,4.590250551700592,0,184.2448115348816,1,0.49998994007597597,0.00012581892368387587,0.008531189746064372
/workspace/benchmarks_ai_research/data/genimage/sd_1_4/data/genimage/sd_1_4/imagenet_ai_0419_sdv4/val/ai/828_sdv4_00143.png,-12.480923652648926,0.9999962015879192,12.480923652648926,5.120610848111732e-05,0,1,sdv4,5.991214886307716,1,0.9980732497573342,4.72288578748703,0,164.87637162208557,1,0.49807324975733425,0.013970782218817254,0.0019229518305849957
/workspace/benchmarks_ai_research/data/genimage/sd_1_4/data/genimage/sd_1_4/imagenet_ai_0419_sdv4/val/ai/544_sdv4_00127.png,-21.542943954467773,0.9999999995594264,21.542943954467773,9.929823528316816e-09,0,1,sdv4,6.481744814664125,1,0.9991440111853048,4.6086385846138,0,168.3109700679779,1,0.4991440111853048,0.006901688126069431,0.0008559883741215968
/workspace/benchmarks_ai_research/data/genimage/sd_1_4/data/genimage/sd_1_4/imagenet_ai_0419_sdv4/val/ai/868_sdv4_00035.png,-1.15805983543396,0.7609799951314926,1.15805983543396,0.5499476726702934,0,1,sdv4,5.4488531313836575,1,0.9999973453253168,4.679858684539795,0,112.68472671508788,1,0.4999973453253168,3.6738537665646366e-05,0.2390173501938242
/workspace/benchmarks_ai_research/data/genimage/sd_1_4/data/genimage/sd_1_4/imagenet_ai_0419_sdv4/val/ai/813_sdv4_00127.png,-17.62966537475586,0.999999977943654,17.62966537475586,4.109003488657019e-07,0,1,sdv4,6.36067520827055,1,0.9993792763401802,4.590384662151337,0,111.9484230875969,1,0.4993792763401802,0.005204342156830479,0.0006207016034738277
/workspace/benchmarks_ai_research/data/genimage/sd_1_4/data/genimage/sd_1_4/imagenet_ai_0419_sdv4/val/nature/ILSVRC2012_val_00036867.JPEG,-3.4687111377716064,0.9697842728346586,3.4687111377716064,0.1354912593197153,0,0,real,5.635304376482964,0,0.0122184582807822,4.59665060043335,0,101.16293281316756,0,0.4877815417192178,0.06596346366381531,0.9575658145538765
/workspace/benchmarks_ai_research/data/genimage/sd_1_4/data/genimage/sd_1_4/imagenet_ai_0419_sdv4/val/ai/053_sdv4_00039.png,-4.387539863586426,0.9877213649451732,4.387539863586426,0.0662276411951951,0,1,sdv4,6.397834978997707,1,0.999518685538681,4.618711769580841,0,112.31612414121628,1,0.49951868553868095,0.004157954838602054,0.011797320593507798
/workspace/benchmarks_ai_research/data/genimage/sd_1_4/data/genimage/sd_1_4/imagenet_ai_0419_sdv4/val/nature/ILSVRC2012_val_00041766.JPEG,2.167774200439453,0.8973180055618286,2.167774200439453,0.3309362691626727,1,0,real,5.455622915178537,0,0.0024119570037117,4.568032920360565,0,102.62705385684968,1,0.4975880429962883,0.01694667492468766,0.894906048558117
/workspace/benchmarks_ai_research/data/genimage/sd_1_4/data/genimage/sd_1_4/imagenet_ai_0419_sdv4/val/ai/090_sdv4_00020.png,-25.82575416564941,0.9999999999939184,25.82575416564941,1.6121757190133695e-10,0,1,sdv4,6.497865077108145,1,0.9915499478665638,4.639804363250732,0,110.6036826968193,1,0.4915499478665638,0.04875127186131107,0.008450052127354613
/workspace/benchmarks_ai_research/data/genimage/sd_1_4/data/genimage/sd_1_4/imagenet_ai_0419_sdv4/val/nature/ILSVRC2012_val_00042703.JPEG,-13.23061180114746,0.9999982051939468,13.23061180114746,2.5541187800673912e-05,0,0,real,49.461658112704754,0,0.0003417594759644,4.755362868309021,0,109.4958633184433,0,0.4996582405240356,0.0030694212955982925,0.9996564457179824
/workspace/benchmarks_ai_research/data/genimage/sd_1_4/data/genimage/sd_1_4/imagenet_ai_0419_sdv4/val/nature/ILSVRC2012_val_00003789.JPEG,5.212670803070068,0.9945823550224304,5.212670803070068,0.0336727240608745,1,0,real,55.67009327933192,0,8.145530295535236e-08,4.6822428703308105,0,101.61428153514862,1,0.49999991854469705,1.4110654292160334e-06,0.9945822735671275
/workspace/benchmarks_ai_research/data/genimage/sd_1_4/data/genimage/sd_1_4/imagenet_ai_0419_sdv4/val/nature/ILSVRC2012_val_00016583.JPEG,10.221179008483888,0.999963641166687,10.221179008483888,0.0004080208323236,1,0,real,6.589236203581095,0,0.0036175511029727,4.603870213031769,0,101.6937866806984,1,0.4963824488970273,0.023948720124336742,0.9963460900637143
/workspace/benchmarks_ai_research/data/genimage/sd_1_4/data/genimage/sd_1_4/imagenet_ai_0419_sdv4/val/ai/879_sdv4_00039.png,-11.008721351623535,0.9999834436021048,11.008721351623535,0.0001988213046806,0,1,sdv4,5.407462827861309,0,0.0604176519360059,4.670433700084686,0,111.00632697343826,0,0.4395823480639941,0.22811516350336183,0.9395657916660989
/workspace/benchmarks_ai_research/data/genimage/sd_1_4/data/genimage/sd_1_4/imagenet_ai_0419_sdv4/val/nature/ILSVRC2012_val_00010905.JPEG,-10.025838851928713,0.999955760085868,10.025838851928713,0.0004877831428198,0,0,real,5.471992772072554,0,8.577802840509817e-05,4.566296935081482,0,101.8410325050354,0,0.4999142219715949,0.000888978160419245,0.9998699820574628
/workspace/benchmarks_ai_research/data/genimage/sd_1_4/data/genimage/sd_1_4/imagenet_ai_0419_sdv4/val/nature/ILSVRC2012_val_00015000.JPEG,-2.0003364086151123,0.8808323964476585,2.0003364086151123,0.3652632122048122,0,0,real,65.62211597338319,0,0.1065204787849136,4.6597495675086975,0,99.4916632771492,0,0.3934795212150864,0.339178144296743,0.774311917662745
/workspace/benchmarks_ai_research/data/genimage/sd_1_4/data/genimage/sd_1_4/imagenet_ai_0419_sdv4/val/nature/ILSVRC2012_val_00026744.JPEG,-21.377832412719727,0.9999999994803328,21.377832412719727,1.1627027636963257e-08,0,0,real,6.505646277219057,0,0.0370784770593747,4.5337677001953125,0,101.63521021604538,0,0.4629215229406253,0.15854556165685268,0.9629215224209581
/workspace/benchmarks_ai_research/data/genimage/sd_1_4/data/genimage/sd_1_4/imagenet_ai_0419_sdv4/val/ai/931_sdv4_00135.png,-1.0927122831344604,0.7488921284675598,1.0927122831344604,0.5635489960999277,0,1,sdv4,6.38386607170105,1,0.999665606264166,4.647098481655121,0,135.55452972650528,1,0.499665606264166,0.0030105548920273057,0.2507734777966062
/workspace/benchmarks_ai_research/data/genimage/sd_1_4/data/genimage/sd_1_4/imagenet_ai_0419_sdv4/val/ai/230_sdv4_00039.png,2.16575026512146,0.8971314430236816,2.16575026512146,0.3313405057211639,1,1,sdv4,37.82936977222562,1,0.9999843742642892,4.835963249206543,0,112.32956498861311,0,0.4999843742642892,0.00018854924215709154,0.10285293124060757
/workspace/benchmarks_ai_research/data/genimage/sd_1_4/data/genimage/sd_1_4/imagenet_ai_0419_sdv4/val/nature/ILSVRC2012_val_00049554.JPEG,10.4970064163208,0.9999723434448242,10.4970064163208,0.0003179296326964,1,0,real,5.459483247250319,0,0.0662132567796215,4.651390016078949,0,110.72400957345964,1,0.43378674322037847,0.2437317966309771,0.9337590866652027
/workspace/benchmarks_ai_research/data/genimage/sd_1_4/data/genimage/sd_1_4/imagenet_ai_0419_sdv4/val/ai/286_sdv4_00035.png,-9.510406494140623,0.9999259285614244,9.510406494140623,0.0007785236686798,0,1,sdv4,6.49970630183816,1,0.9980216159105454,4.525765776634216,0,154.57211434841156,1,0.4980216159105454,0.014292806253447553,0.001904312650878981
/workspace/benchmarks_ai_research/data/genimage/sd_1_4/data/genimage/sd_1_4/imagenet_ai_0419_sdv4/val/nature/ILSVRC2012_val_00028948.JPEG,-7.677363395690918,0.9995370199321768,7.677363395690918,0.0040175535331119,0,0,real,6.377045065164566,0,0.0009849572017628,4.6745166182518005,0,102.02276706695557,0,0.4990150427982372,0.007803244363843579,0.998552062730414
/workspace/benchmarks_ai_research/data/genimage/sd_1_4/data/genimage/sd_1_4/imagenet_ai_0419_sdv4/val/nature/ILSVRC2012_val_00002265.JPEG,25.36553192138672,1.0,25.36553192138672,-1.000088900581841e-12,1,0,real,57.18715628609061,0,0.0270479494147345,4.618652164936066,0,146.27547562122345,1,0.4729520505852655,0.12432580483904608,0.9729520505852655
/workspace/benchmarks_ai_research/data/genimage/sd_1_4/data/genimage/sd_1_4/imagenet_ai_0419_sdv4/val/nature/ILSVRC2012_val_00018364.JPEG,-11.399356842041016,0.9999887974381636,11.399356842041016,0.0001389046227923,0,0,real,40.28721619397402,0,0.0003942105021369,4.763074219226837,0,116.78522080183028,0,0.4996057894978631,0.0034842012920375536,0.9995945869360267
/workspace/benchmarks_ai_research/data/genimage/sd_1_4/data/genimage/sd_1_4/imagenet_ai_0419_sdv4/val/nature/ILSVRC2012_val_00040451.JPEG,-10.406126022338867,0.9999697542934882,10.406126022338867,0.0003449867969871,0,0,real,5.495802965015173,0,0.0006418954039352,5.550496280193329,0,523.050807416439,0,0.4993581045960648,0.005360317140233785,0.999327858889553
/workspace/benchmarks_ai_research/data/genimage/sd_1_4/data/genimage/sd_1_4/imagenet_ai_0419_sdv4/val/nature/ILSVRC2012_val_00014928.JPEG,-13.84780979156494,0.999999031784114,13.84780979156494,1.4375883775357244e-05,0,0,real,6.492505315691233,0,0.0003241174023486,4.641547799110413,0,144.7778418660164,0,0.4996758825976514,0.0029281552671959338,0.9996749143817654
/workspace/benchmarks_ai_research/data/genimage/sd_1_4/data/genimage/sd_1_4/imagenet_ai_0419_sdv4/val/nature/ILSVRC2012_val_00006062.JPEG,-8.638643264770508,0.9998229043121682,8.638643264770508,0.0017069778375719,0,0,real,38.83879166096449,0,0.0046646447054526,4.532858729362488,0,101.00167989730836,0,0.4953353552945474,0.029692365099996548,0.9951582596067157
/workspace/benchmarks_ai_research/data/genimage/sd_1_4/data/genimage/sd_1_4/imagenet_ai_0419_sdv4/val/ai/636_sdv4_00020.png,3.0913727283477783,0.9565355181694032,3.0913727283477783,0.1788023188375418,1,1,sdv4,5.454972852021456,1,0.9999999660451276,4.564367234706879,0,149.35147762298584,0,0.49999996604512764,6.179166943355123e-07,0.043464447875724455
/workspace/benchmarks_ai_research/data/genimage/sd_1_4/data/genimage/sd_1_4/imagenet_ai_0419_sdv4/val/ai/888_sdv4_00127.png,-8.86256217956543,0.999858428229345,8.86256217956543,0.0013962704104775,0,1,sdv4,6.4515359699726105,1,0.8733236010806675,4.596807062625885,0,112.28365451097488,1,0.37332360108066753,0.3800194846707754,0.12653482714867748
/workspace/benchmarks_ai_research/data/genimage/sd_1_4/data/genimage/sd_1_4/imagenet_ai_0419_sdv4/val/nature/ILSVRC2012_val_00033886.JPEG,-12.566861152648926,0.9999965143799728,12.566861152648926,4.728892693966467e-05,0,0,real,60.64269505441189,0,1.2346500491261475e-05,4.668481647968292,0,319.4499909877777,0,0.49998765349950874,0.0001518882733591909,0.9999841678794815
/workspace/benchmarks_ai_research/data/genimage/sd_1_4/data/genimage/sd_1_4/imagenet_ai_0419_sdv4/val/nature/ILSVRC2012_val_00016020.JPEG,-17.620370864868164,0.9999999777376942,17.620370864868164,4.1453039072736173e-07,0,0,real,5.595023278146982,0,0.0013341363996924,4.798382520675659,0,97.97107428312302,0,0.4986658636003076,0.010164523366992353,0.9986658413380018
/workspace/benchmarks_ai_research/data/genimage/sd_1_4/data/genimage/sd_1_4/imagenet_ai_0419_sdv4/val/ai/251_sdv4_00127.png,-30.63872528076172,0.9999999999999506,30.63872528076172,4.121543071120754e-13,0,1,sdv4,6.502544973045588,1,0.997643748384489,4.764243960380554,1,135.18280535936356,1,0.497643748384489,0.016610405584570418,0.002356251615461602
/workspace/benchmarks_ai_research/data/genimage/sd_1_4/data/genimage/sd_1_4/imagenet_ai_0419_sdv4/val/nature/ILSVRC2012_val_00026620.JPEG,-10.101214408874512,0.9999589719845972,10.101214408874512,0.0004554616347881,0,0,real,5.468142684549093,0,0.199768837649667,5.694590508937836,0,102.08482295274734,0,0.300231162350333,0.5000817974375356,0.8001901343349301
/workspace/benchmarks_ai_research/data/genimage/sd_1_4/data/genimage/sd_1_4/imagenet_ai_0419_sdv4/val/nature/ILSVRC2012_val_00010379.JPEG,-6.742798328399658,0.9988220469094812,6.742798328399658,0.0091213475973927,0,0,real,35.047803074121475,0,0.1054190098673533,4.604168236255646,0,101.8826887011528,0,0.3945809901326467,0.33682916222027826,0.8934030370421279
/workspace/benchmarks_ai_research/data/genimage/sd_1_4/data/genimage/sd_1_4/imagenet_ai_0419_sdv4/val/ai/054_sdv4_00143.png,23.598859786987305,1.0,23.598859786987305,-1.000088900581841e-12,1,1,sdv4,43.70103403925896,1,0.9982897142635296,4.617586731910706,0,113.45300078392027,0,0.49828971426352964,0.012605214966347214,0.0017102857364703627
/workspace/benchmarks_ai_research/data/genimage/sd_1_4/data/genimage/sd_1_4/imagenet_ai_0419_sdv4/val/ai/194_sdv4_00074.png,12.39657211303711,0.9999958276748656,12.39657211303711,5.585506062576839e-05,1,1,sdv4,5.423012655228376,1,0.7645982288060604,4.69391793012619,0,112.34889924526216,0,0.26459822880606043,0.5457214281566454,0.23539759886880518
/workspace/benchmarks_ai_research/data/genimage/sd_1_4/data/genimage/sd_1_4/imagenet_ai_0419_sdv4/val/nature/ILSVRC2012_val_00005162.JPEG,-24.48348045349121,0.9999999999767212,24.48348045349121,5.91244279454434e-10,0,0,real,5.471413023769856,0,0.0006731019402828,4.592858254909515,0,101.54039412736893,0,0.4993268980597172,0.005588951952877086,0.9993268980364384
/workspace/benchmarks_ai_research/data/genimage/sd_1_4/data/genimage/sd_1_4/imagenet_ai_0419_sdv4/val/ai/153_sdv4_00039.png,9.25269603729248,0.9999041557312012,9.25269603729248,0.0009826661709654,1,1,sdv4,48.61619602888823,1,0.9996557684615582,4.595011472702026,0,112.27375268936156,0,0.49965576846155824,0.0030891420561421834,0.00024838726964293567
/workspace/benchmarks_ai_research/data/genimage/sd_1_4/data/genimage/sd_1_4/imagenet_ai_0419_sdv4/val/ai/564_sdv4_00143.png,-8.621075630187988,0.999819766235305,8.621075630187988,0.0017340589191014,0,1,sdv4,5.460683256387711,1,0.9956902644357498,4.547379910945892,0,111.48809641599657,1,0.4956902644357498,0.027775042261809425,0.00412950179955518
/workspace/benchmarks_ai_research/data/genimage/sd_1_4/data/genimage/sd_1_4/imagenet_ai_0419_sdv4/val/nature/ILSVRC2012_val_00010164.JPEG,6.186124324798584,0.9979464411735536,6.186124324798584,0.0147592424948339,1,0,real,55.90547295287252,0,0.000210340152095,4.555508494377136,0,102.36061364412308,1,0.499789659847905,0.001991222780376106,0.9977361010214586
/workspace/benchmarks_ai_research/data/genimage/sd_1_4/data/genimage/sd_1_4/imagenet_ai_0419_sdv4/val/nature/ILSVRC2012_val_00049577.JPEG,-0.3370441198348999,0.5834723114967346,0.3370441198348999,0.6791464639612117,0,0,real,5.483462940901518,0,0.0551440646837366,5.055435001850128,0,237.91023343801496,0,0.4448559353162634,0.21339169641680217,0.5283282468129981
/workspace/benchmarks_ai_research/data/genimage/sd_1_4/data/genimage/sd_1_4/imagenet_ai_0419_sdv4/val/nature/ILSVRC2012_val_00024229.JPEG,-17.378358840942383,0.9999999716420636,17.378358840942383,5.211703332841082e-07,0,0,real,6.379124708473682,0,0.0520680664777429,4.499152302742004,0,102.37105190753935,0,0.44793193352225713,0.2045600950289479,0.9479319051643207
/workspace/benchmarks_ai_research/data/genimage/sd_1_4/data/genimage/sd_1_4/imagenet_ai_0419_sdv4/val/nature/ILSVRC2012_val_00021662.JPEG,1.1834839582443235,0.7655736804008484,1.1834839582443235,0.5445696450020998,1,0,real,5.427282769232988,0,0.0628846024553001,4.580400884151459,0,101.92343592643738,1,0.4371153975446999,0.23483192162740768,0.7026890779455482
/workspace/benchmarks_ai_research/data/genimage/sd_1_4/data/genimage/sd_1_4/imagenet_ai_0419_sdv4/val/ai/461_sdv4_00143.png,5.010763645172119,0.9933783411979676,5.010763645172119,0.0398232599596743,1,1,sdv4,6.386585999280214,1,0.999936773200582,4.553116858005524,1,134.72935557365415,0,0.49993677320058205,0.0006745509579927704,0.006558432002614412
/workspace/benchmarks_ai_research/data/genimage/sd_1_4/data/genimage/sd_1_4/imagenet_ai_0419_sdv4/val/ai/333_sdv4_00035.png,8.741105079650879,0.9998401403427124,8.741105079650879,0.0015572143944669,1,1,sdv4,5.468103103339672,1,0.9999916874622846,4.859790205955505,0,111.80083453655244,0,0.4999916874622846,0.00010555045277417397,0.00015154711957221512
/workspace/benchmarks_ai_research/data/genimage/sd_1_4/data/genimage/sd_1_4/imagenet_ai_0419_sdv4/val/ai/031_sdv4_00039.png,-20.125043869018555,0.999999998181118,20.125043869018555,3.8421960901951684e-08,0,1,sdv4,5.86731405928731,1,0.9992371039337716,4.639185965061188,0,156.6951796412468,1,0.49923710393377163,0.006238969526684381,0.000762894247346324
/workspace/benchmarks_ai_research/data/genimage/sd_1_4/data/genimage/sd_1_4/imagenet_ai_0419_sdv4/val/ai/820_sdv4_00127.png,-12.06453800201416,0.9999942398312668,12.06453800201416,7.52539580601735e-05,0,1,sdv4,6.522356066852808,1,0.9901035662442068,5.912341177463532,0,111.7510199546814,1,0.4901035662442068,0.055525091471914964,0.009890673587059973
/workspace/benchmarks_ai_research/data/genimage/sd_1_4/data/genimage/sd_1_4/imagenet_ai_0419_sdv4/val/nature/ILSVRC2012_val_00026928.JPEG,18.60016822814941,1.0,18.60016822814941,-1.000088900581841e-12,1,0,real,5.557672586292028,0,0.0015918863924054,4.497930407524109,0,112.90757358074188,1,0.4984081136075946,0.011846880915954709,0.9984081136075946
/workspace/benchmarks_ai_research/data/genimage/sd_1_4/data/genimage/sd_1_4/imagenet_ai_0419_sdv4/val/ai/178_sdv4_00035.png,-15.44778823852539,0.9999998045162216,15.44778823852539,3.2152738122031467e-06,0,1,sdv4,5.466722883284092,1,0.9992608429380389,4.570052027702332,0,113.33107948303224,1,0.49926084293803885,0.006068206326289909,0.0007389615781827619
/workspace/benchmarks_ai_research/data/genimage/sd_1_4/data/genimage/sd_1_4/imagenet_ai_0419_sdv4/val/nature/ILSVRC2012_val_00024474.JPEG,-11.508749008178713,0.9999899582498984,11.508749008178713,0.0001256097810072,0,0,real,6.361735053360462,1,0.9220183866193524,4.581272602081299,0,112.40757256746292,1,0.4220183866193524,0.27381188008687335,0.07797157163054602
/workspace/benchmarks_ai_research/data/genimage/sd_1_4/data/genimage/sd_1_4/imagenet_ai_0419_sdv4/val/ai/767_sdv4_00003.png,4.865392684936523,0.992350161075592,4.865392684936523,0.0448987098292406,1,1,sdv4,5.398773122578859,1,0.9931864353986066,4.718080163002014,0,124.1796463727951,0,0.4931864353986066,0.04078208203647556,0.0008362743230145853
/workspace/benchmarks_ai_research/data/genimage/sd_1_4/data/genimage/sd_1_4/imagenet_ai_0419_sdv4/val/nature/ILSVRC2012_val_00003068.JPEG,-14.188623428344728,0.999999311412978,14.188623428344728,1.0458687224045935e-05,0,0,real,5.42294280603528,0,0.0007506079799242,4.599332809448242,0,103.80108654499054,0,0.4992493920200758,0.00615067066999129,0.9992487034330538
/workspace/benchmarks_ai_research/data/genimage/sd_1_4/data/genimage/sd_1_4/imagenet_ai_0419_sdv4/val/nature/ILSVRC2012_val_00031663.JPEG,0.6734396815299988,0.6622728705406189,0.6734396815299988,0.6395163729296152,1,0,real,6.043205037713051,0,7.78000234891749e-06,4.629075527191162,0,109.17452722787856,1,0.4999922199976511,9.930355919811854e-05,0.66226509053827
/workspace/benchmarks_ai_research/data/genimage/sd_1_4/data/genimage/sd_1_4/imagenet_ai_0419_sdv4/val/ai/338_sdv4_00127.png,4.389771461486816,0.987748384475708,4.389771461486816,0.0661090618075319,1,1,sdv4,6.368434987962246,1,0.999928497115956,4.849992692470551,0,112.02526837587357,0,0.499928497115956,0.0007540506093356863,0.012180112640247986
/workspace/benchmarks_ai_research/data/genimage/sd_1_4/data/genimage/sd_1_4/imagenet_ai_0419_sdv4/val/nature/ILSVRC2012_val_00038402.JPEG,-24.317045211791992,0.9999999999725058,24.317045211791992,6.940902115609946e-10,0,0,real,5.695562809705734,0,0.2112649915042926,4.587069153785706,0,100.65753757953644,0,0.28873500849570743,0.5156278742995559,0.7887350084682132
/workspace/benchmarks_ai_research/data/genimage/sd_1_4/data/genimage/sd_1_4/imagenet_ai_0419_sdv4/val/nature/ILSVRC2012_val_00001665.JPEG,-8.727324485778809,0.9998379307071446,8.727324485778809,0.0015765137354264,0,0,real,5.462512839585543,0,0.2338338247232398,4.963614046573639,0,116.02172255516052,0,0.26616617527676023,0.5438674581338631,0.7660041059839048
/workspace/benchmarks_ai_research/data/genimage/sd_1_4/data/genimage/sd_1_4/imagenet_ai_0419_sdv4/val/ai/404_sdv4_00127.png,6.69463586807251,0.9987640380859376,6.69463586807251,0.0095110822639961,1,1,sdv4,5.4569728672504425,1,0.9923756602467064,4.694230854511261,0,111.09519749879836,0,0.4923756602467064,0.0447746035073877,0.006388377839231185
/workspace/benchmarks_ai_research/data/genimage/sd_1_4/data/genimage/sd_1_4/imagenet_ai_0419_sdv4/val/nature/ILSVRC2012_val_00008942.JPEG,-12.774109840393066,0.9999971668253238,12.774109840393066,3.902446122244693e-05,0,0,real,5.458283238112927,0,0.2226498768219318,4.565991461277008,0,102.66638547182085,0,0.2773501231780682,0.5302414200734603,0.777347290003392
/workspace/benchmarks_ai_research/data/genimage/sd_1_4/data/genimage/sd_1_4/imagenet_ai_0419_sdv4/val/nature/ILSVRC2012_val_00020708.JPEG,1.4449068307876587,0.8092133402824402,1.4449068307876587,0.4873616208688293,1,0,real,5.4596830159425735,0,0.0014471377505691,4.650406539440155,0,110.29952764511108,1,0.4985528622494309,0.010907719348506508,0.807766202531871
/workspace/benchmarks_ai_research/data/genimage/sd_1_4/data/genimage/sd_1_4/imagenet_ai_0419_sdv4/val/nature/ILSVRC2012_val_00040022.JPEG,-22.187908172607425,0.9999999997688394,22.187908172607425,5.358133730017718e-09,0,0,real,5.448332987725735,0,0.0026394082229289,4.56160306930542,0,102.56015509366988,0,0.4973605917770711,0.01830661785390518,0.9973605915459105
/workspace/benchmarks_ai_research/data/genimage/sd_1_4/data/genimage/sd_1_4/imagenet_ai_0419_sdv4/val/ai/959_sdv4_00039.png,-14.197256088256836,0.9999993173316852,14.197256088256836,1.0374683404704412e-05,0,1,sdv4,38.91057195141912,1,0.9902495281300432,4.825577139854431,0,111.717127263546,1,0.4902495281300432,0.05485175180849214,0.009749789201642045
/workspace/benchmarks_ai_research/data/genimage/sd_1_4/data/genimage/sd_1_4/imagenet_ai_0419_sdv4/val/ai/582_sdv4_00074.png,-26.873964309692383,0.999999999997868,26.873964309692383,5.7607071406233205e-11,0,1,sdv4,6.3833752647042274,1,0.9994742576844082,4.566319286823273,0,111.88359558582306,1,0.49947425768440823,0.004495326252515487,0.0005257423134598094
/workspace/benchmarks_ai_research/data/genimage/sd_1_4/data/genimage/sd_1_4/imagenet_ai_0419_sdv4/val/ai/677_sdv4_00039.png,7.327583789825439,0.99934321641922,7.327583789825439,0.0054695803867153,1,1,sdv4,5.451402626931667,1,0.99788415481211,4.639729857444763,0,131.80408626794815,0,0.49788415481211,0.015143616594008215,0.0014590616071099571
/workspace/benchmarks_ai_research/data/genimage/sd_1_4/data/genimage/sd_1_4/imagenet_ai_0419_sdv4/val/nature/ILSVRC2012_val_00002981.JPEG,-9.778173446655272,0.9999433279881488,9.778173446655272,0.0006108223753518,0,0,real,54.17666863650084,0,3.3391154633092466e-07,4.7113969922065735,0,185.6478527188301,0,0.49999966608845364,5.31332859826218e-06,0.9999429940766025
/workspace/benchmarks_ai_research/data/genimage/sd_1_4/data/genimage/sd_1_4/imagenet_ai_0419_sdv4/val/ai/173_sdv4_00074.png,-0.4127623438835144,0.6017500460147858,0.4127623438835144,0.6722957007492221,0,1,sdv4,42.232540901750326,1,0.9450716283475284,4.608854651451111,0,112.11572587490082,1,0.44507162834752845,0.21277844753304237,0.3433215823327427
/workspace/benchmarks_ai_research/data/genimage/sd_1_4/data/genimage/sd_1_4/imagenet_ai_0419_sdv4/val/nature/ILSVRC2012_val_00004165.JPEG,-2.764616012573242,0.9407335184514524,2.764616012573242,0.2249444323260797,0,0,real,6.380524951964617,0,0.0006536572046536,4.532456398010254,0,116.6946217417717,0,0.4993463427953464,0.005446664411070825,0.9400798612467988
/workspace/benchmarks_ai_research/data/genimage/sd_1_4/data/genimage/sd_1_4/imagenet_ai_0419_sdv4/val/ai/131_sdv4_00039.png,-5.056057929992676,0.9936697045341134,5.056057929992676,0.0383567574616804,0,1,sdv4,42.69094206392765,1,0.999996735747704,4.579082131385803,0,112.95070499181747,1,0.499996735747704,4.449984624897625e-05,0.006327031213590573
/workspace/benchmarks_ai_research/data/genimage/sd_1_4/data/genimage/sd_1_4/imagenet_ai_0419_sdv4/val/ai/328_sdv4_00039.png,-1.5796416997909546,0.8291537761688232,1.5796416997909546,0.4572254743991329,0,1,sdv4,6.3621848821640015,1,0.9948660017104648,4.597187042236328,0,113.06380480527878,1,0.4948660017104648,0.03218657098875842,0.16571222554164156
/workspace/benchmarks_ai_research/data/genimage/sd_1_4/data/genimage/sd_1_4/imagenet_ai_0419_sdv4/val/ai/688_sdv4_00039.png,-28.155271530151367,0.999999999999408,28.155271530151367,1.56741434811314e-11,0,1,sdv4,40.12815561145544,1,0.5298715909775311,4.576943814754486,0,111.68232560157776,1,0.029871590977531115,0.691361493516816,0.4701284090218769
/workspace/benchmarks_ai_research/data/genimage/sd_1_4/data/genimage/sd_1_4/imagenet_ai_0419_sdv4/val/ai/665_sdv4_00039.png,-25.728456497192383,0.9999999999932968,25.728456497192383,1.7723048603325398e-10,0,1,sdv4,37.710519041866064,1,0.9999801735426276,4.666440188884735,1,133.6190551519394,1,0.4999801735426276,0.00023451691927606105,1.9826450669224727e-05
/workspace/benchmarks_ai_research/data/genimage/sd_1_4/data/genimage/sd_1_4/imagenet_ai_0419_sdv4/val/ai/906_sdv4_00020.png,-13.531307220458984,0.9999986712987264,13.531307220458984,1.930776533103155e-05,0,1,sdv4,6.419054698199034,1,0.9998851714724356,4.730157554149628,0,126.19464099407196,1,0.4998851714724356,0.001156554442278883,0.00011349982629083044
/workspace/benchmarks_ai_research/data/genimage/sd_1_4/data/genimage/sd_1_4/imagenet_ai_0419_sdv4/val/nature/ILSVRC2012_val_00032526.JPEG,1.2494200468063354,0.7771994471549988,1.2494200468063354,0.5304297432788401,1,0,real,5.415001884102821,0,9.196749199518308e-06,4.995435476303101,0,103.97402942180634,1,0.4999908032508005,0.00011584828293474542,0.7771902504057993
/workspace/benchmarks_ai_research/data/genimage/sd_1_4/data/genimage/sd_1_4/imagenet_ai_0419_sdv4/val/nature/ILSVRC2012_val_00033217.JPEG,-23.800870895385746,0.9999999999539304,23.800870895385746,1.1405734082015743e-09,0,0,real,6.503164768218994,0,0.0078998183137993,4.6099647879600525,0,112.23578453063963,0,0.4921001816862007,0.04611088531836981,0.9921001816401311
/workspace/benchmarks_ai_research/data/genimage/sd_1_4/data/genimage/sd_1_4/imagenet_ai_0419_sdv4/val/ai/118_sdv4_00003.png,-17.201997756958008,0.9999999661727051,17.201997756958008,6.157223447557342e-07,0,1,sdv4,5.565733183175325,1,0.9902575813878358,4.701241850852966,0,112.44768649339676,1,0.4902575813878358,0.054814537233706086,0.009742384784869329
/workspace/benchmarks_ai_research/data/genimage/sd_1_4/data/genimage/sd_1_4/imagenet_ai_0419_sdv4/val/ai/092_sdv4_00143.png,5.97451639175415,0.9974637031555176,5.97451639175415,0.017692651272944,1,1,sdv4,5.457024089992046,1,0.9880017171818718,4.72569465637207,0,111.58181726932526,0,0.4880017171818718,0.06499431957875637,0.009461985973645781
/workspace/benchmarks_ai_research/data/genimage/sd_1_4/data/genimage/sd_1_4/imagenet_ai_0419_sdv4/val/nature/ILSVRC2012_val_00046816.JPEG,-12.470006942749023,0.9999961598946356,12.470006942749023,5.1726251177809575e-05,0,0,real,5.440902896225452,1,0.5051263927424597,4.5952945947647095,0,112.00977861881256,1,0.00512639274245974,0.6930946198319623,0.4948697671521759
/workspace/benchmarks_ai_research/data/genimage/sd_1_4/data/genimage/sd_1_4/imagenet_ai_0419_sdv4/val/nature/ILSVRC2012_val_00021567.JPEG,-11.134644508361816,0.9999854024836168,11.134644508361816,0.0001771357772677,0,0,real,6.381615065038204,0,0.0004293868863179,4.815287888050079,0,98.25602173805235,0,0.4995706131136821,0.0037583965722603092,0.9995560155972989
/workspace/benchmarks_ai_research/data/genimage/sd_1_4/data/genimage/sd_1_4/imagenet_ai_0419_sdv4/val/nature/ILSVRC2012_val_00004920.JPEG,4.071311473846436,0.9832309484481812,4.071311473846436,0.0851832347474023,1,0,real,5.588002968579531,0,0.0393839619089069,4.547037184238434,0,98.27897697687148,1,0.4606160380910931,0.16598137957277942,0.9438469865392742
/workspace/benchmarks_ai_research/data/genimage/sd_1_4/data/genimage/sd_1_4/imagenet_ai_0419_sdv4/val/nature/ILSVRC2012_val_00036125.JPEG,24.63252067565918,1.0,24.63252067565918,-1.000088900581841e-12,1,0,real,6.403774954378605,0,0.0178099935241069,4.702210426330566,0,102.25369781255722,1,0.4821900064758931,0.08938902014636094,0.982190006475893
/workspace/benchmarks_ai_research/data/genimage/sd_1_4/data/genimage/sd_1_4/imagenet_ai_0419_sdv4/val/nature/ILSVRC2012_val_00020437.JPEG,-7.487820148468018,0.9994404512108304,7.487820148468018,0.0047495060787343,0,0,real,5.5108037777245045,0,0.0001728753422437,4.570558667182922,0,98.65310043096542,0,0.4998271246577563,0.0016704690771732664,0.9992675758685866
/workspace/benchmarks_ai_research/data/genimage/sd_1_4/data/genimage/sd_1_4/imagenet_ai_0419_sdv4/val/nature/ILSVRC2012_val_00040405.JPEG,19.1071834564209,1.0,19.1071834564209,-1.000088900581841e-12,1,0,real,6.648685783147812,0,4.525185674819199e-06,4.584692418575287,0,99.76217150688171,1,0.49999547481432516,6.0211438390197716e-05,0.9999954748143252
/workspace/benchmarks_ai_research/data/genimage/sd_1_4/data/genimage/sd_1_4/imagenet_ai_0419_sdv4/val/ai/361_sdv4_00039.png,-0.0985926687717437,0.524628221988678,0.0985926687717437,0.6919335909085228,0,1,sdv4,5.462093278765678,1,0.8620760480209724,4.73177433013916,0,112.41252720355988,1,0.3620760480209724,0.40117688270901775,0.3374478260322944
/workspace/benchmarks_ai_research/data/genimage/sd_1_4/data/genimage/sd_1_4/imagenet_ai_0419_sdv4/val/nature/ILSVRC2012_val_00029395.JPEG,8.898048400878906,0.9998633861541748,8.898048400878906,0.0013522426348741,1,0,real,5.443443078547716,1,0.945989510882411,4.7909170389175415,0,113.18648606538773,0,0.445989510882411,0.21015870212111584,0.053873875271763794
/workspace/benchmarks_ai_research/data/genimage/sd_1_4/data/genimage/sd_1_4/imagenet_ai_0419_sdv4/val/ai/521_sdv4_00143.png,-28.271997451782227,0.9999999999994732,28.271997451782227,1.3859321507983778e-11,0,1,sdv4,5.5787828750908375,1,0.9999861606265642,4.588477313518524,0,112.05244064331056,1,0.4999861606265642,0.00016867408714540388,1.383937290899695e-05
/workspace/benchmarks_ai_research/data/genimage/sd_1_4/data/genimage/sd_1_4/imagenet_ai_0419_sdv4/val/nature/ILSVRC2012_val_00022081.JPEG,1.9038370847702024,0.8703252077102661,1.9038370847702024,0.3857680319574395,1,0,real,5.401553120464087,0,0.000368702431526,4.644960165023804,0,101.80625319480896,1,0.499631297568474,0.0032834191394697405,0.8699565052787401
/workspace/benchmarks_ai_research/data/genimage/sd_1_4/data/genimage/sd_1_4/imagenet_ai_0419_sdv4/val/ai/261_sdv4_00143.png,9.464958190917969,0.999922513961792,9.464958190917969,0.000810920371187,1,1,sdv4,5.468202754855156,1,0.9998764294809004,4.642568528652191,0,113.03580552339554,0,0.4998764294809004,0.001235536734228975,4.6084480891606106e-05
/workspace/benchmarks_ai_research/data/genimage/sd_1_4/data/genimage/sd_1_4/imagenet_ai_0419_sdv4/val/ai/352_sdv4_00205.png,-5.32747745513916,0.9951671645976604,5.32747745513916,0.0305913726592387,0,1,sdv4,5.465132649987936,1,0.9998545010505444,4.654727876186371,0,111.7481365799904,1,0.4998545010505444,0.001431021296181273,0.0046873364528839945
/workspace/benchmarks_ai_research/data/genimage/sd_1_4/data/genimage/sd_1_4/imagenet_ai_0419_sdv4/val/nature/ILSVRC2012_val_00004962.JPEG,-10.369908332824709,0.9999686388182454,10.369908332824709,0.0003565742510668,0,0,real,6.382335908710957,0,9.874701460757085e-08,4.526764154434204,0,108.16214233636856,0,0.4999999012529854,1.6916039389459797e-06,0.9999685400712308
/workspace/benchmarks_ai_research/data/genimage/sd_1_4/data/genimage/sd_1_4/imagenet_ai_0419_sdv4/val/nature/ILSVRC2012_val_00020574.JPEG,-4.720278739929199,0.9911660403013228,4.720278739929199,0.050571962405702,0,0,real,6.41801580786705,0,0.1148049949942028,4.670098423957825,0,173.01654815673828,0,0.3851950050057972,0.35644489343480945,0.87636104530712
/workspace/benchmarks_ai_research/data/genimage/sd_1_4/data/genimage/sd_1_4/imagenet_ai_0419_sdv4/val/nature/ILSVRC2012_val_00011372.JPEG,18.03083229064941,1.0,18.03083229064941,-1.000088900581841e-12,1,0,real,5.441032815724611,0,4.463503302272087e-06,4.590123891830444,0,98.30332547426224,1,0.4999955364966977,5.945196220652901e-05,0.9999955364966977
/workspace/benchmarks_ai_research/data/genimage/sd_1_4/data/genimage/sd_1_4/imagenet_ai_0419_sdv4/val/ai/698_sdv4_00143.png,12.013838768005373,0.9999939203262328,12.013838768005373,7.909993692861202e-05,1,1,sdv4,6.39413483440876,1,0.8097909716059869,4.592493176460266,0,113.15353214740752,0,0.3097909716059869,0.48652591604576034,0.1902029487202459
/workspace/benchmarks_ai_research/data/genimage/sd_1_4/data/genimage/sd_1_4/imagenet_ai_0419_sdv4/val/nature/ILSVRC2012_val_00038436.JPEG,4.434750080108643,0.988280951976776,4.434750080108643,0.0637593227260023,1,0,real,5.485243164002895,0,0.0212659188676,5.389198660850525,0,102.18852013349532,1,0.4787340811324,0.10292577979225147,0.967015033109176
/workspace/benchmarks_ai_research/data/genimage/sd_1_4/data/genimage/sd_1_4/imagenet_ai_0419_sdv4/val/ai/978_sdv4_00035.png,0.5292993783950806,0.6293196678161621,0.5292993783950806,0.6593167723406661,1,1,sdv4,5.585043225437403,1,0.99963130536623,4.472419619560242,0,170.66053301095965,0,0.49963130536623,0.0032833574969415805,0.3703116375500679
/workspace/benchmarks_ai_research/data/genimage/sd_1_4/data/genimage/sd_1_4/imagenet_ai_0419_sdv4/val/ai/375_sdv4_00027.png,-3.456899642944336,0.9694362357258796,3.456899642944336,0.1366964402748205,0,1,sdv4,5.4306029342114925,1,0.6681661517024187,4.909060895442963,0,112.29926347732544,1,0.16816615170241866,0.6354697416376099,0.3012700840234609
/workspace/benchmarks_ai_research/data/genimage/sd_1_4/data/genimage/sd_1_4/imagenet_ai_0419_sdv4/val/ai/418_sdv4_00020.png,-4.216267108917236,0.9854608895257116,4.216267108917236,0.0759466129414051,0,1,sdv4,46.57039977610111,1,0.6250447517708828,4.523731768131256,0,112.01991140842438,1,0.1250447517708828,0.6615403735321668,0.36041613775482884
/workspace/benchmarks_ai_research/data/genimage/sd_1_4/data/genimage/sd_1_4/imagenet_ai_0419_sdv4/val/ai/600_sdv4_00020.png,13.826186180114746,0.9999990463256836,13.826186180114746,1.4174405133469909e-05,1,1,sdv4,5.501412786543369,0,0.0342961191803569,4.679113626480103,0,124.17088449001312,1,0.4657038808196431,0.14937247877471202,0.9657029271453267
/workspace/benchmarks_ai_research/data/genimage/sd_1_4/data/genimage/sd_1_4/imagenet_ai_0419_sdv4/val/nature/ILSVRC2012_val_00023232.JPEG,-1.64950430393219,0.8388240486383438,1.64950430393219,0.4416147405535177,0,0,real,5.463622976094484,0,0.0010259103135505,4.553854465484619,0,99.92532432079317,0,0.4989740896864495,0.008085878146117208,0.8377981383247933
/workspace/benchmarks_ai_research/data/genimage/sd_1_4/data/genimage/sd_1_4/imagenet_ai_0419_sdv4/val/ai/049_sdv4_00035.png,-3.9396064281463614,0.9809154365211724,3.9396064281463614,0.0944546936403987,0,1,sdv4,5.449262913316488,1,0.9997114126558064,4.724167287349701,0,165.05476832389832,1,0.49971141265580643,0.002640680529526579,0.018795976134634018
/workspace/benchmarks_ai_research/data/genimage/sd_1_4/data/genimage/sd_1_4/imagenet_ai_0419_sdv4/val/nature/ILSVRC2012_val_00049955.JPEG,15.753531455993652,0.9999998807907104,15.753531455993652,2.0196876902912675e-06,1,0,real,6.377944722771645,0,0.0009435507054065,4.618972539901733,0,101.61641240119934,1,0.4990564492945935,0.007515747963352528,0.9990563300853039
/workspace/benchmarks_ai_research/data/genimage/sd_1_4/data/genimage/sd_1_4/imagenet_ai_0419_sdv4/val/nature/ILSVRC2012_val_00008119.JPEG,9.168176651000977,0.9998956918716432,9.168176651000977,0.0010606164282603,1,0,real,5.440542940050364,0,1.423376435120702e-07,4.5536234974861145,0,90.4904156923294,1,0.4999998576623565,2.3862976689151856e-06,0.9998955495339996
/workspace/benchmarks_ai_research/data/genimage/sd_1_4/data/genimage/sd_1_4/imagenet_ai_0419_sdv4/val/ai/173_sdv4_00020.png,-14.707751274108888,0.9999995902635987,14.707751274108888,6.436035613568393e-06,0,1,sdv4,5.430182907730341,1,0.997147858244855,4.574403166770935,0,112.90983855724336,1,0.49714785824485497,0.01956072299569701,0.00285173201874378
/workspace/benchmarks_ai_research/data/genimage/sd_1_4/data/genimage/sd_1_4/imagenet_ai_0419_sdv4/val/ai/357_sdv4_00074.png,-5.656635761260986,0.996517914813012,5.656635761260986,0.0231850495202374,0,1,sdv4,6.371474824845791,1,0.9979176429331812,4.729501903057098,0,111.62184923887251,1,0.4979176429331812,0.014937190613073479,0.001399728120169197
/workspace/benchmarks_ai_research/data/genimage/sd_1_4/data/genimage/sd_1_4/imagenet_ai_0419_sdv4/val/nature/ILSVRC2012_val_00043777.JPEG,9.313385009765623,0.99990975856781,9.313385009765623,0.0009306577925313,1,0,real,5.440513137727976,0,2.235225403336268e-06,5.253039300441742,0,102.6148870587349,1,0.4999977647745967,3.1318115226366094e-05,0.9999075233424066
/workspace/benchmarks_ai_research/data/genimage/sd_1_4/data/genimage/sd_1_4/imagenet_ai_0419_sdv4/val/ai/029_sdv4_00173.png,1.323481559753418,0.7897603511810303,1.323481559753418,0.5142740143835146,1,1,sdv4,5.424982868134975,1,0.9999948149069944,4.702523350715637,0,111.01940274238586,0,0.4999948149069944,6.82862220247996e-05,0.2102344637259641
/workspace/benchmarks_ai_research/data/genimage/sd_1_4/data/genimage/sd_1_4/imagenet_ai_0419_sdv4/val/ai/501_sdv4_00020.png,-11.095274925231934,0.9999848163306524,11.095274925231934,0.0001836507681585,0,1,sdv4,6.370115093886852,1,0.9999909754805908,4.680164158344269,0,111.82588338851927,1,0.4999909754805908,0.00011384937124302444,6.15914993840061e-06
/workspace/benchmarks_ai_research/data/genimage/sd_1_4/data/genimage/sd_1_4/imagenet_ai_0419_sdv4/val/nature/ILSVRC2012_val_00027460.JPEG,-8.060090065002441,0.9996842014079448,8.060090065002441,0.0028612135596213,0,0,real,6.392915267497301,0,0.0008659053192956,4.5828744769096375,0,131.06413930654526,0,0.4991340946807044,0.006971665148056434,0.9988182960886491
/workspace/benchmarks_ai_research/data/genimage/sd_1_4/data/genimage/sd_1_4/imagenet_ai_0419_sdv4/val/ai/428_sdv4_00143.png,-21.95845603942871,0.9999999997092206,21.95845603942871,6.6738490355502364e-09,0,1,sdv4,5.416492931544781,1,0.999373883787926,4.906125366687775,0,114.70600962638856,1,0.499373883787926,0.005244137411387219,0.0006261159212945788
/workspace/benchmarks_ai_research/data/genimage/sd_1_4/data/genimage/sd_1_4/imagenet_ai_0419_sdv4/val/nature/ILSVRC2012_val_00030302.JPEG,-13.674813270568848,0.999998848925202,13.674813270568848,1.6891806412601905e-05,0,0,real,6.388725247234106,0,1.9358266076331012e-08,4.630006849765778,0,101.60712897777556,0,0.4999999806417339,3.6316190400374616e-07,0.9999988295669359
/workspace/benchmarks_ai_research/data/genimage/sd_1_4/data/genimage/sd_1_4/imagenet_ai_0419_sdv4/val/ai/720_sdv4_00074.png,-1.246486783027649,0.776691123843193,1.246486783027649,0.5310641068965067,0,1,sdv4,5.486052948981524,1,0.9999999576591048,4.767574369907379,0,112.06215620040894,1,0.49999995765910477,7.611819694057916e-07,0.2233088338159117
/workspace/benchmarks_ai_research/data/genimage/sd_1_4/data/genimage/sd_1_4/imagenet_ai_0419_sdv4/val/nature/ILSVRC2012_val_00037567.JPEG,-34.41621398925781,0.9999999999999988,34.41621398925781,-9.677461325478552e-13,0,0,real,5.425773095339537,0,0.0603823222094571,4.554428160190582,0,104.24204170703888,0,0.4396176777905429,0.22801820229161657,0.9396176777905417
/workspace/benchmarks_ai_research/data/genimage/sd_1_4/data/genimage/sd_1_4/imagenet_ai_0419_sdv4/val/ai/660_sdv4_00143.png,-17.294282913208008,0.9999999691547464,17.294282913208008,5.642897942871909e-07,0,1,sdv4,39.64684484526515,1,0.8837047523711811,4.75534051656723,0,143.72461289167404,1,0.38370475237118107,0.3594779573385494,0.11629521678356536
/workspace/benchmarks_ai_research/data/genimage/sd_1_4/data/genimage/sd_1_4/imagenet_ai_0419_sdv4/val/nature/ILSVRC2012_val_00040647.JPEG,-3.5022332668304443,0.9707512464374304,3.5022332668304443,0.1321209848828692,0,0,real,5.402942653745413,0,0.0010279496254917,4.570364952087402,0,81.6524475812912,0,0.4989720503745083,0.008099908926829229,0.9697232968119387
/workspace/benchmarks_ai_research/data/genimage/sd_1_4/data/genimage/sd_1_4/imagenet_ai_0419_sdv4/val/ai/601_sdv4_00074.png,-13.21823501586914,0.9999981828419776,13.21823501586914,2.5836779419194253e-05,0,1,sdv4,5.476243328303099,1,0.9487411146004516,4.523850977420807,0,112.88835853338242,1,0.44874111460045163,0.20220540354545075,0.05125706824152598
/workspace/benchmarks_ai_research/data/genimage/sd_1_4/data/genimage/sd_1_4/imagenet_ai_0419_sdv4/val/nature/ILSVRC2012_val_00041568.JPEG,3.46195650100708,0.969585657119751,3.46195650100708,0.1361795281625899,1,0,real,6.578454747796059,0,8.496813505335276e-05,5.038626492023468,0,103.50219160318376,1,0.4999150318649466,0.0008813907570959324,0.9695006889846977
/workspace/benchmarks_ai_research/data/genimage/sd_1_4/data/genimage/sd_1_4/imagenet_ai_0419_sdv4/val/ai/851_sdv4_00143.png,-22.205209732055664,0.9999999997728044,22.205209732055664,5.2701239771476955e-09,0,1,sdv4,6.382614839822054,1,0.9733015532916172,4.815980792045593,0,113.07419091463088,1,0.47330155329161716,0.12307130262038679,0.026698446481187244
/workspace/benchmarks_ai_research/data/genimage/sd_1_4/data/genimage/sd_1_4/imagenet_ai_0419_sdv4/val/nature/ILSVRC2012_val_00025077.JPEG,-26.429140090942383,0.9999999999966735,26.429140090942383,8.936508123865879e-11,0,0,real,5.478803068399429,0,0.0014077844732936,4.555352032184601,0,98.72042387723924,0,0.4985922155267064,0.010649937238609245,0.99859221552338
/workspace/benchmarks_ai_research/data/genimage/sd_1_4/data/genimage/sd_1_4/imagenet_ai_0419_sdv4/val/nature/ILSVRC2012_val_00025642.JPEG,-30.152788162231445,0.9999999999999196,30.152788162231445,1.2933425456491892e-12,0,0,real,6.380344741046429,0,0.0016618802790833,4.560507833957672,0,100.58417171239851,0,0.4983381197209167,0.012296209337269496,0.9983381197208363
/workspace/benchmarks_ai_research/data/genimage/sd_1_4/data/genimage/sd_1_4/imagenet_ai_0419_sdv4/val/nature/ILSVRC2012_val_00043168.JPEG,-13.955021858215332,0.9999991302175316,13.955021858215332,1.3007614172760336e-05,0,0,real,5.549932830035687,1,0.9821980680156772,4.476107656955719,0,97.46097773313522,1,0.4821980680156772,0.0893566913120716,0.0178010622018544
/workspace/benchmarks_ai_research/data/genimage/sd_1_4/data/genimage/sd_1_4/imagenet_ai_0419_sdv4/val/ai/666_sdv4_00009.png,-18.32511711120605,0.999999988997212,18.32511711120605,2.1262816724951842e-07,0,1,sdv4,5.630804225802422,1,0.9432172095801148,4.649542272090912,0,112.51765489578248,1,0.4432172095801148,0.21802191944670446,0.056782779417097196
/workspace/benchmarks_ai_research/data/genimage/sd_1_4/data/genimage/sd_1_4/imagenet_ai_0419_sdv4/val/ai/221_sdv4_00020.png,-11.821707725524902,0.9999926566470094,11.821707725524902,9.415435029272318e-05,0,1,sdv4,5.838983692228794,1,0.9997216704298976,5.702778697013855,0,112.18032240867616,1,0.49972167042989757,0.002556892814525886,0.0002709862171118571
/workspace/benchmarks_ai_research/data/genimage/sd_1_4/data/genimage/sd_1_4/imagenet_ai_0419_sdv4/val/ai/801_sdv4_00127.png,-11.15837860107422,0.9999857448583498,11.15837860107422,0.0001733195094058,0,1,sdv4,6.412044633179903,0,0.4225923452137194,7.629938423633575,0,112.23941296339036,0,0.07740765478628059,0.6811149543833126,0.5773933996446303
/workspace/benchmarks_ai_research/data/genimage/sd_1_4/data/genimage/sd_1_4/imagenet_ai_0419_sdv4/val/nature/ILSVRC2012_val_00004897.JPEG,2.9839136600494385,0.9518420696258544,2.9839136600494385,0.1930552402246098,1,0,real,5.569412838667631,0,1.4804841244201431e-05,5.332246422767639,0,416.2784367799759,1,0.4999851951587558,0.00017944280051069542,0.9518272647846102
/workspace/benchmarks_ai_research/data/genimage/sd_1_4/data/genimage/sd_1_4/imagenet_ai_0419_sdv4/val/ai/415_sdv4_00020.png,7.047098636627197,0.99913090467453,7.047098636627197,0.0069941515888616,1,1,sdv4,5.586222745478153,1,0.9995684368705025,4.6048760414123535,0,139.6605223417282,0,0.49956843687050245,0.003775262874276944,0.0004375321959724232
/workspace/benchmarks_ai_research/data/genimage/sd_1_4/data/genimage/sd_1_4/imagenet_ai_0419_sdv4/val/nature/ILSVRC2012_val_00018598.JPEG,7.462932586669922,0.9994263648986816,7.462932586669922,0.0048548059131935,1,0,real,5.445542745292187,0,0.0229352533940342,4.804246127605438,0,91.08350425958632,1,0.4770647466059658,0.10925262506783541,0.9764911115046474
/workspace/benchmarks_ai_research/data/genimage/sd_1_4/data/genimage/sd_1_4/imagenet_ai_0419_sdv4/val/ai/124_sdv4_00035.png,-19.9355525970459,0.9999999978016364,19.9355525970459,4.602195479815214e-08,0,1,sdv4,5.465053021907806,1,0.9996577273380892,4.516951739788055,0,112.50924319028854,1,0.4996577273380892,0.0030735166789773896,0.0003422704635471785
/workspace/benchmarks_ai_research/data/genimage/sd_1_4/data/genimage/sd_1_4/imagenet_ai_0419_sdv4/val/nature/ILSVRC2012_val_00024034.JPEG,18.921449661254883,1.0,18.921449661254883,-1.000088900581841e-12,1,0,real,49.98053004965186,1,0.9697528938958836,4.672698676586151,0,109.45187509059906,0,0.4697528938958836,0.1356000869971995,0.030247106104116406
/workspace/benchmarks_ai_research/data/genimage/sd_1_4/data/genimage/sd_1_4/imagenet_ai_0419_sdv4/val/ai/234_sdv4_00127.png,-6.4928812980651855,0.9984881094424054,6.4928812980651855,0.0113295606227216,0,1,sdv4,5.435813218355179,1,0.9987956281946476,4.75107878446579,0,183.6637407541275,1,0.4987956281946476,0.009299189250748007,0.0003075187522422196
/workspace/benchmarks_ai_research/data/genimage/sd_1_4/data/genimage/sd_1_4/imagenet_ai_0419_sdv4/val/ai/735_sdv4_00127.png,5.20029878616333,0.9945153594017028,5.20029878616333,0.0340215347667736,1,1,sdv4,5.414373241364956,1,0.9999159778773864,4.557475447654724,0,164.40260410308838,0,0.4999159778773864,0.0008725183548496874,0.005400618475683627
/workspace/benchmarks_ai_research/data/genimage/sd_1_4/data/genimage/sd_1_4/imagenet_ai_0419_sdv4/val/nature/ILSVRC2012_val_00017393.JPEG,-11.594996452331545,0.9999907880201137,11.594996452331545,0.0001160248952951,0,0,real,6.384656298905611,0,1.6151866289325657e-06,4.684701561927795,0,135.24552434682846,0,0.49999838481337106,2.315540919708141e-05,0.9999891728334848
/workspace/benchmarks_ai_research/data/genimage/sd_1_4/data/genimage/sd_1_4/imagenet_ai_0419_sdv4/val/nature/ILSVRC2012_val_00031284.JPEG,-52.920387268066406,1.0,52.920387268066406,-1.0000889002945217e-12,0,0,real,5.4503330029547215,0,0.2470890062254011,4.673108458518982,0,124.38715994358064,0,0.2529109937745989,0.5591144351870303,0.7529109937745989
/workspace/benchmarks_ai_research/data/genimage/sd_1_4/data/genimage/sd_1_4/imagenet_ai_0419_sdv4/val/ai/783_sdv4_00074.png,-6.113471508026123,0.9977920304518192,6.113471508026123,0.0157087696802522,0,1,sdv4,5.451763048768044,1,0.9839276141397496,4.641279578208923,0,112.39393055438995,1,0.4839276141397496,0.08233197061701127,0.013864416312069583
/workspace/benchmarks_ai_research/data/genimage/sd_1_4/data/genimage/sd_1_4/imagenet_ai_0419_sdv4/val/ai/177_sdv4_00074.png,-1.3641101121902466,0.7964268922805786,1.3641101121902466,0.5053160819252749,0,1,sdv4,5.445952992886305,1,0.9329518590272712,4.701524972915649,0,128.18773835897446,1,0.4329518590272712,0.24593559204288595,0.13652496674669257
/workspace/benchmarks_ai_research/data/genimage/sd_1_4/data/genimage/sd_1_4/imagenet_ai_0419_sdv4/val/ai/111_sdv4_00039.png,-0.1679334193468094,0.5418849885463715,0.1679334193468094,0.6896343607953808,0,1,sdv4,5.442352965474129,1,0.9999991180973624,4.9461424350738525,0,111.79060488939284,1,0.4999991180973624,1.3176667343935097e-05,0.45811412955099096
/workspace/benchmarks_ai_research/data/genimage/sd_1_4/data/genimage/sd_1_4/imagenet_ai_0419_sdv4/val/ai/689_sdv4_00143.png,10.963553428649902,0.9999827146530152,10.963553428649902,0.0002068302851372,1,1,sdv4,5.581262987107039,1,0.9998885582387442,4.820257425308228,0,167.16500371694565,0,0.49988855823874423,0.0011257793991382699,9.415641427101828e-05
/workspace/benchmarks_ai_research/data/genimage/sd_1_4/data/genimage/sd_1_4/imagenet_ai_0419_sdv4/val/nature/ILSVRC2012_val_00033903.JPEG,3.021144151687622,0.9535202980041504,3.021144151687622,0.1880164861020128,1,0,real,5.878604017198086,0,0.0014434881201418,4.545576870441437,0,100.53344815969469,1,0.4985565118798582,0.010883858125634483,0.9520768098840086
/workspace/benchmarks_ai_research/data/genimage/sd_1_4/data/genimage/sd_1_4/imagenet_ai_0419_sdv4/val/nature/ILSVRC2012_val_00015721.JPEG,-1.4553771018981934,0.8108245879411697,1.4553771018981934,0.4850250922537237,0,0,real,6.468185689300299,0,0.0895567345507944,4.731990396976471,0,101.66406631469728,0,0.4104432654492056,0.30151106735274646,0.7212678533903754
/workspace/benchmarks_ai_research/data/genimage/sd_1_4/data/genimage/sd_1_4/imagenet_ai_0419_sdv4/val/nature/ILSVRC2012_val_00035043.JPEG,-1.6596425771713257,0.8401900082826614,1.6596425771713257,0.4393546679748747,0,0,real,6.497875787317753,0,0.0013056658162002,4.552640020847321,0,97.94776886701584,0,0.4986943341837998,0.009975794799283923,0.8388843424664613
/workspace/benchmarks_ai_research/data/genimage/sd_1_4/data/genimage/sd_1_4/imagenet_ai_0419_sdv4/val/nature/ILSVRC2012_val_00009339.JPEG,-1.7920866012573242,0.8571829050779343,1.7920866012573242,0.41004455547,0,0,real,5.4432726465165615,0,0.0064515826477062,4.7697871923446655,0,101.1255383491516,0,0.4935484173522938,0.03896883051059642,0.8507313224302281
/workspace/benchmarks_ai_research/data/genimage/sd_1_4/data/genimage/sd_1_4/imagenet_ai_0419_sdv4/val/nature/ILSVRC2012_val_00031528.JPEG,11.988896369934082,0.9999938011169434,11.988896369934082,8.053054531039454e-05,1,0,real,5.447672680020332,0,0.0028487428595953,4.623033106327057,0,102.78195142745972,1,0.4971512571404047,0.01954081421433076,0.997145058257348
/workspace/benchmarks_ai_research/data/genimage/sd_1_4/data/genimage/sd_1_4/imagenet_ai_0419_sdv4/val/ai/426_sdv4_00035.png,1.03510320186615,0.7379040122032166,1.03510320186615,0.5752378575129848,1,1,sdv4,6.382484920322895,0,0.1748147037576891,4.713468253612518,0,112.0033785700798,1,0.3251852962423109,0.46343900100242624,0.5630893084455275
/workspace/benchmarks_ai_research/data/genimage/sd_1_4/data/genimage/sd_1_4/imagenet_ai_0419_sdv4/val/ai/988_sdv4_00062.png,-10.265944480895996,0.9999652029946446,10.265944480895996,0.0003920217321035,0,1,sdv4,5.429342854768038,1,0.6683408377732389,4.721343517303467,0,111.50769889354706,1,0.16834083777323894,0.6353474096015654,0.3316243652214057
/workspace/benchmarks_ai_research/data/genimage/sd_1_4/data/genimage/sd_1_4/imagenet_ai_0419_sdv4/val/ai/700_sdv4_00020.png,8.218934059143066,0.9997305274009703,8.218934059143066,0.0024842433927851,1,1,sdv4,23.219555150717497,1,0.6968631987630635,4.65884804725647,0,111.9411289691925,0,0.19686319876306346,0.6134987259340781,0.3028673286379069
/workspace/benchmarks_ai_research/data/genimage/sd_1_4/data/genimage/sd_1_4/imagenet_ai_0419_sdv4/val/nature/ILSVRC2012_val_00016219.JPEG,-21.63186836242676,0.9999999995969128,21.63186836242676,9.12061589698998e-09,0,0,real,5.498404148966074,1,0.6982720148384389,4.557333886623383,0,100.6689965724945,1,0.19827201483843893,0.6123213185897773,0.30172798475847384
/workspace/benchmarks_ai_research/data/genimage/sd_1_4/data/genimage/sd_1_4/imagenet_ai_0419_sdv4/val/ai/072_sdv4_00127.png,-20.08404922485352,0.9999999981050044,20.08404922485352,3.995218330402463e-08,0,1,sdv4,5.580963101238012,1,0.9999983860519964,4.6134814620018005,0,111.8566244840622,1,0.4999983860519964,2.3138890341942463e-05,1.6120530079710704e-06
/workspace/benchmarks_ai_research/data/genimage/sd_1_4/data/genimage/sd_1_4/imagenet_ai_0419_sdv4/val/nature/ILSVRC2012_val_00015308.JPEG,-36.963375091552734,1.0,36.963375091552734,-9.974211419389578e-13,0,0,real,5.537003744393587,0,9.111824252403752e-06,4.675336182117462,0,139.45259153842926,0,0.4999908881757476,0.00011486304461286626,0.9999908881757475
/workspace/benchmarks_ai_research/data/genimage/sd_1_4/data/genimage/sd_1_4/imagenet_ai_0419_sdv4/val/ai/021_sdv4_00035.png,-7.252854824066162,0.9992923512472772,7.252854824066162,0.0058403729052532,0,1,sdv4,5.486202891916037,1,0.7842577446460971,4.579849541187286,0,111.46079003810884,1,0.2842577446460971,0.5214660082495245,0.21503460660118012
/workspace/benchmarks_ai_research/data/genimage/sd_1_4/data/genimage/sd_1_4/imagenet_ai_0419_sdv4/val/nature/ILSVRC2012_val_00002506.JPEG,-2.619020700454712,0.9320757314562798,2.619020700454712,0.2482362747699472,0,0,real,5.440522916615009,1,0.9125861947929534,4.601828753948212,0,102.4969220161438,1,0.41258619479295344,0.2965131221015049,0.019489536663326312
/workspace/benchmarks_ai_research/data/genimage/sd_1_4/data/genimage/sd_1_4/imagenet_ai_0419_sdv4/val/nature/ILSVRC2012_val_00036102.JPEG,3.630262851715088,0.9741753935813904,3.630262851715088,0.1199140443702252,1,0,real,5.419372580945492,0,0.1729538515928851,4.62350994348526,0,96.21071815490724,1,0.3270461484071149,0.46053914311668304,0.8012215419885053
/workspace/benchmarks_ai_research/data/genimage/sd_1_4/data/genimage/sd_1_4/imagenet_ai_0419_sdv4/val/ai/329_sdv4_00039.png,-3.7248051166534415,0.9764501713216304,3.7248051166534415,0.1115500815423109,0,1,sdv4,39.8307042196393,1,0.9305854761603236,4.643857479095459,0,111.96666955947876,1,0.4305854761603236,0.2521218624214857,0.04586469516130676
/workspace/benchmarks_ai_research/data/genimage/sd_1_4/data/genimage/sd_1_4/imagenet_ai_0419_sdv4/val/nature/ILSVRC2012_val_00026083.JPEG,-12.306283950805664,0.9999954767890812,12.306283950805664,6.018713691179208e-05,0,0,real,41.36222833767533,0,0.0004289586602063,4.67623770236969,0,100.7128208875656,0,0.4995710413397937,0.0037550764402528997,0.9995665181288749
/workspace/benchmarks_ai_research/data/genimage/sd_1_4/data/genimage/sd_1_4/imagenet_ai_0419_sdv4/val/nature/ILSVRC2012_val_00020147.JPEG,-9.348416328430176,0.9999129043280846,9.348416328430176,0.000901306059071,0,0,real,6.383094936609268,0,2.284543746362278e-06,4.768311977386475,0,101.07047855854034,0,0.49999771545625366,3.195926425980745e-05,0.9999106197843382
/workspace/benchmarks_ai_research/data/genimage/sd_1_4/data/genimage/sd_1_4/imagenet_ai_0419_sdv4/val/ai/904_sdv4_00039.png,2.4007954597473145,0.9168879389762878,2.4007954597473145,0.2863050744958629,1,1,sdv4,55.01643102616072,1,0.9973168324828168,4.469685256481171,0,112.23696917295456,0,0.4973168324828168,0.018565948189320367,0.08042889350652893
/workspace/benchmarks_ai_research/data/genimage/sd_1_4/data/genimage/sd_1_4/imagenet_ai_0419_sdv4/val/ai/284_sdv4_00003.png,0.6334688663482666,0.6532756090164185,0.6334688663482666,0.6453952928366267,1,1,sdv4,44.45171589031816,1,0.9999999587056286,4.718780517578125,0,111.87957972288132,0,0.49999995870562863,7.434015563233211e-07,0.3467243496892102
/workspace/benchmarks_ai_research/data/genimage/sd_1_4/data/genimage/sd_1_4/imagenet_ai_0419_sdv4/val/nature/ILSVRC2012_val_00026796.JPEG,-14.128621101379396,0.9999992688314592,14.128621101379396,1.106157008944354e-05,0,0,real,5.443512927740812,0,3.779369220866805e-08,4.64186817407608,0,101.50514543056488,0,0.49999996220630777,6.837283571305832e-07,0.999999231037767
/workspace/benchmarks_ai_research/data/genimage/sd_1_4/data/genimage/sd_1_4/imagenet_ai_0419_sdv4/val/ai/026_sdv4_00020.png,-8.180909156799316,0.999720131076174,8.180909156799316,0.002569490370094,0,1,sdv4,6.393195129930973,1,0.9956062169146758,4.93776798248291,0,111.01625114679337,1,0.49560621691467577,0.02823165810190072,0.0041139141614982
/workspace/benchmarks_ai_research/data/genimage/sd_1_4/data/genimage/sd_1_4/imagenet_ai_0419_sdv4/val/ai/869_sdv4_00009.png,-6.1177263259887695,0.997801384422928,6.1177263259887695,0.0156515645584324,0,1,sdv4,5.46191306784749,0,0.4580709432652693,4.671439528465271,0,159.65930372476578,0,0.041929056734730685,0.6896269563582919,0.5397304411576587
/workspace/benchmarks_ai_research/data/genimage/sd_1_4/data/genimage/sd_1_4/imagenet_ai_0419_sdv4/val/ai/467_sdv4_00035.png,-19.559465408325195,0.9999999967979204,19.559465408325195,6.583104265683299e-08,0,1,sdv4,6.412605755031109,1,0.8202804513232717,4.569835960865021,0,112.47994750738144,1,0.32028045132327165,0.470967958600556,0.17971954547464875
/workspace/benchmarks_ai_research/data/genimage/sd_1_4/data/genimage/sd_1_4/imagenet_ai_0419_sdv4/val/ai/564_sdv4_00074.png,5.711524486541748,0.996703326702118,5.711524486541748,0.0221311983669127,1,1,sdv4,5.558632779866457,1,0.9873873304084572,4.670083522796631,0,133.7189823389053,0,0.48738733040845716,0.06768867157901141,0.009315996293660866
/workspace/benchmarks_ai_research/data/genimage/sd_1_4/data/genimage/sd_1_4/imagenet_ai_0419_sdv4/val/ai/933_sdv4_00074.png,-0.7169799208641052,0.6719416379928589,0.7169799208641052,0.6327950627144148,0,1,sdv4,35.23476421833038,1,0.999558873968107,4.689626395702362,0,112.27677762508392,1,0.49955887396810705,0.003849247816680789,0.32761723597524817
/workspace/benchmarks_ai_research/data/genimage/sd_1_4/data/genimage/sd_1_4/imagenet_ai_0419_sdv4/val/nature/ILSVRC2012_val_00011275.JPEG,5.741100788116455,0.9967989921569824,5.741100788116455,0.0215833950993071,1,0,real,6.392474751919508,1,0.5153791450659219,4.48174774646759,0,79.49704676866531,0,0.015379145065921862,0.6926740697360368,0.48141984709106056
/workspace/benchmarks_ai_research/data/genimage/sd_1_4/data/genimage/sd_1_4/imagenet_ai_0419_sdv4/val/ai/007_sdv4_00074.png,-1.857192873954773,0.8649694174528122,1.857192873954773,0.3958389620873355,0,1,sdv4,5.558952689170837,1,0.9999890340767033,4.738256335258484,0,111.87060177326202,1,0.49998903407670325,0.00013620457848555846,0.13501961662389106
/workspace/benchmarks_ai_research/data/genimage/sd_1_4/data/genimage/sd_1_4/imagenet_ai_0419_sdv4/val/nature/ILSVRC2012_val_00009473.JPEG,-6.333760738372803,0.9982278016395868,6.333760738372803,0.0129984509246395,0,0,real,5.422023124992847,0,0.0001966927769264,4.57676500082016,0,109.37869548797607,0,0.4998033072230736,0.0018752235368528864,0.9980311088626604
/workspace/benchmarks_ai_research/data/genimage/sd_1_4/data/genimage/sd_1_4/imagenet_ai_0419_sdv4/val/nature/ILSVRC2012_val_00026784.JPEG,4.663816928863525,0.9906576871871948,4.663816928863525,0.0529570464938056,1,0,real,5.539842881262302,0,0.0005891334276104,4.721194505691528,0,100.18395632505415,1,0.4994108665723896,0.004970261418567825,0.9900685537595845
/workspace/benchmarks_ai_research/data/genimage/sd_1_4/data/genimage/sd_1_4/imagenet_ai_0419_sdv4/val/ai/935_sdv4_00035.png,-0.8846031427383423,0.707775205373764,0.8846031427383423,0.6041317266037384,0,1,sdv4,5.465672817081213,1,0.9955777542058132,4.567719995975494,0,113.08801174163818,1,0.4955777542058132,0.02838592356204811,0.28780254883204914
/workspace/benchmarks_ai_research/data/genimage/sd_1_4/data/genimage/sd_1_4/imagenet_ai_0419_sdv4/val/nature/ILSVRC2012_val_00010768.JPEG,-4.979310512542725,0.9931681910529732,4.979310512542725,0.0408729508489352,0,0,real,6.347455084323883,0,0.0001839578425033,4.596680402755737,0,98.62352162599564,0,0.4998160421574967,0.0017661262564501708,0.9929842332104699
/workspace/benchmarks_ai_research/data/genimage/sd_1_4/data/genimage/sd_1_4/imagenet_ai_0419_sdv4/val/nature/ILSVRC2012_val_00013055.JPEG,-2.547156572341919,0.9273822605609894,2.547156572341919,0.2603581901278257,0,0,real,50.8471610955894,0,0.0040132008380228,4.546009004116058,0,87.47841417789459,0,0.4959867991619772,0.026150646137058503,0.9233690597229666
/workspace/benchmarks_ai_research/data/genimage/sd_1_4/data/genimage/sd_1_4/imagenet_ai_0419_sdv4/val/nature/ILSVRC2012_val_00003010.JPEG,-28.530881881713867,0.9999999999995932,28.530881881713867,1.0503458493334578e-11,0,0,real,6.509166210889816,0,0.0014239334278292,4.701815545558929,0,101.79419070482254,0,0.4985760665721708,0.010755851892267796,0.998576066571764
/workspace/benchmarks_ai_research/data/genimage/sd_1_4/data/genimage/sd_1_4/imagenet_ai_0419_sdv4/val/ai/366_sdv4_00062.png,-6.95514440536499,0.9990471924538724,6.95514440536499,0.0075801757827236,0,1,sdv4,6.4980648458004,1,0.7449182992558057,4.845269024372101,0,113.27807605266572,1,0.24491829925580566,0.567849407761937,0.25412889319806675
/workspace/benchmarks_ai_research/data/genimage/sd_1_4/data/genimage/sd_1_4/imagenet_ai_0419_sdv4/val/nature/ILSVRC2012_val_00009076.JPEG,-19.49142265319824,0.9999999965724587,19.49142265319824,7.023319448522025e-08,0,0,real,44.75872591137886,0,0.0019353745427925,4.651546478271484,0,102.68634557724,0,0.4980646254572075,0.014024664714657754,0.9980646220296663
/workspace/benchmarks_ai_research/data/genimage/sd_1_4/data/genimage/sd_1_4/imagenet_ai_0419_sdv4/val/nature/ILSVRC2012_val_00031207.JPEG,-10.64757251739502,0.9999762421193736,10.64757251739502,0.000276721917467,0,0,real,5.4696230217814445,0,2.2708425022443245e-05,5.3227245807647705,0,112.41163313388824,0,0.49997729157497756,0.0002655242344703444,0.9999535336943512
/workspace/benchmarks_ai_research/data/genimage/sd_1_4/data/genimage/sd_1_4/imagenet_ai_0419_sdv4/val/ai/368_sdv4_00020.png,-4.484549522399902,0.9888438945636152,4.484549522399902,0.0612489091995192,0,1,sdv4,5.541822873055935,1,0.999930538856326,4.706881940364838,0,123.55811893939972,1,0.499930538856326,0.0007345313315227465,0.011086644292710779
/workspace/benchmarks_ai_research/data/genimage/sd_1_4/data/genimage/sd_1_4/imagenet_ai_0419_sdv4/val/nature/ILSVRC2012_val_00039784.JPEG,3.218755960464477,0.9615339636802672,3.218755960464477,0.1630381072658617,1,0,real,5.493203178048134,0,0.0581345825537886,4.536226391792297,0,102.56415605545044,1,0.4418654174462114,0.22180360733025736,0.9033993811264787
/workspace/benchmarks_ai_research/data/genimage/sd_1_4/data/genimage/sd_1_4/imagenet_ai_0419_sdv4/val/ai/564_sdv4_00035.png,-9.285048484802246,0.9999072071805132,9.285048484802246,0.0009543829524189,0,1,sdv4,5.437302868813276,1,0.9988098672915198,4.690282046794891,0,112.36245185136796,1,0.49880986729151977,0.009203409480685182,0.0010973398889934094
/workspace/benchmarks_ai_research/data/genimage/sd_1_4/data/genimage/sd_1_4/imagenet_ai_0419_sdv4/val/ai/991_sdv4_00127.png,-5.16260290145874,0.9943058351054788,5.16260290145874,0.0351071506112828,0,1,sdv4,5.43633196502924,1,0.9086534832226634,4.686206579208374,0,111.05011403560638,1,0.40865348322266337,0.3056421516823108,0.08565235188281539
/workspace/benchmarks_ai_research/data/genimage/sd_1_4/data/genimage/sd_1_4/imagenet_ai_0419_sdv4/val/ai/303_sdv4_00074.png,-6.840905666351318,0.9989320071181282,6.840905666351318,0.0083746021194989,0,1,sdv4,5.56822307407856,1,0.99997405416111,4.634097218513489,0,113.69762569665907,1,0.49997405416110996,0.0002999205682094735,0.0010420470429817197
/workspace/benchmarks_ai_research/data/genimage/sd_1_4/data/genimage/sd_1_4/imagenet_ai_0419_sdv4/val/ai/057_sdv4_00039.png,-0.2845838963985443,0.5706696808338165,0.2845838963985443,0.683125248264218,0,1,sdv4,5.495112854987383,0,0.2155166756596566,4.792504012584686,0,111.44744604825974,0,0.2844833243403434,0.5211747126620092,0.35515300517415993
/workspace/benchmarks_ai_research/data/genimage/sd_1_4/data/genimage/sd_1_4/imagenet_ai_0419_sdv4/val/ai/000_sdv4_00074.png,22.85039329528809,1.0,22.85039329528809,-1.000088900581841e-12,1,1,sdv4,6.467735860496759,1,0.5678502505689073,4.569306969642639,0,112.03258484601974,0,0.06785025056890726,0.6839113991262791,0.43214974943109274
/workspace/benchmarks_ai_research/data/genimage/sd_1_4/data/genimage/sd_1_4/imagenet_ai_0419_sdv4/val/ai/538_sdv4_00127.png,-6.0319905281066895,0.9976050392724574,6.0319905281066895,0.0168442138575985,0,1,sdv4,48.006405122578144,0,0.0127246648986785,4.692539572715759,0,111.73615604639052,0,0.4872753351013215,0.06817650937678382,0.9848803743737788
/workspace/benchmarks_ai_research/data/genimage/sd_1_4/data/genimage/sd_1_4/imagenet_ai_0419_sdv4/val/nature/ILSVRC2012_val_00044822.JPEG,-7.407270908355713,0.9993935434613376,7.407270908355713,0.0050988283469798,0,0,real,6.436144933104515,0,2.412716544355953e-05,4.601836204528809,0,117.80932545661926,0,0.49997587283455647,0.00028065104900007844,0.999369416295894
/workspace/benchmarks_ai_research/data/genimage/sd_1_4/data/genimage/sd_1_4/imagenet_ai_0419_sdv4/val/nature/ILSVRC2012_val_00013331.JPEG,-19.0896053314209,0.9999999948774088,19.0896053314209,1.0290883687001733e-07,0,0,real,6.457285024225712,0,0.0155191477364781,4.585400223731995,0,100.45523196458817,0,0.4844808522635219,0.08004591182318911,0.9844808471409306
/workspace/benchmarks_ai_research/data/genimage/sd_1_4/data/genimage/sd_1_4/imagenet_ai_0419_sdv4/val/ai/741_sdv4_00135.png,-10.332345962524414,0.999967438456224,10.332345962524414,0.0003689992098894,0,1,sdv4,6.40297494828701,1,0.737815545852199,4.747994244098663,0,113.00811171531676,1,0.237815545852199,0.5753294090620187,0.26215189260402505
/workspace/benchmarks_ai_research/data/genimage/sd_1_4/data/genimage/sd_1_4/imagenet_ai_0419_sdv4/val/nature/ILSVRC2012_val_00036734.JPEG,-10.269486427307127,0.999965326023812,10.269486427307127,0.0003907585037519,0,0,real,5.440122913569212,0,1.6810825055080777e-05,4.497110843658447,0,85.12834459543228,0,0.49998318917494494,0.00020162027737357323,0.9999485151987569
/workspace/benchmarks_ai_research/data/genimage/sd_1_4/data/genimage/sd_1_4/imagenet_ai_0419_sdv4/val/nature/ILSVRC2012_val_00001504.JPEG,-18.05097770690918,0.9999999855269532,18.05097770690918,2.7572369193618653e-07,0,0,real,6.5277148969471455,0,1.3483340570098616e-05,4.551887512207031,0,97.12156653404236,0,0.4999865166594299,0.00016468617939166313,0.9999865021863832
/workspace/benchmarks_ai_research/data/genimage/sd_1_4/data/genimage/sd_1_4/imagenet_ai_0419_sdv4/val/ai/933_sdv4_00009.png,-13.673876762390137,0.9999988478466548,13.673876762390137,1.6906554836721127e-05,0,1,sdv4,5.477333441376686,1,0.999819627842266,4.854127764701843,0,118.55605989694595,1,0.49981962784226597,0.0017352519628255967,0.0001792200043888581
/workspace/benchmarks_ai_research/data/genimage/sd_1_4/data/genimage/sd_1_4/imagenet_ai_0419_sdv4/val/nature/ILSVRC2012_val_00033123.JPEG,11.29644012451172,0.9999876022338868,11.29644012451172,0.0001524675775677,1,0,real,5.498792976140976,0,7.035722014404994e-05,4.65267151594162,0,100.9986251592636,1,0.49992964277985596,0.0007431052156495037,0.9999172450137428
/workspace/benchmarks_ai_research/data/genimage/sd_1_4/data/genimage/sd_1_4/imagenet_ai_0419_sdv4/val/nature/ILSVRC2012_val_00002204.JPEG,13.855780601501465,0.9999990463256836,13.855780601501465,1.4174405133469909e-05,1,0,real,5.424852948635817,0,0.0016621304474042,4.524640738964081,0,102.11282968521118,1,0.4983378695525958,0.012297809930939946,0.9983369158782794
/workspace/benchmarks_ai_research/data/genimage/sd_1_4/data/genimage/sd_1_4/imagenet_ai_0419_sdv4/val/ai/707_sdv4_00035.png,-6.027359962463379,0.997593950247392,6.027359962463379,0.0169110770586762,0,1,sdv4,6.352684926241636,1,0.9999578367191146,4.625201225280762,0,113.60397189855576,1,0.49995783671911465,0.0004669136303959316,0.002363886471722698
/workspace/benchmarks_ai_research/data/genimage/sd_1_4/data/genimage/sd_1_4/imagenet_ai_0419_sdv4/val/nature/ILSVRC2012_val_00014288.JPEG,-4.971115589141846,0.9931123619899154,4.971115589141846,0.0411507120248346,0,0,real,5.446142982691526,1,0.9034268835990474,4.792794585227966,0,102.4358496069908,1,0.40342688359904744,0.31748742448385964,0.08968547839086793
/workspace/benchmarks_ai_research/data/genimage/sd_1_4/data/genimage/sd_1_4/imagenet_ai_0419_sdv4/val/nature/ILSVRC2012_val_00037210.JPEG,-19.53538703918457,0.999999996719884,19.53538703918457,6.735645094852191e-08,0,0,real,5.489462986588478,0,0.0001731571787773,4.587143659591675,0,100.26554018259048,0,0.4998268428212227,0.0016729103317148456,0.9998268395411067
/workspace/benchmarks_ai_research/data/genimage/sd_1_4/data/genimage/sd_1_4/imagenet_ai_0419_sdv4/val/ai/063_sdv4_00143.png,-10.448319435119627,0.9999710038791818,10.448319435119627,0.0003319572739358,0,1,sdv4,45.842828694731,1,0.7865085773873699,4.733890295028687,0,164.4907221198082,1,0.2865085773873699,0.5185459542065828,0.2134624264918119
/workspace/benchmarks_ai_research/data/genimage/sd_1_4/data/genimage/sd_1_4/imagenet_ai_0419_sdv4/val/nature/ILSVRC2012_val_00016924.JPEG,-24.21653938293457,0.9999999999695988,24.21653938293457,7.646289337053451e-10,0,0,real,6.391845177859068,0,0.0001689060125176,4.754170775413513,0,101.2619137763977,0,0.4998310939874824,0.0016360377691201533,0.9998310939570811
/workspace/benchmarks_ai_research/data/genimage/sd_1_4/data/genimage/sd_1_4/imagenet_ai_0419_sdv4/val/nature/ILSVRC2012_val_00048687.JPEG,-3.249129056930542,0.9626418054103852,3.249129056930542,0.1594554904674307,0,0,real,6.133203860372305,0,1.4971794598520245e-05,4.705063998699188,0,101.4275923371315,0,0.49998502820540147,0.00018129847436150676,0.9626268336157867
/workspace/benchmarks_ai_research/data/genimage/sd_1_4/data/genimage/sd_1_4/imagenet_ai_0419_sdv4/val/ai/166_sdv4_00143.png,-16.805713653564453,0.9999999497227812,16.805713653564453,8.952197663709793e-07,0,1,sdv4,6.358864717185497,1,0.9841309769612896,4.757195711135864,0,112.16815561056136,1,0.4841309769612896,0.08149393147423772,0.015868972761491573
/workspace/benchmarks_ai_research/data/genimage/sd_1_4/data/genimage/sd_1_4/imagenet_ai_0419_sdv4/val/ai/218_sdv4_00020.png,-7.232494831085205,0.9992778064333834,7.232494831085205,0.0059457157613486,0,1,sdv4,5.469852592796087,1,0.99999991382375,4.70501184463501,0,113.45585435628892,1,0.49999991382375,1.4879922076292417e-06,0.0007221073903665998
/workspace/benchmarks_ai_research/data/genimage/sd_1_4/data/genimage/sd_1_4/imagenet_ai_0419_sdv4/val/nature/ILSVRC2012_val_00018468.JPEG,14.879782676696776,0.9999996423721312,14.879782676696776,5.6661726569141535e-06,1,0,real,48.952295910567045,0,0.000166512628589,4.74722683429718,0,102.19576209783554,1,0.499833487371411,0.0016152317976375627,0.9998331297435422
/workspace/benchmarks_ai_research/data/genimage/sd_1_4/data/genimage/sd_1_4/imagenet_ai_0419_sdv4/val/nature/ILSVRC2012_val_00043774.JPEG,-9.59664249420166,0.9999320481001632,9.59664249420166,0.0007200642968874,0,0,real,5.477692931890488,0,1.1393655327903257e-05,4.599757492542267,0,102.73009538650513,0,0.49998860634467207,0.00014108134502980192,0.9999206544448354
/workspace/benchmarks_ai_research/data/genimage/sd_1_4/data/genimage/sd_1_4/imagenet_ai_0419_sdv4/val/nature/ILSVRC2012_val_00009956.JPEG,-5.175663948059082,0.9943793080747128,5.175663948059082,0.0347273600628645,0,0,real,5.417712964117527,0,5.754973845411355e-06,4.552319645881653,0,101.43067687749864,0,0.4999942450261546,7.519128179673409e-05,0.9943735531008674
/workspace/benchmarks_ai_research/data/genimage/sd_1_4/data/genimage/sd_1_4/imagenet_ai_0419_sdv4/val/nature/ILSVRC2012_val_00029318.JPEG,21.589147567749023,1.0,21.589147567749023,-1.000088900581841e-12,1,0,real,31.61771595478058,0,2.109585632706483e-09,4.654012620449066,0,98.08430075645448,1,0.4999999978904144,4.425030190698693e-08,0.9999999978904144
/workspace/benchmarks_ai_research/data/genimage/sd_1_4/data/genimage/sd_1_4/imagenet_ai_0419_sdv4/val/ai/640_sdv4_00074.png,-47.8189811706543,1.0,47.8189811706543,-1.0000888533888737e-12,0,1,sdv4,6.397146265953779,1,0.997589942528587,4.923075437545776,0,111.77684366703032,1,0.497589942528587,0.01693522967883456,0.002410057471412985
/workspace/benchmarks_ai_research/data/genimage/sd_1_4/data/genimage/sd_1_4/imagenet_ai_0419_sdv4/val/nature/ILSVRC2012_val_00012869.JPEG,-20.06619071960449,0.9999999980708584,20.06619071960449,4.0637663370173215e-08,0,0,real,55.31964171677828,0,1.7808531673727505e-08,4.735514521598816,0,101.26705467700958,0,0.49999998219146835,3.355746369415161e-07,0.9999999802623267
/workspace/benchmarks_ai_research/data/genimage/sd_1_4/data/genimage/sd_1_4/imagenet_ai_0419_sdv4/val/ai/684_sdv4_00127.png,-0.4185312688350677,0.6031317114830017,0.4185312688350677,0.6717214167997109,0,1,sdv4,6.3462164252996445,1,0.985156832295868,4.547342658042908,0,115.90693891048431,1,0.48515683229586803,0.0772253950900657,0.3820251208128663
/workspace/benchmarks_ai_research/data/genimage/sd_1_4/data/genimage/sd_1_4/imagenet_ai_0419_sdv4/val/nature/ILSVRC2012_val_00022489.JPEG,23.833948135375977,1.0,23.833948135375977,-1.000088900581841e-12,1,0,real,46.84374202042818,0,0.0007490484561503,4.560694098472595,0,99.87973421812056,1,0.4992509515438497,0.0061394500266722845,0.9992509515438497
/workspace/benchmarks_ai_research/data/genimage/sd_1_4/data/genimage/sd_1_4/imagenet_ai_0419_sdv4/val/nature/ILSVRC2012_val_00007599.JPEG,-12.397381782531738,0.99999587063121,12.397381782531738,5.53227370822081e-05,0,0,real,5.454843398183584,0,0.4839776888905371,4.74422425031662,0,100.66093504428864,0,0.016022311109462894,0.6926336637455095,0.5160181817406728
/workspace/benchmarks_ai_research/data/genimage/sd_1_4/data/genimage/sd_1_4/imagenet_ai_0419_sdv4/val/nature/ILSVRC2012_val_00042755.JPEG,26.22610664367676,1.0,26.22610664367676,-1.000088900581841e-12,1,0,real,38.03457133471966,0,0.0001007268082604,4.419960081577301,0,100.98031908273695,1,0.4998992731917396,0.0010277204786704093,0.9998992731917395
/workspace/benchmarks_ai_research/data/genimage/sd_1_4/data/genimage/sd_1_4/imagenet_ai_0419_sdv4/val/ai/980_sdv4_00143.png,6.5477166175842285,0.9985686540603638,6.5477166175842285,0.0108044061071452,1,1,sdv4,5.587093066424131,1,0.8747385754201303,4.887230694293976,0,112.05651611089706,0,0.37473857542013034,0.37727855775982605,0.12383007864023343
/workspace/benchmarks_ai_research/data/genimage/sd_1_4/data/genimage/sd_1_4/imagenet_ai_0419_sdv4/val/ai/989_sdv4_00035.png,2.0571439266204834,0.8866674900054932,2.0571439266204834,0.3534265276881275,1,1,sdv4,46.19078990072012,1,0.9988739109411352,4.7769695520401,0,116.7312115430832,0,0.4988739109411352,0.008770478647828994,0.11220642093564204
/workspace/benchmarks_ai_research/data/genimage/sd_1_4/data/genimage/sd_1_4/imagenet_ai_0419_sdv4/val/nature/ILSVRC2012_val_00037498.JPEG,-10.12909698486328,0.9999601001036352,10.12909698486328,0.0004440506081914,0,0,real,5.434403195977211,0,0.0389023407349065,4.547819495201111,0,101.34711116552351,0,0.4610976592650935,0.1644398998274542,0.9610577593687287
/workspace/benchmarks_ai_research/data/genimage/sd_1_4/data/genimage/sd_1_4/imagenet_ai_0419_sdv4/val/nature/ILSVRC2012_val_00011532.JPEG,15.822312355041504,0.9999998807907104,15.822312355041504,2.0196876902912675e-06,1,0,real,42.99298208206892,0,0.0001158421001468,4.629693925380707,0,101.04165226221085,1,0.4998841578998532,0.0011657450671888488,0.9998840386905636
/workspace/benchmarks_ai_research/data/genimage/sd_1_4/data/genimage/sd_1_4/imagenet_ai_0419_sdv4/val/ai/312_sdv4_00074.png,2.197243452072144,0.9000017046928406,2.197243452072144,0.3250792277802977,1,1,sdv4,5.467922892421484,1,0.7931633888490285,4.554182291030884,0,113.3945807814598,0,0.2931633888490285,0.5097351444001599,0.10683831584381209
/workspace/benchmarks_ai_research/data/genimage/sd_1_4/data/genimage/sd_1_4/imagenet_ai_0419_sdv4/val/nature/ILSVRC2012_val_00016803.JPEG,1.0611764192581177,0.7429152727127075,1.0611764192581177,0.5699854933201876,1,0,real,5.466592963784933,1,0.9482684139212736,4.511944949626923,0,98.71049970388412,0,0.4482684139212736,0.2035825701860758,0.20535314120856607
/workspace/benchmarks_ai_research/data/genimage/sd_1_4/data/genimage/sd_1_4/imagenet_ai_0419_sdv4/val/ai/634_sdv4_00020.png,-12.094624519348145,0.9999944105525174,12.094624519348145,7.319172971692798e-05,0,1,sdv4,5.484872963279486,0,0.1740015161424341,7.763981819152832,0,113.4502962231636,0,0.3259984838575659,0.462174735432174,0.8259928944100833
/workspace/benchmarks_ai_research/data/genimage/sd_1_4/data/genimage/sd_1_4/imagenet_ai_0419_sdv4/val/nature/ILSVRC2012_val_00019536.JPEG,-17.47236442565918,0.9999999741864052,17.47236442565918,4.76836133593102e-07,0,0,real,43.3278838172555,0,0.0022246433971497,4.581749439239502,0,98.82435947656631,0,0.4977753566028503,0.01581064184214042,0.9977753307892555
/workspace/benchmarks_ai_research/data/genimage/sd_1_4/data/genimage/sd_1_4/imagenet_ai_0419_sdv4/val/nature/ILSVRC2012_val_00020875.JPEG,15.915959358215332,0.9999998807907104,15.915959358215332,2.0196876902912675e-06,1,0,real,5.444793030619621,0,0.2461913339195471,4.526033997535706,0,102.5477647781372,1,0.25380866608045294,0.55811208262497,0.7538085468711634
/workspace/benchmarks_ai_research/data/genimage/sd_1_4/data/genimage/sd_1_4/imagenet_ai_0419_sdv4/val/nature/ILSVRC2012_val_00014049.JPEG,17.542003631591797,1.0,17.542003631591797,-1.000088900581841e-12,1,0,real,5.484513007104397,1,0.9053001965596678,4.676885902881622,0,101.04266554117204,0,0.40530019655966776,0.3132786651681738,0.09469980344033224
/workspace/benchmarks_ai_research/data/genimage/sd_1_4/data/genimage/sd_1_4/imagenet_ai_0419_sdv4/val/nature/ILSVRC2012_val_00015024.JPEG,8.615379333496094,0.999818742275238,8.615379333496094,0.0017428836525191,1,0,real,6.400905083864927,0,0.0903181109244041,4.628881812095642,0,101.18941962718964,1,0.4096818890755959,0.30327319850286544,0.9095006313508339
/workspace/benchmarks_ai_research/data/genimage/sd_1_4/data/genimage/sd_1_4/imagenet_ai_0419_sdv4/val/ai/977_sdv4_00127.png,12.058279037475586,0.999994158744812,12.058279037475586,7.623166060394968e-05,1,1,sdv4,6.374794989824295,1,0.9662304262492036,4.7326236963272095,0,113.27772587537766,0,0.46623042624920363,0.14761075588284056,0.03376373249560838
/workspace/benchmarks_ai_research/data/genimage/sd_1_4/data/genimage/sd_1_4/imagenet_ai_0419_sdv4/val/nature/ILSVRC2012_val_00039177.JPEG,2.8266360759735107,0.9440982937812804,2.8266360759735107,0.2155387342605281,1,0,real,46.136749908328056,0,0.2193078514545042,4.500150680541992,0,100.30729323625565,1,0.2806921485454958,0.5260305353466933,0.7247904423267761
/workspace/benchmarks_ai_research/data/genimage/sd_1_4/data/genimage/sd_1_4/imagenet_ai_0419_sdv4/val/nature/ILSVRC2012_val_00043097.JPEG,-11.448381423950195,0.9999893333888394,11.448381423950195,0.0001327820997235,0,0,real,39.18975405395031,0,4.967894595105232e-05,4.6933963894844055,0,100.18369555473328,0,0.49995032105404896,0.0005419925538598285,0.9999396544428883
/workspace/benchmarks_ai_research/data/genimage/sd_1_4/data/genimage/sd_1_4/imagenet_ai_0419_sdv4/val/nature/ILSVRC2012_val_00026882.JPEG,3.895304918289185,0.9800681471824646,3.895304918289185,0.0977737780873518,1,0,real,6.38065580278635,0,0.000287281679916,4.471689462661743,0,101.69178992509842,1,0.499712718320084,0.002630036114073072,0.9797808655025486
/workspace/benchmarks_ai_research/data/genimage/sd_1_4/data/genimage/sd_1_4/imagenet_ai_0419_sdv4/val/ai/486_sdv4_00143.png,-10.028361320495604,0.9999558715353488,10.028361320495604,0.0004866656277738,0,1,sdv4,6.433825008571148,1,0.9999997158888206,4.660218954086304,0,152.28046476840973,1,0.49999971588882064,4.566772702060888e-06,4.384435347182247e-05
/workspace/benchmarks_ai_research/data/genimage/sd_1_4/data/genimage/sd_1_4/imagenet_ai_0419_sdv4/val/ai/751_sdv4_00074.png,-11.779902458190918,0.9999923431523712,11.779902458190918,9.785379376421984e-05,0,1,sdv4,5.467982962727547,0,0.1960201292487177,4.748813807964325,0,111.84260249137878,0,0.3039798707512823,0.4948354041902537,0.8039722139036535
/workspace/benchmarks_ai_research/data/genimage/sd_1_4/data/genimage/sd_1_4/imagenet_ai_0419_sdv4/val/nature/ILSVRC2012_val_00043939.JPEG,-11.421100616455078,0.999989038392414,11.421100616455078,0.000136155289169,0,0,real,6.3681453466415405,0,0.0004350657646083,4.6953484416008,0,102.38351672887802,0,0.4995649342353917,0.003802385936270385,0.9995539726278058
/workspace/benchmarks_ai_research/data/genimage/sd_1_4/data/genimage/sd_1_4/imagenet_ai_0419_sdv4/val/ai/319_sdv4_00074.png,-7.052676200866699,0.9991356569807976,7.052676200866699,0.0069606481637683,0,1,sdv4,6.361175328493118,1,0.9974753339505712,4.842512309551239,0,112.81779408454896,1,0.4974753339505712,0.017623136187137168,0.0016603230302264516
/workspace/benchmarks_ai_research/data/genimage/sd_1_4/data/genimage/sd_1_4/imagenet_ai_0419_sdv4/val/nature/ILSVRC2012_val_00029180.JPEG,-3.015392303466797,0.9532646760344504,3.015392303466797,0.1887880212434226,0,0,real,5.39978314191103,0,1.1574511031139917e-06,4.997730255126953,0,98.048098385334,0,0.49999884254889687,1.6978983564454717e-05,0.9532635185833473
/workspace/benchmarks_ai_research/data/genimage/sd_1_4/data/genimage/sd_1_4/imagenet_ai_0419_sdv4/val/ai/814_sdv4_00143.png,18.87120246887207,1.0,18.87120246887207,-1.000088900581841e-12,1,1,sdv4,6.551865953952074,1,0.9998262916103916,4.677325487136841,0,112.98827826976776,0,0.4998262916103916,0.0016776835680438584,0.00017370838960839574
/workspace/benchmarks_ai_research/data/genimage/sd_1_4/data/genimage/sd_1_4/imagenet_ai_0419_sdv4/val/ai/185_sdv4_00127.png,-0.5215885639190674,0.6275191307067871,0.5215885639190674,0.6602628512627373,0,1,sdv4,6.408425979316235,0,0.331027310684058,4.80005145072937,0,141.16372168064115,0,0.168972689315942,0.6349037764116154,0.2964918200227291
/workspace/benchmarks_ai_research/data/genimage/sd_1_4/data/genimage/sd_1_4/imagenet_ai_0419_sdv4/val/nature/ILSVRC2012_val_00032239.JPEG,6.629312515258789,0.9986806511878968,6.629312515258789,0.0100665747334346,1,0,real,5.471502896398306,0,0.1190343209489139,4.576876759529114,0,112.05117404460908,1,0.3809656790510861,0.3649965175118669,0.879646330238983
/workspace/benchmarks_ai_research/data/genimage/sd_1_4/data/genimage/sd_1_4/imagenet_ai_0419_sdv4/val/nature/ILSVRC2012_val_00004832.JPEG,-46.670501708984375,1.0,46.670501708984375,-1.0000887517637962e-12,0,0,real,5.515462718904018,0,0.0474514015073756,4.70375269651413,0,101.98097676038742,0,0.4525485984926244,0.19094154888235138,0.9525485984926244
/workspace/benchmarks_ai_research/data/genimage/sd_1_4/data/genimage/sd_1_4/imagenet_ai_0419_sdv4/val/nature/ILSVRC2012_val_00024486.JPEG,-15.448497772216797,0.9999998046548768,15.448497772216797,3.213131845159057e-06,0,0,real,5.446992814540863,0,0.002209432390193,4.549577832221985,0,102.69124805927277,0,0.497790567609807,0.015717712237697194,0.9977903722646838
/workspace/benchmarks_ai_research/data/genimage/sd_1_4/data/genimage/sd_1_4/imagenet_ai_0419_sdv4/val/nature/ILSVRC2012_val_00040133.JPEG,6.567805767059326,0.9985970854759216,6.567805767059326,0.0106179608432291,1,0,real,6.4656357280910015,1,0.9776901059184728,4.7169029712677,0,98.46772253513336,0,0.47769010591847283,0.10689754912054858,0.0209069795574488
/workspace/benchmarks_ai_research/data/genimage/sd_1_4/data/genimage/sd_1_4/imagenet_ai_0419_sdv4/val/nature/ILSVRC2012_val_00043297.JPEG,-15.557098388671877,0.999999824758106,15.557098388671877,2.9014952947352087e-06,0,0,real,5.4495930671691895,0,0.0001628243020385,4.685543477535248,0,98.6609309911728,0,0.4998371756979615,0.0015831011893784796,0.9998370004560675
/workspace/benchmarks_ai_research/data/genimage/sd_1_4/data/genimage/sd_1_4/imagenet_ai_0419_sdv4/val/nature/ILSVRC2012_val_00031121.JPEG,6.632350921630859,0.9986847043037416,6.632350921630859,0.0100396991853505,1,0,real,29.62474012747407,0,1.9688880762802845e-05,4.6310946345329285,0,101.91093385219574,1,0.4999803111192372,0.00023302669616854786,0.9986650154229788
/workspace/benchmarks_ai_research/data/genimage/sd_1_4/data/genimage/sd_1_4/imagenet_ai_0419_sdv4/val/ai/303_sdv4_00035.png,-16.017850875854492,0.9999998894558572,16.017850875854492,1.8812217342919667e-06,0,1,sdv4,6.362556014209986,1,0.999699021217526,4.578843712806702,0,111.45719885826112,1,0.49969902121752596,0.002741411146657667,0.0003008682383311978
/workspace/benchmarks_ai_research/data/genimage/sd_1_4/data/genimage/sd_1_4/imagenet_ai_0419_sdv4/val/nature/ILSVRC2012_val_00047989.JPEG,-7.40104341506958,0.9993897573440336,7.40104341506958,0.0051268613422769,0,0,real,6.550995167344809,0,0.003989053253308,4.559159278869629,0,100.2664864063263,0,0.496010946746692,0.026017419769408183,0.9954007040907256
/workspace/benchmarks_ai_research/data/genimage/sd_1_4/data/genimage/sd_1_4/imagenet_ai_0419_sdv4/val/nature/ILSVRC2012_val_00003127.JPEG,-15.273279190063477,0.9999997672449864,15.273279190063477,3.787685334662736e-06,0,0,real,46.438239980489016,0,5.282253860189412e-07,4.5856088399887085,0,101.93178802728652,0,0.49999947177461396,8.163057104225733e-06,0.9999992390196004
/workspace/benchmarks_ai_research/data/genimage/sd_1_4/data/genimage/sd_1_4/imagenet_ai_0419_sdv4/val/nature/ILSVRC2012_val_00045676.JPEG,-15.060046195983888,0.9999997119254544,15.060046195983888,4.626488570411364e-06,0,0,real,43.86462504044175,0,4.44972445400233e-06,4.477135837078095,0,102.2663190960884,0,0.499995550275546,5.9282191401521334e-05,0.9999952622010004
/workspace/benchmarks_ai_research/data/genimage/sd_1_4/data/genimage/sd_1_4/imagenet_ai_0419_sdv4/val/ai/522_sdv4_00074.png,-0.3297711014747619,0.5817036926746368,0.3297711014747619,0.6797361336374854,0,1,sdv4,5.552403163164854,1,0.9999998200754212,4.667572677135468,0,112.7430647611618,1,0.4999998200754212,2.974282270852613e-06,0.41829612740078437
/workspace/benchmarks_ai_research/data/genimage/sd_1_4/data/genimage/sd_1_4/imagenet_ai_0419_sdv4/val/ai/501_sdv4_00135.png,1.090259075164795,0.7484304904937744,1.090259075164795,0.5640528672183316,1,1,sdv4,54.2245889082551,1,0.9999994294159325,4.755496978759766,0,111.65676265954971,0,0.49999942941593245,8.773643846305472e-06,0.25156893892215804
/workspace/benchmarks_ai_research/data/genimage/sd_1_4/data/genimage/sd_1_4/imagenet_ai_0419_sdv4/val/nature/ILSVRC2012_val_00033094.JPEG,-11.756482124328612,0.9999921617109068,11.756482124328612,9.998902352333796e-05,0,0,real,6.341455038636923,0,1.0611099300947562e-06,4.630371928215027,0,99.02821481227876,0,0.4999989388900699,1.5657942581550842e-05,0.9999911006009766
/workspace/benchmarks_ai_research/data/genimage/sd_1_4/data/genimage/sd_1_4/imagenet_ai_0419_sdv4/val/ai/343_sdv4_00143.png,-6.670271873474121,0.9987335519399494,6.670271873474121,0.009714803524676,0,1,sdv4,37.71982993930578,1,0.9984607757717586,4.766836762428284,0,112.71841824054718,1,0.4984607757717586,0.011506788920179464,0.0002727761681907692
/workspace/benchmarks_ai_research/data/genimage/sd_1_4/data/genimage/sd_1_4/imagenet_ai_0419_sdv4/val/nature/ILSVRC2012_val_00014759.JPEG,-25.543275833129883,0.9999999999919332,25.543275833129883,2.121740967034286e-10,0,0,real,6.387876346707344,0,0.0006022399453682,4.545822739601135,0,102.01814770698547,0,0.4993977600546318,0.0050675801967530855,0.999397760046565
/workspace/benchmarks_ai_research/data/genimage/sd_1_4/data/genimage/sd_1_4/imagenet_ai_0419_sdv4/val/ai/412_sdv4_00020.png,-9.73623275756836,0.9999409007177746,9.73623275756836,0.000634505389487,0,1,sdv4,5.57919405400753,1,0.9995309047869908,4.533566534519196,0,112.42813616991045,1,0.4995309047869908,0.004064461498188176,0.00040999593078383523
/workspace/benchmarks_ai_research/data/genimage/sd_1_4/data/genimage/sd_1_4/imagenet_ai_0419_sdv4/val/nature/ILSVRC2012_val_00043881.JPEG,-2.9863555431365967,0.9519538953900336,2.9863555431365967,0.1927214253369579,0,0,real,33.62246975302696,0,4.69019676099656e-05,4.6992674469947815,0,102.48515009880066,0,0.49995309803239,0.0005143939263723713,0.9519069934224237
/workspace/benchmarks_ai_research/data/genimage/sd_1_4/data/genimage/sd_1_4/imagenet_ai_0419_sdv4/val/nature/ILSVRC2012_val_00033395.JPEG,-22.462312698364254,0.9999999998243122,22.462312698364254,4.120044285199059e-09,0,0,real,47.37892281264067,0,0.0145387050784572,4.736952483654022,1,152.61248499155045,0,0.4854612949215428,0.0759449036785448,0.985461294745855
/workspace/benchmarks_ai_research/data/genimage/sd_1_4/data/genimage/sd_1_4/imagenet_ai_0419_sdv4/val/ai/525_sdv4_00039.png,0.6342681050300598,0.6534566283226013,0.6342681050300598,0.6452805503958047,1,1,sdv4,44.23363599926233,1,0.9993490455156492,4.582136869430542,0,111.94805800914764,0,0.4993490455156492,0.005426841727347994,0.34589241719304786
/workspace/benchmarks_ai_research/data/genimage/sd_1_4/data/genimage/sd_1_4/imagenet_ai_0419_sdv4/val/ai/827_sdv4_00127.png,-16.043424606323242,0.999999892247054,16.043424606323242,1.836477224770226e-06,0,1,sdv4,6.464825011789799,1,0.9967351116502244,4.5767053961753845,0,112.03329265117644,1,0.49673511165022444,0.0219495031576507,0.003264780596829553
/workspace/benchmarks_ai_research/data/genimage/sd_1_4/data/genimage/sd_1_4/imagenet_ai_0419_sdv4/val/nature/ILSVRC2012_val_00016452.JPEG,-30.634916305541992,0.9999999999999504,30.634916305541992,4.175679789988922e-13,0,0,real,6.364655215293169,0,0.1298289002055686,4.65141236782074,0,100.67348927259444,0,0.3701710997944314,0.38606132316352937,0.8701710997943818
/workspace/benchmarks_ai_research/data/genimage/sd_1_4/data/genimage/sd_1_4/imagenet_ai_0419_sdv4/val/nature/ILSVRC2012_val_00017867.JPEG,24.36786460876465,1.0,24.36786460876465,-1.000088900581841e-12,1,0,real,6.026074290275574,0,0.4817970893117737,5.653299391269684,0,3124.765567481518,1,0.018202910688226326,0.6924843421783775,0.5182029106882263
/workspace/benchmarks_ai_research/data/genimage/sd_1_4/data/genimage/sd_1_4/imagenet_ai_0419_sdv4/val/nature/ILSVRC2012_val_00039240.JPEG,-0.2027567327022552,0.5505162179470062,0.2027567327022552,0.6880346855142325,0,0,real,6.368515081703663,0,0.0004276727050812,4.59018349647522,0,109.27099734544754,0,0.4995723272949188,0.003745103572742033,0.5500885452419251
/workspace/benchmarks_ai_research/data/genimage/sd_1_4/data/genimage/sd_1_4/imagenet_ai_0419_sdv4/val/nature/ILSVRC2012_val_00036907.JPEG,2.178899049758911,0.8983385562896729,2.178899049758911,0.3287182776788264,1,0,real,5.3949817083776,0,0.1734119465631267,4.590563476085663,0,175.4884347319603,1,0.3265880534368733,0.4612552534518654,0.7249266097265461
/workspace/benchmarks_ai_research/data/genimage/sd_1_4/data/genimage/sd_1_4/imagenet_ai_0419_sdv4/val/nature/ILSVRC2012_val_00037786.JPEG,-7.05133056640625,0.9991344942245632,7.05133056640625,0.006968847924493,0,0,real,52.90011595934629,0,4.044913964435932e-05,4.580020904541016,0,99.88795220851898,0,0.49995955086035565,0.00044961018337410694,0.9990940450849188
/workspace/benchmarks_ai_research/data/genimage/sd_1_4/data/genimage/sd_1_4/imagenet_ai_0419_sdv4/val/ai/271_sdv4_00009.png,12.640284538269045,0.999996781349182,12.640284538269045,4.392346662482588e-05,1,1,sdv4,6.383816245943308,1,0.9986240212199916,4.6690404415130615,0,111.96040362119676,0,0.4986240212199916,0.010440791661357408,0.001372760129190409
/workspace/benchmarks_ai_research/data/genimage/sd_1_4/data/genimage/sd_1_4/imagenet_ai_0419_sdv4/val/ai/606_sdv4_00074.png,-8.17573070526123,0.9997186784166844,8.17573070526123,0.0025813706810374,0,1,sdv4,5.445542745292187,1,0.9999989226255004,4.700519144535065,0,112.37511038780212,1,0.4999989226255004,1.58815571368594e-05,0.0002802442088160051
/workspace/benchmarks_ai_research/data/genimage/sd_1_4/data/genimage/sd_1_4/imagenet_ai_0419_sdv4/val/ai/014_sdv4_00035.png,-7.783448696136475,0.999583600409096,7.783448696136475,0.0036575111690234,0,1,sdv4,6.493965163826942,1,0.83895990820491,5.055345594882965,0,112.70246654748917,1,0.33895990820490995,0.4413905713319536,0.16062369220418604
/workspace/benchmarks_ai_research/data/genimage/sd_1_4/data/genimage/sd_1_4/imagenet_ai_0419_sdv4/val/ai/479_sdv4_00074.png,-8.949530601501465,0.9998702187731396,8.949530601501465,0.0012912707090151,0,1,sdv4,6.383595056831837,1,0.9103954789003176,4.54624742269516,0,140.34806936979294,1,0.4103954789003176,0.3016218731901974,0.08947473987282206
/workspace/benchmarks_ai_research/data/genimage/sd_1_4/data/genimage/sd_1_4/imagenet_ai_0419_sdv4/val/ai/225_sdv4_00143.png,-2.3851523399353027,0.9156880602240562,2.3851523399353027,0.2891763326028955,0,1,sdv4,5.457332823425531,1,0.9968211452758472,4.463739693164825,0,112.44750767946245,1,0.4968211452758472,0.021456135114929983,0.08113308505179095
/workspace/benchmarks_ai_research/data/genimage/sd_1_4/data/genimage/sd_1_4/imagenet_ai_0419_sdv4/val/ai/511_sdv4_00127.png,-12.418991088867188,0.999995958906311,12.418991088867188,5.422740659997546e-05,0,1,sdv4,5.479892715811729,1,0.992853245647724,4.681162536144257,0,112.65378445386888,1,0.49285324564772404,0.042433961463774275,0.007142713258586952
/workspace/benchmarks_ai_research/data/genimage/sd_1_4/data/genimage/sd_1_4/imagenet_ai_0419_sdv4/val/ai/452_sdv4_00058.png,13.333003997802734,0.9999983310699464,13.333003997802734,2.3871250279682157e-05,1,1,sdv4,5.460373125970364,0,0.1751538067361332,4.550531506538391,0,111.4097610116005,1,0.32484619326386677,0.4639648502360571,0.8248445243338132
/workspace/benchmarks_ai_research/data/genimage/sd_1_4/data/genimage/sd_1_4/imagenet_ai_0419_sdv4/val/ai/938_sdv4_00020.png,2.2663419246673584,0.9060509204864502,2.2663419246673584,0.311580570133073,1,1,sdv4,5.413603037595749,1,0.9962574190319184,5.75825572013855,0,112.21419274806976,0,0.49625741903191845,0.024649035632794275,0.09020649854546825
/workspace/benchmarks_ai_research/data/genimage/sd_1_4/data/genimage/sd_1_4/imagenet_ai_0419_sdv4/val/ai/247_sdv4_00143.png,5.684036731719971,0.9966116547584534,5.684036731719971,0.022653519132209,1,1,sdv4,5.476652644574642,1,0.9967173523373803,4.615418612957001,0,112.60244250297546,0,0.49671735233738035,0.022051060423038275,0.00010569757892697762
/workspace/benchmarks_ai_research/data/genimage/sd_1_4/data/genimage/sd_1_4/imagenet_ai_0419_sdv4/val/nature/ILSVRC2012_val_00011135.JPEG,-13.792963981628418,0.999998977198402,13.792963981628418,1.5130265751125235e-05,0,0,real,40.20380601286888,0,7.295731526388325e-05,5.099810659885407,0,101.65438801050186,0,0.4999270426847361,0.0007679194813027451,0.9999260198831381
/workspace/benchmarks_ai_research/data/genimage/sd_1_4/data/genimage/sd_1_4/imagenet_ai_0419_sdv4/val/ai/826_sdv4_00143.png,-11.216124534606934,0.9999865447052798,11.216124534606934,0.0001643716428589,0,1,sdv4,39.31941371411085,1,0.9519678273594128,4.772663116455078,0,112.76652663946152,1,0.45196782735941277,0.1926798174009195,0.048018717345867046
/workspace/benchmarks_ai_research/data/genimage/sd_1_4/data/genimage/sd_1_4/imagenet_ai_0419_sdv4/val/ai/470_sdv4_00020.png,-10.491000175476074,0.9999722153806944,10.491000175476074,0.0003192734491029,0,1,sdv4,5.582762882113457,1,0.9999999494238148,4.610203206539154,0,113.4304702281952,1,0.49999994942381476,9.002432230971787e-07,2.7734043120397622e-05
/workspace/benchmarks_ai_research/data/genimage/sd_1_4/data/genimage/sd_1_4/imagenet_ai_0419_sdv4/val/nature/ILSVRC2012_val_00019570.JPEG,0.4092120826244354,0.6008989214897156,0.4092120826244354,0.6726455018287752,1,0,real,5.452093202620745,0,0.0001533770150537,4.5798420906066895,0,101.1413261294365,1,0.4998466229849463,0.001500415989041689,0.6007455444746619
/workspace/benchmarks_ai_research/data/genimage/sd_1_4/data/genimage/sd_1_4/imagenet_ai_0419_sdv4/val/ai/451_sdv4_00020.png,-4.911784648895264,0.9926944216713308,4.911784648895264,0.0432158224143828,0,1,sdv4,39.172353222966194,1,0.9997687756751962,4.667893052101135,0,112.66589909791946,1,0.4997687756751962,0.002167035894878817,0.007074354003865357
/workspace/benchmarks_ai_research/data/genimage/sd_1_4/data/genimage/sd_1_4/imagenet_ai_0419_sdv4/val/ai/052_sdv4_00039.png,16.941478729248047,1.0,16.941478729248047,-1.000088900581841e-12,1,1,sdv4,6.405424792319536,1,0.9999242474103234,4.545651376247406,0,133.67808610200882,0,0.4999242474103234,0.0007944931622977441,7.575258967662535e-05
/workspace/benchmarks_ai_research/data/genimage/sd_1_4/data/genimage/sd_1_4/imagenet_ai_0419_sdv4/val/nature/ILSVRC2012_val_00045029.JPEG,-1.3176873922348022,0.788796678185463,1.3176873922348022,0.515546624345272,0,0,real,5.588702857494354,0,0.1274440426730317,4.6956464648246765,0,98.1956198811531,0,0.37255595732696833,0.3814988930150929,0.6613526355124313
/workspace/benchmarks_ai_research/data/genimage/sd_1_4/data/genimage/sd_1_4/imagenet_ai_0419_sdv4/val/ai/938_sdv4_00039.png,-3.301790475845337,0.9644901864230632,3.301790475845337,0.1534015887393364,0,1,sdv4,6.37289509177208,1,0.9999598155562396,4.735156893730164,0,119.3954348564148,1,0.4999598155562396,0.00044693180407795057,0.03546962913317642
/workspace/benchmarks_ai_research/data/genimage/sd_1_4/data/genimage/sd_1_4/imagenet_ai_0419_sdv4/val/nature/ILSVRC2012_val_00029305.JPEG,-10.938453674316406,0.9999822383961146,10.938453674316406,0.0002120462423198,0,0,real,6.393454968929291,0,0.0012269669741696,4.553370177745819,0,101.31508857011796,0,0.4987730330258304,0.009450831267306094,0.998755271421945
/workspace/benchmarks_ai_research/data/genimage/sd_1_4/data/genimage/sd_1_4/imagenet_ai_0419_sdv4/val/nature/ILSVRC2012_val_00033367.JPEG,-11.549149513244627,0.999990355851878,11.549149513244627,0.000121025901999,0,0,real,6.47282600402832,0,0.0029398484752349,4.670850932598114,0,101.60831362009048,0,0.4970601515247651,0.02007306745942089,0.9970505073766431
/workspace/benchmarks_ai_research/data/genimage/sd_1_4/data/genimage/sd_1_4/imagenet_ai_0419_sdv4/val/nature/ILSVRC2012_val_00041868.JPEG,-26.927783966064453,0.9999999999979796,26.927783966064453,5.4609629023162607e-11,0,0,real,59.744883328676224,0,0.1887679298168452,4.762202501296997,0,97.14894741773604,0,0.3112320701831548,0.48443151040527566,0.8112320701811344
/workspace/benchmarks_ai_research/data/genimage/sd_1_4/data/genimage/sd_1_4/imagenet_ai_0419_sdv4/val/nature/ILSVRC2012_val_00010684.JPEG,-9.630596160888672,0.9999343164381572,9.630596160888672,0.0006982575767651,0,0,real,53.04596573114395,0,0.0988056538449184,4.550829529762268,0,104.76494580507278,0,0.4011943461550816,0.32245077365535807,0.9011286625932389
/workspace/benchmarks_ai_research/data/genimage/sd_1_4/data/genimage/sd_1_4/imagenet_ai_0419_sdv4/val/nature/ILSVRC2012_val_00012799.JPEG,-5.135309219360352,0.9941492020152508,5.135309219360352,0.0359136379000847,0,0,real,6.367784924805164,0,0.0443101613217529,4.643559455871582,0,102.15453058481216,0,0.4556898386782471,0.18140808207519055,0.9498390406934979
/workspace/benchmarks_ai_research/data/genimage/sd_1_4/data/genimage/sd_1_4/imagenet_ai_0419_sdv4/val/nature/ILSVRC2012_val_00037580.JPEG,-2.954563856124878,0.9504787474870682,2.954563856124878,0.1971031806288724,0,0,real,6.399155128747225,0,0.1039117271490019,4.427768290042877,0,102.59829461574554,0,0.3960882728509981,0.33359387366781523,0.8465670203380663
/workspace/benchmarks_ai_research/data/genimage/sd_1_4/data/genimage/sd_1_4/imagenet_ai_0419_sdv4/val/ai/819_sdv4_00127.png,-38.518585205078125,1.0,38.518585205078125,-9.99572498895372e-13,0,1,sdv4,35.35882383584976,1,0.9003648305208779,4.571825265884399,0,111.87449842691422,1,0.4003648305208779,0.3242806185498829,0.0996351694791221
/workspace/benchmarks_ai_research/data/genimage/sd_1_4/data/genimage/sd_1_4/imagenet_ai_0419_sdv4/val/nature/ILSVRC2012_val_00032687.JPEG,7.615683555603027,0.9995075464248656,7.615683555603027,0.0042429130760621,1,0,real,5.500982981175184,1,0.8298686836626735,5.131199955940247,0,331.6560387611389,0,0.3298686836626735,0.45609437069697417,0.1696388627621921
/workspace/benchmarks_ai_research/data/genimage/sd_1_4/data/genimage/sd_1_4/imagenet_ai_0419_sdv4/val/ai/386_sdv4_00020.png,0.0454570986330509,0.5113623142242432,0.0454570986330509,0.6928889539611273,1,1,sdv4,5.440502893179655,1,0.9960027984566816,4.678398370742798,0,111.59788072109222,0,0.4960027984566816,0.026062391645394378,0.48464048423243844
/workspace/benchmarks_ai_research/data/genimage/sd_1_4/data/genimage/sd_1_4/imagenet_ai_0419_sdv4/val/nature/ILSVRC2012_val_00040631.JPEG,-9.55726718902588,0.9999293192886398,9.55726718902588,0.0007461976490879,0,0,real,54.217730183154345,0,0.0004608913272933,4.7241076827049255,0,101.40731930732728,0,0.4995391086727067,0.00400151279190139,0.9994684279613465
/workspace/benchmarks_ai_research/data/genimage/sd_1_4/data/genimage/sd_1_4/imagenet_ai_0419_sdv4/val/ai/315_sdv4_00035.png,-3.5206539630889893,0.9712697584182024,3.5206539630889893,0.1303002731036026,0,1,sdv4,45.704688876867294,1,0.9996016204788236,4.550836980342865,0,112.8806173801422,1,0.4996016204788236,0.0035168570509247253,0.028331862060621216
/workspace/benchmarks_ai_research/data/genimage/sd_1_4/data/genimage/sd_1_4/imagenet_ai_0419_sdv4/val/nature/ILSVRC2012_val_00030074.JPEG,-8.345727920532227,0.9997626477561424,8.345727920532227,0.002218257653017,0,0,real,6.359494756907225,0,0.3136289238806914,4.635743796825409,0,125.30346214771272,0,0.1863710761193086,0.621973518802358,0.686133723875451
/workspace/benchmarks_ai_research/data/genimage/sd_1_4/data/genimage/sd_1_4/imagenet_ai_0419_sdv4/val/ai/809_sdv4_00035.png,-5.793867111206055,0.9969630718696862,5.793867111206055,0.020637107262464,0,1,sdv4,5.583573132753372,1,0.9999372746683104,4.712387919425964,0,112.05585300922394,1,0.4999372746683104,0.0006697004133637147,0.002974202798624148
/workspace/benchmarks_ai_research/data/genimage/sd_1_4/data/genimage/sd_1_4/imagenet_ai_0419_sdv4/val/ai/484_sdv4_00039.png,-3.0537989139556885,0.9549462534487247,3.0537989139556885,0.1836853015248414,0,1,sdv4,38.85193262249231,1,0.997580277679437,4.637591540813446,0,111.3768145442009,1,0.497580277679437,0.016993447680289677,0.042634024230712275
/workspace/benchmarks_ai_research/data/genimage/sd_1_4/data/genimage/sd_1_4/imagenet_ai_0419_sdv4/val/nature/ILSVRC2012_val_00026297.JPEG,-5.4468674659729,0.995708710514009,5.4468674659729,0.0276746086772044,0,0,real,5.421612877398729,0,0.0002070117903727,4.66088205575943,0,104.50036823749542,0,0.4997929882096273,0.0019630164798140376,0.9955016987236363
/workspace/benchmarks_ai_research/data/genimage/sd_1_4/data/genimage/sd_1_4/imagenet_ai_0419_sdv4/val/nature/ILSVRC2012_val_00030731.JPEG,14.086785316467283,0.9999992847442628,14.086785316467283,1.0836569688214282e-05,1,0,real,6.764295976608992,0,0.0001442418916618,4.668764770030975,0,101.30003094673155,1,0.4998557581083382,0.0014199094972041915,0.999855042852601
/workspace/benchmarks_ai_research/data/genimage/sd_1_4/data/genimage/sd_1_4/imagenet_ai_0419_sdv4/val/ai/283_sdv4_00127.png,14.810383796691896,0.9999996423721312,14.810383796691896,5.6661726569141535e-06,1,1,sdv4,6.478685885667801,1,0.9990746196885666,4.805922508239746,0,112.7987504005432,0,0.4990746196885666,0.0073890164302308735,0.0009250226835646469
/workspace/benchmarks_ai_research/data/genimage/sd_1_4/data/genimage/sd_1_4/imagenet_ai_0419_sdv4/val/nature/ILSVRC2012_val_00044468.JPEG,-4.976150989532471,0.9931467198766768,4.976150989532471,0.04097982856639,0,0,real,44.56701688468456,0,8.865204046382144e-06,4.714116454124451,0,101.96477174758913,0,0.49999113479595364,0.00011199742007222766,0.9931378546726304
/workspace/benchmarks_ai_research/data/genimage/sd_1_4/data/genimage/sd_1_4/imagenet_ai_0419_sdv4/val/ai/178_sdv4_00127.png,-13.576189994812012,0.999998729615868,13.576189994812012,1.851735924720497e-05,0,1,sdv4,23.63902609795332,1,0.9914505283252604,4.793569445610046,0,112.86034435033798,1,0.49145052832526037,0.04922442802363053,0.008548201290607627
/workspace/benchmarks_ai_research/data/genimage/sd_1_4/data/genimage/sd_1_4/imagenet_ai_0419_sdv4/val/ai/627_sdv4_00143.png,-25.61520767211914,0.9999999999924932,25.61520767211914,1.9785716888072223e-10,0,1,sdv4,6.375925149768591,1,0.9999302878318916,4.64918464422226,0,113.59886080026628,1,0.49993028783189164,0.00073693435547022,6.971216060158714e-05
/workspace/benchmarks_ai_research/data/genimage/sd_1_4/data/genimage/sd_1_4/imagenet_ai_0419_sdv4/val/nature/ILSVRC2012_val_00022854.JPEG,9.800827980041504,0.9999445676803588,9.800827980041504,0.0005986867901636,1,0,real,53.70844807475805,0,0.0260499529882769,4.578158259391785,0,101.4365628361702,1,0.4739500470117231,0.12073110540692651,0.9738946146920818
/workspace/benchmarks_ai_research/data/genimage/sd_1_4/data/genimage/sd_1_4/imagenet_ai_0419_sdv4/val/ai/715_sdv4_00127.png,-5.588900566101074,0.9962747925892472,5.588900566101074,0.0245519771499783,0,1,sdv4,49.58276776596904,1,0.9999962779866572,4.660673439502716,0,110.71420460939407,1,0.49999627798665724,5.0251808140255565e-05,0.003721485397410018
/workspace/benchmarks_ai_research/data/genimage/sd_1_4/data/genimage/sd_1_4/imagenet_ai_0419_sdv4/val/ai/309_sdv4_00035.png,-13.85752010345459,0.9999990411401996,13.85752010345459,1.424627712915832e-05,0,1,sdv4,6.3742659986019135,1,0.9916558131831932,4.724219441413879,0,113.15397918224336,1,0.4916558131831932,0.048246141791415634,0.008343227957006372
/workspace/benchmarks_ai_research/data/genimage/sd_1_4/data/genimage/sd_1_4/imagenet_ai_0419_sdv4/val/nature/ILSVRC2012_val_00000748.JPEG,1.6591063737869265,0.8401180505752563,1.6591063737869265,0.4394740727656591,1,0,real,5.452302750200033,0,0.0039308494691331,4.892535507678986,0,97.286656498909,1,0.4960691505308669,0.02569569458514063,0.8361872011061232
/workspace/benchmarks_ai_research/data/genimage/sd_1_4/data/genimage/sd_1_4/imagenet_ai_0419_sdv4/val/nature/ILSVRC2012_val_00015773.JPEG,-1.404946208000183,0.8029675930738449,1.404946208000183,0.4962608424244224,0,0,real,47.29796294122934,0,1.672856343106195e-05,4.727035760879517,0,303.6619797348976,0,0.49998327143656895,0.00020071573501767332,0.8029508645104139
/workspace/benchmarks_ai_research/data/genimage/sd_1_4/data/genimage/sd_1_4/imagenet_ai_0419_sdv4/val/nature/ILSVRC2012_val_00000667.JPEG,-22.42976188659668,0.9999999998184994,22.42976188659668,4.250519673720842e-09,0,0,real,6.376465782523155,0,0.000205470612096,4.5769065618515015,1,104.07012701034546,0,0.499794529387904,0.0019499376398529901,0.9997945292064034
/workspace/benchmarks_ai_research/data/genimage/sd_1_4/data/genimage/sd_1_4/imagenet_ai_0419_sdv4/val/nature/ILSVRC2012_val_00022760.JPEG,-7.948775768280029,0.9996470304613468,7.948775768280029,0.0031587075599316,0,0,real,6.393185816705227,0,0.0078449749004433,4.508852958679199,0,99.23191368579865,0,0.4921550250995567,0.045845635631579326,0.9918020555609035
/workspace/benchmarks_ai_research/data/genimage/sd_1_4/data/genimage/sd_1_4/imagenet_ai_0419_sdv4/val/ai/665_sdv4_00020.png,-19.0935001373291,0.9999999948973208,19.0935001373291,1.0252868452256407e-07,0,1,sdv4,36.83384833857417,1,0.9995748879783326,4.83965128660202,0,112.32776194810867,1,0.4995748879783326,0.0037252333720659983,0.0004251069189882273
/workspace/benchmarks_ai_research/data/genimage/sd_1_4/data/genimage/sd_1_4/imagenet_ai_0419_sdv4/val/nature/ILSVRC2012_val_00001282.JPEG,-12.255804061889648,0.9999952425978336,12.255804061889648,6.306320019630284e-05,0,0,real,46.65899183601141,1,0.6932726464581939,4.62803989648819,0,101.09843313694,1,0.19327264645819386,0.6164570723941211,0.3067225961396397
/workspace/benchmarks_ai_research/data/genimage/sd_1_4/data/genimage/sd_1_4/imagenet_ai_0419_sdv4/val/nature/ILSVRC2012_val_00015155.JPEG,-11.434380531311035,0.999989182997524,11.434380531311035,0.0001345027816071,0,0,real,5.45465387403965,0,3.4652550553059e-06,4.577256739139557,0,102.56817936897278,0,0.4999965347449447,4.7032943556735186e-05,0.9999857177424687
/workspace/benchmarks_ai_research/data/genimage/sd_1_4/data/genimage/sd_1_4/imagenet_ai_0419_sdv4/val/nature/ILSVRC2012_val_00003309.JPEG,-1.214116454124451,0.7710265070199966,1.214116454124451,0.5380330235282242,0,0,real,35.00152379274368,0,0.0001833012648285,4.658825695514679,0,112.84992098808289,0,0.4998166987351715,0.0017604781080570043,0.7708432057551682
/workspace/benchmarks_ai_research/data/genimage/sd_1_4/data/genimage/sd_1_4/imagenet_ai_0419_sdv4/val/ai/324_sdv4_00009.png,-23.154918670654297,0.9999999999121084,23.154918670654297,2.121016225224613e-09,0,1,sdv4,33.62328000366688,1,0.5736010972212865,4.6868696808815,0,112.4665066599846,1,0.0736010972212865,0.6822734674738091,0.4263989026908219
/workspace/benchmarks_ai_research/data/genimage/sd_1_4/data/genimage/sd_1_4/imagenet_ai_0419_sdv4/val/nature/ILSVRC2012_val_00018664.JPEG,19.17609977722168,1.0,19.17609977722168,-1.000088900581841e-12,1,0,real,6.364105269312859,0,0.0044784887789534,4.535585641860962,0,97.62747585773468,1,0.4955215112210466,0.028690215826455572,0.9955215112210466
/workspace/benchmarks_ai_research/data/genimage/sd_1_4/data/genimage/sd_1_4/imagenet_ai_0419_sdv4/val/nature/ILSVRC2012_val_00034228.JPEG,-5.24080228805542,0.994731893762946,5.24080228805542,0.0328911349041801,0,0,real,5.455303005874157,0,0.0005464116369723,4.416801035404205,0,101.1715605854988,0,0.4994535883630277,0.004650981920669622,0.9941854821259737
/workspace/benchmarks_ai_research/data/genimage/sd_1_4/data/genimage/sd_1_4/imagenet_ai_0419_sdv4/val/nature/ILSVRC2012_val_00006119.JPEG,-8.251009941101074,0.9997390732751228,8.251009941101074,0.0024138697803751,0,0,real,6.369245238602161,0,0.0096243783240843,4.4586434960365295,0,90.9978523850441,0,0.4903756216759157,0.05426829187642054,0.9901146949510385
/workspace/benchmarks_ai_research/data/genimage/sd_1_4/data/genimage/sd_1_4/imagenet_ai_0419_sdv4/val/ai/723_sdv4_00074.png,-18.478700637817383,0.9999999905636888,18.478700637817383,1.8380508319298492e-07,0,1,sdv4,5.474621895700693,1,0.9814916819530008,4.648789763450623,0,112.51852661371233,1,0.48149168195300085,0.09217555562274218,0.018508308610687974
/workspace/benchmarks_ai_research/data/genimage/sd_1_4/data/genimage/sd_1_4/imagenet_ai_0419_sdv4/val/nature/ILSVRC2012_val_00016587.JPEG,-14.732548713684082,0.99999960029902,14.732548713684082,6.288313219140271e-06,0,0,real,5.559602752327919,0,0.1939389108675727,5.102276802062988,0,228.5330817103386,0,0.3060610891324273,0.49188428302196824,0.8060606894314473
/workspace/benchmarks_ai_research/data/genimage/sd_1_4/data/genimage/sd_1_4/imagenet_ai_0419_sdv4/val/nature/ILSVRC2012_val_00041089.JPEG,3.465419054031372,0.9696876406669616,3.465419054031372,0.1358262892230947,1,0,real,5.413402803242207,1,0.7372274002493362,4.597321152687073,0,97.78252989053726,0,0.2372274002493362,0.5759370376407651,0.23246024041762536
/workspace/benchmarks_ai_research/data/genimage/sd_1_4/data/genimage/sd_1_4/imagenet_ai_0419_sdv4/val/ai/676_sdv4_00143.png,3.805440187454224,0.9782348275184632,3.805440187454224,0.1048315564468865,1,1,sdv4,6.5337358973920345,1,0.9281170413451104,4.604451358318329,0,111.74976080656052,0,0.4281170413451104,0.25848256735362873,0.05011778617335283
/workspace/benchmarks_ai_research/data/genimage/sd_1_4/data/genimage/sd_1_4/imagenet_ai_0419_sdv4/val/ai/028_sdv4_00035.png,5.944019794464111,0.9973854422569276,5.944019794464111,0.0181590235844016,1,1,sdv4,29.45594023913145,1,0.999990058037408,4.64823842048645,0,110.80292612314224,0,0.49999005803740804,0.0001244608541315492,0.002604615780480435
/workspace/benchmarks_ai_research/data/genimage/sd_1_4/data/genimage/sd_1_4/imagenet_ai_0419_sdv4/val/nature/ILSVRC2012_val_00015379.JPEG,-11.075661659240724,0.9999845155962248,11.075661659240724,0.0001869845404931,0,0,real,5.436093080788851,0,5.29201934142021e-05,4.979707300662994,0,101.55701637268066,0,0.4999470798065858,0.0005740094124533212,0.9999315954028106
/workspace/benchmarks_ai_research/data/genimage/sd_1_4/data/genimage/sd_1_4/imagenet_ai_0419_sdv4/val/ai/334_sdv4_00143.png,-8.215057373046875,0.9997295241919346,8.215057373046875,0.0024924866758696,0,1,sdv4,5.4977028630673885,1,0.9999964696310945,4.769578576087952,0,112.40964382886888,1,0.49999646963109445,4.785099385285751e-05,0.00026694543915983804
/workspace/benchmarks_ai_research/data/genimage/sd_1_4/data/genimage/sd_1_4/imagenet_ai_0419_sdv4/val/nature/ILSVRC2012_val_00002796.JPEG,-20.19683074951172,0.9999999983071134,20.19683074951172,3.5881831175602416e-08,0,0,real,6.352175027132034,0,0.0032803206149863,4.691489040851593,0,101.41655802726746,0,0.4967196793850137,0.022037758617074497,0.9967196776921271
/workspace/benchmarks_ai_research/data/genimage/sd_1_4/data/genimage/sd_1_4/imagenet_ai_0419_sdv4/val/ai/521_sdv4_00035.png,8.923715591430664,0.9998668432235718,8.923715591430664,0.0013214367649635,1,1,sdv4,5.472403019666672,1,0.9949602941663888,4.584819078445435,0,112.4461442232132,0,0.49496029416638876,0.03168908299389348,0.004906549057183018
/workspace/benchmarks_ai_research/data/genimage/sd_1_4/data/genimage/sd_1_4/imagenet_ai_0419_sdv4/val/nature/ILSVRC2012_val_00046056.JPEG,5.924796581268311,0.9973347783088684,5.924796581268311,0.0184596832163512,1,0,real,6.415474694222212,0,0.0119790166328624,4.545353353023529,0,164.79533910751343,1,0.4880209833671376,0.06490932229518173,0.985355761676006
/workspace/benchmarks_ai_research/data/genimage/sd_1_4/data/genimage/sd_1_4/imagenet_ai_0419_sdv4/val/ai/752_sdv4_00074.png,-3.257662534713745,0.9629474841058254,3.257662534713745,0.1584609983821551,0,1,sdv4,6.409395951777697,1,0.999968532296968,8.127592504024506,0,113.07767778635024,1,0.499968532296968,0.0003576786862408261,0.0370210481911426
/workspace/benchmarks_ai_research/data/genimage/sd_1_4/data/genimage/sd_1_4/imagenet_ai_0419_sdv4/val/nature/ILSVRC2012_val_00006095.JPEG,-3.8215651512146,0.978575548157096,3.8215651512146,0.1035322247153118,0,0,real,5.478732753545046,0,0.0021809305237929,4.651524126529694,0,98.15814346075058,0,0.4978190694762071,0.015543300766710422,0.9763946176333032
/workspace/benchmarks_ai_research/data/genimage/sd_1_4/data/genimage/sd_1_4/imagenet_ai_0419_sdv4/val/nature/ILSVRC2012_val_00046024.JPEG,-18.51197624206543,0.99999999087252,18.51197624206543,1.780931744475857e-07,0,0,real,6.038663908839226,0,0.0008622404217356,4.591934382915497,0,98.30617904663086,0,0.4991377595782644,0.006945816663112479,0.9991377504507845
/workspace/benchmarks_ai_research/data/genimage/sd_1_4/data/genimage/sd_1_4/imagenet_ai_0419_sdv4/val/ai/261_sdv4_00035.png,1.5739375352859497,0.8283442258834839,1.5739375352859497,0.4585019635071988,1,1,sdv4,5.6292531080544,1,0.9992668758497254,4.841849207878113,0,111.4744246006012,0,0.4992668758497254,0.006024688787764612,0.1709226499662415
/workspace/benchmarks_ai_research/data/genimage/sd_1_4/data/genimage/sd_1_4/imagenet_ai_0419_sdv4/val/nature/ILSVRC2012_val_00029031.JPEG,5.735597610473633,0.9967814683914183,5.735597610473633,0.0216839524660885,1,0,real,40.802986826747656,0,0.2412942050918098,4.520617425441742,0,102.02918946743011,1,0.25870579490819023,0.5525671459394278,0.7554872632996086
/workspace/benchmarks_ai_research/data/genimage/sd_1_4/data/genimage/sd_1_4/imagenet_ai_0419_sdv4/val/ai/725_sdv4_00210.png,-4.2132248878479,0.9854172356426716,4.2132248878479,0.0761306029372183,0,1,sdv4,45.15009792521596,1,0.9973407725789044,4.523143172264099,0,116.27834290266036,1,0.4973407725789044,0.01842416160584496,0.011923536936232826
/workspace/benchmarks_ai_research/data/genimage/sd_1_4/data/genimage/sd_1_4/imagenet_ai_0419_sdv4/val/nature/ILSVRC2012_val_00025615.JPEG,4.731037139892578,0.991259753704071,4.731037139892578,0.0501291057574793,1,0,real,6.386304274201393,0,7.619389834111065e-07,4.906877875328064,0,160.16601771116257,1,0.4999992380610166,1.1495675439506171e-05,0.9912589917650876
/workspace/benchmarks_ai_research/data/genimage/sd_1_4/data/genimage/sd_1_4/imagenet_ai_0419_sdv4/val/ai/460_sdv4_00127.png,8.274500846862793,0.9997450709342957,8.274500846862793,0.0023643135513387,1,1,sdv4,5.475552752614021,1,0.9994912378871812,4.547566175460815,0,160.71492433547974,0,0.4994912378871812,0.004366845421211258,0.0002538330471144601
/workspace/benchmarks_ai_research/data/genimage/sd_1_4/data/genimage/sd_1_4/imagenet_ai_0419_sdv4/val/nature/ILSVRC2012_val_00008265.JPEG,-37.90693664550781,1.0,37.90693664550781,-9.991369311414252e-13,0,0,real,6.38977624475956,0,0.041012992358873,4.660606384277344,0,138.2889300584793,0,0.458987007641127,0.17115023734553408,0.958987007641127
/workspace/benchmarks_ai_research/data/genimage/sd_1_4/data/genimage/sd_1_4/imagenet_ai_0419_sdv4/val/ai/010_sdv4_00127.png,13.5550537109375,0.9999986886978148,13.5550537109375,1.9072218500577413e-05,1,1,sdv4,6.4018662087619305,1,0.987518907989729,4.675187170505524,0,112.12946474552156,0,0.48751890798972897,0.06711424839686561,0.012479780708085864
/workspace/benchmarks_ai_research/data/genimage/sd_1_4/data/genimage/sd_1_4/imagenet_ai_0419_sdv4/val/nature/ILSVRC2012_val_00034689.JPEG,-23.546022415161133,0.999999999940558,23.546022415161133,1.457069630917928e-09,0,0,real,6.865455769002438,1,0.5824157784152283,6.019674241542816,0,100.4469320178032,1,0.08241577841522829,0.6795002661841323,0.4175842215253297
/workspace/benchmarks_ai_research/data/genimage/sd_1_4/data/genimage/sd_1_4/imagenet_ai_0419_sdv4/val/ai/468_sdv4_00143.png,-21.359691619873047,0.9999999994708196,21.359691619873047,1.1830312093775045e-08,0,1,sdv4,6.401084829121828,1,0.8605682206868636,4.605501890182495,0,111.1513078212738,1,0.36056822068686356,0.40393065738634476,0.13943177878395607
/workspace/benchmarks_ai_research/data/genimage/sd_1_4/data/genimage/sd_1_4/imagenet_ai_0419_sdv4/val/nature/ILSVRC2012_val_00029791.JPEG,-4.178694725036621,0.9849126255139709,4.178694725036621,0.0782478780759985,0,0,real,6.493615917861462,0,4.603539714837717e-05,4.514545202255249,0,101.07871145009996,0,0.49995396460285163,0.0005057484128566865,0.9848665901168224
/workspace/benchmarks_ai_research/data/genimage/sd_1_4/data/genimage/sd_1_4/imagenet_ai_0419_sdv4/val/nature/ILSVRC2012_val_00045826.JPEG,-8.034117698669434,0.9996758946508636,8.034117698669434,0.0029280584304945,0,0,real,49.8707490041852,1,0.9846501893870576,4.995502531528473,1,200.96563547849652,1,0.4846501893870576,0.07934221421044681,0.015025705263805977
/workspace/benchmarks_ai_research/data/genimage/sd_1_4/data/genimage/sd_1_4/imagenet_ai_0419_sdv4/val/nature/ILSVRC2012_val_00038611.JPEG,-7.129951000213623,0.9991998820914888,7.129951000213623,0.0065052396674749,0,0,real,44.17998623102904,0,0.2912919443488325,4.693634808063507,0,109.31409150362016,0,0.2087080556511675,0.6033044192705014,0.7079079377426563
/workspace/benchmarks_ai_research/data/genimage/sd_1_4/data/genimage/sd_1_4/imagenet_ai_0419_sdv4/val/nature/ILSVRC2012_val_00007413.JPEG,-10.431629180908203,0.9999705158770666,10.431629180908203,0.0003370519921648,0,0,real,6.5059359185397625,0,9.44495506081997e-06,4.657454788684845,0,101.2309119105339,0,0.49999055504493917,0.00011872332011222816,0.9999610709220058
/workspace/benchmarks_ai_research/data/genimage/sd_1_4/data/genimage/sd_1_4/imagenet_ai_0419_sdv4/val/ai/668_sdv4_00035.png,-14.902539253234863,0.9999996627830968,14.902539253234863,5.362603062304738e-06,0,1,sdv4,29.266259633004665,1,0.9952222097838718,4.947729408740997,0,112.88031935691832,1,0.49522220978387177,0.03029780447711441,0.004777452999225051
/workspace/benchmarks_ai_research/data/genimage/sd_1_4/data/genimage/sd_1_4/imagenet_ai_0419_sdv4/val/nature/ILSVRC2012_val_00006393.JPEG,-1.0890785455703735,0.7482081651687622,1.0890785455703735,0.5642951281694478,0,0,real,33.71488023549318,0,0.1186512078044515,4.633881151676178,0,88.26281130313873,0,0.3813487921955485,0.3642289751536176,0.6295569573643107
/workspace/benchmarks_ai_research/data/genimage/sd_1_4/data/genimage/sd_1_4/imagenet_ai_0419_sdv4/val/nature/ILSVRC2012_val_00026349.JPEG,26.946121215820312,1.0,26.946121215820312,-1.000088900581841e-12,1,0,real,6.3645849004387856,0,0.0146991228538937,4.662595689296722,0,102.67596691846848,1,0.4853008771461063,0.07662037758151609,0.9853008771461063
/workspace/benchmarks_ai_research/data/genimage/sd_1_4/data/genimage/sd_1_4/imagenet_ai_0419_sdv4/val/nature/ILSVRC2012_val_00001043.JPEG,-19.223045349121094,0.9999999955173228,19.223045349121094,9.065138726139697e-08,0,0,real,5.481064319610596,0,0.0012558956387885,4.974678158760071,0,200.88713616132736,0,0.4987441043612115,0.009644371864873266,0.9987440998785343
/workspace/benchmarks_ai_research/data/genimage/sd_1_4/data/genimage/sd_1_4/imagenet_ai_0419_sdv4/val/nature/ILSVRC2012_val_00021809.JPEG,-21.90570831298828,0.9999999996934708,21.90570831298828,7.019268612837001e-09,0,0,real,5.454142577946186,0,0.0295940565892407,4.493117332458496,0,101.11386328935625,0,0.4704059434107593,0.1333282249145766,0.97040594310423
/workspace/benchmarks_ai_research/data/genimage/sd_1_4/data/genimage/sd_1_4/imagenet_ai_0419_sdv4/val/nature/ILSVRC2012_val_00004671.JPEG,4.055511951446533,0.9829685091972352,4.055511951446533,0.0862496280234337,1,0,real,5.404612980782986,0,0.0259359378921352,4.610389471054077,0,98.74644875526428,1,0.4740640621078648,0.1203179609686145,0.9570325713051
/workspace/benchmarks_ai_research/data/genimage/sd_1_4/data/genimage/sd_1_4/imagenet_ai_0419_sdv4/val/nature/ILSVRC2012_val_00000146.JPEG,14.55181884765625,0.9999995231628418,14.55181884765625,7.417720012228406e-06,1,0,real,6.452746223658323,0,0.0004444675098596,4.558756947517395,0,101.63632035255432,1,0.4995555324901404,0.0038750505729651325,0.9995550556529822
/workspace/benchmarks_ai_research/data/genimage/sd_1_4/data/genimage/sd_1_4/imagenet_ai_0419_sdv4/val/ai/444_sdv4_00074.png,-15.356332778930664,0.999999785795154,15.356332778930664,3.503603778218377e-06,0,1,sdv4,6.0546547174453735,1,0.6569900020722987,4.6141743659973145,0,150.33085644245148,1,0.15699000207229874,0.6430118334248627,0.3430097837228553
/workspace/benchmarks_ai_research/data/genimage/sd_1_4/data/genimage/sd_1_4/imagenet_ai_0419_sdv4/val/ai/684_sdv4_00039.png,10.370807647705078,0.999968647956848,10.370807647705078,0.0003564794832623,1,1,sdv4,6.378894671797752,1,0.9992104019099244,4.659794270992279,0,111.6466075181961,0,0.4992104019099244,0.006430164360425805,0.0007582460469236496
/workspace/benchmarks_ai_research/data/genimage/sd_1_4/data/genimage/sd_1_4/imagenet_ai_0419_sdv4/val/ai/299_sdv4_00020.png,13.692620277404783,0.999998927116394,13.692620277404783,1.5819838473186284e-05,1,1,sdv4,6.3850958831608295,1,0.9994502849020171,4.712216556072235,0,112.62108385562895,0,0.49945028490201715,0.004675786198634313,0.0005486422143768932
/workspace/benchmarks_ai_research/data/genimage/sd_1_4/data/genimage/sd_1_4/imagenet_ai_0419_sdv4/val/ai/558_sdv4_00035.png,-1.8383880853652956,0.8627579510211945,1.8383880853652956,0.3999252412048031,0,1,sdv4,40.4893159866333,1,0.9833746304437966,4.729613661766052,0,128.826305270195,1,0.4833746304437966,0.08459763312555386,0.12061667942260212
/workspace/benchmarks_ai_research/data/genimage/sd_1_4/data/genimage/sd_1_4/imagenet_ai_0419_sdv4/val/nature/ILSVRC2012_val_00030906.JPEG,-2.4972002506256104,0.9239453226327896,2.4972002506256104,0.2690261525402478,0,0,real,5.383143201470375,1,0.6712970927778743,4.6441033482551575,0,101.0122150182724,1,0.1712970927778743,0.633256246723512,0.2526482298549153
/workspace/benchmarks_ai_research/data/genimage/sd_1_4/data/genimage/sd_1_4/imagenet_ai_0419_sdv4/val/ai/782_sdv4_00020.png,-15.791023254394531,0.9999998613098172,15.791023254394531,2.328748081686473e-06,0,1,sdv4,5.419813096523285,1,0.9998958143747986,4.816465079784393,0,111.99833452701569,1,0.4998958143747986,0.0010594932403820087,0.00010404693501864237
/workspace/benchmarks_ai_research/data/genimage/sd_1_4/data/genimage/sd_1_4/imagenet_ai_0419_sdv4/val/nature/ILSVRC2012_val_00017294.JPEG,-0.0423322729766368,0.5105814933776855,0.0423322729766368,0.692923227834968,0,0,real,5.432553123682737,0,0.0005607899192958,4.6996623277664185,0,98.09190034866332,0,0.4994392100807042,0.004758798061649682,0.5100207034583898
/workspace/benchmarks_ai_research/data/genimage/sd_1_4/data/genimage/sd_1_4/imagenet_ai_0419_sdv4/val/ai/195_sdv4_00035.png,-5.294284820556641,0.9950048732571304,5.294284820556641,0.0314532679221169,0,1,sdv4,6.520855706185103,0,0.4961020665523378,4.649832844734192,0,112.61331290006638,0,0.003897933447662205,0.6931167924798076,0.4989028067047926
/workspace/benchmarks_ai_research/data/genimage/sd_1_4/data/genimage/sd_1_4/imagenet_ai_0419_sdv4/val/ai/092_sdv4_00035.png,-2.017151117324829,0.8825861141085625,2.017151117324829,0.3617404742578536,0,1,sdv4,6.371825002133846,1,0.9961630292443592,4.621595144271851,0,112.53215372562408,1,0.4961630292443592,0.025174945067003126,0.11357691513579671
/workspace/benchmarks_ai_research/data/genimage/sd_1_4/data/genimage/sd_1_4/imagenet_ai_0419_sdv4/val/ai/763_sdv4_00020.png,-11.566740036010742,0.9999905240119916,11.566740036010742,0.0001190823210222,0,1,sdv4,5.448252893984318,1,0.9999943278444392,4.829935729503632,0,112.23230510950089,1,0.4999943278444392,7.41914439370346e-05,3.803832447579758e-06
/workspace/benchmarks_ai_research/data/genimage/sd_1_4/data/genimage/sd_1_4/imagenet_ai_0419_sdv4/val/ai/219_sdv4_00020.png,-5.021941661834717,0.9934514509513974,5.021941661834717,0.0394565163294038,0,1,sdv4,5.487693008035421,1,0.7157646689243968,4.701361060142517,0,111.7299273610115,1,0.21576466892439683,0.5969090716871125,0.2776867820270006
/workspace/benchmarks_ai_research/data/genimage/sd_1_4/data/genimage/sd_1_4/imagenet_ai_0419_sdv4/val/ai/065_sdv4_00074.png,-0.5482360124588013,0.6337262392044067,0.5482360124588013,0.6569426888278589,0,1,sdv4,5.578773096203804,1,0.5364013865195472,4.849217832088471,0,117.6818311214447,1,0.03640138651954716,0.6904947126508021,0.09732485268485958
/workspace/benchmarks_ai_research/data/genimage/sd_1_4/data/genimage/sd_1_4/imagenet_ai_0419_sdv4/val/ai/509_sdv4_00058.png,-26.72039794921875,0.999999999997514,26.72039794921875,6.706892746335934e-11,0,1,sdv4,5.474322941154242,1,0.9078336476752116,4.649080336093903,0,113.00641298294067,1,0.4078336476752116,0.30752152487062573,0.09216635232230241
/workspace/benchmarks_ai_research/data/genimage/sd_1_4/data/genimage/sd_1_4/imagenet_ai_0419_sdv4/val/ai/225_sdv4_00039.png,6.839564800262451,0.9989305138587952,6.839564800262451,0.0083848163211305,1,1,sdv4,36.80954780429602,1,0.999380100547985,4.727840423583984,0,111.81457340717316,0,0.499380100547985,0.005198255655609797,0.00044958668918981814
/workspace/benchmarks_ai_research/data/genimage/sd_1_4/data/genimage/sd_1_4/imagenet_ai_0419_sdv4/val/nature/ILSVRC2012_val_00026981.JPEG,-21.407289505004883,0.9999999994954174,21.407289505004883,1.1304329393909036e-08,0,0,real,5.467233248054981,0,0.0005568569743741,4.579782485961914,0,101.89691185951231,0,0.4994431430256259,0.004729343764955946,0.9994431425210433
/workspace/benchmarks_ai_research/data/genimage/sd_1_4/data/genimage/sd_1_4/imagenet_ai_0419_sdv4/val/ai/685_sdv4_00074.png,-37.97251892089844,1.0,37.97251892089844,-9.991973602039998e-13,0,1,sdv4,6.394875235855579,1,0.9535532258988376,4.580631852149963,1,134.96581465005875,1,0.4535532258988376,0.18791699392228395,0.04644677410116238
/workspace/benchmarks_ai_research/data/genimage/sd_1_4/data/genimage/sd_1_4/imagenet_ai_0419_sdv4/val/nature/ILSVRC2012_val_00035000.JPEG,-7.773594856262207,0.9995794787246268,7.773594856262207,0.0036895717481813,0,0,real,66.64153886958957,0,0.0020120569930794,4.710674285888672,1,134.19706374406817,0,0.4979879430069206,0.01450208386608702,0.9975674217315474
/workspace/benchmarks_ai_research/data/genimage/sd_1_4/data/genimage/sd_1_4/imagenet_ai_0419_sdv4/val/nature/ILSVRC2012_val_00044550.JPEG,-14.89328670501709,0.9999996596485232,14.89328670501709,5.409301642776749e-06,0,0,real,6.4597646705806255,0,0.0083416501505882,5.572251975536346,0,329.7482877969742,0,0.4916583498494118,0.04823402169084757,0.991658009497935
/workspace/benchmarks_ai_research/data/genimage/sd_1_4/data/genimage/sd_1_4/imagenet_ai_0419_sdv4/val/ai/094_sdv4_00143.png,24.063037872314453,1.0,24.063037872314453,-1.000088900581841e-12,1,1,sdv4,6.695345044136047,1,0.9970866726458556,4.613220691680908,0,113.16332966089249,0,0.4970866726458556,0.0199184230513281,0.0029133273541444016
/workspace/benchmarks_ai_research/data/genimage/sd_1_4/data/genimage/sd_1_4/imagenet_ai_0419_sdv4/val/nature/ILSVRC2012_val_00032193.JPEG,-2.276003122329712,0.9068700298666954,2.276003122329712,0.3097202363353932,0,0,real,5.450892727822065,0,0.3351706554572363,4.587128758430481,0,88.61915022134781,0,0.1648293445427637,0.6377801144483277,0.5716993744094592
/workspace/benchmarks_ai_research/data/genimage/sd_1_4/data/genimage/sd_1_4/imagenet_ai_0419_sdv4/val/nature/ILSVRC2012_val_00013300.JPEG,-28.367237091064453,0.999999999999521,28.367237091064453,1.2524576192680286e-11,0,0,real,6.357815116643906,0,6.576635110656831e-06,4.586532711982727,0,110.18989980220796,0,0.49999342336488933,8.504893826462266e-05,0.9999934233644104
/workspace/benchmarks_ai_research/data/genimage/sd_1_4/data/genimage/sd_1_4/imagenet_ai_0419_sdv4/val/nature/ILSVRC2012_val_00005717.JPEG,-19.375844955444336,0.9999999961525106,19.375844955444336,7.839384855775649e-08,0,0,real,6.371425930410624,1,0.6271265407312225,4.557587206363678,0,100.9613573551178,1,0.12712654073122254,0.6604672920190431,0.372873455421288
/workspace/benchmarks_ai_research/data/genimage/sd_1_4/data/genimage/sd_1_4/imagenet_ai_0419_sdv4/val/nature/ILSVRC2012_val_00002459.JPEG,3.207316875457764,0.9611087441444396,3.207316875457764,0.1644043487365655,1,0,real,59.14750089868903,0,0.0012342020581149,4.558064043521881,0,101.36258602142334,1,0.4987657979418851,0.009499299355871816,0.9598745420863247
/workspace/benchmarks_ai_research/data/genimage/sd_1_4/data/genimage/sd_1_4/imagenet_ai_0419_sdv4/val/nature/ILSVRC2012_val_00007631.JPEG,9.96171760559082,0.999952793121338,9.96171760559082,0.0005174321089979,1,0,real,6.401306018233299,0,8.102348538562995e-09,4.61115688085556,0,144.05076950788498,1,0.4999999918976515,1.5905611068707413e-07,0.9999527850189894
/workspace/benchmarks_ai_research/data/genimage/sd_1_4/data/genimage/sd_1_4/imagenet_ai_0419_sdv4/val/ai/537_sdv4_00127.png,9.740131378173828,0.999941110610962,9.740131378173828,0.0006324614473926,1,1,sdv4,29.64143082499504,1,0.9934087676858396,4.67836856842041,0,111.67959123849867,0,0.49340876768583963,0.03967072948021273,0.006532342925122392
/workspace/benchmarks_ai_research/data/genimage/sd_1_4/data/genimage/sd_1_4/imagenet_ai_0419_sdv4/val/nature/ILSVRC2012_val_00037025.JPEG,-10.298069953918455,0.9999663030612282,10.298069953918455,0.0003807109342297,0,0,real,5.434283055365086,0,0.1192285745968479,4.68018651008606,0,111.97466403245926,0,0.3807714254031521,0.36538515710107794,0.8807377284643804
/workspace/benchmarks_ai_research/data/genimage/sd_1_4/data/genimage/sd_1_4/imagenet_ai_0419_sdv4/val/nature/ILSVRC2012_val_00028845.JPEG,-17.512231826782227,0.9999999751952782,17.512231826782227,4.591887601597188e-07,0,0,real,35.883496049791574,0,0.0001384467721782,4.506915807723999,0,102.08260267972946,0,0.4998615532278218,0.0013685401657055139,0.9998615284230999
/workspace/benchmarks_ai_research/data/genimage/sd_1_4/data/genimage/sd_1_4/imagenet_ai_0419_sdv4/val/nature/ILSVRC2012_val_00035601.JPEG,10.699773788452148,0.9999774694442748,10.699773788452148,0.0002636216237684,1,0,real,5.468763876706362,0,4.0922839975063055e-05,4.555739462375641,0,101.39381140470503,1,0.4999590771600249,0.00045439910031360055,0.9999365466042998
/workspace/benchmarks_ai_research/data/genimage/sd_1_4/data/genimage/sd_1_4/imagenet_ai_0419_sdv4/val/ai/648_sdv4_00074.png,-22.31759262084961,0.9999999997969548,22.31759262084961,4.732526878711441e-09,0,1,sdv4,6.380455102771521,1,0.99783588935455,4.510760307312012,0,112.24814504384996,1,0.49783588935455003,0.01544020004523312,0.002164110442404721
/workspace/benchmarks_ai_research/data/genimage/sd_1_4/data/genimage/sd_1_4/imagenet_ai_0419_sdv4/val/ai/364_sdv4_00143.png,-10.70612621307373,0.9999775932574266,10.70612621307373,0.0002622964059942,0,1,sdv4,5.50811318680644,1,0.9859822861226016,4.852809011936188,0,113.9773279428482,1,0.48598228612260164,0.07373866481195643,0.013995307134824997
/workspace/benchmarks_ai_research/data/genimage/sd_1_4/data/genimage/sd_1_4/imagenet_ai_0419_sdv4/val/ai/368_sdv4_00009.png,-25.76700782775879,0.9999999999935504,25.76700782775879,1.7070608052144766e-10,0,1,sdv4,5.411393009126186,1,0.9990495559392826,4.749290645122528,0,111.19015514850616,1,0.4990495559392826,0.007563734463914687,0.0009504440542678072
/workspace/benchmarks_ai_research/data/genimage/sd_1_4/data/genimage/sd_1_4/imagenet_ai_0419_sdv4/val/ai/829_sdv4_00020.png,0.7506163716316223,0.6793130040168762,0.7506163716316223,0.6273862117061781,1,1,sdv4,5.629734136164188,0,0.3598921996996585,4.872024059295654,0,112.0053604245186,1,0.14010780030034148,0.6533561451439965,0.3194208043172177
/workspace/benchmarks_ai_research/data/genimage/sd_1_4/data/genimage/sd_1_4/imagenet_ai_0419_sdv4/val/ai/004_sdv4_00074.png,19.42078971862793,1.0,19.42078971862793,-1.000088900581841e-12,1,1,sdv4,6.38420507311821,1,0.9959554324775244,4.662185907363892,0,119.12357062101364,0,0.4959554324775244,0.026323483824236445,0.004044567522475617
/workspace/benchmarks_ai_research/data/genimage/sd_1_4/data/genimage/sd_1_4/imagenet_ai_0419_sdv4/val/ai/757_sdv4_00127.png,-27.546592712402344,0.999999999998912,27.546592712402344,2.9352215337739065e-11,0,1,sdv4,5.455513019114733,1,0.9999629658578628,4.749014973640442,0,112.68910020589828,1,0.4999629658578628,0.00041491763095887775,3.7034141049163694e-05
/workspace/benchmarks_ai_research/data/genimage/sd_1_4/data/genimage/sd_1_4/imagenet_ai_0419_sdv4/val/ai/161_sdv4_00143.png,-9.099410057067873,0.999888280784944,9.099410057067873,0.0011283044099057,0,1,sdv4,6.361945997923613,1,0.9999999385003372,4.90211695432663,0,147.87857234477997,1,0.4999999385003372,1.0826524620260377e-06,0.00011165771539323188
/workspace/benchmarks_ai_research/data/genimage/sd_1_4/data/genimage/sd_1_4/imagenet_ai_0419_sdv4/val/nature/ILSVRC2012_val_00017657.JPEG,-24.997953414916992,0.9999999999860836,24.997953414916992,3.598321553504575e-10,0,0,real,5.445163231343031,0,7.981811786849112e-07,4.562661051750183,0,102.01124846935272,0,0.4999992018188213,1.2005385096454016e-05,0.9999992018049049
/workspace/benchmarks_ai_research/data/genimage/sd_1_4/data/genimage/sd_1_4/imagenet_ai_0419_sdv4/val/nature/ILSVRC2012_val_00032364.JPEG,-11.562661170959473,0.9999904852820692,11.562661170959473,0.000119530220926,0,0,real,5.571423098444939,1,0.9141112065505969,4.751794040203095,0,137.8253698348999,1,0.41411120655059686,0.29292135567425237,0.08587927873147239
/workspace/benchmarks_ai_research/data/genimage/sd_1_4/data/genimage/sd_1_4/imagenet_ai_0419_sdv4/val/ai/469_sdv4_00020.png,0.4067617952823639,0.6003111600875854,0.4067617952823639,0.6728853007216709,1,1,sdv4,6.370214745402336,0,0.1577786313706231,4.691027104854584,0,113.01545053720474,1,0.3422213686293769,0.43596791685795133,0.44253252871696236
/workspace/benchmarks_ai_research/data/genimage/sd_1_4/data/genimage/sd_1_4/imagenet_ai_0419_sdv4/val/nature/ILSVRC2012_val_00015033.JPEG,-11.674448013305664,0.9999914915988484,11.674448013305664,0.0001078393221847,0,0,real,6.439546123147011,0,7.268989220598925e-05,4.685826599597931,0,176.34236067533493,0,0.499927310107794,0.0007653716353519799,0.9999188017066424
/workspace/benchmarks_ai_research/data/genimage/sd_1_4/data/genimage/sd_1_4/imagenet_ai_0419_sdv4/val/nature/ILSVRC2012_val_00046459.JPEG,-6.588527202606201,0.9986258258577436,6.588527202606201,0.0104289029424675,0,0,real,5.460152868181467,0,6.202321638907238e-06,4.53532487154007,0,101.63801163434982,0,0.4999937976783611,8.057177686187513e-05,0.9986196235361047
/workspace/benchmarks_ai_research/data/genimage/sd_1_4/data/genimage/sd_1_4/imagenet_ai_0419_sdv4/val/nature/ILSVRC2012_val_00026192.JPEG,-22.15242958068848,0.9999999997604908,22.15242958068848,5.543220419342801e-09,0,0,real,6.378194782882929,0,3.648655408334722e-06,4.455395042896271,0,100.63421726226808,0,0.49999635134459164,4.933401512986674e-05,0.9999963511050824
/workspace/benchmarks_ai_research/data/genimage/sd_1_4/data/genimage/sd_1_4/imagenet_ai_0419_sdv4/val/ai/170_sdv4_00020.png,-1.9486390352249143,0.8752981722354889,1.9486390352249143,0.3761895381673501,0,1,sdv4,5.49588305875659,1,0.9075556566627472,5.03356009721756,0,112.71722614765169,1,0.4075556566627472,0.30815695848671154,0.03225748442725829
/workspace/benchmarks_ai_research/data/genimage/sd_1_4/data/genimage/sd_1_4/imagenet_ai_0419_sdv4/val/ai/332_sdv4_00074.png,14.377311706542969,0.9999994039535522,14.377311706542969,9.13914655865233e-06,1,1,sdv4,5.581124220043421,1,0.9990028746508016,4.641152918338776,0,112.5599592924118,0,0.4990028746508016,0.007887396462161649,0.0009965293027506261
/workspace/benchmarks_ai_research/data/genimage/sd_1_4/data/genimage/sd_1_4/imagenet_ai_0419_sdv4/val/nature/ILSVRC2012_val_00020517.JPEG,6.132498741149902,0.9978335499763488,6.132498741149902,0.0154545475403139,1,0,real,6.374665070325136,0,0.4420022242649176,4.625439643859863,0,101.24482959508896,1,0.05799777573508241,0.6864045284458867,0.5558313257114311
/workspace/benchmarks_ai_research/data/genimage/sd_1_4/data/genimage/sd_1_4/imagenet_ai_0419_sdv4/val/ai/280_sdv4_00074.png,-14.340130805969238,0.999999408220276,14.340130805969238,9.077976525192157e-06,0,1,sdv4,5.478423088788986,1,0.998840013200204,4.68803197145462,0,113.9041781425476,1,0.498840013200204,0.009000066646023252,0.0011593950200720071
/workspace/benchmarks_ai_research/data/genimage/sd_1_4/data/genimage/sd_1_4/imagenet_ai_0419_sdv4/val/nature/ILSVRC2012_val_00036404.JPEG,-10.667075157165527,0.9999767009594508,10.667075157165527,0.0002718319247394,0,0,real,5.559463053941727,0,1.541171489965711e-05,5.5323392152786255,0,193.10691952705383,0,0.49998458828510034,0.0001861792922106914,0.9999612892445512
/workspace/benchmarks_ai_research/data/genimage/sd_1_4/data/genimage/sd_1_4/imagenet_ai_0419_sdv4/val/nature/ILSVRC2012_val_00037044.JPEG,11.069317817687988,0.9999843835830688,11.069317817687988,0.0001884461123979,1,0,real,58.97593125700951,0,2.7834619821257496e-07,4.664815962314606,0,105.54154217243196,1,0.4999997216538018,4.479813064086552e-06,0.9999841052368706
/workspace/benchmarks_ai_research/data/genimage/sd_1_4/data/genimage/sd_1_4/imagenet_ai_0419_sdv4/val/nature/ILSVRC2012_val_00035277.JPEG,-20.86033058166504,0.9999999991280862,20.86033058166504,1.9058323710718547e-08,0,0,real,66.72186916694045,0,0.0001308380682698,4.531987011432648,0,89.6407812833786,0,0.4998691619317302,0.0013007246515651329,0.9998691610598165
/workspace/benchmarks_ai_research/data/genimage/sd_1_4/data/genimage/sd_1_4/imagenet_ai_0419_sdv4/val/ai/998_sdv4_00127.png,-13.876606941223145,0.9999990592683048,13.876606941223145,1.3994894093639364e-05,0,1,sdv4,5.500702653080225,1,0.9997084219082168,4.674442112445831,0,112.06800490617752,1,0.49970842190821685,0.0026650403443364947,0.00029063736008794194
/workspace/benchmarks_ai_research/data/genimage/sd_1_4/data/genimage/sd_1_4/imagenet_ai_0419_sdv4/val/nature/ILSVRC2012_val_00034624.JPEG,-2.47502875328064,0.9223726019263268,2.47502875328064,0.2729360619310684,0,0,real,6.487646140158176,0,0.000157025461113,4.527084529399872,0,104.70525920391084,0,0.499842974538887,0.001532415253582848,0.9222155764652138
/workspace/benchmarks_ai_research/data/genimage/sd_1_4/data/genimage/sd_1_4/imagenet_ai_0419_sdv4/val/ai/034_sdv4_00039.png,-17.98845100402832,0.99999998459311,17.98845100402832,2.925509758968146e-07,0,1,sdv4,34.92943290621042,1,0.9999743645718938,4.580818116664887,0,112.66005039215088,1,0.4999743645718938,0.00029664092946103134,2.562002121619944e-05
/workspace/benchmarks_ai_research/data/genimage/sd_1_4/data/genimage/sd_1_4/imagenet_ai_0419_sdv4/val/nature/ILSVRC2012_val_00012311.JPEG,-29.040733337402344,0.9999999999997558,29.040733337402344,5.9386685833852775e-12,0,0,real,6.473814602941275,0,0.0008164683218197,4.58083301782608,0,100.970059633255,0,0.4991835316781803,0.006621651245787449,0.999183531677936
/workspace/benchmarks_ai_research/data/genimage/sd_1_4/data/genimage/sd_1_4/imagenet_ai_0419_sdv4/val/ai/909_sdv4_00127.png,-7.961600303649902,0.9996515266539064,7.961600303649902,0.0031229395643167,0,1,sdv4,5.448442883789539,1,0.9999742599552988,4.703037440776825,0,111.80459707975388,1,0.49997425995529876,0.00029774667161913703,0.0003227333013923195
/workspace/benchmarks_ai_research/data/genimage/sd_1_4/data/genimage/sd_1_4/imagenet_ai_0419_sdv4/val/ai/889_sdv4_00143.png,-10.850299835205078,0.9999806015857756,10.850299835205078,0.0002298772110842,0,1,sdv4,5.438202992081642,1,0.999997417237762,4.673004150390625,0,143.3466151356697,1,0.49999741723776203,3.581425748479085e-05,1.681565198641266e-05
/workspace/benchmarks_ai_research/data/genimage/sd_1_4/data/genimage/sd_1_4/imagenet_ai_0419_sdv4/val/ai/726_sdv4_00039.png,1.4107576608657837,0.8038854598999023,1.4107576608657837,0.494968623318909,1,1,sdv4,5.465913098305464,1,0.9873274734635128,4.697121679782867,0,112.5529333949089,0,0.4873274734635128,0.06794952581703011,0.18344201356361045
/workspace/benchmarks_ai_research/data/genimage/sd_1_4/data/genimage/sd_1_4/imagenet_ai_0419_sdv4/val/nature/ILSVRC2012_val_00018831.JPEG,-29.189682006835938,0.9999999999997896,29.189682006835938,4.9842820934280155e-12,0,0,real,6.37548603117466,0,0.0002137521019063,4.561997950077057,0,90.05161374807358,0,0.4997862478980937,0.0020200827764371154,0.9997862478978833
/workspace/benchmarks_ai_research/data/genimage/sd_1_4/data/genimage/sd_1_4/imagenet_ai_0419_sdv4/val/nature/ILSVRC2012_val_00036108.JPEG,14.017172813415527,0.9999991655349731,14.017172813415527,1.2514031568659568e-05,1,0,real,6.404035724699497,0,0.0937312937312579,4.566572606563568,0,101.37860476970673,1,0.4062687062687421,0.31108671414638595,0.9062678718037153
/workspace/benchmarks_ai_research/data/genimage/sd_1_4/data/genimage/sd_1_4/imagenet_ai_0419_sdv4/val/nature/ILSVRC2012_val_00022267.JPEG,-32.2524528503418,0.99999999999999,32.2524528503418,-7.183398876574947e-13,0,0,real,63.31739109009504,0,3.5607858157252946e-06,4.663631319999695,0,87.08376437425613,0,0.4999964392141843,4.8232720268012044e-05,0.9999964392141742
/workspace/benchmarks_ai_research/data/genimage/sd_1_4/data/genimage/sd_1_4/imagenet_ai_0419_sdv4/val/nature/ILSVRC2012_val_00003070.JPEG,10.423213005065918,0.999970316886902,10.423213005065918,0.0003391271137578,1,0,real,36.10202623531222,0,0.0006588595191175,4.549562931060791,0,101.34927183389664,1,0.4993411404808825,0.005484788543325005,0.9993114573677845
/workspace/benchmarks_ai_research/data/genimage/sd_1_4/data/genimage/sd_1_4/imagenet_ai_0419_sdv4/val/ai/165_sdv4_00127.png,-24.54849624633789,0.9999999999781866,24.54849624633789,5.553220887015526e-10,0,1,sdv4,5.476672668009996,1,0.9990909306468752,6.0350000858306885,0,112.14013397693634,1,0.49909093064687515,0.0072749497645337715,0.0009090693313114073
/workspace/benchmarks_ai_research/data/genimage/sd_1_4/data/genimage/sd_1_4/imagenet_ai_0419_sdv4/val/ai/477_sdv4_00127.png,-10.375605583190918,0.9999688169773436,10.375605583190918,0.000354726250526,0,1,sdv4,5.5164131335914135,1,0.9999842041034908,4.598259925842285,0,110.98604649305344,1,0.49998420410349076,0.00019043141632996952,1.5387126147126118e-05
/workspace/benchmarks_ai_research/data/genimage/sd_1_4/data/genimage/sd_1_4/imagenet_ai_0419_sdv4/val/ai/719_sdv4_00035.png,-12.761167526245115,0.9999971299191656,12.761167526245115,3.94956651990108e-05,0,1,sdv4,51.74905294552445,1,0.9999999346938222,4.653170704841614,0,128.53170931339264,1,0.4999999346938222,1.1457412839845257e-06,2.8047746566395304e-06
/workspace/benchmarks_ai_research/data/genimage/sd_1_4/data/genimage/sd_1_4/imagenet_ai_0419_sdv4/val/ai/528_sdv4_00127.png,-51.54588317871094,1.0,51.54588317871094,-1.0000888994460348e-12,0,1,sdv4,6.404454819858074,1,0.9935691738321693,4.56923246383667,0,127.62703746557236,1,0.49356917383216925,0.03886424736502584,0.00643082616783075
/workspace/benchmarks_ai_research/data/genimage/sd_1_4/data/genimage/sd_1_4/imagenet_ai_0419_sdv4/val/nature/ILSVRC2012_val_00041678.JPEG,0.515218198299408,0.6260289549827576,0.515218198299408,0.6610353620934373,1,0,real,5.495152901858091,0,3.824474975108684e-05,4.731267690658569,0,106.73904418945312,1,0.49996175525024894,0.00042725065175312424,0.6259907102330065
/workspace/benchmarks_ai_research/data/genimage/sd_1_4/data/genimage/sd_1_4/imagenet_ai_0419_sdv4/val/nature/ILSVRC2012_val_00011337.JPEG,-24.793466567993164,0.999999999982926,24.793466567993164,4.3842492567674674e-10,0,0,real,6.480885203927755,0,2.869039608826411e-06,4.661738872528076,0,100.33085942268372,0,0.49999713096039117,3.948237775705097e-05,0.9999971309433172
/workspace/benchmarks_ai_research/data/genimage/sd_1_4/data/genimage/sd_1_4/imagenet_ai_0419_sdv4/val/nature/ILSVRC2012_val_00030564.JPEG,-6.879984855651856,0.9989728963701054,6.879984855651856,0.0080940888386399,0,0,real,6.386094726622105,0,0.009375487784903,4.721328616142273,0,100.9730026125908,0,0.490624512215097,0.05311170904437247,0.9895974085852024
/workspace/benchmarks_ai_research/data/genimage/sd_1_4/data/genimage/sd_1_4/imagenet_ai_0419_sdv4/val/nature/ILSVRC2012_val_00031991.JPEG,-17.110136032104492,0.9999999629180678,17.110136032104492,6.715568340673298e-07,0,0,real,5.552962888032198,0,0.0062599874887558,5.208127200603485,0,145.01529932022095,0,0.4937400125112442,0.03800088187325969,0.993739975429312
/workspace/benchmarks_ai_research/data/genimage/sd_1_4/data/genimage/sd_1_4/imagenet_ai_0419_sdv4/val/ai/367_sdv4_00058.png,-17.36246681213379,0.9999999711877976,17.36246681213379,5.2906111095796e-07,0,1,sdv4,6.913977209478617,1,0.9984824391733728,4.509150981903076,0,112.25611716508864,1,0.49848243917337276,0.011366366370922292,0.0015175320144248383
/workspace/benchmarks_ai_research/data/genimage/sd_1_4/data/genimage/sd_1_4/imagenet_ai_0419_sdv4/val/ai/798_sdv4_00143.png,15.4323091506958,0.9999997615814208,15.4323091506958,3.874118200445909e-06,1,1,sdv4,50.65290117636323,1,0.9839644912629416,5.222618579864502,0,112.64458298683168,0,0.4839644912629416,0.08218019851907932,0.016035270318479178
/workspace/benchmarks_ai_research/data/genimage/sd_1_4/data/genimage/sd_1_4/imagenet_ai_0419_sdv4/val/ai/313_sdv4_00020.png,-3.028851270675659,0.9538606442511082,3.028851270675659,0.1869869408616645,0,1,sdv4,18.05993309244513,1,0.999337733985849,4.698045551776886,0,111.37715727090836,1,0.499337733985849,0.0055097300780976195,0.04547708973474085
/workspace/benchmarks_ai_research/data/genimage/sd_1_4/data/genimage/sd_1_4/imagenet_ai_0419_sdv4/val/ai/812_sdv4_00127.png,-9.657962799072266,0.9999360894871644,9.657962799072266,0.0006811579072538,0,1,sdv4,6.364596076309681,1,0.8931045757561402,5.169957876205444,0,127.96397507190704,1,0.3931045757561402,0.33997483530645567,0.10683151373102417
/workspace/benchmarks_ai_research/data/genimage/sd_1_4/data/genimage/sd_1_4/imagenet_ai_0419_sdv4/val/ai/590_sdv4_00127.png,11.811912536621094,0.999992609024048,11.811912536621094,9.471718093250244e-05,1,1,sdv4,25.750021915882822,0,0.2602082513710757,4.656612873077393,0,111.27498745918274,1,0.23979174862892427,0.5732746288302993,0.7397843576529722
/workspace/benchmarks_ai_research/data/genimage/sd_1_4/data/genimage/sd_1_4/imagenet_ai_0419_sdv4/val/nature/ILSVRC2012_val_00042404.JPEG,-13.742975234985352,0.9999989247703523,13.742975234985352,1.5852082625803884e-05,0,0,real,5.400083027780056,0,7.566848274648554e-05,4.641607403755188,0,101.67963802814484,0,0.4999243315172535,0.0007936951122141252,0.9999232562876058
/workspace/benchmarks_ai_research/data/genimage/sd_1_4/data/genimage/sd_1_4/imagenet_ai_0419_sdv4/val/ai/459_sdv4_00404.png,3.6371009349823,0.9743468761444092,3.6371009349823,0.1192909317632913,1,1,sdv4,5.450983066111803,1,0.9874639963442116,4.665449261665344,0,112.57022619247437,0,0.48746399634421156,0.06735414400000067,0.013117120199802379
/workspace/benchmarks_ai_research/data/genimage/sd_1_4/data/genimage/sd_1_4/imagenet_ai_0419_sdv4/val/nature/ILSVRC2012_val_00005760.JPEG,-3.057724475860596,0.9551148414611816,3.057724475860596,0.1831701369382631,0,0,real,6.395234726369381,0,0.1776604805817194,4.60447371006012,0,102.01402753591536,0,0.3223395194182806,0.46782735811817183,0.7774543608794622
/workspace/benchmarks_ai_research/data/genimage/sd_1_4/data/genimage/sd_1_4/imagenet_ai_0419_sdv4/val/ai/926_sdv4_00127.png,-25.659746170043945,0.9999999999928202,25.659746170043945,1.8947608864141479e-10,0,1,sdv4,49.88162871450186,1,0.7967506164598215,4.748113453388214,0,163.73904794454575,1,0.2967506164598215,0.5048741631728948,0.2032493835329987
/workspace/benchmarks_ai_research/data/genimage/sd_1_4/data/genimage/sd_1_4/imagenet_ai_0419_sdv4/val/nature/ILSVRC2012_val_00036720.JPEG,-1.801459550857544,0.8583265095949173,1.801459550857544,0.4079897636883564,0,0,real,6.401394959539175,0,0.0720308001328214,4.631318151950836,0,101.88301652669908,0,0.42796919986717863,0.25886059968780495,0.7862957094620959
/workspace/benchmarks_ai_research/data/genimage/sd_1_4/data/genimage/sd_1_4/imagenet_ai_0419_sdv4/val/ai/532_sdv4_00035.png,1.8568106889724727,0.8649247884750366,1.8568106889724727,0.3959218381805246,1,1,sdv4,6.392206065356731,1,0.9999005288445476,4.635035991668701,0,128.51326912641525,0,0.4999005288445476,0.001016156848636461,0.134975740369511
/workspace/benchmarks_ai_research/data/genimage/sd_1_4/data/genimage/sd_1_4/imagenet_ai_0419_sdv4/val/ai/539_sdv4_00039.png,-26.224061965942383,0.9999999999959164,26.224061965942383,1.0927551883648535e-10,0,1,sdv4,52.66531510278583,1,0.978488571184108,4.693806171417236,0,111.71640455722807,1,0.47848857118410804,0.10386443270343866,0.021511428811808342
/workspace/benchmarks_ai_research/data/genimage/sd_1_4/data/genimage/sd_1_4/imagenet_ai_0419_sdv4/val/ai/164_sdv4_00039.png,-14.220344543457031,0.999999332912978,14.220344543457031,1.0153292619643688e-05,0,1,sdv4,5.470413248986006,1,0.9997190471917586,4.594773054122925,0,136.80019229650495,1,0.49971904719175864,0.002578355433438315,0.00028028572121940876
/workspace/benchmarks_ai_research/data/genimage/sd_1_4/data/genimage/sd_1_4/imagenet_ai_0419_sdv4/val/nature/ILSVRC2012_val_00024944.JPEG,4.508191108703613,0.9891017079353333,4.508191108703613,0.0600896965504721,1,0,real,32.4165066704154,1,0.9982321447853956,4.523858428001404,0,101.97458416223526,0,0.49823214478539557,0.012970937142611492,0.009130436850062318
/workspace/benchmarks_ai_research/data/genimage/sd_1_4/data/genimage/sd_1_4/imagenet_ai_0419_sdv4/val/ai/818_sdv4_00020.png,-5.785071849822998,0.9969363254494964,5.785071849822998,0.0207919546761103,0,1,sdv4,30.746284406632185,1,0.9918458281168216,4.605434834957123,0,112.09062486886978,1,0.49184582811682165,0.047336088017060504,0.005090497332674748
/workspace/benchmarks_ai_research/data/genimage/sd_1_4/data/genimage/sd_1_4/imagenet_ai_0419_sdv4/val/nature/ILSVRC2012_val_00009550.JPEG,-12.076947212219238,0.9999943108678052,12.076947212219238,7.43964952019921e-05,0,0,real,54.54730009660125,0,0.1335650500642194,4.461266100406647,0,83.30187201499939,0,0.36643494993578063,0.39310796289668815,0.8664292608035858
/workspace/benchmarks_ai_research/data/genimage/sd_1_4/data/genimage/sd_1_4/imagenet_ai_0419_sdv4/val/nature/ILSVRC2012_val_00014433.JPEG,-20.715620040893555,0.999999998992325,20.715620040893555,2.1880289171172707e-08,0,0,real,6.389485206454992,0,0.0013230957738987,4.387460649013519,0,101.3699546456337,0,0.4986769042261013,0.010091409132455249,0.9986769032184263
/workspace/benchmarks_ai_research/data/genimage/sd_1_4/data/genimage/sd_1_4/imagenet_ai_0419_sdv4/val/ai/863_sdv4_00020.png,-1.3801230192184448,0.7990107536315918,1.3801230192184448,0.5017707558187701,0,1,sdv4,45.6122187897563,1,0.9991703554479824,4.613637924194336,0,112.38660663366318,1,0.4991703554479824,0.006715224524927228,0.2001596018163906
/workspace/benchmarks_ai_research/data/genimage/sd_1_4/data/genimage/sd_1_4/imagenet_ai_0419_sdv4/val/nature/ILSVRC2012_val_00011836.JPEG,-16.50388526916504,0.9999999320086488,16.50388526916504,1.1901108126862302e-06,0,0,real,5.438732914626598,0,0.0067557071704729,4.581175744533539,0,98.65207970142365,0,0.4932442928295271,0.04049358811156203,0.9932442248381759
/workspace/benchmarks_ai_research/data/genimage/sd_1_4/data/genimage/sd_1_4/imagenet_ai_0419_sdv4/val/nature/ILSVRC2012_val_00037623.JPEG,6.148638248443604,0.9978681802749634,6.148638248443604,0.0152418984853294,1,0,real,6.167224608361721,0,0.0193725494256974,5.269505083560944,0,105.97093403339386,1,0.4806274505743026,0.09558704064737326,0.9784956308492659
/workspace/benchmarks_ai_research/data/genimage/sd_1_4/data/genimage/sd_1_4/imagenet_ai_0419_sdv4/val/nature/ILSVRC2012_val_00032566.JPEG,0.5327810049057007,0.6301314830780029,0.5327810049057007,0.6588856660920454,1,0,real,5.4766833782196045,0,0.0076300409930102,4.575997591018677,0,101.7460823059082,1,0.4923699590069898,0.04480235930499564,0.6225014420849927
/workspace/benchmarks_ai_research/data/genimage/sd_1_4/data/genimage/sd_1_4/imagenet_ai_0419_sdv4/val/nature/ILSVRC2012_val_00039671.JPEG,-10.724589347839355,0.9999780031521368,10.724589347839355,0.0002579042491524,0,0,real,5.579423159360886,0,2.663733408472028e-05,4.53060120344162,0,104.68380898237228,0,0.4999733626659153,0.00030721325916166557,0.9999513658180521
/workspace/benchmarks_ai_research/data/genimage/sd_1_4/data/genimage/sd_1_4/imagenet_ai_0419_sdv4/val/nature/ILSVRC2012_val_00000288.JPEG,-20.77420234680176,0.999999999049661,20.77420234680176,2.069087485410825e-08,0,0,real,6.353325210511684,0,0.0012045340618217,4.566997289657593,0,98.8658294081688,0,0.4987954659381783,0.00930027969934717,0.9987954649878392
/workspace/benchmarks_ai_research/data/genimage/sd_1_4/data/genimage/sd_1_4/imagenet_ai_0419_sdv4/val/ai/235_sdv4_00074.png,-5.33559513092041,0.9952060505747796,5.33559513092041,0.030384050872005,0,1,sdv4,6.55976589769125,0,0.1115064062506159,4.639782011508942,0,111.2772896885872,0,0.3884935937493841,0.3496532987373227,0.8836996443241637
/workspace/benchmarks_ai_research/data/genimage/sd_1_4/data/genimage/sd_1_4/imagenet_ai_0419_sdv4/val/ai/288_sdv4_00074.png,2.8637826442718506,0.9460268020629884,2.8637826442718506,0.2100519218751487,1,1,sdv4,5.415153224021196,1,0.9112980848111304,4.762880504131317,0,111.41345649957655,0,0.4112980848111304,0.2995241967587892,0.034728717251858
/workspace/benchmarks_ai_research/data/genimage/sd_1_4/data/genimage/sd_1_4/imagenet_ai_0419_sdv4/val/nature/ILSVRC2012_val_00016912.JPEG,-19.056114196777344,0.9999999947029417,19.056114196777344,1.0623640724017519e-07,0,0,real,5.534673109650612,0,5.449378933034151e-06,4.627607762813568,0,101.63102298974992,0,0.49999455062106696,7.149588332393679e-05,0.9999945453240087
/workspace/benchmarks_ai_research/data/genimage/sd_1_4/data/genimage/sd_1_4/imagenet_ai_0419_sdv4/val/ai/337_sdv4_00127.png,-20.86199378967285,0.9999999991295352,20.86199378967285,1.9028096887885807e-08,0,1,sdv4,40.82012828439474,1,0.9987837622145188,4.655823111534119,0,143.31551641225815,1,0.4987837622145188,0.009378877328968398,0.0012162369150163777
/workspace/benchmarks_ai_research/data/genimage/sd_1_4/data/genimage/sd_1_4/imagenet_ai_0419_sdv4/val/ai/495_sdv4_00035.png,-19.580371856689453,0.9999999968641696,19.580371856689453,6.453455306574763e-08,0,1,sdv4,50.82546174526215,1,0.9489669769822228,4.6830326318740845,0,112.3078241944313,1,0.44896697698222277,0.20154575610560319,0.05103301988194686
/workspace/benchmarks_ai_research/data/genimage/sd_1_4/data/genimage/sd_1_4/imagenet_ai_0419_sdv4/val/ai/657_sdv4_00127.png,2.253011465072632,0.9049100279808044,2.253011465072632,0.3141586053198485,1,1,sdv4,6.396356038749218,1,0.9729142877228536,4.650190472602844,0,112.0615005493164,0,0.4729142877228536,0.12446107165582504,0.06800425974204916
/workspace/benchmarks_ai_research/data/genimage/sd_1_4/data/genimage/sd_1_4/imagenet_ai_0419_sdv4/val/nature/ILSVRC2012_val_00007409.JPEG,-20.290719985961918,0.9999999984588238,20.290719985961918,3.2810750936094016e-08,0,0,real,6.827566307038069,0,1.7125932498758788e-06,4.52808290719986,0,101.36914253234865,0,0.4999982874067501,2.445154976838582e-05,0.9999982858655739
/workspace/benchmarks_ai_research/data/genimage/sd_1_4/data/genimage/sd_1_4/imagenet_ai_0419_sdv4/val/ai/779_sdv4_00020.png,-21.35283088684082,0.9999999994671764,21.35283088684082,1.1908114765949056e-08,0,1,sdv4,34.58767291158438,1,0.999680874189534,4.61171567440033,0,112.5236451625824,1,0.499680874189534,0.002888013767779432,0.00031912527764244025
/workspace/benchmarks_ai_research/data/genimage/sd_1_4/data/genimage/sd_1_4/imagenet_ai_0419_sdv4/val/nature/ILSVRC2012_val_00038807.JPEG,-13.122364044189451,0.9999980000052346,13.122364044189451,2.8244654063931944e-05,0,0,real,47.91960399597883,0,0.0614703642388647,4.89450991153717,0,111.87713593244553,0,0.4385296357611353,0.23099426000866408,0.93852763576637
/workspace/benchmarks_ai_research/data/genimage/sd_1_4/data/genimage/sd_1_4/imagenet_ai_0419_sdv4/val/ai/740_sdv4_00143.png,-12.696253776550291,0.9999969374321154,12.696253776550291,4.1945709574419735e-05,0,1,sdv4,6.37198518961668,1,0.9999790391703646,4.706323146820068,0,112.00522631406784,1,0.49997903917036457,0.0002467685887598063,1.789826175080389e-05
/workspace/benchmarks_ai_research/data/genimage/sd_1_4/data/genimage/sd_1_4/imagenet_ai_0419_sdv4/val/nature/ILSVRC2012_val_00035785.JPEG,15.43181037902832,0.9999997615814208,15.43181037902832,3.874118200445909e-06,1,0,real,6.367546040564776,0,0.0939729981833478,4.792839288711548,0,105.59026896953584,1,0.4060270018166522,0.31163477467268497,0.906026763398073
/workspace/benchmarks_ai_research/data/genimage/sd_1_4/data/genimage/sd_1_4/imagenet_ai_0419_sdv4/val/nature/ILSVRC2012_val_00011717.JPEG,-35.213096618652344,0.9999999999999994,35.213096618652344,-9.8534494773879e-13,0,0,real,5.614834371954203,0,0.003093959686476,4.571028053760529,0,102.17949002981186,0,0.496906040313524,0.020967006707378798,0.9969060403135235
/workspace/benchmarks_ai_research/data/genimage/sd_1_4/data/genimage/sd_1_4/imagenet_ai_0419_sdv4/val/nature/ILSVRC2012_val_00017477.JPEG,2.20992374420166,0.901137113571167,2.20992374420166,0.3225772716755484,1,0,real,5.544503219425678,0,1.1321971704436838e-05,4.4674500823020935,0,101.08541697263718,1,0.49998867802829555,0.00014026518432936537,0.9011257915994626
/workspace/benchmarks_ai_research/data/genimage/sd_1_4/data/genimage/sd_1_4/imagenet_ai_0419_sdv4/val/nature/ILSVRC2012_val_00034614.JPEG,-19.801897048950195,0.9999999974872726,19.801897048950195,5.2267496131368543e-08,0,0,real,6.338075269013643,0,1.9583888634840363e-05,5.582794547080994,0,87.4747484922409,0,0.4999804161113652,0.00023188878015659007,0.9999804135986378
/workspace/benchmarks_ai_research/data/genimage/sd_1_4/data/genimage/sd_1_4/imagenet_ai_0419_sdv4/val/nature/ILSVRC2012_val_00032150.JPEG,0.6521254181861877,0.6574892401695251,0.6521254181861877,0.6426868208679808,1,0,real,6.490256171673536,0,5.909030426649094e-06,4.713147878646851,0,87.91416883468628,1,0.49999409096957337,7.704799843358796e-05,0.6574833311390985
/workspace/benchmarks_ai_research/data/genimage/sd_1_4/data/genimage/sd_1_4/imagenet_ai_0419_sdv4/val/nature/ILSVRC2012_val_00032907.JPEG,-5.340780258178711,0.9952307250350714,5.340780258178711,0.0302523340248957,0,0,real,49.52631797641516,0,0.0071557131887261,4.52481210231781,0,102.87977010011672,0,0.4928442868112739,0.042478158033587926,0.9880750118463453
/workspace/benchmarks_ai_research/data/genimage/sd_1_4/data/genimage/sd_1_4/imagenet_ai_0419_sdv4/val/nature/ILSVRC2012_val_00036733.JPEG,12.60861873626709,0.9999966621398926,12.60861873626709,4.542887145144658e-05,1,0,real,6.424044724553824,0,0.0004119102408887,4.556640982627869,0,101.0916605591774,1,0.4995880897591113,0.0036225442452523585,0.9995847518990039
/workspace/benchmarks_ai_research/data/genimage/sd_1_4/data/genimage/sd_1_4/imagenet_ai_0419_sdv4/val/ai/042_sdv4_00127.png,-0.0418692640960216,0.5104658007621765,0.0418692640960216,0.6929280985873209,0,1,sdv4,6.373965181410313,1,0.9942628780771846,4.695236682891846,0,111.59105598926544,1,0.4942628780771846,0.03532875813295602,0.4837970773150081
/workspace/benchmarks_ai_research/data/genimage/sd_1_4/data/genimage/sd_1_4/imagenet_ai_0419_sdv4/val/ai/226_sdv4_00074.png,-27.87701416015625,0.999999999999218,27.87701416015625,2.093569643456871e-11,0,1,sdv4,5.850513931363821,1,0.9900163138827084,4.942901432514191,0,131.44855201244354,1,0.4900163138827084,0.05592655665778575,0.009983686116509571
/workspace/benchmarks_ai_research/data/genimage/sd_1_4/data/genimage/sd_1_4/imagenet_ai_0419_sdv4/val/ai/413_sdv4_00127.png,-13.914084434509276,0.9999990938720202,13.914084434509276,1.3514067556829364e-05,0,1,sdv4,6.383324973285198,1,0.9918170690785264,4.864633083343506,0,111.44796013832092,1,0.4918170690785264,0.04747411017993949,0.008182024793493836
/workspace/benchmarks_ai_research/data/genimage/sd_1_4/data/genimage/sd_1_4/imagenet_ai_0419_sdv4/val/nature/ILSVRC2012_val_00018922.JPEG,3.738240003585816,0.9767571091651917,3.738240003585816,0.1104047406457272,1,0,real,6.355274934321642,0,1.4967921925486432e-05,4.668645560741425,0,101.45100206136703,1,0.4999850320780745,0.0001812554510674654,0.9767421412432662
/workspace/benchmarks_ai_research/data/genimage/sd_1_4/data/genimage/sd_1_4/imagenet_ai_0419_sdv4/val/ai/702_sdv4_00143.png,-16.95554542541504,0.9999999567187104,16.95554542541504,7.771371608220517e-07,0,1,sdv4,6.395004689693451,1,0.998716017767629,4.596792161464691,0,112.88195103406906,1,0.49871601776762897,0.009831640241438122,0.0012839389510814758
/workspace/benchmarks_ai_research/data/genimage/sd_1_4/data/genimage/sd_1_4/imagenet_ai_0419_sdv4/val/ai/280_sdv4_00143.png,-4.400925636291504,0.9878826504573226,4.400925636291504,0.0655189174636643,0,1,sdv4,5.4476638324558735,1,0.9999665067892484,7.797494530677795,0,112.24205791950226,1,0.49996650678924837,0.0003786123117207765,0.012083856331925769
/workspace/benchmarks_ai_research/data/genimage/sd_1_4/data/genimage/sd_1_4/imagenet_ai_0419_sdv4/val/ai/317_sdv4_00127.png,-5.392117977142334,0.9954683082178236,5.392117977142334,0.0289774076537286,0,1,sdv4,5.595022812485695,1,0.9999988158659784,4.700876772403717,0,112.421877682209,1,0.4999988158659784,1.7343414865785775e-05,0.004530507648154769
/workspace/benchmarks_ai_research/data/genimage/sd_1_4/data/genimage/sd_1_4/imagenet_ai_0419_sdv4/val/nature/ILSVRC2012_val_00037164.JPEG,-4.599825859069824,0.9900464825332164,4.599825859069824,0.0557878322515012,0,0,real,5.451461765915155,0,2.2366159854678385e-06,4.556797444820404,0,97.50435501337051,0,0.4999977633840145,3.1336207889157094e-05,0.990044245917231
/workspace/benchmarks_ai_research/data/genimage/sd_1_4/data/genimage/sd_1_4/imagenet_ai_0419_sdv4/val/ai/827_sdv4_00039.png,-13.70024585723877,0.9999988778307624,13.70024585723877,1.6496162255612408e-05,0,1,sdv4,6.470576394349337,1,0.9997776393228988,4.530563950538635,0,110.28065532445908,1,0.49977763932289876,0.002092658262575263,0.000221238507863597
/workspace/benchmarks_ai_research/data/genimage/sd_1_4/data/genimage/sd_1_4/imagenet_ai_0419_sdv4/val/ai/228_sdv4_00127.png,-1.9119277000427248,0.8712355494499207,1.9119277000427248,0.3840312106425896,0,1,sdv4,5.66171295940876,1,0.9986703717942907,4.633300006389618,0,111.41423881053925,1,0.49867037179429075,0.01013467989021128,0.1274348223443701
/workspace/benchmarks_ai_research/data/genimage/sd_1_4/data/genimage/sd_1_4/imagenet_ai_0419_sdv4/val/ai/663_sdv4_00074.png,-8.087382316589355,0.999692701123422,8.087382316589355,0.0027925896260731,0,1,sdv4,6.377226207405329,0,0.2946389980448207,4.665635526180267,0,111.2949475646019,0,0.2053610019551793,0.6062532714835975,0.7050537030786013
/workspace/benchmarks_ai_research/data/genimage/sd_1_4/data/genimage/sd_1_4/imagenet_ai_0419_sdv4/val/ai/581_sdv4_00035.png,-2.632132053375244,0.9329011365771294,2.632132053375244,0.2460691207886438,0,1,sdv4,5.462852772325277,1,0.9999648685673544,4.697799682617188,0,114.12175744771956,1,0.49996486856735445,0.0003954533420905186,0.06706373199022508
/workspace/benchmarks_ai_research/data/genimage/sd_1_4/data/genimage/sd_1_4/imagenet_ai_0419_sdv4/val/nature/ILSVRC2012_val_00000964.JPEG,3.268642902374268,0.963337242603302,3.268642902374268,0.1571891606485786,1,0,real,47.71918384358287,0,0.0298809366961272,4.685752093791962,0,116.93049967288972,1,0.4701190633038728,0.13432804849518798,0.9334563059071748
/workspace/benchmarks_ai_research/data/genimage/sd_1_4/data/genimage/sd_1_4/imagenet_ai_0419_sdv4/val/ai/813_sdv4_00143.png,0.0054020620882511,0.5013505220413208,0.0054020620882511,0.6931435327339417,1,1,sdv4,5.596584174782038,1,0.9955845984924424,4.679866135120392,0,112.07996308803558,0,0.4955845984924424,0.028348844959238197,0.4942340764511216
/workspace/benchmarks_ai_research/data/genimage/sd_1_4/data/genimage/sd_1_4/imagenet_ai_0419_sdv4/val/ai/248_sdv4_00074.png,7.115959167480469,0.9991886019706726,7.115959167480469,0.0065855871697599,1,1,sdv4,5.478483159095049,1,0.9947391864520774,4.742220044136047,0,112.12718486785889,0,0.4947391864520774,0.0328529102854961,0.004449415518595234
/workspace/benchmarks_ai_research/data/genimage/sd_1_4/data/genimage/sd_1_4/imagenet_ai_0419_sdv4/val/ai/085_sdv4_00074.png,6.003803730010986,0.9975367784500122,6.003803730010986,0.0172549964948833,1,1,sdv4,5.434332881122828,1,0.999999798093275,5.033239722251892,0,115.43513089418413,0,0.499999798093275,3.3143897484299464e-06,0.002463019643262787
/workspace/benchmarks_ai_research/data/genimage/sd_1_4/data/genimage/sd_1_4/imagenet_ai_0419_sdv4/val/nature/ILSVRC2012_val_00041821.JPEG,-1.7136849164962769,0.8473136276006699,1.7136849164962769,0.4273407096759841,0,0,real,6.729687098413706,0,0.0001659787010237,4.5580193400383,0,101.14529728889464,0,0.4998340212989763,0.0016105856250365467,0.8471476488996461
/workspace/benchmarks_ai_research/data/genimage/sd_1_4/data/genimage/sd_1_4/imagenet_ai_0419_sdv4/val/ai/112_sdv4_00020.png,-5.915966033935547,0.9973111951258034,5.915966033935547,0.0185993045316992,0,1,sdv4,6.600585766136646,1,0.98996225887289,4.595331847667694,0,111.8692010641098,1,0.48996225887289,0.05617488750559199,0.0073489362529133295
/workspace/benchmarks_ai_research/data/genimage/sd_1_4/data/genimage/sd_1_4/imagenet_ai_0419_sdv4/val/ai/498_sdv4_00020.png,-33.90166473388672,0.999999999999998,33.90166473388672,-9.458435066079129e-13,0,1,sdv4,5.726062692701817,0,0.1763651319726651,4.621587693691254,0,175.00028759241104,0,0.3236348680273349,0.4658367691146327,0.8236348680273329
/workspace/benchmarks_ai_research/data/genimage/sd_1_4/data/genimage/sd_1_4/imagenet_ai_0419_sdv4/val/nature/ILSVRC2012_val_00045627.JPEG,-23.011520385742188,0.9999999998985566,23.011520385742188,2.433814606470828e-09,0,0,real,5.430393386632204,0,2.6034147462883933e-05,4.769384860992432,0,101.18617117404938,0,0.4999739658525371,0.000300852910116415,0.9999739657510937
/workspace/benchmarks_ai_research/data/genimage/sd_1_4/data/genimage/sd_1_4/imagenet_ai_0419_sdv4/val/nature/ILSVRC2012_val_00038185.JPEG,-8.38820743560791,0.9997725169814656,8.38820743560791,0.0021356836471916,0,0,real,6.339754909276962,0,0.0096771344465006,5.017116665840149,0,101.85153782367706,0,0.4903228655534994,0.05451260667178131,0.990095382534965
/workspace/benchmarks_ai_research/data/genimage/sd_1_4/data/genimage/sd_1_4/imagenet_ai_0419_sdv4/val/nature/ILSVRC2012_val_00004670.JPEG,-9.62236499786377,0.9999337735862356,9.62236499786377,0.0007034833271724,0,0,real,45.28594808652997,0,0.0027163559279903,4.91207093000412,0,100.16000270843506,0,0.4972836440720097,0.018762154577440227,0.9972174176582452
/workspace/benchmarks_ai_research/data/genimage/sd_1_4/data/genimage/sd_1_4/imagenet_ai_0419_sdv4/val/nature/ILSVRC2012_val_00026788.JPEG,-16.677309036254883,0.9999999428341476,16.677309036254883,1.0105364430027336e-06,0,0,real,6.365765817463398,1,0.5765827881186305,4.511259496212006,0,75.54247975349426,1,0.07658278811863051,0.6813710347205733,0.4234171547155171
/workspace/benchmarks_ai_research/data/genimage/sd_1_4/data/genimage/sd_1_4/imagenet_ai_0419_sdv4/val/nature/ILSVRC2012_val_00041965.JPEG,-19.24954605102539,0.9999999956345564,19.24954605102539,8.839625050251677e-08,0,0,real,5.5832029320299625,0,0.0427086843178721,4.58177924156189,0,102.23886370658876,0,0.4572913156821279,0.17645895802435285,0.9572913113166843
/workspace/benchmarks_ai_research/data/genimage/sd_1_4/data/genimage/sd_1_4/imagenet_ai_0419_sdv4/val/nature/ILSVRC2012_val_00012099.JPEG,-38.20797348022461,1.0,38.20797348022461,-9.993843949520896e-13,0,0,real,49.47352781891823,0,0.0001613836350689,4.6537891030311584,0,130.6261345744133,0,0.4998386163649311,0.0015705283247561743,0.9998386163649311
/workspace/benchmarks_ai_research/data/genimage/sd_1_4/data/genimage/sd_1_4/imagenet_ai_0419_sdv4/val/ai/415_sdv4_00127.png,10.422574043273926,0.9999701976776124,10.422574043273926,0.0003403696199238,1,1,sdv4,6.402295082807541,1,0.9935225747968164,4.519380629062653,0,156.30655735731125,0,0.4935225747968164,0.0390989463348566,0.006447622880796033
/workspace/benchmarks_ai_research/data/genimage/sd_1_4/data/genimage/sd_1_4/imagenet_ai_0419_sdv4/val/ai/380_sdv4_00074.png,-5.065738201141357,0.9937303056940436,5.065738201141357,0.0380500616338258,0,1,sdv4,5.491083022207022,1,0.9999995352255416,4.671610891819,0,112.34845966100691,1,0.49999953522554164,7.241980383777298e-06,0.0062692295314979996
/workspace/benchmarks_ai_research/data/genimage/sd_1_4/data/genimage/sd_1_4/imagenet_ai_0419_sdv4/val/ai/938_sdv4_00074.png,-12.177826881408691,0.9999948567842694,12.177826881408691,6.777641784629577e-05,0,1,sdv4,5.4501430131495,1,0.9999348057606516,5.022682249546051,0,111.48589104413986,1,0.49993480576065163,0.0006935432821050231,6.00510236177243e-05
/workspace/benchmarks_ai_research/data/genimage/sd_1_4/data/genimage/sd_1_4/imagenet_ai_0419_sdv4/val/ai/347_sdv4_00127.png,-16.55470848083496,0.9999999353778436,16.55470848083496,1.1344211185146486e-06,0,1,sdv4,5.40609285235405,1,0.9995839855982946,4.665479063987732,0,111.57196015119553,1,0.49958398559829464,0.003654512890361866,0.00041594977954895196
/workspace/benchmarks_ai_research/data/genimage/sd_1_4/data/genimage/sd_1_4/imagenet_ai_0419_sdv4/val/ai/285_sdv4_00035.png,11.064759254455566,0.9999843835830688,11.064759254455566,0.0001884461123979,1,1,sdv4,6.336645223200321,1,0.9728402312620402,4.654005169868469,0,112.6001477241516,0,0.4728402312620402,0.12472618532303319,0.027144152321028625
/workspace/benchmarks_ai_research/data/genimage/sd_1_4/data/genimage/sd_1_4/imagenet_ai_0419_sdv4/val/ai/776_sdv4_00020.png,-13.529040336608888,0.9999986682832968,13.529040336608888,1.934856461746133e-05,0,1,sdv4,5.6770844385027885,1,0.9997815993523526,4.94026392698288,0,112.0346263051033,1,0.49978159935235256,0.002059315023377582,0.00021706893094419755
/workspace/benchmarks_ai_research/data/genimage/sd_1_4/data/genimage/sd_1_4/imagenet_ai_0419_sdv4/val/ai/607_sdv4_00035.png,1.8751699924468996,0.867055356502533,1.8751699924468996,0.3919462624957085,1,1,sdv4,5.459941923618317,1,0.9998265646390244,4.8241689801216125,0,111.8382066488266,0,0.4998265646390244,0.001675319482654438,0.13277120813649146
/workspace/benchmarks_ai_research/data/genimage/sd_1_4/data/genimage/sd_1_4/imagenet_ai_0419_sdv4/val/nature/ILSVRC2012_val_00049700.JPEG,1.2436764240264893,0.7762033343315125,1.2436764240264893,0.5316714445273467,1,0,real,52.890225779265165,0,1.4480082357074533e-07,4.611417651176453,0,101.56910866498949,1,0.49999985519917645,2.4251086683354475e-06,0.7762031895306889
/workspace/benchmarks_ai_research/data/genimage/sd_1_4/data/genimage/sd_1_4/imagenet_ai_0419_sdv4/val/ai/009_sdv4_00003.png,1.7629778385162354,0.8535822033882141,1.7629778385162354,0.4164447377039412,1,1,sdv4,6.392215378582478,1,0.51165621598344,4.6682208776474,0,111.56348884105682,0,0.011656215983440021,0.6928754211972312,0.3419259874047741
/workspace/benchmarks_ai_research/data/genimage/sd_1_4/data/genimage/sd_1_4/imagenet_ai_0419_sdv4/val/ai/606_sdv4_00020.png,-28.06307411193848,0.9999999999993509,28.06307411193848,1.7261771406470535e-11,0,1,sdv4,6.341334898024797,1,0.9985335011283032,4.763409495353699,0,112.1603101491928,1,0.4985335011283032,0.011034148436347934,0.0014664988710476612
/workspace/benchmarks_ai_research/data/genimage/sd_1_4/data/genimage/sd_1_4/imagenet_ai_0419_sdv4/val/ai/289_sdv4_00027.png,12.085142135620115,0.9999943971633912,12.085142135620115,7.335365014803318e-05,1,1,sdv4,48.8414061255753,1,0.8850791330153643,4.691645503044128,0,167.8854078054428,0,0.38507913301536434,0.3566815043917444,0.11491526414802689
/workspace/benchmarks_ai_research/data/genimage/sd_1_4/data/genimage/sd_1_4/imagenet_ai_0419_sdv4/val/nature/ILSVRC2012_val_00039168.JPEG,-5.856799602508545,0.997147775022313,5.856799602508545,0.0195612104146647,0,0,real,6.343815010040999,0,0.0002269747716524,4.634931683540344,0,101.51084512472153,0,0.4997730252283476,0.002131419798587279,0.9969208002506605
/workspace/benchmarks_ai_research/data/genimage/sd_1_4/data/genimage/sd_1_4/imagenet_ai_0419_sdv4/val/ai/417_sdv4_00020.png,-20.4657039642334,0.999999998706228,20.4657039642334,2.7769724301033793e-08,0,1,sdv4,6.35884515941143,1,0.9993875019645,4.660740494728088,0,112.69062012434006,1,0.4993875019645,0.005143549338992584,0.0006124967417280303
/workspace/benchmarks_ai_research/data/genimage/sd_1_4/data/genimage/sd_1_4/imagenet_ai_0419_sdv4/val/nature/ILSVRC2012_val_00026486.JPEG,-4.811764717102051,0.9919321266934276,4.811764717102051,0.04692130323327,0,0,real,6.404315121471882,0,0.0023199043595021,4.590421915054321,0,101.00307315587996,0,0.4976800956404979,0.016390283137771102,0.9896122223339254
/workspace/benchmarks_ai_research/data/genimage/sd_1_4/data/genimage/sd_1_4/imagenet_ai_0419_sdv4/val/nature/ILSVRC2012_val_00014061.JPEG,-17.183561325073242,0.9999999655432674,17.183561325073242,6.26544112893755e-07,0,0,real,5.662702955305576,0,0.0319637011457794,4.66417521238327,0,102.06672549247742,0,0.4680362988542206,0.14150328752588434,0.968036264397488
/workspace/benchmarks_ai_research/data/genimage/sd_1_4/data/genimage/sd_1_4/imagenet_ai_0419_sdv4/val/nature/ILSVRC2012_val_00008726.JPEG,-2.4046452045440674,0.9171808436512948,2.4046452045440674,0.2856013067737071,0,0,real,5.441572982817888,0,0.3559070575781777,4.571065306663513,0,100.5408987402916,0,0.1440929424218223,0.6510268470526348,0.5612737860731172
/workspace/benchmarks_ai_research/data/genimage/sd_1_4/data/genimage/sd_1_4/imagenet_ai_0419_sdv4/val/nature/ILSVRC2012_val_00022233.JPEG,6.244901180267334,0.9980633854866028,6.244901180267334,0.0140324085744441,1,0,real,5.453812889754772,1,0.9977642088386152,4.636920988559723,0,101.87505930662157,0,0.49776420883861516,0.01587868138057176,0.0002991766479876201
/workspace/benchmarks_ai_research/data/genimage/sd_1_4/data/genimage/sd_1_4/imagenet_ai_0419_sdv4/val/nature/ILSVRC2012_val_00005554.JPEG,-7.615149974822998,0.9995073160971516,7.615149974822998,0.0042446671100184,0,0,real,6.3706450164318085,0,0.0821194344542,4.684090614318848,0,98.0595126748085,0,0.4178805655458,0.2839154927218189,0.9173878816429516
/workspace/benchmarks_ai_research/data/genimage/sd_1_4/data/genimage/sd_1_4/imagenet_ai_0419_sdv4/val/nature/ILSVRC2012_val_00030610.JPEG,-7.975636959075928,0.9996563822496682,7.975636959075928,0.0030842472530145,0,0,real,6.374144926667213,0,0.0003686954016985,4.543580114841461,0,203.13869416713715,0,0.4996313045983015,0.0032833635675485703,0.9992876868479698
/workspace/benchmarks_ai_research/data/genimage/sd_1_4/data/genimage/sd_1_4/imagenet_ai_0419_sdv4/val/ai/395_sdv4_00074.png,11.081327438354492,0.999984622001648,11.081327438354492,0.0001858056635732,1,1,sdv4,6.42650481313467,0,0.2968899588506595,4.620492458343506,0,112.25228011608124,1,0.2031100411493405,0.6082060956346198,0.7030946631509885
/workspace/benchmarks_ai_research/data/genimage/sd_1_4/data/genimage/sd_1_4/imagenet_ai_0419_sdv4/val/nature/ILSVRC2012_val_00002873.JPEG,-6.463139057159424,0.998442538199015,6.463139057159424,0.011624768255729,0,0,real,41.86571016907692,0,0.0034576990665449,4.839442670345306,0,123.31494688987732,0,0.4965423009334551,0.02304702022784587,0.99498483913247
/workspace/benchmarks_ai_research/data/genimage/sd_1_4/data/genimage/sd_1_4/imagenet_ai_0419_sdv4/val/nature/ILSVRC2012_val_00001846.JPEG,-7.955064296722412,0.9996492423524614,7.955064296722412,0.0031411187860421,0,0,real,5.463882815092802,1,0.9884208163605868,4.655942320823669,0,112.89309710264206,1,0.48842081636058676,0.06313821108172239,0.01122842599187468
/workspace/benchmarks_ai_research/data/genimage/sd_1_4/data/genimage/sd_1_4/imagenet_ai_0419_sdv4/val/nature/ILSVRC2012_val_00014468.JPEG,0.6559135913848877,0.6583418250083923,0.6559135913848877,0.6421292141376087,1,0,real,5.451593082398176,0,2.656911454618128e-09,4.568718373775482,0,100.88662058115004,1,0.49999999734308853,5.511855492424412e-08,0.6583418223514809
/workspace/benchmarks_ai_research/data/genimage/sd_1_4/data/genimage/sd_1_4/imagenet_ai_0419_sdv4/val/nature/ILSVRC2012_val_00032089.JPEG,-34.45570373535156,0.9999999999999988,34.45570373535156,-9.689554162424453e-13,0,0,real,5.453593097627163,0,0.0092773255114316,4.626035690307617,0,194.6272850036621,0,0.4907226744885684,0.05265372903851986,0.9907226744885672
/workspace/benchmarks_ai_research/data/genimage/sd_1_4/data/genimage/sd_1_4/imagenet_ai_0419_sdv4/val/nature/ILSVRC2012_val_00001775.JPEG,-30.33088111877441,0.9999999999999328,30.33088111877441,9.20035106825405e-13,0,0,real,6.395814940333366,0,4.536683935635542e-07,4.62745875120163,0,101.24947875738144,0,0.4999995463316064,7.0799011700736465e-06,0.9999995463315393
/workspace/benchmarks_ai_research/data/genimage/sd_1_4/data/genimage/sd_1_4/imagenet_ai_0419_sdv4/val/ai/755_sdv4_00035.png,-18.10872840881348,0.9999999863391054,18.10872840881348,2.61040326551442e-07,0,1,sdv4,5.46121271327138,1,0.8333103772320586,4.4891610741615295,0,112.09597438573836,1,0.3333103772320586,0.4505981533869503,0.16668960910704678
/workspace/benchmarks_ai_research/data/genimage/sd_1_4/data/genimage/sd_1_4/imagenet_ai_0419_sdv4/val/nature/ILSVRC2012_val_00010165.JPEG,-34.05216979980469,0.9999999999999984,34.05216979980469,-9.533654190670622e-13,0,0,real,5.440132692456245,0,0.0211277437911672,4.589773714542389,0,101.00259631872176,0,0.4788722562088328,0.10239622648776686,0.9788722562088312
/workspace/benchmarks_ai_research/data/genimage/sd_1_4/data/genimage/sd_1_4/imagenet_ai_0419_sdv4/val/ai/710_sdv4_00020.png,-22.705915451049805,0.9999999998622962,22.705915451049805,3.2624003679693357e-09,0,1,sdv4,5.450763273984194,1,0.9999997903517104,4.729636013507843,0,111.6846427321434,1,0.4999997903517104,3.433582973147483e-06,2.0951058576912374e-07
/workspace/benchmarks_ai_research/data/genimage/sd_1_4/data/genimage/sd_1_4/imagenet_ai_0419_sdv4/val/nature/ILSVRC2012_val_00014300.JPEG,-4.649022102355957,0.9905197778716684,4.649022102355957,0.0535992075345451,0,0,real,6.51316624134779,0,0.0071598289817259,4.53399121761322,0,108.58254879713058,0,0.4928401710182741,0.04249845866047256,0.9833599488899426
/workspace/benchmarks_ai_research/data/genimage/sd_1_4/data/genimage/sd_1_4/imagenet_ai_0419_sdv4/val/ai/865_sdv4_00035.png,-34.95713424682617,0.9999999999999992,34.95713424682617,-9.812384882953129e-13,0,1,sdv4,6.461825221776962,0,0.0145409619832765,4.843935370445252,0,112.82112449407578,0,0.4854590380167235,0.07595441927829848,0.9854590380167227
/workspace/benchmarks_ai_research/data/genimage/sd_1_4/data/genimage/sd_1_4/imagenet_ai_0419_sdv4/val/nature/ILSVRC2012_val_00039773.JPEG,-23.33469581604004,0.9999999999265704,23.33469581604004,1.784890616022111e-09,0,0,real,5.400873254984617,0,0.4379937162946418,4.557453095912933,0,101.4821231365204,0,0.06200628370535821,0.6854377900942534,0.5620062836319286
/workspace/benchmarks_ai_research/data/genimage/sd_1_4/data/genimage/sd_1_4/imagenet_ai_0419_sdv4/val/ai/943_sdv4_00039.png,-2.3934757709503174,0.9163284450769424,2.3934757709503174,0.28764625516463,0,1,sdv4,6.381375249475241,1,0.9996629865532772,4.936225712299347,0,112.11645603179932,1,0.49966298655327723,0.003031509825123415,0.08333454147633479
/workspace/benchmarks_ai_research/data/genimage/sd_1_4/data/genimage/sd_1_4/imagenet_ai_0419_sdv4/val/nature/ILSVRC2012_val_00013939.JPEG,-16.391679763793945,0.9999999239351708,16.391679763793945,1.3228931524018185e-06,0,0,real,5.437713116407394,0,0.1225305351581077,4.569202661514282,0,103.38760167360306,0,0.3774694648418923,0.37193676784530527,0.877469388777063
/workspace/benchmarks_ai_research/data/genimage/sd_1_4/data/genimage/sd_1_4/imagenet_ai_0419_sdv4/val/ai/245_sdv4_00039.png,4.2475104331970215,0.9859018325805664,4.2475104331970215,0.0740806254760301,1,1,sdv4,5.406143143773079,1,0.9999877800099548,4.676736891269684,0,121.0961565375328,0,0.4999877800099548,0.00015045778602608507,0.014085947429388401
/workspace/benchmarks_ai_research/data/genimage/sd_1_4/data/genimage/sd_1_4/imagenet_ai_0419_sdv4/val/nature/ILSVRC2012_val_00019241.JPEG,-11.690385818481444,0.9999916261276668,11.690385818481444,0.0001062677032941,0,0,real,6.38520484790206,0,0.0001926393709159,4.699409008026123,0,100.92341899871826,0,0.4998073606290841,0.0018405910401612744,0.9997989867567509
/workspace/benchmarks_ai_research/data/genimage/sd_1_4/data/genimage/sd_1_4/imagenet_ai_0419_sdv4/val/ai/027_sdv4_00020.png,-4.426095008850098,0.9881802713498472,4.426095008850098,0.06420537990523,0,1,sdv4,6.406914908438921,0,0.3037884272308136,4.707850515842438,0,111.82501912117004,0,0.19621157276918638,0.6140401379946641,0.6843918441190335
/workspace/benchmarks_ai_research/data/genimage/sd_1_4/data/genimage/sd_1_4/imagenet_ai_0419_sdv4/val/ai/471_sdv4_00143.png,-7.498095035552978,0.999446167901624,7.498095035552978,0.0047066712074422,0,1,sdv4,6.354144774377346,1,0.99995194322655,4.760898649692535,0,111.4303544163704,1,0.49995194322655,0.000525890240712214,0.0005057753249260166
/workspace/benchmarks_ai_research/data/genimage/sd_1_4/data/genimage/sd_1_4/imagenet_ai_0419_sdv4/val/nature/ILSVRC2012_val_00010338.JPEG,-32.863895416259766,0.9999999999999948,32.863895416259766,-8.47289449450628e-13,0,0,real,5.452212877571583,0,0.0002633478932807,4.691682755947113,0,153.51692587137222,0,0.4997366521067193,0.0024338356635336933,0.999736652106714
/workspace/benchmarks_ai_research/data/genimage/sd_1_4/data/genimage/sd_1_4/imagenet_ai_0419_sdv4/val/nature/ILSVRC2012_val_00025669.JPEG,-16.629823684692383,0.9999999400541242,16.629823684692383,1.0568332235498986e-06,0,0,real,41.79680999368429,1,0.916700362475401,13.335935771465302,0,101.01278126239777,1,0.416700362475401,0.28675517660101435,0.0832995775787232
/workspace/benchmarks_ai_research/data/genimage/sd_1_4/data/genimage/sd_1_4/imagenet_ai_0419_sdv4/val/nature/ILSVRC2012_val_00045377.JPEG,-22.27619361877441,0.9999999997883724,22.27619361877441,4.923884564890926e-09,0,0,real,5.563104059547186,0,0.0045551375804099,4.641957581043243,0,112.26153373718262,0,0.4954448624195901,0.029103769340365317,0.9954448622079625
/workspace/benchmarks_ai_research/data/genimage/sd_1_4/data/genimage/sd_1_4/imagenet_ai_0419_sdv4/val/nature/ILSVRC2012_val_00042499.JPEG,-9.68061637878418,0.9999375209226856,9.68061637878418,0.0006673170039225,0,0,real,58.70429007336497,1,0.7047385999788169,4.757605493068695,1,132.47587531805038,1,0.20473859997881694,0.6067956711969231,0.2951989209438687
/workspace/benchmarks_ai_research/data/genimage/sd_1_4/data/genimage/sd_1_4/imagenet_ai_0419_sdv4/val/ai/086_sdv4_00039.png,-3.0544729232788086,0.9549752436578274,3.0544729232788086,0.1835967614867068,0,1,sdv4,5.424282979220152,1,0.9992532201115472,4.654191434383392,0,113.03456127643584,1,0.49925322011154716,0.006123122068475575,0.04427797645371978
/workspace/benchmarks_ai_research/data/genimage/sd_1_4/data/genimage/sd_1_4/imagenet_ai_0419_sdv4/val/ai/341_sdv4_00039.png,-19.066987991333008,0.9999999947602288,19.066987991333008,1.0514442750889389e-07,0,1,sdv4,5.517752841114998,1,0.999878493938274,4.627354443073273,0,111.1963987350464,1,0.499878493938274,0.00121694221562764,0.00012150082195483414
/workspace/benchmarks_ai_research/data/genimage/sd_1_4/data/genimage/sd_1_4/imagenet_ai_0419_sdv4/val/ai/277_sdv4_00035.png,-18.180072784423828,0.9999999872797768,18.180072784423828,2.439728042526229e-07,0,1,sdv4,48.028755001723766,1,0.9999827994511394,5.228050053119659,0,111.51735484600069,1,0.49998279945113944,0.00020590021158660608,1.7187828637355018e-05
/workspace/benchmarks_ai_research/data/genimage/sd_1_4/data/genimage/sd_1_4/imagenet_ai_0419_sdv4/val/nature/ILSVRC2012_val_00046796.JPEG,4.421326160430908,0.988124430179596,4.421326160430908,0.0644524049558644,1,0,real,6.375244818627834,0,0.0847630720449991,4.489511251449585,0,98.23093563318253,1,0.4152369279550009,0.2902510358098452,0.9033613581345968
/workspace/benchmarks_ai_research/data/genimage/sd_1_4/data/genimage/sd_1_4/imagenet_ai_0419_sdv4/val/nature/ILSVRC2012_val_00008595.JPEG,22.412412643432617,1.0,22.412412643432617,-1.000088900581841e-12,1,0,real,35.878725815564394,0,0.0021591287308295,4.731863737106323,0,99.67828541994096,1,0.4978408712691705,0.015409637325498049,0.9978408712691705
/workspace/benchmarks_ai_research/data/genimage/sd_1_4/data/genimage/sd_1_4/imagenet_ai_0419_sdv4/val/nature/ILSVRC2012_val_00003874.JPEG,-2.240072965621948,0.9037908092141153,2.240072965621948,0.3166729652415324,0,0,real,6.508205085992813,0,1.832166314110732e-06,4.581138491630554,0,101.86947137117386,0,0.4999981678336859,2.6035100738885797e-05,0.9037889770478011
/workspace/benchmarks_ai_research/data/genimage/sd_1_4/data/genimage/sd_1_4/imagenet_ai_0419_sdv4/val/nature/ILSVRC2012_val_00032322.JPEG,-9.67424201965332,0.9999371214144048,9.67424201965332,0.0006711832156636,0,0,real,30.060890596359968,0,0.0592706324268226,4.490256309509277,0,112.29221522808076,0,0.4407293675731774,0.22495590775605462,0.9406664889875822
/workspace/benchmarks_ai_research/data/genimage/sd_1_4/data/genimage/sd_1_4/imagenet_ai_0419_sdv4/val/ai/568_sdv4_00127.png,9.68769645690918,0.9999380111694336,9.68769645690918,0.0006625691846932,1,1,sdv4,6.467835977673531,1,0.9999999477519016,4.749424755573273,0,111.69850081205368,0,0.4999999477519016,9.283036698147332e-07,6.193658246800293e-05
/workspace/benchmarks_ai_research/data/genimage/sd_1_4/data/genimage/sd_1_4/imagenet_ai_0419_sdv4/val/ai/209_sdv4_00020.png,11.479379653930664,0.9999896287918092,11.479379653930664,0.00012939608503,1,1,sdv4,6.527616176754236,1,0.9974646460737104,4.5736804604530334,0,112.16434836387634,0,0.49746464607371044,0.017687017622390475,0.002524982718098756
/workspace/benchmarks_ai_research/data/genimage/sd_1_4/data/genimage/sd_1_4/imagenet_ai_0419_sdv4/val/ai/805_sdv4_00020.png,-15.096271514892578,0.999999722174266,15.096271514892578,4.4719564818508816e-06,0,1,sdv4,6.484085228294134,1,0.9999945048252462,4.750773310661316,0,112.77532577514648,1,0.4999945048252462,7.205073693505844e-05,5.217349019814854e-06
/workspace/benchmarks_ai_research/data/genimage/sd_1_4/data/genimage/sd_1_4/imagenet_ai_0419_sdv4/val/ai/944_sdv4_00035.png,-19.683130264282227,0.9999999971703994,19.683130264282227,5.852299709725873e-08,0,1,sdv4,6.38612499460578,1,0.9695118069379494,4.828751087188721,0,111.99427396059036,1,0.46951180693794936,0.13643510173407356,0.030488190232450085
/workspace/benchmarks_ai_research/data/genimage/sd_1_4/data/genimage/sd_1_4/imagenet_ai_0419_sdv4/val/nature/ILSVRC2012_val_00031448.JPEG,23.71975517272949,1.0,23.71975517272949,-1.000088900581841e-12,1,0,real,42.858952190727,1,0.989295830766878,4.585422575473785,0,102.44624316692352,0,0.489295830766878,0.05921279544744516,0.010704169233122007
/workspace/benchmarks_ai_research/data/genimage/sd_1_4/data/genimage/sd_1_4/imagenet_ai_0419_sdv4/val/ai/515_sdv4_00020.png,17.360401153564453,1.0,17.360401153564453,-1.000088900581841e-12,1,1,sdv4,54.46823965758085,1,0.9992292763676028,4.851885139942169,0,112.81362920999528,0,0.49922927636760284,0.006295112815008368,0.0007707236323971633
/workspace/benchmarks_ai_research/data/genimage/sd_1_4/data/genimage/sd_1_4/imagenet_ai_0419_sdv4/val/ai/273_sdv4_00020.png,-11.452463150024414,0.9999893768381298,11.452463150024414,0.0001322845870577,0,1,sdv4,6.48143608123064,1,0.9961820735820875,4.525966942310333,0,148.65241944789886,1,0.49618207358208755,0.02506902573388438,0.0038073032560422826
/workspace/benchmarks_ai_research/data/genimage/sd_1_4/data/genimage/sd_1_4/imagenet_ai_0419_sdv4/val/ai/859_sdv4_00003.png,-6.987136363983154,0.999077164568007,6.987136363983154,0.0073712385195178,0,1,sdv4,6.391134578734636,1,0.9976591655689248,4.598081111907959,0,111.53846234083176,1,0.49765916556892476,0.01651710678745334,0.0014179989990822373
/workspace/benchmarks_ai_research/data/genimage/sd_1_4/data/genimage/sd_1_4/imagenet_ai_0419_sdv4/val/ai/997_sdv4_00058.png,13.062872886657717,0.999997854232788,13.062872886657717,3.015234530219307e-05,1,1,sdv4,47.24507173523307,1,0.9920387245548904,4.771009087562561,0,113.2061779499054,0,0.4920387245548904,0.04640766633015706,0.00795912967789758
/workspace/benchmarks_ai_research/data/genimage/sd_1_4/data/genimage/sd_1_4/imagenet_ai_0419_sdv4/val/ai/916_sdv4_00020.png,-19.81638526916504,0.9999999975234152,19.81638526916504,5.1551546419194427e-08,0,1,sdv4,5.425482988357544,1,0.9999977708451516,4.663512110710144,0,139.5401731133461,1,0.4999977708451516,3.123912197570535e-05,2.2266782635504967e-06
/workspace/benchmarks_ai_research/data/genimage/sd_1_4/data/genimage/sd_1_4/imagenet_ai_0419_sdv4/val/nature/ILSVRC2012_val_00013859.JPEG,-15.269081115722656,0.9999997662658302,15.269081115722656,3.8026382056580055e-06,0,0,real,6.968277040868998,0,0.0001106237376146,4.463881254196167,0,101.22707486152648,0,0.4998893762623854,0.0011183308222269658,0.9998891425282156
/workspace/benchmarks_ai_research/data/genimage/sd_1_4/data/genimage/sd_1_4/imagenet_ai_0419_sdv4/val/nature/ILSVRC2012_val_00014942.JPEG,-8.359660148620605,0.9997659309301524,8.359660148620605,0.0021908343580845,0,0,real,59.65855158865452,0,0.0002011207270932,4.613399505615234,0,145.61046659946442,0,0.4997988792729068,0.001912960725097336,0.9995648102030592
/workspace/benchmarks_ai_research/data/genimage/sd_1_4/data/genimage/sd_1_4/imagenet_ai_0419_sdv4/val/ai/353_sdv4_00062.png,2.2916574478149414,0.908183753490448,2.2916574478149414,0.3067199364052841,1,1,sdv4,5.4482026025652885,1,0.9999234133968912,4.679441452026367,0,112.85677552223206,0,0.49992341339689117,0.0008024016754824194,0.09173965990644317
/workspace/benchmarks_ai_research/data/genimage/sd_1_4/data/genimage/sd_1_4/imagenet_ai_0419_sdv4/val/nature/ILSVRC2012_val_00023999.JPEG,11.459354400634766,0.99998939037323,11.459354400634766,0.0001321295681945,1,0,real,6.449174601584673,0,1.4788171741464346e-06,4.640690982341766,0,96.54705971479416,1,0.49999852118282584,2.1330852144126676e-05,0.9999879115560558
/workspace/benchmarks_ai_research/data/genimage/sd_1_4/data/genimage/sd_1_4/imagenet_ai_0419_sdv4/val/ai/909_sdv4_00143.png,-21.61507606506348,0.999999999590087,21.61507606506348,9.268215940409985e-09,0,1,sdv4,5.465943366289139,1,0.9916246666312676,4.7012269496917725,0,111.46240681409836,1,0.4916246666312676,0.04839489558142734,0.008375332958819426
/workspace/benchmarks_ai_research/data/genimage/sd_1_4/data/genimage/sd_1_4/imagenet_ai_0419_sdv4/val/ai/297_sdv4_00009.png,-7.767749309539795,0.9995770144159906,7.767749309539795,0.0037087210756091,0,1,sdv4,6.401895079761744,0,0.0408199847807588,4.63297963142395,0,111.5248277783394,0,0.4591800152192412,0.17054140537185428,0.9587570296352318
/workspace/benchmarks_ai_research/data/genimage/sd_1_4/data/genimage/sd_1_4/imagenet_ai_0419_sdv4/val/ai/626_sdv4_00074.png,16.33079719543457,0.9999998807907104,16.33079719543457,2.0196876902912675e-06,1,1,sdv4,6.349304690957069,1,0.9999697993467128,4.751019179821014,0,112.11618781089784,0,0.4999697993467128,0.00034451793387937246,3.0081443997631574e-05
/workspace/benchmarks_ai_research/data/genimage/sd_1_4/data/genimage/sd_1_4/imagenet_ai_0419_sdv4/val/ai/086_sdv4_00127.png,-9.607295036315918,0.9999327680707212,9.607295036315918,0.0007131511688776,0,1,sdv4,5.449072923511267,0,0.3977104496411362,4.597850143909454,0,112.04515397548676,0,0.10228955035886378,0.6720724063130179,0.602222318429585
/workspace/benchmarks_ai_research/data/genimage/sd_1_4/data/genimage/sd_1_4/imagenet_ai_0419_sdv4/val/nature/ILSVRC2012_val_00011356.JPEG,9.094738006591797,0.9998877048492432,9.094738006591797,0.0011335436028942,1,0,real,6.49965601041913,0,3.3736082838085465e-08,4.563242197036743,0,101.8073782324791,1,0.4999999662639172,6.141531946627945e-07,0.9998876711131603
/workspace/benchmarks_ai_research/data/genimage/sd_1_4/data/genimage/sd_1_4/imagenet_ai_0419_sdv4/val/ai/370_sdv4_00127.png,-4.251593589782715,0.9859584514051676,4.251593589782715,0.073840020870816,0,1,sdv4,5.498044192790985,1,0.9999965333593362,4.7600045800209045,0,111.61177605390549,1,0.49999653335933625,4.705036414791086e-05,0.014038081954168669
/workspace/benchmarks_ai_research/data/genimage/sd_1_4/data/genimage/sd_1_4/imagenet_ai_0419_sdv4/val/ai/563_sdv4_00020.png,7.489119529724121,0.9994412064552308,7.489119529724121,0.0047438504343064,1,1,sdv4,5.58575289323926,1,0.9999815011585448,4.5641884207725525,0,148.39131385087967,0,0.4999815011585448,0.00022009538811827766,0.0005402947033139593
/workspace/benchmarks_ai_research/data/genimage/sd_1_4/data/genimage/sd_1_4/imagenet_ai_0419_sdv4/val/nature/ILSVRC2012_val_00002384.JPEG,-26.26556968688965,0.9999999999960824,26.26556968688965,1.0492206643438046e-10,0,0,real,29.598380904644728,0,0.0028513437981002,5.16895204782486,0,282.14504569768906,0,0.4971486562018998,0.019556049385896335,0.9971486561979822
/workspace/benchmarks_ai_research/data/genimage/sd_1_4/data/genimage/sd_1_4/imagenet_ai_0419_sdv4/val/nature/ILSVRC2012_val_00009133.JPEG,1.9389567375183103,0.8742375373840332,1.9389567375183103,0.3782511920177673,1,0,real,5.994374863803387,0,4.6172470765332666e-05,4.898235201835632,0,328.81686091423035,1,0.4999538275292347,0.0005071170335059529,0.8741913649132679
/workspace/benchmarks_ai_research/data/genimage/sd_1_4/data/genimage/sd_1_4/imagenet_ai_0419_sdv4/val/nature/ILSVRC2012_val_00019856.JPEG,-18.74592018127441,0.9999999927764563,18.74592018127441,1.4263351445606664e-07,0,0,real,6.485805846750736,0,0.0012413357354864,5.2553340792655945,0,233.95248502492905,0,0.4987586642645136,0.009547046539793248,0.99875865704097
/workspace/benchmarks_ai_research/data/genimage/sd_1_4/data/genimage/sd_1_4/imagenet_ai_0419_sdv4/val/nature/ILSVRC2012_val_00038632.JPEG,-7.057595252990723,0.9991398946731352,7.057595252990723,0.0069307506778751,0,0,real,5.453433375805616,0,0.0027919353778022,4.481218755245209,0,139.27843421697617,0,0.4972080646221978,0.019207462757178564,0.996347959295333
/workspace/benchmarks_ai_research/data/genimage/sd_1_4/data/genimage/sd_1_4/imagenet_ai_0419_sdv4/val/ai/364_sdv4_00058.png,-7.425179481506348,0.9994043011683972,7.425179481506348,0.0050190470564486,0,1,sdv4,6.4019751735031605,1,0.9586776926118866,4.655942320823669,0,170.42197287082672,1,0.4586776926118866,0.17212398142270832,0.04072660855651056
/workspace/benchmarks_ai_research/data/genimage/sd_1_4/data/genimage/sd_1_4/imagenet_ai_0419_sdv4/val/ai/127_sdv4_00020.png,-1.8170422315597532,0.8602108508348465,1.8170422315597532,0.4045805449527699,0,1,sdv4,49.87725894898176,1,0.9998438651065772,4.705965518951416,0,135.17559319734573,1,0.4998438651065772,0.0015246122890656734,0.1396330142717307
/workspace/benchmarks_ai_research/data/genimage/sd_1_4/data/genimage/sd_1_4/imagenet_ai_0419_sdv4/val/nature/ILSVRC2012_val_00015224.JPEG,12.372050285339355,0.9999957084655762,12.372050285339355,5.733002301388445e-05,1,0,real,6.381235085427761,0,0.0024777395067275,4.564195871353149,0,98.90829026699066,1,0.49752226049327253,0.017342116873247698,0.9975179689588487
/workspace/benchmarks_ai_research/data/genimage/sd_1_4/data/genimage/sd_1_4/imagenet_ai_0419_sdv4/val/ai/033_sdv4_00035.png,6.151404857635498,0.9978740215301514,6.151404857635498,0.0152059746524055,1,1,sdv4,6.389905232936144,1,0.9999987123366196,4.780471324920654,0,186.1346513032913,0,0.49999871233661963,1.8751828620377433e-05,0.0021246908064682657
/workspace/benchmarks_ai_research/data/genimage/sd_1_4/data/genimage/sd_1_4/imagenet_ai_0419_sdv4/val/nature/ILSVRC2012_val_00013061.JPEG,-1.7495509386062622,0.8518961668014526,1.7495509386062622,0.4194058458195835,0,0,real,5.391682963818312,0,0.0004739226192949,4.7381967306137085,0,97.91678190231325,0,0.4995260773807051,0.0041014351112241415,0.8514222441821577
/workspace/benchmarks_ai_research/data/genimage/sd_1_4/data/genimage/sd_1_4/imagenet_ai_0419_sdv4/val/ai/967_sdv4_00127.png,3.724005460739136,0.9764317274093628,3.724005460739136,0.1116187741273623,1,1,sdv4,53.740507923066616,1,0.9999997557487668,4.635028541088104,0,111.5572676062584,0,0.49999975574876676,3.9629909599626275e-06,0.023568028339403968
/workspace/benchmarks_ai_research/data/genimage/sd_1_4/data/genimage/sd_1_4/imagenet_ai_0419_sdv4/val/ai/041_sdv4_00035.png,16.867185592651367,1.0,16.867185592651367,-1.000088900581841e-12,1,1,sdv4,49.430948216468096,1,0.9999892492081304,4.650712013244629,0,112.66421526670456,0,0.49998924920813037,0.00013374550128482032,1.075079186962924e-05
/workspace/benchmarks_ai_research/data/genimage/sd_1_4/data/genimage/sd_1_4/imagenet_ai_0419_sdv4/val/nature/ILSVRC2012_val_00049079.JPEG,3.540278673171997,0.9718123078346252,3.540278673171997,0.1283848374675539,1,0,real,53.90039877966046,0,0.4630876775707822,4.646316170692444,0,103.449746966362,1,0.036912322429217825,0.6904196607723581,0.5087246302638431
/workspace/benchmarks_ai_research/data/genimage/sd_1_4/data/genimage/sd_1_4/imagenet_ai_0419_sdv4/val/ai/881_sdv4_00020.png,-11.213234901428224,0.999986505768902,11.213234901428224,0.0001648083018324,0,1,sdv4,37.84886002540589,1,0.9998561722714568,4.728496074676514,0,167.20526665449142,1,0.49985617227145684,0.0014162460952629257,0.00013033349744517864
/workspace/benchmarks_ai_research/data/genimage/sd_1_4/data/genimage/sd_1_4/imagenet_ai_0419_sdv4/val/nature/ILSVRC2012_val_00026020.JPEG,-13.242722511291504,0.9999982267992208,13.242722511291504,2.5255206243747308e-05,0,0,real,5.495852790772915,1,0.9802785757021644,4.681400954723358,0,99.0861803293228,1,0.48027857570216437,0.09695295793354346,0.019719651097056423
/workspace/benchmarks_ai_research/data/genimage/sd_1_4/data/genimage/sd_1_4/imagenet_ai_0419_sdv4/val/nature/ILSVRC2012_val_00007185.JPEG,5.445925235748291,0.995704710483551,5.445925235748291,0.0276963944413323,1,0,real,6.368705071508884,0,0.0005322198778185,4.556939005851746,0,102.4397909641266,1,0.4994677801221815,0.004544193208588522,0.9951724906057325
/workspace/benchmarks_ai_research/data/genimage/sd_1_4/data/genimage/sd_1_4/imagenet_ai_0419_sdv4/val/nature/ILSVRC2012_val_00022697.JPEG,10.502140998840332,0.9999725818634032,10.502140998840332,0.000315426251199,1,0,real,6.378615275025368,0,2.367549970415401e-06,4.615746438503265,0,101.54803097248076,1,0.4999976324500296,3.303597045554841e-05,0.9999702143134328
/workspace/benchmarks_ai_research/data/genimage/sd_1_4/data/genimage/sd_1_4/imagenet_ai_0419_sdv4/val/ai/546_sdv4_00143.png,13.5569486618042,0.9999986886978148,13.5569486618042,1.9072218500577413e-05,1,1,sdv4,6.516525987535715,1,0.9999927684302012,4.648268222808838,0,111.0304668545723,0,0.49999276843020124,9.283202691847732e-05,5.920267613590546e-06
/workspace/benchmarks_ai_research/data/genimage/sd_1_4/data/genimage/sd_1_4/imagenet_ai_0419_sdv4/val/ai/196_sdv4_00127.png,-15.59744930267334,0.9999998316885126,15.59744930267334,2.793539395539421e-06,0,1,sdv4,6.364564877003431,1,0.9998326853458844,4.632279276847839,0,113.03728073835372,1,0.49983268534588443,0.0016222077098254465,0.00016714634262815498
/workspace/benchmarks_ai_research/data/genimage/sd_1_4/data/genimage/sd_1_4/imagenet_ai_0419_sdv4/val/nature/ILSVRC2012_val_00044473.JPEG,3.2255284786224365,0.961783766746521,3.2255284786224365,0.162233207261474,1,0,real,61.29207601770759,0,3.746324353285599e-07,4.540793597698212,0,98.99531304836272,1,0.49999962536756465,5.918186566953758e-06,0.9617833921140857
/workspace/benchmarks_ai_research/data/genimage/sd_1_4/data/genimage/sd_1_4/imagenet_ai_0419_sdv4/val/nature/ILSVRC2012_val_00028719.JPEG,-3.4269869327545166,0.9685373827815056,3.4269869327545166,0.1397901782641408,0,0,real,5.525473039597273,0,1.5282795562137344e-05,4.54556941986084,0,97.94290363788603,0,0.4999847172044379,0.00018475027788486298,0.9685220999859434
/workspace/benchmarks_ai_research/data/genimage/sd_1_4/data/genimage/sd_1_4/imagenet_ai_0419_sdv4/val/ai/570_sdv4_00127.png,-17.50958824157715,0.9999999751296188,17.50958824157715,4.603385173288841e-07,0,1,sdv4,5.557184107601643,1,0.9999444641891546,4.64678555727005,0,113.61533403396606,1,0.4999444641891546,0.0005997009376639269,5.5510940464187364e-05
/workspace/benchmarks_ai_research/data/genimage/sd_1_4/data/genimage/sd_1_4/imagenet_ai_0419_sdv4/val/ai/139_sdv4_00035.png,3.834316253662109,0.978841245174408,3.834316253662109,0.1025151558120199,1,1,sdv4,6.368445232510567,1,0.9999581264237568,4.793748259544373,0,113.4120151400566,0,0.4999581264237568,0.00046399417177945076,0.02111688124934885
/workspace/benchmarks_ai_research/data/genimage/sd_1_4/data/genimage/sd_1_4/imagenet_ai_0419_sdv4/val/ai/528_sdv4_00039.png,-23.323244094848636,0.9999999999257247,23.323244094848636,1.804620494877143e-09,0,1,sdv4,6.385175045579672,1,0.9980097899156446,4.548080265522003,0,112.20060288906096,1,0.4980097899156446,0.014366369922745079,0.001990210010080151
/workspace/benchmarks_ai_research/data/genimage/sd_1_4/data/genimage/sd_1_4/imagenet_ai_0419_sdv4/val/ai/691_sdv4_00035.png,-13.115269660949709,0.9999979857661856,13.115269660949709,2.8431453480518794e-05,0,1,sdv4,6.405575200915337,1,0.880632611416615,4.580110311508179,0,111.42079532146454,1,0.380632611416615,0.36566265944511056,0.11936537434957062
/workspace/benchmarks_ai_research/data/genimage/sd_1_4/data/genimage/sd_1_4/imagenet_ai_0419_sdv4/val/ai/126_sdv4_00074.png,-18.008121490478516,0.9999999848932096,18.008121490478516,2.8714970885652816e-07,0,1,sdv4,45.57239916175604,1,0.9997846541864488,4.603631794452667,0,112.57008463144302,1,0.4997846541864488,0.002033544476739273,0.0002153307067608301
/workspace/benchmarks_ai_research/data/genimage/sd_1_4/data/genimage/sd_1_4/imagenet_ai_0419_sdv4/val/ai/647_sdv4_00074.png,-15.71689510345459,0.999999850638332,15.71689510345459,2.4968613340469865e-06,0,1,sdv4,6.387094967067242,1,0.9999992363756224,4.7240182757377625,0,113.14577609300612,1,0.4999992363756224,1.1519416396808773e-05,6.142627095861997e-07
/workspace/benchmarks_ai_research/data/genimage/sd_1_4/data/genimage/sd_1_4/imagenet_ai_0419_sdv4/val/ai/171_sdv4_00186.png,-8.6547212600708,0.9998257284023566,8.6547212600708,0.0016825588878347,0,1,sdv4,38.31152198836208,1,0.9999910866749006,4.601091146469116,0,132.18994438648224,1,0.49999108667490055,0.0001125570996103586,0.0001653582725439362
/workspace/benchmarks_ai_research/data/genimage/sd_1_4/data/genimage/sd_1_4/imagenet_ai_0419_sdv4/val/nature/ILSVRC2012_val_00014020.JPEG,-13.065322875976562,0.9999978826069764,13.065322875976562,2.9781816643447783e-05,0,0,real,5.6563932448625565,0,1.1767344187655659e-09,4.655100405216217,0,102.0847037434578,0,0.49999999882326557,2.5369009524111847e-08,0.999997881430242
/workspace/benchmarks_ai_research/data/genimage/sd_1_4/data/genimage/sd_1_4/imagenet_ai_0419_sdv4/val/ai/692_sdv4_00003.png,-20.113832473754883,0.9999999981606112,20.113832473754883,3.8834548583594754e-08,0,1,sdv4,6.407895125448704,1,0.9017702968399978,4.994325339794159,0,111.31498962640762,1,0.40177029683999776,0.3211757306712044,0.09822970132061348
/workspace/benchmarks_ai_research/data/genimage/sd_1_4/data/genimage/sd_1_4/imagenet_ai_0419_sdv4/val/ai/743_sdv4_00127.png,-8.004220008850098,0.9996660616307054,8.004220008850098,0.0030069103484522,0,1,sdv4,6.403845734894276,1,0.9929884975934452,4.75551187992096,0,113.51244151592256,1,0.4929884975934452,0.0417653413880331,0.006677564037260164
/workspace/benchmarks_ai_research/data/genimage/sd_1_4/data/genimage/sd_1_4/imagenet_ai_0419_sdv4/val/ai/145_sdv4_00074.png,3.3164403438568115,0.9649885892868042,3.3164403438568115,0.1517523239343303,1,1,sdv4,5.463573150336742,1,0.9999998916960944,4.552416503429413,0,112.09736764431,0,0.4999998916960944,1.845315095820965e-06,0.03501130240929018
/workspace/benchmarks_ai_research/data/genimage/sd_1_4/data/genimage/sd_1_4/imagenet_ai_0419_sdv4/val/ai/787_sdv4_00020.png,6.774720191955566,0.9988590478897096,6.774720191955566,0.0088712694573982,1,1,sdv4,5.475462879985571,1,0.9994188836507166,4.5958012342453,0,112.04494535923004,0,0.4994188836507166,0.00491058944053864,0.0005598357610070437
/workspace/benchmarks_ai_research/data/genimage/sd_1_4/data/genimage/sd_1_4/imagenet_ai_0419_sdv4/val/ai/023_sdv4_00127.png,-8.395737648010254,0.9997742231644224,8.395737648010254,0.0021213654146658,0,1,sdv4,6.358795333653688,1,0.999970000892926,4.737898707389832,0,152.7344360947609,1,0.499970000892926,0.0003424196440872763,0.00019577772850354336
/workspace/benchmarks_ai_research/data/genimage/sd_1_4/data/genimage/sd_1_4/imagenet_ai_0419_sdv4/val/ai/841_sdv4_00009.png,-20.42009162902832,0.9999999986458497,20.42009162902832,2.9004027178548012e-08,0,1,sdv4,5.485292989760637,1,0.971058369123188,4.710756242275238,0,110.87984591722488,1,0.471058369123188,0.13104370288544556,0.02894162952266166
/workspace/benchmarks_ai_research/data/genimage/sd_1_4/data/genimage/sd_1_4/imagenet_ai_0419_sdv4/val/nature/ILSVRC2012_val_00026250.JPEG,-15.743351936340332,0.99999985453816,15.743351936340332,2.435516785339927e-06,0,0,real,6.376155186444521,0,0.1747446271036491,4.62709367275238,0,98.11843186616898,0,0.32525537289635087,0.4633302333245959,0.8252552274345109
/workspace/benchmarks_ai_research/data/genimage/sd_1_4/data/genimage/sd_1_4/imagenet_ai_0419_sdv4/val/nature/ILSVRC2012_val_00019660.JPEG,-13.369482040405272,0.9999984379065836,13.369482040405272,2.244647266896032e-05,0,0,real,44.7982270270586,0,0.0002285542207936,4.7026127576828,0,101.5194207429886,0,0.4997714457792064,0.002144666595237627,0.99976988368579
/workspace/benchmarks_ai_research/data/genimage/sd_1_4/data/genimage/sd_1_4/imagenet_ai_0419_sdv4/val/ai/496_sdv4_00039.png,-10.81792163848877,0.9999799632332724,10.81792163848877,0.0002367931370173,0,1,sdv4,43.92956476658583,1,0.99199561937891,4.799634218215942,0,112.84197866916656,1,0.49199561937891,0.04661553883837202,0.007984343854362419
/workspace/benchmarks_ai_research/data/genimage/sd_1_4/data/genimage/sd_1_4/imagenet_ai_0419_sdv4/val/ai/555_sdv4_00039.png,-33.42418670654297,0.999999999999997,33.42418670654297,-9.127614429955245e-13,0,1,sdv4,5.633504129946232,0,0.0116355347604868,4.583008587360382,0,159.70075875520706,0,0.4883644652395132,0.06338866035404514,0.9883644652395102
/workspace/benchmarks_ai_research/data/genimage/sd_1_4/data/genimage/sd_1_4/imagenet_ai_0419_sdv4/val/nature/ILSVRC2012_val_00037546.JPEG,-8.948447227478027,0.999870078114327,8.948447227478027,0.001292529463157,0,0,real,6.386295892298222,0,0.0004562705479294,4.792988300323486,0,214.0020802617073,0,0.4995437294520706,0.003965993233831406,0.9994138075663976
/workspace/benchmarks_ai_research/data/genimage/sd_1_4/data/genimage/sd_1_4/imagenet_ai_0419_sdv4/val/nature/ILSVRC2012_val_00014889.JPEG,-28.979366302490234,0.9999999999997404,28.979366302490234,6.374695408586102e-12,0,0,real,5.4662032052874565,1,0.5677705363305116,4.676513373851776,0,98.41064363718031,1,0.06777053633051155,0.6839331549875798,0.4322294636692289
/workspace/benchmarks_ai_research/data/genimage/sd_1_4/data/genimage/sd_1_4/imagenet_ai_0419_sdv4/val/nature/ILSVRC2012_val_00045621.JPEG,1.405232071876526,0.8030128479003906,1.405232071876526,0.4961972553578653,1,0,real,31.04960359632969,0,0.0043030939025946,4.5588091015815735,0,100.98476707935332,1,0.4956969060974054,0.027738889479405334,0.798709753997796
/workspace/benchmarks_ai_research/data/genimage/sd_1_4/data/genimage/sd_1_4/imagenet_ai_0419_sdv4/val/nature/ILSVRC2012_val_00011213.JPEG,-11.206433296203612,0.9999864136761972,11.206433296203612,0.0001658406454171,0,0,real,5.452681798487902,0,2.800703646271204e-05,4.617653787136078,0,100.63711553812028,0,0.4999719929635373,0.00032160593964539847,0.9999584066397346
/workspace/benchmarks_ai_research/data/genimage/sd_1_4/data/genimage/sd_1_4/imagenet_ai_0419_sdv4/val/ai/747_sdv4_00143.png,-11.34059715270996,0.9999881194617046,11.34059715270996,0.0001466130044547,0,1,sdv4,39.20415416359901,1,0.9982158773618942,4.674695432186127,0,120.33751606941225,1,0.4982158773618942,0.013073936348377235,0.0017722420998104171
/workspace/benchmarks_ai_research/data/genimage/sd_1_4/data/genimage/sd_1_4/imagenet_ai_0419_sdv4/val/nature/ILSVRC2012_val_00004576.JPEG,-3.444330930709839,0.9690616261214018,3.444330930709839,0.1379890692588131,0,0,real,5.466832779347897,0,0.0126350956255646,4.814498126506805,0,170.1347604393959,0,0.4873649043744354,0.06778643699309037,0.9564265304958371
/workspace/benchmarks_ai_research/data/genimage/sd_1_4/data/genimage/sd_1_4/imagenet_ai_0419_sdv4/val/nature/ILSVRC2012_val_00028828.JPEG,-36.002052307128906,0.9999999999999998,36.002052307128906,-9.934709708528676e-13,0,0,real,5.472282879054546,0,0.0015892852258125,4.524506628513336,0,99.61183369159698,0,0.4984107147741875,0.011830124041685002,0.9984107147741873
/workspace/benchmarks_ai_research/data/genimage/sd_1_4/data/genimage/sd_1_4/imagenet_ai_0419_sdv4/val/nature/ILSVRC2012_val_00006061.JPEG,-16.95966148376465,0.9999999568964916,16.95966148376465,7.741224155326381e-07,0,0,real,6.370524875819683,0,0.0003683821547512,4.6697258949279785,0,107.19676315784454,0,0.4996316178452488,0.003280887163721658,0.9996315747417404
/workspace/benchmarks_ai_research/data/genimage/sd_1_4/data/genimage/sd_1_4/imagenet_ai_0419_sdv4/val/ai/169_sdv4_00039.png,22.88343811035156,1.0,22.88343811035156,-1.000088900581841e-12,1,1,sdv4,5.440963432192802,1,0.8392587421738723,4.988156259059906,0,111.88483983278276,0,0.3392587421738723,0.44089701235411227,0.1607412578261277
/workspace/benchmarks_ai_research/data/genimage/sd_1_4/data/genimage/sd_1_4/imagenet_ai_0419_sdv4/val/nature/ILSVRC2012_val_00002259.JPEG,6.299327373504639,0.9981659054756165,6.299327373504639,0.0133894159673432,1,0,real,5.443472880870104,0,2.7906282542515804e-06,4.612430930137634,0,109.225831925869,1,0.49999720937174574,3.84806474780871e-05,0.9981631148473622
/workspace/benchmarks_ai_research/data/genimage/sd_1_4/data/genimage/sd_1_4/imagenet_ai_0419_sdv4/val/ai/856_sdv4_00074.png,-21.062923431396484,0.999999999287986,21.062923431396484,1.57071135743494e-08,0,1,sdv4,6.524675991386175,1,0.9750767428491456,4.872843623161316,0,158.16298127174375,1,0.4750767428491456,0.1166255760466177,0.024923256438840413
/workspace/benchmarks_ai_research/data/genimage/sd_1_4/data/genimage/sd_1_4/imagenet_ai_0419_sdv4/val/nature/ILSVRC2012_val_00021089.JPEG,1.5083439350128174,0.8188156485557556,1.5083439350128174,0.4731846315984029,1,0,real,57.73045821115375,0,0.0061715176847997,4.930838942527771,0,101.40442103147508,1,0.4938284823152003,0.03755194700562785,0.8126441308709559
/workspace/benchmarks_ai_research/data/genimage/sd_1_4/data/genimage/sd_1_4/imagenet_ai_0419_sdv4/val/ai/261_sdv4_00127.png,-6.390129566192627,0.9983247724594548,6.390129566192627,0.0123815534711253,0,1,sdv4,5.468863062560558,1,0.999641743157548,4.582442343235016,0,112.7091869711876,1,0.49964174315754795,0.0032006957339565938,0.0013169706980931117
/workspace/benchmarks_ai_research/data/genimage/sd_1_4/data/genimage/sd_1_4/imagenet_ai_0419_sdv4/val/nature/ILSVRC2012_val_00040766.JPEG,-11.303532600402832,0.9999876708598094,11.303532600402832,0.00015169205285,0,0,real,6.3765752129256725,0,4.5884829230730377e-07,4.628807306289673,0,103.71632874011992,0,0.4999995411517077,7.155528787694105e-06,0.9999872120115171
/workspace/benchmarks_ai_research/data/genimage/sd_1_4/data/genimage/sd_1_4/imagenet_ai_0419_sdv4/val/nature/ILSVRC2012_val_00035193.JPEG,-29.44334983825684,0.9999999999998368,29.44334983825684,3.650055971146846e-12,0,0,real,6.518306210637093,0,0.0005851921562124,4.5128390192985535,0,102.30115801095964,0,0.4994148078437876,0.004940939845265295,0.9994148078436244
/workspace/benchmarks_ai_research/data/genimage/sd_1_4/data/genimage/sd_1_4/imagenet_ai_0419_sdv4/val/nature/ILSVRC2012_val_00025783.JPEG,-24.382307052612305,0.9999999999742428,24.382307052612305,6.517959991686182e-10,0,0,real,6.370405200868845,0,2.4214986141137183e-05,4.64717298746109,0,97.60993719100952,0,0.49997578501385886,0.00028158461201669056,0.9999757849881017
/workspace/benchmarks_ai_research/data/genimage/sd_1_4/data/genimage/sd_1_4/imagenet_ai_0419_sdv4/val/ai/056_sdv4_00020.png,4.297736167907715,0.986583173274994,4.297736167907715,0.0711696514920058,1,1,sdv4,5.493212956935167,1,0.9997073617220122,4.880733788013458,0,111.84703558683395,0,0.49970736172201224,0.0026736682400969117,0.013124188447018237
/workspace/benchmarks_ai_research/data/genimage/sd_1_4/data/genimage/sd_1_4/imagenet_ai_0419_sdv4/val/ai/114_sdv4_00020.png,-9.829896926879885,0.9999461845909536,9.829896926879885,0.0005828167777824,0,1,sdv4,43.43099379912019,1,0.7474791195586119,4.670888185501099,0,112.53663152456284,1,0.2474791195586119,0.5650877063635302,0.25246706503234173
/workspace/benchmarks_ai_research/data/genimage/sd_1_4/data/genimage/sd_1_4/imagenet_ai_0419_sdv4/val/nature/ILSVRC2012_val_00002963.JPEG,-13.806697845458984,0.9999989911493684,13.806697845458984,1.4937744989938652e-05,0,0,real,6.402854807674885,0,0.0004221544269123,4.608623683452606,0,100.14856606721878,0,0.4995778455730877,0.003702264038095757,0.9995768367224561
/workspace/benchmarks_ai_research/data/genimage/sd_1_4/data/genimage/sd_1_4/imagenet_ai_0419_sdv4/val/nature/ILSVRC2012_val_00040363.JPEG,-9.724669456481934,0.9999402134162664,9.724669456481934,0.0006411931355334,0,0,real,47.25168319419026,1,0.6066026439646984,4.651732742786408,0,97.71230816841124,1,0.10660264396469843,0.6702435327318581,0.39333756945156795
/workspace/benchmarks_ai_research/data/genimage/sd_1_4/data/genimage/sd_1_4/imagenet_ai_0419_sdv4/val/ai/750_sdv4_00035.png,-12.04272747039795,0.9999941128194224,12.04272747039795,7.678490715477503e-05,0,1,sdv4,6.477325689047575,1,0.999812288151469,4.842765629291534,0,112.08178102970123,1,0.49981228815146905,0.001798374982754225,0.0001818246679533564
/workspace/benchmarks_ai_research/data/genimage/sd_1_4/data/genimage/sd_1_4/imagenet_ai_0419_sdv4/val/nature/ILSVRC2012_val_00031586.JPEG,27.67332649230957,1.0,27.67332649230957,-1.000088900581841e-12,1,0,real,6.347095128148794,0,0.0009929466805371,4.681631922721863,0,102.33672708272934,1,0.4990070533194629,0.007858514604079037,0.9990070533194629
/workspace/benchmarks_ai_research/data/genimage/sd_1_4/data/genimage/sd_1_4/imagenet_ai_0419_sdv4/val/nature/ILSVRC2012_val_00041491.JPEG,-0.7632365226745605,0.6820560097694397,0.7632365226745605,0.6253099711368386,0,0,real,6.342736072838306,0,0.2699017617772464,4.5500993728637695,0,101.96961462497713,0,0.2300982382227536,0.5831611056887749,0.4121542479921933
/workspace/benchmarks_ai_research/data/genimage/sd_1_4/data/genimage/sd_1_4/imagenet_ai_0419_sdv4/val/ai/759_sdv4_00074.png,0.6105306148529053,0.6480618119239807,0.6105306148529053,0.6486382042427714,1,1,sdv4,53.84169798344374,1,0.9999999344257768,4.665084183216095,0,122.59499728679656,0,0.49999993442577684,1.1501753251599581e-06,0.3519381225017961
/workspace/benchmarks_ai_research/data/genimage/sd_1_4/data/genimage/sd_1_4/imagenet_ai_0419_sdv4/val/nature/ILSVRC2012_val_00006726.JPEG,-23.85735893249512,0.9999999999564608,23.85735893249512,1.0802814049426136e-09,0,0,real,52.81997611746192,0,1.8826812839237382e-08,4.515603184700012,0,98.79857301712036,0,0.49999998117318717,3.5371585395175837e-07,0.9999999811296479
/workspace/benchmarks_ai_research/data/genimage/sd_1_4/data/genimage/sd_1_4/imagenet_ai_0419_sdv4/val/ai/075_sdv4_00020.png,16.098861694335938,0.9999998807907104,16.098861694335938,2.0196876902912675e-06,1,1,sdv4,5.676913075149059,1,0.9113929833578648,4.768505692481995,0,164.68637436628342,0,0.4113929833578648,0.2993030664659631,0.08860689743284567
/workspace/benchmarks_ai_research/data/genimage/sd_1_4/data/genimage/sd_1_4/imagenet_ai_0419_sdv4/val/ai/698_sdv4_00020.png,3.38738751411438,0.967307984828949,3.38738751411438,0.1439788160594624,1,1,sdv4,37.80811000615358,1,0.8762953810238285,4.843689501285553,0,111.66643351316452,0,0.37629538102382853,0.37424177242746953,0.09101260380512044
/workspace/benchmarks_ai_research/data/genimage/sd_1_4/data/genimage/sd_1_4/imagenet_ai_0419_sdv4/val/ai/118_sdv4_00009.png,-9.599175453186035,0.999932219987386,9.599175453186035,0.000718414539064,0,1,sdv4,6.402305327355862,1,0.9992440895172116,4.710279405117035,0,111.39891296625136,1,0.49924408951721155,0.0061887975195858026,0.0006881304701744639
/workspace/benchmarks_ai_research/data/genimage/sd_1_4/data/genimage/sd_1_4/imagenet_ai_0419_sdv4/val/nature/ILSVRC2012_val_00022378.JPEG,-14.612725257873535,0.9999995494179644,14.612725257873535,7.034811616739191e-06,0,0,real,34.039742313325405,0,8.138348232279812e-08,4.558399319648743,0,81.52160048484802,0,0.49999991861651766,1.4098930541539585e-06,0.9999994680344821
/workspace/benchmarks_ai_research/data/genimage/sd_1_4/data/genimage/sd_1_4/imagenet_ai_0419_sdv4/val/ai/996_sdv4_00210.png,-24.21160125732422,0.9999999999694484,24.21160125732422,7.682729545132011e-10,0,1,sdv4,5.4504238069057465,1,0.9675256718649284,4.674099385738373,0,126.57937407493591,1,0.46752567186492844,0.14324067515930777,0.03247432810452
/workspace/benchmarks_ai_research/data/genimage/sd_1_4/data/genimage/sd_1_4/imagenet_ai_0419_sdv4/val/ai/618_sdv4_00074.png,-11.20061492919922,0.9999863343964536,11.20061492919922,0.0001667288577119,0,1,sdv4,5.414132960140705,1,0.9999980451927318,4.609473049640656,0,111.57001554965971,1,0.49999804519273183,2.765117290939799e-05,1.1710796278263658e-05
/workspace/benchmarks_ai_research/data/genimage/sd_1_4/data/genimage/sd_1_4/imagenet_ai_0419_sdv4/val/nature/ILSVRC2012_val_00049720.JPEG,-4.247368812561035,0.985899843275547,4.247368812561035,0.0740890749305616,0,0,real,5.428672768175602,0,9.638625035217564e-05,4.761122167110443,0,105.58029264211656,0,0.4999036137496478,0.0009876794286140839,0.9858034570251949
/workspace/benchmarks_ai_research/data/genimage/sd_1_4/data/genimage/sd_1_4/imagenet_ai_0419_sdv4/val/nature/ILSVRC2012_val_00010574.JPEG,23.37122344970703,1.0,23.37122344970703,-1.000088900581841e-12,1,0,real,6.639745086431503,0,0.0007334879154654,4.533186554908752,0,99.82889145612717,1,0.4992665120845346,0.006027314158945425,0.9992665120845347
/workspace/benchmarks_ai_research/data/genimage/sd_1_4/data/genimage/sd_1_4/imagenet_ai_0419_sdv4/val/nature/ILSVRC2012_val_00016668.JPEG,0.7666561603546143,0.6827971339225769,0.7666561603546143,0.6247430511428591,1,0,real,5.475632846355438,0,0.1406741584665725,4.597604274749756,0,100.49062222242355,1,0.3593258415334275,0.40618539327688885,0.5421229754560044
/workspace/benchmarks_ai_research/data/genimage/sd_1_4/data/genimage/sd_1_4/imagenet_ai_0419_sdv4/val/nature/ILSVRC2012_val_00001011.JPEG,-6.090698719024658,0.99774128687568,6.090698719024658,0.0160184091196623,0,0,real,6.400315091013908,0,0.3340651758375542,4.517659544944763,0,105.10128736495972,0,0.16593482416244582,0.6370202382162038,0.6636761110381257
/workspace/benchmarks_ai_research/data/genimage/sd_1_4/data/genimage/sd_1_4/imagenet_ai_0419_sdv4/val/ai/400_sdv4_00039.png,-5.970010280609131,0.9974522923585027,5.970010280609131,0.017760799506114,0,1,sdv4,5.544834304600954,1,0.8973863609132822,4.671618342399597,0,113.52984607219696,1,0.39738636091328217,0.3307880648798046,0.10006593144522058
/workspace/benchmarks_ai_research/data/genimage/sd_1_4/data/genimage/sd_1_4/imagenet_ai_0419_sdv4/val/ai/425_sdv4_00020.png,-7.184414386749268,0.999242261692416,7.184414386749268,0.0062019315784503,0,1,sdv4,5.418512970209122,1,0.9998464208523716,4.685312509536743,0,111.83938384056091,1,0.49984642085237163,0.0015021910767598163,0.0006041591599555973
/workspace/benchmarks_ai_research/data/genimage/sd_1_4/data/genimage/sd_1_4/imagenet_ai_0419_sdv4/val/ai/844_sdv4_00058.png,-12.9304780960083,0.9999975769428602,12.9304780960083,3.375434538383018e-05,0,1,sdv4,36.22619621455669,1,0.999943495441978,4.836089909076691,0,111.9142919778824,1,0.499943495441978,0.0006091847351161718,5.408150088215269e-05
/workspace/benchmarks_ai_research/data/genimage/sd_1_4/data/genimage/sd_1_4/imagenet_ai_0419_sdv4/val/nature/ILSVRC2012_val_00044437.JPEG,-7.205301761627197,0.9992579130339436,7.205301761627197,0.006089322965246,0,0,real,6.413954775780439,0,0.0063107968086193,4.557617008686066,0,101.42972320318222,0,0.4936892031913807,0.03825814086839183,0.9929471162253243
/workspace/benchmarks_ai_research/data/genimage/sd_1_4/data/genimage/sd_1_4/imagenet_ai_0419_sdv4/val/nature/ILSVRC2012_val_00039544.JPEG,5.553366184234619,0.9961405396461488,5.553366184234619,0.0252999038307044,1,0,real,5.430133081972599,0,1.2781926489636895e-05,4.62726503610611,0,101.56827419996262,1,0.4999872180735104,0.00015680192314962129,0.9961277577196591
/workspace/benchmarks_ai_research/data/genimage/sd_1_4/data/genimage/sd_1_4/imagenet_ai_0419_sdv4/val/ai/472_sdv4_00035.png,12.782939910888672,0.9999971389770508,12.782939910888672,3.938006170170331e-05,1,1,sdv4,5.5949329398572445,1,0.9997037151087452,4.650607705116272,0,132.91951268911362,0,0.49970371510874523,0.0027033154754109935,0.00029342386830555345
/workspace/benchmarks_ai_research/data/genimage/sd_1_4/data/genimage/sd_1_4/imagenet_ai_0419_sdv4/val/nature/ILSVRC2012_val_00023490.JPEG,-23.602937698364254,0.9999999999438468,23.602937698364254,1.3795420934075124e-09,0,0,real,5.439341999590397,0,2.4259315721962432e-06,4.619196057319641,0,101.06076300144196,0,0.4999975740684278,3.3791511464435104e-05,0.9999975740122746
/workspace/benchmarks_ai_research/data/genimage/sd_1_4/data/genimage/sd_1_4/imagenet_ai_0419_sdv4/val/ai/341_sdv4_00035.png,6.290258884429932,0.9981491565704346,6.290258884429932,0.0134948471104487,1,1,sdv4,6.364745087921619,1,0.999999460774982,4.720933735370636,0,112.75561153888702,0,0.49999946077498203,8.321929209257877e-06,0.0018503042045474594
/workspace/benchmarks_ai_research/data/genimage/sd_1_4/data/genimage/sd_1_4/imagenet_ai_0419_sdv4/val/ai/984_sdv4_00074.png,-15.776087760925291,0.999999859222882,15.776087760925291,2.3616872983127013e-06,0,1,sdv4,6.491796113550663,1,0.9988975508312004,4.63373214006424,0,142.6875814795494,1,0.49889755083120035,0.0086097637900186,0.0011023083916816834
/workspace/benchmarks_ai_research/data/genimage/sd_1_4/data/genimage/sd_1_4/imagenet_ai_0419_sdv4/val/nature/ILSVRC2012_val_00038531.JPEG,-17.58339500427246,0.999999976899117,17.58339500427246,4.292908330240189e-07,0,0,real,6.375754717737436,0,6.23507665967422e-06,4.5110732316970825,0,97.5455492734909,0,0.4999937649233403,8.096444224105418e-05,0.9999937418224574
/workspace/benchmarks_ai_research/data/genimage/sd_1_4/data/genimage/sd_1_4/imagenet_ai_0419_sdv4/val/nature/ILSVRC2012_val_00010200.JPEG,-25.13942146301269,0.9999999999879194,25.13942146301269,3.1381877380708435e-10,0,0,real,67.41348002105951,0,0.0017681700871902,4.854366183280945,0,102.19183564186096,0,0.4982318299128098,0.012972932216117141,0.9982318299007292
/workspace/benchmarks_ai_research/data/genimage/sd_1_4/data/genimage/sd_1_4/imagenet_ai_0419_sdv4/val/nature/ILSVRC2012_val_00009726.JPEG,-1.6873905658721924,0.84388068318367,1.6873905658721924,0.4331784245195809,0,0,real,5.410102661699057,0,0.1985348888127598,4.785135388374329,0,101.3539656996727,0,0.3014651111872402,0.49836462785381896,0.6453457943709102
/workspace/benchmarks_ai_research/data/genimage/sd_1_4/data/genimage/sd_1_4/imagenet_ai_0419_sdv4/val/nature/ILSVRC2012_val_00019151.JPEG,5.44183874130249,0.9956871867179872,5.44183874130249,0.0277917918209733,1,0,real,5.401402711868286,0,0.2615535328051058,4.574857652187347,0,100.41378438472748,1,0.2384464671948942,0.5746755996708994,0.7341336539128813
/workspace/benchmarks_ai_research/data/genimage/sd_1_4/data/genimage/sd_1_4/imagenet_ai_0419_sdv4/val/nature/ILSVRC2012_val_00035728.JPEG,10.006099700927734,0.9999548196792604,10.006099700927734,0.0004972015825078,1,0,real,63.680131919682026,0,7.562152627251114e-07,4.641659557819367,0,99.17688369750977,1,0.49999924378473726,1.1415021552233856e-05,0.9999540634639976
/workspace/benchmarks_ai_research/data/genimage/sd_1_4/data/genimage/sd_1_4/imagenet_ai_0419_sdv4/val/ai/780_sdv4_00035.png,9.164700508117676,0.9998953342437744,9.164700508117676,0.0010638945684872,1,1,sdv4,35.10892391204834,1,0.9998032574057226,4.565000534057617,0,111.98172718286514,0,0.4998032574057226,0.0018756486554189575,9.207683805179112e-05
/workspace/benchmarks_ai_research/data/genimage/sd_1_4/data/genimage/sd_1_4/imagenet_ai_0419_sdv4/val/nature/ILSVRC2012_val_00023736.JPEG,-17.720396041870117,0.9999999798567388,17.720396041870117,3.770878284084449e-07,0,0,real,30.22198285907507,0,0.1903795220316806,4.555977880954742,0,105.25289177894592,0,0.3096204779683194,0.4867728077494191,0.8096204578250582
/workspace/benchmarks_ai_research/data/genimage/sd_1_4/data/genimage/sd_1_4/imagenet_ai_0419_sdv4/val/nature/ILSVRC2012_val_00009429.JPEG,-19.44314956665039,0.9999999964029418,19.44314956665039,7.353319880260925e-08,0,0,real,38.796022068709135,1,0.6253988151916081,4.460923373699188,0,108.76637697219849,1,0.12539881519160812,0.6613591737745428,0.3746011812113337
/workspace/benchmarks_ai_research/data/genimage/sd_1_4/data/genimage/sd_1_4/imagenet_ai_0419_sdv4/val/ai/721_sdv4_00074.png,-1.2370904684066772,0.7750571668148041,1.2370904684066772,0.533093129583935,0,1,sdv4,5.705593153834343,1,0.998479383355898,4.659511148929596,0,115.1162013411522,1,0.49847938335589803,0.011386192895346238,0.22342221654109395
/workspace/benchmarks_ai_research/data/genimage/sd_1_4/data/genimage/sd_1_4/imagenet_ai_0419_sdv4/val/nature/ILSVRC2012_val_00033128.JPEG,2.6655642986297607,0.934963881969452,2.6655642986297607,0.2406053872431155,1,0,real,5.456563085317612,0,1.962676096451015e-05,4.674509167671204,0,105.97218573093414,1,0.4999803732390355,0.0002323535029176143,0.9349442552084875
/workspace/benchmarks_ai_research/data/genimage/sd_1_4/data/genimage/sd_1_4/imagenet_ai_0419_sdv4/val/nature/ILSVRC2012_val_00033281.JPEG,-4.645205974578857,0.9904838763177396,4.645205974578857,0.0537660461072021,0,0,real,6.396614946424961,0,0.0073391695327732,4.763863980770111,0,107.97184705734252,0,0.4926608304672268,0.04338073749907294,0.9831447067849663
/workspace/benchmarks_ai_research/data/genimage/sd_1_4/data/genimage/sd_1_4/imagenet_ai_0419_sdv4/val/ai/968_sdv4_00127.png,13.072226524353027,0.999997854232788,13.072226524353027,3.015234530219307e-05,1,1,sdv4,5.465363152325153,1,0.9991641339377304,4.599273204803467,0,112.46953159570694,0,0.4991641339377304,0.006759334658895745,0.0008337202950575717
/workspace/benchmarks_ai_research/data/genimage/sd_1_4/data/genimage/sd_1_4/imagenet_ai_0419_sdv4/val/nature/ILSVRC2012_val_00028637.JPEG,-11.61434841156006,0.9999909645739536,11.61434841156006,0.0001139760513139,0,0,real,5.414923187345266,0,0.270383780032973,4.613123834133148,0,108.92631858587264,0,0.22961621996702702,0.5836401828872388,0.7296071845409806
/workspace/benchmarks_ai_research/data/genimage/sd_1_4/data/genimage/sd_1_4/imagenet_ai_0419_sdv4/val/nature/ILSVRC2012_val_00006779.JPEG,-9.547825813293455,0.9999286488528014,9.547825813293455,0.0007526020136115,0,0,real,5.470532923936844,0,0.0035818395603176,4.56690788269043,0,104.03727740049362,0,0.4964181604396824,0.023747903264456357,0.9963468092924839
/workspace/benchmarks_ai_research/data/genimage/sd_1_4/data/genimage/sd_1_4/imagenet_ai_0419_sdv4/val/ai/012_sdv4_00127.png,1.7993468046188354,0.8580693602561951,1.7993468046188354,0.4084527360578218,1,1,sdv4,39.12517288699746,0,0.2544326788048162,4.507884383201599,0,110.91670393943788,1,0.24556732119518382,0.5671527479826021,0.6036366814513789
/workspace/benchmarks_ai_research/data/genimage/sd_1_4/data/genimage/sd_1_4/imagenet_ai_0419_sdv4/val/nature/ILSVRC2012_val_00010601.JPEG,0.9170191287994384,0.7144343256950378,0.9170191287994384,0.5981333632115027,1,0,real,5.462232977151871,0,0.0024019513630108,4.513897001743317,0,100.4544273018837,1,0.4975980486369892,0.016886371088077817,0.712032374332027
/workspace/benchmarks_ai_research/data/genimage/sd_1_4/data/genimage/sd_1_4/imagenet_ai_0419_sdv4/val/ai/140_sdv4_00035.png,28.257667541503903,1.0,28.257667541503903,-1.000088900581841e-12,1,1,sdv4,45.80258904024959,1,0.9904915096304882,4.641801118850708,0,161.13275289535522,0,0.49049150963048815,0.05373058470529219,0.009508490369511846
/workspace/benchmarks_ai_research/data/genimage/sd_1_4/data/genimage/sd_1_4/imagenet_ai_0419_sdv4/val/ai/370_sdv4_00020.png,-12.680441856384276,0.9999968886222632,12.680441856384276,4.2565024937020646e-05,0,1,sdv4,6.373624783009291,1,0.9981704005499475,4.737280309200287,0,112.81803250312804,1,0.49817040054994755,0.013361094314318013,0.0018264880723156685
/workspace/benchmarks_ai_research/data/genimage/sd_1_4/data/genimage/sd_1_4/imagenet_ai_0419_sdv4/val/ai/604_sdv4_00074.png,-16.029146194458008,0.9999998906974668,16.029146194458008,1.8613268198474644e-06,0,1,sdv4,6.482894998043776,1,0.9999992874360264,4.553161561489105,0,114.4200637936592,1,0.4999992874360264,1.0798474478175141e-05,6.032614403572722e-07
/workspace/benchmarks_ai_research/data/genimage/sd_1_4/data/genimage/sd_1_4/imagenet_ai_0419_sdv4/val/nature/ILSVRC2012_val_00009911.JPEG,-7.900692939758301,0.999629650497809,7.900692939758301,0.0032964358084504,0,0,real,5.41969295591116,0,1.8562032652441785e-05,4.527591168880463,0,122.24823236465454,0,0.49998143796734756,0.0002207839243249755,0.9996110884651566
/workspace/benchmarks_ai_research/data/genimage/sd_1_4/data/genimage/sd_1_4/imagenet_ai_0419_sdv4/val/ai/270_sdv4_00143.png,8.826118469238281,0.9998531341552734,8.826118469238281,0.0014430916824646,1,1,sdv4,6.358885206282139,1,0.7942274811632212,4.64717298746109,0,113.0441278219223,0,0.29422748116322117,0.5083014425039319,0.20562565299205227
/workspace/benchmarks_ai_research/data/genimage/sd_1_4/data/genimage/sd_1_4/imagenet_ai_0419_sdv4/val/ai/023_sdv4_00039.png,-9.905767440795898,0.9999501163547392,9.905767440795898,0.0005440206782154,0,1,sdv4,6.417234893888235,1,0.9987448225138752,4.572227597236633,0,116.96285009384157,1,0.4987448225138752,0.00963957536923288,0.0012052938408639857
/workspace/benchmarks_ai_research/data/genimage/sd_1_4/data/genimage/sd_1_4/imagenet_ai_0419_sdv4/val/nature/ILSVRC2012_val_00035806.JPEG,3.2758142948150635,0.9635896682739258,3.2758142948150635,0.1563631674211067,1,0,real,5.484452936798334,0,0.3332054413804928,4.717729985713959,0,167.2646850347519,1,0.1667945586195072,0.63642548354214,0.630384226893433
/workspace/benchmarks_ai_research/data/genimage/sd_1_4/data/genimage/sd_1_4/imagenet_ai_0419_sdv4/val/ai/171_sdv4_00228.png,-5.21442985534668,0.9945918740704656,5.21442985534668,0.0336230960706989,0,1,sdv4,6.377485115081072,1,0.9985281752345015,4.637278616428375,0,111.65088415145874,1,0.49852817523450155,0.011068881750947267,0.003936301164035982
/workspace/benchmarks_ai_research/data/genimage/sd_1_4/data/genimage/sd_1_4/imagenet_ai_0419_sdv4/val/nature/ILSVRC2012_val_00018768.JPEG,-30.086122512817383,0.9999999999999142,30.086122512817383,1.4510179101601046e-12,0,0,real,44.84344692900777,0,0.0034185320584061,5.1275864243507385,0,101.48831456899644,0,0.4965814679415939,0.02282496706108974,0.996581467941508
/workspace/benchmarks_ai_research/data/genimage/sd_1_4/data/genimage/sd_1_4/imagenet_ai_0419_sdv4/val/ai/050_sdv4_00020.png,-7.75078821182251,0.9995697820268106,7.75078821182251,0.0037648389542229,0,1,sdv4,5.564332939684391,0,0.0923040166223245,4.649236798286438,0,112.16696351766586,0,0.4076959833776755,0.307836314076882,0.9072657654044861
/workspace/benchmarks_ai_research/data/genimage/sd_1_4/data/genimage/sd_1_4/imagenet_ai_0419_sdv4/val/nature/ILSVRC2012_val_00042369.JPEG,-2.591832160949707,0.9303340539336205,2.591832160949707,0.2527739948237905,0,0,real,5.533682648092508,0,9.614134237217726e-07,4.76384162902832,0,76.18185877799988,0,0.4999990385865763,1.4281660617422476e-05,0.9303330925201967
/workspace/benchmarks_ai_research/data/genimage/sd_1_4/data/genimage/sd_1_4/imagenet_ai_0419_sdv4/val/ai/180_sdv4_00127.png,-5.945461750030518,0.9973891410045326,5.945461750030518,0.0181370354476879,0,1,sdv4,5.4723829962313175,1,0.999979623590237,4.590734839439392,0,112.1487319469452,1,0.49997962359023695,0.00024046450617489878,0.002590482585704379
/workspace/benchmarks_ai_research/data/genimage/sd_1_4/data/genimage/sd_1_4/imagenet_ai_0419_sdv4/val/nature/ILSVRC2012_val_00037247.JPEG,-8.428961753845215,0.9997815995302516,8.428961753845215,0.0020593135238726,0,0,real,5.452243145555258,1,0.9997409372867092,4.507690668106079,0,102.03681886196136,1,0.4997409372867092,0.002398483126454716,4.0662243542377574e-05
/workspace/benchmarks_ai_research/data/genimage/sd_1_4/data/genimage/sd_1_4/imagenet_ai_0419_sdv4/val/ai/567_sdv4_00074.png,-0.6656755208969116,0.6605341732501984,0.6656755208969116,0.6406805279028935,0,1,sdv4,6.595175713300705,1,0.9997897153084028,4.737764596939087,0,113.01977187395096,1,0.49978971530840277,0.0019907532126425555,0.3392555420582044
/workspace/benchmarks_ai_research/data/genimage/sd_1_4/data/genimage/sd_1_4/imagenet_ai_0419_sdv4/val/ai/795_sdv4_00074.png,-11.116189002990724,0.9999851305810808,11.116189002990724,0.0001801607985877,0,1,sdv4,5.462472792714834,1,0.9898782517485054,4.671603441238403,0,111.18018627166748,1,0.4898782517485054,0.05656023653122545,0.010106878832575439
/workspace/benchmarks_ai_research/data/genimage/sd_1_4/data/genimage/sd_1_4/imagenet_ai_0419_sdv4/val/ai/573_sdv4_00127.png,-28.129682540893555,0.9999999999993928,28.129682540893555,1.610047760627877e-11,0,1,sdv4,5.649124272167683,1,0.9957387850500948,4.650242626667023,0,113.36809396743774,1,0.49573878505009483,0.02751069057782847,0.004261214949297987
/workspace/benchmarks_ai_research/data/genimage/sd_1_4/data/genimage/sd_1_4/imagenet_ai_0419_sdv4/val/nature/ILSVRC2012_val_00034452.JPEG,9.17347240447998,0.9998962879180908,9.17347240447998,0.0010551501340601,1,0,real,6.40549510717392,0,1.7692200277740965e-06,4.481084644794464,0,171.13056033849716,1,0.49999823077997224,2.520248578692033e-05,0.999894518698063
/workspace/benchmarks_ai_research/data/genimage/sd_1_4/data/genimage/sd_1_4/imagenet_ai_0419_sdv4/val/nature/ILSVRC2012_val_00019034.JPEG,12.607515335083008,0.9999966621398926,12.607515335083008,4.542887145144658e-05,1,0,real,34.23022199422121,0,4.776160745510439e-06,4.666909575462341,0,101.83458775281906,1,0.4999952238392545,6.329306473109333e-05,0.9999918859791471
/workspace/benchmarks_ai_research/data/genimage/sd_1_4/data/genimage/sd_1_4/imagenet_ai_0419_sdv4/val/ai/814_sdv4_00035.png,11.681134223937988,0.999991536140442,11.681134223937988,0.0001073192068743,1,1,sdv4,5.943444091826677,1,0.9999794964531916,4.616528749465942,0,112.55595833063126,0,0.4999794964531916,0.0002418373318667087,1.2039687250386955e-05
/workspace/benchmarks_ai_research/data/genimage/sd_1_4/data/genimage/sd_1_4/imagenet_ai_0419_sdv4/val/ai/706_sdv4_00143.png,6.585943698883057,0.9986222982406616,6.585943698883057,0.0104521402134781,1,1,sdv4,36.71342693269253,1,0.8588232078886829,4.564262926578522,0,112.10639029741289,0,0.35882320788868294,0.40709396641139317,0.13979909035197868
/workspace/benchmarks_ai_research/data/genimage/sd_1_4/data/genimage/sd_1_4/imagenet_ai_0419_sdv4/val/nature/ILSVRC2012_val_00027415.JPEG,-5.660003662109375,0.996529581490904,5.660003662109375,0.0231190357375957,0,0,real,5.55353332310915,0,2.085402235232406e-06,4.603311419487,0,100.53672641515732,0,0.49999791459776477,2.9363603772107e-05,0.9965274960886688
/workspace/benchmarks_ai_research/data/genimage/sd_1_4/data/genimage/sd_1_4/imagenet_ai_0419_sdv4/val/ai/174_sdv4_00035.png,-5.596724033355713,0.9963037157431244,5.596724033355713,0.0243902155246207,0,1,sdv4,5.588003899902105,1,0.9990948803388502,4.737168550491333,0,111.44358664751051,1,0.4990948803388502,0.007247284711112324,0.0027911645957258147
/workspace/benchmarks_ai_research/data/genimage/sd_1_4/data/genimage/sd_1_4/imagenet_ai_0419_sdv4/val/ai/930_sdv4_00003.png,-0.030701782554388,0.5076748430728912,0.030701782554388,0.6930293694990037,0,1,sdv4,5.732863210141659,1,0.9999907820154526,4.556581377983093,0,111.79471015930176,1,0.49999078201545255,0.00011609451736201352,0.4923159389425613
/workspace/benchmarks_ai_research/data/genimage/sd_1_4/data/genimage/sd_1_4/imagenet_ai_0419_sdv4/val/ai/350_sdv4_00074.png,-9.296555519104004,0.9999082687281772,9.296555519104004,0.0009445203349817,0,1,sdv4,5.611094180494547,0,0.3784681073290175,4.725687205791473,0,112.48211562633514,0,0.12153189267098252,0.6633092083699024,0.6214401613991597
/workspace/benchmarks_ai_research/data/genimage/sd_1_4/data/genimage/sd_1_4/imagenet_ai_0419_sdv4/val/nature/ILSVRC2012_val_00004172.JPEG,15.446539878845217,0.9999997615814208,15.446539878845217,3.874118200445909e-06,1,0,real,6.499155890196562,0,0.4717541577229155,4.611551761627197,0,102.16709226369858,1,0.028245842277084487,0.691550675555628,0.5282456038585053
/workspace/benchmarks_ai_research/data/genimage/sd_1_4/data/genimage/sd_1_4/imagenet_ai_0419_sdv4/val/ai/610_sdv4_00127.png,-5.737768650054932,0.9967883981298656,5.737768650054932,0.0216441987248623,0,1,sdv4,6.482955068349838,1,0.9974403693367028,4.662245512008667,0,129.03611361980438,1,0.49744036933670277,0.01783195214229407,0.0006519712068371319
/workspace/benchmarks_ai_research/data/genimage/sd_1_4/data/genimage/sd_1_4/imagenet_ai_0419_sdv4/val/ai/145_sdv4_00143.png,-1.1484557390213013,0.7592287212610245,1.1484557390213013,0.5519673358000429,0,1,sdv4,6.391965318471193,1,0.9999963505426628,4.511885344982147,0,140.2514949440956,1,0.4999963505426628,4.9344056112106586e-05,0.2407676292816383
/workspace/benchmarks_ai_research/data/genimage/sd_1_4/data/genimage/sd_1_4/imagenet_ai_0419_sdv4/val/ai/681_sdv4_00020.png,-3.5648772716522217,0.9724784158170224,3.5648772716522217,0.1260184691047109,0,1,sdv4,5.3983330726623535,1,0.9622125677837788,4.624113440513611,0,111.89848184585573,1,0.46221256778377884,0.160847586684642,0.010265848033243596
/workspace/benchmarks_ai_research/data/genimage/sd_1_4/data/genimage/sd_1_4/imagenet_ai_0419_sdv4/val/nature/ILSVRC2012_val_00015327.JPEG,4.058650016784668,0.9830209016799928,4.058650016784668,0.0860370675614971,1,0,real,6.354085169732571,0,0.2922593477894394,4.675731062889099,0,112.65508830547331,1,0.2077406522105606,0.6041622895558176,0.6907615538905534
/workspace/benchmarks_ai_research/data/genimage/sd_1_4/data/genimage/sd_1_4/imagenet_ai_0419_sdv4/val/ai/590_sdv4_00143.png,0.7073944807052612,0.6698251962661743,0.7073944807052612,0.6343023600080239,1,1,sdv4,6.499644834548235,1,0.5965774159430149,4.752874374389648,0,170.42101919651031,0,0.09657741594301494,0.6743750240559642,0.07324778032315937
/workspace/benchmarks_ai_research/data/genimage/sd_1_4/data/genimage/sd_1_4/imagenet_ai_0419_sdv4/val/ai/358_sdv4_00020.png,-9.513583183288574,0.999926163472992,9.513583183288574,0.0007762891912646,0,1,sdv4,6.520576309412718,0,0.1720834257916444,4.7508180141448975,0,115.89167267084122,0,0.3279165742083556,0.4591744178951429,0.8278427376813476
/workspace/benchmarks_ai_research/data/genimage/sd_1_4/data/genimage/sd_1_4/imagenet_ai_0419_sdv4/val/ai/478_sdv4_00127.png,-12.22667121887207,0.9999951019635772,12.22667121887207,6.478472760302213e-05,0,1,sdv4,6.364255212247372,1,0.9165365212843156,4.605807363986969,0,112.04230040311812,1,0.4165365212843156,0.2871479472379688,0.0834585806792616
/workspace/benchmarks_ai_research/data/genimage/sd_1_4/data/genimage/sd_1_4/imagenet_ai_0419_sdv4/val/ai/948_sdv4_00135.png,-9.3544282913208,0.9999134263343876,9.3544282913208,0.0008964245592675,0,1,sdv4,5.435233004391193,0,0.3622865981459656,4.652857780456543,0,113.76728117465971,0,0.1377134018540344,0.6547224851929201,0.6376268281884221
/workspace/benchmarks_ai_research/data/genimage/sd_1_4/data/genimage/sd_1_4/imagenet_ai_0419_sdv4/val/nature/ILSVRC2012_val_00049274.JPEG,-10.632433891296388,0.9999758797330288,10.632433891296388,0.0002805777024354,0,0,real,6.494815926998854,0,0.0071156067498855,4.652239382266998,1,111.57058924436568,0,0.4928843932501145,0.04228021308126782,0.9928602729831433
/workspace/benchmarks_ai_research/data/genimage/sd_1_4/data/genimage/sd_1_4/imagenet_ai_0419_sdv4/val/nature/ILSVRC2012_val_00000894.JPEG,-7.328338146209717,0.9993437670054846,7.328338146209717,0.005465545735416,0,0,real,6.505944766104221,0,0.002748135440762,4.520684480667114,0,100.99374502897264,0,0.497251864559238,0.018949650558680774,0.9965956315647225
/workspace/benchmarks_ai_research/data/genimage/sd_1_4/data/genimage/sd_1_4/imagenet_ai_0419_sdv4/val/ai/229_sdv4_00074.png,-17.426637649536133,0.9999999729786264,17.426637649536133,4.979110600351623e-07,0,1,sdv4,6.487426348030567,1,0.97177604842286,4.57724928855896,0,112.09966987371445,1,0.47177604842286003,0.12851318185049224,0.02822392455576639
/workspace/benchmarks_ai_research/data/genimage/sd_1_4/data/genimage/sd_1_4/imagenet_ai_0419_sdv4/val/ai/709_sdv4_00074.png,5.628000259399414,0.9964171648025512,5.628000259399414,0.0237535068605978,1,1,sdv4,5.581893026828766,1,0.999738172799199,5.112960934638977,0,112.21861094236374,0,0.49973817279919897,0.0024212980637834647,0.0033210079966478068
/workspace/benchmarks_ai_research/data/genimage/sd_1_4/data/genimage/sd_1_4/imagenet_ai_0419_sdv4/val/nature/ILSVRC2012_val_00008484.JPEG,-14.518282890319824,0.9999995047897414,14.518282890319824,7.684811012482484e-06,0,0,real,6.089955102652311,0,0.0442417762534783,5.005098879337311,0,128.21034342050552,0,0.4557582237465217,0.18119800128293506,0.9557577285362632
/workspace/benchmarks_ai_research/data/genimage/sd_1_4/data/genimage/sd_1_4/imagenet_ai_0419_sdv4/val/ai/962_sdv4_00127.png,-20.178667068481445,0.9999999982760835,20.178667068481445,3.6508253044274786e-08,0,1,sdv4,5.404433235526085,1,0.5530333398451973,4.6097710728645325,0,147.2829207777977,1,0.053033339845197314,0.6875115153983725,0.44696665843088623
/workspace/benchmarks_ai_research/data/genimage/sd_1_4/data/genimage/sd_1_4/imagenet_ai_0419_sdv4/val/nature/ILSVRC2012_val_00028202.JPEG,-3.223345994949341,0.9617034383118152,3.223345994949341,0.1624922212603961,0,0,real,6.379704922437668,0,0.0095247228328171,4.732884466648102,0,216.7908102273941,0,0.4904752771671829,0.053805987011518855,0.952178715478998
/workspace/benchmarks_ai_research/data/genimage/sd_1_4/data/genimage/sd_1_4/imagenet_ai_0419_sdv4/val/ai/292_sdv4_00143.png,-21.605363845825195,0.9999999995860864,21.605363845825195,9.35466868808267e-09,0,1,sdv4,5.466323345899582,1,0.9999997612918888,4.628889262676239,0,111.77884042263032,1,0.49999976129188883,3.878533168005832e-06,2.3829419759646697e-07
/workspace/benchmarks_ai_research/data/genimage/sd_1_4/data/genimage/sd_1_4/imagenet_ai_0419_sdv4/val/nature/ILSVRC2012_val_00021412.JPEG,-22.187257766723636,0.9999999997686888,22.187257766723636,5.361470934473273e-09,0,0,real,44.548286125063896,0,0.0001265216659726,4.5643150806427,0,97.78231382369997,0,0.4998734783340274,0.0012620578834564406,0.9998734781027162
/workspace/benchmarks_ai_research/data/genimage/sd_1_4/data/genimage/sd_1_4/imagenet_ai_0419_sdv4/val/nature/ILSVRC2012_val_00028403.JPEG,1.116713523864746,0.7533786296844482,1.116713523864746,0.558592808011523,1,0,real,6.399196106940508,0,0.007051341263757,4.621759057044983,0,101.8201857805252,1,0.492948658736243,0.04196255613779401,0.7463272884206913
/workspace/benchmarks_ai_research/data/genimage/sd_1_4/data/genimage/sd_1_4/imagenet_ai_0419_sdv4/val/ai/748_sdv4_00127.png,-11.237675666809082,0.9999868315780986,11.237675666809082,0.0001611509614948,0,1,sdv4,5.50096295773983,0,0.0573285836820988,4.550039768218994,0,111.08725517988204,0,0.4426714163179012,0.2195528604160853,0.9426582478959998
/workspace/benchmarks_ai_research/data/genimage/sd_1_4/data/genimage/sd_1_4/imagenet_ai_0419_sdv4/val/ai/842_sdv4_00039.png,-35.24407196044922,0.9999999999999996,35.24407196044922,-9.85996366772379e-13,0,1,sdv4,5.592412780970335,1,0.9063368815801244,4.629999399185181,1,134.2313289642334,1,0.4063368815801244,0.31093200356384776,0.09366311841987518
/workspace/benchmarks_ai_research/data/genimage/sd_1_4/data/genimage/sd_1_4/imagenet_ai_0419_sdv4/val/ai/983_sdv4_00074.png,-21.77730178833008,0.9999999996514716,21.77730178833008,7.936534912150042e-09,0,1,sdv4,5.405292846262455,1,0.9717122249853428,4.700958728790283,0,111.06975376605988,1,0.4717122249853428,0.12873897588196412,0.02828777466612875
/workspace/benchmarks_ai_research/data/genimage/sd_1_4/data/genimage/sd_1_4/imagenet_ai_0419_sdv4/val/nature/ILSVRC2012_val_00042311.JPEG,-22.312604904174805,0.9999999997959396,22.312604904174805,4.755183065105142e-09,0,0,real,5.569444037973881,0,0.3547347213200079,4.510045051574707,0,102.85251587629318,0,0.14526527867999212,0.6503284491681127,0.6452652784759316
/workspace/benchmarks_ai_research/data/genimage/sd_1_4/data/genimage/sd_1_4/imagenet_ai_0419_sdv4/val/nature/ILSVRC2012_val_00044779.JPEG,-9.230473518371582,0.9999020027826192,9.230473518371582,0.0010025627327617,0,0,real,5.4175229743123055,0,0.0003665194914515,4.552610218524933,0,101.10190510749815,0,0.4996334805085485,0.003266156189286079,0.9995354832911677
/workspace/benchmarks_ai_research/data/genimage/sd_1_4/data/genimage/sd_1_4/imagenet_ai_0419_sdv4/val/ai/302_sdv4_00074.png,-4.535708904266357,0.989394378848374,4.535708904266357,0.0587662713950034,0,1,sdv4,5.574613809585571,1,0.9804029394457502,4.616238176822662,0,111.8730753660202,1,0.4804029394457502,0.09646677599660092,0.008991439402623813
/workspace/benchmarks_ai_research/data/genimage/sd_1_4/data/genimage/sd_1_4/imagenet_ai_0419_sdv4/val/nature/ILSVRC2012_val_00025704.JPEG,-5.949956893920898,0.9974008204881102,5.949956893920898,0.0180675692940745,0,0,real,5.475793033838272,0,1.3326731982368816e-06,4.589356482028961,0,101.15354508161543,0,0.49999866732680176,1.9361504734893627e-05,0.997399487814912
/workspace/benchmarks_ai_research/data/genimage/sd_1_4/data/genimage/sd_1_4/imagenet_ai_0419_sdv4/val/nature/ILSVRC2012_val_00036905.JPEG,-5.7751288414001465,0.9969058060087264,5.7751288414001465,0.0209683598566717,0,0,real,5.41754299774766,0,0.000209992484519,4.569664597511292,1,183.12180042266849,0,0.499790007515481,0.0019882789395000706,0.9966958135242073
/workspace/benchmarks_ai_research/data/genimage/sd_1_4/data/genimage/sd_1_4/imagenet_ai_0419_sdv4/val/ai/292_sdv4_00039.png,-37.90126800537109,1.0,37.90126800537109,-9.99131519530833e-13,0,1,sdv4,5.45161310583353,1,0.9999791697143824,4.677057266235352,0,112.66134679317474,1,0.4999791697143824,0.0002453618523366815,2.0830285617612354e-05
/workspace/benchmarks_ai_research/data/genimage/sd_1_4/data/genimage/sd_1_4/imagenet_ai_0419_sdv4/val/ai/774_sdv4_00074.png,-11.373496055603027,0.9999885039551372,11.373496055603027,0.0001422463293268,0,1,sdv4,45.66903878003359,1,0.999708736525112,4.607602953910828,0,112.29510605335236,1,0.49970873652511205,0.0026624792209394427,0.00027976743002511295
/workspace/benchmarks_ai_research/data/genimage/sd_1_4/data/genimage/sd_1_4/imagenet_ai_0419_sdv4/val/ai/349_sdv4_00035.png,-2.7769508361816406,0.941417507827282,2.7769508361816406,0.2230492535537881,0,1,sdv4,5.424933973699808,1,0.9994195627920004,4.61539626121521,0,135.29910892248154,1,0.4994195627920004,0.004905529455490084,0.05800205496471844
/workspace/benchmarks_ai_research/data/genimage/sd_1_4/data/genimage/sd_1_4/imagenet_ai_0419_sdv4/val/ai/055_sdv4_00020.png,-10.688773155212402,0.9999772010469314,10.688773155212402,0.0002664920481911,0,1,sdv4,5.473562981933355,1,0.9999994735798614,4.671566188335419,0,112.67179995775224,1,0.4999994735798614,8.136961434941058e-06,2.227253292996778e-05
/workspace/benchmarks_ai_research/data/genimage/sd_1_4/data/genimage/sd_1_4/imagenet_ai_0419_sdv4/val/nature/ILSVRC2012_val_00021090.JPEG,-8.91763687133789,0.9998660134151578,8.91763687133789,0.0013288392703385,0,0,real,5.442332942038775,0,0.0028108825472582,4.791021347045898,0,101.8490344285965,0,0.4971891174527418,0.019318774144458893,0.9970551308678995
/workspace/benchmarks_ai_research/data/genimage/sd_1_4/data/genimage/sd_1_4/imagenet_ai_0419_sdv4/val/ai/121_sdv4_00003.png,9.83403491973877,0.999946355819702,9.83403491973877,0.0005811333441278,1,1,sdv4,5.420573055744171,1,0.9998377430100596,4.580900073051453,0,123.54587763547896,0,0.49983774301005957,0.0015781517201301136,0.00010861280964247211
/workspace/benchmarks_ai_research/data/genimage/sd_1_4/data/genimage/sd_1_4/imagenet_ai_0419_sdv4/val/nature/ILSVRC2012_val_00038640.JPEG,-30.99262237548828,0.9999999999999654,30.99262237548828,-8.3971653800133e-15,0,0,real,43.24573278427124,0,0.0294887261841032,4.588596522808075,0,112.65741288661955,0,0.4705112738158968,0.13296041357259078,0.9705112738158621
/workspace/benchmarks_ai_research/data/genimage/sd_1_4/data/genimage/sd_1_4/imagenet_ai_0419_sdv4/val/nature/ILSVRC2012_val_00045154.JPEG,-10.526257514953612,0.9999731778989372,10.526257514953612,0.0003091588018322,0,0,real,5.700472742319107,1,0.6515605281506579,4.708290100097656,0,99.65726733207704,1,0.1515605281506579,0.6464752550432349,0.34841264974827935
/workspace/benchmarks_ai_research/data/genimage/sd_1_4/data/genimage/sd_1_4/imagenet_ai_0419_sdv4/val/nature/ILSVRC2012_val_00033882.JPEG,-34.97956466674805,0.9999999999999992,34.97956466674805,-9.816418190160378e-13,0,0,real,6.359666120260954,0,3.851980328184834e-05,4.546202719211578,0,101.53575986623764,0,0.49996148019671816,0.00043004736263781585,0.9999614801967174
/workspace/benchmarks_ai_research/data/genimage/sd_1_4/data/genimage/sd_1_4/imagenet_ai_0419_sdv4/val/ai/391_sdv4_00020.png,6.438284873962402,0.9984033703804016,6.438284873962402,0.011877426121285,1,1,sdv4,6.420684978365898,1,0.9999625754925966,4.630468785762787,0,173.1513738632202,0,0.4999625754925966,0.00041889872473465517,0.0015592051121949835
/workspace/benchmarks_ai_research/data/genimage/sd_1_4/data/genimage/sd_1_4/imagenet_ai_0419_sdv4/val/nature/ILSVRC2012_val_00000644.JPEG,9.0443696975708,0.9998819828033448,9.0443696975708,0.0011854380333501,1,0,real,6.326464936137199,0,0.0001213187062493,4.611574113368988,0,171.028271317482,1,0.4998786812937507,0.0012152529818616321,0.9997606640970955
/workspace/benchmarks_ai_research/data/genimage/sd_1_4/data/genimage/sd_1_4/imagenet_ai_0419_sdv4/val/nature/ILSVRC2012_val_00013382.JPEG,12.37053108215332,0.9999957084655762,12.37053108215332,5.733002301388445e-05,1,0,real,5.572283174842596,0,0.3658667238546237,4.729941487312317,0,98.00782799720764,1,0.1341332761453763,0.6567191795698324,0.6341289846109525
/workspace/benchmarks_ai_research/data/genimage/sd_1_4/data/genimage/sd_1_4/imagenet_ai_0419_sdv4/val/nature/ILSVRC2012_val_00036446.JPEG,-21.19914054870605,0.9999999993786588,21.19914054870605,1.3791243946098537e-08,0,0,real,6.388755049556494,0,6.741454415743634e-06,4.586271941661835,0,101.12910717725754,0,0.49999325854558424,8.701351076977302e-05,0.9999932579242431
/workspace/benchmarks_ai_research/data/genimage/sd_1_4/data/genimage/sd_1_4/imagenet_ai_0419_sdv4/val/nature/ILSVRC2012_val_00037342.JPEG,-8.57648754119873,0.9998115496564424,8.57648754119873,0.0018047101253197,0,0,real,48.0918949469924,0,0.0091238652538166,4.672728478908539,0,100.82024335861206,0,0.4908761347461834,0.051935649285543464,0.9906876844026258
/workspace/benchmarks_ai_research/data/genimage/sd_1_4/data/genimage/sd_1_4/imagenet_ai_0419_sdv4/val/ai/035_sdv4_00127.png,3.1308555603027344,0.9581477046012878,3.1308555603027344,0.1737868136999308,1,1,sdv4,5.616503302007914,1,0.9993451445827992,4.775524139404297,0,112.88030445575714,0,0.4993451445827992,0.005455448935063885,0.041197439981511375
/workspace/benchmarks_ai_research/data/genimage/sd_1_4/data/genimage/sd_1_4/imagenet_ai_0419_sdv4/val/nature/ILSVRC2012_val_00029868.JPEG,-17.849275588989258,0.999999982292465,17.849275588989258,3.337722068722834e-07,0,0,real,47.40792326629162,0,0.1376151422965855,4.761464893817902,0,97.76916354894638,0,0.3623848577034145,0.40061054414267844,0.8623848399958796
/workspace/benchmarks_ai_research/data/genimage/sd_1_4/data/genimage/sd_1_4/imagenet_ai_0419_sdv4/val/nature/ILSVRC2012_val_00014194.JPEG,-16.544456481933594,0.99999993471193,16.544456481933594,1.145441703820464e-06,0,0,real,48.81475633010268,0,0.1632076520619798,4.572413861751556,0,103.48906368017197,0,0.3367923479380202,0.44495082538921177,0.8367922826499503
/workspace/benchmarks_ai_research/data/genimage/sd_1_4/data/genimage/sd_1_4/imagenet_ai_0419_sdv4/val/ai/626_sdv4_00039.png,-2.948819160461426,0.9502076506614684,2.948819160461426,0.19790337416362,0,1,sdv4,5.444132722914219,1,0.999691817549061,4.643484950065613,0,112.63539642095566,1,0.499691817549061,0.0027997341603657596,0.04948416688759261
/workspace/benchmarks_ai_research/data/genimage/sd_1_4/data/genimage/sd_1_4/imagenet_ai_0419_sdv4/val/nature/ILSVRC2012_val_00005681.JPEG,-10.27317714691162,0.9999654537568858,10.27317714691162,0.00038944651511,0,0,real,5.453853402286768,0,0.0221209759517495,4.673942923545837,0,101.54546797275545,0,0.4778790240482505,0.10618258750287467,0.9778444778051363
/workspace/benchmarks_ai_research/data/genimage/sd_1_4/data/genimage/sd_1_4/imagenet_ai_0419_sdv4/val/nature/ILSVRC2012_val_00047599.JPEG,-13.643330574035645,0.9999988121097658,13.643330574035645,1.739466806040999e-05,0,0,real,5.447063129395247,1,0.5421958745114805,4.558064043521881,0,90.6783863902092,1,0.04219587451148055,0.6895819579505855,0.4578029375982853
/workspace/benchmarks_ai_research/data/genimage/sd_1_4/data/genimage/sd_1_4/imagenet_ai_0419_sdv4/val/nature/ILSVRC2012_val_00043525.JPEG,-28.494464874267575,0.9999999999995784,28.494464874267575,1.0925397090600518e-11,0,0,real,5.432311911135912,0,5.565154597044192e-06,4.970192909240723,0,188.07340413331983,0,0.49999443484540296,7.289786351917032e-05,0.9999944348449814
/workspace/benchmarks_ai_research/data/genimage/sd_1_4/data/genimage/sd_1_4/imagenet_ai_0419_sdv4/val/ai/129_sdv4_00020.png,9.3283052444458,0.9999110698699952,9.3283052444458,0.0009184361502643,1,1,sdv4,5.521832965314388,1,0.9994269613425328,4.683844745159149,0,136.08957827091217,0,0.49942696134253284,0.004850354376199468,0.0004841085274623902
/workspace/benchmarks_ai_research/data/genimage/sd_1_4/data/genimage/sd_1_4/imagenet_ai_0419_sdv4/val/nature/ILSVRC2012_val_00037427.JPEG,-2.7046399116516118,0.9372998848557472,2.7046399116516118,0.2343332391744815,0,0,real,5.542242899537087,0,0.0035507207855749,4.552021622657776,0,101.31997615098952,0,0.4964492792144251,0.023572621702296598,0.9337491640701723
/workspace/benchmarks_ai_research/data/genimage/sd_1_4/data/genimage/sd_1_4/imagenet_ai_0419_sdv4/val/nature/ILSVRC2012_val_00035017.JPEG,-16.668338775634766,0.9999999423190432,16.668338775634766,1.0191246845442164e-06,0,0,real,47.212231904268265,0,0.2478909983368409,4.604026675224304,0,107.38401859998704,0,0.2521090016631591,0.5600062860926777,0.7521089439822023
/workspace/benchmarks_ai_research/data/genimage/sd_1_4/data/genimage/sd_1_4/imagenet_ai_0419_sdv4/val/ai/018_sdv4_00035.png,5.931733131408691,0.997353196144104,5.931733131408691,0.0183504972850333,1,1,sdv4,26.598563883453608,1,0.99996508095326,4.595935344696045,0,120.72650343179704,0,0.49996508095326,0.00039327438840495234,0.002611884809155973
/workspace/benchmarks_ai_research/data/genimage/sd_1_4/data/genimage/sd_1_4/imagenet_ai_0419_sdv4/val/ai/787_sdv4_00009.png,-25.221588134765625,0.9999999999888723,25.221588134765625,2.8982709229502634e-10,0,1,sdv4,6.442285142838955,1,0.9996643305626164,4.797287285327911,0,128.2375082373619,1,0.4996643305626164,0.0030207617179463108,0.00033566942625595786
/workspace/benchmarks_ai_research/data/genimage/sd_1_4/data/genimage/sd_1_4/imagenet_ai_0419_sdv4/val/nature/ILSVRC2012_val_00026897.JPEG,-18.713451385498047,0.9999999925380676,18.713451385498047,1.470984420379105e-07,0,0,real,5.763214081525803,0,1.2048293297067916e-05,4.620440304279327,0,102.87004709243774,0,0.4999879517067029,0.00014851426749095537,0.9999879442447706
/workspace/benchmarks_ai_research/data/genimage/sd_1_4/data/genimage/sd_1_4/imagenet_ai_0419_sdv4/val/ai/628_sdv4_00074.png,-15.949281692504885,0.9999998816100372,15.949281692504885,2.0066228444266724e-06,0,1,sdv4,5.408463068306446,1,0.98675695198418,4.676289856433868,0,163.08584809303284,1,0.48675695198418,0.0704216505207382,0.013242929625857158
/workspace/benchmarks_ai_research/data/genimage/sd_1_4/data/genimage/sd_1_4/imagenet_ai_0419_sdv4/val/nature/ILSVRC2012_val_00013917.JPEG,-1.8701759576797483,0.8664786368608475,1.8701759576797483,0.3930262689069463,0,0,real,5.462702829390764,0,0.2393639167649426,4.613727331161499,0,129.78097051382065,0,0.2606360832350574,0.5503456181958356,0.6271147200959049
/workspace/benchmarks_ai_research/data/genimage/sd_1_4/data/genimage/sd_1_4/imagenet_ai_0419_sdv4/val/ai/516_sdv4_00100.png,2.071955919265747,0.8881474137306213,2.071955919265747,0.350371172197608,1,1,sdv4,5.413542967289686,1,0.9996170815630876,4.647016525268555,0,111.62058264017104,0,0.4996170815630876,0.00339552811393567,0.11146966783246626
/workspace/benchmarks_ai_research/data/genimage/sd_1_4/data/genimage/sd_1_4/imagenet_ai_0419_sdv4/val/nature/ILSVRC2012_val_00030662.JPEG,-1.9406644105911253,0.8744251132011414,1.9406644105911253,0.3778873304579931,0,0,real,37.3660777695477,0,3.007922544627525e-05,4.699647426605225,0,102.32268273830414,0,0.4999699207745537,0.0003432539149944817,0.8743950339756951
/workspace/benchmarks_ai_research/data/genimage/sd_1_4/data/genimage/sd_1_4/imagenet_ai_0419_sdv4/val/ai/377_sdv4_00127.png,1.318379521369934,0.7889119386672974,1.318379521369934,0.5153947071937374,1,1,sdv4,6.356636062264442,1,0.9588769907486429,5.052752792835236,0,112.18061298131944,0,0.45887699074864285,0.17149685560036038,0.1699650520813455
/workspace/benchmarks_ai_research/data/genimage/sd_1_4/data/genimage/sd_1_4/imagenet_ai_0419_sdv4/val/ai/577_sdv4_00127.png,-6.574784755706787,0.9986068374710158,6.574784755706787,0.0105538776740336,0,1,sdv4,34.45851244032383,1,0.9980645387818784,4.657663404941559,0,112.58479952812196,1,0.4980645387818784,0.014025206044968385,0.0005422986891373549
/workspace/benchmarks_ai_research/data/genimage/sd_1_4/data/genimage/sd_1_4/imagenet_ai_0419_sdv4/val/ai/661_sdv4_00020.png,-23.617185592651367,0.9999999999446412,23.617185592651367,1.3607866074605628e-09,0,1,sdv4,5.469633266329765,1,0.9999999905547766,4.782646894454956,0,135.7326582074165,1,0.4999999905547766,1.8396976288999119e-07,9.389864552566962e-09
/workspace/benchmarks_ai_research/data/genimage/sd_1_4/data/genimage/sd_1_4/imagenet_ai_0419_sdv4/val/nature/ILSVRC2012_val_00040604.JPEG,-17.056428909301758,0.99999996087206,17.056428909301758,7.065088716258276e-07,0,0,real,51.1590619571507,0,0.0010508138680197,4.53852117061615,0,99.47790950536728,0,0.4989491861319803,0.008256943047189689,0.9989491470040402
/workspace/benchmarks_ai_research/data/genimage/sd_1_4/data/genimage/sd_1_4/imagenet_ai_0419_sdv4/val/ai/743_sdv4_00039.png,-14.385967254638672,0.9999994347330698,14.385967254638672,8.697176611644376e-06,0,1,sdv4,42.62244235724211,1,0.626881593774695,4.58545982837677,0,112.08116263151167,1,0.126881593774695,0.660594513922325,0.37311784095837486
/workspace/benchmarks_ai_research/data/genimage/sd_1_4/data/genimage/sd_1_4/imagenet_ai_0419_sdv4/val/ai/253_sdv4_00127.png,-9.828303337097168,0.9999460987673956,9.828303337097168,0.0005836603461076,0,1,sdv4,5.559272598475218,1,0.999989258834154,4.730023443698883,0,111.84167116880415,1,0.499989258834154,0.00013363537025420978,4.316006675841866e-05
/workspace/benchmarks_ai_research/data/genimage/sd_1_4/data/genimage/sd_1_4/imagenet_ai_0419_sdv4/val/nature/ILSVRC2012_val_00011289.JPEG,21.45123863220215,1.0,21.45123863220215,-1.000088900581841e-12,1,0,real,5.413682200014591,0,3.094045685478285e-06,5.656905472278595,0,100.92955827713013,1,0.4999969059543145,4.234519850433596e-05,0.9999969059543146
/workspace/benchmarks_ai_research/data/genimage/sd_1_4/data/genimage/sd_1_4/imagenet_ai_0419_sdv4/val/ai/522_sdv4_00143.png,-24.92823028564453,0.9999999999850788,24.92823028564453,3.8491539194814966e-10,0,1,sdv4,5.589623935520649,1,0.999999810204324,4.713013768196106,0,112.1079996228218,1,0.49999981020432405,3.1273216390750416e-06,1.897807547779351e-07
/workspace/benchmarks_ai_research/data/genimage/sd_1_4/data/genimage/sd_1_4/imagenet_ai_0419_sdv4/val/nature/ILSVRC2012_val_00026197.JPEG,-3.040614366531372,0.9543755874037744,3.040614366531372,0.1854242313660593,0,0,real,59.84607292339206,0,0.0003446174276744,4.468172788619995,0,100.0550016760826,0,0.4996553825723256,0.0030922188633909927,0.9540309699760999
/workspace/benchmarks_ai_research/data/genimage/sd_1_4/data/genimage/sd_1_4/imagenet_ai_0419_sdv4/val/nature/ILSVRC2012_val_00022638.JPEG,12.824078559875488,0.9999972581863404,12.824078559875488,3.785591640972207e-05,1,0,real,47.04902181401849,0,0.0003336293789457,4.626162350177765,0,101.43309086561204,1,0.4996663706210543,0.00300443697864227,0.9996636288073948
/workspace/benchmarks_ai_research/data/genimage/sd_1_4/data/genimage/sd_1_4/imagenet_ai_0419_sdv4/val/nature/ILSVRC2012_val_00041814.JPEG,-11.366717338562012,0.9999884257640588,11.366717338562012,0.0001431353699332,0,0,real,5.422573070973158,0,0.000268913937695,4.600629210472107,0,129.45806980133057,0,0.499731086062305,0.002479651301690242,0.9997195118263638
/workspace/benchmarks_ai_research/data/genimage/sd_1_4/data/genimage/sd_1_4/imagenet_ai_0419_sdv4/val/nature/ILSVRC2012_val_00001252.JPEG,-49.87800979614258,1.0,49.87800979614258,-1.000088894561065e-12,0,0,real,6.614555139094591,0,0.0027550959422591,4.55106794834137,0,101.22883319854736,0,0.4972449040577409,0.018990667484551273,0.9972449040577409
/workspace/benchmarks_ai_research/data/genimage/sd_1_4/data/genimage/sd_1_4/imagenet_ai_0419_sdv4/val/ai/476_sdv4_00039.png,-27.87969207763672,0.9999999999992202,27.87969207763672,2.0877818996600224e-11,0,1,sdv4,6.350075826048851,1,0.9270433709220028,4.748977720737457,0,111.94342374801636,1,0.42704337092200284,0.26122054365238234,0.07295662907721734
/workspace/benchmarks_ai_research/data/genimage/sd_1_4/data/genimage/sd_1_4/imagenet_ai_0419_sdv4/val/nature/ILSVRC2012_val_00018951.JPEG,-15.624669075012209,0.9999998362081186,15.624669075012209,2.722983837449735e-06,0,0,real,6.379975937306881,1,0.661216078260728,4.596792161464691,0,104.16138917207718,1,0.16121607826072804,0.6402255631787107,0.3387837579473906
/workspace/benchmarks_ai_research/data/genimage/sd_1_4/data/genimage/sd_1_4/imagenet_ai_0419_sdv4/val/nature/ILSVRC2012_val_00005690.JPEG,-1.3715018033981323,0.7976226806640625,1.3715018033981323,0.5036804786765049,0,0,real,5.431412719190121,0,4.984751139384639e-06,4.584558308124542,0,101.51756554841997,0,0.49999501524886064,6.584419682692762e-05,0.7976176959129231
/workspace/benchmarks_ai_research/data/genimage/sd_1_4/data/genimage/sd_1_4/imagenet_ai_0419_sdv4/val/ai/692_sdv4_00127.png,-15.89090061187744,0.9999998744925448,15.89090061187744,2.119931950388496e-06,0,1,sdv4,5.413583014160395,0,0.0986844413986157,4.591874778270721,0,156.77126497030258,0,0.4013155586013843,0.32218274299786387,0.9013154330939291
/workspace/benchmarks_ai_research/data/genimage/sd_1_4/data/genimage/sd_1_4/imagenet_ai_0419_sdv4/val/ai/378_sdv4_00009.png,-15.236527442932127,0.9999997585317146,15.236527442932127,3.920604473937884e-06,0,1,sdv4,5.545963067561388,1,0.999714119322544,4.55503910779953,0,111.79452389478683,1,0.49971411932254395,0.0026186078524786894,0.00028563920917068497
/workspace/benchmarks_ai_research/data/genimage/sd_1_4/data/genimage/sd_1_4/imagenet_ai_0419_sdv4/val/ai/823_sdv4_00020.png,24.378507614135746,1.0,24.378507614135746,-1.000088900581841e-12,1,1,sdv4,5.515302997082472,1,0.9999561257845392,4.711508750915527,0,173.39548468589783,0,0.4999561257845392,0.0004841151911265438,4.387421546081516e-05
/workspace/benchmarks_ai_research/data/genimage/sd_1_4/data/genimage/sd_1_4/imagenet_ai_0419_sdv4/val/ai/887_sdv4_00074.png,-21.185283660888672,0.9999999993699888,21.185283660888672,1.3974975819343291e-08,0,1,sdv4,5.783173721283674,1,0.9999991216170234,4.739567637443543,0,113.47409337759018,1,0.4999991216170234,1.3127592071877631e-05,8.777529654224736e-07
/workspace/benchmarks_ai_research/data/genimage/sd_1_4/data/genimage/sd_1_4/imagenet_ai_0419_sdv4/val/ai/346_sdv4_00039.png,-13.891234397888184,0.999999072928631,13.891234397888184,1.3805235452259294e-05,0,1,sdv4,5.681534297764301,1,0.9964990650723304,4.558108747005463,0,111.29981279373168,1,0.49649906507233044,0.02329162453183699,0.0035000078563005577
/workspace/benchmarks_ai_research/data/genimage/sd_1_4/data/genimage/sd_1_4/imagenet_ai_0419_sdv4/val/nature/ILSVRC2012_val_00048799.JPEG,-11.35218334197998,0.9999882563170104,11.35218334197998,0.0001450601922863,0,0,real,5.598403979092836,0,0.1611021372991982,4.521012306213379,0,101.7156019806862,0,0.3388978627008018,0.44149296378492364,0.8388861190178122
/workspace/benchmarks_ai_research/data/genimage/sd_1_4/data/genimage/sd_1_4/imagenet_ai_0419_sdv4/val/nature/ILSVRC2012_val_00020820.JPEG,-3.507398128509521,0.9708975348621608,3.507398128509521,0.1316082712252172,0,0,real,6.3363248482346535,0,0.00829469239237,4.569731652736664,0,96.8552827835083,0,0.49170530760763,0.048009518470069984,0.9626028424697908
/workspace/benchmarks_ai_research/data/genimage/sd_1_4/data/genimage/sd_1_4/imagenet_ai_0419_sdv4/val/nature/ILSVRC2012_val_00017668.JPEG,-25.0755558013916,0.9999999999871227,25.0755558013916,3.338194184364053e-10,0,0,real,6.438334938138723,0,0.0009876475583039,4.740610718727112,0,98.73703867197035,0,0.4990123524416961,0.00782186314066123,0.9990123524288188
/workspace/benchmarks_ai_research/data/genimage/sd_1_4/data/genimage/sd_1_4/imagenet_ai_0419_sdv4/val/ai/668_sdv4_00020.png,-13.96582317352295,0.999999139561794,13.96582317352295,1.2877164414615829e-05,0,1,sdv4,5.48036303371191,1,0.9003291898978922,4.61888313293457,0,159.0513065457344,1,0.40032918989789223,0.32435906663372555,0.09966994966390175
/workspace/benchmarks_ai_research/data/genimage/sd_1_4/data/genimage/sd_1_4/imagenet_ai_0419_sdv4/val/nature/ILSVRC2012_val_00024005.JPEG,15.249704360961914,0.9999997615814208,15.249704360961914,3.874118200445909e-06,1,0,real,5.88993402197957,0,0.0005273749891431,5.784481763839722,0,1356.6899672150612,1,0.4994726250108569,0.004507650687245255,0.9994723865922777
/workspace/benchmarks_ai_research/data/genimage/sd_1_4/data/genimage/sd_1_4/imagenet_ai_0419_sdv4/val/ai/135_sdv4_00035.png,2.020012140274048,0.882882297039032,2.020012140274048,0.361142604933635,1,1,sdv4,5.432212725281715,1,0.7195286004401973,4.744395613670349,0,164.35257345438004,0,0.21952860044019729,0.5933979852861615,0.1633536965988347
/workspace/benchmarks_ai_research/data/genimage/sd_1_4/data/genimage/sd_1_4/imagenet_ai_0419_sdv4/val/nature/ILSVRC2012_val_00037264.JPEG,9.717360496520996,0.9999397993087769,9.717360496520996,0.0006452187630728,1,0,real,5.533074028789997,0,7.910782339203294e-05,4.935003817081451,0,97.17611223459244,1,0.49992089217660796,0.000826254255602114,0.9998606914853848
/workspace/benchmarks_ai_research/data/genimage/sd_1_4/data/genimage/sd_1_4/imagenet_ai_0419_sdv4/val/nature/ILSVRC2012_val_00015659.JPEG,-18.35151481628418,0.9999999892838592,18.35151481628418,2.0737155789056e-07,0,0,real,6.507525220513344,1,0.798598546342435,4.765577614307404,0,101.04677081108092,1,0.298598546342435,0.5023391238244639,0.20140144294142426
/workspace/benchmarks_ai_research/data/genimage/sd_1_4/data/genimage/sd_1_4/imagenet_ai_0419_sdv4/val/nature/ILSVRC2012_val_00033027.JPEG,6.997907161712647,0.99908709526062,6.997907161712647,0.0073017977414613,1,0,real,42.79874172061682,0,7.2766854146877e-08,4.632249474525452,0,104.40807044506072,1,0.49999992723314585,1.2687612508542269e-06,0.9990870224937659
/workspace/benchmarks_ai_research/data/genimage/sd_1_4/data/genimage/sd_1_4/imagenet_ai_0419_sdv4/val/nature/ILSVRC2012_val_00002286.JPEG,-3.229451894760132,0.9619276858866216,3.229451894760132,0.1617687097605331,0,0,real,6.359016057103872,1,0.9266132713257998,4.59715723991394,0,100.3461927175522,1,0.42661327132579985,0.26231254989741987,0.03531441456082174
/workspace/benchmarks_ai_research/data/genimage/sd_1_4/data/genimage/sd_1_4/imagenet_ai_0419_sdv4/val/ai/068_sdv4_00035.png,19.30195999145508,1.0,19.30195999145508,-1.000088900581841e-12,1,1,sdv4,43.8854550011456,1,0.7219033203068087,4.6423450112342834,0,154.9171358346939,0,0.2219033203068087,0.5911467072994653,0.2780966796931913
/workspace/benchmarks_ai_research/data/genimage/sd_1_4/data/genimage/sd_1_4/imagenet_ai_0419_sdv4/val/nature/ILSVRC2012_val_00046980.JPEG,-5.268245220184326,0.9948737691156566,5.268245220184326,0.0321456563057219,0,0,real,5.440093111246824,0,0.0411351041597775,5.233727395534515,0,97.69751876592636,0,0.4588648958402225,0.1715349429707007,0.9537386649558791
/workspace/benchmarks_ai_research/data/genimage/sd_1_4/data/genimage/sd_1_4/imagenet_ai_0419_sdv4/val/nature/ILSVRC2012_val_00009128.JPEG,-5.936479568481445,0.997365646297112,5.936479568481445,0.018276616657688,0,0,real,5.452132783830166,0,0.1063680178063347,4.592791199684143,0,102.70799696445464,0,0.3936319821936653,0.33885377023118846,0.8909976284907772
/workspace/benchmarks_ai_research/data/genimage/sd_1_4/data/genimage/sd_1_4/imagenet_ai_0419_sdv4/val/nature/ILSVRC2012_val_00032990.JPEG,-14.234637260437012,0.9999993423795672,14.234637260437012,1.0018606967203443e-05,0,0,real,6.264375057071447,0,0.0075998289749281,5.561329424381256,0,2641.0026475787163,0,0.4924001710250719,0.04465522676455625,0.9923995134046392
/workspace/benchmarks_ai_research/data/genimage/sd_1_4/data/genimage/sd_1_4/imagenet_ai_0419_sdv4/val/ai/551_sdv4_00020.png,10.941906929016112,0.9999823570251464,10.941906929016112,0.0002107482270889,1,1,sdv4,6.4686662517488,1,0.999925166821796,4.7143325209617615,0,112.2773215174675,0,0.499925166821796,0.0007857642184296094,5.7190203350376834e-05
/workspace/benchmarks_ai_research/data/genimage/sd_1_4/data/genimage/sd_1_4/imagenet_ai_0419_sdv4/val/nature/ILSVRC2012_val_00038630.JPEG,-21.22650718688965,0.999999999395432,21.22650718688965,1.3435433551947712e-08,0,0,real,47.1968031488359,0,0.0017138515122813,4.606634378433228,0,157.76392817497253,0,0.4982861484877187,0.012627923037515332,0.9982861478831507
/workspace/benchmarks_ai_research/data/genimage/sd_1_4/data/genimage/sd_1_4/imagenet_ai_0419_sdv4/val/nature/ILSVRC2012_val_00041092.JPEG,23.19415855407715,1.0,23.19415855407715,-1.000088900581841e-12,1,0,real,6.3591450452804565,0,1.0912827160581713e-06,4.668675363063812,0,102.35130041837692,1,0.4999989087172839,1.6072580305147995e-05,0.9999989087172839
/workspace/benchmarks_ai_research/data/genimage/sd_1_4/data/genimage/sd_1_4/imagenet_ai_0419_sdv4/val/ai/142_sdv4_00143.png,14.338983535766602,0.9999994039535522,14.338983535766602,9.13914655865233e-06,1,1,sdv4,5.577204283326864,1,0.9632958312811756,4.613198339939117,0,110.67822575569151,0,0.4632958312811756,0.15732449517055716,0.03670357267237667
/workspace/benchmarks_ai_research/data/genimage/sd_1_4/data/genimage/sd_1_4/imagenet_ai_0419_sdv4/val/ai/081_sdv4_00039.png,8.424365043640137,0.9997805953025818,8.424365043640137,0.0020677758147349,1,1,sdv4,6.362535059452057,1,0.9999992487525456,4.7641322016716,0,111.4770844578743,0,0.49999924875254564,1.134498424287292e-05,0.00021865344996385705
/workspace/benchmarks_ai_research/data/genimage/sd_1_4/data/genimage/sd_1_4/imagenet_ai_0419_sdv4/val/ai/164_sdv4_00143.png,-10.342076301574709,0.9999677537416574,10.342076301574709,0.0003657400402741,0,1,sdv4,50.03185896202922,1,0.9999000178651358,4.657462239265442,0,112.44574189186096,1,0.4999000178651358,0.0010208644912397477,6.773587652153523e-05
/workspace/benchmarks_ai_research/data/genimage/sd_1_4/data/genimage/sd_1_4/imagenet_ai_0419_sdv4/val/ai/551_sdv4_00039.png,19.77419090270996,1.0,19.77419090270996,-1.000088900581841e-12,1,1,sdv4,5.408613011240959,1,0.9998236585098472,4.569113254547119,0,123.99005144834518,0,0.4998236585098472,0.0017004609843621192,0.000176341490152776
/workspace/benchmarks_ai_research/data/genimage/sd_1_4/data/genimage/sd_1_4/imagenet_ai_0419_sdv4/val/nature/ILSVRC2012_val_00043092.JPEG,-27.138845443725582,0.999999999998364,27.138845443725582,4.4251225097281486e-11,0,0,real,5.46168303117156,0,9.430975125142893e-05,4.5561641454696655,0,104.3391153216362,0,0.4999056902487486,0.0009684554042604091,0.9999056902471125
/workspace/benchmarks_ai_research/data/genimage/sd_1_4/data/genimage/sd_1_4/imagenet_ai_0419_sdv4/val/nature/ILSVRC2012_val_00036029.JPEG,-2.8709874153137207,0.9463934637606144,2.8709874153137207,0.2090005629078393,0,0,real,5.434092134237289,0,9.806656559966709e-07,4.571609199047089,0,101.34238004684448,0,0.499999019334344,1.4548206118647526e-05,0.9463924830949584
/workspace/benchmarks_ai_research/data/genimage/sd_1_4/data/genimage/sd_1_4/imagenet_ai_0419_sdv4/val/ai/768_sdv4_00035.png,-9.81530475616455,0.9999453935924976,9.81530475616455,0.0005905864258243,0,1,sdv4,5.455553065985441,1,0.9996616450373084,4.585474729537964,0,112.57524788379668,1,0.49966164503730837,0.0030422326458674257,0.0002837485551892005
/workspace/benchmarks_ai_research/data/genimage/sd_1_4/data/genimage/sd_1_4/imagenet_ai_0419_sdv4/val/ai/183_sdv4_00074.png,-9.07018756866455,0.999884968274273,9.07018756866455,0.0011583976673208,0,1,sdv4,59.627081733196974,1,0.9999995973992056,4.734359681606293,0,111.99501156806946,1,0.49999959739920563,6.33102438385876e-06,0.00011462912493265254
/workspace/benchmarks_ai_research/data/genimage/sd_1_4/data/genimage/sd_1_4/imagenet_ai_0419_sdv4/val/ai/050_sdv4_00143.png,-11.693501472473145,0.999991652177414,11.693501472473145,0.0001059631311391,0,1,sdv4,5.552162881940603,1,0.9990647669435834,4.519924521446228,0,112.20616847276688,1,0.49906476694358337,0.007457779429057148,0.0009268852338306655
/workspace/benchmarks_ai_research/data/genimage/sd_1_4/data/genimage/sd_1_4/imagenet_ai_0419_sdv4/val/ai/291_sdv4_00143.png,4.751007556915283,0.9914310574531556,4.751007556915283,0.0493169565652739,1,1,sdv4,6.375054828822613,1,0.993209752668732,6.368860602378845,0,112.64260858297348,0,0.493209752668732,0.04066587511001374,0.0017786952155763869
/workspace/benchmarks_ai_research/data/genimage/sd_1_4/data/genimage/sd_1_4/imagenet_ai_0419_sdv4/val/ai/525_sdv4_00035.png,8.614130973815918,0.9998185038566588,8.614130973815918,0.0017449375694174,1,1,sdv4,6.409655325114727,0,0.0313892994034096,4.772990942001343,0,111.73319071531296,1,0.4686107005965904,0.13953883079713497,0.9684292044532492
/workspace/benchmarks_ai_research/data/genimage/sd_1_4/data/genimage/sd_1_4/imagenet_ai_0419_sdv4/val/nature/ILSVRC2012_val_00026235.JPEG,-16.543432235717773,0.9999999346450252,16.543432235717773,1.146548571512846e-06,0,0,real,6.472434848546982,0,0.0003911821954111,4.513606429100037,0,100.76357424259186,0,0.4996088178045889,0.0034604530575317286,0.9996087524496141
/workspace/benchmarks_ai_research/data/genimage/sd_1_4/data/genimage/sd_1_4/imagenet_ai_0419_sdv4/val/nature/ILSVRC2012_val_00014023.JPEG,-27.90486717224121,0.9999999999992396,27.90486717224121,2.0342314160903808e-11,0,0,real,5.449311807751656,0,0.0029412542240673,4.652358591556549,0,100.29147565364838,0,0.4970587457759327,0.020081257651975378,0.9970587457751723
/workspace/benchmarks_ai_research/data/genimage/sd_1_4/data/genimage/sd_1_4/imagenet_ai_0419_sdv4/val/ai/433_sdv4_00074.png,25.77781867980957,1.0,25.77781867980957,-1.000088900581841e-12,1,1,sdv4,6.336685735732317,1,0.9632574260924728,4.710987210273743,0,111.4501953125,0,0.4632574260924728,0.15744996213000567,0.03674257390752722
/workspace/benchmarks_ai_research/data/genimage/sd_1_4/data/genimage/sd_1_4/imagenet_ai_0419_sdv4/val/ai/946_sdv4_00035.png,-13.35885238647461,0.9999984212133768,13.35885238647461,2.2669563319849405e-05,0,1,sdv4,21.332889795303345,0,0.3622374647996119,4.593409597873688,0,111.5296557545662,0,0.13776253520038811,0.6546946973523926,0.637760956413765
/workspace/benchmarks_ai_research/data/genimage/sd_1_4/data/genimage/sd_1_4/imagenet_ai_0419_sdv4/val/nature/ILSVRC2012_val_00003902.JPEG,-7.187017917633057,0.999244230450131,7.187017917633057,0.0061877846453062,0,0,real,6.538844667375088,0,0.0001084826295559,4.558488726615906,0,181.5381795167923,0,0.4998915173704441,0.001098806043304969,0.9991357478205751
/workspace/benchmarks_ai_research/data/genimage/sd_1_4/data/genimage/sd_1_4/imagenet_ai_0419_sdv4/val/nature/ILSVRC2012_val_00019290.JPEG,-16.732257843017578,0.9999999458905968,16.732257843017578,9.59479888146019e-07,0,0,real,5.415542982518673,0,0.0540692207559301,4.593394696712494,0,103.6859005689621,0,0.4459307792440699,0.21032682018244866,0.9459307251346667
/workspace/benchmarks_ai_research/data/genimage/sd_1_4/data/genimage/sd_1_4/imagenet_ai_0419_sdv4/val/nature/ILSVRC2012_val_00037632.JPEG,18.044633865356445,1.0,18.044633865356445,-1.000088900581841e-12,1,0,real,5.447183735668659,0,7.961115388963126e-05,4.580214619636536,0,101.09587013721466,1,0.49992038884611034,0.0008310064227375364,0.9999203888461103
/workspace/benchmarks_ai_research/data/genimage/sd_1_4/data/genimage/sd_1_4/imagenet_ai_0419_sdv4/val/ai/337_sdv4_00074.png,6.782565116882324,0.9988679885864258,6.782565116882324,0.008810663304866,1,1,sdv4,5.469813011586666,1,0.9999322210318096,4.5134201645851135,0,111.31911724805832,0,0.49993222103180956,0.0007184045134500706,0.0010642324453837837
/workspace/benchmarks_ai_research/data/genimage/sd_1_4/data/genimage/sd_1_4/imagenet_ai_0419_sdv4/val/nature/ILSVRC2012_val_00047713.JPEG,5.598263263702393,0.9963093400001526,5.598263263702393,0.0243587338128686,1,0,real,5.472552962601185,0,0.2812492479784482,5.159631371498108,0,228.66502404212952,1,0.2187507520215518,0.5941293171224501,0.7150600920217044
/workspace/benchmarks_ai_research/data/genimage/sd_1_4/data/genimage/sd_1_4/imagenet_ai_0419_sdv4/val/nature/ILSVRC2012_val_00005994.JPEG,20.86882972717285,1.0,20.86882972717285,-1.000088900581841e-12,1,0,real,5.43554313480854,0,0.0887632716325568,4.598751664161682,0,109.41868275403976,1,0.4112367283674432,0.2996671087473778,0.9112367283674432
/workspace/benchmarks_ai_research/data/genimage/sd_1_4/data/genimage/sd_1_4/imagenet_ai_0419_sdv4/val/nature/ILSVRC2012_val_00026152.JPEG,-6.149985313415527,0.9978710289578884,6.149985313415527,0.0152243810364115,0,0,real,48.70125604793429,0,0.0001254913689107,4.581190645694733,0,101.23054683208466,0,0.4998745086310893,0.0012528067908129286,0.9977455375889777
/workspace/benchmarks_ai_research/data/genimage/sd_1_4/data/genimage/sd_1_4/imagenet_ai_0419_sdv4/val/ai/421_sdv4_00074.png,28.76856803894043,1.0,28.76856803894043,-1.000088900581841e-12,1,1,sdv4,49.13743725046516,0,0.4222912793189718,4.837594926357269,0,112.95775324106216,1,0.07770872068102819,0.6810207937696637,0.5777087206810282
/workspace/benchmarks_ai_research/data/genimage/sd_1_4/data/genimage/sd_1_4/imagenet_ai_0419_sdv4/val/ai/921_sdv4_00127.png,-11.640685081481934,0.9999911994291324,11.640685081481934,0.0001112452823495,0,1,sdv4,6.36822497472167,1,0.8264261440351616,4.665084183216095,0,112.99069225788116,1,0.32642614403516157,0.4615080056622906,0.17356505539397082
/workspace/benchmarks_ai_research/data/genimage/sd_1_4/data/genimage/sd_1_4/imagenet_ai_0419_sdv4/val/nature/ILSVRC2012_val_00019185.JPEG,-6.722678661346436,0.9987981356680392,6.722678661346436,0.0092823349297359,0,0,real,6.464825011789799,0,3.1721239908842395e-05,4.655025899410248,0,104.09910976886748,0,0.49996827876009114,0.00036030596199914235,0.9987664144281304
/workspace/benchmarks_ai_research/data/genimage/sd_1_4/data/genimage/sd_1_4/imagenet_ai_0419_sdv4/val/nature/ILSVRC2012_val_00039579.JPEG,-17.521240234375,0.999999975417726,17.521240234375,4.552922016158037e-07,0,0,real,6.052864249795675,0,0.101717691294773,4.682786762714386,0,101.09470784664154,0,0.398282308705227,0.32884081815994004,0.898282284122953
/workspace/benchmarks_ai_research/data/genimage/sd_1_4/data/genimage/sd_1_4/imagenet_ai_0419_sdv4/val/ai/448_sdv4_00074.png,-5.3135833740234375,0.9950998798012732,5.3135833740234375,0.0309493623910304,0,1,sdv4,5.487584043294191,1,0.9996339469056958,4.836313426494598,0,111.86280101537704,1,0.49963394690569585,0.0032624661814389237,0.004534067104422612
/workspace/benchmarks_ai_research/data/genimage/sd_1_4/data/genimage/sd_1_4/imagenet_ai_0419_sdv4/val/nature/ILSVRC2012_val_00001965.JPEG,-11.81676959991455,0.9999926202954156,11.81676959991455,9.458399837934152e-05,0,0,real,6.397675257176161,1,0.5714266307152326,4.644080996513367,0,173.63227158784866,1,0.07142663071523259,0.6829086629992174,0.428565989580183
/workspace/benchmarks_ai_research/data/genimage/sd_1_4/data/genimage/sd_1_4/imagenet_ai_0419_sdv4/val/nature/ILSVRC2012_val_00037558.JPEG,14.677252769470217,0.9999995231628418,14.677252769470217,7.417720012228406e-06,1,0,real,5.429592914879322,0,0.0002486433256145,4.565030336380005,0,116.8217808008194,1,0.4997513566743855,0.0023122254812050075,0.9997508798372273
/workspace/benchmarks_ai_research/data/genimage/sd_1_4/data/genimage/sd_1_4/imagenet_ai_0419_sdv4/val/ai/419_sdv4_00009.png,-5.541837215423584,0.9960959816817194,5.541837215423584,0.0255470930657421,0,1,sdv4,5.467383190989494,0,0.0908071817516531,4.887320101261139,0,113.21576684713364,0,0.4091928182483469,0.30440137998720784,0.9052887999300663
/workspace/benchmarks_ai_research/data/genimage/sd_1_4/data/genimage/sd_1_4/imagenet_ai_0419_sdv4/val/nature/ILSVRC2012_val_00023219.JPEG,-15.1004056930542,0.9999997233204851,15.1004056930542,4.45465047910097e-06,0,0,real,5.46002434566617,0,0.0003012661453316,4.7332048416137695,0,124.1353675723076,0,0.4996987338546684,0.0027437409963108348,0.9996984571751536
/workspace/benchmarks_ai_research/data/genimage/sd_1_4/data/genimage/sd_1_4/imagenet_ai_0419_sdv4/val/nature/ILSVRC2012_val_00023197.JPEG,3.7141194343566895,0.976203203201294,3.7141194343566895,0.1124686679606913,1,0,real,5.454513244330883,0,1.334918439806007e-06,4.546128213405609,0,108.90254378318788,1,0.4999986650815602,1.9391877196339774e-05,0.9762018682828542
/workspace/benchmarks_ai_research/data/genimage/sd_1_4/data/genimage/sd_1_4/imagenet_ai_0419_sdv4/val/ai/964_sdv4_00039.png,-2.052060842514038,0.8861556872725487,2.052060842514038,0.3544780779585613,0,1,sdv4,19.82170669361949,1,0.9999964634435868,5.186498165130615,0,114.01254683732986,1,0.49999646344358684,4.79286670519202e-05,0.11384077617103816
/workspace/benchmarks_ai_research/data/genimage/sd_1_4/data/genimage/sd_1_4/imagenet_ai_0419_sdv4/val/nature/ILSVRC2012_val_00041020.JPEG,-17.01913070678711,0.9999999593850966,17.01913070678711,7.318432550214917e-07,0,0,real,5.456813145428896,0,0.0036388009886207,4.516616463661194,0,102.22428292036057,0,0.4963611990113793,0.024068046559637547,0.9963611583964759
/workspace/benchmarks_ai_research/data/genimage/sd_1_4/data/genimage/sd_1_4/imagenet_ai_0419_sdv4/val/nature/ILSVRC2012_val_00025349.JPEG,-11.2601900100708,0.9999871247400732,11.2601900100708,0.0001578532145025,0,0,real,6.394704803824425,0,0.0054050812998476,4.775889217853546,0,112.12120950222015,0,0.4945949187001524,0.03360721920092854,0.9945820434402256
/workspace/benchmarks_ai_research/data/genimage/sd_1_4/data/genimage/sd_1_4/imagenet_ai_0419_sdv4/val/nature/ILSVRC2012_val_00000417.JPEG,-11.72907543182373,0.9999919439196674,11.72907543182373,0.0001025464842289,0,0,real,6.413234863430262,0,0.0010818883654521,4.751197993755341,0,252.42020189762115,0,0.4989181116345479,0.008469569708406306,0.9989100555542153
/workspace/benchmarks_ai_research/data/genimage/sd_1_4/data/genimage/sd_1_4/imagenet_ai_0419_sdv4/val/ai/978_sdv4_00127.png,-9.296723365783691,0.9999082841313792,9.296723365783691,0.0009443771369639,0,1,sdv4,6.395585369318724,1,0.9972079244671296,4.570029675960541,0,156.48067742586136,1,0.4972079244671296,0.019208286616592636,0.002700359664249641
/workspace/benchmarks_ai_research/data/genimage/sd_1_4/data/genimage/sd_1_4/imagenet_ai_0419_sdv4/val/nature/ILSVRC2012_val_00001025.JPEG,-30.75264549255371,0.999999999999956,30.75264549255371,2.6032335689765113e-13,0,0,real,6.3870451413095,0,0.000702747626276,4.605092108249664,0,102.05239057540894,0,0.499297252373724,0.0058048087230066,0.9992972523736801
/workspace/benchmarks_ai_research/data/genimage/sd_1_4/data/genimage/sd_1_4/imagenet_ai_0419_sdv4/val/nature/ILSVRC2012_val_00040486.JPEG,-9.985156059265137,0.9999539232558164,9.985156059265137,0.0005061612880169,0,0,real,47.64539375901222,0,0.0006097490830753,4.47642058134079,0,88.14473450183868,0,0.4993902509169247,0.005123208188081771,0.9993441741727411
/workspace/benchmarks_ai_research/data/genimage/sd_1_4/data/genimage/sd_1_4/imagenet_ai_0419_sdv4/val/ai/245_sdv4_00020.png,-12.123351097106934,0.9999945688332446,12.123351097106934,7.127512120123406e-05,0,1,sdv4,5.6633539497852325,1,0.9999997019214588,4.674643278121948,0,112.88730800151824,1,0.4999997019214588,4.776977479036555e-06,5.133088214259729e-06
/workspace/benchmarks_ai_research/data/genimage/sd_1_4/data/genimage/sd_1_4/imagenet_ai_0419_sdv4/val/nature/ILSVRC2012_val_00004047.JPEG,-24.85539436340332,0.9999999999839512,24.85539436340332,4.1297496679605355e-10,0,0,real,5.414752755314112,0,0.0074062967017907,4.699833691120148,0,111.65758222341536,0,0.4925937032982093,0.04370983315789566,0.9925937032821605
/workspace/benchmarks_ai_research/data/genimage/sd_1_4/data/genimage/sd_1_4/imagenet_ai_0419_sdv4/val/nature/ILSVRC2012_val_00000252.JPEG,4.130539417266846,0.9841800928115844,4.130539417266846,0.0812911338909609,1,0,real,5.409783218055964,0,0.0167125900468862,4.723303020000458,0,113.38477581739426,1,0.4832874099531138,0.08495326573216294,0.9674675027646982
/workspace/benchmarks_ai_research/data/genimage/sd_1_4/data/genimage/sd_1_4/imagenet_ai_0419_sdv4/val/ai/791_sdv4_00127.png,-23.041969299316406,0.9999999999015988,23.041969299316406,2.363760932132922e-09,0,1,sdv4,6.499045994132757,1,0.9950286893186115,4.645533859729767,0,112.32379078865053,1,0.49502868931861155,0.03132712175736275,0.004971310582987276
/workspace/benchmarks_ai_research/data/genimage/sd_1_4/data/genimage/sd_1_4/imagenet_ai_0419_sdv4/val/ai/811_sdv4_00035.png,-13.450570106506348,0.9999985595738964,13.450570106506348,2.0814977484223752e-05,0,1,sdv4,6.502464879304171,1,0.5254852558996246,4.61946427822113,0,110.96004396677016,1,0.02548525589962458,0.6918476209720801,0.4745133036742718
/workspace/benchmarks_ai_research/data/genimage/sd_1_4/data/genimage/sd_1_4/imagenet_ai_0419_sdv4/val/ai/782_sdv4_00003.png,-10.419089317321776,0.999970143833707,10.419089317321776,0.0003409306729649,0,1,sdv4,5.811213981360197,1,0.9693912771727988,4.737026989459992,0,111.37092113494872,1,0.4693912771727988,0.1368518233848084,0.030578866660908144
/workspace/benchmarks_ai_research/data/genimage/sd_1_4/data/genimage/sd_1_4/imagenet_ai_0419_sdv4/val/ai/962_sdv4_00035.png,-7.000093936920166,0.9990890342160128,7.000093936920166,0.0072882269356772,0,1,sdv4,38.74284215271473,1,0.5610763336707809,4.683606326580048,0,112.29462921619417,1,0.06107633367078091,0.6856678781553499,0.4380127005452319
/workspace/benchmarks_ai_research/data/genimage/sd_1_4/data/genimage/sd_1_4/imagenet_ai_0419_sdv4/val/nature/ILSVRC2012_val_00016794.JPEG,-31.50113868713379,0.9999999999999792,31.50113868713379,-4.0337694015240027e-13,0,0,real,6.373295094817877,0,5.24064599134889e-05,4.582144320011139,0,112.54585534334184,0,0.4999475935400865,0.0005689483450200061,0.9999475935400658
/workspace/benchmarks_ai_research/data/genimage/sd_1_4/data/genimage/sd_1_4/imagenet_ai_0419_sdv4/val/nature/ILSVRC2012_val_00004822.JPEG,-18.520456314086918,0.9999999909495952,18.520456314086918,1.766660331893516e-07,0,0,real,5.452692974358797,0,1.2261699655459458e-06,4.514329135417938,0,105.5082157254219,0,0.49999877383003444,1.7916320826935757e-05,0.9999987647796297
/workspace/benchmarks_ai_research/data/genimage/sd_1_4/data/genimage/sd_1_4/imagenet_ai_0419_sdv4/val/nature/ILSVRC2012_val_00039161.JPEG,-21.150056838989254,0.9999999993474,21.150056838989254,1.4453124913691966e-08,0,0,real,5.455822683870792,0,0.0002162332550983,4.562780261039734,0,102.62685269117355,0,0.4997837667449017,0.0020410353636459077,0.9997837660923017
/workspace/benchmarks_ai_research/data/genimage/sd_1_4/data/genimage/sd_1_4/imagenet_ai_0419_sdv4/val/nature/ILSVRC2012_val_00040074.JPEG,-20.51422882080078,0.9999999987675094,20.51422882080078,2.6514084292015706e-08,0,0,real,5.444803275167942,0,8.316327705714866e-05,4.479333758354187,0,102.94373333454132,0,0.49991683672294285,0.0008644542458256393,0.9999168354904523
/workspace/benchmarks_ai_research/data/genimage/sd_1_4/data/genimage/sd_1_4/imagenet_ai_0419_sdv4/val/ai/827_sdv4_00020.png,-16.35822296142578,0.999999921347232,16.35822296142578,1.36527028217626e-06,0,1,sdv4,6.356295198202133,1,0.9999584558788398,4.637591540813446,0,155.93436360359192,1,0.4999584558788398,0.0004606716969486245,4.1465468392232196e-05
/workspace/benchmarks_ai_research/data/genimage/sd_1_4/data/genimage/sd_1_4/imagenet_ai_0419_sdv4/val/ai/009_sdv4_00127.png,11.224430084228516,0.9999866485595704,11.224430084228516,0.0001632063983769,1,1,sdv4,6.362156011164188,1,0.9991615230475476,4.860684275627136,0,111.28365248441696,0,0.4991615230475476,0.006777831887628793,0.0008251255120228507
/workspace/benchmarks_ai_research/data/genimage/sd_1_4/data/genimage/sd_1_4/imagenet_ai_0419_sdv4/val/ai/308_sdv4_00074.png,-7.898460388183594,0.9996288230468052,7.898460388183594,0.003302972320768,0,1,sdv4,6.396785844117403,1,0.9999687939951556,4.64620441198349,0,113.36258053779602,1,0.4999687939951556,0.0003549646961759788,0.00033997094835036545
/workspace/benchmarks_ai_research/data/genimage/sd_1_4/data/genimage/sd_1_4/imagenet_ai_0419_sdv4/val/nature/ILSVRC2012_val_00002605.JPEG,2.4027113914489746,0.9170337915420532,2.4027113914489746,0.285954772669806,1,0,real,5.417224019765854,0,0.0095625081569808,4.498608410358429,0,108.28310251235962,1,0.4904374918430192,0.05398139759850011,0.9074712833850724
/workspace/benchmarks_ai_research/data/genimage/sd_1_4/data/genimage/sd_1_4/imagenet_ai_0419_sdv4/val/ai/732_sdv4_00003.png,-19.14483642578125,0.9999999951526636,19.14483642578125,9.764679752821589e-08,0,1,sdv4,6.382284685969353,1,0.992519849657846,5.012437701225281,0,113.92879486083984,1,0.492519849657846,0.044071197860269404,0.007480145494817569
/workspace/benchmarks_ai_research/data/genimage/sd_1_4/data/genimage/sd_1_4/imagenet_ai_0419_sdv4/val/ai/882_sdv4_00020.png,3.9842050075531006,0.9817326664924622,3.9842050075531006,0.0912170360873755,1,1,sdv4,47.4482630379498,1,0.9971394852498092,4.801690578460693,0,115.63437432050704,0,0.4971394852498092,0.019609749881310295,0.015406818757347063
/workspace/benchmarks_ai_research/data/genimage/sd_1_4/data/genimage/sd_1_4/imagenet_ai_0419_sdv4/val/ai/070_sdv4_00143.png,-10.67005729675293,0.9999767703375256,10.67005729675293,0.000271091760207,0,1,sdv4,5.429132841527462,1,0.9983442725643727,4.646085202693939,0,126.64498388767242,1,0.49834427256437275,0.012256831145941867,0.0016324977731528856
/workspace/benchmarks_ai_research/data/genimage/sd_1_4/data/genimage/sd_1_4/imagenet_ai_0419_sdv4/val/nature/ILSVRC2012_val_00011174.JPEG,-12.2787446975708,0.9999953504934638,12.2787446975708,6.173961962257032e-05,0,0,real,6.405895110219717,0,0.0137035342822253,5.020037293434143,0,97.62810170650482,0,0.4862964657177747,0.07239876201596775,0.9862918162112385
/workspace/benchmarks_ai_research/data/genimage/sd_1_4/data/genimage/sd_1_4/imagenet_ai_0419_sdv4/val/ai/151_sdv4_00127.png,6.267841815948486,0.9981073141098022,6.267841815948486,0.0137575767964686,1,1,sdv4,5.472982302308083,1,0.9622365578694072,4.523828625679016,0,113.18157613277435,0,0.4622365578694072,0.16076991665228493,0.03587075624039504
/workspace/benchmarks_ai_research/data/genimage/sd_1_4/data/genimage/sd_1_4/imagenet_ai_0419_sdv4/val/nature/ILSVRC2012_val_00046983.JPEG,-21.53633117675781,0.9999999995565034,21.53633117675781,9.992785588268162e-09,0,0,real,5.445672664791346,0,0.0001263103356935,4.537835717201233,1,124.51475858688354,0,0.4998736896643065,0.001260161023829662,0.9998736892208099
/workspace/benchmarks_ai_research/data/genimage/sd_1_4/data/genimage/sd_1_4/imagenet_ai_0419_sdv4/val/nature/ILSVRC2012_val_00026753.JPEG,-3.340665578842163,0.9657978340983392,3.340665578842163,0.1490587457892705,0,0,real,5.550052970647812,0,0.0002343674211939,4.532203078269959,0,107.50197619199751,0,0.4997656325788061,0.0021933282838591745,0.9655634666771453
/workspace/benchmarks_ai_research/data/genimage/sd_1_4/data/genimage/sd_1_4/imagenet_ai_0419_sdv4/val/ai/815_sdv4_00035.png,-30.56431007385254,0.9999999999999468,30.56431007385254,5.210121380936412e-13,0,1,sdv4,5.557523109018803,1,0.943405074691362,4.632078111171722,0,116.21902137994766,1,0.44340507469136203,0.21749367676642173,0.05659492530858479
/workspace/benchmarks_ai_research/data/genimage/sd_1_4/data/genimage/sd_1_4/imagenet_ai_0419_sdv4/val/ai/836_sdv4_00127.png,1.380980134010315,0.7991483807563782,1.380980134010315,0.5015807544756276,1,1,sdv4,22.98647537827492,1,0.9998137388841302,4.543967545032501,0,111.53748631477356,0,0.49981373888413017,0.0017859214732624021,0.200665358127752
